time_step,method,vehicle_id,position,battery,busy,remaining_duration,idle_time
0,Greedy,V1,"(83, 19)",97.0,False,0.0,0.0
0,Greedy,V2,"(92, 85)",79.0,False,0.0,0.0
0,Greedy,V3,"(54, 28)",95.0,False,0.0,0.0
0,Greedy,V4,"(49, 96)",57.0,False,0.0,0.0
0,Greedy,V5,"(74, 53)",90.0,False,0.0,0.0
0,Greedy,V6,"(46, 52)",76.0,False,0.0,0.0
0,Greedy,V7,"(44, 27)",96.0,False,0.0,0.0
0,Greedy,V8,"(61, 15)",58.0,False,0.0,0.0
0,Greedy,V9,"(59, 21)",71.0,False,0.0,0.0
0,Greedy,V10,"(90, 16)",69.0,False,0.0,0.0
0,Auction,V1,"(83, 19)",97.0,False,0.0,0.0
0,Auction,V2,"(92, 85)",79.0,False,0.0,0.0
0,Auction,V3,"(54, 28)",95.0,False,0.0,0.0
0,Auction,V4,"(49, 96)",57.0,False,0.0,0.0
0,Auction,V5,"(74, 53)",90.0,False,0.0,0.0
0,Auction,V6,"(46, 52)",76.0,False,0.0,0.0
0,Auction,V7,"(44, 27)",96.0,False,0.0,0.0
0,Auction,V8,"(61, 15)",58.0,False,0.0,0.0
0,Auction,V9,"(59, 21)",71.0,False,0.0,0.0
0,Auction,V10,"(90, 16)",69.0,False,0.0,0.0
0,Q-Learning,V1,"(83, 19)",97.0,False,0.0,0.0
0,Q-Learning,V2,"(92, 85)",79.0,False,0.0,0.0
0,Q-Learning,V3,"(54, 28)",95.0,False,0.0,0.0
0,Q-Learning,V4,"(49, 96)",57.0,False,0.0,0.0
0,Q-Learning,V5,"(74, 53)",90.0,False,0.0,0.0
0,Q-Learning,V6,"(46, 52)",76.0,False,0.0,0.0
0,Q-Learning,V7,"(44, 27)",96.0,False,0.0,0.0
0,Q-Learning,V8,"(61, 15)",58.0,False,0.0,0.0
0,Q-Learning,V9,"(59, 21)",71.0,False,0.0,0.0
0,Q-Learning,V10,"(90, 16)",69.0,False,0.0,0.0
1,Greedy,V1,"(83, 19)",65.99537393711334,True,31.004626062886658,1.0
1,Greedy,V2,"(92, 85)",39.2241547355088,True,39.7758452644912,1.0
1,Greedy,V3,"(54, 28)",61.887387661484055,True,33.112612338515945,1.0
1,Greedy,V4,"(49, 96)",35.91723746970178,True,21.08276253029822,1.0
1,Greedy,V5,"(74, 53)",68.83380962103094,True,21.16619037896906,1.0
1,Greedy,V6,"(46, 52)",48.83703089298415,True,27.162969107015847,1.0
1,Greedy,V7,"(44, 27)",70.9268185142357,True,25.073181485764295,1.0
1,Greedy,V8,"(61, 15)",42.95575134985948,True,15.044248650140519,1.0
1,Greedy,V9,"(59, 21)",45.439027610716934,True,25.560972389283066,1.0
1,Greedy,V10,"(90, 16)",36.71975610662865,True,32.28024389337135,1.0
1,Auction,V1,"(89, 36)",65.99537393711334,True,31.004626062886658,1.0
1,Auction,V2,"(16, 95)",39.2241547355088,True,39.7758452644912,1.0
1,Auction,V3,"(25, 5)",61.887387661484055,True,33.112612338515945,1.0
1,Auction,V4,"(54, 66)",35.91723746970178,True,21.08276253029822,1.0
1,Auction,V5,"(71, 58)",68.83380962103094,True,21.16619037896906,1.0
1,Auction,V6,"(40, 45)",52.84755694283839,True,23.152443057161612,1.0
1,Auction,V7,"(18, 23)",70.61568452067803,True,25.38431547932197,1.0
1,Auction,V8,"(77, 6)",26.960271138812686,True,31.039728861187314,1.0
1,Auction,V9,"(5, 47)",42.34074486054591,True,28.65925513945409,1.0
1,Auction,V10,"(16, 9)",44.13393125268149,True,24.866068747318504,1.0
1,Q-Learning,V1,"(77, 6)",65.61369648945394,True,31.38630351054606,1.0
1,Q-Learning,V2,"(89, 36)",42.81804152757761,True,36.18195847242239,1.0
1,Q-Learning,V3,"(16, 95)",59.44155892815479,True,35.55844107184521,1.0
1,Q-Learning,V4,"(54, 66)",35.91723746970178,True,21.08276253029822,1.0
1,Q-Learning,V5,"(25, 5)",47.281399488285984,True,42.718600511714016,1.0
1,Q-Learning,V6,"(5, 47)",48.83703089298415,True,27.162969107015847,1.0
1,Q-Learning,V7,"(18, 23)",70.61568452067803,True,25.38431547932197,1.0
1,Q-Learning,V8,"(40, 45)",31.931148128088765,True,26.068851871911235,1.0
1,Q-Learning,V9,"(16, 9)",56.03966349210006,True,14.960336507899935,1.0
1,Q-Learning,V10,"(71, 58)",39.78045554270712,True,29.219544457292887,1.0
2,Greedy,V1,"(83, 19)",65.99537393711334,True,30.004626062886658,1.0
2,Greedy,V2,"(92, 85)",39.2241547355088,True,38.7758452644912,1.0
2,Greedy,V3,"(54, 28)",61.887387661484055,True,32.112612338515945,1.0
2,Greedy,V4,"(49, 96)",35.91723746970178,True,20.08276253029822,1.0
2,Greedy,V5,"(74, 53)",68.83380962103094,True,20.16619037896906,1.0
2,Greedy,V6,"(46, 52)",48.83703089298415,True,26.162969107015847,1.0
2,Greedy,V7,"(44, 27)",70.9268185142357,True,24.073181485764295,1.0
2,Greedy,V8,"(61, 15)",42.95575134985948,True,14.044248650140519,1.0
2,Greedy,V9,"(59, 21)",45.439027610716934,True,24.560972389283066,1.0
2,Greedy,V10,"(90, 16)",36.71975610662865,True,31.28024389337135,1.0
2,Auction,V1,"(89, 36)",65.99537393711334,True,30.004626062886658,1.0
2,Auction,V2,"(16, 95)",39.2241547355088,True,38.7758452644912,1.0
2,Auction,V3,"(25, 5)",61.887387661484055,True,32.112612338515945,1.0
2,Auction,V4,"(54, 66)",35.91723746970178,True,20.08276253029822,1.0
2,Auction,V5,"(71, 58)",68.83380962103094,True,20.16619037896906,1.0
2,Auction,V6,"(40, 45)",52.84755694283839,True,22.152443057161612,1.0
2,Auction,V7,"(18, 23)",70.61568452067803,True,24.38431547932197,1.0
2,Auction,V8,"(77, 6)",26.960271138812686,True,30.039728861187314,1.0
2,Auction,V9,"(5, 47)",42.34074486054591,True,27.65925513945409,1.0
2,Auction,V10,"(16, 9)",44.13393125268149,True,23.866068747318504,1.0
2,Q-Learning,V1,"(77, 6)",65.61369648945394,True,30.38630351054606,1.0
2,Q-Learning,V2,"(89, 36)",42.81804152757761,True,35.18195847242239,1.0
2,Q-Learning,V3,"(16, 95)",59.44155892815479,True,34.55844107184521,1.0
2,Q-Learning,V4,"(54, 66)",35.91723746970178,True,20.08276253029822,1.0
2,Q-Learning,V5,"(25, 5)",47.281399488285984,True,41.718600511714016,1.0
2,Q-Learning,V6,"(5, 47)",48.83703089298415,True,26.162969107015847,1.0
2,Q-Learning,V7,"(18, 23)",70.61568452067803,True,24.38431547932197,1.0
2,Q-Learning,V8,"(40, 45)",31.931148128088765,True,25.068851871911235,1.0
2,Q-Learning,V9,"(16, 9)",56.03966349210006,True,13.960336507899935,1.0
2,Q-Learning,V10,"(71, 58)",39.78045554270712,True,28.219544457292887,1.0
3,Greedy,V1,"(83, 19)",65.99537393711334,True,29.004626062886658,1.0
3,Greedy,V2,"(92, 85)",39.2241547355088,True,37.7758452644912,1.0
3,Greedy,V3,"(54, 28)",61.887387661484055,True,31.112612338515945,1.0
3,Greedy,V4,"(49, 96)",35.91723746970178,True,19.08276253029822,1.0
3,Greedy,V5,"(74, 53)",68.83380962103094,True,19.16619037896906,1.0
3,Greedy,V6,"(46, 52)",48.83703089298415,True,25.162969107015847,1.0
3,Greedy,V7,"(44, 27)",70.9268185142357,True,23.073181485764295,1.0
3,Greedy,V8,"(61, 15)",42.95575134985948,True,13.044248650140519,1.0
3,Greedy,V9,"(59, 21)",45.439027610716934,True,23.560972389283066,1.0
3,Greedy,V10,"(90, 16)",36.71975610662865,True,30.28024389337135,1.0
3,Auction,V1,"(89, 36)",65.99537393711334,True,29.004626062886658,1.0
3,Auction,V2,"(16, 95)",39.2241547355088,True,37.7758452644912,1.0
3,Auction,V3,"(25, 5)",61.887387661484055,True,31.112612338515945,1.0
3,Auction,V4,"(54, 66)",35.91723746970178,True,19.08276253029822,1.0
3,Auction,V5,"(71, 58)",68.83380962103094,True,19.16619037896906,1.0
3,Auction,V6,"(40, 45)",52.84755694283839,True,21.152443057161612,1.0
3,Auction,V7,"(18, 23)",70.61568452067803,True,23.38431547932197,1.0
3,Auction,V8,"(77, 6)",26.960271138812686,True,29.039728861187314,1.0
3,Auction,V9,"(5, 47)",42.34074486054591,True,26.65925513945409,1.0
3,Auction,V10,"(16, 9)",44.13393125268149,True,22.866068747318504,1.0
3,Q-Learning,V1,"(77, 6)",65.61369648945394,True,29.38630351054606,1.0
3,Q-Learning,V2,"(89, 36)",42.81804152757761,True,34.18195847242239,1.0
3,Q-Learning,V3,"(16, 95)",59.44155892815479,True,33.55844107184521,1.0
3,Q-Learning,V4,"(54, 66)",35.91723746970178,True,19.08276253029822,1.0
3,Q-Learning,V5,"(25, 5)",47.281399488285984,True,40.718600511714016,1.0
3,Q-Learning,V6,"(5, 47)",48.83703089298415,True,25.162969107015847,1.0
3,Q-Learning,V7,"(18, 23)",70.61568452067803,True,23.38431547932197,1.0
3,Q-Learning,V8,"(40, 45)",31.931148128088765,True,24.068851871911235,1.0
3,Q-Learning,V9,"(16, 9)",56.03966349210006,True,12.960336507899935,1.0
3,Q-Learning,V10,"(71, 58)",39.78045554270712,True,27.219544457292887,1.0
4,Greedy,V1,"(83, 19)",65.99537393711334,True,28.004626062886658,1.0
4,Greedy,V2,"(92, 85)",39.2241547355088,True,36.7758452644912,1.0
4,Greedy,V3,"(54, 28)",61.887387661484055,True,30.112612338515945,1.0
4,Greedy,V4,"(49, 96)",35.91723746970178,True,18.08276253029822,1.0
4,Greedy,V5,"(74, 53)",68.83380962103094,True,18.16619037896906,1.0
4,Greedy,V6,"(46, 52)",48.83703089298415,True,24.162969107015847,1.0
4,Greedy,V7,"(44, 27)",70.9268185142357,True,22.073181485764295,1.0
4,Greedy,V8,"(61, 15)",42.95575134985948,True,12.044248650140519,1.0
4,Greedy,V9,"(59, 21)",45.439027610716934,True,22.560972389283066,1.0
4,Greedy,V10,"(90, 16)",36.71975610662865,True,29.28024389337135,1.0
4,Auction,V1,"(89, 36)",65.99537393711334,True,28.004626062886658,1.0
4,Auction,V2,"(16, 95)",39.2241547355088,True,36.7758452644912,1.0
4,Auction,V3,"(25, 5)",61.887387661484055,True,30.112612338515945,1.0
4,Auction,V4,"(54, 66)",35.91723746970178,True,18.08276253029822,1.0
4,Auction,V5,"(71, 58)",68.83380962103094,True,18.16619037896906,1.0
4,Auction,V6,"(40, 45)",52.84755694283839,True,20.152443057161612,1.0
4,Auction,V7,"(18, 23)",70.61568452067803,True,22.38431547932197,1.0
4,Auction,V8,"(77, 6)",26.960271138812686,True,28.039728861187314,1.0
4,Auction,V9,"(5, 47)",42.34074486054591,True,25.65925513945409,1.0
4,Auction,V10,"(16, 9)",44.13393125268149,True,21.866068747318504,1.0
4,Q-Learning,V1,"(77, 6)",65.61369648945394,True,28.38630351054606,1.0
4,Q-Learning,V2,"(89, 36)",42.81804152757761,True,33.18195847242239,1.0
4,Q-Learning,V3,"(16, 95)",59.44155892815479,True,32.55844107184521,1.0
4,Q-Learning,V4,"(54, 66)",35.91723746970178,True,18.08276253029822,1.0
4,Q-Learning,V5,"(25, 5)",47.281399488285984,True,39.718600511714016,1.0
4,Q-Learning,V6,"(5, 47)",48.83703089298415,True,24.162969107015847,1.0
4,Q-Learning,V7,"(18, 23)",70.61568452067803,True,22.38431547932197,1.0
4,Q-Learning,V8,"(40, 45)",31.931148128088765,True,23.068851871911235,1.0
4,Q-Learning,V9,"(16, 9)",56.03966349210006,True,11.960336507899935,1.0
4,Q-Learning,V10,"(71, 58)",39.78045554270712,True,26.219544457292887,1.0
5,Greedy,V1,"(83, 19)",65.99537393711334,True,27.004626062886658,1.0
5,Greedy,V2,"(92, 85)",39.2241547355088,True,35.7758452644912,1.0
5,Greedy,V3,"(54, 28)",61.887387661484055,True,29.112612338515945,1.0
5,Greedy,V4,"(49, 96)",35.91723746970178,True,17.08276253029822,1.0
5,Greedy,V5,"(74, 53)",68.83380962103094,True,17.16619037896906,1.0
5,Greedy,V6,"(46, 52)",48.83703089298415,True,23.162969107015847,1.0
5,Greedy,V7,"(44, 27)",70.9268185142357,True,21.073181485764295,1.0
5,Greedy,V8,"(61, 15)",42.95575134985948,True,11.044248650140519,1.0
5,Greedy,V9,"(59, 21)",45.439027610716934,True,21.560972389283066,1.0
5,Greedy,V10,"(90, 16)",36.71975610662865,True,28.28024389337135,1.0
5,Auction,V1,"(89, 36)",65.99537393711334,True,27.004626062886658,1.0
5,Auction,V2,"(16, 95)",39.2241547355088,True,35.7758452644912,1.0
5,Auction,V3,"(25, 5)",61.887387661484055,True,29.112612338515945,1.0
5,Auction,V4,"(54, 66)",35.91723746970178,True,17.08276253029822,1.0
5,Auction,V5,"(71, 58)",68.83380962103094,True,17.16619037896906,1.0
5,Auction,V6,"(40, 45)",52.84755694283839,True,19.152443057161612,1.0
5,Auction,V7,"(18, 23)",70.61568452067803,True,21.38431547932197,1.0
5,Auction,V8,"(77, 6)",26.960271138812686,True,27.039728861187314,1.0
5,Auction,V9,"(5, 47)",42.34074486054591,True,24.65925513945409,1.0
5,Auction,V10,"(16, 9)",44.13393125268149,True,20.866068747318504,1.0
5,Q-Learning,V1,"(77, 6)",65.61369648945394,True,27.38630351054606,1.0
5,Q-Learning,V2,"(89, 36)",42.81804152757761,True,32.18195847242239,1.0
5,Q-Learning,V3,"(16, 95)",59.44155892815479,True,31.55844107184521,1.0
5,Q-Learning,V4,"(54, 66)",35.91723746970178,True,17.08276253029822,1.0
5,Q-Learning,V5,"(25, 5)",47.281399488285984,True,38.718600511714016,1.0
5,Q-Learning,V6,"(5, 47)",48.83703089298415,True,23.162969107015847,1.0
5,Q-Learning,V7,"(18, 23)",70.61568452067803,True,21.38431547932197,1.0
5,Q-Learning,V8,"(40, 45)",31.931148128088765,True,22.068851871911235,1.0
5,Q-Learning,V9,"(16, 9)",56.03966349210006,True,10.960336507899935,1.0
5,Q-Learning,V10,"(71, 58)",39.78045554270712,True,25.219544457292887,1.0
6,Greedy,V1,"(83, 19)",65.99537393711334,True,26.004626062886658,1.0
6,Greedy,V2,"(92, 85)",39.2241547355088,True,34.7758452644912,1.0
6,Greedy,V3,"(54, 28)",61.887387661484055,True,28.112612338515945,1.0
6,Greedy,V4,"(49, 96)",35.91723746970178,True,16.08276253029822,1.0
6,Greedy,V5,"(74, 53)",68.83380962103094,True,16.16619037896906,1.0
6,Greedy,V6,"(46, 52)",48.83703089298415,True,22.162969107015847,1.0
6,Greedy,V7,"(44, 27)",70.9268185142357,True,20.073181485764295,1.0
6,Greedy,V8,"(61, 15)",42.95575134985948,True,10.044248650140519,1.0
6,Greedy,V9,"(59, 21)",45.439027610716934,True,20.560972389283066,1.0
6,Greedy,V10,"(90, 16)",36.71975610662865,True,27.28024389337135,1.0
6,Auction,V1,"(89, 36)",65.99537393711334,True,26.004626062886658,1.0
6,Auction,V2,"(16, 95)",39.2241547355088,True,34.7758452644912,1.0
6,Auction,V3,"(25, 5)",61.887387661484055,True,28.112612338515945,1.0
6,Auction,V4,"(54, 66)",35.91723746970178,True,16.08276253029822,1.0
6,Auction,V5,"(71, 58)",68.83380962103094,True,16.16619037896906,1.0
6,Auction,V6,"(40, 45)",52.84755694283839,True,18.152443057161612,1.0
6,Auction,V7,"(18, 23)",70.61568452067803,True,20.38431547932197,1.0
6,Auction,V8,"(77, 6)",26.960271138812686,True,26.039728861187314,1.0
6,Auction,V9,"(5, 47)",42.34074486054591,True,23.65925513945409,1.0
6,Auction,V10,"(16, 9)",44.13393125268149,True,19.866068747318504,1.0
6,Q-Learning,V1,"(77, 6)",65.61369648945394,True,26.38630351054606,1.0
6,Q-Learning,V2,"(89, 36)",42.81804152757761,True,31.181958472422387,1.0
6,Q-Learning,V3,"(16, 95)",59.44155892815479,True,30.55844107184521,1.0
6,Q-Learning,V4,"(54, 66)",35.91723746970178,True,16.08276253029822,1.0
6,Q-Learning,V5,"(25, 5)",47.281399488285984,True,37.718600511714016,1.0
6,Q-Learning,V6,"(5, 47)",48.83703089298415,True,22.162969107015847,1.0
6,Q-Learning,V7,"(18, 23)",70.61568452067803,True,20.38431547932197,1.0
6,Q-Learning,V8,"(40, 45)",31.931148128088765,True,21.068851871911235,1.0
6,Q-Learning,V9,"(16, 9)",56.03966349210006,True,9.960336507899935,1.0
6,Q-Learning,V10,"(71, 58)",39.78045554270712,True,24.219544457292887,1.0
7,Greedy,V1,"(83, 19)",65.99537393711334,True,25.004626062886658,1.0
7,Greedy,V2,"(92, 85)",39.2241547355088,True,33.7758452644912,1.0
7,Greedy,V3,"(54, 28)",61.887387661484055,True,27.112612338515945,1.0
7,Greedy,V4,"(49, 96)",35.91723746970178,True,15.082762530298218,1.0
7,Greedy,V5,"(74, 53)",68.83380962103094,True,15.166190378969059,1.0
7,Greedy,V6,"(46, 52)",48.83703089298415,True,21.162969107015847,1.0
7,Greedy,V7,"(44, 27)",70.9268185142357,True,19.073181485764295,1.0
7,Greedy,V8,"(61, 15)",42.95575134985948,True,9.044248650140519,1.0
7,Greedy,V9,"(59, 21)",45.439027610716934,True,19.560972389283066,1.0
7,Greedy,V10,"(90, 16)",36.71975610662865,True,26.28024389337135,1.0
7,Auction,V1,"(89, 36)",65.99537393711334,True,25.004626062886658,1.0
7,Auction,V2,"(16, 95)",39.2241547355088,True,33.7758452644912,1.0
7,Auction,V3,"(25, 5)",61.887387661484055,True,27.112612338515945,1.0
7,Auction,V4,"(54, 66)",35.91723746970178,True,15.082762530298218,1.0
7,Auction,V5,"(71, 58)",68.83380962103094,True,15.166190378969059,1.0
7,Auction,V6,"(40, 45)",52.84755694283839,True,17.152443057161612,1.0
7,Auction,V7,"(18, 23)",70.61568452067803,True,19.38431547932197,1.0
7,Auction,V8,"(77, 6)",26.960271138812686,True,25.039728861187314,1.0
7,Auction,V9,"(5, 47)",42.34074486054591,True,22.65925513945409,1.0
7,Auction,V10,"(16, 9)",44.13393125268149,True,18.866068747318504,1.0
7,Q-Learning,V1,"(77, 6)",65.61369648945394,True,25.38630351054606,1.0
7,Q-Learning,V2,"(89, 36)",42.81804152757761,True,30.181958472422387,1.0
7,Q-Learning,V3,"(16, 95)",59.44155892815479,True,29.55844107184521,1.0
7,Q-Learning,V4,"(54, 66)",35.91723746970178,True,15.082762530298218,1.0
7,Q-Learning,V5,"(25, 5)",47.281399488285984,True,36.718600511714016,1.0
7,Q-Learning,V6,"(5, 47)",48.83703089298415,True,21.162969107015847,1.0
7,Q-Learning,V7,"(18, 23)",70.61568452067803,True,19.38431547932197,1.0
7,Q-Learning,V8,"(40, 45)",31.931148128088765,True,20.068851871911235,1.0
7,Q-Learning,V9,"(16, 9)",56.03966349210006,True,8.960336507899935,1.0
7,Q-Learning,V10,"(71, 58)",39.78045554270712,True,23.219544457292887,1.0
8,Greedy,V1,"(83, 19)",65.99537393711334,True,24.004626062886658,1.0
8,Greedy,V2,"(92, 85)",39.2241547355088,True,32.7758452644912,1.0
8,Greedy,V3,"(54, 28)",61.887387661484055,True,26.112612338515945,1.0
8,Greedy,V4,"(49, 96)",35.91723746970178,True,14.082762530298218,1.0
8,Greedy,V5,"(74, 53)",68.83380962103094,True,14.166190378969059,1.0
8,Greedy,V6,"(46, 52)",48.83703089298415,True,20.162969107015847,1.0
8,Greedy,V7,"(44, 27)",70.9268185142357,True,18.073181485764295,1.0
8,Greedy,V8,"(61, 15)",42.95575134985948,True,8.044248650140519,1.0
8,Greedy,V9,"(59, 21)",45.439027610716934,True,18.560972389283066,1.0
8,Greedy,V10,"(90, 16)",36.71975610662865,True,25.28024389337135,1.0
8,Auction,V1,"(89, 36)",65.99537393711334,True,24.004626062886658,1.0
8,Auction,V2,"(16, 95)",39.2241547355088,True,32.7758452644912,1.0
8,Auction,V3,"(25, 5)",61.887387661484055,True,26.112612338515945,1.0
8,Auction,V4,"(54, 66)",35.91723746970178,True,14.082762530298218,1.0
8,Auction,V5,"(71, 58)",68.83380962103094,True,14.166190378969059,1.0
8,Auction,V6,"(40, 45)",52.84755694283839,True,16.152443057161612,1.0
8,Auction,V7,"(18, 23)",70.61568452067803,True,18.38431547932197,1.0
8,Auction,V8,"(77, 6)",26.960271138812686,True,24.039728861187314,1.0
8,Auction,V9,"(5, 47)",42.34074486054591,True,21.65925513945409,1.0
8,Auction,V10,"(16, 9)",44.13393125268149,True,17.866068747318504,1.0
8,Q-Learning,V1,"(77, 6)",65.61369648945394,True,24.38630351054606,1.0
8,Q-Learning,V2,"(89, 36)",42.81804152757761,True,29.181958472422387,1.0
8,Q-Learning,V3,"(16, 95)",59.44155892815479,True,28.55844107184521,1.0
8,Q-Learning,V4,"(54, 66)",35.91723746970178,True,14.082762530298218,1.0
8,Q-Learning,V5,"(25, 5)",47.281399488285984,True,35.718600511714016,1.0
8,Q-Learning,V6,"(5, 47)",48.83703089298415,True,20.162969107015847,1.0
8,Q-Learning,V7,"(18, 23)",70.61568452067803,True,18.38431547932197,1.0
8,Q-Learning,V8,"(40, 45)",31.931148128088765,True,19.068851871911235,1.0
8,Q-Learning,V9,"(16, 9)",56.03966349210006,True,7.960336507899935,1.0
8,Q-Learning,V10,"(71, 58)",39.78045554270712,True,22.219544457292887,1.0
9,Greedy,V1,"(83, 19)",65.99537393711334,True,23.004626062886658,1.0
9,Greedy,V2,"(92, 85)",39.2241547355088,True,31.775845264491203,1.0
9,Greedy,V3,"(54, 28)",61.887387661484055,True,25.112612338515945,1.0
9,Greedy,V4,"(49, 96)",35.91723746970178,True,13.082762530298218,1.0
9,Greedy,V5,"(74, 53)",68.83380962103094,True,13.166190378969059,1.0
9,Greedy,V6,"(46, 52)",48.83703089298415,True,19.162969107015847,1.0
9,Greedy,V7,"(44, 27)",70.9268185142357,True,17.073181485764295,1.0
9,Greedy,V8,"(61, 15)",42.95575134985948,True,7.044248650140519,1.0
9,Greedy,V9,"(59, 21)",45.439027610716934,True,17.560972389283066,1.0
9,Greedy,V10,"(90, 16)",36.71975610662865,True,24.28024389337135,1.0
9,Auction,V1,"(89, 36)",65.99537393711334,True,23.004626062886658,1.0
9,Auction,V2,"(16, 95)",39.2241547355088,True,31.775845264491203,1.0
9,Auction,V3,"(25, 5)",61.887387661484055,True,25.112612338515945,1.0
9,Auction,V4,"(54, 66)",35.91723746970178,True,13.082762530298218,1.0
9,Auction,V5,"(71, 58)",68.83380962103094,True,13.166190378969059,1.0
9,Auction,V6,"(40, 45)",52.84755694283839,True,15.152443057161612,1.0
9,Auction,V7,"(18, 23)",70.61568452067803,True,17.38431547932197,1.0
9,Auction,V8,"(77, 6)",26.960271138812686,True,23.039728861187314,1.0
9,Auction,V9,"(5, 47)",42.34074486054591,True,20.65925513945409,1.0
9,Auction,V10,"(16, 9)",44.13393125268149,True,16.866068747318504,1.0
9,Q-Learning,V1,"(77, 6)",65.61369648945394,True,23.38630351054606,1.0
9,Q-Learning,V2,"(89, 36)",42.81804152757761,True,28.181958472422387,1.0
9,Q-Learning,V3,"(16, 95)",59.44155892815479,True,27.55844107184521,1.0
9,Q-Learning,V4,"(54, 66)",35.91723746970178,True,13.082762530298218,1.0
9,Q-Learning,V5,"(25, 5)",47.281399488285984,True,34.718600511714016,1.0
9,Q-Learning,V6,"(5, 47)",48.83703089298415,True,19.162969107015847,1.0
9,Q-Learning,V7,"(18, 23)",70.61568452067803,True,17.38431547932197,1.0
9,Q-Learning,V8,"(40, 45)",31.931148128088765,True,18.068851871911235,1.0
9,Q-Learning,V9,"(16, 9)",56.03966349210006,True,6.960336507899935,1.0
9,Q-Learning,V10,"(71, 58)",39.78045554270712,True,21.219544457292887,1.0
10,Greedy,V1,"(83, 19)",65.99537393711334,True,22.004626062886658,1.0
10,Greedy,V2,"(92, 85)",39.2241547355088,True,30.775845264491203,1.0
10,Greedy,V3,"(54, 28)",61.887387661484055,True,24.112612338515945,1.0
10,Greedy,V4,"(49, 96)",35.91723746970178,True,12.082762530298218,1.0
10,Greedy,V5,"(74, 53)",68.83380962103094,True,12.166190378969059,1.0
10,Greedy,V6,"(46, 52)",48.83703089298415,True,18.162969107015847,1.0
10,Greedy,V7,"(44, 27)",70.9268185142357,True,16.073181485764295,1.0
10,Greedy,V8,"(61, 15)",42.95575134985948,True,6.044248650140519,1.0
10,Greedy,V9,"(59, 21)",45.439027610716934,True,16.560972389283066,1.0
10,Greedy,V10,"(90, 16)",36.71975610662865,True,23.28024389337135,1.0
10,Auction,V1,"(89, 36)",65.99537393711334,True,22.004626062886658,1.0
10,Auction,V2,"(16, 95)",39.2241547355088,True,30.775845264491203,1.0
10,Auction,V3,"(25, 5)",61.887387661484055,True,24.112612338515945,1.0
10,Auction,V4,"(54, 66)",35.91723746970178,True,12.082762530298218,1.0
10,Auction,V5,"(71, 58)",68.83380962103094,True,12.166190378969059,1.0
10,Auction,V6,"(40, 45)",52.84755694283839,True,14.152443057161612,1.0
10,Auction,V7,"(18, 23)",70.61568452067803,True,16.38431547932197,1.0
10,Auction,V8,"(77, 6)",26.960271138812686,True,22.039728861187314,1.0
10,Auction,V9,"(5, 47)",42.34074486054591,True,19.65925513945409,1.0
10,Auction,V10,"(16, 9)",44.13393125268149,True,15.866068747318504,1.0
10,Q-Learning,V1,"(77, 6)",65.61369648945394,True,22.38630351054606,1.0
10,Q-Learning,V2,"(89, 36)",42.81804152757761,True,27.181958472422387,1.0
10,Q-Learning,V3,"(16, 95)",59.44155892815479,True,26.55844107184521,1.0
10,Q-Learning,V4,"(54, 66)",35.91723746970178,True,12.082762530298218,1.0
10,Q-Learning,V5,"(25, 5)",47.281399488285984,True,33.718600511714016,1.0
10,Q-Learning,V6,"(5, 47)",48.83703089298415,True,18.162969107015847,1.0
10,Q-Learning,V7,"(18, 23)",70.61568452067803,True,16.38431547932197,1.0
10,Q-Learning,V8,"(40, 45)",31.931148128088765,True,17.068851871911235,1.0
10,Q-Learning,V9,"(16, 9)",56.03966349210006,True,5.960336507899935,1.0
10,Q-Learning,V10,"(71, 58)",39.78045554270712,True,20.219544457292887,1.0
11,Greedy,V1,"(83, 19)",65.99537393711334,True,21.004626062886658,1.0
11,Greedy,V2,"(92, 85)",39.2241547355088,True,29.775845264491203,1.0
11,Greedy,V3,"(54, 28)",61.887387661484055,True,23.112612338515945,1.0
11,Greedy,V4,"(49, 96)",35.91723746970178,True,11.082762530298218,1.0
11,Greedy,V5,"(74, 53)",68.83380962103094,True,11.166190378969059,1.0
11,Greedy,V6,"(46, 52)",48.83703089298415,True,17.162969107015847,1.0
11,Greedy,V7,"(44, 27)",70.9268185142357,True,15.073181485764295,1.0
11,Greedy,V8,"(61, 15)",42.95575134985948,True,5.044248650140519,1.0
11,Greedy,V9,"(59, 21)",45.439027610716934,True,15.560972389283066,1.0
11,Greedy,V10,"(90, 16)",36.71975610662865,True,22.28024389337135,1.0
11,Auction,V1,"(89, 36)",65.99537393711334,True,21.004626062886658,1.0
11,Auction,V2,"(16, 95)",39.2241547355088,True,29.775845264491203,1.0
11,Auction,V3,"(25, 5)",61.887387661484055,True,23.112612338515945,1.0
11,Auction,V4,"(54, 66)",35.91723746970178,True,11.082762530298218,1.0
11,Auction,V5,"(71, 58)",68.83380962103094,True,11.166190378969059,1.0
11,Auction,V6,"(40, 45)",52.84755694283839,True,13.152443057161612,1.0
11,Auction,V7,"(18, 23)",70.61568452067803,True,15.38431547932197,1.0
11,Auction,V8,"(77, 6)",26.960271138812686,True,21.039728861187314,1.0
11,Auction,V9,"(5, 47)",42.34074486054591,True,18.65925513945409,1.0
11,Auction,V10,"(16, 9)",44.13393125268149,True,14.866068747318504,1.0
11,Q-Learning,V1,"(77, 6)",65.61369648945394,True,21.38630351054606,1.0
11,Q-Learning,V2,"(89, 36)",42.81804152757761,True,26.181958472422387,1.0
11,Q-Learning,V3,"(16, 95)",59.44155892815479,True,25.55844107184521,1.0
11,Q-Learning,V4,"(54, 66)",35.91723746970178,True,11.082762530298218,1.0
11,Q-Learning,V5,"(25, 5)",47.281399488285984,True,32.718600511714016,1.0
11,Q-Learning,V6,"(5, 47)",48.83703089298415,True,17.162969107015847,1.0
11,Q-Learning,V7,"(18, 23)",70.61568452067803,True,15.38431547932197,1.0
11,Q-Learning,V8,"(40, 45)",31.931148128088765,True,16.068851871911235,1.0
11,Q-Learning,V9,"(16, 9)",56.03966349210006,True,4.960336507899935,1.0
11,Q-Learning,V10,"(71, 58)",39.78045554270712,True,19.219544457292887,1.0
12,Greedy,V1,"(83, 19)",65.99537393711334,True,20.004626062886658,1.0
12,Greedy,V2,"(92, 85)",39.2241547355088,True,28.775845264491203,1.0
12,Greedy,V3,"(54, 28)",61.887387661484055,True,22.112612338515945,1.0
12,Greedy,V4,"(49, 96)",35.91723746970178,True,10.082762530298218,1.0
12,Greedy,V5,"(74, 53)",68.83380962103094,True,10.166190378969059,1.0
12,Greedy,V6,"(46, 52)",48.83703089298415,True,16.162969107015847,1.0
12,Greedy,V7,"(44, 27)",70.9268185142357,True,14.073181485764295,1.0
12,Greedy,V8,"(61, 15)",42.95575134985948,True,4.044248650140519,1.0
12,Greedy,V9,"(59, 21)",45.439027610716934,True,14.560972389283066,1.0
12,Greedy,V10,"(90, 16)",36.71975610662865,True,21.28024389337135,1.0
12,Auction,V1,"(89, 36)",65.99537393711334,True,20.004626062886658,1.0
12,Auction,V2,"(16, 95)",39.2241547355088,True,28.775845264491203,1.0
12,Auction,V3,"(25, 5)",61.887387661484055,True,22.112612338515945,1.0
12,Auction,V4,"(54, 66)",35.91723746970178,True,10.082762530298218,1.0
12,Auction,V5,"(71, 58)",68.83380962103094,True,10.166190378969059,1.0
12,Auction,V6,"(40, 45)",52.84755694283839,True,12.152443057161612,1.0
12,Auction,V7,"(18, 23)",70.61568452067803,True,14.38431547932197,1.0
12,Auction,V8,"(77, 6)",26.960271138812686,True,20.039728861187314,1.0
12,Auction,V9,"(5, 47)",42.34074486054591,True,17.65925513945409,1.0
12,Auction,V10,"(16, 9)",44.13393125268149,True,13.866068747318504,1.0
12,Q-Learning,V1,"(77, 6)",65.61369648945394,True,20.38630351054606,1.0
12,Q-Learning,V2,"(89, 36)",42.81804152757761,True,25.181958472422387,1.0
12,Q-Learning,V3,"(16, 95)",59.44155892815479,True,24.55844107184521,1.0
12,Q-Learning,V4,"(54, 66)",35.91723746970178,True,10.082762530298218,1.0
12,Q-Learning,V5,"(25, 5)",47.281399488285984,True,31.718600511714016,1.0
12,Q-Learning,V6,"(5, 47)",48.83703089298415,True,16.162969107015847,1.0
12,Q-Learning,V7,"(18, 23)",70.61568452067803,True,14.38431547932197,1.0
12,Q-Learning,V8,"(40, 45)",31.931148128088765,True,15.068851871911235,1.0
12,Q-Learning,V9,"(16, 9)",56.03966349210006,True,3.9603365078999353,1.0
12,Q-Learning,V10,"(71, 58)",39.78045554270712,True,18.219544457292887,1.0
13,Greedy,V1,"(83, 19)",65.99537393711334,True,19.004626062886658,1.0
13,Greedy,V2,"(92, 85)",39.2241547355088,True,27.775845264491203,1.0
13,Greedy,V3,"(54, 28)",61.887387661484055,True,21.112612338515945,1.0
13,Greedy,V4,"(49, 96)",35.91723746970178,True,9.082762530298218,1.0
13,Greedy,V5,"(74, 53)",68.83380962103094,True,9.166190378969059,1.0
13,Greedy,V6,"(46, 52)",48.83703089298415,True,15.162969107015847,1.0
13,Greedy,V7,"(44, 27)",70.9268185142357,True,13.073181485764295,1.0
13,Greedy,V8,"(61, 15)",42.95575134985948,True,3.044248650140519,1.0
13,Greedy,V9,"(59, 21)",45.439027610716934,True,13.560972389283066,1.0
13,Greedy,V10,"(90, 16)",36.71975610662865,True,20.28024389337135,1.0
13,Auction,V1,"(89, 36)",65.99537393711334,True,19.004626062886658,1.0
13,Auction,V2,"(16, 95)",39.2241547355088,True,27.775845264491203,1.0
13,Auction,V3,"(25, 5)",61.887387661484055,True,21.112612338515945,1.0
13,Auction,V4,"(54, 66)",35.91723746970178,True,9.082762530298218,1.0
13,Auction,V5,"(71, 58)",68.83380962103094,True,9.166190378969059,1.0
13,Auction,V6,"(40, 45)",52.84755694283839,True,11.152443057161612,1.0
13,Auction,V7,"(18, 23)",70.61568452067803,True,13.38431547932197,1.0
13,Auction,V8,"(77, 6)",26.960271138812686,True,19.039728861187314,1.0
13,Auction,V9,"(5, 47)",42.34074486054591,True,16.65925513945409,1.0
13,Auction,V10,"(16, 9)",44.13393125268149,True,12.866068747318504,1.0
13,Q-Learning,V1,"(77, 6)",65.61369648945394,True,19.38630351054606,1.0
13,Q-Learning,V2,"(89, 36)",42.81804152757761,True,24.181958472422387,1.0
13,Q-Learning,V3,"(16, 95)",59.44155892815479,True,23.55844107184521,1.0
13,Q-Learning,V4,"(54, 66)",35.91723746970178,True,9.082762530298218,1.0
13,Q-Learning,V5,"(25, 5)",47.281399488285984,True,30.718600511714016,1.0
13,Q-Learning,V6,"(5, 47)",48.83703089298415,True,15.162969107015847,1.0
13,Q-Learning,V7,"(18, 23)",70.61568452067803,True,13.38431547932197,1.0
13,Q-Learning,V8,"(40, 45)",31.931148128088765,True,14.068851871911235,1.0
13,Q-Learning,V9,"(16, 9)",56.03966349210006,True,2.9603365078999353,1.0
13,Q-Learning,V10,"(71, 58)",39.78045554270712,True,17.219544457292887,1.0
14,Greedy,V1,"(83, 19)",65.99537393711334,True,18.004626062886658,1.0
14,Greedy,V2,"(92, 85)",39.2241547355088,True,26.775845264491203,1.0
14,Greedy,V3,"(54, 28)",61.887387661484055,True,20.112612338515945,1.0
14,Greedy,V4,"(49, 96)",35.91723746970178,True,8.082762530298218,1.0
14,Greedy,V5,"(74, 53)",68.83380962103094,True,8.166190378969059,1.0
14,Greedy,V6,"(46, 52)",48.83703089298415,True,14.162969107015847,1.0
14,Greedy,V7,"(44, 27)",70.9268185142357,True,12.073181485764295,1.0
14,Greedy,V8,"(61, 15)",42.95575134985948,True,2.044248650140519,1.0
14,Greedy,V9,"(59, 21)",45.439027610716934,True,12.560972389283066,1.0
14,Greedy,V10,"(90, 16)",36.71975610662865,True,19.28024389337135,1.0
14,Auction,V1,"(89, 36)",65.99537393711334,True,18.004626062886658,1.0
14,Auction,V2,"(16, 95)",39.2241547355088,True,26.775845264491203,1.0
14,Auction,V3,"(25, 5)",61.887387661484055,True,20.112612338515945,1.0
14,Auction,V4,"(54, 66)",35.91723746970178,True,8.082762530298218,1.0
14,Auction,V5,"(71, 58)",68.83380962103094,True,8.166190378969059,1.0
14,Auction,V6,"(40, 45)",52.84755694283839,True,10.152443057161612,1.0
14,Auction,V7,"(18, 23)",70.61568452067803,True,12.38431547932197,1.0
14,Auction,V8,"(77, 6)",26.960271138812686,True,18.039728861187314,1.0
14,Auction,V9,"(5, 47)",42.34074486054591,True,15.659255139454089,1.0
14,Auction,V10,"(16, 9)",44.13393125268149,True,11.866068747318504,1.0
14,Q-Learning,V1,"(77, 6)",65.61369648945394,True,18.38630351054606,1.0
14,Q-Learning,V2,"(89, 36)",42.81804152757761,True,23.181958472422387,1.0
14,Q-Learning,V3,"(16, 95)",59.44155892815479,True,22.55844107184521,1.0
14,Q-Learning,V4,"(54, 66)",35.91723746970178,True,8.082762530298218,1.0
14,Q-Learning,V5,"(25, 5)",47.281399488285984,True,29.718600511714016,1.0
14,Q-Learning,V6,"(5, 47)",48.83703089298415,True,14.162969107015847,1.0
14,Q-Learning,V7,"(18, 23)",70.61568452067803,True,12.38431547932197,1.0
14,Q-Learning,V8,"(40, 45)",31.931148128088765,True,13.068851871911235,1.0
14,Q-Learning,V9,"(16, 9)",56.03966349210006,True,1.9603365078999353,1.0
14,Q-Learning,V10,"(71, 58)",39.78045554270712,True,16.219544457292887,1.0
15,Greedy,V1,"(83, 19)",65.99537393711334,True,17.004626062886658,1.0
15,Greedy,V2,"(92, 85)",39.2241547355088,True,25.775845264491203,1.0
15,Greedy,V3,"(54, 28)",61.887387661484055,True,19.112612338515945,1.0
15,Greedy,V4,"(49, 96)",35.91723746970178,True,7.0827625302982185,1.0
15,Greedy,V5,"(74, 53)",68.83380962103094,True,7.166190378969059,1.0
15,Greedy,V6,"(46, 52)",48.83703089298415,True,13.162969107015847,1.0
15,Greedy,V7,"(44, 27)",70.9268185142357,True,11.073181485764295,1.0
15,Greedy,V8,"(61, 15)",42.95575134985948,True,1.0442486501405188,1.0
15,Greedy,V9,"(59, 21)",45.439027610716934,True,11.560972389283066,1.0
15,Greedy,V10,"(90, 16)",36.71975610662865,True,18.28024389337135,1.0
15,Auction,V1,"(89, 36)",65.99537393711334,True,17.004626062886658,1.0
15,Auction,V2,"(16, 95)",39.2241547355088,True,25.775845264491203,1.0
15,Auction,V3,"(25, 5)",61.887387661484055,True,19.112612338515945,1.0
15,Auction,V4,"(54, 66)",35.91723746970178,True,7.0827625302982185,1.0
15,Auction,V5,"(71, 58)",68.83380962103094,True,7.166190378969059,1.0
15,Auction,V6,"(40, 45)",52.84755694283839,True,9.152443057161612,1.0
15,Auction,V7,"(18, 23)",70.61568452067803,True,11.38431547932197,1.0
15,Auction,V8,"(77, 6)",26.960271138812686,True,17.039728861187314,1.0
15,Auction,V9,"(5, 47)",42.34074486054591,True,14.659255139454089,1.0
15,Auction,V10,"(16, 9)",44.13393125268149,True,10.866068747318504,1.0
15,Q-Learning,V1,"(77, 6)",65.61369648945394,True,17.38630351054606,1.0
15,Q-Learning,V2,"(89, 36)",42.81804152757761,True,22.181958472422387,1.0
15,Q-Learning,V3,"(16, 95)",59.44155892815479,True,21.55844107184521,1.0
15,Q-Learning,V4,"(54, 66)",35.91723746970178,True,7.0827625302982185,1.0
15,Q-Learning,V5,"(25, 5)",47.281399488285984,True,28.718600511714016,1.0
15,Q-Learning,V6,"(5, 47)",48.83703089298415,True,13.162969107015847,1.0
15,Q-Learning,V7,"(18, 23)",70.61568452067803,True,11.38431547932197,1.0
15,Q-Learning,V8,"(40, 45)",31.931148128088765,True,12.068851871911235,1.0
15,Q-Learning,V9,"(16, 9)",56.03966349210006,True,0.9603365078999353,1.0
15,Q-Learning,V10,"(71, 58)",39.78045554270712,True,15.219544457292887,1.0
16,Greedy,V1,"(83, 19)",65.99537393711334,True,16.004626062886658,1.0
16,Greedy,V2,"(92, 85)",39.2241547355088,True,24.775845264491203,1.0
16,Greedy,V3,"(54, 28)",61.887387661484055,True,18.112612338515945,1.0
16,Greedy,V4,"(49, 96)",35.91723746970178,True,6.0827625302982185,1.0
16,Greedy,V5,"(74, 53)",68.83380962103094,True,6.166190378969059,1.0
16,Greedy,V6,"(46, 52)",48.83703089298415,True,12.162969107015847,1.0
16,Greedy,V7,"(44, 27)",70.9268185142357,True,10.073181485764295,1.0
16,Greedy,V8,"(61, 15)",42.95575134985948,True,0.04424865014051882,1.0
16,Greedy,V9,"(59, 21)",45.439027610716934,True,10.560972389283066,1.0
16,Greedy,V10,"(90, 16)",36.71975610662865,True,17.28024389337135,1.0
16,Auction,V1,"(89, 36)",65.99537393711334,True,16.004626062886658,1.0
16,Auction,V2,"(16, 95)",39.2241547355088,True,24.775845264491203,1.0
16,Auction,V3,"(25, 5)",61.887387661484055,True,18.112612338515945,1.0
16,Auction,V4,"(54, 66)",35.91723746970178,True,6.0827625302982185,1.0
16,Auction,V5,"(71, 58)",68.83380962103094,True,6.166190378969059,1.0
16,Auction,V6,"(40, 45)",52.84755694283839,True,8.152443057161612,1.0
16,Auction,V7,"(18, 23)",70.61568452067803,True,10.38431547932197,1.0
16,Auction,V8,"(77, 6)",26.960271138812686,True,16.039728861187314,1.0
16,Auction,V9,"(5, 47)",42.34074486054591,True,13.659255139454089,1.0
16,Auction,V10,"(16, 9)",44.13393125268149,True,9.866068747318504,1.0
16,Q-Learning,V1,"(77, 6)",65.61369648945394,True,16.38630351054606,1.0
16,Q-Learning,V2,"(89, 36)",42.81804152757761,True,21.181958472422387,1.0
16,Q-Learning,V3,"(16, 95)",59.44155892815479,True,20.55844107184521,1.0
16,Q-Learning,V4,"(54, 66)",35.91723746970178,True,6.0827625302982185,1.0
16,Q-Learning,V5,"(25, 5)",47.281399488285984,True,27.718600511714016,1.0
16,Q-Learning,V6,"(5, 47)",48.83703089298415,True,12.162969107015847,1.0
16,Q-Learning,V7,"(18, 23)",70.61568452067803,True,10.38431547932197,1.0
16,Q-Learning,V8,"(40, 45)",31.931148128088765,True,11.068851871911235,1.0
16,Q-Learning,V9,"(8, 78)",31.321639053516837,True,24.718024438583225,1.0
16,Q-Learning,V10,"(71, 58)",39.78045554270712,True,14.219544457292887,1.0
17,Greedy,V1,"(83, 19)",65.99537393711334,True,15.004626062886658,1.0
17,Greedy,V2,"(92, 85)",39.2241547355088,True,23.775845264491203,1.0
17,Greedy,V3,"(54, 28)",61.887387661484055,True,17.112612338515945,1.0
17,Greedy,V4,"(49, 96)",35.91723746970178,True,5.0827625302982185,1.0
17,Greedy,V5,"(74, 53)",68.83380962103094,True,5.166190378969059,1.0
17,Greedy,V6,"(46, 52)",48.83703089298415,True,11.162969107015847,1.0
17,Greedy,V7,"(44, 27)",70.9268185142357,True,9.073181485764295,1.0
17,Greedy,V8,"(61, 15)",12.66643059515508,True,30.289320754704402,1.0
17,Greedy,V9,"(59, 21)",45.439027610716934,True,9.560972389283066,1.0
17,Greedy,V10,"(90, 16)",36.71975610662865,True,16.28024389337135,1.0
17,Auction,V1,"(89, 36)",65.99537393711334,True,15.004626062886658,1.0
17,Auction,V2,"(16, 95)",39.2241547355088,True,23.775845264491203,1.0
17,Auction,V3,"(25, 5)",61.887387661484055,True,17.112612338515945,1.0
17,Auction,V4,"(54, 66)",35.91723746970178,True,5.0827625302982185,1.0
17,Auction,V5,"(71, 58)",68.83380962103094,True,5.166190378969059,1.0
17,Auction,V6,"(40, 45)",52.84755694283839,True,7.152443057161612,1.0
17,Auction,V7,"(18, 23)",70.61568452067803,True,9.38431547932197,1.0
17,Auction,V8,"(77, 6)",26.960271138812686,True,15.039728861187314,1.0
17,Auction,V9,"(5, 47)",42.34074486054591,True,12.659255139454089,1.0
17,Auction,V10,"(16, 9)",44.13393125268149,True,8.866068747318504,1.0
17,Q-Learning,V1,"(77, 6)",65.61369648945394,True,15.38630351054606,1.0
17,Q-Learning,V2,"(89, 36)",42.81804152757761,True,20.181958472422387,1.0
17,Q-Learning,V3,"(16, 95)",59.44155892815479,True,19.55844107184521,1.0
17,Q-Learning,V4,"(54, 66)",35.91723746970178,True,5.0827625302982185,1.0
17,Q-Learning,V5,"(25, 5)",47.281399488285984,True,26.718600511714016,1.0
17,Q-Learning,V6,"(5, 47)",48.83703089298415,True,11.162969107015847,1.0
17,Q-Learning,V7,"(18, 23)",70.61568452067803,True,9.38431547932197,1.0
17,Q-Learning,V8,"(40, 45)",31.931148128088765,True,10.068851871911235,1.0
17,Q-Learning,V9,"(8, 78)",31.321639053516837,True,23.718024438583225,1.0
17,Q-Learning,V10,"(71, 58)",39.78045554270712,True,13.219544457292887,1.0
18,Greedy,V1,"(83, 19)",65.99537393711334,True,14.004626062886658,1.0
18,Greedy,V2,"(92, 85)",39.2241547355088,True,22.775845264491203,1.0
18,Greedy,V3,"(54, 28)",61.887387661484055,True,16.112612338515945,1.0
18,Greedy,V4,"(49, 96)",35.91723746970178,True,4.0827625302982185,1.0
18,Greedy,V5,"(74, 53)",68.83380962103094,True,4.166190378969059,1.0
18,Greedy,V6,"(46, 52)",48.83703089298415,True,10.162969107015847,1.0
18,Greedy,V7,"(44, 27)",70.9268185142357,True,8.073181485764295,1.0
18,Greedy,V8,"(61, 15)",12.66643059515508,True,29.289320754704402,1.0
18,Greedy,V9,"(59, 21)",45.439027610716934,True,8.560972389283066,1.0
18,Greedy,V10,"(90, 16)",36.71975610662865,True,15.280243893371349,1.0
18,Auction,V1,"(89, 36)",65.99537393711334,True,14.004626062886658,1.0
18,Auction,V2,"(16, 95)",39.2241547355088,True,22.775845264491203,1.0
18,Auction,V3,"(25, 5)",61.887387661484055,True,16.112612338515945,1.0
18,Auction,V4,"(54, 66)",35.91723746970178,True,4.0827625302982185,1.0
18,Auction,V5,"(71, 58)",68.83380962103094,True,4.166190378969059,1.0
18,Auction,V6,"(40, 45)",52.84755694283839,True,6.152443057161612,1.0
18,Auction,V7,"(18, 23)",70.61568452067803,True,8.38431547932197,1.0
18,Auction,V8,"(77, 6)",26.960271138812686,True,14.039728861187314,1.0
18,Auction,V9,"(5, 47)",42.34074486054591,True,11.659255139454089,1.0
18,Auction,V10,"(16, 9)",44.13393125268149,True,7.866068747318504,1.0
18,Q-Learning,V1,"(77, 6)",65.61369648945394,True,14.38630351054606,1.0
18,Q-Learning,V2,"(89, 36)",42.81804152757761,True,19.181958472422387,1.0
18,Q-Learning,V3,"(16, 95)",59.44155892815479,True,18.55844107184521,1.0
18,Q-Learning,V4,"(54, 66)",35.91723746970178,True,4.0827625302982185,1.0
18,Q-Learning,V5,"(25, 5)",47.281399488285984,True,25.718600511714016,1.0
18,Q-Learning,V6,"(5, 47)",48.83703089298415,True,10.162969107015847,1.0
18,Q-Learning,V7,"(18, 23)",70.61568452067803,True,8.38431547932197,1.0
18,Q-Learning,V8,"(40, 45)",31.931148128088765,True,9.068851871911235,1.0
18,Q-Learning,V9,"(8, 78)",31.321639053516837,True,22.718024438583225,1.0
18,Q-Learning,V10,"(71, 58)",39.78045554270712,True,12.219544457292887,1.0
19,Greedy,V1,"(83, 19)",65.99537393711334,True,13.004626062886658,1.0
19,Greedy,V2,"(92, 85)",39.2241547355088,True,21.775845264491203,1.0
19,Greedy,V3,"(54, 28)",61.887387661484055,True,15.112612338515945,1.0
19,Greedy,V4,"(49, 96)",35.91723746970178,True,3.0827625302982185,1.0
19,Greedy,V5,"(74, 53)",68.83380962103094,True,3.166190378969059,1.0
19,Greedy,V6,"(46, 52)",48.83703089298415,True,9.162969107015847,1.0
19,Greedy,V7,"(44, 27)",70.9268185142357,True,7.0731814857642945,1.0
19,Greedy,V8,"(61, 15)",12.66643059515508,True,28.289320754704402,1.0
19,Greedy,V9,"(59, 21)",45.439027610716934,True,7.560972389283066,1.0
19,Greedy,V10,"(90, 16)",36.71975610662865,True,14.280243893371349,1.0
19,Auction,V1,"(89, 36)",65.99537393711334,True,13.004626062886658,1.0
19,Auction,V2,"(16, 95)",39.2241547355088,True,21.775845264491203,1.0
19,Auction,V3,"(25, 5)",61.887387661484055,True,15.112612338515945,1.0
19,Auction,V4,"(54, 66)",35.91723746970178,True,3.0827625302982185,1.0
19,Auction,V5,"(71, 58)",68.83380962103094,True,3.166190378969059,1.0
19,Auction,V6,"(40, 45)",52.84755694283839,True,5.152443057161612,1.0
19,Auction,V7,"(18, 23)",70.61568452067803,True,7.38431547932197,1.0
19,Auction,V8,"(77, 6)",26.960271138812686,True,13.039728861187314,1.0
19,Auction,V9,"(5, 47)",42.34074486054591,True,10.659255139454089,1.0
19,Auction,V10,"(16, 9)",44.13393125268149,True,6.866068747318504,1.0
19,Q-Learning,V1,"(77, 6)",65.61369648945394,True,13.38630351054606,1.0
19,Q-Learning,V2,"(89, 36)",42.81804152757761,True,18.181958472422387,1.0
19,Q-Learning,V3,"(16, 95)",59.44155892815479,True,17.55844107184521,1.0
19,Q-Learning,V4,"(54, 66)",35.91723746970178,True,3.0827625302982185,1.0
19,Q-Learning,V5,"(25, 5)",47.281399488285984,True,24.718600511714016,1.0
19,Q-Learning,V6,"(5, 47)",48.83703089298415,True,9.162969107015847,1.0
19,Q-Learning,V7,"(18, 23)",70.61568452067803,True,7.38431547932197,1.0
19,Q-Learning,V8,"(40, 45)",31.931148128088765,True,8.068851871911235,1.0
19,Q-Learning,V9,"(8, 78)",31.321639053516837,True,21.718024438583225,1.0
19,Q-Learning,V10,"(71, 58)",39.78045554270712,True,11.219544457292887,1.0
20,Greedy,V1,"(83, 19)",65.99537393711334,True,12.004626062886658,1.0
20,Greedy,V2,"(92, 85)",39.2241547355088,True,20.775845264491203,1.0
20,Greedy,V3,"(54, 28)",61.887387661484055,True,14.112612338515945,1.0
20,Greedy,V4,"(49, 96)",35.91723746970178,True,2.0827625302982185,1.0
20,Greedy,V5,"(74, 53)",68.83380962103094,True,2.166190378969059,1.0
20,Greedy,V6,"(46, 52)",48.83703089298415,True,8.162969107015847,1.0
20,Greedy,V7,"(44, 27)",70.9268185142357,True,6.0731814857642945,1.0
20,Greedy,V8,"(61, 15)",12.66643059515508,True,27.289320754704402,1.0
20,Greedy,V9,"(59, 21)",45.439027610716934,True,6.560972389283066,1.0
20,Greedy,V10,"(90, 16)",36.71975610662865,True,13.280243893371349,1.0
20,Auction,V1,"(89, 36)",65.99537393711334,True,12.004626062886658,1.0
20,Auction,V2,"(16, 95)",39.2241547355088,True,20.775845264491203,1.0
20,Auction,V3,"(25, 5)",61.887387661484055,True,14.112612338515945,1.0
20,Auction,V4,"(54, 66)",35.91723746970178,True,2.0827625302982185,1.0
20,Auction,V5,"(71, 58)",68.83380962103094,True,2.166190378969059,1.0
20,Auction,V6,"(40, 45)",52.84755694283839,True,4.152443057161612,1.0
20,Auction,V7,"(18, 23)",70.61568452067803,True,6.38431547932197,1.0
20,Auction,V8,"(77, 6)",26.960271138812686,True,12.039728861187314,1.0
20,Auction,V9,"(5, 47)",42.34074486054591,True,9.659255139454089,1.0
20,Auction,V10,"(16, 9)",44.13393125268149,True,5.866068747318504,1.0
20,Q-Learning,V1,"(77, 6)",65.61369648945394,True,12.38630351054606,1.0
20,Q-Learning,V2,"(89, 36)",42.81804152757761,True,17.181958472422387,1.0
20,Q-Learning,V3,"(16, 95)",59.44155892815479,True,16.55844107184521,1.0
20,Q-Learning,V4,"(54, 66)",35.91723746970178,True,2.0827625302982185,1.0
20,Q-Learning,V5,"(25, 5)",47.281399488285984,True,23.718600511714016,1.0
20,Q-Learning,V6,"(5, 47)",48.83703089298415,True,8.162969107015847,1.0
20,Q-Learning,V7,"(18, 23)",70.61568452067803,True,6.38431547932197,1.0
20,Q-Learning,V8,"(40, 45)",31.931148128088765,True,7.068851871911235,1.0
20,Q-Learning,V9,"(8, 78)",31.321639053516837,True,20.718024438583225,1.0
20,Q-Learning,V10,"(71, 58)",39.78045554270712,True,10.219544457292887,1.0
21,Greedy,V1,"(83, 19)",65.99537393711334,True,11.004626062886658,1.0
21,Greedy,V2,"(92, 85)",39.2241547355088,True,19.775845264491203,1.0
21,Greedy,V3,"(54, 28)",61.887387661484055,True,13.112612338515945,1.0
21,Greedy,V4,"(49, 96)",35.91723746970178,True,1.0827625302982185,1.0
21,Greedy,V5,"(74, 53)",68.83380962103094,True,1.166190378969059,1.0
21,Greedy,V6,"(46, 52)",48.83703089298415,True,7.162969107015847,1.0
21,Greedy,V7,"(44, 27)",70.9268185142357,True,5.0731814857642945,1.0
21,Greedy,V8,"(61, 15)",12.66643059515508,True,26.289320754704402,1.0
21,Greedy,V9,"(59, 21)",45.439027610716934,True,5.560972389283066,1.0
21,Greedy,V10,"(90, 16)",36.71975610662865,True,12.280243893371349,1.0
21,Auction,V1,"(89, 36)",65.99537393711334,True,11.004626062886658,1.0
21,Auction,V2,"(16, 95)",39.2241547355088,True,19.775845264491203,1.0
21,Auction,V3,"(25, 5)",61.887387661484055,True,13.112612338515945,1.0
21,Auction,V4,"(54, 66)",35.91723746970178,True,1.0827625302982185,1.0
21,Auction,V5,"(71, 58)",68.83380962103094,True,1.166190378969059,1.0
21,Auction,V6,"(40, 45)",52.84755694283839,True,3.152443057161612,1.0
21,Auction,V7,"(18, 23)",70.61568452067803,True,5.38431547932197,1.0
21,Auction,V8,"(77, 6)",26.960271138812686,True,11.039728861187314,1.0
21,Auction,V9,"(5, 47)",42.34074486054591,True,8.659255139454089,1.0
21,Auction,V10,"(16, 9)",44.13393125268149,True,4.866068747318504,1.0
21,Q-Learning,V1,"(77, 6)",65.61369648945394,True,11.38630351054606,1.0
21,Q-Learning,V2,"(89, 36)",42.81804152757761,True,16.181958472422387,1.0
21,Q-Learning,V3,"(16, 95)",59.44155892815479,True,15.558441071845209,1.0
21,Q-Learning,V4,"(54, 66)",35.91723746970178,True,1.0827625302982185,1.0
21,Q-Learning,V5,"(25, 5)",47.281399488285984,True,22.718600511714016,1.0
21,Q-Learning,V6,"(5, 47)",48.83703089298415,True,7.162969107015847,1.0
21,Q-Learning,V7,"(18, 23)",70.61568452067803,True,5.38431547932197,1.0
21,Q-Learning,V8,"(40, 45)",31.931148128088765,True,6.068851871911235,1.0
21,Q-Learning,V9,"(8, 78)",31.321639053516837,True,19.718024438583225,1.0
21,Q-Learning,V10,"(71, 58)",39.78045554270712,True,9.219544457292887,1.0
22,Greedy,V1,"(83, 19)",65.99537393711334,True,10.004626062886658,1.0
22,Greedy,V2,"(92, 85)",39.2241547355088,True,18.775845264491203,1.0
22,Greedy,V3,"(54, 28)",61.887387661484055,True,12.112612338515945,1.0
22,Greedy,V4,"(49, 96)",35.91723746970178,True,0.08276253029821845,1.0
22,Greedy,V5,"(74, 53)",68.83380962103094,True,0.16619037896905908,1.0
22,Greedy,V6,"(46, 52)",48.83703089298415,True,6.162969107015847,1.0
22,Greedy,V7,"(44, 27)",70.9268185142357,True,4.0731814857642945,1.0
22,Greedy,V8,"(61, 15)",12.66643059515508,True,25.289320754704402,1.0
22,Greedy,V9,"(59, 21)",45.439027610716934,True,4.560972389283066,1.0
22,Greedy,V10,"(90, 16)",36.71975610662865,True,11.280243893371349,1.0
22,Auction,V1,"(89, 36)",65.99537393711334,True,10.004626062886658,1.0
22,Auction,V2,"(16, 95)",39.2241547355088,True,18.775845264491203,1.0
22,Auction,V3,"(25, 5)",61.887387661484055,True,12.112612338515945,1.0
22,Auction,V4,"(54, 66)",35.91723746970178,True,0.08276253029821845,1.0
22,Auction,V5,"(71, 58)",68.83380962103094,True,0.16619037896905908,1.0
22,Auction,V6,"(40, 45)",52.84755694283839,True,2.152443057161612,1.0
22,Auction,V7,"(18, 23)",70.61568452067803,True,4.38431547932197,1.0
22,Auction,V8,"(77, 6)",26.960271138812686,True,10.039728861187314,1.0
22,Auction,V9,"(5, 47)",42.34074486054591,True,7.659255139454089,1.0
22,Auction,V10,"(16, 9)",44.13393125268149,True,3.8660687473185043,1.0
22,Q-Learning,V1,"(77, 6)",65.61369648945394,True,10.38630351054606,1.0
22,Q-Learning,V2,"(89, 36)",42.81804152757761,True,15.181958472422387,1.0
22,Q-Learning,V3,"(16, 95)",59.44155892815479,True,14.558441071845209,1.0
22,Q-Learning,V4,"(54, 66)",35.91723746970178,True,0.08276253029821845,1.0
22,Q-Learning,V5,"(25, 5)",47.281399488285984,True,21.718600511714016,1.0
22,Q-Learning,V6,"(5, 47)",48.83703089298415,True,6.162969107015847,1.0
22,Q-Learning,V7,"(18, 23)",70.61568452067803,True,4.38431547932197,1.0
22,Q-Learning,V8,"(40, 45)",31.931148128088765,True,5.068851871911235,1.0
22,Q-Learning,V9,"(8, 78)",31.321639053516837,True,18.718024438583225,1.0
22,Q-Learning,V10,"(71, 58)",39.78045554270712,True,8.219544457292887,1.0
23,Greedy,V1,"(83, 19)",65.99537393711334,True,9.004626062886658,1.0
23,Greedy,V2,"(92, 85)",39.2241547355088,True,17.775845264491203,1.0
23,Greedy,V3,"(54, 28)",61.887387661484055,True,11.112612338515945,1.0
23,Greedy,V4,"(49, 96)",9.961792198806538,True,25.955445270895243,1.0
23,Greedy,V5,"(74, 53)",39.710703995413276,True,29.12310562561766,1.0
23,Greedy,V6,"(46, 52)",48.83703089298415,True,5.162969107015847,1.0
23,Greedy,V7,"(44, 27)",70.9268185142357,True,3.0731814857642945,1.0
23,Greedy,V8,"(61, 15)",12.66643059515508,True,24.289320754704402,1.0
23,Greedy,V9,"(59, 21)",45.439027610716934,True,3.560972389283066,1.0
23,Greedy,V10,"(90, 16)",36.71975610662865,True,10.280243893371349,1.0
23,Auction,V1,"(89, 36)",65.99537393711334,True,9.004626062886658,1.0
23,Auction,V2,"(16, 95)",39.2241547355088,True,17.775845264491203,1.0
23,Auction,V3,"(25, 5)",61.887387661484055,True,11.112612338515945,1.0
23,Auction,V4,"(54, 58)",9.31723746970178,True,26.6,1.0
23,Auction,V5,"(69, 53)",37.756776659604036,True,31.0770329614269,1.0
23,Auction,V6,"(40, 45)",52.84755694283839,True,1.1524430571616122,1.0
23,Auction,V7,"(18, 23)",70.61568452067803,True,3.3843154793219696,1.0
23,Auction,V8,"(77, 6)",26.960271138812686,True,9.039728861187314,1.0
23,Auction,V9,"(5, 47)",42.34074486054591,True,6.659255139454089,1.0
23,Auction,V10,"(16, 9)",44.13393125268149,True,2.8660687473185043,1.0
23,Q-Learning,V1,"(77, 6)",65.61369648945394,True,9.38630351054606,1.0
23,Q-Learning,V2,"(89, 36)",42.81804152757761,True,14.181958472422387,1.0
23,Q-Learning,V3,"(16, 95)",59.44155892815479,True,13.558441071845209,1.0
23,Q-Learning,V4,"(54, 58)",9.31723746970178,True,26.6,1.0
23,Q-Learning,V5,"(25, 5)",47.281399488285984,True,20.718600511714016,1.0
23,Q-Learning,V6,"(5, 47)",48.83703089298415,True,5.162969107015847,1.0
23,Q-Learning,V7,"(18, 23)",70.61568452067803,True,3.3843154793219696,1.0
23,Q-Learning,V8,"(40, 45)",31.931148128088765,True,4.068851871911235,1.0
23,Q-Learning,V9,"(8, 78)",31.321639053516837,True,17.718024438583225,1.0
23,Q-Learning,V10,"(71, 58)",39.78045554270712,True,7.219544457292887,1.0
24,Greedy,V1,"(83, 19)",65.99537393711334,True,8.004626062886658,1.0
24,Greedy,V2,"(92, 85)",39.2241547355088,True,16.775845264491203,1.0
24,Greedy,V3,"(54, 28)",61.887387661484055,True,10.112612338515945,1.0
24,Greedy,V4,"(49, 96)",9.961792198806538,True,24.955445270895243,1.0
24,Greedy,V5,"(74, 53)",39.710703995413276,True,28.12310562561766,1.0
24,Greedy,V6,"(46, 52)",48.83703089298415,True,4.162969107015847,1.0
24,Greedy,V7,"(44, 27)",70.9268185142357,True,2.0731814857642945,1.0
24,Greedy,V8,"(61, 15)",12.66643059515508,True,23.289320754704402,1.0
24,Greedy,V9,"(59, 21)",45.439027610716934,True,2.560972389283066,1.0
24,Greedy,V10,"(90, 16)",36.71975610662865,True,9.280243893371349,1.0
24,Auction,V1,"(89, 36)",65.99537393711334,True,8.004626062886658,1.0
24,Auction,V2,"(16, 95)",39.2241547355088,True,16.775845264491203,1.0
24,Auction,V3,"(25, 5)",61.887387661484055,True,10.112612338515945,1.0
24,Auction,V4,"(54, 58)",9.31723746970178,True,25.6,1.0
24,Auction,V5,"(69, 53)",37.756776659604036,True,30.0770329614269,1.0
24,Auction,V6,"(40, 45)",52.84755694283839,True,0.15244305716161222,1.0
24,Auction,V7,"(18, 23)",70.61568452067803,True,2.3843154793219696,1.0
24,Auction,V8,"(77, 6)",26.960271138812686,True,8.039728861187314,1.0
24,Auction,V9,"(5, 47)",42.34074486054591,True,5.659255139454089,1.0
24,Auction,V10,"(16, 9)",44.13393125268149,True,1.8660687473185043,1.0
24,Q-Learning,V1,"(77, 6)",65.61369648945394,True,8.38630351054606,1.0
24,Q-Learning,V2,"(89, 36)",42.81804152757761,True,13.181958472422387,1.0
24,Q-Learning,V3,"(16, 95)",59.44155892815479,True,12.558441071845209,1.0
24,Q-Learning,V4,"(54, 58)",9.31723746970178,True,25.6,1.0
24,Q-Learning,V5,"(25, 5)",47.281399488285984,True,19.718600511714016,1.0
24,Q-Learning,V6,"(5, 47)",48.83703089298415,True,4.162969107015847,1.0
24,Q-Learning,V7,"(18, 23)",70.61568452067803,True,2.3843154793219696,1.0
24,Q-Learning,V8,"(40, 45)",31.931148128088765,True,3.068851871911235,1.0
24,Q-Learning,V9,"(8, 78)",31.321639053516837,True,16.718024438583225,1.0
24,Q-Learning,V10,"(71, 58)",39.78045554270712,True,6.219544457292887,1.0
25,Greedy,V1,"(83, 19)",65.99537393711334,True,7.004626062886658,1.0
25,Greedy,V2,"(92, 85)",39.2241547355088,True,15.775845264491203,1.0
25,Greedy,V3,"(54, 28)",61.887387661484055,True,9.112612338515945,1.0
25,Greedy,V4,"(49, 96)",9.961792198806538,True,23.955445270895243,1.0
25,Greedy,V5,"(74, 53)",39.710703995413276,True,27.12310562561766,1.0
25,Greedy,V6,"(46, 52)",48.83703089298415,True,3.162969107015847,1.0
25,Greedy,V7,"(44, 27)",70.9268185142357,True,1.0731814857642945,1.0
25,Greedy,V8,"(61, 15)",12.66643059515508,True,22.289320754704402,1.0
25,Greedy,V9,"(59, 21)",45.439027610716934,True,1.5609723892830658,1.0
25,Greedy,V10,"(90, 16)",36.71975610662865,True,8.280243893371349,1.0
25,Auction,V1,"(89, 36)",65.99537393711334,True,7.004626062886658,1.0
25,Auction,V2,"(16, 95)",39.2241547355088,True,15.775845264491203,1.0
25,Auction,V3,"(25, 5)",61.887387661484055,True,9.112612338515945,1.0
25,Auction,V4,"(54, 58)",9.31723746970178,True,24.6,1.0
25,Auction,V5,"(69, 53)",37.756776659604036,True,29.0770329614269,1.0
25,Auction,V6,"(31, 45)",36.72255694283839,True,16.125,1.0
25,Auction,V7,"(18, 23)",70.61568452067803,True,1.3843154793219696,1.0
25,Auction,V8,"(77, 6)",26.960271138812686,True,7.039728861187314,1.0
25,Auction,V9,"(5, 47)",42.34074486054591,True,4.659255139454089,1.0
25,Auction,V10,"(16, 9)",44.13393125268149,True,0.8660687473185043,1.0
25,Q-Learning,V1,"(77, 6)",65.61369648945394,True,7.38630351054606,1.0
25,Q-Learning,V2,"(89, 36)",42.81804152757761,True,12.181958472422387,1.0
25,Q-Learning,V3,"(16, 95)",59.44155892815479,True,11.558441071845209,1.0
25,Q-Learning,V4,"(54, 58)",9.31723746970178,True,24.6,1.0
25,Q-Learning,V5,"(25, 5)",47.281399488285984,True,18.718600511714016,1.0
25,Q-Learning,V6,"(5, 47)",48.83703089298415,True,3.162969107015847,1.0
25,Q-Learning,V7,"(18, 23)",70.61568452067803,True,1.3843154793219696,1.0
25,Q-Learning,V8,"(40, 45)",31.931148128088765,True,2.068851871911235,1.0
25,Q-Learning,V9,"(8, 78)",31.321639053516837,True,15.718024438583225,1.0
25,Q-Learning,V10,"(71, 58)",39.78045554270712,True,5.219544457292887,1.0
26,Greedy,V1,"(83, 19)",65.99537393711334,True,6.004626062886658,1.0
26,Greedy,V2,"(92, 85)",39.2241547355088,True,14.775845264491203,1.0
26,Greedy,V3,"(54, 28)",61.887387661484055,True,8.112612338515945,1.0
26,Greedy,V4,"(49, 96)",9.961792198806538,True,22.955445270895243,1.0
26,Greedy,V5,"(74, 53)",39.710703995413276,True,26.12310562561766,1.0
26,Greedy,V6,"(46, 52)",48.83703089298415,True,2.162969107015847,1.0
26,Greedy,V7,"(44, 27)",70.9268185142357,True,0.07318148576429451,1.0
26,Greedy,V8,"(61, 15)",12.66643059515508,True,21.289320754704402,1.0
26,Greedy,V9,"(59, 21)",45.439027610716934,True,0.5609723892830658,1.0
26,Greedy,V10,"(90, 16)",36.71975610662865,True,7.280243893371349,1.0
26,Auction,V1,"(89, 36)",65.99537393711334,True,6.004626062886658,1.0
26,Auction,V2,"(16, 95)",39.2241547355088,True,14.775845264491203,1.0
26,Auction,V3,"(25, 5)",61.887387661484055,True,8.112612338515945,1.0
26,Auction,V4,"(54, 58)",9.31723746970178,True,23.6,1.0
26,Auction,V5,"(69, 53)",37.756776659604036,True,28.0770329614269,1.0
26,Auction,V6,"(31, 45)",36.72255694283839,True,15.125,1.0
26,Auction,V7,"(18, 23)",70.61568452067803,True,0.38431547932196963,1.0
26,Auction,V8,"(77, 6)",26.960271138812686,True,6.039728861187314,1.0
26,Auction,V9,"(5, 47)",42.34074486054591,True,3.659255139454089,1.0
26,Auction,V10,"(52, 25)",19.25484501124461,True,24.879086241436884,1.0
26,Q-Learning,V1,"(77, 6)",65.61369648945394,True,6.38630351054606,1.0
26,Q-Learning,V2,"(89, 36)",42.81804152757761,True,11.181958472422387,1.0
26,Q-Learning,V3,"(16, 95)",59.44155892815479,True,10.558441071845209,1.0
26,Q-Learning,V4,"(54, 58)",9.31723746970178,True,23.6,1.0
26,Q-Learning,V5,"(25, 5)",47.281399488285984,True,17.718600511714016,1.0
26,Q-Learning,V6,"(5, 47)",48.83703089298415,True,2.162969107015847,1.0
26,Q-Learning,V7,"(18, 23)",70.61568452067803,True,0.38431547932196963,1.0
26,Q-Learning,V8,"(40, 45)",31.931148128088765,True,1.0688518719112352,1.0
26,Q-Learning,V9,"(8, 78)",31.321639053516837,True,14.718024438583225,1.0
26,Q-Learning,V10,"(71, 58)",39.78045554270712,True,4.219544457292887,1.0
27,Greedy,V1,"(83, 19)",65.99537393711334,True,5.004626062886658,1.0
27,Greedy,V2,"(92, 85)",39.2241547355088,True,13.775845264491203,1.0
27,Greedy,V3,"(54, 28)",61.887387661484055,True,7.1126123385159445,1.0
27,Greedy,V4,"(49, 96)",9.961792198806538,True,21.955445270895243,1.0
27,Greedy,V5,"(74, 53)",39.710703995413276,True,25.12310562561766,1.0
27,Greedy,V6,"(46, 52)",48.83703089298415,True,1.1629691070158472,1.0
27,Greedy,V7,"(44, 27)",50.20827039065358,True,20.718548123582124,1.0
27,Greedy,V8,"(61, 15)",12.66643059515508,True,20.289320754704402,1.0
27,Greedy,V9,"(59, 21)",11.713904363108,True,33.725123247608934,1.0
27,Greedy,V10,"(90, 16)",36.71975610662865,True,6.280243893371349,1.0
27,Auction,V1,"(89, 36)",65.99537393711334,True,5.004626062886658,1.0
27,Auction,V2,"(16, 95)",39.2241547355088,True,13.775845264491203,1.0
27,Auction,V3,"(25, 5)",61.887387661484055,True,7.1126123385159445,1.0
27,Auction,V4,"(54, 58)",9.31723746970178,True,22.6,1.0
27,Auction,V5,"(69, 53)",37.756776659604036,True,27.0770329614269,1.0
27,Auction,V6,"(31, 45)",36.72255694283839,True,14.125,1.0
27,Auction,V7,"(16, 56)",51.105592769072516,True,19.510091751605515,1.0
27,Auction,V8,"(77, 6)",26.960271138812686,True,5.039728861187314,1.0
27,Auction,V9,"(5, 47)",42.34074486054591,True,2.659255139454089,1.0
27,Auction,V10,"(52, 25)",19.25484501124461,True,23.879086241436884,1.0
27,Q-Learning,V1,"(77, 6)",65.61369648945394,True,5.38630351054606,1.0
27,Q-Learning,V2,"(89, 36)",42.81804152757761,True,10.181958472422387,1.0
27,Q-Learning,V3,"(16, 95)",59.44155892815479,True,9.558441071845209,1.0
27,Q-Learning,V4,"(54, 58)",9.31723746970178,True,22.6,1.0
27,Q-Learning,V5,"(25, 5)",47.281399488285984,True,16.718600511714016,1.0
27,Q-Learning,V6,"(5, 47)",48.83703089298415,True,1.1629691070158472,1.0
27,Q-Learning,V7,"(34, 43)",48.34693502905613,True,22.2687494916219,1.0
27,Q-Learning,V8,"(40, 45)",31.931148128088765,True,0.06885187191123521,1.0
27,Q-Learning,V9,"(8, 78)",31.321639053516837,True,13.718024438583225,1.0
27,Q-Learning,V10,"(71, 58)",39.78045554270712,True,3.219544457292887,1.0
28,Greedy,V1,"(83, 19)",65.99537393711334,True,4.004626062886658,1.0
28,Greedy,V2,"(92, 85)",39.2241547355088,True,12.775845264491203,1.0
28,Greedy,V3,"(54, 28)",61.887387661484055,True,6.1126123385159445,1.0
28,Greedy,V4,"(49, 96)",9.961792198806538,True,20.955445270895243,1.0
28,Greedy,V5,"(74, 53)",39.710703995413276,True,24.12310562561766,1.0
28,Greedy,V6,"(46, 52)",48.83703089298415,True,0.16296910701584721,1.0
28,Greedy,V7,"(44, 27)",50.20827039065358,True,19.718548123582124,1.0
28,Greedy,V8,"(61, 15)",12.66643059515508,True,19.289320754704402,1.0
28,Greedy,V9,"(59, 21)",11.713904363108,True,32.725123247608934,1.0
28,Greedy,V10,"(90, 16)",36.71975610662865,True,5.280243893371349,1.0
28,Auction,V1,"(89, 36)",65.99537393711334,True,4.004626062886658,1.0
28,Auction,V2,"(16, 95)",39.2241547355088,True,12.775845264491203,1.0
28,Auction,V3,"(25, 5)",61.887387661484055,True,6.1126123385159445,1.0
28,Auction,V4,"(54, 58)",9.31723746970178,True,21.6,1.0
28,Auction,V5,"(69, 53)",37.756776659604036,True,26.0770329614269,1.0
28,Auction,V6,"(31, 45)",36.72255694283839,True,13.125,1.0
28,Auction,V7,"(16, 56)",51.105592769072516,True,18.510091751605515,1.0
28,Auction,V8,"(77, 6)",26.960271138812686,True,4.039728861187314,1.0
28,Auction,V9,"(5, 47)",42.34074486054591,True,1.659255139454089,1.0
28,Auction,V10,"(52, 25)",19.25484501124461,True,22.879086241436884,1.0
28,Q-Learning,V1,"(77, 6)",65.61369648945394,True,4.38630351054606,1.0
28,Q-Learning,V2,"(89, 36)",42.81804152757761,True,9.181958472422387,1.0
28,Q-Learning,V3,"(16, 95)",59.44155892815479,True,8.558441071845209,1.0
28,Q-Learning,V4,"(54, 58)",9.31723746970178,True,21.6,1.0
28,Q-Learning,V5,"(25, 5)",47.281399488285984,True,15.718600511714016,1.0
28,Q-Learning,V6,"(5, 47)",48.83703089298415,True,0.16296910701584721,1.0
28,Q-Learning,V7,"(34, 43)",48.34693502905613,True,21.2687494916219,1.0
28,Q-Learning,V8,"(91, 63)",1.9218960023154494,True,30.009252125773315,1.0
28,Q-Learning,V9,"(8, 78)",31.321639053516837,True,12.718024438583225,1.0
28,Q-Learning,V10,"(71, 58)",39.78045554270712,True,2.219544457292887,1.0
29,Greedy,V1,"(83, 19)",65.99537393711334,True,3.0046260628866577,1.0
29,Greedy,V2,"(92, 85)",39.2241547355088,True,11.775845264491203,1.0
29,Greedy,V3,"(54, 28)",61.887387661484055,True,5.1126123385159445,1.0
29,Greedy,V4,"(49, 96)",9.961792198806538,True,19.955445270895243,1.0
29,Greedy,V5,"(74, 53)",39.710703995413276,True,23.12310562561766,1.0
29,Greedy,V6,"(46, 52)",28.37970172149932,True,20.457329171484833,1.0
29,Greedy,V7,"(44, 27)",50.20827039065358,True,18.718548123582124,1.0
29,Greedy,V8,"(61, 15)",12.66643059515508,True,18.289320754704402,1.0
29,Greedy,V9,"(59, 21)",11.713904363108,True,31.725123247608934,1.0
29,Greedy,V10,"(90, 16)",36.71975610662865,True,4.280243893371349,1.0
29,Auction,V1,"(89, 36)",65.99537393711334,True,3.0046260628866577,1.0
29,Auction,V2,"(16, 95)",39.2241547355088,True,11.775845264491203,1.0
29,Auction,V3,"(25, 5)",61.887387661484055,True,5.1126123385159445,1.0
29,Auction,V4,"(54, 58)",9.31723746970178,True,20.6,1.0
29,Auction,V5,"(69, 53)",37.756776659604036,True,25.0770329614269,1.0
29,Auction,V6,"(31, 45)",36.72255694283839,True,12.125,1.0
29,Auction,V7,"(16, 56)",51.105592769072516,True,17.510091751605515,1.0
29,Auction,V8,"(77, 6)",26.960271138812686,True,3.0397288611873137,1.0
29,Auction,V9,"(5, 47)",42.34074486054591,True,0.6592551394540891,1.0
29,Auction,V10,"(52, 25)",19.25484501124461,True,21.879086241436884,1.0
29,Q-Learning,V1,"(77, 6)",65.61369648945394,True,3.3863035105460604,1.0
29,Q-Learning,V2,"(89, 36)",42.81804152757761,True,8.181958472422387,1.0
29,Q-Learning,V3,"(16, 95)",59.44155892815479,True,7.558441071845209,1.0
29,Q-Learning,V4,"(54, 58)",9.31723746970178,True,20.6,1.0
29,Q-Learning,V5,"(25, 5)",47.281399488285984,True,14.718600511714016,1.0
29,Q-Learning,V6,"(1, 68)",23.16483610218016,True,25.672194790803992,1.0
29,Q-Learning,V7,"(34, 43)",48.34693502905613,True,20.2687494916219,1.0
29,Q-Learning,V8,"(91, 63)",1.9218960023154494,True,29.009252125773315,1.0
29,Q-Learning,V9,"(8, 78)",31.321639053516837,True,11.718024438583225,1.0
29,Q-Learning,V10,"(71, 58)",39.78045554270712,True,1.219544457292887,1.0
30,Greedy,V1,"(83, 19)",65.99537393711334,True,2.0046260628866577,1.0
30,Greedy,V2,"(92, 85)",39.2241547355088,True,10.775845264491203,1.0
30,Greedy,V3,"(54, 28)",61.887387661484055,True,4.1126123385159445,1.0
30,Greedy,V4,"(49, 96)",9.961792198806538,True,18.955445270895243,1.0
30,Greedy,V5,"(74, 53)",39.710703995413276,True,22.12310562561766,1.0
30,Greedy,V6,"(46, 52)",28.37970172149932,True,19.457329171484833,1.0
30,Greedy,V7,"(44, 27)",50.20827039065358,True,17.718548123582124,1.0
30,Greedy,V8,"(61, 15)",12.66643059515508,True,17.289320754704402,1.0
30,Greedy,V9,"(59, 21)",11.713904363108,True,30.725123247608934,1.0
30,Greedy,V10,"(90, 16)",36.71975610662865,True,3.280243893371349,1.0
30,Auction,V1,"(89, 36)",65.99537393711334,True,2.0046260628866577,1.0
30,Auction,V2,"(16, 95)",39.2241547355088,True,10.775845264491203,1.0
30,Auction,V3,"(25, 5)",61.887387661484055,True,4.1126123385159445,1.0
30,Auction,V4,"(54, 58)",9.31723746970178,True,19.6,1.0
30,Auction,V5,"(69, 53)",37.756776659604036,True,24.0770329614269,1.0
30,Auction,V6,"(31, 45)",36.72255694283839,True,11.125,1.0
30,Auction,V7,"(16, 56)",51.105592769072516,True,16.510091751605515,1.0
30,Auction,V8,"(77, 6)",26.960271138812686,True,2.0397288611873137,1.0
30,Auction,V9,"(8, 78)",21.880208971124258,True,20.460535889421653,1.0
30,Auction,V10,"(52, 25)",19.25484501124461,True,20.879086241436884,1.0
30,Q-Learning,V1,"(77, 6)",65.61369648945394,True,2.3863035105460604,1.0
30,Q-Learning,V2,"(89, 36)",42.81804152757761,True,7.181958472422387,1.0
30,Q-Learning,V3,"(16, 95)",59.44155892815479,True,6.558441071845209,1.0
30,Q-Learning,V4,"(54, 58)",9.31723746970178,True,19.6,1.0
30,Q-Learning,V5,"(25, 5)",47.281399488285984,True,13.718600511714016,1.0
30,Q-Learning,V6,"(1, 68)",23.16483610218016,True,24.672194790803992,1.0
30,Q-Learning,V7,"(34, 43)",48.34693502905613,True,19.2687494916219,1.0
30,Q-Learning,V8,"(91, 63)",1.9218960023154494,True,28.009252125773315,1.0
30,Q-Learning,V9,"(8, 78)",31.321639053516837,True,10.718024438583225,1.0
30,Q-Learning,V10,"(71, 58)",39.78045554270712,True,0.21954445729288707,1.0
31,Greedy,V1,"(83, 19)",65.99537393711334,True,1.0046260628866577,1.0
31,Greedy,V2,"(92, 85)",39.2241547355088,True,9.775845264491203,1.0
31,Greedy,V3,"(54, 28)",61.887387661484055,True,3.1126123385159445,1.0
31,Greedy,V4,"(49, 96)",9.961792198806538,True,17.955445270895243,1.0
31,Greedy,V5,"(74, 53)",39.710703995413276,True,21.12310562561766,1.0
31,Greedy,V6,"(46, 52)",28.37970172149932,True,18.457329171484833,1.0
31,Greedy,V7,"(44, 27)",50.20827039065358,True,16.718548123582124,1.0
31,Greedy,V8,"(61, 15)",12.66643059515508,True,16.289320754704402,1.0
31,Greedy,V9,"(59, 21)",11.713904363108,True,29.725123247608934,1.0
31,Greedy,V10,"(90, 16)",36.71975610662865,True,2.280243893371349,1.0
31,Auction,V1,"(89, 36)",65.99537393711334,True,1.0046260628866577,1.0
31,Auction,V2,"(16, 95)",39.2241547355088,True,9.775845264491203,1.0
31,Auction,V3,"(25, 5)",61.887387661484055,True,3.1126123385159445,1.0
31,Auction,V4,"(54, 58)",9.31723746970178,True,18.6,1.0
31,Auction,V5,"(69, 53)",37.756776659604036,True,23.0770329614269,1.0
31,Auction,V6,"(31, 45)",36.72255694283839,True,10.125,1.0
31,Auction,V7,"(16, 56)",51.105592769072516,True,15.510091751605515,1.0
31,Auction,V8,"(77, 6)",26.960271138812686,True,1.0397288611873137,1.0
31,Auction,V9,"(8, 78)",21.880208971124258,True,19.460535889421653,1.0
31,Auction,V10,"(52, 25)",19.25484501124461,True,19.879086241436884,1.0
31,Q-Learning,V1,"(77, 6)",65.61369648945394,True,1.3863035105460604,1.0
31,Q-Learning,V2,"(89, 36)",42.81804152757761,True,6.181958472422387,1.0
31,Q-Learning,V3,"(16, 95)",59.44155892815479,True,5.558441071845209,1.0
31,Q-Learning,V4,"(54, 58)",9.31723746970178,True,18.6,1.0
31,Q-Learning,V5,"(25, 5)",47.281399488285984,True,12.718600511714016,1.0
31,Q-Learning,V6,"(1, 68)",23.16483610218016,True,23.672194790803992,1.0
31,Q-Learning,V7,"(34, 43)",48.34693502905613,True,18.2687494916219,1.0
31,Q-Learning,V8,"(91, 63)",1.9218960023154494,True,27.009252125773315,1.0
31,Q-Learning,V9,"(8, 78)",31.321639053516837,True,9.718024438583225,1.0
31,Q-Learning,V10,"(69, 53)",8.703422581280215,True,31.0770329614269,1.0
32,Greedy,V1,"(83, 19)",65.99537393711334,True,0.004626062886657678,1.0
32,Greedy,V2,"(92, 85)",39.2241547355088,True,8.775845264491203,1.0
32,Greedy,V3,"(54, 28)",61.887387661484055,True,2.1126123385159445,1.0
32,Greedy,V4,"(49, 96)",9.961792198806538,True,16.955445270895243,1.0
32,Greedy,V5,"(74, 53)",39.710703995413276,True,20.12310562561766,1.0
32,Greedy,V6,"(46, 52)",28.37970172149932,True,17.457329171484833,1.0
32,Greedy,V7,"(44, 27)",50.20827039065358,True,15.718548123582124,1.0
32,Greedy,V8,"(61, 15)",12.66643059515508,True,15.289320754704402,1.0
32,Greedy,V9,"(59, 21)",11.713904363108,True,28.725123247608934,1.0
32,Greedy,V10,"(90, 16)",36.71975610662865,True,1.280243893371349,1.0
32,Auction,V1,"(89, 36)",65.99537393711334,True,0.004626062886657678,1.0
32,Auction,V2,"(16, 95)",39.2241547355088,True,8.775845264491203,1.0
32,Auction,V3,"(25, 5)",61.887387661484055,True,2.1126123385159445,1.0
32,Auction,V4,"(54, 58)",9.31723746970178,True,17.6,1.0
32,Auction,V5,"(69, 53)",37.756776659604036,True,22.0770329614269,1.0
32,Auction,V6,"(31, 45)",36.72255694283839,True,9.125,1.0
32,Auction,V7,"(16, 56)",51.105592769072516,True,14.510091751605515,1.0
32,Auction,V8,"(77, 6)",26.960271138812686,True,0.03972886118731367,1.0
32,Auction,V9,"(8, 78)",21.880208971124258,True,18.460535889421653,1.0
32,Auction,V10,"(52, 25)",19.25484501124461,True,18.879086241436884,1.0
32,Q-Learning,V1,"(77, 6)",65.61369648945394,True,0.3863035105460604,1.0
32,Q-Learning,V2,"(89, 36)",42.81804152757761,True,5.181958472422387,1.0
32,Q-Learning,V3,"(16, 95)",59.44155892815479,True,4.558441071845209,1.0
32,Q-Learning,V4,"(54, 58)",9.31723746970178,True,17.6,1.0
32,Q-Learning,V5,"(25, 5)",47.281399488285984,True,11.718600511714016,1.0
32,Q-Learning,V6,"(1, 68)",23.16483610218016,True,22.672194790803992,1.0
32,Q-Learning,V7,"(34, 43)",48.34693502905613,True,17.2687494916219,1.0
32,Q-Learning,V8,"(91, 63)",1.9218960023154494,True,26.009252125773315,1.0
32,Q-Learning,V9,"(8, 78)",31.321639053516837,True,8.718024438583225,1.0
32,Q-Learning,V10,"(69, 53)",8.703422581280215,True,30.0770329614269,1.0
33,Greedy,V1,"(83, 19)",41.30574603461425,True,24.68962790249909,1.0
33,Greedy,V2,"(92, 85)",39.2241547355088,True,7.775845264491203,1.0
33,Greedy,V3,"(54, 28)",61.887387661484055,True,1.1126123385159445,1.0
33,Greedy,V4,"(49, 96)",9.961792198806538,True,15.955445270895243,1.0
33,Greedy,V5,"(74, 53)",39.710703995413276,True,19.12310562561766,1.0
33,Greedy,V6,"(46, 52)",28.37970172149932,True,16.457329171484833,1.0
33,Greedy,V7,"(44, 27)",50.20827039065358,True,14.718548123582124,1.0
33,Greedy,V8,"(61, 15)",12.66643059515508,True,14.289320754704402,1.0
33,Greedy,V9,"(59, 21)",11.713904363108,True,27.725123247608934,1.0
33,Greedy,V10,"(90, 16)",36.71975610662865,True,0.2802438933713489,1.0
33,Auction,V1,"(84, 52)",50.20153150140664,True,15.793842435706702,1.0
33,Auction,V2,"(16, 95)",39.2241547355088,True,7.775845264491203,1.0
33,Auction,V3,"(25, 5)",61.887387661484055,True,1.1126123385159445,1.0
33,Auction,V4,"(54, 58)",9.31723746970178,True,16.6,1.0
33,Auction,V5,"(69, 53)",37.756776659604036,True,21.0770329614269,1.0
33,Auction,V6,"(31, 45)",36.72255694283839,True,8.125,1.0
33,Auction,V7,"(16, 56)",51.105592769072516,True,13.510091751605515,1.0
33,Auction,V8,"(50, 25)",8.291921356763979,True,18.668349782048708,1.0
33,Auction,V9,"(8, 78)",21.880208971124258,True,17.460535889421653,1.0
33,Auction,V10,"(52, 25)",19.25484501124461,True,17.879086241436884,1.0
33,Q-Learning,V1,"(76, 18)",45.60676405965523,True,20.006932429798717,1.0
33,Q-Learning,V2,"(89, 36)",42.81804152757761,True,4.181958472422387,1.0
33,Q-Learning,V3,"(16, 95)",59.44155892815479,True,3.558441071845209,1.0
33,Q-Learning,V4,"(54, 58)",9.31723746970178,True,16.6,1.0
33,Q-Learning,V5,"(25, 5)",47.281399488285984,True,10.718600511714016,1.0
33,Q-Learning,V6,"(1, 68)",23.16483610218016,True,21.672194790803992,1.0
33,Q-Learning,V7,"(34, 43)",48.34693502905613,True,16.2687494916219,1.0
33,Q-Learning,V8,"(91, 63)",1.9218960023154494,True,25.009252125773315,1.0
33,Q-Learning,V9,"(8, 78)",31.321639053516837,True,7.718024438583225,1.0
33,Q-Learning,V10,"(69, 53)",8.703422581280215,True,29.0770329614269,1.0
34,Greedy,V1,"(83, 19)",41.30574603461425,True,23.68962790249909,1.0
34,Greedy,V2,"(92, 85)",39.2241547355088,True,6.775845264491203,1.0
34,Greedy,V3,"(54, 28)",61.887387661484055,True,0.11261233851594454,1.0
34,Greedy,V4,"(49, 96)",9.961792198806538,True,14.955445270895243,1.0
34,Greedy,V5,"(74, 53)",39.710703995413276,True,18.12310562561766,1.0
34,Greedy,V6,"(46, 52)",28.37970172149932,True,15.457329171484833,1.0
34,Greedy,V7,"(44, 27)",50.20827039065358,True,13.718548123582124,1.0
34,Greedy,V8,"(61, 15)",12.66643059515508,True,13.289320754704402,1.0
34,Greedy,V9,"(59, 21)",11.713904363108,True,26.725123247608934,1.0
34,Greedy,V10,"(90, 16)",16.420441070270787,True,20.299315036357864,1.0
34,Auction,V1,"(84, 52)",50.20153150140664,True,14.793842435706702,1.0
34,Auction,V2,"(16, 95)",39.2241547355088,True,6.775845264491203,1.0
34,Auction,V3,"(25, 5)",61.887387661484055,True,0.11261233851594454,1.0
34,Auction,V4,"(54, 58)",9.31723746970178,True,15.600000000000001,1.0
34,Auction,V5,"(69, 53)",37.756776659604036,True,20.0770329614269,1.0
34,Auction,V6,"(31, 45)",36.72255694283839,True,7.125,1.0
34,Auction,V7,"(16, 56)",51.105592769072516,True,12.510091751605515,1.0
34,Auction,V8,"(50, 25)",8.291921356763979,True,17.668349782048708,1.0
34,Auction,V9,"(8, 78)",21.880208971124258,True,16.460535889421653,1.0
34,Auction,V10,"(52, 25)",19.25484501124461,True,16.879086241436884,1.0
34,Q-Learning,V1,"(76, 18)",45.60676405965523,True,19.006932429798717,1.0
34,Q-Learning,V2,"(89, 36)",42.81804152757761,True,3.1819584724223873,1.0
34,Q-Learning,V3,"(16, 95)",59.44155892815479,True,2.558441071845209,1.0
34,Q-Learning,V4,"(54, 58)",9.31723746970178,True,15.600000000000001,1.0
34,Q-Learning,V5,"(25, 5)",47.281399488285984,True,9.718600511714016,1.0
34,Q-Learning,V6,"(1, 68)",23.16483610218016,True,20.672194790803992,1.0
34,Q-Learning,V7,"(34, 43)",48.34693502905613,True,15.2687494916219,1.0
34,Q-Learning,V8,"(91, 63)",1.9218960023154494,True,24.009252125773315,1.0
34,Q-Learning,V9,"(8, 78)",31.321639053516837,True,6.718024438583225,1.0
34,Q-Learning,V10,"(69, 53)",8.703422581280215,True,28.0770329614269,1.0
35,Greedy,V1,"(83, 19)",41.30574603461425,True,22.68962790249909,1.0
35,Greedy,V2,"(92, 85)",39.2241547355088,True,5.775845264491203,1.0
35,Greedy,V3,"(54, 28)",27.286218160823132,True,34.60116950066092,1.0
35,Greedy,V4,"(49, 96)",9.961792198806538,True,13.955445270895243,1.0
35,Greedy,V5,"(74, 53)",39.710703995413276,True,17.12310562561766,1.0
35,Greedy,V6,"(46, 52)",28.37970172149932,True,14.457329171484833,1.0
35,Greedy,V7,"(44, 27)",50.20827039065358,True,12.718548123582124,1.0
35,Greedy,V8,"(61, 15)",12.66643059515508,True,12.289320754704402,1.0
35,Greedy,V9,"(59, 21)",11.713904363108,True,25.725123247608934,1.0
35,Greedy,V10,"(90, 16)",16.420441070270787,True,19.299315036357864,1.0
35,Auction,V1,"(84, 52)",50.20153150140664,True,13.793842435706702,1.0
35,Auction,V2,"(16, 95)",39.2241547355088,True,5.775845264491203,1.0
35,Auction,V3,"(38, 3)",50.42594916837673,True,11.461438493107323,1.0
35,Auction,V4,"(54, 58)",9.31723746970178,True,14.600000000000001,1.0
35,Auction,V5,"(69, 53)",37.756776659604036,True,19.0770329614269,1.0
35,Auction,V6,"(31, 45)",36.72255694283839,True,6.125,1.0
35,Auction,V7,"(16, 56)",51.105592769072516,True,11.510091751605515,1.0
35,Auction,V8,"(50, 25)",8.291921356763979,True,16.668349782048708,1.0
35,Auction,V9,"(8, 78)",21.880208971124258,True,15.460535889421653,1.0
35,Auction,V10,"(52, 25)",19.25484501124461,True,15.879086241436884,1.0
35,Q-Learning,V1,"(76, 18)",45.60676405965523,True,18.006932429798717,1.0
35,Q-Learning,V2,"(89, 36)",42.81804152757761,True,2.1819584724223873,1.0
35,Q-Learning,V3,"(16, 95)",59.44155892815479,True,1.558441071845209,1.0
35,Q-Learning,V4,"(54, 58)",9.31723746970178,True,14.600000000000001,1.0
35,Q-Learning,V5,"(25, 5)",47.281399488285984,True,8.718600511714016,1.0
35,Q-Learning,V6,"(1, 68)",23.16483610218016,True,19.672194790803992,1.0
35,Q-Learning,V7,"(34, 43)",48.34693502905613,True,14.2687494916219,1.0
35,Q-Learning,V8,"(91, 63)",1.9218960023154494,True,23.009252125773315,1.0
35,Q-Learning,V9,"(8, 78)",31.321639053516837,True,5.718024438583225,1.0
35,Q-Learning,V10,"(69, 53)",8.703422581280215,True,27.0770329614269,1.0
36,Greedy,V1,"(83, 19)",41.30574603461425,True,21.68962790249909,1.0
36,Greedy,V2,"(92, 85)",39.2241547355088,True,4.775845264491203,1.0
36,Greedy,V3,"(54, 28)",27.286218160823132,True,33.60116950066092,1.0
36,Greedy,V4,"(49, 96)",9.961792198806538,True,12.955445270895243,1.0
36,Greedy,V5,"(74, 53)",39.710703995413276,True,16.12310562561766,1.0
36,Greedy,V6,"(46, 52)",28.37970172149932,True,13.457329171484833,1.0
36,Greedy,V7,"(44, 27)",50.20827039065358,True,11.718548123582124,1.0
36,Greedy,V8,"(61, 15)",12.66643059515508,True,11.289320754704402,1.0
36,Greedy,V9,"(59, 21)",11.713904363108,True,24.725123247608934,1.0
36,Greedy,V10,"(90, 16)",16.420441070270787,True,18.299315036357864,1.0
36,Auction,V1,"(84, 52)",50.20153150140664,True,12.793842435706702,1.0
36,Auction,V2,"(16, 95)",39.2241547355088,True,4.775845264491203,1.0
36,Auction,V3,"(38, 3)",50.42594916837673,True,10.461438493107323,1.0
36,Auction,V4,"(54, 58)",9.31723746970178,True,13.600000000000001,1.0
36,Auction,V5,"(69, 53)",37.756776659604036,True,18.0770329614269,1.0
36,Auction,V6,"(31, 45)",36.72255694283839,True,5.125,1.0
36,Auction,V7,"(16, 56)",51.105592769072516,True,10.510091751605515,1.0
36,Auction,V8,"(50, 25)",8.291921356763979,True,15.668349782048708,1.0
36,Auction,V9,"(8, 78)",21.880208971124258,True,14.460535889421653,1.0
36,Auction,V10,"(52, 25)",19.25484501124461,True,14.879086241436884,1.0
36,Q-Learning,V1,"(76, 18)",45.60676405965523,True,17.006932429798717,1.0
36,Q-Learning,V2,"(89, 36)",42.81804152757761,True,1.1819584724223873,1.0
36,Q-Learning,V3,"(16, 95)",59.44155892815479,True,0.5584410718452091,1.0
36,Q-Learning,V4,"(54, 58)",9.31723746970178,True,13.600000000000001,1.0
36,Q-Learning,V5,"(25, 5)",47.281399488285984,True,7.7186005117140155,1.0
36,Q-Learning,V6,"(1, 68)",23.16483610218016,True,18.672194790803992,1.0
36,Q-Learning,V7,"(34, 43)",48.34693502905613,True,13.2687494916219,1.0
36,Q-Learning,V8,"(91, 63)",1.9218960023154494,True,22.009252125773315,1.0
36,Q-Learning,V9,"(8, 78)",31.321639053516837,True,4.718024438583225,1.0
36,Q-Learning,V10,"(69, 53)",8.703422581280215,True,26.0770329614269,1.0
37,Greedy,V1,"(83, 19)",41.30574603461425,True,20.68962790249909,1.0
37,Greedy,V2,"(92, 85)",39.2241547355088,True,3.7758452644912026,1.0
37,Greedy,V3,"(54, 28)",27.286218160823132,True,32.60116950066092,1.0
37,Greedy,V4,"(49, 96)",9.961792198806538,True,11.955445270895243,1.0
37,Greedy,V5,"(74, 53)",39.710703995413276,True,15.123105625617661,1.0
37,Greedy,V6,"(46, 52)",28.37970172149932,True,12.457329171484833,1.0
37,Greedy,V7,"(44, 27)",50.20827039065358,True,10.718548123582124,1.0
37,Greedy,V8,"(61, 15)",12.66643059515508,True,10.289320754704402,1.0
37,Greedy,V9,"(59, 21)",11.713904363108,True,23.725123247608934,1.0
37,Greedy,V10,"(90, 16)",16.420441070270787,True,17.299315036357864,1.0
37,Auction,V1,"(84, 52)",50.20153150140664,True,11.793842435706702,1.0
37,Auction,V2,"(16, 95)",39.2241547355088,True,3.7758452644912026,1.0
37,Auction,V3,"(38, 3)",50.42594916837673,True,9.461438493107323,1.0
37,Auction,V4,"(54, 58)",9.31723746970178,True,12.600000000000001,1.0
37,Auction,V5,"(69, 53)",37.756776659604036,True,17.0770329614269,1.0
37,Auction,V6,"(31, 45)",36.72255694283839,True,4.125,1.0
37,Auction,V7,"(16, 56)",51.105592769072516,True,9.510091751605515,1.0
37,Auction,V8,"(50, 25)",8.291921356763979,True,14.668349782048708,1.0
37,Auction,V9,"(8, 78)",21.880208971124258,True,13.460535889421653,1.0
37,Auction,V10,"(52, 25)",19.25484501124461,True,13.879086241436884,1.0
37,Q-Learning,V1,"(76, 18)",45.60676405965523,True,16.006932429798717,1.0
37,Q-Learning,V2,"(89, 36)",42.81804152757761,True,0.18195847242238727,1.0
37,Q-Learning,V3,"(16, 76)",31.33044781704368,True,28.11111111111111,1.0
37,Q-Learning,V4,"(54, 58)",9.31723746970178,True,12.600000000000001,1.0
37,Q-Learning,V5,"(25, 5)",47.281399488285984,True,6.7186005117140155,1.0
37,Q-Learning,V6,"(1, 68)",23.16483610218016,True,17.672194790803992,1.0
37,Q-Learning,V7,"(34, 43)",48.34693502905613,True,12.2687494916219,1.0
37,Q-Learning,V8,"(91, 63)",1.9218960023154494,True,21.009252125773315,1.0
37,Q-Learning,V9,"(8, 78)",31.321639053516837,True,3.7180244385832246,1.0
37,Q-Learning,V10,"(69, 53)",8.703422581280215,True,25.0770329614269,1.0
38,Greedy,V1,"(83, 19)",41.30574603461425,True,19.68962790249909,1.0
38,Greedy,V2,"(92, 85)",39.2241547355088,True,2.7758452644912026,1.0
38,Greedy,V3,"(54, 28)",27.286218160823132,True,31.601169500660923,1.0
38,Greedy,V4,"(49, 96)",9.961792198806538,True,10.955445270895243,1.0
38,Greedy,V5,"(74, 53)",39.710703995413276,True,14.123105625617661,1.0
38,Greedy,V6,"(46, 52)",28.37970172149932,True,11.457329171484833,1.0
38,Greedy,V7,"(44, 27)",50.20827039065358,True,9.718548123582124,1.0
38,Greedy,V8,"(61, 15)",12.66643059515508,True,9.289320754704402,1.0
38,Greedy,V9,"(59, 21)",11.713904363108,True,22.725123247608934,1.0
38,Greedy,V10,"(90, 16)",16.420441070270787,True,16.299315036357864,1.0
38,Auction,V1,"(84, 52)",50.20153150140664,True,10.793842435706702,1.0
38,Auction,V2,"(16, 95)",39.2241547355088,True,2.7758452644912026,1.0
38,Auction,V3,"(38, 3)",50.42594916837673,True,8.461438493107323,1.0
38,Auction,V4,"(54, 58)",9.31723746970178,True,11.600000000000001,1.0
38,Auction,V5,"(69, 53)",37.756776659604036,True,16.0770329614269,1.0
38,Auction,V6,"(31, 45)",36.72255694283839,True,3.125,1.0
38,Auction,V7,"(16, 56)",51.105592769072516,True,8.510091751605515,1.0
38,Auction,V8,"(50, 25)",8.291921356763979,True,13.668349782048708,1.0
38,Auction,V9,"(8, 78)",21.880208971124258,True,12.460535889421653,1.0
38,Auction,V10,"(52, 25)",19.25484501124461,True,12.879086241436884,1.0
38,Q-Learning,V1,"(76, 18)",45.60676405965523,True,15.006932429798717,1.0
38,Q-Learning,V2,"(52, 25)",19.38462183903802,True,23.433419688539594,1.0
38,Q-Learning,V3,"(16, 76)",31.33044781704368,True,27.11111111111111,1.0
38,Q-Learning,V4,"(54, 58)",9.31723746970178,True,11.600000000000001,1.0
38,Q-Learning,V5,"(25, 5)",47.281399488285984,True,5.7186005117140155,1.0
38,Q-Learning,V6,"(1, 68)",23.16483610218016,True,16.672194790803992,1.0
38,Q-Learning,V7,"(34, 43)",48.34693502905613,True,11.2687494916219,1.0
38,Q-Learning,V8,"(91, 63)",1.9218960023154494,True,20.009252125773315,1.0
38,Q-Learning,V9,"(8, 78)",31.321639053516837,True,2.7180244385832246,1.0
38,Q-Learning,V10,"(69, 53)",8.703422581280215,True,24.0770329614269,1.0
39,Greedy,V1,"(83, 19)",41.30574603461425,True,18.68962790249909,1.0
39,Greedy,V2,"(92, 85)",39.2241547355088,True,1.7758452644912026,1.0
39,Greedy,V3,"(54, 28)",27.286218160823132,True,30.601169500660923,1.0
39,Greedy,V4,"(49, 96)",9.961792198806538,True,9.955445270895243,1.0
39,Greedy,V5,"(74, 53)",39.710703995413276,True,13.123105625617661,1.0
39,Greedy,V6,"(46, 52)",28.37970172149932,True,10.457329171484833,1.0
39,Greedy,V7,"(44, 27)",50.20827039065358,True,8.718548123582124,1.0
39,Greedy,V8,"(61, 15)",12.66643059515508,True,8.289320754704402,1.0
39,Greedy,V9,"(59, 21)",11.713904363108,True,21.725123247608934,1.0
39,Greedy,V10,"(90, 16)",16.420441070270787,True,15.299315036357864,1.0
39,Auction,V1,"(84, 52)",50.20153150140664,True,9.793842435706702,1.0
39,Auction,V2,"(16, 95)",39.2241547355088,True,1.7758452644912026,1.0
39,Auction,V3,"(38, 3)",50.42594916837673,True,7.461438493107323,1.0
39,Auction,V4,"(54, 58)",9.31723746970178,True,10.600000000000001,1.0
39,Auction,V5,"(69, 53)",37.756776659604036,True,15.077032961426902,1.0
39,Auction,V6,"(31, 45)",36.72255694283839,True,2.125,1.0
39,Auction,V7,"(16, 56)",51.105592769072516,True,7.510091751605515,1.0
39,Auction,V8,"(50, 25)",8.291921356763979,True,12.668349782048708,1.0
39,Auction,V9,"(8, 78)",21.880208971124258,True,11.460535889421653,1.0
39,Auction,V10,"(52, 25)",19.25484501124461,True,11.879086241436884,1.0
39,Q-Learning,V1,"(76, 18)",45.60676405965523,True,14.006932429798717,1.0
39,Q-Learning,V2,"(52, 25)",19.38462183903802,True,22.433419688539594,1.0
39,Q-Learning,V3,"(16, 76)",31.33044781704368,True,26.11111111111111,1.0
39,Q-Learning,V4,"(54, 58)",9.31723746970178,True,10.600000000000001,1.0
39,Q-Learning,V5,"(25, 5)",47.281399488285984,True,4.7186005117140155,1.0
39,Q-Learning,V6,"(1, 68)",23.16483610218016,True,15.672194790803992,1.0
39,Q-Learning,V7,"(34, 43)",48.34693502905613,True,10.2687494916219,1.0
39,Q-Learning,V8,"(91, 63)",1.9218960023154494,True,19.009252125773315,1.0
39,Q-Learning,V9,"(8, 78)",31.321639053516837,True,1.7180244385832246,1.0
39,Q-Learning,V10,"(69, 53)",8.703422581280215,True,23.0770329614269,1.0
40,Greedy,V1,"(83, 19)",41.30574603461425,True,17.68962790249909,1.0
40,Greedy,V2,"(92, 85)",39.2241547355088,True,0.7758452644912026,1.0
40,Greedy,V3,"(54, 28)",27.286218160823132,True,29.601169500660923,1.0
40,Greedy,V4,"(49, 96)",9.961792198806538,True,8.955445270895243,1.0
40,Greedy,V5,"(74, 53)",39.710703995413276,True,12.123105625617661,1.0
40,Greedy,V6,"(46, 52)",28.37970172149932,True,9.457329171484833,1.0
40,Greedy,V7,"(44, 27)",50.20827039065358,True,7.718548123582124,1.0
40,Greedy,V8,"(61, 15)",12.66643059515508,True,7.289320754704402,1.0
40,Greedy,V9,"(59, 21)",11.713904363108,True,20.725123247608934,1.0
40,Greedy,V10,"(90, 16)",16.420441070270787,True,14.299315036357864,1.0
40,Auction,V1,"(84, 52)",50.20153150140664,True,8.793842435706702,1.0
40,Auction,V2,"(16, 95)",39.2241547355088,True,0.7758452644912026,1.0
40,Auction,V3,"(38, 3)",50.42594916837673,True,6.461438493107323,1.0
40,Auction,V4,"(54, 58)",9.31723746970178,True,9.600000000000001,1.0
40,Auction,V5,"(69, 53)",37.756776659604036,True,14.077032961426902,1.0
40,Auction,V6,"(31, 45)",36.72255694283839,True,1.125,1.0
40,Auction,V7,"(16, 56)",51.105592769072516,True,6.510091751605515,1.0
40,Auction,V8,"(50, 25)",8.291921356763979,True,11.668349782048708,1.0
40,Auction,V9,"(8, 78)",21.880208971124258,True,10.460535889421653,1.0
40,Auction,V10,"(52, 25)",19.25484501124461,True,10.879086241436884,1.0
40,Q-Learning,V1,"(76, 18)",45.60676405965523,True,13.006932429798717,1.0
40,Q-Learning,V2,"(52, 25)",19.38462183903802,True,21.433419688539594,1.0
40,Q-Learning,V3,"(16, 76)",31.33044781704368,True,25.11111111111111,1.0
40,Q-Learning,V4,"(54, 58)",9.31723746970178,True,9.600000000000001,1.0
40,Q-Learning,V5,"(25, 5)",47.281399488285984,True,3.7186005117140155,1.0
40,Q-Learning,V6,"(1, 68)",23.16483610218016,True,14.672194790803992,1.0
40,Q-Learning,V7,"(34, 43)",48.34693502905613,True,9.2687494916219,1.0
40,Q-Learning,V8,"(91, 63)",1.9218960023154494,True,18.009252125773315,1.0
40,Q-Learning,V9,"(8, 78)",31.321639053516837,True,0.7180244385832246,1.0
40,Q-Learning,V10,"(69, 53)",8.703422581280215,True,22.0770329614269,1.0
41,Greedy,V1,"(83, 19)",41.30574603461425,True,16.68962790249909,1.0
41,Greedy,V2,"(92, 85)",14.421752528059116,True,24.80240220744968,1.0
41,Greedy,V3,"(54, 28)",27.286218160823132,True,28.601169500660923,1.0
41,Greedy,V4,"(49, 96)",9.961792198806538,True,7.955445270895243,1.0
41,Greedy,V5,"(74, 53)",39.710703995413276,True,11.123105625617661,1.0
41,Greedy,V6,"(46, 52)",28.37970172149932,True,8.457329171484833,1.0
41,Greedy,V7,"(44, 27)",50.20827039065358,True,6.718548123582124,1.0
41,Greedy,V8,"(61, 15)",12.66643059515508,True,6.289320754704402,1.0
41,Greedy,V9,"(59, 21)",11.713904363108,True,19.725123247608934,1.0
41,Greedy,V10,"(90, 16)",16.420441070270787,True,13.299315036357864,1.0
41,Auction,V1,"(84, 52)",50.20153150140664,True,7.793842435706702,1.0
41,Auction,V2,"(4, 97)",27.19656722540939,True,12.027587510099407,1.0
41,Auction,V3,"(38, 3)",50.42594916837673,True,5.461438493107323,1.0
41,Auction,V4,"(54, 58)",9.31723746970178,True,8.600000000000001,1.0
41,Auction,V5,"(69, 53)",37.756776659604036,True,13.077032961426902,1.0
41,Auction,V6,"(31, 45)",36.72255694283839,True,0.125,1.0
41,Auction,V7,"(16, 56)",51.105592769072516,True,5.510091751605515,1.0
41,Auction,V8,"(50, 25)",8.291921356763979,True,10.668349782048708,1.0
41,Auction,V9,"(8, 78)",21.880208971124258,True,9.460535889421653,1.0
41,Auction,V10,"(52, 25)",19.25484501124461,True,9.879086241436884,1.0
41,Q-Learning,V1,"(76, 18)",45.60676405965523,True,12.006932429798717,1.0
41,Q-Learning,V2,"(52, 25)",19.38462183903802,True,20.433419688539594,1.0
41,Q-Learning,V3,"(16, 76)",31.33044781704368,True,24.11111111111111,1.0
41,Q-Learning,V4,"(54, 58)",9.31723746970178,True,8.600000000000001,1.0
41,Q-Learning,V5,"(25, 5)",47.281399488285984,True,2.7186005117140155,1.0
41,Q-Learning,V6,"(1, 68)",23.16483610218016,True,13.672194790803992,1.0
41,Q-Learning,V7,"(34, 43)",48.34693502905613,True,8.2687494916219,1.0
41,Q-Learning,V8,"(91, 63)",1.9218960023154494,True,17.009252125773315,1.0
41,Q-Learning,V9,"(12, 66)",1.9161823156642228,True,29.405456737852614,1.0
41,Q-Learning,V10,"(69, 53)",8.703422581280215,True,21.0770329614269,1.0
42,Greedy,V1,"(83, 19)",41.30574603461425,True,15.68962790249909,1.0
42,Greedy,V2,"(92, 85)",14.421752528059116,True,23.80240220744968,1.0
42,Greedy,V3,"(54, 28)",27.286218160823132,True,27.601169500660923,1.0
42,Greedy,V4,"(49, 96)",9.961792198806538,True,6.955445270895243,1.0
42,Greedy,V5,"(74, 53)",39.710703995413276,True,10.123105625617661,1.0
42,Greedy,V6,"(46, 52)",28.37970172149932,True,7.457329171484833,1.0
42,Greedy,V7,"(44, 27)",50.20827039065358,True,5.718548123582124,1.0
42,Greedy,V8,"(61, 15)",12.66643059515508,True,5.289320754704402,1.0
42,Greedy,V9,"(59, 21)",11.713904363108,True,18.725123247608934,1.0
42,Greedy,V10,"(90, 16)",16.420441070270787,True,12.299315036357864,1.0
42,Auction,V1,"(84, 52)",50.20153150140664,True,6.793842435706702,1.0
42,Auction,V2,"(4, 97)",27.19656722540939,True,11.027587510099407,1.0
42,Auction,V3,"(38, 3)",50.42594916837673,True,4.461438493107323,1.0
42,Auction,V4,"(54, 58)",9.31723746970178,True,7.600000000000001,1.0
42,Auction,V5,"(69, 53)",37.756776659604036,True,12.077032961426902,1.0
42,Auction,V6,"(34, 43)",18.27186303340539,True,18.450693909433,1.0
42,Auction,V7,"(16, 56)",51.105592769072516,True,4.510091751605515,1.0
42,Auction,V8,"(50, 25)",8.291921356763979,True,9.668349782048708,1.0
42,Auction,V9,"(8, 78)",21.880208971124258,True,8.460535889421653,1.0
42,Auction,V10,"(52, 25)",19.25484501124461,True,8.879086241436884,1.0
42,Q-Learning,V1,"(76, 18)",45.60676405965523,True,11.006932429798717,1.0
42,Q-Learning,V2,"(52, 25)",19.38462183903802,True,19.433419688539594,1.0
42,Q-Learning,V3,"(16, 76)",31.33044781704368,True,23.11111111111111,1.0
42,Q-Learning,V4,"(54, 58)",9.31723746970178,True,7.600000000000001,1.0
42,Q-Learning,V5,"(25, 5)",47.281399488285984,True,1.7186005117140155,1.0
42,Q-Learning,V6,"(1, 68)",23.16483610218016,True,12.672194790803992,1.0
42,Q-Learning,V7,"(34, 43)",48.34693502905613,True,7.2687494916219,1.0
42,Q-Learning,V8,"(91, 63)",1.9218960023154494,True,16.009252125773315,1.0
42,Q-Learning,V9,"(12, 66)",1.9161823156642228,True,28.405456737852614,1.0
42,Q-Learning,V10,"(69, 53)",8.703422581280215,True,20.0770329614269,1.0
43,Greedy,V1,"(83, 19)",41.30574603461425,True,14.68962790249909,1.0
43,Greedy,V2,"(92, 85)",14.421752528059116,True,22.80240220744968,1.0
43,Greedy,V3,"(54, 28)",27.286218160823132,True,26.601169500660923,1.0
43,Greedy,V4,"(49, 96)",9.961792198806538,True,5.955445270895243,1.0
43,Greedy,V5,"(74, 53)",39.710703995413276,True,9.123105625617661,1.0
43,Greedy,V6,"(46, 52)",28.37970172149932,True,6.457329171484833,1.0
43,Greedy,V7,"(44, 27)",50.20827039065358,True,4.718548123582124,1.0
43,Greedy,V8,"(61, 15)",12.66643059515508,True,4.289320754704402,1.0
43,Greedy,V9,"(59, 21)",11.713904363108,True,17.725123247608934,1.0
43,Greedy,V10,"(90, 16)",16.420441070270787,True,11.299315036357864,1.0
43,Auction,V1,"(84, 52)",50.20153150140664,True,5.793842435706702,1.0
43,Auction,V2,"(4, 97)",27.19656722540939,True,10.027587510099407,1.0
43,Auction,V3,"(38, 3)",50.42594916837673,True,3.461438493107323,1.0
43,Auction,V4,"(54, 58)",9.31723746970178,True,6.600000000000001,1.0
43,Auction,V5,"(69, 53)",37.756776659604036,True,11.077032961426902,1.0
43,Auction,V6,"(34, 43)",18.27186303340539,True,17.450693909433,1.0
43,Auction,V7,"(16, 56)",51.105592769072516,True,3.510091751605515,1.0
43,Auction,V8,"(50, 25)",8.291921356763979,True,8.668349782048708,1.0
43,Auction,V9,"(8, 78)",21.880208971124258,True,7.460535889421653,1.0
43,Auction,V10,"(52, 25)",19.25484501124461,True,7.879086241436884,1.0
43,Q-Learning,V1,"(76, 18)",45.60676405965523,True,10.006932429798717,1.0
43,Q-Learning,V2,"(52, 25)",19.38462183903802,True,18.433419688539594,1.0
43,Q-Learning,V3,"(16, 76)",31.33044781704368,True,22.11111111111111,1.0
43,Q-Learning,V4,"(54, 58)",9.31723746970178,True,6.600000000000001,1.0
43,Q-Learning,V5,"(25, 5)",47.281399488285984,True,0.7186005117140155,1.0
43,Q-Learning,V6,"(1, 68)",23.16483610218016,True,11.672194790803992,1.0
43,Q-Learning,V7,"(34, 43)",48.34693502905613,True,6.2687494916219,1.0
43,Q-Learning,V8,"(91, 63)",1.9218960023154494,True,15.009252125773315,1.0
43,Q-Learning,V9,"(12, 66)",1.9161823156642228,True,27.405456737852614,1.0
43,Q-Learning,V10,"(69, 53)",8.703422581280215,True,19.0770329614269,1.0
44,Greedy,V1,"(83, 19)",41.30574603461425,True,13.68962790249909,1.0
44,Greedy,V2,"(92, 85)",14.421752528059116,True,21.80240220744968,1.0
44,Greedy,V3,"(54, 28)",27.286218160823132,True,25.601169500660923,1.0
44,Greedy,V4,"(49, 96)",9.961792198806538,True,4.955445270895243,1.0
44,Greedy,V5,"(74, 53)",39.710703995413276,True,8.123105625617661,1.0
44,Greedy,V6,"(46, 52)",28.37970172149932,True,5.457329171484833,1.0
44,Greedy,V7,"(44, 27)",50.20827039065358,True,3.7185481235821243,1.0
44,Greedy,V8,"(61, 15)",12.66643059515508,True,3.289320754704402,1.0
44,Greedy,V9,"(59, 21)",11.713904363108,True,16.725123247608934,1.0
44,Greedy,V10,"(90, 16)",16.420441070270787,True,10.299315036357864,1.0
44,Auction,V1,"(84, 52)",50.20153150140664,True,4.793842435706702,1.0
44,Auction,V2,"(4, 97)",27.19656722540939,True,9.027587510099407,1.0
44,Auction,V3,"(38, 3)",50.42594916837673,True,2.461438493107323,1.0
44,Auction,V4,"(54, 58)",9.31723746970178,True,5.600000000000001,1.0
44,Auction,V5,"(69, 53)",37.756776659604036,True,10.077032961426902,1.0
44,Auction,V6,"(34, 43)",18.27186303340539,True,16.450693909433,1.0
44,Auction,V7,"(16, 56)",51.105592769072516,True,2.510091751605515,1.0
44,Auction,V8,"(50, 25)",8.291921356763979,True,7.668349782048708,1.0
44,Auction,V9,"(8, 78)",21.880208971124258,True,6.460535889421653,1.0
44,Auction,V10,"(52, 25)",19.25484501124461,True,6.879086241436884,1.0
44,Q-Learning,V1,"(76, 18)",45.60676405965523,True,9.006932429798717,1.0
44,Q-Learning,V2,"(52, 25)",19.38462183903802,True,17.433419688539594,1.0
44,Q-Learning,V3,"(16, 76)",31.33044781704368,True,21.11111111111111,1.0
44,Q-Learning,V4,"(54, 58)",9.31723746970178,True,5.600000000000001,1.0
44,Q-Learning,V5,"(16, 56)",22.923793587306744,True,24.35760590097924,1.0
44,Q-Learning,V6,"(1, 68)",23.16483610218016,True,10.672194790803992,1.0
44,Q-Learning,V7,"(34, 43)",48.34693502905613,True,5.2687494916219,1.0
44,Q-Learning,V8,"(91, 63)",1.9218960023154494,True,14.009252125773315,1.0
44,Q-Learning,V9,"(12, 66)",1.9161823156642228,True,26.405456737852614,1.0
44,Q-Learning,V10,"(69, 53)",8.703422581280215,True,18.0770329614269,1.0
45,Greedy,V1,"(83, 19)",41.30574603461425,True,12.68962790249909,1.0
45,Greedy,V2,"(92, 85)",14.421752528059116,True,20.80240220744968,1.0
45,Greedy,V3,"(54, 28)",27.286218160823132,True,24.601169500660923,1.0
45,Greedy,V4,"(49, 96)",9.961792198806538,True,3.9554452708952432,1.0
45,Greedy,V5,"(74, 53)",39.710703995413276,True,7.1231056256176615,1.0
45,Greedy,V6,"(46, 52)",28.37970172149932,True,4.457329171484833,1.0
45,Greedy,V7,"(44, 27)",50.20827039065358,True,2.7185481235821243,1.0
45,Greedy,V8,"(61, 15)",12.66643059515508,True,2.289320754704402,1.0
45,Greedy,V9,"(59, 21)",11.713904363108,True,15.725123247608934,1.0
45,Greedy,V10,"(90, 16)",16.420441070270787,True,9.299315036357864,1.0
45,Auction,V1,"(84, 52)",50.20153150140664,True,3.7938424357067024,1.0
45,Auction,V2,"(4, 97)",27.19656722540939,True,8.027587510099407,1.0
45,Auction,V3,"(38, 3)",50.42594916837673,True,1.4614384931073232,1.0
45,Auction,V4,"(54, 58)",9.31723746970178,True,4.600000000000001,1.0
45,Auction,V5,"(69, 53)",37.756776659604036,True,9.077032961426902,1.0
45,Auction,V6,"(34, 43)",18.27186303340539,True,15.450693909433,1.0
45,Auction,V7,"(16, 56)",51.105592769072516,True,1.5100917516055148,1.0
45,Auction,V8,"(50, 25)",8.291921356763979,True,6.668349782048708,1.0
45,Auction,V9,"(8, 78)",21.880208971124258,True,5.460535889421653,1.0
45,Auction,V10,"(52, 25)",19.25484501124461,True,5.879086241436884,1.0
45,Q-Learning,V1,"(76, 18)",45.60676405965523,True,8.006932429798717,1.0
45,Q-Learning,V2,"(52, 25)",19.38462183903802,True,16.433419688539594,1.0
45,Q-Learning,V3,"(16, 76)",31.33044781704368,True,20.11111111111111,1.0
45,Q-Learning,V4,"(54, 58)",9.31723746970178,True,4.600000000000001,1.0
45,Q-Learning,V5,"(16, 56)",22.923793587306744,True,23.35760590097924,1.0
45,Q-Learning,V6,"(1, 68)",23.16483610218016,True,9.672194790803992,1.0
45,Q-Learning,V7,"(34, 43)",48.34693502905613,True,4.2687494916219,1.0
45,Q-Learning,V8,"(91, 63)",1.9218960023154494,True,13.009252125773315,1.0
45,Q-Learning,V9,"(12, 66)",1.9161823156642228,True,25.405456737852614,1.0
45,Q-Learning,V10,"(69, 53)",8.703422581280215,True,17.0770329614269,1.0
46,Greedy,V1,"(83, 19)",41.30574603461425,True,11.68962790249909,1.0
46,Greedy,V2,"(92, 85)",14.421752528059116,True,19.80240220744968,1.0
46,Greedy,V3,"(54, 28)",27.286218160823132,True,23.601169500660923,1.0
46,Greedy,V4,"(49, 96)",9.961792198806538,True,2.9554452708952432,1.0
46,Greedy,V5,"(74, 53)",39.710703995413276,True,6.1231056256176615,1.0
46,Greedy,V6,"(46, 52)",28.37970172149932,True,3.457329171484833,1.0
46,Greedy,V7,"(44, 27)",50.20827039065358,True,1.7185481235821243,1.0
46,Greedy,V8,"(61, 15)",12.66643059515508,True,1.289320754704402,1.0
46,Greedy,V9,"(59, 21)",11.713904363108,True,14.725123247608934,1.0
46,Greedy,V10,"(90, 16)",16.420441070270787,True,8.299315036357864,1.0
46,Auction,V1,"(84, 52)",50.20153150140664,True,2.7938424357067024,1.0
46,Auction,V2,"(4, 97)",27.19656722540939,True,7.027587510099407,1.0
46,Auction,V3,"(38, 3)",50.42594916837673,True,0.4614384931073232,1.0
46,Auction,V4,"(54, 58)",9.31723746970178,True,3.6000000000000014,1.0
46,Auction,V5,"(69, 53)",37.756776659604036,True,8.077032961426902,1.0
46,Auction,V6,"(34, 43)",18.27186303340539,True,14.450693909433,1.0
46,Auction,V7,"(16, 56)",51.105592769072516,True,0.5100917516055148,1.0
46,Auction,V8,"(50, 25)",8.291921356763979,True,5.668349782048708,1.0
46,Auction,V9,"(8, 78)",21.880208971124258,True,4.460535889421653,1.0
46,Auction,V10,"(52, 25)",19.25484501124461,True,4.879086241436884,1.0
46,Q-Learning,V1,"(76, 18)",45.60676405965523,True,7.0069324297987166,1.0
46,Q-Learning,V2,"(52, 25)",19.38462183903802,True,15.433419688539594,1.0
46,Q-Learning,V3,"(16, 76)",31.33044781704368,True,19.11111111111111,1.0
46,Q-Learning,V4,"(54, 58)",9.31723746970178,True,3.6000000000000014,1.0
46,Q-Learning,V5,"(16, 56)",22.923793587306744,True,22.35760590097924,1.0
46,Q-Learning,V6,"(1, 68)",23.16483610218016,True,8.672194790803992,1.0
46,Q-Learning,V7,"(34, 43)",48.34693502905613,True,3.2687494916219,1.0
46,Q-Learning,V8,"(91, 63)",1.9218960023154494,True,12.009252125773315,1.0
46,Q-Learning,V9,"(12, 66)",1.9161823156642228,True,24.405456737852614,1.0
46,Q-Learning,V10,"(69, 53)",8.703422581280215,True,16.0770329614269,1.0
47,Greedy,V1,"(83, 19)",41.30574603461425,True,10.68962790249909,1.0
47,Greedy,V2,"(92, 85)",14.421752528059116,True,18.80240220744968,1.0
47,Greedy,V3,"(54, 28)",27.286218160823132,True,22.601169500660923,1.0
47,Greedy,V4,"(49, 96)",9.961792198806538,True,1.9554452708952432,1.0
47,Greedy,V5,"(74, 53)",39.710703995413276,True,5.1231056256176615,1.0
47,Greedy,V6,"(46, 52)",28.37970172149932,True,2.457329171484833,1.0
47,Greedy,V7,"(44, 27)",50.20827039065358,True,0.7185481235821243,1.0
47,Greedy,V8,"(61, 15)",12.66643059515508,True,0.2893207547044021,1.0
47,Greedy,V9,"(59, 21)",11.713904363108,True,13.725123247608934,1.0
47,Greedy,V10,"(90, 16)",16.420441070270787,True,7.299315036357864,1.0
47,Auction,V1,"(84, 52)",50.20153150140664,True,1.7938424357067024,1.0
47,Auction,V2,"(4, 97)",27.19656722540939,True,6.027587510099407,1.0
47,Auction,V3,"(39, 1)",27.177497170876755,True,23.248451997499977,1.0
47,Auction,V4,"(54, 58)",9.31723746970178,True,2.6000000000000014,1.0
47,Auction,V5,"(69, 53)",37.756776659604036,True,7.077032961426902,1.0
47,Auction,V6,"(34, 43)",18.27186303340539,True,13.450693909433,1.0
47,Auction,V7,"(18, 61)",34.20806530121676,True,16.89752746785575,1.0
47,Auction,V8,"(50, 25)",8.291921356763979,True,4.668349782048708,1.0
47,Auction,V9,"(8, 78)",21.880208971124258,True,3.460535889421653,1.0
47,Auction,V10,"(52, 25)",19.25484501124461,True,3.879086241436884,1.0
47,Q-Learning,V1,"(76, 18)",45.60676405965523,True,6.0069324297987166,1.0
47,Q-Learning,V2,"(52, 25)",19.38462183903802,True,14.433419688539594,1.0
47,Q-Learning,V3,"(16, 76)",31.33044781704368,True,18.11111111111111,1.0
47,Q-Learning,V4,"(54, 58)",9.31723746970178,True,2.6000000000000014,1.0
47,Q-Learning,V5,"(16, 56)",22.923793587306744,True,21.35760590097924,1.0
47,Q-Learning,V6,"(1, 68)",23.16483610218016,True,7.672194790803992,1.0
47,Q-Learning,V7,"(34, 43)",48.34693502905613,True,2.2687494916219,1.0
47,Q-Learning,V8,"(91, 63)",1.9218960023154494,True,11.009252125773315,1.0
47,Q-Learning,V9,"(12, 66)",1.9161823156642228,True,23.405456737852614,1.0
47,Q-Learning,V10,"(69, 53)",8.703422581280215,True,15.077032961426902,1.0
48,Greedy,V1,"(83, 19)",41.30574603461425,True,9.68962790249909,1.0
48,Greedy,V2,"(92, 85)",14.421752528059116,True,17.80240220744968,1.0
48,Greedy,V3,"(54, 28)",27.286218160823132,True,21.601169500660923,1.0
48,Greedy,V4,"(49, 96)",9.961792198806538,True,0.9554452708952432,1.0
48,Greedy,V5,"(74, 53)",39.710703995413276,True,4.1231056256176615,1.0
48,Greedy,V6,"(46, 52)",28.37970172149932,True,1.457329171484833,1.0
48,Greedy,V7,"(44, 27)",34.15417783726412,True,16.05409255338946,1.0
48,Greedy,V8,"(61, 15)",12.66643059515508,False,0.0,1.0
48,Greedy,V9,"(59, 21)",11.713904363108,True,12.725123247608934,1.0
48,Greedy,V10,"(90, 16)",16.420441070270787,True,6.299315036357864,1.0
48,Auction,V1,"(84, 52)",50.20153150140664,True,0.7938424357067024,1.0
48,Auction,V2,"(4, 97)",27.19656722540939,True,5.027587510099407,1.0
48,Auction,V3,"(39, 1)",27.177497170876755,True,22.248451997499977,1.0
48,Auction,V4,"(54, 58)",9.31723746970178,True,1.6000000000000014,1.0
48,Auction,V5,"(69, 53)",37.756776659604036,True,6.077032961426902,1.0
48,Auction,V6,"(34, 43)",18.27186303340539,True,12.450693909433,1.0
48,Auction,V7,"(18, 61)",34.20806530121676,True,15.897527467855749,1.0
48,Auction,V8,"(50, 25)",8.291921356763979,True,3.6683497820487077,1.0
48,Auction,V9,"(8, 78)",21.880208971124258,True,2.460535889421653,1.0
48,Auction,V10,"(52, 25)",19.25484501124461,True,2.879086241436884,1.0
48,Q-Learning,V1,"(76, 18)",45.60676405965523,True,5.0069324297987166,1.0
48,Q-Learning,V2,"(52, 25)",19.38462183903802,True,13.433419688539594,1.0
48,Q-Learning,V3,"(16, 76)",31.33044781704368,True,17.11111111111111,1.0
48,Q-Learning,V4,"(54, 58)",9.31723746970178,True,1.6000000000000014,1.0
48,Q-Learning,V5,"(16, 56)",22.923793587306744,True,20.35760590097924,1.0
48,Q-Learning,V6,"(1, 68)",23.16483610218016,True,6.672194790803992,1.0
48,Q-Learning,V7,"(34, 43)",48.34693502905613,True,1.2687494916219002,1.0
48,Q-Learning,V8,"(91, 63)",1.9218960023154494,True,10.009252125773315,1.0
48,Q-Learning,V9,"(12, 66)",1.9161823156642228,True,22.405456737852614,1.0
48,Q-Learning,V10,"(69, 53)",8.703422581280215,True,14.077032961426902,1.0
49,Greedy,V1,"(83, 19)",41.30574603461425,True,8.68962790249909,1.0
49,Greedy,V2,"(92, 85)",14.421752528059116,True,16.80240220744968,1.0
49,Greedy,V3,"(54, 28)",27.286218160823132,True,20.601169500660923,1.0
49,Greedy,V4,"(49, 96)",9.961792198806538,False,0.0,1.0
49,Greedy,V5,"(74, 53)",39.710703995413276,True,3.1231056256176615,1.0
49,Greedy,V6,"(46, 52)",28.37970172149932,True,0.4573291714848331,1.0
49,Greedy,V7,"(44, 27)",34.15417783726412,True,15.05409255338946,1.0
49,Greedy,V8,"(61, 15)",12.66643059515508,False,0.0,2.0
49,Greedy,V9,"(59, 21)",11.713904363108,True,11.725123247608934,1.0
49,Greedy,V10,"(90, 16)",16.420441070270787,True,5.299315036357864,1.0
49,Auction,V1,"(91, 63)",24.028464033005758,True,26.173067468400884,1.0
49,Auction,V2,"(4, 97)",27.19656722540939,True,4.027587510099407,1.0
49,Auction,V3,"(39, 1)",27.177497170876755,True,21.248451997499977,1.0
49,Auction,V4,"(54, 58)",9.31723746970178,True,0.6000000000000014,1.0
49,Auction,V5,"(69, 53)",37.756776659604036,True,5.077032961426902,1.0
49,Auction,V6,"(34, 43)",18.27186303340539,True,11.450693909433,1.0
49,Auction,V7,"(18, 61)",34.20806530121676,True,14.897527467855749,1.0
49,Auction,V8,"(50, 25)",8.291921356763979,True,2.6683497820487077,1.0
49,Auction,V9,"(8, 78)",21.880208971124258,True,1.460535889421653,1.0
49,Auction,V10,"(52, 25)",19.25484501124461,True,1.8790862414368839,1.0
49,Q-Learning,V1,"(76, 18)",45.60676405965523,True,4.0069324297987166,1.0
49,Q-Learning,V2,"(52, 25)",19.38462183903802,True,12.433419688539594,1.0
49,Q-Learning,V3,"(16, 76)",31.33044781704368,True,16.11111111111111,1.0
49,Q-Learning,V4,"(54, 58)",9.31723746970178,True,0.6000000000000014,1.0
49,Q-Learning,V5,"(16, 56)",22.923793587306744,True,19.35760590097924,1.0
49,Q-Learning,V6,"(1, 68)",23.16483610218016,True,5.672194790803992,1.0
49,Q-Learning,V7,"(34, 43)",48.34693502905613,True,0.2687494916219002,1.0
49,Q-Learning,V8,"(91, 63)",1.9218960023154494,True,9.009252125773315,1.0
49,Q-Learning,V9,"(12, 66)",1.9161823156642228,True,21.405456737852614,1.0
49,Q-Learning,V10,"(69, 53)",8.703422581280215,True,13.077032961426902,1.0
50,Greedy,V1,"(83, 19)",41.30574603461425,True,7.68962790249909,1.0
50,Greedy,V2,"(92, 85)",14.421752528059116,True,15.802402207449681,1.0
50,Greedy,V3,"(54, 28)",27.286218160823132,True,19.601169500660923,1.0
50,Greedy,V4,"(49, 96)",9.961792198806538,False,0.0,2.0
50,Greedy,V5,"(74, 53)",39.710703995413276,True,2.1231056256176615,1.0
50,Greedy,V6,"(46, 52)",8.528971271311978,True,19.850730450187342,1.0
50,Greedy,V7,"(44, 27)",34.15417783726412,True,14.05409255338946,1.0
50,Greedy,V8,"(61, 15)",12.66643059515508,False,0.0,3.0
50,Greedy,V9,"(59, 21)",11.713904363108,True,10.725123247608934,1.0
50,Greedy,V10,"(90, 16)",16.420441070270787,True,4.299315036357864,1.0
50,Auction,V1,"(91, 63)",24.028464033005758,True,25.173067468400884,1.0
50,Auction,V2,"(4, 97)",27.19656722540939,True,3.0275875100994067,1.0
50,Auction,V3,"(39, 1)",27.177497170876755,True,20.248451997499977,1.0
50,Auction,V4,"(54, 58)",9.31723746970178,False,0.0,1.0
50,Auction,V5,"(69, 53)",37.756776659604036,True,4.077032961426902,1.0
50,Auction,V6,"(34, 43)",18.27186303340539,True,10.450693909433,1.0
50,Auction,V7,"(18, 61)",34.20806530121676,True,13.897527467855749,1.0
50,Auction,V8,"(50, 25)",8.291921356763979,True,1.6683497820487077,1.0
50,Auction,V9,"(8, 78)",21.880208971124258,True,0.4605358894216529,1.0
50,Auction,V10,"(52, 25)",19.25484501124461,True,0.8790862414368839,1.0
50,Q-Learning,V1,"(76, 18)",45.60676405965523,True,3.0069324297987166,1.0
50,Q-Learning,V2,"(52, 25)",19.38462183903802,True,11.433419688539594,1.0
50,Q-Learning,V3,"(16, 76)",31.33044781704368,True,15.11111111111111,1.0
50,Q-Learning,V4,"(54, 58)",9.31723746970178,False,0.0,1.0
50,Q-Learning,V5,"(16, 56)",22.923793587306744,True,18.35760590097924,1.0
50,Q-Learning,V6,"(1, 68)",23.16483610218016,True,4.672194790803992,1.0
50,Q-Learning,V7,"(31, 45)",32.7460098164788,True,15.600925212577332,1.0
50,Q-Learning,V8,"(91, 63)",1.9218960023154494,True,8.009252125773315,1.0
50,Q-Learning,V9,"(12, 66)",1.9161823156642228,True,20.405456737852614,1.0
50,Q-Learning,V10,"(69, 53)",8.703422581280215,True,12.077032961426902,1.0
51,Greedy,V1,"(83, 19)",41.30574603461425,True,6.68962790249909,1.0
51,Greedy,V2,"(92, 85)",14.421752528059116,True,14.802402207449681,1.0
51,Greedy,V3,"(54, 28)",27.286218160823132,True,18.601169500660923,1.0
51,Greedy,V4,"(49, 96)",9.961792198806538,False,0.0,3.0
51,Greedy,V5,"(74, 53)",39.710703995413276,True,1.1231056256176615,1.0
51,Greedy,V6,"(46, 52)",8.528971271311978,True,18.850730450187342,1.0
51,Greedy,V7,"(44, 27)",34.15417783726412,True,13.05409255338946,1.0
51,Greedy,V8,"(61, 15)",12.66643059515508,False,0.0,4.0
51,Greedy,V9,"(59, 21)",11.713904363108,True,9.725123247608934,1.0
51,Greedy,V10,"(90, 16)",16.420441070270787,True,3.2993150363578643,1.0
51,Auction,V1,"(91, 63)",24.028464033005758,True,24.173067468400884,1.0
51,Auction,V2,"(4, 97)",27.19656722540939,True,2.0275875100994067,1.0
51,Auction,V3,"(39, 1)",27.177497170876755,True,19.248451997499977,1.0
51,Auction,V4,"(54, 58)",9.31723746970178,False,0.0,2.0
51,Auction,V5,"(69, 53)",37.756776659604036,True,3.0770329614269016,1.0
51,Auction,V6,"(34, 43)",18.27186303340539,True,9.450693909433,1.0
51,Auction,V7,"(18, 61)",34.20806530121676,True,12.897527467855749,1.0
51,Auction,V8,"(50, 25)",8.291921356763979,True,0.6683497820487077,1.0
51,Auction,V9,"(36, 88)",2.576638138386812,True,19.303570832737446,1.0
51,Auction,V10,"(52, 25)",19.25484501124461,False,0.0,1.0
51,Q-Learning,V1,"(76, 18)",45.60676405965523,True,2.0069324297987166,1.0
51,Q-Learning,V2,"(52, 25)",19.38462183903802,True,10.433419688539594,1.0
51,Q-Learning,V3,"(16, 76)",31.33044781704368,True,14.11111111111111,1.0
51,Q-Learning,V4,"(54, 58)",9.31723746970178,False,0.0,2.0
51,Q-Learning,V5,"(16, 56)",22.923793587306744,True,17.35760590097924,1.0
51,Q-Learning,V6,"(1, 68)",23.16483610218016,True,3.6721947908039922,1.0
51,Q-Learning,V7,"(31, 45)",32.7460098164788,True,14.600925212577332,1.0
51,Q-Learning,V8,"(91, 63)",1.9218960023154494,True,7.009252125773315,1.0
51,Q-Learning,V9,"(12, 66)",1.9161823156642228,True,19.405456737852614,1.0
51,Q-Learning,V10,"(69, 53)",8.703422581280215,True,11.077032961426902,1.0
52,Greedy,V1,"(83, 19)",41.30574603461425,True,5.68962790249909,1.0
52,Greedy,V2,"(92, 85)",14.421752528059116,True,13.802402207449681,1.0
52,Greedy,V3,"(54, 28)",27.286218160823132,True,17.601169500660923,1.0
52,Greedy,V4,"(49, 96)",9.961792198806538,False,0.0,4.0
52,Greedy,V5,"(74, 53)",39.710703995413276,True,0.12310562561766147,1.0
52,Greedy,V6,"(46, 52)",8.528971271311978,True,17.850730450187342,1.0
52,Greedy,V7,"(44, 27)",34.15417783726412,True,12.05409255338946,1.0
52,Greedy,V8,"(61, 15)",12.66643059515508,False,0.0,5.0
52,Greedy,V9,"(59, 21)",11.713904363108,True,8.725123247608934,1.0
52,Greedy,V10,"(90, 16)",16.420441070270787,True,2.2993150363578643,1.0
52,Auction,V1,"(91, 63)",24.028464033005758,True,23.173067468400884,1.0
52,Auction,V2,"(4, 97)",27.19656722540939,True,1.0275875100994067,1.0
52,Auction,V3,"(39, 1)",27.177497170876755,True,18.248451997499977,1.0
52,Auction,V4,"(54, 58)",9.31723746970178,False,0.0,3.0
52,Auction,V5,"(69, 53)",37.756776659604036,True,2.0770329614269016,1.0
52,Auction,V6,"(34, 43)",18.27186303340539,True,8.450693909433,1.0
52,Auction,V7,"(18, 61)",34.20806530121676,True,11.897527467855749,1.0
52,Auction,V8,"(50, 25)",8.291921356763979,False,0.0,1.0
52,Auction,V9,"(36, 88)",2.576638138386812,True,18.303570832737446,1.0
52,Auction,V10,"(52, 25)",19.25484501124461,False,0.0,2.0
52,Q-Learning,V1,"(76, 18)",45.60676405965523,True,1.0069324297987166,1.0
52,Q-Learning,V2,"(52, 25)",19.38462183903802,True,9.433419688539594,1.0
52,Q-Learning,V3,"(16, 76)",31.33044781704368,True,13.11111111111111,1.0
52,Q-Learning,V4,"(54, 58)",9.31723746970178,False,0.0,3.0
52,Q-Learning,V5,"(16, 56)",22.923793587306744,True,16.35760590097924,1.0
52,Q-Learning,V6,"(1, 68)",23.16483610218016,True,2.6721947908039922,1.0
52,Q-Learning,V7,"(31, 45)",32.7460098164788,True,13.600925212577332,1.0
52,Q-Learning,V8,"(91, 63)",1.9218960023154494,True,6.009252125773315,1.0
52,Q-Learning,V9,"(12, 66)",1.9161823156642228,True,18.405456737852614,1.0
52,Q-Learning,V10,"(69, 53)",8.703422581280215,True,10.077032961426902,1.0
53,Greedy,V1,"(83, 19)",41.30574603461425,True,4.68962790249909,1.0
53,Greedy,V2,"(92, 85)",14.421752528059116,True,12.802402207449681,1.0
53,Greedy,V3,"(54, 28)",27.286218160823132,True,16.601169500660923,1.0
53,Greedy,V4,"(49, 96)",9.961792198806538,False,0.0,5.0
53,Greedy,V5,"(74, 53)",1.23192200356808,True,38.478781991845196,1.0
53,Greedy,V6,"(46, 52)",8.528971271311978,True,16.850730450187342,1.0
53,Greedy,V7,"(44, 27)",34.15417783726412,True,11.05409255338946,1.0
53,Greedy,V8,"(61, 15)",12.66643059515508,False,0.0,6.0
53,Greedy,V9,"(59, 21)",11.713904363108,True,7.725123247608934,1.0
53,Greedy,V10,"(90, 16)",16.420441070270787,True,1.2993150363578643,1.0
53,Auction,V1,"(91, 63)",24.028464033005758,True,22.173067468400884,1.0
53,Auction,V2,"(4, 97)",27.19656722540939,True,0.027587510099406742,1.0
53,Auction,V3,"(39, 1)",27.177497170876755,True,17.248451997499977,1.0
53,Auction,V4,"(54, 58)",9.31723746970178,False,0.0,4.0
53,Auction,V5,"(69, 53)",37.756776659604036,True,1.0770329614269016,1.0
53,Auction,V6,"(34, 43)",18.27186303340539,True,7.450693909432999,1.0
53,Auction,V7,"(18, 61)",34.20806530121676,True,10.897527467855749,1.0
53,Auction,V8,"(50, 25)",8.291921356763979,False,0.0,2.0
53,Auction,V9,"(36, 88)",2.576638138386812,True,17.303570832737446,1.0
53,Auction,V10,"(52, 25)",19.25484501124461,False,0.0,3.0
53,Q-Learning,V1,"(76, 18)",45.60676405965523,True,0.006932429798716555,1.0
53,Q-Learning,V2,"(52, 25)",19.38462183903802,True,8.433419688539594,1.0
53,Q-Learning,V3,"(16, 76)",31.33044781704368,True,12.11111111111111,1.0
53,Q-Learning,V4,"(54, 58)",9.31723746970178,False,0.0,4.0
53,Q-Learning,V5,"(16, 56)",22.923793587306744,True,15.357605900979241,1.0
53,Q-Learning,V6,"(1, 68)",23.16483610218016,True,1.6721947908039922,1.0
53,Q-Learning,V7,"(31, 45)",32.7460098164788,True,12.600925212577332,1.0
53,Q-Learning,V8,"(91, 63)",1.9218960023154494,True,5.009252125773315,1.0
53,Q-Learning,V9,"(12, 66)",1.9161823156642228,True,17.405456737852614,1.0
53,Q-Learning,V10,"(69, 53)",8.703422581280215,True,9.077032961426902,1.0
54,Greedy,V1,"(83, 19)",41.30574603461425,True,3.6896279024990903,1.0
54,Greedy,V2,"(92, 85)",14.421752528059116,True,11.802402207449681,1.0
54,Greedy,V3,"(54, 28)",27.286218160823132,True,15.601169500660923,1.0
54,Greedy,V4,"(49, 96)",9.961792198806538,False,0.0,6.0
54,Greedy,V5,"(74, 53)",1.23192200356808,True,37.478781991845196,1.0
54,Greedy,V6,"(46, 52)",8.528971271311978,True,15.850730450187342,1.0
54,Greedy,V7,"(44, 27)",34.15417783726412,True,10.05409255338946,1.0
54,Greedy,V8,"(61, 15)",12.66643059515508,False,0.0,7.0
54,Greedy,V9,"(59, 21)",11.713904363108,True,6.725123247608934,1.0
54,Greedy,V10,"(90, 16)",16.420441070270787,True,0.2993150363578643,1.0
54,Auction,V1,"(91, 63)",24.028464033005758,True,21.173067468400884,1.0
54,Auction,V2,"(12, 94)",4.772566601189801,True,22.424000624219588,1.0
54,Auction,V3,"(39, 1)",27.177497170876755,True,16.248451997499977,1.0
54,Auction,V4,"(54, 58)",9.31723746970178,False,0.0,5.0
54,Auction,V5,"(69, 53)",37.756776659604036,True,0.07703296142690164,1.0
54,Auction,V6,"(34, 43)",18.27186303340539,True,6.450693909432999,1.0
54,Auction,V7,"(18, 61)",34.20806530121676,True,9.897527467855749,1.0
54,Auction,V8,"(50, 25)",8.291921356763979,False,0.0,3.0
54,Auction,V9,"(36, 88)",2.576638138386812,True,16.303570832737446,1.0
54,Auction,V10,"(52, 25)",19.25484501124461,False,0.0,4.0
54,Q-Learning,V1,"(58, 12)",18.44448639948685,True,27.162277660168378,1.0
54,Q-Learning,V2,"(52, 25)",19.38462183903802,True,7.433419688539594,1.0
54,Q-Learning,V3,"(16, 76)",31.33044781704368,True,11.11111111111111,1.0
54,Q-Learning,V4,"(54, 58)",9.31723746970178,False,0.0,5.0
54,Q-Learning,V5,"(16, 56)",22.923793587306744,True,14.357605900979241,1.0
54,Q-Learning,V6,"(1, 68)",23.16483610218016,True,0.6721947908039922,1.0
54,Q-Learning,V7,"(31, 45)",32.7460098164788,True,11.600925212577332,1.0
54,Q-Learning,V8,"(91, 63)",1.9218960023154494,True,4.009252125773315,1.0
54,Q-Learning,V9,"(12, 66)",1.9161823156642228,True,16.405456737852614,1.0
54,Q-Learning,V10,"(69, 53)",8.703422581280215,True,8.077032961426902,1.0
55,Greedy,V1,"(83, 19)",41.30574603461425,True,2.6896279024990903,1.0
55,Greedy,V2,"(92, 85)",14.421752528059116,True,10.802402207449681,1.0
55,Greedy,V3,"(54, 28)",27.286218160823132,True,14.601169500660923,1.0
55,Greedy,V4,"(49, 96)",9.961792198806538,False,0.0,7.0
55,Greedy,V5,"(74, 53)",1.23192200356808,True,36.478781991845196,1.0
55,Greedy,V6,"(46, 52)",8.528971271311978,True,14.850730450187342,1.0
55,Greedy,V7,"(44, 27)",34.15417783726412,True,9.05409255338946,1.0
55,Greedy,V8,"(61, 15)",12.66643059515508,False,0.0,8.0
55,Greedy,V9,"(59, 21)",11.713904363108,True,5.725123247608934,1.0
55,Greedy,V10,"(90, 16)",16.420441070270787,False,0.0,1.0
55,Auction,V1,"(91, 63)",24.028464033005758,True,20.173067468400884,1.0
55,Auction,V2,"(12, 94)",4.772566601189801,True,21.424000624219588,1.0
55,Auction,V3,"(39, 1)",27.177497170876755,True,15.248451997499977,1.0
55,Auction,V4,"(54, 58)",9.31723746970178,False,0.0,6.0
55,Auction,V5,"(71, 70)",18.333328105879296,True,19.42344855372474,1.0
55,Auction,V6,"(34, 43)",18.27186303340539,True,5.450693909432999,1.0
55,Auction,V7,"(18, 61)",34.20806530121676,True,8.897527467855749,1.0
55,Auction,V8,"(50, 25)",8.291921356763979,False,0.0,4.0
55,Auction,V9,"(36, 88)",2.576638138386812,True,15.303570832737446,1.0
55,Auction,V10,"(52, 25)",19.25484501124461,False,0.0,5.0
55,Q-Learning,V1,"(58, 12)",18.44448639948685,True,26.162277660168378,1.0
55,Q-Learning,V2,"(52, 25)",19.38462183903802,True,6.433419688539594,1.0
55,Q-Learning,V3,"(16, 76)",31.33044781704368,True,10.11111111111111,1.0
55,Q-Learning,V4,"(54, 58)",9.31723746970178,False,0.0,6.0
55,Q-Learning,V5,"(16, 56)",22.923793587306744,True,13.357605900979241,1.0
55,Q-Learning,V6,"(18, 61)",4.86673906332388,True,18.29809703885628,1.0
55,Q-Learning,V7,"(31, 45)",32.7460098164788,True,10.600925212577332,1.0
55,Q-Learning,V8,"(91, 63)",1.9218960023154494,True,3.0092521257733154,1.0
55,Q-Learning,V9,"(12, 66)",1.9161823156642228,True,15.405456737852614,1.0
55,Q-Learning,V10,"(69, 53)",8.703422581280215,True,7.077032961426902,1.0
56,Greedy,V1,"(83, 19)",41.30574603461425,True,1.6896279024990903,1.0
56,Greedy,V2,"(92, 85)",14.421752528059116,True,9.802402207449681,1.0
56,Greedy,V3,"(54, 28)",27.286218160823132,True,13.601169500660923,1.0
56,Greedy,V4,"(49, 96)",9.961792198806538,False,0.0,8.0
56,Greedy,V5,"(74, 53)",1.23192200356808,True,35.478781991845196,1.0
56,Greedy,V6,"(46, 52)",8.528971271311978,True,13.850730450187342,1.0
56,Greedy,V7,"(44, 27)",34.15417783726412,True,8.05409255338946,1.0
56,Greedy,V8,"(61, 15)",12.66643059515508,False,0.0,9.0
56,Greedy,V9,"(59, 21)",11.713904363108,True,4.725123247608934,1.0
56,Greedy,V10,"(90, 16)",16.420441070270787,False,0.0,2.0
56,Auction,V1,"(91, 63)",24.028464033005758,True,19.173067468400884,1.0
56,Auction,V2,"(12, 94)",4.772566601189801,True,20.424000624219588,1.0
56,Auction,V3,"(39, 1)",27.177497170876755,True,14.248451997499977,1.0
56,Auction,V4,"(54, 58)",9.31723746970178,False,0.0,7.0
56,Auction,V5,"(71, 70)",18.333328105879296,True,18.42344855372474,1.0
56,Auction,V6,"(34, 43)",18.27186303340539,True,4.450693909432999,1.0
56,Auction,V7,"(18, 61)",34.20806530121676,True,7.897527467855749,1.0
56,Auction,V8,"(50, 25)",8.291921356763979,False,0.0,5.0
56,Auction,V9,"(36, 88)",2.576638138386812,True,14.303570832737446,1.0
56,Auction,V10,"(52, 25)",19.25484501124461,False,0.0,6.0
56,Q-Learning,V1,"(58, 12)",18.44448639948685,True,25.162277660168378,1.0
56,Q-Learning,V2,"(52, 25)",19.38462183903802,True,5.433419688539594,1.0
56,Q-Learning,V3,"(16, 76)",31.33044781704368,True,9.11111111111111,1.0
56,Q-Learning,V4,"(54, 58)",9.31723746970178,False,0.0,7.0
56,Q-Learning,V5,"(16, 56)",22.923793587306744,True,12.357605900979241,1.0
56,Q-Learning,V6,"(18, 61)",4.86673906332388,True,17.29809703885628,1.0
56,Q-Learning,V7,"(31, 45)",32.7460098164788,True,9.600925212577332,1.0
56,Q-Learning,V8,"(91, 63)",1.9218960023154494,True,2.0092521257733154,1.0
56,Q-Learning,V9,"(12, 66)",1.9161823156642228,True,14.405456737852614,1.0
56,Q-Learning,V10,"(69, 53)",8.703422581280215,True,6.077032961426902,1.0
57,Greedy,V1,"(83, 19)",41.30574603461425,True,0.6896279024990903,1.0
57,Greedy,V2,"(92, 85)",14.421752528059116,True,8.802402207449681,1.0
57,Greedy,V3,"(54, 28)",27.286218160823132,True,12.601169500660923,1.0
57,Greedy,V4,"(49, 96)",9.961792198806538,False,0.0,9.0
57,Greedy,V5,"(74, 53)",1.23192200356808,True,34.478781991845196,1.0
57,Greedy,V6,"(46, 52)",8.528971271311978,True,12.850730450187342,1.0
57,Greedy,V7,"(44, 27)",34.15417783726412,True,7.054092553389459,1.0
57,Greedy,V8,"(61, 15)",12.66643059515508,False,0.0,10.0
57,Greedy,V9,"(59, 21)",11.713904363108,True,3.725123247608934,1.0
57,Greedy,V10,"(90, 16)",16.420441070270787,False,0.0,3.0
57,Auction,V1,"(91, 63)",24.028464033005758,True,18.173067468400884,1.0
57,Auction,V2,"(12, 94)",4.772566601189801,True,19.424000624219588,1.0
57,Auction,V3,"(39, 1)",27.177497170876755,True,13.248451997499977,1.0
57,Auction,V4,"(54, 58)",9.31723746970178,False,0.0,8.0
57,Auction,V5,"(71, 70)",18.333328105879296,True,17.42344855372474,1.0
57,Auction,V6,"(34, 43)",18.27186303340539,True,3.4506939094329994,1.0
57,Auction,V7,"(18, 61)",34.20806530121676,True,6.897527467855749,1.0
57,Auction,V8,"(50, 25)",8.291921356763979,False,0.0,6.0
57,Auction,V9,"(36, 88)",2.576638138386812,True,13.303570832737446,1.0
57,Auction,V10,"(52, 25)",19.25484501124461,False,0.0,7.0
57,Q-Learning,V1,"(58, 12)",18.44448639948685,True,24.162277660168378,1.0
57,Q-Learning,V2,"(52, 25)",19.38462183903802,True,4.433419688539594,1.0
57,Q-Learning,V3,"(16, 76)",31.33044781704368,True,8.11111111111111,1.0
57,Q-Learning,V4,"(54, 58)",9.31723746970178,False,0.0,8.0
57,Q-Learning,V5,"(16, 56)",22.923793587306744,True,11.357605900979241,1.0
57,Q-Learning,V6,"(18, 61)",4.86673906332388,True,16.29809703885628,1.0
57,Q-Learning,V7,"(31, 45)",32.7460098164788,True,8.600925212577332,1.0
57,Q-Learning,V8,"(91, 63)",1.9218960023154494,True,1.0092521257733154,1.0
57,Q-Learning,V9,"(12, 66)",1.9161823156642228,True,13.405456737852614,1.0
57,Q-Learning,V10,"(69, 53)",8.703422581280215,True,5.077032961426902,1.0
58,Greedy,V1,"(83, 19)",14.212097457478425,True,27.093648577135827,1.0
58,Greedy,V2,"(92, 85)",14.421752528059116,True,7.802402207449681,1.0
58,Greedy,V3,"(54, 28)",27.286218160823132,True,11.601169500660923,1.0
58,Greedy,V4,"(49, 96)",9.961792198806538,False,0.0,10.0
58,Greedy,V5,"(74, 53)",1.23192200356808,True,33.478781991845196,1.0
58,Greedy,V6,"(46, 52)",8.528971271311978,True,11.850730450187342,1.0
58,Greedy,V7,"(44, 27)",34.15417783726412,True,6.054092553389459,1.0
58,Greedy,V8,"(61, 15)",12.66643059515508,False,0.0,11.0
58,Greedy,V9,"(59, 21)",11.713904363108,True,2.725123247608934,1.0
58,Greedy,V10,"(90, 16)",16.420441070270787,False,0.0,4.0
58,Auction,V1,"(91, 63)",24.028464033005758,True,17.173067468400884,1.0
58,Auction,V2,"(12, 94)",4.772566601189801,True,18.424000624219588,1.0
58,Auction,V3,"(39, 1)",27.177497170876755,True,12.248451997499977,1.0
58,Auction,V4,"(54, 58)",9.31723746970178,False,0.0,9.0
58,Auction,V5,"(71, 70)",18.333328105879296,True,16.42344855372474,1.0
58,Auction,V6,"(34, 43)",18.27186303340539,True,2.4506939094329994,1.0
58,Auction,V7,"(18, 61)",34.20806530121676,True,5.897527467855749,1.0
58,Auction,V8,"(50, 25)",8.291921356763979,False,0.0,7.0
58,Auction,V9,"(36, 88)",2.576638138386812,True,12.303570832737446,1.0
58,Auction,V10,"(52, 25)",19.25484501124461,False,0.0,8.0
58,Q-Learning,V1,"(58, 12)",18.44448639948685,True,23.162277660168378,1.0
58,Q-Learning,V2,"(52, 25)",19.38462183903802,True,3.433419688539594,1.0
58,Q-Learning,V3,"(16, 76)",31.33044781704368,True,7.111111111111111,1.0
58,Q-Learning,V4,"(54, 58)",9.31723746970178,False,0.0,9.0
58,Q-Learning,V5,"(16, 56)",22.923793587306744,True,10.357605900979241,1.0
58,Q-Learning,V6,"(18, 61)",4.86673906332388,True,15.29809703885628,1.0
58,Q-Learning,V7,"(31, 45)",32.7460098164788,True,7.600925212577332,1.0
58,Q-Learning,V8,"(91, 63)",1.9218960023154494,True,0.009252125773315356,1.0
58,Q-Learning,V9,"(12, 66)",1.9161823156642228,True,12.405456737852614,1.0
58,Q-Learning,V10,"(69, 53)",8.703422581280215,True,4.077032961426902,1.0
59,Greedy,V1,"(83, 19)",14.212097457478425,True,26.093648577135827,1.0
59,Greedy,V2,"(92, 85)",14.421752528059116,True,6.802402207449681,1.0
59,Greedy,V3,"(54, 28)",27.286218160823132,True,10.601169500660923,1.0
59,Greedy,V4,"(49, 96)",9.961792198806538,False,0.0,11.0
59,Greedy,V5,"(74, 53)",1.23192200356808,True,32.478781991845196,1.0
59,Greedy,V6,"(46, 52)",8.528971271311978,True,10.850730450187342,1.0
59,Greedy,V7,"(44, 27)",34.15417783726412,True,5.054092553389459,1.0
59,Greedy,V8,"(61, 15)",12.66643059515508,False,0.0,12.0
59,Greedy,V9,"(59, 21)",11.713904363108,True,1.7251232476089342,1.0
59,Greedy,V10,"(90, 16)",16.420441070270787,False,0.0,5.0
59,Auction,V1,"(91, 63)",24.028464033005758,True,16.173067468400884,1.0
59,Auction,V2,"(12, 94)",4.772566601189801,True,17.424000624219588,1.0
59,Auction,V3,"(39, 1)",27.177497170876755,True,11.248451997499977,1.0
59,Auction,V4,"(54, 58)",9.31723746970178,False,0.0,10.0
59,Auction,V5,"(71, 70)",18.333328105879296,True,15.42344855372474,1.0
59,Auction,V6,"(34, 43)",18.27186303340539,True,1.4506939094329994,1.0
59,Auction,V7,"(18, 61)",34.20806530121676,True,4.897527467855749,1.0
59,Auction,V8,"(50, 25)",8.291921356763979,False,0.0,8.0
59,Auction,V9,"(36, 88)",2.576638138386812,True,11.303570832737446,1.0
59,Auction,V10,"(52, 25)",19.25484501124461,False,0.0,9.0
59,Q-Learning,V1,"(58, 12)",18.44448639948685,True,22.162277660168378,1.0
59,Q-Learning,V2,"(52, 25)",19.38462183903802,True,2.433419688539594,1.0
59,Q-Learning,V3,"(16, 76)",31.33044781704368,True,6.111111111111111,1.0
59,Q-Learning,V4,"(54, 58)",9.31723746970178,False,0.0,10.0
59,Q-Learning,V5,"(16, 56)",22.923793587306744,True,9.357605900979241,1.0
59,Q-Learning,V6,"(18, 61)",4.86673906332388,True,14.29809703885628,1.0
59,Q-Learning,V7,"(31, 45)",32.7460098164788,True,6.600925212577332,1.0
59,Q-Learning,V8,"(91, 63)",1.9218960023154494,False,0.0,1.0
59,Q-Learning,V9,"(12, 66)",1.9161823156642228,True,11.405456737852614,1.0
59,Q-Learning,V10,"(69, 53)",8.703422581280215,True,3.0770329614269016,1.0
60,Greedy,V1,"(83, 19)",14.212097457478425,True,25.093648577135827,1.0
60,Greedy,V2,"(92, 85)",14.421752528059116,True,5.802402207449681,1.0
60,Greedy,V3,"(54, 28)",27.286218160823132,True,9.601169500660923,1.0
60,Greedy,V4,"(49, 96)",9.961792198806538,False,0.0,12.0
60,Greedy,V5,"(74, 53)",1.23192200356808,True,31.478781991845196,1.0
60,Greedy,V6,"(46, 52)",8.528971271311978,True,9.850730450187342,1.0
60,Greedy,V7,"(44, 27)",34.15417783726412,True,4.054092553389459,1.0
60,Greedy,V8,"(61, 15)",12.66643059515508,False,0.0,13.0
60,Greedy,V9,"(59, 21)",11.713904363108,True,0.7251232476089342,1.0
60,Greedy,V10,"(90, 16)",16.420441070270787,False,0.0,6.0
60,Auction,V1,"(91, 63)",24.028464033005758,True,15.173067468400884,1.0
60,Auction,V2,"(12, 94)",4.772566601189801,True,16.424000624219588,1.0
60,Auction,V3,"(39, 1)",27.177497170876755,True,10.248451997499977,1.0
60,Auction,V4,"(54, 58)",9.31723746970178,False,0.0,11.0
60,Auction,V5,"(71, 70)",18.333328105879296,True,14.42344855372474,1.0
60,Auction,V6,"(34, 43)",18.27186303340539,True,0.45069390943299936,1.0
60,Auction,V7,"(18, 61)",34.20806530121676,True,3.897527467855749,1.0
60,Auction,V8,"(50, 25)",8.291921356763979,False,0.0,9.0
60,Auction,V9,"(36, 88)",2.576638138386812,True,10.303570832737446,1.0
60,Auction,V10,"(52, 25)",19.25484501124461,False,0.0,10.0
60,Q-Learning,V1,"(58, 12)",18.44448639948685,True,21.162277660168378,1.0
60,Q-Learning,V2,"(52, 25)",19.38462183903802,True,1.433419688539594,1.0
60,Q-Learning,V3,"(16, 76)",31.33044781704368,True,5.111111111111111,1.0
60,Q-Learning,V4,"(54, 58)",9.31723746970178,False,0.0,11.0
60,Q-Learning,V5,"(16, 56)",22.923793587306744,True,8.357605900979241,1.0
60,Q-Learning,V6,"(18, 61)",4.86673906332388,True,13.29809703885628,1.0
60,Q-Learning,V7,"(31, 45)",32.7460098164788,True,5.600925212577332,1.0
60,Q-Learning,V8,"(91, 63)",1.9218960023154494,False,0.0,2.0
60,Q-Learning,V9,"(12, 66)",1.9161823156642228,True,10.405456737852614,1.0
60,Q-Learning,V10,"(69, 53)",8.703422581280215,True,2.0770329614269016,1.0
61,Greedy,V1,"(83, 19)",14.212097457478425,True,24.093648577135827,1.0
61,Greedy,V2,"(92, 85)",14.421752528059116,True,4.802402207449681,1.0
61,Greedy,V3,"(54, 28)",27.286218160823132,True,8.601169500660923,1.0
61,Greedy,V4,"(49, 96)",9.961792198806538,False,0.0,13.0
61,Greedy,V5,"(74, 53)",1.23192200356808,True,30.478781991845196,1.0
61,Greedy,V6,"(46, 52)",8.528971271311978,True,8.850730450187342,1.0
61,Greedy,V7,"(44, 27)",34.15417783726412,True,3.0540925533894594,1.0
61,Greedy,V8,"(61, 15)",12.66643059515508,False,0.0,14.0
61,Greedy,V9,"(59, 21)",11.713904363108,False,0.0,1.0
61,Greedy,V10,"(90, 16)",16.420441070270787,False,0.0,7.0
61,Auction,V1,"(91, 63)",24.028464033005758,True,14.173067468400884,1.0
61,Auction,V2,"(12, 94)",4.772566601189801,True,15.424000624219588,1.0
61,Auction,V3,"(39, 1)",27.177497170876755,True,9.248451997499977,1.0
61,Auction,V4,"(54, 58)",9.31723746970178,False,0.0,12.0
61,Auction,V5,"(71, 70)",18.333328105879296,True,13.42344855372474,1.0
61,Auction,V6,"(14, 58)",1.1468630334053884,True,17.125,1.0
61,Auction,V7,"(18, 61)",34.20806530121676,True,2.897527467855749,1.0
61,Auction,V8,"(50, 25)",8.291921356763979,False,0.0,10.0
61,Auction,V9,"(36, 88)",2.576638138386812,True,9.303570832737446,1.0
61,Auction,V10,"(52, 25)",19.25484501124461,False,0.0,11.0
61,Q-Learning,V1,"(58, 12)",18.44448639948685,True,20.162277660168378,1.0
61,Q-Learning,V2,"(52, 25)",19.38462183903802,True,0.433419688539594,1.0
61,Q-Learning,V3,"(16, 76)",31.33044781704368,True,4.111111111111111,1.0
61,Q-Learning,V4,"(54, 58)",9.31723746970178,False,0.0,12.0
61,Q-Learning,V5,"(16, 56)",22.923793587306744,True,7.357605900979241,1.0
61,Q-Learning,V6,"(18, 61)",4.86673906332388,True,12.29809703885628,1.0
61,Q-Learning,V7,"(31, 45)",32.7460098164788,True,4.600925212577332,1.0
61,Q-Learning,V8,"(91, 63)",1.9218960023154494,False,0.0,3.0
61,Q-Learning,V9,"(12, 66)",1.9161823156642228,True,9.405456737852614,1.0
61,Q-Learning,V10,"(69, 53)",8.703422581280215,True,1.0770329614269016,1.0
62,Greedy,V1,"(83, 19)",14.212097457478425,True,23.093648577135827,1.0
62,Greedy,V2,"(92, 85)",14.421752528059116,True,3.8024022074496813,1.0
62,Greedy,V3,"(54, 28)",27.286218160823132,True,7.601169500660923,1.0
62,Greedy,V4,"(49, 96)",9.961792198806538,False,0.0,14.0
62,Greedy,V5,"(74, 53)",1.23192200356808,True,29.478781991845196,1.0
62,Greedy,V6,"(46, 52)",8.528971271311978,True,7.850730450187342,1.0
62,Greedy,V7,"(44, 27)",34.15417783726412,True,2.0540925533894594,1.0
62,Greedy,V8,"(61, 15)",12.66643059515508,False,0.0,15.0
62,Greedy,V9,"(59, 21)",11.713904363108,False,0.0,2.0
62,Greedy,V10,"(90, 16)",16.420441070270787,False,0.0,8.0
62,Auction,V1,"(91, 63)",24.028464033005758,True,13.173067468400884,1.0
62,Auction,V2,"(12, 94)",4.772566601189801,True,14.424000624219588,1.0
62,Auction,V3,"(39, 1)",27.177497170876755,True,8.248451997499977,1.0
62,Auction,V4,"(54, 58)",9.31723746970178,False,0.0,13.0
62,Auction,V5,"(71, 70)",18.333328105879296,True,12.42344855372474,1.0
62,Auction,V6,"(14, 58)",1.1468630334053884,True,16.125,1.0
62,Auction,V7,"(18, 61)",34.20806530121676,True,1.897527467855749,1.0
62,Auction,V8,"(50, 25)",8.291921356763979,False,0.0,11.0
62,Auction,V9,"(36, 88)",2.576638138386812,True,8.303570832737446,1.0
62,Auction,V10,"(52, 25)",19.25484501124461,False,0.0,12.0
62,Q-Learning,V1,"(58, 12)",18.44448639948685,True,19.162277660168378,1.0
62,Q-Learning,V2,"(50, 25)",4.051288505704685,True,15.333333333333334,1.0
62,Q-Learning,V3,"(16, 76)",31.33044781704368,True,3.1111111111111107,1.0
62,Q-Learning,V4,"(54, 58)",9.31723746970178,False,0.0,13.0
62,Q-Learning,V5,"(16, 56)",22.923793587306744,True,6.357605900979241,1.0
62,Q-Learning,V6,"(18, 61)",4.86673906332388,True,11.29809703885628,1.0
62,Q-Learning,V7,"(31, 45)",32.7460098164788,True,3.600925212577332,1.0
62,Q-Learning,V8,"(91, 63)",1.9218960023154494,False,0.0,4.0
62,Q-Learning,V9,"(12, 66)",1.9161823156642228,True,8.405456737852614,1.0
62,Q-Learning,V10,"(69, 53)",8.703422581280215,True,0.07703296142690164,1.0
63,Greedy,V1,"(83, 19)",14.212097457478425,True,22.093648577135827,1.0
63,Greedy,V2,"(92, 85)",14.421752528059116,True,2.8024022074496813,1.0
63,Greedy,V3,"(54, 28)",27.286218160823132,True,6.601169500660923,1.0
63,Greedy,V4,"(49, 96)",9.961792198806538,False,0.0,15.0
63,Greedy,V5,"(74, 53)",1.23192200356808,True,28.478781991845196,1.0
63,Greedy,V6,"(46, 52)",8.528971271311978,True,6.850730450187342,1.0
63,Greedy,V7,"(44, 27)",34.15417783726412,True,1.0540925533894594,1.0
63,Greedy,V8,"(61, 15)",12.66643059515508,False,0.0,16.0
63,Greedy,V9,"(59, 21)",11.713904363108,False,0.0,3.0
63,Greedy,V10,"(90, 16)",16.420441070270787,False,0.0,9.0
63,Auction,V1,"(91, 63)",24.028464033005758,True,12.173067468400884,1.0
63,Auction,V2,"(12, 94)",4.772566601189801,True,13.424000624219588,1.0
63,Auction,V3,"(39, 1)",27.177497170876755,True,7.248451997499977,1.0
63,Auction,V4,"(54, 58)",9.31723746970178,False,0.0,14.0
63,Auction,V5,"(71, 70)",18.333328105879296,True,11.42344855372474,1.0
63,Auction,V6,"(14, 58)",1.1468630334053884,True,15.125,1.0
63,Auction,V7,"(18, 61)",34.20806530121676,True,0.897527467855749,1.0
63,Auction,V8,"(50, 25)",8.291921356763979,False,0.0,12.0
63,Auction,V9,"(36, 88)",2.576638138386812,True,7.303570832737446,1.0
63,Auction,V10,"(51, 2)",1.6504992379560726,True,17.604345773288536,13.0
63,Q-Learning,V1,"(58, 12)",18.44448639948685,True,18.162277660168378,1.0
63,Q-Learning,V2,"(50, 25)",4.051288505704685,True,14.333333333333334,1.0
63,Q-Learning,V3,"(16, 76)",31.33044781704368,True,2.1111111111111107,1.0
63,Q-Learning,V4,"(54, 58)",9.31723746970178,False,0.0,14.0
63,Q-Learning,V5,"(16, 56)",22.923793587306744,True,5.357605900979241,1.0
63,Q-Learning,V6,"(18, 61)",4.86673906332388,True,10.29809703885628,1.0
63,Q-Learning,V7,"(31, 45)",32.7460098164788,True,2.600925212577332,1.0
63,Q-Learning,V8,"(91, 63)",1.9218960023154494,False,0.0,5.0
63,Q-Learning,V9,"(12, 66)",1.9161823156642228,True,7.405456737852614,1.0
63,Q-Learning,V10,"(69, 53)",8.703422581280215,False,0.0,1.0
64,Greedy,V1,"(83, 19)",14.212097457478425,True,21.093648577135827,1.0
64,Greedy,V2,"(92, 85)",14.421752528059116,True,1.8024022074496813,1.0
64,Greedy,V3,"(54, 28)",27.286218160823132,True,5.601169500660923,1.0
64,Greedy,V4,"(49, 96)",9.961792198806538,False,0.0,16.0
64,Greedy,V5,"(74, 53)",1.23192200356808,True,27.478781991845196,1.0
64,Greedy,V6,"(46, 52)",8.528971271311978,True,5.850730450187342,1.0
64,Greedy,V7,"(44, 27)",34.15417783726412,True,0.0540925533894594,1.0
64,Greedy,V8,"(61, 15)",12.66643059515508,False,0.0,17.0
64,Greedy,V9,"(59, 21)",11.713904363108,False,0.0,4.0
64,Greedy,V10,"(90, 16)",16.420441070270787,False,0.0,10.0
64,Auction,V1,"(91, 63)",24.028464033005758,True,11.173067468400884,1.0
64,Auction,V2,"(12, 94)",4.772566601189801,True,12.424000624219588,1.0
64,Auction,V3,"(39, 1)",27.177497170876755,True,6.248451997499977,1.0
64,Auction,V4,"(54, 58)",9.31723746970178,False,0.0,15.0
64,Auction,V5,"(71, 70)",18.333328105879296,True,10.42344855372474,1.0
64,Auction,V6,"(14, 58)",1.1468630334053884,True,14.125,1.0
64,Auction,V7,"(12, 66)",4.906357021898987,True,29.301708279317776,1.0
64,Auction,V8,"(50, 25)",8.291921356763979,False,0.0,13.0
64,Auction,V9,"(36, 88)",2.576638138386812,True,6.303570832737446,1.0
64,Auction,V10,"(51, 2)",1.6504992379560726,True,16.604345773288536,13.0
64,Q-Learning,V1,"(58, 12)",18.44448639948685,True,17.162277660168378,1.0
64,Q-Learning,V2,"(50, 25)",4.051288505704685,True,13.333333333333334,1.0
64,Q-Learning,V3,"(16, 76)",31.33044781704368,True,1.1111111111111107,1.0
64,Q-Learning,V4,"(54, 58)",9.31723746970178,False,0.0,15.0
64,Q-Learning,V5,"(16, 56)",22.923793587306744,True,4.357605900979241,1.0
64,Q-Learning,V6,"(18, 61)",4.86673906332388,True,9.29809703885628,1.0
64,Q-Learning,V7,"(31, 45)",32.7460098164788,True,1.600925212577332,1.0
64,Q-Learning,V8,"(91, 63)",1.9218960023154494,False,0.0,6.0
64,Q-Learning,V9,"(12, 66)",1.9161823156642228,True,6.405456737852614,1.0
64,Q-Learning,V10,"(69, 53)",8.703422581280215,False,0.0,2.0
65,Greedy,V1,"(83, 19)",14.212097457478425,True,20.093648577135827,1.0
65,Greedy,V2,"(92, 85)",14.421752528059116,True,0.8024022074496813,1.0
65,Greedy,V3,"(54, 28)",27.286218160823132,True,4.601169500660923,1.0
65,Greedy,V4,"(49, 96)",9.961792198806538,False,0.0,17.0
65,Greedy,V5,"(74, 53)",1.23192200356808,True,26.478781991845196,1.0
65,Greedy,V6,"(46, 52)",8.528971271311978,True,4.850730450187342,1.0
65,Greedy,V7,"(44, 27)",2.0865308314404913,True,32.06764700582363,1.0
65,Greedy,V8,"(61, 15)",12.66643059515508,False,0.0,18.0
65,Greedy,V9,"(59, 21)",11.713904363108,False,0.0,5.0
65,Greedy,V10,"(90, 16)",16.420441070270787,False,0.0,11.0
65,Auction,V1,"(91, 63)",24.028464033005758,True,10.173067468400884,1.0
65,Auction,V2,"(12, 94)",4.772566601189801,True,11.424000624219588,1.0
65,Auction,V3,"(39, 1)",27.177497170876755,True,5.248451997499977,1.0
65,Auction,V4,"(54, 58)",9.31723746970178,False,0.0,16.0
65,Auction,V5,"(71, 70)",18.333328105879296,True,9.42344855372474,1.0
65,Auction,V6,"(14, 58)",1.1468630334053884,True,13.125,1.0
65,Auction,V7,"(12, 66)",4.906357021898987,True,28.301708279317776,1.0
65,Auction,V8,"(50, 25)",8.291921356763979,False,0.0,14.0
65,Auction,V9,"(36, 88)",2.576638138386812,True,5.303570832737446,1.0
65,Auction,V10,"(51, 2)",1.6504992379560726,True,15.604345773288536,13.0
65,Q-Learning,V1,"(58, 12)",18.44448639948685,True,16.162277660168378,1.0
65,Q-Learning,V2,"(50, 25)",4.051288505704685,True,12.333333333333334,1.0
65,Q-Learning,V3,"(16, 76)",31.33044781704368,True,0.11111111111111072,1.0
65,Q-Learning,V4,"(54, 58)",9.31723746970178,False,0.0,16.0
65,Q-Learning,V5,"(16, 56)",22.923793587306744,True,3.357605900979241,1.0
65,Q-Learning,V6,"(18, 61)",4.86673906332388,True,8.29809703885628,1.0
65,Q-Learning,V7,"(31, 45)",32.7460098164788,True,0.6009252125773319,1.0
65,Q-Learning,V8,"(91, 63)",1.9218960023154494,False,0.0,7.0
65,Q-Learning,V9,"(12, 66)",1.9161823156642228,True,5.405456737852614,1.0
65,Q-Learning,V10,"(69, 53)",8.703422581280215,False,0.0,3.0
66,Greedy,V1,"(83, 19)",14.212097457478425,True,19.093648577135827,1.0
66,Greedy,V2,"(92, 85)",14.421752528059116,False,0.0,1.0
66,Greedy,V3,"(54, 28)",27.286218160823132,True,3.601169500660923,1.0
66,Greedy,V4,"(49, 96)",9.961792198806538,False,0.0,18.0
66,Greedy,V5,"(74, 53)",1.23192200356808,True,25.478781991845196,1.0
66,Greedy,V6,"(46, 52)",8.528971271311978,True,3.850730450187342,1.0
66,Greedy,V7,"(44, 27)",2.0865308314404913,True,31.06764700582363,1.0
66,Greedy,V8,"(61, 15)",12.66643059515508,False,0.0,19.0
66,Greedy,V9,"(59, 21)",11.713904363108,False,0.0,6.0
66,Greedy,V10,"(90, 16)",16.420441070270787,False,0.0,12.0
66,Auction,V1,"(91, 63)",24.028464033005758,True,9.173067468400884,1.0
66,Auction,V2,"(12, 94)",4.772566601189801,True,10.424000624219588,1.0
66,Auction,V3,"(39, 1)",27.177497170876755,True,4.248451997499977,1.0
66,Auction,V4,"(54, 58)",9.31723746970178,False,0.0,17.0
66,Auction,V5,"(71, 70)",18.333328105879296,True,8.42344855372474,1.0
66,Auction,V6,"(14, 58)",1.1468630334053884,True,12.125,1.0
66,Auction,V7,"(12, 66)",4.906357021898987,True,27.301708279317776,1.0
66,Auction,V8,"(50, 25)",8.291921356763979,False,0.0,15.0
66,Auction,V9,"(36, 88)",2.576638138386812,True,4.303570832737446,1.0
66,Auction,V10,"(51, 2)",1.6504992379560726,True,14.604345773288536,13.0
66,Q-Learning,V1,"(58, 12)",18.44448639948685,True,15.162277660168378,1.0
66,Q-Learning,V2,"(50, 25)",4.051288505704685,True,11.333333333333334,1.0
66,Q-Learning,V3,"(28, 79)",6.956079275171128,True,24.374368541872553,1.0
66,Q-Learning,V4,"(54, 58)",9.31723746970178,False,0.0,17.0
66,Q-Learning,V5,"(16, 56)",22.923793587306744,True,2.357605900979241,1.0
66,Q-Learning,V6,"(18, 61)",4.86673906332388,True,7.29809703885628,1.0
66,Q-Learning,V7,"(31, 26)",12.579343149812129,True,20.166666666666668,1.0
66,Q-Learning,V8,"(91, 63)",1.9218960023154494,False,0.0,8.0
66,Q-Learning,V9,"(12, 66)",1.9161823156642228,True,4.405456737852614,1.0
66,Q-Learning,V10,"(69, 53)",8.703422581280215,False,0.0,4.0
67,Greedy,V1,"(83, 19)",14.212097457478425,True,18.093648577135827,1.0
67,Greedy,V2,"(92, 85)",14.421752528059116,False,0.0,2.0
67,Greedy,V3,"(54, 28)",27.286218160823132,True,2.601169500660923,1.0
67,Greedy,V4,"(49, 96)",9.961792198806538,False,0.0,19.0
67,Greedy,V5,"(74, 53)",1.23192200356808,True,24.478781991845196,1.0
67,Greedy,V6,"(46, 52)",8.528971271311978,True,2.850730450187342,1.0
67,Greedy,V7,"(44, 27)",2.0865308314404913,True,30.06764700582363,1.0
67,Greedy,V8,"(61, 15)",12.66643059515508,False,0.0,20.0
67,Greedy,V9,"(59, 21)",11.713904363108,False,0.0,7.0
67,Greedy,V10,"(90, 16)",16.420441070270787,False,0.0,13.0
67,Auction,V1,"(91, 63)",24.028464033005758,True,8.173067468400884,1.0
67,Auction,V2,"(12, 94)",4.772566601189801,True,9.424000624219588,1.0
67,Auction,V3,"(39, 1)",27.177497170876755,True,3.248451997499977,1.0
67,Auction,V4,"(54, 58)",9.31723746970178,False,0.0,18.0
67,Auction,V5,"(71, 70)",18.333328105879296,True,7.423448553724739,1.0
67,Auction,V6,"(14, 58)",1.1468630334053884,True,11.125,1.0
67,Auction,V7,"(12, 66)",4.906357021898987,True,26.301708279317776,1.0
67,Auction,V8,"(50, 25)",8.291921356763979,False,0.0,16.0
67,Auction,V9,"(36, 88)",2.576638138386812,True,3.303570832737446,1.0
67,Auction,V10,"(51, 2)",1.6504992379560726,True,13.604345773288536,13.0
67,Q-Learning,V1,"(58, 12)",18.44448639948685,True,14.162277660168378,1.0
67,Q-Learning,V2,"(50, 25)",4.051288505704685,True,10.333333333333334,1.0
67,Q-Learning,V3,"(28, 79)",6.956079275171128,True,23.374368541872553,1.0
67,Q-Learning,V4,"(54, 58)",9.31723746970178,False,0.0,18.0
67,Q-Learning,V5,"(16, 56)",22.923793587306744,True,1.357605900979241,1.0
67,Q-Learning,V6,"(18, 61)",4.86673906332388,True,6.29809703885628,1.0
67,Q-Learning,V7,"(31, 26)",12.579343149812129,True,19.166666666666668,1.0
67,Q-Learning,V8,"(91, 63)",1.9218960023154494,False,0.0,9.0
67,Q-Learning,V9,"(12, 66)",1.9161823156642228,True,3.4054567378526137,1.0
67,Q-Learning,V10,"(69, 53)",8.703422581280215,False,0.0,5.0
68,Greedy,V1,"(83, 19)",14.212097457478425,True,17.093648577135827,1.0
68,Greedy,V2,"(92, 85)",14.421752528059116,False,0.0,3.0
68,Greedy,V3,"(54, 28)",27.286218160823132,True,1.601169500660923,1.0
68,Greedy,V4,"(49, 96)",9.961792198806538,False,0.0,20.0
68,Greedy,V5,"(74, 53)",1.23192200356808,True,23.478781991845196,1.0
68,Greedy,V6,"(46, 52)",8.528971271311978,True,1.850730450187342,1.0
68,Greedy,V7,"(44, 27)",2.0865308314404913,True,29.06764700582363,1.0
68,Greedy,V8,"(61, 15)",12.66643059515508,False,0.0,21.0
68,Greedy,V9,"(59, 21)",11.713904363108,False,0.0,8.0
68,Greedy,V10,"(90, 16)",16.420441070270787,False,0.0,14.0
68,Auction,V1,"(91, 63)",24.028464033005758,True,7.173067468400884,1.0
68,Auction,V2,"(12, 94)",4.772566601189801,True,8.424000624219588,1.0
68,Auction,V3,"(39, 1)",27.177497170876755,True,2.248451997499977,1.0
68,Auction,V4,"(54, 58)",9.31723746970178,False,0.0,19.0
68,Auction,V5,"(71, 70)",18.333328105879296,True,6.423448553724739,1.0
68,Auction,V6,"(14, 58)",1.1468630334053884,True,10.125,1.0
68,Auction,V7,"(12, 66)",4.906357021898987,True,25.301708279317776,1.0
68,Auction,V8,"(50, 25)",8.291921356763979,False,0.0,17.0
68,Auction,V9,"(36, 88)",2.576638138386812,True,2.303570832737446,1.0
68,Auction,V10,"(51, 2)",1.6504992379560726,True,12.604345773288536,13.0
68,Q-Learning,V1,"(58, 12)",18.44448639948685,True,13.162277660168378,1.0
68,Q-Learning,V2,"(50, 25)",4.051288505704685,True,9.333333333333334,1.0
68,Q-Learning,V3,"(28, 79)",6.956079275171128,True,22.374368541872553,1.0
68,Q-Learning,V4,"(54, 58)",9.31723746970178,False,0.0,19.0
68,Q-Learning,V5,"(16, 56)",22.923793587306744,True,0.35760590097924094,1.0
68,Q-Learning,V6,"(18, 61)",4.86673906332388,True,5.29809703885628,1.0
68,Q-Learning,V7,"(31, 26)",12.579343149812129,True,18.166666666666668,1.0
68,Q-Learning,V8,"(91, 63)",1.9218960023154494,False,0.0,10.0
68,Q-Learning,V9,"(12, 66)",1.9161823156642228,True,2.4054567378526137,1.0
68,Q-Learning,V10,"(69, 53)",8.703422581280215,False,0.0,6.0
69,Greedy,V1,"(83, 19)",14.212097457478425,True,16.093648577135827,1.0
69,Greedy,V2,"(92, 85)",14.421752528059116,False,0.0,4.0
69,Greedy,V3,"(54, 28)",27.286218160823132,True,0.601169500660923,1.0
69,Greedy,V4,"(49, 96)",9.961792198806538,False,0.0,21.0
69,Greedy,V5,"(74, 53)",1.23192200356808,True,22.478781991845196,1.0
69,Greedy,V6,"(46, 52)",8.528971271311978,True,0.8507304501873421,1.0
69,Greedy,V7,"(44, 27)",2.0865308314404913,True,28.06764700582363,1.0
69,Greedy,V8,"(61, 15)",12.66643059515508,False,0.0,22.0
69,Greedy,V9,"(59, 21)",11.713904363108,False,0.0,9.0
69,Greedy,V10,"(90, 16)",16.420441070270787,False,0.0,15.0
69,Auction,V1,"(91, 63)",24.028464033005758,True,6.173067468400884,1.0
69,Auction,V2,"(12, 94)",4.772566601189801,True,7.4240006242195875,1.0
69,Auction,V3,"(39, 1)",27.177497170876755,True,1.248451997499977,1.0
69,Auction,V4,"(54, 58)",9.31723746970178,False,0.0,20.0
69,Auction,V5,"(71, 70)",18.333328105879296,True,5.423448553724739,1.0
69,Auction,V6,"(14, 58)",1.1468630334053884,True,9.125,1.0
69,Auction,V7,"(12, 66)",4.906357021898987,True,24.301708279317776,1.0
69,Auction,V8,"(50, 25)",8.291921356763979,False,0.0,18.0
69,Auction,V9,"(36, 88)",2.576638138386812,True,1.3035708327374458,1.0
69,Auction,V10,"(51, 2)",1.6504992379560726,True,11.604345773288536,13.0
69,Q-Learning,V1,"(58, 12)",18.44448639948685,True,12.162277660168378,1.0
69,Q-Learning,V2,"(50, 25)",4.051288505704685,True,8.333333333333334,1.0
69,Q-Learning,V3,"(28, 79)",6.956079275171128,True,21.374368541872553,1.0
69,Q-Learning,V4,"(54, 58)",9.31723746970178,False,0.0,20.0
69,Q-Learning,V5,"(4, 97)",4.379789841989211,True,18.544003745317532,1.0
69,Q-Learning,V6,"(18, 61)",4.86673906332388,True,4.29809703885628,1.0
69,Q-Learning,V7,"(31, 26)",12.579343149812129,True,17.166666666666668,1.0
69,Q-Learning,V8,"(91, 63)",1.9218960023154494,False,0.0,11.0
69,Q-Learning,V9,"(12, 66)",1.9161823156642228,True,1.4054567378526137,1.0
69,Q-Learning,V10,"(69, 53)",8.703422581280215,False,0.0,7.0
70,Greedy,V1,"(83, 19)",14.212097457478425,True,15.093648577135827,1.0
70,Greedy,V2,"(92, 85)",14.421752528059116,False,0.0,5.0
70,Greedy,V3,"(54, 28)",6.582768147357257,True,20.703450013465876,1.0
70,Greedy,V4,"(49, 96)",9.961792198806538,False,0.0,22.0
70,Greedy,V5,"(74, 53)",1.23192200356808,True,21.478781991845196,1.0
70,Greedy,V6,"(46, 52)",8.528971271311978,False,0.0,1.0
70,Greedy,V7,"(44, 27)",2.0865308314404913,True,27.06764700582363,1.0
70,Greedy,V8,"(61, 15)",12.66643059515508,False,0.0,23.0
70,Greedy,V9,"(59, 21)",11.713904363108,False,0.0,10.0
70,Greedy,V10,"(90, 16)",16.420441070270787,False,0.0,16.0
70,Auction,V1,"(91, 63)",24.028464033005758,True,5.173067468400884,1.0
70,Auction,V2,"(12, 94)",4.772566601189801,True,6.4240006242195875,1.0
70,Auction,V3,"(39, 1)",27.177497170876755,True,0.24845199749997704,1.0
70,Auction,V4,"(54, 58)",9.31723746970178,False,0.0,21.0
70,Auction,V5,"(71, 70)",18.333328105879296,True,4.423448553724739,1.0
70,Auction,V6,"(14, 58)",1.1468630334053884,True,8.125,1.0
70,Auction,V7,"(12, 66)",4.906357021898987,True,23.301708279317776,1.0
70,Auction,V8,"(50, 25)",8.291921356763979,False,0.0,19.0
70,Auction,V9,"(36, 88)",2.576638138386812,True,0.3035708327374458,1.0
70,Auction,V10,"(51, 2)",1.6504992379560726,True,10.604345773288536,13.0
70,Q-Learning,V1,"(58, 12)",18.44448639948685,True,11.162277660168378,1.0
70,Q-Learning,V2,"(50, 25)",4.051288505704685,True,7.333333333333334,1.0
70,Q-Learning,V3,"(28, 79)",6.956079275171128,True,20.374368541872553,1.0
70,Q-Learning,V4,"(54, 58)",9.31723746970178,False,0.0,21.0
70,Q-Learning,V5,"(4, 97)",4.379789841989211,True,17.544003745317532,1.0
70,Q-Learning,V6,"(18, 61)",4.86673906332388,True,3.2980970388562802,1.0
70,Q-Learning,V7,"(31, 26)",12.579343149812129,True,16.166666666666668,1.0
70,Q-Learning,V8,"(91, 63)",1.9218960023154494,False,0.0,12.0
70,Q-Learning,V9,"(12, 66)",1.9161823156642228,True,0.4054567378526137,1.0
70,Q-Learning,V10,"(69, 53)",8.703422581280215,False,0.0,8.0
71,Greedy,V1,"(83, 19)",14.212097457478425,True,14.093648577135827,1.0
71,Greedy,V2,"(92, 85)",14.421752528059116,False,0.0,6.0
71,Greedy,V3,"(54, 28)",6.582768147357257,True,19.703450013465876,1.0
71,Greedy,V4,"(49, 96)",9.961792198806538,False,0.0,23.0
71,Greedy,V5,"(74, 53)",1.23192200356808,True,20.478781991845196,1.0
71,Greedy,V6,"(46, 52)",8.528971271311978,False,0.0,2.0
71,Greedy,V7,"(44, 27)",2.0865308314404913,True,26.06764700582363,1.0
71,Greedy,V8,"(61, 15)",12.66643059515508,False,0.0,24.0
71,Greedy,V9,"(59, 21)",11.713904363108,False,0.0,11.0
71,Greedy,V10,"(90, 16)",16.420441070270787,False,0.0,17.0
71,Auction,V1,"(91, 63)",24.028464033005758,True,4.173067468400884,1.0
71,Auction,V2,"(12, 94)",4.772566601189801,True,5.4240006242195875,1.0
71,Auction,V3,"(58, 4)",7.040232275135494,True,20.13726489574126,1.0
71,Auction,V4,"(54, 58)",9.31723746970178,False,0.0,22.0
71,Auction,V5,"(71, 70)",18.333328105879296,True,3.4234485537247394,1.0
71,Auction,V6,"(14, 58)",1.1468630334053884,True,7.125,1.0
71,Auction,V7,"(12, 66)",4.906357021898987,True,22.301708279317776,1.0
71,Auction,V8,"(50, 25)",8.291921356763979,False,0.0,20.0
71,Auction,V9,"(36, 88)",2.576638138386812,False,0.0,1.0
71,Auction,V10,"(51, 2)",1.6504992379560726,True,9.604345773288536,13.0
71,Q-Learning,V1,"(58, 12)",18.44448639948685,True,10.162277660168378,1.0
71,Q-Learning,V2,"(50, 25)",4.051288505704685,True,6.333333333333334,1.0
71,Q-Learning,V3,"(28, 79)",6.956079275171128,True,19.374368541872553,1.0
71,Q-Learning,V4,"(54, 58)",9.31723746970178,False,0.0,22.0
71,Q-Learning,V5,"(4, 97)",4.379789841989211,True,16.544003745317532,1.0
71,Q-Learning,V6,"(18, 61)",4.86673906332388,True,2.2980970388562802,1.0
71,Q-Learning,V7,"(31, 26)",12.579343149812129,True,15.166666666666668,1.0
71,Q-Learning,V8,"(91, 63)",1.9218960023154494,False,0.0,13.0
71,Q-Learning,V9,"(12, 66)",1.9161823156642228,False,0.0,1.0
71,Q-Learning,V10,"(69, 53)",8.703422581280215,False,0.0,9.0
72,Greedy,V1,"(83, 19)",14.212097457478425,True,13.093648577135827,1.0
72,Greedy,V2,"(92, 85)",14.421752528059116,False,0.0,7.0
72,Greedy,V3,"(54, 28)",6.582768147357257,True,18.703450013465876,1.0
72,Greedy,V4,"(49, 96)",9.961792198806538,False,0.0,24.0
72,Greedy,V5,"(74, 53)",1.23192200356808,True,19.478781991845196,1.0
72,Greedy,V6,"(46, 52)",8.528971271311978,False,0.0,3.0
72,Greedy,V7,"(44, 27)",2.0865308314404913,True,25.06764700582363,1.0
72,Greedy,V8,"(61, 15)",12.66643059515508,False,0.0,25.0
72,Greedy,V9,"(59, 21)",11.713904363108,False,0.0,12.0
72,Greedy,V10,"(90, 16)",16.420441070270787,False,0.0,18.0
72,Auction,V1,"(91, 63)",24.028464033005758,True,3.173067468400884,1.0
72,Auction,V2,"(12, 94)",4.772566601189801,True,4.4240006242195875,1.0
72,Auction,V3,"(58, 4)",7.040232275135494,True,19.13726489574126,1.0
72,Auction,V4,"(54, 58)",9.31723746970178,False,0.0,23.0
72,Auction,V5,"(71, 70)",18.333328105879296,True,2.4234485537247394,1.0
72,Auction,V6,"(14, 58)",1.1468630334053884,True,6.125,1.0
72,Auction,V7,"(12, 66)",4.906357021898987,True,21.301708279317776,1.0
72,Auction,V8,"(50, 25)",8.291921356763979,False,0.0,21.0
72,Auction,V9,"(36, 88)",2.576638138386812,False,0.0,2.0
72,Auction,V10,"(51, 2)",1.6504992379560726,True,8.604345773288536,13.0
72,Q-Learning,V1,"(58, 12)",18.44448639948685,True,9.162277660168378,1.0
72,Q-Learning,V2,"(50, 25)",4.051288505704685,True,5.333333333333334,1.0
72,Q-Learning,V3,"(28, 79)",6.956079275171128,True,18.374368541872553,1.0
72,Q-Learning,V4,"(54, 58)",9.31723746970178,False,0.0,23.0
72,Q-Learning,V5,"(4, 97)",4.379789841989211,True,15.544003745317532,1.0
72,Q-Learning,V6,"(18, 61)",4.86673906332388,True,1.2980970388562802,1.0
72,Q-Learning,V7,"(31, 26)",12.579343149812129,True,14.166666666666668,1.0
72,Q-Learning,V8,"(91, 63)",1.9218960023154494,False,0.0,14.0
72,Q-Learning,V9,"(12, 66)",1.9161823156642228,False,0.0,2.0
72,Q-Learning,V10,"(69, 53)",8.703422581280215,False,0.0,10.0
73,Greedy,V1,"(83, 19)",14.212097457478425,True,12.093648577135827,1.0
73,Greedy,V2,"(92, 85)",14.421752528059116,False,0.0,8.0
73,Greedy,V3,"(54, 28)",6.582768147357257,True,17.703450013465876,1.0
73,Greedy,V4,"(49, 96)",9.961792198806538,False,0.0,25.0
73,Greedy,V5,"(74, 53)",1.23192200356808,True,18.478781991845196,1.0
73,Greedy,V6,"(46, 52)",8.528971271311978,False,0.0,4.0
73,Greedy,V7,"(44, 27)",2.0865308314404913,True,24.06764700582363,1.0
73,Greedy,V8,"(61, 15)",12.66643059515508,False,0.0,26.0
73,Greedy,V9,"(59, 21)",11.713904363108,False,0.0,13.0
73,Greedy,V10,"(90, 16)",16.420441070270787,False,0.0,19.0
73,Auction,V1,"(91, 63)",24.028464033005758,True,2.173067468400884,1.0
73,Auction,V2,"(12, 94)",4.772566601189801,True,3.4240006242195875,1.0
73,Auction,V3,"(58, 4)",7.040232275135494,True,18.13726489574126,1.0
73,Auction,V4,"(54, 58)",9.31723746970178,False,0.0,24.0
73,Auction,V5,"(71, 70)",18.333328105879296,True,1.4234485537247394,1.0
73,Auction,V6,"(14, 58)",1.1468630334053884,True,5.125,1.0
73,Auction,V7,"(12, 66)",4.906357021898987,True,20.301708279317776,1.0
73,Auction,V8,"(50, 25)",8.291921356763979,False,0.0,22.0
73,Auction,V9,"(36, 88)",2.576638138386812,False,0.0,3.0
73,Auction,V10,"(51, 2)",1.6504992379560726,True,7.604345773288536,13.0
73,Q-Learning,V1,"(58, 12)",18.44448639948685,True,8.162277660168378,1.0
73,Q-Learning,V2,"(50, 25)",4.051288505704685,True,4.333333333333334,1.0
73,Q-Learning,V3,"(28, 79)",6.956079275171128,True,17.374368541872553,1.0
73,Q-Learning,V4,"(54, 58)",9.31723746970178,False,0.0,24.0
73,Q-Learning,V5,"(4, 97)",4.379789841989211,True,14.544003745317532,1.0
73,Q-Learning,V6,"(18, 61)",4.86673906332388,True,0.29809703885628025,1.0
73,Q-Learning,V7,"(31, 26)",12.579343149812129,True,13.166666666666668,1.0
73,Q-Learning,V8,"(91, 63)",1.9218960023154494,False,0.0,15.0
73,Q-Learning,V9,"(12, 66)",1.9161823156642228,False,0.0,3.0
73,Q-Learning,V10,"(69, 53)",8.703422581280215,False,0.0,11.0
74,Greedy,V1,"(83, 19)",14.212097457478425,True,11.093648577135827,1.0
74,Greedy,V2,"(92, 85)",14.421752528059116,False,0.0,9.0
74,Greedy,V3,"(54, 28)",6.582768147357257,True,16.703450013465876,1.0
74,Greedy,V4,"(49, 96)",9.961792198806538,False,0.0,26.0
74,Greedy,V5,"(74, 53)",1.23192200356808,True,17.478781991845196,1.0
74,Greedy,V6,"(46, 52)",8.528971271311978,False,0.0,5.0
74,Greedy,V7,"(44, 27)",2.0865308314404913,True,23.06764700582363,1.0
74,Greedy,V8,"(61, 15)",12.66643059515508,False,0.0,27.0
74,Greedy,V9,"(59, 21)",11.713904363108,False,0.0,14.0
74,Greedy,V10,"(90, 16)",16.420441070270787,False,0.0,20.0
74,Auction,V1,"(91, 63)",24.028464033005758,True,1.173067468400884,1.0
74,Auction,V2,"(12, 94)",4.772566601189801,True,2.4240006242195875,1.0
74,Auction,V3,"(58, 4)",7.040232275135494,True,17.13726489574126,1.0
74,Auction,V4,"(54, 58)",9.31723746970178,False,0.0,25.0
74,Auction,V5,"(71, 70)",18.333328105879296,True,0.42344855372473944,1.0
74,Auction,V6,"(14, 58)",1.1468630334053884,True,4.125,1.0
74,Auction,V7,"(12, 66)",4.906357021898987,True,19.301708279317776,1.0
74,Auction,V8,"(50, 25)",8.291921356763979,False,0.0,23.0
74,Auction,V9,"(36, 88)",2.576638138386812,False,0.0,4.0
74,Auction,V10,"(51, 2)",1.6504992379560726,True,6.604345773288536,13.0
74,Q-Learning,V1,"(58, 12)",18.44448639948685,True,7.162277660168378,1.0
74,Q-Learning,V2,"(50, 25)",4.051288505704685,True,3.333333333333334,1.0
74,Q-Learning,V3,"(28, 79)",6.956079275171128,True,16.374368541872553,1.0
74,Q-Learning,V4,"(54, 58)",9.31723746970178,False,0.0,25.0
74,Q-Learning,V5,"(4, 97)",4.379789841989211,True,13.544003745317532,1.0
74,Q-Learning,V6,"(18, 61)",4.86673906332388,False,0.0,1.0
74,Q-Learning,V7,"(31, 26)",12.579343149812129,True,12.166666666666668,1.0
74,Q-Learning,V8,"(91, 63)",1.9218960023154494,False,0.0,16.0
74,Q-Learning,V9,"(12, 66)",1.9161823156642228,False,0.0,4.0
74,Q-Learning,V10,"(69, 53)",8.703422581280215,False,0.0,12.0
75,Greedy,V1,"(83, 19)",14.212097457478425,True,10.093648577135827,1.0
75,Greedy,V2,"(92, 85)",14.421752528059116,False,0.0,10.0
75,Greedy,V3,"(54, 28)",6.582768147357257,True,15.703450013465876,1.0
75,Greedy,V4,"(49, 96)",9.961792198806538,False,0.0,27.0
75,Greedy,V5,"(74, 53)",1.23192200356808,True,16.478781991845196,1.0
75,Greedy,V6,"(46, 52)",8.528971271311978,False,0.0,6.0
75,Greedy,V7,"(44, 27)",2.0865308314404913,True,22.06764700582363,1.0
75,Greedy,V8,"(61, 15)",12.66643059515508,False,0.0,28.0
75,Greedy,V9,"(59, 21)",11.713904363108,False,0.0,15.0
75,Greedy,V10,"(90, 16)",16.420441070270787,False,0.0,21.0
75,Auction,V1,"(91, 63)",24.028464033005758,True,0.17306746840088394,1.0
75,Auction,V2,"(12, 94)",4.772566601189801,True,1.4240006242195875,1.0
75,Auction,V3,"(58, 4)",7.040232275135494,True,16.13726489574126,1.0
75,Auction,V4,"(54, 58)",9.31723746970178,False,0.0,26.0
75,Auction,V5,"(38, 61)",1.4922755552844684,True,16.841052550594828,1.0
75,Auction,V6,"(14, 58)",1.1468630334053884,True,3.125,1.0
75,Auction,V7,"(12, 66)",4.906357021898987,True,18.301708279317776,1.0
75,Auction,V8,"(50, 25)",8.291921356763979,False,0.0,24.0
75,Auction,V9,"(36, 88)",2.576638138386812,False,0.0,5.0
75,Auction,V10,"(51, 2)",1.6504992379560726,True,5.604345773288536,13.0
75,Q-Learning,V1,"(58, 12)",18.44448639948685,True,6.162277660168378,1.0
75,Q-Learning,V2,"(50, 25)",4.051288505704685,True,2.333333333333334,1.0
75,Q-Learning,V3,"(28, 79)",6.956079275171128,True,15.374368541872553,1.0
75,Q-Learning,V4,"(54, 58)",9.31723746970178,False,0.0,26.0
75,Q-Learning,V5,"(4, 97)",4.379789841989211,True,12.544003745317532,1.0
75,Q-Learning,V6,"(18, 61)",4.86673906332388,False,0.0,2.0
75,Q-Learning,V7,"(31, 26)",12.579343149812129,True,11.166666666666668,1.0
75,Q-Learning,V8,"(91, 63)",1.9218960023154494,False,0.0,17.0
75,Q-Learning,V9,"(12, 66)",1.9161823156642228,False,0.0,5.0
75,Q-Learning,V10,"(69, 53)",8.703422581280215,False,0.0,13.0
76,Greedy,V1,"(83, 19)",14.212097457478425,True,9.093648577135827,1.0
76,Greedy,V2,"(92, 85)",14.421752528059116,False,0.0,11.0
76,Greedy,V3,"(54, 28)",6.582768147357257,True,14.703450013465876,1.0
76,Greedy,V4,"(49, 96)",9.961792198806538,False,0.0,28.0
76,Greedy,V5,"(74, 53)",1.23192200356808,True,15.478781991845196,1.0
76,Greedy,V6,"(46, 52)",8.528971271311978,False,0.0,7.0
76,Greedy,V7,"(44, 27)",2.0865308314404913,True,21.06764700582363,1.0
76,Greedy,V8,"(61, 15)",12.66643059515508,False,0.0,29.0
76,Greedy,V9,"(59, 21)",11.713904363108,False,0.0,16.0
76,Greedy,V10,"(90, 16)",16.420441070270787,False,0.0,22.0
76,Auction,V1,"(62, 40)",4.859545525231841,True,19.168918507773917,1.0
76,Auction,V2,"(12, 94)",4.772566601189801,True,0.4240006242195875,1.0
76,Auction,V3,"(58, 4)",7.040232275135494,True,15.13726489574126,1.0
76,Auction,V4,"(54, 58)",9.31723746970178,False,0.0,27.0
76,Auction,V5,"(38, 61)",1.4922755552844684,True,15.841052550594828,1.0
76,Auction,V6,"(14, 58)",1.1468630334053884,True,2.125,1.0
76,Auction,V7,"(12, 66)",4.906357021898987,True,17.301708279317776,1.0
76,Auction,V8,"(50, 25)",8.291921356763979,False,0.0,25.0
76,Auction,V9,"(36, 88)",2.576638138386812,False,0.0,6.0
76,Auction,V10,"(51, 2)",1.6504992379560726,True,4.604345773288536,13.0
76,Q-Learning,V1,"(58, 12)",18.44448639948685,True,5.162277660168378,1.0
76,Q-Learning,V2,"(50, 25)",4.051288505704685,True,1.333333333333334,1.0
76,Q-Learning,V3,"(28, 79)",6.956079275171128,True,14.374368541872553,1.0
76,Q-Learning,V4,"(54, 58)",9.31723746970178,False,0.0,27.0
76,Q-Learning,V5,"(4, 97)",4.379789841989211,True,11.544003745317532,1.0
76,Q-Learning,V6,"(18, 61)",4.86673906332388,False,0.0,3.0
76,Q-Learning,V7,"(31, 26)",12.579343149812129,True,10.166666666666668,1.0
76,Q-Learning,V8,"(91, 63)",1.9218960023154494,False,0.0,18.0
76,Q-Learning,V9,"(12, 66)",1.9161823156642228,False,0.0,6.0
76,Q-Learning,V10,"(69, 53)",8.703422581280215,False,0.0,14.0
77,Greedy,V1,"(83, 19)",14.212097457478425,True,8.093648577135827,1.0
77,Greedy,V2,"(92, 85)",14.421752528059116,False,0.0,12.0
77,Greedy,V3,"(54, 28)",6.582768147357257,True,13.703450013465876,1.0
77,Greedy,V4,"(49, 96)",9.961792198806538,False,0.0,29.0
77,Greedy,V5,"(74, 53)",1.23192200356808,True,14.478781991845196,1.0
77,Greedy,V6,"(46, 52)",8.528971271311978,False,0.0,8.0
77,Greedy,V7,"(44, 27)",2.0865308314404913,True,20.06764700582363,1.0
77,Greedy,V8,"(61, 15)",12.66643059515508,False,0.0,30.0
77,Greedy,V9,"(59, 21)",11.713904363108,False,0.0,17.0
77,Greedy,V10,"(90, 16)",16.420441070270787,False,0.0,23.0
77,Auction,V1,"(62, 40)",4.859545525231841,True,18.168918507773917,1.0
77,Auction,V2,"(12, 94)",4.772566601189801,False,0.0,1.0
77,Auction,V3,"(58, 4)",7.040232275135494,True,14.13726489574126,1.0
77,Auction,V4,"(54, 58)",9.31723746970178,False,0.0,28.0
77,Auction,V5,"(38, 61)",1.4922755552844684,True,14.841052550594828,1.0
77,Auction,V6,"(14, 58)",1.1468630334053884,True,1.125,1.0
77,Auction,V7,"(12, 66)",4.906357021898987,True,16.301708279317776,1.0
77,Auction,V8,"(50, 25)",8.291921356763979,False,0.0,26.0
77,Auction,V9,"(36, 88)",2.576638138386812,False,0.0,7.0
77,Auction,V10,"(51, 2)",1.6504992379560726,True,3.604345773288536,13.0
77,Q-Learning,V1,"(58, 12)",18.44448639948685,True,4.162277660168378,1.0
77,Q-Learning,V2,"(50, 25)",4.051288505704685,True,0.3333333333333339,1.0
77,Q-Learning,V3,"(28, 79)",6.956079275171128,True,13.374368541872553,1.0
77,Q-Learning,V4,"(54, 58)",9.31723746970178,False,0.0,28.0
77,Q-Learning,V5,"(4, 97)",4.379789841989211,True,10.544003745317532,1.0
77,Q-Learning,V6,"(18, 61)",4.86673906332388,False,0.0,4.0
77,Q-Learning,V7,"(31, 26)",12.579343149812129,True,9.166666666666668,1.0
77,Q-Learning,V8,"(91, 63)",1.9218960023154494,False,0.0,19.0
77,Q-Learning,V9,"(12, 66)",1.9161823156642228,False,0.0,7.0
77,Q-Learning,V10,"(69, 53)",8.703422581280215,False,0.0,15.0
78,Greedy,V1,"(83, 19)",14.212097457478425,True,7.093648577135827,1.0
78,Greedy,V2,"(92, 85)",14.421752528059116,False,0.0,13.0
78,Greedy,V3,"(54, 28)",6.582768147357257,True,12.703450013465876,1.0
78,Greedy,V4,"(49, 96)",9.961792198806538,False,0.0,30.0
78,Greedy,V5,"(74, 53)",1.23192200356808,True,13.478781991845196,1.0
78,Greedy,V6,"(46, 52)",8.528971271311978,False,0.0,9.0
78,Greedy,V7,"(44, 27)",2.0865308314404913,True,19.06764700582363,1.0
78,Greedy,V8,"(61, 15)",12.66643059515508,False,0.0,31.0
78,Greedy,V9,"(59, 21)",11.713904363108,False,0.0,18.0
78,Greedy,V10,"(90, 16)",16.420441070270787,False,0.0,24.0
78,Auction,V1,"(62, 40)",4.859545525231841,True,17.168918507773917,1.0
78,Auction,V2,"(12, 94)",4.772566601189801,False,0.0,2.0
78,Auction,V3,"(58, 4)",7.040232275135494,True,13.13726489574126,1.0
78,Auction,V4,"(54, 58)",9.31723746970178,False,0.0,29.0
78,Auction,V5,"(38, 61)",1.4922755552844684,True,13.841052550594828,1.0
78,Auction,V6,"(14, 58)",1.1468630334053884,True,0.125,1.0
78,Auction,V7,"(12, 66)",4.906357021898987,True,15.301708279317776,1.0
78,Auction,V8,"(50, 25)",8.291921356763979,False,0.0,27.0
78,Auction,V9,"(36, 88)",2.576638138386812,False,0.0,8.0
78,Auction,V10,"(51, 2)",1.6504992379560726,True,2.604345773288536,13.0
78,Q-Learning,V1,"(58, 12)",18.44448639948685,True,3.162277660168378,1.0
78,Q-Learning,V2,"(50, 25)",4.051288505704685,False,0.0,1.0
78,Q-Learning,V3,"(28, 79)",6.956079275171128,True,12.374368541872553,1.0
78,Q-Learning,V4,"(54, 58)",9.31723746970178,False,0.0,29.0
78,Q-Learning,V5,"(4, 97)",4.379789841989211,True,9.544003745317532,1.0
78,Q-Learning,V6,"(18, 61)",4.86673906332388,False,0.0,5.0
78,Q-Learning,V7,"(31, 26)",12.579343149812129,True,8.166666666666668,1.0
78,Q-Learning,V8,"(91, 63)",1.9218960023154494,False,0.0,20.0
78,Q-Learning,V9,"(12, 66)",1.9161823156642228,False,0.0,8.0
78,Q-Learning,V10,"(69, 53)",8.703422581280215,False,0.0,16.0
79,Greedy,V1,"(83, 19)",14.212097457478425,True,6.093648577135827,1.0
79,Greedy,V2,"(92, 85)",14.421752528059116,False,0.0,14.0
79,Greedy,V3,"(54, 28)",6.582768147357257,True,11.703450013465876,1.0
79,Greedy,V4,"(49, 96)",9.961792198806538,False,0.0,31.0
79,Greedy,V5,"(74, 53)",1.23192200356808,True,12.478781991845196,1.0
79,Greedy,V6,"(46, 52)",8.528971271311978,False,0.0,10.0
79,Greedy,V7,"(44, 27)",2.0865308314404913,True,18.06764700582363,1.0
79,Greedy,V8,"(61, 15)",12.66643059515508,False,0.0,32.0
79,Greedy,V9,"(59, 21)",11.713904363108,False,0.0,19.0
79,Greedy,V10,"(90, 16)",16.420441070270787,False,0.0,25.0
79,Auction,V1,"(62, 40)",4.859545525231841,True,16.168918507773917,1.0
79,Auction,V2,"(12, 94)",4.772566601189801,False,0.0,3.0
79,Auction,V3,"(58, 4)",7.040232275135494,True,12.13726489574126,1.0
79,Auction,V4,"(54, 58)",9.31723746970178,False,0.0,30.0
79,Auction,V5,"(38, 61)",1.4922755552844684,True,12.841052550594828,1.0
79,Auction,V6,"(14, 58)",1.1468630334053884,False,0.0,1.0
79,Auction,V7,"(12, 66)",4.906357021898987,True,14.301708279317776,1.0
79,Auction,V8,"(50, 25)",8.291921356763979,False,0.0,28.0
79,Auction,V9,"(36, 88)",2.576638138386812,False,0.0,9.0
79,Auction,V10,"(51, 2)",1.6504992379560726,True,1.6043457732885358,13.0
79,Q-Learning,V1,"(58, 12)",18.44448639948685,True,2.162277660168378,1.0
79,Q-Learning,V2,"(50, 25)",4.051288505704685,False,0.0,2.0
79,Q-Learning,V3,"(28, 79)",6.956079275171128,True,11.374368541872553,1.0
79,Q-Learning,V4,"(54, 58)",9.31723746970178,False,0.0,30.0
79,Q-Learning,V5,"(4, 97)",4.379789841989211,True,8.544003745317532,1.0
79,Q-Learning,V6,"(18, 61)",4.86673906332388,False,0.0,6.0
79,Q-Learning,V7,"(31, 26)",12.579343149812129,True,7.166666666666668,1.0
79,Q-Learning,V8,"(91, 63)",1.9218960023154494,False,0.0,21.0
79,Q-Learning,V9,"(12, 66)",1.9161823156642228,False,0.0,9.0
79,Q-Learning,V10,"(69, 53)",8.703422581280215,False,0.0,17.0
80,Greedy,V1,"(83, 19)",14.212097457478425,True,5.093648577135827,1.0
80,Greedy,V2,"(92, 85)",14.421752528059116,False,0.0,15.0
80,Greedy,V3,"(54, 28)",6.582768147357257,True,10.703450013465876,1.0
80,Greedy,V4,"(49, 96)",9.961792198806538,False,0.0,32.0
80,Greedy,V5,"(74, 53)",1.23192200356808,True,11.478781991845196,1.0
80,Greedy,V6,"(46, 52)",8.528971271311978,False,0.0,11.0
80,Greedy,V7,"(44, 27)",2.0865308314404913,True,17.06764700582363,1.0
80,Greedy,V8,"(61, 15)",12.66643059515508,False,0.0,33.0
80,Greedy,V9,"(59, 21)",11.713904363108,False,0.0,20.0
80,Greedy,V10,"(90, 16)",16.420441070270787,False,0.0,26.0
80,Auction,V1,"(62, 40)",4.859545525231841,True,15.168918507773917,1.0
80,Auction,V2,"(12, 94)",4.772566601189801,False,0.0,4.0
80,Auction,V3,"(58, 4)",7.040232275135494,True,11.13726489574126,1.0
80,Auction,V4,"(54, 58)",9.31723746970178,False,0.0,31.0
80,Auction,V5,"(38, 61)",1.4922755552844684,True,11.841052550594828,1.0
80,Auction,V6,"(14, 58)",1.1468630334053884,False,0.0,2.0
80,Auction,V7,"(12, 66)",4.906357021898987,True,13.301708279317776,1.0
80,Auction,V8,"(50, 25)",8.291921356763979,False,0.0,29.0
80,Auction,V9,"(36, 88)",2.576638138386812,False,0.0,10.0
80,Auction,V10,"(51, 2)",1.6504992379560726,True,0.6043457732885358,13.0
80,Q-Learning,V1,"(58, 12)",18.44448639948685,True,1.1622776601683782,1.0
80,Q-Learning,V2,"(50, 25)",4.051288505704685,False,0.0,3.0
80,Q-Learning,V3,"(28, 79)",6.956079275171128,True,10.374368541872553,1.0
80,Q-Learning,V4,"(54, 58)",9.31723746970178,False,0.0,31.0
80,Q-Learning,V5,"(4, 97)",4.379789841989211,True,7.544003745317532,1.0
80,Q-Learning,V6,"(18, 61)",4.86673906332388,False,0.0,7.0
80,Q-Learning,V7,"(31, 26)",12.579343149812129,True,6.166666666666668,1.0
80,Q-Learning,V8,"(91, 63)",1.9218960023154494,False,0.0,22.0
80,Q-Learning,V9,"(12, 66)",1.9161823156642228,False,0.0,10.0
80,Q-Learning,V10,"(69, 53)",8.703422581280215,False,0.0,18.0
81,Greedy,V1,"(83, 19)",14.212097457478425,True,4.093648577135827,1.0
81,Greedy,V2,"(92, 85)",14.421752528059116,False,0.0,16.0
81,Greedy,V3,"(54, 28)",6.582768147357257,True,9.703450013465876,1.0
81,Greedy,V4,"(49, 96)",9.961792198806538,False,0.0,33.0
81,Greedy,V5,"(74, 53)",1.23192200356808,True,10.478781991845196,1.0
81,Greedy,V6,"(46, 52)",8.528971271311978,False,0.0,12.0
81,Greedy,V7,"(44, 27)",2.0865308314404913,True,16.06764700582363,1.0
81,Greedy,V8,"(61, 15)",12.66643059515508,False,0.0,34.0
81,Greedy,V9,"(59, 21)",11.713904363108,False,0.0,21.0
81,Greedy,V10,"(90, 16)",16.420441070270787,False,0.0,27.0
81,Auction,V1,"(62, 40)",4.859545525231841,True,14.168918507773917,1.0
81,Auction,V2,"(12, 94)",4.772566601189801,False,0.0,5.0
81,Auction,V3,"(58, 4)",7.040232275135494,True,10.13726489574126,1.0
81,Auction,V4,"(54, 58)",9.31723746970178,False,0.0,32.0
81,Auction,V5,"(38, 61)",1.4922755552844684,True,10.841052550594828,1.0
81,Auction,V6,"(14, 58)",1.1468630334053884,False,0.0,3.0
81,Auction,V7,"(12, 66)",4.906357021898987,True,12.301708279317776,1.0
81,Auction,V8,"(50, 25)",8.291921356763979,False,0.0,30.0
81,Auction,V9,"(36, 88)",2.576638138386812,False,0.0,11.0
81,Auction,V10,"(51, 2)",1.6504992379560726,False,0.0,13.0
81,Q-Learning,V1,"(58, 12)",18.44448639948685,True,0.1622776601683782,1.0
81,Q-Learning,V2,"(50, 25)",4.051288505704685,False,0.0,4.0
81,Q-Learning,V3,"(28, 79)",6.956079275171128,True,9.374368541872553,1.0
81,Q-Learning,V4,"(54, 58)",9.31723746970178,False,0.0,32.0
81,Q-Learning,V5,"(4, 97)",4.379789841989211,True,6.544003745317532,1.0
81,Q-Learning,V6,"(18, 61)",4.86673906332388,False,0.0,8.0
81,Q-Learning,V7,"(31, 26)",12.579343149812129,True,5.166666666666668,1.0
81,Q-Learning,V8,"(91, 63)",1.9218960023154494,False,0.0,23.0
81,Q-Learning,V9,"(12, 66)",1.9161823156642228,False,0.0,11.0
81,Q-Learning,V10,"(69, 53)",8.703422581280215,False,0.0,19.0
82,Greedy,V1,"(83, 19)",14.212097457478425,True,3.093648577135827,1.0
82,Greedy,V2,"(92, 85)",14.421752528059116,False,0.0,17.0
82,Greedy,V3,"(54, 28)",6.582768147357257,True,8.703450013465876,1.0
82,Greedy,V4,"(49, 96)",9.961792198806538,False,0.0,34.0
82,Greedy,V5,"(74, 53)",1.23192200356808,True,9.478781991845196,1.0
82,Greedy,V6,"(46, 52)",8.528971271311978,False,0.0,13.0
82,Greedy,V7,"(44, 27)",2.0865308314404913,True,15.06764700582363,1.0
82,Greedy,V8,"(61, 15)",12.66643059515508,False,0.0,35.0
82,Greedy,V9,"(59, 21)",11.713904363108,False,0.0,22.0
82,Greedy,V10,"(90, 16)",16.420441070270787,False,0.0,28.0
82,Auction,V1,"(62, 40)",4.859545525231841,True,13.168918507773917,1.0
82,Auction,V2,"(12, 94)",4.772566601189801,False,0.0,6.0
82,Auction,V3,"(58, 4)",7.040232275135494,True,9.13726489574126,1.0
82,Auction,V4,"(54, 58)",9.31723746970178,False,0.0,33.0
82,Auction,V5,"(38, 61)",1.4922755552844684,True,9.841052550594828,1.0
82,Auction,V6,"(14, 58)",1.1468630334053884,False,0.0,4.0
82,Auction,V7,"(12, 66)",4.906357021898987,True,11.301708279317776,1.0
82,Auction,V8,"(50, 25)",8.291921356763979,False,0.0,31.0
82,Auction,V9,"(36, 88)",2.576638138386812,False,0.0,12.0
82,Auction,V10,"(51, 2)",1.6504992379560726,False,0.0,14.0
82,Q-Learning,V1,"(51, 2)",3.410060463531231,True,15.034425935955618,1.0
82,Q-Learning,V2,"(50, 25)",4.051288505704685,False,0.0,5.0
82,Q-Learning,V3,"(28, 79)",6.956079275171128,True,8.374368541872553,1.0
82,Q-Learning,V4,"(54, 58)",9.31723746970178,False,0.0,33.0
82,Q-Learning,V5,"(4, 97)",4.379789841989211,True,5.544003745317532,1.0
82,Q-Learning,V6,"(18, 61)",4.86673906332388,False,0.0,9.0
82,Q-Learning,V7,"(31, 26)",12.579343149812129,True,4.166666666666668,1.0
82,Q-Learning,V8,"(91, 63)",1.9218960023154494,False,0.0,24.0
82,Q-Learning,V9,"(12, 66)",1.9161823156642228,False,0.0,12.0
82,Q-Learning,V10,"(69, 53)",8.703422581280215,False,0.0,20.0
83,Greedy,V1,"(83, 19)",14.212097457478425,True,2.093648577135827,1.0
83,Greedy,V2,"(92, 85)",14.421752528059116,False,0.0,18.0
83,Greedy,V3,"(54, 28)",6.582768147357257,True,7.703450013465876,1.0
83,Greedy,V4,"(49, 96)",9.961792198806538,False,0.0,35.0
83,Greedy,V5,"(74, 53)",1.23192200356808,True,8.478781991845196,1.0
83,Greedy,V6,"(46, 52)",8.528971271311978,False,0.0,14.0
83,Greedy,V7,"(44, 27)",2.0865308314404913,True,14.06764700582363,1.0
83,Greedy,V8,"(61, 15)",12.66643059515508,False,0.0,36.0
83,Greedy,V9,"(59, 21)",11.713904363108,False,0.0,23.0
83,Greedy,V10,"(90, 16)",16.420441070270787,False,0.0,29.0
83,Auction,V1,"(62, 40)",4.859545525231841,True,12.168918507773917,1.0
83,Auction,V2,"(12, 94)",4.772566601189801,False,0.0,7.0
83,Auction,V3,"(58, 4)",7.040232275135494,True,8.13726489574126,1.0
83,Auction,V4,"(54, 58)",9.31723746970178,False,0.0,34.0
83,Auction,V5,"(38, 61)",1.4922755552844684,True,8.841052550594828,1.0
83,Auction,V6,"(14, 58)",1.1468630334053884,False,0.0,5.0
83,Auction,V7,"(12, 66)",4.906357021898987,True,10.301708279317776,1.0
83,Auction,V8,"(50, 25)",8.291921356763979,False,0.0,32.0
83,Auction,V9,"(36, 88)",2.576638138386812,False,0.0,13.0
83,Auction,V10,"(51, 2)",1.6504992379560726,False,0.0,15.0
83,Q-Learning,V1,"(51, 2)",3.410060463531231,True,14.034425935955618,1.0
83,Q-Learning,V2,"(50, 25)",4.051288505704685,False,0.0,6.0
83,Q-Learning,V3,"(28, 79)",6.956079275171128,True,7.374368541872553,1.0
83,Q-Learning,V4,"(54, 58)",9.31723746970178,False,0.0,34.0
83,Q-Learning,V5,"(4, 97)",4.379789841989211,True,4.544003745317532,1.0
83,Q-Learning,V6,"(18, 61)",4.86673906332388,False,0.0,10.0
83,Q-Learning,V7,"(31, 26)",12.579343149812129,True,3.166666666666668,1.0
83,Q-Learning,V8,"(91, 63)",1.9218960023154494,False,0.0,25.0
83,Q-Learning,V9,"(12, 66)",1.9161823156642228,False,0.0,13.0
83,Q-Learning,V10,"(69, 53)",8.703422581280215,False,0.0,21.0
84,Greedy,V1,"(83, 19)",14.212097457478425,True,1.093648577135827,1.0
84,Greedy,V2,"(92, 85)",14.421752528059116,False,0.0,19.0
84,Greedy,V3,"(54, 28)",6.582768147357257,True,6.703450013465876,1.0
84,Greedy,V4,"(49, 96)",9.961792198806538,False,0.0,36.0
84,Greedy,V5,"(74, 53)",1.23192200356808,True,7.478781991845196,1.0
84,Greedy,V6,"(46, 52)",8.528971271311978,False,0.0,15.0
84,Greedy,V7,"(44, 27)",2.0865308314404913,True,13.06764700582363,1.0
84,Greedy,V8,"(61, 15)",12.66643059515508,False,0.0,37.0
84,Greedy,V9,"(59, 21)",11.713904363108,False,0.0,24.0
84,Greedy,V10,"(90, 16)",1.2979416803245076,True,15.12249938994628,30.0
84,Auction,V1,"(62, 40)",4.859545525231841,True,11.168918507773917,1.0
84,Auction,V2,"(12, 94)",4.772566601189801,False,0.0,8.0
84,Auction,V3,"(58, 4)",7.040232275135494,True,7.137264895741261,1.0
84,Auction,V4,"(54, 58)",9.31723746970178,False,0.0,35.0
84,Auction,V5,"(38, 61)",1.4922755552844684,True,7.841052550594828,1.0
84,Auction,V6,"(14, 58)",1.1468630334053884,False,0.0,6.0
84,Auction,V7,"(12, 66)",4.906357021898987,True,9.301708279317776,1.0
84,Auction,V8,"(50, 25)",8.291921356763979,False,0.0,33.0
84,Auction,V9,"(36, 88)",2.576638138386812,False,0.0,14.0
84,Auction,V10,"(51, 2)",1.6504992379560726,False,0.0,16.0
84,Q-Learning,V1,"(51, 2)",3.410060463531231,True,13.034425935955618,1.0
84,Q-Learning,V2,"(50, 25)",4.051288505704685,False,0.0,7.0
84,Q-Learning,V3,"(28, 79)",6.956079275171128,True,6.374368541872553,1.0
84,Q-Learning,V4,"(54, 58)",9.31723746970178,False,0.0,35.0
84,Q-Learning,V5,"(4, 97)",4.379789841989211,True,3.544003745317532,1.0
84,Q-Learning,V6,"(18, 61)",4.86673906332388,False,0.0,11.0
84,Q-Learning,V7,"(31, 26)",12.579343149812129,True,2.166666666666668,1.0
84,Q-Learning,V8,"(91, 63)",1.9218960023154494,False,0.0,26.0
84,Q-Learning,V9,"(12, 66)",1.9161823156642228,False,0.0,14.0
84,Q-Learning,V10,"(69, 53)",8.703422581280215,False,0.0,22.0
85,Greedy,V1,"(83, 19)",14.212097457478425,True,0.09364857713582708,1.0
85,Greedy,V2,"(92, 85)",14.421752528059116,False,0.0,20.0
85,Greedy,V3,"(54, 28)",6.582768147357257,True,5.703450013465876,1.0
85,Greedy,V4,"(49, 96)",9.961792198806538,False,0.0,37.0
85,Greedy,V5,"(74, 53)",1.23192200356808,True,6.478781991845196,1.0
85,Greedy,V6,"(46, 52)",8.528971271311978,False,0.0,16.0
85,Greedy,V7,"(44, 27)",2.0865308314404913,True,12.06764700582363,1.0
85,Greedy,V8,"(61, 15)",12.66643059515508,False,0.0,38.0
85,Greedy,V9,"(59, 21)",11.713904363108,False,0.0,25.0
85,Greedy,V10,"(90, 16)",1.2979416803245076,True,14.12249938994628,30.0
85,Auction,V1,"(62, 40)",4.859545525231841,True,10.168918507773917,1.0
85,Auction,V2,"(12, 94)",4.772566601189801,False,0.0,9.0
85,Auction,V3,"(58, 4)",7.040232275135494,True,6.137264895741261,1.0
85,Auction,V4,"(54, 58)",9.31723746970178,False,0.0,36.0
85,Auction,V5,"(38, 61)",1.4922755552844684,True,6.841052550594828,1.0
85,Auction,V6,"(14, 58)",1.1468630334053884,False,0.0,7.0
85,Auction,V7,"(12, 66)",4.906357021898987,True,8.301708279317776,1.0
85,Auction,V8,"(50, 25)",8.291921356763979,False,0.0,34.0
85,Auction,V9,"(36, 88)",2.576638138386812,False,0.0,15.0
85,Auction,V10,"(51, 2)",1.6504992379560726,False,0.0,17.0
85,Q-Learning,V1,"(51, 2)",3.410060463531231,True,12.034425935955618,1.0
85,Q-Learning,V2,"(50, 25)",4.051288505704685,False,0.0,8.0
85,Q-Learning,V3,"(28, 79)",6.956079275171128,True,5.374368541872553,1.0
85,Q-Learning,V4,"(54, 58)",9.31723746970178,False,0.0,36.0
85,Q-Learning,V5,"(4, 97)",4.379789841989211,True,2.544003745317532,1.0
85,Q-Learning,V6,"(18, 61)",4.86673906332388,False,0.0,12.0
85,Q-Learning,V7,"(31, 26)",12.579343149812129,True,1.1666666666666679,1.0
85,Q-Learning,V8,"(91, 63)",1.9218960023154494,False,0.0,27.0
85,Q-Learning,V9,"(12, 66)",1.9161823156642228,False,0.0,15.0
85,Q-Learning,V10,"(69, 53)",8.703422581280215,False,0.0,23.0
86,Greedy,V1,"(83, 19)",14.212097457478425,False,0.0,1.0
86,Greedy,V2,"(92, 85)",14.421752528059116,False,0.0,21.0
86,Greedy,V3,"(54, 28)",6.582768147357257,True,4.703450013465876,1.0
86,Greedy,V4,"(49, 96)",9.961792198806538,False,0.0,38.0
86,Greedy,V5,"(74, 53)",1.23192200356808,True,5.478781991845196,1.0
86,Greedy,V6,"(46, 52)",8.528971271311978,False,0.0,17.0
86,Greedy,V7,"(44, 27)",2.0865308314404913,True,11.06764700582363,1.0
86,Greedy,V8,"(61, 15)",12.66643059515508,False,0.0,39.0
86,Greedy,V9,"(59, 21)",11.713904363108,False,0.0,26.0
86,Greedy,V10,"(90, 16)",1.2979416803245076,True,13.12249938994628,30.0
86,Auction,V1,"(62, 40)",4.859545525231841,True,9.168918507773917,1.0
86,Auction,V2,"(12, 94)",4.772566601189801,False,0.0,10.0
86,Auction,V3,"(58, 4)",7.040232275135494,True,5.137264895741261,1.0
86,Auction,V4,"(54, 58)",9.31723746970178,False,0.0,37.0
86,Auction,V5,"(38, 61)",1.4922755552844684,True,5.841052550594828,1.0
86,Auction,V6,"(14, 58)",1.1468630334053884,False,0.0,8.0
86,Auction,V7,"(12, 66)",4.906357021898987,True,7.301708279317776,1.0
86,Auction,V8,"(50, 25)",8.291921356763979,False,0.0,35.0
86,Auction,V9,"(36, 88)",2.576638138386812,False,0.0,16.0
86,Auction,V10,"(51, 2)",1.6504992379560726,False,0.0,18.0
86,Q-Learning,V1,"(51, 2)",3.410060463531231,True,11.034425935955618,1.0
86,Q-Learning,V2,"(50, 25)",4.051288505704685,False,0.0,9.0
86,Q-Learning,V3,"(28, 79)",6.956079275171128,True,4.374368541872553,1.0
86,Q-Learning,V4,"(54, 58)",9.31723746970178,False,0.0,37.0
86,Q-Learning,V5,"(4, 97)",4.379789841989211,True,1.5440037453175322,1.0
86,Q-Learning,V6,"(18, 61)",4.86673906332388,False,0.0,13.0
86,Q-Learning,V7,"(31, 26)",12.579343149812129,True,0.16666666666666785,1.0
86,Q-Learning,V8,"(91, 63)",1.9218960023154494,False,0.0,28.0
86,Q-Learning,V9,"(12, 66)",1.9161823156642228,False,0.0,16.0
86,Q-Learning,V10,"(69, 53)",8.703422581280215,False,0.0,24.0
87,Greedy,V1,"(83, 19)",14.212097457478425,False,0.0,2.0
87,Greedy,V2,"(92, 85)",14.421752528059116,False,0.0,22.0
87,Greedy,V3,"(54, 28)",6.582768147357257,True,3.7034500134658757,1.0
87,Greedy,V4,"(49, 96)",9.961792198806538,False,0.0,39.0
87,Greedy,V5,"(74, 53)",1.23192200356808,True,4.478781991845196,1.0
87,Greedy,V6,"(46, 52)",8.528971271311978,False,0.0,18.0
87,Greedy,V7,"(44, 27)",2.0865308314404913,True,10.06764700582363,1.0
87,Greedy,V8,"(61, 15)",12.66643059515508,False,0.0,40.0
87,Greedy,V9,"(59, 21)",11.713904363108,False,0.0,27.0
87,Greedy,V10,"(90, 16)",1.2979416803245076,True,12.12249938994628,30.0
87,Auction,V1,"(62, 40)",4.859545525231841,True,8.168918507773917,1.0
87,Auction,V2,"(12, 94)",4.772566601189801,False,0.0,11.0
87,Auction,V3,"(58, 4)",7.040232275135494,True,4.137264895741261,1.0
87,Auction,V4,"(54, 58)",9.31723746970178,False,0.0,38.0
87,Auction,V5,"(38, 61)",1.4922755552844684,True,4.841052550594828,1.0
87,Auction,V6,"(14, 58)",1.1468630334053884,False,0.0,9.0
87,Auction,V7,"(12, 66)",4.906357021898987,True,6.301708279317776,1.0
87,Auction,V8,"(50, 25)",8.291921356763979,False,0.0,36.0
87,Auction,V9,"(36, 88)",2.576638138386812,False,0.0,17.0
87,Auction,V10,"(51, 2)",1.6504992379560726,False,0.0,19.0
87,Q-Learning,V1,"(51, 2)",3.410060463531231,True,10.034425935955618,1.0
87,Q-Learning,V2,"(50, 25)",4.051288505704685,False,0.0,10.0
87,Q-Learning,V3,"(28, 79)",6.956079275171128,True,3.3743685418725526,1.0
87,Q-Learning,V4,"(54, 58)",9.31723746970178,False,0.0,38.0
87,Q-Learning,V5,"(4, 97)",4.379789841989211,True,0.5440037453175322,1.0
87,Q-Learning,V6,"(18, 61)",4.86673906332388,False,0.0,14.0
87,Q-Learning,V7,"(34, 29)",1.8722363686255807,True,10.707106781186548,1.0
87,Q-Learning,V8,"(91, 63)",1.9218960023154494,False,0.0,29.0
87,Q-Learning,V9,"(12, 66)",1.9161823156642228,False,0.0,17.0
87,Q-Learning,V10,"(69, 53)",8.703422581280215,False,0.0,25.0
88,Greedy,V1,"(83, 19)",14.212097457478425,False,0.0,3.0
88,Greedy,V2,"(92, 85)",14.421752528059116,False,0.0,23.0
88,Greedy,V3,"(54, 28)",6.582768147357257,True,2.7034500134658757,1.0
88,Greedy,V4,"(49, 96)",9.961792198806538,False,0.0,40.0
88,Greedy,V5,"(74, 53)",1.23192200356808,True,3.478781991845196,1.0
88,Greedy,V6,"(46, 52)",8.528971271311978,False,0.0,19.0
88,Greedy,V7,"(44, 27)",2.0865308314404913,True,9.06764700582363,1.0
88,Greedy,V8,"(61, 15)",12.66643059515508,False,0.0,41.0
88,Greedy,V9,"(59, 21)",11.713904363108,False,0.0,28.0
88,Greedy,V10,"(90, 16)",1.2979416803245076,True,11.12249938994628,30.0
88,Auction,V1,"(62, 40)",4.859545525231841,True,7.168918507773917,1.0
88,Auction,V2,"(12, 94)",4.772566601189801,False,0.0,12.0
88,Auction,V3,"(58, 4)",7.040232275135494,True,3.1372648957412608,1.0
88,Auction,V4,"(54, 58)",9.31723746970178,False,0.0,39.0
88,Auction,V5,"(38, 61)",1.4922755552844684,True,3.841052550594828,1.0
88,Auction,V6,"(14, 58)",1.1468630334053884,False,0.0,10.0
88,Auction,V7,"(12, 66)",4.906357021898987,True,5.301708279317776,1.0
88,Auction,V8,"(50, 25)",8.291921356763979,False,0.0,37.0
88,Auction,V9,"(36, 88)",2.576638138386812,False,0.0,18.0
88,Auction,V10,"(51, 2)",1.6504992379560726,False,0.0,20.0
88,Q-Learning,V1,"(51, 2)",3.410060463531231,True,9.034425935955618,1.0
88,Q-Learning,V2,"(50, 25)",4.051288505704685,False,0.0,11.0
88,Q-Learning,V3,"(28, 79)",6.956079275171128,True,2.3743685418725526,1.0
88,Q-Learning,V4,"(54, 58)",9.31723746970178,False,0.0,39.0
88,Q-Learning,V5,"(4, 97)",4.379789841989211,False,0.0,1.0
88,Q-Learning,V6,"(18, 61)",4.86673906332388,False,0.0,15.0
88,Q-Learning,V7,"(34, 29)",1.8722363686255807,True,9.707106781186548,1.0
88,Q-Learning,V8,"(91, 63)",1.9218960023154494,False,0.0,30.0
88,Q-Learning,V9,"(12, 66)",1.9161823156642228,False,0.0,18.0
88,Q-Learning,V10,"(69, 53)",8.703422581280215,False,0.0,26.0
89,Greedy,V1,"(83, 19)",14.212097457478425,False,0.0,4.0
89,Greedy,V2,"(92, 85)",14.421752528059116,False,0.0,24.0
89,Greedy,V3,"(54, 28)",6.582768147357257,True,1.7034500134658757,1.0
89,Greedy,V4,"(49, 96)",9.961792198806538,False,0.0,41.0
89,Greedy,V5,"(74, 53)",1.23192200356808,True,2.478781991845196,1.0
89,Greedy,V6,"(46, 52)",8.528971271311978,False,0.0,20.0
89,Greedy,V7,"(44, 27)",2.0865308314404913,True,8.06764700582363,1.0
89,Greedy,V8,"(61, 15)",12.66643059515508,False,0.0,42.0
89,Greedy,V9,"(59, 21)",11.713904363108,False,0.0,29.0
89,Greedy,V10,"(90, 16)",1.2979416803245076,True,10.12249938994628,30.0
89,Auction,V1,"(62, 40)",4.859545525231841,True,6.168918507773917,1.0
89,Auction,V2,"(12, 94)",4.772566601189801,False,0.0,13.0
89,Auction,V3,"(58, 4)",7.040232275135494,True,2.1372648957412608,1.0
89,Auction,V4,"(54, 58)",9.31723746970178,False,0.0,40.0
89,Auction,V5,"(38, 61)",1.4922755552844684,True,2.841052550594828,1.0
89,Auction,V6,"(14, 58)",1.1468630334053884,False,0.0,11.0
89,Auction,V7,"(12, 66)",4.906357021898987,True,4.301708279317776,1.0
89,Auction,V8,"(50, 25)",8.291921356763979,False,0.0,38.0
89,Auction,V9,"(36, 88)",2.576638138386812,False,0.0,19.0
89,Auction,V10,"(51, 2)",1.6504992379560726,False,0.0,21.0
89,Q-Learning,V1,"(51, 2)",3.410060463531231,True,8.034425935955618,1.0
89,Q-Learning,V2,"(50, 25)",4.051288505704685,False,0.0,12.0
89,Q-Learning,V3,"(28, 79)",6.956079275171128,True,1.3743685418725526,1.0
89,Q-Learning,V4,"(54, 58)",9.31723746970178,False,0.0,40.0
89,Q-Learning,V5,"(4, 97)",4.379789841989211,False,0.0,2.0
89,Q-Learning,V6,"(18, 61)",4.86673906332388,False,0.0,16.0
89,Q-Learning,V7,"(34, 29)",1.8722363686255807,True,8.707106781186548,1.0
89,Q-Learning,V8,"(91, 63)",1.9218960023154494,False,0.0,31.0
89,Q-Learning,V9,"(12, 66)",1.9161823156642228,False,0.0,19.0
89,Q-Learning,V10,"(69, 53)",8.703422581280215,False,0.0,27.0
90,Greedy,V1,"(83, 19)",14.212097457478425,False,0.0,5.0
90,Greedy,V2,"(92, 85)",14.421752528059116,False,0.0,25.0
90,Greedy,V3,"(54, 28)",6.582768147357257,True,0.7034500134658757,1.0
90,Greedy,V4,"(49, 96)",9.961792198806538,False,0.0,42.0
90,Greedy,V5,"(74, 53)",1.23192200356808,True,1.4787819918451959,1.0
90,Greedy,V6,"(46, 52)",8.528971271311978,False,0.0,21.0
90,Greedy,V7,"(44, 27)",2.0865308314404913,True,7.0676470058236305,1.0
90,Greedy,V8,"(61, 15)",12.66643059515508,False,0.0,43.0
90,Greedy,V9,"(59, 21)",11.713904363108,False,0.0,30.0
90,Greedy,V10,"(90, 16)",1.2979416803245076,True,9.12249938994628,30.0
90,Auction,V1,"(62, 40)",4.859545525231841,True,5.168918507773917,1.0
90,Auction,V2,"(12, 94)",4.772566601189801,False,0.0,14.0
90,Auction,V3,"(58, 4)",7.040232275135494,True,1.1372648957412608,1.0
90,Auction,V4,"(54, 58)",9.31723746970178,False,0.0,41.0
90,Auction,V5,"(38, 61)",1.4922755552844684,True,1.8410525505948279,1.0
90,Auction,V6,"(14, 58)",1.1468630334053884,False,0.0,12.0
90,Auction,V7,"(12, 66)",4.906357021898987,True,3.3017082793177757,1.0
90,Auction,V8,"(50, 25)",8.291921356763979,False,0.0,39.0
90,Auction,V9,"(36, 88)",2.576638138386812,False,0.0,20.0
90,Auction,V10,"(51, 2)",1.6504992379560726,False,0.0,22.0
90,Q-Learning,V1,"(51, 2)",3.410060463531231,True,7.034425935955618,1.0
90,Q-Learning,V2,"(50, 25)",4.051288505704685,False,0.0,13.0
90,Q-Learning,V3,"(28, 79)",6.956079275171128,True,0.37436854187255264,1.0
90,Q-Learning,V4,"(54, 58)",9.31723746970178,False,0.0,41.0
90,Q-Learning,V5,"(4, 97)",4.379789841989211,False,0.0,3.0
90,Q-Learning,V6,"(18, 61)",4.86673906332388,False,0.0,17.0
90,Q-Learning,V7,"(34, 29)",1.8722363686255807,True,7.707106781186548,1.0
90,Q-Learning,V8,"(91, 63)",1.9218960023154494,False,0.0,32.0
90,Q-Learning,V9,"(12, 66)",1.9161823156642228,False,0.0,20.0
90,Q-Learning,V10,"(69, 53)",8.703422581280215,False,0.0,28.0
91,Greedy,V1,"(83, 19)",14.212097457478425,False,0.0,6.0
91,Greedy,V2,"(92, 85)",14.421752528059116,False,0.0,26.0
91,Greedy,V3,"(54, 28)",6.582768147357257,False,0.0,1.0
91,Greedy,V4,"(49, 96)",9.961792198806538,False,0.0,43.0
91,Greedy,V5,"(74, 53)",1.23192200356808,True,0.4787819918451959,1.0
91,Greedy,V6,"(46, 52)",8.528971271311978,False,0.0,22.0
91,Greedy,V7,"(44, 27)",2.0865308314404913,True,6.0676470058236305,1.0
91,Greedy,V8,"(61, 15)",12.66643059515508,False,0.0,44.0
91,Greedy,V9,"(59, 21)",11.713904363108,False,0.0,31.0
91,Greedy,V10,"(90, 16)",1.2979416803245076,True,8.12249938994628,30.0
91,Auction,V1,"(62, 40)",4.859545525231841,True,4.168918507773917,1.0
91,Auction,V2,"(12, 94)",4.772566601189801,False,0.0,15.0
91,Auction,V3,"(58, 4)",7.040232275135494,True,0.13726489574126077,1.0
91,Auction,V4,"(54, 58)",9.31723746970178,False,0.0,42.0
91,Auction,V5,"(38, 61)",1.4922755552844684,True,0.8410525505948279,1.0
91,Auction,V6,"(14, 58)",1.1468630334053884,False,0.0,13.0
91,Auction,V7,"(12, 66)",4.906357021898987,True,2.3017082793177757,1.0
91,Auction,V8,"(50, 25)",8.291921356763979,False,0.0,40.0
91,Auction,V9,"(36, 88)",2.576638138386812,False,0.0,21.0
91,Auction,V10,"(51, 2)",1.6504992379560726,False,0.0,23.0
91,Q-Learning,V1,"(51, 2)",3.410060463531231,True,6.034425935955618,1.0
91,Q-Learning,V2,"(50, 25)",4.051288505704685,False,0.0,14.0
91,Q-Learning,V3,"(28, 79)",6.956079275171128,False,0.0,1.0
91,Q-Learning,V4,"(54, 58)",9.31723746970178,False,0.0,42.0
91,Q-Learning,V5,"(4, 97)",4.379789841989211,False,0.0,4.0
91,Q-Learning,V6,"(18, 61)",4.86673906332388,False,0.0,18.0
91,Q-Learning,V7,"(34, 29)",1.8722363686255807,True,6.707106781186548,1.0
91,Q-Learning,V8,"(91, 63)",1.9218960023154494,False,0.0,33.0
91,Q-Learning,V9,"(12, 66)",1.9161823156642228,False,0.0,21.0
91,Q-Learning,V10,"(69, 53)",8.703422581280215,False,0.0,29.0
92,Greedy,V1,"(83, 19)",14.212097457478425,False,0.0,7.0
92,Greedy,V2,"(92, 85)",14.421752528059116,False,0.0,27.0
92,Greedy,V3,"(54, 28)",6.582768147357257,False,0.0,2.0
92,Greedy,V4,"(49, 96)",9.961792198806538,False,0.0,44.0
92,Greedy,V5,"(74, 53)",1.23192200356808,False,0.0,1.0
92,Greedy,V6,"(46, 52)",8.528971271311978,False,0.0,23.0
92,Greedy,V7,"(44, 27)",2.0865308314404913,True,5.0676470058236305,1.0
92,Greedy,V8,"(61, 15)",12.66643059515508,False,0.0,45.0
92,Greedy,V9,"(59, 21)",11.713904363108,False,0.0,32.0
92,Greedy,V10,"(90, 16)",1.2979416803245076,True,7.122499389946279,30.0
92,Auction,V1,"(62, 40)",4.859545525231841,True,3.168918507773917,1.0
92,Auction,V2,"(12, 94)",4.772566601189801,False,0.0,16.0
92,Auction,V3,"(58, 4)",7.040232275135494,False,0.0,1.0
92,Auction,V4,"(54, 58)",9.31723746970178,False,0.0,43.0
92,Auction,V5,"(38, 61)",1.4922755552844684,False,0.0,1.0
92,Auction,V6,"(14, 58)",1.1468630334053884,False,0.0,14.0
92,Auction,V7,"(12, 66)",4.906357021898987,True,1.3017082793177757,1.0
92,Auction,V8,"(50, 25)",8.291921356763979,False,0.0,41.0
92,Auction,V9,"(36, 88)",2.576638138386812,False,0.0,22.0
92,Auction,V10,"(51, 2)",1.6504992379560726,False,0.0,24.0
92,Q-Learning,V1,"(51, 2)",3.410060463531231,True,5.034425935955618,1.0
92,Q-Learning,V2,"(50, 25)",4.051288505704685,False,0.0,15.0
92,Q-Learning,V3,"(28, 79)",6.956079275171128,False,0.0,2.0
92,Q-Learning,V4,"(54, 58)",9.31723746970178,False,0.0,43.0
92,Q-Learning,V5,"(4, 97)",4.379789841989211,False,0.0,5.0
92,Q-Learning,V6,"(18, 61)",4.86673906332388,False,0.0,19.0
92,Q-Learning,V7,"(34, 29)",1.8722363686255807,True,5.707106781186548,1.0
92,Q-Learning,V8,"(91, 63)",1.9218960023154494,False,0.0,34.0
92,Q-Learning,V9,"(12, 66)",1.9161823156642228,False,0.0,22.0
92,Q-Learning,V10,"(69, 53)",8.703422581280215,False,0.0,30.0
93,Greedy,V1,"(83, 19)",14.212097457478425,False,0.0,8.0
93,Greedy,V2,"(92, 85)",14.421752528059116,False,0.0,28.0
93,Greedy,V3,"(54, 28)",6.582768147357257,False,0.0,3.0
93,Greedy,V4,"(49, 96)",9.961792198806538,False,0.0,45.0
93,Greedy,V5,"(74, 53)",1.23192200356808,False,0.0,2.0
93,Greedy,V6,"(46, 52)",8.528971271311978,False,0.0,24.0
93,Greedy,V7,"(44, 27)",2.0865308314404913,True,4.0676470058236305,1.0
93,Greedy,V8,"(61, 15)",12.66643059515508,False,0.0,46.0
93,Greedy,V9,"(59, 21)",11.713904363108,False,0.0,33.0
93,Greedy,V10,"(90, 16)",1.2979416803245076,True,6.122499389946279,30.0
93,Auction,V1,"(62, 40)",4.859545525231841,True,2.168918507773917,1.0
93,Auction,V2,"(12, 94)",4.772566601189801,False,0.0,17.0
93,Auction,V3,"(58, 4)",7.040232275135494,False,0.0,2.0
93,Auction,V4,"(54, 58)",9.31723746970178,False,0.0,44.0
93,Auction,V5,"(38, 61)",1.4922755552844684,False,0.0,2.0
93,Auction,V6,"(14, 58)",1.1468630334053884,False,0.0,15.0
93,Auction,V7,"(12, 66)",4.906357021898987,True,0.30170827931777566,1.0
93,Auction,V8,"(50, 25)",8.291921356763979,False,0.0,42.0
93,Auction,V9,"(36, 88)",2.576638138386812,False,0.0,23.0
93,Auction,V10,"(51, 2)",1.6504992379560726,False,0.0,25.0
93,Q-Learning,V1,"(51, 2)",3.410060463531231,True,4.034425935955618,1.0
93,Q-Learning,V2,"(50, 25)",4.051288505704685,False,0.0,16.0
93,Q-Learning,V3,"(28, 79)",6.956079275171128,False,0.0,3.0
93,Q-Learning,V4,"(54, 58)",9.31723746970178,False,0.0,44.0
93,Q-Learning,V5,"(4, 97)",4.379789841989211,False,0.0,6.0
93,Q-Learning,V6,"(18, 61)",4.86673906332388,False,0.0,20.0
93,Q-Learning,V7,"(34, 29)",1.8722363686255807,True,4.707106781186548,1.0
93,Q-Learning,V8,"(91, 63)",1.9218960023154494,False,0.0,35.0
93,Q-Learning,V9,"(12, 66)",1.9161823156642228,False,0.0,23.0
93,Q-Learning,V10,"(69, 53)",8.703422581280215,False,0.0,31.0
94,Greedy,V1,"(83, 19)",14.212097457478425,False,0.0,9.0
94,Greedy,V2,"(92, 85)",14.421752528059116,False,0.0,29.0
94,Greedy,V3,"(54, 28)",6.582768147357257,False,0.0,4.0
94,Greedy,V4,"(49, 96)",9.961792198806538,False,0.0,46.0
94,Greedy,V5,"(74, 53)",1.23192200356808,False,0.0,3.0
94,Greedy,V6,"(46, 52)",8.528971271311978,False,0.0,25.0
94,Greedy,V7,"(44, 27)",2.0865308314404913,True,3.0676470058236305,1.0
94,Greedy,V8,"(61, 15)",12.66643059515508,False,0.0,47.0
94,Greedy,V9,"(59, 21)",11.713904363108,False,0.0,34.0
94,Greedy,V10,"(90, 16)",1.2979416803245076,True,5.122499389946279,30.0
94,Auction,V1,"(62, 40)",4.859545525231841,True,1.1689185077739168,1.0
94,Auction,V2,"(12, 94)",4.772566601189801,False,0.0,18.0
94,Auction,V3,"(58, 4)",7.040232275135494,False,0.0,3.0
94,Auction,V4,"(54, 58)",9.31723746970178,False,0.0,45.0
94,Auction,V5,"(38, 61)",1.4922755552844684,False,0.0,3.0
94,Auction,V6,"(14, 58)",1.1468630334053884,False,0.0,16.0
94,Auction,V7,"(12, 66)",4.906357021898987,False,0.0,1.0
94,Auction,V8,"(50, 25)",8.291921356763979,False,0.0,43.0
94,Auction,V9,"(36, 88)",2.576638138386812,False,0.0,24.0
94,Auction,V10,"(51, 2)",1.6504992379560726,False,0.0,26.0
94,Q-Learning,V1,"(51, 2)",3.410060463531231,True,3.0344259359556176,1.0
94,Q-Learning,V2,"(50, 25)",4.051288505704685,False,0.0,17.0
94,Q-Learning,V3,"(28, 79)",6.956079275171128,False,0.0,4.0
94,Q-Learning,V4,"(54, 58)",9.31723746970178,False,0.0,45.0
94,Q-Learning,V5,"(4, 97)",4.379789841989211,False,0.0,7.0
94,Q-Learning,V6,"(18, 61)",4.86673906332388,False,0.0,21.0
94,Q-Learning,V7,"(34, 29)",1.8722363686255807,True,3.707106781186548,1.0
94,Q-Learning,V8,"(91, 63)",1.9218960023154494,False,0.0,36.0
94,Q-Learning,V9,"(12, 66)",1.9161823156642228,False,0.0,24.0
94,Q-Learning,V10,"(69, 53)",8.703422581280215,False,0.0,32.0
95,Greedy,V1,"(83, 19)",14.212097457478425,False,0.0,10.0
95,Greedy,V2,"(92, 85)",14.421752528059116,False,0.0,30.0
95,Greedy,V3,"(54, 28)",6.582768147357257,False,0.0,5.0
95,Greedy,V4,"(49, 96)",9.961792198806538,False,0.0,47.0
95,Greedy,V5,"(74, 53)",1.23192200356808,False,0.0,4.0
95,Greedy,V6,"(46, 52)",8.528971271311978,False,0.0,26.0
95,Greedy,V7,"(44, 27)",2.0865308314404913,True,2.0676470058236305,1.0
95,Greedy,V8,"(61, 15)",12.66643059515508,False,0.0,48.0
95,Greedy,V9,"(59, 21)",11.713904363108,False,0.0,35.0
95,Greedy,V10,"(90, 16)",1.2979416803245076,True,4.122499389946279,30.0
95,Auction,V1,"(62, 40)",4.859545525231841,True,0.16891850777391682,1.0
95,Auction,V2,"(12, 94)",4.772566601189801,False,0.0,19.0
95,Auction,V3,"(58, 4)",7.040232275135494,False,0.0,4.0
95,Auction,V4,"(54, 58)",9.31723746970178,False,0.0,46.0
95,Auction,V5,"(38, 61)",1.4922755552844684,False,0.0,4.0
95,Auction,V6,"(14, 58)",1.1468630334053884,False,0.0,17.0
95,Auction,V7,"(12, 66)",4.906357021898987,False,0.0,2.0
95,Auction,V8,"(50, 25)",8.291921356763979,False,0.0,44.0
95,Auction,V9,"(36, 88)",2.576638138386812,False,0.0,25.0
95,Auction,V10,"(51, 2)",1.6504992379560726,False,0.0,27.0
95,Q-Learning,V1,"(51, 2)",3.410060463531231,True,2.0344259359556176,1.0
95,Q-Learning,V2,"(50, 25)",4.051288505704685,False,0.0,18.0
95,Q-Learning,V3,"(28, 79)",6.956079275171128,False,0.0,5.0
95,Q-Learning,V4,"(54, 58)",9.31723746970178,False,0.0,46.0
95,Q-Learning,V5,"(4, 97)",4.379789841989211,False,0.0,8.0
95,Q-Learning,V6,"(18, 61)",4.86673906332388,False,0.0,22.0
95,Q-Learning,V7,"(34, 29)",1.8722363686255807,True,2.707106781186548,1.0
95,Q-Learning,V8,"(91, 63)",1.9218960023154494,False,0.0,37.0
95,Q-Learning,V9,"(12, 66)",1.9161823156642228,False,0.0,25.0
95,Q-Learning,V10,"(69, 53)",8.703422581280215,False,0.0,33.0
96,Greedy,V1,"(83, 19)",14.212097457478425,False,0.0,11.0
96,Greedy,V2,"(92, 85)",14.421752528059116,False,0.0,31.0
96,Greedy,V3,"(54, 28)",6.582768147357257,False,0.0,6.0
96,Greedy,V4,"(49, 96)",9.961792198806538,False,0.0,48.0
96,Greedy,V5,"(74, 53)",1.23192200356808,False,0.0,5.0
96,Greedy,V6,"(46, 52)",8.528971271311978,False,0.0,27.0
96,Greedy,V7,"(44, 27)",2.0865308314404913,True,1.0676470058236305,1.0
96,Greedy,V8,"(61, 15)",12.66643059515508,False,0.0,49.0
96,Greedy,V9,"(59, 21)",11.713904363108,False,0.0,36.0
96,Greedy,V10,"(90, 16)",1.2979416803245076,True,3.122499389946279,30.0
96,Auction,V1,"(62, 40)",4.859545525231841,False,0.0,1.0
96,Auction,V2,"(12, 94)",4.772566601189801,False,0.0,20.0
96,Auction,V3,"(58, 4)",7.040232275135494,False,0.0,5.0
96,Auction,V4,"(54, 58)",9.31723746970178,False,0.0,47.0
96,Auction,V5,"(38, 61)",1.4922755552844684,False,0.0,5.0
96,Auction,V6,"(14, 58)",1.1468630334053884,False,0.0,18.0
96,Auction,V7,"(12, 66)",4.906357021898987,False,0.0,3.0
96,Auction,V8,"(50, 25)",8.291921356763979,False,0.0,45.0
96,Auction,V9,"(36, 88)",2.576638138386812,False,0.0,26.0
96,Auction,V10,"(51, 2)",1.6504992379560726,False,0.0,28.0
96,Q-Learning,V1,"(51, 2)",3.410060463531231,True,1.0344259359556176,1.0
96,Q-Learning,V2,"(50, 25)",4.051288505704685,False,0.0,19.0
96,Q-Learning,V3,"(28, 79)",6.956079275171128,False,0.0,6.0
96,Q-Learning,V4,"(54, 58)",9.31723746970178,False,0.0,47.0
96,Q-Learning,V5,"(4, 97)",4.379789841989211,False,0.0,9.0
96,Q-Learning,V6,"(18, 61)",4.86673906332388,False,0.0,23.0
96,Q-Learning,V7,"(34, 29)",1.8722363686255807,True,1.707106781186548,1.0
96,Q-Learning,V8,"(91, 63)",1.9218960023154494,False,0.0,38.0
96,Q-Learning,V9,"(12, 66)",1.9161823156642228,False,0.0,26.0
96,Q-Learning,V10,"(69, 53)",8.703422581280215,False,0.0,34.0
97,Greedy,V1,"(83, 19)",14.212097457478425,False,0.0,12.0
97,Greedy,V2,"(92, 85)",14.421752528059116,False,0.0,32.0
97,Greedy,V3,"(54, 28)",6.582768147357257,False,0.0,7.0
97,Greedy,V4,"(49, 96)",9.961792198806538,False,0.0,49.0
97,Greedy,V5,"(74, 53)",1.23192200356808,False,0.0,6.0
97,Greedy,V6,"(46, 52)",8.528971271311978,False,0.0,28.0
97,Greedy,V7,"(44, 27)",2.0865308314404913,True,0.06764700582363048,1.0
97,Greedy,V8,"(61, 15)",12.66643059515508,False,0.0,50.0
97,Greedy,V9,"(59, 21)",11.713904363108,False,0.0,37.0
97,Greedy,V10,"(90, 16)",1.2979416803245076,True,2.122499389946279,30.0
97,Auction,V1,"(62, 40)",4.859545525231841,False,0.0,2.0
97,Auction,V2,"(12, 94)",4.772566601189801,False,0.0,21.0
97,Auction,V3,"(58, 4)",7.040232275135494,False,0.0,6.0
97,Auction,V4,"(54, 58)",9.31723746970178,False,0.0,48.0
97,Auction,V5,"(38, 61)",1.4922755552844684,False,0.0,6.0
97,Auction,V6,"(14, 58)",1.1468630334053884,False,0.0,19.0
97,Auction,V7,"(12, 66)",4.906357021898987,False,0.0,4.0
97,Auction,V8,"(50, 25)",8.291921356763979,False,0.0,46.0
97,Auction,V9,"(36, 88)",2.576638138386812,False,0.0,27.0
97,Auction,V10,"(51, 2)",1.6504992379560726,False,0.0,29.0
97,Q-Learning,V1,"(51, 2)",3.410060463531231,True,0.034425935955617604,1.0
97,Q-Learning,V2,"(50, 25)",4.051288505704685,False,0.0,20.0
97,Q-Learning,V3,"(28, 79)",6.956079275171128,False,0.0,7.0
97,Q-Learning,V4,"(54, 58)",9.31723746970178,False,0.0,48.0
97,Q-Learning,V5,"(4, 97)",4.379789841989211,False,0.0,10.0
97,Q-Learning,V6,"(18, 61)",4.86673906332388,False,0.0,24.0
97,Q-Learning,V7,"(34, 29)",1.8722363686255807,True,0.7071067811865479,1.0
97,Q-Learning,V8,"(91, 63)",1.9218960023154494,False,0.0,39.0
97,Q-Learning,V9,"(12, 66)",1.9161823156642228,False,0.0,27.0
97,Q-Learning,V10,"(69, 53)",8.703422581280215,False,0.0,35.0
98,Greedy,V1,"(83, 19)",14.212097457478425,False,0.0,13.0
98,Greedy,V2,"(92, 85)",14.421752528059116,False,0.0,33.0
98,Greedy,V3,"(54, 28)",6.582768147357257,False,0.0,8.0
98,Greedy,V4,"(49, 96)",9.961792198806538,False,0.0,50.0
98,Greedy,V5,"(74, 53)",1.23192200356808,False,0.0,7.0
98,Greedy,V6,"(46, 52)",8.528971271311978,False,0.0,29.0
98,Greedy,V7,"(44, 27)",2.0865308314404913,False,0.0,1.0
98,Greedy,V8,"(61, 15)",12.66643059515508,False,0.0,51.0
98,Greedy,V9,"(59, 21)",11.713904363108,False,0.0,38.0
98,Greedy,V10,"(90, 16)",1.2979416803245076,True,1.1224993899462792,30.0
98,Auction,V1,"(62, 40)",4.859545525231841,False,0.0,3.0
98,Auction,V2,"(12, 94)",4.772566601189801,False,0.0,22.0
98,Auction,V3,"(58, 4)",7.040232275135494,False,0.0,7.0
98,Auction,V4,"(54, 58)",9.31723746970178,False,0.0,49.0
98,Auction,V5,"(38, 61)",1.4922755552844684,False,0.0,7.0
98,Auction,V6,"(14, 58)",1.1468630334053884,False,0.0,20.0
98,Auction,V7,"(12, 66)",4.906357021898987,False,0.0,5.0
98,Auction,V8,"(50, 25)",8.291921356763979,False,0.0,47.0
98,Auction,V9,"(36, 88)",2.576638138386812,False,0.0,28.0
98,Auction,V10,"(51, 2)",1.6504992379560726,False,0.0,30.0
98,Q-Learning,V1,"(51, 2)",3.410060463531231,False,0.0,1.0
98,Q-Learning,V2,"(50, 25)",4.051288505704685,False,0.0,21.0
98,Q-Learning,V3,"(28, 79)",6.956079275171128,False,0.0,8.0
98,Q-Learning,V4,"(54, 58)",9.31723746970178,False,0.0,49.0
98,Q-Learning,V5,"(4, 97)",4.379789841989211,False,0.0,11.0
98,Q-Learning,V6,"(18, 61)",4.86673906332388,False,0.0,25.0
98,Q-Learning,V7,"(34, 29)",1.8722363686255807,False,0.0,1.0
98,Q-Learning,V8,"(91, 63)",1.9218960023154494,False,0.0,40.0
98,Q-Learning,V9,"(12, 66)",1.9161823156642228,False,0.0,28.0
98,Q-Learning,V10,"(69, 53)",8.703422581280215,False,0.0,36.0
99,Greedy,V1,"(83, 19)",14.212097457478425,False,0.0,14.0
99,Greedy,V2,"(92, 85)",14.421752528059116,False,0.0,34.0
99,Greedy,V3,"(54, 28)",6.582768147357257,False,0.0,9.0
99,Greedy,V4,"(49, 96)",9.961792198806538,False,0.0,51.0
99,Greedy,V5,"(74, 53)",1.23192200356808,False,0.0,8.0
99,Greedy,V6,"(46, 52)",8.528971271311978,False,0.0,30.0
99,Greedy,V7,"(44, 27)",2.0865308314404913,False,0.0,2.0
99,Greedy,V8,"(61, 15)",12.66643059515508,False,0.0,52.0
99,Greedy,V9,"(59, 21)",11.713904363108,False,0.0,39.0
99,Greedy,V10,"(90, 16)",1.2979416803245076,True,0.12249938994627918,30.0
99,Auction,V1,"(62, 40)",4.859545525231841,False,0.0,4.0
99,Auction,V2,"(12, 94)",4.772566601189801,False,0.0,23.0
99,Auction,V3,"(58, 4)",7.040232275135494,False,0.0,8.0
99,Auction,V4,"(54, 58)",9.31723746970178,False,0.0,50.0
99,Auction,V5,"(38, 61)",1.4922755552844684,False,0.0,8.0
99,Auction,V6,"(14, 58)",1.1468630334053884,False,0.0,21.0
99,Auction,V7,"(12, 66)",4.906357021898987,False,0.0,6.0
99,Auction,V8,"(50, 25)",8.291921356763979,False,0.0,48.0
99,Auction,V9,"(36, 88)",2.576638138386812,False,0.0,29.0
99,Auction,V10,"(51, 2)",1.6504992379560726,False,0.0,31.0
99,Q-Learning,V1,"(51, 2)",3.410060463531231,False,0.0,2.0
99,Q-Learning,V2,"(50, 25)",4.051288505704685,False,0.0,22.0
99,Q-Learning,V3,"(28, 79)",6.956079275171128,False,0.0,9.0
99,Q-Learning,V4,"(54, 58)",9.31723746970178,False,0.0,50.0
99,Q-Learning,V5,"(4, 97)",4.379789841989211,False,0.0,12.0
99,Q-Learning,V6,"(18, 61)",4.86673906332388,False,0.0,26.0
99,Q-Learning,V7,"(34, 29)",1.8722363686255807,False,0.0,2.0
99,Q-Learning,V8,"(91, 63)",1.9218960023154494,False,0.0,41.0
99,Q-Learning,V9,"(12, 66)",1.9161823156642228,False,0.0,29.0
99,Q-Learning,V10,"(69, 53)",8.703422581280215,False,0.0,37.0
