time_step,method,task_id,position,urgency,duration
0,Greedy,T1,"(25, 75)",10,12.0
0,Greedy,T2,"(91, 85)",3,19.0
0,Greedy,T3,"(8, 28)",9,21.0
0,Greedy,T4,"(41, 70)",7,12.0
0,Greedy,T5,"(35, 7)",9,15.0
0,Greedy,T6,"(88, 2)",9,26.0
0,Greedy,T7,"(10, 20)",9,29.0
0,Greedy,T8,"(26, 66)",6,26.0
0,Greedy,T9,"(95, 56)",9,16.0
0,Greedy,T10,"(78, 34)",10,17.0
0,Auction,T1,"(25, 75)",10,12.0
0,Auction,T2,"(91, 85)",3,19.0
0,Auction,T3,"(8, 28)",9,21.0
0,Auction,T4,"(41, 70)",7,12.0
0,Auction,T5,"(35, 7)",9,15.0
0,Auction,T6,"(88, 2)",9,26.0
0,Auction,T7,"(10, 20)",9,29.0
0,Auction,T8,"(26, 66)",6,26.0
0,Auction,T9,"(95, 56)",9,16.0
0,Auction,T10,"(78, 34)",10,17.0
0,Q-Learning,T1,"(25, 75)",10,12.0
0,Q-Learning,T2,"(91, 85)",3,19.0
0,Q-Learning,T3,"(8, 28)",9,21.0
0,Q-Learning,T4,"(41, 70)",7,12.0
0,Q-Learning,T5,"(35, 7)",9,15.0
0,Q-Learning,T6,"(88, 2)",9,26.0
0,Q-Learning,T7,"(10, 20)",9,29.0
0,Q-Learning,T8,"(26, 66)",6,26.0
0,Q-Learning,T9,"(95, 56)",9,16.0
0,Q-Learning,T10,"(78, 34)",10,17.0
1,Q-Learning,T3,"(8, 28)",10,21.0
1,Q-Learning,T4,"(41, 70)",8,12.0
1,Q-Learning,T5,"(35, 7)",10,15.0
1,Q-Learning,T6,"(88, 2)",10,26.0
1,Q-Learning,T7,"(10, 20)",10,29.0
1,Q-Learning,T9,"(95, 56)",10,16.0
2,Greedy,E1,"(90, 73)",1,14.0
2,Auction,E1,"(90, 73)",1,14.0
2,Q-Learning,T7,"(10, 20)",11,29.0
2,Q-Learning,E1,"(90, 73)",1,14.0
3,Greedy,E1,"(90, 73)",2,14.0
3,Greedy,E2,"(50, 41)",7,13.0
3,Auction,E1,"(90, 73)",2,14.0
3,Auction,E2,"(50, 41)",7,13.0
3,Q-Learning,T7,"(10, 20)",12,29.0
3,Q-Learning,E1,"(90, 73)",2,14.0
4,Greedy,E1,"(90, 73)",3,14.0
4,Greedy,E2,"(50, 41)",8,13.0
4,Greedy,E3,"(31, 83)",10,16.0
4,Auction,E1,"(90, 73)",3,14.0
4,Auction,E2,"(50, 41)",8,13.0
4,Auction,E3,"(31, 83)",10,16.0
4,Q-Learning,T7,"(10, 20)",13,29.0
4,Q-Learning,E1,"(90, 73)",3,14.0
4,Q-Learning,E3,"(31, 83)",10,16.0
5,Greedy,E1,"(90, 73)",4,14.0
5,Greedy,E2,"(50, 41)",9,13.0
5,Greedy,E3,"(31, 83)",11,16.0
5,Greedy,E4,"(40, 22)",2,10.0
5,Auction,E1,"(90, 73)",4,14.0
5,Auction,E2,"(50, 41)",9,13.0
5,Auction,E3,"(31, 83)",11,16.0
5,Auction,E4,"(40, 22)",2,10.0
5,Q-Learning,T7,"(10, 20)",14,29.0
5,Q-Learning,E1,"(90, 73)",4,14.0
5,Q-Learning,E3,"(31, 83)",11,16.0
5,Q-Learning,E4,"(40, 22)",2,10.0
6,Greedy,E1,"(90, 73)",5,14.0
6,Greedy,E2,"(50, 41)",10,13.0
6,Greedy,E3,"(31, 83)",12,16.0
6,Greedy,E4,"(40, 22)",3,10.0
6,Greedy,E5,"(46, 66)",2,21.0
6,Auction,E1,"(90, 73)",5,14.0
6,Auction,E2,"(50, 41)",10,13.0
6,Auction,E3,"(31, 83)",12,16.0
6,Auction,E4,"(40, 22)",3,10.0
6,Auction,E5,"(46, 66)",2,21.0
6,Q-Learning,T7,"(10, 20)",15,29.0
6,Q-Learning,E1,"(90, 73)",5,14.0
6,Q-Learning,E3,"(31, 83)",12,16.0
6,Q-Learning,E4,"(40, 22)",3,10.0
6,Q-Learning,E5,"(46, 66)",2,21.0
7,Greedy,E1,"(90, 73)",6,14.0
7,Greedy,E2,"(50, 41)",11,13.0
7,Greedy,E3,"(31, 83)",13,16.0
7,Greedy,E4,"(40, 22)",4,10.0
7,Greedy,E5,"(46, 66)",3,21.0
7,Auction,E1,"(90, 73)",6,14.0
7,Auction,E2,"(50, 41)",11,13.0
7,Auction,E3,"(31, 83)",13,16.0
7,Auction,E4,"(40, 22)",4,10.0
7,Auction,E5,"(46, 66)",3,21.0
7,Q-Learning,T7,"(10, 20)",16,29.0
7,Q-Learning,E1,"(90, 73)",6,14.0
7,Q-Learning,E3,"(31, 83)",13,16.0
7,Q-Learning,E4,"(40, 22)",4,10.0
7,Q-Learning,E5,"(46, 66)",3,21.0
8,Greedy,E1,"(90, 73)",7,14.0
8,Greedy,E2,"(50, 41)",12,13.0
8,Greedy,E3,"(31, 83)",14,16.0
8,Greedy,E4,"(40, 22)",5,10.0
8,Greedy,E5,"(46, 66)",4,21.0
8,Auction,E1,"(90, 73)",7,14.0
8,Auction,E2,"(50, 41)",12,13.0
8,Auction,E3,"(31, 83)",14,16.0
8,Auction,E4,"(40, 22)",5,10.0
8,Auction,E5,"(46, 66)",4,21.0
8,Q-Learning,T7,"(10, 20)",17,29.0
8,Q-Learning,E1,"(90, 73)",7,14.0
8,Q-Learning,E3,"(31, 83)",14,16.0
8,Q-Learning,E4,"(40, 22)",5,10.0
8,Q-Learning,E5,"(46, 66)",4,21.0
9,Greedy,E1,"(90, 73)",8,14.0
9,Greedy,E2,"(50, 41)",13,13.0
9,Greedy,E3,"(31, 83)",15,16.0
9,Greedy,E4,"(40, 22)",6,10.0
9,Greedy,E5,"(46, 66)",5,21.0
9,Auction,E1,"(90, 73)",8,14.0
9,Auction,E2,"(50, 41)",13,13.0
9,Auction,E3,"(31, 83)",15,16.0
9,Auction,E4,"(40, 22)",6,10.0
9,Auction,E5,"(46, 66)",5,21.0
9,Q-Learning,T7,"(10, 20)",18,29.0
9,Q-Learning,E1,"(90, 73)",8,14.0
9,Q-Learning,E3,"(31, 83)",15,16.0
9,Q-Learning,E4,"(40, 22)",6,10.0
9,Q-Learning,E5,"(46, 66)",5,21.0
10,Greedy,E1,"(90, 73)",9,14.0
10,Greedy,E2,"(50, 41)",14,13.0
10,Greedy,E3,"(31, 83)",16,16.0
10,Greedy,E4,"(40, 22)",7,10.0
10,Greedy,E5,"(46, 66)",6,21.0
10,Greedy,E6,"(49, 18)",6,20.0
10,Auction,E1,"(90, 73)",9,14.0
10,Auction,E2,"(50, 41)",14,13.0
10,Auction,E3,"(31, 83)",16,16.0
10,Auction,E4,"(40, 22)",7,10.0
10,Auction,E5,"(46, 66)",6,21.0
10,Auction,E6,"(49, 18)",6,20.0
10,Q-Learning,T7,"(10, 20)",19,29.0
10,Q-Learning,E1,"(90, 73)",9,14.0
10,Q-Learning,E3,"(31, 83)",16,16.0
10,Q-Learning,E4,"(40, 22)",7,10.0
10,Q-Learning,E5,"(46, 66)",6,21.0
10,Q-Learning,E6,"(49, 18)",6,20.0
11,Greedy,E1,"(90, 73)",10,14.0
11,Greedy,E2,"(50, 41)",15,13.0
11,Greedy,E3,"(31, 83)",17,16.0
11,Greedy,E4,"(40, 22)",8,10.0
11,Greedy,E5,"(46, 66)",7,21.0
11,Greedy,E6,"(49, 18)",7,20.0
11,Auction,E1,"(90, 73)",10,14.0
11,Auction,E2,"(50, 41)",15,13.0
11,Auction,E3,"(31, 83)",17,16.0
11,Auction,E4,"(40, 22)",8,10.0
11,Auction,E5,"(46, 66)",7,21.0
11,Auction,E6,"(49, 18)",7,20.0
11,Q-Learning,T7,"(10, 20)",20,29.0
11,Q-Learning,E1,"(90, 73)",10,14.0
11,Q-Learning,E3,"(31, 83)",17,16.0
11,Q-Learning,E4,"(40, 22)",8,10.0
11,Q-Learning,E5,"(46, 66)",7,21.0
11,Q-Learning,E6,"(49, 18)",7,20.0
12,Greedy,E1,"(90, 73)",11,14.0
12,Greedy,E2,"(50, 41)",16,13.0
12,Greedy,E3,"(31, 83)",18,16.0
12,Greedy,E4,"(40, 22)",9,10.0
12,Greedy,E5,"(46, 66)",8,21.0
12,Greedy,E6,"(49, 18)",8,20.0
12,Auction,E1,"(90, 73)",11,14.0
12,Auction,E2,"(50, 41)",16,13.0
12,Auction,E3,"(31, 83)",18,16.0
12,Auction,E4,"(40, 22)",9,10.0
12,Auction,E5,"(46, 66)",8,21.0
12,Auction,E6,"(49, 18)",8,20.0
12,Q-Learning,T7,"(10, 20)",21,29.0
12,Q-Learning,E1,"(90, 73)",11,14.0
12,Q-Learning,E3,"(31, 83)",18,16.0
12,Q-Learning,E4,"(40, 22)",9,10.0
12,Q-Learning,E5,"(46, 66)",8,21.0
12,Q-Learning,E6,"(49, 18)",8,20.0
13,Greedy,E1,"(90, 73)",12,14.0
13,Greedy,E2,"(50, 41)",17,13.0
13,Greedy,E3,"(31, 83)",19,16.0
13,Greedy,E4,"(40, 22)",10,10.0
13,Greedy,E5,"(46, 66)",9,21.0
13,Greedy,E6,"(49, 18)",9,20.0
13,Greedy,E7,"(84, 4)",2,18.0
13,Auction,E1,"(90, 73)",12,14.0
13,Auction,E2,"(50, 41)",17,13.0
13,Auction,E3,"(31, 83)",19,16.0
13,Auction,E4,"(40, 22)",10,10.0
13,Auction,E5,"(46, 66)",9,21.0
13,Auction,E6,"(49, 18)",9,20.0
13,Auction,E7,"(84, 4)",2,18.0
13,Q-Learning,T7,"(10, 20)",22,29.0
13,Q-Learning,E1,"(90, 73)",12,14.0
13,Q-Learning,E3,"(31, 83)",19,16.0
13,Q-Learning,E4,"(40, 22)",10,10.0
13,Q-Learning,E5,"(46, 66)",9,21.0
13,Q-Learning,E6,"(49, 18)",9,20.0
13,Q-Learning,E7,"(84, 4)",2,18.0
14,Greedy,E1,"(90, 73)",13,14.0
14,Greedy,E2,"(50, 41)",18,13.0
14,Greedy,E3,"(31, 83)",20,16.0
14,Greedy,E4,"(40, 22)",11,10.0
14,Greedy,E5,"(46, 66)",10,21.0
14,Greedy,E6,"(49, 18)",10,20.0
14,Greedy,E7,"(84, 4)",3,18.0
14,Auction,E1,"(90, 73)",13,14.0
14,Auction,E2,"(50, 41)",18,13.0
14,Auction,E3,"(31, 83)",20,16.0
14,Auction,E4,"(40, 22)",11,10.0
14,Auction,E6,"(49, 18)",10,20.0
14,Auction,E7,"(84, 4)",3,18.0
14,Q-Learning,T7,"(10, 20)",23,29.0
14,Q-Learning,E1,"(90, 73)",13,14.0
14,Q-Learning,E3,"(31, 83)",20,16.0
14,Q-Learning,E4,"(40, 22)",11,10.0
14,Q-Learning,E5,"(46, 66)",10,21.0
14,Q-Learning,E6,"(49, 18)",10,20.0
14,Q-Learning,E7,"(84, 4)",3,18.0
15,Greedy,E1,"(90, 73)",14,14.0
15,Greedy,E2,"(50, 41)",19,13.0
15,Greedy,E3,"(31, 83)",21,16.0
15,Greedy,E4,"(40, 22)",12,10.0
15,Greedy,E5,"(46, 66)",11,21.0
15,Greedy,E6,"(49, 18)",11,20.0
15,Greedy,E7,"(84, 4)",4,18.0
15,Greedy,E8,"(21, 84)",9,22.0
15,Auction,E1,"(90, 73)",14,14.0
15,Auction,E2,"(50, 41)",19,13.0
15,Auction,E4,"(40, 22)",12,10.0
15,Auction,E6,"(49, 18)",11,20.0
15,Auction,E7,"(84, 4)",4,18.0
15,Auction,E8,"(21, 84)",9,22.0
15,Q-Learning,E1,"(90, 73)",14,14.0
15,Q-Learning,E3,"(31, 83)",21,16.0
15,Q-Learning,E4,"(40, 22)",12,10.0
15,Q-Learning,E5,"(46, 66)",11,21.0
15,Q-Learning,E6,"(49, 18)",11,20.0
15,Q-Learning,E7,"(84, 4)",4,18.0
15,Q-Learning,E8,"(21, 84)",9,22.0
16,Greedy,E1,"(90, 73)",15,14.0
16,Greedy,E2,"(50, 41)",20,13.0
16,Greedy,E4,"(40, 22)",13,10.0
16,Greedy,E5,"(46, 66)",12,21.0
16,Greedy,E6,"(49, 18)",12,20.0
16,Greedy,E7,"(84, 4)",5,18.0
16,Greedy,E8,"(21, 84)",10,22.0
16,Auction,E1,"(90, 73)",15,14.0
16,Auction,E2,"(50, 41)",20,13.0
16,Auction,E4,"(40, 22)",13,10.0
16,Auction,E6,"(49, 18)",12,20.0
16,Auction,E7,"(84, 4)",5,18.0
16,Auction,E8,"(21, 84)",10,22.0
16,Q-Learning,E1,"(90, 73)",15,14.0
16,Q-Learning,E4,"(40, 22)",13,10.0
16,Q-Learning,E5,"(46, 66)",12,21.0
16,Q-Learning,E6,"(49, 18)",12,20.0
16,Q-Learning,E7,"(84, 4)",5,18.0
16,Q-Learning,E8,"(21, 84)",10,22.0
17,Greedy,E1,"(90, 73)",16,14.0
17,Greedy,E4,"(40, 22)",14,10.0
17,Greedy,E5,"(46, 66)",13,21.0
17,Greedy,E6,"(49, 18)",13,20.0
17,Greedy,E7,"(84, 4)",6,18.0
17,Greedy,E8,"(21, 84)",11,22.0
17,Greedy,E9,"(51, 53)",9,27.0
17,Auction,E1,"(90, 73)",16,14.0
17,Auction,E2,"(50, 41)",21,13.0
17,Auction,E4,"(40, 22)",14,10.0
17,Auction,E6,"(49, 18)",13,20.0
17,Auction,E7,"(84, 4)",6,18.0
17,Auction,E8,"(21, 84)",11,22.0
17,Auction,E9,"(51, 53)",9,27.0
17,Q-Learning,E1,"(90, 73)",16,14.0
17,Q-Learning,E4,"(40, 22)",14,10.0
17,Q-Learning,E5,"(46, 66)",13,21.0
17,Q-Learning,E6,"(49, 18)",13,20.0
17,Q-Learning,E7,"(84, 4)",6,18.0
17,Q-Learning,E8,"(21, 84)",11,22.0
17,Q-Learning,E9,"(51, 53)",9,27.0
18,Greedy,E1,"(90, 73)",17,14.0
18,Greedy,E4,"(40, 22)",15,10.0
18,Greedy,E5,"(46, 66)",14,21.0
18,Greedy,E6,"(49, 18)",14,20.0
18,Greedy,E7,"(84, 4)",7,18.0
18,Greedy,E8,"(21, 84)",12,22.0
18,Greedy,E9,"(51, 53)",10,27.0
18,Greedy,E10,"(61, 7)",4,16.0
18,Auction,E1,"(90, 73)",17,14.0
18,Auction,E2,"(50, 41)",22,13.0
18,Auction,E4,"(40, 22)",15,10.0
18,Auction,E6,"(49, 18)",14,20.0
18,Auction,E7,"(84, 4)",7,18.0
18,Auction,E8,"(21, 84)",12,22.0
18,Auction,E9,"(51, 53)",10,27.0
18,Auction,E10,"(61, 7)",4,16.0
18,Q-Learning,E1,"(90, 73)",17,14.0
18,Q-Learning,E4,"(40, 22)",15,10.0
18,Q-Learning,E5,"(46, 66)",14,21.0
18,Q-Learning,E6,"(49, 18)",14,20.0
18,Q-Learning,E7,"(84, 4)",7,18.0
18,Q-Learning,E8,"(21, 84)",12,22.0
18,Q-Learning,E9,"(51, 53)",10,27.0
18,Q-Learning,E10,"(61, 7)",4,16.0
19,Greedy,E4,"(40, 22)",16,10.0
19,Greedy,E5,"(46, 66)",15,21.0
19,Greedy,E6,"(49, 18)",15,20.0
19,Greedy,E7,"(84, 4)",8,18.0
19,Greedy,E8,"(21, 84)",13,22.0
19,Greedy,E9,"(51, 53)",11,27.0
19,Greedy,E10,"(61, 7)",5,16.0
19,Greedy,E11,"(14, 26)",6,14.0
19,Auction,E1,"(90, 73)",18,14.0
19,Auction,E4,"(40, 22)",16,10.0
19,Auction,E6,"(49, 18)",15,20.0
19,Auction,E7,"(84, 4)",8,18.0
19,Auction,E8,"(21, 84)",13,22.0
19,Auction,E9,"(51, 53)",11,27.0
19,Auction,E10,"(61, 7)",5,16.0
19,Auction,E11,"(14, 26)",6,14.0
19,Q-Learning,E1,"(90, 73)",18,14.0
19,Q-Learning,E4,"(40, 22)",16,10.0
19,Q-Learning,E5,"(46, 66)",15,21.0
19,Q-Learning,E6,"(49, 18)",15,20.0
19,Q-Learning,E7,"(84, 4)",8,18.0
19,Q-Learning,E8,"(21, 84)",13,22.0
19,Q-Learning,E10,"(61, 7)",5,16.0
19,Q-Learning,E11,"(14, 26)",6,14.0
20,Greedy,E4,"(40, 22)",17,10.0
20,Greedy,E5,"(46, 66)",16,21.0
20,Greedy,E6,"(49, 18)",16,20.0
20,Greedy,E7,"(84, 4)",9,18.0
20,Greedy,E8,"(21, 84)",14,22.0
20,Greedy,E9,"(51, 53)",12,27.0
20,Greedy,E10,"(61, 7)",6,16.0
20,Greedy,E11,"(14, 26)",7,14.0
20,Auction,E1,"(90, 73)",19,14.0
20,Auction,E4,"(40, 22)",17,10.0
20,Auction,E6,"(49, 18)",16,20.0
20,Auction,E7,"(84, 4)",9,18.0
20,Auction,E8,"(21, 84)",14,22.0
20,Auction,E9,"(51, 53)",12,27.0
20,Auction,E10,"(61, 7)",6,16.0
20,Auction,E11,"(14, 26)",7,14.0
20,Q-Learning,E1,"(90, 73)",19,14.0
20,Q-Learning,E4,"(40, 22)",17,10.0
20,Q-Learning,E5,"(46, 66)",16,21.0
20,Q-Learning,E6,"(49, 18)",16,20.0
20,Q-Learning,E7,"(84, 4)",9,18.0
20,Q-Learning,E8,"(21, 84)",14,22.0
20,Q-Learning,E10,"(61, 7)",6,16.0
20,Q-Learning,E11,"(14, 26)",7,14.0
21,Greedy,E5,"(46, 66)",17,21.0
21,Greedy,E6,"(49, 18)",17,20.0
21,Greedy,E7,"(84, 4)",10,18.0
21,Greedy,E8,"(21, 84)",15,22.0
21,Greedy,E9,"(51, 53)",13,27.0
21,Greedy,E10,"(61, 7)",7,16.0
21,Greedy,E11,"(14, 26)",8,14.0
21,Greedy,E12,"(35, 78)",7,28.0
21,Auction,E4,"(40, 22)",18,10.0
21,Auction,E6,"(49, 18)",17,20.0
21,Auction,E7,"(84, 4)",10,18.0
21,Auction,E8,"(21, 84)",15,22.0
21,Auction,E9,"(51, 53)",13,27.0
21,Auction,E10,"(61, 7)",7,16.0
21,Auction,E11,"(14, 26)",8,14.0
21,Auction,E12,"(35, 78)",7,28.0
21,Q-Learning,E1,"(90, 73)",20,14.0
21,Q-Learning,E4,"(40, 22)",18,10.0
21,Q-Learning,E5,"(46, 66)",17,21.0
21,Q-Learning,E6,"(49, 18)",17,20.0
21,Q-Learning,E7,"(84, 4)",10,18.0
21,Q-Learning,E8,"(21, 84)",15,22.0
21,Q-Learning,E10,"(61, 7)",7,16.0
21,Q-Learning,E11,"(14, 26)",8,14.0
21,Q-Learning,E12,"(35, 78)",7,28.0
22,Greedy,E5,"(46, 66)",18,21.0
22,Greedy,E6,"(49, 18)",18,20.0
22,Greedy,E7,"(84, 4)",11,18.0
22,Greedy,E8,"(21, 84)",16,22.0
22,Greedy,E9,"(51, 53)",14,27.0
22,Greedy,E10,"(61, 7)",8,16.0
22,Greedy,E11,"(14, 26)",9,14.0
22,Greedy,E12,"(35, 78)",8,28.0
22,Greedy,E13,"(77, 26)",3,18.0
22,Auction,E4,"(40, 22)",19,10.0
22,Auction,E6,"(49, 18)",18,20.0
22,Auction,E7,"(84, 4)",11,18.0
22,Auction,E8,"(21, 84)",16,22.0
22,Auction,E9,"(51, 53)",14,27.0
22,Auction,E10,"(61, 7)",8,16.0
22,Auction,E11,"(14, 26)",9,14.0
22,Auction,E12,"(35, 78)",8,28.0
22,Auction,E13,"(77, 26)",3,18.0
22,Q-Learning,E1,"(90, 73)",21,14.0
22,Q-Learning,E4,"(40, 22)",19,10.0
22,Q-Learning,E5,"(46, 66)",18,21.0
22,Q-Learning,E6,"(49, 18)",18,20.0
22,Q-Learning,E7,"(84, 4)",11,18.0
22,Q-Learning,E8,"(21, 84)",16,22.0
22,Q-Learning,E10,"(61, 7)",8,16.0
22,Q-Learning,E11,"(14, 26)",9,14.0
22,Q-Learning,E12,"(35, 78)",8,28.0
22,Q-Learning,E13,"(77, 26)",3,18.0
23,Greedy,E6,"(49, 18)",19,20.0
23,Greedy,E7,"(84, 4)",12,18.0
23,Greedy,E8,"(21, 84)",17,22.0
23,Greedy,E9,"(51, 53)",15,27.0
23,Greedy,E10,"(61, 7)",9,16.0
23,Greedy,E11,"(14, 26)",10,14.0
23,Greedy,E12,"(35, 78)",9,28.0
23,Greedy,E13,"(77, 26)",4,18.0
23,Auction,E4,"(40, 22)",20,10.0
23,Auction,E6,"(49, 18)",19,20.0
23,Auction,E7,"(84, 4)",12,18.0
23,Auction,E8,"(21, 84)",17,22.0
23,Auction,E9,"(51, 53)",15,27.0
23,Auction,E10,"(61, 7)",9,16.0
23,Auction,E11,"(14, 26)",10,14.0
23,Auction,E12,"(35, 78)",9,28.0
23,Auction,E13,"(77, 26)",4,18.0
23,Q-Learning,E1,"(90, 73)",22,14.0
23,Q-Learning,E4,"(40, 22)",20,10.0
23,Q-Learning,E5,"(46, 66)",19,21.0
23,Q-Learning,E6,"(49, 18)",19,20.0
23,Q-Learning,E7,"(84, 4)",12,18.0
23,Q-Learning,E8,"(21, 84)",17,22.0
23,Q-Learning,E10,"(61, 7)",9,16.0
23,Q-Learning,E11,"(14, 26)",10,14.0
23,Q-Learning,E12,"(35, 78)",9,28.0
23,Q-Learning,E13,"(77, 26)",4,18.0
24,Greedy,E7,"(84, 4)",13,18.0
24,Greedy,E8,"(21, 84)",18,22.0
24,Greedy,E9,"(51, 53)",16,27.0
24,Greedy,E10,"(61, 7)",10,16.0
24,Greedy,E11,"(14, 26)",11,14.0
24,Greedy,E12,"(35, 78)",10,28.0
24,Greedy,E13,"(77, 26)",5,18.0
24,Greedy,E14,"(62, 76)",6,13.0
24,Auction,E4,"(40, 22)",21,10.0
24,Auction,E6,"(49, 18)",20,20.0
24,Auction,E7,"(84, 4)",13,18.0
24,Auction,E8,"(21, 84)",18,22.0
24,Auction,E9,"(51, 53)",16,27.0
24,Auction,E10,"(61, 7)",10,16.0
24,Auction,E11,"(14, 26)",11,14.0
24,Auction,E12,"(35, 78)",10,28.0
24,Auction,E13,"(77, 26)",5,18.0
24,Auction,E14,"(62, 76)",6,13.0
24,Q-Learning,E4,"(40, 22)",21,10.0
24,Q-Learning,E5,"(46, 66)",20,21.0
24,Q-Learning,E6,"(49, 18)",20,20.0
24,Q-Learning,E7,"(84, 4)",13,18.0
24,Q-Learning,E8,"(21, 84)",18,22.0
24,Q-Learning,E10,"(61, 7)",10,16.0
24,Q-Learning,E11,"(14, 26)",11,14.0
24,Q-Learning,E12,"(35, 78)",10,28.0
24,Q-Learning,E13,"(77, 26)",5,18.0
24,Q-Learning,E14,"(62, 76)",6,13.0
25,Greedy,E7,"(84, 4)",14,18.0
25,Greedy,E9,"(51, 53)",17,27.0
25,Greedy,E10,"(61, 7)",11,16.0
25,Greedy,E11,"(14, 26)",12,14.0
25,Greedy,E12,"(35, 78)",11,28.0
25,Greedy,E13,"(77, 26)",6,18.0
25,Greedy,E14,"(62, 76)",7,13.0
25,Auction,E4,"(40, 22)",22,10.0
25,Auction,E6,"(49, 18)",21,20.0
25,Auction,E7,"(84, 4)",14,18.0
25,Auction,E8,"(21, 84)",19,22.0
25,Auction,E9,"(51, 53)",17,27.0
25,Auction,E10,"(61, 7)",11,16.0
25,Auction,E12,"(35, 78)",11,28.0
25,Auction,E13,"(77, 26)",6,18.0
25,Auction,E14,"(62, 76)",7,13.0
25,Q-Learning,E5,"(46, 66)",21,21.0
25,Q-Learning,E6,"(49, 18)",21,20.0
25,Q-Learning,E7,"(84, 4)",14,18.0
25,Q-Learning,E8,"(21, 84)",19,22.0
25,Q-Learning,E10,"(61, 7)",11,16.0
25,Q-Learning,E11,"(14, 26)",12,14.0
25,Q-Learning,E12,"(35, 78)",11,28.0
25,Q-Learning,E14,"(62, 76)",7,13.0
26,Greedy,E7,"(84, 4)",15,18.0
26,Greedy,E9,"(51, 53)",18,27.0
26,Greedy,E10,"(61, 7)",12,16.0
26,Greedy,E11,"(14, 26)",13,14.0
26,Greedy,E12,"(35, 78)",12,28.0
26,Greedy,E13,"(77, 26)",7,18.0
26,Greedy,E14,"(62, 76)",8,13.0
26,Greedy,E15,"(53, 62)",2,13.0
26,Auction,E4,"(40, 22)",23,10.0
26,Auction,E7,"(84, 4)",15,18.0
26,Auction,E8,"(21, 84)",20,22.0
26,Auction,E9,"(51, 53)",18,27.0
26,Auction,E10,"(61, 7)",12,16.0
26,Auction,E12,"(35, 78)",12,28.0
26,Auction,E13,"(77, 26)",7,18.0
26,Auction,E14,"(62, 76)",8,13.0
26,Auction,E15,"(53, 62)",2,13.0
26,Q-Learning,E5,"(46, 66)",22,21.0
26,Q-Learning,E7,"(84, 4)",15,18.0
26,Q-Learning,E8,"(21, 84)",20,22.0
26,Q-Learning,E10,"(61, 7)",12,16.0
26,Q-Learning,E11,"(14, 26)",13,14.0
26,Q-Learning,E12,"(35, 78)",12,28.0
26,Q-Learning,E14,"(62, 76)",8,13.0
26,Q-Learning,E15,"(53, 62)",2,13.0
27,Greedy,E7,"(84, 4)",16,18.0
27,Greedy,E9,"(51, 53)",19,27.0
27,Greedy,E10,"(61, 7)",13,16.0
27,Greedy,E11,"(14, 26)",14,14.0
27,Greedy,E12,"(35, 78)",13,28.0
27,Greedy,E13,"(77, 26)",8,18.0
27,Greedy,E14,"(62, 76)",9,13.0
27,Greedy,E15,"(53, 62)",3,13.0
27,Greedy,E16,"(54, 16)",10,27.0
27,Auction,E4,"(40, 22)",24,10.0
27,Auction,E7,"(84, 4)",16,18.0
27,Auction,E8,"(21, 84)",21,22.0
27,Auction,E9,"(51, 53)",19,27.0
27,Auction,E10,"(61, 7)",13,16.0
27,Auction,E12,"(35, 78)",13,28.0
27,Auction,E13,"(77, 26)",8,18.0
27,Auction,E14,"(62, 76)",9,13.0
27,Auction,E15,"(53, 62)",3,13.0
27,Auction,E16,"(54, 16)",10,27.0
27,Q-Learning,E5,"(46, 66)",23,21.0
27,Q-Learning,E7,"(84, 4)",16,18.0
27,Q-Learning,E8,"(21, 84)",21,22.0
27,Q-Learning,E10,"(61, 7)",13,16.0
27,Q-Learning,E11,"(14, 26)",14,14.0
27,Q-Learning,E12,"(35, 78)",13,28.0
27,Q-Learning,E14,"(62, 76)",9,13.0
27,Q-Learning,E15,"(53, 62)",3,13.0
27,Q-Learning,E16,"(54, 16)",10,27.0
28,Greedy,E7,"(84, 4)",17,18.0
28,Greedy,E9,"(51, 53)",20,27.0
28,Greedy,E10,"(61, 7)",14,16.0
28,Greedy,E11,"(14, 26)",15,14.0
28,Greedy,E12,"(35, 78)",14,28.0
28,Greedy,E13,"(77, 26)",9,18.0
28,Greedy,E14,"(62, 76)",10,13.0
28,Greedy,E15,"(53, 62)",4,13.0
28,Greedy,E16,"(54, 16)",11,27.0
28,Greedy,E17,"(46, 94)",5,17.0
28,Auction,E4,"(40, 22)",25,10.0
28,Auction,E7,"(84, 4)",17,18.0
28,Auction,E8,"(21, 84)",22,22.0
28,Auction,E9,"(51, 53)",20,27.0
28,Auction,E10,"(61, 7)",14,16.0
28,Auction,E12,"(35, 78)",14,28.0
28,Auction,E13,"(77, 26)",9,18.0
28,Auction,E14,"(62, 76)",10,13.0
28,Auction,E15,"(53, 62)",4,13.0
28,Auction,E16,"(54, 16)",11,27.0
28,Auction,E17,"(46, 94)",5,17.0
28,Q-Learning,E5,"(46, 66)",24,21.0
28,Q-Learning,E7,"(84, 4)",17,18.0
28,Q-Learning,E8,"(21, 84)",22,22.0
28,Q-Learning,E10,"(61, 7)",14,16.0
28,Q-Learning,E11,"(14, 26)",15,14.0
28,Q-Learning,E12,"(35, 78)",14,28.0
28,Q-Learning,E14,"(62, 76)",10,13.0
28,Q-Learning,E15,"(53, 62)",4,13.0
28,Q-Learning,E16,"(54, 16)",11,27.0
28,Q-Learning,E17,"(46, 94)",5,17.0
29,Greedy,E7,"(84, 4)",18,18.0
29,Greedy,E9,"(51, 53)",21,27.0
29,Greedy,E10,"(61, 7)",15,16.0
29,Greedy,E11,"(14, 26)",16,14.0
29,Greedy,E12,"(35, 78)",15,28.0
29,Greedy,E13,"(77, 26)",10,18.0
29,Greedy,E14,"(62, 76)",11,13.0
29,Greedy,E15,"(53, 62)",5,13.0
29,Greedy,E16,"(54, 16)",12,27.0
29,Greedy,E17,"(46, 94)",6,17.0
29,Greedy,E18,"(72, 67)",10,27.0
29,Auction,E7,"(84, 4)",18,18.0
29,Auction,E8,"(21, 84)",23,22.0
29,Auction,E9,"(51, 53)",21,27.0
29,Auction,E10,"(61, 7)",15,16.0
29,Auction,E12,"(35, 78)",15,28.0
29,Auction,E13,"(77, 26)",10,18.0
29,Auction,E14,"(62, 76)",11,13.0
29,Auction,E15,"(53, 62)",5,13.0
29,Auction,E16,"(54, 16)",12,27.0
29,Auction,E17,"(46, 94)",6,17.0
29,Auction,E18,"(72, 67)",10,27.0
29,Q-Learning,E7,"(84, 4)",18,18.0
29,Q-Learning,E8,"(21, 84)",23,22.0
29,Q-Learning,E10,"(61, 7)",15,16.0
29,Q-Learning,E11,"(14, 26)",16,14.0
29,Q-Learning,E12,"(35, 78)",15,28.0
29,Q-Learning,E14,"(62, 76)",11,13.0
29,Q-Learning,E15,"(53, 62)",5,13.0
29,Q-Learning,E16,"(54, 16)",12,27.0
29,Q-Learning,E17,"(46, 94)",6,17.0
29,Q-Learning,E18,"(72, 67)",10,27.0
30,Greedy,E7,"(84, 4)",19,18.0
30,Greedy,E9,"(51, 53)",22,27.0
30,Greedy,E10,"(61, 7)",16,16.0
30,Greedy,E11,"(14, 26)",17,14.0
30,Greedy,E12,"(35, 78)",16,28.0
30,Greedy,E13,"(77, 26)",11,18.0
30,Greedy,E14,"(62, 76)",12,13.0
30,Greedy,E15,"(53, 62)",6,13.0
30,Greedy,E16,"(54, 16)",13,27.0
30,Greedy,E17,"(46, 94)",7,17.0
30,Greedy,E18,"(72, 67)",11,27.0
30,Greedy,E19,"(13, 3)",1,27.0
30,Auction,E8,"(21, 84)",24,22.0
30,Auction,E9,"(51, 53)",22,27.0
30,Auction,E10,"(61, 7)",16,16.0
30,Auction,E12,"(35, 78)",16,28.0
30,Auction,E13,"(77, 26)",11,18.0
30,Auction,E14,"(62, 76)",12,13.0
30,Auction,E15,"(53, 62)",6,13.0
30,Auction,E16,"(54, 16)",13,27.0
30,Auction,E17,"(46, 94)",7,17.0
30,Auction,E18,"(72, 67)",11,27.0
30,Auction,E19,"(13, 3)",1,27.0
30,Q-Learning,E7,"(84, 4)",19,18.0
30,Q-Learning,E8,"(21, 84)",24,22.0
30,Q-Learning,E10,"(61, 7)",16,16.0
30,Q-Learning,E11,"(14, 26)",17,14.0
30,Q-Learning,E12,"(35, 78)",16,28.0
30,Q-Learning,E14,"(62, 76)",12,13.0
30,Q-Learning,E15,"(53, 62)",6,13.0
30,Q-Learning,E16,"(54, 16)",13,27.0
30,Q-Learning,E17,"(46, 94)",7,17.0
30,Q-Learning,E18,"(72, 67)",11,27.0
30,Q-Learning,E19,"(13, 3)",1,27.0
31,Greedy,E7,"(84, 4)",20,18.0
31,Greedy,E9,"(51, 53)",23,27.0
31,Greedy,E10,"(61, 7)",17,16.0
31,Greedy,E11,"(14, 26)",18,14.0
31,Greedy,E12,"(35, 78)",17,28.0
31,Greedy,E13,"(77, 26)",12,18.0
31,Greedy,E14,"(62, 76)",13,13.0
31,Greedy,E15,"(53, 62)",7,13.0
31,Greedy,E16,"(54, 16)",14,27.0
31,Greedy,E17,"(46, 94)",8,17.0
31,Greedy,E18,"(72, 67)",12,27.0
31,Greedy,E19,"(13, 3)",2,27.0
31,Greedy,E20,"(79, 67)",8,12.0
31,Auction,E8,"(21, 84)",25,22.0
31,Auction,E9,"(51, 53)",23,27.0
31,Auction,E10,"(61, 7)",17,16.0
31,Auction,E12,"(35, 78)",17,28.0
31,Auction,E13,"(77, 26)",12,18.0
31,Auction,E14,"(62, 76)",13,13.0
31,Auction,E15,"(53, 62)",7,13.0
31,Auction,E16,"(54, 16)",14,27.0
31,Auction,E17,"(46, 94)",8,17.0
31,Auction,E18,"(72, 67)",12,27.0
31,Auction,E19,"(13, 3)",2,27.0
31,Auction,E20,"(79, 67)",8,12.0
31,Q-Learning,E8,"(21, 84)",25,22.0
31,Q-Learning,E10,"(61, 7)",17,16.0
31,Q-Learning,E11,"(14, 26)",18,14.0
31,Q-Learning,E12,"(35, 78)",17,28.0
31,Q-Learning,E14,"(62, 76)",13,13.0
31,Q-Learning,E15,"(53, 62)",7,13.0
31,Q-Learning,E16,"(54, 16)",14,27.0
31,Q-Learning,E17,"(46, 94)",8,17.0
31,Q-Learning,E18,"(72, 67)",12,27.0
31,Q-Learning,E19,"(13, 3)",2,27.0
31,Q-Learning,E20,"(79, 67)",8,12.0
32,Greedy,E7,"(84, 4)",21,18.0
32,Greedy,E9,"(51, 53)",24,27.0
32,Greedy,E10,"(61, 7)",18,16.0
32,Greedy,E11,"(14, 26)",19,14.0
32,Greedy,E12,"(35, 78)",18,28.0
32,Greedy,E13,"(77, 26)",13,18.0
32,Greedy,E14,"(62, 76)",14,13.0
32,Greedy,E15,"(53, 62)",8,13.0
32,Greedy,E16,"(54, 16)",15,27.0
32,Greedy,E17,"(46, 94)",9,17.0
32,Greedy,E18,"(72, 67)",13,27.0
32,Greedy,E19,"(13, 3)",3,27.0
32,Greedy,E20,"(79, 67)",9,12.0
32,Greedy,E21,"(25, 3)",7,11.0
32,Auction,E8,"(21, 84)",26,22.0
32,Auction,E9,"(51, 53)",24,27.0
32,Auction,E10,"(61, 7)",18,16.0
32,Auction,E12,"(35, 78)",18,28.0
32,Auction,E13,"(77, 26)",13,18.0
32,Auction,E14,"(62, 76)",14,13.0
32,Auction,E15,"(53, 62)",8,13.0
32,Auction,E16,"(54, 16)",15,27.0
32,Auction,E17,"(46, 94)",9,17.0
32,Auction,E18,"(72, 67)",13,27.0
32,Auction,E19,"(13, 3)",3,27.0
32,Auction,E20,"(79, 67)",9,12.0
32,Auction,E21,"(25, 3)",7,11.0
32,Q-Learning,E8,"(21, 84)",26,22.0
32,Q-Learning,E10,"(61, 7)",18,16.0
32,Q-Learning,E11,"(14, 26)",19,14.0
32,Q-Learning,E12,"(35, 78)",18,28.0
32,Q-Learning,E14,"(62, 76)",14,13.0
32,Q-Learning,E15,"(53, 62)",8,13.0
32,Q-Learning,E16,"(54, 16)",15,27.0
32,Q-Learning,E17,"(46, 94)",9,17.0
32,Q-Learning,E18,"(72, 67)",13,27.0
32,Q-Learning,E19,"(13, 3)",3,27.0
32,Q-Learning,E20,"(79, 67)",9,12.0
32,Q-Learning,E21,"(25, 3)",7,11.0
33,Greedy,E7,"(84, 4)",22,18.0
33,Greedy,E10,"(61, 7)",19,16.0
33,Greedy,E11,"(14, 26)",20,14.0
33,Greedy,E12,"(35, 78)",19,28.0
33,Greedy,E13,"(77, 26)",14,18.0
33,Greedy,E14,"(62, 76)",15,13.0
33,Greedy,E15,"(53, 62)",9,13.0
33,Greedy,E16,"(54, 16)",16,27.0
33,Greedy,E17,"(46, 94)",10,17.0
33,Greedy,E18,"(72, 67)",14,27.0
33,Greedy,E19,"(13, 3)",4,27.0
33,Greedy,E20,"(79, 67)",10,12.0
33,Greedy,E21,"(25, 3)",8,11.0
33,Auction,E8,"(21, 84)",27,22.0
33,Auction,E9,"(51, 53)",25,27.0
33,Auction,E10,"(61, 7)",19,16.0
33,Auction,E13,"(77, 26)",14,18.0
33,Auction,E14,"(62, 76)",15,13.0
33,Auction,E15,"(53, 62)",9,13.0
33,Auction,E16,"(54, 16)",16,27.0
33,Auction,E17,"(46, 94)",10,17.0
33,Auction,E18,"(72, 67)",14,27.0
33,Auction,E19,"(13, 3)",4,27.0
33,Auction,E20,"(79, 67)",10,12.0
33,Auction,E21,"(25, 3)",8,11.0
33,Q-Learning,E10,"(61, 7)",19,16.0
33,Q-Learning,E11,"(14, 26)",20,14.0
33,Q-Learning,E12,"(35, 78)",19,28.0
33,Q-Learning,E14,"(62, 76)",15,13.0
33,Q-Learning,E15,"(53, 62)",9,13.0
33,Q-Learning,E16,"(54, 16)",16,27.0
33,Q-Learning,E17,"(46, 94)",10,17.0
33,Q-Learning,E18,"(72, 67)",14,27.0
33,Q-Learning,E19,"(13, 3)",4,27.0
33,Q-Learning,E20,"(79, 67)",10,12.0
33,Q-Learning,E21,"(25, 3)",8,11.0
34,Greedy,E7,"(84, 4)",23,18.0
34,Greedy,E10,"(61, 7)",20,16.0
34,Greedy,E11,"(14, 26)",21,14.0
34,Greedy,E12,"(35, 78)",20,28.0
34,Greedy,E13,"(77, 26)",15,18.0
34,Greedy,E14,"(62, 76)",16,13.0
34,Greedy,E15,"(53, 62)",10,13.0
34,Greedy,E16,"(54, 16)",17,27.0
34,Greedy,E17,"(46, 94)",11,17.0
34,Greedy,E18,"(72, 67)",15,27.0
34,Greedy,E19,"(13, 3)",5,27.0
34,Greedy,E20,"(79, 67)",11,12.0
34,Greedy,E21,"(25, 3)",9,11.0
34,Auction,E8,"(21, 84)",28,22.0
34,Auction,E9,"(51, 53)",26,27.0
34,Auction,E10,"(61, 7)",20,16.0
34,Auction,E13,"(77, 26)",15,18.0
34,Auction,E15,"(53, 62)",10,13.0
34,Auction,E16,"(54, 16)",17,27.0
34,Auction,E17,"(46, 94)",11,17.0
34,Auction,E18,"(72, 67)",15,27.0
34,Auction,E19,"(13, 3)",5,27.0
34,Auction,E20,"(79, 67)",11,12.0
34,Auction,E21,"(25, 3)",9,11.0
34,Q-Learning,E10,"(61, 7)",20,16.0
34,Q-Learning,E11,"(14, 26)",21,14.0
34,Q-Learning,E12,"(35, 78)",20,28.0
34,Q-Learning,E14,"(62, 76)",16,13.0
34,Q-Learning,E16,"(54, 16)",17,27.0
34,Q-Learning,E17,"(46, 94)",11,17.0
34,Q-Learning,E18,"(72, 67)",15,27.0
34,Q-Learning,E19,"(13, 3)",5,27.0
34,Q-Learning,E20,"(79, 67)",11,12.0
34,Q-Learning,E21,"(25, 3)",9,11.0
35,Greedy,E7,"(84, 4)",24,18.0
35,Greedy,E10,"(61, 7)",21,16.0
35,Greedy,E11,"(14, 26)",22,14.0
35,Greedy,E12,"(35, 78)",21,28.0
35,Greedy,E13,"(77, 26)",16,18.0
35,Greedy,E14,"(62, 76)",17,13.0
35,Greedy,E15,"(53, 62)",11,13.0
35,Greedy,E16,"(54, 16)",18,27.0
35,Greedy,E17,"(46, 94)",12,17.0
35,Greedy,E18,"(72, 67)",16,27.0
35,Greedy,E19,"(13, 3)",6,27.0
35,Greedy,E20,"(79, 67)",12,12.0
35,Greedy,E21,"(25, 3)",10,11.0
35,Greedy,E22,"(47, 42)",3,25.0
35,Auction,E8,"(21, 84)",29,22.0
35,Auction,E10,"(61, 7)",21,16.0
35,Auction,E13,"(77, 26)",16,18.0
35,Auction,E15,"(53, 62)",11,13.0
35,Auction,E16,"(54, 16)",18,27.0
35,Auction,E17,"(46, 94)",12,17.0
35,Auction,E18,"(72, 67)",16,27.0
35,Auction,E19,"(13, 3)",6,27.0
35,Auction,E20,"(79, 67)",12,12.0
35,Auction,E21,"(25, 3)",10,11.0
35,Auction,E22,"(47, 42)",3,25.0
35,Q-Learning,E10,"(61, 7)",21,16.0
35,Q-Learning,E11,"(14, 26)",22,14.0
35,Q-Learning,E12,"(35, 78)",21,28.0
35,Q-Learning,E14,"(62, 76)",17,13.0
35,Q-Learning,E16,"(54, 16)",18,27.0
35,Q-Learning,E17,"(46, 94)",12,17.0
35,Q-Learning,E18,"(72, 67)",16,27.0
35,Q-Learning,E19,"(13, 3)",6,27.0
35,Q-Learning,E20,"(79, 67)",12,12.0
35,Q-Learning,E21,"(25, 3)",10,11.0
35,Q-Learning,E22,"(47, 42)",3,25.0
36,Greedy,E10,"(61, 7)",22,16.0
36,Greedy,E11,"(14, 26)",23,14.0
36,Greedy,E12,"(35, 78)",22,28.0
36,Greedy,E13,"(77, 26)",17,18.0
36,Greedy,E14,"(62, 76)",18,13.0
36,Greedy,E15,"(53, 62)",12,13.0
36,Greedy,E16,"(54, 16)",19,27.0
36,Greedy,E17,"(46, 94)",13,17.0
36,Greedy,E18,"(72, 67)",17,27.0
36,Greedy,E19,"(13, 3)",7,27.0
36,Greedy,E20,"(79, 67)",13,12.0
36,Greedy,E21,"(25, 3)",11,11.0
36,Greedy,E22,"(47, 42)",4,25.0
36,Auction,E8,"(21, 84)",30,22.0
36,Auction,E10,"(61, 7)",22,16.0
36,Auction,E13,"(77, 26)",17,18.0
36,Auction,E16,"(54, 16)",19,27.0
36,Auction,E17,"(46, 94)",13,17.0
36,Auction,E18,"(72, 67)",17,27.0
36,Auction,E19,"(13, 3)",7,27.0
36,Auction,E20,"(79, 67)",13,12.0
36,Auction,E21,"(25, 3)",11,11.0
36,Auction,E22,"(47, 42)",4,25.0
36,Q-Learning,E10,"(61, 7)",22,16.0
36,Q-Learning,E11,"(14, 26)",23,14.0
36,Q-Learning,E12,"(35, 78)",22,28.0
36,Q-Learning,E14,"(62, 76)",18,13.0
36,Q-Learning,E16,"(54, 16)",19,27.0
36,Q-Learning,E17,"(46, 94)",13,17.0
36,Q-Learning,E18,"(72, 67)",17,27.0
36,Q-Learning,E19,"(13, 3)",7,27.0
36,Q-Learning,E20,"(79, 67)",13,12.0
36,Q-Learning,E21,"(25, 3)",11,11.0
36,Q-Learning,E22,"(47, 42)",4,25.0
37,Greedy,E10,"(61, 7)",23,16.0
37,Greedy,E12,"(35, 78)",23,28.0
37,Greedy,E13,"(77, 26)",18,18.0
37,Greedy,E14,"(62, 76)",19,13.0
37,Greedy,E15,"(53, 62)",13,13.0
37,Greedy,E16,"(54, 16)",20,27.0
37,Greedy,E17,"(46, 94)",14,17.0
37,Greedy,E18,"(72, 67)",18,27.0
37,Greedy,E19,"(13, 3)",8,27.0
37,Greedy,E20,"(79, 67)",14,12.0
37,Greedy,E21,"(25, 3)",12,11.0
37,Greedy,E22,"(47, 42)",5,25.0
37,Auction,E8,"(21, 84)",31,22.0
37,Auction,E10,"(61, 7)",23,16.0
37,Auction,E13,"(77, 26)",18,18.0
37,Auction,E16,"(54, 16)",20,27.0
37,Auction,E17,"(46, 94)",14,17.0
37,Auction,E18,"(72, 67)",18,27.0
37,Auction,E19,"(13, 3)",8,27.0
37,Auction,E20,"(79, 67)",14,12.0
37,Auction,E21,"(25, 3)",12,11.0
37,Auction,E22,"(47, 42)",5,25.0
37,Q-Learning,E10,"(61, 7)",23,16.0
37,Q-Learning,E11,"(14, 26)",24,14.0
37,Q-Learning,E12,"(35, 78)",23,28.0
37,Q-Learning,E14,"(62, 76)",19,13.0
37,Q-Learning,E16,"(54, 16)",20,27.0
37,Q-Learning,E17,"(46, 94)",14,17.0
37,Q-Learning,E18,"(72, 67)",18,27.0
37,Q-Learning,E19,"(13, 3)",8,27.0
37,Q-Learning,E20,"(79, 67)",14,12.0
37,Q-Learning,E21,"(25, 3)",12,11.0
37,Q-Learning,E22,"(47, 42)",5,25.0
38,Greedy,E10,"(61, 7)",24,16.0
38,Greedy,E12,"(35, 78)",24,28.0
38,Greedy,E13,"(77, 26)",19,18.0
38,Greedy,E15,"(53, 62)",14,13.0
38,Greedy,E16,"(54, 16)",21,27.0
38,Greedy,E17,"(46, 94)",15,17.0
38,Greedy,E18,"(72, 67)",19,27.0
38,Greedy,E19,"(13, 3)",9,27.0
38,Greedy,E20,"(79, 67)",15,12.0
38,Greedy,E21,"(25, 3)",13,11.0
38,Greedy,E22,"(47, 42)",6,25.0
38,Greedy,E23,"(57, 47)",6,17.0
38,Auction,E8,"(21, 84)",32,22.0
38,Auction,E10,"(61, 7)",24,16.0
38,Auction,E13,"(77, 26)",19,18.0
38,Auction,E16,"(54, 16)",21,27.0
38,Auction,E17,"(46, 94)",15,17.0
38,Auction,E18,"(72, 67)",19,27.0
38,Auction,E19,"(13, 3)",9,27.0
38,Auction,E21,"(25, 3)",13,11.0
38,Auction,E22,"(47, 42)",6,25.0
38,Auction,E23,"(57, 47)",6,17.0
38,Q-Learning,E10,"(61, 7)",24,16.0
38,Q-Learning,E12,"(35, 78)",24,28.0
38,Q-Learning,E14,"(62, 76)",20,13.0
38,Q-Learning,E16,"(54, 16)",21,27.0
38,Q-Learning,E17,"(46, 94)",15,17.0
38,Q-Learning,E18,"(72, 67)",19,27.0
38,Q-Learning,E19,"(13, 3)",9,27.0
38,Q-Learning,E20,"(79, 67)",15,12.0
38,Q-Learning,E21,"(25, 3)",13,11.0
38,Q-Learning,E22,"(47, 42)",6,25.0
38,Q-Learning,E23,"(57, 47)",6,17.0
39,Greedy,E10,"(61, 7)",25,16.0
39,Greedy,E12,"(35, 78)",25,28.0
39,Greedy,E13,"(77, 26)",20,18.0
39,Greedy,E15,"(53, 62)",15,13.0
39,Greedy,E16,"(54, 16)",22,27.0
39,Greedy,E17,"(46, 94)",16,17.0
39,Greedy,E18,"(72, 67)",20,27.0
39,Greedy,E19,"(13, 3)",10,27.0
39,Greedy,E20,"(79, 67)",16,12.0
39,Greedy,E21,"(25, 3)",14,11.0
39,Greedy,E22,"(47, 42)",7,25.0
39,Greedy,E23,"(57, 47)",7,17.0
39,Greedy,E24,"(47, 38)",6,17.0
39,Auction,E8,"(21, 84)",33,22.0
39,Auction,E10,"(61, 7)",25,16.0
39,Auction,E13,"(77, 26)",20,18.0
39,Auction,E16,"(54, 16)",22,27.0
39,Auction,E17,"(46, 94)",16,17.0
39,Auction,E18,"(72, 67)",20,27.0
39,Auction,E19,"(13, 3)",10,27.0
39,Auction,E21,"(25, 3)",14,11.0
39,Auction,E22,"(47, 42)",7,25.0
39,Auction,E23,"(57, 47)",7,17.0
39,Auction,E24,"(47, 38)",6,17.0
39,Q-Learning,E10,"(61, 7)",25,16.0
39,Q-Learning,E12,"(35, 78)",25,28.0
39,Q-Learning,E14,"(62, 76)",21,13.0
39,Q-Learning,E16,"(54, 16)",22,27.0
39,Q-Learning,E17,"(46, 94)",16,17.0
39,Q-Learning,E18,"(72, 67)",20,27.0
39,Q-Learning,E19,"(13, 3)",10,27.0
39,Q-Learning,E20,"(79, 67)",16,12.0
39,Q-Learning,E21,"(25, 3)",14,11.0
39,Q-Learning,E22,"(47, 42)",7,25.0
39,Q-Learning,E23,"(57, 47)",7,17.0
39,Q-Learning,E24,"(47, 38)",6,17.0
40,Greedy,E12,"(35, 78)",26,28.0
40,Greedy,E13,"(77, 26)",21,18.0
40,Greedy,E15,"(53, 62)",16,13.0
40,Greedy,E16,"(54, 16)",23,27.0
40,Greedy,E17,"(46, 94)",17,17.0
40,Greedy,E18,"(72, 67)",21,27.0
40,Greedy,E19,"(13, 3)",11,27.0
40,Greedy,E20,"(79, 67)",17,12.0
40,Greedy,E21,"(25, 3)",15,11.0
40,Greedy,E22,"(47, 42)",8,25.0
40,Greedy,E23,"(57, 47)",8,17.0
40,Greedy,E24,"(47, 38)",7,17.0
40,Greedy,E25,"(54, 95)",5,22.0
40,Auction,E8,"(21, 84)",34,22.0
40,Auction,E10,"(61, 7)",26,16.0
40,Auction,E13,"(77, 26)",21,18.0
40,Auction,E17,"(46, 94)",17,17.0
40,Auction,E18,"(72, 67)",21,27.0
40,Auction,E19,"(13, 3)",11,27.0
40,Auction,E21,"(25, 3)",15,11.0
40,Auction,E22,"(47, 42)",8,25.0
40,Auction,E23,"(57, 47)",8,17.0
40,Auction,E24,"(47, 38)",7,17.0
40,Auction,E25,"(54, 95)",5,22.0
40,Q-Learning,E10,"(61, 7)",26,16.0
40,Q-Learning,E14,"(62, 76)",22,13.0
40,Q-Learning,E16,"(54, 16)",23,27.0
40,Q-Learning,E17,"(46, 94)",17,17.0
40,Q-Learning,E18,"(72, 67)",21,27.0
40,Q-Learning,E19,"(13, 3)",11,27.0
40,Q-Learning,E20,"(79, 67)",17,12.0
40,Q-Learning,E21,"(25, 3)",15,11.0
40,Q-Learning,E22,"(47, 42)",8,25.0
40,Q-Learning,E23,"(57, 47)",8,17.0
40,Q-Learning,E24,"(47, 38)",7,17.0
40,Q-Learning,E25,"(54, 95)",5,22.0
41,Greedy,E12,"(35, 78)",27,28.0
41,Greedy,E13,"(77, 26)",22,18.0
41,Greedy,E15,"(53, 62)",17,13.0
41,Greedy,E16,"(54, 16)",24,27.0
41,Greedy,E17,"(46, 94)",18,17.0
41,Greedy,E18,"(72, 67)",22,27.0
41,Greedy,E19,"(13, 3)",12,27.0
41,Greedy,E20,"(79, 67)",18,12.0
41,Greedy,E21,"(25, 3)",16,11.0
41,Greedy,E22,"(47, 42)",9,25.0
41,Greedy,E23,"(57, 47)",9,17.0
41,Greedy,E24,"(47, 38)",8,17.0
41,Greedy,E25,"(54, 95)",6,22.0
41,Greedy,E26,"(16, 32)",4,13.0
41,Auction,E8,"(21, 84)",35,22.0
41,Auction,E13,"(77, 26)",22,18.0
41,Auction,E17,"(46, 94)",18,17.0
41,Auction,E18,"(72, 67)",22,27.0
41,Auction,E19,"(13, 3)",12,27.0
41,Auction,E21,"(25, 3)",16,11.0
41,Auction,E22,"(47, 42)",9,25.0
41,Auction,E23,"(57, 47)",9,17.0
41,Auction,E24,"(47, 38)",8,17.0
41,Auction,E25,"(54, 95)",6,22.0
41,Auction,E26,"(16, 32)",4,13.0
41,Q-Learning,E10,"(61, 7)",27,16.0
41,Q-Learning,E14,"(62, 76)",23,13.0
41,Q-Learning,E16,"(54, 16)",24,27.0
41,Q-Learning,E17,"(46, 94)",18,17.0
41,Q-Learning,E18,"(72, 67)",22,27.0
41,Q-Learning,E19,"(13, 3)",12,27.0
41,Q-Learning,E20,"(79, 67)",18,12.0
41,Q-Learning,E21,"(25, 3)",16,11.0
41,Q-Learning,E22,"(47, 42)",9,25.0
41,Q-Learning,E23,"(57, 47)",9,17.0
41,Q-Learning,E24,"(47, 38)",8,17.0
41,Q-Learning,E25,"(54, 95)",6,22.0
41,Q-Learning,E26,"(16, 32)",4,13.0
42,Greedy,E12,"(35, 78)",28,28.0
42,Greedy,E13,"(77, 26)",23,18.0
42,Greedy,E15,"(53, 62)",18,13.0
42,Greedy,E16,"(54, 16)",25,27.0
42,Greedy,E17,"(46, 94)",19,17.0
42,Greedy,E18,"(72, 67)",23,27.0
42,Greedy,E19,"(13, 3)",13,27.0
42,Greedy,E20,"(79, 67)",19,12.0
42,Greedy,E21,"(25, 3)",17,11.0
42,Greedy,E22,"(47, 42)",10,25.0
42,Greedy,E23,"(57, 47)",10,17.0
42,Greedy,E24,"(47, 38)",9,17.0
42,Greedy,E25,"(54, 95)",7,22.0
42,Greedy,E26,"(16, 32)",5,13.0
42,Greedy,E27,"(45, 61)",2,26.0
42,Auction,E8,"(21, 84)",36,22.0
42,Auction,E13,"(77, 26)",23,18.0
42,Auction,E17,"(46, 94)",19,17.0
42,Auction,E18,"(72, 67)",23,27.0
42,Auction,E19,"(13, 3)",13,27.0
42,Auction,E21,"(25, 3)",17,11.0
42,Auction,E22,"(47, 42)",10,25.0
42,Auction,E23,"(57, 47)",10,17.0
42,Auction,E24,"(47, 38)",9,17.0
42,Auction,E25,"(54, 95)",7,22.0
42,Auction,E26,"(16, 32)",5,13.0
42,Auction,E27,"(45, 61)",2,26.0
42,Q-Learning,E10,"(61, 7)",28,16.0
42,Q-Learning,E14,"(62, 76)",24,13.0
42,Q-Learning,E16,"(54, 16)",25,27.0
42,Q-Learning,E17,"(46, 94)",19,17.0
42,Q-Learning,E18,"(72, 67)",23,27.0
42,Q-Learning,E19,"(13, 3)",13,27.0
42,Q-Learning,E20,"(79, 67)",19,12.0
42,Q-Learning,E21,"(25, 3)",17,11.0
42,Q-Learning,E22,"(47, 42)",10,25.0
42,Q-Learning,E23,"(57, 47)",10,17.0
42,Q-Learning,E24,"(47, 38)",9,17.0
42,Q-Learning,E25,"(54, 95)",7,22.0
42,Q-Learning,E26,"(16, 32)",5,13.0
42,Q-Learning,E27,"(45, 61)",2,26.0
43,Greedy,E12,"(35, 78)",29,28.0
43,Greedy,E15,"(53, 62)",19,13.0
43,Greedy,E16,"(54, 16)",26,27.0
43,Greedy,E17,"(46, 94)",20,17.0
43,Greedy,E18,"(72, 67)",24,27.0
43,Greedy,E19,"(13, 3)",14,27.0
43,Greedy,E20,"(79, 67)",20,12.0
43,Greedy,E21,"(25, 3)",18,11.0
43,Greedy,E22,"(47, 42)",11,25.0
43,Greedy,E23,"(57, 47)",11,17.0
43,Greedy,E24,"(47, 38)",10,17.0
43,Greedy,E25,"(54, 95)",8,22.0
43,Greedy,E26,"(16, 32)",6,13.0
43,Greedy,E27,"(45, 61)",3,26.0
43,Auction,E8,"(21, 84)",37,22.0
43,Auction,E13,"(77, 26)",24,18.0
43,Auction,E17,"(46, 94)",20,17.0
43,Auction,E18,"(72, 67)",24,27.0
43,Auction,E19,"(13, 3)",14,27.0
43,Auction,E21,"(25, 3)",18,11.0
43,Auction,E22,"(47, 42)",11,25.0
43,Auction,E23,"(57, 47)",11,17.0
43,Auction,E24,"(47, 38)",10,17.0
43,Auction,E25,"(54, 95)",8,22.0
43,Auction,E26,"(16, 32)",6,13.0
43,Auction,E27,"(45, 61)",3,26.0
43,Q-Learning,E10,"(61, 7)",29,16.0
43,Q-Learning,E14,"(62, 76)",25,13.0
43,Q-Learning,E16,"(54, 16)",26,27.0
43,Q-Learning,E17,"(46, 94)",20,17.0
43,Q-Learning,E18,"(72, 67)",24,27.0
43,Q-Learning,E19,"(13, 3)",14,27.0
43,Q-Learning,E20,"(79, 67)",20,12.0
43,Q-Learning,E21,"(25, 3)",18,11.0
43,Q-Learning,E22,"(47, 42)",11,25.0
43,Q-Learning,E23,"(57, 47)",11,17.0
43,Q-Learning,E24,"(47, 38)",10,17.0
43,Q-Learning,E25,"(54, 95)",8,22.0
43,Q-Learning,E26,"(16, 32)",6,13.0
43,Q-Learning,E27,"(45, 61)",3,26.0
44,Greedy,E12,"(35, 78)",30,28.0
44,Greedy,E15,"(53, 62)",20,13.0
44,Greedy,E16,"(54, 16)",27,27.0
44,Greedy,E17,"(46, 94)",21,17.0
44,Greedy,E18,"(72, 67)",25,27.0
44,Greedy,E19,"(13, 3)",15,27.0
44,Greedy,E20,"(79, 67)",21,12.0
44,Greedy,E21,"(25, 3)",19,11.0
44,Greedy,E22,"(47, 42)",12,25.0
44,Greedy,E23,"(57, 47)",12,17.0
44,Greedy,E24,"(47, 38)",11,17.0
44,Greedy,E25,"(54, 95)",9,22.0
44,Greedy,E26,"(16, 32)",7,13.0
44,Greedy,E27,"(45, 61)",4,26.0
44,Auction,E8,"(21, 84)",38,22.0
44,Auction,E13,"(77, 26)",25,18.0
44,Auction,E17,"(46, 94)",21,17.0
44,Auction,E18,"(72, 67)",25,27.0
44,Auction,E19,"(13, 3)",15,27.0
44,Auction,E21,"(25, 3)",19,11.0
44,Auction,E22,"(47, 42)",12,25.0
44,Auction,E23,"(57, 47)",12,17.0
44,Auction,E24,"(47, 38)",11,17.0
44,Auction,E25,"(54, 95)",9,22.0
44,Auction,E26,"(16, 32)",7,13.0
44,Auction,E27,"(45, 61)",4,26.0
44,Q-Learning,E10,"(61, 7)",30,16.0
44,Q-Learning,E14,"(62, 76)",26,13.0
44,Q-Learning,E16,"(54, 16)",27,27.0
44,Q-Learning,E17,"(46, 94)",21,17.0
44,Q-Learning,E18,"(72, 67)",25,27.0
44,Q-Learning,E19,"(13, 3)",15,27.0
44,Q-Learning,E20,"(79, 67)",21,12.0
44,Q-Learning,E21,"(25, 3)",19,11.0
44,Q-Learning,E22,"(47, 42)",12,25.0
44,Q-Learning,E23,"(57, 47)",12,17.0
44,Q-Learning,E24,"(47, 38)",11,17.0
44,Q-Learning,E25,"(54, 95)",9,22.0
44,Q-Learning,E26,"(16, 32)",7,13.0
44,Q-Learning,E27,"(45, 61)",4,26.0
45,Greedy,E12,"(35, 78)",31,28.0
45,Greedy,E15,"(53, 62)",21,13.0
45,Greedy,E16,"(54, 16)",28,27.0
45,Greedy,E17,"(46, 94)",22,17.0
45,Greedy,E18,"(72, 67)",26,27.0
45,Greedy,E19,"(13, 3)",16,27.0
45,Greedy,E20,"(79, 67)",22,12.0
45,Greedy,E21,"(25, 3)",20,11.0
45,Greedy,E22,"(47, 42)",13,25.0
45,Greedy,E23,"(57, 47)",13,17.0
45,Greedy,E24,"(47, 38)",12,17.0
45,Greedy,E25,"(54, 95)",10,22.0
45,Greedy,E26,"(16, 32)",8,13.0
45,Greedy,E27,"(45, 61)",5,26.0
45,Greedy,E28,"(20, 17)",1,15.0
45,Auction,E8,"(21, 84)",39,22.0
45,Auction,E13,"(77, 26)",26,18.0
45,Auction,E17,"(46, 94)",22,17.0
45,Auction,E18,"(72, 67)",26,27.0
45,Auction,E19,"(13, 3)",16,27.0
45,Auction,E21,"(25, 3)",20,11.0
45,Auction,E22,"(47, 42)",13,25.0
45,Auction,E23,"(57, 47)",13,17.0
45,Auction,E24,"(47, 38)",12,17.0
45,Auction,E25,"(54, 95)",10,22.0
45,Auction,E26,"(16, 32)",8,13.0
45,Auction,E27,"(45, 61)",5,26.0
45,Auction,E28,"(20, 17)",1,15.0
45,Q-Learning,E10,"(61, 7)",31,16.0
45,Q-Learning,E14,"(62, 76)",27,13.0
45,Q-Learning,E16,"(54, 16)",28,27.0
45,Q-Learning,E17,"(46, 94)",22,17.0
45,Q-Learning,E18,"(72, 67)",26,27.0
45,Q-Learning,E19,"(13, 3)",16,27.0
45,Q-Learning,E20,"(79, 67)",22,12.0
45,Q-Learning,E21,"(25, 3)",20,11.0
45,Q-Learning,E22,"(47, 42)",13,25.0
45,Q-Learning,E23,"(57, 47)",13,17.0
45,Q-Learning,E24,"(47, 38)",12,17.0
45,Q-Learning,E25,"(54, 95)",10,22.0
45,Q-Learning,E26,"(16, 32)",8,13.0
45,Q-Learning,E27,"(45, 61)",5,26.0
45,Q-Learning,E28,"(20, 17)",1,15.0
46,Greedy,E12,"(35, 78)",32,28.0
46,Greedy,E15,"(53, 62)",22,13.0
46,Greedy,E16,"(54, 16)",29,27.0
46,Greedy,E17,"(46, 94)",23,17.0
46,Greedy,E18,"(72, 67)",27,27.0
46,Greedy,E19,"(13, 3)",17,27.0
46,Greedy,E20,"(79, 67)",23,12.0
46,Greedy,E21,"(25, 3)",21,11.0
46,Greedy,E22,"(47, 42)",14,25.0
46,Greedy,E23,"(57, 47)",14,17.0
46,Greedy,E24,"(47, 38)",13,17.0
46,Greedy,E25,"(54, 95)",11,22.0
46,Greedy,E26,"(16, 32)",9,13.0
46,Greedy,E27,"(45, 61)",6,26.0
46,Greedy,E28,"(20, 17)",2,15.0
46,Greedy,E29,"(16, 21)",7,20.0
46,Auction,E8,"(21, 84)",40,22.0
46,Auction,E13,"(77, 26)",27,18.0
46,Auction,E17,"(46, 94)",23,17.0
46,Auction,E18,"(72, 67)",27,27.0
46,Auction,E19,"(13, 3)",17,27.0
46,Auction,E21,"(25, 3)",21,11.0
46,Auction,E22,"(47, 42)",14,25.0
46,Auction,E23,"(57, 47)",14,17.0
46,Auction,E24,"(47, 38)",13,17.0
46,Auction,E25,"(54, 95)",11,22.0
46,Auction,E26,"(16, 32)",9,13.0
46,Auction,E27,"(45, 61)",6,26.0
46,Auction,E28,"(20, 17)",2,15.0
46,Auction,E29,"(16, 21)",7,20.0
46,Q-Learning,E10,"(61, 7)",32,16.0
46,Q-Learning,E14,"(62, 76)",28,13.0
46,Q-Learning,E16,"(54, 16)",29,27.0
46,Q-Learning,E17,"(46, 94)",23,17.0
46,Q-Learning,E18,"(72, 67)",27,27.0
46,Q-Learning,E19,"(13, 3)",17,27.0
46,Q-Learning,E20,"(79, 67)",23,12.0
46,Q-Learning,E21,"(25, 3)",21,11.0
46,Q-Learning,E22,"(47, 42)",14,25.0
46,Q-Learning,E23,"(57, 47)",14,17.0
46,Q-Learning,E24,"(47, 38)",13,17.0
46,Q-Learning,E25,"(54, 95)",11,22.0
46,Q-Learning,E26,"(16, 32)",9,13.0
46,Q-Learning,E27,"(45, 61)",6,26.0
46,Q-Learning,E28,"(20, 17)",2,15.0
46,Q-Learning,E29,"(16, 21)",7,20.0
47,Greedy,E12,"(35, 78)",33,28.0
47,Greedy,E15,"(53, 62)",23,13.0
47,Greedy,E16,"(54, 16)",30,27.0
47,Greedy,E17,"(46, 94)",24,17.0
47,Greedy,E18,"(72, 67)",28,27.0
47,Greedy,E19,"(13, 3)",18,27.0
47,Greedy,E20,"(79, 67)",24,12.0
47,Greedy,E21,"(25, 3)",22,11.0
47,Greedy,E22,"(47, 42)",15,25.0
47,Greedy,E23,"(57, 47)",15,17.0
47,Greedy,E24,"(47, 38)",14,17.0
47,Greedy,E25,"(54, 95)",12,22.0
47,Greedy,E26,"(16, 32)",10,13.0
47,Greedy,E27,"(45, 61)",7,26.0
47,Greedy,E28,"(20, 17)",3,15.0
47,Greedy,E29,"(16, 21)",8,20.0
47,Auction,E8,"(21, 84)",41,22.0
47,Auction,E13,"(77, 26)",28,18.0
47,Auction,E17,"(46, 94)",24,17.0
47,Auction,E18,"(72, 67)",28,27.0
47,Auction,E19,"(13, 3)",18,27.0
47,Auction,E21,"(25, 3)",22,11.0
47,Auction,E22,"(47, 42)",15,25.0
47,Auction,E23,"(57, 47)",15,17.0
47,Auction,E24,"(47, 38)",14,17.0
47,Auction,E25,"(54, 95)",12,22.0
47,Auction,E26,"(16, 32)",10,13.0
47,Auction,E27,"(45, 61)",7,26.0
47,Auction,E28,"(20, 17)",3,15.0
47,Auction,E29,"(16, 21)",8,20.0
47,Q-Learning,E14,"(62, 76)",29,13.0
47,Q-Learning,E16,"(54, 16)",30,27.0
47,Q-Learning,E17,"(46, 94)",24,17.0
47,Q-Learning,E18,"(72, 67)",28,27.0
47,Q-Learning,E19,"(13, 3)",18,27.0
47,Q-Learning,E20,"(79, 67)",24,12.0
47,Q-Learning,E21,"(25, 3)",22,11.0
47,Q-Learning,E22,"(47, 42)",15,25.0
47,Q-Learning,E23,"(57, 47)",15,17.0
47,Q-Learning,E24,"(47, 38)",14,17.0
47,Q-Learning,E25,"(54, 95)",12,22.0
47,Q-Learning,E26,"(16, 32)",10,13.0
47,Q-Learning,E27,"(45, 61)",7,26.0
47,Q-Learning,E28,"(20, 17)",3,15.0
47,Q-Learning,E29,"(16, 21)",8,20.0
48,Greedy,E12,"(35, 78)",34,28.0
48,Greedy,E15,"(53, 62)",24,13.0
48,Greedy,E16,"(54, 16)",31,27.0
48,Greedy,E17,"(46, 94)",25,17.0
48,Greedy,E18,"(72, 67)",29,27.0
48,Greedy,E19,"(13, 3)",19,27.0
48,Greedy,E20,"(79, 67)",25,12.0
48,Greedy,E21,"(25, 3)",23,11.0
48,Greedy,E22,"(47, 42)",16,25.0
48,Greedy,E23,"(57, 47)",16,17.0
48,Greedy,E24,"(47, 38)",15,17.0
48,Greedy,E25,"(54, 95)",13,22.0
48,Greedy,E26,"(16, 32)",11,13.0
48,Greedy,E27,"(45, 61)",8,26.0
48,Greedy,E28,"(20, 17)",4,15.0
48,Greedy,E29,"(16, 21)",9,20.0
48,Auction,E8,"(21, 84)",42,22.0
48,Auction,E13,"(77, 26)",29,18.0
48,Auction,E17,"(46, 94)",25,17.0
48,Auction,E18,"(72, 67)",29,27.0
48,Auction,E19,"(13, 3)",19,27.0
48,Auction,E21,"(25, 3)",23,11.0
48,Auction,E22,"(47, 42)",16,25.0
48,Auction,E24,"(47, 38)",15,17.0
48,Auction,E25,"(54, 95)",13,22.0
48,Auction,E26,"(16, 32)",11,13.0
48,Auction,E27,"(45, 61)",8,26.0
48,Auction,E28,"(20, 17)",4,15.0
48,Auction,E29,"(16, 21)",9,20.0
48,Q-Learning,E14,"(62, 76)",30,13.0
48,Q-Learning,E16,"(54, 16)",31,27.0
48,Q-Learning,E17,"(46, 94)",25,17.0
48,Q-Learning,E18,"(72, 67)",29,27.0
48,Q-Learning,E19,"(13, 3)",19,27.0
48,Q-Learning,E20,"(79, 67)",25,12.0
48,Q-Learning,E21,"(25, 3)",23,11.0
48,Q-Learning,E22,"(47, 42)",16,25.0
48,Q-Learning,E23,"(57, 47)",16,17.0
48,Q-Learning,E24,"(47, 38)",15,17.0
48,Q-Learning,E25,"(54, 95)",13,22.0
48,Q-Learning,E26,"(16, 32)",11,13.0
48,Q-Learning,E27,"(45, 61)",8,26.0
48,Q-Learning,E28,"(20, 17)",4,15.0
48,Q-Learning,E29,"(16, 21)",9,20.0
49,Greedy,E12,"(35, 78)",35,28.0
49,Greedy,E15,"(53, 62)",25,13.0
49,Greedy,E16,"(54, 16)",32,27.0
49,Greedy,E17,"(46, 94)",26,17.0
49,Greedy,E18,"(72, 67)",30,27.0
49,Greedy,E19,"(13, 3)",20,27.0
49,Greedy,E20,"(79, 67)",26,12.0
49,Greedy,E21,"(25, 3)",24,11.0
49,Greedy,E22,"(47, 42)",17,25.0
49,Greedy,E23,"(57, 47)",17,17.0
49,Greedy,E24,"(47, 38)",16,17.0
49,Greedy,E25,"(54, 95)",14,22.0
49,Greedy,E26,"(16, 32)",12,13.0
49,Greedy,E27,"(45, 61)",9,26.0
49,Greedy,E28,"(20, 17)",5,15.0
49,Greedy,E29,"(16, 21)",10,20.0
49,Auction,E8,"(21, 84)",43,22.0
49,Auction,E13,"(77, 26)",30,18.0
49,Auction,E17,"(46, 94)",26,17.0
49,Auction,E18,"(72, 67)",30,27.0
49,Auction,E19,"(13, 3)",20,27.0
49,Auction,E21,"(25, 3)",24,11.0
49,Auction,E22,"(47, 42)",17,25.0
49,Auction,E24,"(47, 38)",16,17.0
49,Auction,E25,"(54, 95)",14,22.0
49,Auction,E26,"(16, 32)",12,13.0
49,Auction,E27,"(45, 61)",9,26.0
49,Auction,E28,"(20, 17)",5,15.0
49,Auction,E29,"(16, 21)",10,20.0
49,Q-Learning,E14,"(62, 76)",31,13.0
49,Q-Learning,E16,"(54, 16)",32,27.0
49,Q-Learning,E17,"(46, 94)",26,17.0
49,Q-Learning,E18,"(72, 67)",30,27.0
49,Q-Learning,E19,"(13, 3)",20,27.0
49,Q-Learning,E20,"(79, 67)",26,12.0
49,Q-Learning,E21,"(25, 3)",24,11.0
49,Q-Learning,E22,"(47, 42)",17,25.0
49,Q-Learning,E23,"(57, 47)",17,17.0
49,Q-Learning,E24,"(47, 38)",16,17.0
49,Q-Learning,E25,"(54, 95)",14,22.0
49,Q-Learning,E26,"(16, 32)",12,13.0
49,Q-Learning,E27,"(45, 61)",9,26.0
49,Q-Learning,E28,"(20, 17)",5,15.0
49,Q-Learning,E29,"(16, 21)",10,20.0
50,Greedy,E12,"(35, 78)",36,28.0
50,Greedy,E15,"(53, 62)",26,13.0
50,Greedy,E16,"(54, 16)",33,27.0
50,Greedy,E17,"(46, 94)",27,17.0
50,Greedy,E18,"(72, 67)",31,27.0
50,Greedy,E19,"(13, 3)",21,27.0
50,Greedy,E20,"(79, 67)",27,12.0
50,Greedy,E21,"(25, 3)",25,11.0
50,Greedy,E22,"(47, 42)",18,25.0
50,Greedy,E23,"(57, 47)",18,17.0
50,Greedy,E24,"(47, 38)",17,17.0
50,Greedy,E25,"(54, 95)",15,22.0
50,Greedy,E26,"(16, 32)",13,13.0
50,Greedy,E27,"(45, 61)",10,26.0
50,Greedy,E28,"(20, 17)",6,15.0
50,Greedy,E29,"(16, 21)",11,20.0
50,Greedy,E30,"(87, 81)",6,30.0
50,Auction,E8,"(21, 84)",44,22.0
50,Auction,E13,"(77, 26)",31,18.0
50,Auction,E17,"(46, 94)",27,17.0
50,Auction,E18,"(72, 67)",31,27.0
50,Auction,E19,"(13, 3)",21,27.0
50,Auction,E21,"(25, 3)",25,11.0
50,Auction,E22,"(47, 42)",18,25.0
50,Auction,E25,"(54, 95)",15,22.0
50,Auction,E26,"(16, 32)",13,13.0
50,Auction,E27,"(45, 61)",10,26.0
50,Auction,E28,"(20, 17)",6,15.0
50,Auction,E29,"(16, 21)",11,20.0
50,Auction,E30,"(87, 81)",6,30.0
50,Q-Learning,E14,"(62, 76)",32,13.0
50,Q-Learning,E17,"(46, 94)",27,17.0
50,Q-Learning,E18,"(72, 67)",31,27.0
50,Q-Learning,E19,"(13, 3)",21,27.0
50,Q-Learning,E20,"(79, 67)",27,12.0
50,Q-Learning,E21,"(25, 3)",25,11.0
50,Q-Learning,E22,"(47, 42)",18,25.0
50,Q-Learning,E23,"(57, 47)",18,17.0
50,Q-Learning,E24,"(47, 38)",17,17.0
50,Q-Learning,E25,"(54, 95)",15,22.0
50,Q-Learning,E26,"(16, 32)",13,13.0
50,Q-Learning,E27,"(45, 61)",10,26.0
50,Q-Learning,E28,"(20, 17)",6,15.0
50,Q-Learning,E29,"(16, 21)",11,20.0
50,Q-Learning,E30,"(87, 81)",6,30.0
51,Greedy,E12,"(35, 78)",37,28.0
51,Greedy,E15,"(53, 62)",27,13.0
51,Greedy,E16,"(54, 16)",34,27.0
51,Greedy,E17,"(46, 94)",28,17.0
51,Greedy,E18,"(72, 67)",32,27.0
51,Greedy,E19,"(13, 3)",22,27.0
51,Greedy,E20,"(79, 67)",28,12.0
51,Greedy,E21,"(25, 3)",26,11.0
51,Greedy,E22,"(47, 42)",19,25.0
51,Greedy,E23,"(57, 47)",19,17.0
51,Greedy,E24,"(47, 38)",18,17.0
51,Greedy,E25,"(54, 95)",16,22.0
51,Greedy,E26,"(16, 32)",14,13.0
51,Greedy,E27,"(45, 61)",11,26.0
51,Greedy,E28,"(20, 17)",7,15.0
51,Greedy,E29,"(16, 21)",12,20.0
51,Greedy,E30,"(87, 81)",7,30.0
51,Greedy,E31,"(36, 70)",4,20.0
51,Auction,E8,"(21, 84)",45,22.0
51,Auction,E13,"(77, 26)",32,18.0
51,Auction,E17,"(46, 94)",28,17.0
51,Auction,E18,"(72, 67)",32,27.0
51,Auction,E19,"(13, 3)",22,27.0
51,Auction,E21,"(25, 3)",26,11.0
51,Auction,E22,"(47, 42)",19,25.0
51,Auction,E25,"(54, 95)",16,22.0
51,Auction,E26,"(16, 32)",14,13.0
51,Auction,E27,"(45, 61)",11,26.0
51,Auction,E28,"(20, 17)",7,15.0
51,Auction,E29,"(16, 21)",12,20.0
51,Auction,E30,"(87, 81)",7,30.0
51,Auction,E31,"(36, 70)",4,20.0
51,Q-Learning,E14,"(62, 76)",33,13.0
51,Q-Learning,E17,"(46, 94)",28,17.0
51,Q-Learning,E18,"(72, 67)",32,27.0
51,Q-Learning,E19,"(13, 3)",22,27.0
51,Q-Learning,E20,"(79, 67)",28,12.0
51,Q-Learning,E21,"(25, 3)",26,11.0
51,Q-Learning,E22,"(47, 42)",19,25.0
51,Q-Learning,E23,"(57, 47)",19,17.0
51,Q-Learning,E24,"(47, 38)",18,17.0
51,Q-Learning,E25,"(54, 95)",16,22.0
51,Q-Learning,E26,"(16, 32)",14,13.0
51,Q-Learning,E27,"(45, 61)",11,26.0
51,Q-Learning,E28,"(20, 17)",7,15.0
51,Q-Learning,E30,"(87, 81)",7,30.0
51,Q-Learning,E31,"(36, 70)",4,20.0
52,Greedy,E12,"(35, 78)",38,28.0
52,Greedy,E15,"(53, 62)",28,13.0
52,Greedy,E16,"(54, 16)",35,27.0
52,Greedy,E17,"(46, 94)",29,17.0
52,Greedy,E18,"(72, 67)",33,27.0
52,Greedy,E19,"(13, 3)",23,27.0
52,Greedy,E20,"(79, 67)",29,12.0
52,Greedy,E21,"(25, 3)",27,11.0
52,Greedy,E22,"(47, 42)",20,25.0
52,Greedy,E23,"(57, 47)",20,17.0
52,Greedy,E24,"(47, 38)",19,17.0
52,Greedy,E25,"(54, 95)",17,22.0
52,Greedy,E26,"(16, 32)",15,13.0
52,Greedy,E27,"(45, 61)",12,26.0
52,Greedy,E28,"(20, 17)",8,15.0
52,Greedy,E29,"(16, 21)",13,20.0
52,Greedy,E30,"(87, 81)",8,30.0
52,Greedy,E31,"(36, 70)",5,20.0
52,Auction,E8,"(21, 84)",46,22.0
52,Auction,E13,"(77, 26)",33,18.0
52,Auction,E17,"(46, 94)",29,17.0
52,Auction,E19,"(13, 3)",23,27.0
52,Auction,E21,"(25, 3)",27,11.0
52,Auction,E22,"(47, 42)",20,25.0
52,Auction,E25,"(54, 95)",17,22.0
52,Auction,E26,"(16, 32)",15,13.0
52,Auction,E27,"(45, 61)",12,26.0
52,Auction,E28,"(20, 17)",8,15.0
52,Auction,E29,"(16, 21)",13,20.0
52,Auction,E30,"(87, 81)",8,30.0
52,Auction,E31,"(36, 70)",5,20.0
52,Q-Learning,E14,"(62, 76)",34,13.0
52,Q-Learning,E17,"(46, 94)",29,17.0
52,Q-Learning,E18,"(72, 67)",33,27.0
52,Q-Learning,E19,"(13, 3)",23,27.0
52,Q-Learning,E20,"(79, 67)",29,12.0
52,Q-Learning,E21,"(25, 3)",27,11.0
52,Q-Learning,E22,"(47, 42)",20,25.0
52,Q-Learning,E23,"(57, 47)",20,17.0
52,Q-Learning,E24,"(47, 38)",19,17.0
52,Q-Learning,E25,"(54, 95)",17,22.0
52,Q-Learning,E26,"(16, 32)",15,13.0
52,Q-Learning,E27,"(45, 61)",12,26.0
52,Q-Learning,E28,"(20, 17)",8,15.0
52,Q-Learning,E30,"(87, 81)",8,30.0
52,Q-Learning,E31,"(36, 70)",5,20.0
53,Greedy,E12,"(35, 78)",39,28.0
53,Greedy,E15,"(53, 62)",29,13.0
53,Greedy,E16,"(54, 16)",36,27.0
53,Greedy,E18,"(72, 67)",34,27.0
53,Greedy,E19,"(13, 3)",24,27.0
53,Greedy,E20,"(79, 67)",30,12.0
53,Greedy,E21,"(25, 3)",28,11.0
53,Greedy,E22,"(47, 42)",21,25.0
53,Greedy,E23,"(57, 47)",21,17.0
53,Greedy,E24,"(47, 38)",20,17.0
53,Greedy,E25,"(54, 95)",18,22.0
53,Greedy,E26,"(16, 32)",16,13.0
53,Greedy,E27,"(45, 61)",13,26.0
53,Greedy,E28,"(20, 17)",9,15.0
53,Greedy,E29,"(16, 21)",14,20.0
53,Greedy,E30,"(87, 81)",9,30.0
53,Greedy,E31,"(36, 70)",6,20.0
53,Auction,E8,"(21, 84)",47,22.0
53,Auction,E13,"(77, 26)",34,18.0
53,Auction,E17,"(46, 94)",30,17.0
53,Auction,E19,"(13, 3)",24,27.0
53,Auction,E21,"(25, 3)",28,11.0
53,Auction,E22,"(47, 42)",21,25.0
53,Auction,E25,"(54, 95)",18,22.0
53,Auction,E26,"(16, 32)",16,13.0
53,Auction,E27,"(45, 61)",13,26.0
53,Auction,E28,"(20, 17)",9,15.0
53,Auction,E29,"(16, 21)",14,20.0
53,Auction,E30,"(87, 81)",9,30.0
53,Auction,E31,"(36, 70)",6,20.0
53,Q-Learning,E14,"(62, 76)",35,13.0
53,Q-Learning,E17,"(46, 94)",30,17.0
53,Q-Learning,E18,"(72, 67)",34,27.0
53,Q-Learning,E19,"(13, 3)",24,27.0
53,Q-Learning,E20,"(79, 67)",30,12.0
53,Q-Learning,E21,"(25, 3)",28,11.0
53,Q-Learning,E22,"(47, 42)",21,25.0
53,Q-Learning,E23,"(57, 47)",21,17.0
53,Q-Learning,E25,"(54, 95)",18,22.0
53,Q-Learning,E26,"(16, 32)",16,13.0
53,Q-Learning,E27,"(45, 61)",13,26.0
53,Q-Learning,E28,"(20, 17)",9,15.0
53,Q-Learning,E30,"(87, 81)",9,30.0
53,Q-Learning,E31,"(36, 70)",6,20.0
54,Greedy,E12,"(35, 78)",40,28.0
54,Greedy,E15,"(53, 62)",30,13.0
54,Greedy,E16,"(54, 16)",37,27.0
54,Greedy,E18,"(72, 67)",35,27.0
54,Greedy,E19,"(13, 3)",25,27.0
54,Greedy,E21,"(25, 3)",29,11.0
54,Greedy,E22,"(47, 42)",22,25.0
54,Greedy,E23,"(57, 47)",22,17.0
54,Greedy,E24,"(47, 38)",21,17.0
54,Greedy,E25,"(54, 95)",19,22.0
54,Greedy,E26,"(16, 32)",17,13.0
54,Greedy,E27,"(45, 61)",14,26.0
54,Greedy,E28,"(20, 17)",10,15.0
54,Greedy,E29,"(16, 21)",15,20.0
54,Greedy,E30,"(87, 81)",10,30.0
54,Greedy,E31,"(36, 70)",7,20.0
54,Greedy,E32,"(63, 8)",10,11.0
54,Auction,E8,"(21, 84)",48,22.0
54,Auction,E13,"(77, 26)",35,18.0
54,Auction,E17,"(46, 94)",31,17.0
54,Auction,E19,"(13, 3)",25,27.0
54,Auction,E21,"(25, 3)",29,11.0
54,Auction,E22,"(47, 42)",22,25.0
54,Auction,E25,"(54, 95)",19,22.0
54,Auction,E26,"(16, 32)",17,13.0
54,Auction,E27,"(45, 61)",14,26.0
54,Auction,E28,"(20, 17)",10,15.0
54,Auction,E29,"(16, 21)",15,20.0
54,Auction,E30,"(87, 81)",10,30.0
54,Auction,E31,"(36, 70)",7,20.0
54,Auction,E32,"(63, 8)",10,11.0
54,Q-Learning,E14,"(62, 76)",36,13.0
54,Q-Learning,E17,"(46, 94)",31,17.0
54,Q-Learning,E18,"(72, 67)",35,27.0
54,Q-Learning,E19,"(13, 3)",25,27.0
54,Q-Learning,E20,"(79, 67)",31,12.0
54,Q-Learning,E21,"(25, 3)",29,11.0
54,Q-Learning,E22,"(47, 42)",22,25.0
54,Q-Learning,E23,"(57, 47)",22,17.0
54,Q-Learning,E25,"(54, 95)",19,22.0
54,Q-Learning,E26,"(16, 32)",17,13.0
54,Q-Learning,E27,"(45, 61)",14,26.0
54,Q-Learning,E28,"(20, 17)",10,15.0
54,Q-Learning,E30,"(87, 81)",10,30.0
54,Q-Learning,E31,"(36, 70)",7,20.0
54,Q-Learning,E32,"(63, 8)",10,11.0
55,Greedy,E12,"(35, 78)",41,28.0
55,Greedy,E15,"(53, 62)",31,13.0
55,Greedy,E16,"(54, 16)",38,27.0
55,Greedy,E18,"(72, 67)",36,27.0
55,Greedy,E19,"(13, 3)",26,27.0
55,Greedy,E21,"(25, 3)",30,11.0
55,Greedy,E22,"(47, 42)",23,25.0
55,Greedy,E23,"(57, 47)",23,17.0
55,Greedy,E24,"(47, 38)",22,17.0
55,Greedy,E25,"(54, 95)",20,22.0
55,Greedy,E26,"(16, 32)",18,13.0
55,Greedy,E27,"(45, 61)",15,26.0
55,Greedy,E28,"(20, 17)",11,15.0
55,Greedy,E29,"(16, 21)",16,20.0
55,Greedy,E30,"(87, 81)",11,30.0
55,Greedy,E31,"(36, 70)",8,20.0
55,Greedy,E32,"(63, 8)",11,11.0
55,Greedy,E33,"(13, 49)",5,16.0
55,Auction,E8,"(21, 84)",49,22.0
55,Auction,E13,"(77, 26)",36,18.0
55,Auction,E17,"(46, 94)",32,17.0
55,Auction,E19,"(13, 3)",26,27.0
55,Auction,E21,"(25, 3)",30,11.0
55,Auction,E22,"(47, 42)",23,25.0
55,Auction,E25,"(54, 95)",20,22.0
55,Auction,E26,"(16, 32)",18,13.0
55,Auction,E27,"(45, 61)",15,26.0
55,Auction,E28,"(20, 17)",11,15.0
55,Auction,E29,"(16, 21)",16,20.0
55,Auction,E30,"(87, 81)",11,30.0
55,Auction,E31,"(36, 70)",8,20.0
55,Auction,E32,"(63, 8)",11,11.0
55,Auction,E33,"(13, 49)",5,16.0
55,Q-Learning,E14,"(62, 76)",37,13.0
55,Q-Learning,E17,"(46, 94)",32,17.0
55,Q-Learning,E18,"(72, 67)",36,27.0
55,Q-Learning,E19,"(13, 3)",26,27.0
55,Q-Learning,E20,"(79, 67)",32,12.0
55,Q-Learning,E21,"(25, 3)",30,11.0
55,Q-Learning,E22,"(47, 42)",23,25.0
55,Q-Learning,E23,"(57, 47)",23,17.0
55,Q-Learning,E25,"(54, 95)",20,22.0
55,Q-Learning,E26,"(16, 32)",18,13.0
55,Q-Learning,E27,"(45, 61)",15,26.0
55,Q-Learning,E28,"(20, 17)",11,15.0
55,Q-Learning,E30,"(87, 81)",11,30.0
55,Q-Learning,E31,"(36, 70)",8,20.0
55,Q-Learning,E32,"(63, 8)",11,11.0
55,Q-Learning,E33,"(13, 49)",5,16.0
56,Greedy,E12,"(35, 78)",42,28.0
56,Greedy,E15,"(53, 62)",32,13.0
56,Greedy,E16,"(54, 16)",39,27.0
56,Greedy,E18,"(72, 67)",37,27.0
56,Greedy,E19,"(13, 3)",27,27.0
56,Greedy,E21,"(25, 3)",31,11.0
56,Greedy,E22,"(47, 42)",24,25.0
56,Greedy,E23,"(57, 47)",24,17.0
56,Greedy,E24,"(47, 38)",23,17.0
56,Greedy,E25,"(54, 95)",21,22.0
56,Greedy,E26,"(16, 32)",19,13.0
56,Greedy,E27,"(45, 61)",16,26.0
56,Greedy,E28,"(20, 17)",12,15.0
56,Greedy,E29,"(16, 21)",17,20.0
56,Greedy,E30,"(87, 81)",12,30.0
56,Greedy,E31,"(36, 70)",9,20.0
56,Greedy,E32,"(63, 8)",12,11.0
56,Greedy,E33,"(13, 49)",6,16.0
56,Auction,E8,"(21, 84)",50,22.0
56,Auction,E13,"(77, 26)",37,18.0
56,Auction,E17,"(46, 94)",33,17.0
56,Auction,E19,"(13, 3)",27,27.0
56,Auction,E21,"(25, 3)",31,11.0
56,Auction,E22,"(47, 42)",24,25.0
56,Auction,E25,"(54, 95)",21,22.0
56,Auction,E26,"(16, 32)",19,13.0
56,Auction,E27,"(45, 61)",16,26.0
56,Auction,E28,"(20, 17)",12,15.0
56,Auction,E29,"(16, 21)",17,20.0
56,Auction,E30,"(87, 81)",12,30.0
56,Auction,E31,"(36, 70)",9,20.0
56,Auction,E32,"(63, 8)",12,11.0
56,Auction,E33,"(13, 49)",6,16.0
56,Q-Learning,E14,"(62, 76)",38,13.0
56,Q-Learning,E17,"(46, 94)",33,17.0
56,Q-Learning,E18,"(72, 67)",37,27.0
56,Q-Learning,E19,"(13, 3)",27,27.0
56,Q-Learning,E20,"(79, 67)",33,12.0
56,Q-Learning,E21,"(25, 3)",31,11.0
56,Q-Learning,E22,"(47, 42)",24,25.0
56,Q-Learning,E23,"(57, 47)",24,17.0
56,Q-Learning,E25,"(54, 95)",21,22.0
56,Q-Learning,E26,"(16, 32)",19,13.0
56,Q-Learning,E27,"(45, 61)",16,26.0
56,Q-Learning,E28,"(20, 17)",12,15.0
56,Q-Learning,E30,"(87, 81)",12,30.0
56,Q-Learning,E31,"(36, 70)",9,20.0
56,Q-Learning,E32,"(63, 8)",12,11.0
56,Q-Learning,E33,"(13, 49)",6,16.0
57,Greedy,E12,"(35, 78)",43,28.0
57,Greedy,E15,"(53, 62)",33,13.0
57,Greedy,E16,"(54, 16)",40,27.0
57,Greedy,E18,"(72, 67)",38,27.0
57,Greedy,E19,"(13, 3)",28,27.0
57,Greedy,E21,"(25, 3)",32,11.0
57,Greedy,E22,"(47, 42)",25,25.0
57,Greedy,E23,"(57, 47)",25,17.0
57,Greedy,E24,"(47, 38)",24,17.0
57,Greedy,E25,"(54, 95)",22,22.0
57,Greedy,E26,"(16, 32)",20,13.0
57,Greedy,E27,"(45, 61)",17,26.0
57,Greedy,E28,"(20, 17)",13,15.0
57,Greedy,E29,"(16, 21)",18,20.0
57,Greedy,E30,"(87, 81)",13,30.0
57,Greedy,E31,"(36, 70)",10,20.0
57,Greedy,E32,"(63, 8)",13,11.0
57,Greedy,E33,"(13, 49)",7,16.0
57,Auction,E8,"(21, 84)",51,22.0
57,Auction,E13,"(77, 26)",38,18.0
57,Auction,E17,"(46, 94)",34,17.0
57,Auction,E19,"(13, 3)",28,27.0
57,Auction,E21,"(25, 3)",32,11.0
57,Auction,E22,"(47, 42)",25,25.0
57,Auction,E25,"(54, 95)",22,22.0
57,Auction,E26,"(16, 32)",20,13.0
57,Auction,E27,"(45, 61)",17,26.0
57,Auction,E28,"(20, 17)",13,15.0
57,Auction,E29,"(16, 21)",18,20.0
57,Auction,E30,"(87, 81)",13,30.0
57,Auction,E31,"(36, 70)",10,20.0
57,Auction,E32,"(63, 8)",13,11.0
57,Auction,E33,"(13, 49)",7,16.0
57,Q-Learning,E14,"(62, 76)",39,13.0
57,Q-Learning,E17,"(46, 94)",34,17.0
57,Q-Learning,E18,"(72, 67)",38,27.0
57,Q-Learning,E19,"(13, 3)",28,27.0
57,Q-Learning,E20,"(79, 67)",34,12.0
57,Q-Learning,E21,"(25, 3)",32,11.0
57,Q-Learning,E22,"(47, 42)",25,25.0
57,Q-Learning,E23,"(57, 47)",25,17.0
57,Q-Learning,E25,"(54, 95)",22,22.0
57,Q-Learning,E26,"(16, 32)",20,13.0
57,Q-Learning,E27,"(45, 61)",17,26.0
57,Q-Learning,E28,"(20, 17)",13,15.0
57,Q-Learning,E30,"(87, 81)",13,30.0
57,Q-Learning,E31,"(36, 70)",10,20.0
57,Q-Learning,E32,"(63, 8)",13,11.0
57,Q-Learning,E33,"(13, 49)",7,16.0
58,Greedy,E12,"(35, 78)",44,28.0
58,Greedy,E15,"(53, 62)",34,13.0
58,Greedy,E16,"(54, 16)",41,27.0
58,Greedy,E18,"(72, 67)",39,27.0
58,Greedy,E19,"(13, 3)",29,27.0
58,Greedy,E21,"(25, 3)",33,11.0
58,Greedy,E22,"(47, 42)",26,25.0
58,Greedy,E23,"(57, 47)",26,17.0
58,Greedy,E24,"(47, 38)",25,17.0
58,Greedy,E25,"(54, 95)",23,22.0
58,Greedy,E26,"(16, 32)",21,13.0
58,Greedy,E27,"(45, 61)",18,26.0
58,Greedy,E28,"(20, 17)",14,15.0
58,Greedy,E29,"(16, 21)",19,20.0
58,Greedy,E30,"(87, 81)",14,30.0
58,Greedy,E31,"(36, 70)",11,20.0
58,Greedy,E32,"(63, 8)",14,11.0
58,Greedy,E33,"(13, 49)",8,16.0
58,Greedy,E34,"(40, 91)",1,28.0
58,Auction,E8,"(21, 84)",52,22.0
58,Auction,E13,"(77, 26)",39,18.0
58,Auction,E17,"(46, 94)",35,17.0
58,Auction,E19,"(13, 3)",29,27.0
58,Auction,E21,"(25, 3)",33,11.0
58,Auction,E22,"(47, 42)",26,25.0
58,Auction,E25,"(54, 95)",23,22.0
58,Auction,E26,"(16, 32)",21,13.0
58,Auction,E27,"(45, 61)",18,26.0
58,Auction,E28,"(20, 17)",14,15.0
58,Auction,E29,"(16, 21)",19,20.0
58,Auction,E30,"(87, 81)",14,30.0
58,Auction,E31,"(36, 70)",11,20.0
58,Auction,E32,"(63, 8)",14,11.0
58,Auction,E33,"(13, 49)",8,16.0
58,Auction,E34,"(40, 91)",1,28.0
58,Q-Learning,E14,"(62, 76)",40,13.0
58,Q-Learning,E17,"(46, 94)",35,17.0
58,Q-Learning,E18,"(72, 67)",39,27.0
58,Q-Learning,E19,"(13, 3)",29,27.0
58,Q-Learning,E20,"(79, 67)",35,12.0
58,Q-Learning,E21,"(25, 3)",33,11.0
58,Q-Learning,E22,"(47, 42)",26,25.0
58,Q-Learning,E23,"(57, 47)",26,17.0
58,Q-Learning,E25,"(54, 95)",23,22.0
58,Q-Learning,E26,"(16, 32)",21,13.0
58,Q-Learning,E27,"(45, 61)",18,26.0
58,Q-Learning,E28,"(20, 17)",14,15.0
58,Q-Learning,E30,"(87, 81)",14,30.0
58,Q-Learning,E31,"(36, 70)",11,20.0
58,Q-Learning,E32,"(63, 8)",14,11.0
58,Q-Learning,E33,"(13, 49)",8,16.0
58,Q-Learning,E34,"(40, 91)",1,28.0
59,Greedy,E15,"(53, 62)",35,13.0
59,Greedy,E16,"(54, 16)",42,27.0
59,Greedy,E18,"(72, 67)",40,27.0
59,Greedy,E19,"(13, 3)",30,27.0
59,Greedy,E21,"(25, 3)",34,11.0
59,Greedy,E22,"(47, 42)",27,25.0
59,Greedy,E23,"(57, 47)",27,17.0
59,Greedy,E24,"(47, 38)",26,17.0
59,Greedy,E25,"(54, 95)",24,22.0
59,Greedy,E26,"(16, 32)",22,13.0
59,Greedy,E27,"(45, 61)",19,26.0
59,Greedy,E28,"(20, 17)",15,15.0
59,Greedy,E29,"(16, 21)",20,20.0
59,Greedy,E30,"(87, 81)",15,30.0
59,Greedy,E31,"(36, 70)",12,20.0
59,Greedy,E32,"(63, 8)",15,11.0
59,Greedy,E33,"(13, 49)",9,16.0
59,Greedy,E34,"(40, 91)",2,28.0
59,Auction,E8,"(21, 84)",53,22.0
59,Auction,E13,"(77, 26)",40,18.0
59,Auction,E17,"(46, 94)",36,17.0
59,Auction,E19,"(13, 3)",30,27.0
59,Auction,E21,"(25, 3)",34,11.0
59,Auction,E22,"(47, 42)",27,25.0
59,Auction,E25,"(54, 95)",24,22.0
59,Auction,E26,"(16, 32)",22,13.0
59,Auction,E27,"(45, 61)",19,26.0
59,Auction,E28,"(20, 17)",15,15.0
59,Auction,E29,"(16, 21)",20,20.0
59,Auction,E30,"(87, 81)",15,30.0
59,Auction,E31,"(36, 70)",12,20.0
59,Auction,E32,"(63, 8)",15,11.0
59,Auction,E33,"(13, 49)",9,16.0
59,Auction,E34,"(40, 91)",2,28.0
59,Auction,E35,"(17, 64)",4,15.0
59,Q-Learning,E17,"(46, 94)",36,17.0
59,Q-Learning,E18,"(72, 67)",40,27.0
59,Q-Learning,E19,"(13, 3)",30,27.0
59,Q-Learning,E20,"(79, 67)",36,12.0
59,Q-Learning,E21,"(25, 3)",34,11.0
59,Q-Learning,E22,"(47, 42)",27,25.0
59,Q-Learning,E23,"(57, 47)",27,17.0
59,Q-Learning,E25,"(54, 95)",24,22.0
59,Q-Learning,E26,"(16, 32)",22,13.0
59,Q-Learning,E27,"(45, 61)",19,26.0
59,Q-Learning,E28,"(20, 17)",15,15.0
59,Q-Learning,E30,"(87, 81)",15,30.0
59,Q-Learning,E31,"(36, 70)",12,20.0
59,Q-Learning,E32,"(63, 8)",15,11.0
59,Q-Learning,E33,"(13, 49)",9,16.0
59,Q-Learning,E34,"(40, 91)",2,28.0
59,Q-Learning,E35,"(17, 64)",4,15.0
60,Greedy,E15,"(53, 62)",36,13.0
60,Greedy,E16,"(54, 16)",43,27.0
60,Greedy,E18,"(72, 67)",41,27.0
60,Greedy,E19,"(13, 3)",31,27.0
60,Greedy,E21,"(25, 3)",35,11.0
60,Greedy,E22,"(47, 42)",28,25.0
60,Greedy,E23,"(57, 47)",28,17.0
60,Greedy,E24,"(47, 38)",27,17.0
60,Greedy,E25,"(54, 95)",25,22.0
60,Greedy,E26,"(16, 32)",23,13.0
60,Greedy,E27,"(45, 61)",20,26.0
60,Greedy,E28,"(20, 17)",16,15.0
60,Greedy,E29,"(16, 21)",21,20.0
60,Greedy,E30,"(87, 81)",16,30.0
60,Greedy,E31,"(36, 70)",13,20.0
60,Greedy,E32,"(63, 8)",16,11.0
60,Greedy,E33,"(13, 49)",10,16.0
60,Greedy,E34,"(40, 91)",3,28.0
60,Greedy,E36,"(22, 90)",5,26.0
60,Auction,E8,"(21, 84)",54,22.0
60,Auction,E13,"(77, 26)",41,18.0
60,Auction,E17,"(46, 94)",37,17.0
60,Auction,E19,"(13, 3)",31,27.0
60,Auction,E21,"(25, 3)",35,11.0
60,Auction,E22,"(47, 42)",28,25.0
60,Auction,E25,"(54, 95)",25,22.0
60,Auction,E26,"(16, 32)",23,13.0
60,Auction,E27,"(45, 61)",20,26.0
60,Auction,E28,"(20, 17)",16,15.0
60,Auction,E29,"(16, 21)",21,20.0
60,Auction,E30,"(87, 81)",16,30.0
60,Auction,E31,"(36, 70)",13,20.0
60,Auction,E32,"(63, 8)",16,11.0
60,Auction,E33,"(13, 49)",10,16.0
60,Auction,E34,"(40, 91)",3,28.0
60,Auction,E35,"(17, 64)",5,15.0
60,Auction,E36,"(22, 90)",5,26.0
60,Q-Learning,E17,"(46, 94)",37,17.0
60,Q-Learning,E18,"(72, 67)",41,27.0
60,Q-Learning,E19,"(13, 3)",31,27.0
60,Q-Learning,E20,"(79, 67)",37,12.0
60,Q-Learning,E21,"(25, 3)",35,11.0
60,Q-Learning,E22,"(47, 42)",28,25.0
60,Q-Learning,E23,"(57, 47)",28,17.0
60,Q-Learning,E25,"(54, 95)",25,22.0
60,Q-Learning,E26,"(16, 32)",23,13.0
60,Q-Learning,E27,"(45, 61)",20,26.0
60,Q-Learning,E28,"(20, 17)",16,15.0
60,Q-Learning,E30,"(87, 81)",16,30.0
60,Q-Learning,E31,"(36, 70)",13,20.0
60,Q-Learning,E32,"(63, 8)",16,11.0
60,Q-Learning,E33,"(13, 49)",10,16.0
60,Q-Learning,E34,"(40, 91)",3,28.0
60,Q-Learning,E35,"(17, 64)",5,15.0
60,Q-Learning,E36,"(22, 90)",5,26.0
61,Greedy,E15,"(53, 62)",37,13.0
61,Greedy,E16,"(54, 16)",44,27.0
61,Greedy,E18,"(72, 67)",42,27.0
61,Greedy,E19,"(13, 3)",32,27.0
61,Greedy,E21,"(25, 3)",36,11.0
61,Greedy,E22,"(47, 42)",29,25.0
61,Greedy,E23,"(57, 47)",29,17.0
61,Greedy,E24,"(47, 38)",28,17.0
61,Greedy,E25,"(54, 95)",26,22.0
61,Greedy,E26,"(16, 32)",24,13.0
61,Greedy,E27,"(45, 61)",21,26.0
61,Greedy,E28,"(20, 17)",17,15.0
61,Greedy,E29,"(16, 21)",22,20.0
61,Greedy,E30,"(87, 81)",17,30.0
61,Greedy,E31,"(36, 70)",14,20.0
61,Greedy,E32,"(63, 8)",17,11.0
61,Greedy,E33,"(13, 49)",11,16.0
61,Greedy,E34,"(40, 91)",4,28.0
61,Greedy,E36,"(22, 90)",6,26.0
61,Greedy,E37,"(88, 29)",1,19.0
61,Auction,E8,"(21, 84)",55,22.0
61,Auction,E13,"(77, 26)",42,18.0
61,Auction,E17,"(46, 94)",38,17.0
61,Auction,E19,"(13, 3)",32,27.0
61,Auction,E21,"(25, 3)",36,11.0
61,Auction,E22,"(47, 42)",29,25.0
61,Auction,E25,"(54, 95)",26,22.0
61,Auction,E26,"(16, 32)",24,13.0
61,Auction,E27,"(45, 61)",21,26.0
61,Auction,E28,"(20, 17)",17,15.0
61,Auction,E29,"(16, 21)",22,20.0
61,Auction,E30,"(87, 81)",17,30.0
61,Auction,E31,"(36, 70)",14,20.0
61,Auction,E32,"(63, 8)",17,11.0
61,Auction,E33,"(13, 49)",11,16.0
61,Auction,E34,"(40, 91)",4,28.0
61,Auction,E35,"(17, 64)",6,15.0
61,Auction,E36,"(22, 90)",6,26.0
61,Auction,E37,"(88, 29)",1,19.0
61,Q-Learning,E17,"(46, 94)",38,17.0
61,Q-Learning,E18,"(72, 67)",42,27.0
61,Q-Learning,E19,"(13, 3)",32,27.0
61,Q-Learning,E20,"(79, 67)",38,12.0
61,Q-Learning,E21,"(25, 3)",36,11.0
61,Q-Learning,E22,"(47, 42)",29,25.0
61,Q-Learning,E23,"(57, 47)",29,17.0
61,Q-Learning,E25,"(54, 95)",26,22.0
61,Q-Learning,E26,"(16, 32)",24,13.0
61,Q-Learning,E27,"(45, 61)",21,26.0
61,Q-Learning,E28,"(20, 17)",17,15.0
61,Q-Learning,E30,"(87, 81)",17,30.0
61,Q-Learning,E31,"(36, 70)",14,20.0
61,Q-Learning,E32,"(63, 8)",17,11.0
61,Q-Learning,E33,"(13, 49)",11,16.0
61,Q-Learning,E34,"(40, 91)",4,28.0
61,Q-Learning,E35,"(17, 64)",6,15.0
61,Q-Learning,E36,"(22, 90)",6,26.0
61,Q-Learning,E37,"(88, 29)",1,19.0
62,Greedy,E15,"(53, 62)",38,13.0
62,Greedy,E16,"(54, 16)",45,27.0
62,Greedy,E18,"(72, 67)",43,27.0
62,Greedy,E19,"(13, 3)",33,27.0
62,Greedy,E21,"(25, 3)",37,11.0
62,Greedy,E22,"(47, 42)",30,25.0
62,Greedy,E23,"(57, 47)",30,17.0
62,Greedy,E24,"(47, 38)",29,17.0
62,Greedy,E25,"(54, 95)",27,22.0
62,Greedy,E26,"(16, 32)",25,13.0
62,Greedy,E27,"(45, 61)",22,26.0
62,Greedy,E28,"(20, 17)",18,15.0
62,Greedy,E29,"(16, 21)",23,20.0
62,Greedy,E30,"(87, 81)",18,30.0
62,Greedy,E31,"(36, 70)",15,20.0
62,Greedy,E32,"(63, 8)",18,11.0
62,Greedy,E33,"(13, 49)",12,16.0
62,Greedy,E34,"(40, 91)",5,28.0
62,Greedy,E36,"(22, 90)",7,26.0
62,Greedy,E37,"(88, 29)",2,19.0
62,Greedy,E38,"(61, 66)",4,24.0
62,Auction,E8,"(21, 84)",56,22.0
62,Auction,E13,"(77, 26)",43,18.0
62,Auction,E17,"(46, 94)",39,17.0
62,Auction,E19,"(13, 3)",33,27.0
62,Auction,E21,"(25, 3)",37,11.0
62,Auction,E22,"(47, 42)",30,25.0
62,Auction,E25,"(54, 95)",27,22.0
62,Auction,E26,"(16, 32)",25,13.0
62,Auction,E27,"(45, 61)",22,26.0
62,Auction,E28,"(20, 17)",18,15.0
62,Auction,E29,"(16, 21)",23,20.0
62,Auction,E30,"(87, 81)",18,30.0
62,Auction,E31,"(36, 70)",15,20.0
62,Auction,E32,"(63, 8)",18,11.0
62,Auction,E33,"(13, 49)",12,16.0
62,Auction,E34,"(40, 91)",5,28.0
62,Auction,E35,"(17, 64)",7,15.0
62,Auction,E36,"(22, 90)",7,26.0
62,Auction,E37,"(88, 29)",2,19.0
62,Auction,E38,"(61, 66)",4,24.0
62,Q-Learning,E17,"(46, 94)",39,17.0
62,Q-Learning,E18,"(72, 67)",43,27.0
62,Q-Learning,E19,"(13, 3)",33,27.0
62,Q-Learning,E20,"(79, 67)",39,12.0
62,Q-Learning,E21,"(25, 3)",37,11.0
62,Q-Learning,E22,"(47, 42)",30,25.0
62,Q-Learning,E23,"(57, 47)",30,17.0
62,Q-Learning,E25,"(54, 95)",27,22.0
62,Q-Learning,E26,"(16, 32)",25,13.0
62,Q-Learning,E27,"(45, 61)",22,26.0
62,Q-Learning,E28,"(20, 17)",18,15.0
62,Q-Learning,E30,"(87, 81)",18,30.0
62,Q-Learning,E31,"(36, 70)",15,20.0
62,Q-Learning,E32,"(63, 8)",18,11.0
62,Q-Learning,E33,"(13, 49)",12,16.0
62,Q-Learning,E34,"(40, 91)",5,28.0
62,Q-Learning,E35,"(17, 64)",7,15.0
62,Q-Learning,E36,"(22, 90)",7,26.0
62,Q-Learning,E37,"(88, 29)",2,19.0
62,Q-Learning,E38,"(61, 66)",4,24.0
63,Greedy,E15,"(53, 62)",39,13.0
63,Greedy,E16,"(54, 16)",46,27.0
63,Greedy,E18,"(72, 67)",44,27.0
63,Greedy,E19,"(13, 3)",34,27.0
63,Greedy,E21,"(25, 3)",38,11.0
63,Greedy,E22,"(47, 42)",31,25.0
63,Greedy,E23,"(57, 47)",31,17.0
63,Greedy,E24,"(47, 38)",30,17.0
63,Greedy,E25,"(54, 95)",28,22.0
63,Greedy,E26,"(16, 32)",26,13.0
63,Greedy,E27,"(45, 61)",23,26.0
63,Greedy,E28,"(20, 17)",19,15.0
63,Greedy,E29,"(16, 21)",24,20.0
63,Greedy,E30,"(87, 81)",19,30.0
63,Greedy,E31,"(36, 70)",16,20.0
63,Greedy,E32,"(63, 8)",19,11.0
63,Greedy,E33,"(13, 49)",13,16.0
63,Greedy,E34,"(40, 91)",6,28.0
63,Greedy,E36,"(22, 90)",8,26.0
63,Greedy,E37,"(88, 29)",3,19.0
63,Greedy,E38,"(61, 66)",5,24.0
63,Auction,E8,"(21, 84)",57,22.0
63,Auction,E13,"(77, 26)",44,18.0
63,Auction,E17,"(46, 94)",40,17.0
63,Auction,E19,"(13, 3)",34,27.0
63,Auction,E21,"(25, 3)",38,11.0
63,Auction,E22,"(47, 42)",31,25.0
63,Auction,E25,"(54, 95)",28,22.0
63,Auction,E26,"(16, 32)",26,13.0
63,Auction,E27,"(45, 61)",23,26.0
63,Auction,E28,"(20, 17)",19,15.0
63,Auction,E29,"(16, 21)",24,20.0
63,Auction,E30,"(87, 81)",19,30.0
63,Auction,E31,"(36, 70)",16,20.0
63,Auction,E32,"(63, 8)",19,11.0
63,Auction,E33,"(13, 49)",13,16.0
63,Auction,E34,"(40, 91)",6,28.0
63,Auction,E35,"(17, 64)",8,15.0
63,Auction,E36,"(22, 90)",8,26.0
63,Auction,E37,"(88, 29)",3,19.0
63,Auction,E38,"(61, 66)",5,24.0
63,Q-Learning,E17,"(46, 94)",40,17.0
63,Q-Learning,E18,"(72, 67)",44,27.0
63,Q-Learning,E19,"(13, 3)",34,27.0
63,Q-Learning,E20,"(79, 67)",40,12.0
63,Q-Learning,E21,"(25, 3)",38,11.0
63,Q-Learning,E22,"(47, 42)",31,25.0
63,Q-Learning,E23,"(57, 47)",31,17.0
63,Q-Learning,E25,"(54, 95)",28,22.0
63,Q-Learning,E26,"(16, 32)",26,13.0
63,Q-Learning,E27,"(45, 61)",23,26.0
63,Q-Learning,E28,"(20, 17)",19,15.0
63,Q-Learning,E30,"(87, 81)",19,30.0
63,Q-Learning,E31,"(36, 70)",16,20.0
63,Q-Learning,E32,"(63, 8)",19,11.0
63,Q-Learning,E33,"(13, 49)",13,16.0
63,Q-Learning,E34,"(40, 91)",6,28.0
63,Q-Learning,E35,"(17, 64)",8,15.0
63,Q-Learning,E36,"(22, 90)",8,26.0
63,Q-Learning,E37,"(88, 29)",3,19.0
63,Q-Learning,E38,"(61, 66)",5,24.0
64,Greedy,E15,"(53, 62)",40,13.0
64,Greedy,E16,"(54, 16)",47,27.0
64,Greedy,E18,"(72, 67)",45,27.0
64,Greedy,E19,"(13, 3)",35,27.0
64,Greedy,E21,"(25, 3)",39,11.0
64,Greedy,E22,"(47, 42)",32,25.0
64,Greedy,E23,"(57, 47)",32,17.0
64,Greedy,E24,"(47, 38)",31,17.0
64,Greedy,E25,"(54, 95)",29,22.0
64,Greedy,E26,"(16, 32)",27,13.0
64,Greedy,E27,"(45, 61)",24,26.0
64,Greedy,E28,"(20, 17)",20,15.0
64,Greedy,E29,"(16, 21)",25,20.0
64,Greedy,E30,"(87, 81)",20,30.0
64,Greedy,E31,"(36, 70)",17,20.0
64,Greedy,E32,"(63, 8)",20,11.0
64,Greedy,E33,"(13, 49)",14,16.0
64,Greedy,E34,"(40, 91)",7,28.0
64,Greedy,E36,"(22, 90)",9,26.0
64,Greedy,E37,"(88, 29)",4,19.0
64,Greedy,E38,"(61, 66)",6,24.0
64,Greedy,E39,"(20, 13)",3,18.0
64,Auction,E13,"(77, 26)",45,18.0
64,Auction,E17,"(46, 94)",41,17.0
64,Auction,E19,"(13, 3)",35,27.0
64,Auction,E21,"(25, 3)",39,11.0
64,Auction,E22,"(47, 42)",32,25.0
64,Auction,E25,"(54, 95)",29,22.0
64,Auction,E26,"(16, 32)",27,13.0
64,Auction,E27,"(45, 61)",24,26.0
64,Auction,E28,"(20, 17)",20,15.0
64,Auction,E29,"(16, 21)",25,20.0
64,Auction,E30,"(87, 81)",20,30.0
64,Auction,E31,"(36, 70)",17,20.0
64,Auction,E32,"(63, 8)",20,11.0
64,Auction,E33,"(13, 49)",14,16.0
64,Auction,E34,"(40, 91)",7,28.0
64,Auction,E35,"(17, 64)",9,15.0
64,Auction,E36,"(22, 90)",9,26.0
64,Auction,E37,"(88, 29)",4,19.0
64,Auction,E38,"(61, 66)",6,24.0
64,Auction,E39,"(20, 13)",3,18.0
64,Q-Learning,E17,"(46, 94)",41,17.0
64,Q-Learning,E18,"(72, 67)",45,27.0
64,Q-Learning,E19,"(13, 3)",35,27.0
64,Q-Learning,E20,"(79, 67)",41,12.0
64,Q-Learning,E21,"(25, 3)",39,11.0
64,Q-Learning,E22,"(47, 42)",32,25.0
64,Q-Learning,E23,"(57, 47)",32,17.0
64,Q-Learning,E25,"(54, 95)",29,22.0
64,Q-Learning,E26,"(16, 32)",27,13.0
64,Q-Learning,E27,"(45, 61)",24,26.0
64,Q-Learning,E28,"(20, 17)",20,15.0
64,Q-Learning,E30,"(87, 81)",20,30.0
64,Q-Learning,E31,"(36, 70)",17,20.0
64,Q-Learning,E32,"(63, 8)",20,11.0
64,Q-Learning,E33,"(13, 49)",14,16.0
64,Q-Learning,E34,"(40, 91)",7,28.0
64,Q-Learning,E35,"(17, 64)",9,15.0
64,Q-Learning,E36,"(22, 90)",9,26.0
64,Q-Learning,E37,"(88, 29)",4,19.0
64,Q-Learning,E38,"(61, 66)",6,24.0
64,Q-Learning,E39,"(20, 13)",3,18.0
65,Greedy,E15,"(53, 62)",41,13.0
65,Greedy,E16,"(54, 16)",48,27.0
65,Greedy,E19,"(13, 3)",36,27.0
65,Greedy,E21,"(25, 3)",40,11.0
65,Greedy,E22,"(47, 42)",33,25.0
65,Greedy,E23,"(57, 47)",33,17.0
65,Greedy,E24,"(47, 38)",32,17.0
65,Greedy,E25,"(54, 95)",30,22.0
65,Greedy,E26,"(16, 32)",28,13.0
65,Greedy,E27,"(45, 61)",25,26.0
65,Greedy,E28,"(20, 17)",21,15.0
65,Greedy,E29,"(16, 21)",26,20.0
65,Greedy,E30,"(87, 81)",21,30.0
65,Greedy,E31,"(36, 70)",18,20.0
65,Greedy,E32,"(63, 8)",21,11.0
65,Greedy,E33,"(13, 49)",15,16.0
65,Greedy,E34,"(40, 91)",8,28.0
65,Greedy,E36,"(22, 90)",10,26.0
65,Greedy,E37,"(88, 29)",5,19.0
65,Greedy,E38,"(61, 66)",7,24.0
65,Greedy,E39,"(20, 13)",4,18.0
65,Greedy,E40,"(0, 1)",4,18.0
65,Auction,E13,"(77, 26)",46,18.0
65,Auction,E17,"(46, 94)",42,17.0
65,Auction,E19,"(13, 3)",36,27.0
65,Auction,E21,"(25, 3)",40,11.0
65,Auction,E22,"(47, 42)",33,25.0
65,Auction,E25,"(54, 95)",30,22.0
65,Auction,E26,"(16, 32)",28,13.0
65,Auction,E27,"(45, 61)",25,26.0
65,Auction,E28,"(20, 17)",21,15.0
65,Auction,E29,"(16, 21)",26,20.0
65,Auction,E30,"(87, 81)",21,30.0
65,Auction,E31,"(36, 70)",18,20.0
65,Auction,E32,"(63, 8)",21,11.0
65,Auction,E33,"(13, 49)",15,16.0
65,Auction,E34,"(40, 91)",8,28.0
65,Auction,E35,"(17, 64)",10,15.0
65,Auction,E36,"(22, 90)",10,26.0
65,Auction,E37,"(88, 29)",5,19.0
65,Auction,E38,"(61, 66)",7,24.0
65,Auction,E39,"(20, 13)",4,18.0
65,Auction,E40,"(0, 1)",4,18.0
65,Q-Learning,E17,"(46, 94)",42,17.0
65,Q-Learning,E18,"(72, 67)",46,27.0
65,Q-Learning,E19,"(13, 3)",36,27.0
65,Q-Learning,E20,"(79, 67)",42,12.0
65,Q-Learning,E21,"(25, 3)",40,11.0
65,Q-Learning,E22,"(47, 42)",33,25.0
65,Q-Learning,E23,"(57, 47)",33,17.0
65,Q-Learning,E25,"(54, 95)",30,22.0
65,Q-Learning,E26,"(16, 32)",28,13.0
65,Q-Learning,E27,"(45, 61)",25,26.0
65,Q-Learning,E28,"(20, 17)",21,15.0
65,Q-Learning,E30,"(87, 81)",21,30.0
65,Q-Learning,E31,"(36, 70)",18,20.0
65,Q-Learning,E32,"(63, 8)",21,11.0
65,Q-Learning,E33,"(13, 49)",15,16.0
65,Q-Learning,E34,"(40, 91)",8,28.0
65,Q-Learning,E35,"(17, 64)",10,15.0
65,Q-Learning,E36,"(22, 90)",10,26.0
65,Q-Learning,E37,"(88, 29)",5,19.0
65,Q-Learning,E38,"(61, 66)",7,24.0
65,Q-Learning,E39,"(20, 13)",4,18.0
65,Q-Learning,E40,"(0, 1)",4,18.0
66,Greedy,E15,"(53, 62)",42,13.0
66,Greedy,E16,"(54, 16)",49,27.0
66,Greedy,E19,"(13, 3)",37,27.0
66,Greedy,E21,"(25, 3)",41,11.0
66,Greedy,E22,"(47, 42)",34,25.0
66,Greedy,E23,"(57, 47)",34,17.0
66,Greedy,E24,"(47, 38)",33,17.0
66,Greedy,E25,"(54, 95)",31,22.0
66,Greedy,E26,"(16, 32)",29,13.0
66,Greedy,E27,"(45, 61)",26,26.0
66,Greedy,E28,"(20, 17)",22,15.0
66,Greedy,E29,"(16, 21)",27,20.0
66,Greedy,E30,"(87, 81)",22,30.0
66,Greedy,E31,"(36, 70)",19,20.0
66,Greedy,E32,"(63, 8)",22,11.0
66,Greedy,E33,"(13, 49)",16,16.0
66,Greedy,E34,"(40, 91)",9,28.0
66,Greedy,E36,"(22, 90)",11,26.0
66,Greedy,E37,"(88, 29)",6,19.0
66,Greedy,E38,"(61, 66)",8,24.0
66,Greedy,E39,"(20, 13)",5,18.0
66,Greedy,E40,"(0, 1)",5,18.0
66,Auction,E13,"(77, 26)",47,18.0
66,Auction,E17,"(46, 94)",43,17.0
66,Auction,E19,"(13, 3)",37,27.0
66,Auction,E21,"(25, 3)",41,11.0
66,Auction,E22,"(47, 42)",34,25.0
66,Auction,E25,"(54, 95)",31,22.0
66,Auction,E26,"(16, 32)",29,13.0
66,Auction,E27,"(45, 61)",26,26.0
66,Auction,E28,"(20, 17)",22,15.0
66,Auction,E29,"(16, 21)",27,20.0
66,Auction,E30,"(87, 81)",22,30.0
66,Auction,E31,"(36, 70)",19,20.0
66,Auction,E33,"(13, 49)",16,16.0
66,Auction,E34,"(40, 91)",9,28.0
66,Auction,E35,"(17, 64)",11,15.0
66,Auction,E36,"(22, 90)",11,26.0
66,Auction,E37,"(88, 29)",6,19.0
66,Auction,E38,"(61, 66)",8,24.0
66,Auction,E39,"(20, 13)",5,18.0
66,Auction,E40,"(0, 1)",5,18.0
66,Q-Learning,E17,"(46, 94)",43,17.0
66,Q-Learning,E18,"(72, 67)",47,27.0
66,Q-Learning,E19,"(13, 3)",37,27.0
66,Q-Learning,E20,"(79, 67)",43,12.0
66,Q-Learning,E22,"(47, 42)",34,25.0
66,Q-Learning,E23,"(57, 47)",34,17.0
66,Q-Learning,E25,"(54, 95)",31,22.0
66,Q-Learning,E26,"(16, 32)",29,13.0
66,Q-Learning,E27,"(45, 61)",26,26.0
66,Q-Learning,E28,"(20, 17)",22,15.0
66,Q-Learning,E30,"(87, 81)",22,30.0
66,Q-Learning,E31,"(36, 70)",19,20.0
66,Q-Learning,E32,"(63, 8)",22,11.0
66,Q-Learning,E33,"(13, 49)",16,16.0
66,Q-Learning,E34,"(40, 91)",9,28.0
66,Q-Learning,E35,"(17, 64)",11,15.0
66,Q-Learning,E36,"(22, 90)",11,26.0
66,Q-Learning,E37,"(88, 29)",6,19.0
66,Q-Learning,E38,"(61, 66)",8,24.0
66,Q-Learning,E39,"(20, 13)",5,18.0
66,Q-Learning,E40,"(0, 1)",5,18.0
67,Greedy,E15,"(53, 62)",43,13.0
67,Greedy,E16,"(54, 16)",50,27.0
67,Greedy,E19,"(13, 3)",38,27.0
67,Greedy,E21,"(25, 3)",42,11.0
67,Greedy,E22,"(47, 42)",35,25.0
67,Greedy,E23,"(57, 47)",35,17.0
67,Greedy,E24,"(47, 38)",34,17.0
67,Greedy,E25,"(54, 95)",32,22.0
67,Greedy,E26,"(16, 32)",30,13.0
67,Greedy,E27,"(45, 61)",27,26.0
67,Greedy,E28,"(20, 17)",23,15.0
67,Greedy,E29,"(16, 21)",28,20.0
67,Greedy,E30,"(87, 81)",23,30.0
67,Greedy,E31,"(36, 70)",20,20.0
67,Greedy,E32,"(63, 8)",23,11.0
67,Greedy,E33,"(13, 49)",17,16.0
67,Greedy,E34,"(40, 91)",10,28.0
67,Greedy,E36,"(22, 90)",12,26.0
67,Greedy,E37,"(88, 29)",7,19.0
67,Greedy,E38,"(61, 66)",9,24.0
67,Greedy,E39,"(20, 13)",6,18.0
67,Greedy,E40,"(0, 1)",6,18.0
67,Auction,E13,"(77, 26)",48,18.0
67,Auction,E17,"(46, 94)",44,17.0
67,Auction,E19,"(13, 3)",38,27.0
67,Auction,E21,"(25, 3)",42,11.0
67,Auction,E22,"(47, 42)",35,25.0
67,Auction,E25,"(54, 95)",32,22.0
67,Auction,E26,"(16, 32)",30,13.0
67,Auction,E27,"(45, 61)",27,26.0
67,Auction,E28,"(20, 17)",23,15.0
67,Auction,E29,"(16, 21)",28,20.0
67,Auction,E30,"(87, 81)",23,30.0
67,Auction,E31,"(36, 70)",20,20.0
67,Auction,E33,"(13, 49)",17,16.0
67,Auction,E34,"(40, 91)",10,28.0
67,Auction,E35,"(17, 64)",12,15.0
67,Auction,E36,"(22, 90)",12,26.0
67,Auction,E37,"(88, 29)",7,19.0
67,Auction,E38,"(61, 66)",9,24.0
67,Auction,E39,"(20, 13)",6,18.0
67,Auction,E40,"(0, 1)",6,18.0
67,Q-Learning,E17,"(46, 94)",44,17.0
67,Q-Learning,E18,"(72, 67)",48,27.0
67,Q-Learning,E19,"(13, 3)",38,27.0
67,Q-Learning,E20,"(79, 67)",44,12.0
67,Q-Learning,E22,"(47, 42)",35,25.0
67,Q-Learning,E23,"(57, 47)",35,17.0
67,Q-Learning,E25,"(54, 95)",32,22.0
67,Q-Learning,E26,"(16, 32)",30,13.0
67,Q-Learning,E27,"(45, 61)",27,26.0
67,Q-Learning,E28,"(20, 17)",23,15.0
67,Q-Learning,E30,"(87, 81)",23,30.0
67,Q-Learning,E31,"(36, 70)",20,20.0
67,Q-Learning,E32,"(63, 8)",23,11.0
67,Q-Learning,E33,"(13, 49)",17,16.0
67,Q-Learning,E34,"(40, 91)",10,28.0
67,Q-Learning,E35,"(17, 64)",12,15.0
67,Q-Learning,E36,"(22, 90)",12,26.0
67,Q-Learning,E37,"(88, 29)",7,19.0
67,Q-Learning,E38,"(61, 66)",9,24.0
67,Q-Learning,E39,"(20, 13)",6,18.0
67,Q-Learning,E40,"(0, 1)",6,18.0
68,Greedy,E15,"(53, 62)",44,13.0
68,Greedy,E16,"(54, 16)",51,27.0
68,Greedy,E19,"(13, 3)",39,27.0
68,Greedy,E21,"(25, 3)",43,11.0
68,Greedy,E22,"(47, 42)",36,25.0
68,Greedy,E23,"(57, 47)",36,17.0
68,Greedy,E24,"(47, 38)",35,17.0
68,Greedy,E25,"(54, 95)",33,22.0
68,Greedy,E26,"(16, 32)",31,13.0
68,Greedy,E27,"(45, 61)",28,26.0
68,Greedy,E28,"(20, 17)",24,15.0
68,Greedy,E29,"(16, 21)",29,20.0
68,Greedy,E30,"(87, 81)",24,30.0
68,Greedy,E31,"(36, 70)",21,20.0
68,Greedy,E32,"(63, 8)",24,11.0
68,Greedy,E33,"(13, 49)",18,16.0
68,Greedy,E34,"(40, 91)",11,28.0
68,Greedy,E36,"(22, 90)",13,26.0
68,Greedy,E37,"(88, 29)",8,19.0
68,Greedy,E38,"(61, 66)",10,24.0
68,Greedy,E39,"(20, 13)",7,18.0
68,Greedy,E40,"(0, 1)",7,18.0
68,Auction,E13,"(77, 26)",49,18.0
68,Auction,E17,"(46, 94)",45,17.0
68,Auction,E19,"(13, 3)",39,27.0
68,Auction,E21,"(25, 3)",43,11.0
68,Auction,E22,"(47, 42)",36,25.0
68,Auction,E25,"(54, 95)",33,22.0
68,Auction,E26,"(16, 32)",31,13.0
68,Auction,E27,"(45, 61)",28,26.0
68,Auction,E28,"(20, 17)",24,15.0
68,Auction,E29,"(16, 21)",29,20.0
68,Auction,E30,"(87, 81)",24,30.0
68,Auction,E31,"(36, 70)",21,20.0
68,Auction,E33,"(13, 49)",18,16.0
68,Auction,E34,"(40, 91)",11,28.0
68,Auction,E35,"(17, 64)",13,15.0
68,Auction,E36,"(22, 90)",13,26.0
68,Auction,E37,"(88, 29)",8,19.0
68,Auction,E38,"(61, 66)",10,24.0
68,Auction,E39,"(20, 13)",7,18.0
68,Auction,E40,"(0, 1)",7,18.0
68,Q-Learning,E17,"(46, 94)",45,17.0
68,Q-Learning,E18,"(72, 67)",49,27.0
68,Q-Learning,E19,"(13, 3)",39,27.0
68,Q-Learning,E20,"(79, 67)",45,12.0
68,Q-Learning,E22,"(47, 42)",36,25.0
68,Q-Learning,E23,"(57, 47)",36,17.0
68,Q-Learning,E25,"(54, 95)",33,22.0
68,Q-Learning,E26,"(16, 32)",31,13.0
68,Q-Learning,E27,"(45, 61)",28,26.0
68,Q-Learning,E28,"(20, 17)",24,15.0
68,Q-Learning,E30,"(87, 81)",24,30.0
68,Q-Learning,E31,"(36, 70)",21,20.0
68,Q-Learning,E32,"(63, 8)",24,11.0
68,Q-Learning,E33,"(13, 49)",18,16.0
68,Q-Learning,E34,"(40, 91)",11,28.0
68,Q-Learning,E35,"(17, 64)",13,15.0
68,Q-Learning,E36,"(22, 90)",13,26.0
68,Q-Learning,E37,"(88, 29)",8,19.0
68,Q-Learning,E38,"(61, 66)",10,24.0
68,Q-Learning,E39,"(20, 13)",7,18.0
68,Q-Learning,E40,"(0, 1)",7,18.0
69,Greedy,E15,"(53, 62)",45,13.0
69,Greedy,E16,"(54, 16)",52,27.0
69,Greedy,E19,"(13, 3)",40,27.0
69,Greedy,E21,"(25, 3)",44,11.0
69,Greedy,E22,"(47, 42)",37,25.0
69,Greedy,E23,"(57, 47)",37,17.0
69,Greedy,E24,"(47, 38)",36,17.0
69,Greedy,E25,"(54, 95)",34,22.0
69,Greedy,E26,"(16, 32)",32,13.0
69,Greedy,E27,"(45, 61)",29,26.0
69,Greedy,E28,"(20, 17)",25,15.0
69,Greedy,E29,"(16, 21)",30,20.0
69,Greedy,E30,"(87, 81)",25,30.0
69,Greedy,E31,"(36, 70)",22,20.0
69,Greedy,E32,"(63, 8)",25,11.0
69,Greedy,E33,"(13, 49)",19,16.0
69,Greedy,E34,"(40, 91)",12,28.0
69,Greedy,E36,"(22, 90)",14,26.0
69,Greedy,E37,"(88, 29)",9,19.0
69,Greedy,E38,"(61, 66)",11,24.0
69,Greedy,E39,"(20, 13)",8,18.0
69,Greedy,E40,"(0, 1)",8,18.0
69,Greedy,E41,"(23, 20)",3,19.0
69,Auction,E13,"(77, 26)",50,18.0
69,Auction,E17,"(46, 94)",46,17.0
69,Auction,E19,"(13, 3)",40,27.0
69,Auction,E21,"(25, 3)",44,11.0
69,Auction,E22,"(47, 42)",37,25.0
69,Auction,E25,"(54, 95)",34,22.0
69,Auction,E26,"(16, 32)",32,13.0
69,Auction,E27,"(45, 61)",29,26.0
69,Auction,E28,"(20, 17)",25,15.0
69,Auction,E29,"(16, 21)",30,20.0
69,Auction,E30,"(87, 81)",25,30.0
69,Auction,E31,"(36, 70)",22,20.0
69,Auction,E33,"(13, 49)",19,16.0
69,Auction,E34,"(40, 91)",12,28.0
69,Auction,E35,"(17, 64)",14,15.0
69,Auction,E36,"(22, 90)",14,26.0
69,Auction,E37,"(88, 29)",9,19.0
69,Auction,E38,"(61, 66)",11,24.0
69,Auction,E39,"(20, 13)",8,18.0
69,Auction,E40,"(0, 1)",8,18.0
69,Auction,E41,"(23, 20)",3,19.0
69,Q-Learning,E17,"(46, 94)",46,17.0
69,Q-Learning,E18,"(72, 67)",50,27.0
69,Q-Learning,E19,"(13, 3)",40,27.0
69,Q-Learning,E20,"(79, 67)",46,12.0
69,Q-Learning,E22,"(47, 42)",37,25.0
69,Q-Learning,E23,"(57, 47)",37,17.0
69,Q-Learning,E25,"(54, 95)",34,22.0
69,Q-Learning,E26,"(16, 32)",32,13.0
69,Q-Learning,E27,"(45, 61)",29,26.0
69,Q-Learning,E28,"(20, 17)",25,15.0
69,Q-Learning,E30,"(87, 81)",25,30.0
69,Q-Learning,E31,"(36, 70)",22,20.0
69,Q-Learning,E32,"(63, 8)",25,11.0
69,Q-Learning,E33,"(13, 49)",19,16.0
69,Q-Learning,E34,"(40, 91)",12,28.0
69,Q-Learning,E35,"(17, 64)",14,15.0
69,Q-Learning,E36,"(22, 90)",14,26.0
69,Q-Learning,E37,"(88, 29)",9,19.0
69,Q-Learning,E38,"(61, 66)",11,24.0
69,Q-Learning,E39,"(20, 13)",8,18.0
69,Q-Learning,E40,"(0, 1)",8,18.0
69,Q-Learning,E41,"(23, 20)",3,19.0
70,Greedy,E15,"(53, 62)",46,13.0
70,Greedy,E16,"(54, 16)",53,27.0
70,Greedy,E19,"(13, 3)",41,27.0
70,Greedy,E21,"(25, 3)",45,11.0
70,Greedy,E22,"(47, 42)",38,25.0
70,Greedy,E23,"(57, 47)",38,17.0
70,Greedy,E24,"(47, 38)",37,17.0
70,Greedy,E25,"(54, 95)",35,22.0
70,Greedy,E26,"(16, 32)",33,13.0
70,Greedy,E27,"(45, 61)",30,26.0
70,Greedy,E28,"(20, 17)",26,15.0
70,Greedy,E29,"(16, 21)",31,20.0
70,Greedy,E30,"(87, 81)",26,30.0
70,Greedy,E31,"(36, 70)",23,20.0
70,Greedy,E32,"(63, 8)",26,11.0
70,Greedy,E33,"(13, 49)",20,16.0
70,Greedy,E34,"(40, 91)",13,28.0
70,Greedy,E36,"(22, 90)",15,26.0
70,Greedy,E37,"(88, 29)",10,19.0
70,Greedy,E38,"(61, 66)",12,24.0
70,Greedy,E39,"(20, 13)",9,18.0
70,Greedy,E40,"(0, 1)",9,18.0
70,Greedy,E41,"(23, 20)",4,19.0
70,Greedy,E42,"(36, 80)",5,24.0
70,Auction,E13,"(77, 26)",51,18.0
70,Auction,E17,"(46, 94)",47,17.0
70,Auction,E19,"(13, 3)",41,27.0
70,Auction,E21,"(25, 3)",45,11.0
70,Auction,E22,"(47, 42)",38,25.0
70,Auction,E25,"(54, 95)",35,22.0
70,Auction,E26,"(16, 32)",33,13.0
70,Auction,E27,"(45, 61)",30,26.0
70,Auction,E28,"(20, 17)",26,15.0
70,Auction,E29,"(16, 21)",31,20.0
70,Auction,E30,"(87, 81)",26,30.0
70,Auction,E31,"(36, 70)",23,20.0
70,Auction,E33,"(13, 49)",20,16.0
70,Auction,E34,"(40, 91)",13,28.0
70,Auction,E35,"(17, 64)",15,15.0
70,Auction,E36,"(22, 90)",15,26.0
70,Auction,E37,"(88, 29)",10,19.0
70,Auction,E38,"(61, 66)",12,24.0
70,Auction,E39,"(20, 13)",9,18.0
70,Auction,E40,"(0, 1)",9,18.0
70,Auction,E41,"(23, 20)",4,19.0
70,Auction,E42,"(36, 80)",5,24.0
70,Q-Learning,E17,"(46, 94)",47,17.0
70,Q-Learning,E18,"(72, 67)",51,27.0
70,Q-Learning,E19,"(13, 3)",41,27.0
70,Q-Learning,E20,"(79, 67)",47,12.0
70,Q-Learning,E22,"(47, 42)",38,25.0
70,Q-Learning,E23,"(57, 47)",38,17.0
70,Q-Learning,E25,"(54, 95)",35,22.0
70,Q-Learning,E26,"(16, 32)",33,13.0
70,Q-Learning,E27,"(45, 61)",30,26.0
70,Q-Learning,E28,"(20, 17)",26,15.0
70,Q-Learning,E30,"(87, 81)",26,30.0
70,Q-Learning,E31,"(36, 70)",23,20.0
70,Q-Learning,E32,"(63, 8)",26,11.0
70,Q-Learning,E33,"(13, 49)",20,16.0
70,Q-Learning,E34,"(40, 91)",13,28.0
70,Q-Learning,E35,"(17, 64)",15,15.0
70,Q-Learning,E36,"(22, 90)",15,26.0
70,Q-Learning,E37,"(88, 29)",10,19.0
70,Q-Learning,E38,"(61, 66)",12,24.0
70,Q-Learning,E39,"(20, 13)",9,18.0
70,Q-Learning,E40,"(0, 1)",9,18.0
70,Q-Learning,E41,"(23, 20)",4,19.0
70,Q-Learning,E42,"(36, 80)",5,24.0
71,Greedy,E15,"(53, 62)",47,13.0
71,Greedy,E16,"(54, 16)",54,27.0
71,Greedy,E19,"(13, 3)",42,27.0
71,Greedy,E21,"(25, 3)",46,11.0
71,Greedy,E22,"(47, 42)",39,25.0
71,Greedy,E23,"(57, 47)",39,17.0
71,Greedy,E24,"(47, 38)",38,17.0
71,Greedy,E25,"(54, 95)",36,22.0
71,Greedy,E26,"(16, 32)",34,13.0
71,Greedy,E27,"(45, 61)",31,26.0
71,Greedy,E28,"(20, 17)",27,15.0
71,Greedy,E29,"(16, 21)",32,20.0
71,Greedy,E30,"(87, 81)",27,30.0
71,Greedy,E31,"(36, 70)",24,20.0
71,Greedy,E32,"(63, 8)",27,11.0
71,Greedy,E33,"(13, 49)",21,16.0
71,Greedy,E34,"(40, 91)",14,28.0
71,Greedy,E36,"(22, 90)",16,26.0
71,Greedy,E37,"(88, 29)",11,19.0
71,Greedy,E38,"(61, 66)",13,24.0
71,Greedy,E39,"(20, 13)",10,18.0
71,Greedy,E40,"(0, 1)",10,18.0
71,Greedy,E41,"(23, 20)",5,19.0
71,Greedy,E42,"(36, 80)",6,24.0
71,Greedy,E43,"(83, 21)",1,16.0
71,Auction,E13,"(77, 26)",52,18.0
71,Auction,E17,"(46, 94)",48,17.0
71,Auction,E19,"(13, 3)",42,27.0
71,Auction,E21,"(25, 3)",46,11.0
71,Auction,E22,"(47, 42)",39,25.0
71,Auction,E25,"(54, 95)",36,22.0
71,Auction,E26,"(16, 32)",34,13.0
71,Auction,E27,"(45, 61)",31,26.0
71,Auction,E28,"(20, 17)",27,15.0
71,Auction,E29,"(16, 21)",32,20.0
71,Auction,E30,"(87, 81)",27,30.0
71,Auction,E31,"(36, 70)",24,20.0
71,Auction,E33,"(13, 49)",21,16.0
71,Auction,E34,"(40, 91)",14,28.0
71,Auction,E35,"(17, 64)",16,15.0
71,Auction,E36,"(22, 90)",16,26.0
71,Auction,E37,"(88, 29)",11,19.0
71,Auction,E38,"(61, 66)",13,24.0
71,Auction,E39,"(20, 13)",10,18.0
71,Auction,E40,"(0, 1)",10,18.0
71,Auction,E41,"(23, 20)",5,19.0
71,Auction,E42,"(36, 80)",6,24.0
71,Auction,E43,"(83, 21)",1,16.0
71,Q-Learning,E17,"(46, 94)",48,17.0
71,Q-Learning,E18,"(72, 67)",52,27.0
71,Q-Learning,E19,"(13, 3)",42,27.0
71,Q-Learning,E20,"(79, 67)",48,12.0
71,Q-Learning,E22,"(47, 42)",39,25.0
71,Q-Learning,E23,"(57, 47)",39,17.0
71,Q-Learning,E25,"(54, 95)",36,22.0
71,Q-Learning,E26,"(16, 32)",34,13.0
71,Q-Learning,E27,"(45, 61)",31,26.0
71,Q-Learning,E28,"(20, 17)",27,15.0
71,Q-Learning,E30,"(87, 81)",27,30.0
71,Q-Learning,E31,"(36, 70)",24,20.0
71,Q-Learning,E32,"(63, 8)",27,11.0
71,Q-Learning,E33,"(13, 49)",21,16.0
71,Q-Learning,E34,"(40, 91)",14,28.0
71,Q-Learning,E35,"(17, 64)",16,15.0
71,Q-Learning,E36,"(22, 90)",16,26.0
71,Q-Learning,E37,"(88, 29)",11,19.0
71,Q-Learning,E38,"(61, 66)",13,24.0
71,Q-Learning,E39,"(20, 13)",10,18.0
71,Q-Learning,E40,"(0, 1)",10,18.0
71,Q-Learning,E41,"(23, 20)",5,19.0
71,Q-Learning,E42,"(36, 80)",6,24.0
71,Q-Learning,E43,"(83, 21)",1,16.0
72,Greedy,E15,"(53, 62)",48,13.0
72,Greedy,E16,"(54, 16)",55,27.0
72,Greedy,E19,"(13, 3)",43,27.0
72,Greedy,E21,"(25, 3)",47,11.0
72,Greedy,E22,"(47, 42)",40,25.0
72,Greedy,E23,"(57, 47)",40,17.0
72,Greedy,E24,"(47, 38)",39,17.0
72,Greedy,E25,"(54, 95)",37,22.0
72,Greedy,E26,"(16, 32)",35,13.0
72,Greedy,E27,"(45, 61)",32,26.0
72,Greedy,E28,"(20, 17)",28,15.0
72,Greedy,E29,"(16, 21)",33,20.0
72,Greedy,E30,"(87, 81)",28,30.0
72,Greedy,E31,"(36, 70)",25,20.0
72,Greedy,E32,"(63, 8)",28,11.0
72,Greedy,E33,"(13, 49)",22,16.0
72,Greedy,E34,"(40, 91)",15,28.0
72,Greedy,E36,"(22, 90)",17,26.0
72,Greedy,E37,"(88, 29)",12,19.0
72,Greedy,E38,"(61, 66)",14,24.0
72,Greedy,E39,"(20, 13)",11,18.0
72,Greedy,E40,"(0, 1)",11,18.0
72,Greedy,E41,"(23, 20)",6,19.0
72,Greedy,E42,"(36, 80)",7,24.0
72,Greedy,E43,"(83, 21)",2,16.0
72,Greedy,E44,"(84, 13)",5,12.0
72,Auction,E13,"(77, 26)",53,18.0
72,Auction,E17,"(46, 94)",49,17.0
72,Auction,E19,"(13, 3)",43,27.0
72,Auction,E21,"(25, 3)",47,11.0
72,Auction,E22,"(47, 42)",40,25.0
72,Auction,E25,"(54, 95)",37,22.0
72,Auction,E26,"(16, 32)",35,13.0
72,Auction,E27,"(45, 61)",32,26.0
72,Auction,E28,"(20, 17)",28,15.0
72,Auction,E29,"(16, 21)",33,20.0
72,Auction,E30,"(87, 81)",28,30.0
72,Auction,E31,"(36, 70)",25,20.0
72,Auction,E33,"(13, 49)",22,16.0
72,Auction,E34,"(40, 91)",15,28.0
72,Auction,E35,"(17, 64)",17,15.0
72,Auction,E36,"(22, 90)",17,26.0
72,Auction,E37,"(88, 29)",12,19.0
72,Auction,E38,"(61, 66)",14,24.0
72,Auction,E39,"(20, 13)",11,18.0
72,Auction,E40,"(0, 1)",11,18.0
72,Auction,E41,"(23, 20)",6,19.0
72,Auction,E42,"(36, 80)",7,24.0
72,Auction,E43,"(83, 21)",2,16.0
72,Q-Learning,E17,"(46, 94)",49,17.0
72,Q-Learning,E18,"(72, 67)",53,27.0
72,Q-Learning,E19,"(13, 3)",43,27.0
72,Q-Learning,E20,"(79, 67)",49,12.0
72,Q-Learning,E22,"(47, 42)",40,25.0
72,Q-Learning,E23,"(57, 47)",40,17.0
72,Q-Learning,E25,"(54, 95)",37,22.0
72,Q-Learning,E26,"(16, 32)",35,13.0
72,Q-Learning,E27,"(45, 61)",32,26.0
72,Q-Learning,E28,"(20, 17)",28,15.0
72,Q-Learning,E30,"(87, 81)",28,30.0
72,Q-Learning,E31,"(36, 70)",25,20.0
72,Q-Learning,E32,"(63, 8)",28,11.0
72,Q-Learning,E33,"(13, 49)",22,16.0
72,Q-Learning,E34,"(40, 91)",15,28.0
72,Q-Learning,E35,"(17, 64)",17,15.0
72,Q-Learning,E36,"(22, 90)",17,26.0
72,Q-Learning,E37,"(88, 29)",12,19.0
72,Q-Learning,E38,"(61, 66)",14,24.0
72,Q-Learning,E39,"(20, 13)",11,18.0
72,Q-Learning,E40,"(0, 1)",11,18.0
72,Q-Learning,E41,"(23, 20)",6,19.0
72,Q-Learning,E42,"(36, 80)",7,24.0
72,Q-Learning,E43,"(83, 21)",2,16.0
73,Greedy,E15,"(53, 62)",49,13.0
73,Greedy,E16,"(54, 16)",56,27.0
73,Greedy,E19,"(13, 3)",44,27.0
73,Greedy,E21,"(25, 3)",48,11.0
73,Greedy,E22,"(47, 42)",41,25.0
73,Greedy,E23,"(57, 47)",41,17.0
73,Greedy,E24,"(47, 38)",40,17.0
73,Greedy,E25,"(54, 95)",38,22.0
73,Greedy,E26,"(16, 32)",36,13.0
73,Greedy,E27,"(45, 61)",33,26.0
73,Greedy,E28,"(20, 17)",29,15.0
73,Greedy,E29,"(16, 21)",34,20.0
73,Greedy,E30,"(87, 81)",29,30.0
73,Greedy,E31,"(36, 70)",26,20.0
73,Greedy,E32,"(63, 8)",29,11.0
73,Greedy,E33,"(13, 49)",23,16.0
73,Greedy,E34,"(40, 91)",16,28.0
73,Greedy,E36,"(22, 90)",18,26.0
73,Greedy,E37,"(88, 29)",13,19.0
73,Greedy,E38,"(61, 66)",15,24.0
73,Greedy,E39,"(20, 13)",12,18.0
73,Greedy,E40,"(0, 1)",12,18.0
73,Greedy,E41,"(23, 20)",7,19.0
73,Greedy,E42,"(36, 80)",8,24.0
73,Greedy,E43,"(83, 21)",3,16.0
73,Greedy,E44,"(84, 13)",6,12.0
73,Greedy,E45,"(88, 53)",10,22.0
73,Auction,E13,"(77, 26)",54,18.0
73,Auction,E17,"(46, 94)",50,17.0
73,Auction,E19,"(13, 3)",44,27.0
73,Auction,E21,"(25, 3)",48,11.0
73,Auction,E22,"(47, 42)",41,25.0
73,Auction,E25,"(54, 95)",38,22.0
73,Auction,E26,"(16, 32)",36,13.0
73,Auction,E27,"(45, 61)",33,26.0
73,Auction,E28,"(20, 17)",29,15.0
73,Auction,E29,"(16, 21)",34,20.0
73,Auction,E30,"(87, 81)",29,30.0
73,Auction,E31,"(36, 70)",26,20.0
73,Auction,E33,"(13, 49)",23,16.0
73,Auction,E34,"(40, 91)",16,28.0
73,Auction,E35,"(17, 64)",18,15.0
73,Auction,E36,"(22, 90)",18,26.0
73,Auction,E37,"(88, 29)",13,19.0
73,Auction,E38,"(61, 66)",15,24.0
73,Auction,E39,"(20, 13)",12,18.0
73,Auction,E40,"(0, 1)",12,18.0
73,Auction,E41,"(23, 20)",7,19.0
73,Auction,E42,"(36, 80)",8,24.0
73,Auction,E43,"(83, 21)",3,16.0
73,Auction,E45,"(88, 53)",10,22.0
73,Q-Learning,E17,"(46, 94)",50,17.0
73,Q-Learning,E18,"(72, 67)",54,27.0
73,Q-Learning,E19,"(13, 3)",44,27.0
73,Q-Learning,E20,"(79, 67)",50,12.0
73,Q-Learning,E22,"(47, 42)",41,25.0
73,Q-Learning,E23,"(57, 47)",41,17.0
73,Q-Learning,E25,"(54, 95)",38,22.0
73,Q-Learning,E26,"(16, 32)",36,13.0
73,Q-Learning,E27,"(45, 61)",33,26.0
73,Q-Learning,E28,"(20, 17)",29,15.0
73,Q-Learning,E30,"(87, 81)",29,30.0
73,Q-Learning,E31,"(36, 70)",26,20.0
73,Q-Learning,E32,"(63, 8)",29,11.0
73,Q-Learning,E33,"(13, 49)",23,16.0
73,Q-Learning,E34,"(40, 91)",16,28.0
73,Q-Learning,E35,"(17, 64)",18,15.0
73,Q-Learning,E36,"(22, 90)",18,26.0
73,Q-Learning,E37,"(88, 29)",13,19.0
73,Q-Learning,E38,"(61, 66)",15,24.0
73,Q-Learning,E39,"(20, 13)",12,18.0
73,Q-Learning,E40,"(0, 1)",12,18.0
73,Q-Learning,E41,"(23, 20)",7,19.0
73,Q-Learning,E42,"(36, 80)",8,24.0
73,Q-Learning,E43,"(83, 21)",3,16.0
73,Q-Learning,E45,"(88, 53)",10,22.0
74,Greedy,E15,"(53, 62)",50,13.0
74,Greedy,E16,"(54, 16)",57,27.0
74,Greedy,E19,"(13, 3)",45,27.0
74,Greedy,E21,"(25, 3)",49,11.0
74,Greedy,E22,"(47, 42)",42,25.0
74,Greedy,E23,"(57, 47)",42,17.0
74,Greedy,E24,"(47, 38)",41,17.0
74,Greedy,E25,"(54, 95)",39,22.0
74,Greedy,E26,"(16, 32)",37,13.0
74,Greedy,E27,"(45, 61)",34,26.0
74,Greedy,E28,"(20, 17)",30,15.0
74,Greedy,E29,"(16, 21)",35,20.0
74,Greedy,E30,"(87, 81)",30,30.0
74,Greedy,E31,"(36, 70)",27,20.0
74,Greedy,E32,"(63, 8)",30,11.0
74,Greedy,E33,"(13, 49)",24,16.0
74,Greedy,E34,"(40, 91)",17,28.0
74,Greedy,E36,"(22, 90)",19,26.0
74,Greedy,E37,"(88, 29)",14,19.0
74,Greedy,E38,"(61, 66)",16,24.0
74,Greedy,E39,"(20, 13)",13,18.0
74,Greedy,E40,"(0, 1)",13,18.0
74,Greedy,E41,"(23, 20)",8,19.0
74,Greedy,E42,"(36, 80)",9,24.0
74,Greedy,E43,"(83, 21)",4,16.0
74,Greedy,E44,"(84, 13)",7,12.0
74,Greedy,E45,"(88, 53)",11,22.0
74,Greedy,E46,"(78, 48)",1,17.0
74,Auction,E13,"(77, 26)",55,18.0
74,Auction,E17,"(46, 94)",51,17.0
74,Auction,E19,"(13, 3)",45,27.0
74,Auction,E21,"(25, 3)",49,11.0
74,Auction,E22,"(47, 42)",42,25.0
74,Auction,E25,"(54, 95)",39,22.0
74,Auction,E26,"(16, 32)",37,13.0
74,Auction,E27,"(45, 61)",34,26.0
74,Auction,E28,"(20, 17)",30,15.0
74,Auction,E29,"(16, 21)",35,20.0
74,Auction,E30,"(87, 81)",30,30.0
74,Auction,E31,"(36, 70)",27,20.0
74,Auction,E33,"(13, 49)",24,16.0
74,Auction,E34,"(40, 91)",17,28.0
74,Auction,E35,"(17, 64)",19,15.0
74,Auction,E36,"(22, 90)",19,26.0
74,Auction,E37,"(88, 29)",14,19.0
74,Auction,E38,"(61, 66)",16,24.0
74,Auction,E39,"(20, 13)",13,18.0
74,Auction,E40,"(0, 1)",13,18.0
74,Auction,E41,"(23, 20)",8,19.0
74,Auction,E42,"(36, 80)",9,24.0
74,Auction,E43,"(83, 21)",4,16.0
74,Auction,E45,"(88, 53)",11,22.0
74,Auction,E46,"(78, 48)",1,17.0
74,Q-Learning,E17,"(46, 94)",51,17.0
74,Q-Learning,E18,"(72, 67)",55,27.0
74,Q-Learning,E19,"(13, 3)",45,27.0
74,Q-Learning,E20,"(79, 67)",51,12.0
74,Q-Learning,E22,"(47, 42)",42,25.0
74,Q-Learning,E23,"(57, 47)",42,17.0
74,Q-Learning,E25,"(54, 95)",39,22.0
74,Q-Learning,E26,"(16, 32)",37,13.0
74,Q-Learning,E27,"(45, 61)",34,26.0
74,Q-Learning,E28,"(20, 17)",30,15.0
74,Q-Learning,E30,"(87, 81)",30,30.0
74,Q-Learning,E31,"(36, 70)",27,20.0
74,Q-Learning,E32,"(63, 8)",30,11.0
74,Q-Learning,E33,"(13, 49)",24,16.0
74,Q-Learning,E34,"(40, 91)",17,28.0
74,Q-Learning,E35,"(17, 64)",19,15.0
74,Q-Learning,E36,"(22, 90)",19,26.0
74,Q-Learning,E37,"(88, 29)",14,19.0
74,Q-Learning,E38,"(61, 66)",16,24.0
74,Q-Learning,E39,"(20, 13)",13,18.0
74,Q-Learning,E40,"(0, 1)",13,18.0
74,Q-Learning,E41,"(23, 20)",8,19.0
74,Q-Learning,E42,"(36, 80)",9,24.0
74,Q-Learning,E43,"(83, 21)",4,16.0
74,Q-Learning,E45,"(88, 53)",11,22.0
74,Q-Learning,E46,"(78, 48)",1,17.0
75,Greedy,E15,"(53, 62)",51,13.0
75,Greedy,E16,"(54, 16)",58,27.0
75,Greedy,E19,"(13, 3)",46,27.0
75,Greedy,E21,"(25, 3)",50,11.0
75,Greedy,E22,"(47, 42)",43,25.0
75,Greedy,E23,"(57, 47)",43,17.0
75,Greedy,E24,"(47, 38)",42,17.0
75,Greedy,E25,"(54, 95)",40,22.0
75,Greedy,E26,"(16, 32)",38,13.0
75,Greedy,E27,"(45, 61)",35,26.0
75,Greedy,E28,"(20, 17)",31,15.0
75,Greedy,E29,"(16, 21)",36,20.0
75,Greedy,E30,"(87, 81)",31,30.0
75,Greedy,E31,"(36, 70)",28,20.0
75,Greedy,E32,"(63, 8)",31,11.0
75,Greedy,E33,"(13, 49)",25,16.0
75,Greedy,E34,"(40, 91)",18,28.0
75,Greedy,E36,"(22, 90)",20,26.0
75,Greedy,E37,"(88, 29)",15,19.0
75,Greedy,E38,"(61, 66)",17,24.0
75,Greedy,E39,"(20, 13)",14,18.0
75,Greedy,E40,"(0, 1)",14,18.0
75,Greedy,E41,"(23, 20)",9,19.0
75,Greedy,E42,"(36, 80)",10,24.0
75,Greedy,E43,"(83, 21)",5,16.0
75,Greedy,E44,"(84, 13)",8,12.0
75,Greedy,E45,"(88, 53)",12,22.0
75,Greedy,E46,"(78, 48)",2,17.0
75,Greedy,E47,"(42, 17)",3,13.0
75,Auction,E13,"(77, 26)",56,18.0
75,Auction,E17,"(46, 94)",52,17.0
75,Auction,E19,"(13, 3)",46,27.0
75,Auction,E21,"(25, 3)",50,11.0
75,Auction,E22,"(47, 42)",43,25.0
75,Auction,E25,"(54, 95)",40,22.0
75,Auction,E26,"(16, 32)",38,13.0
75,Auction,E27,"(45, 61)",35,26.0
75,Auction,E28,"(20, 17)",31,15.0
75,Auction,E29,"(16, 21)",36,20.0
75,Auction,E30,"(87, 81)",31,30.0
75,Auction,E31,"(36, 70)",28,20.0
75,Auction,E33,"(13, 49)",25,16.0
75,Auction,E34,"(40, 91)",18,28.0
75,Auction,E35,"(17, 64)",20,15.0
75,Auction,E36,"(22, 90)",20,26.0
75,Auction,E37,"(88, 29)",15,19.0
75,Auction,E38,"(61, 66)",17,24.0
75,Auction,E39,"(20, 13)",14,18.0
75,Auction,E40,"(0, 1)",14,18.0
75,Auction,E41,"(23, 20)",9,19.0
75,Auction,E42,"(36, 80)",10,24.0
75,Auction,E43,"(83, 21)",5,16.0
75,Auction,E45,"(88, 53)",12,22.0
75,Auction,E46,"(78, 48)",2,17.0
75,Auction,E47,"(42, 17)",3,13.0
75,Q-Learning,E17,"(46, 94)",52,17.0
75,Q-Learning,E18,"(72, 67)",56,27.0
75,Q-Learning,E19,"(13, 3)",46,27.0
75,Q-Learning,E20,"(79, 67)",52,12.0
75,Q-Learning,E22,"(47, 42)",43,25.0
75,Q-Learning,E23,"(57, 47)",43,17.0
75,Q-Learning,E25,"(54, 95)",40,22.0
75,Q-Learning,E26,"(16, 32)",38,13.0
75,Q-Learning,E27,"(45, 61)",35,26.0
75,Q-Learning,E28,"(20, 17)",31,15.0
75,Q-Learning,E30,"(87, 81)",31,30.0
75,Q-Learning,E31,"(36, 70)",28,20.0
75,Q-Learning,E32,"(63, 8)",31,11.0
75,Q-Learning,E33,"(13, 49)",25,16.0
75,Q-Learning,E34,"(40, 91)",18,28.0
75,Q-Learning,E35,"(17, 64)",20,15.0
75,Q-Learning,E36,"(22, 90)",20,26.0
75,Q-Learning,E37,"(88, 29)",15,19.0
75,Q-Learning,E38,"(61, 66)",17,24.0
75,Q-Learning,E39,"(20, 13)",14,18.0
75,Q-Learning,E40,"(0, 1)",14,18.0
75,Q-Learning,E41,"(23, 20)",9,19.0
75,Q-Learning,E42,"(36, 80)",10,24.0
75,Q-Learning,E43,"(83, 21)",5,16.0
75,Q-Learning,E45,"(88, 53)",12,22.0
75,Q-Learning,E46,"(78, 48)",2,17.0
75,Q-Learning,E47,"(42, 17)",3,13.0
76,Greedy,E15,"(53, 62)",52,13.0
76,Greedy,E16,"(54, 16)",59,27.0
76,Greedy,E19,"(13, 3)",47,27.0
76,Greedy,E21,"(25, 3)",51,11.0
76,Greedy,E22,"(47, 42)",44,25.0
76,Greedy,E23,"(57, 47)",44,17.0
76,Greedy,E24,"(47, 38)",43,17.0
76,Greedy,E25,"(54, 95)",41,22.0
76,Greedy,E26,"(16, 32)",39,13.0
76,Greedy,E27,"(45, 61)",36,26.0
76,Greedy,E28,"(20, 17)",32,15.0
76,Greedy,E29,"(16, 21)",37,20.0
76,Greedy,E30,"(87, 81)",32,30.0
76,Greedy,E31,"(36, 70)",29,20.0
76,Greedy,E32,"(63, 8)",32,11.0
76,Greedy,E33,"(13, 49)",26,16.0
76,Greedy,E34,"(40, 91)",19,28.0
76,Greedy,E36,"(22, 90)",21,26.0
76,Greedy,E37,"(88, 29)",16,19.0
76,Greedy,E38,"(61, 66)",18,24.0
76,Greedy,E39,"(20, 13)",15,18.0
76,Greedy,E40,"(0, 1)",15,18.0
76,Greedy,E41,"(23, 20)",10,19.0
76,Greedy,E42,"(36, 80)",11,24.0
76,Greedy,E43,"(83, 21)",6,16.0
76,Greedy,E44,"(84, 13)",9,12.0
76,Greedy,E45,"(88, 53)",13,22.0
76,Greedy,E46,"(78, 48)",3,17.0
76,Greedy,E47,"(42, 17)",4,13.0
76,Auction,E13,"(77, 26)",57,18.0
76,Auction,E17,"(46, 94)",53,17.0
76,Auction,E19,"(13, 3)",47,27.0
76,Auction,E21,"(25, 3)",51,11.0
76,Auction,E22,"(47, 42)",44,25.0
76,Auction,E25,"(54, 95)",41,22.0
76,Auction,E26,"(16, 32)",39,13.0
76,Auction,E27,"(45, 61)",36,26.0
76,Auction,E28,"(20, 17)",32,15.0
76,Auction,E29,"(16, 21)",37,20.0
76,Auction,E30,"(87, 81)",32,30.0
76,Auction,E31,"(36, 70)",29,20.0
76,Auction,E33,"(13, 49)",26,16.0
76,Auction,E34,"(40, 91)",19,28.0
76,Auction,E35,"(17, 64)",21,15.0
76,Auction,E36,"(22, 90)",21,26.0
76,Auction,E37,"(88, 29)",16,19.0
76,Auction,E38,"(61, 66)",18,24.0
76,Auction,E39,"(20, 13)",15,18.0
76,Auction,E40,"(0, 1)",15,18.0
76,Auction,E41,"(23, 20)",10,19.0
76,Auction,E42,"(36, 80)",11,24.0
76,Auction,E43,"(83, 21)",6,16.0
76,Auction,E45,"(88, 53)",13,22.0
76,Auction,E46,"(78, 48)",3,17.0
76,Auction,E47,"(42, 17)",4,13.0
76,Q-Learning,E18,"(72, 67)",57,27.0
76,Q-Learning,E19,"(13, 3)",47,27.0
76,Q-Learning,E20,"(79, 67)",53,12.0
76,Q-Learning,E22,"(47, 42)",44,25.0
76,Q-Learning,E23,"(57, 47)",44,17.0
76,Q-Learning,E25,"(54, 95)",41,22.0
76,Q-Learning,E26,"(16, 32)",39,13.0
76,Q-Learning,E27,"(45, 61)",36,26.0
76,Q-Learning,E28,"(20, 17)",32,15.0
76,Q-Learning,E30,"(87, 81)",32,30.0
76,Q-Learning,E31,"(36, 70)",29,20.0
76,Q-Learning,E32,"(63, 8)",32,11.0
76,Q-Learning,E33,"(13, 49)",26,16.0
76,Q-Learning,E34,"(40, 91)",19,28.0
76,Q-Learning,E35,"(17, 64)",21,15.0
76,Q-Learning,E36,"(22, 90)",21,26.0
76,Q-Learning,E37,"(88, 29)",16,19.0
76,Q-Learning,E38,"(61, 66)",18,24.0
76,Q-Learning,E39,"(20, 13)",15,18.0
76,Q-Learning,E40,"(0, 1)",15,18.0
76,Q-Learning,E41,"(23, 20)",10,19.0
76,Q-Learning,E42,"(36, 80)",11,24.0
76,Q-Learning,E43,"(83, 21)",6,16.0
76,Q-Learning,E45,"(88, 53)",13,22.0
76,Q-Learning,E46,"(78, 48)",3,17.0
76,Q-Learning,E47,"(42, 17)",4,13.0
77,Greedy,E15,"(53, 62)",53,13.0
77,Greedy,E16,"(54, 16)",60,27.0
77,Greedy,E19,"(13, 3)",48,27.0
77,Greedy,E21,"(25, 3)",52,11.0
77,Greedy,E22,"(47, 42)",45,25.0
77,Greedy,E23,"(57, 47)",45,17.0
77,Greedy,E24,"(47, 38)",44,17.0
77,Greedy,E25,"(54, 95)",42,22.0
77,Greedy,E26,"(16, 32)",40,13.0
77,Greedy,E27,"(45, 61)",37,26.0
77,Greedy,E28,"(20, 17)",33,15.0
77,Greedy,E29,"(16, 21)",38,20.0
77,Greedy,E30,"(87, 81)",33,30.0
77,Greedy,E31,"(36, 70)",30,20.0
77,Greedy,E32,"(63, 8)",33,11.0
77,Greedy,E33,"(13, 49)",27,16.0
77,Greedy,E34,"(40, 91)",20,28.0
77,Greedy,E36,"(22, 90)",22,26.0
77,Greedy,E37,"(88, 29)",17,19.0
77,Greedy,E38,"(61, 66)",19,24.0
77,Greedy,E39,"(20, 13)",16,18.0
77,Greedy,E40,"(0, 1)",16,18.0
77,Greedy,E41,"(23, 20)",11,19.0
77,Greedy,E42,"(36, 80)",12,24.0
77,Greedy,E43,"(83, 21)",7,16.0
77,Greedy,E44,"(84, 13)",10,12.0
77,Greedy,E45,"(88, 53)",14,22.0
77,Greedy,E46,"(78, 48)",4,17.0
77,Greedy,E47,"(42, 17)",5,13.0
77,Greedy,E48,"(68, 35)",3,10.0
77,Auction,E13,"(77, 26)",58,18.0
77,Auction,E17,"(46, 94)",54,17.0
77,Auction,E19,"(13, 3)",48,27.0
77,Auction,E21,"(25, 3)",52,11.0
77,Auction,E22,"(47, 42)",45,25.0
77,Auction,E25,"(54, 95)",42,22.0
77,Auction,E26,"(16, 32)",40,13.0
77,Auction,E27,"(45, 61)",37,26.0
77,Auction,E28,"(20, 17)",33,15.0
77,Auction,E29,"(16, 21)",38,20.0
77,Auction,E30,"(87, 81)",33,30.0
77,Auction,E31,"(36, 70)",30,20.0
77,Auction,E33,"(13, 49)",27,16.0
77,Auction,E34,"(40, 91)",20,28.0
77,Auction,E35,"(17, 64)",22,15.0
77,Auction,E36,"(22, 90)",22,26.0
77,Auction,E37,"(88, 29)",17,19.0
77,Auction,E38,"(61, 66)",19,24.0
77,Auction,E39,"(20, 13)",16,18.0
77,Auction,E40,"(0, 1)",16,18.0
77,Auction,E41,"(23, 20)",11,19.0
77,Auction,E42,"(36, 80)",12,24.0
77,Auction,E43,"(83, 21)",7,16.0
77,Auction,E45,"(88, 53)",14,22.0
77,Auction,E46,"(78, 48)",4,17.0
77,Auction,E47,"(42, 17)",5,13.0
77,Auction,E48,"(68, 35)",3,10.0
77,Q-Learning,E18,"(72, 67)",58,27.0
77,Q-Learning,E19,"(13, 3)",48,27.0
77,Q-Learning,E20,"(79, 67)",54,12.0
77,Q-Learning,E22,"(47, 42)",45,25.0
77,Q-Learning,E23,"(57, 47)",45,17.0
77,Q-Learning,E25,"(54, 95)",42,22.0
77,Q-Learning,E26,"(16, 32)",40,13.0
77,Q-Learning,E27,"(45, 61)",37,26.0
77,Q-Learning,E28,"(20, 17)",33,15.0
77,Q-Learning,E30,"(87, 81)",33,30.0
77,Q-Learning,E31,"(36, 70)",30,20.0
77,Q-Learning,E32,"(63, 8)",33,11.0
77,Q-Learning,E33,"(13, 49)",27,16.0
77,Q-Learning,E34,"(40, 91)",20,28.0
77,Q-Learning,E35,"(17, 64)",22,15.0
77,Q-Learning,E36,"(22, 90)",22,26.0
77,Q-Learning,E37,"(88, 29)",17,19.0
77,Q-Learning,E38,"(61, 66)",19,24.0
77,Q-Learning,E39,"(20, 13)",16,18.0
77,Q-Learning,E40,"(0, 1)",16,18.0
77,Q-Learning,E41,"(23, 20)",11,19.0
77,Q-Learning,E42,"(36, 80)",12,24.0
77,Q-Learning,E43,"(83, 21)",7,16.0
77,Q-Learning,E45,"(88, 53)",14,22.0
77,Q-Learning,E46,"(78, 48)",4,17.0
77,Q-Learning,E47,"(42, 17)",5,13.0
77,Q-Learning,E48,"(68, 35)",3,10.0
78,Greedy,E15,"(53, 62)",54,13.0
78,Greedy,E16,"(54, 16)",61,27.0
78,Greedy,E19,"(13, 3)",49,27.0
78,Greedy,E21,"(25, 3)",53,11.0
78,Greedy,E22,"(47, 42)",46,25.0
78,Greedy,E23,"(57, 47)",46,17.0
78,Greedy,E24,"(47, 38)",45,17.0
78,Greedy,E25,"(54, 95)",43,22.0
78,Greedy,E26,"(16, 32)",41,13.0
78,Greedy,E27,"(45, 61)",38,26.0
78,Greedy,E28,"(20, 17)",34,15.0
78,Greedy,E29,"(16, 21)",39,20.0
78,Greedy,E30,"(87, 81)",34,30.0
78,Greedy,E31,"(36, 70)",31,20.0
78,Greedy,E32,"(63, 8)",34,11.0
78,Greedy,E33,"(13, 49)",28,16.0
78,Greedy,E34,"(40, 91)",21,28.0
78,Greedy,E36,"(22, 90)",23,26.0
78,Greedy,E37,"(88, 29)",18,19.0
78,Greedy,E38,"(61, 66)",20,24.0
78,Greedy,E39,"(20, 13)",17,18.0
78,Greedy,E40,"(0, 1)",17,18.0
78,Greedy,E41,"(23, 20)",12,19.0
78,Greedy,E42,"(36, 80)",13,24.0
78,Greedy,E43,"(83, 21)",8,16.0
78,Greedy,E44,"(84, 13)",11,12.0
78,Greedy,E45,"(88, 53)",15,22.0
78,Greedy,E46,"(78, 48)",5,17.0
78,Greedy,E47,"(42, 17)",6,13.0
78,Greedy,E48,"(68, 35)",4,10.0
78,Auction,E13,"(77, 26)",59,18.0
78,Auction,E17,"(46, 94)",55,17.0
78,Auction,E19,"(13, 3)",49,27.0
78,Auction,E21,"(25, 3)",53,11.0
78,Auction,E22,"(47, 42)",46,25.0
78,Auction,E25,"(54, 95)",43,22.0
78,Auction,E26,"(16, 32)",41,13.0
78,Auction,E27,"(45, 61)",38,26.0
78,Auction,E28,"(20, 17)",34,15.0
78,Auction,E29,"(16, 21)",39,20.0
78,Auction,E30,"(87, 81)",34,30.0
78,Auction,E31,"(36, 70)",31,20.0
78,Auction,E33,"(13, 49)",28,16.0
78,Auction,E34,"(40, 91)",21,28.0
78,Auction,E35,"(17, 64)",23,15.0
78,Auction,E36,"(22, 90)",23,26.0
78,Auction,E37,"(88, 29)",18,19.0
78,Auction,E38,"(61, 66)",20,24.0
78,Auction,E39,"(20, 13)",17,18.0
78,Auction,E40,"(0, 1)",17,18.0
78,Auction,E41,"(23, 20)",12,19.0
78,Auction,E42,"(36, 80)",13,24.0
78,Auction,E43,"(83, 21)",8,16.0
78,Auction,E45,"(88, 53)",15,22.0
78,Auction,E46,"(78, 48)",5,17.0
78,Auction,E47,"(42, 17)",6,13.0
78,Auction,E48,"(68, 35)",4,10.0
78,Q-Learning,E18,"(72, 67)",59,27.0
78,Q-Learning,E19,"(13, 3)",49,27.0
78,Q-Learning,E20,"(79, 67)",55,12.0
78,Q-Learning,E22,"(47, 42)",46,25.0
78,Q-Learning,E23,"(57, 47)",46,17.0
78,Q-Learning,E25,"(54, 95)",43,22.0
78,Q-Learning,E26,"(16, 32)",41,13.0
78,Q-Learning,E27,"(45, 61)",38,26.0
78,Q-Learning,E28,"(20, 17)",34,15.0
78,Q-Learning,E30,"(87, 81)",34,30.0
78,Q-Learning,E31,"(36, 70)",31,20.0
78,Q-Learning,E32,"(63, 8)",34,11.0
78,Q-Learning,E33,"(13, 49)",28,16.0
78,Q-Learning,E34,"(40, 91)",21,28.0
78,Q-Learning,E35,"(17, 64)",23,15.0
78,Q-Learning,E36,"(22, 90)",23,26.0
78,Q-Learning,E37,"(88, 29)",18,19.0
78,Q-Learning,E38,"(61, 66)",20,24.0
78,Q-Learning,E39,"(20, 13)",17,18.0
78,Q-Learning,E40,"(0, 1)",17,18.0
78,Q-Learning,E41,"(23, 20)",12,19.0
78,Q-Learning,E42,"(36, 80)",13,24.0
78,Q-Learning,E43,"(83, 21)",8,16.0
78,Q-Learning,E45,"(88, 53)",15,22.0
78,Q-Learning,E46,"(78, 48)",5,17.0
78,Q-Learning,E47,"(42, 17)",6,13.0
78,Q-Learning,E48,"(68, 35)",4,10.0
79,Greedy,E15,"(53, 62)",55,13.0
79,Greedy,E16,"(54, 16)",62,27.0
79,Greedy,E19,"(13, 3)",50,27.0
79,Greedy,E21,"(25, 3)",54,11.0
79,Greedy,E22,"(47, 42)",47,25.0
79,Greedy,E23,"(57, 47)",47,17.0
79,Greedy,E24,"(47, 38)",46,17.0
79,Greedy,E25,"(54, 95)",44,22.0
79,Greedy,E26,"(16, 32)",42,13.0
79,Greedy,E27,"(45, 61)",39,26.0
79,Greedy,E28,"(20, 17)",35,15.0
79,Greedy,E29,"(16, 21)",40,20.0
79,Greedy,E30,"(87, 81)",35,30.0
79,Greedy,E31,"(36, 70)",32,20.0
79,Greedy,E32,"(63, 8)",35,11.0
79,Greedy,E33,"(13, 49)",29,16.0
79,Greedy,E34,"(40, 91)",22,28.0
79,Greedy,E36,"(22, 90)",24,26.0
79,Greedy,E37,"(88, 29)",19,19.0
79,Greedy,E38,"(61, 66)",21,24.0
79,Greedy,E39,"(20, 13)",18,18.0
79,Greedy,E40,"(0, 1)",18,18.0
79,Greedy,E41,"(23, 20)",13,19.0
79,Greedy,E42,"(36, 80)",14,24.0
79,Greedy,E43,"(83, 21)",9,16.0
79,Greedy,E44,"(84, 13)",12,12.0
79,Greedy,E45,"(88, 53)",16,22.0
79,Greedy,E46,"(78, 48)",6,17.0
79,Greedy,E47,"(42, 17)",7,13.0
79,Greedy,E48,"(68, 35)",5,10.0
79,Greedy,E49,"(75, 59)",7,13.0
79,Auction,E13,"(77, 26)",60,18.0
79,Auction,E17,"(46, 94)",56,17.0
79,Auction,E19,"(13, 3)",50,27.0
79,Auction,E21,"(25, 3)",54,11.0
79,Auction,E22,"(47, 42)",47,25.0
79,Auction,E25,"(54, 95)",44,22.0
79,Auction,E26,"(16, 32)",42,13.0
79,Auction,E27,"(45, 61)",39,26.0
79,Auction,E28,"(20, 17)",35,15.0
79,Auction,E29,"(16, 21)",40,20.0
79,Auction,E30,"(87, 81)",35,30.0
79,Auction,E31,"(36, 70)",32,20.0
79,Auction,E33,"(13, 49)",29,16.0
79,Auction,E34,"(40, 91)",22,28.0
79,Auction,E35,"(17, 64)",24,15.0
79,Auction,E36,"(22, 90)",24,26.0
79,Auction,E37,"(88, 29)",19,19.0
79,Auction,E38,"(61, 66)",21,24.0
79,Auction,E39,"(20, 13)",18,18.0
79,Auction,E40,"(0, 1)",18,18.0
79,Auction,E41,"(23, 20)",13,19.0
79,Auction,E42,"(36, 80)",14,24.0
79,Auction,E43,"(83, 21)",9,16.0
79,Auction,E45,"(88, 53)",16,22.0
79,Auction,E46,"(78, 48)",6,17.0
79,Auction,E47,"(42, 17)",7,13.0
79,Auction,E48,"(68, 35)",5,10.0
79,Auction,E49,"(75, 59)",7,13.0
79,Q-Learning,E18,"(72, 67)",60,27.0
79,Q-Learning,E19,"(13, 3)",50,27.0
79,Q-Learning,E20,"(79, 67)",56,12.0
79,Q-Learning,E22,"(47, 42)",47,25.0
79,Q-Learning,E23,"(57, 47)",47,17.0
79,Q-Learning,E25,"(54, 95)",44,22.0
79,Q-Learning,E26,"(16, 32)",42,13.0
79,Q-Learning,E27,"(45, 61)",39,26.0
79,Q-Learning,E28,"(20, 17)",35,15.0
79,Q-Learning,E30,"(87, 81)",35,30.0
79,Q-Learning,E31,"(36, 70)",32,20.0
79,Q-Learning,E32,"(63, 8)",35,11.0
79,Q-Learning,E33,"(13, 49)",29,16.0
79,Q-Learning,E34,"(40, 91)",22,28.0
79,Q-Learning,E35,"(17, 64)",24,15.0
79,Q-Learning,E36,"(22, 90)",24,26.0
79,Q-Learning,E37,"(88, 29)",19,19.0
79,Q-Learning,E38,"(61, 66)",21,24.0
79,Q-Learning,E39,"(20, 13)",18,18.0
79,Q-Learning,E40,"(0, 1)",18,18.0
79,Q-Learning,E41,"(23, 20)",13,19.0
79,Q-Learning,E42,"(36, 80)",14,24.0
79,Q-Learning,E43,"(83, 21)",9,16.0
79,Q-Learning,E45,"(88, 53)",16,22.0
79,Q-Learning,E46,"(78, 48)",6,17.0
79,Q-Learning,E47,"(42, 17)",7,13.0
79,Q-Learning,E48,"(68, 35)",5,10.0
79,Q-Learning,E49,"(75, 59)",7,13.0
80,Greedy,E15,"(53, 62)",56,13.0
80,Greedy,E16,"(54, 16)",63,27.0
80,Greedy,E19,"(13, 3)",51,27.0
80,Greedy,E21,"(25, 3)",55,11.0
80,Greedy,E22,"(47, 42)",48,25.0
80,Greedy,E23,"(57, 47)",48,17.0
80,Greedy,E24,"(47, 38)",47,17.0
80,Greedy,E25,"(54, 95)",45,22.0
80,Greedy,E26,"(16, 32)",43,13.0
80,Greedy,E27,"(45, 61)",40,26.0
80,Greedy,E28,"(20, 17)",36,15.0
80,Greedy,E29,"(16, 21)",41,20.0
80,Greedy,E30,"(87, 81)",36,30.0
80,Greedy,E31,"(36, 70)",33,20.0
80,Greedy,E32,"(63, 8)",36,11.0
80,Greedy,E33,"(13, 49)",30,16.0
80,Greedy,E34,"(40, 91)",23,28.0
80,Greedy,E36,"(22, 90)",25,26.0
80,Greedy,E37,"(88, 29)",20,19.0
80,Greedy,E38,"(61, 66)",22,24.0
80,Greedy,E39,"(20, 13)",19,18.0
80,Greedy,E40,"(0, 1)",19,18.0
80,Greedy,E41,"(23, 20)",14,19.0
80,Greedy,E42,"(36, 80)",15,24.0
80,Greedy,E43,"(83, 21)",10,16.0
80,Greedy,E44,"(84, 13)",13,12.0
80,Greedy,E45,"(88, 53)",17,22.0
80,Greedy,E46,"(78, 48)",7,17.0
80,Greedy,E47,"(42, 17)",8,13.0
80,Greedy,E48,"(68, 35)",6,10.0
80,Greedy,E49,"(75, 59)",8,13.0
80,Auction,E13,"(77, 26)",61,18.0
80,Auction,E17,"(46, 94)",57,17.0
80,Auction,E19,"(13, 3)",51,27.0
80,Auction,E21,"(25, 3)",55,11.0
80,Auction,E22,"(47, 42)",48,25.0
80,Auction,E25,"(54, 95)",45,22.0
80,Auction,E26,"(16, 32)",43,13.0
80,Auction,E27,"(45, 61)",40,26.0
80,Auction,E28,"(20, 17)",36,15.0
80,Auction,E29,"(16, 21)",41,20.0
80,Auction,E30,"(87, 81)",36,30.0
80,Auction,E31,"(36, 70)",33,20.0
80,Auction,E33,"(13, 49)",30,16.0
80,Auction,E34,"(40, 91)",23,28.0
80,Auction,E35,"(17, 64)",25,15.0
80,Auction,E36,"(22, 90)",25,26.0
80,Auction,E37,"(88, 29)",20,19.0
80,Auction,E38,"(61, 66)",22,24.0
80,Auction,E39,"(20, 13)",19,18.0
80,Auction,E40,"(0, 1)",19,18.0
80,Auction,E41,"(23, 20)",14,19.0
80,Auction,E42,"(36, 80)",15,24.0
80,Auction,E43,"(83, 21)",10,16.0
80,Auction,E45,"(88, 53)",17,22.0
80,Auction,E46,"(78, 48)",7,17.0
80,Auction,E47,"(42, 17)",8,13.0
80,Auction,E48,"(68, 35)",6,10.0
80,Q-Learning,E18,"(72, 67)",61,27.0
80,Q-Learning,E19,"(13, 3)",51,27.0
80,Q-Learning,E20,"(79, 67)",57,12.0
80,Q-Learning,E22,"(47, 42)",48,25.0
80,Q-Learning,E23,"(57, 47)",48,17.0
80,Q-Learning,E25,"(54, 95)",45,22.0
80,Q-Learning,E26,"(16, 32)",43,13.0
80,Q-Learning,E27,"(45, 61)",40,26.0
80,Q-Learning,E28,"(20, 17)",36,15.0
80,Q-Learning,E30,"(87, 81)",36,30.0
80,Q-Learning,E31,"(36, 70)",33,20.0
80,Q-Learning,E32,"(63, 8)",36,11.0
80,Q-Learning,E33,"(13, 49)",30,16.0
80,Q-Learning,E34,"(40, 91)",23,28.0
80,Q-Learning,E35,"(17, 64)",25,15.0
80,Q-Learning,E36,"(22, 90)",25,26.0
80,Q-Learning,E37,"(88, 29)",20,19.0
80,Q-Learning,E38,"(61, 66)",22,24.0
80,Q-Learning,E39,"(20, 13)",19,18.0
80,Q-Learning,E40,"(0, 1)",19,18.0
80,Q-Learning,E41,"(23, 20)",14,19.0
80,Q-Learning,E42,"(36, 80)",15,24.0
80,Q-Learning,E43,"(83, 21)",10,16.0
80,Q-Learning,E45,"(88, 53)",17,22.0
80,Q-Learning,E46,"(78, 48)",7,17.0
80,Q-Learning,E47,"(42, 17)",8,13.0
80,Q-Learning,E48,"(68, 35)",6,10.0
80,Q-Learning,E49,"(75, 59)",8,13.0
81,Greedy,E15,"(53, 62)",57,13.0
81,Greedy,E16,"(54, 16)",64,27.0
81,Greedy,E19,"(13, 3)",52,27.0
81,Greedy,E21,"(25, 3)",56,11.0
81,Greedy,E22,"(47, 42)",49,25.0
81,Greedy,E23,"(57, 47)",49,17.0
81,Greedy,E24,"(47, 38)",48,17.0
81,Greedy,E25,"(54, 95)",46,22.0
81,Greedy,E26,"(16, 32)",44,13.0
81,Greedy,E27,"(45, 61)",41,26.0
81,Greedy,E28,"(20, 17)",37,15.0
81,Greedy,E29,"(16, 21)",42,20.0
81,Greedy,E30,"(87, 81)",37,30.0
81,Greedy,E31,"(36, 70)",34,20.0
81,Greedy,E32,"(63, 8)",37,11.0
81,Greedy,E33,"(13, 49)",31,16.0
81,Greedy,E34,"(40, 91)",24,28.0
81,Greedy,E36,"(22, 90)",26,26.0
81,Greedy,E37,"(88, 29)",21,19.0
81,Greedy,E38,"(61, 66)",23,24.0
81,Greedy,E39,"(20, 13)",20,18.0
81,Greedy,E40,"(0, 1)",20,18.0
81,Greedy,E41,"(23, 20)",15,19.0
81,Greedy,E42,"(36, 80)",16,24.0
81,Greedy,E43,"(83, 21)",11,16.0
81,Greedy,E44,"(84, 13)",14,12.0
81,Greedy,E45,"(88, 53)",18,22.0
81,Greedy,E46,"(78, 48)",8,17.0
81,Greedy,E47,"(42, 17)",9,13.0
81,Greedy,E48,"(68, 35)",7,10.0
81,Greedy,E49,"(75, 59)",9,13.0
81,Greedy,E50,"(28, 48)",7,21.0
81,Auction,E13,"(77, 26)",62,18.0
81,Auction,E17,"(46, 94)",58,17.0
81,Auction,E19,"(13, 3)",52,27.0
81,Auction,E21,"(25, 3)",56,11.0
81,Auction,E22,"(47, 42)",49,25.0
81,Auction,E25,"(54, 95)",46,22.0
81,Auction,E26,"(16, 32)",44,13.0
81,Auction,E27,"(45, 61)",41,26.0
81,Auction,E28,"(20, 17)",37,15.0
81,Auction,E29,"(16, 21)",42,20.0
81,Auction,E30,"(87, 81)",37,30.0
81,Auction,E31,"(36, 70)",34,20.0
81,Auction,E33,"(13, 49)",31,16.0
81,Auction,E34,"(40, 91)",24,28.0
81,Auction,E35,"(17, 64)",26,15.0
81,Auction,E36,"(22, 90)",26,26.0
81,Auction,E37,"(88, 29)",21,19.0
81,Auction,E38,"(61, 66)",23,24.0
81,Auction,E39,"(20, 13)",20,18.0
81,Auction,E40,"(0, 1)",20,18.0
81,Auction,E41,"(23, 20)",15,19.0
81,Auction,E42,"(36, 80)",16,24.0
81,Auction,E43,"(83, 21)",11,16.0
81,Auction,E45,"(88, 53)",18,22.0
81,Auction,E46,"(78, 48)",8,17.0
81,Auction,E47,"(42, 17)",9,13.0
81,Auction,E48,"(68, 35)",7,10.0
81,Auction,E50,"(28, 48)",7,21.0
81,Q-Learning,E18,"(72, 67)",62,27.0
81,Q-Learning,E19,"(13, 3)",52,27.0
81,Q-Learning,E22,"(47, 42)",49,25.0
81,Q-Learning,E23,"(57, 47)",49,17.0
81,Q-Learning,E25,"(54, 95)",46,22.0
81,Q-Learning,E26,"(16, 32)",44,13.0
81,Q-Learning,E27,"(45, 61)",41,26.0
81,Q-Learning,E28,"(20, 17)",37,15.0
81,Q-Learning,E30,"(87, 81)",37,30.0
81,Q-Learning,E31,"(36, 70)",34,20.0
81,Q-Learning,E32,"(63, 8)",37,11.0
81,Q-Learning,E33,"(13, 49)",31,16.0
81,Q-Learning,E34,"(40, 91)",24,28.0
81,Q-Learning,E35,"(17, 64)",26,15.0
81,Q-Learning,E36,"(22, 90)",26,26.0
81,Q-Learning,E37,"(88, 29)",21,19.0
81,Q-Learning,E38,"(61, 66)",23,24.0
81,Q-Learning,E39,"(20, 13)",20,18.0
81,Q-Learning,E40,"(0, 1)",20,18.0
81,Q-Learning,E41,"(23, 20)",15,19.0
81,Q-Learning,E42,"(36, 80)",16,24.0
81,Q-Learning,E43,"(83, 21)",11,16.0
81,Q-Learning,E45,"(88, 53)",18,22.0
81,Q-Learning,E46,"(78, 48)",8,17.0
81,Q-Learning,E47,"(42, 17)",9,13.0
81,Q-Learning,E48,"(68, 35)",7,10.0
81,Q-Learning,E49,"(75, 59)",9,13.0
81,Q-Learning,E50,"(28, 48)",7,21.0
82,Greedy,E15,"(53, 62)",58,13.0
82,Greedy,E16,"(54, 16)",65,27.0
82,Greedy,E19,"(13, 3)",53,27.0
82,Greedy,E21,"(25, 3)",57,11.0
82,Greedy,E22,"(47, 42)",50,25.0
82,Greedy,E23,"(57, 47)",50,17.0
82,Greedy,E24,"(47, 38)",49,17.0
82,Greedy,E25,"(54, 95)",47,22.0
82,Greedy,E26,"(16, 32)",45,13.0
82,Greedy,E27,"(45, 61)",42,26.0
82,Greedy,E28,"(20, 17)",38,15.0
82,Greedy,E29,"(16, 21)",43,20.0
82,Greedy,E30,"(87, 81)",38,30.0
82,Greedy,E31,"(36, 70)",35,20.0
82,Greedy,E32,"(63, 8)",38,11.0
82,Greedy,E33,"(13, 49)",32,16.0
82,Greedy,E34,"(40, 91)",25,28.0
82,Greedy,E36,"(22, 90)",27,26.0
82,Greedy,E37,"(88, 29)",22,19.0
82,Greedy,E38,"(61, 66)",24,24.0
82,Greedy,E39,"(20, 13)",21,18.0
82,Greedy,E40,"(0, 1)",21,18.0
82,Greedy,E41,"(23, 20)",16,19.0
82,Greedy,E42,"(36, 80)",17,24.0
82,Greedy,E43,"(83, 21)",12,16.0
82,Greedy,E44,"(84, 13)",15,12.0
82,Greedy,E45,"(88, 53)",19,22.0
82,Greedy,E46,"(78, 48)",9,17.0
82,Greedy,E47,"(42, 17)",10,13.0
82,Greedy,E48,"(68, 35)",8,10.0
82,Greedy,E49,"(75, 59)",10,13.0
82,Greedy,E50,"(28, 48)",8,21.0
82,Greedy,E51,"(29, 19)",8,16.0
82,Auction,E13,"(77, 26)",63,18.0
82,Auction,E17,"(46, 94)",59,17.0
82,Auction,E19,"(13, 3)",53,27.0
82,Auction,E21,"(25, 3)",57,11.0
82,Auction,E22,"(47, 42)",50,25.0
82,Auction,E25,"(54, 95)",47,22.0
82,Auction,E26,"(16, 32)",45,13.0
82,Auction,E27,"(45, 61)",42,26.0
82,Auction,E28,"(20, 17)",38,15.0
82,Auction,E29,"(16, 21)",43,20.0
82,Auction,E30,"(87, 81)",38,30.0
82,Auction,E31,"(36, 70)",35,20.0
82,Auction,E33,"(13, 49)",32,16.0
82,Auction,E34,"(40, 91)",25,28.0
82,Auction,E35,"(17, 64)",27,15.0
82,Auction,E36,"(22, 90)",27,26.0
82,Auction,E37,"(88, 29)",22,19.0
82,Auction,E38,"(61, 66)",24,24.0
82,Auction,E39,"(20, 13)",21,18.0
82,Auction,E40,"(0, 1)",21,18.0
82,Auction,E41,"(23, 20)",16,19.0
82,Auction,E42,"(36, 80)",17,24.0
82,Auction,E43,"(83, 21)",12,16.0
82,Auction,E45,"(88, 53)",19,22.0
82,Auction,E46,"(78, 48)",9,17.0
82,Auction,E47,"(42, 17)",10,13.0
82,Auction,E48,"(68, 35)",8,10.0
82,Auction,E50,"(28, 48)",8,21.0
82,Auction,E51,"(29, 19)",8,16.0
82,Q-Learning,E18,"(72, 67)",63,27.0
82,Q-Learning,E19,"(13, 3)",53,27.0
82,Q-Learning,E22,"(47, 42)",50,25.0
82,Q-Learning,E23,"(57, 47)",50,17.0
82,Q-Learning,E25,"(54, 95)",47,22.0
82,Q-Learning,E26,"(16, 32)",45,13.0
82,Q-Learning,E27,"(45, 61)",42,26.0
82,Q-Learning,E28,"(20, 17)",38,15.0
82,Q-Learning,E30,"(87, 81)",38,30.0
82,Q-Learning,E31,"(36, 70)",35,20.0
82,Q-Learning,E32,"(63, 8)",38,11.0
82,Q-Learning,E33,"(13, 49)",32,16.0
82,Q-Learning,E34,"(40, 91)",25,28.0
82,Q-Learning,E35,"(17, 64)",27,15.0
82,Q-Learning,E36,"(22, 90)",27,26.0
82,Q-Learning,E37,"(88, 29)",22,19.0
82,Q-Learning,E38,"(61, 66)",24,24.0
82,Q-Learning,E39,"(20, 13)",21,18.0
82,Q-Learning,E40,"(0, 1)",21,18.0
82,Q-Learning,E41,"(23, 20)",16,19.0
82,Q-Learning,E42,"(36, 80)",17,24.0
82,Q-Learning,E43,"(83, 21)",12,16.0
82,Q-Learning,E45,"(88, 53)",19,22.0
82,Q-Learning,E46,"(78, 48)",9,17.0
82,Q-Learning,E47,"(42, 17)",10,13.0
82,Q-Learning,E48,"(68, 35)",8,10.0
82,Q-Learning,E49,"(75, 59)",10,13.0
82,Q-Learning,E50,"(28, 48)",8,21.0
82,Q-Learning,E51,"(29, 19)",8,16.0
83,Greedy,E15,"(53, 62)",59,13.0
83,Greedy,E16,"(54, 16)",66,27.0
83,Greedy,E19,"(13, 3)",54,27.0
83,Greedy,E21,"(25, 3)",58,11.0
83,Greedy,E22,"(47, 42)",51,25.0
83,Greedy,E23,"(57, 47)",51,17.0
83,Greedy,E24,"(47, 38)",50,17.0
83,Greedy,E25,"(54, 95)",48,22.0
83,Greedy,E26,"(16, 32)",46,13.0
83,Greedy,E27,"(45, 61)",43,26.0
83,Greedy,E28,"(20, 17)",39,15.0
83,Greedy,E29,"(16, 21)",44,20.0
83,Greedy,E30,"(87, 81)",39,30.0
83,Greedy,E31,"(36, 70)",36,20.0
83,Greedy,E32,"(63, 8)",39,11.0
83,Greedy,E33,"(13, 49)",33,16.0
83,Greedy,E34,"(40, 91)",26,28.0
83,Greedy,E36,"(22, 90)",28,26.0
83,Greedy,E37,"(88, 29)",23,19.0
83,Greedy,E38,"(61, 66)",25,24.0
83,Greedy,E39,"(20, 13)",22,18.0
83,Greedy,E40,"(0, 1)",22,18.0
83,Greedy,E41,"(23, 20)",17,19.0
83,Greedy,E42,"(36, 80)",18,24.0
83,Greedy,E43,"(83, 21)",13,16.0
83,Greedy,E44,"(84, 13)",16,12.0
83,Greedy,E45,"(88, 53)",20,22.0
83,Greedy,E46,"(78, 48)",10,17.0
83,Greedy,E47,"(42, 17)",11,13.0
83,Greedy,E48,"(68, 35)",9,10.0
83,Greedy,E49,"(75, 59)",11,13.0
83,Greedy,E50,"(28, 48)",9,21.0
83,Greedy,E51,"(29, 19)",9,16.0
83,Greedy,E52,"(17, 70)",9,30.0
83,Auction,E13,"(77, 26)",64,18.0
83,Auction,E17,"(46, 94)",60,17.0
83,Auction,E19,"(13, 3)",54,27.0
83,Auction,E21,"(25, 3)",58,11.0
83,Auction,E22,"(47, 42)",51,25.0
83,Auction,E25,"(54, 95)",48,22.0
83,Auction,E26,"(16, 32)",46,13.0
83,Auction,E27,"(45, 61)",43,26.0
83,Auction,E28,"(20, 17)",39,15.0
83,Auction,E29,"(16, 21)",44,20.0
83,Auction,E30,"(87, 81)",39,30.0
83,Auction,E31,"(36, 70)",36,20.0
83,Auction,E33,"(13, 49)",33,16.0
83,Auction,E34,"(40, 91)",26,28.0
83,Auction,E35,"(17, 64)",28,15.0
83,Auction,E36,"(22, 90)",28,26.0
83,Auction,E37,"(88, 29)",23,19.0
83,Auction,E38,"(61, 66)",25,24.0
83,Auction,E39,"(20, 13)",22,18.0
83,Auction,E40,"(0, 1)",22,18.0
83,Auction,E41,"(23, 20)",17,19.0
83,Auction,E42,"(36, 80)",18,24.0
83,Auction,E43,"(83, 21)",13,16.0
83,Auction,E45,"(88, 53)",20,22.0
83,Auction,E46,"(78, 48)",10,17.0
83,Auction,E47,"(42, 17)",11,13.0
83,Auction,E48,"(68, 35)",9,10.0
83,Auction,E50,"(28, 48)",9,21.0
83,Auction,E51,"(29, 19)",9,16.0
83,Auction,E52,"(17, 70)",9,30.0
83,Q-Learning,E18,"(72, 67)",64,27.0
83,Q-Learning,E19,"(13, 3)",54,27.0
83,Q-Learning,E22,"(47, 42)",51,25.0
83,Q-Learning,E23,"(57, 47)",51,17.0
83,Q-Learning,E25,"(54, 95)",48,22.0
83,Q-Learning,E26,"(16, 32)",46,13.0
83,Q-Learning,E27,"(45, 61)",43,26.0
83,Q-Learning,E28,"(20, 17)",39,15.0
83,Q-Learning,E30,"(87, 81)",39,30.0
83,Q-Learning,E31,"(36, 70)",36,20.0
83,Q-Learning,E32,"(63, 8)",39,11.0
83,Q-Learning,E33,"(13, 49)",33,16.0
83,Q-Learning,E34,"(40, 91)",26,28.0
83,Q-Learning,E35,"(17, 64)",28,15.0
83,Q-Learning,E36,"(22, 90)",28,26.0
83,Q-Learning,E37,"(88, 29)",23,19.0
83,Q-Learning,E38,"(61, 66)",25,24.0
83,Q-Learning,E39,"(20, 13)",22,18.0
83,Q-Learning,E40,"(0, 1)",22,18.0
83,Q-Learning,E41,"(23, 20)",17,19.0
83,Q-Learning,E42,"(36, 80)",18,24.0
83,Q-Learning,E43,"(83, 21)",13,16.0
83,Q-Learning,E45,"(88, 53)",20,22.0
83,Q-Learning,E46,"(78, 48)",10,17.0
83,Q-Learning,E47,"(42, 17)",11,13.0
83,Q-Learning,E48,"(68, 35)",9,10.0
83,Q-Learning,E49,"(75, 59)",11,13.0
83,Q-Learning,E50,"(28, 48)",9,21.0
83,Q-Learning,E51,"(29, 19)",9,16.0
83,Q-Learning,E52,"(17, 70)",9,30.0
84,Greedy,E15,"(53, 62)",60,13.0
84,Greedy,E16,"(54, 16)",67,27.0
84,Greedy,E19,"(13, 3)",55,27.0
84,Greedy,E21,"(25, 3)",59,11.0
84,Greedy,E22,"(47, 42)",52,25.0
84,Greedy,E23,"(57, 47)",52,17.0
84,Greedy,E24,"(47, 38)",51,17.0
84,Greedy,E25,"(54, 95)",49,22.0
84,Greedy,E26,"(16, 32)",47,13.0
84,Greedy,E27,"(45, 61)",44,26.0
84,Greedy,E28,"(20, 17)",40,15.0
84,Greedy,E29,"(16, 21)",45,20.0
84,Greedy,E30,"(87, 81)",40,30.0
84,Greedy,E31,"(36, 70)",37,20.0
84,Greedy,E32,"(63, 8)",40,11.0
84,Greedy,E33,"(13, 49)",34,16.0
84,Greedy,E34,"(40, 91)",27,28.0
84,Greedy,E36,"(22, 90)",29,26.0
84,Greedy,E37,"(88, 29)",24,19.0
84,Greedy,E38,"(61, 66)",26,24.0
84,Greedy,E39,"(20, 13)",23,18.0
84,Greedy,E40,"(0, 1)",23,18.0
84,Greedy,E41,"(23, 20)",18,19.0
84,Greedy,E42,"(36, 80)",19,24.0
84,Greedy,E43,"(83, 21)",14,16.0
84,Greedy,E44,"(84, 13)",17,12.0
84,Greedy,E45,"(88, 53)",21,22.0
84,Greedy,E46,"(78, 48)",11,17.0
84,Greedy,E47,"(42, 17)",12,13.0
84,Greedy,E48,"(68, 35)",10,10.0
84,Greedy,E49,"(75, 59)",12,13.0
84,Greedy,E50,"(28, 48)",10,21.0
84,Greedy,E51,"(29, 19)",10,16.0
84,Greedy,E52,"(17, 70)",10,30.0
84,Auction,E13,"(77, 26)",65,18.0
84,Auction,E17,"(46, 94)",61,17.0
84,Auction,E19,"(13, 3)",55,27.0
84,Auction,E21,"(25, 3)",59,11.0
84,Auction,E22,"(47, 42)",52,25.0
84,Auction,E25,"(54, 95)",49,22.0
84,Auction,E26,"(16, 32)",47,13.0
84,Auction,E27,"(45, 61)",44,26.0
84,Auction,E28,"(20, 17)",40,15.0
84,Auction,E29,"(16, 21)",45,20.0
84,Auction,E30,"(87, 81)",40,30.0
84,Auction,E31,"(36, 70)",37,20.0
84,Auction,E33,"(13, 49)",34,16.0
84,Auction,E34,"(40, 91)",27,28.0
84,Auction,E35,"(17, 64)",29,15.0
84,Auction,E36,"(22, 90)",29,26.0
84,Auction,E37,"(88, 29)",24,19.0
84,Auction,E38,"(61, 66)",26,24.0
84,Auction,E39,"(20, 13)",23,18.0
84,Auction,E40,"(0, 1)",23,18.0
84,Auction,E41,"(23, 20)",18,19.0
84,Auction,E42,"(36, 80)",19,24.0
84,Auction,E43,"(83, 21)",14,16.0
84,Auction,E45,"(88, 53)",21,22.0
84,Auction,E46,"(78, 48)",11,17.0
84,Auction,E47,"(42, 17)",12,13.0
84,Auction,E48,"(68, 35)",10,10.0
84,Auction,E50,"(28, 48)",10,21.0
84,Auction,E51,"(29, 19)",10,16.0
84,Auction,E52,"(17, 70)",10,30.0
84,Q-Learning,E18,"(72, 67)",65,27.0
84,Q-Learning,E19,"(13, 3)",55,27.0
84,Q-Learning,E22,"(47, 42)",52,25.0
84,Q-Learning,E23,"(57, 47)",52,17.0
84,Q-Learning,E25,"(54, 95)",49,22.0
84,Q-Learning,E26,"(16, 32)",47,13.0
84,Q-Learning,E27,"(45, 61)",44,26.0
84,Q-Learning,E28,"(20, 17)",40,15.0
84,Q-Learning,E30,"(87, 81)",40,30.0
84,Q-Learning,E31,"(36, 70)",37,20.0
84,Q-Learning,E32,"(63, 8)",40,11.0
84,Q-Learning,E33,"(13, 49)",34,16.0
84,Q-Learning,E34,"(40, 91)",27,28.0
84,Q-Learning,E35,"(17, 64)",29,15.0
84,Q-Learning,E36,"(22, 90)",29,26.0
84,Q-Learning,E37,"(88, 29)",24,19.0
84,Q-Learning,E38,"(61, 66)",26,24.0
84,Q-Learning,E39,"(20, 13)",23,18.0
84,Q-Learning,E40,"(0, 1)",23,18.0
84,Q-Learning,E41,"(23, 20)",18,19.0
84,Q-Learning,E42,"(36, 80)",19,24.0
84,Q-Learning,E43,"(83, 21)",14,16.0
84,Q-Learning,E45,"(88, 53)",21,22.0
84,Q-Learning,E46,"(78, 48)",11,17.0
84,Q-Learning,E47,"(42, 17)",12,13.0
84,Q-Learning,E48,"(68, 35)",10,10.0
84,Q-Learning,E49,"(75, 59)",12,13.0
84,Q-Learning,E50,"(28, 48)",10,21.0
84,Q-Learning,E51,"(29, 19)",10,16.0
84,Q-Learning,E52,"(17, 70)",10,30.0
85,Greedy,E15,"(53, 62)",61,13.0
85,Greedy,E16,"(54, 16)",68,27.0
85,Greedy,E19,"(13, 3)",56,27.0
85,Greedy,E21,"(25, 3)",60,11.0
85,Greedy,E22,"(47, 42)",53,25.0
85,Greedy,E23,"(57, 47)",53,17.0
85,Greedy,E24,"(47, 38)",52,17.0
85,Greedy,E25,"(54, 95)",50,22.0
85,Greedy,E26,"(16, 32)",48,13.0
85,Greedy,E27,"(45, 61)",45,26.0
85,Greedy,E28,"(20, 17)",41,15.0
85,Greedy,E29,"(16, 21)",46,20.0
85,Greedy,E30,"(87, 81)",41,30.0
85,Greedy,E31,"(36, 70)",38,20.0
85,Greedy,E32,"(63, 8)",41,11.0
85,Greedy,E33,"(13, 49)",35,16.0
85,Greedy,E34,"(40, 91)",28,28.0
85,Greedy,E36,"(22, 90)",30,26.0
85,Greedy,E37,"(88, 29)",25,19.0
85,Greedy,E38,"(61, 66)",27,24.0
85,Greedy,E39,"(20, 13)",24,18.0
85,Greedy,E40,"(0, 1)",24,18.0
85,Greedy,E41,"(23, 20)",19,19.0
85,Greedy,E42,"(36, 80)",20,24.0
85,Greedy,E43,"(83, 21)",15,16.0
85,Greedy,E44,"(84, 13)",18,12.0
85,Greedy,E45,"(88, 53)",22,22.0
85,Greedy,E46,"(78, 48)",12,17.0
85,Greedy,E47,"(42, 17)",13,13.0
85,Greedy,E48,"(68, 35)",11,10.0
85,Greedy,E49,"(75, 59)",13,13.0
85,Greedy,E50,"(28, 48)",11,21.0
85,Greedy,E51,"(29, 19)",11,16.0
85,Greedy,E52,"(17, 70)",11,30.0
85,Greedy,E53,"(80, 55)",6,28.0
85,Auction,E13,"(77, 26)",66,18.0
85,Auction,E17,"(46, 94)",62,17.0
85,Auction,E19,"(13, 3)",56,27.0
85,Auction,E21,"(25, 3)",60,11.0
85,Auction,E22,"(47, 42)",53,25.0
85,Auction,E25,"(54, 95)",50,22.0
85,Auction,E26,"(16, 32)",48,13.0
85,Auction,E27,"(45, 61)",45,26.0
85,Auction,E28,"(20, 17)",41,15.0
85,Auction,E29,"(16, 21)",46,20.0
85,Auction,E30,"(87, 81)",41,30.0
85,Auction,E31,"(36, 70)",38,20.0
85,Auction,E33,"(13, 49)",35,16.0
85,Auction,E34,"(40, 91)",28,28.0
85,Auction,E35,"(17, 64)",30,15.0
85,Auction,E36,"(22, 90)",30,26.0
85,Auction,E37,"(88, 29)",25,19.0
85,Auction,E38,"(61, 66)",27,24.0
85,Auction,E39,"(20, 13)",24,18.0
85,Auction,E40,"(0, 1)",24,18.0
85,Auction,E41,"(23, 20)",19,19.0
85,Auction,E42,"(36, 80)",20,24.0
85,Auction,E43,"(83, 21)",15,16.0
85,Auction,E45,"(88, 53)",22,22.0
85,Auction,E46,"(78, 48)",12,17.0
85,Auction,E47,"(42, 17)",13,13.0
85,Auction,E48,"(68, 35)",11,10.0
85,Auction,E50,"(28, 48)",11,21.0
85,Auction,E51,"(29, 19)",11,16.0
85,Auction,E52,"(17, 70)",11,30.0
85,Auction,E53,"(80, 55)",6,28.0
85,Q-Learning,E18,"(72, 67)",66,27.0
85,Q-Learning,E19,"(13, 3)",56,27.0
85,Q-Learning,E22,"(47, 42)",53,25.0
85,Q-Learning,E23,"(57, 47)",53,17.0
85,Q-Learning,E25,"(54, 95)",50,22.0
85,Q-Learning,E26,"(16, 32)",48,13.0
85,Q-Learning,E27,"(45, 61)",45,26.0
85,Q-Learning,E28,"(20, 17)",41,15.0
85,Q-Learning,E30,"(87, 81)",41,30.0
85,Q-Learning,E31,"(36, 70)",38,20.0
85,Q-Learning,E32,"(63, 8)",41,11.0
85,Q-Learning,E33,"(13, 49)",35,16.0
85,Q-Learning,E34,"(40, 91)",28,28.0
85,Q-Learning,E35,"(17, 64)",30,15.0
85,Q-Learning,E36,"(22, 90)",30,26.0
85,Q-Learning,E37,"(88, 29)",25,19.0
85,Q-Learning,E38,"(61, 66)",27,24.0
85,Q-Learning,E39,"(20, 13)",24,18.0
85,Q-Learning,E40,"(0, 1)",24,18.0
85,Q-Learning,E41,"(23, 20)",19,19.0
85,Q-Learning,E42,"(36, 80)",20,24.0
85,Q-Learning,E43,"(83, 21)",15,16.0
85,Q-Learning,E45,"(88, 53)",22,22.0
85,Q-Learning,E46,"(78, 48)",12,17.0
85,Q-Learning,E47,"(42, 17)",13,13.0
85,Q-Learning,E48,"(68, 35)",11,10.0
85,Q-Learning,E49,"(75, 59)",13,13.0
85,Q-Learning,E50,"(28, 48)",11,21.0
85,Q-Learning,E51,"(29, 19)",11,16.0
85,Q-Learning,E52,"(17, 70)",11,30.0
85,Q-Learning,E53,"(80, 55)",6,28.0
86,Greedy,E15,"(53, 62)",62,13.0
86,Greedy,E16,"(54, 16)",69,27.0
86,Greedy,E19,"(13, 3)",57,27.0
86,Greedy,E21,"(25, 3)",61,11.0
86,Greedy,E22,"(47, 42)",54,25.0
86,Greedy,E23,"(57, 47)",54,17.0
86,Greedy,E24,"(47, 38)",53,17.0
86,Greedy,E25,"(54, 95)",51,22.0
86,Greedy,E26,"(16, 32)",49,13.0
86,Greedy,E27,"(45, 61)",46,26.0
86,Greedy,E28,"(20, 17)",42,15.0
86,Greedy,E29,"(16, 21)",47,20.0
86,Greedy,E30,"(87, 81)",42,30.0
86,Greedy,E31,"(36, 70)",39,20.0
86,Greedy,E32,"(63, 8)",42,11.0
86,Greedy,E33,"(13, 49)",36,16.0
86,Greedy,E34,"(40, 91)",29,28.0
86,Greedy,E36,"(22, 90)",31,26.0
86,Greedy,E37,"(88, 29)",26,19.0
86,Greedy,E38,"(61, 66)",28,24.0
86,Greedy,E39,"(20, 13)",25,18.0
86,Greedy,E40,"(0, 1)",25,18.0
86,Greedy,E41,"(23, 20)",20,19.0
86,Greedy,E42,"(36, 80)",21,24.0
86,Greedy,E43,"(83, 21)",16,16.0
86,Greedy,E44,"(84, 13)",19,12.0
86,Greedy,E45,"(88, 53)",23,22.0
86,Greedy,E46,"(78, 48)",13,17.0
86,Greedy,E47,"(42, 17)",14,13.0
86,Greedy,E48,"(68, 35)",12,10.0
86,Greedy,E49,"(75, 59)",14,13.0
86,Greedy,E50,"(28, 48)",12,21.0
86,Greedy,E51,"(29, 19)",12,16.0
86,Greedy,E52,"(17, 70)",12,30.0
86,Greedy,E53,"(80, 55)",7,28.0
86,Auction,E13,"(77, 26)",67,18.0
86,Auction,E17,"(46, 94)",63,17.0
86,Auction,E19,"(13, 3)",57,27.0
86,Auction,E21,"(25, 3)",61,11.0
86,Auction,E22,"(47, 42)",54,25.0
86,Auction,E25,"(54, 95)",51,22.0
86,Auction,E26,"(16, 32)",49,13.0
86,Auction,E27,"(45, 61)",46,26.0
86,Auction,E28,"(20, 17)",42,15.0
86,Auction,E29,"(16, 21)",47,20.0
86,Auction,E30,"(87, 81)",42,30.0
86,Auction,E31,"(36, 70)",39,20.0
86,Auction,E33,"(13, 49)",36,16.0
86,Auction,E34,"(40, 91)",29,28.0
86,Auction,E35,"(17, 64)",31,15.0
86,Auction,E36,"(22, 90)",31,26.0
86,Auction,E37,"(88, 29)",26,19.0
86,Auction,E38,"(61, 66)",28,24.0
86,Auction,E39,"(20, 13)",25,18.0
86,Auction,E40,"(0, 1)",25,18.0
86,Auction,E41,"(23, 20)",20,19.0
86,Auction,E42,"(36, 80)",21,24.0
86,Auction,E43,"(83, 21)",16,16.0
86,Auction,E45,"(88, 53)",23,22.0
86,Auction,E46,"(78, 48)",13,17.0
86,Auction,E47,"(42, 17)",14,13.0
86,Auction,E48,"(68, 35)",12,10.0
86,Auction,E50,"(28, 48)",12,21.0
86,Auction,E51,"(29, 19)",12,16.0
86,Auction,E52,"(17, 70)",12,30.0
86,Auction,E53,"(80, 55)",7,28.0
86,Q-Learning,E18,"(72, 67)",67,27.0
86,Q-Learning,E19,"(13, 3)",57,27.0
86,Q-Learning,E22,"(47, 42)",54,25.0
86,Q-Learning,E23,"(57, 47)",54,17.0
86,Q-Learning,E25,"(54, 95)",51,22.0
86,Q-Learning,E26,"(16, 32)",49,13.0
86,Q-Learning,E27,"(45, 61)",46,26.0
86,Q-Learning,E28,"(20, 17)",42,15.0
86,Q-Learning,E30,"(87, 81)",42,30.0
86,Q-Learning,E31,"(36, 70)",39,20.0
86,Q-Learning,E32,"(63, 8)",42,11.0
86,Q-Learning,E33,"(13, 49)",36,16.0
86,Q-Learning,E34,"(40, 91)",29,28.0
86,Q-Learning,E35,"(17, 64)",31,15.0
86,Q-Learning,E36,"(22, 90)",31,26.0
86,Q-Learning,E37,"(88, 29)",26,19.0
86,Q-Learning,E38,"(61, 66)",28,24.0
86,Q-Learning,E39,"(20, 13)",25,18.0
86,Q-Learning,E40,"(0, 1)",25,18.0
86,Q-Learning,E41,"(23, 20)",20,19.0
86,Q-Learning,E42,"(36, 80)",21,24.0
86,Q-Learning,E43,"(83, 21)",16,16.0
86,Q-Learning,E45,"(88, 53)",23,22.0
86,Q-Learning,E46,"(78, 48)",13,17.0
86,Q-Learning,E47,"(42, 17)",14,13.0
86,Q-Learning,E48,"(68, 35)",12,10.0
86,Q-Learning,E49,"(75, 59)",14,13.0
86,Q-Learning,E50,"(28, 48)",12,21.0
86,Q-Learning,E51,"(29, 19)",12,16.0
86,Q-Learning,E52,"(17, 70)",12,30.0
86,Q-Learning,E53,"(80, 55)",7,28.0
87,Greedy,E15,"(53, 62)",63,13.0
87,Greedy,E16,"(54, 16)",70,27.0
87,Greedy,E19,"(13, 3)",58,27.0
87,Greedy,E21,"(25, 3)",62,11.0
87,Greedy,E22,"(47, 42)",55,25.0
87,Greedy,E23,"(57, 47)",55,17.0
87,Greedy,E24,"(47, 38)",54,17.0
87,Greedy,E25,"(54, 95)",52,22.0
87,Greedy,E26,"(16, 32)",50,13.0
87,Greedy,E27,"(45, 61)",47,26.0
87,Greedy,E28,"(20, 17)",43,15.0
87,Greedy,E29,"(16, 21)",48,20.0
87,Greedy,E30,"(87, 81)",43,30.0
87,Greedy,E31,"(36, 70)",40,20.0
87,Greedy,E32,"(63, 8)",43,11.0
87,Greedy,E33,"(13, 49)",37,16.0
87,Greedy,E34,"(40, 91)",30,28.0
87,Greedy,E36,"(22, 90)",32,26.0
87,Greedy,E37,"(88, 29)",27,19.0
87,Greedy,E38,"(61, 66)",29,24.0
87,Greedy,E39,"(20, 13)",26,18.0
87,Greedy,E40,"(0, 1)",26,18.0
87,Greedy,E41,"(23, 20)",21,19.0
87,Greedy,E42,"(36, 80)",22,24.0
87,Greedy,E43,"(83, 21)",17,16.0
87,Greedy,E44,"(84, 13)",20,12.0
87,Greedy,E45,"(88, 53)",24,22.0
87,Greedy,E46,"(78, 48)",14,17.0
87,Greedy,E47,"(42, 17)",15,13.0
87,Greedy,E48,"(68, 35)",13,10.0
87,Greedy,E49,"(75, 59)",15,13.0
87,Greedy,E50,"(28, 48)",13,21.0
87,Greedy,E51,"(29, 19)",13,16.0
87,Greedy,E52,"(17, 70)",13,30.0
87,Greedy,E53,"(80, 55)",8,28.0
87,Auction,E13,"(77, 26)",68,18.0
87,Auction,E17,"(46, 94)",64,17.0
87,Auction,E19,"(13, 3)",58,27.0
87,Auction,E21,"(25, 3)",62,11.0
87,Auction,E22,"(47, 42)",55,25.0
87,Auction,E25,"(54, 95)",52,22.0
87,Auction,E26,"(16, 32)",50,13.0
87,Auction,E27,"(45, 61)",47,26.0
87,Auction,E28,"(20, 17)",43,15.0
87,Auction,E29,"(16, 21)",48,20.0
87,Auction,E30,"(87, 81)",43,30.0
87,Auction,E31,"(36, 70)",40,20.0
87,Auction,E33,"(13, 49)",37,16.0
87,Auction,E34,"(40, 91)",30,28.0
87,Auction,E35,"(17, 64)",32,15.0
87,Auction,E36,"(22, 90)",32,26.0
87,Auction,E37,"(88, 29)",27,19.0
87,Auction,E38,"(61, 66)",29,24.0
87,Auction,E39,"(20, 13)",26,18.0
87,Auction,E40,"(0, 1)",26,18.0
87,Auction,E41,"(23, 20)",21,19.0
87,Auction,E42,"(36, 80)",22,24.0
87,Auction,E43,"(83, 21)",17,16.0
87,Auction,E45,"(88, 53)",24,22.0
87,Auction,E46,"(78, 48)",14,17.0
87,Auction,E47,"(42, 17)",15,13.0
87,Auction,E48,"(68, 35)",13,10.0
87,Auction,E50,"(28, 48)",13,21.0
87,Auction,E51,"(29, 19)",13,16.0
87,Auction,E52,"(17, 70)",13,30.0
87,Auction,E53,"(80, 55)",8,28.0
87,Q-Learning,E18,"(72, 67)",68,27.0
87,Q-Learning,E19,"(13, 3)",58,27.0
87,Q-Learning,E22,"(47, 42)",55,25.0
87,Q-Learning,E23,"(57, 47)",55,17.0
87,Q-Learning,E25,"(54, 95)",52,22.0
87,Q-Learning,E26,"(16, 32)",50,13.0
87,Q-Learning,E27,"(45, 61)",47,26.0
87,Q-Learning,E28,"(20, 17)",43,15.0
87,Q-Learning,E30,"(87, 81)",43,30.0
87,Q-Learning,E31,"(36, 70)",40,20.0
87,Q-Learning,E32,"(63, 8)",43,11.0
87,Q-Learning,E33,"(13, 49)",37,16.0
87,Q-Learning,E34,"(40, 91)",30,28.0
87,Q-Learning,E35,"(17, 64)",32,15.0
87,Q-Learning,E36,"(22, 90)",32,26.0
87,Q-Learning,E37,"(88, 29)",27,19.0
87,Q-Learning,E38,"(61, 66)",29,24.0
87,Q-Learning,E39,"(20, 13)",26,18.0
87,Q-Learning,E40,"(0, 1)",26,18.0
87,Q-Learning,E41,"(23, 20)",21,19.0
87,Q-Learning,E42,"(36, 80)",22,24.0
87,Q-Learning,E43,"(83, 21)",17,16.0
87,Q-Learning,E45,"(88, 53)",24,22.0
87,Q-Learning,E46,"(78, 48)",14,17.0
87,Q-Learning,E47,"(42, 17)",15,13.0
87,Q-Learning,E48,"(68, 35)",13,10.0
87,Q-Learning,E49,"(75, 59)",15,13.0
87,Q-Learning,E50,"(28, 48)",13,21.0
87,Q-Learning,E51,"(29, 19)",13,16.0
87,Q-Learning,E52,"(17, 70)",13,30.0
87,Q-Learning,E53,"(80, 55)",8,28.0
88,Greedy,E15,"(53, 62)",64,13.0
88,Greedy,E16,"(54, 16)",71,27.0
88,Greedy,E19,"(13, 3)",59,27.0
88,Greedy,E21,"(25, 3)",63,11.0
88,Greedy,E22,"(47, 42)",56,25.0
88,Greedy,E23,"(57, 47)",56,17.0
88,Greedy,E24,"(47, 38)",55,17.0
88,Greedy,E25,"(54, 95)",53,22.0
88,Greedy,E26,"(16, 32)",51,13.0
88,Greedy,E27,"(45, 61)",48,26.0
88,Greedy,E28,"(20, 17)",44,15.0
88,Greedy,E29,"(16, 21)",49,20.0
88,Greedy,E30,"(87, 81)",44,30.0
88,Greedy,E31,"(36, 70)",41,20.0
88,Greedy,E32,"(63, 8)",44,11.0
88,Greedy,E33,"(13, 49)",38,16.0
88,Greedy,E34,"(40, 91)",31,28.0
88,Greedy,E36,"(22, 90)",33,26.0
88,Greedy,E37,"(88, 29)",28,19.0
88,Greedy,E38,"(61, 66)",30,24.0
88,Greedy,E39,"(20, 13)",27,18.0
88,Greedy,E40,"(0, 1)",27,18.0
88,Greedy,E41,"(23, 20)",22,19.0
88,Greedy,E42,"(36, 80)",23,24.0
88,Greedy,E43,"(83, 21)",18,16.0
88,Greedy,E44,"(84, 13)",21,12.0
88,Greedy,E45,"(88, 53)",25,22.0
88,Greedy,E46,"(78, 48)",15,17.0
88,Greedy,E47,"(42, 17)",16,13.0
88,Greedy,E48,"(68, 35)",14,10.0
88,Greedy,E49,"(75, 59)",16,13.0
88,Greedy,E50,"(28, 48)",14,21.0
88,Greedy,E51,"(29, 19)",14,16.0
88,Greedy,E52,"(17, 70)",14,30.0
88,Greedy,E53,"(80, 55)",9,28.0
88,Auction,E13,"(77, 26)",69,18.0
88,Auction,E17,"(46, 94)",65,17.0
88,Auction,E19,"(13, 3)",59,27.0
88,Auction,E21,"(25, 3)",63,11.0
88,Auction,E22,"(47, 42)",56,25.0
88,Auction,E25,"(54, 95)",53,22.0
88,Auction,E26,"(16, 32)",51,13.0
88,Auction,E27,"(45, 61)",48,26.0
88,Auction,E28,"(20, 17)",44,15.0
88,Auction,E29,"(16, 21)",49,20.0
88,Auction,E30,"(87, 81)",44,30.0
88,Auction,E31,"(36, 70)",41,20.0
88,Auction,E33,"(13, 49)",38,16.0
88,Auction,E34,"(40, 91)",31,28.0
88,Auction,E35,"(17, 64)",33,15.0
88,Auction,E36,"(22, 90)",33,26.0
88,Auction,E37,"(88, 29)",28,19.0
88,Auction,E38,"(61, 66)",30,24.0
88,Auction,E39,"(20, 13)",27,18.0
88,Auction,E40,"(0, 1)",27,18.0
88,Auction,E41,"(23, 20)",22,19.0
88,Auction,E42,"(36, 80)",23,24.0
88,Auction,E43,"(83, 21)",18,16.0
88,Auction,E45,"(88, 53)",25,22.0
88,Auction,E46,"(78, 48)",15,17.0
88,Auction,E47,"(42, 17)",16,13.0
88,Auction,E48,"(68, 35)",14,10.0
88,Auction,E50,"(28, 48)",14,21.0
88,Auction,E51,"(29, 19)",14,16.0
88,Auction,E52,"(17, 70)",14,30.0
88,Auction,E53,"(80, 55)",9,28.0
88,Q-Learning,E18,"(72, 67)",69,27.0
88,Q-Learning,E19,"(13, 3)",59,27.0
88,Q-Learning,E22,"(47, 42)",56,25.0
88,Q-Learning,E23,"(57, 47)",56,17.0
88,Q-Learning,E25,"(54, 95)",53,22.0
88,Q-Learning,E26,"(16, 32)",51,13.0
88,Q-Learning,E27,"(45, 61)",48,26.0
88,Q-Learning,E28,"(20, 17)",44,15.0
88,Q-Learning,E30,"(87, 81)",44,30.0
88,Q-Learning,E31,"(36, 70)",41,20.0
88,Q-Learning,E32,"(63, 8)",44,11.0
88,Q-Learning,E33,"(13, 49)",38,16.0
88,Q-Learning,E34,"(40, 91)",31,28.0
88,Q-Learning,E35,"(17, 64)",33,15.0
88,Q-Learning,E36,"(22, 90)",33,26.0
88,Q-Learning,E37,"(88, 29)",28,19.0
88,Q-Learning,E38,"(61, 66)",30,24.0
88,Q-Learning,E39,"(20, 13)",27,18.0
88,Q-Learning,E40,"(0, 1)",27,18.0
88,Q-Learning,E41,"(23, 20)",22,19.0
88,Q-Learning,E42,"(36, 80)",23,24.0
88,Q-Learning,E43,"(83, 21)",18,16.0
88,Q-Learning,E45,"(88, 53)",25,22.0
88,Q-Learning,E46,"(78, 48)",15,17.0
88,Q-Learning,E47,"(42, 17)",16,13.0
88,Q-Learning,E48,"(68, 35)",14,10.0
88,Q-Learning,E49,"(75, 59)",16,13.0
88,Q-Learning,E50,"(28, 48)",14,21.0
88,Q-Learning,E51,"(29, 19)",14,16.0
88,Q-Learning,E52,"(17, 70)",14,30.0
88,Q-Learning,E53,"(80, 55)",9,28.0
89,Greedy,E15,"(53, 62)",65,13.0
89,Greedy,E16,"(54, 16)",72,27.0
89,Greedy,E19,"(13, 3)",60,27.0
89,Greedy,E21,"(25, 3)",64,11.0
89,Greedy,E22,"(47, 42)",57,25.0
89,Greedy,E23,"(57, 47)",57,17.0
89,Greedy,E24,"(47, 38)",56,17.0
89,Greedy,E25,"(54, 95)",54,22.0
89,Greedy,E26,"(16, 32)",52,13.0
89,Greedy,E27,"(45, 61)",49,26.0
89,Greedy,E28,"(20, 17)",45,15.0
89,Greedy,E29,"(16, 21)",50,20.0
89,Greedy,E30,"(87, 81)",45,30.0
89,Greedy,E31,"(36, 70)",42,20.0
89,Greedy,E32,"(63, 8)",45,11.0
89,Greedy,E33,"(13, 49)",39,16.0
89,Greedy,E34,"(40, 91)",32,28.0
89,Greedy,E36,"(22, 90)",34,26.0
89,Greedy,E37,"(88, 29)",29,19.0
89,Greedy,E38,"(61, 66)",31,24.0
89,Greedy,E39,"(20, 13)",28,18.0
89,Greedy,E40,"(0, 1)",28,18.0
89,Greedy,E41,"(23, 20)",23,19.0
89,Greedy,E42,"(36, 80)",24,24.0
89,Greedy,E43,"(83, 21)",19,16.0
89,Greedy,E44,"(84, 13)",22,12.0
89,Greedy,E45,"(88, 53)",26,22.0
89,Greedy,E46,"(78, 48)",16,17.0
89,Greedy,E47,"(42, 17)",17,13.0
89,Greedy,E48,"(68, 35)",15,10.0
89,Greedy,E49,"(75, 59)",17,13.0
89,Greedy,E50,"(28, 48)",15,21.0
89,Greedy,E51,"(29, 19)",15,16.0
89,Greedy,E52,"(17, 70)",15,30.0
89,Greedy,E53,"(80, 55)",10,28.0
89,Greedy,E54,"(19, 61)",4,16.0
89,Auction,E13,"(77, 26)",70,18.0
89,Auction,E17,"(46, 94)",66,17.0
89,Auction,E19,"(13, 3)",60,27.0
89,Auction,E21,"(25, 3)",64,11.0
89,Auction,E22,"(47, 42)",57,25.0
89,Auction,E25,"(54, 95)",54,22.0
89,Auction,E26,"(16, 32)",52,13.0
89,Auction,E27,"(45, 61)",49,26.0
89,Auction,E28,"(20, 17)",45,15.0
89,Auction,E29,"(16, 21)",50,20.0
89,Auction,E30,"(87, 81)",45,30.0
89,Auction,E31,"(36, 70)",42,20.0
89,Auction,E33,"(13, 49)",39,16.0
89,Auction,E34,"(40, 91)",32,28.0
89,Auction,E35,"(17, 64)",34,15.0
89,Auction,E36,"(22, 90)",34,26.0
89,Auction,E37,"(88, 29)",29,19.0
89,Auction,E38,"(61, 66)",31,24.0
89,Auction,E39,"(20, 13)",28,18.0
89,Auction,E40,"(0, 1)",28,18.0
89,Auction,E41,"(23, 20)",23,19.0
89,Auction,E42,"(36, 80)",24,24.0
89,Auction,E43,"(83, 21)",19,16.0
89,Auction,E45,"(88, 53)",26,22.0
89,Auction,E46,"(78, 48)",16,17.0
89,Auction,E47,"(42, 17)",17,13.0
89,Auction,E48,"(68, 35)",15,10.0
89,Auction,E50,"(28, 48)",15,21.0
89,Auction,E51,"(29, 19)",15,16.0
89,Auction,E52,"(17, 70)",15,30.0
89,Auction,E53,"(80, 55)",10,28.0
89,Auction,E54,"(19, 61)",4,16.0
89,Q-Learning,E18,"(72, 67)",70,27.0
89,Q-Learning,E19,"(13, 3)",60,27.0
89,Q-Learning,E22,"(47, 42)",57,25.0
89,Q-Learning,E23,"(57, 47)",57,17.0
89,Q-Learning,E25,"(54, 95)",54,22.0
89,Q-Learning,E26,"(16, 32)",52,13.0
89,Q-Learning,E27,"(45, 61)",49,26.0
89,Q-Learning,E28,"(20, 17)",45,15.0
89,Q-Learning,E30,"(87, 81)",45,30.0
89,Q-Learning,E31,"(36, 70)",42,20.0
89,Q-Learning,E32,"(63, 8)",45,11.0
89,Q-Learning,E33,"(13, 49)",39,16.0
89,Q-Learning,E34,"(40, 91)",32,28.0
89,Q-Learning,E35,"(17, 64)",34,15.0
89,Q-Learning,E36,"(22, 90)",34,26.0
89,Q-Learning,E37,"(88, 29)",29,19.0
89,Q-Learning,E38,"(61, 66)",31,24.0
89,Q-Learning,E39,"(20, 13)",28,18.0
89,Q-Learning,E40,"(0, 1)",28,18.0
89,Q-Learning,E41,"(23, 20)",23,19.0
89,Q-Learning,E42,"(36, 80)",24,24.0
89,Q-Learning,E43,"(83, 21)",19,16.0
89,Q-Learning,E45,"(88, 53)",26,22.0
89,Q-Learning,E46,"(78, 48)",16,17.0
89,Q-Learning,E47,"(42, 17)",17,13.0
89,Q-Learning,E48,"(68, 35)",15,10.0
89,Q-Learning,E49,"(75, 59)",17,13.0
89,Q-Learning,E50,"(28, 48)",15,21.0
89,Q-Learning,E51,"(29, 19)",15,16.0
89,Q-Learning,E52,"(17, 70)",15,30.0
89,Q-Learning,E53,"(80, 55)",10,28.0
89,Q-Learning,E54,"(19, 61)",4,16.0
90,Greedy,E15,"(53, 62)",66,13.0
90,Greedy,E16,"(54, 16)",73,27.0
90,Greedy,E19,"(13, 3)",61,27.0
90,Greedy,E21,"(25, 3)",65,11.0
90,Greedy,E22,"(47, 42)",58,25.0
90,Greedy,E23,"(57, 47)",58,17.0
90,Greedy,E24,"(47, 38)",57,17.0
90,Greedy,E25,"(54, 95)",55,22.0
90,Greedy,E26,"(16, 32)",53,13.0
90,Greedy,E27,"(45, 61)",50,26.0
90,Greedy,E28,"(20, 17)",46,15.0
90,Greedy,E29,"(16, 21)",51,20.0
90,Greedy,E30,"(87, 81)",46,30.0
90,Greedy,E31,"(36, 70)",43,20.0
90,Greedy,E32,"(63, 8)",46,11.0
90,Greedy,E33,"(13, 49)",40,16.0
90,Greedy,E34,"(40, 91)",33,28.0
90,Greedy,E36,"(22, 90)",35,26.0
90,Greedy,E37,"(88, 29)",30,19.0
90,Greedy,E38,"(61, 66)",32,24.0
90,Greedy,E39,"(20, 13)",29,18.0
90,Greedy,E40,"(0, 1)",29,18.0
90,Greedy,E41,"(23, 20)",24,19.0
90,Greedy,E42,"(36, 80)",25,24.0
90,Greedy,E43,"(83, 21)",20,16.0
90,Greedy,E44,"(84, 13)",23,12.0
90,Greedy,E45,"(88, 53)",27,22.0
90,Greedy,E46,"(78, 48)",17,17.0
90,Greedy,E47,"(42, 17)",18,13.0
90,Greedy,E48,"(68, 35)",16,10.0
90,Greedy,E49,"(75, 59)",18,13.0
90,Greedy,E50,"(28, 48)",16,21.0
90,Greedy,E51,"(29, 19)",16,16.0
90,Greedy,E52,"(17, 70)",16,30.0
90,Greedy,E53,"(80, 55)",11,28.0
90,Greedy,E54,"(19, 61)",5,16.0
90,Greedy,E55,"(40, 47)",9,10.0
90,Auction,E13,"(77, 26)",71,18.0
90,Auction,E17,"(46, 94)",67,17.0
90,Auction,E19,"(13, 3)",61,27.0
90,Auction,E21,"(25, 3)",65,11.0
90,Auction,E22,"(47, 42)",58,25.0
90,Auction,E25,"(54, 95)",55,22.0
90,Auction,E26,"(16, 32)",53,13.0
90,Auction,E27,"(45, 61)",50,26.0
90,Auction,E28,"(20, 17)",46,15.0
90,Auction,E29,"(16, 21)",51,20.0
90,Auction,E30,"(87, 81)",46,30.0
90,Auction,E31,"(36, 70)",43,20.0
90,Auction,E33,"(13, 49)",40,16.0
90,Auction,E34,"(40, 91)",33,28.0
90,Auction,E35,"(17, 64)",35,15.0
90,Auction,E36,"(22, 90)",35,26.0
90,Auction,E37,"(88, 29)",30,19.0
90,Auction,E38,"(61, 66)",32,24.0
90,Auction,E39,"(20, 13)",29,18.0
90,Auction,E40,"(0, 1)",29,18.0
90,Auction,E41,"(23, 20)",24,19.0
90,Auction,E42,"(36, 80)",25,24.0
90,Auction,E43,"(83, 21)",20,16.0
90,Auction,E45,"(88, 53)",27,22.0
90,Auction,E46,"(78, 48)",17,17.0
90,Auction,E47,"(42, 17)",18,13.0
90,Auction,E48,"(68, 35)",16,10.0
90,Auction,E50,"(28, 48)",16,21.0
90,Auction,E51,"(29, 19)",16,16.0
90,Auction,E52,"(17, 70)",16,30.0
90,Auction,E53,"(80, 55)",11,28.0
90,Auction,E54,"(19, 61)",5,16.0
90,Auction,E55,"(40, 47)",9,10.0
90,Q-Learning,E18,"(72, 67)",71,27.0
90,Q-Learning,E19,"(13, 3)",61,27.0
90,Q-Learning,E22,"(47, 42)",58,25.0
90,Q-Learning,E23,"(57, 47)",58,17.0
90,Q-Learning,E25,"(54, 95)",55,22.0
90,Q-Learning,E26,"(16, 32)",53,13.0
90,Q-Learning,E27,"(45, 61)",50,26.0
90,Q-Learning,E28,"(20, 17)",46,15.0
90,Q-Learning,E30,"(87, 81)",46,30.0
90,Q-Learning,E31,"(36, 70)",43,20.0
90,Q-Learning,E32,"(63, 8)",46,11.0
90,Q-Learning,E33,"(13, 49)",40,16.0
90,Q-Learning,E34,"(40, 91)",33,28.0
90,Q-Learning,E35,"(17, 64)",35,15.0
90,Q-Learning,E36,"(22, 90)",35,26.0
90,Q-Learning,E37,"(88, 29)",30,19.0
90,Q-Learning,E38,"(61, 66)",32,24.0
90,Q-Learning,E39,"(20, 13)",29,18.0
90,Q-Learning,E40,"(0, 1)",29,18.0
90,Q-Learning,E41,"(23, 20)",24,19.0
90,Q-Learning,E42,"(36, 80)",25,24.0
90,Q-Learning,E43,"(83, 21)",20,16.0
90,Q-Learning,E45,"(88, 53)",27,22.0
90,Q-Learning,E46,"(78, 48)",17,17.0
90,Q-Learning,E47,"(42, 17)",18,13.0
90,Q-Learning,E48,"(68, 35)",16,10.0
90,Q-Learning,E49,"(75, 59)",18,13.0
90,Q-Learning,E50,"(28, 48)",16,21.0
90,Q-Learning,E51,"(29, 19)",16,16.0
90,Q-Learning,E52,"(17, 70)",16,30.0
90,Q-Learning,E53,"(80, 55)",11,28.0
90,Q-Learning,E54,"(19, 61)",5,16.0
90,Q-Learning,E55,"(40, 47)",9,10.0
91,Greedy,E15,"(53, 62)",67,13.0
91,Greedy,E16,"(54, 16)",74,27.0
91,Greedy,E19,"(13, 3)",62,27.0
91,Greedy,E21,"(25, 3)",66,11.0
91,Greedy,E22,"(47, 42)",59,25.0
91,Greedy,E23,"(57, 47)",59,17.0
91,Greedy,E24,"(47, 38)",58,17.0
91,Greedy,E25,"(54, 95)",56,22.0
91,Greedy,E26,"(16, 32)",54,13.0
91,Greedy,E27,"(45, 61)",51,26.0
91,Greedy,E28,"(20, 17)",47,15.0
91,Greedy,E29,"(16, 21)",52,20.0
91,Greedy,E30,"(87, 81)",47,30.0
91,Greedy,E31,"(36, 70)",44,20.0
91,Greedy,E32,"(63, 8)",47,11.0
91,Greedy,E33,"(13, 49)",41,16.0
91,Greedy,E34,"(40, 91)",34,28.0
91,Greedy,E36,"(22, 90)",36,26.0
91,Greedy,E37,"(88, 29)",31,19.0
91,Greedy,E38,"(61, 66)",33,24.0
91,Greedy,E39,"(20, 13)",30,18.0
91,Greedy,E40,"(0, 1)",30,18.0
91,Greedy,E41,"(23, 20)",25,19.0
91,Greedy,E42,"(36, 80)",26,24.0
91,Greedy,E43,"(83, 21)",21,16.0
91,Greedy,E44,"(84, 13)",24,12.0
91,Greedy,E45,"(88, 53)",28,22.0
91,Greedy,E46,"(78, 48)",18,17.0
91,Greedy,E47,"(42, 17)",19,13.0
91,Greedy,E48,"(68, 35)",17,10.0
91,Greedy,E49,"(75, 59)",19,13.0
91,Greedy,E50,"(28, 48)",17,21.0
91,Greedy,E51,"(29, 19)",17,16.0
91,Greedy,E52,"(17, 70)",17,30.0
91,Greedy,E53,"(80, 55)",12,28.0
91,Greedy,E54,"(19, 61)",6,16.0
91,Greedy,E55,"(40, 47)",10,10.0
91,Auction,E13,"(77, 26)",72,18.0
91,Auction,E17,"(46, 94)",68,17.0
91,Auction,E19,"(13, 3)",62,27.0
91,Auction,E21,"(25, 3)",66,11.0
91,Auction,E22,"(47, 42)",59,25.0
91,Auction,E25,"(54, 95)",56,22.0
91,Auction,E26,"(16, 32)",54,13.0
91,Auction,E27,"(45, 61)",51,26.0
91,Auction,E28,"(20, 17)",47,15.0
91,Auction,E29,"(16, 21)",52,20.0
91,Auction,E30,"(87, 81)",47,30.0
91,Auction,E31,"(36, 70)",44,20.0
91,Auction,E33,"(13, 49)",41,16.0
91,Auction,E34,"(40, 91)",34,28.0
91,Auction,E35,"(17, 64)",36,15.0
91,Auction,E36,"(22, 90)",36,26.0
91,Auction,E37,"(88, 29)",31,19.0
91,Auction,E38,"(61, 66)",33,24.0
91,Auction,E39,"(20, 13)",30,18.0
91,Auction,E40,"(0, 1)",30,18.0
91,Auction,E41,"(23, 20)",25,19.0
91,Auction,E42,"(36, 80)",26,24.0
91,Auction,E43,"(83, 21)",21,16.0
91,Auction,E45,"(88, 53)",28,22.0
91,Auction,E46,"(78, 48)",18,17.0
91,Auction,E47,"(42, 17)",19,13.0
91,Auction,E48,"(68, 35)",17,10.0
91,Auction,E50,"(28, 48)",17,21.0
91,Auction,E51,"(29, 19)",17,16.0
91,Auction,E52,"(17, 70)",17,30.0
91,Auction,E53,"(80, 55)",12,28.0
91,Auction,E54,"(19, 61)",6,16.0
91,Auction,E55,"(40, 47)",10,10.0
91,Q-Learning,E18,"(72, 67)",72,27.0
91,Q-Learning,E19,"(13, 3)",62,27.0
91,Q-Learning,E22,"(47, 42)",59,25.0
91,Q-Learning,E23,"(57, 47)",59,17.0
91,Q-Learning,E25,"(54, 95)",56,22.0
91,Q-Learning,E26,"(16, 32)",54,13.0
91,Q-Learning,E27,"(45, 61)",51,26.0
91,Q-Learning,E28,"(20, 17)",47,15.0
91,Q-Learning,E30,"(87, 81)",47,30.0
91,Q-Learning,E31,"(36, 70)",44,20.0
91,Q-Learning,E32,"(63, 8)",47,11.0
91,Q-Learning,E33,"(13, 49)",41,16.0
91,Q-Learning,E34,"(40, 91)",34,28.0
91,Q-Learning,E35,"(17, 64)",36,15.0
91,Q-Learning,E36,"(22, 90)",36,26.0
91,Q-Learning,E37,"(88, 29)",31,19.0
91,Q-Learning,E38,"(61, 66)",33,24.0
91,Q-Learning,E39,"(20, 13)",30,18.0
91,Q-Learning,E40,"(0, 1)",30,18.0
91,Q-Learning,E41,"(23, 20)",25,19.0
91,Q-Learning,E42,"(36, 80)",26,24.0
91,Q-Learning,E43,"(83, 21)",21,16.0
91,Q-Learning,E45,"(88, 53)",28,22.0
91,Q-Learning,E46,"(78, 48)",18,17.0
91,Q-Learning,E47,"(42, 17)",19,13.0
91,Q-Learning,E48,"(68, 35)",17,10.0
91,Q-Learning,E49,"(75, 59)",19,13.0
91,Q-Learning,E50,"(28, 48)",17,21.0
91,Q-Learning,E51,"(29, 19)",17,16.0
91,Q-Learning,E52,"(17, 70)",17,30.0
91,Q-Learning,E53,"(80, 55)",12,28.0
91,Q-Learning,E54,"(19, 61)",6,16.0
91,Q-Learning,E55,"(40, 47)",10,10.0
92,Greedy,E15,"(53, 62)",68,13.0
92,Greedy,E16,"(54, 16)",75,27.0
92,Greedy,E19,"(13, 3)",63,27.0
92,Greedy,E21,"(25, 3)",67,11.0
92,Greedy,E22,"(47, 42)",60,25.0
92,Greedy,E23,"(57, 47)",60,17.0
92,Greedy,E24,"(47, 38)",59,17.0
92,Greedy,E25,"(54, 95)",57,22.0
92,Greedy,E26,"(16, 32)",55,13.0
92,Greedy,E27,"(45, 61)",52,26.0
92,Greedy,E28,"(20, 17)",48,15.0
92,Greedy,E29,"(16, 21)",53,20.0
92,Greedy,E30,"(87, 81)",48,30.0
92,Greedy,E31,"(36, 70)",45,20.0
92,Greedy,E32,"(63, 8)",48,11.0
92,Greedy,E33,"(13, 49)",42,16.0
92,Greedy,E34,"(40, 91)",35,28.0
92,Greedy,E36,"(22, 90)",37,26.0
92,Greedy,E37,"(88, 29)",32,19.0
92,Greedy,E38,"(61, 66)",34,24.0
92,Greedy,E39,"(20, 13)",31,18.0
92,Greedy,E40,"(0, 1)",31,18.0
92,Greedy,E41,"(23, 20)",26,19.0
92,Greedy,E42,"(36, 80)",27,24.0
92,Greedy,E43,"(83, 21)",22,16.0
92,Greedy,E44,"(84, 13)",25,12.0
92,Greedy,E45,"(88, 53)",29,22.0
92,Greedy,E46,"(78, 48)",19,17.0
92,Greedy,E47,"(42, 17)",20,13.0
92,Greedy,E48,"(68, 35)",18,10.0
92,Greedy,E49,"(75, 59)",20,13.0
92,Greedy,E50,"(28, 48)",18,21.0
92,Greedy,E51,"(29, 19)",18,16.0
92,Greedy,E52,"(17, 70)",18,30.0
92,Greedy,E53,"(80, 55)",13,28.0
92,Greedy,E54,"(19, 61)",7,16.0
92,Greedy,E55,"(40, 47)",11,10.0
92,Greedy,E56,"(46, 26)",10,19.0
92,Auction,E13,"(77, 26)",73,18.0
92,Auction,E17,"(46, 94)",69,17.0
92,Auction,E19,"(13, 3)",63,27.0
92,Auction,E21,"(25, 3)",67,11.0
92,Auction,E22,"(47, 42)",60,25.0
92,Auction,E25,"(54, 95)",57,22.0
92,Auction,E26,"(16, 32)",55,13.0
92,Auction,E27,"(45, 61)",52,26.0
92,Auction,E28,"(20, 17)",48,15.0
92,Auction,E29,"(16, 21)",53,20.0
92,Auction,E30,"(87, 81)",48,30.0
92,Auction,E31,"(36, 70)",45,20.0
92,Auction,E33,"(13, 49)",42,16.0
92,Auction,E34,"(40, 91)",35,28.0
92,Auction,E35,"(17, 64)",37,15.0
92,Auction,E36,"(22, 90)",37,26.0
92,Auction,E37,"(88, 29)",32,19.0
92,Auction,E38,"(61, 66)",34,24.0
92,Auction,E39,"(20, 13)",31,18.0
92,Auction,E40,"(0, 1)",31,18.0
92,Auction,E41,"(23, 20)",26,19.0
92,Auction,E42,"(36, 80)",27,24.0
92,Auction,E43,"(83, 21)",22,16.0
92,Auction,E45,"(88, 53)",29,22.0
92,Auction,E46,"(78, 48)",19,17.0
92,Auction,E47,"(42, 17)",20,13.0
92,Auction,E48,"(68, 35)",18,10.0
92,Auction,E50,"(28, 48)",18,21.0
92,Auction,E51,"(29, 19)",18,16.0
92,Auction,E52,"(17, 70)",18,30.0
92,Auction,E53,"(80, 55)",13,28.0
92,Auction,E54,"(19, 61)",7,16.0
92,Auction,E55,"(40, 47)",11,10.0
92,Auction,E56,"(46, 26)",10,19.0
92,Q-Learning,E18,"(72, 67)",73,27.0
92,Q-Learning,E19,"(13, 3)",63,27.0
92,Q-Learning,E22,"(47, 42)",60,25.0
92,Q-Learning,E23,"(57, 47)",60,17.0
92,Q-Learning,E25,"(54, 95)",57,22.0
92,Q-Learning,E26,"(16, 32)",55,13.0
92,Q-Learning,E27,"(45, 61)",52,26.0
92,Q-Learning,E28,"(20, 17)",48,15.0
92,Q-Learning,E30,"(87, 81)",48,30.0
92,Q-Learning,E31,"(36, 70)",45,20.0
92,Q-Learning,E32,"(63, 8)",48,11.0
92,Q-Learning,E33,"(13, 49)",42,16.0
92,Q-Learning,E34,"(40, 91)",35,28.0
92,Q-Learning,E35,"(17, 64)",37,15.0
92,Q-Learning,E36,"(22, 90)",37,26.0
92,Q-Learning,E37,"(88, 29)",32,19.0
92,Q-Learning,E38,"(61, 66)",34,24.0
92,Q-Learning,E39,"(20, 13)",31,18.0
92,Q-Learning,E40,"(0, 1)",31,18.0
92,Q-Learning,E41,"(23, 20)",26,19.0
92,Q-Learning,E42,"(36, 80)",27,24.0
92,Q-Learning,E43,"(83, 21)",22,16.0
92,Q-Learning,E45,"(88, 53)",29,22.0
92,Q-Learning,E46,"(78, 48)",19,17.0
92,Q-Learning,E47,"(42, 17)",20,13.0
92,Q-Learning,E48,"(68, 35)",18,10.0
92,Q-Learning,E49,"(75, 59)",20,13.0
92,Q-Learning,E50,"(28, 48)",18,21.0
92,Q-Learning,E51,"(29, 19)",18,16.0
92,Q-Learning,E52,"(17, 70)",18,30.0
92,Q-Learning,E53,"(80, 55)",13,28.0
92,Q-Learning,E54,"(19, 61)",7,16.0
92,Q-Learning,E55,"(40, 47)",11,10.0
92,Q-Learning,E56,"(46, 26)",10,19.0
93,Greedy,E15,"(53, 62)",69,13.0
93,Greedy,E16,"(54, 16)",76,27.0
93,Greedy,E19,"(13, 3)",64,27.0
93,Greedy,E21,"(25, 3)",68,11.0
93,Greedy,E22,"(47, 42)",61,25.0
93,Greedy,E23,"(57, 47)",61,17.0
93,Greedy,E24,"(47, 38)",60,17.0
93,Greedy,E25,"(54, 95)",58,22.0
93,Greedy,E26,"(16, 32)",56,13.0
93,Greedy,E27,"(45, 61)",53,26.0
93,Greedy,E28,"(20, 17)",49,15.0
93,Greedy,E29,"(16, 21)",54,20.0
93,Greedy,E30,"(87, 81)",49,30.0
93,Greedy,E31,"(36, 70)",46,20.0
93,Greedy,E32,"(63, 8)",49,11.0
93,Greedy,E33,"(13, 49)",43,16.0
93,Greedy,E34,"(40, 91)",36,28.0
93,Greedy,E36,"(22, 90)",38,26.0
93,Greedy,E37,"(88, 29)",33,19.0
93,Greedy,E38,"(61, 66)",35,24.0
93,Greedy,E39,"(20, 13)",32,18.0
93,Greedy,E40,"(0, 1)",32,18.0
93,Greedy,E41,"(23, 20)",27,19.0
93,Greedy,E42,"(36, 80)",28,24.0
93,Greedy,E43,"(83, 21)",23,16.0
93,Greedy,E44,"(84, 13)",26,12.0
93,Greedy,E45,"(88, 53)",30,22.0
93,Greedy,E46,"(78, 48)",20,17.0
93,Greedy,E47,"(42, 17)",21,13.0
93,Greedy,E48,"(68, 35)",19,10.0
93,Greedy,E49,"(75, 59)",21,13.0
93,Greedy,E50,"(28, 48)",19,21.0
93,Greedy,E51,"(29, 19)",19,16.0
93,Greedy,E52,"(17, 70)",19,30.0
93,Greedy,E53,"(80, 55)",14,28.0
93,Greedy,E54,"(19, 61)",8,16.0
93,Greedy,E55,"(40, 47)",12,10.0
93,Greedy,E56,"(46, 26)",11,19.0
93,Auction,E13,"(77, 26)",74,18.0
93,Auction,E17,"(46, 94)",70,17.0
93,Auction,E19,"(13, 3)",64,27.0
93,Auction,E21,"(25, 3)",68,11.0
93,Auction,E22,"(47, 42)",61,25.0
93,Auction,E25,"(54, 95)",58,22.0
93,Auction,E26,"(16, 32)",56,13.0
93,Auction,E27,"(45, 61)",53,26.0
93,Auction,E28,"(20, 17)",49,15.0
93,Auction,E29,"(16, 21)",54,20.0
93,Auction,E30,"(87, 81)",49,30.0
93,Auction,E31,"(36, 70)",46,20.0
93,Auction,E33,"(13, 49)",43,16.0
93,Auction,E34,"(40, 91)",36,28.0
93,Auction,E35,"(17, 64)",38,15.0
93,Auction,E36,"(22, 90)",38,26.0
93,Auction,E37,"(88, 29)",33,19.0
93,Auction,E38,"(61, 66)",35,24.0
93,Auction,E39,"(20, 13)",32,18.0
93,Auction,E40,"(0, 1)",32,18.0
93,Auction,E41,"(23, 20)",27,19.0
93,Auction,E42,"(36, 80)",28,24.0
93,Auction,E43,"(83, 21)",23,16.0
93,Auction,E45,"(88, 53)",30,22.0
93,Auction,E46,"(78, 48)",20,17.0
93,Auction,E47,"(42, 17)",21,13.0
93,Auction,E48,"(68, 35)",19,10.0
93,Auction,E50,"(28, 48)",19,21.0
93,Auction,E51,"(29, 19)",19,16.0
93,Auction,E52,"(17, 70)",19,30.0
93,Auction,E53,"(80, 55)",14,28.0
93,Auction,E54,"(19, 61)",8,16.0
93,Auction,E55,"(40, 47)",12,10.0
93,Auction,E56,"(46, 26)",11,19.0
93,Q-Learning,E18,"(72, 67)",74,27.0
93,Q-Learning,E19,"(13, 3)",64,27.0
93,Q-Learning,E22,"(47, 42)",61,25.0
93,Q-Learning,E23,"(57, 47)",61,17.0
93,Q-Learning,E25,"(54, 95)",58,22.0
93,Q-Learning,E26,"(16, 32)",56,13.0
93,Q-Learning,E27,"(45, 61)",53,26.0
93,Q-Learning,E28,"(20, 17)",49,15.0
93,Q-Learning,E30,"(87, 81)",49,30.0
93,Q-Learning,E31,"(36, 70)",46,20.0
93,Q-Learning,E32,"(63, 8)",49,11.0
93,Q-Learning,E33,"(13, 49)",43,16.0
93,Q-Learning,E34,"(40, 91)",36,28.0
93,Q-Learning,E35,"(17, 64)",38,15.0
93,Q-Learning,E36,"(22, 90)",38,26.0
93,Q-Learning,E37,"(88, 29)",33,19.0
93,Q-Learning,E38,"(61, 66)",35,24.0
93,Q-Learning,E39,"(20, 13)",32,18.0
93,Q-Learning,E40,"(0, 1)",32,18.0
93,Q-Learning,E41,"(23, 20)",27,19.0
93,Q-Learning,E42,"(36, 80)",28,24.0
93,Q-Learning,E43,"(83, 21)",23,16.0
93,Q-Learning,E45,"(88, 53)",30,22.0
93,Q-Learning,E46,"(78, 48)",20,17.0
93,Q-Learning,E47,"(42, 17)",21,13.0
93,Q-Learning,E48,"(68, 35)",19,10.0
93,Q-Learning,E49,"(75, 59)",21,13.0
93,Q-Learning,E50,"(28, 48)",19,21.0
93,Q-Learning,E51,"(29, 19)",19,16.0
93,Q-Learning,E52,"(17, 70)",19,30.0
93,Q-Learning,E53,"(80, 55)",14,28.0
93,Q-Learning,E54,"(19, 61)",8,16.0
93,Q-Learning,E55,"(40, 47)",12,10.0
93,Q-Learning,E56,"(46, 26)",11,19.0
94,Greedy,E15,"(53, 62)",70,13.0
94,Greedy,E16,"(54, 16)",77,27.0
94,Greedy,E19,"(13, 3)",65,27.0
94,Greedy,E21,"(25, 3)",69,11.0
94,Greedy,E22,"(47, 42)",62,25.0
94,Greedy,E23,"(57, 47)",62,17.0
94,Greedy,E24,"(47, 38)",61,17.0
94,Greedy,E25,"(54, 95)",59,22.0
94,Greedy,E26,"(16, 32)",57,13.0
94,Greedy,E27,"(45, 61)",54,26.0
94,Greedy,E28,"(20, 17)",50,15.0
94,Greedy,E29,"(16, 21)",55,20.0
94,Greedy,E30,"(87, 81)",50,30.0
94,Greedy,E31,"(36, 70)",47,20.0
94,Greedy,E32,"(63, 8)",50,11.0
94,Greedy,E33,"(13, 49)",44,16.0
94,Greedy,E34,"(40, 91)",37,28.0
94,Greedy,E36,"(22, 90)",39,26.0
94,Greedy,E37,"(88, 29)",34,19.0
94,Greedy,E38,"(61, 66)",36,24.0
94,Greedy,E39,"(20, 13)",33,18.0
94,Greedy,E40,"(0, 1)",33,18.0
94,Greedy,E41,"(23, 20)",28,19.0
94,Greedy,E42,"(36, 80)",29,24.0
94,Greedy,E43,"(83, 21)",24,16.0
94,Greedy,E44,"(84, 13)",27,12.0
94,Greedy,E45,"(88, 53)",31,22.0
94,Greedy,E46,"(78, 48)",21,17.0
94,Greedy,E47,"(42, 17)",22,13.0
94,Greedy,E48,"(68, 35)",20,10.0
94,Greedy,E49,"(75, 59)",22,13.0
94,Greedy,E50,"(28, 48)",20,21.0
94,Greedy,E51,"(29, 19)",20,16.0
94,Greedy,E52,"(17, 70)",20,30.0
94,Greedy,E53,"(80, 55)",15,28.0
94,Greedy,E54,"(19, 61)",9,16.0
94,Greedy,E55,"(40, 47)",13,10.0
94,Greedy,E56,"(46, 26)",12,19.0
94,Greedy,E57,"(33, 30)",3,15.0
94,Auction,E13,"(77, 26)",75,18.0
94,Auction,E17,"(46, 94)",71,17.0
94,Auction,E19,"(13, 3)",65,27.0
94,Auction,E21,"(25, 3)",69,11.0
94,Auction,E22,"(47, 42)",62,25.0
94,Auction,E25,"(54, 95)",59,22.0
94,Auction,E26,"(16, 32)",57,13.0
94,Auction,E27,"(45, 61)",54,26.0
94,Auction,E28,"(20, 17)",50,15.0
94,Auction,E29,"(16, 21)",55,20.0
94,Auction,E30,"(87, 81)",50,30.0
94,Auction,E31,"(36, 70)",47,20.0
94,Auction,E33,"(13, 49)",44,16.0
94,Auction,E34,"(40, 91)",37,28.0
94,Auction,E35,"(17, 64)",39,15.0
94,Auction,E36,"(22, 90)",39,26.0
94,Auction,E37,"(88, 29)",34,19.0
94,Auction,E38,"(61, 66)",36,24.0
94,Auction,E39,"(20, 13)",33,18.0
94,Auction,E40,"(0, 1)",33,18.0
94,Auction,E41,"(23, 20)",28,19.0
94,Auction,E42,"(36, 80)",29,24.0
94,Auction,E43,"(83, 21)",24,16.0
94,Auction,E45,"(88, 53)",31,22.0
94,Auction,E46,"(78, 48)",21,17.0
94,Auction,E47,"(42, 17)",22,13.0
94,Auction,E48,"(68, 35)",20,10.0
94,Auction,E50,"(28, 48)",20,21.0
94,Auction,E51,"(29, 19)",20,16.0
94,Auction,E52,"(17, 70)",20,30.0
94,Auction,E53,"(80, 55)",15,28.0
94,Auction,E54,"(19, 61)",9,16.0
94,Auction,E55,"(40, 47)",13,10.0
94,Auction,E56,"(46, 26)",12,19.0
94,Auction,E57,"(33, 30)",3,15.0
94,Q-Learning,E18,"(72, 67)",75,27.0
94,Q-Learning,E19,"(13, 3)",65,27.0
94,Q-Learning,E22,"(47, 42)",62,25.0
94,Q-Learning,E23,"(57, 47)",62,17.0
94,Q-Learning,E25,"(54, 95)",59,22.0
94,Q-Learning,E26,"(16, 32)",57,13.0
94,Q-Learning,E27,"(45, 61)",54,26.0
94,Q-Learning,E28,"(20, 17)",50,15.0
94,Q-Learning,E30,"(87, 81)",50,30.0
94,Q-Learning,E31,"(36, 70)",47,20.0
94,Q-Learning,E32,"(63, 8)",50,11.0
94,Q-Learning,E33,"(13, 49)",44,16.0
94,Q-Learning,E34,"(40, 91)",37,28.0
94,Q-Learning,E35,"(17, 64)",39,15.0
94,Q-Learning,E36,"(22, 90)",39,26.0
94,Q-Learning,E37,"(88, 29)",34,19.0
94,Q-Learning,E38,"(61, 66)",36,24.0
94,Q-Learning,E39,"(20, 13)",33,18.0
94,Q-Learning,E40,"(0, 1)",33,18.0
94,Q-Learning,E41,"(23, 20)",28,19.0
94,Q-Learning,E42,"(36, 80)",29,24.0
94,Q-Learning,E43,"(83, 21)",24,16.0
94,Q-Learning,E45,"(88, 53)",31,22.0
94,Q-Learning,E46,"(78, 48)",21,17.0
94,Q-Learning,E47,"(42, 17)",22,13.0
94,Q-Learning,E48,"(68, 35)",20,10.0
94,Q-Learning,E49,"(75, 59)",22,13.0
94,Q-Learning,E50,"(28, 48)",20,21.0
94,Q-Learning,E51,"(29, 19)",20,16.0
94,Q-Learning,E52,"(17, 70)",20,30.0
94,Q-Learning,E53,"(80, 55)",15,28.0
94,Q-Learning,E54,"(19, 61)",9,16.0
94,Q-Learning,E55,"(40, 47)",13,10.0
94,Q-Learning,E56,"(46, 26)",12,19.0
94,Q-Learning,E57,"(33, 30)",3,15.0
95,Greedy,E15,"(53, 62)",71,13.0
95,Greedy,E16,"(54, 16)",78,27.0
95,Greedy,E19,"(13, 3)",66,27.0
95,Greedy,E21,"(25, 3)",70,11.0
95,Greedy,E22,"(47, 42)",63,25.0
95,Greedy,E23,"(57, 47)",63,17.0
95,Greedy,E24,"(47, 38)",62,17.0
95,Greedy,E25,"(54, 95)",60,22.0
95,Greedy,E26,"(16, 32)",58,13.0
95,Greedy,E27,"(45, 61)",55,26.0
95,Greedy,E28,"(20, 17)",51,15.0
95,Greedy,E29,"(16, 21)",56,20.0
95,Greedy,E30,"(87, 81)",51,30.0
95,Greedy,E31,"(36, 70)",48,20.0
95,Greedy,E32,"(63, 8)",51,11.0
95,Greedy,E33,"(13, 49)",45,16.0
95,Greedy,E34,"(40, 91)",38,28.0
95,Greedy,E36,"(22, 90)",40,26.0
95,Greedy,E37,"(88, 29)",35,19.0
95,Greedy,E38,"(61, 66)",37,24.0
95,Greedy,E39,"(20, 13)",34,18.0
95,Greedy,E40,"(0, 1)",34,18.0
95,Greedy,E41,"(23, 20)",29,19.0
95,Greedy,E42,"(36, 80)",30,24.0
95,Greedy,E43,"(83, 21)",25,16.0
95,Greedy,E44,"(84, 13)",28,12.0
95,Greedy,E45,"(88, 53)",32,22.0
95,Greedy,E46,"(78, 48)",22,17.0
95,Greedy,E47,"(42, 17)",23,13.0
95,Greedy,E48,"(68, 35)",21,10.0
95,Greedy,E49,"(75, 59)",23,13.0
95,Greedy,E50,"(28, 48)",21,21.0
95,Greedy,E51,"(29, 19)",21,16.0
95,Greedy,E52,"(17, 70)",21,30.0
95,Greedy,E53,"(80, 55)",16,28.0
95,Greedy,E54,"(19, 61)",10,16.0
95,Greedy,E55,"(40, 47)",14,10.0
95,Greedy,E56,"(46, 26)",13,19.0
95,Greedy,E57,"(33, 30)",4,15.0
95,Auction,E13,"(77, 26)",76,18.0
95,Auction,E17,"(46, 94)",72,17.0
95,Auction,E19,"(13, 3)",66,27.0
95,Auction,E21,"(25, 3)",70,11.0
95,Auction,E22,"(47, 42)",63,25.0
95,Auction,E25,"(54, 95)",60,22.0
95,Auction,E26,"(16, 32)",58,13.0
95,Auction,E27,"(45, 61)",55,26.0
95,Auction,E28,"(20, 17)",51,15.0
95,Auction,E29,"(16, 21)",56,20.0
95,Auction,E30,"(87, 81)",51,30.0
95,Auction,E31,"(36, 70)",48,20.0
95,Auction,E33,"(13, 49)",45,16.0
95,Auction,E34,"(40, 91)",38,28.0
95,Auction,E35,"(17, 64)",40,15.0
95,Auction,E36,"(22, 90)",40,26.0
95,Auction,E37,"(88, 29)",35,19.0
95,Auction,E38,"(61, 66)",37,24.0
95,Auction,E39,"(20, 13)",34,18.0
95,Auction,E40,"(0, 1)",34,18.0
95,Auction,E41,"(23, 20)",29,19.0
95,Auction,E42,"(36, 80)",30,24.0
95,Auction,E43,"(83, 21)",25,16.0
95,Auction,E45,"(88, 53)",32,22.0
95,Auction,E46,"(78, 48)",22,17.0
95,Auction,E47,"(42, 17)",23,13.0
95,Auction,E48,"(68, 35)",21,10.0
95,Auction,E50,"(28, 48)",21,21.0
95,Auction,E51,"(29, 19)",21,16.0
95,Auction,E52,"(17, 70)",21,30.0
95,Auction,E53,"(80, 55)",16,28.0
95,Auction,E54,"(19, 61)",10,16.0
95,Auction,E55,"(40, 47)",14,10.0
95,Auction,E56,"(46, 26)",13,19.0
95,Auction,E57,"(33, 30)",4,15.0
95,Q-Learning,E18,"(72, 67)",76,27.0
95,Q-Learning,E19,"(13, 3)",66,27.0
95,Q-Learning,E22,"(47, 42)",63,25.0
95,Q-Learning,E23,"(57, 47)",63,17.0
95,Q-Learning,E25,"(54, 95)",60,22.0
95,Q-Learning,E26,"(16, 32)",58,13.0
95,Q-Learning,E27,"(45, 61)",55,26.0
95,Q-Learning,E28,"(20, 17)",51,15.0
95,Q-Learning,E30,"(87, 81)",51,30.0
95,Q-Learning,E31,"(36, 70)",48,20.0
95,Q-Learning,E32,"(63, 8)",51,11.0
95,Q-Learning,E33,"(13, 49)",45,16.0
95,Q-Learning,E34,"(40, 91)",38,28.0
95,Q-Learning,E35,"(17, 64)",40,15.0
95,Q-Learning,E36,"(22, 90)",40,26.0
95,Q-Learning,E37,"(88, 29)",35,19.0
95,Q-Learning,E38,"(61, 66)",37,24.0
95,Q-Learning,E39,"(20, 13)",34,18.0
95,Q-Learning,E40,"(0, 1)",34,18.0
95,Q-Learning,E41,"(23, 20)",29,19.0
95,Q-Learning,E42,"(36, 80)",30,24.0
95,Q-Learning,E43,"(83, 21)",25,16.0
95,Q-Learning,E45,"(88, 53)",32,22.0
95,Q-Learning,E46,"(78, 48)",22,17.0
95,Q-Learning,E47,"(42, 17)",23,13.0
95,Q-Learning,E48,"(68, 35)",21,10.0
95,Q-Learning,E49,"(75, 59)",23,13.0
95,Q-Learning,E50,"(28, 48)",21,21.0
95,Q-Learning,E51,"(29, 19)",21,16.0
95,Q-Learning,E52,"(17, 70)",21,30.0
95,Q-Learning,E53,"(80, 55)",16,28.0
95,Q-Learning,E54,"(19, 61)",10,16.0
95,Q-Learning,E55,"(40, 47)",14,10.0
95,Q-Learning,E56,"(46, 26)",13,19.0
95,Q-Learning,E57,"(33, 30)",4,15.0
96,Greedy,E15,"(53, 62)",72,13.0
96,Greedy,E16,"(54, 16)",79,27.0
96,Greedy,E19,"(13, 3)",67,27.0
96,Greedy,E21,"(25, 3)",71,11.0
96,Greedy,E22,"(47, 42)",64,25.0
96,Greedy,E23,"(57, 47)",64,17.0
96,Greedy,E24,"(47, 38)",63,17.0
96,Greedy,E25,"(54, 95)",61,22.0
96,Greedy,E26,"(16, 32)",59,13.0
96,Greedy,E27,"(45, 61)",56,26.0
96,Greedy,E28,"(20, 17)",52,15.0
96,Greedy,E29,"(16, 21)",57,20.0
96,Greedy,E30,"(87, 81)",52,30.0
96,Greedy,E31,"(36, 70)",49,20.0
96,Greedy,E32,"(63, 8)",52,11.0
96,Greedy,E33,"(13, 49)",46,16.0
96,Greedy,E34,"(40, 91)",39,28.0
96,Greedy,E36,"(22, 90)",41,26.0
96,Greedy,E37,"(88, 29)",36,19.0
96,Greedy,E38,"(61, 66)",38,24.0
96,Greedy,E39,"(20, 13)",35,18.0
96,Greedy,E40,"(0, 1)",35,18.0
96,Greedy,E41,"(23, 20)",30,19.0
96,Greedy,E42,"(36, 80)",31,24.0
96,Greedy,E43,"(83, 21)",26,16.0
96,Greedy,E44,"(84, 13)",29,12.0
96,Greedy,E45,"(88, 53)",33,22.0
96,Greedy,E46,"(78, 48)",23,17.0
96,Greedy,E47,"(42, 17)",24,13.0
96,Greedy,E48,"(68, 35)",22,10.0
96,Greedy,E49,"(75, 59)",24,13.0
96,Greedy,E50,"(28, 48)",22,21.0
96,Greedy,E51,"(29, 19)",22,16.0
96,Greedy,E52,"(17, 70)",22,30.0
96,Greedy,E53,"(80, 55)",17,28.0
96,Greedy,E54,"(19, 61)",11,16.0
96,Greedy,E55,"(40, 47)",15,10.0
96,Greedy,E56,"(46, 26)",14,19.0
96,Greedy,E57,"(33, 30)",5,15.0
96,Greedy,E58,"(7, 9)",6,20.0
96,Auction,E13,"(77, 26)",77,18.0
96,Auction,E17,"(46, 94)",73,17.0
96,Auction,E19,"(13, 3)",67,27.0
96,Auction,E21,"(25, 3)",71,11.0
96,Auction,E22,"(47, 42)",64,25.0
96,Auction,E25,"(54, 95)",61,22.0
96,Auction,E26,"(16, 32)",59,13.0
96,Auction,E27,"(45, 61)",56,26.0
96,Auction,E28,"(20, 17)",52,15.0
96,Auction,E29,"(16, 21)",57,20.0
96,Auction,E30,"(87, 81)",52,30.0
96,Auction,E31,"(36, 70)",49,20.0
96,Auction,E33,"(13, 49)",46,16.0
96,Auction,E34,"(40, 91)",39,28.0
96,Auction,E35,"(17, 64)",41,15.0
96,Auction,E36,"(22, 90)",41,26.0
96,Auction,E37,"(88, 29)",36,19.0
96,Auction,E38,"(61, 66)",38,24.0
96,Auction,E39,"(20, 13)",35,18.0
96,Auction,E40,"(0, 1)",35,18.0
96,Auction,E41,"(23, 20)",30,19.0
96,Auction,E42,"(36, 80)",31,24.0
96,Auction,E43,"(83, 21)",26,16.0
96,Auction,E45,"(88, 53)",33,22.0
96,Auction,E46,"(78, 48)",23,17.0
96,Auction,E47,"(42, 17)",24,13.0
96,Auction,E48,"(68, 35)",22,10.0
96,Auction,E50,"(28, 48)",22,21.0
96,Auction,E51,"(29, 19)",22,16.0
96,Auction,E52,"(17, 70)",22,30.0
96,Auction,E53,"(80, 55)",17,28.0
96,Auction,E54,"(19, 61)",11,16.0
96,Auction,E55,"(40, 47)",15,10.0
96,Auction,E56,"(46, 26)",14,19.0
96,Auction,E57,"(33, 30)",5,15.0
96,Auction,E58,"(7, 9)",6,20.0
96,Q-Learning,E18,"(72, 67)",77,27.0
96,Q-Learning,E19,"(13, 3)",67,27.0
96,Q-Learning,E22,"(47, 42)",64,25.0
96,Q-Learning,E23,"(57, 47)",64,17.0
96,Q-Learning,E25,"(54, 95)",61,22.0
96,Q-Learning,E26,"(16, 32)",59,13.0
96,Q-Learning,E27,"(45, 61)",56,26.0
96,Q-Learning,E28,"(20, 17)",52,15.0
96,Q-Learning,E30,"(87, 81)",52,30.0
96,Q-Learning,E31,"(36, 70)",49,20.0
96,Q-Learning,E32,"(63, 8)",52,11.0
96,Q-Learning,E33,"(13, 49)",46,16.0
96,Q-Learning,E34,"(40, 91)",39,28.0
96,Q-Learning,E35,"(17, 64)",41,15.0
96,Q-Learning,E36,"(22, 90)",41,26.0
96,Q-Learning,E37,"(88, 29)",36,19.0
96,Q-Learning,E38,"(61, 66)",38,24.0
96,Q-Learning,E39,"(20, 13)",35,18.0
96,Q-Learning,E40,"(0, 1)",35,18.0
96,Q-Learning,E41,"(23, 20)",30,19.0
96,Q-Learning,E42,"(36, 80)",31,24.0
96,Q-Learning,E43,"(83, 21)",26,16.0
96,Q-Learning,E45,"(88, 53)",33,22.0
96,Q-Learning,E46,"(78, 48)",23,17.0
96,Q-Learning,E47,"(42, 17)",24,13.0
96,Q-Learning,E48,"(68, 35)",22,10.0
96,Q-Learning,E49,"(75, 59)",24,13.0
96,Q-Learning,E50,"(28, 48)",22,21.0
96,Q-Learning,E51,"(29, 19)",22,16.0
96,Q-Learning,E52,"(17, 70)",22,30.0
96,Q-Learning,E53,"(80, 55)",17,28.0
96,Q-Learning,E54,"(19, 61)",11,16.0
96,Q-Learning,E55,"(40, 47)",15,10.0
96,Q-Learning,E56,"(46, 26)",14,19.0
96,Q-Learning,E57,"(33, 30)",5,15.0
96,Q-Learning,E58,"(7, 9)",6,20.0
97,Greedy,E15,"(53, 62)",73,13.0
97,Greedy,E16,"(54, 16)",80,27.0
97,Greedy,E19,"(13, 3)",68,27.0
97,Greedy,E21,"(25, 3)",72,11.0
97,Greedy,E22,"(47, 42)",65,25.0
97,Greedy,E23,"(57, 47)",65,17.0
97,Greedy,E24,"(47, 38)",64,17.0
97,Greedy,E25,"(54, 95)",62,22.0
97,Greedy,E26,"(16, 32)",60,13.0
97,Greedy,E27,"(45, 61)",57,26.0
97,Greedy,E28,"(20, 17)",53,15.0
97,Greedy,E29,"(16, 21)",58,20.0
97,Greedy,E30,"(87, 81)",53,30.0
97,Greedy,E31,"(36, 70)",50,20.0
97,Greedy,E32,"(63, 8)",53,11.0
97,Greedy,E33,"(13, 49)",47,16.0
97,Greedy,E34,"(40, 91)",40,28.0
97,Greedy,E36,"(22, 90)",42,26.0
97,Greedy,E37,"(88, 29)",37,19.0
97,Greedy,E38,"(61, 66)",39,24.0
97,Greedy,E39,"(20, 13)",36,18.0
97,Greedy,E40,"(0, 1)",36,18.0
97,Greedy,E41,"(23, 20)",31,19.0
97,Greedy,E42,"(36, 80)",32,24.0
97,Greedy,E43,"(83, 21)",27,16.0
97,Greedy,E44,"(84, 13)",30,12.0
97,Greedy,E45,"(88, 53)",34,22.0
97,Greedy,E46,"(78, 48)",24,17.0
97,Greedy,E47,"(42, 17)",25,13.0
97,Greedy,E48,"(68, 35)",23,10.0
97,Greedy,E49,"(75, 59)",25,13.0
97,Greedy,E50,"(28, 48)",23,21.0
97,Greedy,E51,"(29, 19)",23,16.0
97,Greedy,E52,"(17, 70)",23,30.0
97,Greedy,E53,"(80, 55)",18,28.0
97,Greedy,E54,"(19, 61)",12,16.0
97,Greedy,E55,"(40, 47)",16,10.0
97,Greedy,E56,"(46, 26)",15,19.0
97,Greedy,E57,"(33, 30)",6,15.0
97,Greedy,E58,"(7, 9)",7,20.0
97,Auction,E13,"(77, 26)",78,18.0
97,Auction,E17,"(46, 94)",74,17.0
97,Auction,E19,"(13, 3)",68,27.0
97,Auction,E21,"(25, 3)",72,11.0
97,Auction,E22,"(47, 42)",65,25.0
97,Auction,E25,"(54, 95)",62,22.0
97,Auction,E26,"(16, 32)",60,13.0
97,Auction,E27,"(45, 61)",57,26.0
97,Auction,E28,"(20, 17)",53,15.0
97,Auction,E29,"(16, 21)",58,20.0
97,Auction,E30,"(87, 81)",53,30.0
97,Auction,E31,"(36, 70)",50,20.0
97,Auction,E33,"(13, 49)",47,16.0
97,Auction,E34,"(40, 91)",40,28.0
97,Auction,E35,"(17, 64)",42,15.0
97,Auction,E36,"(22, 90)",42,26.0
97,Auction,E37,"(88, 29)",37,19.0
97,Auction,E38,"(61, 66)",39,24.0
97,Auction,E39,"(20, 13)",36,18.0
97,Auction,E40,"(0, 1)",36,18.0
97,Auction,E41,"(23, 20)",31,19.0
97,Auction,E42,"(36, 80)",32,24.0
97,Auction,E43,"(83, 21)",27,16.0
97,Auction,E45,"(88, 53)",34,22.0
97,Auction,E46,"(78, 48)",24,17.0
97,Auction,E47,"(42, 17)",25,13.0
97,Auction,E48,"(68, 35)",23,10.0
97,Auction,E50,"(28, 48)",23,21.0
97,Auction,E51,"(29, 19)",23,16.0
97,Auction,E52,"(17, 70)",23,30.0
97,Auction,E53,"(80, 55)",18,28.0
97,Auction,E54,"(19, 61)",12,16.0
97,Auction,E55,"(40, 47)",16,10.0
97,Auction,E56,"(46, 26)",15,19.0
97,Auction,E57,"(33, 30)",6,15.0
97,Auction,E58,"(7, 9)",7,20.0
97,Q-Learning,E18,"(72, 67)",78,27.0
97,Q-Learning,E19,"(13, 3)",68,27.0
97,Q-Learning,E22,"(47, 42)",65,25.0
97,Q-Learning,E23,"(57, 47)",65,17.0
97,Q-Learning,E25,"(54, 95)",62,22.0
97,Q-Learning,E26,"(16, 32)",60,13.0
97,Q-Learning,E27,"(45, 61)",57,26.0
97,Q-Learning,E28,"(20, 17)",53,15.0
97,Q-Learning,E30,"(87, 81)",53,30.0
97,Q-Learning,E31,"(36, 70)",50,20.0
97,Q-Learning,E32,"(63, 8)",53,11.0
97,Q-Learning,E33,"(13, 49)",47,16.0
97,Q-Learning,E34,"(40, 91)",40,28.0
97,Q-Learning,E35,"(17, 64)",42,15.0
97,Q-Learning,E36,"(22, 90)",42,26.0
97,Q-Learning,E37,"(88, 29)",37,19.0
97,Q-Learning,E38,"(61, 66)",39,24.0
97,Q-Learning,E39,"(20, 13)",36,18.0
97,Q-Learning,E40,"(0, 1)",36,18.0
97,Q-Learning,E41,"(23, 20)",31,19.0
97,Q-Learning,E42,"(36, 80)",32,24.0
97,Q-Learning,E43,"(83, 21)",27,16.0
97,Q-Learning,E45,"(88, 53)",34,22.0
97,Q-Learning,E46,"(78, 48)",24,17.0
97,Q-Learning,E47,"(42, 17)",25,13.0
97,Q-Learning,E48,"(68, 35)",23,10.0
97,Q-Learning,E49,"(75, 59)",25,13.0
97,Q-Learning,E50,"(28, 48)",23,21.0
97,Q-Learning,E51,"(29, 19)",23,16.0
97,Q-Learning,E52,"(17, 70)",23,30.0
97,Q-Learning,E53,"(80, 55)",18,28.0
97,Q-Learning,E54,"(19, 61)",12,16.0
97,Q-Learning,E55,"(40, 47)",16,10.0
97,Q-Learning,E56,"(46, 26)",15,19.0
97,Q-Learning,E57,"(33, 30)",6,15.0
97,Q-Learning,E58,"(7, 9)",7,20.0
98,Greedy,E15,"(53, 62)",74,13.0
98,Greedy,E16,"(54, 16)",81,27.0
98,Greedy,E19,"(13, 3)",69,27.0
98,Greedy,E21,"(25, 3)",73,11.0
98,Greedy,E22,"(47, 42)",66,25.0
98,Greedy,E23,"(57, 47)",66,17.0
98,Greedy,E24,"(47, 38)",65,17.0
98,Greedy,E25,"(54, 95)",63,22.0
98,Greedy,E26,"(16, 32)",61,13.0
98,Greedy,E27,"(45, 61)",58,26.0
98,Greedy,E28,"(20, 17)",54,15.0
98,Greedy,E29,"(16, 21)",59,20.0
98,Greedy,E30,"(87, 81)",54,30.0
98,Greedy,E31,"(36, 70)",51,20.0
98,Greedy,E32,"(63, 8)",54,11.0
98,Greedy,E33,"(13, 49)",48,16.0
98,Greedy,E34,"(40, 91)",41,28.0
98,Greedy,E36,"(22, 90)",43,26.0
98,Greedy,E37,"(88, 29)",38,19.0
98,Greedy,E38,"(61, 66)",40,24.0
98,Greedy,E39,"(20, 13)",37,18.0
98,Greedy,E40,"(0, 1)",37,18.0
98,Greedy,E41,"(23, 20)",32,19.0
98,Greedy,E42,"(36, 80)",33,24.0
98,Greedy,E43,"(83, 21)",28,16.0
98,Greedy,E44,"(84, 13)",31,12.0
98,Greedy,E45,"(88, 53)",35,22.0
98,Greedy,E46,"(78, 48)",25,17.0
98,Greedy,E47,"(42, 17)",26,13.0
98,Greedy,E48,"(68, 35)",24,10.0
98,Greedy,E49,"(75, 59)",26,13.0
98,Greedy,E50,"(28, 48)",24,21.0
98,Greedy,E51,"(29, 19)",24,16.0
98,Greedy,E52,"(17, 70)",24,30.0
98,Greedy,E53,"(80, 55)",19,28.0
98,Greedy,E54,"(19, 61)",13,16.0
98,Greedy,E55,"(40, 47)",17,10.0
98,Greedy,E56,"(46, 26)",16,19.0
98,Greedy,E57,"(33, 30)",7,15.0
98,Greedy,E58,"(7, 9)",8,20.0
98,Auction,E13,"(77, 26)",79,18.0
98,Auction,E17,"(46, 94)",75,17.0
98,Auction,E19,"(13, 3)",69,27.0
98,Auction,E21,"(25, 3)",73,11.0
98,Auction,E22,"(47, 42)",66,25.0
98,Auction,E25,"(54, 95)",63,22.0
98,Auction,E26,"(16, 32)",61,13.0
98,Auction,E27,"(45, 61)",58,26.0
98,Auction,E28,"(20, 17)",54,15.0
98,Auction,E29,"(16, 21)",59,20.0
98,Auction,E30,"(87, 81)",54,30.0
98,Auction,E31,"(36, 70)",51,20.0
98,Auction,E33,"(13, 49)",48,16.0
98,Auction,E34,"(40, 91)",41,28.0
98,Auction,E35,"(17, 64)",43,15.0
98,Auction,E36,"(22, 90)",43,26.0
98,Auction,E37,"(88, 29)",38,19.0
98,Auction,E38,"(61, 66)",40,24.0
98,Auction,E39,"(20, 13)",37,18.0
98,Auction,E40,"(0, 1)",37,18.0
98,Auction,E41,"(23, 20)",32,19.0
98,Auction,E42,"(36, 80)",33,24.0
98,Auction,E43,"(83, 21)",28,16.0
98,Auction,E45,"(88, 53)",35,22.0
98,Auction,E46,"(78, 48)",25,17.0
98,Auction,E47,"(42, 17)",26,13.0
98,Auction,E48,"(68, 35)",24,10.0
98,Auction,E50,"(28, 48)",24,21.0
98,Auction,E51,"(29, 19)",24,16.0
98,Auction,E52,"(17, 70)",24,30.0
98,Auction,E53,"(80, 55)",19,28.0
98,Auction,E54,"(19, 61)",13,16.0
98,Auction,E55,"(40, 47)",17,10.0
98,Auction,E56,"(46, 26)",16,19.0
98,Auction,E57,"(33, 30)",7,15.0
98,Auction,E58,"(7, 9)",8,20.0
98,Q-Learning,E18,"(72, 67)",79,27.0
98,Q-Learning,E19,"(13, 3)",69,27.0
98,Q-Learning,E22,"(47, 42)",66,25.0
98,Q-Learning,E23,"(57, 47)",66,17.0
98,Q-Learning,E25,"(54, 95)",63,22.0
98,Q-Learning,E26,"(16, 32)",61,13.0
98,Q-Learning,E27,"(45, 61)",58,26.0
98,Q-Learning,E28,"(20, 17)",54,15.0
98,Q-Learning,E30,"(87, 81)",54,30.0
98,Q-Learning,E31,"(36, 70)",51,20.0
98,Q-Learning,E32,"(63, 8)",54,11.0
98,Q-Learning,E33,"(13, 49)",48,16.0
98,Q-Learning,E34,"(40, 91)",41,28.0
98,Q-Learning,E35,"(17, 64)",43,15.0
98,Q-Learning,E36,"(22, 90)",43,26.0
98,Q-Learning,E37,"(88, 29)",38,19.0
98,Q-Learning,E38,"(61, 66)",40,24.0
98,Q-Learning,E39,"(20, 13)",37,18.0
98,Q-Learning,E40,"(0, 1)",37,18.0
98,Q-Learning,E41,"(23, 20)",32,19.0
98,Q-Learning,E42,"(36, 80)",33,24.0
98,Q-Learning,E43,"(83, 21)",28,16.0
98,Q-Learning,E45,"(88, 53)",35,22.0
98,Q-Learning,E46,"(78, 48)",25,17.0
98,Q-Learning,E47,"(42, 17)",26,13.0
98,Q-Learning,E48,"(68, 35)",24,10.0
98,Q-Learning,E49,"(75, 59)",26,13.0
98,Q-Learning,E50,"(28, 48)",24,21.0
98,Q-Learning,E51,"(29, 19)",24,16.0
98,Q-Learning,E52,"(17, 70)",24,30.0
98,Q-Learning,E53,"(80, 55)",19,28.0
98,Q-Learning,E54,"(19, 61)",13,16.0
98,Q-Learning,E55,"(40, 47)",17,10.0
98,Q-Learning,E56,"(46, 26)",16,19.0
98,Q-Learning,E57,"(33, 30)",7,15.0
98,Q-Learning,E58,"(7, 9)",8,20.0
99,Greedy,E15,"(53, 62)",75,13.0
99,Greedy,E16,"(54, 16)",82,27.0
99,Greedy,E19,"(13, 3)",70,27.0
99,Greedy,E21,"(25, 3)",74,11.0
99,Greedy,E22,"(47, 42)",67,25.0
99,Greedy,E23,"(57, 47)",67,17.0
99,Greedy,E24,"(47, 38)",66,17.0
99,Greedy,E25,"(54, 95)",64,22.0
99,Greedy,E26,"(16, 32)",62,13.0
99,Greedy,E27,"(45, 61)",59,26.0
99,Greedy,E28,"(20, 17)",55,15.0
99,Greedy,E29,"(16, 21)",60,20.0
99,Greedy,E30,"(87, 81)",55,30.0
99,Greedy,E31,"(36, 70)",52,20.0
99,Greedy,E32,"(63, 8)",55,11.0
99,Greedy,E33,"(13, 49)",49,16.0
99,Greedy,E34,"(40, 91)",42,28.0
99,Greedy,E36,"(22, 90)",44,26.0
99,Greedy,E37,"(88, 29)",39,19.0
99,Greedy,E38,"(61, 66)",41,24.0
99,Greedy,E39,"(20, 13)",38,18.0
99,Greedy,E40,"(0, 1)",38,18.0
99,Greedy,E41,"(23, 20)",33,19.0
99,Greedy,E42,"(36, 80)",34,24.0
99,Greedy,E43,"(83, 21)",29,16.0
99,Greedy,E44,"(84, 13)",32,12.0
99,Greedy,E45,"(88, 53)",36,22.0
99,Greedy,E46,"(78, 48)",26,17.0
99,Greedy,E47,"(42, 17)",27,13.0
99,Greedy,E48,"(68, 35)",25,10.0
99,Greedy,E49,"(75, 59)",27,13.0
99,Greedy,E50,"(28, 48)",25,21.0
99,Greedy,E51,"(29, 19)",25,16.0
99,Greedy,E52,"(17, 70)",25,30.0
99,Greedy,E53,"(80, 55)",20,28.0
99,Greedy,E54,"(19, 61)",14,16.0
99,Greedy,E55,"(40, 47)",18,10.0
99,Greedy,E56,"(46, 26)",17,19.0
99,Greedy,E57,"(33, 30)",8,15.0
99,Greedy,E58,"(7, 9)",9,20.0
99,Auction,E13,"(77, 26)",80,18.0
99,Auction,E17,"(46, 94)",76,17.0
99,Auction,E19,"(13, 3)",70,27.0
99,Auction,E21,"(25, 3)",74,11.0
99,Auction,E22,"(47, 42)",67,25.0
99,Auction,E25,"(54, 95)",64,22.0
99,Auction,E26,"(16, 32)",62,13.0
99,Auction,E27,"(45, 61)",59,26.0
99,Auction,E28,"(20, 17)",55,15.0
99,Auction,E29,"(16, 21)",60,20.0
99,Auction,E30,"(87, 81)",55,30.0
99,Auction,E31,"(36, 70)",52,20.0
99,Auction,E33,"(13, 49)",49,16.0
99,Auction,E34,"(40, 91)",42,28.0
99,Auction,E35,"(17, 64)",44,15.0
99,Auction,E36,"(22, 90)",44,26.0
99,Auction,E37,"(88, 29)",39,19.0
99,Auction,E38,"(61, 66)",41,24.0
99,Auction,E39,"(20, 13)",38,18.0
99,Auction,E40,"(0, 1)",38,18.0
99,Auction,E41,"(23, 20)",33,19.0
99,Auction,E42,"(36, 80)",34,24.0
99,Auction,E43,"(83, 21)",29,16.0
99,Auction,E45,"(88, 53)",36,22.0
99,Auction,E46,"(78, 48)",26,17.0
99,Auction,E47,"(42, 17)",27,13.0
99,Auction,E48,"(68, 35)",25,10.0
99,Auction,E50,"(28, 48)",25,21.0
99,Auction,E51,"(29, 19)",25,16.0
99,Auction,E52,"(17, 70)",25,30.0
99,Auction,E53,"(80, 55)",20,28.0
99,Auction,E54,"(19, 61)",14,16.0
99,Auction,E55,"(40, 47)",18,10.0
99,Auction,E56,"(46, 26)",17,19.0
99,Auction,E57,"(33, 30)",8,15.0
99,Auction,E58,"(7, 9)",9,20.0
99,Q-Learning,E18,"(72, 67)",80,27.0
99,Q-Learning,E19,"(13, 3)",70,27.0
99,Q-Learning,E22,"(47, 42)",67,25.0
99,Q-Learning,E23,"(57, 47)",67,17.0
99,Q-Learning,E25,"(54, 95)",64,22.0
99,Q-Learning,E26,"(16, 32)",62,13.0
99,Q-Learning,E27,"(45, 61)",59,26.0
99,Q-Learning,E28,"(20, 17)",55,15.0
99,Q-Learning,E30,"(87, 81)",55,30.0
99,Q-Learning,E31,"(36, 70)",52,20.0
99,Q-Learning,E32,"(63, 8)",55,11.0
99,Q-Learning,E33,"(13, 49)",49,16.0
99,Q-Learning,E34,"(40, 91)",42,28.0
99,Q-Learning,E35,"(17, 64)",44,15.0
99,Q-Learning,E36,"(22, 90)",44,26.0
99,Q-Learning,E37,"(88, 29)",39,19.0
99,Q-Learning,E38,"(61, 66)",41,24.0
99,Q-Learning,E39,"(20, 13)",38,18.0
99,Q-Learning,E40,"(0, 1)",38,18.0
99,Q-Learning,E41,"(23, 20)",33,19.0
99,Q-Learning,E42,"(36, 80)",34,24.0
99,Q-Learning,E43,"(83, 21)",29,16.0
99,Q-Learning,E45,"(88, 53)",36,22.0
99,Q-Learning,E46,"(78, 48)",26,17.0
99,Q-Learning,E47,"(42, 17)",27,13.0
99,Q-Learning,E48,"(68, 35)",25,10.0
99,Q-Learning,E49,"(75, 59)",27,13.0
99,Q-Learning,E50,"(28, 48)",25,21.0
99,Q-Learning,E51,"(29, 19)",25,16.0
99,Q-Learning,E52,"(17, 70)",25,30.0
99,Q-Learning,E53,"(80, 55)",20,28.0
99,Q-Learning,E54,"(19, 61)",14,16.0
99,Q-Learning,E55,"(40, 47)",18,10.0
99,Q-Learning,E56,"(46, 26)",17,19.0
99,Q-Learning,E57,"(33, 30)",8,15.0
99,Q-Learning,E58,"(7, 9)",9,20.0
