time_step,method,task_id,position,urgency,duration
0,Greedy,T1,"(81, 52)",1,17.0
0,Greedy,T2,"(26, 48)",1,30.0
0,Greedy,T3,"(82, 44)",10,12.0
0,Greedy,T4,"(2, 66)",9,14.0
0,Greedy,T5,"(7, 62)",3,14.0
0,Greedy,T6,"(66, 3)",2,11.0
0,Greedy,T7,"(21, 36)",6,25.0
0,Greedy,T8,"(76, 77)",1,27.0
0,Greedy,T9,"(97, 31)",9,28.0
0,Greedy,T10,"(73, 19)",1,18.0
0,Auction,T1,"(81, 52)",1,17.0
0,Auction,T2,"(26, 48)",1,30.0
0,Auction,T3,"(82, 44)",10,12.0
0,Auction,T4,"(2, 66)",9,14.0
0,Auction,T5,"(7, 62)",3,14.0
0,Auction,T6,"(66, 3)",2,11.0
0,Auction,T7,"(21, 36)",6,25.0
0,Auction,T8,"(76, 77)",1,27.0
0,Auction,T9,"(97, 31)",9,28.0
0,Auction,T10,"(73, 19)",1,18.0
0,Q-Learning,T1,"(81, 52)",1,17.0
0,Q-Learning,T2,"(26, 48)",1,30.0
0,Q-Learning,T3,"(82, 44)",10,12.0
0,Q-Learning,T4,"(2, 66)",9,14.0
0,Q-Learning,T5,"(7, 62)",3,14.0
0,Q-Learning,T6,"(66, 3)",2,11.0
0,Q-Learning,T7,"(21, 36)",6,25.0
0,Q-Learning,T8,"(76, 77)",1,27.0
0,Q-Learning,T9,"(97, 31)",9,28.0
0,Q-Learning,T10,"(73, 19)",1,18.0
2,Greedy,D1,"(27, 44)",1,28.0
2,Auction,D1,"(27, 44)",1,28.0
2,Q-Learning,D1,"(27, 44)",1,28.0
3,Greedy,D1,"(27, 44)",2,28.0
3,Greedy,D2,"(5, 10)",10,15.0
3,Auction,D1,"(27, 44)",2,28.0
3,Auction,D2,"(5, 10)",10,15.0
3,Q-Learning,D1,"(27, 44)",2,28.0
3,Q-Learning,D2,"(5, 10)",10,15.0
4,Greedy,D1,"(27, 44)",3,28.0
4,Greedy,D2,"(5, 10)",11,15.0
4,Auction,D1,"(27, 44)",3,28.0
4,Auction,D2,"(5, 10)",11,15.0
4,Q-Learning,D1,"(27, 44)",3,28.0
4,Q-Learning,D2,"(5, 10)",11,15.0
5,Greedy,D1,"(27, 44)",4,28.0
5,Greedy,D2,"(5, 10)",12,15.0
5,Auction,D1,"(27, 44)",4,28.0
5,Auction,D2,"(5, 10)",12,15.0
5,Q-Learning,D1,"(27, 44)",4,28.0
5,Q-Learning,D2,"(5, 10)",12,15.0
6,Greedy,D1,"(27, 44)",5,28.0
6,Greedy,D2,"(5, 10)",13,15.0
6,Auction,D1,"(27, 44)",5,28.0
6,Auction,D2,"(5, 10)",13,15.0
6,Q-Learning,D1,"(27, 44)",5,28.0
6,Q-Learning,D2,"(5, 10)",13,15.0
7,Greedy,D1,"(27, 44)",6,28.0
7,Greedy,D2,"(5, 10)",14,15.0
7,Auction,D1,"(27, 44)",6,28.0
7,Auction,D2,"(5, 10)",14,15.0
7,Q-Learning,D1,"(27, 44)",6,28.0
7,Q-Learning,D2,"(5, 10)",14,15.0
8,Greedy,D1,"(27, 44)",7,28.0
8,Greedy,D2,"(5, 10)",15,15.0
8,Greedy,D3,"(45, 11)",7,24.0
8,Auction,D1,"(27, 44)",7,28.0
8,Auction,D2,"(5, 10)",15,15.0
8,Auction,D3,"(45, 11)",7,24.0
8,Q-Learning,D1,"(27, 44)",7,28.0
8,Q-Learning,D2,"(5, 10)",15,15.0
8,Q-Learning,D3,"(45, 11)",7,24.0
9,Greedy,D1,"(27, 44)",8,28.0
9,Greedy,D2,"(5, 10)",16,15.0
9,Greedy,D3,"(45, 11)",8,24.0
9,Greedy,D4,"(36, 36)",3,10.0
9,Auction,D1,"(27, 44)",8,28.0
9,Auction,D2,"(5, 10)",16,15.0
9,Auction,D3,"(45, 11)",8,24.0
9,Auction,D4,"(36, 36)",3,10.0
9,Q-Learning,D1,"(27, 44)",8,28.0
9,Q-Learning,D2,"(5, 10)",16,15.0
9,Q-Learning,D3,"(45, 11)",8,24.0
9,Q-Learning,D4,"(36, 36)",3,10.0
10,Greedy,D1,"(27, 44)",9,28.0
10,Greedy,D2,"(5, 10)",17,15.0
10,Greedy,D3,"(45, 11)",9,24.0
10,Greedy,D4,"(36, 36)",4,10.0
10,Auction,D1,"(27, 44)",9,28.0
10,Auction,D2,"(5, 10)",17,15.0
10,Auction,D3,"(45, 11)",9,24.0
10,Auction,D4,"(36, 36)",4,10.0
10,Q-Learning,D1,"(27, 44)",9,28.0
10,Q-Learning,D2,"(5, 10)",17,15.0
10,Q-Learning,D3,"(45, 11)",9,24.0
10,Q-Learning,D4,"(36, 36)",4,10.0
11,Greedy,D1,"(27, 44)",10,28.0
11,Greedy,D2,"(5, 10)",18,15.0
11,Greedy,D3,"(45, 11)",10,24.0
11,Greedy,D4,"(36, 36)",5,10.0
11,Greedy,D5,"(33, 19)",3,12.0
11,Auction,D1,"(27, 44)",10,28.0
11,Auction,D2,"(5, 10)",18,15.0
11,Auction,D3,"(45, 11)",10,24.0
11,Auction,D4,"(36, 36)",5,10.0
11,Auction,D5,"(33, 19)",3,12.0
11,Q-Learning,D1,"(27, 44)",10,28.0
11,Q-Learning,D2,"(5, 10)",18,15.0
11,Q-Learning,D3,"(45, 11)",10,24.0
11,Q-Learning,D4,"(36, 36)",5,10.0
11,Q-Learning,D5,"(33, 19)",3,12.0
12,Greedy,D1,"(27, 44)",11,28.0
12,Greedy,D2,"(5, 10)",19,15.0
12,Greedy,D3,"(45, 11)",11,24.0
12,Greedy,D4,"(36, 36)",6,10.0
12,Greedy,D5,"(33, 19)",4,12.0
12,Auction,D1,"(27, 44)",11,28.0
12,Auction,D2,"(5, 10)",19,15.0
12,Auction,D3,"(45, 11)",11,24.0
12,Auction,D4,"(36, 36)",6,10.0
12,Auction,D5,"(33, 19)",4,12.0
12,Q-Learning,D1,"(27, 44)",11,28.0
12,Q-Learning,D2,"(5, 10)",19,15.0
12,Q-Learning,D3,"(45, 11)",11,24.0
12,Q-Learning,D4,"(36, 36)",6,10.0
12,Q-Learning,D5,"(33, 19)",4,12.0
13,Greedy,D1,"(27, 44)",12,28.0
13,Greedy,D2,"(5, 10)",20,15.0
13,Greedy,D3,"(45, 11)",12,24.0
13,Greedy,D4,"(36, 36)",7,10.0
13,Greedy,D5,"(33, 19)",5,12.0
13,Greedy,D6,"(52, 5)",8,27.0
13,Auction,D1,"(27, 44)",12,28.0
13,Auction,D2,"(5, 10)",20,15.0
13,Auction,D3,"(45, 11)",12,24.0
13,Auction,D4,"(36, 36)",7,10.0
13,Auction,D5,"(33, 19)",5,12.0
13,Auction,D6,"(52, 5)",8,27.0
13,Q-Learning,D1,"(27, 44)",12,28.0
13,Q-Learning,D2,"(5, 10)",20,15.0
13,Q-Learning,D3,"(45, 11)",12,24.0
13,Q-Learning,D4,"(36, 36)",7,10.0
13,Q-Learning,D5,"(33, 19)",5,12.0
13,Q-Learning,D6,"(52, 5)",8,27.0
14,Greedy,D1,"(27, 44)",13,28.0
14,Greedy,D2,"(5, 10)",21,15.0
14,Greedy,D3,"(45, 11)",13,24.0
14,Greedy,D4,"(36, 36)",8,10.0
14,Greedy,D5,"(33, 19)",6,12.0
14,Greedy,D6,"(52, 5)",9,27.0
14,Auction,D1,"(27, 44)",13,28.0
14,Auction,D2,"(5, 10)",21,15.0
14,Auction,D3,"(45, 11)",13,24.0
14,Auction,D4,"(36, 36)",8,10.0
14,Auction,D5,"(33, 19)",6,12.0
14,Auction,D6,"(52, 5)",9,27.0
14,Q-Learning,D1,"(27, 44)",13,28.0
14,Q-Learning,D2,"(5, 10)",21,15.0
14,Q-Learning,D3,"(45, 11)",13,24.0
14,Q-Learning,D4,"(36, 36)",8,10.0
14,Q-Learning,D5,"(33, 19)",6,12.0
14,Q-Learning,D6,"(52, 5)",9,27.0
15,Greedy,D1,"(27, 44)",14,28.0
15,Greedy,D3,"(45, 11)",14,24.0
15,Greedy,D4,"(36, 36)",9,10.0
15,Greedy,D5,"(33, 19)",7,12.0
15,Greedy,D6,"(52, 5)",10,27.0
15,Greedy,D7,"(83, 23)",9,14.0
15,Auction,D1,"(27, 44)",14,28.0
15,Auction,D2,"(5, 10)",22,15.0
15,Auction,D3,"(45, 11)",14,24.0
15,Auction,D4,"(36, 36)",9,10.0
15,Auction,D5,"(33, 19)",7,12.0
15,Auction,D6,"(52, 5)",10,27.0
15,Q-Learning,D1,"(27, 44)",14,28.0
15,Q-Learning,D2,"(5, 10)",22,15.0
15,Q-Learning,D3,"(45, 11)",14,24.0
15,Q-Learning,D4,"(36, 36)",9,10.0
15,Q-Learning,D5,"(33, 19)",7,12.0
15,Q-Learning,D6,"(52, 5)",10,27.0
15,Q-Learning,D7,"(83, 23)",9,14.0
16,Greedy,D3,"(45, 11)",15,24.0
16,Greedy,D4,"(36, 36)",10,10.0
16,Greedy,D5,"(33, 19)",8,12.0
16,Greedy,D6,"(52, 5)",11,27.0
16,Greedy,D7,"(83, 23)",10,14.0
16,Greedy,D8,"(99, 81)",7,27.0
16,Auction,D1,"(27, 44)",15,28.0
16,Auction,D2,"(5, 10)",23,15.0
16,Auction,D3,"(45, 11)",15,24.0
16,Auction,D4,"(36, 36)",10,10.0
16,Auction,D5,"(33, 19)",8,12.0
16,Auction,D6,"(52, 5)",11,27.0
16,Auction,D8,"(99, 81)",7,27.0
16,Q-Learning,D1,"(27, 44)",15,28.0
16,Q-Learning,D2,"(5, 10)",23,15.0
16,Q-Learning,D3,"(45, 11)",15,24.0
16,Q-Learning,D4,"(36, 36)",10,10.0
16,Q-Learning,D5,"(33, 19)",8,12.0
16,Q-Learning,D6,"(52, 5)",11,27.0
16,Q-Learning,D7,"(83, 23)",10,14.0
16,Q-Learning,D8,"(99, 81)",7,27.0
17,Greedy,D3,"(45, 11)",16,24.0
17,Greedy,D4,"(36, 36)",11,10.0
17,Greedy,D5,"(33, 19)",9,12.0
17,Greedy,D6,"(52, 5)",12,27.0
17,Greedy,D7,"(83, 23)",11,14.0
17,Greedy,D8,"(99, 81)",8,27.0
17,Auction,D1,"(27, 44)",16,28.0
17,Auction,D2,"(5, 10)",24,15.0
17,Auction,D3,"(45, 11)",16,24.0
17,Auction,D4,"(36, 36)",11,10.0
17,Auction,D5,"(33, 19)",9,12.0
17,Auction,D6,"(52, 5)",12,27.0
17,Auction,D8,"(99, 81)",8,27.0
17,Q-Learning,D1,"(27, 44)",16,28.0
17,Q-Learning,D3,"(45, 11)",16,24.0
17,Q-Learning,D4,"(36, 36)",11,10.0
17,Q-Learning,D5,"(33, 19)",9,12.0
17,Q-Learning,D6,"(52, 5)",12,27.0
17,Q-Learning,D7,"(83, 23)",11,14.0
17,Q-Learning,D8,"(99, 81)",8,27.0
18,Greedy,D4,"(36, 36)",12,10.0
18,Greedy,D5,"(33, 19)",10,12.0
18,Greedy,D6,"(52, 5)",13,27.0
18,Greedy,D7,"(83, 23)",12,14.0
18,Greedy,D8,"(99, 81)",9,27.0
18,Greedy,D9,"(62, 77)",7,12.0
18,Auction,D2,"(5, 10)",25,15.0
18,Auction,D3,"(45, 11)",17,24.0
18,Auction,D4,"(36, 36)",12,10.0
18,Auction,D5,"(33, 19)",10,12.0
18,Auction,D6,"(52, 5)",13,27.0
18,Auction,D8,"(99, 81)",9,27.0
18,Auction,D9,"(62, 77)",7,12.0
18,Q-Learning,D3,"(45, 11)",17,24.0
18,Q-Learning,D4,"(36, 36)",12,10.0
18,Q-Learning,D5,"(33, 19)",10,12.0
18,Q-Learning,D6,"(52, 5)",13,27.0
18,Q-Learning,D7,"(83, 23)",12,14.0
18,Q-Learning,D8,"(99, 81)",9,27.0
18,Q-Learning,D9,"(62, 77)",7,12.0
19,Greedy,D4,"(36, 36)",13,10.0
19,Greedy,D5,"(33, 19)",11,12.0
19,Greedy,D6,"(52, 5)",14,27.0
19,Greedy,D7,"(83, 23)",13,14.0
19,Greedy,D8,"(99, 81)",10,27.0
19,Greedy,D9,"(62, 77)",8,12.0
19,Greedy,D10,"(14, 94)",7,20.0
19,Auction,D2,"(5, 10)",26,15.0
19,Auction,D3,"(45, 11)",18,24.0
19,Auction,D4,"(36, 36)",13,10.0
19,Auction,D5,"(33, 19)",11,12.0
19,Auction,D6,"(52, 5)",14,27.0
19,Auction,D8,"(99, 81)",10,27.0
19,Auction,D9,"(62, 77)",8,12.0
19,Auction,D10,"(14, 94)",7,20.0
19,Q-Learning,D3,"(45, 11)",18,24.0
19,Q-Learning,D4,"(36, 36)",13,10.0
19,Q-Learning,D5,"(33, 19)",11,12.0
19,Q-Learning,D6,"(52, 5)",14,27.0
19,Q-Learning,D7,"(83, 23)",13,14.0
19,Q-Learning,D8,"(99, 81)",10,27.0
19,Q-Learning,D9,"(62, 77)",8,12.0
19,Q-Learning,D10,"(14, 94)",7,20.0
20,Greedy,D4,"(36, 36)",14,10.0
20,Greedy,D5,"(33, 19)",12,12.0
20,Greedy,D6,"(52, 5)",15,27.0
20,Greedy,D7,"(83, 23)",14,14.0
20,Greedy,D8,"(99, 81)",11,27.0
20,Greedy,D9,"(62, 77)",9,12.0
20,Greedy,D10,"(14, 94)",8,20.0
20,Auction,D4,"(36, 36)",14,10.0
20,Auction,D5,"(33, 19)",12,12.0
20,Auction,D8,"(99, 81)",11,27.0
20,Auction,D9,"(62, 77)",9,12.0
20,Auction,D10,"(14, 94)",8,20.0
20,Q-Learning,D4,"(36, 36)",14,10.0
20,Q-Learning,D5,"(33, 19)",12,12.0
20,Q-Learning,D6,"(52, 5)",15,27.0
20,Q-Learning,D7,"(83, 23)",14,14.0
20,Q-Learning,D8,"(99, 81)",11,27.0
20,Q-Learning,D9,"(62, 77)",9,12.0
20,Q-Learning,D10,"(14, 94)",8,20.0
21,Greedy,D5,"(33, 19)",13,12.0
21,Greedy,D7,"(83, 23)",15,14.0
21,Greedy,D8,"(99, 81)",12,27.0
21,Greedy,D9,"(62, 77)",10,12.0
21,Greedy,D10,"(14, 94)",9,20.0
21,Auction,D4,"(36, 36)",15,10.0
21,Auction,D5,"(33, 19)",13,12.0
21,Auction,D8,"(99, 81)",12,27.0
21,Auction,D9,"(62, 77)",10,12.0
21,Auction,D10,"(14, 94)",9,20.0
21,Q-Learning,D4,"(36, 36)",15,10.0
21,Q-Learning,D5,"(33, 19)",13,12.0
21,Q-Learning,D7,"(83, 23)",15,14.0
21,Q-Learning,D8,"(99, 81)",12,27.0
21,Q-Learning,D9,"(62, 77)",10,12.0
21,Q-Learning,D10,"(14, 94)",9,20.0
22,Greedy,D5,"(33, 19)",14,12.0
22,Greedy,D7,"(83, 23)",16,14.0
22,Greedy,D8,"(99, 81)",13,27.0
22,Greedy,D9,"(62, 77)",11,12.0
22,Greedy,D10,"(14, 94)",10,20.0
22,Auction,D4,"(36, 36)",16,10.0
22,Auction,D5,"(33, 19)",14,12.0
22,Auction,D8,"(99, 81)",13,27.0
22,Auction,D9,"(62, 77)",11,12.0
22,Auction,D10,"(14, 94)",10,20.0
22,Q-Learning,D4,"(36, 36)",16,10.0
22,Q-Learning,D5,"(33, 19)",14,12.0
22,Q-Learning,D8,"(99, 81)",13,27.0
22,Q-Learning,D9,"(62, 77)",11,12.0
22,Q-Learning,D10,"(14, 94)",10,20.0
23,Greedy,D5,"(33, 19)",15,12.0
23,Greedy,D7,"(83, 23)",17,14.0
23,Greedy,D8,"(99, 81)",14,27.0
23,Greedy,D9,"(62, 77)",12,12.0
23,Greedy,D10,"(14, 94)",11,20.0
23,Greedy,D11,"(51, 90)",6,13.0
23,Auction,D4,"(36, 36)",17,10.0
23,Auction,D5,"(33, 19)",15,12.0
23,Auction,D8,"(99, 81)",14,27.0
23,Auction,D9,"(62, 77)",12,12.0
23,Auction,D10,"(14, 94)",11,20.0
23,Auction,D11,"(51, 90)",6,13.0
23,Q-Learning,D5,"(33, 19)",15,12.0
23,Q-Learning,D8,"(99, 81)",14,27.0
23,Q-Learning,D9,"(62, 77)",12,12.0
23,Q-Learning,D10,"(14, 94)",11,20.0
23,Q-Learning,D11,"(51, 90)",6,13.0
24,Greedy,D5,"(33, 19)",16,12.0
24,Greedy,D7,"(83, 23)",18,14.0
24,Greedy,D8,"(99, 81)",15,27.0
24,Greedy,D9,"(62, 77)",13,12.0
24,Greedy,D10,"(14, 94)",12,20.0
24,Greedy,D11,"(51, 90)",7,13.0
24,Auction,D4,"(36, 36)",18,10.0
24,Auction,D5,"(33, 19)",16,12.0
24,Auction,D8,"(99, 81)",15,27.0
24,Auction,D9,"(62, 77)",13,12.0
24,Auction,D10,"(14, 94)",12,20.0
24,Auction,D11,"(51, 90)",7,13.0
24,Q-Learning,D5,"(33, 19)",16,12.0
24,Q-Learning,D8,"(99, 81)",15,27.0
24,Q-Learning,D9,"(62, 77)",13,12.0
24,Q-Learning,D10,"(14, 94)",12,20.0
24,Q-Learning,D11,"(51, 90)",7,13.0
25,Greedy,D5,"(33, 19)",17,12.0
25,Greedy,D7,"(83, 23)",19,14.0
25,Greedy,D8,"(99, 81)",16,27.0
25,Greedy,D9,"(62, 77)",14,12.0
25,Greedy,D10,"(14, 94)",13,20.0
25,Greedy,D11,"(51, 90)",8,13.0
25,Auction,D4,"(36, 36)",19,10.0
25,Auction,D5,"(33, 19)",17,12.0
25,Auction,D8,"(99, 81)",16,27.0
25,Auction,D9,"(62, 77)",14,12.0
25,Auction,D10,"(14, 94)",13,20.0
25,Auction,D11,"(51, 90)",8,13.0
25,Q-Learning,D5,"(33, 19)",17,12.0
25,Q-Learning,D8,"(99, 81)",16,27.0
25,Q-Learning,D9,"(62, 77)",14,12.0
25,Q-Learning,D10,"(14, 94)",13,20.0
25,Q-Learning,D11,"(51, 90)",8,13.0
26,Greedy,D5,"(33, 19)",18,12.0
26,Greedy,D7,"(83, 23)",20,14.0
26,Greedy,D8,"(99, 81)",17,27.0
26,Greedy,D9,"(62, 77)",15,12.0
26,Greedy,D10,"(14, 94)",14,20.0
26,Greedy,D11,"(51, 90)",9,13.0
26,Auction,D4,"(36, 36)",20,10.0
26,Auction,D5,"(33, 19)",18,12.0
26,Auction,D8,"(99, 81)",17,27.0
26,Auction,D9,"(62, 77)",15,12.0
26,Auction,D10,"(14, 94)",14,20.0
26,Auction,D11,"(51, 90)",9,13.0
26,Q-Learning,D5,"(33, 19)",18,12.0
26,Q-Learning,D8,"(99, 81)",17,27.0
26,Q-Learning,D9,"(62, 77)",15,12.0
26,Q-Learning,D10,"(14, 94)",14,20.0
26,Q-Learning,D11,"(51, 90)",9,13.0
27,Greedy,D5,"(33, 19)",19,12.0
27,Greedy,D7,"(83, 23)",21,14.0
27,Greedy,D8,"(99, 81)",18,27.0
27,Greedy,D9,"(62, 77)",16,12.0
27,Greedy,D10,"(14, 94)",15,20.0
27,Greedy,D11,"(51, 90)",10,13.0
27,Greedy,D12,"(16, 81)",9,13.0
27,Auction,D4,"(36, 36)",21,10.0
27,Auction,D5,"(33, 19)",19,12.0
27,Auction,D8,"(99, 81)",18,27.0
27,Auction,D9,"(62, 77)",16,12.0
27,Auction,D10,"(14, 94)",15,20.0
27,Auction,D11,"(51, 90)",10,13.0
27,Auction,D12,"(16, 81)",9,13.0
27,Q-Learning,D5,"(33, 19)",19,12.0
27,Q-Learning,D8,"(99, 81)",18,27.0
27,Q-Learning,D9,"(62, 77)",16,12.0
27,Q-Learning,D10,"(14, 94)",15,20.0
27,Q-Learning,D11,"(51, 90)",10,13.0
27,Q-Learning,D12,"(16, 81)",9,13.0
28,Greedy,D5,"(33, 19)",20,12.0
28,Greedy,D8,"(99, 81)",19,27.0
28,Greedy,D9,"(62, 77)",17,12.0
28,Greedy,D10,"(14, 94)",16,20.0
28,Greedy,D11,"(51, 90)",11,13.0
28,Greedy,D12,"(16, 81)",10,13.0
28,Auction,D4,"(36, 36)",22,10.0
28,Auction,D5,"(33, 19)",20,12.0
28,Auction,D8,"(99, 81)",19,27.0
28,Auction,D9,"(62, 77)",17,12.0
28,Auction,D10,"(14, 94)",16,20.0
28,Auction,D11,"(51, 90)",11,13.0
28,Auction,D12,"(16, 81)",10,13.0
28,Q-Learning,D5,"(33, 19)",20,12.0
28,Q-Learning,D8,"(99, 81)",19,27.0
28,Q-Learning,D9,"(62, 77)",17,12.0
28,Q-Learning,D10,"(14, 94)",16,20.0
28,Q-Learning,D11,"(51, 90)",11,13.0
28,Q-Learning,D12,"(16, 81)",10,13.0
29,Greedy,D5,"(33, 19)",21,12.0
29,Greedy,D8,"(99, 81)",20,27.0
29,Greedy,D9,"(62, 77)",18,12.0
29,Greedy,D10,"(14, 94)",17,20.0
29,Greedy,D11,"(51, 90)",12,13.0
29,Greedy,D12,"(16, 81)",11,13.0
29,Auction,D5,"(33, 19)",21,12.0
29,Auction,D9,"(62, 77)",18,12.0
29,Auction,D10,"(14, 94)",17,20.0
29,Auction,D11,"(51, 90)",12,13.0
29,Auction,D12,"(16, 81)",11,13.0
29,Q-Learning,D8,"(99, 81)",20,27.0
29,Q-Learning,D9,"(62, 77)",18,12.0
29,Q-Learning,D10,"(14, 94)",17,20.0
29,Q-Learning,D11,"(51, 90)",12,13.0
29,Q-Learning,D12,"(16, 81)",11,13.0
30,Greedy,D9,"(62, 77)",19,12.0
30,Greedy,D10,"(14, 94)",18,20.0
30,Greedy,D11,"(51, 90)",13,13.0
30,Greedy,D12,"(16, 81)",12,13.0
30,Greedy,D13,"(21, 94)",2,11.0
30,Auction,D5,"(33, 19)",22,12.0
30,Auction,D10,"(14, 94)",18,20.0
30,Auction,D11,"(51, 90)",13,13.0
30,Auction,D12,"(16, 81)",12,13.0
30,Auction,D13,"(21, 94)",2,11.0
30,Q-Learning,D9,"(62, 77)",19,12.0
30,Q-Learning,D10,"(14, 94)",18,20.0
30,Q-Learning,D11,"(51, 90)",13,13.0
30,Q-Learning,D12,"(16, 81)",12,13.0
30,Q-Learning,D13,"(21, 94)",2,11.0
31,Greedy,D9,"(62, 77)",20,12.0
31,Greedy,D10,"(14, 94)",19,20.0
31,Greedy,D11,"(51, 90)",14,13.0
31,Greedy,D12,"(16, 81)",13,13.0
31,Greedy,D13,"(21, 94)",3,11.0
31,Greedy,D14,"(20, 63)",8,20.0
31,Auction,D5,"(33, 19)",23,12.0
31,Auction,D10,"(14, 94)",19,20.0
31,Auction,D11,"(51, 90)",14,13.0
31,Auction,D12,"(16, 81)",13,13.0
31,Auction,D13,"(21, 94)",3,11.0
31,Auction,D14,"(20, 63)",8,20.0
31,Q-Learning,D10,"(14, 94)",19,20.0
31,Q-Learning,D11,"(51, 90)",14,13.0
31,Q-Learning,D12,"(16, 81)",13,13.0
31,Q-Learning,D13,"(21, 94)",3,11.0
31,Q-Learning,D14,"(20, 63)",8,20.0
32,Greedy,D9,"(62, 77)",21,12.0
32,Greedy,D10,"(14, 94)",20,20.0
32,Greedy,D11,"(51, 90)",15,13.0
32,Greedy,D12,"(16, 81)",14,13.0
32,Greedy,D13,"(21, 94)",4,11.0
32,Greedy,D14,"(20, 63)",9,20.0
32,Auction,D10,"(14, 94)",20,20.0
32,Auction,D11,"(51, 90)",15,13.0
32,Auction,D12,"(16, 81)",14,13.0
32,Auction,D13,"(21, 94)",4,11.0
32,Auction,D14,"(20, 63)",9,20.0
32,Q-Learning,D10,"(14, 94)",20,20.0
32,Q-Learning,D11,"(51, 90)",15,13.0
32,Q-Learning,D12,"(16, 81)",14,13.0
32,Q-Learning,D13,"(21, 94)",4,11.0
32,Q-Learning,D14,"(20, 63)",9,20.0
33,Greedy,D9,"(62, 77)",22,12.0
33,Greedy,D10,"(14, 94)",21,20.0
33,Greedy,D11,"(51, 90)",16,13.0
33,Greedy,D12,"(16, 81)",15,13.0
33,Greedy,D13,"(21, 94)",5,11.0
33,Greedy,D14,"(20, 63)",10,20.0
33,Auction,D10,"(14, 94)",21,20.0
33,Auction,D11,"(51, 90)",16,13.0
33,Auction,D12,"(16, 81)",15,13.0
33,Auction,D13,"(21, 94)",5,11.0
33,Auction,D14,"(20, 63)",10,20.0
33,Q-Learning,D10,"(14, 94)",21,20.0
33,Q-Learning,D11,"(51, 90)",16,13.0
33,Q-Learning,D12,"(16, 81)",15,13.0
33,Q-Learning,D13,"(21, 94)",5,11.0
33,Q-Learning,D14,"(20, 63)",10,20.0
34,Greedy,D10,"(14, 94)",22,20.0
34,Greedy,D11,"(51, 90)",17,13.0
34,Greedy,D12,"(16, 81)",16,13.0
34,Greedy,D13,"(21, 94)",6,11.0
34,Greedy,D14,"(20, 63)",11,20.0
34,Auction,D10,"(14, 94)",22,20.0
34,Auction,D12,"(16, 81)",16,13.0
34,Auction,D13,"(21, 94)",6,11.0
34,Auction,D14,"(20, 63)",11,20.0
34,Q-Learning,D10,"(14, 94)",22,20.0
34,Q-Learning,D11,"(51, 90)",17,13.0
34,Q-Learning,D12,"(16, 81)",16,13.0
34,Q-Learning,D13,"(21, 94)",6,11.0
34,Q-Learning,D14,"(20, 63)",11,20.0
35,Greedy,D10,"(14, 94)",23,20.0
35,Greedy,D12,"(16, 81)",17,13.0
35,Greedy,D13,"(21, 94)",7,11.0
35,Greedy,D14,"(20, 63)",12,20.0
35,Auction,D10,"(14, 94)",23,20.0
35,Auction,D12,"(16, 81)",17,13.0
35,Auction,D13,"(21, 94)",7,11.0
35,Auction,D14,"(20, 63)",12,20.0
35,Q-Learning,D10,"(14, 94)",23,20.0
35,Q-Learning,D11,"(51, 90)",18,13.0
35,Q-Learning,D12,"(16, 81)",17,13.0
35,Q-Learning,D13,"(21, 94)",7,11.0
35,Q-Learning,D14,"(20, 63)",12,20.0
36,Greedy,D10,"(14, 94)",24,20.0
36,Greedy,D12,"(16, 81)",18,13.0
36,Greedy,D13,"(21, 94)",8,11.0
36,Greedy,D14,"(20, 63)",13,20.0
36,Auction,D10,"(14, 94)",24,20.0
36,Auction,D12,"(16, 81)",18,13.0
36,Auction,D13,"(21, 94)",8,11.0
36,Auction,D14,"(20, 63)",13,20.0
36,Q-Learning,D10,"(14, 94)",24,20.0
36,Q-Learning,D11,"(51, 90)",19,13.0
36,Q-Learning,D12,"(16, 81)",18,13.0
36,Q-Learning,D13,"(21, 94)",8,11.0
36,Q-Learning,D14,"(20, 63)",13,20.0
37,Greedy,D10,"(14, 94)",25,20.0
37,Greedy,D12,"(16, 81)",19,13.0
37,Greedy,D13,"(21, 94)",9,11.0
37,Greedy,D14,"(20, 63)",14,20.0
37,Auction,D10,"(14, 94)",25,20.0
37,Auction,D12,"(16, 81)",19,13.0
37,Auction,D13,"(21, 94)",9,11.0
37,Auction,D14,"(20, 63)",14,20.0
37,Q-Learning,D10,"(14, 94)",25,20.0
37,Q-Learning,D11,"(51, 90)",20,13.0
37,Q-Learning,D12,"(16, 81)",19,13.0
37,Q-Learning,D13,"(21, 94)",9,11.0
37,Q-Learning,D14,"(20, 63)",14,20.0
38,Greedy,D10,"(14, 94)",26,20.0
38,Greedy,D12,"(16, 81)",20,13.0
38,Greedy,D13,"(21, 94)",10,11.0
38,Greedy,D14,"(20, 63)",15,20.0
38,Greedy,D15,"(30, 93)",2,14.0
38,Auction,D10,"(14, 94)",26,20.0
38,Auction,D12,"(16, 81)",20,13.0
38,Auction,D13,"(21, 94)",10,11.0
38,Auction,D15,"(30, 93)",2,14.0
38,Q-Learning,D11,"(51, 90)",21,13.0
38,Q-Learning,D12,"(16, 81)",20,13.0
38,Q-Learning,D13,"(21, 94)",10,11.0
38,Q-Learning,D14,"(20, 63)",15,20.0
38,Q-Learning,D15,"(30, 93)",2,14.0
39,Greedy,D10,"(14, 94)",27,20.0
39,Greedy,D12,"(16, 81)",21,13.0
39,Greedy,D13,"(21, 94)",11,11.0
39,Greedy,D14,"(20, 63)",16,20.0
39,Greedy,D15,"(30, 93)",3,14.0
39,Greedy,D16,"(44, 39)",5,21.0
39,Auction,D10,"(14, 94)",27,20.0
39,Auction,D12,"(16, 81)",21,13.0
39,Auction,D13,"(21, 94)",11,11.0
39,Auction,D15,"(30, 93)",3,14.0
39,Auction,D16,"(44, 39)",5,21.0
39,Q-Learning,D11,"(51, 90)",22,13.0
39,Q-Learning,D12,"(16, 81)",21,13.0
39,Q-Learning,D13,"(21, 94)",11,11.0
39,Q-Learning,D14,"(20, 63)",16,20.0
39,Q-Learning,D15,"(30, 93)",3,14.0
39,Q-Learning,D16,"(44, 39)",5,21.0
40,Greedy,D12,"(16, 81)",22,13.0
40,Greedy,D13,"(21, 94)",12,11.0
40,Greedy,D14,"(20, 63)",17,20.0
40,Greedy,D15,"(30, 93)",4,14.0
40,Greedy,D16,"(44, 39)",6,21.0
40,Auction,D10,"(14, 94)",28,20.0
40,Auction,D12,"(16, 81)",22,13.0
40,Auction,D13,"(21, 94)",12,11.0
40,Auction,D15,"(30, 93)",4,14.0
40,Auction,D16,"(44, 39)",6,21.0
40,Q-Learning,D12,"(16, 81)",22,13.0
40,Q-Learning,D13,"(21, 94)",12,11.0
40,Q-Learning,D14,"(20, 63)",17,20.0
40,Q-Learning,D15,"(30, 93)",4,14.0
40,Q-Learning,D16,"(44, 39)",6,21.0
41,Greedy,D13,"(21, 94)",13,11.0
41,Greedy,D14,"(20, 63)",18,20.0
41,Greedy,D15,"(30, 93)",5,14.0
41,Greedy,D16,"(44, 39)",7,21.0
41,Greedy,D17,"(25, 84)",5,26.0
41,Auction,D10,"(14, 94)",29,20.0
41,Auction,D12,"(16, 81)",23,13.0
41,Auction,D13,"(21, 94)",13,11.0
41,Auction,D15,"(30, 93)",5,14.0
41,Auction,D16,"(44, 39)",7,21.0
41,Auction,D17,"(25, 84)",5,26.0
41,Q-Learning,D13,"(21, 94)",13,11.0
41,Q-Learning,D14,"(20, 63)",18,20.0
41,Q-Learning,D15,"(30, 93)",5,14.0
41,Q-Learning,D16,"(44, 39)",7,21.0
41,Q-Learning,D17,"(25, 84)",5,26.0
42,Greedy,D13,"(21, 94)",14,11.0
42,Greedy,D14,"(20, 63)",19,20.0
42,Greedy,D15,"(30, 93)",6,14.0
42,Greedy,D16,"(44, 39)",8,21.0
42,Greedy,D17,"(25, 84)",6,26.0
42,Greedy,D18,"(41, 74)",7,22.0
42,Auction,D10,"(14, 94)",30,20.0
42,Auction,D12,"(16, 81)",24,13.0
42,Auction,D13,"(21, 94)",14,11.0
42,Auction,D15,"(30, 93)",6,14.0
42,Auction,D16,"(44, 39)",8,21.0
42,Auction,D17,"(25, 84)",6,26.0
42,Auction,D18,"(41, 74)",7,22.0
42,Q-Learning,D13,"(21, 94)",14,11.0
42,Q-Learning,D14,"(20, 63)",19,20.0
42,Q-Learning,D15,"(30, 93)",6,14.0
42,Q-Learning,D16,"(44, 39)",8,21.0
42,Q-Learning,D17,"(25, 84)",6,26.0
42,Q-Learning,D18,"(41, 74)",7,22.0
43,Greedy,D13,"(21, 94)",15,11.0
43,Greedy,D14,"(20, 63)",20,20.0
43,Greedy,D15,"(30, 93)",7,14.0
43,Greedy,D16,"(44, 39)",9,21.0
43,Greedy,D17,"(25, 84)",7,26.0
43,Greedy,D18,"(41, 74)",8,22.0
43,Greedy,D19,"(12, 90)",4,21.0
43,Auction,D10,"(14, 94)",31,20.0
43,Auction,D12,"(16, 81)",25,13.0
43,Auction,D13,"(21, 94)",15,11.0
43,Auction,D15,"(30, 93)",7,14.0
43,Auction,D16,"(44, 39)",9,21.0
43,Auction,D17,"(25, 84)",7,26.0
43,Auction,D18,"(41, 74)",8,22.0
43,Auction,D19,"(12, 90)",4,21.0
43,Q-Learning,D13,"(21, 94)",15,11.0
43,Q-Learning,D14,"(20, 63)",20,20.0
43,Q-Learning,D15,"(30, 93)",7,14.0
43,Q-Learning,D16,"(44, 39)",9,21.0
43,Q-Learning,D17,"(25, 84)",7,26.0
43,Q-Learning,D18,"(41, 74)",8,22.0
43,Q-Learning,D19,"(12, 90)",4,21.0
44,Greedy,D13,"(21, 94)",16,11.0
44,Greedy,D15,"(30, 93)",8,14.0
44,Greedy,D16,"(44, 39)",10,21.0
44,Greedy,D17,"(25, 84)",8,26.0
44,Greedy,D18,"(41, 74)",9,22.0
44,Greedy,D19,"(12, 90)",5,21.0
44,Auction,D10,"(14, 94)",32,20.0
44,Auction,D13,"(21, 94)",16,11.0
44,Auction,D15,"(30, 93)",8,14.0
44,Auction,D16,"(44, 39)",10,21.0
44,Auction,D17,"(25, 84)",8,26.0
44,Auction,D18,"(41, 74)",9,22.0
44,Auction,D19,"(12, 90)",5,21.0
44,Q-Learning,D13,"(21, 94)",16,11.0
44,Q-Learning,D14,"(20, 63)",21,20.0
44,Q-Learning,D15,"(30, 93)",8,14.0
44,Q-Learning,D16,"(44, 39)",10,21.0
44,Q-Learning,D17,"(25, 84)",8,26.0
44,Q-Learning,D18,"(41, 74)",9,22.0
44,Q-Learning,D19,"(12, 90)",5,21.0
45,Greedy,D13,"(21, 94)",17,11.0
45,Greedy,D15,"(30, 93)",9,14.0
45,Greedy,D16,"(44, 39)",11,21.0
45,Greedy,D17,"(25, 84)",9,26.0
45,Greedy,D18,"(41, 74)",10,22.0
45,Greedy,D19,"(12, 90)",6,21.0
45,Auction,D10,"(14, 94)",33,20.0
45,Auction,D13,"(21, 94)",17,11.0
45,Auction,D15,"(30, 93)",9,14.0
45,Auction,D16,"(44, 39)",11,21.0
45,Auction,D17,"(25, 84)",9,26.0
45,Auction,D18,"(41, 74)",10,22.0
45,Auction,D19,"(12, 90)",6,21.0
45,Q-Learning,D13,"(21, 94)",17,11.0
45,Q-Learning,D14,"(20, 63)",22,20.0
45,Q-Learning,D15,"(30, 93)",9,14.0
45,Q-Learning,D16,"(44, 39)",11,21.0
45,Q-Learning,D17,"(25, 84)",9,26.0
45,Q-Learning,D18,"(41, 74)",10,22.0
45,Q-Learning,D19,"(12, 90)",6,21.0
46,Greedy,D13,"(21, 94)",18,11.0
46,Greedy,D15,"(30, 93)",10,14.0
46,Greedy,D16,"(44, 39)",12,21.0
46,Greedy,D17,"(25, 84)",10,26.0
46,Greedy,D18,"(41, 74)",11,22.0
46,Greedy,D19,"(12, 90)",7,21.0
46,Auction,D10,"(14, 94)",34,20.0
46,Auction,D13,"(21, 94)",18,11.0
46,Auction,D15,"(30, 93)",10,14.0
46,Auction,D16,"(44, 39)",12,21.0
46,Auction,D17,"(25, 84)",10,26.0
46,Auction,D18,"(41, 74)",11,22.0
46,Auction,D19,"(12, 90)",7,21.0
46,Q-Learning,D13,"(21, 94)",18,11.0
46,Q-Learning,D14,"(20, 63)",23,20.0
46,Q-Learning,D15,"(30, 93)",10,14.0
46,Q-Learning,D16,"(44, 39)",12,21.0
46,Q-Learning,D17,"(25, 84)",10,26.0
46,Q-Learning,D18,"(41, 74)",11,22.0
46,Q-Learning,D19,"(12, 90)",7,21.0
47,Greedy,D13,"(21, 94)",19,11.0
47,Greedy,D15,"(30, 93)",11,14.0
47,Greedy,D16,"(44, 39)",13,21.0
47,Greedy,D17,"(25, 84)",11,26.0
47,Greedy,D18,"(41, 74)",12,22.0
47,Greedy,D19,"(12, 90)",8,21.0
47,Greedy,D20,"(94, 97)",6,26.0
47,Auction,D10,"(14, 94)",35,20.0
47,Auction,D13,"(21, 94)",19,11.0
47,Auction,D15,"(30, 93)",11,14.0
47,Auction,D16,"(44, 39)",13,21.0
47,Auction,D17,"(25, 84)",11,26.0
47,Auction,D18,"(41, 74)",12,22.0
47,Auction,D19,"(12, 90)",8,21.0
47,Auction,D20,"(94, 97)",6,26.0
47,Q-Learning,D13,"(21, 94)",19,11.0
47,Q-Learning,D14,"(20, 63)",24,20.0
47,Q-Learning,D15,"(30, 93)",11,14.0
47,Q-Learning,D16,"(44, 39)",13,21.0
47,Q-Learning,D17,"(25, 84)",11,26.0
47,Q-Learning,D18,"(41, 74)",12,22.0
47,Q-Learning,D19,"(12, 90)",8,21.0
47,Q-Learning,D20,"(94, 97)",6,26.0
48,Greedy,D13,"(21, 94)",20,11.0
48,Greedy,D15,"(30, 93)",12,14.0
48,Greedy,D16,"(44, 39)",14,21.0
48,Greedy,D17,"(25, 84)",12,26.0
48,Greedy,D18,"(41, 74)",13,22.0
48,Greedy,D19,"(12, 90)",9,21.0
48,Greedy,D20,"(94, 97)",7,26.0
48,Auction,D10,"(14, 94)",36,20.0
48,Auction,D13,"(21, 94)",20,11.0
48,Auction,D15,"(30, 93)",12,14.0
48,Auction,D16,"(44, 39)",14,21.0
48,Auction,D17,"(25, 84)",12,26.0
48,Auction,D18,"(41, 74)",13,22.0
48,Auction,D19,"(12, 90)",9,21.0
48,Auction,D20,"(94, 97)",7,26.0
48,Q-Learning,D13,"(21, 94)",20,11.0
48,Q-Learning,D14,"(20, 63)",25,20.0
48,Q-Learning,D15,"(30, 93)",12,14.0
48,Q-Learning,D16,"(44, 39)",14,21.0
48,Q-Learning,D17,"(25, 84)",12,26.0
48,Q-Learning,D18,"(41, 74)",13,22.0
48,Q-Learning,D19,"(12, 90)",9,21.0
48,Q-Learning,D20,"(94, 97)",7,26.0
49,Greedy,D13,"(21, 94)",21,11.0
49,Greedy,D15,"(30, 93)",13,14.0
49,Greedy,D16,"(44, 39)",15,21.0
49,Greedy,D17,"(25, 84)",13,26.0
49,Greedy,D18,"(41, 74)",14,22.0
49,Greedy,D19,"(12, 90)",10,21.0
49,Greedy,D20,"(94, 97)",8,26.0
49,Greedy,D21,"(1, 68)",8,19.0
49,Auction,D10,"(14, 94)",37,20.0
49,Auction,D13,"(21, 94)",21,11.0
49,Auction,D15,"(30, 93)",13,14.0
49,Auction,D16,"(44, 39)",15,21.0
49,Auction,D17,"(25, 84)",13,26.0
49,Auction,D18,"(41, 74)",14,22.0
49,Auction,D19,"(12, 90)",10,21.0
49,Auction,D20,"(94, 97)",8,26.0
49,Auction,D21,"(1, 68)",8,19.0
49,Q-Learning,D13,"(21, 94)",21,11.0
49,Q-Learning,D14,"(20, 63)",26,20.0
49,Q-Learning,D15,"(30, 93)",13,14.0
49,Q-Learning,D17,"(25, 84)",13,26.0
49,Q-Learning,D18,"(41, 74)",14,22.0
49,Q-Learning,D19,"(12, 90)",10,21.0
49,Q-Learning,D20,"(94, 97)",8,26.0
49,Q-Learning,D21,"(1, 68)",8,19.0
50,Greedy,D13,"(21, 94)",22,11.0
50,Greedy,D15,"(30, 93)",14,14.0
50,Greedy,D16,"(44, 39)",16,21.0
50,Greedy,D17,"(25, 84)",14,26.0
50,Greedy,D18,"(41, 74)",15,22.0
50,Greedy,D19,"(12, 90)",11,21.0
50,Greedy,D20,"(94, 97)",9,26.0
50,Greedy,D21,"(1, 68)",9,19.0
50,Greedy,D22,"(2, 14)",6,27.0
50,Auction,D15,"(30, 93)",14,14.0
50,Auction,D17,"(25, 84)",14,26.0
50,Auction,D18,"(41, 74)",15,22.0
50,Auction,D19,"(12, 90)",11,21.0
50,Auction,D20,"(94, 97)",9,26.0
50,Auction,D21,"(1, 68)",9,19.0
50,Auction,D22,"(2, 14)",6,27.0
50,Q-Learning,D13,"(21, 94)",22,11.0
50,Q-Learning,D14,"(20, 63)",27,20.0
50,Q-Learning,D15,"(30, 93)",14,14.0
50,Q-Learning,D17,"(25, 84)",14,26.0
50,Q-Learning,D19,"(12, 90)",11,21.0
50,Q-Learning,D20,"(94, 97)",9,26.0
50,Q-Learning,D21,"(1, 68)",9,19.0
50,Q-Learning,D22,"(2, 14)",6,27.0
51,Greedy,D15,"(30, 93)",15,14.0
51,Greedy,D16,"(44, 39)",17,21.0
51,Greedy,D17,"(25, 84)",15,26.0
51,Greedy,D18,"(41, 74)",16,22.0
51,Greedy,D19,"(12, 90)",12,21.0
51,Greedy,D20,"(94, 97)",10,26.0
51,Greedy,D21,"(1, 68)",10,19.0
51,Greedy,D22,"(2, 14)",7,27.0
51,Auction,D15,"(30, 93)",15,14.0
51,Auction,D17,"(25, 84)",15,26.0
51,Auction,D18,"(41, 74)",16,22.0
51,Auction,D19,"(12, 90)",12,21.0
51,Auction,D20,"(94, 97)",10,26.0
51,Auction,D21,"(1, 68)",10,19.0
51,Auction,D22,"(2, 14)",7,27.0
51,Q-Learning,D13,"(21, 94)",23,11.0
51,Q-Learning,D14,"(20, 63)",28,20.0
51,Q-Learning,D15,"(30, 93)",15,14.0
51,Q-Learning,D17,"(25, 84)",15,26.0
51,Q-Learning,D19,"(12, 90)",12,21.0
51,Q-Learning,D20,"(94, 97)",10,26.0
51,Q-Learning,D21,"(1, 68)",10,19.0
51,Q-Learning,D22,"(2, 14)",7,27.0
52,Greedy,D15,"(30, 93)",16,14.0
52,Greedy,D17,"(25, 84)",16,26.0
52,Greedy,D18,"(41, 74)",17,22.0
52,Greedy,D19,"(12, 90)",13,21.0
52,Greedy,D20,"(94, 97)",11,26.0
52,Greedy,D21,"(1, 68)",11,19.0
52,Greedy,D22,"(2, 14)",8,27.0
52,Greedy,D23,"(12, 8)",4,13.0
52,Auction,D15,"(30, 93)",16,14.0
52,Auction,D17,"(25, 84)",16,26.0
52,Auction,D18,"(41, 74)",17,22.0
52,Auction,D19,"(12, 90)",13,21.0
52,Auction,D20,"(94, 97)",11,26.0
52,Auction,D21,"(1, 68)",11,19.0
52,Auction,D22,"(2, 14)",8,27.0
52,Auction,D23,"(12, 8)",4,13.0
52,Q-Learning,D13,"(21, 94)",24,11.0
52,Q-Learning,D14,"(20, 63)",29,20.0
52,Q-Learning,D15,"(30, 93)",16,14.0
52,Q-Learning,D17,"(25, 84)",16,26.0
52,Q-Learning,D19,"(12, 90)",13,21.0
52,Q-Learning,D20,"(94, 97)",11,26.0
52,Q-Learning,D21,"(1, 68)",11,19.0
52,Q-Learning,D22,"(2, 14)",8,27.0
53,Greedy,D15,"(30, 93)",17,14.0
53,Greedy,D17,"(25, 84)",17,26.0
53,Greedy,D18,"(41, 74)",18,22.0
53,Greedy,D19,"(12, 90)",14,21.0
53,Greedy,D20,"(94, 97)",12,26.0
53,Greedy,D21,"(1, 68)",12,19.0
53,Greedy,D22,"(2, 14)",9,27.0
53,Greedy,D23,"(12, 8)",5,13.0
53,Greedy,D24,"(64, 21)",10,16.0
53,Auction,D15,"(30, 93)",17,14.0
53,Auction,D17,"(25, 84)",17,26.0
53,Auction,D18,"(41, 74)",18,22.0
53,Auction,D19,"(12, 90)",14,21.0
53,Auction,D20,"(94, 97)",12,26.0
53,Auction,D21,"(1, 68)",12,19.0
53,Auction,D22,"(2, 14)",9,27.0
53,Auction,D23,"(12, 8)",5,13.0
53,Auction,D24,"(64, 21)",10,16.0
53,Q-Learning,D13,"(21, 94)",25,11.0
53,Q-Learning,D14,"(20, 63)",30,20.0
53,Q-Learning,D15,"(30, 93)",17,14.0
53,Q-Learning,D17,"(25, 84)",17,26.0
53,Q-Learning,D19,"(12, 90)",14,21.0
53,Q-Learning,D20,"(94, 97)",12,26.0
53,Q-Learning,D21,"(1, 68)",12,19.0
53,Q-Learning,D22,"(2, 14)",9,27.0
53,Q-Learning,D24,"(64, 21)",10,16.0
54,Greedy,D15,"(30, 93)",18,14.0
54,Greedy,D17,"(25, 84)",18,26.0
54,Greedy,D18,"(41, 74)",19,22.0
54,Greedy,D19,"(12, 90)",15,21.0
54,Greedy,D20,"(94, 97)",13,26.0
54,Greedy,D21,"(1, 68)",13,19.0
54,Greedy,D22,"(2, 14)",10,27.0
54,Greedy,D23,"(12, 8)",6,13.0
54,Greedy,D24,"(64, 21)",11,16.0
54,Auction,D15,"(30, 93)",18,14.0
54,Auction,D17,"(25, 84)",18,26.0
54,Auction,D18,"(41, 74)",19,22.0
54,Auction,D19,"(12, 90)",15,21.0
54,Auction,D20,"(94, 97)",13,26.0
54,Auction,D21,"(1, 68)",13,19.0
54,Auction,D22,"(2, 14)",10,27.0
54,Auction,D23,"(12, 8)",6,13.0
54,Auction,D24,"(64, 21)",11,16.0
54,Q-Learning,D13,"(21, 94)",26,11.0
54,Q-Learning,D14,"(20, 63)",31,20.0
54,Q-Learning,D15,"(30, 93)",18,14.0
54,Q-Learning,D17,"(25, 84)",18,26.0
54,Q-Learning,D19,"(12, 90)",15,21.0
54,Q-Learning,D20,"(94, 97)",13,26.0
54,Q-Learning,D21,"(1, 68)",13,19.0
54,Q-Learning,D22,"(2, 14)",10,27.0
54,Q-Learning,D24,"(64, 21)",11,16.0
55,Greedy,D15,"(30, 93)",19,14.0
55,Greedy,D17,"(25, 84)",19,26.0
55,Greedy,D18,"(41, 74)",20,22.0
55,Greedy,D19,"(12, 90)",16,21.0
55,Greedy,D20,"(94, 97)",14,26.0
55,Greedy,D21,"(1, 68)",14,19.0
55,Greedy,D22,"(2, 14)",11,27.0
55,Greedy,D23,"(12, 8)",7,13.0
55,Greedy,D24,"(64, 21)",12,16.0
55,Auction,D15,"(30, 93)",19,14.0
55,Auction,D17,"(25, 84)",19,26.0
55,Auction,D18,"(41, 74)",20,22.0
55,Auction,D19,"(12, 90)",16,21.0
55,Auction,D20,"(94, 97)",14,26.0
55,Auction,D21,"(1, 68)",14,19.0
55,Auction,D22,"(2, 14)",11,27.0
55,Auction,D23,"(12, 8)",7,13.0
55,Auction,D24,"(64, 21)",12,16.0
55,Q-Learning,D13,"(21, 94)",27,11.0
55,Q-Learning,D14,"(20, 63)",32,20.0
55,Q-Learning,D15,"(30, 93)",19,14.0
55,Q-Learning,D17,"(25, 84)",19,26.0
55,Q-Learning,D19,"(12, 90)",16,21.0
55,Q-Learning,D20,"(94, 97)",14,26.0
55,Q-Learning,D21,"(1, 68)",14,19.0
55,Q-Learning,D22,"(2, 14)",11,27.0
55,Q-Learning,D24,"(64, 21)",12,16.0
56,Greedy,D15,"(30, 93)",20,14.0
56,Greedy,D17,"(25, 84)",20,26.0
56,Greedy,D18,"(41, 74)",21,22.0
56,Greedy,D19,"(12, 90)",17,21.0
56,Greedy,D20,"(94, 97)",15,26.0
56,Greedy,D21,"(1, 68)",15,19.0
56,Greedy,D22,"(2, 14)",12,27.0
56,Greedy,D23,"(12, 8)",8,13.0
56,Greedy,D24,"(64, 21)",13,16.0
56,Greedy,D25,"(84, 25)",5,22.0
56,Auction,D15,"(30, 93)",20,14.0
56,Auction,D17,"(25, 84)",20,26.0
56,Auction,D18,"(41, 74)",21,22.0
56,Auction,D19,"(12, 90)",17,21.0
56,Auction,D20,"(94, 97)",15,26.0
56,Auction,D21,"(1, 68)",15,19.0
56,Auction,D22,"(2, 14)",12,27.0
56,Auction,D23,"(12, 8)",8,13.0
56,Auction,D24,"(64, 21)",13,16.0
56,Auction,D25,"(84, 25)",5,22.0
56,Q-Learning,D13,"(21, 94)",28,11.0
56,Q-Learning,D14,"(20, 63)",33,20.0
56,Q-Learning,D15,"(30, 93)",20,14.0
56,Q-Learning,D17,"(25, 84)",20,26.0
56,Q-Learning,D19,"(12, 90)",17,21.0
56,Q-Learning,D20,"(94, 97)",15,26.0
56,Q-Learning,D21,"(1, 68)",15,19.0
56,Q-Learning,D22,"(2, 14)",12,27.0
56,Q-Learning,D24,"(64, 21)",13,16.0
56,Q-Learning,D25,"(84, 25)",5,22.0
57,Greedy,D15,"(30, 93)",21,14.0
57,Greedy,D17,"(25, 84)",21,26.0
57,Greedy,D18,"(41, 74)",22,22.0
57,Greedy,D19,"(12, 90)",18,21.0
57,Greedy,D20,"(94, 97)",16,26.0
57,Greedy,D21,"(1, 68)",16,19.0
57,Greedy,D22,"(2, 14)",13,27.0
57,Greedy,D23,"(12, 8)",9,13.0
57,Greedy,D24,"(64, 21)",14,16.0
57,Greedy,D25,"(84, 25)",6,22.0
57,Auction,D15,"(30, 93)",21,14.0
57,Auction,D17,"(25, 84)",21,26.0
57,Auction,D18,"(41, 74)",22,22.0
57,Auction,D19,"(12, 90)",18,21.0
57,Auction,D20,"(94, 97)",16,26.0
57,Auction,D21,"(1, 68)",16,19.0
57,Auction,D22,"(2, 14)",13,27.0
57,Auction,D23,"(12, 8)",9,13.0
57,Auction,D24,"(64, 21)",14,16.0
57,Auction,D25,"(84, 25)",6,22.0
57,Q-Learning,D13,"(21, 94)",29,11.0
57,Q-Learning,D14,"(20, 63)",34,20.0
57,Q-Learning,D15,"(30, 93)",21,14.0
57,Q-Learning,D17,"(25, 84)",21,26.0
57,Q-Learning,D19,"(12, 90)",18,21.0
57,Q-Learning,D20,"(94, 97)",16,26.0
57,Q-Learning,D21,"(1, 68)",16,19.0
57,Q-Learning,D22,"(2, 14)",13,27.0
57,Q-Learning,D24,"(64, 21)",14,16.0
57,Q-Learning,D25,"(84, 25)",6,22.0
58,Greedy,D15,"(30, 93)",22,14.0
58,Greedy,D17,"(25, 84)",22,26.0
58,Greedy,D18,"(41, 74)",23,22.0
58,Greedy,D19,"(12, 90)",19,21.0
58,Greedy,D20,"(94, 97)",17,26.0
58,Greedy,D21,"(1, 68)",17,19.0
58,Greedy,D22,"(2, 14)",14,27.0
58,Greedy,D23,"(12, 8)",10,13.0
58,Greedy,D24,"(64, 21)",15,16.0
58,Greedy,D25,"(84, 25)",7,22.0
58,Greedy,D26,"(2, 20)",4,25.0
58,Auction,D15,"(30, 93)",22,14.0
58,Auction,D17,"(25, 84)",22,26.0
58,Auction,D18,"(41, 74)",23,22.0
58,Auction,D19,"(12, 90)",19,21.0
58,Auction,D20,"(94, 97)",17,26.0
58,Auction,D21,"(1, 68)",17,19.0
58,Auction,D22,"(2, 14)",14,27.0
58,Auction,D23,"(12, 8)",10,13.0
58,Auction,D24,"(64, 21)",15,16.0
58,Auction,D25,"(84, 25)",7,22.0
58,Auction,D26,"(2, 20)",4,25.0
58,Q-Learning,D13,"(21, 94)",30,11.0
58,Q-Learning,D14,"(20, 63)",35,20.0
58,Q-Learning,D15,"(30, 93)",22,14.0
58,Q-Learning,D17,"(25, 84)",22,26.0
58,Q-Learning,D19,"(12, 90)",19,21.0
58,Q-Learning,D20,"(94, 97)",17,26.0
58,Q-Learning,D21,"(1, 68)",17,19.0
58,Q-Learning,D22,"(2, 14)",14,27.0
58,Q-Learning,D24,"(64, 21)",15,16.0
58,Q-Learning,D25,"(84, 25)",7,22.0
58,Q-Learning,D26,"(2, 20)",4,25.0
59,Greedy,D15,"(30, 93)",23,14.0
59,Greedy,D17,"(25, 84)",23,26.0
59,Greedy,D18,"(41, 74)",24,22.0
59,Greedy,D19,"(12, 90)",20,21.0
59,Greedy,D20,"(94, 97)",18,26.0
59,Greedy,D21,"(1, 68)",18,19.0
59,Greedy,D22,"(2, 14)",15,27.0
59,Greedy,D23,"(12, 8)",11,13.0
59,Greedy,D24,"(64, 21)",16,16.0
59,Greedy,D25,"(84, 25)",8,22.0
59,Greedy,D26,"(2, 20)",5,25.0
59,Greedy,D27,"(37, 54)",10,20.0
59,Auction,D15,"(30, 93)",23,14.0
59,Auction,D17,"(25, 84)",23,26.0
59,Auction,D18,"(41, 74)",24,22.0
59,Auction,D19,"(12, 90)",20,21.0
59,Auction,D20,"(94, 97)",18,26.0
59,Auction,D21,"(1, 68)",18,19.0
59,Auction,D22,"(2, 14)",15,27.0
59,Auction,D23,"(12, 8)",11,13.0
59,Auction,D24,"(64, 21)",16,16.0
59,Auction,D25,"(84, 25)",8,22.0
59,Auction,D26,"(2, 20)",5,25.0
59,Auction,D27,"(37, 54)",10,20.0
59,Q-Learning,D13,"(21, 94)",31,11.0
59,Q-Learning,D14,"(20, 63)",36,20.0
59,Q-Learning,D15,"(30, 93)",23,14.0
59,Q-Learning,D17,"(25, 84)",23,26.0
59,Q-Learning,D19,"(12, 90)",20,21.0
59,Q-Learning,D20,"(94, 97)",18,26.0
59,Q-Learning,D21,"(1, 68)",18,19.0
59,Q-Learning,D22,"(2, 14)",15,27.0
59,Q-Learning,D24,"(64, 21)",16,16.0
59,Q-Learning,D25,"(84, 25)",8,22.0
59,Q-Learning,D26,"(2, 20)",5,25.0
59,Q-Learning,D27,"(37, 54)",10,20.0
60,Greedy,D15,"(30, 93)",24,14.0
60,Greedy,D17,"(25, 84)",24,26.0
60,Greedy,D18,"(41, 74)",25,22.0
60,Greedy,D19,"(12, 90)",21,21.0
60,Greedy,D20,"(94, 97)",19,26.0
60,Greedy,D21,"(1, 68)",19,19.0
60,Greedy,D22,"(2, 14)",16,27.0
60,Greedy,D23,"(12, 8)",12,13.0
60,Greedy,D24,"(64, 21)",17,16.0
60,Greedy,D25,"(84, 25)",9,22.0
60,Greedy,D26,"(2, 20)",6,25.0
60,Greedy,D27,"(37, 54)",11,20.0
60,Greedy,D28,"(60, 21)",6,29.0
60,Auction,D15,"(30, 93)",24,14.0
60,Auction,D17,"(25, 84)",24,26.0
60,Auction,D18,"(41, 74)",25,22.0
60,Auction,D19,"(12, 90)",21,21.0
60,Auction,D20,"(94, 97)",19,26.0
60,Auction,D21,"(1, 68)",19,19.0
60,Auction,D22,"(2, 14)",16,27.0
60,Auction,D23,"(12, 8)",12,13.0
60,Auction,D24,"(64, 21)",17,16.0
60,Auction,D25,"(84, 25)",9,22.0
60,Auction,D26,"(2, 20)",6,25.0
60,Auction,D27,"(37, 54)",11,20.0
60,Auction,D28,"(60, 21)",6,29.0
60,Q-Learning,D13,"(21, 94)",32,11.0
60,Q-Learning,D14,"(20, 63)",37,20.0
60,Q-Learning,D15,"(30, 93)",24,14.0
60,Q-Learning,D17,"(25, 84)",24,26.0
60,Q-Learning,D19,"(12, 90)",21,21.0
60,Q-Learning,D20,"(94, 97)",19,26.0
60,Q-Learning,D21,"(1, 68)",19,19.0
60,Q-Learning,D22,"(2, 14)",16,27.0
60,Q-Learning,D24,"(64, 21)",17,16.0
60,Q-Learning,D25,"(84, 25)",9,22.0
60,Q-Learning,D26,"(2, 20)",6,25.0
60,Q-Learning,D27,"(37, 54)",11,20.0
60,Q-Learning,D28,"(60, 21)",6,29.0
61,Greedy,D15,"(30, 93)",25,14.0
61,Greedy,D17,"(25, 84)",25,26.0
61,Greedy,D18,"(41, 74)",26,22.0
61,Greedy,D19,"(12, 90)",22,21.0
61,Greedy,D20,"(94, 97)",20,26.0
61,Greedy,D21,"(1, 68)",20,19.0
61,Greedy,D22,"(2, 14)",17,27.0
61,Greedy,D23,"(12, 8)",13,13.0
61,Greedy,D24,"(64, 21)",18,16.0
61,Greedy,D25,"(84, 25)",10,22.0
61,Greedy,D26,"(2, 20)",7,25.0
61,Greedy,D27,"(37, 54)",12,20.0
61,Greedy,D28,"(60, 21)",7,29.0
61,Auction,D15,"(30, 93)",25,14.0
61,Auction,D17,"(25, 84)",25,26.0
61,Auction,D18,"(41, 74)",26,22.0
61,Auction,D19,"(12, 90)",22,21.0
61,Auction,D20,"(94, 97)",20,26.0
61,Auction,D21,"(1, 68)",20,19.0
61,Auction,D22,"(2, 14)",17,27.0
61,Auction,D23,"(12, 8)",13,13.0
61,Auction,D24,"(64, 21)",18,16.0
61,Auction,D25,"(84, 25)",10,22.0
61,Auction,D26,"(2, 20)",7,25.0
61,Auction,D27,"(37, 54)",12,20.0
61,Auction,D28,"(60, 21)",7,29.0
61,Q-Learning,D13,"(21, 94)",33,11.0
61,Q-Learning,D14,"(20, 63)",38,20.0
61,Q-Learning,D15,"(30, 93)",25,14.0
61,Q-Learning,D17,"(25, 84)",25,26.0
61,Q-Learning,D19,"(12, 90)",22,21.0
61,Q-Learning,D20,"(94, 97)",20,26.0
61,Q-Learning,D21,"(1, 68)",20,19.0
61,Q-Learning,D22,"(2, 14)",17,27.0
61,Q-Learning,D24,"(64, 21)",18,16.0
61,Q-Learning,D25,"(84, 25)",10,22.0
61,Q-Learning,D26,"(2, 20)",7,25.0
61,Q-Learning,D27,"(37, 54)",12,20.0
61,Q-Learning,D28,"(60, 21)",7,29.0
62,Greedy,D15,"(30, 93)",26,14.0
62,Greedy,D17,"(25, 84)",26,26.0
62,Greedy,D18,"(41, 74)",27,22.0
62,Greedy,D19,"(12, 90)",23,21.0
62,Greedy,D20,"(94, 97)",21,26.0
62,Greedy,D21,"(1, 68)",21,19.0
62,Greedy,D22,"(2, 14)",18,27.0
62,Greedy,D23,"(12, 8)",14,13.0
62,Greedy,D24,"(64, 21)",19,16.0
62,Greedy,D25,"(84, 25)",11,22.0
62,Greedy,D26,"(2, 20)",8,25.0
62,Greedy,D27,"(37, 54)",13,20.0
62,Greedy,D28,"(60, 21)",8,29.0
62,Greedy,D29,"(30, 25)",10,12.0
62,Auction,D15,"(30, 93)",26,14.0
62,Auction,D17,"(25, 84)",26,26.0
62,Auction,D18,"(41, 74)",27,22.0
62,Auction,D19,"(12, 90)",23,21.0
62,Auction,D20,"(94, 97)",21,26.0
62,Auction,D21,"(1, 68)",21,19.0
62,Auction,D22,"(2, 14)",18,27.0
62,Auction,D23,"(12, 8)",14,13.0
62,Auction,D24,"(64, 21)",19,16.0
62,Auction,D25,"(84, 25)",11,22.0
62,Auction,D26,"(2, 20)",8,25.0
62,Auction,D27,"(37, 54)",13,20.0
62,Auction,D28,"(60, 21)",8,29.0
62,Q-Learning,D13,"(21, 94)",34,11.0
62,Q-Learning,D14,"(20, 63)",39,20.0
62,Q-Learning,D17,"(25, 84)",26,26.0
62,Q-Learning,D19,"(12, 90)",23,21.0
62,Q-Learning,D20,"(94, 97)",21,26.0
62,Q-Learning,D21,"(1, 68)",21,19.0
62,Q-Learning,D22,"(2, 14)",18,27.0
62,Q-Learning,D24,"(64, 21)",19,16.0
62,Q-Learning,D25,"(84, 25)",11,22.0
62,Q-Learning,D26,"(2, 20)",8,25.0
62,Q-Learning,D27,"(37, 54)",13,20.0
62,Q-Learning,D28,"(60, 21)",8,29.0
63,Greedy,D15,"(30, 93)",27,14.0
63,Greedy,D17,"(25, 84)",27,26.0
63,Greedy,D18,"(41, 74)",28,22.0
63,Greedy,D19,"(12, 90)",24,21.0
63,Greedy,D20,"(94, 97)",22,26.0
63,Greedy,D21,"(1, 68)",22,19.0
63,Greedy,D22,"(2, 14)",19,27.0
63,Greedy,D23,"(12, 8)",15,13.0
63,Greedy,D24,"(64, 21)",20,16.0
63,Greedy,D25,"(84, 25)",12,22.0
63,Greedy,D26,"(2, 20)",9,25.0
63,Greedy,D27,"(37, 54)",14,20.0
63,Greedy,D28,"(60, 21)",9,29.0
63,Greedy,D29,"(30, 25)",11,12.0
63,Auction,D15,"(30, 93)",27,14.0
63,Auction,D17,"(25, 84)",27,26.0
63,Auction,D18,"(41, 74)",28,22.0
63,Auction,D19,"(12, 90)",24,21.0
63,Auction,D20,"(94, 97)",22,26.0
63,Auction,D21,"(1, 68)",22,19.0
63,Auction,D22,"(2, 14)",19,27.0
63,Auction,D23,"(12, 8)",15,13.0
63,Auction,D24,"(64, 21)",20,16.0
63,Auction,D25,"(84, 25)",12,22.0
63,Auction,D26,"(2, 20)",9,25.0
63,Auction,D27,"(37, 54)",14,20.0
63,Auction,D28,"(60, 21)",9,29.0
63,Q-Learning,D13,"(21, 94)",35,11.0
63,Q-Learning,D14,"(20, 63)",40,20.0
63,Q-Learning,D17,"(25, 84)",27,26.0
63,Q-Learning,D19,"(12, 90)",24,21.0
63,Q-Learning,D20,"(94, 97)",22,26.0
63,Q-Learning,D21,"(1, 68)",22,19.0
63,Q-Learning,D22,"(2, 14)",19,27.0
63,Q-Learning,D24,"(64, 21)",20,16.0
63,Q-Learning,D25,"(84, 25)",12,22.0
63,Q-Learning,D26,"(2, 20)",9,25.0
63,Q-Learning,D27,"(37, 54)",14,20.0
63,Q-Learning,D28,"(60, 21)",9,29.0
64,Greedy,D17,"(25, 84)",28,26.0
64,Greedy,D19,"(12, 90)",25,21.0
64,Greedy,D20,"(94, 97)",23,26.0
64,Greedy,D21,"(1, 68)",23,19.0
64,Greedy,D22,"(2, 14)",20,27.0
64,Greedy,D23,"(12, 8)",16,13.0
64,Greedy,D24,"(64, 21)",21,16.0
64,Greedy,D25,"(84, 25)",13,22.0
64,Greedy,D26,"(2, 20)",10,25.0
64,Greedy,D27,"(37, 54)",15,20.0
64,Greedy,D28,"(60, 21)",10,29.0
64,Greedy,D29,"(30, 25)",12,12.0
64,Auction,D15,"(30, 93)",28,14.0
64,Auction,D17,"(25, 84)",28,26.0
64,Auction,D18,"(41, 74)",29,22.0
64,Auction,D19,"(12, 90)",25,21.0
64,Auction,D20,"(94, 97)",23,26.0
64,Auction,D21,"(1, 68)",23,19.0
64,Auction,D22,"(2, 14)",20,27.0
64,Auction,D23,"(12, 8)",16,13.0
64,Auction,D24,"(64, 21)",21,16.0
64,Auction,D25,"(84, 25)",13,22.0
64,Auction,D26,"(2, 20)",10,25.0
64,Auction,D27,"(37, 54)",15,20.0
64,Auction,D28,"(60, 21)",10,29.0
64,Q-Learning,D13,"(21, 94)",36,11.0
64,Q-Learning,D14,"(20, 63)",41,20.0
64,Q-Learning,D17,"(25, 84)",28,26.0
64,Q-Learning,D19,"(12, 90)",25,21.0
64,Q-Learning,D20,"(94, 97)",23,26.0
64,Q-Learning,D21,"(1, 68)",23,19.0
64,Q-Learning,D22,"(2, 14)",20,27.0
64,Q-Learning,D24,"(64, 21)",21,16.0
64,Q-Learning,D25,"(84, 25)",13,22.0
64,Q-Learning,D26,"(2, 20)",10,25.0
64,Q-Learning,D27,"(37, 54)",15,20.0
64,Q-Learning,D28,"(60, 21)",10,29.0
65,Greedy,D17,"(25, 84)",29,26.0
65,Greedy,D19,"(12, 90)",26,21.0
65,Greedy,D20,"(94, 97)",24,26.0
65,Greedy,D21,"(1, 68)",24,19.0
65,Greedy,D22,"(2, 14)",21,27.0
65,Greedy,D23,"(12, 8)",17,13.0
65,Greedy,D24,"(64, 21)",22,16.0
65,Greedy,D25,"(84, 25)",14,22.0
65,Greedy,D26,"(2, 20)",11,25.0
65,Greedy,D27,"(37, 54)",16,20.0
65,Greedy,D28,"(60, 21)",11,29.0
65,Greedy,D29,"(30, 25)",13,12.0
65,Auction,D15,"(30, 93)",29,14.0
65,Auction,D17,"(25, 84)",29,26.0
65,Auction,D18,"(41, 74)",30,22.0
65,Auction,D19,"(12, 90)",26,21.0
65,Auction,D20,"(94, 97)",24,26.0
65,Auction,D21,"(1, 68)",24,19.0
65,Auction,D22,"(2, 14)",21,27.0
65,Auction,D23,"(12, 8)",17,13.0
65,Auction,D24,"(64, 21)",22,16.0
65,Auction,D25,"(84, 25)",14,22.0
65,Auction,D26,"(2, 20)",11,25.0
65,Auction,D27,"(37, 54)",16,20.0
65,Auction,D28,"(60, 21)",11,29.0
65,Q-Learning,D13,"(21, 94)",37,11.0
65,Q-Learning,D14,"(20, 63)",42,20.0
65,Q-Learning,D17,"(25, 84)",29,26.0
65,Q-Learning,D19,"(12, 90)",26,21.0
65,Q-Learning,D20,"(94, 97)",24,26.0
65,Q-Learning,D21,"(1, 68)",24,19.0
65,Q-Learning,D22,"(2, 14)",21,27.0
65,Q-Learning,D24,"(64, 21)",22,16.0
65,Q-Learning,D25,"(84, 25)",14,22.0
65,Q-Learning,D26,"(2, 20)",11,25.0
65,Q-Learning,D27,"(37, 54)",16,20.0
65,Q-Learning,D28,"(60, 21)",11,29.0
66,Greedy,D17,"(25, 84)",30,26.0
66,Greedy,D19,"(12, 90)",27,21.0
66,Greedy,D20,"(94, 97)",25,26.0
66,Greedy,D21,"(1, 68)",25,19.0
66,Greedy,D22,"(2, 14)",22,27.0
66,Greedy,D23,"(12, 8)",18,13.0
66,Greedy,D24,"(64, 21)",23,16.0
66,Greedy,D25,"(84, 25)",15,22.0
66,Greedy,D26,"(2, 20)",12,25.0
66,Greedy,D27,"(37, 54)",17,20.0
66,Greedy,D28,"(60, 21)",12,29.0
66,Greedy,D29,"(30, 25)",14,12.0
66,Auction,D15,"(30, 93)",30,14.0
66,Auction,D17,"(25, 84)",30,26.0
66,Auction,D18,"(41, 74)",31,22.0
66,Auction,D19,"(12, 90)",27,21.0
66,Auction,D20,"(94, 97)",25,26.0
66,Auction,D21,"(1, 68)",25,19.0
66,Auction,D22,"(2, 14)",22,27.0
66,Auction,D23,"(12, 8)",18,13.0
66,Auction,D24,"(64, 21)",23,16.0
66,Auction,D25,"(84, 25)",15,22.0
66,Auction,D26,"(2, 20)",12,25.0
66,Auction,D27,"(37, 54)",17,20.0
66,Auction,D28,"(60, 21)",12,29.0
66,Q-Learning,D13,"(21, 94)",38,11.0
66,Q-Learning,D14,"(20, 63)",43,20.0
66,Q-Learning,D17,"(25, 84)",30,26.0
66,Q-Learning,D19,"(12, 90)",27,21.0
66,Q-Learning,D20,"(94, 97)",25,26.0
66,Q-Learning,D21,"(1, 68)",25,19.0
66,Q-Learning,D22,"(2, 14)",22,27.0
66,Q-Learning,D24,"(64, 21)",23,16.0
66,Q-Learning,D25,"(84, 25)",15,22.0
66,Q-Learning,D26,"(2, 20)",12,25.0
66,Q-Learning,D27,"(37, 54)",17,20.0
66,Q-Learning,D28,"(60, 21)",12,29.0
67,Greedy,D17,"(25, 84)",31,26.0
67,Greedy,D19,"(12, 90)",28,21.0
67,Greedy,D20,"(94, 97)",26,26.0
67,Greedy,D21,"(1, 68)",26,19.0
67,Greedy,D22,"(2, 14)",23,27.0
67,Greedy,D23,"(12, 8)",19,13.0
67,Greedy,D24,"(64, 21)",24,16.0
67,Greedy,D25,"(84, 25)",16,22.0
67,Greedy,D26,"(2, 20)",13,25.0
67,Greedy,D27,"(37, 54)",18,20.0
67,Greedy,D28,"(60, 21)",13,29.0
67,Greedy,D29,"(30, 25)",15,12.0
67,Greedy,D30,"(24, 29)",10,30.0
67,Auction,D15,"(30, 93)",31,14.0
67,Auction,D17,"(25, 84)",31,26.0
67,Auction,D18,"(41, 74)",32,22.0
67,Auction,D19,"(12, 90)",28,21.0
67,Auction,D20,"(94, 97)",26,26.0
67,Auction,D21,"(1, 68)",26,19.0
67,Auction,D22,"(2, 14)",23,27.0
67,Auction,D23,"(12, 8)",19,13.0
67,Auction,D24,"(64, 21)",24,16.0
67,Auction,D25,"(84, 25)",16,22.0
67,Auction,D26,"(2, 20)",13,25.0
67,Auction,D27,"(37, 54)",18,20.0
67,Auction,D28,"(60, 21)",13,29.0
67,Auction,D30,"(24, 29)",10,30.0
67,Q-Learning,D13,"(21, 94)",39,11.0
67,Q-Learning,D14,"(20, 63)",44,20.0
67,Q-Learning,D17,"(25, 84)",31,26.0
67,Q-Learning,D19,"(12, 90)",28,21.0
67,Q-Learning,D20,"(94, 97)",26,26.0
67,Q-Learning,D21,"(1, 68)",26,19.0
67,Q-Learning,D22,"(2, 14)",23,27.0
67,Q-Learning,D24,"(64, 21)",24,16.0
67,Q-Learning,D25,"(84, 25)",16,22.0
67,Q-Learning,D26,"(2, 20)",13,25.0
67,Q-Learning,D27,"(37, 54)",18,20.0
67,Q-Learning,D28,"(60, 21)",13,29.0
67,Q-Learning,D30,"(24, 29)",10,30.0
68,Greedy,D17,"(25, 84)",32,26.0
68,Greedy,D19,"(12, 90)",29,21.0
68,Greedy,D20,"(94, 97)",27,26.0
68,Greedy,D21,"(1, 68)",27,19.0
68,Greedy,D22,"(2, 14)",24,27.0
68,Greedy,D23,"(12, 8)",20,13.0
68,Greedy,D24,"(64, 21)",25,16.0
68,Greedy,D25,"(84, 25)",17,22.0
68,Greedy,D26,"(2, 20)",14,25.0
68,Greedy,D27,"(37, 54)",19,20.0
68,Greedy,D28,"(60, 21)",14,29.0
68,Greedy,D29,"(30, 25)",16,12.0
68,Greedy,D30,"(24, 29)",11,30.0
68,Auction,D15,"(30, 93)",32,14.0
68,Auction,D17,"(25, 84)",32,26.0
68,Auction,D18,"(41, 74)",33,22.0
68,Auction,D19,"(12, 90)",29,21.0
68,Auction,D20,"(94, 97)",27,26.0
68,Auction,D21,"(1, 68)",27,19.0
68,Auction,D22,"(2, 14)",24,27.0
68,Auction,D23,"(12, 8)",20,13.0
68,Auction,D24,"(64, 21)",25,16.0
68,Auction,D25,"(84, 25)",17,22.0
68,Auction,D26,"(2, 20)",14,25.0
68,Auction,D27,"(37, 54)",19,20.0
68,Auction,D28,"(60, 21)",14,29.0
68,Auction,D30,"(24, 29)",11,30.0
68,Q-Learning,D13,"(21, 94)",40,11.0
68,Q-Learning,D14,"(20, 63)",45,20.0
68,Q-Learning,D17,"(25, 84)",32,26.0
68,Q-Learning,D19,"(12, 90)",29,21.0
68,Q-Learning,D20,"(94, 97)",27,26.0
68,Q-Learning,D21,"(1, 68)",27,19.0
68,Q-Learning,D22,"(2, 14)",24,27.0
68,Q-Learning,D24,"(64, 21)",25,16.0
68,Q-Learning,D25,"(84, 25)",17,22.0
68,Q-Learning,D26,"(2, 20)",14,25.0
68,Q-Learning,D27,"(37, 54)",19,20.0
68,Q-Learning,D28,"(60, 21)",14,29.0
68,Q-Learning,D30,"(24, 29)",11,30.0
69,Greedy,D17,"(25, 84)",33,26.0
69,Greedy,D19,"(12, 90)",30,21.0
69,Greedy,D20,"(94, 97)",28,26.0
69,Greedy,D21,"(1, 68)",28,19.0
69,Greedy,D22,"(2, 14)",25,27.0
69,Greedy,D23,"(12, 8)",21,13.0
69,Greedy,D24,"(64, 21)",26,16.0
69,Greedy,D25,"(84, 25)",18,22.0
69,Greedy,D26,"(2, 20)",15,25.0
69,Greedy,D27,"(37, 54)",20,20.0
69,Greedy,D28,"(60, 21)",15,29.0
69,Greedy,D29,"(30, 25)",17,12.0
69,Greedy,D30,"(24, 29)",12,30.0
69,Auction,D15,"(30, 93)",33,14.0
69,Auction,D17,"(25, 84)",33,26.0
69,Auction,D18,"(41, 74)",34,22.0
69,Auction,D19,"(12, 90)",30,21.0
69,Auction,D20,"(94, 97)",28,26.0
69,Auction,D21,"(1, 68)",28,19.0
69,Auction,D22,"(2, 14)",25,27.0
69,Auction,D23,"(12, 8)",21,13.0
69,Auction,D24,"(64, 21)",26,16.0
69,Auction,D25,"(84, 25)",18,22.0
69,Auction,D26,"(2, 20)",15,25.0
69,Auction,D27,"(37, 54)",20,20.0
69,Auction,D28,"(60, 21)",15,29.0
69,Auction,D30,"(24, 29)",12,30.0
69,Q-Learning,D13,"(21, 94)",41,11.0
69,Q-Learning,D14,"(20, 63)",46,20.0
69,Q-Learning,D17,"(25, 84)",33,26.0
69,Q-Learning,D19,"(12, 90)",30,21.0
69,Q-Learning,D20,"(94, 97)",28,26.0
69,Q-Learning,D21,"(1, 68)",28,19.0
69,Q-Learning,D22,"(2, 14)",25,27.0
69,Q-Learning,D24,"(64, 21)",26,16.0
69,Q-Learning,D25,"(84, 25)",18,22.0
69,Q-Learning,D26,"(2, 20)",15,25.0
69,Q-Learning,D27,"(37, 54)",20,20.0
69,Q-Learning,D28,"(60, 21)",15,29.0
69,Q-Learning,D30,"(24, 29)",12,30.0
70,Greedy,D17,"(25, 84)",34,26.0
70,Greedy,D19,"(12, 90)",31,21.0
70,Greedy,D20,"(94, 97)",29,26.0
70,Greedy,D21,"(1, 68)",29,19.0
70,Greedy,D22,"(2, 14)",26,27.0
70,Greedy,D23,"(12, 8)",22,13.0
70,Greedy,D24,"(64, 21)",27,16.0
70,Greedy,D25,"(84, 25)",19,22.0
70,Greedy,D26,"(2, 20)",16,25.0
70,Greedy,D27,"(37, 54)",21,20.0
70,Greedy,D28,"(60, 21)",16,29.0
70,Greedy,D29,"(30, 25)",18,12.0
70,Greedy,D30,"(24, 29)",13,30.0
70,Auction,D15,"(30, 93)",34,14.0
70,Auction,D17,"(25, 84)",34,26.0
70,Auction,D18,"(41, 74)",35,22.0
70,Auction,D19,"(12, 90)",31,21.0
70,Auction,D20,"(94, 97)",29,26.0
70,Auction,D21,"(1, 68)",29,19.0
70,Auction,D22,"(2, 14)",26,27.0
70,Auction,D23,"(12, 8)",22,13.0
70,Auction,D24,"(64, 21)",27,16.0
70,Auction,D25,"(84, 25)",19,22.0
70,Auction,D26,"(2, 20)",16,25.0
70,Auction,D27,"(37, 54)",21,20.0
70,Auction,D28,"(60, 21)",16,29.0
70,Auction,D30,"(24, 29)",13,30.0
70,Q-Learning,D13,"(21, 94)",42,11.0
70,Q-Learning,D14,"(20, 63)",47,20.0
70,Q-Learning,D17,"(25, 84)",34,26.0
70,Q-Learning,D19,"(12, 90)",31,21.0
70,Q-Learning,D20,"(94, 97)",29,26.0
70,Q-Learning,D21,"(1, 68)",29,19.0
70,Q-Learning,D22,"(2, 14)",26,27.0
70,Q-Learning,D24,"(64, 21)",27,16.0
70,Q-Learning,D25,"(84, 25)",19,22.0
70,Q-Learning,D26,"(2, 20)",16,25.0
70,Q-Learning,D27,"(37, 54)",21,20.0
70,Q-Learning,D28,"(60, 21)",16,29.0
70,Q-Learning,D30,"(24, 29)",13,30.0
71,Greedy,D17,"(25, 84)",35,26.0
71,Greedy,D19,"(12, 90)",32,21.0
71,Greedy,D20,"(94, 97)",30,26.0
71,Greedy,D21,"(1, 68)",30,19.0
71,Greedy,D22,"(2, 14)",27,27.0
71,Greedy,D23,"(12, 8)",23,13.0
71,Greedy,D24,"(64, 21)",28,16.0
71,Greedy,D25,"(84, 25)",20,22.0
71,Greedy,D26,"(2, 20)",17,25.0
71,Greedy,D27,"(37, 54)",22,20.0
71,Greedy,D28,"(60, 21)",17,29.0
71,Greedy,D29,"(30, 25)",19,12.0
71,Greedy,D30,"(24, 29)",14,30.0
71,Auction,D15,"(30, 93)",35,14.0
71,Auction,D17,"(25, 84)",35,26.0
71,Auction,D18,"(41, 74)",36,22.0
71,Auction,D19,"(12, 90)",32,21.0
71,Auction,D20,"(94, 97)",30,26.0
71,Auction,D21,"(1, 68)",30,19.0
71,Auction,D22,"(2, 14)",27,27.0
71,Auction,D23,"(12, 8)",23,13.0
71,Auction,D24,"(64, 21)",28,16.0
71,Auction,D25,"(84, 25)",20,22.0
71,Auction,D26,"(2, 20)",17,25.0
71,Auction,D27,"(37, 54)",22,20.0
71,Auction,D28,"(60, 21)",17,29.0
71,Auction,D30,"(24, 29)",14,30.0
71,Q-Learning,D13,"(21, 94)",43,11.0
71,Q-Learning,D14,"(20, 63)",48,20.0
71,Q-Learning,D17,"(25, 84)",35,26.0
71,Q-Learning,D19,"(12, 90)",32,21.0
71,Q-Learning,D20,"(94, 97)",30,26.0
71,Q-Learning,D21,"(1, 68)",30,19.0
71,Q-Learning,D22,"(2, 14)",27,27.0
71,Q-Learning,D24,"(64, 21)",28,16.0
71,Q-Learning,D25,"(84, 25)",20,22.0
71,Q-Learning,D26,"(2, 20)",17,25.0
71,Q-Learning,D27,"(37, 54)",22,20.0
71,Q-Learning,D28,"(60, 21)",17,29.0
71,Q-Learning,D30,"(24, 29)",14,30.0
72,Greedy,D17,"(25, 84)",36,26.0
72,Greedy,D19,"(12, 90)",33,21.0
72,Greedy,D20,"(94, 97)",31,26.0
72,Greedy,D21,"(1, 68)",31,19.0
72,Greedy,D22,"(2, 14)",28,27.0
72,Greedy,D23,"(12, 8)",24,13.0
72,Greedy,D24,"(64, 21)",29,16.0
72,Greedy,D25,"(84, 25)",21,22.0
72,Greedy,D26,"(2, 20)",18,25.0
72,Greedy,D27,"(37, 54)",23,20.0
72,Greedy,D28,"(60, 21)",18,29.0
72,Greedy,D29,"(30, 25)",20,12.0
72,Greedy,D30,"(24, 29)",15,30.0
72,Auction,D15,"(30, 93)",36,14.0
72,Auction,D17,"(25, 84)",36,26.0
72,Auction,D18,"(41, 74)",37,22.0
72,Auction,D19,"(12, 90)",33,21.0
72,Auction,D20,"(94, 97)",31,26.0
72,Auction,D21,"(1, 68)",31,19.0
72,Auction,D22,"(2, 14)",28,27.0
72,Auction,D23,"(12, 8)",24,13.0
72,Auction,D24,"(64, 21)",29,16.0
72,Auction,D25,"(84, 25)",21,22.0
72,Auction,D26,"(2, 20)",18,25.0
72,Auction,D27,"(37, 54)",23,20.0
72,Auction,D28,"(60, 21)",18,29.0
72,Auction,D30,"(24, 29)",15,30.0
72,Q-Learning,D13,"(21, 94)",44,11.0
72,Q-Learning,D14,"(20, 63)",49,20.0
72,Q-Learning,D17,"(25, 84)",36,26.0
72,Q-Learning,D19,"(12, 90)",33,21.0
72,Q-Learning,D20,"(94, 97)",31,26.0
72,Q-Learning,D21,"(1, 68)",31,19.0
72,Q-Learning,D22,"(2, 14)",28,27.0
72,Q-Learning,D24,"(64, 21)",29,16.0
72,Q-Learning,D25,"(84, 25)",21,22.0
72,Q-Learning,D26,"(2, 20)",18,25.0
72,Q-Learning,D28,"(60, 21)",18,29.0
72,Q-Learning,D30,"(24, 29)",15,30.0
73,Greedy,D17,"(25, 84)",37,26.0
73,Greedy,D19,"(12, 90)",34,21.0
73,Greedy,D20,"(94, 97)",32,26.0
73,Greedy,D21,"(1, 68)",32,19.0
73,Greedy,D22,"(2, 14)",29,27.0
73,Greedy,D23,"(12, 8)",25,13.0
73,Greedy,D24,"(64, 21)",30,16.0
73,Greedy,D25,"(84, 25)",22,22.0
73,Greedy,D26,"(2, 20)",19,25.0
73,Greedy,D27,"(37, 54)",24,20.0
73,Greedy,D28,"(60, 21)",19,29.0
73,Greedy,D29,"(30, 25)",21,12.0
73,Greedy,D30,"(24, 29)",16,30.0
73,Greedy,D31,"(59, 38)",5,27.0
73,Auction,D15,"(30, 93)",37,14.0
73,Auction,D17,"(25, 84)",37,26.0
73,Auction,D18,"(41, 74)",38,22.0
73,Auction,D19,"(12, 90)",34,21.0
73,Auction,D20,"(94, 97)",32,26.0
73,Auction,D21,"(1, 68)",32,19.0
73,Auction,D22,"(2, 14)",29,27.0
73,Auction,D23,"(12, 8)",25,13.0
73,Auction,D24,"(64, 21)",30,16.0
73,Auction,D25,"(84, 25)",22,22.0
73,Auction,D26,"(2, 20)",19,25.0
73,Auction,D28,"(60, 21)",19,29.0
73,Auction,D30,"(24, 29)",16,30.0
73,Auction,D31,"(59, 38)",5,27.0
73,Q-Learning,D13,"(21, 94)",45,11.0
73,Q-Learning,D14,"(20, 63)",50,20.0
73,Q-Learning,D17,"(25, 84)",37,26.0
73,Q-Learning,D19,"(12, 90)",34,21.0
73,Q-Learning,D20,"(94, 97)",32,26.0
73,Q-Learning,D21,"(1, 68)",32,19.0
73,Q-Learning,D22,"(2, 14)",29,27.0
73,Q-Learning,D24,"(64, 21)",30,16.0
73,Q-Learning,D25,"(84, 25)",22,22.0
73,Q-Learning,D26,"(2, 20)",19,25.0
73,Q-Learning,D28,"(60, 21)",19,29.0
73,Q-Learning,D30,"(24, 29)",16,30.0
73,Q-Learning,D31,"(59, 38)",5,27.0
74,Greedy,D17,"(25, 84)",38,26.0
74,Greedy,D19,"(12, 90)",35,21.0
74,Greedy,D20,"(94, 97)",33,26.0
74,Greedy,D21,"(1, 68)",33,19.0
74,Greedy,D22,"(2, 14)",30,27.0
74,Greedy,D23,"(12, 8)",26,13.0
74,Greedy,D24,"(64, 21)",31,16.0
74,Greedy,D25,"(84, 25)",23,22.0
74,Greedy,D26,"(2, 20)",20,25.0
74,Greedy,D27,"(37, 54)",25,20.0
74,Greedy,D28,"(60, 21)",20,29.0
74,Greedy,D29,"(30, 25)",22,12.0
74,Greedy,D30,"(24, 29)",17,30.0
74,Greedy,D31,"(59, 38)",6,27.0
74,Auction,D15,"(30, 93)",38,14.0
74,Auction,D17,"(25, 84)",38,26.0
74,Auction,D18,"(41, 74)",39,22.0
74,Auction,D19,"(12, 90)",35,21.0
74,Auction,D20,"(94, 97)",33,26.0
74,Auction,D21,"(1, 68)",33,19.0
74,Auction,D22,"(2, 14)",30,27.0
74,Auction,D23,"(12, 8)",26,13.0
74,Auction,D24,"(64, 21)",31,16.0
74,Auction,D25,"(84, 25)",23,22.0
74,Auction,D26,"(2, 20)",20,25.0
74,Auction,D28,"(60, 21)",20,29.0
74,Auction,D30,"(24, 29)",17,30.0
74,Auction,D31,"(59, 38)",6,27.0
74,Q-Learning,D13,"(21, 94)",46,11.0
74,Q-Learning,D14,"(20, 63)",51,20.0
74,Q-Learning,D17,"(25, 84)",38,26.0
74,Q-Learning,D19,"(12, 90)",35,21.0
74,Q-Learning,D20,"(94, 97)",33,26.0
74,Q-Learning,D21,"(1, 68)",33,19.0
74,Q-Learning,D22,"(2, 14)",30,27.0
74,Q-Learning,D24,"(64, 21)",31,16.0
74,Q-Learning,D25,"(84, 25)",23,22.0
74,Q-Learning,D26,"(2, 20)",20,25.0
74,Q-Learning,D28,"(60, 21)",20,29.0
74,Q-Learning,D30,"(24, 29)",17,30.0
74,Q-Learning,D31,"(59, 38)",6,27.0
75,Greedy,D17,"(25, 84)",39,26.0
75,Greedy,D19,"(12, 90)",36,21.0
75,Greedy,D20,"(94, 97)",34,26.0
75,Greedy,D21,"(1, 68)",34,19.0
75,Greedy,D22,"(2, 14)",31,27.0
75,Greedy,D23,"(12, 8)",27,13.0
75,Greedy,D24,"(64, 21)",32,16.0
75,Greedy,D25,"(84, 25)",24,22.0
75,Greedy,D26,"(2, 20)",21,25.0
75,Greedy,D27,"(37, 54)",26,20.0
75,Greedy,D28,"(60, 21)",21,29.0
75,Greedy,D29,"(30, 25)",23,12.0
75,Greedy,D30,"(24, 29)",18,30.0
75,Greedy,D31,"(59, 38)",7,27.0
75,Greedy,D32,"(37, 4)",7,29.0
75,Auction,D17,"(25, 84)",39,26.0
75,Auction,D18,"(41, 74)",40,22.0
75,Auction,D19,"(12, 90)",36,21.0
75,Auction,D20,"(94, 97)",34,26.0
75,Auction,D21,"(1, 68)",34,19.0
75,Auction,D22,"(2, 14)",31,27.0
75,Auction,D23,"(12, 8)",27,13.0
75,Auction,D24,"(64, 21)",32,16.0
75,Auction,D25,"(84, 25)",24,22.0
75,Auction,D26,"(2, 20)",21,25.0
75,Auction,D28,"(60, 21)",21,29.0
75,Auction,D30,"(24, 29)",18,30.0
75,Auction,D31,"(59, 38)",7,27.0
75,Auction,D32,"(37, 4)",7,29.0
75,Q-Learning,D13,"(21, 94)",47,11.0
75,Q-Learning,D17,"(25, 84)",39,26.0
75,Q-Learning,D19,"(12, 90)",36,21.0
75,Q-Learning,D20,"(94, 97)",34,26.0
75,Q-Learning,D21,"(1, 68)",34,19.0
75,Q-Learning,D22,"(2, 14)",31,27.0
75,Q-Learning,D24,"(64, 21)",32,16.0
75,Q-Learning,D25,"(84, 25)",24,22.0
75,Q-Learning,D26,"(2, 20)",21,25.0
75,Q-Learning,D28,"(60, 21)",21,29.0
75,Q-Learning,D30,"(24, 29)",18,30.0
75,Q-Learning,D31,"(59, 38)",7,27.0
75,Q-Learning,D32,"(37, 4)",7,29.0
76,Greedy,D17,"(25, 84)",40,26.0
76,Greedy,D19,"(12, 90)",37,21.0
76,Greedy,D20,"(94, 97)",35,26.0
76,Greedy,D21,"(1, 68)",35,19.0
76,Greedy,D22,"(2, 14)",32,27.0
76,Greedy,D23,"(12, 8)",28,13.0
76,Greedy,D24,"(64, 21)",33,16.0
76,Greedy,D25,"(84, 25)",25,22.0
76,Greedy,D26,"(2, 20)",22,25.0
76,Greedy,D27,"(37, 54)",27,20.0
76,Greedy,D28,"(60, 21)",22,29.0
76,Greedy,D29,"(30, 25)",24,12.0
76,Greedy,D30,"(24, 29)",19,30.0
76,Greedy,D31,"(59, 38)",8,27.0
76,Greedy,D32,"(37, 4)",8,29.0
76,Greedy,D33,"(85, 99)",5,12.0
76,Auction,D17,"(25, 84)",40,26.0
76,Auction,D18,"(41, 74)",41,22.0
76,Auction,D19,"(12, 90)",37,21.0
76,Auction,D20,"(94, 97)",35,26.0
76,Auction,D21,"(1, 68)",35,19.0
76,Auction,D22,"(2, 14)",32,27.0
76,Auction,D23,"(12, 8)",28,13.0
76,Auction,D24,"(64, 21)",33,16.0
76,Auction,D25,"(84, 25)",25,22.0
76,Auction,D26,"(2, 20)",22,25.0
76,Auction,D28,"(60, 21)",22,29.0
76,Auction,D30,"(24, 29)",19,30.0
76,Auction,D31,"(59, 38)",8,27.0
76,Auction,D32,"(37, 4)",8,29.0
76,Auction,D33,"(85, 99)",5,12.0
76,Q-Learning,D13,"(21, 94)",48,11.0
76,Q-Learning,D17,"(25, 84)",40,26.0
76,Q-Learning,D19,"(12, 90)",37,21.0
76,Q-Learning,D20,"(94, 97)",35,26.0
76,Q-Learning,D21,"(1, 68)",35,19.0
76,Q-Learning,D22,"(2, 14)",32,27.0
76,Q-Learning,D24,"(64, 21)",33,16.0
76,Q-Learning,D25,"(84, 25)",25,22.0
76,Q-Learning,D26,"(2, 20)",22,25.0
76,Q-Learning,D28,"(60, 21)",22,29.0
76,Q-Learning,D30,"(24, 29)",19,30.0
76,Q-Learning,D31,"(59, 38)",8,27.0
76,Q-Learning,D32,"(37, 4)",8,29.0
76,Q-Learning,D33,"(85, 99)",5,12.0
77,Greedy,D17,"(25, 84)",41,26.0
77,Greedy,D19,"(12, 90)",38,21.0
77,Greedy,D20,"(94, 97)",36,26.0
77,Greedy,D21,"(1, 68)",36,19.0
77,Greedy,D22,"(2, 14)",33,27.0
77,Greedy,D23,"(12, 8)",29,13.0
77,Greedy,D24,"(64, 21)",34,16.0
77,Greedy,D25,"(84, 25)",26,22.0
77,Greedy,D26,"(2, 20)",23,25.0
77,Greedy,D27,"(37, 54)",28,20.0
77,Greedy,D28,"(60, 21)",23,29.0
77,Greedy,D29,"(30, 25)",25,12.0
77,Greedy,D30,"(24, 29)",20,30.0
77,Greedy,D31,"(59, 38)",9,27.0
77,Greedy,D32,"(37, 4)",9,29.0
77,Greedy,D33,"(85, 99)",6,12.0
77,Auction,D17,"(25, 84)",41,26.0
77,Auction,D18,"(41, 74)",42,22.0
77,Auction,D19,"(12, 90)",38,21.0
77,Auction,D20,"(94, 97)",36,26.0
77,Auction,D21,"(1, 68)",36,19.0
77,Auction,D22,"(2, 14)",33,27.0
77,Auction,D23,"(12, 8)",29,13.0
77,Auction,D24,"(64, 21)",34,16.0
77,Auction,D25,"(84, 25)",26,22.0
77,Auction,D26,"(2, 20)",23,25.0
77,Auction,D28,"(60, 21)",23,29.0
77,Auction,D30,"(24, 29)",20,30.0
77,Auction,D31,"(59, 38)",9,27.0
77,Auction,D32,"(37, 4)",9,29.0
77,Auction,D33,"(85, 99)",6,12.0
77,Q-Learning,D13,"(21, 94)",49,11.0
77,Q-Learning,D17,"(25, 84)",41,26.0
77,Q-Learning,D19,"(12, 90)",38,21.0
77,Q-Learning,D20,"(94, 97)",36,26.0
77,Q-Learning,D21,"(1, 68)",36,19.0
77,Q-Learning,D22,"(2, 14)",33,27.0
77,Q-Learning,D24,"(64, 21)",34,16.0
77,Q-Learning,D25,"(84, 25)",26,22.0
77,Q-Learning,D26,"(2, 20)",23,25.0
77,Q-Learning,D28,"(60, 21)",23,29.0
77,Q-Learning,D30,"(24, 29)",20,30.0
77,Q-Learning,D31,"(59, 38)",9,27.0
77,Q-Learning,D32,"(37, 4)",9,29.0
77,Q-Learning,D33,"(85, 99)",6,12.0
78,Greedy,D17,"(25, 84)",42,26.0
78,Greedy,D19,"(12, 90)",39,21.0
78,Greedy,D20,"(94, 97)",37,26.0
78,Greedy,D21,"(1, 68)",37,19.0
78,Greedy,D22,"(2, 14)",34,27.0
78,Greedy,D23,"(12, 8)",30,13.0
78,Greedy,D24,"(64, 21)",35,16.0
78,Greedy,D25,"(84, 25)",27,22.0
78,Greedy,D26,"(2, 20)",24,25.0
78,Greedy,D27,"(37, 54)",29,20.0
78,Greedy,D28,"(60, 21)",24,29.0
78,Greedy,D29,"(30, 25)",26,12.0
78,Greedy,D30,"(24, 29)",21,30.0
78,Greedy,D31,"(59, 38)",10,27.0
78,Greedy,D32,"(37, 4)",10,29.0
78,Greedy,D33,"(85, 99)",7,12.0
78,Auction,D17,"(25, 84)",42,26.0
78,Auction,D18,"(41, 74)",43,22.0
78,Auction,D19,"(12, 90)",39,21.0
78,Auction,D20,"(94, 97)",37,26.0
78,Auction,D21,"(1, 68)",37,19.0
78,Auction,D22,"(2, 14)",34,27.0
78,Auction,D23,"(12, 8)",30,13.0
78,Auction,D24,"(64, 21)",35,16.0
78,Auction,D25,"(84, 25)",27,22.0
78,Auction,D26,"(2, 20)",24,25.0
78,Auction,D28,"(60, 21)",24,29.0
78,Auction,D30,"(24, 29)",21,30.0
78,Auction,D31,"(59, 38)",10,27.0
78,Auction,D32,"(37, 4)",10,29.0
78,Auction,D33,"(85, 99)",7,12.0
78,Q-Learning,D13,"(21, 94)",50,11.0
78,Q-Learning,D17,"(25, 84)",42,26.0
78,Q-Learning,D19,"(12, 90)",39,21.0
78,Q-Learning,D20,"(94, 97)",37,26.0
78,Q-Learning,D21,"(1, 68)",37,19.0
78,Q-Learning,D22,"(2, 14)",34,27.0
78,Q-Learning,D24,"(64, 21)",35,16.0
78,Q-Learning,D25,"(84, 25)",27,22.0
78,Q-Learning,D26,"(2, 20)",24,25.0
78,Q-Learning,D28,"(60, 21)",24,29.0
78,Q-Learning,D30,"(24, 29)",21,30.0
78,Q-Learning,D31,"(59, 38)",10,27.0
78,Q-Learning,D32,"(37, 4)",10,29.0
78,Q-Learning,D33,"(85, 99)",7,12.0
79,Greedy,D17,"(25, 84)",43,26.0
79,Greedy,D19,"(12, 90)",40,21.0
79,Greedy,D20,"(94, 97)",38,26.0
79,Greedy,D21,"(1, 68)",38,19.0
79,Greedy,D22,"(2, 14)",35,27.0
79,Greedy,D24,"(64, 21)",36,16.0
79,Greedy,D25,"(84, 25)",28,22.0
79,Greedy,D26,"(2, 20)",25,25.0
79,Greedy,D27,"(37, 54)",30,20.0
79,Greedy,D28,"(60, 21)",25,29.0
79,Greedy,D29,"(30, 25)",27,12.0
79,Greedy,D30,"(24, 29)",22,30.0
79,Greedy,D31,"(59, 38)",11,27.0
79,Greedy,D32,"(37, 4)",11,29.0
79,Greedy,D33,"(85, 99)",8,12.0
79,Auction,D17,"(25, 84)",43,26.0
79,Auction,D18,"(41, 74)",44,22.0
79,Auction,D19,"(12, 90)",40,21.0
79,Auction,D20,"(94, 97)",38,26.0
79,Auction,D21,"(1, 68)",38,19.0
79,Auction,D22,"(2, 14)",35,27.0
79,Auction,D23,"(12, 8)",31,13.0
79,Auction,D24,"(64, 21)",36,16.0
79,Auction,D25,"(84, 25)",28,22.0
79,Auction,D26,"(2, 20)",25,25.0
79,Auction,D28,"(60, 21)",25,29.0
79,Auction,D30,"(24, 29)",22,30.0
79,Auction,D31,"(59, 38)",11,27.0
79,Auction,D32,"(37, 4)",11,29.0
79,Q-Learning,D13,"(21, 94)",51,11.0
79,Q-Learning,D17,"(25, 84)",43,26.0
79,Q-Learning,D19,"(12, 90)",40,21.0
79,Q-Learning,D20,"(94, 97)",38,26.0
79,Q-Learning,D21,"(1, 68)",38,19.0
79,Q-Learning,D22,"(2, 14)",35,27.0
79,Q-Learning,D24,"(64, 21)",36,16.0
79,Q-Learning,D25,"(84, 25)",28,22.0
79,Q-Learning,D26,"(2, 20)",25,25.0
79,Q-Learning,D28,"(60, 21)",25,29.0
79,Q-Learning,D30,"(24, 29)",22,30.0
79,Q-Learning,D31,"(59, 38)",11,27.0
79,Q-Learning,D32,"(37, 4)",11,29.0
79,Q-Learning,D33,"(85, 99)",8,12.0
80,Greedy,D17,"(25, 84)",44,26.0
80,Greedy,D19,"(12, 90)",41,21.0
80,Greedy,D20,"(94, 97)",39,26.0
80,Greedy,D21,"(1, 68)",39,19.0
80,Greedy,D22,"(2, 14)",36,27.0
80,Greedy,D24,"(64, 21)",37,16.0
80,Greedy,D25,"(84, 25)",29,22.0
80,Greedy,D26,"(2, 20)",26,25.0
80,Greedy,D27,"(37, 54)",31,20.0
80,Greedy,D28,"(60, 21)",26,29.0
80,Greedy,D29,"(30, 25)",28,12.0
80,Greedy,D30,"(24, 29)",23,30.0
80,Greedy,D31,"(59, 38)",12,27.0
80,Greedy,D32,"(37, 4)",12,29.0
80,Greedy,D33,"(85, 99)",9,12.0
80,Auction,D17,"(25, 84)",44,26.0
80,Auction,D18,"(41, 74)",45,22.0
80,Auction,D19,"(12, 90)",41,21.0
80,Auction,D20,"(94, 97)",39,26.0
80,Auction,D21,"(1, 68)",39,19.0
80,Auction,D22,"(2, 14)",36,27.0
80,Auction,D23,"(12, 8)",32,13.0
80,Auction,D24,"(64, 21)",37,16.0
80,Auction,D25,"(84, 25)",29,22.0
80,Auction,D26,"(2, 20)",26,25.0
80,Auction,D28,"(60, 21)",26,29.0
80,Auction,D30,"(24, 29)",23,30.0
80,Auction,D31,"(59, 38)",12,27.0
80,Auction,D32,"(37, 4)",12,29.0
80,Q-Learning,D17,"(25, 84)",44,26.0
80,Q-Learning,D19,"(12, 90)",41,21.0
80,Q-Learning,D20,"(94, 97)",39,26.0
80,Q-Learning,D21,"(1, 68)",39,19.0
80,Q-Learning,D22,"(2, 14)",36,27.0
80,Q-Learning,D24,"(64, 21)",37,16.0
80,Q-Learning,D25,"(84, 25)",29,22.0
80,Q-Learning,D26,"(2, 20)",26,25.0
80,Q-Learning,D28,"(60, 21)",26,29.0
80,Q-Learning,D30,"(24, 29)",23,30.0
80,Q-Learning,D31,"(59, 38)",12,27.0
80,Q-Learning,D32,"(37, 4)",12,29.0
80,Q-Learning,D33,"(85, 99)",9,12.0
81,Greedy,D17,"(25, 84)",45,26.0
81,Greedy,D19,"(12, 90)",42,21.0
81,Greedy,D20,"(94, 97)",40,26.0
81,Greedy,D21,"(1, 68)",40,19.0
81,Greedy,D22,"(2, 14)",37,27.0
81,Greedy,D24,"(64, 21)",38,16.0
81,Greedy,D25,"(84, 25)",30,22.0
81,Greedy,D26,"(2, 20)",27,25.0
81,Greedy,D27,"(37, 54)",32,20.0
81,Greedy,D28,"(60, 21)",27,29.0
81,Greedy,D29,"(30, 25)",29,12.0
81,Greedy,D30,"(24, 29)",24,30.0
81,Greedy,D31,"(59, 38)",13,27.0
81,Greedy,D32,"(37, 4)",13,29.0
81,Greedy,D33,"(85, 99)",10,12.0
81,Greedy,D34,"(65, 33)",10,14.0
81,Auction,D17,"(25, 84)",45,26.0
81,Auction,D18,"(41, 74)",46,22.0
81,Auction,D19,"(12, 90)",42,21.0
81,Auction,D20,"(94, 97)",40,26.0
81,Auction,D21,"(1, 68)",40,19.0
81,Auction,D22,"(2, 14)",37,27.0
81,Auction,D23,"(12, 8)",33,13.0
81,Auction,D24,"(64, 21)",38,16.0
81,Auction,D25,"(84, 25)",30,22.0
81,Auction,D26,"(2, 20)",27,25.0
81,Auction,D28,"(60, 21)",27,29.0
81,Auction,D30,"(24, 29)",24,30.0
81,Auction,D31,"(59, 38)",13,27.0
81,Auction,D32,"(37, 4)",13,29.0
81,Auction,D34,"(65, 33)",10,14.0
81,Q-Learning,D17,"(25, 84)",45,26.0
81,Q-Learning,D19,"(12, 90)",42,21.0
81,Q-Learning,D20,"(94, 97)",40,26.0
81,Q-Learning,D21,"(1, 68)",40,19.0
81,Q-Learning,D22,"(2, 14)",37,27.0
81,Q-Learning,D24,"(64, 21)",38,16.0
81,Q-Learning,D25,"(84, 25)",30,22.0
81,Q-Learning,D26,"(2, 20)",27,25.0
81,Q-Learning,D28,"(60, 21)",27,29.0
81,Q-Learning,D30,"(24, 29)",24,30.0
81,Q-Learning,D31,"(59, 38)",13,27.0
81,Q-Learning,D32,"(37, 4)",13,29.0
81,Q-Learning,D33,"(85, 99)",10,12.0
81,Q-Learning,D34,"(65, 33)",10,14.0
82,Greedy,D17,"(25, 84)",46,26.0
82,Greedy,D19,"(12, 90)",43,21.0
82,Greedy,D20,"(94, 97)",41,26.0
82,Greedy,D21,"(1, 68)",41,19.0
82,Greedy,D22,"(2, 14)",38,27.0
82,Greedy,D24,"(64, 21)",39,16.0
82,Greedy,D25,"(84, 25)",31,22.0
82,Greedy,D26,"(2, 20)",28,25.0
82,Greedy,D27,"(37, 54)",33,20.0
82,Greedy,D28,"(60, 21)",28,29.0
82,Greedy,D29,"(30, 25)",30,12.0
82,Greedy,D30,"(24, 29)",25,30.0
82,Greedy,D31,"(59, 38)",14,27.0
82,Greedy,D32,"(37, 4)",14,29.0
82,Greedy,D33,"(85, 99)",11,12.0
82,Greedy,D34,"(65, 33)",11,14.0
82,Auction,D17,"(25, 84)",46,26.0
82,Auction,D18,"(41, 74)",47,22.0
82,Auction,D19,"(12, 90)",43,21.0
82,Auction,D20,"(94, 97)",41,26.0
82,Auction,D21,"(1, 68)",41,19.0
82,Auction,D22,"(2, 14)",38,27.0
82,Auction,D23,"(12, 8)",34,13.0
82,Auction,D24,"(64, 21)",39,16.0
82,Auction,D25,"(84, 25)",31,22.0
82,Auction,D26,"(2, 20)",28,25.0
82,Auction,D28,"(60, 21)",28,29.0
82,Auction,D30,"(24, 29)",25,30.0
82,Auction,D31,"(59, 38)",14,27.0
82,Auction,D32,"(37, 4)",14,29.0
82,Auction,D34,"(65, 33)",11,14.0
82,Q-Learning,D17,"(25, 84)",46,26.0
82,Q-Learning,D19,"(12, 90)",43,21.0
82,Q-Learning,D20,"(94, 97)",41,26.0
82,Q-Learning,D21,"(1, 68)",41,19.0
82,Q-Learning,D22,"(2, 14)",38,27.0
82,Q-Learning,D24,"(64, 21)",39,16.0
82,Q-Learning,D25,"(84, 25)",31,22.0
82,Q-Learning,D26,"(2, 20)",28,25.0
82,Q-Learning,D28,"(60, 21)",28,29.0
82,Q-Learning,D30,"(24, 29)",25,30.0
82,Q-Learning,D31,"(59, 38)",14,27.0
82,Q-Learning,D32,"(37, 4)",14,29.0
82,Q-Learning,D33,"(85, 99)",11,12.0
82,Q-Learning,D34,"(65, 33)",11,14.0
83,Greedy,D17,"(25, 84)",47,26.0
83,Greedy,D19,"(12, 90)",44,21.0
83,Greedy,D20,"(94, 97)",42,26.0
83,Greedy,D21,"(1, 68)",42,19.0
83,Greedy,D22,"(2, 14)",39,27.0
83,Greedy,D24,"(64, 21)",40,16.0
83,Greedy,D25,"(84, 25)",32,22.0
83,Greedy,D26,"(2, 20)",29,25.0
83,Greedy,D27,"(37, 54)",34,20.0
83,Greedy,D28,"(60, 21)",29,29.0
83,Greedy,D29,"(30, 25)",31,12.0
83,Greedy,D30,"(24, 29)",26,30.0
83,Greedy,D31,"(59, 38)",15,27.0
83,Greedy,D32,"(37, 4)",15,29.0
83,Greedy,D33,"(85, 99)",12,12.0
83,Greedy,D34,"(65, 33)",12,14.0
83,Greedy,D35,"(62, 63)",6,19.0
83,Auction,D17,"(25, 84)",47,26.0
83,Auction,D18,"(41, 74)",48,22.0
83,Auction,D19,"(12, 90)",44,21.0
83,Auction,D20,"(94, 97)",42,26.0
83,Auction,D21,"(1, 68)",42,19.0
83,Auction,D22,"(2, 14)",39,27.0
83,Auction,D23,"(12, 8)",35,13.0
83,Auction,D24,"(64, 21)",40,16.0
83,Auction,D25,"(84, 25)",32,22.0
83,Auction,D26,"(2, 20)",29,25.0
83,Auction,D28,"(60, 21)",29,29.0
83,Auction,D30,"(24, 29)",26,30.0
83,Auction,D31,"(59, 38)",15,27.0
83,Auction,D32,"(37, 4)",15,29.0
83,Auction,D34,"(65, 33)",12,14.0
83,Auction,D35,"(62, 63)",6,19.0
83,Q-Learning,D17,"(25, 84)",47,26.0
83,Q-Learning,D19,"(12, 90)",44,21.0
83,Q-Learning,D20,"(94, 97)",42,26.0
83,Q-Learning,D21,"(1, 68)",42,19.0
83,Q-Learning,D22,"(2, 14)",39,27.0
83,Q-Learning,D24,"(64, 21)",40,16.0
83,Q-Learning,D25,"(84, 25)",32,22.0
83,Q-Learning,D26,"(2, 20)",29,25.0
83,Q-Learning,D28,"(60, 21)",29,29.0
83,Q-Learning,D30,"(24, 29)",26,30.0
83,Q-Learning,D31,"(59, 38)",15,27.0
83,Q-Learning,D32,"(37, 4)",15,29.0
83,Q-Learning,D33,"(85, 99)",12,12.0
83,Q-Learning,D34,"(65, 33)",12,14.0
83,Q-Learning,D35,"(62, 63)",6,19.0
84,Greedy,D17,"(25, 84)",48,26.0
84,Greedy,D19,"(12, 90)",45,21.0
84,Greedy,D20,"(94, 97)",43,26.0
84,Greedy,D21,"(1, 68)",43,19.0
84,Greedy,D22,"(2, 14)",40,27.0
84,Greedy,D24,"(64, 21)",41,16.0
84,Greedy,D25,"(84, 25)",33,22.0
84,Greedy,D26,"(2, 20)",30,25.0
84,Greedy,D27,"(37, 54)",35,20.0
84,Greedy,D28,"(60, 21)",30,29.0
84,Greedy,D29,"(30, 25)",32,12.0
84,Greedy,D30,"(24, 29)",27,30.0
84,Greedy,D31,"(59, 38)",16,27.0
84,Greedy,D32,"(37, 4)",16,29.0
84,Greedy,D33,"(85, 99)",13,12.0
84,Greedy,D34,"(65, 33)",13,14.0
84,Greedy,D35,"(62, 63)",7,19.0
84,Greedy,D36,"(5, 4)",7,16.0
84,Auction,D17,"(25, 84)",48,26.0
84,Auction,D18,"(41, 74)",49,22.0
84,Auction,D19,"(12, 90)",45,21.0
84,Auction,D20,"(94, 97)",43,26.0
84,Auction,D21,"(1, 68)",43,19.0
84,Auction,D22,"(2, 14)",40,27.0
84,Auction,D23,"(12, 8)",36,13.0
84,Auction,D24,"(64, 21)",41,16.0
84,Auction,D25,"(84, 25)",33,22.0
84,Auction,D26,"(2, 20)",30,25.0
84,Auction,D28,"(60, 21)",30,29.0
84,Auction,D30,"(24, 29)",27,30.0
84,Auction,D31,"(59, 38)",16,27.0
84,Auction,D32,"(37, 4)",16,29.0
84,Auction,D34,"(65, 33)",13,14.0
84,Auction,D35,"(62, 63)",7,19.0
84,Auction,D36,"(5, 4)",7,16.0
84,Q-Learning,D17,"(25, 84)",48,26.0
84,Q-Learning,D19,"(12, 90)",45,21.0
84,Q-Learning,D20,"(94, 97)",43,26.0
84,Q-Learning,D21,"(1, 68)",43,19.0
84,Q-Learning,D22,"(2, 14)",40,27.0
84,Q-Learning,D24,"(64, 21)",41,16.0
84,Q-Learning,D25,"(84, 25)",33,22.0
84,Q-Learning,D26,"(2, 20)",30,25.0
84,Q-Learning,D28,"(60, 21)",30,29.0
84,Q-Learning,D30,"(24, 29)",27,30.0
84,Q-Learning,D31,"(59, 38)",16,27.0
84,Q-Learning,D32,"(37, 4)",16,29.0
84,Q-Learning,D33,"(85, 99)",13,12.0
84,Q-Learning,D34,"(65, 33)",13,14.0
84,Q-Learning,D35,"(62, 63)",7,19.0
84,Q-Learning,D36,"(5, 4)",7,16.0
85,Greedy,D17,"(25, 84)",49,26.0
85,Greedy,D19,"(12, 90)",46,21.0
85,Greedy,D20,"(94, 97)",44,26.0
85,Greedy,D21,"(1, 68)",44,19.0
85,Greedy,D22,"(2, 14)",41,27.0
85,Greedy,D24,"(64, 21)",42,16.0
85,Greedy,D25,"(84, 25)",34,22.0
85,Greedy,D26,"(2, 20)",31,25.0
85,Greedy,D27,"(37, 54)",36,20.0
85,Greedy,D28,"(60, 21)",31,29.0
85,Greedy,D29,"(30, 25)",33,12.0
85,Greedy,D30,"(24, 29)",28,30.0
85,Greedy,D31,"(59, 38)",17,27.0
85,Greedy,D32,"(37, 4)",17,29.0
85,Greedy,D33,"(85, 99)",14,12.0
85,Greedy,D34,"(65, 33)",14,14.0
85,Greedy,D35,"(62, 63)",8,19.0
85,Greedy,D36,"(5, 4)",8,16.0
85,Greedy,D37,"(67, 8)",1,10.0
85,Auction,D17,"(25, 84)",49,26.0
85,Auction,D18,"(41, 74)",50,22.0
85,Auction,D19,"(12, 90)",46,21.0
85,Auction,D20,"(94, 97)",44,26.0
85,Auction,D21,"(1, 68)",44,19.0
85,Auction,D22,"(2, 14)",41,27.0
85,Auction,D23,"(12, 8)",37,13.0
85,Auction,D24,"(64, 21)",42,16.0
85,Auction,D25,"(84, 25)",34,22.0
85,Auction,D26,"(2, 20)",31,25.0
85,Auction,D28,"(60, 21)",31,29.0
85,Auction,D30,"(24, 29)",28,30.0
85,Auction,D31,"(59, 38)",17,27.0
85,Auction,D32,"(37, 4)",17,29.0
85,Auction,D34,"(65, 33)",14,14.0
85,Auction,D35,"(62, 63)",8,19.0
85,Auction,D36,"(5, 4)",8,16.0
85,Auction,D37,"(67, 8)",1,10.0
85,Q-Learning,D17,"(25, 84)",49,26.0
85,Q-Learning,D19,"(12, 90)",46,21.0
85,Q-Learning,D20,"(94, 97)",44,26.0
85,Q-Learning,D21,"(1, 68)",44,19.0
85,Q-Learning,D22,"(2, 14)",41,27.0
85,Q-Learning,D24,"(64, 21)",42,16.0
85,Q-Learning,D25,"(84, 25)",34,22.0
85,Q-Learning,D26,"(2, 20)",31,25.0
85,Q-Learning,D28,"(60, 21)",31,29.0
85,Q-Learning,D30,"(24, 29)",28,30.0
85,Q-Learning,D31,"(59, 38)",17,27.0
85,Q-Learning,D32,"(37, 4)",17,29.0
85,Q-Learning,D33,"(85, 99)",14,12.0
85,Q-Learning,D34,"(65, 33)",14,14.0
85,Q-Learning,D35,"(62, 63)",8,19.0
85,Q-Learning,D36,"(5, 4)",8,16.0
86,Greedy,D17,"(25, 84)",50,26.0
86,Greedy,D19,"(12, 90)",47,21.0
86,Greedy,D20,"(94, 97)",45,26.0
86,Greedy,D21,"(1, 68)",45,19.0
86,Greedy,D22,"(2, 14)",42,27.0
86,Greedy,D24,"(64, 21)",43,16.0
86,Greedy,D25,"(84, 25)",35,22.0
86,Greedy,D26,"(2, 20)",32,25.0
86,Greedy,D27,"(37, 54)",37,20.0
86,Greedy,D28,"(60, 21)",32,29.0
86,Greedy,D29,"(30, 25)",34,12.0
86,Greedy,D30,"(24, 29)",29,30.0
86,Greedy,D31,"(59, 38)",18,27.0
86,Greedy,D32,"(37, 4)",18,29.0
86,Greedy,D33,"(85, 99)",15,12.0
86,Greedy,D34,"(65, 33)",15,14.0
86,Greedy,D35,"(62, 63)",9,19.0
86,Greedy,D36,"(5, 4)",9,16.0
86,Greedy,D37,"(67, 8)",2,10.0
86,Greedy,D38,"(75, 67)",4,28.0
86,Auction,D17,"(25, 84)",50,26.0
86,Auction,D18,"(41, 74)",51,22.0
86,Auction,D19,"(12, 90)",47,21.0
86,Auction,D20,"(94, 97)",45,26.0
86,Auction,D21,"(1, 68)",45,19.0
86,Auction,D22,"(2, 14)",42,27.0
86,Auction,D23,"(12, 8)",38,13.0
86,Auction,D24,"(64, 21)",43,16.0
86,Auction,D25,"(84, 25)",35,22.0
86,Auction,D26,"(2, 20)",32,25.0
86,Auction,D28,"(60, 21)",32,29.0
86,Auction,D30,"(24, 29)",29,30.0
86,Auction,D31,"(59, 38)",18,27.0
86,Auction,D32,"(37, 4)",18,29.0
86,Auction,D34,"(65, 33)",15,14.0
86,Auction,D35,"(62, 63)",9,19.0
86,Auction,D36,"(5, 4)",9,16.0
86,Auction,D37,"(67, 8)",2,10.0
86,Auction,D38,"(75, 67)",4,28.0
86,Q-Learning,D17,"(25, 84)",50,26.0
86,Q-Learning,D19,"(12, 90)",47,21.0
86,Q-Learning,D20,"(94, 97)",45,26.0
86,Q-Learning,D21,"(1, 68)",45,19.0
86,Q-Learning,D22,"(2, 14)",42,27.0
86,Q-Learning,D24,"(64, 21)",43,16.0
86,Q-Learning,D25,"(84, 25)",35,22.0
86,Q-Learning,D26,"(2, 20)",32,25.0
86,Q-Learning,D28,"(60, 21)",32,29.0
86,Q-Learning,D30,"(24, 29)",29,30.0
86,Q-Learning,D31,"(59, 38)",18,27.0
86,Q-Learning,D32,"(37, 4)",18,29.0
86,Q-Learning,D33,"(85, 99)",15,12.0
86,Q-Learning,D34,"(65, 33)",15,14.0
86,Q-Learning,D35,"(62, 63)",9,19.0
86,Q-Learning,D36,"(5, 4)",9,16.0
86,Q-Learning,D38,"(75, 67)",4,28.0
87,Greedy,D17,"(25, 84)",51,26.0
87,Greedy,D19,"(12, 90)",48,21.0
87,Greedy,D20,"(94, 97)",46,26.0
87,Greedy,D21,"(1, 68)",46,19.0
87,Greedy,D22,"(2, 14)",43,27.0
87,Greedy,D24,"(64, 21)",44,16.0
87,Greedy,D25,"(84, 25)",36,22.0
87,Greedy,D26,"(2, 20)",33,25.0
87,Greedy,D27,"(37, 54)",38,20.0
87,Greedy,D28,"(60, 21)",33,29.0
87,Greedy,D29,"(30, 25)",35,12.0
87,Greedy,D30,"(24, 29)",30,30.0
87,Greedy,D31,"(59, 38)",19,27.0
87,Greedy,D32,"(37, 4)",19,29.0
87,Greedy,D33,"(85, 99)",16,12.0
87,Greedy,D34,"(65, 33)",16,14.0
87,Greedy,D35,"(62, 63)",10,19.0
87,Greedy,D36,"(5, 4)",10,16.0
87,Greedy,D37,"(67, 8)",3,10.0
87,Greedy,D38,"(75, 67)",5,28.0
87,Auction,D17,"(25, 84)",51,26.0
87,Auction,D18,"(41, 74)",52,22.0
87,Auction,D19,"(12, 90)",48,21.0
87,Auction,D20,"(94, 97)",46,26.0
87,Auction,D21,"(1, 68)",46,19.0
87,Auction,D22,"(2, 14)",43,27.0
87,Auction,D23,"(12, 8)",39,13.0
87,Auction,D24,"(64, 21)",44,16.0
87,Auction,D25,"(84, 25)",36,22.0
87,Auction,D26,"(2, 20)",33,25.0
87,Auction,D28,"(60, 21)",33,29.0
87,Auction,D30,"(24, 29)",30,30.0
87,Auction,D31,"(59, 38)",19,27.0
87,Auction,D32,"(37, 4)",19,29.0
87,Auction,D34,"(65, 33)",16,14.0
87,Auction,D35,"(62, 63)",10,19.0
87,Auction,D36,"(5, 4)",10,16.0
87,Auction,D37,"(67, 8)",3,10.0
87,Auction,D38,"(75, 67)",5,28.0
87,Q-Learning,D17,"(25, 84)",51,26.0
87,Q-Learning,D19,"(12, 90)",48,21.0
87,Q-Learning,D20,"(94, 97)",46,26.0
87,Q-Learning,D21,"(1, 68)",46,19.0
87,Q-Learning,D22,"(2, 14)",43,27.0
87,Q-Learning,D24,"(64, 21)",44,16.0
87,Q-Learning,D25,"(84, 25)",36,22.0
87,Q-Learning,D26,"(2, 20)",33,25.0
87,Q-Learning,D28,"(60, 21)",33,29.0
87,Q-Learning,D30,"(24, 29)",30,30.0
87,Q-Learning,D31,"(59, 38)",19,27.0
87,Q-Learning,D32,"(37, 4)",19,29.0
87,Q-Learning,D33,"(85, 99)",16,12.0
87,Q-Learning,D34,"(65, 33)",16,14.0
87,Q-Learning,D35,"(62, 63)",10,19.0
87,Q-Learning,D36,"(5, 4)",10,16.0
87,Q-Learning,D38,"(75, 67)",5,28.0
88,Greedy,D17,"(25, 84)",52,26.0
88,Greedy,D19,"(12, 90)",49,21.0
88,Greedy,D20,"(94, 97)",47,26.0
88,Greedy,D21,"(1, 68)",47,19.0
88,Greedy,D22,"(2, 14)",44,27.0
88,Greedy,D24,"(64, 21)",45,16.0
88,Greedy,D25,"(84, 25)",37,22.0
88,Greedy,D26,"(2, 20)",34,25.0
88,Greedy,D27,"(37, 54)",39,20.0
88,Greedy,D28,"(60, 21)",34,29.0
88,Greedy,D29,"(30, 25)",36,12.0
88,Greedy,D30,"(24, 29)",31,30.0
88,Greedy,D31,"(59, 38)",20,27.0
88,Greedy,D32,"(37, 4)",20,29.0
88,Greedy,D33,"(85, 99)",17,12.0
88,Greedy,D34,"(65, 33)",17,14.0
88,Greedy,D35,"(62, 63)",11,19.0
88,Greedy,D36,"(5, 4)",11,16.0
88,Greedy,D37,"(67, 8)",4,10.0
88,Greedy,D38,"(75, 67)",6,28.0
88,Greedy,D39,"(61, 79)",4,29.0
88,Auction,D17,"(25, 84)",52,26.0
88,Auction,D18,"(41, 74)",53,22.0
88,Auction,D19,"(12, 90)",49,21.0
88,Auction,D20,"(94, 97)",47,26.0
88,Auction,D21,"(1, 68)",47,19.0
88,Auction,D22,"(2, 14)",44,27.0
88,Auction,D23,"(12, 8)",40,13.0
88,Auction,D24,"(64, 21)",45,16.0
88,Auction,D25,"(84, 25)",37,22.0
88,Auction,D26,"(2, 20)",34,25.0
88,Auction,D28,"(60, 21)",34,29.0
88,Auction,D30,"(24, 29)",31,30.0
88,Auction,D31,"(59, 38)",20,27.0
88,Auction,D32,"(37, 4)",20,29.0
88,Auction,D34,"(65, 33)",17,14.0
88,Auction,D35,"(62, 63)",11,19.0
88,Auction,D36,"(5, 4)",11,16.0
88,Auction,D37,"(67, 8)",4,10.0
88,Auction,D38,"(75, 67)",6,28.0
88,Auction,D39,"(61, 79)",4,29.0
88,Q-Learning,D17,"(25, 84)",52,26.0
88,Q-Learning,D19,"(12, 90)",49,21.0
88,Q-Learning,D20,"(94, 97)",47,26.0
88,Q-Learning,D21,"(1, 68)",47,19.0
88,Q-Learning,D22,"(2, 14)",44,27.0
88,Q-Learning,D24,"(64, 21)",45,16.0
88,Q-Learning,D25,"(84, 25)",37,22.0
88,Q-Learning,D26,"(2, 20)",34,25.0
88,Q-Learning,D28,"(60, 21)",34,29.0
88,Q-Learning,D30,"(24, 29)",31,30.0
88,Q-Learning,D31,"(59, 38)",20,27.0
88,Q-Learning,D32,"(37, 4)",20,29.0
88,Q-Learning,D33,"(85, 99)",17,12.0
88,Q-Learning,D34,"(65, 33)",17,14.0
88,Q-Learning,D35,"(62, 63)",11,19.0
88,Q-Learning,D36,"(5, 4)",11,16.0
88,Q-Learning,D38,"(75, 67)",6,28.0
88,Q-Learning,D39,"(61, 79)",4,29.0
89,Greedy,D17,"(25, 84)",53,26.0
89,Greedy,D19,"(12, 90)",50,21.0
89,Greedy,D20,"(94, 97)",48,26.0
89,Greedy,D21,"(1, 68)",48,19.0
89,Greedy,D22,"(2, 14)",45,27.0
89,Greedy,D24,"(64, 21)",46,16.0
89,Greedy,D25,"(84, 25)",38,22.0
89,Greedy,D26,"(2, 20)",35,25.0
89,Greedy,D27,"(37, 54)",40,20.0
89,Greedy,D28,"(60, 21)",35,29.0
89,Greedy,D29,"(30, 25)",37,12.0
89,Greedy,D30,"(24, 29)",32,30.0
89,Greedy,D31,"(59, 38)",21,27.0
89,Greedy,D32,"(37, 4)",21,29.0
89,Greedy,D33,"(85, 99)",18,12.0
89,Greedy,D34,"(65, 33)",18,14.0
89,Greedy,D35,"(62, 63)",12,19.0
89,Greedy,D36,"(5, 4)",12,16.0
89,Greedy,D37,"(67, 8)",5,10.0
89,Greedy,D38,"(75, 67)",7,28.0
89,Greedy,D39,"(61, 79)",5,29.0
89,Auction,D17,"(25, 84)",53,26.0
89,Auction,D18,"(41, 74)",54,22.0
89,Auction,D19,"(12, 90)",50,21.0
89,Auction,D20,"(94, 97)",48,26.0
89,Auction,D21,"(1, 68)",48,19.0
89,Auction,D22,"(2, 14)",45,27.0
89,Auction,D23,"(12, 8)",41,13.0
89,Auction,D24,"(64, 21)",46,16.0
89,Auction,D25,"(84, 25)",38,22.0
89,Auction,D26,"(2, 20)",35,25.0
89,Auction,D28,"(60, 21)",35,29.0
89,Auction,D30,"(24, 29)",32,30.0
89,Auction,D31,"(59, 38)",21,27.0
89,Auction,D32,"(37, 4)",21,29.0
89,Auction,D34,"(65, 33)",18,14.0
89,Auction,D35,"(62, 63)",12,19.0
89,Auction,D36,"(5, 4)",12,16.0
89,Auction,D37,"(67, 8)",5,10.0
89,Auction,D38,"(75, 67)",7,28.0
89,Auction,D39,"(61, 79)",5,29.0
89,Q-Learning,D17,"(25, 84)",53,26.0
89,Q-Learning,D19,"(12, 90)",50,21.0
89,Q-Learning,D20,"(94, 97)",48,26.0
89,Q-Learning,D21,"(1, 68)",48,19.0
89,Q-Learning,D22,"(2, 14)",45,27.0
89,Q-Learning,D24,"(64, 21)",46,16.0
89,Q-Learning,D25,"(84, 25)",38,22.0
89,Q-Learning,D26,"(2, 20)",35,25.0
89,Q-Learning,D28,"(60, 21)",35,29.0
89,Q-Learning,D30,"(24, 29)",32,30.0
89,Q-Learning,D31,"(59, 38)",21,27.0
89,Q-Learning,D32,"(37, 4)",21,29.0
89,Q-Learning,D33,"(85, 99)",18,12.0
89,Q-Learning,D34,"(65, 33)",18,14.0
89,Q-Learning,D35,"(62, 63)",12,19.0
89,Q-Learning,D36,"(5, 4)",12,16.0
89,Q-Learning,D38,"(75, 67)",7,28.0
89,Q-Learning,D39,"(61, 79)",5,29.0
90,Greedy,D17,"(25, 84)",54,26.0
90,Greedy,D19,"(12, 90)",51,21.0
90,Greedy,D20,"(94, 97)",49,26.0
90,Greedy,D21,"(1, 68)",49,19.0
90,Greedy,D22,"(2, 14)",46,27.0
90,Greedy,D24,"(64, 21)",47,16.0
90,Greedy,D25,"(84, 25)",39,22.0
90,Greedy,D26,"(2, 20)",36,25.0
90,Greedy,D27,"(37, 54)",41,20.0
90,Greedy,D28,"(60, 21)",36,29.0
90,Greedy,D29,"(30, 25)",38,12.0
90,Greedy,D30,"(24, 29)",33,30.0
90,Greedy,D31,"(59, 38)",22,27.0
90,Greedy,D32,"(37, 4)",22,29.0
90,Greedy,D33,"(85, 99)",19,12.0
90,Greedy,D34,"(65, 33)",19,14.0
90,Greedy,D35,"(62, 63)",13,19.0
90,Greedy,D36,"(5, 4)",13,16.0
90,Greedy,D37,"(67, 8)",6,10.0
90,Greedy,D38,"(75, 67)",8,28.0
90,Greedy,D39,"(61, 79)",6,29.0
90,Greedy,D40,"(4, 43)",7,23.0
90,Auction,D17,"(25, 84)",54,26.0
90,Auction,D18,"(41, 74)",55,22.0
90,Auction,D19,"(12, 90)",51,21.0
90,Auction,D20,"(94, 97)",49,26.0
90,Auction,D21,"(1, 68)",49,19.0
90,Auction,D22,"(2, 14)",46,27.0
90,Auction,D23,"(12, 8)",42,13.0
90,Auction,D24,"(64, 21)",47,16.0
90,Auction,D25,"(84, 25)",39,22.0
90,Auction,D26,"(2, 20)",36,25.0
90,Auction,D28,"(60, 21)",36,29.0
90,Auction,D30,"(24, 29)",33,30.0
90,Auction,D31,"(59, 38)",22,27.0
90,Auction,D32,"(37, 4)",22,29.0
90,Auction,D34,"(65, 33)",19,14.0
90,Auction,D35,"(62, 63)",13,19.0
90,Auction,D36,"(5, 4)",13,16.0
90,Auction,D37,"(67, 8)",6,10.0
90,Auction,D38,"(75, 67)",8,28.0
90,Auction,D39,"(61, 79)",6,29.0
90,Auction,D40,"(4, 43)",7,23.0
90,Q-Learning,D17,"(25, 84)",54,26.0
90,Q-Learning,D19,"(12, 90)",51,21.0
90,Q-Learning,D20,"(94, 97)",49,26.0
90,Q-Learning,D21,"(1, 68)",49,19.0
90,Q-Learning,D22,"(2, 14)",46,27.0
90,Q-Learning,D24,"(64, 21)",47,16.0
90,Q-Learning,D25,"(84, 25)",39,22.0
90,Q-Learning,D26,"(2, 20)",36,25.0
90,Q-Learning,D28,"(60, 21)",36,29.0
90,Q-Learning,D30,"(24, 29)",33,30.0
90,Q-Learning,D31,"(59, 38)",22,27.0
90,Q-Learning,D32,"(37, 4)",22,29.0
90,Q-Learning,D33,"(85, 99)",19,12.0
90,Q-Learning,D34,"(65, 33)",19,14.0
90,Q-Learning,D35,"(62, 63)",13,19.0
90,Q-Learning,D36,"(5, 4)",13,16.0
90,Q-Learning,D38,"(75, 67)",8,28.0
90,Q-Learning,D39,"(61, 79)",6,29.0
90,Q-Learning,D40,"(4, 43)",7,23.0
91,Greedy,D17,"(25, 84)",55,26.0
91,Greedy,D19,"(12, 90)",52,21.0
91,Greedy,D20,"(94, 97)",50,26.0
91,Greedy,D21,"(1, 68)",50,19.0
91,Greedy,D22,"(2, 14)",47,27.0
91,Greedy,D24,"(64, 21)",48,16.0
91,Greedy,D25,"(84, 25)",40,22.0
91,Greedy,D26,"(2, 20)",37,25.0
91,Greedy,D27,"(37, 54)",42,20.0
91,Greedy,D28,"(60, 21)",37,29.0
91,Greedy,D29,"(30, 25)",39,12.0
91,Greedy,D30,"(24, 29)",34,30.0
91,Greedy,D31,"(59, 38)",23,27.0
91,Greedy,D32,"(37, 4)",23,29.0
91,Greedy,D33,"(85, 99)",20,12.0
91,Greedy,D34,"(65, 33)",20,14.0
91,Greedy,D35,"(62, 63)",14,19.0
91,Greedy,D36,"(5, 4)",14,16.0
91,Greedy,D37,"(67, 8)",7,10.0
91,Greedy,D38,"(75, 67)",9,28.0
91,Greedy,D39,"(61, 79)",7,29.0
91,Greedy,D40,"(4, 43)",8,23.0
91,Auction,D17,"(25, 84)",55,26.0
91,Auction,D18,"(41, 74)",56,22.0
91,Auction,D19,"(12, 90)",52,21.0
91,Auction,D20,"(94, 97)",50,26.0
91,Auction,D21,"(1, 68)",50,19.0
91,Auction,D22,"(2, 14)",47,27.0
91,Auction,D23,"(12, 8)",43,13.0
91,Auction,D24,"(64, 21)",48,16.0
91,Auction,D25,"(84, 25)",40,22.0
91,Auction,D26,"(2, 20)",37,25.0
91,Auction,D28,"(60, 21)",37,29.0
91,Auction,D30,"(24, 29)",34,30.0
91,Auction,D31,"(59, 38)",23,27.0
91,Auction,D32,"(37, 4)",23,29.0
91,Auction,D34,"(65, 33)",20,14.0
91,Auction,D35,"(62, 63)",14,19.0
91,Auction,D36,"(5, 4)",14,16.0
91,Auction,D37,"(67, 8)",7,10.0
91,Auction,D38,"(75, 67)",9,28.0
91,Auction,D39,"(61, 79)",7,29.0
91,Auction,D40,"(4, 43)",8,23.0
91,Q-Learning,D17,"(25, 84)",55,26.0
91,Q-Learning,D19,"(12, 90)",52,21.0
91,Q-Learning,D20,"(94, 97)",50,26.0
91,Q-Learning,D21,"(1, 68)",50,19.0
91,Q-Learning,D22,"(2, 14)",47,27.0
91,Q-Learning,D24,"(64, 21)",48,16.0
91,Q-Learning,D25,"(84, 25)",40,22.0
91,Q-Learning,D26,"(2, 20)",37,25.0
91,Q-Learning,D28,"(60, 21)",37,29.0
91,Q-Learning,D30,"(24, 29)",34,30.0
91,Q-Learning,D31,"(59, 38)",23,27.0
91,Q-Learning,D32,"(37, 4)",23,29.0
91,Q-Learning,D33,"(85, 99)",20,12.0
91,Q-Learning,D34,"(65, 33)",20,14.0
91,Q-Learning,D35,"(62, 63)",14,19.0
91,Q-Learning,D36,"(5, 4)",14,16.0
91,Q-Learning,D38,"(75, 67)",9,28.0
91,Q-Learning,D39,"(61, 79)",7,29.0
91,Q-Learning,D40,"(4, 43)",8,23.0
92,Greedy,D17,"(25, 84)",56,26.0
92,Greedy,D19,"(12, 90)",53,21.0
92,Greedy,D20,"(94, 97)",51,26.0
92,Greedy,D21,"(1, 68)",51,19.0
92,Greedy,D22,"(2, 14)",48,27.0
92,Greedy,D24,"(64, 21)",49,16.0
92,Greedy,D25,"(84, 25)",41,22.0
92,Greedy,D26,"(2, 20)",38,25.0
92,Greedy,D27,"(37, 54)",43,20.0
92,Greedy,D28,"(60, 21)",38,29.0
92,Greedy,D29,"(30, 25)",40,12.0
92,Greedy,D30,"(24, 29)",35,30.0
92,Greedy,D31,"(59, 38)",24,27.0
92,Greedy,D32,"(37, 4)",24,29.0
92,Greedy,D33,"(85, 99)",21,12.0
92,Greedy,D34,"(65, 33)",21,14.0
92,Greedy,D35,"(62, 63)",15,19.0
92,Greedy,D36,"(5, 4)",15,16.0
92,Greedy,D37,"(67, 8)",8,10.0
92,Greedy,D38,"(75, 67)",10,28.0
92,Greedy,D39,"(61, 79)",8,29.0
92,Greedy,D40,"(4, 43)",9,23.0
92,Auction,D17,"(25, 84)",56,26.0
92,Auction,D18,"(41, 74)",57,22.0
92,Auction,D19,"(12, 90)",53,21.0
92,Auction,D20,"(94, 97)",51,26.0
92,Auction,D21,"(1, 68)",51,19.0
92,Auction,D22,"(2, 14)",48,27.0
92,Auction,D23,"(12, 8)",44,13.0
92,Auction,D24,"(64, 21)",49,16.0
92,Auction,D25,"(84, 25)",41,22.0
92,Auction,D26,"(2, 20)",38,25.0
92,Auction,D28,"(60, 21)",38,29.0
92,Auction,D30,"(24, 29)",35,30.0
92,Auction,D31,"(59, 38)",24,27.0
92,Auction,D32,"(37, 4)",24,29.0
92,Auction,D34,"(65, 33)",21,14.0
92,Auction,D35,"(62, 63)",15,19.0
92,Auction,D36,"(5, 4)",15,16.0
92,Auction,D37,"(67, 8)",8,10.0
92,Auction,D38,"(75, 67)",10,28.0
92,Auction,D39,"(61, 79)",8,29.0
92,Auction,D40,"(4, 43)",9,23.0
92,Q-Learning,D17,"(25, 84)",56,26.0
92,Q-Learning,D19,"(12, 90)",53,21.0
92,Q-Learning,D20,"(94, 97)",51,26.0
92,Q-Learning,D21,"(1, 68)",51,19.0
92,Q-Learning,D22,"(2, 14)",48,27.0
92,Q-Learning,D24,"(64, 21)",49,16.0
92,Q-Learning,D25,"(84, 25)",41,22.0
92,Q-Learning,D26,"(2, 20)",38,25.0
92,Q-Learning,D28,"(60, 21)",38,29.0
92,Q-Learning,D30,"(24, 29)",35,30.0
92,Q-Learning,D31,"(59, 38)",24,27.0
92,Q-Learning,D32,"(37, 4)",24,29.0
92,Q-Learning,D33,"(85, 99)",21,12.0
92,Q-Learning,D34,"(65, 33)",21,14.0
92,Q-Learning,D35,"(62, 63)",15,19.0
92,Q-Learning,D36,"(5, 4)",15,16.0
92,Q-Learning,D38,"(75, 67)",10,28.0
92,Q-Learning,D39,"(61, 79)",8,29.0
92,Q-Learning,D40,"(4, 43)",9,23.0
93,Greedy,D17,"(25, 84)",57,26.0
93,Greedy,D19,"(12, 90)",54,21.0
93,Greedy,D20,"(94, 97)",52,26.0
93,Greedy,D21,"(1, 68)",52,19.0
93,Greedy,D22,"(2, 14)",49,27.0
93,Greedy,D24,"(64, 21)",50,16.0
93,Greedy,D25,"(84, 25)",42,22.0
93,Greedy,D26,"(2, 20)",39,25.0
93,Greedy,D27,"(37, 54)",44,20.0
93,Greedy,D28,"(60, 21)",39,29.0
93,Greedy,D29,"(30, 25)",41,12.0
93,Greedy,D30,"(24, 29)",36,30.0
93,Greedy,D31,"(59, 38)",25,27.0
93,Greedy,D32,"(37, 4)",25,29.0
93,Greedy,D33,"(85, 99)",22,12.0
93,Greedy,D34,"(65, 33)",22,14.0
93,Greedy,D35,"(62, 63)",16,19.0
93,Greedy,D36,"(5, 4)",16,16.0
93,Greedy,D37,"(67, 8)",9,10.0
93,Greedy,D38,"(75, 67)",11,28.0
93,Greedy,D39,"(61, 79)",9,29.0
93,Greedy,D40,"(4, 43)",10,23.0
93,Greedy,D41,"(21, 0)",1,18.0
93,Auction,D17,"(25, 84)",57,26.0
93,Auction,D18,"(41, 74)",58,22.0
93,Auction,D19,"(12, 90)",54,21.0
93,Auction,D20,"(94, 97)",52,26.0
93,Auction,D21,"(1, 68)",52,19.0
93,Auction,D22,"(2, 14)",49,27.0
93,Auction,D23,"(12, 8)",45,13.0
93,Auction,D24,"(64, 21)",50,16.0
93,Auction,D25,"(84, 25)",42,22.0
93,Auction,D26,"(2, 20)",39,25.0
93,Auction,D28,"(60, 21)",39,29.0
93,Auction,D30,"(24, 29)",36,30.0
93,Auction,D31,"(59, 38)",25,27.0
93,Auction,D32,"(37, 4)",25,29.0
93,Auction,D34,"(65, 33)",22,14.0
93,Auction,D35,"(62, 63)",16,19.0
93,Auction,D36,"(5, 4)",16,16.0
93,Auction,D37,"(67, 8)",9,10.0
93,Auction,D38,"(75, 67)",11,28.0
93,Auction,D39,"(61, 79)",9,29.0
93,Auction,D40,"(4, 43)",10,23.0
93,Auction,D41,"(21, 0)",1,18.0
93,Q-Learning,D17,"(25, 84)",57,26.0
93,Q-Learning,D19,"(12, 90)",54,21.0
93,Q-Learning,D20,"(94, 97)",52,26.0
93,Q-Learning,D21,"(1, 68)",52,19.0
93,Q-Learning,D22,"(2, 14)",49,27.0
93,Q-Learning,D24,"(64, 21)",50,16.0
93,Q-Learning,D25,"(84, 25)",42,22.0
93,Q-Learning,D26,"(2, 20)",39,25.0
93,Q-Learning,D28,"(60, 21)",39,29.0
93,Q-Learning,D30,"(24, 29)",36,30.0
93,Q-Learning,D31,"(59, 38)",25,27.0
93,Q-Learning,D32,"(37, 4)",25,29.0
93,Q-Learning,D33,"(85, 99)",22,12.0
93,Q-Learning,D34,"(65, 33)",22,14.0
93,Q-Learning,D35,"(62, 63)",16,19.0
93,Q-Learning,D36,"(5, 4)",16,16.0
93,Q-Learning,D38,"(75, 67)",11,28.0
93,Q-Learning,D39,"(61, 79)",9,29.0
93,Q-Learning,D40,"(4, 43)",10,23.0
93,Q-Learning,D41,"(21, 0)",1,18.0
94,Greedy,D17,"(25, 84)",58,26.0
94,Greedy,D19,"(12, 90)",55,21.0
94,Greedy,D20,"(94, 97)",53,26.0
94,Greedy,D21,"(1, 68)",53,19.0
94,Greedy,D22,"(2, 14)",50,27.0
94,Greedy,D24,"(64, 21)",51,16.0
94,Greedy,D25,"(84, 25)",43,22.0
94,Greedy,D26,"(2, 20)",40,25.0
94,Greedy,D27,"(37, 54)",45,20.0
94,Greedy,D28,"(60, 21)",40,29.0
94,Greedy,D29,"(30, 25)",42,12.0
94,Greedy,D30,"(24, 29)",37,30.0
94,Greedy,D31,"(59, 38)",26,27.0
94,Greedy,D32,"(37, 4)",26,29.0
94,Greedy,D33,"(85, 99)",23,12.0
94,Greedy,D34,"(65, 33)",23,14.0
94,Greedy,D35,"(62, 63)",17,19.0
94,Greedy,D36,"(5, 4)",17,16.0
94,Greedy,D37,"(67, 8)",10,10.0
94,Greedy,D38,"(75, 67)",12,28.0
94,Greedy,D39,"(61, 79)",10,29.0
94,Greedy,D40,"(4, 43)",11,23.0
94,Greedy,D41,"(21, 0)",2,18.0
94,Auction,D17,"(25, 84)",58,26.0
94,Auction,D18,"(41, 74)",59,22.0
94,Auction,D19,"(12, 90)",55,21.0
94,Auction,D20,"(94, 97)",53,26.0
94,Auction,D21,"(1, 68)",53,19.0
94,Auction,D22,"(2, 14)",50,27.0
94,Auction,D23,"(12, 8)",46,13.0
94,Auction,D24,"(64, 21)",51,16.0
94,Auction,D25,"(84, 25)",43,22.0
94,Auction,D26,"(2, 20)",40,25.0
94,Auction,D28,"(60, 21)",40,29.0
94,Auction,D30,"(24, 29)",37,30.0
94,Auction,D31,"(59, 38)",26,27.0
94,Auction,D32,"(37, 4)",26,29.0
94,Auction,D34,"(65, 33)",23,14.0
94,Auction,D35,"(62, 63)",17,19.0
94,Auction,D36,"(5, 4)",17,16.0
94,Auction,D37,"(67, 8)",10,10.0
94,Auction,D38,"(75, 67)",12,28.0
94,Auction,D39,"(61, 79)",10,29.0
94,Auction,D40,"(4, 43)",11,23.0
94,Auction,D41,"(21, 0)",2,18.0
94,Q-Learning,D17,"(25, 84)",58,26.0
94,Q-Learning,D19,"(12, 90)",55,21.0
94,Q-Learning,D20,"(94, 97)",53,26.0
94,Q-Learning,D21,"(1, 68)",53,19.0
94,Q-Learning,D22,"(2, 14)",50,27.0
94,Q-Learning,D24,"(64, 21)",51,16.0
94,Q-Learning,D25,"(84, 25)",43,22.0
94,Q-Learning,D26,"(2, 20)",40,25.0
94,Q-Learning,D28,"(60, 21)",40,29.0
94,Q-Learning,D30,"(24, 29)",37,30.0
94,Q-Learning,D31,"(59, 38)",26,27.0
94,Q-Learning,D32,"(37, 4)",26,29.0
94,Q-Learning,D33,"(85, 99)",23,12.0
94,Q-Learning,D34,"(65, 33)",23,14.0
94,Q-Learning,D35,"(62, 63)",17,19.0
94,Q-Learning,D36,"(5, 4)",17,16.0
94,Q-Learning,D38,"(75, 67)",12,28.0
94,Q-Learning,D39,"(61, 79)",10,29.0
94,Q-Learning,D40,"(4, 43)",11,23.0
94,Q-Learning,D41,"(21, 0)",2,18.0
95,Greedy,D17,"(25, 84)",59,26.0
95,Greedy,D19,"(12, 90)",56,21.0
95,Greedy,D20,"(94, 97)",54,26.0
95,Greedy,D21,"(1, 68)",54,19.0
95,Greedy,D22,"(2, 14)",51,27.0
95,Greedy,D24,"(64, 21)",52,16.0
95,Greedy,D25,"(84, 25)",44,22.0
95,Greedy,D26,"(2, 20)",41,25.0
95,Greedy,D27,"(37, 54)",46,20.0
95,Greedy,D28,"(60, 21)",41,29.0
95,Greedy,D29,"(30, 25)",43,12.0
95,Greedy,D30,"(24, 29)",38,30.0
95,Greedy,D31,"(59, 38)",27,27.0
95,Greedy,D32,"(37, 4)",27,29.0
95,Greedy,D33,"(85, 99)",24,12.0
95,Greedy,D34,"(65, 33)",24,14.0
95,Greedy,D35,"(62, 63)",18,19.0
95,Greedy,D36,"(5, 4)",18,16.0
95,Greedy,D37,"(67, 8)",11,10.0
95,Greedy,D38,"(75, 67)",13,28.0
95,Greedy,D39,"(61, 79)",11,29.0
95,Greedy,D40,"(4, 43)",12,23.0
95,Greedy,D41,"(21, 0)",3,18.0
95,Auction,D17,"(25, 84)",59,26.0
95,Auction,D18,"(41, 74)",60,22.0
95,Auction,D19,"(12, 90)",56,21.0
95,Auction,D20,"(94, 97)",54,26.0
95,Auction,D21,"(1, 68)",54,19.0
95,Auction,D22,"(2, 14)",51,27.0
95,Auction,D23,"(12, 8)",47,13.0
95,Auction,D24,"(64, 21)",52,16.0
95,Auction,D25,"(84, 25)",44,22.0
95,Auction,D26,"(2, 20)",41,25.0
95,Auction,D28,"(60, 21)",41,29.0
95,Auction,D30,"(24, 29)",38,30.0
95,Auction,D31,"(59, 38)",27,27.0
95,Auction,D32,"(37, 4)",27,29.0
95,Auction,D34,"(65, 33)",24,14.0
95,Auction,D35,"(62, 63)",18,19.0
95,Auction,D36,"(5, 4)",18,16.0
95,Auction,D37,"(67, 8)",11,10.0
95,Auction,D38,"(75, 67)",13,28.0
95,Auction,D39,"(61, 79)",11,29.0
95,Auction,D40,"(4, 43)",12,23.0
95,Auction,D41,"(21, 0)",3,18.0
95,Q-Learning,D17,"(25, 84)",59,26.0
95,Q-Learning,D19,"(12, 90)",56,21.0
95,Q-Learning,D20,"(94, 97)",54,26.0
95,Q-Learning,D21,"(1, 68)",54,19.0
95,Q-Learning,D22,"(2, 14)",51,27.0
95,Q-Learning,D24,"(64, 21)",52,16.0
95,Q-Learning,D25,"(84, 25)",44,22.0
95,Q-Learning,D26,"(2, 20)",41,25.0
95,Q-Learning,D28,"(60, 21)",41,29.0
95,Q-Learning,D30,"(24, 29)",38,30.0
95,Q-Learning,D31,"(59, 38)",27,27.0
95,Q-Learning,D32,"(37, 4)",27,29.0
95,Q-Learning,D33,"(85, 99)",24,12.0
95,Q-Learning,D34,"(65, 33)",24,14.0
95,Q-Learning,D35,"(62, 63)",18,19.0
95,Q-Learning,D36,"(5, 4)",18,16.0
95,Q-Learning,D38,"(75, 67)",13,28.0
95,Q-Learning,D39,"(61, 79)",11,29.0
95,Q-Learning,D40,"(4, 43)",12,23.0
95,Q-Learning,D41,"(21, 0)",3,18.0
96,Greedy,D17,"(25, 84)",60,26.0
96,Greedy,D19,"(12, 90)",57,21.0
96,Greedy,D20,"(94, 97)",55,26.0
96,Greedy,D21,"(1, 68)",55,19.0
96,Greedy,D22,"(2, 14)",52,27.0
96,Greedy,D24,"(64, 21)",53,16.0
96,Greedy,D25,"(84, 25)",45,22.0
96,Greedy,D26,"(2, 20)",42,25.0
96,Greedy,D27,"(37, 54)",47,20.0
96,Greedy,D28,"(60, 21)",42,29.0
96,Greedy,D29,"(30, 25)",44,12.0
96,Greedy,D30,"(24, 29)",39,30.0
96,Greedy,D31,"(59, 38)",28,27.0
96,Greedy,D32,"(37, 4)",28,29.0
96,Greedy,D33,"(85, 99)",25,12.0
96,Greedy,D34,"(65, 33)",25,14.0
96,Greedy,D35,"(62, 63)",19,19.0
96,Greedy,D36,"(5, 4)",19,16.0
96,Greedy,D37,"(67, 8)",12,10.0
96,Greedy,D38,"(75, 67)",14,28.0
96,Greedy,D39,"(61, 79)",12,29.0
96,Greedy,D40,"(4, 43)",13,23.0
96,Greedy,D41,"(21, 0)",4,18.0
96,Auction,D17,"(25, 84)",60,26.0
96,Auction,D18,"(41, 74)",61,22.0
96,Auction,D19,"(12, 90)",57,21.0
96,Auction,D20,"(94, 97)",55,26.0
96,Auction,D21,"(1, 68)",55,19.0
96,Auction,D22,"(2, 14)",52,27.0
96,Auction,D23,"(12, 8)",48,13.0
96,Auction,D24,"(64, 21)",53,16.0
96,Auction,D25,"(84, 25)",45,22.0
96,Auction,D26,"(2, 20)",42,25.0
96,Auction,D28,"(60, 21)",42,29.0
96,Auction,D30,"(24, 29)",39,30.0
96,Auction,D31,"(59, 38)",28,27.0
96,Auction,D32,"(37, 4)",28,29.0
96,Auction,D34,"(65, 33)",25,14.0
96,Auction,D35,"(62, 63)",19,19.0
96,Auction,D36,"(5, 4)",19,16.0
96,Auction,D37,"(67, 8)",12,10.0
96,Auction,D38,"(75, 67)",14,28.0
96,Auction,D39,"(61, 79)",12,29.0
96,Auction,D40,"(4, 43)",13,23.0
96,Auction,D41,"(21, 0)",4,18.0
96,Q-Learning,D17,"(25, 84)",60,26.0
96,Q-Learning,D19,"(12, 90)",57,21.0
96,Q-Learning,D20,"(94, 97)",55,26.0
96,Q-Learning,D21,"(1, 68)",55,19.0
96,Q-Learning,D22,"(2, 14)",52,27.0
96,Q-Learning,D24,"(64, 21)",53,16.0
96,Q-Learning,D25,"(84, 25)",45,22.0
96,Q-Learning,D26,"(2, 20)",42,25.0
96,Q-Learning,D28,"(60, 21)",42,29.0
96,Q-Learning,D30,"(24, 29)",39,30.0
96,Q-Learning,D31,"(59, 38)",28,27.0
96,Q-Learning,D32,"(37, 4)",28,29.0
96,Q-Learning,D33,"(85, 99)",25,12.0
96,Q-Learning,D34,"(65, 33)",25,14.0
96,Q-Learning,D35,"(62, 63)",19,19.0
96,Q-Learning,D36,"(5, 4)",19,16.0
96,Q-Learning,D38,"(75, 67)",14,28.0
96,Q-Learning,D39,"(61, 79)",12,29.0
96,Q-Learning,D40,"(4, 43)",13,23.0
96,Q-Learning,D41,"(21, 0)",4,18.0
97,Greedy,D17,"(25, 84)",61,26.0
97,Greedy,D19,"(12, 90)",58,21.0
97,Greedy,D20,"(94, 97)",56,26.0
97,Greedy,D21,"(1, 68)",56,19.0
97,Greedy,D22,"(2, 14)",53,27.0
97,Greedy,D24,"(64, 21)",54,16.0
97,Greedy,D25,"(84, 25)",46,22.0
97,Greedy,D26,"(2, 20)",43,25.0
97,Greedy,D27,"(37, 54)",48,20.0
97,Greedy,D28,"(60, 21)",43,29.0
97,Greedy,D29,"(30, 25)",45,12.0
97,Greedy,D30,"(24, 29)",40,30.0
97,Greedy,D31,"(59, 38)",29,27.0
97,Greedy,D32,"(37, 4)",29,29.0
97,Greedy,D33,"(85, 99)",26,12.0
97,Greedy,D34,"(65, 33)",26,14.0
97,Greedy,D35,"(62, 63)",20,19.0
97,Greedy,D36,"(5, 4)",20,16.0
97,Greedy,D37,"(67, 8)",13,10.0
97,Greedy,D38,"(75, 67)",15,28.0
97,Greedy,D39,"(61, 79)",13,29.0
97,Greedy,D40,"(4, 43)",14,23.0
97,Greedy,D41,"(21, 0)",5,18.0
97,Greedy,D42,"(30, 32)",4,27.0
97,Auction,D17,"(25, 84)",61,26.0
97,Auction,D18,"(41, 74)",62,22.0
97,Auction,D19,"(12, 90)",58,21.0
97,Auction,D20,"(94, 97)",56,26.0
97,Auction,D21,"(1, 68)",56,19.0
97,Auction,D22,"(2, 14)",53,27.0
97,Auction,D23,"(12, 8)",49,13.0
97,Auction,D24,"(64, 21)",54,16.0
97,Auction,D25,"(84, 25)",46,22.0
97,Auction,D26,"(2, 20)",43,25.0
97,Auction,D28,"(60, 21)",43,29.0
97,Auction,D30,"(24, 29)",40,30.0
97,Auction,D31,"(59, 38)",29,27.0
97,Auction,D32,"(37, 4)",29,29.0
97,Auction,D34,"(65, 33)",26,14.0
97,Auction,D35,"(62, 63)",20,19.0
97,Auction,D36,"(5, 4)",20,16.0
97,Auction,D37,"(67, 8)",13,10.0
97,Auction,D38,"(75, 67)",15,28.0
97,Auction,D39,"(61, 79)",13,29.0
97,Auction,D40,"(4, 43)",14,23.0
97,Auction,D41,"(21, 0)",5,18.0
97,Auction,D42,"(30, 32)",4,27.0
97,Q-Learning,D17,"(25, 84)",61,26.0
97,Q-Learning,D19,"(12, 90)",58,21.0
97,Q-Learning,D20,"(94, 97)",56,26.0
97,Q-Learning,D21,"(1, 68)",56,19.0
97,Q-Learning,D22,"(2, 14)",53,27.0
97,Q-Learning,D24,"(64, 21)",54,16.0
97,Q-Learning,D25,"(84, 25)",46,22.0
97,Q-Learning,D26,"(2, 20)",43,25.0
97,Q-Learning,D28,"(60, 21)",43,29.0
97,Q-Learning,D30,"(24, 29)",40,30.0
97,Q-Learning,D31,"(59, 38)",29,27.0
97,Q-Learning,D32,"(37, 4)",29,29.0
97,Q-Learning,D33,"(85, 99)",26,12.0
97,Q-Learning,D34,"(65, 33)",26,14.0
97,Q-Learning,D35,"(62, 63)",20,19.0
97,Q-Learning,D36,"(5, 4)",20,16.0
97,Q-Learning,D38,"(75, 67)",15,28.0
97,Q-Learning,D39,"(61, 79)",13,29.0
97,Q-Learning,D40,"(4, 43)",14,23.0
97,Q-Learning,D41,"(21, 0)",5,18.0
97,Q-Learning,D42,"(30, 32)",4,27.0
98,Greedy,D17,"(25, 84)",62,26.0
98,Greedy,D19,"(12, 90)",59,21.0
98,Greedy,D20,"(94, 97)",57,26.0
98,Greedy,D21,"(1, 68)",57,19.0
98,Greedy,D22,"(2, 14)",54,27.0
98,Greedy,D24,"(64, 21)",55,16.0
98,Greedy,D25,"(84, 25)",47,22.0
98,Greedy,D26,"(2, 20)",44,25.0
98,Greedy,D27,"(37, 54)",49,20.0
98,Greedy,D28,"(60, 21)",44,29.0
98,Greedy,D29,"(30, 25)",46,12.0
98,Greedy,D30,"(24, 29)",41,30.0
98,Greedy,D31,"(59, 38)",30,27.0
98,Greedy,D32,"(37, 4)",30,29.0
98,Greedy,D33,"(85, 99)",27,12.0
98,Greedy,D34,"(65, 33)",27,14.0
98,Greedy,D35,"(62, 63)",21,19.0
98,Greedy,D36,"(5, 4)",21,16.0
98,Greedy,D37,"(67, 8)",14,10.0
98,Greedy,D38,"(75, 67)",16,28.0
98,Greedy,D39,"(61, 79)",14,29.0
98,Greedy,D40,"(4, 43)",15,23.0
98,Greedy,D41,"(21, 0)",6,18.0
98,Greedy,D42,"(30, 32)",5,27.0
98,Greedy,D43,"(100, 14)",5,23.0
98,Auction,D17,"(25, 84)",62,26.0
98,Auction,D18,"(41, 74)",63,22.0
98,Auction,D19,"(12, 90)",59,21.0
98,Auction,D20,"(94, 97)",57,26.0
98,Auction,D21,"(1, 68)",57,19.0
98,Auction,D22,"(2, 14)",54,27.0
98,Auction,D23,"(12, 8)",50,13.0
98,Auction,D24,"(64, 21)",55,16.0
98,Auction,D25,"(84, 25)",47,22.0
98,Auction,D26,"(2, 20)",44,25.0
98,Auction,D28,"(60, 21)",44,29.0
98,Auction,D30,"(24, 29)",41,30.0
98,Auction,D31,"(59, 38)",30,27.0
98,Auction,D32,"(37, 4)",30,29.0
98,Auction,D34,"(65, 33)",27,14.0
98,Auction,D35,"(62, 63)",21,19.0
98,Auction,D36,"(5, 4)",21,16.0
98,Auction,D37,"(67, 8)",14,10.0
98,Auction,D38,"(75, 67)",16,28.0
98,Auction,D39,"(61, 79)",14,29.0
98,Auction,D40,"(4, 43)",15,23.0
98,Auction,D41,"(21, 0)",6,18.0
98,Auction,D42,"(30, 32)",5,27.0
98,Auction,D43,"(100, 14)",5,23.0
98,Q-Learning,D17,"(25, 84)",62,26.0
98,Q-Learning,D19,"(12, 90)",59,21.0
98,Q-Learning,D20,"(94, 97)",57,26.0
98,Q-Learning,D21,"(1, 68)",57,19.0
98,Q-Learning,D22,"(2, 14)",54,27.0
98,Q-Learning,D24,"(64, 21)",55,16.0
98,Q-Learning,D25,"(84, 25)",47,22.0
98,Q-Learning,D26,"(2, 20)",44,25.0
98,Q-Learning,D28,"(60, 21)",44,29.0
98,Q-Learning,D30,"(24, 29)",41,30.0
98,Q-Learning,D31,"(59, 38)",30,27.0
98,Q-Learning,D32,"(37, 4)",30,29.0
98,Q-Learning,D33,"(85, 99)",27,12.0
98,Q-Learning,D34,"(65, 33)",27,14.0
98,Q-Learning,D35,"(62, 63)",21,19.0
98,Q-Learning,D36,"(5, 4)",21,16.0
98,Q-Learning,D38,"(75, 67)",16,28.0
98,Q-Learning,D39,"(61, 79)",14,29.0
98,Q-Learning,D40,"(4, 43)",15,23.0
98,Q-Learning,D41,"(21, 0)",6,18.0
98,Q-Learning,D42,"(30, 32)",5,27.0
98,Q-Learning,D43,"(100, 14)",5,23.0
99,Greedy,D17,"(25, 84)",63,26.0
99,Greedy,D19,"(12, 90)",60,21.0
99,Greedy,D20,"(94, 97)",58,26.0
99,Greedy,D21,"(1, 68)",58,19.0
99,Greedy,D22,"(2, 14)",55,27.0
99,Greedy,D24,"(64, 21)",56,16.0
99,Greedy,D25,"(84, 25)",48,22.0
99,Greedy,D26,"(2, 20)",45,25.0
99,Greedy,D27,"(37, 54)",50,20.0
99,Greedy,D28,"(60, 21)",45,29.0
99,Greedy,D29,"(30, 25)",47,12.0
99,Greedy,D30,"(24, 29)",42,30.0
99,Greedy,D31,"(59, 38)",31,27.0
99,Greedy,D32,"(37, 4)",31,29.0
99,Greedy,D33,"(85, 99)",28,12.0
99,Greedy,D34,"(65, 33)",28,14.0
99,Greedy,D35,"(62, 63)",22,19.0
99,Greedy,D36,"(5, 4)",22,16.0
99,Greedy,D37,"(67, 8)",15,10.0
99,Greedy,D38,"(75, 67)",17,28.0
99,Greedy,D39,"(61, 79)",15,29.0
99,Greedy,D40,"(4, 43)",16,23.0
99,Greedy,D41,"(21, 0)",7,18.0
99,Greedy,D42,"(30, 32)",6,27.0
99,Greedy,D43,"(100, 14)",6,23.0
99,Auction,D17,"(25, 84)",63,26.0
99,Auction,D18,"(41, 74)",64,22.0
99,Auction,D19,"(12, 90)",60,21.0
99,Auction,D20,"(94, 97)",58,26.0
99,Auction,D21,"(1, 68)",58,19.0
99,Auction,D22,"(2, 14)",55,27.0
99,Auction,D23,"(12, 8)",51,13.0
99,Auction,D24,"(64, 21)",56,16.0
99,Auction,D25,"(84, 25)",48,22.0
99,Auction,D26,"(2, 20)",45,25.0
99,Auction,D28,"(60, 21)",45,29.0
99,Auction,D30,"(24, 29)",42,30.0
99,Auction,D31,"(59, 38)",31,27.0
99,Auction,D32,"(37, 4)",31,29.0
99,Auction,D34,"(65, 33)",28,14.0
99,Auction,D35,"(62, 63)",22,19.0
99,Auction,D36,"(5, 4)",22,16.0
99,Auction,D37,"(67, 8)",15,10.0
99,Auction,D38,"(75, 67)",17,28.0
99,Auction,D39,"(61, 79)",15,29.0
99,Auction,D40,"(4, 43)",16,23.0
99,Auction,D41,"(21, 0)",7,18.0
99,Auction,D42,"(30, 32)",6,27.0
99,Auction,D43,"(100, 14)",6,23.0
99,Q-Learning,D17,"(25, 84)",63,26.0
99,Q-Learning,D19,"(12, 90)",60,21.0
99,Q-Learning,D20,"(94, 97)",58,26.0
99,Q-Learning,D21,"(1, 68)",58,19.0
99,Q-Learning,D22,"(2, 14)",55,27.0
99,Q-Learning,D24,"(64, 21)",56,16.0
99,Q-Learning,D25,"(84, 25)",48,22.0
99,Q-Learning,D26,"(2, 20)",45,25.0
99,Q-Learning,D28,"(60, 21)",45,29.0
99,Q-Learning,D30,"(24, 29)",42,30.0
99,Q-Learning,D31,"(59, 38)",31,27.0
99,Q-Learning,D32,"(37, 4)",31,29.0
99,Q-Learning,D33,"(85, 99)",28,12.0
99,Q-Learning,D34,"(65, 33)",28,14.0
99,Q-Learning,D35,"(62, 63)",22,19.0
99,Q-Learning,D36,"(5, 4)",22,16.0
99,Q-Learning,D38,"(75, 67)",17,28.0
99,Q-Learning,D39,"(61, 79)",15,29.0
99,Q-Learning,D40,"(4, 43)",16,23.0
99,Q-Learning,D41,"(21, 0)",7,18.0
99,Q-Learning,D42,"(30, 32)",6,27.0
99,Q-Learning,D43,"(100, 14)",6,23.0
