time_step,method,vehicle_id,position,battery,busy,remaining_duration,idle_time
0,Greedy,V1,"(5, 57)",94.0,False,0.0,1.0
0,Greedy,V2,"(16, 58)",65.0,False,0.0,1.0
0,Greedy,V3,"(71, 17)",66.0,False,0.0,1.0
0,Greedy,V4,"(41, 38)",57.0,False,0.0,1.0
0,Greedy,V5,"(49, 64)",78.0,False,0.0,1.0
0,Greedy,V6,"(69, 77)",86.0,False,0.0,1.0
0,Greedy,V7,"(26, 67)",62.0,False,0.0,1.0
0,Greedy,V8,"(33, 43)",84.0,False,0.0,1.0
0,Greedy,V9,"(18, 100)",89.0,False,0.0,1.0
0,Greedy,V10,"(23, 45)",92.0,False,0.0,1.0
0,Auction,V1,"(5, 57)",94.0,False,0.0,1.0
0,Auction,V2,"(16, 58)",65.0,False,0.0,1.0
0,Auction,V3,"(71, 17)",66.0,False,0.0,1.0
0,Auction,V4,"(41, 38)",57.0,False,0.0,1.0
0,Auction,V5,"(49, 64)",78.0,False,0.0,1.0
0,Auction,V6,"(69, 77)",86.0,False,0.0,1.0
0,Auction,V7,"(26, 67)",62.0,False,0.0,1.0
0,Auction,V8,"(33, 43)",84.0,False,0.0,1.0
0,Auction,V9,"(18, 100)",89.0,False,0.0,1.0
0,Auction,V10,"(23, 45)",92.0,False,0.0,1.0
0,Q-Learning,V1,"(5, 57)",94.0,False,0.0,1.0
0,Q-Learning,V2,"(16, 58)",65.0,False,0.0,1.0
0,Q-Learning,V3,"(71, 17)",66.0,False,0.0,1.0
0,Q-Learning,V4,"(41, 38)",57.0,False,0.0,1.0
0,Q-Learning,V5,"(49, 64)",78.0,False,0.0,1.0
0,Q-Learning,V6,"(69, 77)",86.0,False,0.0,1.0
0,Q-Learning,V7,"(26, 67)",62.0,False,0.0,1.0
0,Q-Learning,V8,"(33, 43)",84.0,False,0.0,1.0
0,Q-Learning,V9,"(18, 100)",89.0,False,0.0,1.0
0,Q-Learning,V10,"(23, 45)",92.0,False,0.0,1.0
1,Greedy,V1,"(5, 57)",63.01705528316842,True,29.982944716831586,1.0
1,Greedy,V2,"(16, 58)",41.365721231506726,True,22.634278768493278,1.0
1,Greedy,V3,"(71, 17)",36.059078255340395,True,28.9409217446596,1.0
1,Greedy,V4,"(41, 38)",27.197789624579542,True,28.802210375420458,1.0
1,Greedy,V5,"(49, 64)",51.41274710338931,True,25.58725289661069,1.0
1,Greedy,V6,"(69, 77)",61.40280858750015,True,23.59719141249985,1.0
1,Greedy,V7,"(26, 67)",34.82148869802242,True,26.17851130197758,1.0
1,Greedy,V8,"(33, 43)",60.03197822133521,True,22.96802177866479,1.0
1,Greedy,V9,"(18, 100)",62.89362137613631,True,25.10637862386369,1.0
1,Greedy,V10,"(23, 45)",69.9332417589329,True,21.0667582410671,1.0
1,Auction,V1,"(1, 16)",72.11504859312973,True,20.88495140687028,1.0
1,Auction,V2,"(32, 41)",43.16369123503563,True,20.836308764964375,1.0
1,Auction,V3,"(94, 44)",36.059078255340395,True,28.9409217446596,1.0
1,Auction,V4,"(39, 13)",42.417161084575866,True,13.58283891542413,1.0
1,Auction,V5,"(51, 82)",51.41274710338931,True,25.58725289661069,1.0
1,Auction,V6,"(64, 87)",61.40280858750015,True,23.59719141249985,1.0
1,Auction,V7,"(33, 68)",34.82148869802242,True,26.17851130197758,1.0
1,Auction,V8,"(24, 9)",55.092109912206894,True,27.907890087793106,1.0
1,Auction,V9,"(82, 65)",58.84246918344208,True,29.157530816557923,1.0
1,Auction,V10,"(11, 37)",61.59629914969067,True,29.403700850309328,1.0
1,Q-Learning,V1,"(5, 57)",94.0,False,0.0,2.0
1,Q-Learning,V2,"(16, 58)",65.0,False,0.0,2.0
1,Q-Learning,V3,"(71, 17)",66.0,False,0.0,2.0
1,Q-Learning,V4,"(41, 38)",57.0,False,0.0,2.0
1,Q-Learning,V5,"(49, 64)",78.0,False,0.0,2.0
1,Q-Learning,V6,"(64, 87)",61.40280858750015,True,23.59719141249985,1.0
1,Q-Learning,V7,"(33, 68)",34.82148869802242,True,26.17851130197758,1.0
1,Q-Learning,V8,"(32, 41)",67.75154800250002,True,15.248451997499977,1.0
1,Q-Learning,V9,"(18, 100)",89.0,False,0.0,2.0
1,Q-Learning,V10,"(11, 37)",61.59629914969067,True,29.403700850309328,1.0
2,Greedy,V1,"(5, 57)",63.01705528316842,True,28.982944716831586,1.0
2,Greedy,V2,"(16, 58)",41.365721231506726,True,21.634278768493278,1.0
2,Greedy,V3,"(71, 17)",36.059078255340395,True,27.9409217446596,1.0
2,Greedy,V4,"(41, 38)",27.197789624579542,True,27.802210375420458,1.0
2,Greedy,V5,"(49, 64)",51.41274710338931,True,24.58725289661069,1.0
2,Greedy,V6,"(69, 77)",61.40280858750015,True,22.59719141249985,1.0
2,Greedy,V7,"(26, 67)",34.82148869802242,True,25.17851130197758,1.0
2,Greedy,V8,"(33, 43)",60.03197822133521,True,21.96802177866479,1.0
2,Greedy,V9,"(18, 100)",62.89362137613631,True,24.10637862386369,1.0
2,Greedy,V10,"(23, 45)",69.9332417589329,True,20.0667582410671,1.0
2,Auction,V1,"(1, 16)",72.11504859312973,True,19.88495140687028,1.0
2,Auction,V2,"(32, 41)",43.16369123503563,True,19.836308764964375,1.0
2,Auction,V3,"(94, 44)",36.059078255340395,True,27.9409217446596,1.0
2,Auction,V4,"(39, 13)",42.417161084575866,True,12.58283891542413,1.0
2,Auction,V5,"(51, 82)",51.41274710338931,True,24.58725289661069,1.0
2,Auction,V6,"(64, 87)",61.40280858750015,True,22.59719141249985,1.0
2,Auction,V7,"(33, 68)",34.82148869802242,True,25.17851130197758,1.0
2,Auction,V8,"(24, 9)",55.092109912206894,True,26.907890087793106,1.0
2,Auction,V9,"(82, 65)",58.84246918344208,True,28.157530816557923,1.0
2,Auction,V10,"(11, 37)",61.59629914969067,True,28.403700850309328,1.0
2,Q-Learning,V1,"(1, 16)",72.11504859312973,True,20.88495140687028,2.0
2,Q-Learning,V2,"(16, 58)",65.0,False,0.0,3.0
2,Q-Learning,V3,"(24, 9)",35.70266780397324,True,29.297332196026762,2.0
2,Q-Learning,V4,"(73, 44)",22.34890840111437,True,33.65109159888563,2.0
2,Q-Learning,V5,"(49, 64)",78.0,False,0.0,3.0
2,Q-Learning,V6,"(64, 87)",61.40280858750015,True,22.59719141249985,1.0
2,Q-Learning,V7,"(33, 68)",34.82148869802242,True,25.17851130197758,1.0
2,Q-Learning,V8,"(32, 41)",67.75154800250002,True,14.248451997499977,1.0
2,Q-Learning,V9,"(18, 100)",89.0,False,0.0,3.0
2,Q-Learning,V10,"(11, 37)",61.59629914969067,True,28.403700850309328,1.0
3,Greedy,V1,"(5, 57)",63.01705528316842,True,27.982944716831586,1.0
3,Greedy,V2,"(16, 58)",41.365721231506726,True,20.634278768493278,1.0
3,Greedy,V3,"(71, 17)",36.059078255340395,True,26.9409217446596,1.0
3,Greedy,V4,"(41, 38)",27.197789624579542,True,26.802210375420458,1.0
3,Greedy,V5,"(49, 64)",51.41274710338931,True,23.58725289661069,1.0
3,Greedy,V6,"(69, 77)",61.40280858750015,True,21.59719141249985,1.0
3,Greedy,V7,"(26, 67)",34.82148869802242,True,24.17851130197758,1.0
3,Greedy,V8,"(33, 43)",60.03197822133521,True,20.96802177866479,1.0
3,Greedy,V9,"(18, 100)",62.89362137613631,True,23.10637862386369,1.0
3,Greedy,V10,"(23, 45)",69.9332417589329,True,19.0667582410671,1.0
3,Auction,V1,"(1, 16)",72.11504859312973,True,18.88495140687028,1.0
3,Auction,V2,"(32, 41)",43.16369123503563,True,18.836308764964375,1.0
3,Auction,V3,"(94, 44)",36.059078255340395,True,26.9409217446596,1.0
3,Auction,V4,"(39, 13)",42.417161084575866,True,11.58283891542413,1.0
3,Auction,V5,"(51, 82)",51.41274710338931,True,23.58725289661069,1.0
3,Auction,V6,"(64, 87)",61.40280858750015,True,21.59719141249985,1.0
3,Auction,V7,"(33, 68)",34.82148869802242,True,24.17851130197758,1.0
3,Auction,V8,"(24, 9)",55.092109912206894,True,25.907890087793106,1.0
3,Auction,V9,"(82, 65)",58.84246918344208,True,27.157530816557923,1.0
3,Auction,V10,"(11, 37)",61.59629914969067,True,27.403700850309328,1.0
3,Q-Learning,V1,"(1, 16)",72.11504859312973,True,19.88495140687028,2.0
3,Q-Learning,V2,"(16, 58)",65.0,False,0.0,4.0
3,Q-Learning,V3,"(24, 9)",35.70266780397324,True,28.297332196026762,2.0
3,Q-Learning,V4,"(73, 44)",22.34890840111437,True,32.65109159888563,2.0
3,Q-Learning,V5,"(51, 82)",51.41274710338931,True,25.58725289661069,3.0
3,Q-Learning,V6,"(64, 87)",61.40280858750015,True,21.59719141249985,1.0
3,Q-Learning,V7,"(33, 68)",34.82148869802242,True,24.17851130197758,1.0
3,Q-Learning,V8,"(32, 41)",67.75154800250002,True,13.248451997499977,1.0
3,Q-Learning,V9,"(18, 100)",89.0,False,0.0,4.0
3,Q-Learning,V10,"(11, 37)",61.59629914969067,True,27.403700850309328,1.0
4,Greedy,V1,"(5, 57)",63.01705528316842,True,26.982944716831586,1.0
4,Greedy,V2,"(16, 58)",41.365721231506726,True,19.634278768493278,1.0
4,Greedy,V3,"(71, 17)",36.059078255340395,True,25.9409217446596,1.0
4,Greedy,V4,"(41, 38)",27.197789624579542,True,25.802210375420458,1.0
4,Greedy,V5,"(49, 64)",51.41274710338931,True,22.58725289661069,1.0
4,Greedy,V6,"(69, 77)",61.40280858750015,True,20.59719141249985,1.0
4,Greedy,V7,"(26, 67)",34.82148869802242,True,23.17851130197758,1.0
4,Greedy,V8,"(33, 43)",60.03197822133521,True,19.96802177866479,1.0
4,Greedy,V9,"(18, 100)",62.89362137613631,True,22.10637862386369,1.0
4,Greedy,V10,"(23, 45)",69.9332417589329,True,18.0667582410671,1.0
4,Auction,V1,"(1, 16)",72.11504859312973,True,17.88495140687028,1.0
4,Auction,V2,"(32, 41)",43.16369123503563,True,17.836308764964375,1.0
4,Auction,V3,"(94, 44)",36.059078255340395,True,25.9409217446596,1.0
4,Auction,V4,"(39, 13)",42.417161084575866,True,10.58283891542413,1.0
4,Auction,V5,"(51, 82)",51.41274710338931,True,22.58725289661069,1.0
4,Auction,V6,"(64, 87)",61.40280858750015,True,20.59719141249985,1.0
4,Auction,V7,"(33, 68)",34.82148869802242,True,23.17851130197758,1.0
4,Auction,V8,"(24, 9)",55.092109912206894,True,24.907890087793106,1.0
4,Auction,V9,"(82, 65)",58.84246918344208,True,26.157530816557923,1.0
4,Auction,V10,"(11, 37)",61.59629914969067,True,26.403700850309328,1.0
4,Q-Learning,V1,"(1, 16)",72.11504859312973,True,18.88495140687028,2.0
4,Q-Learning,V2,"(16, 58)",65.0,False,0.0,5.0
4,Q-Learning,V3,"(24, 9)",35.70266780397324,True,27.297332196026762,2.0
4,Q-Learning,V4,"(73, 44)",22.34890840111437,True,31.65109159888563,2.0
4,Q-Learning,V5,"(51, 82)",51.41274710338931,True,24.58725289661069,3.0
4,Q-Learning,V6,"(64, 87)",61.40280858750015,True,20.59719141249985,1.0
4,Q-Learning,V7,"(33, 68)",34.82148869802242,True,23.17851130197758,1.0
4,Q-Learning,V8,"(32, 41)",67.75154800250002,True,12.248451997499977,1.0
4,Q-Learning,V9,"(43, 87)",56.30366573213154,True,31.69633426786846,4.0
4,Q-Learning,V10,"(11, 37)",61.59629914969067,True,26.403700850309328,1.0
5,Greedy,V1,"(5, 57)",63.01705528316842,True,25.982944716831586,1.0
5,Greedy,V2,"(16, 58)",41.365721231506726,True,18.634278768493278,1.0
5,Greedy,V3,"(71, 17)",36.059078255340395,True,24.9409217446596,1.0
5,Greedy,V4,"(41, 38)",27.197789624579542,True,24.802210375420458,1.0
5,Greedy,V5,"(49, 64)",51.41274710338931,True,21.58725289661069,1.0
5,Greedy,V6,"(69, 77)",61.40280858750015,True,19.59719141249985,1.0
5,Greedy,V7,"(26, 67)",34.82148869802242,True,22.17851130197758,1.0
5,Greedy,V8,"(33, 43)",60.03197822133521,True,18.96802177866479,1.0
5,Greedy,V9,"(18, 100)",62.89362137613631,True,21.10637862386369,1.0
5,Greedy,V10,"(23, 45)",69.9332417589329,True,17.0667582410671,1.0
5,Auction,V1,"(1, 16)",72.11504859312973,True,16.88495140687028,1.0
5,Auction,V2,"(32, 41)",43.16369123503563,True,16.836308764964375,1.0
5,Auction,V3,"(94, 44)",36.059078255340395,True,24.9409217446596,1.0
5,Auction,V4,"(39, 13)",42.417161084575866,True,9.58283891542413,1.0
5,Auction,V5,"(51, 82)",51.41274710338931,True,21.58725289661069,1.0
5,Auction,V6,"(64, 87)",61.40280858750015,True,19.59719141249985,1.0
5,Auction,V7,"(33, 68)",34.82148869802242,True,22.17851130197758,1.0
5,Auction,V8,"(24, 9)",55.092109912206894,True,23.907890087793106,1.0
5,Auction,V9,"(82, 65)",58.84246918344208,True,25.157530816557923,1.0
5,Auction,V10,"(11, 37)",61.59629914969067,True,25.403700850309328,1.0
5,Q-Learning,V1,"(1, 16)",72.11504859312973,True,17.88495140687028,2.0
5,Q-Learning,V2,"(94, 44)",19.18838724384105,True,44.81161275615895,5.0
5,Q-Learning,V3,"(24, 9)",35.70266780397324,True,26.297332196026762,2.0
5,Q-Learning,V4,"(73, 44)",22.34890840111437,True,30.65109159888563,2.0
5,Q-Learning,V5,"(51, 82)",51.41274710338931,True,23.58725289661069,3.0
5,Q-Learning,V6,"(64, 87)",61.40280858750015,True,19.59719141249985,1.0
5,Q-Learning,V7,"(33, 68)",34.82148869802242,True,22.17851130197758,1.0
5,Q-Learning,V8,"(32, 41)",67.75154800250002,True,11.248451997499977,1.0
5,Q-Learning,V9,"(43, 87)",56.30366573213154,True,30.69633426786846,4.0
5,Q-Learning,V10,"(11, 37)",61.59629914969067,True,25.403700850309328,1.0
6,Greedy,V1,"(5, 57)",63.01705528316842,True,24.982944716831586,1.0
6,Greedy,V2,"(16, 58)",41.365721231506726,True,17.634278768493278,1.0
6,Greedy,V3,"(71, 17)",36.059078255340395,True,23.9409217446596,1.0
6,Greedy,V4,"(41, 38)",27.197789624579542,True,23.802210375420458,1.0
6,Greedy,V5,"(49, 64)",51.41274710338931,True,20.58725289661069,1.0
6,Greedy,V6,"(69, 77)",61.40280858750015,True,18.59719141249985,1.0
6,Greedy,V7,"(26, 67)",34.82148869802242,True,21.17851130197758,1.0
6,Greedy,V8,"(33, 43)",60.03197822133521,True,17.96802177866479,1.0
6,Greedy,V9,"(18, 100)",62.89362137613631,True,20.10637862386369,1.0
6,Greedy,V10,"(23, 45)",69.9332417589329,True,16.0667582410671,1.0
6,Auction,V1,"(1, 16)",72.11504859312973,True,15.884951406870279,1.0
6,Auction,V2,"(32, 41)",43.16369123503563,True,15.836308764964375,1.0
6,Auction,V3,"(94, 44)",36.059078255340395,True,23.9409217446596,1.0
6,Auction,V4,"(39, 13)",42.417161084575866,True,8.58283891542413,1.0
6,Auction,V5,"(51, 82)",51.41274710338931,True,20.58725289661069,1.0
6,Auction,V6,"(64, 87)",61.40280858750015,True,18.59719141249985,1.0
6,Auction,V7,"(33, 68)",34.82148869802242,True,21.17851130197758,1.0
6,Auction,V8,"(24, 9)",55.092109912206894,True,22.907890087793106,1.0
6,Auction,V9,"(82, 65)",58.84246918344208,True,24.157530816557923,1.0
6,Auction,V10,"(11, 37)",61.59629914969067,True,24.403700850309328,1.0
6,Q-Learning,V1,"(1, 16)",72.11504859312973,True,16.88495140687028,2.0
6,Q-Learning,V2,"(94, 44)",19.18838724384105,True,43.81161275615895,5.0
6,Q-Learning,V3,"(24, 9)",35.70266780397324,True,25.297332196026762,2.0
6,Q-Learning,V4,"(73, 44)",22.34890840111437,True,29.65109159888563,2.0
6,Q-Learning,V5,"(51, 82)",51.41274710338931,True,22.58725289661069,3.0
6,Q-Learning,V6,"(64, 87)",61.40280858750015,True,18.59719141249985,1.0
6,Q-Learning,V7,"(33, 68)",34.82148869802242,True,21.17851130197758,1.0
6,Q-Learning,V8,"(32, 41)",67.75154800250002,True,10.248451997499977,1.0
6,Q-Learning,V9,"(43, 87)",56.30366573213154,True,29.69633426786846,4.0
6,Q-Learning,V10,"(11, 37)",61.59629914969067,True,24.403700850309328,1.0
7,Greedy,V1,"(5, 57)",63.01705528316842,True,23.982944716831586,1.0
7,Greedy,V2,"(16, 58)",41.365721231506726,True,16.634278768493278,1.0
7,Greedy,V3,"(71, 17)",36.059078255340395,True,22.9409217446596,1.0
7,Greedy,V4,"(41, 38)",27.197789624579542,True,22.802210375420458,1.0
7,Greedy,V5,"(49, 64)",51.41274710338931,True,19.58725289661069,1.0
7,Greedy,V6,"(69, 77)",61.40280858750015,True,17.59719141249985,1.0
7,Greedy,V7,"(26, 67)",34.82148869802242,True,20.17851130197758,1.0
7,Greedy,V8,"(33, 43)",60.03197822133521,True,16.96802177866479,1.0
7,Greedy,V9,"(18, 100)",62.89362137613631,True,19.10637862386369,1.0
7,Greedy,V10,"(23, 45)",69.9332417589329,True,15.066758241067099,1.0
7,Auction,V1,"(1, 16)",72.11504859312973,True,14.884951406870279,1.0
7,Auction,V2,"(32, 41)",43.16369123503563,True,14.836308764964375,1.0
7,Auction,V3,"(94, 44)",36.059078255340395,True,22.9409217446596,1.0
7,Auction,V4,"(39, 13)",42.417161084575866,True,7.58283891542413,1.0
7,Auction,V5,"(51, 82)",51.41274710338931,True,19.58725289661069,1.0
7,Auction,V6,"(64, 87)",61.40280858750015,True,17.59719141249985,1.0
7,Auction,V7,"(33, 68)",34.82148869802242,True,20.17851130197758,1.0
7,Auction,V8,"(24, 9)",55.092109912206894,True,21.907890087793106,1.0
7,Auction,V9,"(82, 65)",58.84246918344208,True,23.157530816557923,1.0
7,Auction,V10,"(11, 37)",61.59629914969067,True,23.403700850309328,1.0
7,Q-Learning,V1,"(1, 16)",72.11504859312973,True,15.884951406870279,2.0
7,Q-Learning,V2,"(94, 44)",19.18838724384105,True,42.81161275615895,5.0
7,Q-Learning,V3,"(24, 9)",35.70266780397324,True,24.297332196026762,2.0
7,Q-Learning,V4,"(73, 44)",22.34890840111437,True,28.65109159888563,2.0
7,Q-Learning,V5,"(51, 82)",51.41274710338931,True,21.58725289661069,3.0
7,Q-Learning,V6,"(64, 87)",61.40280858750015,True,17.59719141249985,1.0
7,Q-Learning,V7,"(33, 68)",34.82148869802242,True,20.17851130197758,1.0
7,Q-Learning,V8,"(32, 41)",67.75154800250002,True,9.248451997499977,1.0
7,Q-Learning,V9,"(43, 87)",56.30366573213154,True,28.69633426786846,4.0
7,Q-Learning,V10,"(11, 37)",61.59629914969067,True,23.403700850309328,1.0
8,Greedy,V1,"(5, 57)",63.01705528316842,True,22.982944716831586,1.0
8,Greedy,V2,"(16, 58)",41.365721231506726,True,15.634278768493278,1.0
8,Greedy,V3,"(71, 17)",36.059078255340395,True,21.9409217446596,1.0
8,Greedy,V4,"(41, 38)",27.197789624579542,True,21.802210375420458,1.0
8,Greedy,V5,"(49, 64)",51.41274710338931,True,18.58725289661069,1.0
8,Greedy,V6,"(69, 77)",61.40280858750015,True,16.59719141249985,1.0
8,Greedy,V7,"(26, 67)",34.82148869802242,True,19.17851130197758,1.0
8,Greedy,V8,"(33, 43)",60.03197822133521,True,15.968021778664792,1.0
8,Greedy,V9,"(18, 100)",62.89362137613631,True,18.10637862386369,1.0
8,Greedy,V10,"(23, 45)",69.9332417589329,True,14.066758241067099,1.0
8,Auction,V1,"(1, 16)",72.11504859312973,True,13.884951406870279,1.0
8,Auction,V2,"(32, 41)",43.16369123503563,True,13.836308764964375,1.0
8,Auction,V3,"(94, 44)",36.059078255340395,True,21.9409217446596,1.0
8,Auction,V4,"(39, 13)",42.417161084575866,True,6.58283891542413,1.0
8,Auction,V5,"(51, 82)",51.41274710338931,True,18.58725289661069,1.0
8,Auction,V6,"(64, 87)",61.40280858750015,True,16.59719141249985,1.0
8,Auction,V7,"(33, 68)",34.82148869802242,True,19.17851130197758,1.0
8,Auction,V8,"(24, 9)",55.092109912206894,True,20.907890087793106,1.0
8,Auction,V9,"(82, 65)",58.84246918344208,True,22.157530816557923,1.0
8,Auction,V10,"(11, 37)",61.59629914969067,True,22.403700850309328,1.0
8,Q-Learning,V1,"(1, 16)",72.11504859312973,True,14.884951406870279,2.0
8,Q-Learning,V2,"(94, 44)",19.18838724384105,True,41.81161275615895,5.0
8,Q-Learning,V3,"(24, 9)",35.70266780397324,True,23.297332196026762,2.0
8,Q-Learning,V4,"(73, 44)",22.34890840111437,True,27.65109159888563,2.0
8,Q-Learning,V5,"(51, 82)",51.41274710338931,True,20.58725289661069,3.0
8,Q-Learning,V6,"(64, 87)",61.40280858750015,True,16.59719141249985,1.0
8,Q-Learning,V7,"(33, 68)",34.82148869802242,True,19.17851130197758,1.0
8,Q-Learning,V8,"(32, 41)",67.75154800250002,True,8.248451997499977,1.0
8,Q-Learning,V9,"(43, 87)",56.30366573213154,True,27.69633426786846,4.0
8,Q-Learning,V10,"(11, 37)",61.59629914969067,True,22.403700850309328,1.0
9,Greedy,V1,"(5, 57)",63.01705528316842,True,21.982944716831586,1.0
9,Greedy,V2,"(16, 58)",41.365721231506726,True,14.634278768493278,1.0
9,Greedy,V3,"(71, 17)",36.059078255340395,True,20.9409217446596,1.0
9,Greedy,V4,"(41, 38)",27.197789624579542,True,20.802210375420458,1.0
9,Greedy,V5,"(49, 64)",51.41274710338931,True,17.58725289661069,1.0
9,Greedy,V6,"(69, 77)",61.40280858750015,True,15.59719141249985,1.0
9,Greedy,V7,"(26, 67)",34.82148869802242,True,18.17851130197758,1.0
9,Greedy,V8,"(33, 43)",60.03197822133521,True,14.968021778664792,1.0
9,Greedy,V9,"(18, 100)",62.89362137613631,True,17.10637862386369,1.0
9,Greedy,V10,"(23, 45)",69.9332417589329,True,13.066758241067099,1.0
9,Auction,V1,"(1, 16)",72.11504859312973,True,12.884951406870279,1.0
9,Auction,V2,"(32, 41)",43.16369123503563,True,12.836308764964375,1.0
9,Auction,V3,"(94, 44)",36.059078255340395,True,20.9409217446596,1.0
9,Auction,V4,"(39, 13)",42.417161084575866,True,5.58283891542413,1.0
9,Auction,V5,"(51, 82)",51.41274710338931,True,17.58725289661069,1.0
9,Auction,V6,"(64, 87)",61.40280858750015,True,15.59719141249985,1.0
9,Auction,V7,"(33, 68)",34.82148869802242,True,18.17851130197758,1.0
9,Auction,V8,"(24, 9)",55.092109912206894,True,19.907890087793106,1.0
9,Auction,V9,"(82, 65)",58.84246918344208,True,21.157530816557923,1.0
9,Auction,V10,"(11, 37)",61.59629914969067,True,21.403700850309328,1.0
9,Q-Learning,V1,"(1, 16)",72.11504859312973,True,13.884951406870279,2.0
9,Q-Learning,V2,"(94, 44)",19.18838724384105,True,40.81161275615895,5.0
9,Q-Learning,V3,"(24, 9)",35.70266780397324,True,22.297332196026762,2.0
9,Q-Learning,V4,"(73, 44)",22.34890840111437,True,26.65109159888563,2.0
9,Q-Learning,V5,"(51, 82)",51.41274710338931,True,19.58725289661069,3.0
9,Q-Learning,V6,"(64, 87)",61.40280858750015,True,15.59719141249985,1.0
9,Q-Learning,V7,"(33, 68)",34.82148869802242,True,18.17851130197758,1.0
9,Q-Learning,V8,"(32, 41)",67.75154800250002,True,7.248451997499977,1.0
9,Q-Learning,V9,"(43, 87)",56.30366573213154,True,26.69633426786846,4.0
9,Q-Learning,V10,"(11, 37)",61.59629914969067,True,21.403700850309328,1.0
10,Greedy,V1,"(5, 57)",63.01705528316842,True,20.982944716831586,1.0
10,Greedy,V2,"(16, 58)",41.365721231506726,True,13.634278768493278,1.0
10,Greedy,V3,"(71, 17)",36.059078255340395,True,19.9409217446596,1.0
10,Greedy,V4,"(41, 38)",27.197789624579542,True,19.802210375420458,1.0
10,Greedy,V5,"(49, 64)",51.41274710338931,True,16.58725289661069,1.0
10,Greedy,V6,"(69, 77)",61.40280858750015,True,14.59719141249985,1.0
10,Greedy,V7,"(26, 67)",34.82148869802242,True,17.17851130197758,1.0
10,Greedy,V8,"(33, 43)",60.03197822133521,True,13.968021778664792,1.0
10,Greedy,V9,"(18, 100)",62.89362137613631,True,16.10637862386369,1.0
10,Greedy,V10,"(23, 45)",69.9332417589329,True,12.066758241067099,1.0
10,Auction,V1,"(1, 16)",72.11504859312973,True,11.884951406870279,1.0
10,Auction,V2,"(32, 41)",43.16369123503563,True,11.836308764964375,1.0
10,Auction,V3,"(94, 44)",36.059078255340395,True,19.9409217446596,1.0
10,Auction,V4,"(39, 13)",42.417161084575866,True,4.58283891542413,1.0
10,Auction,V5,"(51, 82)",51.41274710338931,True,16.58725289661069,1.0
10,Auction,V6,"(64, 87)",61.40280858750015,True,14.59719141249985,1.0
10,Auction,V7,"(33, 68)",34.82148869802242,True,17.17851130197758,1.0
10,Auction,V8,"(24, 9)",55.092109912206894,True,18.907890087793106,1.0
10,Auction,V9,"(82, 65)",58.84246918344208,True,20.157530816557923,1.0
10,Auction,V10,"(11, 37)",61.59629914969067,True,20.403700850309328,1.0
10,Q-Learning,V1,"(1, 16)",72.11504859312973,True,12.884951406870279,2.0
10,Q-Learning,V2,"(94, 44)",19.18838724384105,True,39.81161275615895,5.0
10,Q-Learning,V3,"(24, 9)",35.70266780397324,True,21.297332196026762,2.0
10,Q-Learning,V4,"(73, 44)",22.34890840111437,True,25.65109159888563,2.0
10,Q-Learning,V5,"(51, 82)",51.41274710338931,True,18.58725289661069,3.0
10,Q-Learning,V6,"(64, 87)",61.40280858750015,True,14.59719141249985,1.0
10,Q-Learning,V7,"(33, 68)",34.82148869802242,True,17.17851130197758,1.0
10,Q-Learning,V8,"(32, 41)",67.75154800250002,True,6.248451997499977,1.0
10,Q-Learning,V9,"(43, 87)",56.30366573213154,True,25.69633426786846,4.0
10,Q-Learning,V10,"(11, 37)",61.59629914969067,True,20.403700850309328,1.0
11,Greedy,V1,"(5, 57)",63.01705528316842,True,19.982944716831586,1.0
11,Greedy,V2,"(16, 58)",41.365721231506726,True,12.634278768493278,1.0
11,Greedy,V3,"(71, 17)",36.059078255340395,True,18.9409217446596,1.0
11,Greedy,V4,"(41, 38)",27.197789624579542,True,18.802210375420458,1.0
11,Greedy,V5,"(49, 64)",51.41274710338931,True,15.58725289661069,1.0
11,Greedy,V6,"(69, 77)",61.40280858750015,True,13.59719141249985,1.0
11,Greedy,V7,"(26, 67)",34.82148869802242,True,16.17851130197758,1.0
11,Greedy,V8,"(33, 43)",60.03197822133521,True,12.968021778664792,1.0
11,Greedy,V9,"(18, 100)",62.89362137613631,True,15.10637862386369,1.0
11,Greedy,V10,"(23, 45)",69.9332417589329,True,11.066758241067099,1.0
11,Auction,V1,"(1, 16)",72.11504859312973,True,10.884951406870279,1.0
11,Auction,V2,"(32, 41)",43.16369123503563,True,10.836308764964375,1.0
11,Auction,V3,"(94, 44)",36.059078255340395,True,18.9409217446596,1.0
11,Auction,V4,"(39, 13)",42.417161084575866,True,3.58283891542413,1.0
11,Auction,V5,"(51, 82)",51.41274710338931,True,15.58725289661069,1.0
11,Auction,V6,"(64, 87)",61.40280858750015,True,13.59719141249985,1.0
11,Auction,V7,"(33, 68)",34.82148869802242,True,16.17851130197758,1.0
11,Auction,V8,"(24, 9)",55.092109912206894,True,17.907890087793106,1.0
11,Auction,V9,"(82, 65)",58.84246918344208,True,19.157530816557923,1.0
11,Auction,V10,"(11, 37)",61.59629914969067,True,19.403700850309328,1.0
11,Q-Learning,V1,"(1, 16)",72.11504859312973,True,11.884951406870279,2.0
11,Q-Learning,V2,"(94, 44)",19.18838724384105,True,38.81161275615895,5.0
11,Q-Learning,V3,"(24, 9)",35.70266780397324,True,20.297332196026762,2.0
11,Q-Learning,V4,"(73, 44)",22.34890840111437,True,24.65109159888563,2.0
11,Q-Learning,V5,"(51, 82)",51.41274710338931,True,17.58725289661069,3.0
11,Q-Learning,V6,"(64, 87)",61.40280858750015,True,13.59719141249985,1.0
11,Q-Learning,V7,"(33, 68)",34.82148869802242,True,16.17851130197758,1.0
11,Q-Learning,V8,"(32, 41)",67.75154800250002,True,5.248451997499977,1.0
11,Q-Learning,V9,"(43, 87)",56.30366573213154,True,24.69633426786846,4.0
11,Q-Learning,V10,"(11, 37)",61.59629914969067,True,19.403700850309328,1.0
12,Greedy,V1,"(5, 57)",63.01705528316842,True,18.982944716831586,1.0
12,Greedy,V2,"(16, 58)",41.365721231506726,True,11.634278768493278,1.0
12,Greedy,V3,"(71, 17)",36.059078255340395,True,17.9409217446596,1.0
12,Greedy,V4,"(41, 38)",27.197789624579542,True,17.802210375420458,1.0
12,Greedy,V5,"(49, 64)",51.41274710338931,True,14.58725289661069,1.0
12,Greedy,V6,"(69, 77)",61.40280858750015,True,12.59719141249985,1.0
12,Greedy,V7,"(26, 67)",34.82148869802242,True,15.17851130197758,1.0
12,Greedy,V8,"(33, 43)",60.03197822133521,True,11.968021778664792,1.0
12,Greedy,V9,"(18, 100)",62.89362137613631,True,14.10637862386369,1.0
12,Greedy,V10,"(23, 45)",69.9332417589329,True,10.066758241067099,1.0
12,Auction,V1,"(1, 16)",72.11504859312973,True,9.884951406870279,1.0
12,Auction,V2,"(32, 41)",43.16369123503563,True,9.836308764964375,1.0
12,Auction,V3,"(94, 44)",36.059078255340395,True,17.9409217446596,1.0
12,Auction,V4,"(39, 13)",42.417161084575866,True,2.58283891542413,1.0
12,Auction,V5,"(51, 82)",51.41274710338931,True,14.58725289661069,1.0
12,Auction,V6,"(64, 87)",61.40280858750015,True,12.59719141249985,1.0
12,Auction,V7,"(33, 68)",34.82148869802242,True,15.17851130197758,1.0
12,Auction,V8,"(24, 9)",55.092109912206894,True,16.907890087793106,1.0
12,Auction,V9,"(82, 65)",58.84246918344208,True,18.157530816557923,1.0
12,Auction,V10,"(11, 37)",61.59629914969067,True,18.403700850309328,1.0
12,Q-Learning,V1,"(1, 16)",72.11504859312973,True,10.884951406870279,2.0
12,Q-Learning,V2,"(94, 44)",19.18838724384105,True,37.81161275615895,5.0
12,Q-Learning,V3,"(24, 9)",35.70266780397324,True,19.297332196026762,2.0
12,Q-Learning,V4,"(73, 44)",22.34890840111437,True,23.65109159888563,2.0
12,Q-Learning,V5,"(51, 82)",51.41274710338931,True,16.58725289661069,3.0
12,Q-Learning,V6,"(64, 87)",61.40280858750015,True,12.59719141249985,1.0
12,Q-Learning,V7,"(33, 68)",34.82148869802242,True,15.17851130197758,1.0
12,Q-Learning,V8,"(32, 41)",67.75154800250002,True,4.248451997499977,1.0
12,Q-Learning,V9,"(43, 87)",56.30366573213154,True,23.69633426786846,4.0
12,Q-Learning,V10,"(11, 37)",61.59629914969067,True,18.403700850309328,1.0
13,Greedy,V1,"(5, 57)",63.01705528316842,True,17.982944716831586,1.0
13,Greedy,V2,"(16, 58)",41.365721231506726,True,10.634278768493278,1.0
13,Greedy,V3,"(71, 17)",36.059078255340395,True,16.9409217446596,1.0
13,Greedy,V4,"(41, 38)",27.197789624579542,True,16.802210375420458,1.0
13,Greedy,V5,"(49, 64)",51.41274710338931,True,13.58725289661069,1.0
13,Greedy,V6,"(69, 77)",61.40280858750015,True,11.59719141249985,1.0
13,Greedy,V7,"(26, 67)",34.82148869802242,True,14.17851130197758,1.0
13,Greedy,V8,"(33, 43)",60.03197822133521,True,10.968021778664792,1.0
13,Greedy,V9,"(18, 100)",62.89362137613631,True,13.10637862386369,1.0
13,Greedy,V10,"(23, 45)",69.9332417589329,True,9.066758241067099,1.0
13,Auction,V1,"(1, 16)",72.11504859312973,True,8.884951406870279,1.0
13,Auction,V2,"(32, 41)",43.16369123503563,True,8.836308764964375,1.0
13,Auction,V3,"(94, 44)",36.059078255340395,True,16.9409217446596,1.0
13,Auction,V4,"(39, 13)",42.417161084575866,True,1.58283891542413,1.0
13,Auction,V5,"(51, 82)",51.41274710338931,True,13.58725289661069,1.0
13,Auction,V6,"(64, 87)",61.40280858750015,True,11.59719141249985,1.0
13,Auction,V7,"(33, 68)",34.82148869802242,True,14.17851130197758,1.0
13,Auction,V8,"(24, 9)",55.092109912206894,True,15.907890087793106,1.0
13,Auction,V9,"(82, 65)",58.84246918344208,True,17.157530816557923,1.0
13,Auction,V10,"(11, 37)",61.59629914969067,True,17.403700850309328,1.0
13,Q-Learning,V1,"(1, 16)",72.11504859312973,True,9.884951406870279,2.0
13,Q-Learning,V2,"(94, 44)",19.18838724384105,True,36.81161275615895,5.0
13,Q-Learning,V3,"(24, 9)",35.70266780397324,True,18.297332196026762,2.0
13,Q-Learning,V4,"(73, 44)",22.34890840111437,True,22.65109159888563,2.0
13,Q-Learning,V5,"(51, 82)",51.41274710338931,True,15.58725289661069,3.0
13,Q-Learning,V6,"(64, 87)",61.40280858750015,True,11.59719141249985,1.0
13,Q-Learning,V7,"(33, 68)",34.82148869802242,True,14.17851130197758,1.0
13,Q-Learning,V8,"(32, 41)",67.75154800250002,True,3.248451997499977,1.0
13,Q-Learning,V9,"(43, 87)",56.30366573213154,True,22.69633426786846,4.0
13,Q-Learning,V10,"(11, 37)",61.59629914969067,True,17.403700850309328,1.0
14,Greedy,V1,"(5, 57)",63.01705528316842,True,16.982944716831586,1.0
14,Greedy,V2,"(16, 58)",41.365721231506726,True,9.634278768493278,1.0
14,Greedy,V3,"(71, 17)",36.059078255340395,True,15.940921744659601,1.0
14,Greedy,V4,"(41, 38)",27.197789624579542,True,15.802210375420458,1.0
14,Greedy,V5,"(49, 64)",51.41274710338931,True,12.58725289661069,1.0
14,Greedy,V6,"(69, 77)",61.40280858750015,True,10.59719141249985,1.0
14,Greedy,V7,"(26, 67)",34.82148869802242,True,13.17851130197758,1.0
14,Greedy,V8,"(33, 43)",60.03197822133521,True,9.968021778664792,1.0
14,Greedy,V9,"(18, 100)",62.89362137613631,True,12.10637862386369,1.0
14,Greedy,V10,"(23, 45)",69.9332417589329,True,8.066758241067099,1.0
14,Auction,V1,"(1, 16)",72.11504859312973,True,7.884951406870279,1.0
14,Auction,V2,"(32, 41)",43.16369123503563,True,7.836308764964375,1.0
14,Auction,V3,"(94, 44)",36.059078255340395,True,15.940921744659601,1.0
14,Auction,V4,"(39, 13)",42.417161084575866,True,0.58283891542413,1.0
14,Auction,V5,"(51, 82)",51.41274710338931,True,12.58725289661069,1.0
14,Auction,V6,"(64, 87)",61.40280858750015,True,10.59719141249985,1.0
14,Auction,V7,"(33, 68)",34.82148869802242,True,13.17851130197758,1.0
14,Auction,V8,"(24, 9)",55.092109912206894,True,14.907890087793106,1.0
14,Auction,V9,"(82, 65)",58.84246918344208,True,16.157530816557923,1.0
14,Auction,V10,"(11, 37)",61.59629914969067,True,16.403700850309328,1.0
14,Q-Learning,V1,"(1, 16)",72.11504859312973,True,8.884951406870279,2.0
14,Q-Learning,V2,"(94, 44)",19.18838724384105,True,35.81161275615895,5.0
14,Q-Learning,V3,"(24, 9)",35.70266780397324,True,17.297332196026762,2.0
14,Q-Learning,V4,"(73, 44)",22.34890840111437,True,21.65109159888563,2.0
14,Q-Learning,V5,"(51, 82)",51.41274710338931,True,14.58725289661069,3.0
14,Q-Learning,V6,"(64, 87)",61.40280858750015,True,10.59719141249985,1.0
14,Q-Learning,V7,"(33, 68)",34.82148869802242,True,13.17851130197758,1.0
14,Q-Learning,V8,"(32, 41)",67.75154800250002,True,2.248451997499977,1.0
14,Q-Learning,V9,"(43, 87)",56.30366573213154,True,21.69633426786846,4.0
14,Q-Learning,V10,"(11, 37)",61.59629914969067,True,16.403700850309328,1.0
15,Greedy,V1,"(5, 57)",63.01705528316842,True,15.982944716831586,1.0
15,Greedy,V2,"(16, 58)",41.365721231506726,True,8.634278768493278,1.0
15,Greedy,V3,"(71, 17)",36.059078255340395,True,14.940921744659601,1.0
15,Greedy,V4,"(41, 38)",27.197789624579542,True,14.802210375420458,1.0
15,Greedy,V5,"(49, 64)",51.41274710338931,True,11.58725289661069,1.0
15,Greedy,V6,"(69, 77)",61.40280858750015,True,9.59719141249985,1.0
15,Greedy,V7,"(26, 67)",34.82148869802242,True,12.17851130197758,1.0
15,Greedy,V8,"(33, 43)",60.03197822133521,True,8.968021778664792,1.0
15,Greedy,V9,"(18, 100)",62.89362137613631,True,11.10637862386369,1.0
15,Greedy,V10,"(23, 45)",69.9332417589329,True,7.066758241067099,1.0
15,Auction,V1,"(1, 16)",72.11504859312973,True,6.884951406870279,1.0
15,Auction,V2,"(32, 41)",43.16369123503563,True,6.836308764964375,1.0
15,Auction,V3,"(94, 44)",36.059078255340395,True,14.940921744659601,1.0
15,Auction,V4,"(39, 13)",42.417161084575866,True,0.0,1.0
15,Auction,V5,"(51, 82)",51.41274710338931,True,11.58725289661069,1.0
15,Auction,V6,"(64, 87)",61.40280858750015,True,9.59719141249985,1.0
15,Auction,V7,"(33, 68)",34.82148869802242,True,12.17851130197758,1.0
15,Auction,V8,"(24, 9)",55.092109912206894,True,13.907890087793106,1.0
15,Auction,V9,"(82, 65)",58.84246918344208,True,15.157530816557923,1.0
15,Auction,V10,"(11, 37)",61.59629914969067,True,15.403700850309328,1.0
15,Q-Learning,V1,"(1, 16)",72.11504859312973,True,7.884951406870279,2.0
15,Q-Learning,V2,"(94, 44)",19.18838724384105,True,34.81161275615895,5.0
15,Q-Learning,V3,"(24, 9)",35.70266780397324,True,16.297332196026762,2.0
15,Q-Learning,V4,"(73, 44)",22.34890840111437,True,20.65109159888563,2.0
15,Q-Learning,V5,"(51, 82)",51.41274710338931,True,13.58725289661069,3.0
15,Q-Learning,V6,"(64, 87)",61.40280858750015,True,9.59719141249985,1.0
15,Q-Learning,V7,"(33, 68)",34.82148869802242,True,12.17851130197758,1.0
15,Q-Learning,V8,"(32, 41)",67.75154800250002,True,1.248451997499977,1.0
15,Q-Learning,V9,"(43, 87)",56.30366573213154,True,20.69633426786846,4.0
15,Q-Learning,V10,"(11, 37)",61.59629914969067,True,15.403700850309328,1.0
16,Greedy,V1,"(5, 57)",63.01705528316842,True,14.982944716831586,1.0
16,Greedy,V2,"(16, 58)",41.365721231506726,True,7.634278768493278,1.0
16,Greedy,V3,"(71, 17)",36.059078255340395,True,13.940921744659601,1.0
16,Greedy,V4,"(41, 38)",27.197789624579542,True,13.802210375420458,1.0
16,Greedy,V5,"(49, 64)",51.41274710338931,True,10.58725289661069,1.0
16,Greedy,V6,"(69, 77)",61.40280858750015,True,8.59719141249985,1.0
16,Greedy,V7,"(26, 67)",34.82148869802242,True,11.17851130197758,1.0
16,Greedy,V8,"(33, 43)",60.03197822133521,True,7.9680217786647916,1.0
16,Greedy,V9,"(18, 100)",62.89362137613631,True,10.10637862386369,1.0
16,Greedy,V10,"(23, 45)",69.9332417589329,True,6.066758241067099,1.0
16,Auction,V1,"(1, 16)",72.11504859312973,True,5.884951406870279,1.0
16,Auction,V2,"(32, 41)",43.16369123503563,True,5.836308764964375,1.0
16,Auction,V3,"(94, 44)",36.059078255340395,True,13.940921744659601,1.0
16,Auction,V4,"(39, 14)",13.274303941718724,True,28.142857142857142,1.0
16,Auction,V5,"(51, 82)",51.41274710338931,True,10.58725289661069,1.0
16,Auction,V6,"(64, 87)",61.40280858750015,True,8.59719141249985,1.0
16,Auction,V7,"(33, 68)",34.82148869802242,True,11.17851130197758,1.0
16,Auction,V8,"(24, 9)",55.092109912206894,True,12.907890087793106,1.0
16,Auction,V9,"(82, 65)",58.84246918344208,True,14.157530816557923,1.0
16,Auction,V10,"(11, 37)",61.59629914969067,True,14.403700850309328,1.0
16,Q-Learning,V1,"(1, 16)",72.11504859312973,True,6.884951406870279,2.0
16,Q-Learning,V2,"(94, 44)",19.18838724384105,True,33.81161275615895,5.0
16,Q-Learning,V3,"(24, 9)",35.70266780397324,True,15.297332196026762,2.0
16,Q-Learning,V4,"(73, 44)",22.34890840111437,True,19.65109159888563,2.0
16,Q-Learning,V5,"(51, 82)",51.41274710338931,True,12.58725289661069,3.0
16,Q-Learning,V6,"(64, 87)",61.40280858750015,True,8.59719141249985,1.0
16,Q-Learning,V7,"(33, 68)",34.82148869802242,True,11.17851130197758,1.0
16,Q-Learning,V8,"(32, 41)",67.75154800250002,True,0.24845199749997704,1.0
16,Q-Learning,V9,"(43, 87)",56.30366573213154,True,19.69633426786846,4.0
16,Q-Learning,V10,"(11, 37)",61.59629914969067,True,14.403700850309328,1.0
17,Greedy,V1,"(5, 57)",63.01705528316842,True,13.982944716831586,1.0
17,Greedy,V2,"(16, 58)",41.365721231506726,True,6.634278768493278,1.0
17,Greedy,V3,"(71, 17)",36.059078255340395,True,12.940921744659601,1.0
17,Greedy,V4,"(41, 38)",27.197789624579542,True,12.802210375420458,1.0
17,Greedy,V5,"(49, 64)",51.41274710338931,True,9.58725289661069,1.0
17,Greedy,V6,"(69, 77)",61.40280858750015,True,7.59719141249985,1.0
17,Greedy,V7,"(26, 67)",34.82148869802242,True,10.17851130197758,1.0
17,Greedy,V8,"(33, 43)",60.03197822133521,True,6.9680217786647916,1.0
17,Greedy,V9,"(18, 100)",62.89362137613631,True,9.10637862386369,1.0
17,Greedy,V10,"(23, 45)",69.9332417589329,True,5.066758241067099,1.0
17,Auction,V1,"(1, 16)",72.11504859312973,True,4.884951406870279,1.0
17,Auction,V2,"(32, 41)",43.16369123503563,True,4.836308764964375,1.0
17,Auction,V3,"(94, 44)",36.059078255340395,True,12.940921744659601,1.0
17,Auction,V4,"(39, 14)",13.274303941718724,True,27.142857142857142,1.0
17,Auction,V5,"(51, 82)",51.41274710338931,True,9.58725289661069,1.0
17,Auction,V6,"(64, 87)",61.40280858750015,True,7.59719141249985,1.0
17,Auction,V7,"(33, 68)",34.82148869802242,True,10.17851130197758,1.0
17,Auction,V8,"(24, 9)",55.092109912206894,True,11.907890087793106,1.0
17,Auction,V9,"(82, 65)",58.84246918344208,True,13.157530816557923,1.0
17,Auction,V10,"(11, 37)",61.59629914969067,True,13.403700850309328,1.0
17,Q-Learning,V1,"(1, 16)",72.11504859312973,True,5.884951406870279,2.0
17,Q-Learning,V2,"(94, 44)",19.18838724384105,True,32.81161275615895,5.0
17,Q-Learning,V3,"(24, 9)",35.70266780397324,True,14.297332196026762,2.0
17,Q-Learning,V4,"(73, 44)",22.34890840111437,True,18.65109159888563,2.0
17,Q-Learning,V5,"(51, 82)",51.41274710338931,True,11.58725289661069,3.0
17,Q-Learning,V6,"(64, 87)",61.40280858750015,True,7.59719141249985,1.0
17,Q-Learning,V7,"(33, 68)",34.82148869802242,True,10.17851130197758,1.0
17,Q-Learning,V8,"(32, 41)",67.75154800250002,True,0.0,1.0
17,Q-Learning,V9,"(43, 87)",56.30366573213154,True,18.69633426786846,4.0
17,Q-Learning,V10,"(11, 37)",61.59629914969067,True,13.403700850309328,1.0
18,Greedy,V1,"(5, 57)",63.01705528316842,True,12.982944716831586,1.0
18,Greedy,V2,"(16, 58)",41.365721231506726,True,5.634278768493278,1.0
18,Greedy,V3,"(71, 17)",36.059078255340395,True,11.940921744659601,1.0
18,Greedy,V4,"(41, 38)",27.197789624579542,True,11.802210375420458,1.0
18,Greedy,V5,"(49, 64)",51.41274710338931,True,8.58725289661069,1.0
18,Greedy,V6,"(69, 77)",61.40280858750015,True,6.59719141249985,1.0
18,Greedy,V7,"(26, 67)",34.82148869802242,True,9.17851130197758,1.0
18,Greedy,V8,"(33, 43)",60.03197822133521,True,5.9680217786647916,1.0
18,Greedy,V9,"(18, 100)",62.89362137613631,True,8.10637862386369,1.0
18,Greedy,V10,"(23, 45)",69.9332417589329,True,4.066758241067099,1.0
18,Auction,V1,"(1, 16)",72.11504859312973,True,3.884951406870279,1.0
18,Auction,V2,"(32, 41)",43.16369123503563,True,3.8363087649643752,1.0
18,Auction,V3,"(94, 44)",36.059078255340395,True,11.940921744659601,1.0
18,Auction,V4,"(39, 14)",13.274303941718724,True,26.142857142857142,1.0
18,Auction,V5,"(51, 82)",51.41274710338931,True,8.58725289661069,1.0
18,Auction,V6,"(64, 87)",61.40280858750015,True,6.59719141249985,1.0
18,Auction,V7,"(33, 68)",34.82148869802242,True,9.17851130197758,1.0
18,Auction,V8,"(24, 9)",55.092109912206894,True,10.907890087793106,1.0
18,Auction,V9,"(82, 65)",58.84246918344208,True,12.157530816557923,1.0
18,Auction,V10,"(11, 37)",61.59629914969067,True,12.403700850309328,1.0
18,Q-Learning,V1,"(1, 16)",72.11504859312973,True,4.884951406870279,2.0
18,Q-Learning,V2,"(94, 44)",19.18838724384105,True,31.81161275615895,5.0
18,Q-Learning,V3,"(24, 9)",35.70266780397324,True,13.297332196026762,2.0
18,Q-Learning,V4,"(73, 44)",22.34890840111437,True,17.65109159888563,2.0
18,Q-Learning,V5,"(51, 82)",51.41274710338931,True,10.58725289661069,3.0
18,Q-Learning,V6,"(64, 87)",61.40280858750015,True,6.59719141249985,1.0
18,Q-Learning,V7,"(33, 68)",34.82148869802242,True,9.17851130197758,1.0
18,Q-Learning,V8,"(82, 65)",43.58913705856133,True,23.16241094393869,1.0
18,Q-Learning,V9,"(43, 87)",56.30366573213154,True,17.69633426786846,4.0
18,Q-Learning,V10,"(11, 37)",61.59629914969067,True,12.403700850309328,1.0
19,Greedy,V1,"(5, 57)",63.01705528316842,True,11.982944716831586,1.0
19,Greedy,V2,"(16, 58)",41.365721231506726,True,4.634278768493278,1.0
19,Greedy,V3,"(71, 17)",36.059078255340395,True,10.940921744659601,1.0
19,Greedy,V4,"(41, 38)",27.197789624579542,True,10.802210375420458,1.0
19,Greedy,V5,"(49, 64)",51.41274710338931,True,7.587252896610689,1.0
19,Greedy,V6,"(69, 77)",61.40280858750015,True,5.59719141249985,1.0
19,Greedy,V7,"(26, 67)",34.82148869802242,True,8.17851130197758,1.0
19,Greedy,V8,"(33, 43)",60.03197822133521,True,4.9680217786647916,1.0
19,Greedy,V9,"(18, 100)",62.89362137613631,True,7.106378623863691,1.0
19,Greedy,V10,"(23, 45)",69.9332417589329,True,3.066758241067099,1.0
19,Auction,V1,"(1, 16)",72.11504859312973,True,2.884951406870279,1.0
19,Auction,V2,"(32, 41)",43.16369123503563,True,2.8363087649643752,1.0
19,Auction,V3,"(94, 44)",36.059078255340395,True,10.940921744659601,1.0
19,Auction,V4,"(39, 14)",13.274303941718724,True,25.142857142857142,1.0
19,Auction,V5,"(51, 82)",51.41274710338931,True,7.587252896610689,1.0
19,Auction,V6,"(64, 87)",61.40280858750015,True,5.59719141249985,1.0
19,Auction,V7,"(33, 68)",34.82148869802242,True,8.17851130197758,1.0
19,Auction,V8,"(24, 9)",55.092109912206894,True,9.907890087793106,1.0
19,Auction,V9,"(82, 65)",58.84246918344208,True,11.157530816557923,1.0
19,Auction,V10,"(11, 37)",61.59629914969067,True,11.403700850309328,1.0
19,Q-Learning,V1,"(1, 16)",72.11504859312973,True,3.884951406870279,2.0
19,Q-Learning,V2,"(94, 44)",19.18838724384105,True,30.81161275615895,5.0
19,Q-Learning,V3,"(24, 9)",35.70266780397324,True,12.297332196026762,2.0
19,Q-Learning,V4,"(73, 44)",22.34890840111437,True,16.65109159888563,2.0
19,Q-Learning,V5,"(51, 82)",51.41274710338931,True,9.58725289661069,3.0
19,Q-Learning,V6,"(64, 87)",61.40280858750015,True,5.59719141249985,1.0
19,Q-Learning,V7,"(33, 68)",34.82148869802242,True,8.17851130197758,1.0
19,Q-Learning,V8,"(82, 65)",43.58913705856133,True,22.16241094393869,1.0
19,Q-Learning,V9,"(43, 87)",56.30366573213154,True,16.69633426786846,4.0
19,Q-Learning,V10,"(11, 37)",61.59629914969067,True,11.403700850309328,1.0
20,Greedy,V1,"(5, 57)",63.01705528316842,True,10.982944716831586,1.0
20,Greedy,V2,"(16, 58)",41.365721231506726,True,3.634278768493278,1.0
20,Greedy,V3,"(71, 17)",36.059078255340395,True,9.940921744659601,1.0
20,Greedy,V4,"(41, 38)",27.197789624579542,True,9.802210375420458,1.0
20,Greedy,V5,"(49, 64)",51.41274710338931,True,6.587252896610689,1.0
20,Greedy,V6,"(69, 77)",61.40280858750015,True,4.59719141249985,1.0
20,Greedy,V7,"(26, 67)",34.82148869802242,True,7.178511301977579,1.0
20,Greedy,V8,"(33, 43)",60.03197822133521,True,3.9680217786647916,1.0
20,Greedy,V9,"(18, 100)",62.89362137613631,True,6.106378623863691,1.0
20,Greedy,V10,"(23, 45)",69.9332417589329,True,2.066758241067099,1.0
20,Auction,V1,"(1, 16)",72.11504859312973,True,1.8849514068702788,1.0
20,Auction,V2,"(32, 41)",43.16369123503563,True,1.8363087649643752,1.0
20,Auction,V3,"(94, 44)",36.059078255340395,True,9.940921744659601,1.0
20,Auction,V4,"(39, 14)",13.274303941718724,True,24.142857142857142,1.0
20,Auction,V5,"(51, 82)",51.41274710338931,True,6.587252896610689,1.0
20,Auction,V6,"(64, 87)",61.40280858750015,True,4.59719141249985,1.0
20,Auction,V7,"(33, 68)",34.82148869802242,True,7.178511301977579,1.0
20,Auction,V8,"(24, 9)",55.092109912206894,True,8.907890087793106,1.0
20,Auction,V9,"(82, 65)",58.84246918344208,True,10.157530816557923,1.0
20,Auction,V10,"(11, 37)",61.59629914969067,True,10.403700850309328,1.0
20,Q-Learning,V1,"(1, 16)",72.11504859312973,True,2.884951406870279,2.0
20,Q-Learning,V2,"(94, 44)",19.18838724384105,True,29.81161275615895,5.0
20,Q-Learning,V3,"(24, 9)",35.70266780397324,True,11.297332196026762,2.0
20,Q-Learning,V4,"(73, 44)",22.34890840111437,True,15.651091598885628,2.0
20,Q-Learning,V5,"(51, 82)",51.41274710338931,True,8.58725289661069,3.0
20,Q-Learning,V6,"(64, 87)",61.40280858750015,True,4.59719141249985,1.0
20,Q-Learning,V7,"(33, 68)",34.82148869802242,True,7.178511301977579,1.0
20,Q-Learning,V8,"(82, 65)",43.58913705856133,True,21.16241094393869,1.0
20,Q-Learning,V9,"(43, 87)",56.30366573213154,True,15.696334267868458,4.0
20,Q-Learning,V10,"(11, 37)",61.59629914969067,True,10.403700850309328,1.0
21,Greedy,V1,"(5, 57)",63.01705528316842,True,9.982944716831586,1.0
21,Greedy,V2,"(16, 58)",41.365721231506726,True,2.634278768493278,1.0
21,Greedy,V3,"(71, 17)",36.059078255340395,True,8.940921744659601,1.0
21,Greedy,V4,"(41, 38)",27.197789624579542,True,8.802210375420458,1.0
21,Greedy,V5,"(49, 64)",51.41274710338931,True,5.587252896610689,1.0
21,Greedy,V6,"(69, 77)",61.40280858750015,True,3.59719141249985,1.0
21,Greedy,V7,"(26, 67)",34.82148869802242,True,6.178511301977579,1.0
21,Greedy,V8,"(33, 43)",60.03197822133521,True,2.9680217786647916,1.0
21,Greedy,V9,"(18, 100)",62.89362137613631,True,5.106378623863691,1.0
21,Greedy,V10,"(23, 45)",69.9332417589329,True,1.0667582410670988,1.0
21,Auction,V1,"(1, 16)",72.11504859312973,True,0.8849514068702788,1.0
21,Auction,V2,"(32, 41)",43.16369123503563,True,0.8363087649643752,1.0
21,Auction,V3,"(94, 44)",36.059078255340395,True,8.940921744659601,1.0
21,Auction,V4,"(39, 14)",13.274303941718724,True,23.142857142857142,1.0
21,Auction,V5,"(51, 82)",51.41274710338931,True,5.587252896610689,1.0
21,Auction,V6,"(64, 87)",61.40280858750015,True,3.59719141249985,1.0
21,Auction,V7,"(33, 68)",34.82148869802242,True,6.178511301977579,1.0
21,Auction,V8,"(24, 9)",55.092109912206894,True,7.907890087793106,1.0
21,Auction,V9,"(82, 65)",58.84246918344208,True,9.157530816557923,1.0
21,Auction,V10,"(11, 37)",61.59629914969067,True,9.403700850309328,1.0
21,Q-Learning,V1,"(1, 16)",72.11504859312973,True,1.8849514068702788,2.0
21,Q-Learning,V2,"(94, 44)",19.18838724384105,True,28.81161275615895,5.0
21,Q-Learning,V3,"(24, 9)",35.70266780397324,True,10.297332196026762,2.0
21,Q-Learning,V4,"(73, 44)",22.34890840111437,True,14.651091598885628,2.0
21,Q-Learning,V5,"(51, 82)",51.41274710338931,True,7.587252896610689,3.0
21,Q-Learning,V6,"(64, 87)",61.40280858750015,True,3.59719141249985,1.0
21,Q-Learning,V7,"(33, 68)",34.82148869802242,True,6.178511301977579,1.0
21,Q-Learning,V8,"(82, 65)",43.58913705856133,True,20.16241094393869,1.0
21,Q-Learning,V9,"(43, 87)",56.30366573213154,True,14.696334267868458,4.0
21,Q-Learning,V10,"(11, 37)",61.59629914969067,True,9.403700850309328,1.0
22,Greedy,V1,"(5, 57)",63.01705528316842,True,8.982944716831586,1.0
22,Greedy,V2,"(16, 58)",41.365721231506726,True,1.634278768493278,1.0
22,Greedy,V3,"(71, 17)",36.059078255340395,True,7.940921744659601,1.0
22,Greedy,V4,"(41, 38)",27.197789624579542,True,7.802210375420458,1.0
22,Greedy,V5,"(49, 64)",51.41274710338931,True,4.587252896610689,1.0
22,Greedy,V6,"(69, 77)",61.40280858750015,True,2.59719141249985,1.0
22,Greedy,V7,"(26, 67)",34.82148869802242,True,5.178511301977579,1.0
22,Greedy,V8,"(33, 43)",60.03197822133521,True,1.9680217786647916,1.0
22,Greedy,V9,"(18, 100)",62.89362137613631,True,4.106378623863691,1.0
22,Greedy,V10,"(23, 45)",69.9332417589329,True,0.06675824106709882,1.0
22,Auction,V1,"(1, 16)",72.11504859312973,True,0.0,1.0
22,Auction,V2,"(32, 41)",43.16369123503563,True,0.0,1.0
22,Auction,V3,"(94, 44)",36.059078255340395,True,7.940921744659601,1.0
22,Auction,V4,"(39, 14)",13.274303941718724,True,22.142857142857142,1.0
22,Auction,V5,"(51, 82)",51.41274710338931,True,4.587252896610689,1.0
22,Auction,V6,"(64, 87)",61.40280858750015,True,2.59719141249985,1.0
22,Auction,V7,"(33, 68)",34.82148869802242,True,5.178511301977579,1.0
22,Auction,V8,"(24, 9)",55.092109912206894,True,6.907890087793106,1.0
22,Auction,V9,"(82, 65)",58.84246918344208,True,8.157530816557923,1.0
22,Auction,V10,"(11, 37)",61.59629914969067,True,8.403700850309328,1.0
22,Q-Learning,V1,"(1, 16)",72.11504859312973,True,0.8849514068702788,2.0
22,Q-Learning,V2,"(94, 44)",19.18838724384105,True,27.81161275615895,5.0
22,Q-Learning,V3,"(24, 9)",35.70266780397324,True,9.297332196026762,2.0
22,Q-Learning,V4,"(73, 44)",22.34890840111437,True,13.651091598885628,2.0
22,Q-Learning,V5,"(51, 82)",51.41274710338931,True,6.587252896610689,3.0
22,Q-Learning,V6,"(64, 87)",61.40280858750015,True,2.59719141249985,1.0
22,Q-Learning,V7,"(33, 68)",34.82148869802242,True,5.178511301977579,1.0
22,Q-Learning,V8,"(82, 65)",43.58913705856133,True,19.16241094393869,1.0
22,Q-Learning,V9,"(43, 87)",56.30366573213154,True,13.696334267868458,4.0
22,Q-Learning,V10,"(11, 37)",61.59629914969067,True,8.403700850309328,1.0
23,Greedy,V1,"(5, 57)",63.01705528316842,True,7.982944716831586,1.0
23,Greedy,V2,"(16, 58)",41.365721231506726,True,0.634278768493278,1.0
23,Greedy,V3,"(71, 17)",36.059078255340395,True,6.940921744659601,1.0
23,Greedy,V4,"(41, 38)",27.197789624579542,True,6.802210375420458,1.0
23,Greedy,V5,"(49, 64)",51.41274710338931,True,3.587252896610689,1.0
23,Greedy,V6,"(69, 77)",61.40280858750015,True,1.5971914124998499,1.0
23,Greedy,V7,"(26, 67)",34.82148869802242,True,4.178511301977579,1.0
23,Greedy,V8,"(33, 43)",60.03197822133521,True,0.9680217786647916,1.0
23,Greedy,V9,"(18, 100)",62.89362137613631,True,3.106378623863691,1.0
23,Greedy,V10,"(23, 45)",69.9332417589329,True,0.0,1.0
23,Auction,V1,"(43, 87)",32.330416608192394,True,38.784631984937334,1.0
23,Auction,V2,"(73, 44)",2.886288839488394,True,39.277402395547234,1.0
23,Auction,V3,"(94, 44)",36.059078255340395,True,6.940921744659601,1.0
23,Auction,V4,"(39, 14)",13.274303941718724,True,21.142857142857142,1.0
23,Auction,V5,"(51, 82)",51.41274710338931,True,3.587252896610689,1.0
23,Auction,V6,"(64, 87)",61.40280858750015,True,1.5971914124998499,1.0
23,Auction,V7,"(33, 68)",34.82148869802242,True,4.178511301977579,1.0
23,Auction,V8,"(24, 9)",55.092109912206894,True,5.907890087793106,1.0
23,Auction,V9,"(82, 65)",58.84246918344208,True,7.157530816557923,1.0
23,Auction,V10,"(11, 37)",61.59629914969067,True,7.403700850309328,1.0
23,Q-Learning,V1,"(1, 16)",72.11504859312973,True,0.0,2.0
23,Q-Learning,V2,"(94, 44)",19.18838724384105,True,26.81161275615895,5.0
23,Q-Learning,V3,"(24, 9)",35.70266780397324,True,8.297332196026762,2.0
23,Q-Learning,V4,"(73, 44)",22.34890840111437,True,12.651091598885628,2.0
23,Q-Learning,V5,"(51, 82)",51.41274710338931,True,5.587252896610689,3.0
23,Q-Learning,V6,"(64, 87)",61.40280858750015,True,1.5971914124998499,1.0
23,Q-Learning,V7,"(33, 68)",34.82148869802242,True,4.178511301977579,1.0
23,Q-Learning,V8,"(82, 65)",43.58913705856133,True,18.16241094393869,1.0
23,Q-Learning,V9,"(43, 87)",56.30366573213154,True,12.696334267868458,4.0
23,Q-Learning,V10,"(11, 37)",61.59629914969067,True,7.403700850309328,1.0
24,Greedy,V1,"(5, 57)",63.01705528316842,True,6.982944716831586,1.0
24,Greedy,V2,"(16, 58)",41.365721231506726,True,0.0,1.0
24,Greedy,V3,"(71, 17)",36.059078255340395,True,5.940921744659601,1.0
24,Greedy,V4,"(41, 38)",27.197789624579542,True,5.802210375420458,1.0
24,Greedy,V5,"(49, 64)",51.41274710338931,True,2.587252896610689,1.0
24,Greedy,V6,"(69, 77)",61.40280858750015,True,0.5971914124998499,1.0
24,Greedy,V7,"(26, 67)",34.82148869802242,True,3.1785113019775793,1.0
24,Greedy,V8,"(33, 43)",60.03197822133521,True,0.0,1.0
24,Greedy,V9,"(18, 100)",62.89362137613631,True,2.106378623863691,1.0
24,Greedy,V10,"(23, 45)",34.18010619252422,True,34.75313556640867,1.0
24,Auction,V1,"(43, 87)",32.330416608192394,True,37.784631984937334,1.0
24,Auction,V2,"(73, 44)",2.886288839488394,True,38.277402395547234,1.0
24,Auction,V3,"(94, 44)",36.059078255340395,True,5.940921744659601,1.0
24,Auction,V4,"(39, 14)",13.274303941718724,True,20.142857142857142,1.0
24,Auction,V5,"(51, 82)",51.41274710338931,True,2.587252896610689,1.0
24,Auction,V6,"(64, 87)",61.40280858750015,True,0.5971914124998499,1.0
24,Auction,V7,"(33, 68)",34.82148869802242,True,3.1785113019775793,1.0
24,Auction,V8,"(24, 9)",55.092109912206894,True,4.907890087793106,1.0
24,Auction,V9,"(82, 65)",58.84246918344208,True,6.157530816557923,1.0
24,Auction,V10,"(11, 37)",61.59629914969067,True,6.403700850309328,1.0
24,Q-Learning,V1,"(39, 13)",55.66958614954518,True,15.445462443584546,2.0
24,Q-Learning,V2,"(94, 44)",19.18838724384105,True,25.81161275615895,5.0
24,Q-Learning,V3,"(24, 9)",35.70266780397324,True,7.297332196026762,2.0
24,Q-Learning,V4,"(73, 44)",22.34890840111437,True,11.651091598885628,2.0
24,Q-Learning,V5,"(51, 82)",51.41274710338931,True,4.587252896610689,3.0
24,Q-Learning,V6,"(64, 87)",61.40280858750015,True,0.5971914124998499,1.0
24,Q-Learning,V7,"(33, 68)",34.82148869802242,True,3.1785113019775793,1.0
24,Q-Learning,V8,"(82, 65)",43.58913705856133,True,17.16241094393869,1.0
24,Q-Learning,V9,"(43, 87)",56.30366573213154,True,11.696334267868458,4.0
24,Q-Learning,V10,"(11, 37)",61.59629914969067,True,6.403700850309328,1.0
25,Greedy,V1,"(5, 57)",63.01705528316842,True,5.982944716831586,1.0
25,Greedy,V2,"(16, 58)",6.3639852041120335,True,34.00173602739469,1.0
25,Greedy,V3,"(71, 17)",36.059078255340395,True,4.940921744659601,1.0
25,Greedy,V4,"(41, 38)",27.197789624579542,True,4.802210375420458,1.0
25,Greedy,V5,"(49, 64)",51.41274710338931,True,1.5872528966106891,1.0
25,Greedy,V6,"(69, 77)",61.40280858750015,True,0.0,1.0
25,Greedy,V7,"(26, 67)",34.82148869802242,True,2.1785113019775793,1.0
25,Greedy,V8,"(33, 43)",25.586145104947974,True,33.445833116387234,1.0
25,Greedy,V9,"(18, 100)",62.89362137613631,True,1.1063786238636908,1.0
25,Greedy,V10,"(23, 45)",34.18010619252422,True,33.75313556640867,1.0
25,Auction,V1,"(43, 87)",32.330416608192394,True,36.784631984937334,1.0
25,Auction,V2,"(73, 44)",2.886288839488394,True,37.277402395547234,1.0
25,Auction,V3,"(94, 44)",36.059078255340395,True,4.940921744659601,1.0
25,Auction,V4,"(39, 14)",13.274303941718724,True,19.142857142857142,1.0
25,Auction,V5,"(51, 82)",51.41274710338931,True,1.5872528966106891,1.0
25,Auction,V6,"(64, 87)",61.40280858750015,True,0.0,1.0
25,Auction,V7,"(33, 68)",34.82148869802242,True,2.1785113019775793,1.0
25,Auction,V8,"(24, 9)",55.092109912206894,True,3.907890087793106,1.0
25,Auction,V9,"(82, 65)",58.84246918344208,True,5.157530816557923,1.0
25,Auction,V10,"(11, 37)",61.59629914969067,True,5.403700850309328,1.0
25,Q-Learning,V1,"(39, 13)",55.66958614954518,True,14.445462443584546,2.0
25,Q-Learning,V2,"(94, 44)",19.18838724384105,True,24.81161275615895,5.0
25,Q-Learning,V3,"(24, 9)",35.70266780397324,True,6.297332196026762,2.0
25,Q-Learning,V4,"(73, 44)",22.34890840111437,True,10.651091598885628,2.0
25,Q-Learning,V5,"(51, 82)",51.41274710338931,True,3.587252896610689,3.0
25,Q-Learning,V6,"(64, 87)",61.40280858750015,True,0.0,1.0
25,Q-Learning,V7,"(33, 68)",34.82148869802242,True,2.1785113019775793,1.0
25,Q-Learning,V8,"(82, 65)",43.58913705856133,True,16.16241094393869,1.0
25,Q-Learning,V9,"(43, 87)",56.30366573213154,True,10.696334267868458,4.0
25,Q-Learning,V10,"(11, 37)",61.59629914969067,True,5.403700850309328,1.0
26,Greedy,V1,"(5, 57)",63.01705528316842,True,4.982944716831586,1.0
26,Greedy,V2,"(16, 58)",6.3639852041120335,True,33.00173602739469,1.0
26,Greedy,V3,"(71, 17)",36.059078255340395,True,3.940921744659601,1.0
26,Greedy,V4,"(41, 38)",27.197789624579542,True,3.802210375420458,1.0
26,Greedy,V5,"(49, 64)",51.41274710338931,True,0.5872528966106891,1.0
26,Greedy,V6,"(69, 77)",22.434491430688993,True,37.96831715681115,1.0
26,Greedy,V7,"(26, 67)",34.82148869802242,True,1.1785113019775793,1.0
26,Greedy,V8,"(33, 43)",25.586145104947974,True,32.445833116387234,1.0
26,Greedy,V9,"(18, 100)",62.89362137613631,True,0.10637862386369079,1.0
26,Greedy,V10,"(23, 45)",34.18010619252422,True,32.75313556640867,1.0
26,Auction,V1,"(43, 87)",32.330416608192394,True,35.784631984937334,1.0
26,Auction,V2,"(73, 44)",2.886288839488394,True,36.277402395547234,1.0
26,Auction,V3,"(94, 44)",36.059078255340395,True,3.940921744659601,1.0
26,Auction,V4,"(39, 14)",13.274303941718724,True,18.142857142857142,1.0
26,Auction,V5,"(51, 82)",51.41274710338931,True,0.5872528966106891,1.0
26,Auction,V6,"(88, 59)",39.13449746904707,True,21.268311118453077,1.0
26,Auction,V7,"(33, 68)",34.82148869802242,True,1.1785113019775793,1.0
26,Auction,V8,"(24, 9)",55.092109912206894,True,2.907890087793106,1.0
26,Auction,V9,"(82, 65)",58.84246918344208,True,4.157530816557923,1.0
26,Auction,V10,"(11, 37)",61.59629914969067,True,4.403700850309328,1.0
26,Q-Learning,V1,"(39, 13)",55.66958614954518,True,13.445462443584546,2.0
26,Q-Learning,V2,"(94, 44)",19.18838724384105,True,23.81161275615895,5.0
26,Q-Learning,V3,"(24, 9)",35.70266780397324,True,5.297332196026762,2.0
26,Q-Learning,V4,"(73, 44)",22.34890840111437,True,9.651091598885628,2.0
26,Q-Learning,V5,"(51, 82)",51.41274710338931,True,2.587252896610689,3.0
26,Q-Learning,V6,"(67, 39)",24.53228592669383,True,35.870522660806316,1.0
26,Q-Learning,V7,"(33, 68)",34.82148869802242,True,1.1785113019775793,1.0
26,Q-Learning,V8,"(82, 65)",43.58913705856133,True,15.162410943938688,1.0
26,Q-Learning,V9,"(43, 87)",56.30366573213154,True,9.696334267868458,4.0
26,Q-Learning,V10,"(11, 37)",61.59629914969067,True,4.403700850309328,1.0
27,Greedy,V1,"(5, 57)",63.01705528316842,True,3.982944716831586,1.0
27,Greedy,V2,"(16, 58)",6.3639852041120335,True,32.00173602739469,1.0
27,Greedy,V3,"(71, 17)",36.059078255340395,True,2.940921744659601,1.0
27,Greedy,V4,"(41, 38)",27.197789624579542,True,2.802210375420458,1.0
27,Greedy,V5,"(49, 64)",51.41274710338931,True,0.0,1.0
27,Greedy,V6,"(69, 77)",22.434491430688993,True,36.96831715681115,1.0
27,Greedy,V7,"(26, 67)",34.82148869802242,True,0.17851130197757925,1.0
27,Greedy,V8,"(33, 43)",25.586145104947974,True,31.445833116387234,1.0
27,Greedy,V9,"(18, 100)",62.89362137613631,True,0.0,1.0
27,Greedy,V10,"(23, 45)",34.18010619252422,True,31.753135566408673,1.0
27,Auction,V1,"(43, 87)",32.330416608192394,True,34.784631984937334,1.0
27,Auction,V2,"(73, 44)",2.886288839488394,True,35.277402395547234,1.0
27,Auction,V3,"(94, 44)",36.059078255340395,True,2.940921744659601,1.0
27,Auction,V4,"(39, 14)",13.274303941718724,True,17.142857142857142,1.0
27,Auction,V5,"(51, 82)",51.41274710338931,True,0.0,1.0
27,Auction,V6,"(88, 59)",39.13449746904707,True,20.268311118453077,1.0
27,Auction,V7,"(33, 68)",34.82148869802242,True,0.17851130197757925,1.0
27,Auction,V8,"(24, 9)",55.092109912206894,True,1.9078900877931062,1.0
27,Auction,V9,"(82, 65)",58.84246918344208,True,3.157530816557923,1.0
27,Auction,V10,"(11, 37)",61.59629914969067,True,3.4037008503093276,1.0
27,Q-Learning,V1,"(39, 13)",55.66958614954518,True,12.445462443584546,2.0
27,Q-Learning,V2,"(94, 44)",19.18838724384105,True,22.81161275615895,5.0
27,Q-Learning,V3,"(24, 9)",35.70266780397324,True,4.297332196026762,2.0
27,Q-Learning,V4,"(73, 44)",22.34890840111437,True,8.651091598885628,2.0
27,Q-Learning,V5,"(51, 82)",51.41274710338931,True,1.5872528966106891,3.0
27,Q-Learning,V6,"(67, 39)",24.53228592669383,True,34.870522660806316,1.0
27,Q-Learning,V7,"(33, 68)",34.82148869802242,True,0.17851130197757925,1.0
27,Q-Learning,V8,"(82, 65)",43.58913705856133,True,14.162410943938688,1.0
27,Q-Learning,V9,"(43, 87)",56.30366573213154,True,8.696334267868458,4.0
27,Q-Learning,V10,"(11, 37)",61.59629914969067,True,3.4037008503093276,1.0
28,Greedy,V1,"(5, 57)",63.01705528316842,True,2.982944716831586,1.0
28,Greedy,V2,"(16, 58)",6.3639852041120335,True,31.001736027394692,1.0
28,Greedy,V3,"(71, 17)",36.059078255340395,True,1.940921744659601,1.0
28,Greedy,V4,"(41, 38)",27.197789624579542,True,1.802210375420458,1.0
28,Greedy,V5,"(49, 64)",26.40691862610975,True,24.005828477279557,1.0
28,Greedy,V6,"(69, 77)",22.434491430688993,True,35.96831715681115,1.0
28,Greedy,V7,"(26, 67)",34.82148869802242,True,0.0,1.0
28,Greedy,V8,"(33, 43)",25.586145104947974,True,30.445833116387234,1.0
28,Greedy,V9,"(18, 100)",28.884695650014407,True,33.0089257261219,1.0
28,Greedy,V10,"(23, 45)",34.18010619252422,True,30.753135566408673,1.0
28,Auction,V1,"(43, 87)",32.330416608192394,True,33.784631984937334,1.0
28,Auction,V2,"(73, 44)",2.886288839488394,True,34.277402395547234,1.0
28,Auction,V3,"(94, 44)",36.059078255340395,True,1.940921744659601,1.0
28,Auction,V4,"(39, 14)",13.274303941718724,True,16.142857142857142,1.0
28,Auction,V5,"(20, 82)",19.984175674817877,True,30.42857142857143,1.0
28,Auction,V6,"(88, 59)",39.13449746904707,True,19.268311118453077,1.0
28,Auction,V7,"(33, 68)",34.82148869802242,True,0.0,1.0
28,Auction,V8,"(24, 9)",55.092109912206894,True,0.9078900877931062,1.0
28,Auction,V9,"(82, 65)",58.84246918344208,True,2.157530816557923,1.0
28,Auction,V10,"(11, 37)",61.59629914969067,True,2.4037008503093276,1.0
28,Q-Learning,V1,"(39, 13)",55.66958614954518,True,11.445462443584546,2.0
28,Q-Learning,V2,"(94, 44)",19.18838724384105,True,21.81161275615895,5.0
28,Q-Learning,V3,"(24, 9)",35.70266780397324,True,3.297332196026762,2.0
28,Q-Learning,V4,"(73, 44)",22.34890840111437,True,7.651091598885628,2.0
28,Q-Learning,V5,"(51, 82)",51.41274710338931,True,0.5872528966106891,3.0
28,Q-Learning,V6,"(67, 39)",24.53228592669383,True,33.870522660806316,1.0
28,Q-Learning,V7,"(33, 68)",34.82148869802242,True,0.0,1.0
28,Q-Learning,V8,"(82, 65)",43.58913705856133,True,13.162410943938688,1.0
28,Q-Learning,V9,"(43, 87)",56.30366573213154,True,7.696334267868458,4.0
28,Q-Learning,V10,"(11, 37)",61.59629914969067,True,2.4037008503093276,1.0
29,Greedy,V1,"(5, 57)",63.01705528316842,True,1.982944716831586,1.0
29,Greedy,V2,"(16, 58)",6.3639852041120335,True,30.001736027394692,1.0
29,Greedy,V3,"(71, 17)",36.059078255340395,True,0.940921744659601,1.0
29,Greedy,V4,"(41, 38)",27.197789624579542,True,0.8022103754204579,1.0
29,Greedy,V5,"(49, 64)",26.40691862610975,True,23.005828477279557,1.0
29,Greedy,V6,"(69, 77)",22.434491430688993,True,34.96831715681115,1.0
29,Greedy,V7,"(26, 67)",5.12890629445517,True,28.69258240356725,1.0
29,Greedy,V8,"(33, 43)",25.586145104947974,True,29.445833116387234,1.0
29,Greedy,V9,"(18, 100)",28.884695650014407,True,32.0089257261219,1.0
29,Greedy,V10,"(23, 45)",34.18010619252422,True,29.753135566408673,1.0
29,Auction,V1,"(43, 87)",32.330416608192394,True,32.784631984937334,1.0
29,Auction,V2,"(73, 44)",2.886288839488394,True,33.277402395547234,1.0
29,Auction,V3,"(94, 44)",36.059078255340395,True,0.940921744659601,1.0
29,Auction,V4,"(39, 14)",13.274303941718724,True,15.142857142857142,1.0
29,Auction,V5,"(20, 82)",19.984175674817877,True,29.42857142857143,1.0
29,Auction,V6,"(88, 59)",39.13449746904707,True,18.268311118453077,1.0
29,Auction,V7,"(13, 83)",3.654822031355753,True,30.166666666666668,1.0
29,Auction,V8,"(24, 9)",55.092109912206894,True,0.0,1.0
29,Auction,V9,"(82, 65)",58.84246918344208,True,1.157530816557923,1.0
29,Auction,V10,"(11, 37)",61.59629914969067,True,1.4037008503093276,1.0
29,Q-Learning,V1,"(39, 13)",55.66958614954518,True,10.445462443584546,2.0
29,Q-Learning,V2,"(94, 44)",19.18838724384105,True,20.81161275615895,5.0
29,Q-Learning,V3,"(24, 9)",35.70266780397324,True,2.297332196026762,2.0
29,Q-Learning,V4,"(73, 44)",22.34890840111437,True,6.651091598885628,2.0
29,Q-Learning,V5,"(51, 82)",51.41274710338931,True,0.0,3.0
29,Q-Learning,V6,"(67, 39)",24.53228592669383,True,32.870522660806316,1.0
29,Q-Learning,V7,"(88, 59)",8.532905502627237,True,25.288583195395184,1.0
29,Q-Learning,V8,"(82, 65)",43.58913705856133,True,12.162410943938688,1.0
29,Q-Learning,V9,"(43, 87)",56.30366573213154,True,6.696334267868458,4.0
29,Q-Learning,V10,"(11, 37)",61.59629914969067,True,1.4037008503093276,1.0
30,Greedy,V1,"(5, 57)",63.01705528316842,True,0.9829447168315859,1.0
30,Greedy,V2,"(16, 58)",6.3639852041120335,True,29.001736027394692,1.0
30,Greedy,V3,"(71, 17)",36.059078255340395,True,0.0,1.0
30,Greedy,V4,"(41, 38)",27.197789624579542,True,0.0,1.0
30,Greedy,V5,"(49, 64)",26.40691862610975,True,22.005828477279557,1.0
30,Greedy,V6,"(69, 77)",22.434491430688993,True,33.96831715681115,1.0
30,Greedy,V7,"(26, 67)",5.12890629445517,True,27.69258240356725,1.0
30,Greedy,V8,"(33, 43)",25.586145104947974,True,28.445833116387234,1.0
30,Greedy,V9,"(18, 100)",28.884695650014407,True,31.008925726121902,1.0
30,Greedy,V10,"(23, 45)",34.18010619252422,True,28.753135566408673,1.0
30,Auction,V1,"(43, 87)",32.330416608192394,True,31.784631984937334,1.0
30,Auction,V2,"(73, 44)",2.886288839488394,True,32.277402395547234,1.0
30,Auction,V3,"(94, 44)",36.059078255340395,True,0.0,1.0
30,Auction,V4,"(39, 14)",13.274303941718724,True,14.142857142857142,1.0
30,Auction,V5,"(20, 82)",19.984175674817877,True,28.42857142857143,1.0
30,Auction,V6,"(88, 59)",39.13449746904707,True,17.268311118453077,1.0
30,Auction,V7,"(13, 83)",3.654822031355753,True,29.166666666666668,1.0
30,Auction,V8,"(51, 15)",34.0189284264426,True,20.073181485764295,1.0
30,Auction,V9,"(82, 65)",58.84246918344208,True,0.157530816557923,1.0
30,Auction,V10,"(11, 37)",61.59629914969067,True,0.40370085030932756,1.0
30,Q-Learning,V1,"(39, 13)",55.66958614954518,True,9.445462443584546,2.0
30,Q-Learning,V2,"(94, 44)",19.18838724384105,True,19.81161275615895,5.0
30,Q-Learning,V3,"(24, 9)",35.70266780397324,True,1.2973321960267619,2.0
30,Q-Learning,V4,"(73, 44)",22.34890840111437,True,5.651091598885628,2.0
30,Q-Learning,V5,"(20, 82)",19.984175674817877,True,30.42857142857143,3.0
30,Q-Learning,V6,"(67, 39)",24.53228592669383,True,31.870522660806316,1.0
30,Q-Learning,V7,"(88, 59)",8.532905502627237,True,24.288583195395184,1.0
30,Q-Learning,V8,"(82, 65)",43.58913705856133,True,11.162410943938688,1.0
30,Q-Learning,V9,"(43, 87)",56.30366573213154,True,5.696334267868458,4.0
30,Q-Learning,V10,"(11, 37)",61.59629914969067,True,0.40370085030932756,1.0
31,Greedy,V1,"(5, 57)",63.01705528316842,True,0.0,1.0
31,Greedy,V2,"(16, 58)",6.3639852041120335,True,28.001736027394692,1.0
31,Greedy,V3,"(71, 17)",3.574558280340632,True,31.484519974999763,1.0
31,Greedy,V4,"(41, 38)",14.130516688353271,True,12.06727293622627,1.0
31,Greedy,V5,"(49, 64)",26.40691862610975,True,21.005828477279557,1.0
31,Greedy,V6,"(69, 77)",22.434491430688993,True,32.96831715681115,1.0
31,Greedy,V7,"(26, 67)",5.12890629445517,True,26.69258240356725,1.0
31,Greedy,V8,"(33, 43)",25.586145104947974,True,27.445833116387234,1.0
31,Greedy,V9,"(18, 100)",28.884695650014407,True,30.008925726121902,1.0
31,Greedy,V10,"(23, 45)",34.18010619252422,True,27.753135566408673,1.0
31,Auction,V1,"(43, 87)",32.330416608192394,True,30.784631984937334,1.0
31,Auction,V2,"(73, 44)",2.886288839488394,True,31.277402395547234,1.0
31,Auction,V3,"(87, 52)",14.877950942814323,True,20.181127312526073,1.0
31,Auction,V4,"(39, 14)",13.274303941718724,True,13.142857142857142,1.0
31,Auction,V5,"(20, 82)",19.984175674817877,True,27.42857142857143,1.0
31,Auction,V6,"(88, 59)",39.13449746904707,True,16.268311118453077,1.0
31,Auction,V7,"(13, 83)",3.654822031355753,True,28.166666666666668,1.0
31,Auction,V8,"(51, 15)",34.0189284264426,True,19.073181485764295,1.0
31,Auction,V9,"(82, 65)",58.84246918344208,True,0.0,1.0
31,Auction,V10,"(11, 37)",61.59629914969067,True,0.0,1.0
31,Q-Learning,V1,"(39, 13)",55.66958614954518,True,8.445462443584546,2.0
31,Q-Learning,V2,"(94, 44)",19.18838724384105,True,18.81161275615895,5.0
31,Q-Learning,V3,"(24, 9)",35.70266780397324,True,0.29733219602676186,2.0
31,Q-Learning,V4,"(73, 44)",22.34890840111437,True,4.651091598885628,2.0
31,Q-Learning,V5,"(20, 82)",19.984175674817877,True,29.42857142857143,3.0
31,Q-Learning,V6,"(67, 39)",24.53228592669383,True,30.870522660806316,1.0
31,Q-Learning,V7,"(88, 59)",8.532905502627237,True,23.288583195395184,1.0
31,Q-Learning,V8,"(82, 65)",43.58913705856133,True,10.162410943938688,1.0
31,Q-Learning,V9,"(43, 87)",56.30366573213154,True,4.696334267868458,4.0
31,Q-Learning,V10,"(11, 37)",61.59629914969067,True,0.0,1.0
32,Greedy,V1,"(5, 57)",32.13092085210115,True,29.88613443106727,1.0
32,Greedy,V2,"(16, 58)",6.3639852041120335,True,27.001736027394692,1.0
32,Greedy,V3,"(71, 17)",3.574558280340632,True,30.484519974999763,1.0
32,Greedy,V4,"(41, 38)",14.130516688353271,True,11.06727293622627,1.0
32,Greedy,V5,"(49, 64)",26.40691862610975,True,20.005828477279557,1.0
32,Greedy,V6,"(69, 77)",22.434491430688993,True,31.968317156811153,1.0
32,Greedy,V7,"(26, 67)",5.12890629445517,True,25.69258240356725,1.0
32,Greedy,V8,"(33, 43)",25.586145104947974,True,26.445833116387234,1.0
32,Greedy,V9,"(18, 100)",28.884695650014407,True,29.008925726121902,1.0
32,Greedy,V10,"(23, 45)",34.18010619252422,True,26.753135566408673,1.0
32,Auction,V1,"(43, 87)",32.330416608192394,True,29.784631984937334,1.0
32,Auction,V2,"(73, 44)",2.886288839488394,True,30.277402395547234,1.0
32,Auction,V3,"(87, 52)",14.877950942814323,True,19.181127312526073,1.0
32,Auction,V4,"(39, 14)",13.274303941718724,True,12.142857142857142,1.0
32,Auction,V5,"(20, 82)",19.984175674817877,True,26.42857142857143,1.0
32,Auction,V6,"(88, 59)",39.13449746904707,True,15.268311118453077,1.0
32,Auction,V7,"(13, 83)",3.654822031355753,True,27.166666666666668,1.0
32,Auction,V8,"(51, 15)",34.0189284264426,True,18.073181485764295,1.0
32,Auction,V9,"(67, 39)",23.839692176840863,True,34.002777006601214,1.0
32,Auction,V10,"(31, 19)",47.1117578006661,True,13.484541349024571,1.0
32,Q-Learning,V1,"(39, 13)",55.66958614954518,True,7.445462443584546,2.0
32,Q-Learning,V2,"(94, 44)",19.18838724384105,True,17.81161275615895,5.0
32,Q-Learning,V3,"(24, 9)",35.70266780397324,True,0.0,2.0
32,Q-Learning,V4,"(73, 44)",22.34890840111437,True,3.6510915988856283,2.0
32,Q-Learning,V5,"(20, 82)",19.984175674817877,True,28.42857142857143,3.0
32,Q-Learning,V6,"(67, 39)",24.53228592669383,True,29.870522660806316,1.0
32,Q-Learning,V7,"(88, 59)",8.532905502627237,True,22.288583195395184,1.0
32,Q-Learning,V8,"(82, 65)",43.58913705856133,True,9.162410943938688,1.0
32,Q-Learning,V9,"(43, 87)",56.30366573213154,True,3.6963342678684583,4.0
32,Q-Learning,V10,"(39, 14)",26.557075505692858,True,34.039223643997815,1.0
33,Greedy,V1,"(5, 57)",32.13092085210115,True,28.88613443106727,1.0
33,Greedy,V2,"(16, 58)",6.3639852041120335,True,26.001736027394692,1.0
33,Greedy,V3,"(71, 17)",3.574558280340632,True,29.484519974999763,1.0
33,Greedy,V4,"(41, 38)",14.130516688353271,True,10.06727293622627,1.0
33,Greedy,V5,"(49, 64)",26.40691862610975,True,19.005828477279557,1.0
33,Greedy,V6,"(69, 77)",22.434491430688993,True,30.968317156811153,1.0
33,Greedy,V7,"(26, 67)",5.12890629445517,True,24.69258240356725,1.0
33,Greedy,V8,"(33, 43)",25.586145104947974,True,25.445833116387234,1.0
33,Greedy,V9,"(18, 100)",28.884695650014407,True,28.008925726121902,1.0
33,Greedy,V10,"(23, 45)",34.18010619252422,True,25.753135566408673,1.0
33,Auction,V1,"(43, 87)",32.330416608192394,True,28.784631984937334,1.0
33,Auction,V2,"(73, 44)",2.886288839488394,True,29.277402395547234,1.0
33,Auction,V3,"(87, 52)",14.877950942814323,True,18.181127312526073,1.0
33,Auction,V4,"(39, 14)",13.274303941718724,True,11.142857142857142,1.0
33,Auction,V5,"(20, 82)",19.984175674817877,True,25.42857142857143,1.0
33,Auction,V6,"(88, 59)",39.13449746904707,True,14.268311118453077,1.0
33,Auction,V7,"(13, 83)",3.654822031355753,True,26.166666666666668,1.0
33,Auction,V8,"(51, 15)",34.0189284264426,True,17.073181485764295,1.0
33,Auction,V9,"(67, 39)",23.839692176840863,True,33.002777006601214,1.0
33,Auction,V10,"(31, 19)",47.1117578006661,True,12.484541349024571,1.0
33,Q-Learning,V1,"(39, 13)",55.66958614954518,True,6.445462443584546,2.0
33,Q-Learning,V2,"(94, 44)",19.18838724384105,True,16.81161275615895,5.0
33,Q-Learning,V3,"(19, 8)",13.136110080240709,True,21.566557723732533,2.0
33,Q-Learning,V4,"(73, 44)",22.34890840111437,True,2.6510915988856283,2.0
33,Q-Learning,V5,"(20, 82)",19.984175674817877,True,27.42857142857143,3.0
33,Q-Learning,V6,"(67, 39)",24.53228592669383,True,28.870522660806316,1.0
33,Q-Learning,V7,"(88, 59)",8.532905502627237,True,21.288583195395184,1.0
33,Q-Learning,V8,"(82, 65)",43.58913705856133,True,8.162410943938688,1.0
33,Q-Learning,V9,"(43, 87)",56.30366573213154,True,2.6963342678684583,4.0
33,Q-Learning,V10,"(39, 14)",26.557075505692858,True,33.039223643997815,1.0
34,Greedy,V1,"(5, 57)",32.13092085210115,True,27.88613443106727,1.0
34,Greedy,V2,"(16, 58)",6.3639852041120335,True,25.001736027394692,1.0
34,Greedy,V3,"(71, 17)",3.574558280340632,True,28.484519974999763,1.0
34,Greedy,V4,"(41, 38)",14.130516688353271,True,9.06727293622627,1.0
34,Greedy,V5,"(49, 64)",26.40691862610975,True,18.005828477279557,1.0
34,Greedy,V6,"(69, 77)",22.434491430688993,True,29.968317156811153,1.0
34,Greedy,V7,"(26, 67)",5.12890629445517,True,23.69258240356725,1.0
34,Greedy,V8,"(33, 43)",25.586145104947974,True,24.445833116387234,1.0
34,Greedy,V9,"(18, 100)",28.884695650014407,True,27.008925726121902,1.0
34,Greedy,V10,"(23, 45)",34.18010619252422,True,24.753135566408673,1.0
34,Auction,V1,"(43, 87)",32.330416608192394,True,27.784631984937334,1.0
34,Auction,V2,"(73, 44)",2.886288839488394,True,28.277402395547234,1.0
34,Auction,V3,"(87, 52)",14.877950942814323,True,17.181127312526073,1.0
34,Auction,V4,"(39, 14)",13.274303941718724,True,10.142857142857142,1.0
34,Auction,V5,"(20, 82)",19.984175674817877,True,24.42857142857143,1.0
34,Auction,V6,"(88, 59)",39.13449746904707,True,13.268311118453077,1.0
34,Auction,V7,"(13, 83)",3.654822031355753,True,25.166666666666668,1.0
34,Auction,V8,"(51, 15)",34.0189284264426,True,16.073181485764295,1.0
34,Auction,V9,"(67, 39)",23.839692176840863,True,32.002777006601214,1.0
34,Auction,V10,"(31, 19)",47.1117578006661,True,11.484541349024571,1.0
34,Q-Learning,V1,"(39, 13)",55.66958614954518,True,5.445462443584546,2.0
34,Q-Learning,V2,"(94, 44)",19.18838724384105,True,15.81161275615895,5.0
34,Q-Learning,V3,"(19, 8)",13.136110080240709,True,20.566557723732533,2.0
34,Q-Learning,V4,"(73, 44)",22.34890840111437,True,1.6510915988856283,2.0
34,Q-Learning,V5,"(20, 82)",19.984175674817877,True,26.42857142857143,3.0
34,Q-Learning,V6,"(67, 39)",24.53228592669383,True,27.870522660806316,1.0
34,Q-Learning,V7,"(88, 59)",8.532905502627237,True,20.288583195395184,1.0
34,Q-Learning,V8,"(82, 65)",43.58913705856133,True,7.1624109439386885,1.0
34,Q-Learning,V9,"(43, 87)",56.30366573213154,True,1.6963342678684583,4.0
34,Q-Learning,V10,"(39, 14)",26.557075505692858,True,32.039223643997815,1.0
35,Greedy,V1,"(5, 57)",32.13092085210115,True,26.88613443106727,1.0
35,Greedy,V2,"(16, 58)",6.3639852041120335,True,24.001736027394692,1.0
35,Greedy,V3,"(71, 17)",3.574558280340632,True,27.484519974999763,1.0
35,Greedy,V4,"(41, 38)",14.130516688353271,True,8.06727293622627,1.0
35,Greedy,V5,"(49, 64)",26.40691862610975,True,17.005828477279557,1.0
35,Greedy,V6,"(69, 77)",22.434491430688993,True,28.968317156811153,1.0
35,Greedy,V7,"(26, 67)",5.12890629445517,True,22.69258240356725,1.0
35,Greedy,V8,"(33, 43)",25.586145104947974,True,23.445833116387234,1.0
35,Greedy,V9,"(18, 100)",28.884695650014407,True,26.008925726121902,1.0
35,Greedy,V10,"(23, 45)",34.18010619252422,True,23.753135566408673,1.0
35,Auction,V1,"(43, 87)",32.330416608192394,True,26.784631984937334,1.0
35,Auction,V2,"(73, 44)",2.886288839488394,True,27.277402395547234,1.0
35,Auction,V3,"(87, 52)",14.877950942814323,True,16.181127312526073,1.0
35,Auction,V4,"(39, 14)",13.274303941718724,True,9.142857142857142,1.0
35,Auction,V5,"(20, 82)",19.984175674817877,True,23.42857142857143,1.0
35,Auction,V6,"(88, 59)",39.13449746904707,True,12.268311118453077,1.0
35,Auction,V7,"(13, 83)",3.654822031355753,True,24.166666666666668,1.0
35,Auction,V8,"(51, 15)",34.0189284264426,True,15.073181485764295,1.0
35,Auction,V9,"(67, 39)",23.839692176840863,True,31.002777006601214,1.0
35,Auction,V10,"(31, 19)",47.1117578006661,True,10.484541349024571,1.0
35,Q-Learning,V1,"(39, 13)",55.66958614954518,True,4.445462443584546,2.0
35,Q-Learning,V2,"(94, 44)",19.18838724384105,True,14.81161275615895,5.0
35,Q-Learning,V3,"(19, 8)",13.136110080240709,True,19.566557723732533,2.0
35,Q-Learning,V4,"(73, 44)",22.34890840111437,True,0.6510915988856283,2.0
35,Q-Learning,V5,"(20, 82)",19.984175674817877,True,25.42857142857143,3.0
35,Q-Learning,V6,"(67, 39)",24.53228592669383,True,26.870522660806316,1.0
35,Q-Learning,V7,"(88, 59)",8.532905502627237,True,19.288583195395184,1.0
35,Q-Learning,V8,"(82, 65)",43.58913705856133,True,6.1624109439386885,1.0
35,Q-Learning,V9,"(43, 87)",56.30366573213154,True,0.6963342678684583,4.0
35,Q-Learning,V10,"(39, 14)",26.557075505692858,True,31.039223643997815,1.0
36,Greedy,V1,"(5, 57)",32.13092085210115,True,25.88613443106727,1.0
36,Greedy,V2,"(16, 58)",6.3639852041120335,True,23.001736027394692,1.0
36,Greedy,V3,"(71, 17)",3.574558280340632,True,26.484519974999763,1.0
36,Greedy,V4,"(41, 38)",14.130516688353271,True,7.067272936226271,1.0
36,Greedy,V5,"(49, 64)",26.40691862610975,True,16.005828477279557,1.0
36,Greedy,V6,"(69, 77)",22.434491430688993,True,27.968317156811153,1.0
36,Greedy,V7,"(26, 67)",5.12890629445517,True,21.69258240356725,1.0
36,Greedy,V8,"(33, 43)",25.586145104947974,True,22.445833116387234,1.0
36,Greedy,V9,"(18, 100)",28.884695650014407,True,25.008925726121902,1.0
36,Greedy,V10,"(23, 45)",34.18010619252422,True,22.753135566408673,1.0
36,Auction,V1,"(43, 87)",32.330416608192394,True,25.784631984937334,1.0
36,Auction,V2,"(73, 44)",2.886288839488394,True,26.277402395547234,1.0
36,Auction,V3,"(87, 52)",14.877950942814323,True,15.181127312526073,1.0
36,Auction,V4,"(39, 14)",13.274303941718724,True,8.142857142857142,1.0
36,Auction,V5,"(20, 82)",19.984175674817877,True,22.42857142857143,1.0
36,Auction,V6,"(88, 59)",39.13449746904707,True,11.268311118453077,1.0
36,Auction,V7,"(13, 83)",3.654822031355753,True,23.166666666666668,1.0
36,Auction,V8,"(51, 15)",34.0189284264426,True,14.073181485764295,1.0
36,Auction,V9,"(67, 39)",23.839692176840863,True,30.002777006601214,1.0
36,Auction,V10,"(31, 19)",47.1117578006661,True,9.484541349024571,1.0
36,Q-Learning,V1,"(39, 13)",55.66958614954518,True,3.445462443584546,2.0
36,Q-Learning,V2,"(94, 44)",19.18838724384105,True,13.81161275615895,5.0
36,Q-Learning,V3,"(19, 8)",13.136110080240709,True,18.566557723732533,2.0
36,Q-Learning,V4,"(73, 44)",22.34890840111437,True,0.0,2.0
36,Q-Learning,V5,"(20, 82)",19.984175674817877,True,24.42857142857143,3.0
36,Q-Learning,V6,"(67, 39)",24.53228592669383,True,25.870522660806316,1.0
36,Q-Learning,V7,"(88, 59)",8.532905502627237,True,18.288583195395184,1.0
36,Q-Learning,V8,"(82, 65)",43.58913705856133,True,5.1624109439386885,1.0
36,Q-Learning,V9,"(43, 87)",56.30366573213154,True,0.0,4.0
36,Q-Learning,V10,"(39, 14)",26.557075505692858,True,30.039223643997815,1.0
37,Greedy,V1,"(5, 57)",32.13092085210115,True,24.88613443106727,1.0
37,Greedy,V2,"(16, 58)",6.3639852041120335,True,22.001736027394692,1.0
37,Greedy,V3,"(71, 17)",3.574558280340632,True,25.484519974999763,1.0
37,Greedy,V4,"(41, 38)",14.130516688353271,True,6.067272936226271,1.0
37,Greedy,V5,"(49, 64)",26.40691862610975,True,15.005828477279557,1.0
37,Greedy,V6,"(69, 77)",22.434491430688993,True,26.968317156811153,1.0
37,Greedy,V7,"(26, 67)",5.12890629445517,True,20.69258240356725,1.0
37,Greedy,V8,"(33, 43)",25.586145104947974,True,21.445833116387234,1.0
37,Greedy,V9,"(18, 100)",28.884695650014407,True,24.008925726121902,1.0
37,Greedy,V10,"(23, 45)",34.18010619252422,True,21.753135566408673,1.0
37,Auction,V1,"(43, 87)",32.330416608192394,True,24.784631984937334,1.0
37,Auction,V2,"(73, 44)",2.886288839488394,True,25.277402395547234,1.0
37,Auction,V3,"(87, 52)",14.877950942814323,True,14.181127312526073,1.0
37,Auction,V4,"(39, 14)",13.274303941718724,True,7.142857142857142,1.0
37,Auction,V5,"(20, 82)",19.984175674817877,True,21.42857142857143,1.0
37,Auction,V6,"(88, 59)",39.13449746904707,True,10.268311118453077,1.0
37,Auction,V7,"(13, 83)",3.654822031355753,True,22.166666666666668,1.0
37,Auction,V8,"(51, 15)",34.0189284264426,True,13.073181485764295,1.0
37,Auction,V9,"(67, 39)",23.839692176840863,True,29.002777006601214,1.0
37,Auction,V10,"(31, 19)",47.1117578006661,True,8.484541349024571,1.0
37,Q-Learning,V1,"(39, 13)",55.66958614954518,True,2.445462443584546,2.0
37,Q-Learning,V2,"(94, 44)",19.18838724384105,True,12.81161275615895,5.0
37,Q-Learning,V3,"(19, 8)",13.136110080240709,True,17.566557723732533,2.0
37,Q-Learning,V4,"(87, 52)",0.04540618731478574,True,21.303502213799586,2.0
37,Q-Learning,V5,"(20, 82)",19.984175674817877,True,23.42857142857143,3.0
37,Q-Learning,V6,"(67, 39)",24.53228592669383,True,24.870522660806316,1.0
37,Q-Learning,V7,"(88, 59)",8.532905502627237,True,17.288583195395184,1.0
37,Q-Learning,V8,"(82, 65)",43.58913705856133,True,4.1624109439386885,1.0
37,Q-Learning,V9,"(43, 87)",56.30366573213154,False,0.0,5.0
37,Q-Learning,V10,"(39, 14)",26.557075505692858,True,29.039223643997815,1.0
38,Greedy,V1,"(5, 57)",32.13092085210115,True,23.88613443106727,1.0
38,Greedy,V2,"(16, 58)",6.3639852041120335,True,21.001736027394692,1.0
38,Greedy,V3,"(71, 17)",3.574558280340632,True,24.484519974999763,1.0
38,Greedy,V4,"(41, 38)",14.130516688353271,True,5.067272936226271,1.0
38,Greedy,V5,"(49, 64)",26.40691862610975,True,14.005828477279557,1.0
38,Greedy,V6,"(69, 77)",22.434491430688993,True,25.968317156811153,1.0
38,Greedy,V7,"(26, 67)",5.12890629445517,True,19.69258240356725,1.0
38,Greedy,V8,"(33, 43)",25.586145104947974,True,20.445833116387234,1.0
38,Greedy,V9,"(18, 100)",28.884695650014407,True,23.008925726121902,1.0
38,Greedy,V10,"(23, 45)",34.18010619252422,True,20.753135566408673,1.0
38,Auction,V1,"(43, 87)",32.330416608192394,True,23.784631984937334,1.0
38,Auction,V2,"(73, 44)",2.886288839488394,True,24.277402395547234,1.0
38,Auction,V3,"(87, 52)",14.877950942814323,True,13.181127312526073,1.0
38,Auction,V4,"(39, 14)",13.274303941718724,True,6.142857142857142,1.0
38,Auction,V5,"(20, 82)",19.984175674817877,True,20.42857142857143,1.0
38,Auction,V6,"(88, 59)",39.13449746904707,True,9.268311118453077,1.0
38,Auction,V7,"(13, 83)",3.654822031355753,True,21.166666666666668,1.0
38,Auction,V8,"(51, 15)",34.0189284264426,True,12.073181485764295,1.0
38,Auction,V9,"(67, 39)",23.839692176840863,True,28.002777006601214,1.0
38,Auction,V10,"(31, 19)",47.1117578006661,True,7.484541349024571,1.0
38,Q-Learning,V1,"(39, 13)",55.66958614954518,True,1.445462443584546,2.0
38,Q-Learning,V2,"(94, 44)",19.18838724384105,True,11.81161275615895,5.0
38,Q-Learning,V3,"(19, 8)",13.136110080240709,True,16.566557723732533,2.0
38,Q-Learning,V4,"(87, 52)",0.04540618731478574,True,20.303502213799586,2.0
38,Q-Learning,V5,"(20, 82)",19.984175674817877,True,22.42857142857143,3.0
38,Q-Learning,V6,"(67, 39)",24.53228592669383,True,23.870522660806316,1.0
38,Q-Learning,V7,"(88, 59)",8.532905502627237,True,16.288583195395184,1.0
38,Q-Learning,V8,"(82, 65)",43.58913705856133,True,3.1624109439386885,1.0
38,Q-Learning,V9,"(51, 15)",26.229818881281652,True,29.07384685084989,5.0
38,Q-Learning,V10,"(39, 14)",26.557075505692858,True,28.039223643997815,1.0
39,Greedy,V1,"(5, 57)",32.13092085210115,True,22.88613443106727,1.0
39,Greedy,V2,"(16, 58)",6.3639852041120335,True,20.001736027394692,1.0
39,Greedy,V3,"(71, 17)",3.574558280340632,True,23.484519974999763,1.0
39,Greedy,V4,"(41, 38)",14.130516688353271,True,4.067272936226271,1.0
39,Greedy,V5,"(49, 64)",26.40691862610975,True,13.005828477279557,1.0
39,Greedy,V6,"(69, 77)",22.434491430688993,True,24.968317156811153,1.0
39,Greedy,V7,"(26, 67)",5.12890629445517,True,18.69258240356725,1.0
39,Greedy,V8,"(33, 43)",25.586145104947974,True,19.445833116387234,1.0
39,Greedy,V9,"(18, 100)",28.884695650014407,True,22.008925726121902,1.0
39,Greedy,V10,"(23, 45)",34.18010619252422,True,19.753135566408673,1.0
39,Auction,V1,"(43, 87)",32.330416608192394,True,22.784631984937334,1.0
39,Auction,V2,"(73, 44)",2.886288839488394,True,23.277402395547234,1.0
39,Auction,V3,"(87, 52)",14.877950942814323,True,12.181127312526073,1.0
39,Auction,V4,"(39, 14)",13.274303941718724,True,5.142857142857142,1.0
39,Auction,V5,"(20, 82)",19.984175674817877,True,19.42857142857143,1.0
39,Auction,V6,"(88, 59)",39.13449746904707,True,8.268311118453077,1.0
39,Auction,V7,"(13, 83)",3.654822031355753,True,20.166666666666668,1.0
39,Auction,V8,"(51, 15)",34.0189284264426,True,11.073181485764295,1.0
39,Auction,V9,"(67, 39)",23.839692176840863,True,27.002777006601214,1.0
39,Auction,V10,"(31, 19)",47.1117578006661,True,6.484541349024571,1.0
39,Q-Learning,V1,"(39, 13)",55.66958614954518,True,0.445462443584546,2.0
39,Q-Learning,V2,"(94, 44)",19.18838724384105,True,10.81161275615895,5.0
39,Q-Learning,V3,"(19, 8)",13.136110080240709,True,15.566557723732533,2.0
39,Q-Learning,V4,"(87, 52)",0.04540618731478574,True,19.303502213799586,2.0
39,Q-Learning,V5,"(20, 82)",19.984175674817877,True,21.42857142857143,3.0
39,Q-Learning,V6,"(67, 39)",24.53228592669383,True,22.870522660806316,1.0
39,Q-Learning,V7,"(88, 59)",8.532905502627237,True,15.288583195395184,1.0
39,Q-Learning,V8,"(82, 65)",43.58913705856133,True,2.1624109439386885,1.0
39,Q-Learning,V9,"(51, 15)",26.229818881281652,True,28.07384685084989,5.0
39,Q-Learning,V10,"(39, 14)",26.557075505692858,True,27.039223643997815,1.0
40,Greedy,V1,"(5, 57)",32.13092085210115,True,21.88613443106727,1.0
40,Greedy,V2,"(16, 58)",6.3639852041120335,True,19.001736027394692,1.0
40,Greedy,V3,"(71, 17)",3.574558280340632,True,22.484519974999763,1.0
40,Greedy,V4,"(41, 38)",14.130516688353271,True,3.0672729362262707,1.0
40,Greedy,V5,"(49, 64)",26.40691862610975,True,12.005828477279557,1.0
40,Greedy,V6,"(69, 77)",22.434491430688993,True,23.968317156811153,1.0
40,Greedy,V7,"(26, 67)",5.12890629445517,True,17.69258240356725,1.0
40,Greedy,V8,"(33, 43)",25.586145104947974,True,18.445833116387234,1.0
40,Greedy,V9,"(18, 100)",28.884695650014407,True,21.008925726121902,1.0
40,Greedy,V10,"(23, 45)",34.18010619252422,True,18.753135566408673,1.0
40,Auction,V1,"(43, 87)",32.330416608192394,True,21.784631984937334,1.0
40,Auction,V2,"(73, 44)",2.886288839488394,True,22.277402395547234,1.0
40,Auction,V3,"(87, 52)",14.877950942814323,True,11.181127312526073,1.0
40,Auction,V4,"(39, 14)",13.274303941718724,True,4.142857142857142,1.0
40,Auction,V5,"(20, 82)",19.984175674817877,True,18.42857142857143,1.0
40,Auction,V6,"(88, 59)",39.13449746904707,True,7.268311118453077,1.0
40,Auction,V7,"(13, 83)",3.654822031355753,True,19.166666666666668,1.0
40,Auction,V8,"(51, 15)",34.0189284264426,True,10.073181485764295,1.0
40,Auction,V9,"(67, 39)",23.839692176840863,True,26.002777006601214,1.0
40,Auction,V10,"(31, 19)",47.1117578006661,True,5.484541349024571,1.0
40,Q-Learning,V1,"(39, 13)",55.66958614954518,True,0.0,2.0
40,Q-Learning,V2,"(94, 44)",19.18838724384105,True,9.81161275615895,5.0
40,Q-Learning,V3,"(19, 8)",13.136110080240709,True,14.566557723732533,2.0
40,Q-Learning,V4,"(87, 52)",0.04540618731478574,True,18.303502213799586,2.0
40,Q-Learning,V5,"(20, 82)",19.984175674817877,True,20.42857142857143,3.0
40,Q-Learning,V6,"(67, 39)",24.53228592669383,True,21.870522660806316,1.0
40,Q-Learning,V7,"(88, 59)",8.532905502627237,True,14.288583195395184,1.0
40,Q-Learning,V8,"(82, 65)",43.58913705856133,True,1.1624109439386885,1.0
40,Q-Learning,V9,"(51, 15)",26.229818881281652,True,27.07384685084989,5.0
40,Q-Learning,V10,"(39, 14)",26.557075505692858,True,26.039223643997815,1.0
41,Greedy,V1,"(5, 57)",32.13092085210115,True,20.88613443106727,1.0
41,Greedy,V2,"(16, 58)",6.3639852041120335,True,18.001736027394692,1.0
41,Greedy,V3,"(71, 17)",3.574558280340632,True,21.484519974999763,1.0
41,Greedy,V4,"(41, 38)",14.130516688353271,True,2.0672729362262707,1.0
41,Greedy,V5,"(49, 64)",26.40691862610975,True,11.005828477279557,1.0
41,Greedy,V6,"(69, 77)",22.434491430688993,True,22.968317156811153,1.0
41,Greedy,V7,"(26, 67)",5.12890629445517,True,16.69258240356725,1.0
41,Greedy,V8,"(33, 43)",25.586145104947974,True,17.445833116387234,1.0
41,Greedy,V9,"(18, 100)",28.884695650014407,True,20.008925726121902,1.0
41,Greedy,V10,"(23, 45)",34.18010619252422,True,17.753135566408673,1.0
41,Auction,V1,"(43, 87)",32.330416608192394,True,20.784631984937334,1.0
41,Auction,V2,"(73, 44)",2.886288839488394,True,21.277402395547234,1.0
41,Auction,V3,"(87, 52)",14.877950942814323,True,10.181127312526073,1.0
41,Auction,V4,"(39, 14)",13.274303941718724,True,3.1428571428571423,1.0
41,Auction,V5,"(20, 82)",19.984175674817877,True,17.42857142857143,1.0
41,Auction,V6,"(88, 59)",39.13449746904707,True,6.268311118453077,1.0
41,Auction,V7,"(13, 83)",3.654822031355753,True,18.166666666666668,1.0
41,Auction,V8,"(51, 15)",34.0189284264426,True,9.073181485764295,1.0
41,Auction,V9,"(67, 39)",23.839692176840863,True,25.002777006601214,1.0
41,Auction,V10,"(31, 19)",47.1117578006661,True,4.484541349024571,1.0
41,Q-Learning,V1,"(13, 83)",18.002069176634052,True,36.66751697291113,2.0
41,Q-Learning,V2,"(94, 44)",19.18838724384105,True,8.81161275615895,5.0
41,Q-Learning,V3,"(19, 8)",13.136110080240709,True,13.566557723732533,2.0
41,Q-Learning,V4,"(87, 52)",0.04540618731478574,True,17.303502213799586,2.0
41,Q-Learning,V5,"(20, 82)",19.984175674817877,True,19.42857142857143,3.0
41,Q-Learning,V6,"(67, 39)",24.53228592669383,True,20.870522660806316,1.0
41,Q-Learning,V7,"(88, 59)",8.532905502627237,True,13.288583195395184,1.0
41,Q-Learning,V8,"(82, 65)",43.58913705856133,True,0.1624109439386885,1.0
41,Q-Learning,V9,"(51, 15)",26.229818881281652,True,26.07384685084989,5.0
41,Q-Learning,V10,"(39, 14)",26.557075505692858,True,25.039223643997815,1.0
42,Greedy,V1,"(5, 57)",32.13092085210115,True,19.88613443106727,1.0
42,Greedy,V2,"(16, 58)",6.3639852041120335,True,17.001736027394692,1.0
42,Greedy,V3,"(71, 17)",3.574558280340632,True,20.484519974999763,1.0
42,Greedy,V4,"(41, 38)",14.130516688353271,True,1.0672729362262707,1.0
42,Greedy,V5,"(49, 64)",26.40691862610975,True,10.005828477279557,1.0
42,Greedy,V6,"(69, 77)",22.434491430688993,True,21.968317156811153,1.0
42,Greedy,V7,"(26, 67)",5.12890629445517,True,15.69258240356725,1.0
42,Greedy,V8,"(33, 43)",25.586145104947974,True,16.445833116387234,1.0
42,Greedy,V9,"(18, 100)",28.884695650014407,True,19.008925726121902,1.0
42,Greedy,V10,"(23, 45)",34.18010619252422,True,16.753135566408673,1.0
42,Auction,V1,"(43, 87)",32.330416608192394,True,19.784631984937334,1.0
42,Auction,V2,"(73, 44)",2.886288839488394,True,20.277402395547234,1.0
42,Auction,V3,"(87, 52)",14.877950942814323,True,9.181127312526073,1.0
42,Auction,V4,"(39, 14)",13.274303941718724,True,2.1428571428571423,1.0
42,Auction,V5,"(20, 82)",19.984175674817877,True,16.42857142857143,1.0
42,Auction,V6,"(88, 59)",39.13449746904707,True,5.268311118453077,1.0
42,Auction,V7,"(13, 83)",3.654822031355753,True,17.166666666666668,1.0
42,Auction,V8,"(51, 15)",34.0189284264426,True,8.073181485764295,1.0
42,Auction,V9,"(67, 39)",23.839692176840863,True,24.002777006601214,1.0
42,Auction,V10,"(31, 19)",47.1117578006661,True,3.484541349024571,1.0
42,Q-Learning,V1,"(13, 83)",18.002069176634052,True,35.66751697291113,2.0
42,Q-Learning,V2,"(94, 44)",19.18838724384105,True,7.811612756158951,5.0
42,Q-Learning,V3,"(19, 8)",13.136110080240709,True,12.566557723732533,2.0
42,Q-Learning,V4,"(87, 52)",0.04540618731478574,True,16.303502213799586,2.0
42,Q-Learning,V5,"(20, 82)",19.984175674817877,True,18.42857142857143,3.0
42,Q-Learning,V6,"(67, 39)",24.53228592669383,True,19.870522660806316,1.0
42,Q-Learning,V7,"(88, 59)",8.532905502627237,True,12.288583195395184,1.0
42,Q-Learning,V8,"(82, 65)",43.58913705856133,True,0.0,1.0
42,Q-Learning,V9,"(51, 15)",26.229818881281652,True,25.07384685084989,5.0
42,Q-Learning,V10,"(39, 14)",26.557075505692858,True,24.039223643997815,1.0
43,Greedy,V1,"(5, 57)",32.13092085210115,True,18.88613443106727,1.0
43,Greedy,V2,"(16, 58)",6.3639852041120335,True,16.001736027394692,1.0
43,Greedy,V3,"(71, 17)",3.574558280340632,True,19.484519974999763,1.0
43,Greedy,V4,"(41, 38)",14.130516688353271,True,0.06727293622627073,1.0
43,Greedy,V5,"(49, 64)",26.40691862610975,True,9.005828477279557,1.0
43,Greedy,V6,"(69, 77)",22.434491430688993,True,20.968317156811153,1.0
43,Greedy,V7,"(26, 67)",5.12890629445517,True,14.69258240356725,1.0
43,Greedy,V8,"(33, 43)",25.586145104947974,True,15.445833116387234,1.0
43,Greedy,V9,"(18, 100)",28.884695650014407,True,18.008925726121902,1.0
43,Greedy,V10,"(23, 45)",34.18010619252422,True,15.753135566408673,1.0
43,Auction,V1,"(43, 87)",32.330416608192394,True,18.784631984937334,1.0
43,Auction,V2,"(73, 44)",2.886288839488394,True,19.277402395547234,1.0
43,Auction,V3,"(87, 52)",14.877950942814323,True,8.181127312526073,1.0
43,Auction,V4,"(39, 14)",13.274303941718724,True,1.1428571428571423,1.0
43,Auction,V5,"(20, 82)",19.984175674817877,True,15.42857142857143,1.0
43,Auction,V6,"(88, 59)",39.13449746904707,True,4.268311118453077,1.0
43,Auction,V7,"(13, 83)",3.654822031355753,True,16.166666666666668,1.0
43,Auction,V8,"(51, 15)",34.0189284264426,True,7.0731814857642945,1.0
43,Auction,V9,"(67, 39)",23.839692176840863,True,23.002777006601214,1.0
43,Auction,V10,"(31, 19)",47.1117578006661,True,2.484541349024571,1.0
43,Q-Learning,V1,"(13, 83)",18.002069176634052,True,34.66751697291113,2.0
43,Q-Learning,V2,"(94, 44)",19.18838724384105,True,6.811612756158951,5.0
43,Q-Learning,V3,"(19, 8)",13.136110080240709,True,11.566557723732533,2.0
43,Q-Learning,V4,"(87, 52)",0.04540618731478574,True,15.303502213799586,2.0
43,Q-Learning,V5,"(20, 82)",19.984175674817877,True,17.42857142857143,3.0
43,Q-Learning,V6,"(67, 39)",24.53228592669383,True,18.870522660806316,1.0
43,Q-Learning,V7,"(88, 59)",8.532905502627237,True,11.288583195395184,1.0
43,Q-Learning,V8,"(96, 59)",17.896743035036014,True,24.692394023525313,1.0
43,Q-Learning,V9,"(51, 15)",26.229818881281652,True,24.07384685084989,5.0
43,Q-Learning,V10,"(39, 14)",26.557075505692858,True,23.039223643997815,1.0
44,Greedy,V1,"(5, 57)",32.13092085210115,True,17.88613443106727,1.0
44,Greedy,V2,"(16, 58)",6.3639852041120335,True,15.001736027394692,1.0
44,Greedy,V3,"(71, 17)",3.574558280340632,True,18.484519974999763,1.0
44,Greedy,V4,"(41, 38)",14.130516688353271,True,0.0,1.0
44,Greedy,V5,"(49, 64)",26.40691862610975,True,8.005828477279557,1.0
44,Greedy,V6,"(69, 77)",22.434491430688993,True,19.968317156811153,1.0
44,Greedy,V7,"(26, 67)",5.12890629445517,True,13.69258240356725,1.0
44,Greedy,V8,"(33, 43)",25.586145104947974,True,14.445833116387234,1.0
44,Greedy,V9,"(18, 100)",28.884695650014407,True,17.008925726121902,1.0
44,Greedy,V10,"(23, 45)",34.18010619252422,True,14.753135566408673,1.0
44,Auction,V1,"(43, 87)",32.330416608192394,True,17.784631984937334,1.0
44,Auction,V2,"(73, 44)",2.886288839488394,True,18.277402395547234,1.0
44,Auction,V3,"(87, 52)",14.877950942814323,True,7.181127312526073,1.0
44,Auction,V4,"(39, 14)",13.274303941718724,True,0.14285714285714235,1.0
44,Auction,V5,"(20, 82)",19.984175674817877,True,14.42857142857143,1.0
44,Auction,V6,"(88, 59)",39.13449746904707,True,3.2683111184530773,1.0
44,Auction,V7,"(13, 83)",3.654822031355753,True,15.166666666666668,1.0
44,Auction,V8,"(51, 15)",34.0189284264426,True,6.0731814857642945,1.0
44,Auction,V9,"(67, 39)",23.839692176840863,True,22.002777006601214,1.0
44,Auction,V10,"(31, 19)",47.1117578006661,True,1.4845413490245711,1.0
44,Q-Learning,V1,"(13, 83)",18.002069176634052,True,33.66751697291113,2.0
44,Q-Learning,V2,"(94, 44)",19.18838724384105,True,5.811612756158951,5.0
44,Q-Learning,V3,"(19, 8)",13.136110080240709,True,10.566557723732533,2.0
44,Q-Learning,V4,"(87, 52)",0.04540618731478574,True,14.303502213799586,2.0
44,Q-Learning,V5,"(20, 82)",19.984175674817877,True,16.42857142857143,3.0
44,Q-Learning,V6,"(67, 39)",24.53228592669383,True,17.870522660806316,1.0
44,Q-Learning,V7,"(88, 59)",8.532905502627237,True,10.288583195395184,1.0
44,Q-Learning,V8,"(96, 59)",17.896743035036014,True,23.692394023525313,1.0
44,Q-Learning,V9,"(51, 15)",26.229818881281652,True,23.07384685084989,5.0
44,Q-Learning,V10,"(39, 14)",26.557075505692858,True,22.039223643997815,1.0
45,Greedy,V1,"(5, 57)",32.13092085210115,True,16.88613443106727,1.0
45,Greedy,V2,"(16, 58)",6.3639852041120335,True,14.001736027394692,1.0
45,Greedy,V3,"(71, 17)",3.574558280340632,True,17.484519974999763,1.0
45,Greedy,V4,"(41, 38)",14.130516688353271,False,0.0,2.0
45,Greedy,V5,"(49, 64)",26.40691862610975,True,7.005828477279557,1.0
45,Greedy,V6,"(69, 77)",22.434491430688993,True,18.968317156811153,1.0
45,Greedy,V7,"(26, 67)",5.12890629445517,True,12.69258240356725,1.0
45,Greedy,V8,"(33, 43)",25.586145104947974,True,13.445833116387234,1.0
45,Greedy,V9,"(18, 100)",28.884695650014407,True,16.008925726121902,1.0
45,Greedy,V10,"(23, 45)",34.18010619252422,True,13.753135566408673,1.0
45,Auction,V1,"(43, 87)",32.330416608192394,True,16.784631984937334,1.0
45,Auction,V2,"(73, 44)",2.886288839488394,True,17.277402395547234,1.0
45,Auction,V3,"(87, 52)",14.877950942814323,True,6.181127312526073,1.0
45,Auction,V4,"(39, 14)",13.274303941718724,True,0.0,1.0
45,Auction,V5,"(20, 82)",19.984175674817877,True,13.42857142857143,1.0
45,Auction,V6,"(88, 59)",39.13449746904707,True,2.2683111184530773,1.0
45,Auction,V7,"(13, 83)",3.654822031355753,True,14.166666666666668,1.0
45,Auction,V8,"(51, 15)",34.0189284264426,True,5.0731814857642945,1.0
45,Auction,V9,"(67, 39)",23.839692176840863,True,21.002777006601214,1.0
45,Auction,V10,"(31, 19)",47.1117578006661,True,0.48454134902457113,1.0
45,Q-Learning,V1,"(13, 83)",18.002069176634052,True,32.66751697291113,2.0
45,Q-Learning,V2,"(94, 44)",19.18838724384105,True,4.811612756158951,5.0
45,Q-Learning,V3,"(19, 8)",13.136110080240709,True,9.566557723732533,2.0
45,Q-Learning,V4,"(87, 52)",0.04540618731478574,True,13.303502213799586,2.0
45,Q-Learning,V5,"(20, 82)",19.984175674817877,True,15.42857142857143,3.0
45,Q-Learning,V6,"(67, 39)",24.53228592669383,True,16.870522660806316,1.0
45,Q-Learning,V7,"(88, 59)",8.532905502627237,True,9.288583195395184,1.0
45,Q-Learning,V8,"(96, 59)",17.896743035036014,True,22.692394023525313,1.0
45,Q-Learning,V9,"(51, 15)",26.229818881281652,True,22.07384685084989,5.0
45,Q-Learning,V10,"(39, 14)",26.557075505692858,True,21.039223643997815,1.0
46,Greedy,V1,"(5, 57)",32.13092085210115,True,15.88613443106727,1.0
46,Greedy,V2,"(16, 58)",6.3639852041120335,True,13.001736027394692,1.0
46,Greedy,V3,"(71, 17)",3.574558280340632,True,16.484519974999763,1.0
46,Greedy,V4,"(41, 38)",14.130516688353271,False,0.0,3.0
46,Greedy,V5,"(49, 64)",26.40691862610975,True,6.005828477279557,1.0
46,Greedy,V6,"(69, 77)",22.434491430688993,True,17.968317156811153,1.0
46,Greedy,V7,"(26, 67)",5.12890629445517,True,11.69258240356725,1.0
46,Greedy,V8,"(33, 43)",25.586145104947974,True,12.445833116387234,1.0
46,Greedy,V9,"(18, 100)",28.884695650014407,True,15.008925726121902,1.0
46,Greedy,V10,"(23, 45)",34.18010619252422,True,12.753135566408673,1.0
46,Auction,V1,"(43, 87)",32.330416608192394,True,15.784631984937334,1.0
46,Auction,V2,"(73, 44)",2.886288839488394,True,16.277402395547234,1.0
46,Auction,V3,"(87, 52)",14.877950942814323,True,5.181127312526073,1.0
46,Auction,V4,"(39, 14)",13.274303941718724,False,0.0,2.0
46,Auction,V5,"(20, 82)",19.984175674817877,True,12.42857142857143,1.0
46,Auction,V6,"(88, 59)",39.13449746904707,True,1.2683111184530773,1.0
46,Auction,V7,"(13, 83)",3.654822031355753,True,13.166666666666668,1.0
46,Auction,V8,"(51, 15)",34.0189284264426,True,4.0731814857642945,1.0
46,Auction,V9,"(67, 39)",23.839692176840863,True,20.002777006601214,1.0
46,Auction,V10,"(31, 19)",47.1117578006661,True,0.0,1.0
46,Q-Learning,V1,"(13, 83)",18.002069176634052,True,31.66751697291113,2.0
46,Q-Learning,V2,"(94, 44)",19.18838724384105,True,3.811612756158951,5.0
46,Q-Learning,V3,"(19, 8)",13.136110080240709,True,8.566557723732533,2.0
46,Q-Learning,V4,"(87, 52)",0.04540618731478574,True,12.303502213799586,2.0
46,Q-Learning,V5,"(20, 82)",19.984175674817877,True,14.42857142857143,3.0
46,Q-Learning,V6,"(67, 39)",24.53228592669383,True,15.870522660806316,1.0
46,Q-Learning,V7,"(88, 59)",8.532905502627237,True,8.288583195395184,1.0
46,Q-Learning,V8,"(96, 59)",17.896743035036014,True,21.692394023525313,1.0
46,Q-Learning,V9,"(51, 15)",26.229818881281652,True,21.07384685084989,5.0
46,Q-Learning,V10,"(39, 14)",26.557075505692858,True,20.039223643997815,1.0
47,Greedy,V1,"(5, 57)",32.13092085210115,True,14.88613443106727,1.0
47,Greedy,V2,"(16, 58)",6.3639852041120335,True,12.001736027394692,1.0
47,Greedy,V3,"(71, 17)",3.574558280340632,True,15.484519974999763,1.0
47,Greedy,V4,"(41, 38)",14.130516688353271,False,0.0,4.0
47,Greedy,V5,"(49, 64)",26.40691862610975,True,5.005828477279557,1.0
47,Greedy,V6,"(69, 77)",22.434491430688993,True,16.968317156811153,1.0
47,Greedy,V7,"(26, 67)",5.12890629445517,True,10.69258240356725,1.0
47,Greedy,V8,"(33, 43)",25.586145104947974,True,11.445833116387234,1.0
47,Greedy,V9,"(18, 100)",28.884695650014407,True,14.008925726121902,1.0
47,Greedy,V10,"(23, 45)",34.18010619252422,True,11.753135566408673,1.0
47,Auction,V1,"(43, 87)",32.330416608192394,True,14.784631984937334,1.0
47,Auction,V2,"(73, 44)",2.886288839488394,True,15.277402395547234,1.0
47,Auction,V3,"(87, 52)",14.877950942814323,True,4.181127312526073,1.0
47,Auction,V4,"(39, 14)",13.274303941718724,False,0.0,3.0
47,Auction,V5,"(20, 82)",19.984175674817877,True,11.42857142857143,1.0
47,Auction,V6,"(88, 59)",39.13449746904707,True,0.2683111184530773,1.0
47,Auction,V7,"(13, 83)",3.654822031355753,True,12.166666666666668,1.0
47,Auction,V8,"(51, 15)",34.0189284264426,True,3.0731814857642945,1.0
47,Auction,V9,"(67, 39)",23.839692176840863,True,19.002777006601214,1.0
47,Auction,V10,"(27, 18)",28.42457352972982,True,17.687184270936278,1.0
47,Q-Learning,V1,"(13, 83)",18.002069176634052,True,30.66751697291113,2.0
47,Q-Learning,V2,"(94, 44)",19.18838724384105,True,2.811612756158951,5.0
47,Q-Learning,V3,"(19, 8)",13.136110080240709,True,7.566557723732533,2.0
47,Q-Learning,V4,"(87, 52)",0.04540618731478574,True,11.303502213799586,2.0
47,Q-Learning,V5,"(20, 82)",19.984175674817877,True,13.42857142857143,3.0
47,Q-Learning,V6,"(67, 39)",24.53228592669383,True,14.870522660806316,1.0
47,Q-Learning,V7,"(88, 59)",8.532905502627237,True,7.288583195395184,1.0
47,Q-Learning,V8,"(96, 59)",17.896743035036014,True,20.692394023525313,1.0
47,Q-Learning,V9,"(51, 15)",26.229818881281652,True,20.07384685084989,5.0
47,Q-Learning,V10,"(39, 14)",26.557075505692858,True,19.039223643997815,1.0
48,Greedy,V1,"(5, 57)",32.13092085210115,True,13.88613443106727,1.0
48,Greedy,V2,"(16, 58)",6.3639852041120335,True,11.001736027394692,1.0
48,Greedy,V3,"(71, 17)",3.574558280340632,True,14.484519974999763,1.0
48,Greedy,V4,"(41, 38)",14.130516688353271,False,0.0,5.0
48,Greedy,V5,"(49, 64)",26.40691862610975,True,4.005828477279557,1.0
48,Greedy,V6,"(69, 77)",22.434491430688993,True,15.968317156811153,1.0
48,Greedy,V7,"(26, 67)",5.12890629445517,True,9.69258240356725,1.0
48,Greedy,V8,"(33, 43)",25.586145104947974,True,10.445833116387234,1.0
48,Greedy,V9,"(18, 100)",28.884695650014407,True,13.008925726121902,1.0
48,Greedy,V10,"(23, 45)",34.18010619252422,True,10.753135566408673,1.0
48,Auction,V1,"(43, 87)",32.330416608192394,True,13.784631984937334,1.0
48,Auction,V2,"(73, 44)",2.886288839488394,True,14.277402395547234,1.0
48,Auction,V3,"(87, 52)",14.877950942814323,True,3.1811273125260726,1.0
48,Auction,V4,"(39, 14)",13.274303941718724,False,0.0,4.0
48,Auction,V5,"(20, 82)",19.984175674817877,True,10.42857142857143,1.0
48,Auction,V6,"(88, 59)",39.13449746904707,True,0.0,1.0
48,Auction,V7,"(13, 83)",3.654822031355753,True,11.166666666666668,1.0
48,Auction,V8,"(51, 15)",34.0189284264426,True,2.0731814857642945,1.0
48,Auction,V9,"(67, 39)",23.839692176840863,True,18.002777006601214,1.0
48,Auction,V10,"(27, 18)",28.42457352972982,True,16.687184270936278,1.0
48,Q-Learning,V1,"(13, 83)",18.002069176634052,True,29.66751697291113,2.0
48,Q-Learning,V2,"(94, 44)",19.18838724384105,True,1.8116127561589508,5.0
48,Q-Learning,V3,"(19, 8)",13.136110080240709,True,6.566557723732533,2.0
48,Q-Learning,V4,"(87, 52)",0.04540618731478574,True,10.303502213799586,2.0
48,Q-Learning,V5,"(20, 82)",19.984175674817877,True,12.42857142857143,3.0
48,Q-Learning,V6,"(67, 39)",24.53228592669383,True,13.870522660806316,1.0
48,Q-Learning,V7,"(88, 59)",8.532905502627237,True,6.288583195395184,1.0
48,Q-Learning,V8,"(96, 59)",17.896743035036014,True,19.692394023525313,1.0
48,Q-Learning,V9,"(51, 15)",26.229818881281652,True,19.07384685084989,5.0
48,Q-Learning,V10,"(39, 14)",26.557075505692858,True,18.039223643997815,1.0
49,Greedy,V1,"(5, 57)",32.13092085210115,True,12.88613443106727,1.0
49,Greedy,V2,"(16, 58)",6.3639852041120335,True,10.001736027394692,1.0
49,Greedy,V3,"(71, 17)",3.574558280340632,True,13.484519974999763,1.0
49,Greedy,V4,"(41, 38)",14.130516688353271,False,0.0,6.0
49,Greedy,V5,"(49, 64)",26.40691862610975,True,3.0058284772795574,1.0
49,Greedy,V6,"(69, 77)",22.434491430688993,True,14.968317156811153,1.0
49,Greedy,V7,"(26, 67)",5.12890629445517,True,8.69258240356725,1.0
49,Greedy,V8,"(33, 43)",25.586145104947974,True,9.445833116387234,1.0
49,Greedy,V9,"(18, 100)",28.884695650014407,True,12.008925726121902,1.0
49,Greedy,V10,"(23, 45)",34.18010619252422,True,9.753135566408673,1.0
49,Auction,V1,"(43, 87)",32.330416608192394,True,12.784631984937334,1.0
49,Auction,V2,"(73, 44)",2.886288839488394,True,13.277402395547234,1.0
49,Auction,V3,"(87, 52)",14.877950942814323,True,2.1811273125260726,1.0
49,Auction,V4,"(39, 14)",13.274303941718724,False,0.0,5.0
49,Auction,V5,"(20, 82)",19.984175674817877,True,9.42857142857143,1.0
49,Auction,V6,"(96, 59)",13.991640326189927,True,24.142857142857142,1.0
49,Auction,V7,"(13, 83)",3.654822031355753,True,10.166666666666668,1.0
49,Auction,V8,"(51, 15)",34.0189284264426,True,1.0731814857642945,1.0
49,Auction,V9,"(67, 39)",23.839692176840863,True,17.002777006601214,1.0
49,Auction,V10,"(27, 18)",28.42457352972982,True,15.687184270936278,1.0
49,Q-Learning,V1,"(13, 83)",18.002069176634052,True,28.66751697291113,2.0
49,Q-Learning,V2,"(94, 44)",19.18838724384105,True,0.8116127561589508,5.0
49,Q-Learning,V3,"(19, 8)",13.136110080240709,True,5.566557723732533,2.0
49,Q-Learning,V4,"(87, 52)",0.04540618731478574,True,9.303502213799586,2.0
49,Q-Learning,V5,"(20, 82)",19.984175674817877,True,11.42857142857143,3.0
49,Q-Learning,V6,"(67, 39)",24.53228592669383,True,12.870522660806316,1.0
49,Q-Learning,V7,"(88, 59)",8.532905502627237,True,5.288583195395184,1.0
49,Q-Learning,V8,"(96, 59)",17.896743035036014,True,18.692394023525313,1.0
49,Q-Learning,V9,"(51, 15)",26.229818881281652,True,18.07384685084989,5.0
49,Q-Learning,V10,"(39, 14)",26.557075505692858,True,17.039223643997815,1.0
50,Greedy,V1,"(5, 57)",32.13092085210115,True,11.88613443106727,1.0
50,Greedy,V2,"(16, 58)",6.3639852041120335,True,9.001736027394692,1.0
50,Greedy,V3,"(71, 17)",3.574558280340632,True,12.484519974999763,1.0
50,Greedy,V4,"(41, 38)",14.130516688353271,False,0.0,7.0
50,Greedy,V5,"(49, 64)",26.40691862610975,True,2.0058284772795574,1.0
50,Greedy,V6,"(69, 77)",22.434491430688993,True,13.968317156811153,1.0
50,Greedy,V7,"(26, 67)",5.12890629445517,True,7.6925824035672505,1.0
50,Greedy,V8,"(33, 43)",25.586145104947974,True,8.445833116387234,1.0
50,Greedy,V9,"(18, 100)",28.884695650014407,True,11.008925726121902,1.0
50,Greedy,V10,"(23, 45)",34.18010619252422,True,8.753135566408673,1.0
50,Auction,V1,"(43, 87)",32.330416608192394,True,11.784631984937334,1.0
50,Auction,V2,"(73, 44)",2.886288839488394,True,12.277402395547234,1.0
50,Auction,V3,"(87, 52)",14.877950942814323,True,1.1811273125260726,1.0
50,Auction,V4,"(39, 14)",13.274303941718724,False,0.0,6.0
50,Auction,V5,"(20, 82)",19.984175674817877,True,8.42857142857143,1.0
50,Auction,V6,"(96, 59)",13.991640326189927,True,23.142857142857142,1.0
50,Auction,V7,"(13, 83)",3.654822031355753,True,9.166666666666668,1.0
50,Auction,V8,"(51, 15)",34.0189284264426,True,0.07318148576429451,1.0
50,Auction,V9,"(67, 39)",23.839692176840863,True,16.002777006601214,1.0
50,Auction,V10,"(27, 18)",28.42457352972982,True,14.687184270936278,1.0
50,Q-Learning,V1,"(13, 83)",18.002069176634052,True,27.66751697291113,2.0
50,Q-Learning,V2,"(94, 44)",19.18838724384105,True,0.0,5.0
50,Q-Learning,V3,"(19, 8)",13.136110080240709,True,4.566557723732533,2.0
50,Q-Learning,V4,"(87, 52)",0.04540618731478574,True,8.303502213799586,2.0
50,Q-Learning,V5,"(20, 82)",19.984175674817877,True,10.42857142857143,3.0
50,Q-Learning,V6,"(67, 39)",24.53228592669383,True,11.870522660806316,1.0
50,Q-Learning,V7,"(88, 59)",8.532905502627237,True,4.288583195395184,1.0
50,Q-Learning,V8,"(96, 59)",17.896743035036014,True,17.692394023525313,1.0
50,Q-Learning,V9,"(51, 15)",26.229818881281652,True,17.07384685084989,5.0
50,Q-Learning,V10,"(39, 14)",26.557075505692858,True,16.039223643997815,1.0
51,Greedy,V1,"(5, 57)",32.13092085210115,True,10.88613443106727,1.0
51,Greedy,V2,"(16, 58)",6.3639852041120335,True,8.001736027394692,1.0
51,Greedy,V3,"(71, 17)",3.574558280340632,True,11.484519974999763,1.0
51,Greedy,V4,"(41, 38)",14.130516688353271,False,0.0,8.0
51,Greedy,V5,"(49, 64)",26.40691862610975,True,1.0058284772795574,1.0
51,Greedy,V6,"(69, 77)",22.434491430688993,True,12.968317156811153,1.0
51,Greedy,V7,"(26, 67)",5.12890629445517,True,6.6925824035672505,1.0
51,Greedy,V8,"(33, 43)",25.586145104947974,True,7.445833116387234,1.0
51,Greedy,V9,"(18, 100)",28.884695650014407,True,10.008925726121902,1.0
51,Greedy,V10,"(23, 45)",34.18010619252422,True,7.753135566408673,1.0
51,Auction,V1,"(43, 87)",32.330416608192394,True,10.784631984937334,1.0
51,Auction,V2,"(73, 44)",2.886288839488394,True,11.277402395547234,1.0
51,Auction,V3,"(87, 52)",14.877950942814323,True,0.18112731252607261,1.0
51,Auction,V4,"(39, 14)",13.274303941718724,False,0.0,7.0
51,Auction,V5,"(20, 82)",19.984175674817877,True,7.428571428571431,1.0
51,Auction,V6,"(96, 59)",13.991640326189927,True,22.142857142857142,1.0
51,Auction,V7,"(13, 83)",3.654822031355753,True,8.166666666666668,1.0
51,Auction,V8,"(51, 15)",34.0189284264426,True,0.0,1.0
51,Auction,V9,"(67, 39)",23.839692176840863,True,15.002777006601214,1.0
51,Auction,V10,"(27, 18)",28.42457352972982,True,13.687184270936278,1.0
51,Q-Learning,V1,"(13, 83)",18.002069176634052,True,26.66751697291113,2.0
51,Q-Learning,V2,"(94, 44)",19.18838724384105,False,0.0,6.0
51,Q-Learning,V3,"(19, 8)",13.136110080240709,True,3.566557723732533,2.0
51,Q-Learning,V4,"(87, 52)",0.04540618731478574,True,7.303502213799586,2.0
51,Q-Learning,V5,"(20, 82)",19.984175674817877,True,9.42857142857143,3.0
51,Q-Learning,V6,"(67, 39)",24.53228592669383,True,10.870522660806316,1.0
51,Q-Learning,V7,"(88, 59)",8.532905502627237,True,3.2885831953951836,1.0
51,Q-Learning,V8,"(96, 59)",17.896743035036014,True,16.692394023525313,1.0
51,Q-Learning,V9,"(51, 15)",26.229818881281652,True,16.07384685084989,5.0
51,Q-Learning,V10,"(39, 14)",26.557075505692858,True,15.039223643997815,1.0
52,Greedy,V1,"(5, 57)",32.13092085210115,True,9.88613443106727,1.0
52,Greedy,V2,"(16, 58)",6.3639852041120335,True,7.001736027394692,1.0
52,Greedy,V3,"(71, 17)",3.574558280340632,True,10.484519974999763,1.0
52,Greedy,V4,"(41, 38)",14.130516688353271,False,0.0,9.0
52,Greedy,V5,"(49, 64)",26.40691862610975,True,0.005828477279557376,1.0
52,Greedy,V6,"(69, 77)",22.434491430688993,True,11.968317156811153,1.0
52,Greedy,V7,"(26, 67)",5.12890629445517,True,5.6925824035672505,1.0
52,Greedy,V8,"(33, 43)",25.586145104947974,True,6.445833116387234,1.0
52,Greedy,V9,"(18, 100)",28.884695650014407,True,9.008925726121902,1.0
52,Greedy,V10,"(23, 45)",34.18010619252422,True,6.753135566408673,1.0
52,Auction,V1,"(43, 87)",32.330416608192394,True,9.784631984937334,1.0
52,Auction,V2,"(73, 44)",2.886288839488394,True,10.277402395547234,1.0
52,Auction,V3,"(87, 52)",14.877950942814323,True,0.0,1.0
52,Auction,V4,"(39, 14)",13.274303941718724,False,0.0,8.0
52,Auction,V5,"(20, 82)",19.984175674817877,True,6.428571428571431,1.0
52,Auction,V6,"(96, 59)",13.991640326189927,True,21.142857142857142,1.0
52,Auction,V7,"(13, 83)",3.654822031355753,True,7.166666666666668,1.0
52,Auction,V8,"(43, 25)",17.5960119292353,True,15.4229164972073,1.0
52,Auction,V9,"(67, 39)",23.839692176840863,True,14.002777006601214,1.0
52,Auction,V10,"(27, 18)",28.42457352972982,True,12.687184270936278,1.0
52,Q-Learning,V1,"(13, 83)",18.002069176634052,True,25.66751697291113,2.0
52,Q-Learning,V2,"(94, 44)",19.18838724384105,False,0.0,7.0
52,Q-Learning,V3,"(19, 8)",13.136110080240709,True,2.566557723732533,2.0
52,Q-Learning,V4,"(87, 52)",0.04540618731478574,True,6.303502213799586,2.0
52,Q-Learning,V5,"(20, 82)",19.984175674817877,True,8.42857142857143,3.0
52,Q-Learning,V6,"(67, 39)",24.53228592669383,True,9.870522660806316,1.0
52,Q-Learning,V7,"(88, 59)",8.532905502627237,True,2.2885831953951836,1.0
52,Q-Learning,V8,"(96, 59)",17.896743035036014,True,15.692394023525313,1.0
52,Q-Learning,V9,"(51, 15)",26.229818881281652,True,15.07384685084989,5.0
52,Q-Learning,V10,"(39, 14)",26.557075505692858,True,14.039223643997815,1.0
53,Greedy,V1,"(5, 57)",32.13092085210115,True,8.88613443106727,1.0
53,Greedy,V2,"(16, 58)",6.3639852041120335,True,6.001736027394692,1.0
53,Greedy,V3,"(71, 17)",3.574558280340632,True,9.484519974999763,1.0
53,Greedy,V4,"(41, 38)",14.130516688353271,False,0.0,10.0
53,Greedy,V5,"(49, 64)",26.40691862610975,True,0.0,1.0
53,Greedy,V6,"(69, 77)",22.434491430688993,True,10.968317156811153,1.0
53,Greedy,V7,"(26, 67)",5.12890629445517,True,4.6925824035672505,1.0
53,Greedy,V8,"(33, 43)",25.586145104947974,True,5.445833116387234,1.0
53,Greedy,V9,"(18, 100)",28.884695650014407,True,8.008925726121902,1.0
53,Greedy,V10,"(23, 45)",34.18010619252422,True,5.753135566408673,1.0
53,Auction,V1,"(43, 87)",32.330416608192394,True,8.784631984937334,1.0
53,Auction,V2,"(73, 44)",2.886288839488394,True,9.277402395547234,1.0
53,Auction,V3,"(87, 52)",14.877950942814323,False,0.0,2.0
53,Auction,V4,"(39, 14)",13.274303941718724,False,0.0,9.0
53,Auction,V5,"(20, 82)",19.984175674817877,True,5.428571428571431,1.0
53,Auction,V6,"(96, 59)",13.991640326189927,True,20.142857142857142,1.0
53,Auction,V7,"(13, 83)",3.654822031355753,True,6.166666666666668,1.0
53,Auction,V8,"(43, 25)",17.5960119292353,True,14.4229164972073,1.0
53,Auction,V9,"(67, 39)",23.839692176840863,True,13.002777006601214,1.0
53,Auction,V10,"(27, 18)",28.42457352972982,True,11.687184270936278,1.0
53,Q-Learning,V1,"(13, 83)",18.002069176634052,True,24.66751697291113,2.0
53,Q-Learning,V2,"(94, 44)",19.18838724384105,False,0.0,8.0
53,Q-Learning,V3,"(19, 8)",13.136110080240709,True,1.566557723732533,2.0
53,Q-Learning,V4,"(87, 52)",0.04540618731478574,True,5.303502213799586,2.0
53,Q-Learning,V5,"(20, 82)",19.984175674817877,True,7.428571428571431,3.0
53,Q-Learning,V6,"(67, 39)",24.53228592669383,True,8.870522660806316,1.0
53,Q-Learning,V7,"(88, 59)",8.532905502627237,True,1.2885831953951836,1.0
53,Q-Learning,V8,"(96, 59)",17.896743035036014,True,14.692394023525313,1.0
53,Q-Learning,V9,"(51, 15)",26.229818881281652,True,14.07384685084989,5.0
53,Q-Learning,V10,"(39, 14)",26.557075505692858,True,13.039223643997815,1.0
54,Greedy,V1,"(5, 57)",32.13092085210115,True,7.886134431067269,1.0
54,Greedy,V2,"(16, 58)",6.3639852041120335,True,5.001736027394692,1.0
54,Greedy,V3,"(71, 17)",3.574558280340632,True,8.484519974999763,1.0
54,Greedy,V4,"(41, 38)",14.130516688353271,False,0.0,11.0
54,Greedy,V5,"(49, 64)",1.2391948704174922,True,24.167723755692258,1.0
54,Greedy,V6,"(69, 77)",22.434491430688993,True,9.968317156811153,1.0
54,Greedy,V7,"(26, 67)",5.12890629445517,True,3.6925824035672505,1.0
54,Greedy,V8,"(33, 43)",25.586145104947974,True,4.445833116387234,1.0
54,Greedy,V9,"(18, 100)",28.884695650014407,True,7.008925726121902,1.0
54,Greedy,V10,"(23, 45)",34.18010619252422,True,4.753135566408673,1.0
54,Auction,V1,"(43, 87)",32.330416608192394,True,7.784631984937334,1.0
54,Auction,V2,"(73, 44)",2.886288839488394,True,8.277402395547234,1.0
54,Auction,V3,"(87, 52)",14.877950942814323,False,0.0,3.0
54,Auction,V4,"(39, 14)",13.274303941718724,False,0.0,10.0
54,Auction,V5,"(20, 82)",19.984175674817877,True,4.428571428571431,1.0
54,Auction,V6,"(96, 59)",13.991640326189927,True,19.142857142857142,1.0
54,Auction,V7,"(13, 83)",3.654822031355753,True,5.166666666666668,1.0
54,Auction,V8,"(43, 25)",17.5960119292353,True,13.4229164972073,1.0
54,Auction,V9,"(67, 39)",23.839692176840863,True,12.002777006601214,1.0
54,Auction,V10,"(27, 18)",28.42457352972982,True,10.687184270936278,1.0
54,Q-Learning,V1,"(13, 83)",18.002069176634052,True,23.66751697291113,2.0
54,Q-Learning,V2,"(94, 44)",19.18838724384105,False,0.0,9.0
54,Q-Learning,V3,"(19, 8)",13.136110080240709,True,0.566557723732533,2.0
54,Q-Learning,V4,"(87, 52)",0.04540618731478574,True,4.303502213799586,2.0
54,Q-Learning,V5,"(20, 82)",19.984175674817877,True,6.428571428571431,3.0
54,Q-Learning,V6,"(67, 39)",24.53228592669383,True,7.870522660806316,1.0
54,Q-Learning,V7,"(88, 59)",8.532905502627237,True,0.2885831953951836,1.0
54,Q-Learning,V8,"(96, 59)",17.896743035036014,True,13.692394023525313,1.0
54,Q-Learning,V9,"(51, 15)",26.229818881281652,True,13.07384685084989,5.0
54,Q-Learning,V10,"(39, 14)",26.557075505692858,True,12.039223643997815,1.0
55,Greedy,V1,"(5, 57)",32.13092085210115,True,6.886134431067269,1.0
55,Greedy,V2,"(16, 58)",6.3639852041120335,True,4.001736027394692,1.0
55,Greedy,V3,"(71, 17)",3.574558280340632,True,7.484519974999763,1.0
55,Greedy,V4,"(41, 38)",14.130516688353271,False,0.0,12.0
55,Greedy,V5,"(49, 64)",1.2391948704174922,True,23.167723755692258,1.0
55,Greedy,V6,"(69, 77)",22.434491430688993,True,8.968317156811153,1.0
55,Greedy,V7,"(26, 67)",5.12890629445517,True,2.6925824035672505,1.0
55,Greedy,V8,"(33, 43)",25.586145104947974,True,3.4458331163872344,1.0
55,Greedy,V9,"(18, 100)",28.884695650014407,True,6.008925726121902,1.0
55,Greedy,V10,"(23, 45)",34.18010619252422,True,3.753135566408673,1.0
55,Auction,V1,"(43, 87)",32.330416608192394,True,6.784631984937334,1.0
55,Auction,V2,"(73, 44)",2.886288839488394,True,7.2774023955472344,1.0
55,Auction,V3,"(87, 52)",14.877950942814323,False,0.0,4.0
55,Auction,V4,"(39, 14)",13.274303941718724,False,0.0,11.0
55,Auction,V5,"(20, 82)",19.984175674817877,True,3.4285714285714306,1.0
55,Auction,V6,"(96, 59)",13.991640326189927,True,18.142857142857142,1.0
55,Auction,V7,"(13, 83)",3.654822031355753,True,4.166666666666668,1.0
55,Auction,V8,"(43, 25)",17.5960119292353,True,12.4229164972073,1.0
55,Auction,V9,"(67, 39)",23.839692176840863,True,11.002777006601214,1.0
55,Auction,V10,"(27, 18)",28.42457352972982,True,9.687184270936278,1.0
55,Q-Learning,V1,"(13, 83)",18.002069176634052,True,22.66751697291113,2.0
55,Q-Learning,V2,"(94, 44)",19.18838724384105,False,0.0,10.0
55,Q-Learning,V3,"(19, 8)",13.136110080240709,True,0.0,2.0
55,Q-Learning,V4,"(87, 52)",0.04540618731478574,True,3.303502213799586,2.0
55,Q-Learning,V5,"(20, 82)",19.984175674817877,True,5.428571428571431,3.0
55,Q-Learning,V6,"(67, 39)",24.53228592669383,True,6.870522660806316,1.0
55,Q-Learning,V7,"(88, 59)",8.532905502627237,True,0.0,1.0
55,Q-Learning,V8,"(96, 59)",17.896743035036014,True,12.692394023525313,1.0
55,Q-Learning,V9,"(51, 15)",26.229818881281652,True,12.07384685084989,5.0
55,Q-Learning,V10,"(39, 14)",26.557075505692858,True,11.039223643997815,1.0
56,Greedy,V1,"(5, 57)",32.13092085210115,True,5.886134431067269,1.0
56,Greedy,V2,"(16, 58)",6.3639852041120335,True,3.001736027394692,1.0
56,Greedy,V3,"(71, 17)",3.574558280340632,True,6.484519974999763,1.0
56,Greedy,V4,"(41, 38)",14.130516688353271,False,0.0,13.0
56,Greedy,V5,"(49, 64)",1.2391948704174922,True,22.167723755692258,1.0
56,Greedy,V6,"(69, 77)",22.434491430688993,True,7.968317156811153,1.0
56,Greedy,V7,"(26, 67)",5.12890629445517,True,1.6925824035672505,1.0
56,Greedy,V8,"(33, 43)",25.586145104947974,True,2.4458331163872344,1.0
56,Greedy,V9,"(18, 100)",28.884695650014407,True,5.008925726121902,1.0
56,Greedy,V10,"(23, 45)",34.18010619252422,True,2.753135566408673,1.0
56,Auction,V1,"(43, 87)",32.330416608192394,True,5.784631984937334,1.0
56,Auction,V2,"(73, 44)",2.886288839488394,True,6.2774023955472344,1.0
56,Auction,V3,"(87, 52)",14.877950942814323,False,0.0,5.0
56,Auction,V4,"(39, 14)",13.274303941718724,False,0.0,12.0
56,Auction,V5,"(20, 82)",19.984175674817877,True,2.4285714285714306,1.0
56,Auction,V6,"(96, 59)",13.991640326189927,True,17.142857142857142,1.0
56,Auction,V7,"(13, 83)",3.654822031355753,True,3.166666666666668,1.0
56,Auction,V8,"(43, 25)",17.5960119292353,True,11.4229164972073,1.0
56,Auction,V9,"(67, 39)",23.839692176840863,True,10.002777006601214,1.0
56,Auction,V10,"(27, 18)",28.42457352972982,True,8.687184270936278,1.0
56,Q-Learning,V1,"(13, 83)",18.002069176634052,True,21.66751697291113,2.0
56,Q-Learning,V2,"(94, 44)",19.18838724384105,False,0.0,11.0
56,Q-Learning,V3,"(31, 19)",1.3273522362296308,True,10.808757844011078,2.0
56,Q-Learning,V4,"(87, 52)",0.04540618731478574,True,2.303502213799586,2.0
56,Q-Learning,V5,"(20, 82)",19.984175674817877,True,4.428571428571431,3.0
56,Q-Learning,V6,"(67, 39)",24.53228592669383,True,5.870522660806316,1.0
56,Q-Learning,V7,"(88, 59)",8.532905502627237,False,0.0,2.0
56,Q-Learning,V8,"(96, 59)",17.896743035036014,True,11.692394023525313,1.0
56,Q-Learning,V9,"(51, 15)",26.229818881281652,True,11.07384685084989,5.0
56,Q-Learning,V10,"(39, 14)",26.557075505692858,True,10.039223643997815,1.0
57,Greedy,V1,"(5, 57)",32.13092085210115,True,4.886134431067269,1.0
57,Greedy,V2,"(16, 58)",6.3639852041120335,True,2.001736027394692,1.0
57,Greedy,V3,"(71, 17)",3.574558280340632,True,5.484519974999763,1.0
57,Greedy,V4,"(41, 38)",14.130516688353271,False,0.0,14.0
57,Greedy,V5,"(49, 64)",1.2391948704174922,True,21.167723755692258,1.0
57,Greedy,V6,"(69, 77)",22.434491430688993,True,6.968317156811153,1.0
57,Greedy,V7,"(26, 67)",5.12890629445517,True,0.6925824035672505,1.0
57,Greedy,V8,"(33, 43)",25.586145104947974,True,1.4458331163872344,1.0
57,Greedy,V9,"(18, 100)",28.884695650014407,True,4.008925726121902,1.0
57,Greedy,V10,"(23, 45)",34.18010619252422,True,1.7531355664086732,1.0
57,Auction,V1,"(43, 87)",32.330416608192394,True,4.784631984937334,1.0
57,Auction,V2,"(73, 44)",2.886288839488394,True,5.2774023955472344,1.0
57,Auction,V3,"(87, 52)",14.877950942814323,False,0.0,6.0
57,Auction,V4,"(39, 14)",13.274303941718724,False,0.0,13.0
57,Auction,V5,"(20, 82)",19.984175674817877,True,1.4285714285714306,1.0
57,Auction,V6,"(96, 59)",13.991640326189927,True,16.142857142857142,1.0
57,Auction,V7,"(13, 83)",3.654822031355753,True,2.166666666666668,1.0
57,Auction,V8,"(43, 25)",17.5960119292353,True,10.4229164972073,1.0
57,Auction,V9,"(67, 39)",23.839692176840863,True,9.002777006601214,1.0
57,Auction,V10,"(27, 18)",28.42457352972982,True,7.687184270936278,1.0
57,Q-Learning,V1,"(13, 83)",18.002069176634052,True,20.66751697291113,2.0
57,Q-Learning,V2,"(94, 44)",19.18838724384105,False,0.0,12.0
57,Q-Learning,V3,"(31, 19)",1.3273522362296308,True,9.808757844011078,2.0
57,Q-Learning,V4,"(87, 52)",0.04540618731478574,True,1.303502213799586,2.0
57,Q-Learning,V5,"(20, 82)",19.984175674817877,True,3.4285714285714306,3.0
57,Q-Learning,V6,"(67, 39)",24.53228592669383,True,4.870522660806316,1.0
57,Q-Learning,V7,"(88, 59)",8.532905502627237,False,0.0,3.0
57,Q-Learning,V8,"(96, 59)",17.896743035036014,True,10.692394023525313,1.0
57,Q-Learning,V9,"(51, 15)",26.229818881281652,True,10.07384685084989,5.0
57,Q-Learning,V10,"(39, 14)",26.557075505692858,True,9.039223643997815,1.0
58,Greedy,V1,"(5, 57)",32.13092085210115,True,3.886134431067269,1.0
58,Greedy,V2,"(16, 58)",6.3639852041120335,True,1.001736027394692,1.0
58,Greedy,V3,"(71, 17)",3.574558280340632,True,4.484519974999763,1.0
58,Greedy,V4,"(41, 38)",14.130516688353271,False,0.0,15.0
58,Greedy,V5,"(49, 64)",1.2391948704174922,True,20.167723755692258,1.0
58,Greedy,V6,"(69, 77)",22.434491430688993,True,5.968317156811153,1.0
58,Greedy,V7,"(26, 67)",5.12890629445517,True,0.0,1.0
58,Greedy,V8,"(33, 43)",25.586145104947974,True,0.44583311638723444,1.0
58,Greedy,V9,"(18, 100)",28.884695650014407,True,3.008925726121902,1.0
58,Greedy,V10,"(23, 45)",34.18010619252422,True,0.7531355664086732,1.0
58,Auction,V1,"(43, 87)",32.330416608192394,True,3.7846319849373344,1.0
58,Auction,V2,"(73, 44)",2.886288839488394,True,4.2774023955472344,1.0
58,Auction,V3,"(87, 52)",14.877950942814323,False,0.0,7.0
58,Auction,V4,"(39, 14)",13.274303941718724,False,0.0,14.0
58,Auction,V5,"(20, 82)",19.984175674817877,True,0.4285714285714306,1.0
58,Auction,V6,"(96, 59)",13.991640326189927,True,15.142857142857142,1.0
58,Auction,V7,"(13, 83)",3.654822031355753,True,1.1666666666666679,1.0
58,Auction,V8,"(43, 25)",17.5960119292353,True,9.4229164972073,1.0
58,Auction,V9,"(67, 39)",23.839692176840863,True,8.002777006601214,1.0
58,Auction,V10,"(27, 18)",28.42457352972982,True,6.687184270936278,1.0
58,Q-Learning,V1,"(13, 83)",18.002069176634052,True,19.66751697291113,2.0
58,Q-Learning,V2,"(94, 44)",19.18838724384105,False,0.0,13.0
58,Q-Learning,V3,"(31, 19)",1.3273522362296308,True,8.808757844011078,2.0
58,Q-Learning,V4,"(87, 52)",0.04540618731478574,True,0.303502213799586,2.0
58,Q-Learning,V5,"(20, 82)",19.984175674817877,True,2.4285714285714306,3.0
58,Q-Learning,V6,"(67, 39)",24.53228592669383,True,3.8705226608063157,1.0
58,Q-Learning,V7,"(88, 59)",8.532905502627237,False,0.0,4.0
58,Q-Learning,V8,"(96, 59)",17.896743035036014,True,9.692394023525313,1.0
58,Q-Learning,V9,"(51, 15)",26.229818881281652,True,9.07384685084989,5.0
58,Q-Learning,V10,"(39, 14)",26.557075505692858,True,8.039223643997815,1.0
59,Greedy,V1,"(5, 57)",32.13092085210115,True,2.886134431067269,1.0
59,Greedy,V2,"(16, 58)",6.3639852041120335,True,0.0017360273946920302,1.0
59,Greedy,V3,"(71, 17)",3.574558280340632,True,3.4845199749997633,1.0
59,Greedy,V4,"(41, 38)",14.130516688353271,False,0.0,16.0
59,Greedy,V5,"(49, 64)",1.2391948704174922,True,19.167723755692258,1.0
59,Greedy,V6,"(69, 77)",22.434491430688993,True,4.968317156811153,1.0
59,Greedy,V7,"(26, 67)",5.12890629445517,False,0.0,2.0
59,Greedy,V8,"(33, 43)",25.586145104947974,True,0.0,1.0
59,Greedy,V9,"(18, 100)",28.884695650014407,True,2.008925726121902,1.0
59,Greedy,V10,"(23, 45)",34.18010619252422,True,0.0,1.0
59,Auction,V1,"(43, 87)",32.330416608192394,True,2.7846319849373344,1.0
59,Auction,V2,"(73, 44)",2.886288839488394,True,3.2774023955472344,1.0
59,Auction,V3,"(87, 52)",14.877950942814323,False,0.0,8.0
59,Auction,V4,"(39, 14)",13.274303941718724,False,0.0,15.0
59,Auction,V5,"(20, 82)",19.984175674817877,True,0.0,1.0
59,Auction,V6,"(96, 59)",13.991640326189927,True,14.142857142857142,1.0
59,Auction,V7,"(13, 83)",3.654822031355753,True,0.16666666666666785,1.0
59,Auction,V8,"(43, 25)",17.5960119292353,True,8.4229164972073,1.0
59,Auction,V9,"(67, 39)",23.839692176840863,True,7.002777006601214,1.0
59,Auction,V10,"(27, 18)",28.42457352972982,True,5.687184270936278,1.0
59,Q-Learning,V1,"(13, 83)",18.002069176634052,True,18.66751697291113,2.0
59,Q-Learning,V2,"(94, 44)",19.18838724384105,False,0.0,14.0
59,Q-Learning,V3,"(31, 19)",1.3273522362296308,True,7.808757844011078,2.0
59,Q-Learning,V4,"(87, 52)",0.04540618731478574,True,0.0,2.0
59,Q-Learning,V5,"(20, 82)",19.984175674817877,True,1.4285714285714306,3.0
59,Q-Learning,V6,"(67, 39)",24.53228592669383,True,2.8705226608063157,1.0
59,Q-Learning,V7,"(88, 59)",8.532905502627237,False,0.0,5.0
59,Q-Learning,V8,"(96, 59)",17.896743035036014,True,8.692394023525313,1.0
59,Q-Learning,V9,"(51, 15)",26.229818881281652,True,8.07384685084989,5.0
59,Q-Learning,V10,"(39, 14)",26.557075505692858,True,7.039223643997815,1.0
60,Greedy,V1,"(5, 57)",32.13092085210115,True,1.8861344310672692,1.0
60,Greedy,V2,"(16, 58)",6.3639852041120335,True,0.0,1.0
60,Greedy,V3,"(71, 17)",3.574558280340632,True,2.4845199749997633,1.0
60,Greedy,V4,"(41, 38)",14.130516688353271,False,0.0,17.0
60,Greedy,V5,"(49, 64)",1.2391948704174922,True,18.167723755692258,1.0
60,Greedy,V6,"(69, 77)",22.434491430688993,True,3.9683171568111533,1.0
60,Greedy,V7,"(26, 67)",5.12890629445517,False,0.0,3.0
60,Greedy,V8,"(33, 43)",8.298227295839752,True,16.287917809108222,1.0
60,Greedy,V9,"(18, 100)",28.884695650014407,True,1.0089257261219018,1.0
60,Greedy,V10,"(23, 45)",5.977508170548088,True,27.202598021976133,1.0
60,Auction,V1,"(43, 87)",32.330416608192394,True,1.7846319849373344,1.0
60,Auction,V2,"(73, 44)",2.886288839488394,True,2.2774023955472344,1.0
60,Auction,V3,"(87, 52)",14.877950942814323,False,0.0,9.0
60,Auction,V4,"(39, 14)",13.274303941718724,False,0.0,16.0
60,Auction,V5,"(30, 42)",1.0940247810783603,True,17.890150893739516,1.0
60,Auction,V6,"(96, 59)",13.991640326189927,True,13.142857142857142,1.0
60,Auction,V7,"(13, 83)",3.654822031355753,True,0.0,1.0
60,Auction,V8,"(43, 25)",17.5960119292353,True,7.4229164972073,1.0
60,Auction,V9,"(67, 39)",23.839692176840863,True,6.002777006601214,1.0
60,Auction,V10,"(27, 18)",28.42457352972982,True,4.687184270936278,1.0
60,Q-Learning,V1,"(13, 83)",18.002069176634052,True,17.66751697291113,2.0
60,Q-Learning,V2,"(94, 44)",19.18838724384105,False,0.0,15.0
60,Q-Learning,V3,"(31, 19)",1.3273522362296308,True,6.808757844011078,2.0
60,Q-Learning,V4,"(87, 52)",0.04540618731478574,False,0.0,3.0
60,Q-Learning,V5,"(20, 82)",19.984175674817877,True,0.4285714285714306,3.0
60,Q-Learning,V6,"(67, 39)",24.53228592669383,True,1.8705226608063157,1.0
60,Q-Learning,V7,"(88, 59)",8.532905502627237,False,0.0,6.0
60,Q-Learning,V8,"(96, 59)",17.896743035036014,True,7.692394023525313,1.0
60,Q-Learning,V9,"(51, 15)",26.229818881281652,True,7.07384685084989,5.0
60,Q-Learning,V10,"(39, 14)",26.557075505692858,True,6.039223643997815,1.0
61,Greedy,V1,"(5, 57)",32.13092085210115,True,0.8861344310672692,1.0
61,Greedy,V2,"(16, 58)",6.3639852041120335,False,0.0,2.0
61,Greedy,V3,"(71, 17)",3.574558280340632,True,1.4845199749997633,1.0
61,Greedy,V4,"(41, 38)",14.130516688353271,False,0.0,18.0
61,Greedy,V5,"(49, 64)",1.2391948704174922,True,17.167723755692258,1.0
61,Greedy,V6,"(69, 77)",22.434491430688993,True,2.9683171568111533,1.0
61,Greedy,V7,"(26, 67)",5.12890629445517,False,0.0,4.0
61,Greedy,V8,"(33, 43)",8.298227295839752,True,15.287917809108222,1.0
61,Greedy,V9,"(18, 100)",28.884695650014407,True,0.00892572612190179,1.0
61,Greedy,V10,"(23, 45)",5.977508170548088,True,26.202598021976133,1.0
61,Auction,V1,"(43, 87)",32.330416608192394,True,0.7846319849373344,1.0
61,Auction,V2,"(73, 44)",2.886288839488394,True,1.2774023955472344,1.0
61,Auction,V3,"(87, 52)",14.877950942814323,False,0.0,10.0
61,Auction,V4,"(39, 14)",13.274303941718724,False,0.0,17.0
61,Auction,V5,"(30, 42)",1.0940247810783603,True,16.890150893739516,1.0
61,Auction,V6,"(96, 59)",13.991640326189927,True,12.142857142857142,1.0
61,Auction,V7,"(13, 83)",3.654822031355753,False,0.0,2.0
61,Auction,V8,"(43, 25)",17.5960119292353,True,6.4229164972073,1.0
61,Auction,V9,"(67, 39)",23.839692176840863,True,5.002777006601214,1.0
61,Auction,V10,"(27, 18)",28.42457352972982,True,3.687184270936278,1.0
61,Q-Learning,V1,"(13, 83)",18.002069176634052,True,16.66751697291113,2.0
61,Q-Learning,V2,"(94, 44)",19.18838724384105,False,0.0,16.0
61,Q-Learning,V3,"(31, 19)",1.3273522362296308,True,5.808757844011078,2.0
61,Q-Learning,V4,"(87, 52)",0.04540618731478574,False,0.0,4.0
61,Q-Learning,V5,"(20, 82)",19.984175674817877,True,0.0,3.0
61,Q-Learning,V6,"(67, 39)",24.53228592669383,True,0.8705226608063157,1.0
61,Q-Learning,V7,"(88, 59)",8.532905502627237,False,0.0,7.0
61,Q-Learning,V8,"(96, 59)",17.896743035036014,True,6.692394023525313,1.0
61,Q-Learning,V9,"(51, 15)",26.229818881281652,True,6.07384685084989,5.0
61,Q-Learning,V10,"(39, 14)",26.557075505692858,True,5.039223643997815,1.0
62,Greedy,V1,"(5, 57)",32.13092085210115,True,0.0,1.0
62,Greedy,V2,"(16, 58)",6.3639852041120335,False,0.0,3.0
62,Greedy,V3,"(71, 17)",3.574558280340632,True,0.4845199749997633,1.0
62,Greedy,V4,"(41, 38)",14.130516688353271,False,0.0,19.0
62,Greedy,V5,"(49, 64)",1.2391948704174922,True,16.167723755692258,1.0
62,Greedy,V6,"(69, 77)",22.434491430688993,True,1.9683171568111533,1.0
62,Greedy,V7,"(26, 67)",5.12890629445517,False,0.0,5.0
62,Greedy,V8,"(33, 43)",8.298227295839752,True,14.287917809108222,1.0
62,Greedy,V9,"(18, 100)",28.884695650014407,True,0.0,1.0
62,Greedy,V10,"(23, 45)",5.977508170548088,True,25.202598021976133,1.0
62,Auction,V1,"(43, 87)",32.330416608192394,True,0.0,1.0
62,Auction,V2,"(73, 44)",2.886288839488394,True,0.27740239554723445,1.0
62,Auction,V3,"(87, 52)",14.877950942814323,False,0.0,11.0
62,Auction,V4,"(39, 14)",13.274303941718724,False,0.0,18.0
62,Auction,V5,"(30, 42)",1.0940247810783603,True,15.890150893739516,1.0
62,Auction,V6,"(96, 59)",13.991640326189927,True,11.142857142857142,1.0
62,Auction,V7,"(13, 83)",3.654822031355753,False,0.0,3.0
62,Auction,V8,"(43, 25)",17.5960119292353,True,5.4229164972073,1.0
62,Auction,V9,"(67, 39)",23.839692176840863,True,4.002777006601214,1.0
62,Auction,V10,"(27, 18)",28.42457352972982,True,2.687184270936278,1.0
62,Q-Learning,V1,"(13, 83)",18.002069176634052,True,15.66751697291113,2.0
62,Q-Learning,V2,"(94, 44)",19.18838724384105,False,0.0,17.0
62,Q-Learning,V3,"(31, 19)",1.3273522362296308,True,4.808757844011078,2.0
62,Q-Learning,V4,"(87, 52)",0.04540618731478574,False,0.0,5.0
62,Q-Learning,V5,"(30, 42)",1.0940247810783603,True,17.890150893739516,3.0
62,Q-Learning,V6,"(67, 39)",24.53228592669383,True,0.0,1.0
62,Q-Learning,V7,"(88, 59)",8.532905502627237,False,0.0,8.0
62,Q-Learning,V8,"(96, 59)",17.896743035036014,True,5.692394023525313,1.0
62,Q-Learning,V9,"(51, 15)",26.229818881281652,True,5.07384685084989,5.0
62,Q-Learning,V10,"(39, 14)",26.557075505692858,True,4.039223643997815,1.0
63,Greedy,V1,"(5, 57)",6.979169745201357,True,24.15175110689979,1.0
63,Greedy,V2,"(16, 58)",6.3639852041120335,False,0.0,4.0
63,Greedy,V3,"(71, 17)",3.574558280340632,True,0.0,1.0
63,Greedy,V4,"(41, 38)",14.130516688353271,False,0.0,20.0
63,Greedy,V5,"(49, 64)",1.2391948704174922,True,15.167723755692258,1.0
63,Greedy,V6,"(69, 77)",22.434491430688993,True,0.9683171568111533,1.0
63,Greedy,V7,"(26, 67)",5.12890629445517,False,0.0,6.0
63,Greedy,V8,"(33, 43)",8.298227295839752,True,13.287917809108222,1.0
63,Greedy,V9,"(18, 100)",2.870825997850634,True,25.013869652163773,1.0
63,Greedy,V10,"(23, 45)",5.977508170548088,True,24.202598021976133,1.0
63,Auction,V1,"(50, 70)",2.7040199923566455,True,28.62639661583575,1.0
63,Auction,V2,"(73, 44)",2.886288839488394,True,0.0,1.0
63,Auction,V3,"(87, 52)",14.877950942814323,False,0.0,12.0
63,Auction,V4,"(39, 14)",13.274303941718724,False,0.0,19.0
63,Auction,V5,"(30, 42)",1.0940247810783603,True,14.890150893739516,1.0
63,Auction,V6,"(96, 59)",13.991640326189927,True,10.142857142857142,1.0
63,Auction,V7,"(13, 83)",3.654822031355753,False,0.0,4.0
63,Auction,V8,"(43, 25)",17.5960119292353,True,4.4229164972073,1.0
63,Auction,V9,"(67, 39)",23.839692176840863,True,3.002777006601214,1.0
63,Auction,V10,"(27, 18)",28.42457352972982,True,1.687184270936278,1.0
63,Q-Learning,V1,"(13, 83)",18.002069176634052,True,14.66751697291113,2.0
63,Q-Learning,V2,"(94, 44)",19.18838724384105,False,0.0,18.0
63,Q-Learning,V3,"(31, 19)",1.3273522362296308,True,3.808757844011078,2.0
63,Q-Learning,V4,"(87, 52)",0.04540618731478574,False,0.0,6.0
63,Q-Learning,V5,"(30, 42)",1.0940247810783603,True,16.890150893739516,3.0
63,Q-Learning,V6,"(43, 25)",5.563016215422458,True,17.969269711271373,1.0
63,Q-Learning,V7,"(88, 59)",8.532905502627237,False,0.0,9.0
63,Q-Learning,V8,"(96, 59)",17.896743035036014,True,4.692394023525313,1.0
63,Q-Learning,V9,"(51, 15)",26.229818881281652,True,4.07384685084989,5.0
63,Q-Learning,V10,"(39, 14)",26.557075505692858,True,3.039223643997815,1.0
64,Greedy,V1,"(5, 57)",6.979169745201357,True,23.15175110689979,1.0
64,Greedy,V2,"(16, 58)",6.3639852041120335,False,0.0,5.0
64,Greedy,V3,"(71, 17)",3.574558280340632,False,0.0,2.0
64,Greedy,V4,"(41, 38)",14.130516688353271,False,0.0,21.0
64,Greedy,V5,"(49, 64)",1.2391948704174922,True,14.167723755692258,1.0
64,Greedy,V6,"(69, 77)",22.434491430688993,True,0.0,1.0
64,Greedy,V7,"(26, 67)",5.12890629445517,False,0.0,7.0
64,Greedy,V8,"(33, 43)",8.298227295839752,True,12.287917809108222,1.0
64,Greedy,V9,"(18, 100)",2.870825997850634,True,24.013869652163773,1.0
64,Greedy,V10,"(23, 45)",5.977508170548088,True,23.202598021976133,1.0
64,Auction,V1,"(50, 70)",2.7040199923566455,True,27.62639661583575,1.0
64,Auction,V2,"(73, 44)",2.886288839488394,False,0.0,2.0
64,Auction,V3,"(87, 52)",14.877950942814323,False,0.0,13.0
64,Auction,V4,"(39, 14)",13.274303941718724,False,0.0,20.0
64,Auction,V5,"(30, 42)",1.0940247810783603,True,13.890150893739516,1.0
64,Auction,V6,"(96, 59)",13.991640326189927,True,9.142857142857142,1.0
64,Auction,V7,"(13, 83)",3.654822031355753,False,0.0,5.0
64,Auction,V8,"(43, 25)",17.5960119292353,True,3.4229164972073,1.0
64,Auction,V9,"(67, 39)",23.839692176840863,True,2.002777006601214,1.0
64,Auction,V10,"(27, 18)",28.42457352972982,True,0.6871842709362781,1.0
64,Q-Learning,V1,"(13, 83)",18.002069176634052,True,13.66751697291113,2.0
64,Q-Learning,V2,"(94, 44)",19.18838724384105,False,0.0,19.0
64,Q-Learning,V3,"(31, 19)",1.3273522362296308,True,2.808757844011078,2.0
64,Q-Learning,V4,"(87, 52)",0.04540618731478574,False,0.0,7.0
64,Q-Learning,V5,"(30, 42)",1.0940247810783603,True,15.890150893739516,3.0
64,Q-Learning,V6,"(43, 25)",5.563016215422458,True,16.969269711271373,1.0
64,Q-Learning,V7,"(88, 59)",8.532905502627237,False,0.0,10.0
64,Q-Learning,V8,"(96, 59)",17.896743035036014,True,3.6923940235253134,1.0
64,Q-Learning,V9,"(51, 15)",26.229818881281652,True,3.0738468508498897,5.0
64,Q-Learning,V10,"(39, 14)",26.557075505692858,True,2.039223643997815,1.0
65,Greedy,V1,"(5, 57)",6.979169745201357,True,22.15175110689979,1.0
65,Greedy,V2,"(16, 58)",6.3639852041120335,False,0.0,6.0
65,Greedy,V3,"(71, 17)",3.574558280340632,False,0.0,3.0
65,Greedy,V4,"(41, 38)",14.130516688353271,False,0.0,22.0
65,Greedy,V5,"(49, 64)",1.2391948704174922,True,13.167723755692258,1.0
65,Greedy,V6,"(69, 77)",1.948449998361049,True,19.486041432327944,1.0
65,Greedy,V7,"(26, 67)",5.12890629445517,False,0.0,8.0
65,Greedy,V8,"(33, 43)",8.298227295839752,True,11.287917809108222,1.0
65,Greedy,V9,"(18, 100)",2.870825997850634,True,23.013869652163773,1.0
65,Greedy,V10,"(23, 45)",5.977508170548088,True,22.202598021976133,1.0
65,Auction,V1,"(50, 70)",2.7040199923566455,True,26.62639661583575,1.0
65,Auction,V2,"(73, 44)",2.886288839488394,False,0.0,3.0
65,Auction,V3,"(87, 52)",14.877950942814323,False,0.0,14.0
65,Auction,V4,"(39, 14)",13.274303941718724,False,0.0,21.0
65,Auction,V5,"(30, 42)",1.0940247810783603,True,12.890150893739516,1.0
65,Auction,V6,"(96, 59)",13.991640326189927,True,8.142857142857142,1.0
65,Auction,V7,"(13, 83)",3.654822031355753,False,0.0,6.0
65,Auction,V8,"(43, 25)",17.5960119292353,True,2.4229164972073,1.0
65,Auction,V9,"(67, 39)",23.839692176840863,True,1.0027770066012138,1.0
65,Auction,V10,"(27, 18)",28.42457352972982,True,0.0,1.0
65,Q-Learning,V1,"(13, 83)",18.002069176634052,True,12.66751697291113,2.0
65,Q-Learning,V2,"(94, 44)",19.18838724384105,False,0.0,20.0
65,Q-Learning,V3,"(31, 19)",1.3273522362296308,True,1.8087578440110779,2.0
65,Q-Learning,V4,"(87, 52)",0.04540618731478574,False,0.0,8.0
65,Q-Learning,V5,"(30, 42)",1.0940247810783603,True,14.890150893739516,3.0
65,Q-Learning,V6,"(43, 25)",5.563016215422458,True,15.969269711271373,1.0
65,Q-Learning,V7,"(88, 59)",8.532905502627237,False,0.0,11.0
65,Q-Learning,V8,"(96, 59)",17.896743035036014,True,2.6923940235253134,1.0
65,Q-Learning,V9,"(51, 15)",26.229818881281652,True,2.0738468508498897,5.0
65,Q-Learning,V10,"(39, 14)",26.557075505692858,True,1.0392236439978149,1.0
66,Greedy,V1,"(5, 57)",6.979169745201357,True,21.15175110689979,1.0
66,Greedy,V2,"(16, 58)",6.3639852041120335,False,0.0,7.0
66,Greedy,V3,"(71, 17)",3.574558280340632,False,0.0,4.0
66,Greedy,V4,"(41, 38)",14.130516688353271,False,0.0,23.0
66,Greedy,V5,"(49, 64)",1.2391948704174922,True,12.167723755692258,1.0
66,Greedy,V6,"(69, 77)",1.948449998361049,True,18.486041432327944,1.0
66,Greedy,V7,"(26, 67)",5.12890629445517,False,0.0,9.0
66,Greedy,V8,"(33, 43)",8.298227295839752,True,10.287917809108222,1.0
66,Greedy,V9,"(18, 100)",2.870825997850634,True,22.013869652163773,1.0
66,Greedy,V10,"(23, 45)",5.977508170548088,True,21.202598021976133,1.0
66,Auction,V1,"(50, 70)",2.7040199923566455,True,25.62639661583575,1.0
66,Auction,V2,"(73, 44)",2.886288839488394,False,0.0,4.0
66,Auction,V3,"(87, 52)",14.877950942814323,False,0.0,15.0
66,Auction,V4,"(39, 14)",13.274303941718724,False,0.0,22.0
66,Auction,V5,"(30, 42)",1.0940247810783603,True,11.890150893739516,1.0
66,Auction,V6,"(96, 59)",13.991640326189927,True,7.142857142857142,1.0
66,Auction,V7,"(13, 83)",3.654822031355753,False,0.0,7.0
66,Auction,V8,"(43, 25)",17.5960119292353,True,1.4229164972073,1.0
66,Auction,V9,"(67, 39)",23.839692176840863,True,0.0027770066012138273,1.0
66,Auction,V10,"(19, 8)",4.290198783918871,True,23.13437474581095,1.0
66,Q-Learning,V1,"(13, 83)",18.002069176634052,True,11.66751697291113,2.0
66,Q-Learning,V2,"(94, 44)",19.18838724384105,False,0.0,21.0
66,Q-Learning,V3,"(31, 19)",1.3273522362296308,True,0.8087578440110779,2.0
66,Q-Learning,V4,"(87, 52)",0.04540618731478574,False,0.0,9.0
66,Q-Learning,V5,"(30, 42)",1.0940247810783603,True,13.890150893739516,3.0
66,Q-Learning,V6,"(43, 25)",5.563016215422458,True,14.969269711271373,1.0
66,Q-Learning,V7,"(88, 59)",8.532905502627237,False,0.0,12.0
66,Q-Learning,V8,"(96, 59)",17.896743035036014,True,1.6923940235253134,1.0
66,Q-Learning,V9,"(51, 15)",26.229818881281652,True,1.0738468508498897,5.0
66,Q-Learning,V10,"(39, 14)",26.557075505692858,True,0.03922364399781486,1.0
67,Greedy,V1,"(5, 57)",6.979169745201357,True,20.15175110689979,1.0
67,Greedy,V2,"(16, 58)",6.3639852041120335,False,0.0,8.0
67,Greedy,V3,"(71, 17)",3.574558280340632,False,0.0,5.0
67,Greedy,V4,"(41, 38)",14.130516688353271,False,0.0,24.0
67,Greedy,V5,"(49, 64)",1.2391948704174922,True,11.167723755692258,1.0
67,Greedy,V6,"(69, 77)",1.948449998361049,True,17.486041432327944,1.0
67,Greedy,V7,"(26, 67)",5.12890629445517,False,0.0,10.0
67,Greedy,V8,"(33, 43)",8.298227295839752,True,9.287917809108222,1.0
67,Greedy,V9,"(18, 100)",2.870825997850634,True,21.013869652163773,1.0
67,Greedy,V10,"(23, 45)",5.977508170548088,True,20.202598021976133,1.0
67,Auction,V1,"(50, 70)",2.7040199923566455,True,24.62639661583575,1.0
67,Auction,V2,"(73, 44)",2.886288839488394,False,0.0,5.0
67,Auction,V3,"(87, 52)",14.877950942814323,False,0.0,16.0
67,Auction,V4,"(39, 14)",13.274303941718724,False,0.0,23.0
67,Auction,V5,"(30, 42)",1.0940247810783603,True,10.890150893739516,1.0
67,Auction,V6,"(96, 59)",13.991640326189927,True,6.142857142857142,1.0
67,Auction,V7,"(13, 83)",3.654822031355753,False,0.0,8.0
67,Auction,V8,"(43, 25)",17.5960119292353,True,0.42291649720730007,1.0
67,Auction,V9,"(67, 39)",23.839692176840863,True,0.0,1.0
67,Auction,V10,"(19, 8)",4.290198783918871,True,22.13437474581095,1.0
67,Q-Learning,V1,"(13, 83)",18.002069176634052,True,10.66751697291113,2.0
67,Q-Learning,V2,"(94, 44)",19.18838724384105,False,0.0,22.0
67,Q-Learning,V3,"(31, 19)",1.3273522362296308,True,0.0,2.0
67,Q-Learning,V4,"(87, 52)",0.04540618731478574,False,0.0,10.0
67,Q-Learning,V5,"(30, 42)",1.0940247810783603,True,12.890150893739516,3.0
67,Q-Learning,V6,"(43, 25)",5.563016215422458,True,13.969269711271373,1.0
67,Q-Learning,V7,"(88, 59)",8.532905502627237,False,0.0,13.0
67,Q-Learning,V8,"(96, 59)",17.896743035036014,True,0.6923940235253134,1.0
67,Q-Learning,V9,"(51, 15)",26.229818881281652,True,0.07384685084988973,5.0
67,Q-Learning,V10,"(39, 14)",26.557075505692858,True,0.0,1.0
68,Greedy,V1,"(5, 57)",6.979169745201357,True,19.15175110689979,1.0
68,Greedy,V2,"(16, 58)",6.3639852041120335,False,0.0,9.0
68,Greedy,V3,"(71, 17)",3.574558280340632,False,0.0,6.0
68,Greedy,V4,"(41, 38)",14.130516688353271,False,0.0,25.0
68,Greedy,V5,"(49, 64)",1.2391948704174922,True,10.167723755692258,1.0
68,Greedy,V6,"(69, 77)",1.948449998361049,True,16.486041432327944,1.0
68,Greedy,V7,"(26, 67)",5.12890629445517,False,0.0,11.0
68,Greedy,V8,"(33, 43)",8.298227295839752,True,8.287917809108222,1.0
68,Greedy,V9,"(18, 100)",2.870825997850634,True,20.013869652163773,1.0
68,Greedy,V10,"(23, 45)",5.977508170548088,True,19.202598021976133,1.0
68,Auction,V1,"(50, 70)",2.7040199923566455,True,23.62639661583575,1.0
68,Auction,V2,"(73, 44)",2.886288839488394,False,0.0,6.0
68,Auction,V3,"(87, 52)",14.877950942814323,False,0.0,17.0
68,Auction,V4,"(39, 14)",13.274303941718724,False,0.0,24.0
68,Auction,V5,"(30, 42)",1.0940247810783603,True,9.890150893739516,1.0
68,Auction,V6,"(96, 59)",13.991640326189927,True,5.142857142857142,1.0
68,Auction,V7,"(13, 83)",3.654822031355753,False,0.0,9.0
68,Auction,V8,"(43, 25)",17.5960119292353,True,0.0,1.0
68,Auction,V9,"(40, 27)",1.9152632759428094,True,20.924428900898054,1.0
68,Auction,V10,"(19, 8)",4.290198783918871,True,21.13437474581095,1.0
68,Q-Learning,V1,"(13, 83)",18.002069176634052,True,9.66751697291113,2.0
68,Q-Learning,V2,"(94, 44)",19.18838724384105,False,0.0,23.0
68,Q-Learning,V3,"(31, 19)",1.3273522362296308,False,0.0,3.0
68,Q-Learning,V4,"(87, 52)",0.04540618731478574,False,0.0,11.0
68,Q-Learning,V5,"(30, 42)",1.0940247810783603,True,11.890150893739516,3.0
68,Q-Learning,V6,"(43, 25)",5.563016215422458,True,12.969269711271373,1.0
68,Q-Learning,V7,"(88, 59)",8.532905502627237,False,0.0,14.0
68,Q-Learning,V8,"(96, 59)",17.896743035036014,True,0.0,1.0
68,Q-Learning,V9,"(51, 15)",26.229818881281652,True,0.0,5.0
68,Q-Learning,V10,"(27, 18)",6.448890398913939,True,19.10818510677892,1.0
69,Greedy,V1,"(5, 57)",6.979169745201357,True,18.15175110689979,1.0
69,Greedy,V2,"(16, 58)",6.3639852041120335,False,0.0,10.0
69,Greedy,V3,"(71, 17)",3.574558280340632,False,0.0,7.0
69,Greedy,V4,"(41, 38)",14.130516688353271,False,0.0,26.0
69,Greedy,V5,"(49, 64)",1.2391948704174922,True,9.167723755692258,1.0
69,Greedy,V6,"(69, 77)",1.948449998361049,True,15.486041432327944,1.0
69,Greedy,V7,"(26, 67)",5.12890629445517,False,0.0,12.0
69,Greedy,V8,"(33, 43)",8.298227295839752,True,7.287917809108222,1.0
69,Greedy,V9,"(18, 100)",2.870825997850634,True,19.013869652163773,1.0
69,Greedy,V10,"(23, 45)",5.977508170548088,True,18.202598021976133,1.0
69,Auction,V1,"(50, 70)",2.7040199923566455,True,22.62639661583575,1.0
69,Auction,V2,"(73, 44)",2.886288839488394,False,0.0,7.0
69,Auction,V3,"(87, 52)",14.877950942814323,False,0.0,18.0
69,Auction,V4,"(39, 14)",13.274303941718724,False,0.0,25.0
69,Auction,V5,"(30, 42)",1.0940247810783603,True,8.890150893739516,1.0
69,Auction,V6,"(96, 59)",13.991640326189927,True,4.142857142857142,1.0
69,Auction,V7,"(13, 83)",3.654822031355753,False,0.0,10.0
69,Auction,V8,"(64, 23)",3.2521204725987456,True,13.343891456636554,1.0
69,Auction,V9,"(40, 27)",1.9152632759428094,True,19.924428900898054,1.0
69,Auction,V10,"(19, 8)",4.290198783918871,True,20.13437474581095,1.0
69,Q-Learning,V1,"(13, 83)",18.002069176634052,True,8.66751697291113,2.0
69,Q-Learning,V2,"(94, 44)",19.18838724384105,False,0.0,24.0
69,Q-Learning,V3,"(31, 19)",1.3273522362296308,False,0.0,4.0
69,Q-Learning,V4,"(87, 52)",0.04540618731478574,False,0.0,12.0
69,Q-Learning,V5,"(30, 42)",1.0940247810783603,True,10.890150893739516,3.0
69,Q-Learning,V6,"(43, 25)",5.563016215422458,True,11.969269711271373,1.0
69,Q-Learning,V7,"(88, 59)",8.532905502627237,False,0.0,15.0
69,Q-Learning,V8,"(64, 23)",0.5449232222394365,True,16.351819812796577,1.0
69,Q-Learning,V9,"(40, 27)",6.516682115265034,True,18.713136766016618,5.0
69,Q-Learning,V10,"(27, 18)",6.448890398913939,True,18.10818510677892,1.0
70,Greedy,V1,"(5, 57)",6.979169745201357,True,17.15175110689979,1.0
70,Greedy,V2,"(16, 58)",6.3639852041120335,False,0.0,11.0
70,Greedy,V3,"(71, 17)",3.574558280340632,False,0.0,8.0
70,Greedy,V4,"(41, 38)",14.130516688353271,False,0.0,27.0
70,Greedy,V5,"(49, 64)",1.2391948704174922,True,8.167723755692258,1.0
70,Greedy,V6,"(69, 77)",1.948449998361049,True,14.486041432327944,1.0
70,Greedy,V7,"(26, 67)",5.12890629445517,False,0.0,13.0
70,Greedy,V8,"(33, 43)",8.298227295839752,True,6.287917809108222,1.0
70,Greedy,V9,"(18, 100)",2.870825997850634,True,18.013869652163773,1.0
70,Greedy,V10,"(23, 45)",5.977508170548088,True,17.202598021976133,1.0
70,Auction,V1,"(50, 70)",2.7040199923566455,True,21.62639661583575,1.0
70,Auction,V2,"(73, 44)",2.886288839488394,False,0.0,8.0
70,Auction,V3,"(87, 52)",14.877950942814323,False,0.0,19.0
70,Auction,V4,"(39, 14)",13.274303941718724,False,0.0,26.0
70,Auction,V5,"(30, 42)",1.0940247810783603,True,7.890150893739516,1.0
70,Auction,V6,"(96, 59)",13.991640326189927,True,3.1428571428571423,1.0
70,Auction,V7,"(13, 83)",3.654822031355753,False,0.0,11.0
70,Auction,V8,"(64, 23)",3.2521204725987456,True,12.343891456636554,1.0
70,Auction,V9,"(40, 27)",1.9152632759428094,True,18.924428900898054,1.0
70,Auction,V10,"(19, 8)",4.290198783918871,True,19.13437474581095,1.0
70,Q-Learning,V1,"(13, 83)",18.002069176634052,True,7.66751697291113,2.0
70,Q-Learning,V2,"(94, 44)",19.18838724384105,False,0.0,25.0
70,Q-Learning,V3,"(31, 19)",1.3273522362296308,False,0.0,5.0
70,Q-Learning,V4,"(87, 52)",0.04540618731478574,False,0.0,13.0
70,Q-Learning,V5,"(30, 42)",1.0940247810783603,True,9.890150893739516,3.0
70,Q-Learning,V6,"(43, 25)",5.563016215422458,True,10.969269711271373,1.0
70,Q-Learning,V7,"(88, 59)",8.532905502627237,False,0.0,16.0
70,Q-Learning,V8,"(64, 23)",0.5449232222394365,True,15.351819812796577,1.0
70,Q-Learning,V9,"(40, 27)",6.516682115265034,True,17.713136766016618,5.0
70,Q-Learning,V10,"(27, 18)",6.448890398913939,True,17.10818510677892,1.0
71,Greedy,V1,"(5, 57)",6.979169745201357,True,16.15175110689979,1.0
71,Greedy,V2,"(16, 58)",6.3639852041120335,False,0.0,12.0
71,Greedy,V3,"(71, 17)",3.574558280340632,False,0.0,9.0
71,Greedy,V4,"(41, 38)",14.130516688353271,False,0.0,28.0
71,Greedy,V5,"(49, 64)",1.2391948704174922,True,7.167723755692258,1.0
71,Greedy,V6,"(69, 77)",1.948449998361049,True,13.486041432327944,1.0
71,Greedy,V7,"(26, 67)",5.12890629445517,False,0.0,14.0
71,Greedy,V8,"(33, 43)",8.298227295839752,True,5.287917809108222,1.0
71,Greedy,V9,"(18, 100)",2.870825997850634,True,17.013869652163773,1.0
71,Greedy,V10,"(23, 45)",5.977508170548088,True,16.202598021976133,1.0
71,Auction,V1,"(50, 70)",2.7040199923566455,True,20.62639661583575,1.0
71,Auction,V2,"(73, 44)",2.886288839488394,False,0.0,9.0
71,Auction,V3,"(87, 52)",14.877950942814323,False,0.0,20.0
71,Auction,V4,"(39, 14)",13.274303941718724,False,0.0,27.0
71,Auction,V5,"(30, 42)",1.0940247810783603,True,6.890150893739516,1.0
71,Auction,V6,"(96, 59)",13.991640326189927,True,2.1428571428571423,1.0
71,Auction,V7,"(13, 83)",3.654822031355753,False,0.0,12.0
71,Auction,V8,"(64, 23)",3.2521204725987456,True,11.343891456636554,1.0
71,Auction,V9,"(40, 27)",1.9152632759428094,True,17.924428900898054,1.0
71,Auction,V10,"(19, 8)",4.290198783918871,True,18.13437474581095,1.0
71,Q-Learning,V1,"(13, 83)",18.002069176634052,True,6.66751697291113,2.0
71,Q-Learning,V2,"(94, 44)",19.18838724384105,False,0.0,26.0
71,Q-Learning,V3,"(31, 19)",1.3273522362296308,False,0.0,6.0
71,Q-Learning,V4,"(87, 52)",0.04540618731478574,False,0.0,14.0
71,Q-Learning,V5,"(30, 42)",1.0940247810783603,True,8.890150893739516,3.0
71,Q-Learning,V6,"(43, 25)",5.563016215422458,True,9.969269711271373,1.0
71,Q-Learning,V7,"(88, 59)",8.532905502627237,False,0.0,17.0
71,Q-Learning,V8,"(64, 23)",0.5449232222394365,True,14.351819812796577,1.0
71,Q-Learning,V9,"(40, 27)",6.516682115265034,True,16.713136766016618,5.0
71,Q-Learning,V10,"(27, 18)",6.448890398913939,True,16.10818510677892,1.0
72,Greedy,V1,"(5, 57)",6.979169745201357,True,15.151751106899791,1.0
72,Greedy,V2,"(16, 58)",6.3639852041120335,False,0.0,13.0
72,Greedy,V3,"(71, 17)",3.574558280340632,False,0.0,10.0
72,Greedy,V4,"(41, 38)",14.130516688353271,False,0.0,29.0
72,Greedy,V5,"(49, 64)",1.2391948704174922,True,6.167723755692258,1.0
72,Greedy,V6,"(69, 77)",1.948449998361049,True,12.486041432327944,1.0
72,Greedy,V7,"(26, 67)",5.12890629445517,False,0.0,15.0
72,Greedy,V8,"(33, 43)",8.298227295839752,True,4.287917809108222,1.0
72,Greedy,V9,"(18, 100)",2.870825997850634,True,16.013869652163773,1.0
72,Greedy,V10,"(23, 45)",5.977508170548088,True,15.202598021976133,1.0
72,Auction,V1,"(50, 70)",2.7040199923566455,True,19.62639661583575,1.0
72,Auction,V2,"(73, 44)",2.886288839488394,False,0.0,10.0
72,Auction,V3,"(87, 52)",14.877950942814323,False,0.0,21.0
72,Auction,V4,"(39, 14)",13.274303941718724,False,0.0,28.0
72,Auction,V5,"(30, 42)",1.0940247810783603,True,5.890150893739516,1.0
72,Auction,V6,"(96, 59)",13.991640326189927,True,1.1428571428571423,1.0
72,Auction,V7,"(13, 83)",3.654822031355753,False,0.0,13.0
72,Auction,V8,"(64, 23)",3.2521204725987456,True,10.343891456636554,1.0
72,Auction,V9,"(40, 27)",1.9152632759428094,True,16.924428900898054,1.0
72,Auction,V10,"(19, 8)",4.290198783918871,True,17.13437474581095,1.0
72,Q-Learning,V1,"(13, 83)",18.002069176634052,True,5.66751697291113,2.0
72,Q-Learning,V2,"(94, 44)",19.18838724384105,False,0.0,27.0
72,Q-Learning,V3,"(31, 19)",1.3273522362296308,False,0.0,7.0
72,Q-Learning,V4,"(87, 52)",0.04540618731478574,False,0.0,15.0
72,Q-Learning,V5,"(30, 42)",1.0940247810783603,True,7.890150893739516,3.0
72,Q-Learning,V6,"(43, 25)",5.563016215422458,True,8.969269711271373,1.0
72,Q-Learning,V7,"(88, 59)",8.532905502627237,False,0.0,18.0
72,Q-Learning,V8,"(64, 23)",0.5449232222394365,True,13.351819812796577,1.0
72,Q-Learning,V9,"(40, 27)",6.516682115265034,True,15.713136766016618,5.0
72,Q-Learning,V10,"(27, 18)",6.448890398913939,True,15.108185106778919,1.0
73,Greedy,V1,"(5, 57)",6.979169745201357,True,14.151751106899791,1.0
73,Greedy,V2,"(16, 58)",6.3639852041120335,False,0.0,14.0
73,Greedy,V3,"(71, 17)",3.574558280340632,False,0.0,11.0
73,Greedy,V4,"(41, 38)",14.130516688353271,False,0.0,30.0
73,Greedy,V5,"(49, 64)",1.2391948704174922,True,5.167723755692258,1.0
73,Greedy,V6,"(69, 77)",1.948449998361049,True,11.486041432327944,1.0
73,Greedy,V7,"(26, 67)",5.12890629445517,False,0.0,16.0
73,Greedy,V8,"(33, 43)",8.298227295839752,True,3.2879178091082224,1.0
73,Greedy,V9,"(18, 100)",2.870825997850634,True,15.013869652163773,1.0
73,Greedy,V10,"(23, 45)",5.977508170548088,True,14.202598021976133,1.0
73,Auction,V1,"(50, 70)",2.7040199923566455,True,18.62639661583575,1.0
73,Auction,V2,"(73, 44)",2.886288839488394,False,0.0,11.0
73,Auction,V3,"(87, 52)",14.877950942814323,False,0.0,22.0
73,Auction,V4,"(39, 14)",13.274303941718724,False,0.0,29.0
73,Auction,V5,"(30, 42)",1.0940247810783603,True,4.890150893739516,1.0
73,Auction,V6,"(96, 59)",13.991640326189927,True,0.14285714285714235,1.0
73,Auction,V7,"(13, 83)",3.654822031355753,False,0.0,14.0
73,Auction,V8,"(64, 23)",3.2521204725987456,True,9.343891456636554,1.0
73,Auction,V9,"(40, 27)",1.9152632759428094,True,15.924428900898054,1.0
73,Auction,V10,"(19, 8)",4.290198783918871,True,16.13437474581095,1.0
73,Q-Learning,V1,"(13, 83)",18.002069176634052,True,4.66751697291113,2.0
73,Q-Learning,V2,"(94, 44)",19.18838724384105,False,0.0,28.0
73,Q-Learning,V3,"(31, 19)",1.3273522362296308,False,0.0,8.0
73,Q-Learning,V4,"(87, 52)",0.04540618731478574,False,0.0,16.0
73,Q-Learning,V5,"(30, 42)",1.0940247810783603,True,6.890150893739516,3.0
73,Q-Learning,V6,"(43, 25)",5.563016215422458,True,7.969269711271373,1.0
73,Q-Learning,V7,"(88, 59)",8.532905502627237,False,0.0,19.0
73,Q-Learning,V8,"(64, 23)",0.5449232222394365,True,12.351819812796577,1.0
73,Q-Learning,V9,"(40, 27)",6.516682115265034,True,14.713136766016618,5.0
73,Q-Learning,V10,"(27, 18)",6.448890398913939,True,14.108185106778919,1.0
74,Greedy,V1,"(5, 57)",6.979169745201357,True,13.151751106899791,1.0
74,Greedy,V2,"(16, 58)",6.3639852041120335,False,0.0,15.0
74,Greedy,V3,"(71, 17)",3.574558280340632,False,0.0,12.0
74,Greedy,V4,"(41, 38)",14.130516688353271,False,0.0,31.0
74,Greedy,V5,"(49, 64)",1.2391948704174922,True,4.167723755692258,1.0
74,Greedy,V6,"(69, 77)",1.948449998361049,True,10.486041432327944,1.0
74,Greedy,V7,"(26, 67)",5.12890629445517,False,0.0,17.0
74,Greedy,V8,"(33, 43)",8.298227295839752,True,2.2879178091082224,1.0
74,Greedy,V9,"(18, 100)",2.870825997850634,True,14.013869652163773,1.0
74,Greedy,V10,"(23, 45)",5.977508170548088,True,13.202598021976133,1.0
74,Auction,V1,"(50, 70)",2.7040199923566455,True,17.62639661583575,1.0
74,Auction,V2,"(73, 44)",2.886288839488394,False,0.0,12.0
74,Auction,V3,"(87, 52)",14.877950942814323,False,0.0,23.0
74,Auction,V4,"(39, 14)",13.274303941718724,False,0.0,30.0
74,Auction,V5,"(30, 42)",1.0940247810783603,True,3.8901508937395164,1.0
74,Auction,V6,"(96, 59)",13.991640326189927,True,0.0,1.0
74,Auction,V7,"(13, 83)",3.654822031355753,False,0.0,15.0
74,Auction,V8,"(64, 23)",3.2521204725987456,True,8.343891456636554,1.0
74,Auction,V9,"(40, 27)",1.9152632759428094,True,14.924428900898054,1.0
74,Auction,V10,"(19, 8)",4.290198783918871,True,15.134374745810948,1.0
74,Q-Learning,V1,"(13, 83)",18.002069176634052,True,3.6675169729111303,2.0
74,Q-Learning,V2,"(94, 44)",19.18838724384105,False,0.0,29.0
74,Q-Learning,V3,"(31, 19)",1.3273522362296308,False,0.0,9.0
74,Q-Learning,V4,"(87, 52)",0.04540618731478574,False,0.0,17.0
74,Q-Learning,V5,"(30, 42)",1.0940247810783603,True,5.890150893739516,3.0
74,Q-Learning,V6,"(43, 25)",5.563016215422458,True,6.969269711271373,1.0
74,Q-Learning,V7,"(88, 59)",8.532905502627237,False,0.0,20.0
74,Q-Learning,V8,"(64, 23)",0.5449232222394365,True,11.351819812796577,1.0
74,Q-Learning,V9,"(40, 27)",6.516682115265034,True,13.713136766016618,5.0
74,Q-Learning,V10,"(27, 18)",6.448890398913939,True,13.108185106778919,1.0
75,Greedy,V1,"(5, 57)",6.979169745201357,True,12.151751106899791,1.0
75,Greedy,V2,"(16, 58)",6.3639852041120335,False,0.0,16.0
75,Greedy,V3,"(71, 17)",3.574558280340632,False,0.0,13.0
75,Greedy,V4,"(41, 38)",14.130516688353271,False,0.0,32.0
75,Greedy,V5,"(49, 64)",1.2391948704174922,True,3.1677237556922577,1.0
75,Greedy,V6,"(69, 77)",1.948449998361049,True,9.486041432327944,1.0
75,Greedy,V7,"(26, 67)",5.12890629445517,False,0.0,18.0
75,Greedy,V8,"(33, 43)",8.298227295839752,True,1.2879178091082224,1.0
75,Greedy,V9,"(18, 100)",2.870825997850634,True,13.013869652163773,1.0
75,Greedy,V10,"(23, 45)",5.977508170548088,True,12.202598021976133,1.0
75,Auction,V1,"(50, 70)",2.7040199923566455,True,16.62639661583575,1.0
75,Auction,V2,"(73, 44)",2.886288839488394,False,0.0,13.0
75,Auction,V3,"(87, 52)",14.877950942814323,False,0.0,24.0
75,Auction,V4,"(39, 14)",13.274303941718724,False,0.0,31.0
75,Auction,V5,"(30, 42)",1.0940247810783603,True,2.8901508937395164,1.0
75,Auction,V6,"(96, 59)",13.991640326189927,False,0.0,2.0
75,Auction,V7,"(13, 83)",3.654822031355753,False,0.0,16.0
75,Auction,V8,"(64, 23)",3.2521204725987456,True,7.343891456636554,1.0
75,Auction,V9,"(40, 27)",1.9152632759428094,True,13.924428900898054,1.0
75,Auction,V10,"(19, 8)",4.290198783918871,True,14.134374745810948,1.0
75,Q-Learning,V1,"(13, 83)",18.002069176634052,True,2.6675169729111303,2.0
75,Q-Learning,V2,"(94, 44)",19.18838724384105,False,0.0,30.0
75,Q-Learning,V3,"(31, 19)",1.3273522362296308,False,0.0,10.0
75,Q-Learning,V4,"(87, 52)",0.04540618731478574,False,0.0,18.0
75,Q-Learning,V5,"(30, 42)",1.0940247810783603,True,4.890150893739516,3.0
75,Q-Learning,V6,"(43, 25)",5.563016215422458,True,5.969269711271373,1.0
75,Q-Learning,V7,"(88, 59)",8.532905502627237,False,0.0,21.0
75,Q-Learning,V8,"(64, 23)",0.5449232222394365,True,10.351819812796577,1.0
75,Q-Learning,V9,"(40, 27)",6.516682115265034,True,12.713136766016618,5.0
75,Q-Learning,V10,"(27, 18)",6.448890398913939,True,12.108185106778919,1.0
76,Greedy,V1,"(5, 57)",6.979169745201357,True,11.151751106899791,1.0
76,Greedy,V2,"(16, 58)",6.3639852041120335,False,0.0,17.0
76,Greedy,V3,"(71, 17)",3.574558280340632,False,0.0,14.0
76,Greedy,V4,"(41, 38)",14.130516688353271,False,0.0,33.0
76,Greedy,V5,"(49, 64)",1.2391948704174922,True,2.1677237556922577,1.0
76,Greedy,V6,"(69, 77)",1.948449998361049,True,8.486041432327944,1.0
76,Greedy,V7,"(26, 67)",5.12890629445517,False,0.0,19.0
76,Greedy,V8,"(33, 43)",8.298227295839752,True,0.2879178091082224,1.0
76,Greedy,V9,"(18, 100)",2.870825997850634,True,12.013869652163773,1.0
76,Greedy,V10,"(23, 45)",5.977508170548088,True,11.202598021976133,1.0
76,Auction,V1,"(50, 70)",2.7040199923566455,True,15.626396615835748,1.0
76,Auction,V2,"(73, 44)",2.886288839488394,False,0.0,14.0
76,Auction,V3,"(87, 52)",14.877950942814323,False,0.0,25.0
76,Auction,V4,"(39, 14)",13.274303941718724,False,0.0,32.0
76,Auction,V5,"(30, 42)",1.0940247810783603,True,1.8901508937395164,1.0
76,Auction,V6,"(96, 59)",13.991640326189927,False,0.0,3.0
76,Auction,V7,"(13, 83)",3.654822031355753,False,0.0,17.0
76,Auction,V8,"(64, 23)",3.2521204725987456,True,6.343891456636554,1.0
76,Auction,V9,"(40, 27)",1.9152632759428094,True,12.924428900898054,1.0
76,Auction,V10,"(19, 8)",4.290198783918871,True,13.134374745810948,1.0
76,Q-Learning,V1,"(13, 83)",18.002069176634052,True,1.6675169729111303,2.0
76,Q-Learning,V2,"(94, 44)",19.18838724384105,False,0.0,31.0
76,Q-Learning,V3,"(31, 19)",1.3273522362296308,False,0.0,11.0
76,Q-Learning,V4,"(87, 52)",0.04540618731478574,False,0.0,19.0
76,Q-Learning,V5,"(30, 42)",1.0940247810783603,True,3.8901508937395164,3.0
76,Q-Learning,V6,"(43, 25)",5.563016215422458,True,4.969269711271373,1.0
76,Q-Learning,V7,"(88, 59)",8.532905502627237,False,0.0,22.0
76,Q-Learning,V8,"(64, 23)",0.5449232222394365,True,9.351819812796577,1.0
76,Q-Learning,V9,"(40, 27)",6.516682115265034,True,11.713136766016618,5.0
76,Q-Learning,V10,"(27, 18)",6.448890398913939,True,11.108185106778919,1.0
77,Greedy,V1,"(5, 57)",6.979169745201357,True,10.151751106899791,1.0
77,Greedy,V2,"(16, 58)",6.3639852041120335,False,0.0,18.0
77,Greedy,V3,"(71, 17)",3.574558280340632,False,0.0,15.0
77,Greedy,V4,"(41, 38)",14.130516688353271,False,0.0,34.0
77,Greedy,V5,"(49, 64)",1.2391948704174922,True,1.1677237556922577,1.0
77,Greedy,V6,"(69, 77)",1.948449998361049,True,7.486041432327944,1.0
77,Greedy,V7,"(26, 67)",5.12890629445517,False,0.0,20.0
77,Greedy,V8,"(33, 43)",8.298227295839752,True,0.0,1.0
77,Greedy,V9,"(18, 100)",2.870825997850634,True,11.013869652163773,1.0
77,Greedy,V10,"(23, 45)",5.977508170548088,True,10.202598021976133,1.0
77,Auction,V1,"(50, 70)",2.7040199923566455,True,14.626396615835748,1.0
77,Auction,V2,"(73, 44)",2.886288839488394,False,0.0,15.0
77,Auction,V3,"(87, 52)",14.877950942814323,False,0.0,26.0
77,Auction,V4,"(39, 14)",13.274303941718724,False,0.0,33.0
77,Auction,V5,"(30, 42)",1.0940247810783603,True,0.8901508937395164,1.0
77,Auction,V6,"(96, 59)",13.991640326189927,False,0.0,4.0
77,Auction,V7,"(13, 83)",3.654822031355753,False,0.0,18.0
77,Auction,V8,"(64, 23)",3.2521204725987456,True,5.343891456636554,1.0
77,Auction,V9,"(40, 27)",1.9152632759428094,True,11.924428900898054,1.0
77,Auction,V10,"(19, 8)",4.290198783918871,True,12.134374745810948,1.0
77,Q-Learning,V1,"(13, 83)",18.002069176634052,True,0.6675169729111303,2.0
77,Q-Learning,V2,"(94, 44)",19.18838724384105,False,0.0,32.0
77,Q-Learning,V3,"(31, 19)",1.3273522362296308,False,0.0,12.0
77,Q-Learning,V4,"(87, 52)",0.04540618731478574,False,0.0,20.0
77,Q-Learning,V5,"(30, 42)",1.0940247810783603,True,2.8901508937395164,3.0
77,Q-Learning,V6,"(43, 25)",5.563016215422458,True,3.969269711271373,1.0
77,Q-Learning,V7,"(88, 59)",8.532905502627237,False,0.0,23.0
77,Q-Learning,V8,"(64, 23)",0.5449232222394365,True,8.351819812796577,1.0
77,Q-Learning,V9,"(40, 27)",6.516682115265034,True,10.713136766016618,5.0
77,Q-Learning,V10,"(27, 18)",6.448890398913939,True,10.108185106778919,1.0
78,Greedy,V1,"(5, 57)",6.979169745201357,True,9.151751106899791,1.0
78,Greedy,V2,"(16, 58)",6.3639852041120335,False,0.0,19.0
78,Greedy,V3,"(71, 17)",3.574558280340632,False,0.0,16.0
78,Greedy,V4,"(41, 38)",14.130516688353271,False,0.0,35.0
78,Greedy,V5,"(49, 64)",1.2391948704174922,True,0.16772375569225773,1.0
78,Greedy,V6,"(69, 77)",1.948449998361049,True,6.486041432327944,1.0
78,Greedy,V7,"(26, 67)",5.12890629445517,False,0.0,21.0
78,Greedy,V8,"(33, 43)",8.298227295839752,False,0.0,2.0
78,Greedy,V9,"(18, 100)",2.870825997850634,True,10.013869652163773,1.0
78,Greedy,V10,"(23, 45)",5.977508170548088,True,9.202598021976133,1.0
78,Auction,V1,"(50, 70)",2.7040199923566455,True,13.626396615835748,1.0
78,Auction,V2,"(73, 44)",2.886288839488394,False,0.0,16.0
78,Auction,V3,"(87, 52)",14.877950942814323,False,0.0,27.0
78,Auction,V4,"(39, 14)",13.274303941718724,False,0.0,34.0
78,Auction,V5,"(30, 42)",1.0940247810783603,True,0.0,1.0
78,Auction,V6,"(96, 59)",13.991640326189927,False,0.0,5.0
78,Auction,V7,"(13, 83)",3.654822031355753,False,0.0,19.0
78,Auction,V8,"(64, 23)",3.2521204725987456,True,4.343891456636554,1.0
78,Auction,V9,"(40, 27)",1.9152632759428094,True,10.924428900898054,1.0
78,Auction,V10,"(19, 8)",4.290198783918871,True,11.134374745810948,1.0
78,Q-Learning,V1,"(13, 83)",18.002069176634052,True,0.0,2.0
78,Q-Learning,V2,"(94, 44)",19.18838724384105,False,0.0,33.0
78,Q-Learning,V3,"(31, 19)",1.3273522362296308,False,0.0,13.0
78,Q-Learning,V4,"(87, 52)",0.04540618731478574,False,0.0,21.0
78,Q-Learning,V5,"(30, 42)",1.0940247810783603,True,1.8901508937395164,3.0
78,Q-Learning,V6,"(43, 25)",5.563016215422458,True,2.969269711271373,1.0
78,Q-Learning,V7,"(88, 59)",8.532905502627237,False,0.0,24.0
78,Q-Learning,V8,"(64, 23)",0.5449232222394365,True,7.3518198127965775,1.0
78,Q-Learning,V9,"(40, 27)",6.516682115265034,True,9.713136766016618,5.0
78,Q-Learning,V10,"(27, 18)",6.448890398913939,True,9.108185106778919,1.0
79,Greedy,V1,"(5, 57)",6.979169745201357,True,8.151751106899791,1.0
79,Greedy,V2,"(16, 58)",6.3639852041120335,False,0.0,20.0
79,Greedy,V3,"(71, 17)",3.574558280340632,False,0.0,17.0
79,Greedy,V4,"(41, 38)",14.130516688353271,False,0.0,36.0
79,Greedy,V5,"(49, 64)",1.2391948704174922,True,0.0,1.0
79,Greedy,V6,"(69, 77)",1.948449998361049,True,5.486041432327944,1.0
79,Greedy,V7,"(26, 67)",5.12890629445517,False,0.0,22.0
79,Greedy,V8,"(33, 43)",8.298227295839752,False,0.0,3.0
79,Greedy,V9,"(18, 100)",2.870825997850634,True,9.013869652163773,1.0
79,Greedy,V10,"(23, 45)",5.977508170548088,True,8.202598021976133,1.0
79,Auction,V1,"(50, 70)",2.7040199923566455,True,12.626396615835748,1.0
79,Auction,V2,"(73, 44)",2.886288839488394,False,0.0,17.0
79,Auction,V3,"(87, 52)",14.877950942814323,False,0.0,28.0
79,Auction,V4,"(39, 14)",13.274303941718724,False,0.0,35.0
79,Auction,V5,"(30, 42)",1.0940247810783603,False,0.0,2.0
79,Auction,V6,"(96, 59)",13.991640326189927,False,0.0,6.0
79,Auction,V7,"(13, 83)",3.654822031355753,False,0.0,20.0
79,Auction,V8,"(64, 23)",3.2521204725987456,True,3.3438914566365536,1.0
79,Auction,V9,"(40, 27)",1.9152632759428094,True,9.924428900898054,1.0
79,Auction,V10,"(19, 8)",4.290198783918871,True,10.134374745810948,1.0
79,Q-Learning,V1,"(13, 83)",18.002069176634052,False,0.0,3.0
79,Q-Learning,V2,"(94, 44)",19.18838724384105,False,0.0,34.0
79,Q-Learning,V3,"(31, 19)",1.3273522362296308,False,0.0,14.0
79,Q-Learning,V4,"(87, 52)",0.04540618731478574,False,0.0,22.0
79,Q-Learning,V5,"(30, 42)",1.0940247810783603,True,0.8901508937395164,3.0
79,Q-Learning,V6,"(43, 25)",5.563016215422458,True,1.969269711271373,1.0
79,Q-Learning,V7,"(88, 59)",8.532905502627237,False,0.0,25.0
79,Q-Learning,V8,"(64, 23)",0.5449232222394365,True,6.3518198127965775,1.0
79,Q-Learning,V9,"(40, 27)",6.516682115265034,True,8.713136766016618,5.0
79,Q-Learning,V10,"(27, 18)",6.448890398913939,True,8.108185106778919,1.0
80,Greedy,V1,"(5, 57)",6.979169745201357,True,7.151751106899791,1.0
80,Greedy,V2,"(16, 58)",6.3639852041120335,False,0.0,21.0
80,Greedy,V3,"(71, 17)",3.574558280340632,False,0.0,18.0
80,Greedy,V4,"(41, 38)",14.130516688353271,False,0.0,37.0
80,Greedy,V5,"(49, 64)",1.2391948704174922,False,0.0,2.0
80,Greedy,V6,"(69, 77)",1.948449998361049,True,4.486041432327944,1.0
80,Greedy,V7,"(26, 67)",5.12890629445517,False,0.0,23.0
80,Greedy,V8,"(33, 43)",8.298227295839752,False,0.0,4.0
80,Greedy,V9,"(18, 100)",2.870825997850634,True,8.013869652163773,1.0
80,Greedy,V10,"(23, 45)",5.977508170548088,True,7.202598021976133,1.0
80,Auction,V1,"(50, 70)",2.7040199923566455,True,11.626396615835748,1.0
80,Auction,V2,"(73, 44)",2.886288839488394,False,0.0,18.0
80,Auction,V3,"(87, 52)",14.877950942814323,False,0.0,29.0
80,Auction,V4,"(39, 14)",13.274303941718724,False,0.0,36.0
80,Auction,V5,"(30, 42)",1.0940247810783603,False,0.0,3.0
80,Auction,V6,"(96, 59)",13.991640326189927,False,0.0,7.0
80,Auction,V7,"(13, 83)",3.654822031355753,False,0.0,21.0
80,Auction,V8,"(64, 23)",3.2521204725987456,True,2.3438914566365536,1.0
80,Auction,V9,"(40, 27)",1.9152632759428094,True,8.924428900898054,1.0
80,Auction,V10,"(19, 8)",4.290198783918871,True,9.134374745810948,1.0
80,Q-Learning,V1,"(13, 83)",18.002069176634052,False,0.0,4.0
80,Q-Learning,V2,"(94, 44)",19.18838724384105,False,0.0,35.0
80,Q-Learning,V3,"(31, 19)",1.3273522362296308,False,0.0,15.0
80,Q-Learning,V4,"(87, 52)",0.04540618731478574,False,0.0,23.0
80,Q-Learning,V5,"(30, 42)",1.0940247810783603,True,0.0,3.0
80,Q-Learning,V6,"(43, 25)",5.563016215422458,True,0.9692697112713731,1.0
80,Q-Learning,V7,"(88, 59)",8.532905502627237,False,0.0,26.0
80,Q-Learning,V8,"(64, 23)",0.5449232222394365,True,5.3518198127965775,1.0
80,Q-Learning,V9,"(40, 27)",6.516682115265034,True,7.713136766016618,5.0
80,Q-Learning,V10,"(27, 18)",6.448890398913939,True,7.108185106778919,1.0
81,Greedy,V1,"(5, 57)",6.979169745201357,True,6.151751106899791,1.0
81,Greedy,V2,"(16, 58)",6.3639852041120335,False,0.0,22.0
81,Greedy,V3,"(71, 17)",3.574558280340632,False,0.0,19.0
81,Greedy,V4,"(41, 38)",14.130516688353271,False,0.0,38.0
81,Greedy,V5,"(49, 64)",1.2391948704174922,False,0.0,3.0
81,Greedy,V6,"(69, 77)",1.948449998361049,True,3.4860414323279443,1.0
81,Greedy,V7,"(26, 67)",5.12890629445517,False,0.0,24.0
81,Greedy,V8,"(33, 43)",8.298227295839752,False,0.0,5.0
81,Greedy,V9,"(18, 100)",2.870825997850634,True,7.013869652163773,1.0
81,Greedy,V10,"(23, 45)",5.977508170548088,True,6.202598021976133,1.0
81,Auction,V1,"(50, 70)",2.7040199923566455,True,10.626396615835748,1.0
81,Auction,V2,"(73, 44)",2.886288839488394,False,0.0,19.0
81,Auction,V3,"(87, 52)",14.877950942814323,False,0.0,30.0
81,Auction,V4,"(39, 14)",13.274303941718724,False,0.0,37.0
81,Auction,V5,"(30, 42)",1.0940247810783603,False,0.0,4.0
81,Auction,V6,"(96, 59)",13.991640326189927,False,0.0,8.0
81,Auction,V7,"(13, 83)",3.654822031355753,False,0.0,22.0
81,Auction,V8,"(64, 23)",3.2521204725987456,True,1.3438914566365536,1.0
81,Auction,V9,"(40, 27)",1.9152632759428094,True,7.924428900898054,1.0
81,Auction,V10,"(19, 8)",4.290198783918871,True,8.134374745810948,1.0
81,Q-Learning,V1,"(13, 83)",18.002069176634052,False,0.0,5.0
81,Q-Learning,V2,"(94, 44)",19.18838724384105,False,0.0,36.0
81,Q-Learning,V3,"(31, 19)",1.3273522362296308,False,0.0,16.0
81,Q-Learning,V4,"(87, 52)",0.04540618731478574,False,0.0,24.0
81,Q-Learning,V5,"(30, 42)",1.0940247810783603,False,0.0,4.0
81,Q-Learning,V6,"(43, 25)",5.563016215422458,True,0.0,1.0
81,Q-Learning,V7,"(88, 59)",8.532905502627237,False,0.0,27.0
81,Q-Learning,V8,"(64, 23)",0.5449232222394365,True,4.3518198127965775,1.0
81,Q-Learning,V9,"(40, 27)",6.516682115265034,True,6.713136766016618,5.0
81,Q-Learning,V10,"(27, 18)",6.448890398913939,True,6.108185106778919,1.0
82,Greedy,V1,"(5, 57)",6.979169745201357,True,5.151751106899791,1.0
82,Greedy,V2,"(16, 58)",6.3639852041120335,False,0.0,23.0
82,Greedy,V3,"(71, 17)",3.574558280340632,False,0.0,20.0
82,Greedy,V4,"(41, 38)",14.130516688353271,False,0.0,39.0
82,Greedy,V5,"(49, 64)",1.2391948704174922,False,0.0,4.0
82,Greedy,V6,"(69, 77)",1.948449998361049,True,2.4860414323279443,1.0
82,Greedy,V7,"(26, 67)",5.12890629445517,False,0.0,25.0
82,Greedy,V8,"(33, 43)",8.298227295839752,False,0.0,6.0
82,Greedy,V9,"(18, 100)",2.870825997850634,True,6.013869652163773,1.0
82,Greedy,V10,"(23, 45)",5.977508170548088,True,5.202598021976133,1.0
82,Auction,V1,"(50, 70)",2.7040199923566455,True,9.626396615835748,1.0
82,Auction,V2,"(73, 44)",2.886288839488394,False,0.0,20.0
82,Auction,V3,"(87, 52)",14.877950942814323,False,0.0,31.0
82,Auction,V4,"(39, 14)",13.274303941718724,False,0.0,38.0
82,Auction,V5,"(30, 42)",1.0940247810783603,False,0.0,5.0
82,Auction,V6,"(96, 59)",13.991640326189927,False,0.0,9.0
82,Auction,V7,"(13, 83)",3.654822031355753,False,0.0,23.0
82,Auction,V8,"(64, 23)",3.2521204725987456,True,0.3438914566365536,1.0
82,Auction,V9,"(40, 27)",1.9152632759428094,True,6.924428900898054,1.0
82,Auction,V10,"(19, 8)",4.290198783918871,True,7.134374745810948,1.0
82,Q-Learning,V1,"(13, 83)",18.002069176634052,False,0.0,6.0
82,Q-Learning,V2,"(94, 44)",19.18838724384105,False,0.0,37.0
82,Q-Learning,V3,"(31, 19)",1.3273522362296308,False,0.0,17.0
82,Q-Learning,V4,"(87, 52)",0.04540618731478574,False,0.0,25.0
82,Q-Learning,V5,"(30, 42)",1.0940247810783603,False,0.0,5.0
82,Q-Learning,V6,"(43, 25)",5.563016215422458,False,0.0,2.0
82,Q-Learning,V7,"(88, 59)",8.532905502627237,False,0.0,28.0
82,Q-Learning,V8,"(64, 23)",0.5449232222394365,True,3.3518198127965775,1.0
82,Q-Learning,V9,"(40, 27)",6.516682115265034,True,5.713136766016618,5.0
82,Q-Learning,V10,"(27, 18)",6.448890398913939,True,5.108185106778919,1.0
83,Greedy,V1,"(5, 57)",6.979169745201357,True,4.151751106899791,1.0
83,Greedy,V2,"(16, 58)",6.3639852041120335,False,0.0,24.0
83,Greedy,V3,"(71, 17)",3.574558280340632,False,0.0,21.0
83,Greedy,V4,"(41, 38)",14.130516688353271,False,0.0,40.0
83,Greedy,V5,"(49, 64)",1.2391948704174922,False,0.0,5.0
83,Greedy,V6,"(69, 77)",1.948449998361049,True,1.4860414323279443,1.0
83,Greedy,V7,"(26, 67)",5.12890629445517,False,0.0,26.0
83,Greedy,V8,"(33, 43)",8.298227295839752,False,0.0,7.0
83,Greedy,V9,"(18, 100)",2.870825997850634,True,5.013869652163773,1.0
83,Greedy,V10,"(23, 45)",5.977508170548088,True,4.202598021976133,1.0
83,Auction,V1,"(50, 70)",2.7040199923566455,True,8.626396615835748,1.0
83,Auction,V2,"(73, 44)",2.886288839488394,False,0.0,21.0
83,Auction,V3,"(87, 52)",14.877950942814323,False,0.0,32.0
83,Auction,V4,"(39, 14)",13.274303941718724,False,0.0,39.0
83,Auction,V5,"(30, 42)",1.0940247810783603,False,0.0,6.0
83,Auction,V6,"(96, 59)",13.991640326189927,False,0.0,10.0
83,Auction,V7,"(13, 83)",3.654822031355753,False,0.0,24.0
83,Auction,V8,"(64, 23)",3.2521204725987456,True,0.0,1.0
83,Auction,V9,"(40, 27)",1.9152632759428094,True,5.924428900898054,1.0
83,Auction,V10,"(19, 8)",4.290198783918871,True,6.134374745810948,1.0
83,Q-Learning,V1,"(13, 83)",18.002069176634052,False,0.0,7.0
83,Q-Learning,V2,"(94, 44)",19.18838724384105,False,0.0,38.0
83,Q-Learning,V3,"(31, 19)",1.3273522362296308,False,0.0,18.0
83,Q-Learning,V4,"(87, 52)",0.04540618731478574,False,0.0,26.0
83,Q-Learning,V5,"(30, 42)",1.0940247810783603,False,0.0,6.0
83,Q-Learning,V6,"(43, 25)",5.563016215422458,False,0.0,3.0
83,Q-Learning,V7,"(88, 59)",8.532905502627237,False,0.0,29.0
83,Q-Learning,V8,"(64, 23)",0.5449232222394365,True,2.3518198127965775,1.0
83,Q-Learning,V9,"(40, 27)",6.516682115265034,True,4.713136766016618,5.0
83,Q-Learning,V10,"(27, 18)",6.448890398913939,True,4.108185106778919,1.0
84,Greedy,V1,"(5, 57)",6.979169745201357,True,3.151751106899791,1.0
84,Greedy,V2,"(16, 58)",6.3639852041120335,False,0.0,25.0
84,Greedy,V3,"(71, 17)",3.574558280340632,False,0.0,22.0
84,Greedy,V4,"(41, 38)",14.130516688353271,False,0.0,41.0
84,Greedy,V5,"(49, 64)",1.2391948704174922,False,0.0,6.0
84,Greedy,V6,"(69, 77)",1.948449998361049,True,0.4860414323279443,1.0
84,Greedy,V7,"(26, 67)",5.12890629445517,False,0.0,27.0
84,Greedy,V8,"(33, 43)",8.298227295839752,False,0.0,8.0
84,Greedy,V9,"(18, 100)",2.870825997850634,True,4.013869652163773,1.0
84,Greedy,V10,"(23, 45)",5.977508170548088,True,3.202598021976133,1.0
84,Auction,V1,"(50, 70)",2.7040199923566455,True,7.626396615835748,1.0
84,Auction,V2,"(73, 44)",2.886288839488394,False,0.0,22.0
84,Auction,V3,"(87, 52)",14.877950942814323,False,0.0,33.0
84,Auction,V4,"(39, 14)",13.274303941718724,False,0.0,40.0
84,Auction,V5,"(30, 42)",1.0940247810783603,False,0.0,7.0
84,Auction,V6,"(96, 59)",13.991640326189927,False,0.0,11.0
84,Auction,V7,"(13, 83)",3.654822031355753,False,0.0,25.0
84,Auction,V8,"(64, 23)",3.2521204725987456,False,0.0,2.0
84,Auction,V9,"(40, 27)",1.9152632759428094,True,4.924428900898054,1.0
84,Auction,V10,"(19, 8)",4.290198783918871,True,5.134374745810948,1.0
84,Q-Learning,V1,"(13, 83)",18.002069176634052,False,0.0,8.0
84,Q-Learning,V2,"(94, 44)",19.18838724384105,False,0.0,39.0
84,Q-Learning,V3,"(31, 19)",1.3273522362296308,False,0.0,19.0
84,Q-Learning,V4,"(87, 52)",0.04540618731478574,False,0.0,27.0
84,Q-Learning,V5,"(30, 42)",1.0940247810783603,False,0.0,7.0
84,Q-Learning,V6,"(43, 25)",5.563016215422458,False,0.0,4.0
84,Q-Learning,V7,"(88, 59)",8.532905502627237,False,0.0,30.0
84,Q-Learning,V8,"(64, 23)",0.5449232222394365,True,1.3518198127965775,1.0
84,Q-Learning,V9,"(40, 27)",6.516682115265034,True,3.7131367660166177,5.0
84,Q-Learning,V10,"(27, 18)",6.448890398913939,True,3.108185106778919,1.0
85,Greedy,V1,"(5, 57)",6.979169745201357,True,2.151751106899791,1.0
85,Greedy,V2,"(16, 58)",6.3639852041120335,False,0.0,26.0
85,Greedy,V3,"(71, 17)",3.574558280340632,False,0.0,23.0
85,Greedy,V4,"(41, 38)",14.130516688353271,False,0.0,42.0
85,Greedy,V5,"(49, 64)",1.2391948704174922,False,0.0,7.0
85,Greedy,V6,"(69, 77)",1.948449998361049,True,0.0,1.0
85,Greedy,V7,"(26, 67)",5.12890629445517,False,0.0,28.0
85,Greedy,V8,"(33, 43)",8.298227295839752,False,0.0,9.0
85,Greedy,V9,"(18, 100)",2.870825997850634,True,3.0138696521637733,1.0
85,Greedy,V10,"(23, 45)",5.977508170548088,True,2.202598021976133,1.0
85,Auction,V1,"(50, 70)",2.7040199923566455,True,6.626396615835748,1.0
85,Auction,V2,"(73, 44)",2.886288839488394,False,0.0,23.0
85,Auction,V3,"(87, 52)",14.877950942814323,False,0.0,34.0
85,Auction,V4,"(39, 14)",13.274303941718724,False,0.0,41.0
85,Auction,V5,"(30, 42)",1.0940247810783603,False,0.0,8.0
85,Auction,V6,"(96, 59)",13.991640326189927,False,0.0,12.0
85,Auction,V7,"(13, 83)",3.654822031355753,False,0.0,26.0
85,Auction,V8,"(64, 23)",3.2521204725987456,False,0.0,3.0
85,Auction,V9,"(40, 27)",1.9152632759428094,True,3.9244289008980537,1.0
85,Auction,V10,"(19, 8)",4.290198783918871,True,4.134374745810948,1.0
85,Q-Learning,V1,"(13, 83)",18.002069176634052,False,0.0,9.0
85,Q-Learning,V2,"(94, 44)",19.18838724384105,False,0.0,40.0
85,Q-Learning,V3,"(31, 19)",1.3273522362296308,False,0.0,20.0
85,Q-Learning,V4,"(87, 52)",0.04540618731478574,False,0.0,28.0
85,Q-Learning,V5,"(30, 42)",1.0940247810783603,False,0.0,8.0
85,Q-Learning,V6,"(43, 25)",5.563016215422458,False,0.0,5.0
85,Q-Learning,V7,"(88, 59)",8.532905502627237,False,0.0,31.0
85,Q-Learning,V8,"(64, 23)",0.5449232222394365,True,0.3518198127965775,1.0
85,Q-Learning,V9,"(40, 27)",6.516682115265034,True,2.7131367660166177,5.0
85,Q-Learning,V10,"(27, 18)",6.448890398913939,True,2.108185106778919,1.0
86,Greedy,V1,"(5, 57)",6.979169745201357,True,1.1517511068997912,1.0
86,Greedy,V2,"(16, 58)",6.3639852041120335,False,0.0,27.0
86,Greedy,V3,"(71, 17)",3.574558280340632,False,0.0,24.0
86,Greedy,V4,"(41, 38)",14.130516688353271,False,0.0,43.0
86,Greedy,V5,"(49, 64)",1.2391948704174922,False,0.0,8.0
86,Greedy,V6,"(69, 77)",1.948449998361049,False,0.0,2.0
86,Greedy,V7,"(26, 67)",5.12890629445517,False,0.0,29.0
86,Greedy,V8,"(33, 43)",8.298227295839752,False,0.0,10.0
86,Greedy,V9,"(18, 100)",2.870825997850634,True,2.0138696521637733,1.0
86,Greedy,V10,"(23, 45)",5.977508170548088,True,1.202598021976133,1.0
86,Auction,V1,"(50, 70)",2.7040199923566455,True,5.626396615835748,1.0
86,Auction,V2,"(73, 44)",2.886288839488394,False,0.0,24.0
86,Auction,V3,"(87, 52)",14.877950942814323,False,0.0,35.0
86,Auction,V4,"(39, 14)",13.274303941718724,False,0.0,42.0
86,Auction,V5,"(30, 42)",1.0940247810783603,False,0.0,9.0
86,Auction,V6,"(96, 59)",13.991640326189927,False,0.0,13.0
86,Auction,V7,"(13, 83)",3.654822031355753,False,0.0,27.0
86,Auction,V8,"(64, 23)",3.2521204725987456,False,0.0,4.0
86,Auction,V9,"(40, 27)",1.9152632759428094,True,2.9244289008980537,1.0
86,Auction,V10,"(19, 8)",4.290198783918871,True,3.1343747458109483,1.0
86,Q-Learning,V1,"(13, 83)",18.002069176634052,False,0.0,10.0
86,Q-Learning,V2,"(94, 44)",19.18838724384105,False,0.0,41.0
86,Q-Learning,V3,"(31, 19)",1.3273522362296308,False,0.0,21.0
86,Q-Learning,V4,"(87, 52)",0.04540618731478574,False,0.0,29.0
86,Q-Learning,V5,"(30, 42)",1.0940247810783603,False,0.0,9.0
86,Q-Learning,V6,"(43, 25)",5.563016215422458,False,0.0,6.0
86,Q-Learning,V7,"(88, 59)",8.532905502627237,False,0.0,32.0
86,Q-Learning,V8,"(64, 23)",0.5449232222394365,True,0.0,1.0
86,Q-Learning,V9,"(40, 27)",6.516682115265034,True,1.7131367660166177,5.0
86,Q-Learning,V10,"(27, 18)",6.448890398913939,True,1.1081851067789188,1.0
87,Greedy,V1,"(5, 57)",6.979169745201357,True,0.1517511068997912,1.0
87,Greedy,V2,"(16, 58)",6.3639852041120335,False,0.0,28.0
87,Greedy,V3,"(71, 17)",3.574558280340632,False,0.0,25.0
87,Greedy,V4,"(41, 38)",14.130516688353271,False,0.0,44.0
87,Greedy,V5,"(49, 64)",1.2391948704174922,False,0.0,9.0
87,Greedy,V6,"(69, 77)",1.948449998361049,False,0.0,3.0
87,Greedy,V7,"(26, 67)",5.12890629445517,False,0.0,30.0
87,Greedy,V8,"(33, 43)",8.298227295839752,False,0.0,11.0
87,Greedy,V9,"(18, 100)",2.870825997850634,True,1.0138696521637733,1.0
87,Greedy,V10,"(23, 45)",5.977508170548088,True,0.20259802197613297,1.0
87,Auction,V1,"(50, 70)",2.7040199923566455,True,4.626396615835748,1.0
87,Auction,V2,"(73, 44)",2.886288839488394,False,0.0,25.0
87,Auction,V3,"(87, 52)",14.877950942814323,False,0.0,36.0
87,Auction,V4,"(39, 14)",13.274303941718724,False,0.0,43.0
87,Auction,V5,"(30, 42)",1.0940247810783603,False,0.0,10.0
87,Auction,V6,"(96, 59)",13.991640326189927,False,0.0,14.0
87,Auction,V7,"(13, 83)",3.654822031355753,False,0.0,28.0
87,Auction,V8,"(64, 23)",3.2521204725987456,False,0.0,5.0
87,Auction,V9,"(40, 27)",1.9152632759428094,True,1.9244289008980537,1.0
87,Auction,V10,"(19, 8)",4.290198783918871,True,2.1343747458109483,1.0
87,Q-Learning,V1,"(13, 83)",18.002069176634052,False,0.0,11.0
87,Q-Learning,V2,"(94, 44)",19.18838724384105,False,0.0,42.0
87,Q-Learning,V3,"(31, 19)",1.3273522362296308,False,0.0,22.0
87,Q-Learning,V4,"(87, 52)",0.04540618731478574,False,0.0,30.0
87,Q-Learning,V5,"(30, 42)",1.0940247810783603,False,0.0,10.0
87,Q-Learning,V6,"(43, 25)",5.563016215422458,False,0.0,7.0
87,Q-Learning,V7,"(88, 59)",8.532905502627237,False,0.0,33.0
87,Q-Learning,V8,"(64, 23)",0.5449232222394365,False,0.0,2.0
87,Q-Learning,V9,"(40, 27)",6.516682115265034,True,0.7131367660166177,5.0
87,Q-Learning,V10,"(27, 18)",6.448890398913939,True,0.1081851067789188,1.0
88,Greedy,V1,"(5, 57)",6.979169745201357,True,0.0,1.0
88,Greedy,V2,"(16, 58)",6.3639852041120335,False,0.0,29.0
88,Greedy,V3,"(71, 17)",3.574558280340632,False,0.0,26.0
88,Greedy,V4,"(41, 38)",14.130516688353271,False,0.0,45.0
88,Greedy,V5,"(49, 64)",1.2391948704174922,False,0.0,10.0
88,Greedy,V6,"(69, 77)",1.948449998361049,False,0.0,4.0
88,Greedy,V7,"(26, 67)",5.12890629445517,False,0.0,31.0
88,Greedy,V8,"(33, 43)",8.298227295839752,False,0.0,12.0
88,Greedy,V9,"(18, 100)",2.870825997850634,True,0.013869652163773338,1.0
88,Greedy,V10,"(23, 45)",5.977508170548088,True,0.0,1.0
88,Auction,V1,"(50, 70)",2.7040199923566455,True,3.6263966158357483,1.0
88,Auction,V2,"(73, 44)",2.886288839488394,False,0.0,26.0
88,Auction,V3,"(87, 52)",14.877950942814323,False,0.0,37.0
88,Auction,V4,"(39, 14)",13.274303941718724,False,0.0,44.0
88,Auction,V5,"(30, 42)",1.0940247810783603,False,0.0,11.0
88,Auction,V6,"(96, 59)",13.991640326189927,False,0.0,15.0
88,Auction,V7,"(13, 83)",3.654822031355753,False,0.0,29.0
88,Auction,V8,"(64, 23)",3.2521204725987456,False,0.0,6.0
88,Auction,V9,"(40, 27)",1.9152632759428094,True,0.9244289008980537,1.0
88,Auction,V10,"(19, 8)",4.290198783918871,True,1.1343747458109483,1.0
88,Q-Learning,V1,"(13, 83)",18.002069176634052,False,0.0,12.0
88,Q-Learning,V2,"(94, 44)",19.18838724384105,False,0.0,43.0
88,Q-Learning,V3,"(31, 19)",1.3273522362296308,False,0.0,23.0
88,Q-Learning,V4,"(87, 52)",0.04540618731478574,False,0.0,31.0
88,Q-Learning,V5,"(30, 42)",1.0940247810783603,False,0.0,11.0
88,Q-Learning,V6,"(43, 25)",5.563016215422458,False,0.0,8.0
88,Q-Learning,V7,"(88, 59)",8.532905502627237,False,0.0,34.0
88,Q-Learning,V8,"(64, 23)",0.5449232222394365,False,0.0,3.0
88,Q-Learning,V9,"(40, 27)",6.516682115265034,True,0.0,5.0
88,Q-Learning,V10,"(27, 18)",6.448890398913939,True,0.0,1.0
89,Greedy,V1,"(5, 57)",6.979169745201357,False,0.0,2.0
89,Greedy,V2,"(16, 58)",6.3639852041120335,False,0.0,30.0
89,Greedy,V3,"(71, 17)",3.574558280340632,False,0.0,27.0
89,Greedy,V4,"(41, 38)",14.130516688353271,False,0.0,46.0
89,Greedy,V5,"(49, 64)",1.2391948704174922,False,0.0,11.0
89,Greedy,V6,"(69, 77)",1.948449998361049,False,0.0,5.0
89,Greedy,V7,"(26, 67)",5.12890629445517,False,0.0,32.0
89,Greedy,V8,"(33, 43)",8.298227295839752,False,0.0,13.0
89,Greedy,V9,"(18, 100)",2.870825997850634,True,0.0,1.0
89,Greedy,V10,"(23, 45)",5.977508170548088,False,0.0,2.0
89,Auction,V1,"(50, 70)",2.7040199923566455,True,2.6263966158357483,1.0
89,Auction,V2,"(73, 44)",2.886288839488394,False,0.0,27.0
89,Auction,V3,"(87, 52)",14.877950942814323,False,0.0,38.0
89,Auction,V4,"(39, 14)",13.274303941718724,False,0.0,45.0
89,Auction,V5,"(30, 42)",1.0940247810783603,False,0.0,12.0
89,Auction,V6,"(96, 59)",13.991640326189927,False,0.0,16.0
89,Auction,V7,"(13, 83)",3.654822031355753,False,0.0,30.0
89,Auction,V8,"(64, 23)",3.2521204725987456,False,0.0,7.0
89,Auction,V9,"(40, 27)",1.9152632759428094,True,0.0,1.0
89,Auction,V10,"(19, 8)",4.290198783918871,True,0.13437474581094833,1.0
89,Q-Learning,V1,"(13, 83)",18.002069176634052,False,0.0,13.0
89,Q-Learning,V2,"(94, 44)",19.18838724384105,False,0.0,44.0
89,Q-Learning,V3,"(31, 19)",1.3273522362296308,False,0.0,24.0
89,Q-Learning,V4,"(87, 52)",0.04540618731478574,False,0.0,32.0
89,Q-Learning,V5,"(30, 42)",1.0940247810783603,False,0.0,12.0
89,Q-Learning,V6,"(43, 25)",5.563016215422458,False,0.0,9.0
89,Q-Learning,V7,"(88, 59)",8.532905502627237,False,0.0,35.0
89,Q-Learning,V8,"(64, 23)",0.5449232222394365,False,0.0,4.0
89,Q-Learning,V9,"(40, 27)",6.516682115265034,False,0.0,6.0
89,Q-Learning,V10,"(27, 18)",6.448890398913939,False,0.0,2.0
90,Greedy,V1,"(5, 57)",6.979169745201357,False,0.0,3.0
90,Greedy,V2,"(16, 58)",6.3639852041120335,False,0.0,31.0
90,Greedy,V3,"(71, 17)",3.574558280340632,False,0.0,28.0
90,Greedy,V4,"(41, 38)",14.130516688353271,False,0.0,47.0
90,Greedy,V5,"(49, 64)",1.2391948704174922,False,0.0,12.0
90,Greedy,V6,"(69, 77)",1.948449998361049,False,0.0,6.0
90,Greedy,V7,"(26, 67)",5.12890629445517,False,0.0,33.0
90,Greedy,V8,"(33, 43)",8.298227295839752,False,0.0,14.0
90,Greedy,V9,"(18, 100)",2.870825997850634,False,0.0,2.0
90,Greedy,V10,"(23, 45)",5.977508170548088,False,0.0,3.0
90,Auction,V1,"(50, 70)",2.7040199923566455,True,1.6263966158357483,1.0
90,Auction,V2,"(73, 44)",2.886288839488394,False,0.0,28.0
90,Auction,V3,"(87, 52)",14.877950942814323,False,0.0,39.0
90,Auction,V4,"(39, 14)",13.274303941718724,False,0.0,46.0
90,Auction,V5,"(30, 42)",1.0940247810783603,False,0.0,13.0
90,Auction,V6,"(96, 59)",13.991640326189927,False,0.0,17.0
90,Auction,V7,"(13, 83)",3.654822031355753,False,0.0,31.0
90,Auction,V8,"(64, 23)",3.2521204725987456,False,0.0,8.0
90,Auction,V9,"(40, 27)",1.9152632759428094,False,0.0,2.0
90,Auction,V10,"(19, 8)",4.290198783918871,True,0.0,1.0
90,Q-Learning,V1,"(13, 83)",18.002069176634052,False,0.0,14.0
90,Q-Learning,V2,"(94, 44)",19.18838724384105,False,0.0,45.0
90,Q-Learning,V3,"(31, 19)",1.3273522362296308,False,0.0,25.0
90,Q-Learning,V4,"(87, 52)",0.04540618731478574,False,0.0,33.0
90,Q-Learning,V5,"(30, 42)",1.0940247810783603,False,0.0,13.0
90,Q-Learning,V6,"(43, 25)",5.563016215422458,False,0.0,10.0
90,Q-Learning,V7,"(88, 59)",8.532905502627237,False,0.0,36.0
90,Q-Learning,V8,"(64, 23)",0.5449232222394365,False,0.0,5.0
90,Q-Learning,V9,"(40, 27)",6.516682115265034,False,0.0,7.0
90,Q-Learning,V10,"(27, 18)",6.448890398913939,False,0.0,3.0
91,Greedy,V1,"(5, 57)",6.979169745201357,False,0.0,4.0
91,Greedy,V2,"(16, 58)",6.3639852041120335,False,0.0,32.0
91,Greedy,V3,"(71, 17)",3.574558280340632,False,0.0,29.0
91,Greedy,V4,"(41, 38)",14.130516688353271,False,0.0,48.0
91,Greedy,V5,"(49, 64)",1.2391948704174922,False,0.0,13.0
91,Greedy,V6,"(69, 77)",1.948449998361049,False,0.0,7.0
91,Greedy,V7,"(26, 67)",5.12890629445517,False,0.0,34.0
91,Greedy,V8,"(33, 43)",8.298227295839752,False,0.0,15.0
91,Greedy,V9,"(18, 100)",2.870825997850634,False,0.0,3.0
91,Greedy,V10,"(23, 45)",5.977508170548088,False,0.0,4.0
91,Auction,V1,"(50, 70)",2.7040199923566455,True,0.6263966158357483,1.0
91,Auction,V2,"(73, 44)",2.886288839488394,False,0.0,29.0
91,Auction,V3,"(87, 52)",14.877950942814323,False,0.0,40.0
91,Auction,V4,"(39, 14)",13.274303941718724,False,0.0,47.0
91,Auction,V5,"(30, 42)",1.0940247810783603,False,0.0,14.0
91,Auction,V6,"(96, 59)",13.991640326189927,False,0.0,18.0
91,Auction,V7,"(13, 83)",3.654822031355753,False,0.0,32.0
91,Auction,V8,"(64, 23)",3.2521204725987456,False,0.0,9.0
91,Auction,V9,"(40, 27)",1.9152632759428094,False,0.0,3.0
91,Auction,V10,"(19, 8)",4.290198783918871,False,0.0,2.0
91,Q-Learning,V1,"(13, 83)",18.002069176634052,False,0.0,15.0
91,Q-Learning,V2,"(94, 44)",19.18838724384105,False,0.0,46.0
91,Q-Learning,V3,"(31, 19)",1.3273522362296308,False,0.0,26.0
91,Q-Learning,V4,"(87, 52)",0.04540618731478574,False,0.0,34.0
91,Q-Learning,V5,"(30, 42)",1.0940247810783603,False,0.0,14.0
91,Q-Learning,V6,"(43, 25)",5.563016215422458,False,0.0,11.0
91,Q-Learning,V7,"(88, 59)",8.532905502627237,False,0.0,37.0
91,Q-Learning,V8,"(64, 23)",0.5449232222394365,False,0.0,6.0
91,Q-Learning,V9,"(40, 27)",6.516682115265034,False,0.0,8.0
91,Q-Learning,V10,"(27, 18)",6.448890398913939,False,0.0,4.0
92,Greedy,V1,"(5, 57)",6.979169745201357,False,0.0,5.0
92,Greedy,V2,"(16, 58)",6.3639852041120335,False,0.0,33.0
92,Greedy,V3,"(71, 17)",3.574558280340632,False,0.0,30.0
92,Greedy,V4,"(41, 38)",14.130516688353271,False,0.0,49.0
92,Greedy,V5,"(49, 64)",1.2391948704174922,False,0.0,14.0
92,Greedy,V6,"(69, 77)",1.948449998361049,False,0.0,8.0
92,Greedy,V7,"(26, 67)",5.12890629445517,False,0.0,35.0
92,Greedy,V8,"(33, 43)",8.298227295839752,False,0.0,16.0
92,Greedy,V9,"(18, 100)",2.870825997850634,False,0.0,4.0
92,Greedy,V10,"(23, 45)",5.977508170548088,False,0.0,5.0
92,Auction,V1,"(50, 70)",2.7040199923566455,True,0.0,1.0
92,Auction,V2,"(73, 44)",2.886288839488394,False,0.0,30.0
92,Auction,V3,"(87, 52)",14.877950942814323,False,0.0,41.0
92,Auction,V4,"(39, 14)",13.274303941718724,False,0.0,48.0
92,Auction,V5,"(30, 42)",1.0940247810783603,False,0.0,15.0
92,Auction,V6,"(96, 59)",13.991640326189927,False,0.0,19.0
92,Auction,V7,"(13, 83)",3.654822031355753,False,0.0,33.0
92,Auction,V8,"(64, 23)",3.2521204725987456,False,0.0,10.0
92,Auction,V9,"(40, 27)",1.9152632759428094,False,0.0,4.0
92,Auction,V10,"(19, 8)",4.290198783918871,False,0.0,3.0
92,Q-Learning,V1,"(13, 83)",18.002069176634052,False,0.0,16.0
92,Q-Learning,V2,"(94, 44)",19.18838724384105,False,0.0,47.0
92,Q-Learning,V3,"(31, 19)",1.3273522362296308,False,0.0,27.0
92,Q-Learning,V4,"(87, 52)",0.04540618731478574,False,0.0,35.0
92,Q-Learning,V5,"(30, 42)",1.0940247810783603,False,0.0,15.0
92,Q-Learning,V6,"(43, 25)",5.563016215422458,False,0.0,12.0
92,Q-Learning,V7,"(88, 59)",8.532905502627237,False,0.0,38.0
92,Q-Learning,V8,"(64, 23)",0.5449232222394365,False,0.0,7.0
92,Q-Learning,V9,"(40, 27)",6.516682115265034,False,0.0,9.0
92,Q-Learning,V10,"(27, 18)",6.448890398913939,False,0.0,5.0
93,Greedy,V1,"(5, 57)",6.979169745201357,False,0.0,6.0
93,Greedy,V2,"(16, 58)",6.3639852041120335,False,0.0,34.0
93,Greedy,V3,"(71, 17)",3.574558280340632,False,0.0,31.0
93,Greedy,V4,"(41, 38)",1.0851136793137925,True,12.045403009039479,49.0
93,Greedy,V5,"(49, 64)",1.2391948704174922,False,0.0,15.0
93,Greedy,V6,"(69, 77)",1.948449998361049,False,0.0,9.0
93,Greedy,V7,"(26, 67)",5.12890629445517,False,0.0,36.0
93,Greedy,V8,"(33, 43)",8.298227295839752,False,0.0,17.0
93,Greedy,V9,"(18, 100)",2.870825997850634,False,0.0,5.0
93,Greedy,V10,"(23, 45)",5.977508170548088,False,0.0,6.0
93,Auction,V1,"(50, 70)",2.7040199923566455,False,0.0,2.0
93,Auction,V2,"(73, 44)",2.886288839488394,False,0.0,31.0
93,Auction,V3,"(87, 52)",14.877950942814323,False,0.0,42.0
93,Auction,V4,"(39, 14)",13.274303941718724,False,0.0,49.0
93,Auction,V5,"(30, 42)",1.0940247810783603,False,0.0,16.0
93,Auction,V6,"(96, 59)",13.991640326189927,False,0.0,20.0
93,Auction,V7,"(13, 83)",3.654822031355753,False,0.0,34.0
93,Auction,V8,"(64, 23)",3.2521204725987456,False,0.0,11.0
93,Auction,V9,"(40, 27)",1.9152632759428094,False,0.0,5.0
93,Auction,V10,"(19, 8)",4.290198783918871,False,0.0,4.0
93,Q-Learning,V1,"(27, 41)",0.6775138562972955,True,16.324555320336756,16.0
93,Q-Learning,V2,"(94, 44)",19.18838724384105,False,0.0,48.0
93,Q-Learning,V3,"(31, 19)",1.3273522362296308,False,0.0,28.0
93,Q-Learning,V4,"(87, 52)",0.04540618731478574,False,0.0,36.0
93,Q-Learning,V5,"(30, 42)",1.0940247810783603,False,0.0,16.0
93,Q-Learning,V6,"(43, 25)",5.563016215422458,False,0.0,13.0
93,Q-Learning,V7,"(88, 59)",8.532905502627237,False,0.0,39.0
93,Q-Learning,V8,"(64, 23)",0.5449232222394365,False,0.0,8.0
93,Q-Learning,V9,"(40, 27)",6.516682115265034,False,0.0,10.0
93,Q-Learning,V10,"(27, 18)",6.448890398913939,False,0.0,6.0
94,Greedy,V1,"(5, 57)",6.979169745201357,False,0.0,7.0
94,Greedy,V2,"(16, 58)",6.3639852041120335,False,0.0,35.0
94,Greedy,V3,"(71, 17)",3.574558280340632,False,0.0,32.0
94,Greedy,V4,"(41, 38)",1.0851136793137925,True,11.045403009039479,49.0
94,Greedy,V5,"(49, 64)",1.2391948704174922,False,0.0,16.0
94,Greedy,V6,"(69, 77)",1.948449998361049,False,0.0,10.0
94,Greedy,V7,"(26, 67)",5.12890629445517,False,0.0,37.0
94,Greedy,V8,"(33, 43)",8.298227295839752,False,0.0,18.0
94,Greedy,V9,"(18, 100)",2.870825997850634,False,0.0,6.0
94,Greedy,V10,"(23, 45)",5.977508170548088,False,0.0,7.0
94,Auction,V1,"(50, 70)",2.7040199923566455,False,0.0,3.0
94,Auction,V2,"(73, 44)",2.886288839488394,False,0.0,32.0
94,Auction,V3,"(87, 52)",14.877950942814323,False,0.0,43.0
94,Auction,V4,"(39, 14)",13.274303941718724,False,0.0,50.0
94,Auction,V5,"(30, 42)",1.0940247810783603,False,0.0,17.0
94,Auction,V6,"(96, 59)",13.991640326189927,False,0.0,21.0
94,Auction,V7,"(13, 83)",3.654822031355753,False,0.0,35.0
94,Auction,V8,"(64, 23)",3.2521204725987456,False,0.0,12.0
94,Auction,V9,"(40, 27)",1.9152632759428094,False,0.0,6.0
94,Auction,V10,"(19, 8)",4.290198783918871,False,0.0,5.0
94,Q-Learning,V1,"(27, 41)",0.6775138562972955,True,15.324555320336756,16.0
94,Q-Learning,V2,"(94, 44)",19.18838724384105,False,0.0,49.0
94,Q-Learning,V3,"(31, 19)",1.3273522362296308,False,0.0,29.0
94,Q-Learning,V4,"(87, 52)",0.04540618731478574,False,0.0,37.0
94,Q-Learning,V5,"(30, 42)",1.0940247810783603,False,0.0,17.0
94,Q-Learning,V6,"(43, 25)",5.563016215422458,False,0.0,14.0
94,Q-Learning,V7,"(88, 59)",8.532905502627237,False,0.0,40.0
94,Q-Learning,V8,"(64, 23)",0.5449232222394365,False,0.0,9.0
94,Q-Learning,V9,"(40, 27)",6.516682115265034,False,0.0,11.0
94,Q-Learning,V10,"(27, 18)",6.448890398913939,False,0.0,7.0
95,Greedy,V1,"(5, 57)",6.979169745201357,False,0.0,8.0
95,Greedy,V2,"(16, 58)",6.3639852041120335,False,0.0,36.0
95,Greedy,V3,"(71, 17)",3.574558280340632,False,0.0,33.0
95,Greedy,V4,"(41, 38)",1.0851136793137925,True,10.045403009039479,49.0
95,Greedy,V5,"(49, 64)",1.2391948704174922,False,0.0,17.0
95,Greedy,V6,"(69, 77)",1.948449998361049,False,0.0,11.0
95,Greedy,V7,"(26, 67)",5.12890629445517,False,0.0,38.0
95,Greedy,V8,"(33, 43)",8.298227295839752,False,0.0,19.0
95,Greedy,V9,"(18, 100)",2.870825997850634,False,0.0,7.0
95,Greedy,V10,"(23, 45)",5.977508170548088,False,0.0,8.0
95,Auction,V1,"(50, 70)",2.7040199923566455,False,0.0,4.0
95,Auction,V2,"(73, 44)",2.886288839488394,False,0.0,33.0
95,Auction,V3,"(87, 52)",14.877950942814323,False,0.0,44.0
95,Auction,V4,"(39, 14)",13.274303941718724,False,0.0,51.0
95,Auction,V5,"(30, 42)",1.0940247810783603,False,0.0,18.0
95,Auction,V6,"(96, 59)",13.991640326189927,False,0.0,22.0
95,Auction,V7,"(13, 83)",3.654822031355753,False,0.0,36.0
95,Auction,V8,"(64, 23)",3.2521204725987456,False,0.0,13.0
95,Auction,V9,"(40, 27)",1.9152632759428094,False,0.0,7.0
95,Auction,V10,"(19, 8)",4.290198783918871,False,0.0,6.0
95,Q-Learning,V1,"(27, 41)",0.6775138562972955,True,14.324555320336756,16.0
95,Q-Learning,V2,"(94, 44)",19.18838724384105,False,0.0,50.0
95,Q-Learning,V3,"(31, 19)",1.3273522362296308,False,0.0,30.0
95,Q-Learning,V4,"(87, 52)",0.04540618731478574,False,0.0,38.0
95,Q-Learning,V5,"(30, 42)",1.0940247810783603,False,0.0,18.0
95,Q-Learning,V6,"(43, 25)",5.563016215422458,False,0.0,15.0
95,Q-Learning,V7,"(88, 59)",8.532905502627237,False,0.0,41.0
95,Q-Learning,V8,"(64, 23)",0.5449232222394365,False,0.0,10.0
95,Q-Learning,V9,"(40, 27)",6.516682115265034,False,0.0,12.0
95,Q-Learning,V10,"(27, 18)",6.448890398913939,False,0.0,8.0
96,Greedy,V1,"(5, 57)",6.979169745201357,False,0.0,9.0
96,Greedy,V2,"(16, 58)",6.3639852041120335,False,0.0,37.0
96,Greedy,V3,"(71, 17)",3.574558280340632,False,0.0,34.0
96,Greedy,V4,"(41, 38)",1.0851136793137925,True,9.045403009039479,49.0
96,Greedy,V5,"(49, 64)",1.2391948704174922,False,0.0,18.0
96,Greedy,V6,"(69, 77)",1.948449998361049,False,0.0,12.0
96,Greedy,V7,"(26, 67)",5.12890629445517,False,0.0,39.0
96,Greedy,V8,"(33, 43)",8.298227295839752,False,0.0,20.0
96,Greedy,V9,"(18, 100)",2.870825997850634,False,0.0,8.0
96,Greedy,V10,"(23, 45)",5.977508170548088,False,0.0,9.0
96,Auction,V1,"(50, 70)",2.7040199923566455,False,0.0,5.0
96,Auction,V2,"(73, 44)",2.886288839488394,False,0.0,34.0
96,Auction,V3,"(87, 52)",14.877950942814323,False,0.0,45.0
96,Auction,V4,"(39, 14)",13.274303941718724,False,0.0,52.0
96,Auction,V5,"(30, 42)",1.0940247810783603,False,0.0,19.0
96,Auction,V6,"(96, 59)",13.991640326189927,False,0.0,23.0
96,Auction,V7,"(13, 83)",3.654822031355753,False,0.0,37.0
96,Auction,V8,"(64, 23)",3.2521204725987456,False,0.0,14.0
96,Auction,V9,"(40, 27)",1.9152632759428094,False,0.0,8.0
96,Auction,V10,"(19, 8)",4.290198783918871,False,0.0,7.0
96,Q-Learning,V1,"(27, 41)",0.6775138562972955,True,13.324555320336756,16.0
96,Q-Learning,V2,"(94, 44)",19.18838724384105,False,0.0,51.0
96,Q-Learning,V3,"(31, 19)",1.3273522362296308,False,0.0,31.0
96,Q-Learning,V4,"(87, 52)",0.04540618731478574,False,0.0,39.0
96,Q-Learning,V5,"(30, 42)",1.0940247810783603,False,0.0,19.0
96,Q-Learning,V6,"(43, 25)",5.563016215422458,False,0.0,16.0
96,Q-Learning,V7,"(88, 59)",8.532905502627237,False,0.0,42.0
96,Q-Learning,V8,"(64, 23)",0.5449232222394365,False,0.0,11.0
96,Q-Learning,V9,"(40, 27)",6.516682115265034,False,0.0,13.0
96,Q-Learning,V10,"(27, 18)",6.448890398913939,False,0.0,9.0
97,Greedy,V1,"(5, 57)",6.979169745201357,False,0.0,10.0
97,Greedy,V2,"(16, 58)",6.3639852041120335,False,0.0,38.0
97,Greedy,V3,"(71, 17)",3.574558280340632,False,0.0,35.0
97,Greedy,V4,"(41, 38)",1.0851136793137925,True,8.045403009039479,49.0
97,Greedy,V5,"(49, 64)",1.2391948704174922,False,0.0,19.0
97,Greedy,V6,"(69, 77)",1.948449998361049,False,0.0,13.0
97,Greedy,V7,"(26, 67)",5.12890629445517,False,0.0,40.0
97,Greedy,V8,"(33, 43)",8.298227295839752,False,0.0,21.0
97,Greedy,V9,"(18, 100)",2.870825997850634,False,0.0,9.0
97,Greedy,V10,"(23, 45)",5.977508170548088,False,0.0,10.0
97,Auction,V1,"(50, 70)",2.7040199923566455,False,0.0,6.0
97,Auction,V2,"(73, 44)",2.886288839488394,False,0.0,35.0
97,Auction,V3,"(87, 52)",14.877950942814323,False,0.0,46.0
97,Auction,V4,"(39, 14)",13.274303941718724,False,0.0,53.0
97,Auction,V5,"(30, 42)",1.0940247810783603,False,0.0,20.0
97,Auction,V6,"(96, 59)",13.991640326189927,False,0.0,24.0
97,Auction,V7,"(13, 83)",3.654822031355753,False,0.0,38.0
97,Auction,V8,"(64, 23)",3.2521204725987456,False,0.0,15.0
97,Auction,V9,"(40, 27)",1.9152632759428094,False,0.0,9.0
97,Auction,V10,"(19, 8)",4.290198783918871,False,0.0,8.0
97,Q-Learning,V1,"(27, 41)",0.6775138562972955,True,12.324555320336756,16.0
97,Q-Learning,V2,"(94, 44)",19.18838724384105,False,0.0,52.0
97,Q-Learning,V3,"(31, 19)",1.3273522362296308,False,0.0,32.0
97,Q-Learning,V4,"(87, 52)",0.04540618731478574,False,0.0,40.0
97,Q-Learning,V5,"(30, 42)",1.0940247810783603,False,0.0,20.0
97,Q-Learning,V6,"(43, 25)",5.563016215422458,False,0.0,17.0
97,Q-Learning,V7,"(88, 59)",8.532905502627237,False,0.0,43.0
97,Q-Learning,V8,"(64, 23)",0.5449232222394365,False,0.0,12.0
97,Q-Learning,V9,"(40, 27)",6.516682115265034,False,0.0,14.0
97,Q-Learning,V10,"(27, 18)",6.448890398913939,False,0.0,10.0
98,Greedy,V1,"(5, 57)",6.979169745201357,False,0.0,11.0
98,Greedy,V2,"(16, 58)",6.3639852041120335,False,0.0,39.0
98,Greedy,V3,"(71, 17)",3.574558280340632,False,0.0,36.0
98,Greedy,V4,"(41, 38)",1.0851136793137925,True,7.045403009039479,49.0
98,Greedy,V5,"(49, 64)",1.2391948704174922,False,0.0,20.0
98,Greedy,V6,"(69, 77)",1.948449998361049,False,0.0,14.0
98,Greedy,V7,"(26, 67)",5.12890629445517,False,0.0,41.0
98,Greedy,V8,"(33, 43)",8.298227295839752,False,0.0,22.0
98,Greedy,V9,"(18, 100)",2.870825997850634,False,0.0,10.0
98,Greedy,V10,"(23, 45)",5.977508170548088,False,0.0,11.0
98,Auction,V1,"(50, 70)",2.7040199923566455,False,0.0,7.0
98,Auction,V2,"(73, 44)",2.886288839488394,False,0.0,36.0
98,Auction,V3,"(87, 52)",14.877950942814323,False,0.0,47.0
98,Auction,V4,"(39, 14)",13.274303941718724,False,0.0,54.0
98,Auction,V5,"(30, 42)",1.0940247810783603,False,0.0,21.0
98,Auction,V6,"(96, 59)",13.991640326189927,False,0.0,25.0
98,Auction,V7,"(13, 83)",3.654822031355753,False,0.0,39.0
98,Auction,V8,"(64, 23)",3.2521204725987456,False,0.0,16.0
98,Auction,V9,"(40, 27)",1.9152632759428094,False,0.0,10.0
98,Auction,V10,"(19, 8)",4.290198783918871,False,0.0,9.0
98,Q-Learning,V1,"(27, 41)",0.6775138562972955,True,11.324555320336756,16.0
98,Q-Learning,V2,"(94, 44)",19.18838724384105,False,0.0,53.0
98,Q-Learning,V3,"(31, 19)",1.3273522362296308,False,0.0,33.0
98,Q-Learning,V4,"(87, 52)",0.04540618731478574,False,0.0,41.0
98,Q-Learning,V5,"(30, 42)",1.0940247810783603,False,0.0,21.0
98,Q-Learning,V6,"(43, 25)",5.563016215422458,False,0.0,18.0
98,Q-Learning,V7,"(88, 59)",8.532905502627237,False,0.0,44.0
98,Q-Learning,V8,"(64, 23)",0.5449232222394365,False,0.0,13.0
98,Q-Learning,V9,"(40, 27)",6.516682115265034,False,0.0,15.0
98,Q-Learning,V10,"(27, 18)",6.448890398913939,False,0.0,11.0
99,Greedy,V1,"(5, 57)",6.979169745201357,False,0.0,12.0
99,Greedy,V2,"(16, 58)",6.3639852041120335,False,0.0,40.0
99,Greedy,V3,"(71, 17)",3.574558280340632,False,0.0,37.0
99,Greedy,V4,"(41, 38)",1.0851136793137925,True,6.045403009039479,49.0
99,Greedy,V5,"(49, 64)",1.2391948704174922,False,0.0,21.0
99,Greedy,V6,"(69, 77)",1.948449998361049,False,0.0,15.0
99,Greedy,V7,"(26, 67)",5.12890629445517,False,0.0,42.0
99,Greedy,V8,"(33, 43)",8.298227295839752,False,0.0,23.0
99,Greedy,V9,"(18, 100)",2.870825997850634,False,0.0,11.0
99,Greedy,V10,"(23, 45)",5.977508170548088,False,0.0,12.0
99,Auction,V1,"(50, 70)",2.7040199923566455,False,0.0,8.0
99,Auction,V2,"(73, 44)",2.886288839488394,False,0.0,37.0
99,Auction,V3,"(87, 52)",14.877950942814323,False,0.0,48.0
99,Auction,V4,"(39, 14)",13.274303941718724,False,0.0,55.0
99,Auction,V5,"(30, 42)",1.0940247810783603,False,0.0,22.0
99,Auction,V6,"(96, 59)",13.991640326189927,False,0.0,26.0
99,Auction,V7,"(13, 83)",3.654822031355753,False,0.0,40.0
99,Auction,V8,"(64, 23)",3.2521204725987456,False,0.0,17.0
99,Auction,V9,"(40, 27)",1.9152632759428094,False,0.0,11.0
99,Auction,V10,"(19, 8)",4.290198783918871,False,0.0,10.0
99,Q-Learning,V1,"(27, 41)",0.6775138562972955,True,10.324555320336756,16.0
99,Q-Learning,V2,"(94, 44)",19.18838724384105,False,0.0,54.0
99,Q-Learning,V3,"(31, 19)",1.3273522362296308,False,0.0,34.0
99,Q-Learning,V4,"(87, 52)",0.04540618731478574,False,0.0,42.0
99,Q-Learning,V5,"(30, 42)",1.0940247810783603,False,0.0,22.0
99,Q-Learning,V6,"(43, 25)",5.563016215422458,False,0.0,19.0
99,Q-Learning,V7,"(88, 59)",8.532905502627237,False,0.0,45.0
99,Q-Learning,V8,"(64, 23)",0.5449232222394365,False,0.0,14.0
99,Q-Learning,V9,"(40, 27)",6.516682115265034,False,0.0,16.0
99,Q-Learning,V10,"(27, 18)",6.448890398913939,False,0.0,12.0
