time_step,method,vehicle_id,position,battery,busy,remaining_duration,idle_time
0,Greedy,V1,"(45, 72)",83.0,False,0.0,1.0
0,Greedy,V2,"(19, 72)",60.0,False,0.0,1.0
0,Greedy,V3,"(37, 67)",56.0,False,0.0,1.0
0,Greedy,V4,"(77, 58)",67.0,False,0.0,1.0
0,Greedy,V5,"(82, 37)",96.0,False,0.0,1.0
0,Greedy,V6,"(59, 92)",83.0,False,0.0,1.0
0,Greedy,V7,"(60, 27)",84.0,False,0.0,1.0
0,Greedy,V8,"(37, 53)",76.0,False,0.0,1.0
0,Greedy,V9,"(82, 85)",59.0,False,0.0,1.0
0,Greedy,V10,"(89, 20)",64.0,False,0.0,1.0
0,Auction,V1,"(45, 72)",83.0,False,0.0,1.0
0,Auction,V2,"(19, 72)",60.0,False,0.0,1.0
0,Auction,V3,"(37, 67)",56.0,False,0.0,1.0
0,Auction,V4,"(77, 58)",67.0,False,0.0,1.0
0,Auction,V5,"(82, 37)",96.0,False,0.0,1.0
0,Auction,V6,"(59, 92)",83.0,False,0.0,1.0
0,Auction,V7,"(60, 27)",84.0,False,0.0,1.0
0,Auction,V8,"(37, 53)",76.0,False,0.0,1.0
0,Auction,V9,"(82, 85)",59.0,False,0.0,1.0
0,Auction,V10,"(89, 20)",64.0,False,0.0,1.0
0,Q-Learning,V1,"(45, 72)",83.0,False,0.0,1.0
0,Q-Learning,V2,"(19, 72)",60.0,False,0.0,1.0
0,Q-Learning,V3,"(37, 67)",56.0,False,0.0,1.0
0,Q-Learning,V4,"(77, 58)",67.0,False,0.0,1.0
0,Q-Learning,V5,"(82, 37)",96.0,False,0.0,1.0
0,Q-Learning,V6,"(59, 92)",83.0,False,0.0,1.0
0,Q-Learning,V7,"(60, 27)",84.0,False,0.0,1.0
0,Q-Learning,V8,"(37, 53)",76.0,False,0.0,1.0
0,Q-Learning,V9,"(82, 85)",59.0,False,0.0,1.0
0,Q-Learning,V10,"(89, 20)",64.0,False,0.0,1.0
1,Greedy,V1,"(45, 72)",63.73725830020305,True,18.26274169979695,1.0
1,Greedy,V2,"(19, 72)",28.61233526229086,True,30.38766473770914,1.0
1,Greedy,V3,"(37, 67)",43.08929180057117,True,11.91070819942883,1.0
1,Greedy,V4,"(77, 58)",45.846979854836015,True,20.153020145163985,1.0
1,Greedy,V5,"(82, 37)",71.43792810227633,True,23.562071897723666,1.0
1,Greedy,V6,"(59, 92)",58.992217781462685,True,23.00778221853732,1.0
1,Greedy,V7,"(60, 27)",59.82406482689603,True,23.175935173103973,1.0
1,Greedy,V8,"(37, 53)",49.07401724298095,True,25.92598275701905,1.0
1,Greedy,V9,"(82, 85)",39.98960135530193,True,18.010398644698075,1.0
1,Greedy,V10,"(89, 20)",31.344714633423116,True,31.655285366576884,1.0
1,Auction,V1,"(53, 64)",63.73725830020305,True,18.26274169979695,1.0
1,Auction,V2,"(20, 23)",21.66326566020954,True,37.33673433979046,1.0
1,Auction,V3,"(44, 83)",43.08929180057117,True,11.91070819942883,1.0
1,Auction,V4,"(68, 68)",47.51545865097543,True,18.48454134902457,1.0
1,Auction,V5,"(64, 34)",71.43792810227633,True,23.562071897723666,1.0
1,Auction,V6,"(66, 96)",58.992217781462685,True,23.00778221853732,1.0
1,Auction,V7,"(54, 13)",59.82406482689603,True,23.175935173103973,1.0
1,Auction,V8,"(62, 35)",59.5991651997859,True,15.400834800214103,1.0
1,Auction,V9,"(81, 97)",39.98960135530193,True,18.010398644698075,1.0
1,Auction,V10,"(69, 29)",31.344714633423116,True,31.655285366576884,1.0
1,Q-Learning,V1,"(53, 64)",63.73725830020305,True,18.26274169979695,1.0
1,Q-Learning,V2,"(19, 72)",60.0,False,0.0,2.0
1,Q-Learning,V3,"(37, 67)",56.0,False,0.0,2.0
1,Q-Learning,V4,"(77, 58)",67.0,False,0.0,2.0
1,Q-Learning,V5,"(69, 29)",63.183915619381565,True,31.816084380618435,1.0
1,Q-Learning,V6,"(66, 96)",58.992217781462685,True,23.00778221853732,1.0
1,Q-Learning,V7,"(54, 13)",59.82406482689603,True,23.175935173103973,1.0
1,Q-Learning,V8,"(37, 53)",76.0,False,0.0,2.0
1,Q-Learning,V9,"(81, 97)",39.98960135530193,True,18.010398644698075,1.0
1,Q-Learning,V10,"(89, 20)",64.0,False,0.0,2.0
2,Greedy,V1,"(45, 72)",63.73725830020305,True,17.26274169979695,1.0
2,Greedy,V2,"(19, 72)",28.61233526229086,True,29.38766473770914,1.0
2,Greedy,V3,"(37, 67)",43.08929180057117,True,10.91070819942883,1.0
2,Greedy,V4,"(77, 58)",45.846979854836015,True,19.153020145163985,1.0
2,Greedy,V5,"(82, 37)",71.43792810227633,True,22.562071897723666,1.0
2,Greedy,V6,"(59, 92)",58.992217781462685,True,22.00778221853732,1.0
2,Greedy,V7,"(60, 27)",59.82406482689603,True,22.175935173103973,1.0
2,Greedy,V8,"(37, 53)",49.07401724298095,True,24.92598275701905,1.0
2,Greedy,V9,"(82, 85)",39.98960135530193,True,17.010398644698075,1.0
2,Greedy,V10,"(89, 20)",31.344714633423116,True,30.655285366576884,1.0
2,Auction,V1,"(53, 64)",63.73725830020305,True,17.26274169979695,1.0
2,Auction,V2,"(20, 23)",21.66326566020954,True,36.33673433979046,1.0
2,Auction,V3,"(44, 83)",43.08929180057117,True,10.91070819942883,1.0
2,Auction,V4,"(68, 68)",47.51545865097543,True,17.48454134902457,1.0
2,Auction,V5,"(64, 34)",71.43792810227633,True,22.562071897723666,1.0
2,Auction,V6,"(66, 96)",58.992217781462685,True,22.00778221853732,1.0
2,Auction,V7,"(54, 13)",59.82406482689603,True,22.175935173103973,1.0
2,Auction,V8,"(62, 35)",59.5991651997859,True,14.400834800214103,1.0
2,Auction,V9,"(81, 97)",39.98960135530193,True,17.010398644698075,1.0
2,Auction,V10,"(69, 29)",31.344714633423116,True,30.655285366576884,1.0
2,Q-Learning,V1,"(53, 64)",63.73725830020305,True,17.26274169979695,1.0
2,Q-Learning,V2,"(44, 83)",40.89566647750156,True,18.104333522498443,2.0
2,Q-Learning,V3,"(37, 67)",56.0,False,0.0,3.0
2,Q-Learning,V4,"(64, 34)",37.90177062402921,True,28.09822937597079,2.0
2,Q-Learning,V5,"(69, 29)",63.183915619381565,True,30.816084380618435,1.0
2,Q-Learning,V6,"(66, 96)",58.992217781462685,True,22.00778221853732,1.0
2,Q-Learning,V7,"(54, 13)",59.82406482689603,True,22.175935173103973,1.0
2,Q-Learning,V8,"(62, 35)",59.5991651997859,True,15.400834800214103,2.0
2,Q-Learning,V9,"(81, 97)",39.98960135530193,True,17.010398644698075,1.0
2,Q-Learning,V10,"(89, 20)",64.0,False,0.0,3.0
3,Greedy,V1,"(45, 72)",63.73725830020305,True,16.26274169979695,1.0
3,Greedy,V2,"(19, 72)",28.61233526229086,True,28.38766473770914,1.0
3,Greedy,V3,"(37, 67)",43.08929180057117,True,9.91070819942883,1.0
3,Greedy,V4,"(77, 58)",45.846979854836015,True,18.153020145163985,1.0
3,Greedy,V5,"(82, 37)",71.43792810227633,True,21.562071897723666,1.0
3,Greedy,V6,"(59, 92)",58.992217781462685,True,21.00778221853732,1.0
3,Greedy,V7,"(60, 27)",59.82406482689603,True,21.175935173103973,1.0
3,Greedy,V8,"(37, 53)",49.07401724298095,True,23.92598275701905,1.0
3,Greedy,V9,"(82, 85)",39.98960135530193,True,16.010398644698075,1.0
3,Greedy,V10,"(89, 20)",31.344714633423116,True,29.655285366576884,1.0
3,Auction,V1,"(53, 64)",63.73725830020305,True,16.26274169979695,1.0
3,Auction,V2,"(20, 23)",21.66326566020954,True,35.33673433979046,1.0
3,Auction,V3,"(44, 83)",43.08929180057117,True,9.91070819942883,1.0
3,Auction,V4,"(68, 68)",47.51545865097543,True,16.48454134902457,1.0
3,Auction,V5,"(64, 34)",71.43792810227633,True,21.562071897723666,1.0
3,Auction,V6,"(66, 96)",58.992217781462685,True,21.00778221853732,1.0
3,Auction,V7,"(54, 13)",59.82406482689603,True,21.175935173103973,1.0
3,Auction,V8,"(62, 35)",59.5991651997859,True,13.400834800214103,1.0
3,Auction,V9,"(81, 97)",39.98960135530193,True,16.010398644698075,1.0
3,Auction,V10,"(69, 29)",31.344714633423116,True,29.655285366576884,1.0
3,Q-Learning,V1,"(53, 64)",63.73725830020305,True,16.26274169979695,1.0
3,Q-Learning,V2,"(44, 83)",40.89566647750156,True,17.104333522498443,2.0
3,Q-Learning,V3,"(20, 23)",26.138349056619496,True,28.861650943380504,3.0
3,Q-Learning,V4,"(64, 34)",37.90177062402921,True,27.09822937597079,2.0
3,Q-Learning,V5,"(69, 29)",63.183915619381565,True,29.816084380618435,1.0
3,Q-Learning,V6,"(66, 96)",58.992217781462685,True,21.00778221853732,1.0
3,Q-Learning,V7,"(54, 13)",59.82406482689603,True,21.175935173103973,1.0
3,Q-Learning,V8,"(62, 35)",59.5991651997859,True,14.400834800214103,2.0
3,Q-Learning,V9,"(81, 97)",39.98960135530193,True,16.010398644698075,1.0
3,Q-Learning,V10,"(89, 20)",64.0,False,0.0,4.0
4,Greedy,V1,"(45, 72)",63.73725830020305,True,15.262741699796951,1.0
4,Greedy,V2,"(19, 72)",28.61233526229086,True,27.38766473770914,1.0
4,Greedy,V3,"(37, 67)",43.08929180057117,True,8.91070819942883,1.0
4,Greedy,V4,"(77, 58)",45.846979854836015,True,17.153020145163985,1.0
4,Greedy,V5,"(82, 37)",71.43792810227633,True,20.562071897723666,1.0
4,Greedy,V6,"(59, 92)",58.992217781462685,True,20.00778221853732,1.0
4,Greedy,V7,"(60, 27)",59.82406482689603,True,20.175935173103973,1.0
4,Greedy,V8,"(37, 53)",49.07401724298095,True,22.92598275701905,1.0
4,Greedy,V9,"(82, 85)",39.98960135530193,True,15.010398644698075,1.0
4,Greedy,V10,"(89, 20)",31.344714633423116,True,28.655285366576884,1.0
4,Auction,V1,"(53, 64)",63.73725830020305,True,15.262741699796951,1.0
4,Auction,V2,"(20, 23)",21.66326566020954,True,34.33673433979046,1.0
4,Auction,V3,"(44, 83)",43.08929180057117,True,8.91070819942883,1.0
4,Auction,V4,"(68, 68)",47.51545865097543,True,15.484541349024571,1.0
4,Auction,V5,"(64, 34)",71.43792810227633,True,20.562071897723666,1.0
4,Auction,V6,"(66, 96)",58.992217781462685,True,20.00778221853732,1.0
4,Auction,V7,"(54, 13)",59.82406482689603,True,20.175935173103973,1.0
4,Auction,V8,"(62, 35)",59.5991651997859,True,12.400834800214103,1.0
4,Auction,V9,"(81, 97)",39.98960135530193,True,15.010398644698075,1.0
4,Auction,V10,"(69, 29)",31.344714633423116,True,28.655285366576884,1.0
4,Q-Learning,V1,"(53, 64)",63.73725830020305,True,15.262741699796951,1.0
4,Q-Learning,V2,"(44, 83)",40.89566647750156,True,16.104333522498443,2.0
4,Q-Learning,V3,"(20, 23)",26.138349056619496,True,27.861650943380504,3.0
4,Q-Learning,V4,"(64, 34)",37.90177062402921,True,26.09822937597079,2.0
4,Q-Learning,V5,"(69, 29)",63.183915619381565,True,28.816084380618435,1.0
4,Q-Learning,V6,"(66, 96)",58.992217781462685,True,20.00778221853732,1.0
4,Q-Learning,V7,"(54, 13)",59.82406482689603,True,20.175935173103973,1.0
4,Q-Learning,V8,"(62, 35)",59.5991651997859,True,13.400834800214103,2.0
4,Q-Learning,V9,"(81, 97)",39.98960135530193,True,15.010398644698075,1.0
4,Q-Learning,V10,"(68, 68)",40.26787540171351,True,22.73212459828649,4.0
5,Greedy,V1,"(45, 72)",63.73725830020305,True,14.262741699796951,1.0
5,Greedy,V2,"(19, 72)",28.61233526229086,True,26.38766473770914,1.0
5,Greedy,V3,"(37, 67)",43.08929180057117,True,7.91070819942883,1.0
5,Greedy,V4,"(77, 58)",45.846979854836015,True,16.153020145163985,1.0
5,Greedy,V5,"(82, 37)",71.43792810227633,True,19.562071897723666,1.0
5,Greedy,V6,"(59, 92)",58.992217781462685,True,19.00778221853732,1.0
5,Greedy,V7,"(60, 27)",59.82406482689603,True,19.175935173103973,1.0
5,Greedy,V8,"(37, 53)",49.07401724298095,True,21.92598275701905,1.0
5,Greedy,V9,"(82, 85)",39.98960135530193,True,14.010398644698075,1.0
5,Greedy,V10,"(89, 20)",31.344714633423116,True,27.655285366576884,1.0
5,Auction,V1,"(53, 64)",63.73725830020305,True,14.262741699796951,1.0
5,Auction,V2,"(20, 23)",21.66326566020954,True,33.33673433979046,1.0
5,Auction,V3,"(44, 83)",43.08929180057117,True,7.91070819942883,1.0
5,Auction,V4,"(68, 68)",47.51545865097543,True,14.484541349024571,1.0
5,Auction,V5,"(64, 34)",71.43792810227633,True,19.562071897723666,1.0
5,Auction,V6,"(66, 96)",58.992217781462685,True,19.00778221853732,1.0
5,Auction,V7,"(54, 13)",59.82406482689603,True,19.175935173103973,1.0
5,Auction,V8,"(62, 35)",59.5991651997859,True,11.400834800214103,1.0
5,Auction,V9,"(81, 97)",39.98960135530193,True,14.010398644698075,1.0
5,Auction,V10,"(69, 29)",31.344714633423116,True,27.655285366576884,1.0
5,Q-Learning,V1,"(53, 64)",63.73725830020305,True,14.262741699796951,1.0
5,Q-Learning,V2,"(44, 83)",40.89566647750156,True,15.104333522498443,2.0
5,Q-Learning,V3,"(20, 23)",26.138349056619496,True,26.861650943380504,3.0
5,Q-Learning,V4,"(64, 34)",37.90177062402921,True,25.09822937597079,2.0
5,Q-Learning,V5,"(69, 29)",63.183915619381565,True,27.816084380618435,1.0
5,Q-Learning,V6,"(66, 96)",58.992217781462685,True,19.00778221853732,1.0
5,Q-Learning,V7,"(54, 13)",59.82406482689603,True,19.175935173103973,1.0
5,Q-Learning,V8,"(62, 35)",59.5991651997859,True,12.400834800214103,2.0
5,Q-Learning,V9,"(81, 97)",39.98960135530193,True,14.010398644698075,1.0
5,Q-Learning,V10,"(68, 68)",40.26787540171351,True,21.73212459828649,4.0
6,Greedy,V1,"(45, 72)",63.73725830020305,True,13.262741699796951,1.0
6,Greedy,V2,"(19, 72)",28.61233526229086,True,25.38766473770914,1.0
6,Greedy,V3,"(37, 67)",43.08929180057117,True,6.91070819942883,1.0
6,Greedy,V4,"(77, 58)",45.846979854836015,True,15.153020145163985,1.0
6,Greedy,V5,"(82, 37)",71.43792810227633,True,18.562071897723666,1.0
6,Greedy,V6,"(59, 92)",58.992217781462685,True,18.00778221853732,1.0
6,Greedy,V7,"(60, 27)",59.82406482689603,True,18.175935173103973,1.0
6,Greedy,V8,"(37, 53)",49.07401724298095,True,20.92598275701905,1.0
6,Greedy,V9,"(82, 85)",39.98960135530193,True,13.010398644698075,1.0
6,Greedy,V10,"(89, 20)",31.344714633423116,True,26.655285366576884,1.0
6,Auction,V1,"(53, 64)",63.73725830020305,True,13.262741699796951,1.0
6,Auction,V2,"(20, 23)",21.66326566020954,True,32.33673433979046,1.0
6,Auction,V3,"(44, 83)",43.08929180057117,True,6.91070819942883,1.0
6,Auction,V4,"(68, 68)",47.51545865097543,True,13.484541349024571,1.0
6,Auction,V5,"(64, 34)",71.43792810227633,True,18.562071897723666,1.0
6,Auction,V6,"(66, 96)",58.992217781462685,True,18.00778221853732,1.0
6,Auction,V7,"(54, 13)",59.82406482689603,True,18.175935173103973,1.0
6,Auction,V8,"(62, 35)",59.5991651997859,True,10.400834800214103,1.0
6,Auction,V9,"(81, 97)",39.98960135530193,True,13.010398644698075,1.0
6,Auction,V10,"(69, 29)",31.344714633423116,True,26.655285366576884,1.0
6,Q-Learning,V1,"(53, 64)",63.73725830020305,True,13.262741699796951,1.0
6,Q-Learning,V2,"(44, 83)",40.89566647750156,True,14.104333522498443,2.0
6,Q-Learning,V3,"(20, 23)",26.138349056619496,True,25.861650943380504,3.0
6,Q-Learning,V4,"(64, 34)",37.90177062402921,True,24.09822937597079,2.0
6,Q-Learning,V5,"(69, 29)",63.183915619381565,True,26.816084380618435,1.0
6,Q-Learning,V6,"(66, 96)",58.992217781462685,True,18.00778221853732,1.0
6,Q-Learning,V7,"(54, 13)",59.82406482689603,True,18.175935173103973,1.0
6,Q-Learning,V8,"(62, 35)",59.5991651997859,True,11.400834800214103,2.0
6,Q-Learning,V9,"(81, 97)",39.98960135530193,True,13.010398644698075,1.0
6,Q-Learning,V10,"(68, 68)",40.26787540171351,True,20.73212459828649,4.0
7,Greedy,V1,"(45, 72)",63.73725830020305,True,12.262741699796951,1.0
7,Greedy,V2,"(19, 72)",28.61233526229086,True,24.38766473770914,1.0
7,Greedy,V3,"(37, 67)",43.08929180057117,True,5.91070819942883,1.0
7,Greedy,V4,"(77, 58)",45.846979854836015,True,14.153020145163985,1.0
7,Greedy,V5,"(82, 37)",71.43792810227633,True,17.562071897723666,1.0
7,Greedy,V6,"(59, 92)",58.992217781462685,True,17.00778221853732,1.0
7,Greedy,V7,"(60, 27)",59.82406482689603,True,17.175935173103973,1.0
7,Greedy,V8,"(37, 53)",49.07401724298095,True,19.92598275701905,1.0
7,Greedy,V9,"(82, 85)",39.98960135530193,True,12.010398644698075,1.0
7,Greedy,V10,"(89, 20)",31.344714633423116,True,25.655285366576884,1.0
7,Auction,V1,"(53, 64)",63.73725830020305,True,12.262741699796951,1.0
7,Auction,V2,"(20, 23)",21.66326566020954,True,31.33673433979046,1.0
7,Auction,V3,"(44, 83)",43.08929180057117,True,5.91070819942883,1.0
7,Auction,V4,"(68, 68)",47.51545865097543,True,12.484541349024571,1.0
7,Auction,V5,"(64, 34)",71.43792810227633,True,17.562071897723666,1.0
7,Auction,V6,"(66, 96)",58.992217781462685,True,17.00778221853732,1.0
7,Auction,V7,"(54, 13)",59.82406482689603,True,17.175935173103973,1.0
7,Auction,V8,"(62, 35)",59.5991651997859,True,9.400834800214103,1.0
7,Auction,V9,"(81, 97)",39.98960135530193,True,12.010398644698075,1.0
7,Auction,V10,"(69, 29)",31.344714633423116,True,25.655285366576884,1.0
7,Q-Learning,V1,"(53, 64)",63.73725830020305,True,12.262741699796951,1.0
7,Q-Learning,V2,"(44, 83)",40.89566647750156,True,13.104333522498443,2.0
7,Q-Learning,V3,"(20, 23)",26.138349056619496,True,24.861650943380504,3.0
7,Q-Learning,V4,"(64, 34)",37.90177062402921,True,23.09822937597079,2.0
7,Q-Learning,V5,"(69, 29)",63.183915619381565,True,25.816084380618435,1.0
7,Q-Learning,V6,"(66, 96)",58.992217781462685,True,17.00778221853732,1.0
7,Q-Learning,V7,"(54, 13)",59.82406482689603,True,17.175935173103973,1.0
7,Q-Learning,V8,"(62, 35)",59.5991651997859,True,10.400834800214103,2.0
7,Q-Learning,V9,"(81, 97)",39.98960135530193,True,12.010398644698075,1.0
7,Q-Learning,V10,"(68, 68)",40.26787540171351,True,19.73212459828649,4.0
8,Greedy,V1,"(45, 72)",63.73725830020305,True,11.262741699796951,1.0
8,Greedy,V2,"(19, 72)",28.61233526229086,True,23.38766473770914,1.0
8,Greedy,V3,"(37, 67)",43.08929180057117,True,4.91070819942883,1.0
8,Greedy,V4,"(77, 58)",45.846979854836015,True,13.153020145163985,1.0
8,Greedy,V5,"(82, 37)",71.43792810227633,True,16.562071897723666,1.0
8,Greedy,V6,"(59, 92)",58.992217781462685,True,16.00778221853732,1.0
8,Greedy,V7,"(60, 27)",59.82406482689603,True,16.175935173103973,1.0
8,Greedy,V8,"(37, 53)",49.07401724298095,True,18.92598275701905,1.0
8,Greedy,V9,"(82, 85)",39.98960135530193,True,11.010398644698075,1.0
8,Greedy,V10,"(89, 20)",31.344714633423116,True,24.655285366576884,1.0
8,Auction,V1,"(53, 64)",63.73725830020305,True,11.262741699796951,1.0
8,Auction,V2,"(20, 23)",21.66326566020954,True,30.33673433979046,1.0
8,Auction,V3,"(44, 83)",43.08929180057117,True,4.91070819942883,1.0
8,Auction,V4,"(68, 68)",47.51545865097543,True,11.484541349024571,1.0
8,Auction,V5,"(64, 34)",71.43792810227633,True,16.562071897723666,1.0
8,Auction,V6,"(66, 96)",58.992217781462685,True,16.00778221853732,1.0
8,Auction,V7,"(54, 13)",59.82406482689603,True,16.175935173103973,1.0
8,Auction,V8,"(62, 35)",59.5991651997859,True,8.400834800214103,1.0
8,Auction,V9,"(81, 97)",39.98960135530193,True,11.010398644698075,1.0
8,Auction,V10,"(69, 29)",31.344714633423116,True,24.655285366576884,1.0
8,Q-Learning,V1,"(53, 64)",63.73725830020305,True,11.262741699796951,1.0
8,Q-Learning,V2,"(44, 83)",40.89566647750156,True,12.104333522498443,2.0
8,Q-Learning,V3,"(20, 23)",26.138349056619496,True,23.861650943380504,3.0
8,Q-Learning,V4,"(64, 34)",37.90177062402921,True,22.09822937597079,2.0
8,Q-Learning,V5,"(69, 29)",63.183915619381565,True,24.816084380618435,1.0
8,Q-Learning,V6,"(66, 96)",58.992217781462685,True,16.00778221853732,1.0
8,Q-Learning,V7,"(54, 13)",59.82406482689603,True,16.175935173103973,1.0
8,Q-Learning,V8,"(62, 35)",59.5991651997859,True,9.400834800214103,2.0
8,Q-Learning,V9,"(81, 97)",39.98960135530193,True,11.010398644698075,1.0
8,Q-Learning,V10,"(68, 68)",40.26787540171351,True,18.73212459828649,4.0
9,Greedy,V1,"(45, 72)",63.73725830020305,True,10.262741699796951,1.0
9,Greedy,V2,"(19, 72)",28.61233526229086,True,22.38766473770914,1.0
9,Greedy,V3,"(37, 67)",43.08929180057117,True,3.9107081994288304,1.0
9,Greedy,V4,"(77, 58)",45.846979854836015,True,12.153020145163985,1.0
9,Greedy,V5,"(82, 37)",71.43792810227633,True,15.562071897723666,1.0
9,Greedy,V6,"(59, 92)",58.992217781462685,True,15.007782218537319,1.0
9,Greedy,V7,"(60, 27)",59.82406482689603,True,15.175935173103973,1.0
9,Greedy,V8,"(37, 53)",49.07401724298095,True,17.92598275701905,1.0
9,Greedy,V9,"(82, 85)",39.98960135530193,True,10.010398644698075,1.0
9,Greedy,V10,"(89, 20)",31.344714633423116,True,23.655285366576884,1.0
9,Auction,V1,"(53, 64)",63.73725830020305,True,10.262741699796951,1.0
9,Auction,V2,"(20, 23)",21.66326566020954,True,29.33673433979046,1.0
9,Auction,V3,"(44, 83)",43.08929180057117,True,3.9107081994288304,1.0
9,Auction,V4,"(68, 68)",47.51545865097543,True,10.484541349024571,1.0
9,Auction,V5,"(64, 34)",71.43792810227633,True,15.562071897723666,1.0
9,Auction,V6,"(66, 96)",58.992217781462685,True,15.007782218537319,1.0
9,Auction,V7,"(54, 13)",59.82406482689603,True,15.175935173103973,1.0
9,Auction,V8,"(62, 35)",59.5991651997859,True,7.400834800214103,1.0
9,Auction,V9,"(81, 97)",39.98960135530193,True,10.010398644698075,1.0
9,Auction,V10,"(69, 29)",31.344714633423116,True,23.655285366576884,1.0
9,Q-Learning,V1,"(53, 64)",63.73725830020305,True,10.262741699796951,1.0
9,Q-Learning,V2,"(44, 83)",40.89566647750156,True,11.104333522498443,2.0
9,Q-Learning,V3,"(20, 23)",26.138349056619496,True,22.861650943380504,3.0
9,Q-Learning,V4,"(64, 34)",37.90177062402921,True,21.09822937597079,2.0
9,Q-Learning,V5,"(69, 29)",63.183915619381565,True,23.816084380618435,1.0
9,Q-Learning,V6,"(66, 96)",58.992217781462685,True,15.007782218537319,1.0
9,Q-Learning,V7,"(54, 13)",59.82406482689603,True,15.175935173103973,1.0
9,Q-Learning,V8,"(62, 35)",59.5991651997859,True,8.400834800214103,2.0
9,Q-Learning,V9,"(81, 97)",39.98960135530193,True,10.010398644698075,1.0
9,Q-Learning,V10,"(68, 68)",40.26787540171351,True,17.73212459828649,4.0
10,Greedy,V1,"(45, 72)",63.73725830020305,True,9.262741699796951,1.0
10,Greedy,V2,"(19, 72)",28.61233526229086,True,21.38766473770914,1.0
10,Greedy,V3,"(37, 67)",43.08929180057117,True,2.9107081994288304,1.0
10,Greedy,V4,"(77, 58)",45.846979854836015,True,11.153020145163985,1.0
10,Greedy,V5,"(82, 37)",71.43792810227633,True,14.562071897723666,1.0
10,Greedy,V6,"(59, 92)",58.992217781462685,True,14.007782218537319,1.0
10,Greedy,V7,"(60, 27)",59.82406482689603,True,14.175935173103973,1.0
10,Greedy,V8,"(37, 53)",49.07401724298095,True,16.92598275701905,1.0
10,Greedy,V9,"(82, 85)",39.98960135530193,True,9.010398644698075,1.0
10,Greedy,V10,"(89, 20)",31.344714633423116,True,22.655285366576884,1.0
10,Auction,V1,"(53, 64)",63.73725830020305,True,9.262741699796951,1.0
10,Auction,V2,"(20, 23)",21.66326566020954,True,28.33673433979046,1.0
10,Auction,V3,"(44, 83)",43.08929180057117,True,2.9107081994288304,1.0
10,Auction,V4,"(68, 68)",47.51545865097543,True,9.484541349024571,1.0
10,Auction,V5,"(64, 34)",71.43792810227633,True,14.562071897723666,1.0
10,Auction,V6,"(66, 96)",58.992217781462685,True,14.007782218537319,1.0
10,Auction,V7,"(54, 13)",59.82406482689603,True,14.175935173103973,1.0
10,Auction,V8,"(62, 35)",59.5991651997859,True,6.400834800214103,1.0
10,Auction,V9,"(81, 97)",39.98960135530193,True,9.010398644698075,1.0
10,Auction,V10,"(69, 29)",31.344714633423116,True,22.655285366576884,1.0
10,Q-Learning,V1,"(53, 64)",63.73725830020305,True,9.262741699796951,1.0
10,Q-Learning,V2,"(44, 83)",40.89566647750156,True,10.104333522498443,2.0
10,Q-Learning,V3,"(20, 23)",26.138349056619496,True,21.861650943380504,3.0
10,Q-Learning,V4,"(64, 34)",37.90177062402921,True,20.09822937597079,2.0
10,Q-Learning,V5,"(69, 29)",63.183915619381565,True,22.816084380618435,1.0
10,Q-Learning,V6,"(66, 96)",58.992217781462685,True,14.007782218537319,1.0
10,Q-Learning,V7,"(54, 13)",59.82406482689603,True,14.175935173103973,1.0
10,Q-Learning,V8,"(62, 35)",59.5991651997859,True,7.400834800214103,2.0
10,Q-Learning,V9,"(81, 97)",39.98960135530193,True,9.010398644698075,1.0
10,Q-Learning,V10,"(68, 68)",40.26787540171351,True,16.73212459828649,4.0
11,Greedy,V1,"(45, 72)",63.73725830020305,True,8.262741699796951,1.0
11,Greedy,V2,"(19, 72)",28.61233526229086,True,20.38766473770914,1.0
11,Greedy,V3,"(37, 67)",43.08929180057117,True,1.9107081994288304,1.0
11,Greedy,V4,"(77, 58)",45.846979854836015,True,10.153020145163985,1.0
11,Greedy,V5,"(82, 37)",71.43792810227633,True,13.562071897723666,1.0
11,Greedy,V6,"(59, 92)",58.992217781462685,True,13.007782218537319,1.0
11,Greedy,V7,"(60, 27)",59.82406482689603,True,13.175935173103973,1.0
11,Greedy,V8,"(37, 53)",49.07401724298095,True,15.92598275701905,1.0
11,Greedy,V9,"(82, 85)",39.98960135530193,True,8.010398644698075,1.0
11,Greedy,V10,"(89, 20)",31.344714633423116,True,21.655285366576884,1.0
11,Auction,V1,"(53, 64)",63.73725830020305,True,8.262741699796951,1.0
11,Auction,V2,"(20, 23)",21.66326566020954,True,27.33673433979046,1.0
11,Auction,V3,"(44, 83)",43.08929180057117,True,1.9107081994288304,1.0
11,Auction,V4,"(68, 68)",47.51545865097543,True,8.484541349024571,1.0
11,Auction,V5,"(64, 34)",71.43792810227633,True,13.562071897723666,1.0
11,Auction,V6,"(66, 96)",58.992217781462685,True,13.007782218537319,1.0
11,Auction,V7,"(54, 13)",59.82406482689603,True,13.175935173103973,1.0
11,Auction,V8,"(62, 35)",59.5991651997859,True,5.400834800214103,1.0
11,Auction,V9,"(81, 97)",39.98960135530193,True,8.010398644698075,1.0
11,Auction,V10,"(69, 29)",31.344714633423116,True,21.655285366576884,1.0
11,Q-Learning,V1,"(53, 64)",63.73725830020305,True,8.262741699796951,1.0
11,Q-Learning,V2,"(44, 83)",40.89566647750156,True,9.104333522498443,2.0
11,Q-Learning,V3,"(20, 23)",26.138349056619496,True,20.861650943380504,3.0
11,Q-Learning,V4,"(64, 34)",37.90177062402921,True,19.09822937597079,2.0
11,Q-Learning,V5,"(69, 29)",63.183915619381565,True,21.816084380618435,1.0
11,Q-Learning,V6,"(66, 96)",58.992217781462685,True,13.007782218537319,1.0
11,Q-Learning,V7,"(54, 13)",59.82406482689603,True,13.175935173103973,1.0
11,Q-Learning,V8,"(62, 35)",59.5991651997859,True,6.400834800214103,2.0
11,Q-Learning,V9,"(81, 97)",39.98960135530193,True,8.010398644698075,1.0
11,Q-Learning,V10,"(68, 68)",40.26787540171351,True,15.73212459828649,4.0
12,Greedy,V1,"(45, 72)",63.73725830020305,True,7.262741699796951,1.0
12,Greedy,V2,"(19, 72)",28.61233526229086,True,19.38766473770914,1.0
12,Greedy,V3,"(37, 67)",43.08929180057117,True,0.9107081994288304,1.0
12,Greedy,V4,"(77, 58)",45.846979854836015,True,9.153020145163985,1.0
12,Greedy,V5,"(82, 37)",71.43792810227633,True,12.562071897723666,1.0
12,Greedy,V6,"(59, 92)",58.992217781462685,True,12.007782218537319,1.0
12,Greedy,V7,"(60, 27)",59.82406482689603,True,12.175935173103973,1.0
12,Greedy,V8,"(37, 53)",49.07401724298095,True,14.92598275701905,1.0
12,Greedy,V9,"(82, 85)",39.98960135530193,True,7.010398644698075,1.0
12,Greedy,V10,"(89, 20)",31.344714633423116,True,20.655285366576884,1.0
12,Auction,V1,"(53, 64)",63.73725830020305,True,7.262741699796951,1.0
12,Auction,V2,"(20, 23)",21.66326566020954,True,26.33673433979046,1.0
12,Auction,V3,"(44, 83)",43.08929180057117,True,0.9107081994288304,1.0
12,Auction,V4,"(68, 68)",47.51545865097543,True,7.484541349024571,1.0
12,Auction,V5,"(64, 34)",71.43792810227633,True,12.562071897723666,1.0
12,Auction,V6,"(66, 96)",58.992217781462685,True,12.007782218537319,1.0
12,Auction,V7,"(54, 13)",59.82406482689603,True,12.175935173103973,1.0
12,Auction,V8,"(62, 35)",59.5991651997859,True,4.400834800214103,1.0
12,Auction,V9,"(81, 97)",39.98960135530193,True,7.010398644698075,1.0
12,Auction,V10,"(69, 29)",31.344714633423116,True,20.655285366576884,1.0
12,Q-Learning,V1,"(53, 64)",63.73725830020305,True,7.262741699796951,1.0
12,Q-Learning,V2,"(44, 83)",40.89566647750156,True,8.104333522498443,2.0
12,Q-Learning,V3,"(20, 23)",26.138349056619496,True,19.861650943380504,3.0
12,Q-Learning,V4,"(64, 34)",37.90177062402921,True,18.09822937597079,2.0
12,Q-Learning,V5,"(69, 29)",63.183915619381565,True,20.816084380618435,1.0
12,Q-Learning,V6,"(66, 96)",58.992217781462685,True,12.007782218537319,1.0
12,Q-Learning,V7,"(54, 13)",59.82406482689603,True,12.175935173103973,1.0
12,Q-Learning,V8,"(62, 35)",59.5991651997859,True,5.400834800214103,2.0
12,Q-Learning,V9,"(81, 97)",39.98960135530193,True,7.010398644698075,1.0
12,Q-Learning,V10,"(68, 68)",40.26787540171351,True,14.73212459828649,4.0
13,Greedy,V1,"(45, 72)",63.73725830020305,True,6.262741699796951,1.0
13,Greedy,V2,"(19, 72)",28.61233526229086,True,18.38766473770914,1.0
13,Greedy,V3,"(37, 67)",43.08929180057117,True,0.0,1.0
13,Greedy,V4,"(77, 58)",45.846979854836015,True,8.153020145163985,1.0
13,Greedy,V5,"(82, 37)",71.43792810227633,True,11.562071897723666,1.0
13,Greedy,V6,"(59, 92)",58.992217781462685,True,11.007782218537319,1.0
13,Greedy,V7,"(60, 27)",59.82406482689603,True,11.175935173103973,1.0
13,Greedy,V8,"(37, 53)",49.07401724298095,True,13.92598275701905,1.0
13,Greedy,V9,"(82, 85)",39.98960135530193,True,6.010398644698075,1.0
13,Greedy,V10,"(89, 20)",31.344714633423116,True,19.655285366576884,1.0
13,Auction,V1,"(53, 64)",63.73725830020305,True,6.262741699796951,1.0
13,Auction,V2,"(20, 23)",21.66326566020954,True,25.33673433979046,1.0
13,Auction,V3,"(44, 83)",43.08929180057117,True,0.0,1.0
13,Auction,V4,"(68, 68)",47.51545865097543,True,6.484541349024571,1.0
13,Auction,V5,"(64, 34)",71.43792810227633,True,11.562071897723666,1.0
13,Auction,V6,"(66, 96)",58.992217781462685,True,11.007782218537319,1.0
13,Auction,V7,"(54, 13)",59.82406482689603,True,11.175935173103973,1.0
13,Auction,V8,"(62, 35)",59.5991651997859,True,3.4008348002141027,1.0
13,Auction,V9,"(81, 97)",39.98960135530193,True,6.010398644698075,1.0
13,Auction,V10,"(69, 29)",31.344714633423116,True,19.655285366576884,1.0
13,Q-Learning,V1,"(53, 64)",63.73725830020305,True,6.262741699796951,1.0
13,Q-Learning,V2,"(44, 83)",40.89566647750156,True,7.104333522498443,2.0
13,Q-Learning,V3,"(20, 23)",26.138349056619496,True,18.861650943380504,3.0
13,Q-Learning,V4,"(64, 34)",37.90177062402921,True,17.09822937597079,2.0
13,Q-Learning,V5,"(69, 29)",63.183915619381565,True,19.816084380618435,1.0
13,Q-Learning,V6,"(66, 96)",58.992217781462685,True,11.007782218537319,1.0
13,Q-Learning,V7,"(54, 13)",59.82406482689603,True,11.175935173103973,1.0
13,Q-Learning,V8,"(62, 35)",59.5991651997859,True,4.400834800214103,2.0
13,Q-Learning,V9,"(81, 97)",39.98960135530193,True,6.010398644698075,1.0
13,Q-Learning,V10,"(68, 68)",40.26787540171351,True,13.73212459828649,4.0
14,Greedy,V1,"(45, 72)",63.73725830020305,True,5.262741699796951,1.0
14,Greedy,V2,"(19, 72)",28.61233526229086,True,17.38766473770914,1.0
14,Greedy,V3,"(37, 67)",7.488122299910252,True,34.601169500660916,1.0
14,Greedy,V4,"(77, 58)",45.846979854836015,True,7.153020145163985,1.0
14,Greedy,V5,"(82, 37)",71.43792810227633,True,10.562071897723666,1.0
14,Greedy,V6,"(59, 92)",58.992217781462685,True,10.007782218537319,1.0
14,Greedy,V7,"(60, 27)",59.82406482689603,True,10.175935173103973,1.0
14,Greedy,V8,"(37, 53)",49.07401724298095,True,12.92598275701905,1.0
14,Greedy,V9,"(82, 85)",39.98960135530193,True,5.010398644698075,1.0
14,Greedy,V10,"(89, 20)",31.344714633423116,True,18.655285366576884,1.0
14,Auction,V1,"(53, 64)",63.73725830020305,True,5.262741699796951,1.0
14,Auction,V2,"(20, 23)",21.66326566020954,True,24.33673433979046,1.0
14,Auction,V3,"(18, 70)",8.244477849321626,True,33.84481395124954,1.0
14,Auction,V4,"(68, 68)",47.51545865097543,True,5.484541349024571,1.0
14,Auction,V5,"(64, 34)",71.43792810227633,True,10.562071897723666,1.0
14,Auction,V6,"(66, 96)",58.992217781462685,True,10.007782218537319,1.0
14,Auction,V7,"(54, 13)",59.82406482689603,True,10.175935173103973,1.0
14,Auction,V8,"(62, 35)",59.5991651997859,True,2.4008348002141027,1.0
14,Auction,V9,"(81, 97)",39.98960135530193,True,5.010398644698075,1.0
14,Auction,V10,"(69, 29)",31.344714633423116,True,18.655285366576884,1.0
14,Q-Learning,V1,"(53, 64)",63.73725830020305,True,5.262741699796951,1.0
14,Q-Learning,V2,"(44, 83)",40.89566647750156,True,6.104333522498443,2.0
14,Q-Learning,V3,"(20, 23)",26.138349056619496,True,17.861650943380504,3.0
14,Q-Learning,V4,"(64, 34)",37.90177062402921,True,16.09822937597079,2.0
14,Q-Learning,V5,"(69, 29)",63.183915619381565,True,18.816084380618435,1.0
14,Q-Learning,V6,"(66, 96)",58.992217781462685,True,10.007782218537319,1.0
14,Q-Learning,V7,"(54, 13)",59.82406482689603,True,10.175935173103973,1.0
14,Q-Learning,V8,"(62, 35)",59.5991651997859,True,3.4008348002141027,2.0
14,Q-Learning,V9,"(81, 97)",39.98960135530193,True,5.010398644698075,1.0
14,Q-Learning,V10,"(68, 68)",40.26787540171351,True,12.73212459828649,4.0
15,Greedy,V1,"(45, 72)",63.73725830020305,True,4.262741699796951,1.0
15,Greedy,V2,"(19, 72)",28.61233526229086,True,16.38766473770914,1.0
15,Greedy,V3,"(37, 67)",7.488122299910252,True,33.601169500660916,1.0
15,Greedy,V4,"(77, 58)",45.846979854836015,True,6.153020145163985,1.0
15,Greedy,V5,"(82, 37)",71.43792810227633,True,9.562071897723666,1.0
15,Greedy,V6,"(59, 92)",58.992217781462685,True,9.007782218537319,1.0
15,Greedy,V7,"(60, 27)",59.82406482689603,True,9.175935173103973,1.0
15,Greedy,V8,"(37, 53)",49.07401724298095,True,11.92598275701905,1.0
15,Greedy,V9,"(82, 85)",39.98960135530193,True,4.010398644698075,1.0
15,Greedy,V10,"(89, 20)",31.344714633423116,True,17.655285366576884,1.0
15,Auction,V1,"(53, 64)",63.73725830020305,True,4.262741699796951,1.0
15,Auction,V2,"(20, 23)",21.66326566020954,True,23.33673433979046,1.0
15,Auction,V3,"(18, 70)",8.244477849321626,True,32.84481395124954,1.0
15,Auction,V4,"(68, 68)",47.51545865097543,True,4.484541349024571,1.0
15,Auction,V5,"(64, 34)",71.43792810227633,True,9.562071897723666,1.0
15,Auction,V6,"(66, 96)",58.992217781462685,True,9.007782218537319,1.0
15,Auction,V7,"(54, 13)",59.82406482689603,True,9.175935173103973,1.0
15,Auction,V8,"(62, 35)",59.5991651997859,True,1.4008348002141027,1.0
15,Auction,V9,"(81, 97)",39.98960135530193,True,4.010398644698075,1.0
15,Auction,V10,"(69, 29)",31.344714633423116,True,17.655285366576884,1.0
15,Q-Learning,V1,"(53, 64)",63.73725830020305,True,4.262741699796951,1.0
15,Q-Learning,V2,"(44, 83)",40.89566647750156,True,5.104333522498443,2.0
15,Q-Learning,V3,"(20, 23)",26.138349056619496,True,16.861650943380504,3.0
15,Q-Learning,V4,"(64, 34)",37.90177062402921,True,15.098229375970789,2.0
15,Q-Learning,V5,"(69, 29)",63.183915619381565,True,17.816084380618435,1.0
15,Q-Learning,V6,"(66, 96)",58.992217781462685,True,9.007782218537319,1.0
15,Q-Learning,V7,"(54, 13)",59.82406482689603,True,9.175935173103973,1.0
15,Q-Learning,V8,"(62, 35)",59.5991651997859,True,2.4008348002141027,2.0
15,Q-Learning,V9,"(81, 97)",39.98960135530193,True,4.010398644698075,1.0
15,Q-Learning,V10,"(68, 68)",40.26787540171351,True,11.73212459828649,4.0
16,Greedy,V1,"(45, 72)",63.73725830020305,True,3.262741699796951,1.0
16,Greedy,V2,"(19, 72)",28.61233526229086,True,15.387664737709141,1.0
16,Greedy,V3,"(37, 67)",7.488122299910252,True,32.601169500660916,1.0
16,Greedy,V4,"(77, 58)",45.846979854836015,True,5.153020145163985,1.0
16,Greedy,V5,"(82, 37)",71.43792810227633,True,8.562071897723666,1.0
16,Greedy,V6,"(59, 92)",58.992217781462685,True,8.007782218537319,1.0
16,Greedy,V7,"(60, 27)",59.82406482689603,True,8.175935173103973,1.0
16,Greedy,V8,"(37, 53)",49.07401724298095,True,10.92598275701905,1.0
16,Greedy,V9,"(82, 85)",39.98960135530193,True,3.010398644698075,1.0
16,Greedy,V10,"(89, 20)",31.344714633423116,True,16.655285366576884,1.0
16,Auction,V1,"(53, 64)",63.73725830020305,True,3.262741699796951,1.0
16,Auction,V2,"(20, 23)",21.66326566020954,True,22.33673433979046,1.0
16,Auction,V3,"(18, 70)",8.244477849321626,True,31.84481395124954,1.0
16,Auction,V4,"(68, 68)",47.51545865097543,True,3.484541349024571,1.0
16,Auction,V5,"(64, 34)",71.43792810227633,True,8.562071897723666,1.0
16,Auction,V6,"(66, 96)",58.992217781462685,True,8.007782218537319,1.0
16,Auction,V7,"(54, 13)",59.82406482689603,True,8.175935173103973,1.0
16,Auction,V8,"(62, 35)",59.5991651997859,True,0.40083480021410267,1.0
16,Auction,V9,"(81, 97)",39.98960135530193,True,3.010398644698075,1.0
16,Auction,V10,"(69, 29)",31.344714633423116,True,16.655285366576884,1.0
16,Q-Learning,V1,"(53, 64)",63.73725830020305,True,3.262741699796951,1.0
16,Q-Learning,V2,"(44, 83)",40.89566647750156,True,4.104333522498443,2.0
16,Q-Learning,V3,"(20, 23)",26.138349056619496,True,15.861650943380504,3.0
16,Q-Learning,V4,"(64, 34)",37.90177062402921,True,14.098229375970789,2.0
16,Q-Learning,V5,"(69, 29)",63.183915619381565,True,16.816084380618435,1.0
16,Q-Learning,V6,"(66, 96)",58.992217781462685,True,8.007782218537319,1.0
16,Q-Learning,V7,"(54, 13)",59.82406482689603,True,8.175935173103973,1.0
16,Q-Learning,V8,"(62, 35)",59.5991651997859,True,1.4008348002141027,2.0
16,Q-Learning,V9,"(81, 97)",39.98960135530193,True,3.010398644698075,1.0
16,Q-Learning,V10,"(68, 68)",40.26787540171351,True,10.73212459828649,4.0
17,Greedy,V1,"(45, 72)",63.73725830020305,True,2.262741699796951,1.0
17,Greedy,V2,"(19, 72)",28.61233526229086,True,14.387664737709141,1.0
17,Greedy,V3,"(37, 67)",7.488122299910252,True,31.601169500660916,1.0
17,Greedy,V4,"(77, 58)",45.846979854836015,True,4.153020145163985,1.0
17,Greedy,V5,"(82, 37)",71.43792810227633,True,7.562071897723666,1.0
17,Greedy,V6,"(59, 92)",58.992217781462685,True,7.007782218537319,1.0
17,Greedy,V7,"(60, 27)",59.82406482689603,True,7.175935173103973,1.0
17,Greedy,V8,"(37, 53)",49.07401724298095,True,9.92598275701905,1.0
17,Greedy,V9,"(82, 85)",39.98960135530193,True,2.010398644698075,1.0
17,Greedy,V10,"(89, 20)",31.344714633423116,True,15.655285366576884,1.0
17,Auction,V1,"(53, 64)",63.73725830020305,True,2.262741699796951,1.0
17,Auction,V2,"(20, 23)",21.66326566020954,True,21.33673433979046,1.0
17,Auction,V3,"(18, 70)",8.244477849321626,True,30.84481395124954,1.0
17,Auction,V4,"(68, 68)",47.51545865097543,True,2.484541349024571,1.0
17,Auction,V5,"(64, 34)",71.43792810227633,True,7.562071897723666,1.0
17,Auction,V6,"(66, 96)",58.992217781462685,True,7.007782218537319,1.0
17,Auction,V7,"(54, 13)",59.82406482689603,True,7.175935173103973,1.0
17,Auction,V8,"(62, 35)",59.5991651997859,True,0.0,1.0
17,Auction,V9,"(81, 97)",39.98960135530193,True,2.010398644698075,1.0
17,Auction,V10,"(69, 29)",31.344714633423116,True,15.655285366576884,1.0
17,Q-Learning,V1,"(53, 64)",63.73725830020305,True,2.262741699796951,1.0
17,Q-Learning,V2,"(44, 83)",40.89566647750156,True,3.104333522498443,2.0
17,Q-Learning,V3,"(20, 23)",26.138349056619496,True,14.861650943380504,3.0
17,Q-Learning,V4,"(64, 34)",37.90177062402921,True,13.098229375970789,2.0
17,Q-Learning,V5,"(69, 29)",63.183915619381565,True,15.816084380618435,1.0
17,Q-Learning,V6,"(66, 96)",58.992217781462685,True,7.007782218537319,1.0
17,Q-Learning,V7,"(54, 13)",59.82406482689603,True,7.175935173103973,1.0
17,Q-Learning,V8,"(62, 35)",59.5991651997859,True,0.40083480021410267,2.0
17,Q-Learning,V9,"(81, 97)",39.98960135530193,True,2.010398644698075,1.0
17,Q-Learning,V10,"(68, 68)",40.26787540171351,True,9.73212459828649,4.0
18,Greedy,V1,"(45, 72)",63.73725830020305,True,1.2627416997969512,1.0
18,Greedy,V2,"(19, 72)",28.61233526229086,True,13.387664737709141,1.0
18,Greedy,V3,"(37, 67)",7.488122299910252,True,30.601169500660916,1.0
18,Greedy,V4,"(77, 58)",45.846979854836015,True,3.1530201451639854,1.0
18,Greedy,V5,"(82, 37)",71.43792810227633,True,6.562071897723666,1.0
18,Greedy,V6,"(59, 92)",58.992217781462685,True,6.007782218537319,1.0
18,Greedy,V7,"(60, 27)",59.82406482689603,True,6.175935173103973,1.0
18,Greedy,V8,"(37, 53)",49.07401724298095,True,8.92598275701905,1.0
18,Greedy,V9,"(82, 85)",39.98960135530193,True,1.0103986446980748,1.0
18,Greedy,V10,"(89, 20)",31.344714633423116,True,14.655285366576884,1.0
18,Auction,V1,"(53, 64)",63.73725830020305,True,1.2627416997969512,1.0
18,Auction,V2,"(20, 23)",21.66326566020954,True,20.33673433979046,1.0
18,Auction,V3,"(18, 70)",8.244477849321626,True,29.84481395124954,1.0
18,Auction,V4,"(68, 68)",47.51545865097543,True,1.4845413490245711,1.0
18,Auction,V5,"(64, 34)",71.43792810227633,True,6.562071897723666,1.0
18,Auction,V6,"(66, 96)",58.992217781462685,True,6.007782218537319,1.0
18,Auction,V7,"(54, 13)",59.82406482689603,True,6.175935173103973,1.0
18,Auction,V8,"(49, 23)",29.071764340792452,True,29.52740085899345,1.0
18,Auction,V9,"(81, 97)",39.98960135530193,True,1.0103986446980748,1.0
18,Auction,V10,"(69, 29)",31.344714633423116,True,14.655285366576884,1.0
18,Q-Learning,V1,"(53, 64)",63.73725830020305,True,1.2627416997969512,1.0
18,Q-Learning,V2,"(44, 83)",40.89566647750156,True,2.104333522498443,2.0
18,Q-Learning,V3,"(20, 23)",26.138349056619496,True,13.861650943380504,3.0
18,Q-Learning,V4,"(64, 34)",37.90177062402921,True,12.098229375970789,2.0
18,Q-Learning,V5,"(69, 29)",63.183915619381565,True,14.816084380618435,1.0
18,Q-Learning,V6,"(66, 96)",58.992217781462685,True,6.007782218537319,1.0
18,Q-Learning,V7,"(54, 13)",59.82406482689603,True,6.175935173103973,1.0
18,Q-Learning,V8,"(62, 35)",59.5991651997859,True,0.0,2.0
18,Q-Learning,V9,"(81, 97)",39.98960135530193,True,1.0103986446980748,1.0
18,Q-Learning,V10,"(68, 68)",40.26787540171351,True,8.73212459828649,4.0
19,Greedy,V1,"(45, 72)",63.73725830020305,True,0.26274169979695117,1.0
19,Greedy,V2,"(19, 72)",28.61233526229086,True,12.387664737709141,1.0
19,Greedy,V3,"(37, 67)",7.488122299910252,True,29.601169500660916,1.0
19,Greedy,V4,"(77, 58)",45.846979854836015,True,2.1530201451639854,1.0
19,Greedy,V5,"(82, 37)",71.43792810227633,True,5.562071897723666,1.0
19,Greedy,V6,"(59, 92)",58.992217781462685,True,5.007782218537319,1.0
19,Greedy,V7,"(60, 27)",59.82406482689603,True,5.175935173103973,1.0
19,Greedy,V8,"(37, 53)",49.07401724298095,True,7.9259827570190495,1.0
19,Greedy,V9,"(82, 85)",39.98960135530193,True,0.010398644698074833,1.0
19,Greedy,V10,"(89, 20)",31.344714633423116,True,13.655285366576884,1.0
19,Auction,V1,"(53, 64)",63.73725830020305,True,0.26274169979695117,1.0
19,Auction,V2,"(20, 23)",21.66326566020954,True,19.33673433979046,1.0
19,Auction,V3,"(18, 70)",8.244477849321626,True,28.84481395124954,1.0
19,Auction,V4,"(68, 68)",47.51545865097543,True,0.48454134902457113,1.0
19,Auction,V5,"(64, 34)",71.43792810227633,True,5.562071897723666,1.0
19,Auction,V6,"(66, 96)",58.992217781462685,True,5.007782218537319,1.0
19,Auction,V7,"(54, 13)",59.82406482689603,True,5.175935173103973,1.0
19,Auction,V8,"(49, 23)",29.071764340792452,True,28.52740085899345,1.0
19,Auction,V9,"(81, 97)",39.98960135530193,True,0.010398644698074833,1.0
19,Auction,V10,"(69, 29)",31.344714633423116,True,13.655285366576884,1.0
19,Q-Learning,V1,"(53, 64)",63.73725830020305,True,0.26274169979695117,1.0
19,Q-Learning,V2,"(44, 83)",40.89566647750156,True,1.1043335224984432,2.0
19,Q-Learning,V3,"(20, 23)",26.138349056619496,True,12.861650943380504,3.0
19,Q-Learning,V4,"(64, 34)",37.90177062402921,True,11.098229375970789,2.0
19,Q-Learning,V5,"(69, 29)",63.183915619381565,True,13.816084380618435,1.0
19,Q-Learning,V6,"(66, 96)",58.992217781462685,True,5.007782218537319,1.0
19,Q-Learning,V7,"(54, 13)",59.82406482689603,True,5.175935173103973,1.0
19,Q-Learning,V8,"(49, 23)",29.071764340792452,True,29.52740085899345,2.0
19,Q-Learning,V9,"(81, 97)",39.98960135530193,True,0.010398644698074833,1.0
19,Q-Learning,V10,"(68, 68)",40.26787540171351,True,7.7321245982864895,4.0
20,Greedy,V1,"(45, 72)",63.73725830020305,True,0.0,1.0
20,Greedy,V2,"(19, 72)",28.61233526229086,True,11.387664737709141,1.0
20,Greedy,V3,"(37, 67)",7.488122299910252,True,28.601169500660916,1.0
20,Greedy,V4,"(77, 58)",45.846979854836015,True,1.1530201451639854,1.0
20,Greedy,V5,"(82, 37)",71.43792810227633,True,4.562071897723666,1.0
20,Greedy,V6,"(59, 92)",58.992217781462685,True,4.007782218537319,1.0
20,Greedy,V7,"(60, 27)",59.82406482689603,True,4.175935173103973,1.0
20,Greedy,V8,"(37, 53)",49.07401724298095,True,6.9259827570190495,1.0
20,Greedy,V9,"(82, 85)",39.98960135530193,True,0.0,1.0
20,Greedy,V10,"(89, 20)",31.344714633423116,True,12.655285366576884,1.0
20,Auction,V1,"(53, 64)",63.73725830020305,True,0.0,1.0
20,Auction,V2,"(20, 23)",21.66326566020954,True,18.33673433979046,1.0
20,Auction,V3,"(18, 70)",8.244477849321626,True,27.84481395124954,1.0
20,Auction,V4,"(68, 68)",47.51545865097543,True,0.0,1.0
20,Auction,V5,"(64, 34)",71.43792810227633,True,4.562071897723666,1.0
20,Auction,V6,"(66, 96)",58.992217781462685,True,4.007782218537319,1.0
20,Auction,V7,"(54, 13)",59.82406482689603,True,4.175935173103973,1.0
20,Auction,V8,"(49, 23)",29.071764340792452,True,27.52740085899345,1.0
20,Auction,V9,"(81, 97)",39.98960135530193,True,0.0,1.0
20,Auction,V10,"(69, 29)",31.344714633423116,True,12.655285366576884,1.0
20,Q-Learning,V1,"(53, 64)",63.73725830020305,True,0.0,1.0
20,Q-Learning,V2,"(44, 83)",40.89566647750156,True,0.10433352249844319,2.0
20,Q-Learning,V3,"(20, 23)",26.138349056619496,True,11.861650943380504,3.0
20,Q-Learning,V4,"(64, 34)",37.90177062402921,True,10.098229375970789,2.0
20,Q-Learning,V5,"(69, 29)",63.183915619381565,True,12.816084380618435,1.0
20,Q-Learning,V6,"(66, 96)",58.992217781462685,True,4.007782218537319,1.0
20,Q-Learning,V7,"(54, 13)",59.82406482689603,True,4.175935173103973,1.0
20,Q-Learning,V8,"(49, 23)",29.071764340792452,True,28.52740085899345,2.0
20,Q-Learning,V9,"(81, 97)",39.98960135530193,True,0.0,1.0
20,Q-Learning,V10,"(68, 68)",40.26787540171351,True,6.7321245982864895,4.0
21,Greedy,V1,"(45, 72)",28.322463751930698,True,34.414794548272354,1.0
21,Greedy,V2,"(19, 72)",28.61233526229086,True,10.387664737709141,1.0
21,Greedy,V3,"(37, 67)",7.488122299910252,True,27.601169500660916,1.0
21,Greedy,V4,"(77, 58)",45.846979854836015,True,0.15302014516398543,1.0
21,Greedy,V5,"(82, 37)",71.43792810227633,True,3.5620718977236656,1.0
21,Greedy,V6,"(59, 92)",58.992217781462685,True,3.0077822185373186,1.0
21,Greedy,V7,"(60, 27)",59.82406482689603,True,3.175935173103973,1.0
21,Greedy,V8,"(37, 53)",49.07401724298095,True,5.9259827570190495,1.0
21,Greedy,V9,"(82, 85)",7.01417649592824,True,31.97542485937369,1.0
21,Greedy,V10,"(89, 20)",31.344714633423116,True,11.655285366576884,1.0
21,Auction,V1,"(45, 59)",36.85046207379173,True,25.88679622641132,1.0
21,Auction,V2,"(20, 23)",21.66326566020954,True,17.33673433979046,1.0
21,Auction,V3,"(18, 70)",8.244477849321626,True,26.84481395124954,1.0
21,Auction,V4,"(92, 30)",13.533988614812614,True,32.98147003616282,1.0
21,Auction,V5,"(64, 34)",71.43792810227633,True,3.5620718977236656,1.0
21,Auction,V6,"(66, 96)",58.992217781462685,True,3.0077822185373186,1.0
21,Auction,V7,"(54, 13)",59.82406482689603,True,3.175935173103973,1.0
21,Auction,V8,"(49, 23)",29.071764340792452,True,26.52740085899345,1.0
21,Auction,V9,"(79, 7)",1.4840464854481326,True,37.505554869853796,1.0
21,Auction,V10,"(69, 29)",31.344714633423116,True,11.655285366576884,1.0
21,Q-Learning,V1,"(92, 30)",34.38931164398183,True,28.347946656221225,1.0
21,Q-Learning,V2,"(44, 83)",40.89566647750156,True,0.0,2.0
21,Q-Learning,V3,"(20, 23)",26.138349056619496,True,10.861650943380504,3.0
21,Q-Learning,V4,"(64, 34)",37.90177062402921,True,9.098229375970789,2.0
21,Q-Learning,V5,"(69, 29)",63.183915619381565,True,11.816084380618435,1.0
21,Q-Learning,V6,"(66, 96)",58.992217781462685,True,3.0077822185373186,1.0
21,Q-Learning,V7,"(54, 13)",59.82406482689603,True,3.175935173103973,1.0
21,Q-Learning,V8,"(49, 23)",29.071764340792452,True,27.52740085899345,2.0
21,Q-Learning,V9,"(81, 97)",39.98960135530193,False,0.0,2.0
21,Q-Learning,V10,"(68, 68)",40.26787540171351,True,5.7321245982864895,4.0
22,Greedy,V1,"(45, 72)",28.322463751930698,True,33.414794548272354,1.0
22,Greedy,V2,"(19, 72)",28.61233526229086,True,9.387664737709141,1.0
22,Greedy,V3,"(37, 67)",7.488122299910252,True,26.601169500660916,1.0
22,Greedy,V4,"(77, 58)",45.846979854836015,True,0.0,1.0
22,Greedy,V5,"(82, 37)",71.43792810227633,True,2.5620718977236656,1.0
22,Greedy,V6,"(59, 92)",58.992217781462685,True,2.0077822185373186,1.0
22,Greedy,V7,"(60, 27)",59.82406482689603,True,2.175935173103973,1.0
22,Greedy,V8,"(37, 53)",49.07401724298095,True,4.9259827570190495,1.0
22,Greedy,V9,"(82, 85)",7.01417649592824,True,30.97542485937369,1.0
22,Greedy,V10,"(89, 20)",31.344714633423116,True,10.655285366576884,1.0
22,Auction,V1,"(45, 59)",36.85046207379173,True,24.88679622641132,1.0
22,Auction,V2,"(20, 23)",21.66326566020954,True,16.33673433979046,1.0
22,Auction,V3,"(18, 70)",8.244477849321626,True,25.84481395124954,1.0
22,Auction,V4,"(92, 30)",13.533988614812614,True,31.98147003616282,1.0
22,Auction,V5,"(64, 34)",71.43792810227633,True,2.5620718977236656,1.0
22,Auction,V6,"(66, 96)",58.992217781462685,True,2.0077822185373186,1.0
22,Auction,V7,"(54, 13)",59.82406482689603,True,2.175935173103973,1.0
22,Auction,V8,"(49, 23)",29.071764340792452,True,25.52740085899345,1.0
22,Auction,V9,"(79, 7)",1.4840464854481326,True,36.505554869853796,1.0
22,Auction,V10,"(69, 29)",31.344714633423116,True,10.655285366576884,1.0
22,Q-Learning,V1,"(92, 30)",34.38931164398183,True,27.347946656221225,1.0
22,Q-Learning,V2,"(18, 70)",1.2060385750024665,True,38.68962790249909,2.0
22,Q-Learning,V3,"(20, 23)",26.138349056619496,True,9.861650943380504,3.0
22,Q-Learning,V4,"(64, 34)",37.90177062402921,True,8.098229375970789,2.0
22,Q-Learning,V5,"(69, 29)",63.183915619381565,True,10.816084380618435,1.0
22,Q-Learning,V6,"(66, 96)",58.992217781462685,True,2.0077822185373186,1.0
22,Q-Learning,V7,"(54, 13)",59.82406482689603,True,2.175935173103973,1.0
22,Q-Learning,V8,"(49, 23)",29.071764340792452,True,26.52740085899345,2.0
22,Q-Learning,V9,"(45, 59)",1.9033490269995283,True,37.0862523283024,2.0
22,Q-Learning,V10,"(68, 68)",40.26787540171351,True,4.7321245982864895,4.0
23,Greedy,V1,"(45, 72)",28.322463751930698,True,32.414794548272354,1.0
23,Greedy,V2,"(19, 72)",28.61233526229086,True,8.387664737709141,1.0
23,Greedy,V3,"(37, 67)",7.488122299910252,True,25.601169500660916,1.0
23,Greedy,V4,"(77, 58)",10.17510612578127,True,34.671873729054745,1.0
23,Greedy,V5,"(82, 37)",71.43792810227633,True,1.5620718977236656,1.0
23,Greedy,V6,"(59, 92)",58.992217781462685,True,1.0077822185373186,1.0
23,Greedy,V7,"(60, 27)",59.82406482689603,True,1.1759351731039729,1.0
23,Greedy,V8,"(37, 53)",49.07401724298095,True,3.9259827570190495,1.0
23,Greedy,V9,"(82, 85)",7.01417649592824,True,29.97542485937369,1.0
23,Greedy,V10,"(89, 20)",31.344714633423116,True,9.655285366576884,1.0
23,Auction,V1,"(45, 59)",36.85046207379173,True,23.88679622641132,1.0
23,Auction,V2,"(20, 23)",21.66326566020954,True,15.33673433979046,1.0
23,Auction,V3,"(18, 70)",8.244477849321626,True,24.84481395124954,1.0
23,Auction,V4,"(92, 30)",13.533988614812614,True,30.98147003616282,1.0
23,Auction,V5,"(64, 34)",71.43792810227633,True,1.5620718977236656,1.0
23,Auction,V6,"(66, 96)",58.992217781462685,True,1.0077822185373186,1.0
23,Auction,V7,"(54, 13)",59.82406482689603,True,1.1759351731039729,1.0
23,Auction,V8,"(49, 23)",29.071764340792452,True,24.52740085899345,1.0
23,Auction,V9,"(79, 7)",1.4840464854481326,True,35.505554869853796,1.0
23,Auction,V10,"(69, 29)",31.344714633423116,True,9.655285366576884,1.0
23,Q-Learning,V1,"(92, 30)",34.38931164398183,True,26.347946656221225,1.0
23,Q-Learning,V2,"(18, 70)",1.2060385750024665,True,37.68962790249909,2.0
23,Q-Learning,V3,"(20, 23)",26.138349056619496,True,8.861650943380504,3.0
23,Q-Learning,V4,"(64, 34)",37.90177062402921,True,7.098229375970789,2.0
23,Q-Learning,V5,"(69, 29)",63.183915619381565,True,9.816084380618435,1.0
23,Q-Learning,V6,"(66, 96)",58.992217781462685,True,1.0077822185373186,1.0
23,Q-Learning,V7,"(54, 13)",59.82406482689603,True,1.1759351731039729,1.0
23,Q-Learning,V8,"(49, 23)",29.071764340792452,True,25.52740085899345,2.0
23,Q-Learning,V9,"(45, 59)",1.9033490269995283,True,36.0862523283024,2.0
23,Q-Learning,V10,"(68, 68)",40.26787540171351,True,3.7321245982864895,4.0
24,Greedy,V1,"(45, 72)",28.322463751930698,True,31.414794548272354,1.0
24,Greedy,V2,"(19, 72)",28.61233526229086,True,7.387664737709141,1.0
24,Greedy,V3,"(37, 67)",7.488122299910252,True,24.601169500660916,1.0
24,Greedy,V4,"(77, 58)",10.17510612578127,True,33.671873729054745,1.0
24,Greedy,V5,"(82, 37)",71.43792810227633,True,0.5620718977236656,1.0
24,Greedy,V6,"(59, 92)",58.992217781462685,True,0.0077822185373186414,1.0
24,Greedy,V7,"(60, 27)",59.82406482689603,True,0.17593517310397289,1.0
24,Greedy,V8,"(37, 53)",49.07401724298095,True,2.9259827570190495,1.0
24,Greedy,V9,"(82, 85)",7.01417649592824,True,28.97542485937369,1.0
24,Greedy,V10,"(89, 20)",31.344714633423116,True,8.655285366576884,1.0
24,Auction,V1,"(45, 59)",36.85046207379173,True,22.88679622641132,1.0
24,Auction,V2,"(20, 23)",21.66326566020954,True,14.33673433979046,1.0
24,Auction,V3,"(18, 70)",8.244477849321626,True,23.84481395124954,1.0
24,Auction,V4,"(92, 30)",13.533988614812614,True,29.98147003616282,1.0
24,Auction,V5,"(64, 34)",71.43792810227633,True,0.5620718977236656,1.0
24,Auction,V6,"(66, 96)",58.992217781462685,True,0.0077822185373186414,1.0
24,Auction,V7,"(54, 13)",59.82406482689603,True,0.17593517310397289,1.0
24,Auction,V8,"(49, 23)",29.071764340792452,True,23.52740085899345,1.0
24,Auction,V9,"(79, 7)",1.4840464854481326,True,34.505554869853796,1.0
24,Auction,V10,"(69, 29)",31.344714633423116,True,8.655285366576884,1.0
24,Q-Learning,V1,"(92, 30)",34.38931164398183,True,25.347946656221225,1.0
24,Q-Learning,V2,"(18, 70)",1.2060385750024665,True,36.68962790249909,2.0
24,Q-Learning,V3,"(20, 23)",26.138349056619496,True,7.8616509433805035,3.0
24,Q-Learning,V4,"(64, 34)",37.90177062402921,True,6.098229375970789,2.0
24,Q-Learning,V5,"(69, 29)",63.183915619381565,True,8.816084380618435,1.0
24,Q-Learning,V6,"(66, 96)",58.992217781462685,True,0.0077822185373186414,1.0
24,Q-Learning,V7,"(54, 13)",59.82406482689603,True,0.17593517310397289,1.0
24,Q-Learning,V8,"(49, 23)",29.071764340792452,True,24.52740085899345,2.0
24,Q-Learning,V9,"(45, 59)",1.9033490269995283,True,35.0862523283024,2.0
24,Q-Learning,V10,"(68, 68)",40.26787540171351,True,2.7321245982864895,4.0
25,Greedy,V1,"(45, 72)",28.322463751930698,True,30.414794548272354,1.0
25,Greedy,V2,"(19, 72)",28.61233526229086,True,6.387664737709141,1.0
25,Greedy,V3,"(37, 67)",7.488122299910252,True,23.601169500660916,1.0
25,Greedy,V4,"(77, 58)",10.17510612578127,True,32.671873729054745,1.0
25,Greedy,V5,"(82, 37)",71.43792810227633,True,0.0,1.0
25,Greedy,V6,"(59, 92)",58.992217781462685,True,0.0,1.0
25,Greedy,V7,"(60, 27)",59.82406482689603,True,0.0,1.0
25,Greedy,V8,"(37, 53)",49.07401724298095,True,1.9259827570190495,1.0
25,Greedy,V9,"(82, 85)",7.01417649592824,True,27.97542485937369,1.0
25,Greedy,V10,"(89, 20)",31.344714633423116,True,7.655285366576884,1.0
25,Auction,V1,"(45, 59)",36.85046207379173,True,21.88679622641132,1.0
25,Auction,V2,"(20, 23)",21.66326566020954,True,13.33673433979046,1.0
25,Auction,V3,"(18, 70)",8.244477849321626,True,22.84481395124954,1.0
25,Auction,V4,"(92, 30)",13.533988614812614,True,28.98147003616282,1.0
25,Auction,V5,"(64, 34)",71.43792810227633,True,0.0,1.0
25,Auction,V6,"(66, 96)",58.992217781462685,True,0.0,1.0
25,Auction,V7,"(54, 13)",59.82406482689603,True,0.0,1.0
25,Auction,V8,"(49, 23)",29.071764340792452,True,22.52740085899345,1.0
25,Auction,V9,"(79, 7)",1.4840464854481326,True,33.505554869853796,1.0
25,Auction,V10,"(69, 29)",31.344714633423116,True,7.655285366576884,1.0
25,Q-Learning,V1,"(92, 30)",34.38931164398183,True,24.347946656221225,1.0
25,Q-Learning,V2,"(18, 70)",1.2060385750024665,True,35.68962790249909,2.0
25,Q-Learning,V3,"(20, 23)",26.138349056619496,True,6.8616509433805035,3.0
25,Q-Learning,V4,"(64, 34)",37.90177062402921,True,5.098229375970789,2.0
25,Q-Learning,V5,"(69, 29)",63.183915619381565,True,7.816084380618435,1.0
25,Q-Learning,V6,"(66, 96)",58.992217781462685,True,0.0,1.0
25,Q-Learning,V7,"(54, 13)",59.82406482689603,True,0.0,1.0
25,Q-Learning,V8,"(49, 23)",29.071764340792452,True,23.52740085899345,2.0
25,Q-Learning,V9,"(45, 59)",1.9033490269995283,True,34.0862523283024,2.0
25,Q-Learning,V10,"(68, 68)",40.26787540171351,True,1.7321245982864895,4.0
26,Greedy,V1,"(45, 72)",28.322463751930698,True,29.414794548272354,1.0
26,Greedy,V2,"(19, 72)",28.61233526229086,True,5.387664737709141,1.0
26,Greedy,V3,"(37, 67)",7.488122299910252,True,22.601169500660916,1.0
26,Greedy,V4,"(77, 58)",10.17510612578127,True,31.671873729054745,1.0
26,Greedy,V5,"(82, 37)",50.887027274482705,True,19.55090082779363,1.0
26,Greedy,V6,"(59, 92)",24.059505469531658,True,33.93271231193103,1.0
26,Greedy,V7,"(60, 27)",39.883175048572106,True,18.94088977832392,1.0
26,Greedy,V8,"(37, 53)",49.07401724298095,True,0.9259827570190495,1.0
26,Greedy,V9,"(82, 85)",7.01417649592824,True,26.97542485937369,1.0
26,Greedy,V10,"(89, 20)",31.344714633423116,True,6.655285366576884,1.0
26,Auction,V1,"(45, 59)",36.85046207379173,True,20.88679622641132,1.0
26,Auction,V2,"(20, 23)",21.66326566020954,True,12.33673433979046,1.0
26,Auction,V3,"(18, 70)",8.244477849321626,True,21.84481395124954,1.0
26,Auction,V4,"(92, 30)",13.533988614812614,True,27.98147003616282,1.0
26,Auction,V5,"(64, 24)",53.93792810227633,True,16.5,1.0
26,Auction,V6,"(66, 85)",29.617217781462685,True,28.375,1.0
26,Auction,V7,"(50, 0)",33.88099761136239,True,24.943067215533635,1.0
26,Auction,V8,"(49, 23)",29.071764340792452,True,21.52740085899345,1.0
26,Auction,V9,"(79, 7)",1.4840464854481326,True,32.505554869853796,1.0
26,Auction,V10,"(69, 29)",31.344714633423116,True,6.655285366576884,1.0
26,Q-Learning,V1,"(92, 30)",34.38931164398183,True,23.347946656221225,1.0
26,Q-Learning,V2,"(18, 70)",1.2060385750024665,True,34.68962790249909,2.0
26,Q-Learning,V3,"(20, 23)",26.138349056619496,True,5.8616509433805035,3.0
26,Q-Learning,V4,"(64, 34)",37.90177062402921,True,4.098229375970789,2.0
26,Q-Learning,V5,"(69, 29)",63.183915619381565,True,6.816084380618435,1.0
26,Q-Learning,V6,"(66, 85)",29.617217781462685,True,28.375,1.0
26,Q-Learning,V7,"(79, 7)",40.1512190748439,True,18.672845752052126,1.0
26,Q-Learning,V8,"(49, 23)",29.071764340792452,True,22.52740085899345,2.0
26,Q-Learning,V9,"(45, 59)",1.9033490269995283,True,33.0862523283024,2.0
26,Q-Learning,V10,"(68, 68)",40.26787540171351,True,0.7321245982864895,4.0
27,Greedy,V1,"(45, 72)",28.322463751930698,True,28.414794548272354,1.0
27,Greedy,V2,"(19, 72)",28.61233526229086,True,4.387664737709141,1.0
27,Greedy,V3,"(37, 67)",7.488122299910252,True,21.601169500660916,1.0
27,Greedy,V4,"(77, 58)",10.17510612578127,True,30.671873729054745,1.0
27,Greedy,V5,"(82, 37)",50.887027274482705,True,18.55090082779363,1.0
27,Greedy,V6,"(59, 92)",24.059505469531658,True,32.93271231193103,1.0
27,Greedy,V7,"(60, 27)",39.883175048572106,True,17.94088977832392,1.0
27,Greedy,V8,"(37, 53)",49.07401724298095,True,0.0,1.0
27,Greedy,V9,"(82, 85)",7.01417649592824,True,25.97542485937369,1.0
27,Greedy,V10,"(89, 20)",31.344714633423116,True,5.655285366576884,1.0
27,Auction,V1,"(45, 59)",36.85046207379173,True,19.88679622641132,1.0
27,Auction,V2,"(20, 23)",21.66326566020954,True,11.33673433979046,1.0
27,Auction,V3,"(18, 70)",8.244477849321626,True,20.84481395124954,1.0
27,Auction,V4,"(92, 30)",13.533988614812614,True,26.98147003616282,1.0
27,Auction,V5,"(64, 24)",53.93792810227633,True,15.5,1.0
27,Auction,V6,"(66, 85)",29.617217781462685,True,27.375,1.0
27,Auction,V7,"(50, 0)",33.88099761136239,True,23.943067215533635,1.0
27,Auction,V8,"(49, 23)",29.071764340792452,True,20.52740085899345,1.0
27,Auction,V9,"(79, 7)",1.4840464854481326,True,31.505554869853796,1.0
27,Auction,V10,"(69, 29)",31.344714633423116,True,5.655285366576884,1.0
27,Q-Learning,V1,"(92, 30)",34.38931164398183,True,22.347946656221225,1.0
27,Q-Learning,V2,"(18, 70)",1.2060385750024665,True,33.68962790249909,2.0
27,Q-Learning,V3,"(20, 23)",26.138349056619496,True,4.8616509433805035,3.0
27,Q-Learning,V4,"(64, 34)",37.90177062402921,True,3.0982293759707886,2.0
27,Q-Learning,V5,"(69, 29)",63.183915619381565,True,5.816084380618435,1.0
27,Q-Learning,V6,"(66, 85)",29.617217781462685,True,27.375,1.0
27,Q-Learning,V7,"(79, 7)",40.1512190748439,True,17.672845752052126,1.0
27,Q-Learning,V8,"(49, 23)",29.071764340792452,True,21.52740085899345,2.0
27,Q-Learning,V9,"(45, 59)",1.9033490269995283,True,32.0862523283024,2.0
27,Q-Learning,V10,"(68, 68)",40.26787540171351,True,0.0,4.0
28,Greedy,V1,"(45, 72)",28.322463751930698,True,27.414794548272354,1.0
28,Greedy,V2,"(19, 72)",28.61233526229086,True,3.387664737709141,1.0
28,Greedy,V3,"(37, 67)",7.488122299910252,True,20.601169500660916,1.0
28,Greedy,V4,"(77, 58)",10.17510612578127,True,29.671873729054745,1.0
28,Greedy,V5,"(82, 37)",50.887027274482705,True,17.55090082779363,1.0
28,Greedy,V6,"(59, 92)",24.059505469531658,True,31.932712311931027,1.0
28,Greedy,V7,"(60, 27)",39.883175048572106,True,16.94088977832392,1.0
28,Greedy,V8,"(37, 53)",17.278152300328234,True,30.795864942652717,1.0
28,Greedy,V9,"(82, 85)",7.01417649592824,True,24.97542485937369,1.0
28,Greedy,V10,"(89, 20)",31.344714633423116,True,4.655285366576884,1.0
28,Auction,V1,"(45, 59)",36.85046207379173,True,18.88679622641132,1.0
28,Auction,V2,"(20, 23)",21.66326566020954,True,10.33673433979046,1.0
28,Auction,V3,"(18, 70)",8.244477849321626,True,19.84481395124954,1.0
28,Auction,V4,"(92, 30)",13.533988614812614,True,25.98147003616282,1.0
28,Auction,V5,"(64, 24)",53.93792810227633,True,14.5,1.0
28,Auction,V6,"(66, 85)",29.617217781462685,True,26.375,1.0
28,Auction,V7,"(50, 0)",33.88099761136239,True,22.943067215533635,1.0
28,Auction,V8,"(49, 23)",29.071764340792452,True,19.52740085899345,1.0
28,Auction,V9,"(79, 7)",1.4840464854481326,True,30.505554869853796,1.0
28,Auction,V10,"(69, 29)",31.344714633423116,True,4.655285366576884,1.0
28,Q-Learning,V1,"(92, 30)",34.38931164398183,True,21.347946656221225,1.0
28,Q-Learning,V2,"(18, 70)",1.2060385750024665,True,32.68962790249909,2.0
28,Q-Learning,V3,"(20, 23)",26.138349056619496,True,3.8616509433805035,3.0
28,Q-Learning,V4,"(64, 34)",37.90177062402921,True,2.0982293759707886,2.0
28,Q-Learning,V5,"(69, 29)",63.183915619381565,True,4.816084380618435,1.0
28,Q-Learning,V6,"(66, 85)",29.617217781462685,True,26.375,1.0
28,Q-Learning,V7,"(79, 7)",40.1512190748439,True,16.672845752052126,1.0
28,Q-Learning,V8,"(49, 23)",29.071764340792452,True,20.52740085899345,2.0
28,Q-Learning,V9,"(45, 59)",1.9033490269995283,True,31.0862523283024,2.0
28,Q-Learning,V10,"(72, 91)",24.37700289173726,True,14.890872509976251,4.0
29,Greedy,V1,"(45, 72)",28.322463751930698,True,26.414794548272354,1.0
29,Greedy,V2,"(19, 72)",28.61233526229086,True,2.387664737709141,1.0
29,Greedy,V3,"(37, 67)",7.488122299910252,True,19.601169500660916,1.0
29,Greedy,V4,"(77, 58)",10.17510612578127,True,28.671873729054745,1.0
29,Greedy,V5,"(82, 37)",50.887027274482705,True,16.55090082779363,1.0
29,Greedy,V6,"(59, 92)",24.059505469531658,True,30.932712311931027,1.0
29,Greedy,V7,"(60, 27)",39.883175048572106,True,15.940889778323921,1.0
29,Greedy,V8,"(37, 53)",17.278152300328234,True,29.795864942652717,1.0
29,Greedy,V9,"(82, 85)",7.01417649592824,True,23.97542485937369,1.0
29,Greedy,V10,"(89, 20)",31.344714633423116,True,3.6552853665768836,1.0
29,Auction,V1,"(45, 59)",36.85046207379173,True,17.88679622641132,1.0
29,Auction,V2,"(20, 23)",21.66326566020954,True,9.33673433979046,1.0
29,Auction,V3,"(18, 70)",8.244477849321626,True,18.84481395124954,1.0
29,Auction,V4,"(92, 30)",13.533988614812614,True,24.98147003616282,1.0
29,Auction,V5,"(64, 24)",53.93792810227633,True,13.5,1.0
29,Auction,V6,"(66, 85)",29.617217781462685,True,25.375,1.0
29,Auction,V7,"(50, 0)",33.88099761136239,True,21.943067215533635,1.0
29,Auction,V8,"(49, 23)",29.071764340792452,True,18.52740085899345,1.0
29,Auction,V9,"(79, 7)",1.4840464854481326,True,29.505554869853796,1.0
29,Auction,V10,"(69, 29)",31.344714633423116,True,3.6552853665768836,1.0
29,Q-Learning,V1,"(92, 30)",34.38931164398183,True,20.347946656221225,1.0
29,Q-Learning,V2,"(18, 70)",1.2060385750024665,True,31.68962790249909,2.0
29,Q-Learning,V3,"(20, 23)",26.138349056619496,True,2.8616509433805035,3.0
29,Q-Learning,V4,"(64, 34)",37.90177062402921,True,1.0982293759707886,2.0
29,Q-Learning,V5,"(69, 29)",63.183915619381565,True,3.8160843806184346,1.0
29,Q-Learning,V6,"(66, 85)",29.617217781462685,True,25.375,1.0
29,Q-Learning,V7,"(79, 7)",40.1512190748439,True,15.672845752052126,1.0
29,Q-Learning,V8,"(49, 23)",29.071764340792452,True,19.52740085899345,2.0
29,Q-Learning,V9,"(45, 59)",1.9033490269995283,True,30.0862523283024,2.0
29,Q-Learning,V10,"(72, 91)",24.37700289173726,True,13.890872509976251,4.0
30,Greedy,V1,"(45, 72)",28.322463751930698,True,25.414794548272354,1.0
30,Greedy,V2,"(19, 72)",28.61233526229086,True,1.387664737709141,1.0
30,Greedy,V3,"(37, 67)",7.488122299910252,True,18.601169500660916,1.0
30,Greedy,V4,"(77, 58)",10.17510612578127,True,27.671873729054745,1.0
30,Greedy,V5,"(82, 37)",50.887027274482705,True,15.55090082779363,1.0
30,Greedy,V6,"(59, 92)",24.059505469531658,True,29.932712311931027,1.0
30,Greedy,V7,"(60, 27)",39.883175048572106,True,14.940889778323921,1.0
30,Greedy,V8,"(37, 53)",17.278152300328234,True,28.795864942652717,1.0
30,Greedy,V9,"(82, 85)",7.01417649592824,True,22.97542485937369,1.0
30,Greedy,V10,"(89, 20)",31.344714633423116,True,2.6552853665768836,1.0
30,Auction,V1,"(45, 59)",36.85046207379173,True,16.88679622641132,1.0
30,Auction,V2,"(20, 23)",21.66326566020954,True,8.33673433979046,1.0
30,Auction,V3,"(18, 70)",8.244477849321626,True,17.84481395124954,1.0
30,Auction,V4,"(92, 30)",13.533988614812614,True,23.98147003616282,1.0
30,Auction,V5,"(64, 24)",53.93792810227633,True,12.5,1.0
30,Auction,V6,"(66, 85)",29.617217781462685,True,24.375,1.0
30,Auction,V7,"(50, 0)",33.88099761136239,True,20.943067215533635,1.0
30,Auction,V8,"(49, 23)",29.071764340792452,True,17.52740085899345,1.0
30,Auction,V9,"(79, 7)",1.4840464854481326,True,28.505554869853796,1.0
30,Auction,V10,"(69, 29)",31.344714633423116,True,2.6552853665768836,1.0
30,Q-Learning,V1,"(92, 30)",34.38931164398183,True,19.347946656221225,1.0
30,Q-Learning,V2,"(18, 70)",1.2060385750024665,True,30.68962790249909,2.0
30,Q-Learning,V3,"(20, 23)",26.138349056619496,True,1.8616509433805035,3.0
30,Q-Learning,V4,"(64, 34)",37.90177062402921,True,0.09822937597078862,2.0
30,Q-Learning,V5,"(69, 29)",63.183915619381565,True,2.8160843806184346,1.0
30,Q-Learning,V6,"(66, 85)",29.617217781462685,True,24.375,1.0
30,Q-Learning,V7,"(79, 7)",40.1512190748439,True,14.672845752052126,1.0
30,Q-Learning,V8,"(49, 23)",29.071764340792452,True,18.52740085899345,2.0
30,Q-Learning,V9,"(45, 59)",1.9033490269995283,True,29.0862523283024,2.0
30,Q-Learning,V10,"(72, 91)",24.37700289173726,True,12.890872509976251,4.0
31,Greedy,V1,"(45, 72)",28.322463751930698,True,24.414794548272354,1.0
31,Greedy,V2,"(19, 72)",28.61233526229086,True,0.3876647377091409,1.0
31,Greedy,V3,"(37, 67)",7.488122299910252,True,17.601169500660916,1.0
31,Greedy,V4,"(77, 58)",10.17510612578127,True,26.671873729054745,1.0
31,Greedy,V5,"(82, 37)",50.887027274482705,True,14.55090082779363,1.0
31,Greedy,V6,"(59, 92)",24.059505469531658,True,28.932712311931027,1.0
31,Greedy,V7,"(60, 27)",39.883175048572106,True,13.940889778323921,1.0
31,Greedy,V8,"(37, 53)",17.278152300328234,True,27.795864942652717,1.0
31,Greedy,V9,"(82, 85)",7.01417649592824,True,21.97542485937369,1.0
31,Greedy,V10,"(89, 20)",31.344714633423116,True,1.6552853665768836,1.0
31,Auction,V1,"(45, 59)",36.85046207379173,True,15.88679622641132,1.0
31,Auction,V2,"(20, 23)",21.66326566020954,True,7.3367343397904605,1.0
31,Auction,V3,"(18, 70)",8.244477849321626,True,16.84481395124954,1.0
31,Auction,V4,"(92, 30)",13.533988614812614,True,22.98147003616282,1.0
31,Auction,V5,"(64, 24)",53.93792810227633,True,11.5,1.0
31,Auction,V6,"(66, 85)",29.617217781462685,True,23.375,1.0
31,Auction,V7,"(50, 0)",33.88099761136239,True,19.943067215533635,1.0
31,Auction,V8,"(49, 23)",29.071764340792452,True,16.52740085899345,1.0
31,Auction,V9,"(79, 7)",1.4840464854481326,True,27.505554869853796,1.0
31,Auction,V10,"(69, 29)",31.344714633423116,True,1.6552853665768836,1.0
31,Q-Learning,V1,"(92, 30)",34.38931164398183,True,18.347946656221225,1.0
31,Q-Learning,V2,"(18, 70)",1.2060385750024665,True,29.68962790249909,2.0
31,Q-Learning,V3,"(20, 23)",26.138349056619496,True,0.8616509433805035,3.0
31,Q-Learning,V4,"(64, 34)",37.90177062402921,True,0.0,2.0
31,Q-Learning,V5,"(69, 29)",63.183915619381565,True,1.8160843806184346,1.0
31,Q-Learning,V6,"(66, 85)",29.617217781462685,True,23.375,1.0
31,Q-Learning,V7,"(79, 7)",40.1512190748439,True,13.672845752052126,1.0
31,Q-Learning,V8,"(49, 23)",29.071764340792452,True,17.52740085899345,2.0
31,Q-Learning,V9,"(45, 59)",1.9033490269995283,True,28.0862523283024,2.0
31,Q-Learning,V10,"(72, 91)",24.37700289173726,True,11.890872509976251,4.0
32,Greedy,V1,"(45, 72)",28.322463751930698,True,23.414794548272354,1.0
32,Greedy,V2,"(19, 72)",28.61233526229086,True,0.0,1.0
32,Greedy,V3,"(37, 67)",7.488122299910252,True,16.601169500660916,1.0
32,Greedy,V4,"(77, 58)",10.17510612578127,True,25.671873729054745,1.0
32,Greedy,V5,"(82, 37)",50.887027274482705,True,13.55090082779363,1.0
32,Greedy,V6,"(59, 92)",24.059505469531658,True,27.932712311931027,1.0
32,Greedy,V7,"(60, 27)",39.883175048572106,True,12.940889778323921,1.0
32,Greedy,V8,"(37, 53)",17.278152300328234,True,26.795864942652717,1.0
32,Greedy,V9,"(82, 85)",7.01417649592824,True,20.97542485937369,1.0
32,Greedy,V10,"(89, 20)",31.344714633423116,True,0.6552853665768836,1.0
32,Auction,V1,"(45, 59)",36.85046207379173,True,14.88679622641132,1.0
32,Auction,V2,"(20, 23)",21.66326566020954,True,6.3367343397904605,1.0
32,Auction,V3,"(18, 70)",8.244477849321626,True,15.844813951249542,1.0
32,Auction,V4,"(92, 30)",13.533988614812614,True,21.98147003616282,1.0
32,Auction,V5,"(64, 24)",53.93792810227633,True,10.5,1.0
32,Auction,V6,"(66, 85)",29.617217781462685,True,22.375,1.0
32,Auction,V7,"(50, 0)",33.88099761136239,True,18.943067215533635,1.0
32,Auction,V8,"(49, 23)",29.071764340792452,True,15.527400858993449,1.0
32,Auction,V9,"(79, 7)",1.4840464854481326,True,26.505554869853796,1.0
32,Auction,V10,"(69, 29)",31.344714633423116,True,0.6552853665768836,1.0
32,Q-Learning,V1,"(92, 30)",34.38931164398183,True,17.347946656221225,1.0
32,Q-Learning,V2,"(18, 70)",1.2060385750024665,True,28.68962790249909,2.0
32,Q-Learning,V3,"(20, 23)",26.138349056619496,True,0.0,3.0
32,Q-Learning,V4,"(64, 24)",19.56843729069588,True,17.333333333333332,2.0
32,Q-Learning,V5,"(69, 29)",63.183915619381565,True,0.8160843806184346,1.0
32,Q-Learning,V6,"(66, 85)",29.617217781462685,True,22.375,1.0
32,Q-Learning,V7,"(79, 7)",40.1512190748439,True,12.672845752052126,1.0
32,Q-Learning,V8,"(49, 23)",29.071764340792452,True,16.52740085899345,2.0
32,Q-Learning,V9,"(45, 59)",1.9033490269995283,True,27.0862523283024,2.0
32,Q-Learning,V10,"(72, 91)",24.37700289173726,True,10.890872509976251,4.0
33,Greedy,V1,"(45, 72)",28.322463751930698,True,22.414794548272354,1.0
33,Greedy,V2,"(19, 72)",28.61233526229086,False,0.0,2.0
33,Greedy,V3,"(37, 67)",7.488122299910252,True,15.601169500660916,1.0
33,Greedy,V4,"(77, 58)",10.17510612578127,True,24.671873729054745,1.0
33,Greedy,V5,"(82, 37)",50.887027274482705,True,12.55090082779363,1.0
33,Greedy,V6,"(59, 92)",24.059505469531658,True,26.932712311931027,1.0
33,Greedy,V7,"(60, 27)",39.883175048572106,True,11.940889778323921,1.0
33,Greedy,V8,"(37, 53)",17.278152300328234,True,25.795864942652717,1.0
33,Greedy,V9,"(82, 85)",7.01417649592824,True,19.97542485937369,1.0
33,Greedy,V10,"(89, 20)",31.344714633423116,True,0.0,1.0
33,Auction,V1,"(45, 59)",36.85046207379173,True,13.88679622641132,1.0
33,Auction,V2,"(20, 23)",21.66326566020954,True,5.3367343397904605,1.0
33,Auction,V3,"(18, 70)",8.244477849321626,True,14.844813951249542,1.0
33,Auction,V4,"(92, 30)",13.533988614812614,True,20.98147003616282,1.0
33,Auction,V5,"(64, 24)",53.93792810227633,True,9.5,1.0
33,Auction,V6,"(66, 85)",29.617217781462685,True,21.375,1.0
33,Auction,V7,"(50, 0)",33.88099761136239,True,17.943067215533635,1.0
33,Auction,V8,"(49, 23)",29.071764340792452,True,14.527400858993449,1.0
33,Auction,V9,"(79, 7)",1.4840464854481326,True,25.505554869853796,1.0
33,Auction,V10,"(69, 29)",31.344714633423116,True,0.0,1.0
33,Q-Learning,V1,"(92, 30)",34.38931164398183,True,16.347946656221225,1.0
33,Q-Learning,V2,"(18, 70)",1.2060385750024665,True,27.68962790249909,2.0
33,Q-Learning,V3,"(1, 8)",6.103776244316094,True,19.034572812303402,3.0
33,Q-Learning,V4,"(64, 24)",19.56843729069588,True,16.333333333333332,2.0
33,Q-Learning,V5,"(69, 29)",63.183915619381565,True,0.0,1.0
33,Q-Learning,V6,"(66, 85)",29.617217781462685,True,21.375,1.0
33,Q-Learning,V7,"(79, 7)",40.1512190748439,True,11.672845752052126,1.0
33,Q-Learning,V8,"(49, 23)",29.071764340792452,True,15.527400858993449,2.0
33,Q-Learning,V9,"(45, 59)",1.9033490269995283,True,26.0862523283024,2.0
33,Q-Learning,V10,"(72, 91)",24.37700289173726,True,9.890872509976251,4.0
34,Greedy,V1,"(45, 72)",28.322463751930698,True,21.414794548272354,1.0
34,Greedy,V2,"(19, 72)",28.61233526229086,False,0.0,3.0
34,Greedy,V3,"(37, 67)",7.488122299910252,True,14.601169500660916,1.0
34,Greedy,V4,"(77, 58)",10.17510612578127,True,23.671873729054745,1.0
34,Greedy,V5,"(82, 37)",50.887027274482705,True,11.55090082779363,1.0
34,Greedy,V6,"(59, 92)",24.059505469531658,True,25.932712311931027,1.0
34,Greedy,V7,"(60, 27)",39.883175048572106,True,10.940889778323921,1.0
34,Greedy,V8,"(37, 53)",17.278152300328234,True,24.795864942652717,1.0
34,Greedy,V9,"(82, 85)",7.01417649592824,True,18.97542485937369,1.0
34,Greedy,V10,"(89, 20)",0.5423124259734351,True,29.80240220744968,1.0
34,Auction,V1,"(45, 59)",36.85046207379173,True,12.88679622641132,1.0
34,Auction,V2,"(20, 23)",21.66326566020954,True,4.3367343397904605,1.0
34,Auction,V3,"(18, 70)",8.244477849321626,True,13.844813951249542,1.0
34,Auction,V4,"(92, 30)",13.533988614812614,True,19.98147003616282,1.0
34,Auction,V5,"(64, 24)",53.93792810227633,True,8.5,1.0
34,Auction,V6,"(66, 85)",29.617217781462685,True,20.375,1.0
34,Auction,V7,"(50, 0)",33.88099761136239,True,16.943067215533635,1.0
34,Auction,V8,"(49, 23)",29.071764340792452,True,13.527400858993449,1.0
34,Auction,V9,"(79, 7)",1.4840464854481326,True,24.505554869853796,1.0
34,Auction,V10,"(46, 44)",6.768204560841124,True,23.576510072581993,1.0
34,Q-Learning,V1,"(92, 30)",34.38931164398183,True,15.347946656221225,1.0
34,Q-Learning,V2,"(18, 70)",1.2060385750024665,True,26.68962790249909,2.0
34,Q-Learning,V3,"(1, 8)",6.103776244316094,True,18.034572812303402,3.0
34,Q-Learning,V4,"(64, 24)",19.56843729069588,True,15.333333333333332,2.0
34,Q-Learning,V5,"(100, 37)",27.180010322590505,True,35.00390529679106,1.0
34,Q-Learning,V6,"(66, 85)",29.617217781462685,True,20.375,1.0
34,Q-Learning,V7,"(79, 7)",40.1512190748439,True,10.672845752052126,1.0
34,Q-Learning,V8,"(49, 23)",29.071764340792452,True,14.527400858993449,2.0
34,Q-Learning,V9,"(45, 59)",1.9033490269995283,True,25.0862523283024,2.0
34,Q-Learning,V10,"(72, 91)",24.37700289173726,True,8.890872509976251,4.0
35,Greedy,V1,"(45, 72)",28.322463751930698,True,20.414794548272354,1.0
35,Greedy,V2,"(19, 72)",28.61233526229086,False,0.0,4.0
35,Greedy,V3,"(37, 67)",7.488122299910252,True,13.601169500660916,1.0
35,Greedy,V4,"(77, 58)",10.17510612578127,True,22.671873729054745,1.0
35,Greedy,V5,"(82, 37)",50.887027274482705,True,10.55090082779363,1.0
35,Greedy,V6,"(59, 92)",24.059505469531658,True,24.932712311931027,1.0
35,Greedy,V7,"(60, 27)",39.883175048572106,True,9.940889778323921,1.0
35,Greedy,V8,"(37, 53)",17.278152300328234,True,23.795864942652717,1.0
35,Greedy,V9,"(82, 85)",7.01417649592824,True,17.97542485937369,1.0
35,Greedy,V10,"(89, 20)",0.5423124259734351,True,28.80240220744968,1.0
35,Auction,V1,"(45, 59)",36.85046207379173,True,11.88679622641132,1.0
35,Auction,V2,"(20, 23)",21.66326566020954,True,3.3367343397904605,1.0
35,Auction,V3,"(18, 70)",8.244477849321626,True,12.844813951249542,1.0
35,Auction,V4,"(92, 30)",13.533988614812614,True,18.98147003616282,1.0
35,Auction,V5,"(64, 24)",53.93792810227633,True,7.5,1.0
35,Auction,V6,"(66, 85)",29.617217781462685,True,19.375,1.0
35,Auction,V7,"(50, 0)",33.88099761136239,True,15.943067215533635,1.0
35,Auction,V8,"(49, 23)",29.071764340792452,True,12.527400858993449,1.0
35,Auction,V9,"(79, 7)",1.4840464854481326,True,23.505554869853796,1.0
35,Auction,V10,"(46, 44)",6.768204560841124,True,22.576510072581993,1.0
35,Q-Learning,V1,"(92, 30)",34.38931164398183,True,14.347946656221225,1.0
35,Q-Learning,V2,"(18, 70)",1.2060385750024665,True,25.68962790249909,2.0
35,Q-Learning,V3,"(1, 8)",6.103776244316094,True,17.034572812303402,3.0
35,Q-Learning,V4,"(64, 24)",19.56843729069588,True,14.333333333333332,2.0
35,Q-Learning,V5,"(100, 37)",27.180010322590505,True,34.00390529679106,1.0
35,Q-Learning,V6,"(66, 85)",29.617217781462685,True,19.375,1.0
35,Q-Learning,V7,"(79, 7)",40.1512190748439,True,9.672845752052126,1.0
35,Q-Learning,V8,"(49, 23)",29.071764340792452,True,13.527400858993449,2.0
35,Q-Learning,V9,"(45, 59)",1.9033490269995283,True,24.0862523283024,2.0
35,Q-Learning,V10,"(72, 91)",24.37700289173726,True,7.890872509976251,4.0
36,Greedy,V1,"(45, 72)",28.322463751930698,True,19.414794548272354,1.0
36,Greedy,V2,"(19, 72)",28.61233526229086,False,0.0,5.0
36,Greedy,V3,"(37, 67)",7.488122299910252,True,12.601169500660916,1.0
36,Greedy,V4,"(77, 58)",10.17510612578127,True,21.671873729054745,1.0
36,Greedy,V5,"(82, 37)",50.887027274482705,True,9.55090082779363,1.0
36,Greedy,V6,"(59, 92)",24.059505469531658,True,23.932712311931027,1.0
36,Greedy,V7,"(60, 27)",39.883175048572106,True,8.940889778323921,1.0
36,Greedy,V8,"(37, 53)",17.278152300328234,True,22.795864942652717,1.0
36,Greedy,V9,"(82, 85)",7.01417649592824,True,16.97542485937369,1.0
36,Greedy,V10,"(89, 20)",0.5423124259734351,True,27.80240220744968,1.0
36,Auction,V1,"(45, 59)",36.85046207379173,True,10.88679622641132,1.0
36,Auction,V2,"(20, 23)",21.66326566020954,True,2.3367343397904605,1.0
36,Auction,V3,"(18, 70)",8.244477849321626,True,11.844813951249542,1.0
36,Auction,V4,"(92, 30)",13.533988614812614,True,17.98147003616282,1.0
36,Auction,V5,"(64, 24)",53.93792810227633,True,6.5,1.0
36,Auction,V6,"(66, 85)",29.617217781462685,True,18.375,1.0
36,Auction,V7,"(50, 0)",33.88099761136239,True,14.943067215533635,1.0
36,Auction,V8,"(49, 23)",29.071764340792452,True,11.527400858993449,1.0
36,Auction,V9,"(79, 7)",1.4840464854481326,True,22.505554869853796,1.0
36,Auction,V10,"(46, 44)",6.768204560841124,True,21.576510072581993,1.0
36,Q-Learning,V1,"(92, 30)",34.38931164398183,True,13.347946656221225,1.0
36,Q-Learning,V2,"(18, 70)",1.2060385750024665,True,24.68962790249909,2.0
36,Q-Learning,V3,"(1, 8)",6.103776244316094,True,16.034572812303402,3.0
36,Q-Learning,V4,"(64, 24)",19.56843729069588,True,13.333333333333332,2.0
36,Q-Learning,V5,"(100, 37)",27.180010322590505,True,33.00390529679106,1.0
36,Q-Learning,V6,"(66, 85)",29.617217781462685,True,18.375,1.0
36,Q-Learning,V7,"(79, 7)",40.1512190748439,True,8.672845752052126,1.0
36,Q-Learning,V8,"(49, 23)",29.071764340792452,True,12.527400858993449,2.0
36,Q-Learning,V9,"(45, 59)",1.9033490269995283,True,23.0862523283024,2.0
36,Q-Learning,V10,"(72, 91)",24.37700289173726,True,6.890872509976251,4.0
37,Greedy,V1,"(45, 72)",28.322463751930698,True,18.414794548272354,1.0
37,Greedy,V2,"(19, 72)",28.61233526229086,False,0.0,6.0
37,Greedy,V3,"(37, 67)",7.488122299910252,True,11.601169500660916,1.0
37,Greedy,V4,"(77, 58)",10.17510612578127,True,20.671873729054745,1.0
37,Greedy,V5,"(82, 37)",50.887027274482705,True,8.55090082779363,1.0
37,Greedy,V6,"(59, 92)",24.059505469531658,True,22.932712311931027,1.0
37,Greedy,V7,"(60, 27)",39.883175048572106,True,7.940889778323921,1.0
37,Greedy,V8,"(37, 53)",17.278152300328234,True,21.795864942652717,1.0
37,Greedy,V9,"(82, 85)",7.01417649592824,True,15.975424859373689,1.0
37,Greedy,V10,"(89, 20)",0.5423124259734351,True,26.80240220744968,1.0
37,Auction,V1,"(45, 59)",36.85046207379173,True,9.88679622641132,1.0
37,Auction,V2,"(20, 23)",21.66326566020954,True,1.3367343397904605,1.0
37,Auction,V3,"(18, 70)",8.244477849321626,True,10.844813951249542,1.0
37,Auction,V4,"(92, 30)",13.533988614812614,True,16.98147003616282,1.0
37,Auction,V5,"(64, 24)",53.93792810227633,True,5.5,1.0
37,Auction,V6,"(66, 85)",29.617217781462685,True,17.375,1.0
37,Auction,V7,"(50, 0)",33.88099761136239,True,13.943067215533635,1.0
37,Auction,V8,"(49, 23)",29.071764340792452,True,10.527400858993449,1.0
37,Auction,V9,"(79, 7)",1.4840464854481326,True,21.505554869853796,1.0
37,Auction,V10,"(46, 44)",6.768204560841124,True,20.576510072581993,1.0
37,Q-Learning,V1,"(92, 30)",34.38931164398183,True,12.347946656221225,1.0
37,Q-Learning,V2,"(18, 70)",1.2060385750024665,True,23.68962790249909,2.0
37,Q-Learning,V3,"(1, 8)",6.103776244316094,True,15.034572812303402,3.0
37,Q-Learning,V4,"(64, 24)",19.56843729069588,True,12.333333333333332,2.0
37,Q-Learning,V5,"(100, 37)",27.180010322590505,True,32.00390529679106,1.0
37,Q-Learning,V6,"(66, 85)",29.617217781462685,True,17.375,1.0
37,Q-Learning,V7,"(79, 7)",40.1512190748439,True,7.672845752052126,1.0
37,Q-Learning,V8,"(49, 23)",29.071764340792452,True,11.527400858993449,2.0
37,Q-Learning,V9,"(45, 59)",1.9033490269995283,True,22.0862523283024,2.0
37,Q-Learning,V10,"(72, 91)",24.37700289173726,True,5.890872509976251,4.0
38,Greedy,V1,"(45, 72)",28.322463751930698,True,17.414794548272354,1.0
38,Greedy,V2,"(19, 72)",28.61233526229086,False,0.0,7.0
38,Greedy,V3,"(37, 67)",7.488122299910252,True,10.601169500660916,1.0
38,Greedy,V4,"(77, 58)",10.17510612578127,True,19.671873729054745,1.0
38,Greedy,V5,"(82, 37)",50.887027274482705,True,7.55090082779363,1.0
38,Greedy,V6,"(59, 92)",24.059505469531658,True,21.932712311931027,1.0
38,Greedy,V7,"(60, 27)",39.883175048572106,True,6.940889778323921,1.0
38,Greedy,V8,"(37, 53)",17.278152300328234,True,20.795864942652717,1.0
38,Greedy,V9,"(82, 85)",7.01417649592824,True,14.975424859373689,1.0
38,Greedy,V10,"(89, 20)",0.5423124259734351,True,25.80240220744968,1.0
38,Auction,V1,"(45, 59)",36.85046207379173,True,8.88679622641132,1.0
38,Auction,V2,"(20, 23)",21.66326566020954,True,0.3367343397904605,1.0
38,Auction,V3,"(18, 70)",8.244477849321626,True,9.844813951249542,1.0
38,Auction,V4,"(92, 30)",13.533988614812614,True,15.981470036162818,1.0
38,Auction,V5,"(64, 24)",53.93792810227633,True,4.5,1.0
38,Auction,V6,"(66, 85)",29.617217781462685,True,16.375,1.0
38,Auction,V7,"(50, 0)",33.88099761136239,True,12.943067215533635,1.0
38,Auction,V8,"(49, 23)",29.071764340792452,True,9.527400858993449,1.0
38,Auction,V9,"(79, 7)",1.4840464854481326,True,20.505554869853796,1.0
38,Auction,V10,"(46, 44)",6.768204560841124,True,19.576510072581993,1.0
38,Q-Learning,V1,"(92, 30)",34.38931164398183,True,11.347946656221225,1.0
38,Q-Learning,V2,"(18, 70)",1.2060385750024665,True,22.68962790249909,2.0
38,Q-Learning,V3,"(1, 8)",6.103776244316094,True,14.034572812303402,3.0
38,Q-Learning,V4,"(64, 24)",19.56843729069588,True,11.333333333333332,2.0
38,Q-Learning,V5,"(100, 37)",27.180010322590505,True,31.00390529679106,1.0
38,Q-Learning,V6,"(66, 85)",29.617217781462685,True,16.375,1.0
38,Q-Learning,V7,"(79, 7)",40.1512190748439,True,6.672845752052126,1.0
38,Q-Learning,V8,"(49, 23)",29.071764340792452,True,10.527400858993449,2.0
38,Q-Learning,V9,"(45, 59)",1.9033490269995283,True,21.0862523283024,2.0
38,Q-Learning,V10,"(72, 91)",24.37700289173726,True,4.890872509976251,4.0
39,Greedy,V1,"(45, 72)",28.322463751930698,True,16.414794548272354,1.0
39,Greedy,V2,"(19, 72)",28.61233526229086,False,0.0,8.0
39,Greedy,V3,"(37, 67)",7.488122299910252,True,9.601169500660916,1.0
39,Greedy,V4,"(77, 58)",10.17510612578127,True,18.671873729054745,1.0
39,Greedy,V5,"(82, 37)",50.887027274482705,True,6.55090082779363,1.0
39,Greedy,V6,"(59, 92)",24.059505469531658,True,20.932712311931027,1.0
39,Greedy,V7,"(60, 27)",39.883175048572106,True,5.940889778323921,1.0
39,Greedy,V8,"(37, 53)",17.278152300328234,True,19.795864942652717,1.0
39,Greedy,V9,"(82, 85)",7.01417649592824,True,13.975424859373689,1.0
39,Greedy,V10,"(89, 20)",0.5423124259734351,True,24.80240220744968,1.0
39,Auction,V1,"(45, 59)",36.85046207379173,True,7.88679622641132,1.0
39,Auction,V2,"(20, 23)",21.66326566020954,True,0.0,1.0
39,Auction,V3,"(18, 70)",8.244477849321626,True,8.844813951249542,1.0
39,Auction,V4,"(92, 30)",13.533988614812614,True,14.981470036162818,1.0
39,Auction,V5,"(64, 24)",53.93792810227633,True,3.5,1.0
39,Auction,V6,"(66, 85)",29.617217781462685,True,15.375,1.0
39,Auction,V7,"(50, 0)",33.88099761136239,True,11.943067215533635,1.0
39,Auction,V8,"(49, 23)",29.071764340792452,True,8.527400858993449,1.0
39,Auction,V9,"(79, 7)",1.4840464854481326,True,19.505554869853796,1.0
39,Auction,V10,"(46, 44)",6.768204560841124,True,18.576510072581993,1.0
39,Q-Learning,V1,"(92, 30)",34.38931164398183,True,10.347946656221225,1.0
39,Q-Learning,V2,"(18, 70)",1.2060385750024665,True,21.68962790249909,2.0
39,Q-Learning,V3,"(1, 8)",6.103776244316094,True,13.034572812303402,3.0
39,Q-Learning,V4,"(64, 24)",19.56843729069588,True,10.333333333333332,2.0
39,Q-Learning,V5,"(100, 37)",27.180010322590505,True,30.00390529679106,1.0
39,Q-Learning,V6,"(66, 85)",29.617217781462685,True,15.375,1.0
39,Q-Learning,V7,"(79, 7)",40.1512190748439,True,5.672845752052126,1.0
39,Q-Learning,V8,"(49, 23)",29.071764340792452,True,9.527400858993449,2.0
39,Q-Learning,V9,"(45, 59)",1.9033490269995283,True,20.0862523283024,2.0
39,Q-Learning,V10,"(72, 91)",24.37700289173726,True,3.8908725099762513,4.0
40,Greedy,V1,"(45, 72)",28.322463751930698,True,15.414794548272354,1.0
40,Greedy,V2,"(19, 72)",28.61233526229086,False,0.0,9.0
40,Greedy,V3,"(37, 67)",7.488122299910252,True,8.601169500660916,1.0
40,Greedy,V4,"(77, 58)",10.17510612578127,True,17.671873729054745,1.0
40,Greedy,V5,"(82, 37)",50.887027274482705,True,5.55090082779363,1.0
40,Greedy,V6,"(59, 92)",24.059505469531658,True,19.932712311931027,1.0
40,Greedy,V7,"(60, 27)",39.883175048572106,True,4.940889778323921,1.0
40,Greedy,V8,"(37, 53)",17.278152300328234,True,18.795864942652717,1.0
40,Greedy,V9,"(82, 85)",7.01417649592824,True,12.975424859373689,1.0
40,Greedy,V10,"(89, 20)",0.5423124259734351,True,23.80240220744968,1.0
40,Auction,V1,"(45, 59)",36.85046207379173,True,6.88679622641132,1.0
40,Auction,V2,"(20, 23)",21.66326566020954,False,0.0,2.0
40,Auction,V3,"(18, 70)",8.244477849321626,True,7.844813951249542,1.0
40,Auction,V4,"(92, 30)",13.533988614812614,True,13.981470036162818,1.0
40,Auction,V5,"(64, 24)",53.93792810227633,True,2.5,1.0
40,Auction,V6,"(66, 85)",29.617217781462685,True,14.375,1.0
40,Auction,V7,"(50, 0)",33.88099761136239,True,10.943067215533635,1.0
40,Auction,V8,"(49, 23)",29.071764340792452,True,7.527400858993449,1.0
40,Auction,V9,"(79, 7)",1.4840464854481326,True,18.505554869853796,1.0
40,Auction,V10,"(46, 44)",6.768204560841124,True,17.576510072581993,1.0
40,Q-Learning,V1,"(92, 30)",34.38931164398183,True,9.347946656221225,1.0
40,Q-Learning,V2,"(18, 70)",1.2060385750024665,True,20.68962790249909,2.0
40,Q-Learning,V3,"(1, 8)",6.103776244316094,True,12.034572812303402,3.0
40,Q-Learning,V4,"(64, 24)",19.56843729069588,True,9.333333333333332,2.0
40,Q-Learning,V5,"(100, 37)",27.180010322590505,True,29.00390529679106,1.0
40,Q-Learning,V6,"(66, 85)",29.617217781462685,True,14.375,1.0
40,Q-Learning,V7,"(79, 7)",40.1512190748439,True,4.672845752052126,1.0
40,Q-Learning,V8,"(49, 23)",29.071764340792452,True,8.527400858993449,2.0
40,Q-Learning,V9,"(45, 59)",1.9033490269995283,True,19.0862523283024,2.0
40,Q-Learning,V10,"(72, 91)",24.37700289173726,True,2.8908725099762513,4.0
41,Greedy,V1,"(45, 72)",28.322463751930698,True,14.414794548272354,1.0
41,Greedy,V2,"(19, 72)",28.61233526229086,False,0.0,10.0
41,Greedy,V3,"(37, 67)",7.488122299910252,True,7.601169500660916,1.0
41,Greedy,V4,"(77, 58)",10.17510612578127,True,16.671873729054745,1.0
41,Greedy,V5,"(82, 37)",50.887027274482705,True,4.55090082779363,1.0
41,Greedy,V6,"(59, 92)",24.059505469531658,True,18.932712311931027,1.0
41,Greedy,V7,"(60, 27)",39.883175048572106,True,3.940889778323921,1.0
41,Greedy,V8,"(37, 53)",17.278152300328234,True,17.795864942652717,1.0
41,Greedy,V9,"(82, 85)",7.01417649592824,True,11.975424859373689,1.0
41,Greedy,V10,"(89, 20)",0.5423124259734351,True,22.80240220744968,1.0
41,Auction,V1,"(45, 59)",36.85046207379173,True,5.88679622641132,1.0
41,Auction,V2,"(20, 23)",21.66326566020954,False,0.0,3.0
41,Auction,V3,"(18, 70)",8.244477849321626,True,6.844813951249542,1.0
41,Auction,V4,"(92, 30)",13.533988614812614,True,12.981470036162818,1.0
41,Auction,V5,"(64, 24)",53.93792810227633,True,1.5,1.0
41,Auction,V6,"(66, 85)",29.617217781462685,True,13.375,1.0
41,Auction,V7,"(50, 0)",33.88099761136239,True,9.943067215533635,1.0
41,Auction,V8,"(49, 23)",29.071764340792452,True,6.527400858993449,1.0
41,Auction,V9,"(79, 7)",1.4840464854481326,True,17.505554869853796,1.0
41,Auction,V10,"(46, 44)",6.768204560841124,True,16.576510072581993,1.0
41,Q-Learning,V1,"(92, 30)",34.38931164398183,True,8.347946656221225,1.0
41,Q-Learning,V2,"(18, 70)",1.2060385750024665,True,19.68962790249909,2.0
41,Q-Learning,V3,"(1, 8)",6.103776244316094,True,11.034572812303402,3.0
41,Q-Learning,V4,"(64, 24)",19.56843729069588,True,8.333333333333332,2.0
41,Q-Learning,V5,"(100, 37)",27.180010322590505,True,28.00390529679106,1.0
41,Q-Learning,V6,"(66, 85)",29.617217781462685,True,13.375,1.0
41,Q-Learning,V7,"(79, 7)",40.1512190748439,True,3.672845752052126,1.0
41,Q-Learning,V8,"(49, 23)",29.071764340792452,True,7.527400858993449,2.0
41,Q-Learning,V9,"(45, 59)",1.9033490269995283,True,18.0862523283024,2.0
41,Q-Learning,V10,"(72, 91)",24.37700289173726,True,1.8908725099762513,4.0
42,Greedy,V1,"(45, 72)",28.322463751930698,True,13.414794548272354,1.0
42,Greedy,V2,"(19, 72)",9.575411836865914,True,18.036923425424945,10.0
42,Greedy,V3,"(37, 67)",7.488122299910252,True,6.601169500660916,1.0
42,Greedy,V4,"(77, 58)",10.17510612578127,True,15.671873729054745,1.0
42,Greedy,V5,"(82, 37)",50.887027274482705,True,3.5509008277936296,1.0
42,Greedy,V6,"(59, 92)",24.059505469531658,True,17.932712311931027,1.0
42,Greedy,V7,"(60, 27)",39.883175048572106,True,2.940889778323921,1.0
42,Greedy,V8,"(37, 53)",17.278152300328234,True,16.795864942652717,1.0
42,Greedy,V9,"(82, 85)",7.01417649592824,True,10.975424859373689,1.0
42,Greedy,V10,"(89, 20)",0.5423124259734351,True,21.80240220744968,1.0
42,Auction,V1,"(45, 59)",36.85046207379173,True,4.88679622641132,1.0
42,Auction,V2,"(20, 23)",21.66326566020954,False,0.0,4.0
42,Auction,V3,"(18, 70)",8.244477849321626,True,5.844813951249542,1.0
42,Auction,V4,"(92, 30)",13.533988614812614,True,11.981470036162818,1.0
42,Auction,V5,"(64, 24)",53.93792810227633,True,0.5,1.0
42,Auction,V6,"(66, 85)",29.617217781462685,True,12.375,1.0
42,Auction,V7,"(50, 0)",33.88099761136239,True,8.943067215533635,1.0
42,Auction,V8,"(49, 23)",29.071764340792452,True,5.527400858993449,1.0
42,Auction,V9,"(79, 7)",1.4840464854481326,True,16.505554869853796,1.0
42,Auction,V10,"(46, 44)",6.768204560841124,True,15.576510072581993,1.0
42,Q-Learning,V1,"(92, 30)",34.38931164398183,True,7.347946656221225,1.0
42,Q-Learning,V2,"(18, 70)",1.2060385750024665,True,18.68962790249909,2.0
42,Q-Learning,V3,"(1, 8)",6.103776244316094,True,10.034572812303402,3.0
42,Q-Learning,V4,"(64, 24)",19.56843729069588,True,7.333333333333332,2.0
42,Q-Learning,V5,"(100, 37)",27.180010322590505,True,27.00390529679106,1.0
42,Q-Learning,V6,"(66, 85)",29.617217781462685,True,12.375,1.0
42,Q-Learning,V7,"(79, 7)",40.1512190748439,True,2.672845752052126,1.0
42,Q-Learning,V8,"(49, 23)",29.071764340792452,True,6.527400858993449,2.0
42,Q-Learning,V9,"(45, 59)",1.9033490269995283,True,17.0862523283024,2.0
42,Q-Learning,V10,"(72, 91)",24.37700289173726,True,0.8908725099762513,4.0
43,Greedy,V1,"(45, 72)",28.322463751930698,True,12.414794548272354,1.0
43,Greedy,V2,"(19, 72)",9.575411836865914,True,17.036923425424945,10.0
43,Greedy,V3,"(37, 67)",7.488122299910252,True,5.601169500660916,1.0
43,Greedy,V4,"(77, 58)",10.17510612578127,True,14.671873729054745,1.0
43,Greedy,V5,"(82, 37)",50.887027274482705,True,2.5509008277936296,1.0
43,Greedy,V6,"(59, 92)",24.059505469531658,True,16.932712311931027,1.0
43,Greedy,V7,"(60, 27)",39.883175048572106,True,1.9408897783239212,1.0
43,Greedy,V8,"(37, 53)",17.278152300328234,True,15.795864942652717,1.0
43,Greedy,V9,"(82, 85)",7.01417649592824,True,9.975424859373689,1.0
43,Greedy,V10,"(89, 20)",0.5423124259734351,True,20.80240220744968,1.0
43,Auction,V1,"(45, 59)",36.85046207379173,True,3.8867962264113203,1.0
43,Auction,V2,"(20, 23)",21.66326566020954,False,0.0,5.0
43,Auction,V3,"(18, 70)",8.244477849321626,True,4.844813951249542,1.0
43,Auction,V4,"(92, 30)",13.533988614812614,True,10.981470036162818,1.0
43,Auction,V5,"(64, 24)",53.93792810227633,True,0.0,1.0
43,Auction,V6,"(66, 85)",29.617217781462685,True,11.375,1.0
43,Auction,V7,"(50, 0)",33.88099761136239,True,7.943067215533635,1.0
43,Auction,V8,"(49, 23)",29.071764340792452,True,4.527400858993449,1.0
43,Auction,V9,"(79, 7)",1.4840464854481326,True,15.505554869853796,1.0
43,Auction,V10,"(46, 44)",6.768204560841124,True,14.576510072581993,1.0
43,Q-Learning,V1,"(92, 30)",34.38931164398183,True,6.347946656221225,1.0
43,Q-Learning,V2,"(18, 70)",1.2060385750024665,True,17.68962790249909,2.0
43,Q-Learning,V3,"(1, 8)",6.103776244316094,True,9.034572812303402,3.0
43,Q-Learning,V4,"(64, 24)",19.56843729069588,True,6.333333333333332,2.0
43,Q-Learning,V5,"(100, 37)",27.180010322590505,True,26.00390529679106,1.0
43,Q-Learning,V6,"(66, 85)",29.617217781462685,True,11.375,1.0
43,Q-Learning,V7,"(79, 7)",40.1512190748439,True,1.672845752052126,1.0
43,Q-Learning,V8,"(49, 23)",29.071764340792452,True,5.527400858993449,2.0
43,Q-Learning,V9,"(45, 59)",1.9033490269995283,True,16.0862523283024,2.0
43,Q-Learning,V10,"(72, 91)",24.37700289173726,True,0.0,4.0
44,Greedy,V1,"(45, 72)",28.322463751930698,True,11.414794548272354,1.0
44,Greedy,V2,"(19, 72)",9.575411836865914,True,16.036923425424945,10.0
44,Greedy,V3,"(37, 67)",7.488122299910252,True,4.601169500660916,1.0
44,Greedy,V4,"(77, 58)",10.17510612578127,True,13.671873729054745,1.0
44,Greedy,V5,"(82, 37)",50.887027274482705,True,1.5509008277936296,1.0
44,Greedy,V6,"(59, 92)",24.059505469531658,True,15.932712311931027,1.0
44,Greedy,V7,"(60, 27)",39.883175048572106,True,0.9408897783239212,1.0
44,Greedy,V8,"(37, 53)",17.278152300328234,True,14.795864942652717,1.0
44,Greedy,V9,"(82, 85)",7.01417649592824,True,8.975424859373689,1.0
44,Greedy,V10,"(89, 20)",0.5423124259734351,True,19.80240220744968,1.0
44,Auction,V1,"(45, 59)",36.85046207379173,True,2.8867962264113203,1.0
44,Auction,V2,"(20, 23)",21.66326566020954,False,0.0,6.0
44,Auction,V3,"(18, 70)",8.244477849321626,True,3.8448139512495416,1.0
44,Auction,V4,"(92, 30)",13.533988614812614,True,9.981470036162818,1.0
44,Auction,V5,"(35, 42)",17.404904019338325,True,35.533024082938006,1.0
44,Auction,V6,"(66, 85)",29.617217781462685,True,10.375,1.0
44,Auction,V7,"(50, 0)",33.88099761136239,True,6.943067215533635,1.0
44,Auction,V8,"(49, 23)",29.071764340792452,True,3.527400858993449,1.0
44,Auction,V9,"(79, 7)",1.4840464854481326,True,14.505554869853796,1.0
44,Auction,V10,"(46, 44)",6.768204560841124,True,13.576510072581993,1.0
44,Q-Learning,V1,"(92, 30)",34.38931164398183,True,5.347946656221225,1.0
44,Q-Learning,V2,"(18, 70)",1.2060385750024665,True,16.68962790249909,2.0
44,Q-Learning,V3,"(1, 8)",6.103776244316094,True,8.034572812303402,3.0
44,Q-Learning,V4,"(64, 24)",19.56843729069588,True,5.333333333333332,2.0
44,Q-Learning,V5,"(100, 37)",27.180010322590505,True,25.00390529679106,1.0
44,Q-Learning,V6,"(66, 85)",29.617217781462685,True,10.375,1.0
44,Q-Learning,V7,"(79, 7)",40.1512190748439,True,0.672845752052126,1.0
44,Q-Learning,V8,"(49, 23)",29.071764340792452,True,4.527400858993449,2.0
44,Q-Learning,V9,"(45, 59)",1.9033490269995283,True,15.0862523283024,2.0
44,Q-Learning,V10,"(79, 95)",2.0332932670208343,True,21.343709624716425,4.0
45,Greedy,V1,"(45, 72)",28.322463751930698,True,10.414794548272354,1.0
45,Greedy,V2,"(19, 72)",9.575411836865914,True,15.036923425424945,10.0
45,Greedy,V3,"(37, 67)",7.488122299910252,True,3.601169500660916,1.0
45,Greedy,V4,"(77, 58)",10.17510612578127,True,12.671873729054745,1.0
45,Greedy,V5,"(82, 37)",50.887027274482705,True,0.5509008277936296,1.0
45,Greedy,V6,"(59, 92)",24.059505469531658,True,14.932712311931027,1.0
45,Greedy,V7,"(60, 27)",39.883175048572106,True,0.0,1.0
45,Greedy,V8,"(37, 53)",17.278152300328234,True,13.795864942652717,1.0
45,Greedy,V9,"(82, 85)",7.01417649592824,True,7.975424859373689,1.0
45,Greedy,V10,"(89, 20)",0.5423124259734351,True,18.80240220744968,1.0
45,Auction,V1,"(45, 59)",36.85046207379173,True,1.8867962264113203,1.0
45,Auction,V2,"(20, 23)",21.66326566020954,False,0.0,7.0
45,Auction,V3,"(18, 70)",8.244477849321626,True,2.8448139512495416,1.0
45,Auction,V4,"(92, 30)",13.533988614812614,True,8.981470036162818,1.0
45,Auction,V5,"(35, 42)",17.404904019338325,True,34.533024082938006,1.0
45,Auction,V6,"(66, 85)",29.617217781462685,True,9.375,1.0
45,Auction,V7,"(50, 0)",33.88099761136239,True,5.943067215533635,1.0
45,Auction,V8,"(49, 23)",29.071764340792452,True,2.527400858993449,1.0
45,Auction,V9,"(79, 7)",1.4840464854481326,True,13.505554869853796,1.0
45,Auction,V10,"(46, 44)",6.768204560841124,True,12.576510072581993,1.0
45,Q-Learning,V1,"(92, 30)",34.38931164398183,True,4.347946656221225,1.0
45,Q-Learning,V2,"(18, 70)",1.2060385750024665,True,15.68962790249909,2.0
45,Q-Learning,V3,"(1, 8)",6.103776244316094,True,7.034572812303402,3.0
45,Q-Learning,V4,"(64, 24)",19.56843729069588,True,4.333333333333332,2.0
45,Q-Learning,V5,"(100, 37)",27.180010322590505,True,24.00390529679106,1.0
45,Q-Learning,V6,"(66, 85)",29.617217781462685,True,9.375,1.0
45,Q-Learning,V7,"(79, 7)",40.1512190748439,True,0.0,1.0
45,Q-Learning,V8,"(49, 23)",29.071764340792452,True,3.527400858993449,2.0
45,Q-Learning,V9,"(45, 59)",1.9033490269995283,True,14.0862523283024,2.0
45,Q-Learning,V10,"(79, 95)",2.0332932670208343,True,20.343709624716425,4.0
46,Greedy,V1,"(45, 72)",28.322463751930698,True,9.414794548272354,1.0
46,Greedy,V2,"(19, 72)",9.575411836865914,True,14.036923425424945,10.0
46,Greedy,V3,"(37, 67)",7.488122299910252,True,2.601169500660916,1.0
46,Greedy,V4,"(77, 58)",10.17510612578127,True,11.671873729054745,1.0
46,Greedy,V5,"(82, 37)",50.887027274482705,True,0.0,1.0
46,Greedy,V6,"(59, 92)",24.059505469531658,True,13.932712311931027,1.0
46,Greedy,V7,"(60, 27)",2.024880192613537,True,36.85829485595857,1.0
46,Greedy,V8,"(37, 53)",17.278152300328234,True,12.795864942652717,1.0
46,Greedy,V9,"(82, 85)",7.01417649592824,True,6.975424859373689,1.0
46,Greedy,V10,"(89, 20)",0.5423124259734351,True,17.80240220744968,1.0
46,Auction,V1,"(45, 59)",36.85046207379173,True,0.8867962264113203,1.0
46,Auction,V2,"(20, 23)",21.66326566020954,False,0.0,8.0
46,Auction,V3,"(18, 70)",8.244477849321626,True,1.8448139512495416,1.0
46,Auction,V4,"(92, 30)",13.533988614812614,True,7.981470036162818,1.0
46,Auction,V5,"(35, 42)",17.404904019338325,True,33.533024082938006,1.0
46,Auction,V6,"(66, 85)",29.617217781462685,True,8.375,1.0
46,Auction,V7,"(50, 0)",33.88099761136239,True,4.943067215533635,1.0
46,Auction,V8,"(49, 23)",29.071764340792452,True,1.527400858993449,1.0
46,Auction,V9,"(79, 7)",1.4840464854481326,True,12.505554869853796,1.0
46,Auction,V10,"(46, 44)",6.768204560841124,True,11.576510072581993,1.0
46,Q-Learning,V1,"(92, 30)",34.38931164398183,True,3.3479466562212252,1.0
46,Q-Learning,V2,"(18, 70)",1.2060385750024665,True,14.68962790249909,2.0
46,Q-Learning,V3,"(1, 8)",6.103776244316094,True,6.034572812303402,3.0
46,Q-Learning,V4,"(64, 24)",19.56843729069588,True,3.333333333333332,2.0
46,Q-Learning,V5,"(100, 37)",27.180010322590505,True,23.00390529679106,1.0
46,Q-Learning,V6,"(66, 85)",29.617217781462685,True,8.375,1.0
46,Q-Learning,V7,"(50, 0)",11.889380820507817,True,27.261838254336084,1.0
46,Q-Learning,V8,"(49, 23)",29.071764340792452,True,2.527400858993449,2.0
46,Q-Learning,V9,"(45, 59)",1.9033490269995283,True,13.0862523283024,2.0
46,Q-Learning,V10,"(79, 95)",2.0332932670208343,True,19.343709624716425,4.0
47,Greedy,V1,"(45, 72)",28.322463751930698,True,8.414794548272354,1.0
47,Greedy,V2,"(19, 72)",9.575411836865914,True,13.036923425424945,10.0
47,Greedy,V3,"(37, 67)",7.488122299910252,True,1.601169500660916,1.0
47,Greedy,V4,"(77, 58)",10.17510612578127,True,10.671873729054745,1.0
47,Greedy,V5,"(82, 37)",5.866725078961281,True,44.020302195521424,1.0
47,Greedy,V6,"(59, 92)",24.059505469531658,True,12.932712311931027,1.0
47,Greedy,V7,"(60, 27)",2.024880192613537,True,35.85829485595857,1.0
47,Greedy,V8,"(37, 53)",17.278152300328234,True,11.795864942652717,1.0
47,Greedy,V9,"(82, 85)",7.01417649592824,True,5.975424859373689,1.0
47,Greedy,V10,"(89, 20)",0.5423124259734351,True,16.80240220744968,1.0
47,Auction,V1,"(45, 59)",36.85046207379173,True,0.0,1.0
47,Auction,V2,"(20, 23)",21.66326566020954,False,0.0,9.0
47,Auction,V3,"(18, 70)",8.244477849321626,True,0.8448139512495416,1.0
47,Auction,V4,"(92, 30)",13.533988614812614,True,6.981470036162818,1.0
47,Auction,V5,"(35, 42)",17.404904019338325,True,32.533024082938006,1.0
47,Auction,V6,"(66, 85)",29.617217781462685,True,7.375,1.0
47,Auction,V7,"(50, 0)",33.88099761136239,True,3.9430672155336346,1.0
47,Auction,V8,"(49, 23)",29.071764340792452,True,0.5274008589934489,1.0
47,Auction,V9,"(79, 7)",1.4840464854481326,True,11.505554869853796,1.0
47,Auction,V10,"(46, 44)",6.768204560841124,True,10.576510072581993,1.0
47,Q-Learning,V1,"(92, 30)",34.38931164398183,True,2.3479466562212252,1.0
47,Q-Learning,V2,"(18, 70)",1.2060385750024665,True,13.68962790249909,2.0
47,Q-Learning,V3,"(1, 8)",6.103776244316094,True,5.034572812303402,3.0
47,Q-Learning,V4,"(64, 24)",19.56843729069588,True,2.333333333333332,2.0
47,Q-Learning,V5,"(100, 37)",27.180010322590505,True,22.00390529679106,1.0
47,Q-Learning,V6,"(66, 85)",29.617217781462685,True,7.375,1.0
47,Q-Learning,V7,"(50, 0)",11.889380820507817,True,26.261838254336084,1.0
47,Q-Learning,V8,"(49, 23)",29.071764340792452,True,1.527400858993449,2.0
47,Q-Learning,V9,"(45, 59)",1.9033490269995283,True,12.0862523283024,2.0
47,Q-Learning,V10,"(79, 95)",2.0332932670208343,True,18.343709624716425,4.0
48,Greedy,V1,"(45, 72)",28.322463751930698,True,7.414794548272354,1.0
48,Greedy,V2,"(19, 72)",9.575411836865914,True,12.036923425424945,10.0
48,Greedy,V3,"(37, 67)",7.488122299910252,True,0.6011695006609159,1.0
48,Greedy,V4,"(77, 58)",10.17510612578127,True,9.671873729054745,1.0
48,Greedy,V5,"(82, 37)",5.866725078961281,True,43.020302195521424,1.0
48,Greedy,V6,"(59, 92)",24.059505469531658,True,11.932712311931027,1.0
48,Greedy,V7,"(60, 27)",2.024880192613537,True,34.85829485595857,1.0
48,Greedy,V8,"(37, 53)",17.278152300328234,True,10.795864942652717,1.0
48,Greedy,V9,"(82, 85)",7.01417649592824,True,4.975424859373689,1.0
48,Greedy,V10,"(89, 20)",0.5423124259734351,True,15.802402207449681,1.0
48,Auction,V1,"(11, 65)",0.9453914731389048,True,34.90507060065283,1.0
48,Auction,V2,"(20, 23)",21.66326566020954,False,0.0,10.0
48,Auction,V3,"(18, 70)",8.244477849321626,True,0.0,1.0
48,Auction,V4,"(92, 30)",13.533988614812614,True,5.981470036162818,1.0
48,Auction,V5,"(35, 42)",17.404904019338325,True,31.533024082938006,1.0
48,Auction,V6,"(66, 85)",29.617217781462685,True,6.375,1.0
48,Auction,V7,"(50, 0)",33.88099761136239,True,2.9430672155336346,1.0
48,Auction,V8,"(49, 23)",29.071764340792452,True,0.0,1.0
48,Auction,V9,"(79, 7)",1.4840464854481326,True,10.505554869853796,1.0
48,Auction,V10,"(46, 44)",6.768204560841124,True,9.576510072581993,1.0
48,Q-Learning,V1,"(92, 30)",34.38931164398183,True,1.3479466562212252,1.0
48,Q-Learning,V2,"(18, 70)",1.2060385750024665,True,12.68962790249909,2.0
48,Q-Learning,V3,"(1, 8)",6.103776244316094,True,4.034572812303402,3.0
48,Q-Learning,V4,"(64, 24)",19.56843729069588,True,1.3333333333333321,2.0
48,Q-Learning,V5,"(100, 37)",27.180010322590505,True,21.00390529679106,1.0
48,Q-Learning,V6,"(66, 85)",29.617217781462685,True,6.375,1.0
48,Q-Learning,V7,"(50, 0)",11.889380820507817,True,25.261838254336084,1.0
48,Q-Learning,V8,"(49, 23)",29.071764340792452,True,0.5274008589934489,2.0
48,Q-Learning,V9,"(45, 59)",1.9033490269995283,True,11.0862523283024,2.0
48,Q-Learning,V10,"(79, 95)",2.0332932670208343,True,17.343709624716425,4.0
49,Greedy,V1,"(45, 72)",28.322463751930698,True,6.414794548272354,1.0
49,Greedy,V2,"(19, 72)",9.575411836865914,True,11.036923425424945,10.0
49,Greedy,V3,"(37, 67)",7.488122299910252,True,0.0,1.0
49,Greedy,V4,"(77, 58)",10.17510612578127,True,8.671873729054745,1.0
49,Greedy,V5,"(82, 37)",5.866725078961281,True,42.020302195521424,1.0
49,Greedy,V6,"(59, 92)",24.059505469531658,True,10.932712311931027,1.0
49,Greedy,V7,"(60, 27)",2.024880192613537,True,33.85829485595857,1.0
49,Greedy,V8,"(37, 53)",17.278152300328234,True,9.795864942652717,1.0
49,Greedy,V9,"(82, 85)",7.01417649592824,True,3.975424859373689,1.0
49,Greedy,V10,"(89, 20)",0.5423124259734351,True,14.802402207449681,1.0
49,Auction,V1,"(11, 65)",0.9453914731389048,True,33.90507060065283,1.0
49,Auction,V2,"(20, 23)",21.66326566020954,False,0.0,11.0
49,Auction,V3,"(18, 70)",8.244477849321626,False,0.0,2.0
49,Auction,V4,"(92, 30)",13.533988614812614,True,4.981470036162818,1.0
49,Auction,V5,"(35, 42)",17.404904019338325,True,30.533024082938006,1.0
49,Auction,V6,"(66, 85)",29.617217781462685,True,5.375,1.0
49,Auction,V7,"(50, 0)",33.88099761136239,True,1.9430672155336346,1.0
49,Auction,V8,"(42, 40)",2.4453677249567036,True,25.62639661583575,1.0
49,Auction,V9,"(79, 7)",1.4840464854481326,True,9.505554869853796,1.0
49,Auction,V10,"(46, 44)",6.768204560841124,True,8.576510072581993,1.0
49,Q-Learning,V1,"(92, 30)",34.38931164398183,True,0.3479466562212252,1.0
49,Q-Learning,V2,"(18, 70)",1.2060385750024665,True,11.68962790249909,2.0
49,Q-Learning,V3,"(1, 8)",6.103776244316094,True,3.034572812303402,3.0
49,Q-Learning,V4,"(64, 24)",19.56843729069588,True,0.33333333333333215,2.0
49,Q-Learning,V5,"(100, 37)",27.180010322590505,True,20.00390529679106,1.0
49,Q-Learning,V6,"(66, 85)",29.617217781462685,True,5.375,1.0
49,Q-Learning,V7,"(50, 0)",11.889380820507817,True,24.261838254336084,1.0
49,Q-Learning,V8,"(49, 23)",29.071764340792452,True,0.0,2.0
49,Q-Learning,V9,"(45, 59)",1.9033490269995283,True,10.0862523283024,2.0
49,Q-Learning,V10,"(79, 95)",2.0332932670208343,True,16.343709624716425,4.0
50,Greedy,V1,"(45, 72)",28.322463751930698,True,5.414794548272354,1.0
50,Greedy,V2,"(19, 72)",9.575411836865914,True,10.036923425424945,10.0
50,Greedy,V3,"(37, 67)",7.488122299910252,False,0.0,2.0
50,Greedy,V4,"(77, 58)",10.17510612578127,True,7.671873729054745,1.0
50,Greedy,V5,"(82, 37)",5.866725078961281,True,41.020302195521424,1.0
50,Greedy,V6,"(59, 92)",24.059505469531658,True,9.932712311931027,1.0
50,Greedy,V7,"(60, 27)",2.024880192613537,True,32.85829485595857,1.0
50,Greedy,V8,"(37, 53)",17.278152300328234,True,8.795864942652717,1.0
50,Greedy,V9,"(82, 85)",7.01417649592824,True,2.975424859373689,1.0
50,Greedy,V10,"(89, 20)",0.5423124259734351,True,13.802402207449681,1.0
50,Auction,V1,"(11, 65)",0.9453914731389048,True,32.90507060065283,1.0
50,Auction,V2,"(20, 23)",21.66326566020954,False,0.0,12.0
50,Auction,V3,"(18, 70)",8.244477849321626,False,0.0,3.0
50,Auction,V4,"(92, 30)",13.533988614812614,True,3.9814700361628184,1.0
50,Auction,V5,"(35, 42)",17.404904019338325,True,29.533024082938006,1.0
50,Auction,V6,"(66, 85)",29.617217781462685,True,4.375,1.0
50,Auction,V7,"(50, 0)",33.88099761136239,True,0.9430672155336346,1.0
50,Auction,V8,"(42, 40)",2.4453677249567036,True,24.62639661583575,1.0
50,Auction,V9,"(79, 7)",1.4840464854481326,True,8.505554869853796,1.0
50,Auction,V10,"(46, 44)",6.768204560841124,True,7.576510072581993,1.0
50,Q-Learning,V1,"(92, 30)",34.38931164398183,True,0.0,1.0
50,Q-Learning,V2,"(18, 70)",1.2060385750024665,True,10.68962790249909,2.0
50,Q-Learning,V3,"(1, 8)",6.103776244316094,True,2.034572812303402,3.0
50,Q-Learning,V4,"(64, 24)",19.56843729069588,True,0.0,2.0
50,Q-Learning,V5,"(100, 37)",27.180010322590505,True,19.00390529679106,1.0
50,Q-Learning,V6,"(66, 85)",29.617217781462685,True,4.375,1.0
50,Q-Learning,V7,"(50, 0)",11.889380820507817,True,23.261838254336084,1.0
50,Q-Learning,V8,"(46, 44)",6.041306707135821,True,22.03045763365663,2.0
50,Q-Learning,V9,"(45, 59)",1.9033490269995283,True,9.0862523283024,2.0
50,Q-Learning,V10,"(79, 95)",2.0332932670208343,True,15.343709624716425,4.0
51,Greedy,V1,"(45, 72)",28.322463751930698,True,4.414794548272354,1.0
51,Greedy,V2,"(19, 72)",9.575411836865914,True,9.036923425424945,10.0
51,Greedy,V3,"(37, 67)",7.488122299910252,False,0.0,3.0
51,Greedy,V4,"(77, 58)",10.17510612578127,True,6.671873729054745,1.0
51,Greedy,V5,"(82, 37)",5.866725078961281,True,40.020302195521424,1.0
51,Greedy,V6,"(59, 92)",24.059505469531658,True,8.932712311931027,1.0
51,Greedy,V7,"(60, 27)",2.024880192613537,True,31.85829485595857,1.0
51,Greedy,V8,"(37, 53)",17.278152300328234,True,7.795864942652717,1.0
51,Greedy,V9,"(82, 85)",7.01417649592824,True,1.975424859373689,1.0
51,Greedy,V10,"(89, 20)",0.5423124259734351,True,12.802402207449681,1.0
51,Auction,V1,"(11, 65)",0.9453914731389048,True,31.905070600652827,1.0
51,Auction,V2,"(20, 23)",21.66326566020954,False,0.0,13.0
51,Auction,V3,"(18, 70)",8.244477849321626,False,0.0,4.0
51,Auction,V4,"(92, 30)",13.533988614812614,True,2.9814700361628184,1.0
51,Auction,V5,"(35, 42)",17.404904019338325,True,28.533024082938006,1.0
51,Auction,V6,"(66, 85)",29.617217781462685,True,3.375,1.0
51,Auction,V7,"(50, 0)",33.88099761136239,True,0.0,1.0
51,Auction,V8,"(42, 40)",2.4453677249567036,True,23.62639661583575,1.0
51,Auction,V9,"(79, 7)",1.4840464854481326,True,7.505554869853796,1.0
51,Auction,V10,"(46, 44)",6.768204560841124,True,6.576510072581993,1.0
51,Q-Learning,V1,"(98, 16)",16.343002401636262,True,17.046309242345565,1.0
51,Q-Learning,V2,"(18, 70)",1.2060385750024665,True,9.68962790249909,2.0
51,Q-Learning,V3,"(1, 8)",6.103776244316094,True,1.0345728123034021,3.0
51,Q-Learning,V4,"(64, 24)",19.56843729069588,False,0.0,3.0
51,Q-Learning,V5,"(100, 37)",27.180010322590505,True,18.00390529679106,1.0
51,Q-Learning,V6,"(66, 85)",29.617217781462685,True,3.375,1.0
51,Q-Learning,V7,"(50, 0)",11.889380820507817,True,22.261838254336084,1.0
51,Q-Learning,V8,"(46, 44)",6.041306707135821,True,21.03045763365663,2.0
51,Q-Learning,V9,"(45, 59)",1.9033490269995283,True,8.0862523283024,2.0
51,Q-Learning,V10,"(79, 95)",2.0332932670208343,True,14.343709624716425,4.0
52,Greedy,V1,"(45, 72)",28.322463751930698,True,3.4147945482723543,1.0
52,Greedy,V2,"(19, 72)",9.575411836865914,True,8.036923425424945,10.0
52,Greedy,V3,"(37, 67)",7.488122299910252,False,0.0,4.0
52,Greedy,V4,"(77, 58)",10.17510612578127,True,5.671873729054745,1.0
52,Greedy,V5,"(82, 37)",5.866725078961281,True,39.020302195521424,1.0
52,Greedy,V6,"(59, 92)",24.059505469531658,True,7.932712311931027,1.0
52,Greedy,V7,"(60, 27)",2.024880192613537,True,30.85829485595857,1.0
52,Greedy,V8,"(37, 53)",17.278152300328234,True,6.795864942652717,1.0
52,Greedy,V9,"(82, 85)",7.01417649592824,True,0.975424859373689,1.0
52,Greedy,V10,"(89, 20)",0.5423124259734351,True,11.802402207449681,1.0
52,Auction,V1,"(11, 65)",0.9453914731389048,True,30.905070600652827,1.0
52,Auction,V2,"(20, 23)",21.66326566020954,False,0.0,14.0
52,Auction,V3,"(18, 70)",8.244477849321626,False,0.0,5.0
52,Auction,V4,"(92, 30)",13.533988614812614,True,1.9814700361628184,1.0
52,Auction,V5,"(35, 42)",17.404904019338325,True,27.533024082938006,1.0
52,Auction,V6,"(66, 85)",29.617217781462685,True,2.375,1.0
52,Auction,V7,"(98, 16)",11.652934388120379,True,21.22806322324201,1.0
52,Auction,V8,"(42, 40)",2.4453677249567036,True,22.62639661583575,1.0
52,Auction,V9,"(79, 7)",1.4840464854481326,True,6.505554869853796,1.0
52,Auction,V10,"(46, 44)",6.768204560841124,True,5.576510072581993,1.0
52,Q-Learning,V1,"(98, 16)",16.343002401636262,True,16.046309242345565,1.0
52,Q-Learning,V2,"(18, 70)",1.2060385750024665,True,8.68962790249909,2.0
52,Q-Learning,V3,"(1, 8)",6.103776244316094,True,0.034572812303402145,3.0
52,Q-Learning,V4,"(64, 24)",19.56843729069588,False,0.0,4.0
52,Q-Learning,V5,"(100, 37)",27.180010322590505,True,17.00390529679106,1.0
52,Q-Learning,V6,"(66, 85)",29.617217781462685,True,2.375,1.0
52,Q-Learning,V7,"(50, 0)",11.889380820507817,True,21.261838254336084,1.0
52,Q-Learning,V8,"(46, 44)",6.041306707135821,True,20.03045763365663,2.0
52,Q-Learning,V9,"(45, 59)",1.9033490269995283,True,7.0862523283024,2.0
52,Q-Learning,V10,"(79, 95)",2.0332932670208343,True,13.343709624716425,4.0
53,Greedy,V1,"(45, 72)",28.322463751930698,True,2.4147945482723543,1.0
53,Greedy,V2,"(19, 72)",9.575411836865914,True,7.036923425424945,10.0
53,Greedy,V3,"(37, 67)",7.488122299910252,False,0.0,5.0
53,Greedy,V4,"(77, 58)",10.17510612578127,True,4.671873729054745,1.0
53,Greedy,V5,"(82, 37)",5.866725078961281,True,38.020302195521424,1.0
53,Greedy,V6,"(59, 92)",24.059505469531658,True,6.932712311931027,1.0
53,Greedy,V7,"(60, 27)",2.024880192613537,True,29.85829485595857,1.0
53,Greedy,V8,"(37, 53)",17.278152300328234,True,5.795864942652717,1.0
53,Greedy,V9,"(82, 85)",7.01417649592824,True,0.0,1.0
53,Greedy,V10,"(89, 20)",0.5423124259734351,True,10.802402207449681,1.0
53,Auction,V1,"(11, 65)",0.9453914731389048,True,29.905070600652827,1.0
53,Auction,V2,"(20, 23)",21.66326566020954,False,0.0,15.0
53,Auction,V3,"(18, 70)",8.244477849321626,False,0.0,6.0
53,Auction,V4,"(92, 30)",13.533988614812614,True,0.9814700361628184,1.0
53,Auction,V5,"(35, 42)",17.404904019338325,True,26.533024082938006,1.0
53,Auction,V6,"(66, 85)",29.617217781462685,True,1.375,1.0
53,Auction,V7,"(98, 16)",11.652934388120379,True,20.22806322324201,1.0
53,Auction,V8,"(42, 40)",2.4453677249567036,True,21.62639661583575,1.0
53,Auction,V9,"(79, 7)",1.4840464854481326,True,5.505554869853796,1.0
53,Auction,V10,"(46, 44)",6.768204560841124,True,4.576510072581993,1.0
53,Q-Learning,V1,"(98, 16)",16.343002401636262,True,15.046309242345565,1.0
53,Q-Learning,V2,"(18, 70)",1.2060385750024665,True,7.68962790249909,2.0
53,Q-Learning,V3,"(1, 8)",6.103776244316094,True,0.0,3.0
53,Q-Learning,V4,"(64, 24)",19.56843729069588,False,0.0,5.0
53,Q-Learning,V5,"(100, 37)",27.180010322590505,True,16.00390529679106,1.0
53,Q-Learning,V6,"(66, 85)",29.617217781462685,True,1.375,1.0
53,Q-Learning,V7,"(50, 0)",11.889380820507817,True,20.261838254336084,1.0
53,Q-Learning,V8,"(46, 44)",6.041306707135821,True,19.03045763365663,2.0
53,Q-Learning,V9,"(45, 59)",1.9033490269995283,True,6.0862523283024,2.0
53,Q-Learning,V10,"(79, 95)",2.0332932670208343,True,12.343709624716425,4.0
54,Greedy,V1,"(45, 72)",28.322463751930698,True,1.4147945482723543,1.0
54,Greedy,V2,"(19, 72)",9.575411836865914,True,6.036923425424945,10.0
54,Greedy,V3,"(37, 67)",7.488122299910252,False,0.0,6.0
54,Greedy,V4,"(77, 58)",10.17510612578127,True,3.671873729054745,1.0
54,Greedy,V5,"(82, 37)",5.866725078961281,True,37.020302195521424,1.0
54,Greedy,V6,"(59, 92)",24.059505469531658,True,5.932712311931027,1.0
54,Greedy,V7,"(60, 27)",2.024880192613537,True,28.85829485595857,1.0
54,Greedy,V8,"(37, 53)",17.278152300328234,True,4.795864942652717,1.0
54,Greedy,V9,"(82, 85)",7.01417649592824,False,0.0,2.0
54,Greedy,V10,"(89, 20)",0.5423124259734351,True,9.802402207449681,1.0
54,Auction,V1,"(11, 65)",0.9453914731389048,True,28.905070600652827,1.0
54,Auction,V2,"(20, 23)",21.66326566020954,False,0.0,16.0
54,Auction,V3,"(18, 70)",8.244477849321626,False,0.0,7.0
54,Auction,V4,"(92, 30)",13.533988614812614,True,0.0,1.0
54,Auction,V5,"(35, 42)",17.404904019338325,True,25.533024082938006,1.0
54,Auction,V6,"(66, 85)",29.617217781462685,True,0.375,1.0
54,Auction,V7,"(98, 16)",11.652934388120379,True,19.22806322324201,1.0
54,Auction,V8,"(42, 40)",2.4453677249567036,True,20.62639661583575,1.0
54,Auction,V9,"(79, 7)",1.4840464854481326,True,4.505554869853796,1.0
54,Auction,V10,"(46, 44)",6.768204560841124,True,3.5765100725819927,1.0
54,Q-Learning,V1,"(98, 16)",16.343002401636262,True,14.046309242345565,1.0
54,Q-Learning,V2,"(18, 70)",1.2060385750024665,True,6.68962790249909,2.0
54,Q-Learning,V3,"(1, 8)",6.103776244316094,False,0.0,4.0
54,Q-Learning,V4,"(64, 24)",19.56843729069588,False,0.0,6.0
54,Q-Learning,V5,"(100, 37)",27.180010322590505,True,15.00390529679106,1.0
54,Q-Learning,V6,"(66, 85)",29.617217781462685,True,0.375,1.0
54,Q-Learning,V7,"(50, 0)",11.889380820507817,True,19.261838254336084,1.0
54,Q-Learning,V8,"(46, 44)",6.041306707135821,True,18.03045763365663,2.0
54,Q-Learning,V9,"(45, 59)",1.9033490269995283,True,5.0862523283024,2.0
54,Q-Learning,V10,"(79, 95)",2.0332932670208343,True,11.343709624716425,4.0
55,Greedy,V1,"(45, 72)",28.322463751930698,True,0.4147945482723543,1.0
55,Greedy,V2,"(19, 72)",9.575411836865914,True,5.036923425424945,10.0
55,Greedy,V3,"(37, 67)",7.488122299910252,False,0.0,7.0
55,Greedy,V4,"(77, 58)",10.17510612578127,True,2.671873729054745,1.0
55,Greedy,V5,"(82, 37)",5.866725078961281,True,36.020302195521424,1.0
55,Greedy,V6,"(59, 92)",24.059505469531658,True,4.932712311931027,1.0
55,Greedy,V7,"(60, 27)",2.024880192613537,True,27.85829485595857,1.0
55,Greedy,V8,"(37, 53)",17.278152300328234,True,3.7958649426527167,1.0
55,Greedy,V9,"(82, 85)",7.01417649592824,False,0.0,3.0
55,Greedy,V10,"(89, 20)",0.5423124259734351,True,8.802402207449681,1.0
55,Auction,V1,"(11, 65)",0.9453914731389048,True,27.905070600652827,1.0
55,Auction,V2,"(20, 23)",21.66326566020954,False,0.0,17.0
55,Auction,V3,"(18, 70)",8.244477849321626,False,0.0,8.0
55,Auction,V4,"(92, 30)",13.533988614812614,False,0.0,2.0
55,Auction,V5,"(35, 42)",17.404904019338325,True,24.533024082938006,1.0
55,Auction,V6,"(66, 85)",29.617217781462685,True,0.0,1.0
55,Auction,V7,"(98, 16)",11.652934388120379,True,18.22806322324201,1.0
55,Auction,V8,"(42, 40)",2.4453677249567036,True,19.62639661583575,1.0
55,Auction,V9,"(79, 7)",1.4840464854481326,True,3.505554869853796,1.0
55,Auction,V10,"(46, 44)",6.768204560841124,True,2.5765100725819927,1.0
55,Q-Learning,V1,"(98, 16)",16.343002401636262,True,13.046309242345565,1.0
55,Q-Learning,V2,"(18, 70)",1.2060385750024665,True,5.68962790249909,2.0
55,Q-Learning,V3,"(1, 8)",6.103776244316094,False,0.0,5.0
55,Q-Learning,V4,"(64, 24)",19.56843729069588,False,0.0,7.0
55,Q-Learning,V5,"(100, 37)",27.180010322590505,True,14.00390529679106,1.0
55,Q-Learning,V6,"(66, 85)",29.617217781462685,True,0.0,1.0
55,Q-Learning,V7,"(50, 0)",11.889380820507817,True,18.261838254336084,1.0
55,Q-Learning,V8,"(46, 44)",6.041306707135821,True,17.03045763365663,2.0
55,Q-Learning,V9,"(45, 59)",1.9033490269995283,True,4.0862523283024,2.0
55,Q-Learning,V10,"(79, 95)",2.0332932670208343,True,10.343709624716425,4.0
56,Greedy,V1,"(45, 72)",28.322463751930698,True,0.0,1.0
56,Greedy,V2,"(19, 72)",9.575411836865914,True,4.036923425424945,10.0
56,Greedy,V3,"(37, 67)",7.488122299910252,False,0.0,8.0
56,Greedy,V4,"(77, 58)",10.17510612578127,True,1.6718737290547452,1.0
56,Greedy,V5,"(82, 37)",5.866725078961281,True,35.020302195521424,1.0
56,Greedy,V6,"(59, 92)",24.059505469531658,True,3.932712311931027,1.0
56,Greedy,V7,"(60, 27)",2.024880192613537,True,26.85829485595857,1.0
56,Greedy,V8,"(37, 53)",17.278152300328234,True,2.7958649426527167,1.0
56,Greedy,V9,"(82, 85)",7.01417649592824,False,0.0,4.0
56,Greedy,V10,"(89, 20)",0.5423124259734351,True,7.802402207449681,1.0
56,Auction,V1,"(11, 65)",0.9453914731389048,True,26.905070600652827,1.0
56,Auction,V2,"(20, 23)",21.66326566020954,False,0.0,18.0
56,Auction,V3,"(18, 70)",8.244477849321626,False,0.0,9.0
56,Auction,V4,"(92, 30)",13.533988614812614,False,0.0,3.0
56,Auction,V5,"(35, 42)",17.404904019338325,True,23.533024082938006,1.0
56,Auction,V6,"(72, 91)",16.556557609682862,True,12.060660171779821,1.0
56,Auction,V7,"(98, 16)",11.652934388120379,True,17.22806322324201,1.0
56,Auction,V8,"(42, 40)",2.4453677249567036,True,18.62639661583575,1.0
56,Auction,V9,"(79, 7)",1.4840464854481326,True,2.505554869853796,1.0
56,Auction,V10,"(46, 44)",6.768204560841124,True,1.5765100725819927,1.0
56,Q-Learning,V1,"(98, 16)",16.343002401636262,True,12.046309242345565,1.0
56,Q-Learning,V2,"(18, 70)",1.2060385750024665,True,4.68962790249909,2.0
56,Q-Learning,V3,"(1, 8)",6.103776244316094,False,0.0,6.0
56,Q-Learning,V4,"(64, 24)",19.56843729069588,False,0.0,8.0
56,Q-Learning,V5,"(100, 37)",27.180010322590505,True,13.00390529679106,1.0
56,Q-Learning,V6,"(62, 78)",2.6094355629253663,True,26.00778221853732,1.0
56,Q-Learning,V7,"(50, 0)",11.889380820507817,True,17.261838254336084,1.0
56,Q-Learning,V8,"(46, 44)",6.041306707135821,True,16.03045763365663,2.0
56,Q-Learning,V9,"(45, 59)",1.9033490269995283,True,3.0862523283024004,2.0
56,Q-Learning,V10,"(79, 95)",2.0332932670208343,True,9.343709624716425,4.0
57,Greedy,V1,"(45, 72)",2.71889346148194,True,24.603570290448758,1.0
57,Greedy,V2,"(19, 72)",9.575411836865914,True,3.036923425424945,10.0
57,Greedy,V3,"(37, 67)",7.488122299910252,False,0.0,9.0
57,Greedy,V4,"(77, 58)",10.17510612578127,True,0.6718737290547452,1.0
57,Greedy,V5,"(82, 37)",5.866725078961281,True,34.020302195521424,1.0
57,Greedy,V6,"(59, 92)",24.059505469531658,True,2.932712311931027,1.0
57,Greedy,V7,"(60, 27)",2.024880192613537,True,25.85829485595857,1.0
57,Greedy,V8,"(37, 53)",17.278152300328234,True,1.7958649426527167,1.0
57,Greedy,V9,"(82, 85)",7.01417649592824,False,0.0,5.0
57,Greedy,V10,"(89, 20)",0.5423124259734351,True,6.802402207449681,1.0
57,Auction,V1,"(11, 65)",0.9453914731389048,True,25.905070600652827,1.0
57,Auction,V2,"(20, 23)",21.66326566020954,False,0.0,19.0
57,Auction,V3,"(18, 70)",8.244477849321626,False,0.0,10.0
57,Auction,V4,"(92, 30)",13.533988614812614,False,0.0,4.0
57,Auction,V5,"(35, 42)",17.404904019338325,True,22.533024082938006,1.0
57,Auction,V6,"(72, 91)",16.556557609682862,True,11.060660171779821,1.0
57,Auction,V7,"(98, 16)",11.652934388120379,True,16.22806322324201,1.0
57,Auction,V8,"(42, 40)",2.4453677249567036,True,17.62639661583575,1.0
57,Auction,V9,"(79, 7)",1.4840464854481326,True,1.5055548698537962,1.0
57,Auction,V10,"(46, 44)",6.768204560841124,True,0.5765100725819927,1.0
57,Q-Learning,V1,"(98, 16)",16.343002401636262,True,11.046309242345565,1.0
57,Q-Learning,V2,"(18, 70)",1.2060385750024665,True,3.6896279024990903,2.0
57,Q-Learning,V3,"(1, 8)",6.103776244316094,False,0.0,7.0
57,Q-Learning,V4,"(64, 24)",19.56843729069588,False,0.0,9.0
57,Q-Learning,V5,"(100, 37)",27.180010322590505,True,12.00390529679106,1.0
57,Q-Learning,V6,"(62, 78)",2.6094355629253663,True,25.00778221853732,1.0
57,Q-Learning,V7,"(50, 0)",11.889380820507817,True,16.261838254336084,1.0
57,Q-Learning,V8,"(46, 44)",6.041306707135821,True,15.030457633656631,2.0
57,Q-Learning,V9,"(45, 59)",1.9033490269995283,True,2.0862523283024004,2.0
57,Q-Learning,V10,"(79, 95)",2.0332932670208343,True,8.343709624716425,4.0
58,Greedy,V1,"(45, 72)",2.71889346148194,True,23.603570290448758,1.0
58,Greedy,V2,"(19, 72)",9.575411836865914,True,2.036923425424945,10.0
58,Greedy,V3,"(37, 67)",7.488122299910252,False,0.0,10.0
58,Greedy,V4,"(77, 58)",10.17510612578127,True,0.0,1.0
58,Greedy,V5,"(82, 37)",5.866725078961281,True,33.020302195521424,1.0
58,Greedy,V6,"(59, 92)",24.059505469531658,True,1.9327123119310272,1.0
58,Greedy,V7,"(60, 27)",2.024880192613537,True,24.85829485595857,1.0
58,Greedy,V8,"(37, 53)",17.278152300328234,True,0.7958649426527167,1.0
58,Greedy,V9,"(82, 85)",7.01417649592824,False,0.0,6.0
58,Greedy,V10,"(89, 20)",0.5423124259734351,True,5.802402207449681,1.0
58,Auction,V1,"(11, 65)",0.9453914731389048,True,24.905070600652827,1.0
58,Auction,V2,"(20, 23)",21.66326566020954,False,0.0,20.0
58,Auction,V3,"(18, 70)",8.244477849321626,False,0.0,11.0
58,Auction,V4,"(92, 30)",13.533988614812614,False,0.0,5.0
58,Auction,V5,"(35, 42)",17.404904019338325,True,21.533024082938006,1.0
58,Auction,V6,"(72, 91)",16.556557609682862,True,10.060660171779821,1.0
58,Auction,V7,"(98, 16)",11.652934388120379,True,15.22806322324201,1.0
58,Auction,V8,"(42, 40)",2.4453677249567036,True,16.62639661583575,1.0
58,Auction,V9,"(79, 7)",1.4840464854481326,True,0.5055548698537962,1.0
58,Auction,V10,"(46, 44)",6.768204560841124,True,0.0,1.0
58,Q-Learning,V1,"(98, 16)",16.343002401636262,True,10.046309242345565,1.0
58,Q-Learning,V2,"(18, 70)",1.2060385750024665,True,2.6896279024990903,2.0
58,Q-Learning,V3,"(1, 8)",6.103776244316094,False,0.0,8.0
58,Q-Learning,V4,"(64, 24)",19.56843729069588,False,0.0,10.0
58,Q-Learning,V5,"(100, 37)",27.180010322590505,True,11.00390529679106,1.0
58,Q-Learning,V6,"(62, 78)",2.6094355629253663,True,24.00778221853732,1.0
58,Q-Learning,V7,"(50, 0)",11.889380820507817,True,15.261838254336084,1.0
58,Q-Learning,V8,"(46, 44)",6.041306707135821,True,14.030457633656631,2.0
58,Q-Learning,V9,"(45, 59)",1.9033490269995283,True,1.0862523283024004,2.0
58,Q-Learning,V10,"(79, 95)",2.0332932670208343,True,7.343709624716425,4.0
59,Greedy,V1,"(45, 72)",2.71889346148194,True,22.603570290448758,1.0
59,Greedy,V2,"(19, 72)",9.575411836865914,True,1.0369234254249449,10.0
59,Greedy,V3,"(37, 67)",7.488122299910252,False,0.0,11.0
59,Greedy,V4,"(77, 58)",10.17510612578127,False,0.0,2.0
59,Greedy,V5,"(82, 37)",5.866725078961281,True,32.020302195521424,1.0
59,Greedy,V6,"(59, 92)",24.059505469531658,True,0.9327123119310272,1.0
59,Greedy,V7,"(60, 27)",2.024880192613537,True,23.85829485595857,1.0
59,Greedy,V8,"(37, 53)",17.278152300328234,True,0.0,1.0
59,Greedy,V9,"(82, 85)",7.01417649592824,False,0.0,7.0
59,Greedy,V10,"(89, 20)",0.5423124259734351,True,4.802402207449681,1.0
59,Auction,V1,"(11, 65)",0.9453914731389048,True,23.905070600652827,1.0
59,Auction,V2,"(20, 23)",21.66326566020954,False,0.0,21.0
59,Auction,V3,"(18, 70)",8.244477849321626,False,0.0,12.0
59,Auction,V4,"(92, 30)",13.533988614812614,False,0.0,6.0
59,Auction,V5,"(35, 42)",17.404904019338325,True,20.533024082938006,1.0
59,Auction,V6,"(72, 91)",16.556557609682862,True,9.060660171779821,1.0
59,Auction,V7,"(98, 16)",11.652934388120379,True,14.22806322324201,1.0
59,Auction,V8,"(42, 40)",2.4453677249567036,True,15.626396615835748,1.0
59,Auction,V9,"(79, 7)",1.4840464854481326,True,0.0,1.0
59,Auction,V10,"(46, 44)",6.768204560841124,False,0.0,2.0
59,Q-Learning,V1,"(98, 16)",16.343002401636262,True,9.046309242345565,1.0
59,Q-Learning,V2,"(18, 70)",1.2060385750024665,True,1.6896279024990903,2.0
59,Q-Learning,V3,"(1, 8)",6.103776244316094,False,0.0,9.0
59,Q-Learning,V4,"(64, 24)",19.56843729069588,False,0.0,11.0
59,Q-Learning,V5,"(100, 37)",27.180010322590505,True,10.00390529679106,1.0
59,Q-Learning,V6,"(62, 78)",2.6094355629253663,True,23.00778221853732,1.0
59,Q-Learning,V7,"(50, 0)",11.889380820507817,True,14.261838254336084,1.0
59,Q-Learning,V8,"(46, 44)",6.041306707135821,True,13.030457633656631,2.0
59,Q-Learning,V9,"(45, 59)",1.9033490269995283,True,0.08625232830240037,2.0
59,Q-Learning,V10,"(79, 95)",2.0332932670208343,True,6.343709624716425,4.0
60,Greedy,V1,"(45, 72)",2.71889346148194,True,21.603570290448758,1.0
60,Greedy,V2,"(19, 72)",9.575411836865914,True,0.03692342542494487,10.0
60,Greedy,V3,"(37, 67)",7.488122299910252,False,0.0,12.0
60,Greedy,V4,"(77, 58)",10.17510612578127,False,0.0,3.0
60,Greedy,V5,"(82, 37)",5.866725078961281,True,31.020302195521424,1.0
60,Greedy,V6,"(59, 92)",24.059505469531658,True,0.0,1.0
60,Greedy,V7,"(60, 27)",2.024880192613537,True,22.85829485595857,1.0
60,Greedy,V8,"(37, 53)",0.5214473915365367,True,15.756704908791697,1.0
60,Greedy,V9,"(82, 85)",7.01417649592824,False,0.0,8.0
60,Greedy,V10,"(89, 20)",0.5423124259734351,True,3.8024022074496813,1.0
60,Auction,V1,"(11, 65)",0.9453914731389048,True,22.905070600652827,1.0
60,Auction,V2,"(20, 23)",21.66326566020954,False,0.0,22.0
60,Auction,V3,"(18, 70)",8.244477849321626,False,0.0,13.0
60,Auction,V4,"(92, 30)",13.533988614812614,False,0.0,7.0
60,Auction,V5,"(35, 42)",17.404904019338325,True,19.533024082938006,1.0
60,Auction,V6,"(72, 91)",16.556557609682862,True,8.060660171779821,1.0
60,Auction,V7,"(98, 16)",11.652934388120379,True,13.22806322324201,1.0
60,Auction,V8,"(42, 40)",2.4453677249567036,True,14.626396615835748,1.0
60,Auction,V9,"(79, 7)",1.4840464854481326,False,0.0,2.0
60,Auction,V10,"(46, 44)",6.768204560841124,False,0.0,3.0
60,Q-Learning,V1,"(98, 16)",16.343002401636262,True,8.046309242345565,1.0
60,Q-Learning,V2,"(18, 70)",1.2060385750024665,True,0.6896279024990903,2.0
60,Q-Learning,V3,"(1, 8)",6.103776244316094,False,0.0,10.0
60,Q-Learning,V4,"(64, 24)",19.56843729069588,False,0.0,12.0
60,Q-Learning,V5,"(100, 37)",27.180010322590505,True,9.00390529679106,1.0
60,Q-Learning,V6,"(62, 78)",2.6094355629253663,True,22.00778221853732,1.0
60,Q-Learning,V7,"(50, 0)",11.889380820507817,True,13.261838254336084,1.0
60,Q-Learning,V8,"(46, 44)",6.041306707135821,True,12.030457633656631,2.0
60,Q-Learning,V9,"(45, 59)",1.9033490269995283,True,0.0,2.0
60,Q-Learning,V10,"(79, 95)",2.0332932670208343,True,5.343709624716425,4.0
61,Greedy,V1,"(45, 72)",2.71889346148194,True,20.603570290448758,1.0
61,Greedy,V2,"(19, 72)",9.575411836865914,True,0.0,10.0
61,Greedy,V3,"(37, 67)",7.488122299910252,False,0.0,13.0
61,Greedy,V4,"(77, 58)",10.17510612578127,False,0.0,4.0
61,Greedy,V5,"(82, 37)",5.866725078961281,True,30.020302195521424,1.0
61,Greedy,V6,"(59, 92)",10.429704868230996,True,12.629800601300662,1.0
61,Greedy,V7,"(60, 27)",2.024880192613537,True,21.85829485595857,1.0
61,Greedy,V8,"(37, 53)",0.5214473915365367,True,14.756704908791697,1.0
61,Greedy,V9,"(82, 85)",7.01417649592824,False,0.0,9.0
61,Greedy,V10,"(89, 20)",0.5423124259734351,True,2.8024022074496813,1.0
61,Auction,V1,"(11, 65)",0.9453914731389048,True,21.905070600652827,1.0
61,Auction,V2,"(20, 23)",21.66326566020954,False,0.0,23.0
61,Auction,V3,"(18, 70)",8.244477849321626,False,0.0,14.0
61,Auction,V4,"(92, 30)",13.533988614812614,False,0.0,8.0
61,Auction,V5,"(35, 42)",17.404904019338325,True,18.533024082938006,1.0
61,Auction,V6,"(72, 91)",16.556557609682862,True,7.060660171779821,1.0
61,Auction,V7,"(98, 16)",11.652934388120379,True,12.22806322324201,1.0
61,Auction,V8,"(42, 40)",2.4453677249567036,True,13.626396615835748,1.0
61,Auction,V9,"(79, 7)",1.4840464854481326,False,0.0,3.0
61,Auction,V10,"(46, 44)",6.768204560841124,False,0.0,4.0
61,Q-Learning,V1,"(98, 16)",16.343002401636262,True,7.046309242345565,1.0
61,Q-Learning,V2,"(18, 70)",1.2060385750024665,True,0.0,2.0
61,Q-Learning,V3,"(1, 8)",6.103776244316094,False,0.0,11.0
61,Q-Learning,V4,"(64, 24)",19.56843729069588,False,0.0,13.0
61,Q-Learning,V5,"(100, 37)",27.180010322590505,True,8.00390529679106,1.0
61,Q-Learning,V6,"(62, 78)",2.6094355629253663,True,21.00778221853732,1.0
61,Q-Learning,V7,"(50, 0)",11.889380820507817,True,12.261838254336084,1.0
61,Q-Learning,V8,"(46, 44)",6.041306707135821,True,11.030457633656631,2.0
61,Q-Learning,V9,"(45, 59)",1.9033490269995283,False,0.0,3.0
61,Q-Learning,V10,"(79, 95)",2.0332932670208343,True,4.343709624716425,4.0
62,Greedy,V1,"(45, 72)",2.71889346148194,True,19.603570290448758,1.0
62,Greedy,V2,"(19, 72)",9.575411836865914,False,0.0,11.0
62,Greedy,V3,"(37, 67)",7.488122299910252,False,0.0,14.0
62,Greedy,V4,"(77, 58)",10.17510612578127,False,0.0,5.0
62,Greedy,V5,"(82, 37)",5.866725078961281,True,29.020302195521424,1.0
62,Greedy,V6,"(59, 92)",10.429704868230996,True,11.629800601300662,1.0
62,Greedy,V7,"(60, 27)",2.024880192613537,True,20.85829485595857,1.0
62,Greedy,V8,"(37, 53)",0.5214473915365367,True,13.756704908791697,1.0
62,Greedy,V9,"(82, 85)",7.01417649592824,False,0.0,10.0
62,Greedy,V10,"(89, 20)",0.5423124259734351,True,1.8024022074496813,1.0
62,Auction,V1,"(11, 65)",0.9453914731389048,True,20.905070600652827,1.0
62,Auction,V2,"(20, 23)",21.66326566020954,False,0.0,24.0
62,Auction,V3,"(18, 70)",8.244477849321626,False,0.0,15.0
62,Auction,V4,"(92, 30)",13.533988614812614,False,0.0,9.0
62,Auction,V5,"(35, 42)",17.404904019338325,True,17.533024082938006,1.0
62,Auction,V6,"(72, 91)",16.556557609682862,True,6.060660171779821,1.0
62,Auction,V7,"(98, 16)",11.652934388120379,True,11.22806322324201,1.0
62,Auction,V8,"(42, 40)",2.4453677249567036,True,12.626396615835748,1.0
62,Auction,V9,"(79, 7)",1.4840464854481326,False,0.0,4.0
62,Auction,V10,"(46, 44)",6.768204560841124,False,0.0,5.0
62,Q-Learning,V1,"(98, 16)",16.343002401636262,True,6.046309242345565,1.0
62,Q-Learning,V2,"(18, 70)",1.2060385750024665,False,0.0,3.0
62,Q-Learning,V3,"(1, 8)",6.103776244316094,False,0.0,12.0
62,Q-Learning,V4,"(64, 24)",19.56843729069588,False,0.0,14.0
62,Q-Learning,V5,"(100, 37)",27.180010322590505,True,7.003905296791061,1.0
62,Q-Learning,V6,"(62, 78)",2.6094355629253663,True,20.00778221853732,1.0
62,Q-Learning,V7,"(50, 0)",11.889380820507817,True,11.261838254336084,1.0
62,Q-Learning,V8,"(46, 44)",6.041306707135821,True,10.030457633656631,2.0
62,Q-Learning,V9,"(45, 59)",1.9033490269995283,False,0.0,4.0
62,Q-Learning,V10,"(79, 95)",2.0332932670208343,True,3.343709624716425,4.0
63,Greedy,V1,"(45, 72)",2.71889346148194,True,18.603570290448758,1.0
63,Greedy,V2,"(19, 72)",9.575411836865914,False,0.0,12.0
63,Greedy,V3,"(37, 67)",7.488122299910252,False,0.0,15.0
63,Greedy,V4,"(77, 58)",10.17510612578127,False,0.0,6.0
63,Greedy,V5,"(82, 37)",5.866725078961281,True,28.020302195521424,1.0
63,Greedy,V6,"(59, 92)",10.429704868230996,True,10.629800601300662,1.0
63,Greedy,V7,"(60, 27)",2.024880192613537,True,19.85829485595857,1.0
63,Greedy,V8,"(37, 53)",0.5214473915365367,True,12.756704908791697,1.0
63,Greedy,V9,"(82, 85)",7.01417649592824,False,0.0,11.0
63,Greedy,V10,"(89, 20)",0.5423124259734351,True,0.8024022074496813,1.0
63,Auction,V1,"(11, 65)",0.9453914731389048,True,19.905070600652827,1.0
63,Auction,V2,"(20, 23)",21.66326566020954,False,0.0,25.0
63,Auction,V3,"(18, 70)",8.244477849321626,False,0.0,16.0
63,Auction,V4,"(92, 30)",13.533988614812614,False,0.0,10.0
63,Auction,V5,"(35, 42)",17.404904019338325,True,16.533024082938006,1.0
63,Auction,V6,"(72, 91)",16.556557609682862,True,5.060660171779821,1.0
63,Auction,V7,"(98, 16)",11.652934388120379,True,10.22806322324201,1.0
63,Auction,V8,"(42, 40)",2.4453677249567036,True,11.626396615835748,1.0
63,Auction,V9,"(79, 7)",1.4840464854481326,False,0.0,5.0
63,Auction,V10,"(46, 44)",6.768204560841124,False,0.0,6.0
63,Q-Learning,V1,"(98, 16)",16.343002401636262,True,5.046309242345565,1.0
63,Q-Learning,V2,"(18, 70)",1.2060385750024665,False,0.0,4.0
63,Q-Learning,V3,"(1, 8)",6.103776244316094,False,0.0,13.0
63,Q-Learning,V4,"(64, 24)",19.56843729069588,False,0.0,15.0
63,Q-Learning,V5,"(100, 37)",27.180010322590505,True,6.003905296791061,1.0
63,Q-Learning,V6,"(62, 78)",2.6094355629253663,True,19.00778221853732,1.0
63,Q-Learning,V7,"(50, 0)",11.889380820507817,True,10.261838254336084,1.0
63,Q-Learning,V8,"(46, 44)",6.041306707135821,True,9.030457633656631,2.0
63,Q-Learning,V9,"(45, 59)",1.9033490269995283,False,0.0,5.0
63,Q-Learning,V10,"(79, 95)",2.0332932670208343,True,2.343709624716425,4.0
64,Greedy,V1,"(45, 72)",2.71889346148194,True,17.603570290448758,1.0
64,Greedy,V2,"(19, 72)",9.575411836865914,False,0.0,13.0
64,Greedy,V3,"(37, 67)",7.488122299910252,False,0.0,16.0
64,Greedy,V4,"(77, 58)",10.17510612578127,False,0.0,7.0
64,Greedy,V5,"(82, 37)",5.866725078961281,True,27.020302195521424,1.0
64,Greedy,V6,"(59, 92)",10.429704868230996,True,9.629800601300662,1.0
64,Greedy,V7,"(60, 27)",2.024880192613537,True,18.85829485595857,1.0
64,Greedy,V8,"(37, 53)",0.5214473915365367,True,11.756704908791697,1.0
64,Greedy,V9,"(82, 85)",7.01417649592824,False,0.0,12.0
64,Greedy,V10,"(89, 20)",0.5423124259734351,True,0.0,1.0
64,Auction,V1,"(11, 65)",0.9453914731389048,True,18.905070600652827,1.0
64,Auction,V2,"(20, 23)",21.66326566020954,False,0.0,26.0
64,Auction,V3,"(18, 70)",8.244477849321626,False,0.0,17.0
64,Auction,V4,"(92, 30)",13.533988614812614,False,0.0,11.0
64,Auction,V5,"(35, 42)",17.404904019338325,True,15.533024082938006,1.0
64,Auction,V6,"(72, 91)",16.556557609682862,True,4.060660171779821,1.0
64,Auction,V7,"(98, 16)",11.652934388120379,True,9.22806322324201,1.0
64,Auction,V8,"(42, 40)",2.4453677249567036,True,10.626396615835748,1.0
64,Auction,V9,"(79, 7)",1.4840464854481326,False,0.0,6.0
64,Auction,V10,"(46, 44)",6.768204560841124,False,0.0,7.0
64,Q-Learning,V1,"(98, 16)",16.343002401636262,True,4.046309242345565,1.0
64,Q-Learning,V2,"(18, 70)",1.2060385750024665,False,0.0,5.0
64,Q-Learning,V3,"(1, 8)",6.103776244316094,False,0.0,14.0
64,Q-Learning,V4,"(64, 24)",19.56843729069588,False,0.0,16.0
64,Q-Learning,V5,"(100, 37)",27.180010322590505,True,5.003905296791061,1.0
64,Q-Learning,V6,"(62, 78)",2.6094355629253663,True,18.00778221853732,1.0
64,Q-Learning,V7,"(50, 0)",11.889380820507817,True,9.261838254336084,1.0
64,Q-Learning,V8,"(46, 44)",6.041306707135821,True,8.030457633656631,2.0
64,Q-Learning,V9,"(45, 59)",1.9033490269995283,False,0.0,6.0
64,Q-Learning,V10,"(79, 95)",2.0332932670208343,True,1.3437096247164249,4.0
65,Greedy,V1,"(45, 72)",2.71889346148194,True,16.603570290448758,1.0
65,Greedy,V2,"(19, 72)",9.575411836865914,False,0.0,14.0
65,Greedy,V3,"(37, 67)",7.488122299910252,False,0.0,17.0
65,Greedy,V4,"(77, 58)",10.17510612578127,False,0.0,8.0
65,Greedy,V5,"(82, 37)",5.866725078961281,True,26.020302195521424,1.0
65,Greedy,V6,"(59, 92)",10.429704868230996,True,8.629800601300662,1.0
65,Greedy,V7,"(60, 27)",2.024880192613537,True,17.85829485595857,1.0
65,Greedy,V8,"(37, 53)",0.5214473915365367,True,10.756704908791697,1.0
65,Greedy,V9,"(82, 85)",7.01417649592824,False,0.0,13.0
65,Greedy,V10,"(89, 20)",0.5423124259734351,False,0.0,2.0
65,Auction,V1,"(11, 65)",0.9453914731389048,True,17.905070600652827,1.0
65,Auction,V2,"(20, 23)",21.66326566020954,False,0.0,27.0
65,Auction,V3,"(18, 70)",8.244477849321626,False,0.0,18.0
65,Auction,V4,"(92, 30)",13.533988614812614,False,0.0,12.0
65,Auction,V5,"(35, 42)",17.404904019338325,True,14.533024082938006,1.0
65,Auction,V6,"(72, 91)",16.556557609682862,True,3.060660171779821,1.0
65,Auction,V7,"(98, 16)",11.652934388120379,True,8.22806322324201,1.0
65,Auction,V8,"(42, 40)",2.4453677249567036,True,9.626396615835748,1.0
65,Auction,V9,"(79, 7)",1.4840464854481326,False,0.0,7.0
65,Auction,V10,"(46, 44)",6.768204560841124,False,0.0,8.0
65,Q-Learning,V1,"(98, 16)",16.343002401636262,True,3.046309242345565,1.0
65,Q-Learning,V2,"(18, 70)",1.2060385750024665,False,0.0,6.0
65,Q-Learning,V3,"(1, 8)",6.103776244316094,False,0.0,15.0
65,Q-Learning,V4,"(64, 24)",19.56843729069588,False,0.0,17.0
65,Q-Learning,V5,"(100, 37)",27.180010322590505,True,4.003905296791061,1.0
65,Q-Learning,V6,"(62, 78)",2.6094355629253663,True,17.00778221853732,1.0
65,Q-Learning,V7,"(50, 0)",11.889380820507817,True,8.261838254336084,1.0
65,Q-Learning,V8,"(46, 44)",6.041306707135821,True,7.030457633656631,2.0
65,Q-Learning,V9,"(45, 59)",1.9033490269995283,False,0.0,7.0
65,Q-Learning,V10,"(79, 95)",2.0332932670208343,True,0.34370962471642486,4.0
66,Greedy,V1,"(45, 72)",2.71889346148194,True,15.603570290448758,1.0
66,Greedy,V2,"(19, 72)",9.575411836865914,False,0.0,15.0
66,Greedy,V3,"(37, 67)",7.488122299910252,False,0.0,18.0
66,Greedy,V4,"(77, 58)",10.17510612578127,False,0.0,9.0
66,Greedy,V5,"(82, 37)",5.866725078961281,True,25.020302195521424,1.0
66,Greedy,V6,"(59, 92)",10.429704868230996,True,7.629800601300662,1.0
66,Greedy,V7,"(60, 27)",2.024880192613537,True,16.85829485595857,1.0
66,Greedy,V8,"(37, 53)",0.5214473915365367,True,9.756704908791697,1.0
66,Greedy,V9,"(82, 85)",7.01417649592824,False,0.0,14.0
66,Greedy,V10,"(89, 20)",0.5423124259734351,False,0.0,3.0
66,Auction,V1,"(11, 65)",0.9453914731389048,True,16.905070600652827,1.0
66,Auction,V2,"(20, 23)",21.66326566020954,False,0.0,28.0
66,Auction,V3,"(18, 70)",8.244477849321626,False,0.0,19.0
66,Auction,V4,"(92, 30)",13.533988614812614,False,0.0,13.0
66,Auction,V5,"(35, 42)",17.404904019338325,True,13.533024082938006,1.0
66,Auction,V6,"(72, 91)",16.556557609682862,True,2.060660171779821,1.0
66,Auction,V7,"(98, 16)",11.652934388120379,True,7.22806322324201,1.0
66,Auction,V8,"(42, 40)",2.4453677249567036,True,8.626396615835748,1.0
66,Auction,V9,"(79, 7)",1.4840464854481326,False,0.0,8.0
66,Auction,V10,"(46, 44)",6.768204560841124,False,0.0,9.0
66,Q-Learning,V1,"(98, 16)",16.343002401636262,True,2.046309242345565,1.0
66,Q-Learning,V2,"(18, 70)",1.2060385750024665,False,0.0,7.0
66,Q-Learning,V3,"(1, 8)",6.103776244316094,False,0.0,16.0
66,Q-Learning,V4,"(64, 24)",19.56843729069588,False,0.0,18.0
66,Q-Learning,V5,"(100, 37)",27.180010322590505,True,3.0039052967910607,1.0
66,Q-Learning,V6,"(62, 78)",2.6094355629253663,True,16.00778221853732,1.0
66,Q-Learning,V7,"(50, 0)",11.889380820507817,True,7.261838254336084,1.0
66,Q-Learning,V8,"(46, 44)",6.041306707135821,True,6.030457633656631,2.0
66,Q-Learning,V9,"(45, 59)",1.9033490269995283,False,0.0,8.0
66,Q-Learning,V10,"(79, 95)",2.0332932670208343,True,0.0,4.0
67,Greedy,V1,"(45, 72)",2.71889346148194,True,14.603570290448758,1.0
67,Greedy,V2,"(19, 72)",9.575411836865914,False,0.0,16.0
67,Greedy,V3,"(37, 67)",7.488122299910252,False,0.0,19.0
67,Greedy,V4,"(77, 58)",10.17510612578127,False,0.0,10.0
67,Greedy,V5,"(82, 37)",5.866725078961281,True,24.020302195521424,1.0
67,Greedy,V6,"(59, 92)",10.429704868230996,True,6.629800601300662,1.0
67,Greedy,V7,"(60, 27)",2.024880192613537,True,15.858294855958569,1.0
67,Greedy,V8,"(37, 53)",0.5214473915365367,True,8.756704908791697,1.0
67,Greedy,V9,"(82, 85)",7.01417649592824,False,0.0,15.0
67,Greedy,V10,"(89, 20)",0.5423124259734351,False,0.0,4.0
67,Auction,V1,"(11, 65)",0.9453914731389048,True,15.905070600652827,1.0
67,Auction,V2,"(20, 23)",21.66326566020954,False,0.0,29.0
67,Auction,V3,"(18, 70)",8.244477849321626,False,0.0,20.0
67,Auction,V4,"(92, 30)",13.533988614812614,False,0.0,14.0
67,Auction,V5,"(35, 42)",17.404904019338325,True,12.533024082938006,1.0
67,Auction,V6,"(72, 91)",16.556557609682862,True,1.060660171779821,1.0
67,Auction,V7,"(98, 16)",11.652934388120379,True,6.22806322324201,1.0
67,Auction,V8,"(42, 40)",2.4453677249567036,True,7.626396615835748,1.0
67,Auction,V9,"(79, 7)",1.4840464854481326,False,0.0,9.0
67,Auction,V10,"(46, 44)",6.768204560841124,False,0.0,10.0
67,Q-Learning,V1,"(98, 16)",16.343002401636262,True,1.0463092423455649,1.0
67,Q-Learning,V2,"(18, 70)",1.2060385750024665,False,0.0,8.0
67,Q-Learning,V3,"(1, 8)",6.103776244316094,False,0.0,17.0
67,Q-Learning,V4,"(64, 24)",19.56843729069588,False,0.0,19.0
67,Q-Learning,V5,"(100, 37)",27.180010322590505,True,2.0039052967910607,1.0
67,Q-Learning,V6,"(62, 78)",2.6094355629253663,True,15.007782218537319,1.0
67,Q-Learning,V7,"(50, 0)",11.889380820507817,True,6.261838254336084,1.0
67,Q-Learning,V8,"(46, 44)",6.041306707135821,True,5.030457633656631,2.0
67,Q-Learning,V9,"(45, 59)",1.9033490269995283,False,0.0,9.0
67,Q-Learning,V10,"(79, 95)",2.0332932670208343,False,0.0,5.0
68,Greedy,V1,"(45, 72)",2.71889346148194,True,13.603570290448758,1.0
68,Greedy,V2,"(19, 72)",9.575411836865914,False,0.0,17.0
68,Greedy,V3,"(37, 67)",7.488122299910252,False,0.0,20.0
68,Greedy,V4,"(77, 58)",10.17510612578127,False,0.0,11.0
68,Greedy,V5,"(82, 37)",5.866725078961281,True,23.020302195521424,1.0
68,Greedy,V6,"(59, 92)",10.429704868230996,True,5.629800601300662,1.0
68,Greedy,V7,"(60, 27)",2.024880192613537,True,14.858294855958569,1.0
68,Greedy,V8,"(37, 53)",0.5214473915365367,True,7.756704908791697,1.0
68,Greedy,V9,"(82, 85)",7.01417649592824,False,0.0,16.0
68,Greedy,V10,"(89, 20)",0.5423124259734351,False,0.0,5.0
68,Auction,V1,"(11, 65)",0.9453914731389048,True,14.905070600652827,1.0
68,Auction,V2,"(20, 23)",21.66326566020954,False,0.0,30.0
68,Auction,V3,"(18, 70)",8.244477849321626,False,0.0,21.0
68,Auction,V4,"(92, 30)",13.533988614812614,False,0.0,15.0
68,Auction,V5,"(35, 42)",17.404904019338325,True,11.533024082938006,1.0
68,Auction,V6,"(72, 91)",16.556557609682862,True,0.06066017177982097,1.0
68,Auction,V7,"(98, 16)",11.652934388120379,True,5.22806322324201,1.0
68,Auction,V8,"(42, 40)",2.4453677249567036,True,6.626396615835748,1.0
68,Auction,V9,"(79, 7)",1.4840464854481326,False,0.0,10.0
68,Auction,V10,"(46, 44)",6.768204560841124,False,0.0,11.0
68,Q-Learning,V1,"(98, 16)",16.343002401636262,True,0.04630924234556488,1.0
68,Q-Learning,V2,"(18, 70)",1.2060385750024665,False,0.0,9.0
68,Q-Learning,V3,"(1, 8)",6.103776244316094,False,0.0,18.0
68,Q-Learning,V4,"(64, 24)",19.56843729069588,False,0.0,20.0
68,Q-Learning,V5,"(100, 37)",27.180010322590505,True,1.0039052967910607,1.0
68,Q-Learning,V6,"(62, 78)",2.6094355629253663,True,14.007782218537319,1.0
68,Q-Learning,V7,"(50, 0)",11.889380820507817,True,5.261838254336084,1.0
68,Q-Learning,V8,"(46, 44)",6.041306707135821,True,4.030457633656631,2.0
68,Q-Learning,V9,"(45, 59)",1.9033490269995283,False,0.0,10.0
68,Q-Learning,V10,"(79, 95)",2.0332932670208343,False,0.0,6.0
69,Greedy,V1,"(45, 72)",2.71889346148194,True,12.603570290448758,1.0
69,Greedy,V2,"(19, 72)",9.575411836865914,False,0.0,18.0
69,Greedy,V3,"(37, 67)",7.488122299910252,False,0.0,21.0
69,Greedy,V4,"(77, 58)",10.17510612578127,False,0.0,12.0
69,Greedy,V5,"(82, 37)",5.866725078961281,True,22.020302195521424,1.0
69,Greedy,V6,"(59, 92)",10.429704868230996,True,4.629800601300662,1.0
69,Greedy,V7,"(60, 27)",2.024880192613537,True,13.858294855958569,1.0
69,Greedy,V8,"(37, 53)",0.5214473915365367,True,6.756704908791697,1.0
69,Greedy,V9,"(82, 85)",7.01417649592824,False,0.0,17.0
69,Greedy,V10,"(89, 20)",0.5423124259734351,False,0.0,6.0
69,Auction,V1,"(11, 65)",0.9453914731389048,True,13.905070600652827,1.0
69,Auction,V2,"(20, 23)",21.66326566020954,False,0.0,31.0
69,Auction,V3,"(18, 70)",8.244477849321626,False,0.0,22.0
69,Auction,V4,"(92, 30)",13.533988614812614,False,0.0,16.0
69,Auction,V5,"(35, 42)",17.404904019338325,True,10.533024082938006,1.0
69,Auction,V6,"(72, 91)",16.556557609682862,True,0.0,1.0
69,Auction,V7,"(98, 16)",11.652934388120379,True,4.22806322324201,1.0
69,Auction,V8,"(42, 40)",2.4453677249567036,True,5.626396615835748,1.0
69,Auction,V9,"(79, 7)",1.4840464854481326,False,0.0,11.0
69,Auction,V10,"(46, 44)",6.768204560841124,False,0.0,12.0
69,Q-Learning,V1,"(98, 16)",16.343002401636262,True,0.0,1.0
69,Q-Learning,V2,"(18, 70)",1.2060385750024665,False,0.0,10.0
69,Q-Learning,V3,"(1, 8)",6.103776244316094,False,0.0,19.0
69,Q-Learning,V4,"(64, 24)",19.56843729069588,False,0.0,21.0
69,Q-Learning,V5,"(100, 37)",27.180010322590505,True,0.003905296791060664,1.0
69,Q-Learning,V6,"(62, 78)",2.6094355629253663,True,13.007782218537319,1.0
69,Q-Learning,V7,"(50, 0)",11.889380820507817,True,4.261838254336084,1.0
69,Q-Learning,V8,"(46, 44)",6.041306707135821,True,3.0304576336566313,2.0
69,Q-Learning,V9,"(45, 59)",1.9033490269995283,False,0.0,11.0
69,Q-Learning,V10,"(79, 95)",2.0332932670208343,False,0.0,7.0
70,Greedy,V1,"(45, 72)",2.71889346148194,True,11.603570290448758,1.0
70,Greedy,V2,"(19, 72)",9.575411836865914,False,0.0,19.0
70,Greedy,V3,"(37, 67)",7.488122299910252,False,0.0,22.0
70,Greedy,V4,"(77, 58)",10.17510612578127,False,0.0,13.0
70,Greedy,V5,"(82, 37)",5.866725078961281,True,21.020302195521424,1.0
70,Greedy,V6,"(59, 92)",10.429704868230996,True,3.629800601300662,1.0
70,Greedy,V7,"(60, 27)",2.024880192613537,True,12.858294855958569,1.0
70,Greedy,V8,"(37, 53)",0.5214473915365367,True,5.756704908791697,1.0
70,Greedy,V9,"(82, 85)",7.01417649592824,False,0.0,18.0
70,Greedy,V10,"(89, 20)",0.5423124259734351,False,0.0,7.0
70,Auction,V1,"(11, 65)",0.9453914731389048,True,12.905070600652827,1.0
70,Auction,V2,"(20, 23)",21.66326566020954,False,0.0,32.0
70,Auction,V3,"(18, 70)",8.244477849321626,False,0.0,23.0
70,Auction,V4,"(92, 30)",13.533988614812614,False,0.0,17.0
70,Auction,V5,"(35, 42)",17.404904019338325,True,9.533024082938006,1.0
70,Auction,V6,"(68, 91)",5.056557609682862,True,10.5,1.0
70,Auction,V7,"(98, 16)",11.652934388120379,True,3.2280632232420103,1.0
70,Auction,V8,"(42, 40)",2.4453677249567036,True,4.626396615835748,1.0
70,Auction,V9,"(79, 7)",1.4840464854481326,False,0.0,12.0
70,Auction,V10,"(46, 44)",6.768204560841124,False,0.0,13.0
70,Q-Learning,V1,"(98, 16)",16.343002401636262,False,0.0,2.0
70,Q-Learning,V2,"(18, 70)",1.2060385750024665,False,0.0,11.0
70,Q-Learning,V3,"(1, 8)",6.103776244316094,False,0.0,20.0
70,Q-Learning,V4,"(64, 24)",19.56843729069588,False,0.0,22.0
70,Q-Learning,V5,"(100, 37)",27.180010322590505,True,0.0,1.0
70,Q-Learning,V6,"(62, 78)",2.6094355629253663,True,12.007782218537319,1.0
70,Q-Learning,V7,"(50, 0)",11.889380820507817,True,3.2618382543360838,1.0
70,Q-Learning,V8,"(46, 44)",6.041306707135821,True,2.0304576336566313,2.0
70,Q-Learning,V9,"(45, 59)",1.9033490269995283,False,0.0,12.0
70,Q-Learning,V10,"(79, 95)",2.0332932670208343,False,0.0,8.0
71,Greedy,V1,"(45, 72)",2.71889346148194,True,10.603570290448758,1.0
71,Greedy,V2,"(19, 72)",9.575411836865914,False,0.0,20.0
71,Greedy,V3,"(37, 67)",7.488122299910252,False,0.0,23.0
71,Greedy,V4,"(77, 58)",10.17510612578127,False,0.0,14.0
71,Greedy,V5,"(82, 37)",5.866725078961281,True,20.020302195521424,1.0
71,Greedy,V6,"(59, 92)",10.429704868230996,True,2.629800601300662,1.0
71,Greedy,V7,"(60, 27)",2.024880192613537,True,11.858294855958569,1.0
71,Greedy,V8,"(37, 53)",0.5214473915365367,True,4.756704908791697,1.0
71,Greedy,V9,"(82, 85)",7.01417649592824,False,0.0,19.0
71,Greedy,V10,"(89, 20)",0.5423124259734351,False,0.0,8.0
71,Auction,V1,"(11, 65)",0.9453914731389048,True,11.905070600652827,1.0
71,Auction,V2,"(20, 23)",21.66326566020954,False,0.0,33.0
71,Auction,V3,"(18, 70)",8.244477849321626,False,0.0,24.0
71,Auction,V4,"(92, 30)",13.533988614812614,False,0.0,18.0
71,Auction,V5,"(35, 42)",17.404904019338325,True,8.533024082938006,1.0
71,Auction,V6,"(68, 91)",5.056557609682862,True,9.5,1.0
71,Auction,V7,"(98, 16)",11.652934388120379,True,2.2280632232420103,1.0
71,Auction,V8,"(42, 40)",2.4453677249567036,True,3.6263966158357483,1.0
71,Auction,V9,"(79, 7)",1.4840464854481326,False,0.0,13.0
71,Auction,V10,"(46, 44)",6.768204560841124,False,0.0,14.0
71,Q-Learning,V1,"(98, 16)",16.343002401636262,False,0.0,3.0
71,Q-Learning,V2,"(18, 70)",1.2060385750024665,False,0.0,12.0
71,Q-Learning,V3,"(1, 8)",6.103776244316094,False,0.0,21.0
71,Q-Learning,V4,"(64, 24)",19.56843729069588,False,0.0,23.0
71,Q-Learning,V5,"(90, 36)",1.6675414173102823,True,24.512468905280222,1.0
71,Q-Learning,V6,"(62, 78)",2.6094355629253663,True,11.007782218537319,1.0
71,Q-Learning,V7,"(50, 0)",11.889380820507817,True,2.2618382543360838,1.0
71,Q-Learning,V8,"(46, 44)",6.041306707135821,True,1.0304576336566313,2.0
71,Q-Learning,V9,"(45, 59)",1.9033490269995283,False,0.0,13.0
71,Q-Learning,V10,"(79, 95)",2.0332932670208343,False,0.0,9.0
72,Greedy,V1,"(45, 72)",2.71889346148194,True,9.603570290448758,1.0
72,Greedy,V2,"(19, 72)",9.575411836865914,False,0.0,21.0
72,Greedy,V3,"(37, 67)",7.488122299910252,False,0.0,24.0
72,Greedy,V4,"(77, 58)",10.17510612578127,False,0.0,15.0
72,Greedy,V5,"(82, 37)",5.866725078961281,True,19.020302195521424,1.0
72,Greedy,V6,"(59, 92)",10.429704868230996,True,1.629800601300662,1.0
72,Greedy,V7,"(60, 27)",2.024880192613537,True,10.858294855958569,1.0
72,Greedy,V8,"(37, 53)",0.5214473915365367,True,3.756704908791697,1.0
72,Greedy,V9,"(82, 85)",7.01417649592824,False,0.0,20.0
72,Greedy,V10,"(89, 20)",0.5423124259734351,False,0.0,9.0
72,Auction,V1,"(11, 65)",0.9453914731389048,True,10.905070600652827,1.0
72,Auction,V2,"(20, 23)",21.66326566020954,False,0.0,34.0
72,Auction,V3,"(18, 70)",8.244477849321626,False,0.0,25.0
72,Auction,V4,"(92, 30)",13.533988614812614,False,0.0,19.0
72,Auction,V5,"(35, 42)",17.404904019338325,True,7.533024082938006,1.0
72,Auction,V6,"(68, 91)",5.056557609682862,True,8.5,1.0
72,Auction,V7,"(98, 16)",11.652934388120379,True,1.2280632232420103,1.0
72,Auction,V8,"(42, 40)",2.4453677249567036,True,2.6263966158357483,1.0
72,Auction,V9,"(79, 7)",1.4840464854481326,False,0.0,14.0
72,Auction,V10,"(46, 44)",6.768204560841124,False,0.0,15.0
72,Q-Learning,V1,"(98, 16)",16.343002401636262,False,0.0,4.0
72,Q-Learning,V2,"(18, 70)",1.2060385750024665,False,0.0,13.0
72,Q-Learning,V3,"(1, 8)",6.103776244316094,False,0.0,22.0
72,Q-Learning,V4,"(64, 24)",19.56843729069588,False,0.0,24.0
72,Q-Learning,V5,"(90, 36)",1.6675414173102823,True,23.512468905280222,1.0
72,Q-Learning,V6,"(62, 78)",2.6094355629253663,True,10.007782218537319,1.0
72,Q-Learning,V7,"(50, 0)",11.889380820507817,True,1.2618382543360838,1.0
72,Q-Learning,V8,"(46, 44)",6.041306707135821,True,0.030457633656631344,2.0
72,Q-Learning,V9,"(45, 59)",1.9033490269995283,False,0.0,14.0
72,Q-Learning,V10,"(79, 95)",2.0332932670208343,False,0.0,10.0
73,Greedy,V1,"(45, 72)",2.71889346148194,True,8.603570290448758,1.0
73,Greedy,V2,"(19, 72)",9.575411836865914,False,0.0,22.0
73,Greedy,V3,"(37, 67)",7.488122299910252,False,0.0,25.0
73,Greedy,V4,"(77, 58)",10.17510612578127,False,0.0,16.0
73,Greedy,V5,"(82, 37)",5.866725078961281,True,18.020302195521424,1.0
73,Greedy,V6,"(59, 92)",10.429704868230996,True,0.6298006013006621,1.0
73,Greedy,V7,"(60, 27)",2.024880192613537,True,9.858294855958569,1.0
73,Greedy,V8,"(37, 53)",0.5214473915365367,True,2.756704908791697,1.0
73,Greedy,V9,"(82, 85)",7.01417649592824,False,0.0,21.0
73,Greedy,V10,"(89, 20)",0.5423124259734351,False,0.0,10.0
73,Auction,V1,"(11, 65)",0.9453914731389048,True,9.905070600652827,1.0
73,Auction,V2,"(20, 23)",21.66326566020954,False,0.0,35.0
73,Auction,V3,"(18, 70)",8.244477849321626,False,0.0,26.0
73,Auction,V4,"(92, 30)",13.533988614812614,False,0.0,20.0
73,Auction,V5,"(35, 42)",17.404904019338325,True,6.533024082938006,1.0
73,Auction,V6,"(68, 91)",5.056557609682862,True,7.5,1.0
73,Auction,V7,"(98, 16)",11.652934388120379,True,0.22806322324201034,1.0
73,Auction,V8,"(42, 40)",2.4453677249567036,True,1.6263966158357483,1.0
73,Auction,V9,"(79, 7)",1.4840464854481326,False,0.0,15.0
73,Auction,V10,"(46, 44)",6.768204560841124,False,0.0,16.0
73,Q-Learning,V1,"(98, 16)",16.343002401636262,False,0.0,5.0
73,Q-Learning,V2,"(18, 70)",1.2060385750024665,False,0.0,14.0
73,Q-Learning,V3,"(1, 8)",6.103776244316094,False,0.0,23.0
73,Q-Learning,V4,"(64, 24)",19.56843729069588,False,0.0,25.0
73,Q-Learning,V5,"(90, 36)",1.6675414173102823,True,22.512468905280222,1.0
73,Q-Learning,V6,"(62, 78)",2.6094355629253663,True,9.007782218537319,1.0
73,Q-Learning,V7,"(50, 0)",11.889380820507817,True,0.26183825433608376,1.0
73,Q-Learning,V8,"(46, 44)",6.041306707135821,True,0.0,2.0
73,Q-Learning,V9,"(45, 59)",1.9033490269995283,False,0.0,15.0
73,Q-Learning,V10,"(79, 95)",2.0332932670208343,False,0.0,11.0
74,Greedy,V1,"(45, 72)",2.71889346148194,True,7.603570290448758,1.0
74,Greedy,V2,"(19, 72)",9.575411836865914,False,0.0,23.0
74,Greedy,V3,"(37, 67)",7.488122299910252,False,0.0,26.0
74,Greedy,V4,"(77, 58)",10.17510612578127,False,0.0,17.0
74,Greedy,V5,"(82, 37)",5.866725078961281,True,17.020302195521424,1.0
74,Greedy,V6,"(59, 92)",10.429704868230996,True,0.0,1.0
74,Greedy,V7,"(60, 27)",2.024880192613537,True,8.858294855958569,1.0
74,Greedy,V8,"(37, 53)",0.5214473915365367,True,1.756704908791697,1.0
74,Greedy,V9,"(82, 85)",7.01417649592824,False,0.0,22.0
74,Greedy,V10,"(89, 20)",0.5423124259734351,False,0.0,11.0
74,Auction,V1,"(11, 65)",0.9453914731389048,True,8.905070600652827,1.0
74,Auction,V2,"(20, 23)",21.66326566020954,False,0.0,36.0
74,Auction,V3,"(18, 70)",8.244477849321626,False,0.0,27.0
74,Auction,V4,"(92, 30)",13.533988614812614,False,0.0,21.0
74,Auction,V5,"(35, 42)",17.404904019338325,True,5.533024082938006,1.0
74,Auction,V6,"(68, 91)",5.056557609682862,True,6.5,1.0
74,Auction,V7,"(98, 16)",11.652934388120379,True,0.0,1.0
74,Auction,V8,"(42, 40)",2.4453677249567036,True,0.6263966158357483,1.0
74,Auction,V9,"(79, 7)",1.4840464854481326,False,0.0,16.0
74,Auction,V10,"(46, 44)",6.768204560841124,False,0.0,17.0
74,Q-Learning,V1,"(98, 16)",16.343002401636262,False,0.0,6.0
74,Q-Learning,V2,"(18, 70)",1.2060385750024665,False,0.0,15.0
74,Q-Learning,V3,"(1, 8)",6.103776244316094,False,0.0,24.0
74,Q-Learning,V4,"(64, 24)",19.56843729069588,False,0.0,26.0
74,Q-Learning,V5,"(90, 36)",1.6675414173102823,True,21.512468905280222,1.0
74,Q-Learning,V6,"(62, 78)",2.6094355629253663,True,8.007782218537319,1.0
74,Q-Learning,V7,"(50, 0)",11.889380820507817,True,0.0,1.0
74,Q-Learning,V8,"(46, 44)",6.041306707135821,False,0.0,3.0
74,Q-Learning,V9,"(45, 59)",1.9033490269995283,False,0.0,16.0
74,Q-Learning,V10,"(79, 95)",2.0332932670208343,False,0.0,12.0
75,Greedy,V1,"(45, 72)",2.71889346148194,True,6.603570290448758,1.0
75,Greedy,V2,"(19, 72)",9.575411836865914,False,0.0,24.0
75,Greedy,V3,"(37, 67)",7.488122299910252,False,0.0,27.0
75,Greedy,V4,"(77, 58)",10.17510612578127,False,0.0,18.0
75,Greedy,V5,"(82, 37)",5.866725078961281,True,16.020302195521424,1.0
75,Greedy,V6,"(59, 92)",10.429704868230996,False,0.0,2.0
75,Greedy,V7,"(60, 27)",2.024880192613537,True,7.858294855958569,1.0
75,Greedy,V8,"(37, 53)",0.5214473915365367,True,0.756704908791697,1.0
75,Greedy,V9,"(82, 85)",7.01417649592824,False,0.0,23.0
75,Greedy,V10,"(89, 20)",0.5423124259734351,False,0.0,12.0
75,Auction,V1,"(11, 65)",0.9453914731389048,True,7.905070600652827,1.0
75,Auction,V2,"(20, 23)",21.66326566020954,False,0.0,37.0
75,Auction,V3,"(18, 70)",8.244477849321626,False,0.0,28.0
75,Auction,V4,"(92, 30)",13.533988614812614,False,0.0,22.0
75,Auction,V5,"(35, 42)",17.404904019338325,True,4.533024082938006,1.0
75,Auction,V6,"(68, 91)",5.056557609682862,True,5.5,1.0
75,Auction,V7,"(98, 16)",11.652934388120379,False,0.0,2.0
75,Auction,V8,"(42, 40)",2.4453677249567036,True,0.0,1.0
75,Auction,V9,"(79, 7)",1.4840464854481326,False,0.0,17.0
75,Auction,V10,"(46, 44)",6.768204560841124,False,0.0,18.0
75,Q-Learning,V1,"(98, 16)",16.343002401636262,False,0.0,7.0
75,Q-Learning,V2,"(18, 70)",1.2060385750024665,False,0.0,16.0
75,Q-Learning,V3,"(1, 8)",6.103776244316094,False,0.0,25.0
75,Q-Learning,V4,"(64, 24)",19.56843729069588,False,0.0,27.0
75,Q-Learning,V5,"(90, 36)",1.6675414173102823,True,20.512468905280222,1.0
75,Q-Learning,V6,"(62, 78)",2.6094355629253663,True,7.007782218537319,1.0
75,Q-Learning,V7,"(50, 0)",11.889380820507817,False,0.0,2.0
75,Q-Learning,V8,"(46, 44)",6.041306707135821,False,0.0,4.0
75,Q-Learning,V9,"(45, 59)",1.9033490269995283,False,0.0,17.0
75,Q-Learning,V10,"(79, 95)",2.0332932670208343,False,0.0,13.0
76,Greedy,V1,"(45, 72)",2.71889346148194,True,5.603570290448758,1.0
76,Greedy,V2,"(19, 72)",9.575411836865914,False,0.0,25.0
76,Greedy,V3,"(37, 67)",7.488122299910252,False,0.0,28.0
76,Greedy,V4,"(77, 58)",10.17510612578127,False,0.0,19.0
76,Greedy,V5,"(82, 37)",5.866725078961281,True,15.020302195521424,1.0
76,Greedy,V6,"(59, 92)",10.429704868230996,False,0.0,3.0
76,Greedy,V7,"(60, 27)",2.024880192613537,True,6.858294855958569,1.0
76,Greedy,V8,"(37, 53)",0.5214473915365367,True,0.0,1.0
76,Greedy,V9,"(82, 85)",7.01417649592824,False,0.0,24.0
76,Greedy,V10,"(89, 20)",0.5423124259734351,False,0.0,13.0
76,Auction,V1,"(11, 65)",0.9453914731389048,True,6.905070600652827,1.0
76,Auction,V2,"(20, 23)",21.66326566020954,False,0.0,38.0
76,Auction,V3,"(18, 70)",8.244477849321626,False,0.0,29.0
76,Auction,V4,"(92, 30)",13.533988614812614,False,0.0,23.0
76,Auction,V5,"(35, 42)",17.404904019338325,True,3.533024082938006,1.0
76,Auction,V6,"(68, 91)",5.056557609682862,True,4.5,1.0
76,Auction,V7,"(98, 16)",11.652934388120379,False,0.0,3.0
76,Auction,V8,"(42, 40)",2.4453677249567036,False,0.0,2.0
76,Auction,V9,"(79, 7)",1.4840464854481326,False,0.0,18.0
76,Auction,V10,"(46, 44)",6.768204560841124,False,0.0,19.0
76,Q-Learning,V1,"(98, 16)",16.343002401636262,False,0.0,8.0
76,Q-Learning,V2,"(18, 70)",1.2060385750024665,False,0.0,17.0
76,Q-Learning,V3,"(1, 8)",6.103776244316094,False,0.0,26.0
76,Q-Learning,V4,"(64, 24)",19.56843729069588,False,0.0,28.0
76,Q-Learning,V5,"(90, 36)",1.6675414173102823,True,19.512468905280222,1.0
76,Q-Learning,V6,"(62, 78)",2.6094355629253663,True,6.007782218537319,1.0
76,Q-Learning,V7,"(50, 0)",11.889380820507817,False,0.0,3.0
76,Q-Learning,V8,"(46, 44)",6.041306707135821,False,0.0,5.0
76,Q-Learning,V9,"(45, 59)",1.9033490269995283,False,0.0,18.0
76,Q-Learning,V10,"(79, 95)",2.0332932670208343,False,0.0,14.0
77,Greedy,V1,"(45, 72)",2.71889346148194,True,4.603570290448758,1.0
77,Greedy,V2,"(19, 72)",9.575411836865914,False,0.0,26.0
77,Greedy,V3,"(37, 67)",7.488122299910252,False,0.0,29.0
77,Greedy,V4,"(77, 58)",10.17510612578127,False,0.0,20.0
77,Greedy,V5,"(82, 37)",5.866725078961281,True,14.020302195521424,1.0
77,Greedy,V6,"(59, 92)",10.429704868230996,False,0.0,4.0
77,Greedy,V7,"(60, 27)",2.024880192613537,True,5.858294855958569,1.0
77,Greedy,V8,"(37, 53)",0.5214473915365367,False,0.0,2.0
77,Greedy,V9,"(82, 85)",7.01417649592824,False,0.0,25.0
77,Greedy,V10,"(89, 20)",0.5423124259734351,False,0.0,14.0
77,Auction,V1,"(11, 65)",0.9453914731389048,True,5.905070600652827,1.0
77,Auction,V2,"(20, 23)",21.66326566020954,False,0.0,39.0
77,Auction,V3,"(18, 70)",8.244477849321626,False,0.0,30.0
77,Auction,V4,"(92, 30)",13.533988614812614,False,0.0,24.0
77,Auction,V5,"(35, 42)",17.404904019338325,True,2.533024082938006,1.0
77,Auction,V6,"(68, 91)",5.056557609682862,True,3.5,1.0
77,Auction,V7,"(98, 16)",11.652934388120379,False,0.0,4.0
77,Auction,V8,"(42, 40)",2.4453677249567036,False,0.0,3.0
77,Auction,V9,"(79, 7)",1.4840464854481326,False,0.0,19.0
77,Auction,V10,"(46, 44)",6.768204560841124,False,0.0,20.0
77,Q-Learning,V1,"(98, 16)",16.343002401636262,False,0.0,9.0
77,Q-Learning,V2,"(18, 70)",1.2060385750024665,False,0.0,18.0
77,Q-Learning,V3,"(1, 8)",6.103776244316094,False,0.0,27.0
77,Q-Learning,V4,"(64, 24)",19.56843729069588,False,0.0,29.0
77,Q-Learning,V5,"(90, 36)",1.6675414173102823,True,18.512468905280222,1.0
77,Q-Learning,V6,"(62, 78)",2.6094355629253663,True,5.007782218537319,1.0
77,Q-Learning,V7,"(50, 0)",11.889380820507817,False,0.0,4.0
77,Q-Learning,V8,"(46, 44)",6.041306707135821,False,0.0,6.0
77,Q-Learning,V9,"(45, 59)",1.9033490269995283,False,0.0,19.0
77,Q-Learning,V10,"(79, 95)",2.0332932670208343,False,0.0,15.0
78,Greedy,V1,"(45, 72)",2.71889346148194,True,3.603570290448758,1.0
78,Greedy,V2,"(19, 72)",9.575411836865914,False,0.0,27.0
78,Greedy,V3,"(37, 67)",7.488122299910252,False,0.0,30.0
78,Greedy,V4,"(77, 58)",10.17510612578127,False,0.0,21.0
78,Greedy,V5,"(82, 37)",5.866725078961281,True,13.020302195521424,1.0
78,Greedy,V6,"(59, 92)",10.429704868230996,False,0.0,5.0
78,Greedy,V7,"(60, 27)",2.024880192613537,True,4.858294855958569,1.0
78,Greedy,V8,"(37, 53)",0.5214473915365367,False,0.0,3.0
78,Greedy,V9,"(82, 85)",7.01417649592824,False,0.0,26.0
78,Greedy,V10,"(89, 20)",0.5423124259734351,False,0.0,15.0
78,Auction,V1,"(11, 65)",0.9453914731389048,True,4.905070600652827,1.0
78,Auction,V2,"(20, 23)",21.66326566020954,False,0.0,40.0
78,Auction,V3,"(18, 70)",8.244477849321626,False,0.0,31.0
78,Auction,V4,"(92, 30)",13.533988614812614,False,0.0,25.0
78,Auction,V5,"(35, 42)",17.404904019338325,True,1.533024082938006,1.0
78,Auction,V6,"(68, 91)",5.056557609682862,True,2.5,1.0
78,Auction,V7,"(98, 16)",11.652934388120379,False,0.0,5.0
78,Auction,V8,"(42, 40)",2.4453677249567036,False,0.0,4.0
78,Auction,V9,"(79, 7)",1.4840464854481326,False,0.0,20.0
78,Auction,V10,"(46, 44)",6.768204560841124,False,0.0,21.0
78,Q-Learning,V1,"(98, 16)",16.343002401636262,False,0.0,10.0
78,Q-Learning,V2,"(18, 70)",1.2060385750024665,False,0.0,19.0
78,Q-Learning,V3,"(1, 8)",6.103776244316094,False,0.0,28.0
78,Q-Learning,V4,"(64, 24)",19.56843729069588,False,0.0,30.0
78,Q-Learning,V5,"(90, 36)",1.6675414173102823,True,17.512468905280222,1.0
78,Q-Learning,V6,"(62, 78)",2.6094355629253663,True,4.007782218537319,1.0
78,Q-Learning,V7,"(50, 0)",11.889380820507817,False,0.0,5.0
78,Q-Learning,V8,"(46, 44)",6.041306707135821,False,0.0,7.0
78,Q-Learning,V9,"(45, 59)",1.9033490269995283,False,0.0,20.0
78,Q-Learning,V10,"(79, 95)",2.0332932670208343,False,0.0,16.0
79,Greedy,V1,"(45, 72)",2.71889346148194,True,2.603570290448758,1.0
79,Greedy,V2,"(19, 72)",9.575411836865914,False,0.0,28.0
79,Greedy,V3,"(37, 67)",7.488122299910252,False,0.0,31.0
79,Greedy,V4,"(77, 58)",10.17510612578127,False,0.0,22.0
79,Greedy,V5,"(82, 37)",5.866725078961281,True,12.020302195521424,1.0
79,Greedy,V6,"(59, 92)",10.429704868230996,False,0.0,6.0
79,Greedy,V7,"(60, 27)",2.024880192613537,True,3.858294855958569,1.0
79,Greedy,V8,"(37, 53)",0.5214473915365367,False,0.0,4.0
79,Greedy,V9,"(82, 85)",7.01417649592824,False,0.0,27.0
79,Greedy,V10,"(89, 20)",0.5423124259734351,False,0.0,16.0
79,Auction,V1,"(11, 65)",0.9453914731389048,True,3.9050706006528273,1.0
79,Auction,V2,"(20, 23)",21.66326566020954,False,0.0,41.0
79,Auction,V3,"(18, 70)",8.244477849321626,False,0.0,32.0
79,Auction,V4,"(92, 30)",13.533988614812614,False,0.0,26.0
79,Auction,V5,"(35, 42)",17.404904019338325,True,0.533024082938006,1.0
79,Auction,V6,"(68, 91)",5.056557609682862,True,1.5,1.0
79,Auction,V7,"(98, 16)",11.652934388120379,False,0.0,6.0
79,Auction,V8,"(42, 40)",2.4453677249567036,False,0.0,5.0
79,Auction,V9,"(79, 7)",1.4840464854481326,False,0.0,21.0
79,Auction,V10,"(46, 44)",6.768204560841124,False,0.0,22.0
79,Q-Learning,V1,"(98, 16)",16.343002401636262,False,0.0,11.0
79,Q-Learning,V2,"(18, 70)",1.2060385750024665,False,0.0,20.0
79,Q-Learning,V3,"(1, 8)",6.103776244316094,False,0.0,29.0
79,Q-Learning,V4,"(64, 24)",19.56843729069588,False,0.0,31.0
79,Q-Learning,V5,"(90, 36)",1.6675414173102823,True,16.512468905280222,1.0
79,Q-Learning,V6,"(62, 78)",2.6094355629253663,True,3.0077822185373186,1.0
79,Q-Learning,V7,"(50, 0)",11.889380820507817,False,0.0,6.0
79,Q-Learning,V8,"(46, 44)",6.041306707135821,False,0.0,8.0
79,Q-Learning,V9,"(45, 59)",1.9033490269995283,False,0.0,21.0
79,Q-Learning,V10,"(79, 95)",2.0332932670208343,False,0.0,17.0
80,Greedy,V1,"(45, 72)",2.71889346148194,True,1.6035702904487579,1.0
80,Greedy,V2,"(19, 72)",9.575411836865914,False,0.0,29.0
80,Greedy,V3,"(37, 67)",7.488122299910252,False,0.0,32.0
80,Greedy,V4,"(77, 58)",10.17510612578127,False,0.0,23.0
80,Greedy,V5,"(82, 37)",5.866725078961281,True,11.020302195521424,1.0
80,Greedy,V6,"(59, 92)",10.429704868230996,False,0.0,7.0
80,Greedy,V7,"(60, 27)",2.024880192613537,True,2.858294855958569,1.0
80,Greedy,V8,"(37, 53)",0.5214473915365367,False,0.0,5.0
80,Greedy,V9,"(82, 85)",7.01417649592824,False,0.0,28.0
80,Greedy,V10,"(89, 20)",0.5423124259734351,False,0.0,17.0
80,Auction,V1,"(11, 65)",0.9453914731389048,True,2.9050706006528273,1.0
80,Auction,V2,"(20, 23)",21.66326566020954,False,0.0,42.0
80,Auction,V3,"(18, 70)",8.244477849321626,False,0.0,33.0
80,Auction,V4,"(92, 30)",13.533988614812614,False,0.0,27.0
80,Auction,V5,"(35, 42)",17.404904019338325,True,0.0,1.0
80,Auction,V6,"(68, 91)",5.056557609682862,True,0.5,1.0
80,Auction,V7,"(98, 16)",11.652934388120379,False,0.0,7.0
80,Auction,V8,"(42, 40)",2.4453677249567036,False,0.0,6.0
80,Auction,V9,"(79, 7)",1.4840464854481326,False,0.0,22.0
80,Auction,V10,"(46, 44)",6.768204560841124,False,0.0,23.0
80,Q-Learning,V1,"(98, 16)",16.343002401636262,False,0.0,12.0
80,Q-Learning,V2,"(18, 70)",1.2060385750024665,False,0.0,21.0
80,Q-Learning,V3,"(1, 8)",6.103776244316094,False,0.0,30.0
80,Q-Learning,V4,"(64, 24)",19.56843729069588,False,0.0,32.0
80,Q-Learning,V5,"(90, 36)",1.6675414173102823,True,15.512468905280222,1.0
80,Q-Learning,V6,"(62, 78)",2.6094355629253663,True,2.0077822185373186,1.0
80,Q-Learning,V7,"(50, 0)",11.889380820507817,False,0.0,7.0
80,Q-Learning,V8,"(46, 44)",6.041306707135821,False,0.0,9.0
80,Q-Learning,V9,"(45, 59)",1.9033490269995283,False,0.0,22.0
80,Q-Learning,V10,"(79, 95)",2.0332932670208343,False,0.0,18.0
81,Greedy,V1,"(45, 72)",2.71889346148194,True,0.6035702904487579,1.0
81,Greedy,V2,"(19, 72)",9.575411836865914,False,0.0,30.0
81,Greedy,V3,"(37, 67)",7.488122299910252,False,0.0,33.0
81,Greedy,V4,"(77, 58)",10.17510612578127,False,0.0,24.0
81,Greedy,V5,"(82, 37)",5.866725078961281,True,10.020302195521424,1.0
81,Greedy,V6,"(59, 92)",10.429704868230996,False,0.0,8.0
81,Greedy,V7,"(60, 27)",2.024880192613537,True,1.8582948559585688,1.0
81,Greedy,V8,"(37, 53)",0.5214473915365367,False,0.0,6.0
81,Greedy,V9,"(82, 85)",7.01417649592824,False,0.0,29.0
81,Greedy,V10,"(89, 20)",0.5423124259734351,False,0.0,18.0
81,Auction,V1,"(11, 65)",0.9453914731389048,True,1.9050706006528273,1.0
81,Auction,V2,"(20, 23)",21.66326566020954,False,0.0,43.0
81,Auction,V3,"(18, 70)",8.244477849321626,False,0.0,34.0
81,Auction,V4,"(92, 30)",13.533988614812614,False,0.0,28.0
81,Auction,V5,"(39, 39)",0.15490401933832487,True,16.25,1.0
81,Auction,V6,"(68, 91)",5.056557609682862,True,0.0,1.0
81,Auction,V7,"(98, 16)",11.652934388120379,False,0.0,8.0
81,Auction,V8,"(42, 40)",2.4453677249567036,False,0.0,7.0
81,Auction,V9,"(79, 7)",1.4840464854481326,False,0.0,23.0
81,Auction,V10,"(46, 44)",6.768204560841124,False,0.0,24.0
81,Q-Learning,V1,"(98, 16)",16.343002401636262,False,0.0,13.0
81,Q-Learning,V2,"(18, 70)",1.2060385750024665,False,0.0,22.0
81,Q-Learning,V3,"(1, 8)",6.103776244316094,False,0.0,31.0
81,Q-Learning,V4,"(65, 7)",2.8919751687204105,True,15.676462121975469,32.0
81,Q-Learning,V5,"(90, 36)",1.6675414173102823,True,14.512468905280222,1.0
81,Q-Learning,V6,"(62, 78)",2.6094355629253663,True,1.0077822185373186,1.0
81,Q-Learning,V7,"(50, 0)",11.889380820507817,False,0.0,8.0
81,Q-Learning,V8,"(46, 44)",6.041306707135821,False,0.0,10.0
81,Q-Learning,V9,"(45, 59)",1.9033490269995283,False,0.0,23.0
81,Q-Learning,V10,"(79, 95)",2.0332932670208343,False,0.0,19.0
82,Greedy,V1,"(45, 72)",2.71889346148194,True,0.0,1.0
82,Greedy,V2,"(19, 72)",9.575411836865914,False,0.0,31.0
82,Greedy,V3,"(37, 67)",7.488122299910252,False,0.0,34.0
82,Greedy,V4,"(77, 58)",10.17510612578127,False,0.0,25.0
82,Greedy,V5,"(82, 37)",5.866725078961281,True,9.020302195521424,1.0
82,Greedy,V6,"(59, 92)",10.429704868230996,False,0.0,9.0
82,Greedy,V7,"(60, 27)",2.024880192613537,True,0.8582948559585688,1.0
82,Greedy,V8,"(37, 53)",0.5214473915365367,False,0.0,7.0
82,Greedy,V9,"(82, 85)",7.01417649592824,False,0.0,30.0
82,Greedy,V10,"(89, 20)",0.5423124259734351,False,0.0,19.0
82,Auction,V1,"(11, 65)",0.9453914731389048,True,0.9050706006528273,1.0
82,Auction,V2,"(20, 23)",21.66326566020954,False,0.0,44.0
82,Auction,V3,"(18, 70)",8.244477849321626,False,0.0,35.0
82,Auction,V4,"(92, 30)",13.533988614812614,False,0.0,29.0
82,Auction,V5,"(39, 39)",0.15490401933832487,True,15.25,1.0
82,Auction,V6,"(68, 91)",5.056557609682862,False,0.0,2.0
82,Auction,V7,"(98, 16)",11.652934388120379,False,0.0,9.0
82,Auction,V8,"(42, 40)",2.4453677249567036,False,0.0,8.0
82,Auction,V9,"(79, 7)",1.4840464854481326,False,0.0,24.0
82,Auction,V10,"(46, 44)",6.768204560841124,False,0.0,25.0
82,Q-Learning,V1,"(98, 16)",16.343002401636262,False,0.0,14.0
82,Q-Learning,V2,"(18, 70)",1.2060385750024665,False,0.0,23.0
82,Q-Learning,V3,"(1, 8)",6.103776244316094,False,0.0,32.0
82,Q-Learning,V4,"(65, 7)",2.8919751687204105,True,14.676462121975469,32.0
82,Q-Learning,V5,"(90, 36)",1.6675414173102823,True,13.512468905280222,1.0
82,Q-Learning,V6,"(62, 78)",2.6094355629253663,True,0.0077822185373186414,1.0
82,Q-Learning,V7,"(50, 0)",11.889380820507817,False,0.0,9.0
82,Q-Learning,V8,"(46, 44)",6.041306707135821,False,0.0,11.0
82,Q-Learning,V9,"(45, 59)",1.9033490269995283,False,0.0,24.0
82,Q-Learning,V10,"(79, 95)",2.0332932670208343,False,0.0,20.0
83,Greedy,V1,"(45, 72)",2.71889346148194,False,0.0,2.0
83,Greedy,V2,"(19, 72)",9.575411836865914,False,0.0,32.0
83,Greedy,V3,"(37, 67)",7.488122299910252,False,0.0,35.0
83,Greedy,V4,"(77, 58)",10.17510612578127,False,0.0,26.0
83,Greedy,V5,"(82, 37)",5.866725078961281,True,8.020302195521424,1.0
83,Greedy,V6,"(59, 92)",10.429704868230996,False,0.0,10.0
83,Greedy,V7,"(60, 27)",2.024880192613537,True,0.0,1.0
83,Greedy,V8,"(37, 53)",0.5214473915365367,False,0.0,8.0
83,Greedy,V9,"(82, 85)",7.01417649592824,False,0.0,31.0
83,Greedy,V10,"(89, 20)",0.5423124259734351,False,0.0,20.0
83,Auction,V1,"(11, 65)",0.9453914731389048,True,0.0,1.0
83,Auction,V2,"(20, 23)",21.66326566020954,False,0.0,45.0
83,Auction,V3,"(18, 70)",8.244477849321626,False,0.0,36.0
83,Auction,V4,"(92, 30)",13.533988614812614,False,0.0,30.0
83,Auction,V5,"(39, 39)",0.15490401933832487,True,14.25,1.0
83,Auction,V6,"(68, 91)",5.056557609682862,False,0.0,3.0
83,Auction,V7,"(98, 16)",11.652934388120379,False,0.0,10.0
83,Auction,V8,"(42, 40)",2.4453677249567036,False,0.0,9.0
83,Auction,V9,"(79, 7)",1.4840464854481326,False,0.0,25.0
83,Auction,V10,"(46, 44)",6.768204560841124,False,0.0,26.0
83,Q-Learning,V1,"(98, 16)",16.343002401636262,False,0.0,15.0
83,Q-Learning,V2,"(18, 70)",1.2060385750024665,False,0.0,24.0
83,Q-Learning,V3,"(1, 8)",6.103776244316094,False,0.0,33.0
83,Q-Learning,V4,"(65, 7)",2.8919751687204105,True,13.676462121975469,32.0
83,Q-Learning,V5,"(90, 36)",1.6675414173102823,True,12.512468905280222,1.0
83,Q-Learning,V6,"(62, 78)",2.6094355629253663,True,0.0,1.0
83,Q-Learning,V7,"(50, 0)",11.889380820507817,False,0.0,10.0
83,Q-Learning,V8,"(46, 44)",6.041306707135821,False,0.0,12.0
83,Q-Learning,V9,"(45, 59)",1.9033490269995283,False,0.0,25.0
83,Q-Learning,V10,"(79, 95)",2.0332932670208343,False,0.0,21.0
84,Greedy,V1,"(45, 72)",2.71889346148194,False,0.0,3.0
84,Greedy,V2,"(19, 72)",9.575411836865914,False,0.0,33.0
84,Greedy,V3,"(37, 67)",7.488122299910252,False,0.0,36.0
84,Greedy,V4,"(77, 58)",10.17510612578127,False,0.0,27.0
84,Greedy,V5,"(82, 37)",5.866725078961281,True,7.020302195521424,1.0
84,Greedy,V6,"(59, 92)",10.429704868230996,False,0.0,11.0
84,Greedy,V7,"(60, 27)",2.024880192613537,False,0.0,2.0
84,Greedy,V8,"(37, 53)",0.5214473915365367,False,0.0,9.0
84,Greedy,V9,"(82, 85)",7.01417649592824,False,0.0,32.0
84,Greedy,V10,"(89, 20)",0.5423124259734351,False,0.0,21.0
84,Auction,V1,"(11, 65)",0.9453914731389048,False,0.0,2.0
84,Auction,V2,"(20, 23)",21.66326566020954,False,0.0,46.0
84,Auction,V3,"(18, 70)",8.244477849321626,False,0.0,37.0
84,Auction,V4,"(92, 30)",13.533988614812614,False,0.0,31.0
84,Auction,V5,"(39, 39)",0.15490401933832487,True,13.25,1.0
84,Auction,V6,"(68, 91)",5.056557609682862,False,0.0,4.0
84,Auction,V7,"(98, 16)",11.652934388120379,False,0.0,11.0
84,Auction,V8,"(42, 40)",2.4453677249567036,False,0.0,10.0
84,Auction,V9,"(79, 7)",1.4840464854481326,False,0.0,26.0
84,Auction,V10,"(46, 44)",6.768204560841124,False,0.0,27.0
84,Q-Learning,V1,"(98, 16)",16.343002401636262,False,0.0,16.0
84,Q-Learning,V2,"(18, 70)",1.2060385750024665,False,0.0,25.0
84,Q-Learning,V3,"(1, 8)",6.103776244316094,False,0.0,34.0
84,Q-Learning,V4,"(65, 7)",2.8919751687204105,True,12.676462121975469,32.0
84,Q-Learning,V5,"(90, 36)",1.6675414173102823,True,11.512468905280222,1.0
84,Q-Learning,V6,"(62, 78)",2.6094355629253663,False,0.0,2.0
84,Q-Learning,V7,"(50, 0)",11.889380820507817,False,0.0,11.0
84,Q-Learning,V8,"(46, 44)",6.041306707135821,False,0.0,13.0
84,Q-Learning,V9,"(45, 59)",1.9033490269995283,False,0.0,26.0
84,Q-Learning,V10,"(79, 95)",2.0332932670208343,False,0.0,22.0
85,Greedy,V1,"(45, 72)",2.71889346148194,False,0.0,4.0
85,Greedy,V2,"(19, 72)",9.575411836865914,False,0.0,34.0
85,Greedy,V3,"(37, 67)",7.488122299910252,False,0.0,37.0
85,Greedy,V4,"(77, 58)",10.17510612578127,False,0.0,28.0
85,Greedy,V5,"(82, 37)",5.866725078961281,True,6.020302195521424,1.0
85,Greedy,V6,"(59, 92)",10.429704868230996,False,0.0,12.0
85,Greedy,V7,"(60, 27)",2.024880192613537,False,0.0,3.0
85,Greedy,V8,"(37, 53)",0.5214473915365367,False,0.0,10.0
85,Greedy,V9,"(82, 85)",7.01417649592824,False,0.0,33.0
85,Greedy,V10,"(89, 20)",0.5423124259734351,False,0.0,22.0
85,Auction,V1,"(11, 65)",0.9453914731389048,False,0.0,3.0
85,Auction,V2,"(20, 23)",21.66326566020954,False,0.0,47.0
85,Auction,V3,"(18, 70)",8.244477849321626,False,0.0,38.0
85,Auction,V4,"(92, 30)",13.533988614812614,False,0.0,32.0
85,Auction,V5,"(39, 39)",0.15490401933832487,True,12.25,1.0
85,Auction,V6,"(68, 91)",5.056557609682862,False,0.0,5.0
85,Auction,V7,"(98, 16)",11.652934388120379,False,0.0,12.0
85,Auction,V8,"(42, 40)",2.4453677249567036,False,0.0,11.0
85,Auction,V9,"(79, 7)",1.4840464854481326,False,0.0,27.0
85,Auction,V10,"(46, 44)",6.768204560841124,False,0.0,28.0
85,Q-Learning,V1,"(98, 16)",16.343002401636262,False,0.0,17.0
85,Q-Learning,V2,"(18, 70)",1.2060385750024665,False,0.0,26.0
85,Q-Learning,V3,"(1, 8)",6.103776244316094,False,0.0,35.0
85,Q-Learning,V4,"(65, 7)",2.8919751687204105,True,11.676462121975469,32.0
85,Q-Learning,V5,"(90, 36)",1.6675414173102823,True,10.512468905280222,1.0
85,Q-Learning,V6,"(62, 78)",2.6094355629253663,False,0.0,3.0
85,Q-Learning,V7,"(50, 0)",11.889380820507817,False,0.0,12.0
85,Q-Learning,V8,"(46, 44)",6.041306707135821,False,0.0,14.0
85,Q-Learning,V9,"(45, 59)",1.9033490269995283,False,0.0,27.0
85,Q-Learning,V10,"(79, 95)",2.0332932670208343,False,0.0,23.0
86,Greedy,V1,"(45, 72)",2.71889346148194,False,0.0,5.0
86,Greedy,V2,"(19, 72)",9.575411836865914,False,0.0,35.0
86,Greedy,V3,"(37, 67)",7.488122299910252,False,0.0,38.0
86,Greedy,V4,"(77, 58)",10.17510612578127,False,0.0,29.0
86,Greedy,V5,"(82, 37)",5.866725078961281,True,5.020302195521424,1.0
86,Greedy,V6,"(59, 92)",10.429704868230996,False,0.0,13.0
86,Greedy,V7,"(60, 27)",2.024880192613537,False,0.0,4.0
86,Greedy,V8,"(37, 53)",0.5214473915365367,False,0.0,11.0
86,Greedy,V9,"(82, 85)",7.01417649592824,False,0.0,34.0
86,Greedy,V10,"(89, 20)",0.5423124259734351,False,0.0,23.0
86,Auction,V1,"(11, 65)",0.9453914731389048,False,0.0,4.0
86,Auction,V2,"(20, 23)",21.66326566020954,False,0.0,48.0
86,Auction,V3,"(18, 70)",8.244477849321626,False,0.0,39.0
86,Auction,V4,"(92, 30)",13.533988614812614,False,0.0,33.0
86,Auction,V5,"(39, 39)",0.15490401933832487,True,11.25,1.0
86,Auction,V6,"(68, 91)",5.056557609682862,False,0.0,6.0
86,Auction,V7,"(98, 16)",11.652934388120379,False,0.0,13.0
86,Auction,V8,"(42, 40)",2.4453677249567036,False,0.0,12.0
86,Auction,V9,"(79, 7)",1.4840464854481326,False,0.0,28.0
86,Auction,V10,"(46, 44)",6.768204560841124,False,0.0,29.0
86,Q-Learning,V1,"(98, 16)",16.343002401636262,False,0.0,18.0
86,Q-Learning,V2,"(18, 70)",1.2060385750024665,False,0.0,27.0
86,Q-Learning,V3,"(1, 8)",6.103776244316094,False,0.0,36.0
86,Q-Learning,V4,"(65, 7)",2.8919751687204105,True,10.676462121975469,32.0
86,Q-Learning,V5,"(90, 36)",1.6675414173102823,True,9.512468905280222,1.0
86,Q-Learning,V6,"(62, 78)",2.6094355629253663,False,0.0,4.0
86,Q-Learning,V7,"(50, 0)",11.889380820507817,False,0.0,13.0
86,Q-Learning,V8,"(46, 44)",6.041306707135821,False,0.0,15.0
86,Q-Learning,V9,"(45, 59)",1.9033490269995283,False,0.0,28.0
86,Q-Learning,V10,"(79, 95)",2.0332932670208343,False,0.0,24.0
87,Greedy,V1,"(45, 72)",2.71889346148194,False,0.0,6.0
87,Greedy,V2,"(19, 72)",9.575411836865914,False,0.0,36.0
87,Greedy,V3,"(37, 67)",7.488122299910252,False,0.0,39.0
87,Greedy,V4,"(77, 58)",10.17510612578127,False,0.0,30.0
87,Greedy,V5,"(82, 37)",5.866725078961281,True,4.020302195521424,1.0
87,Greedy,V6,"(59, 92)",10.429704868230996,False,0.0,14.0
87,Greedy,V7,"(60, 27)",2.024880192613537,False,0.0,5.0
87,Greedy,V8,"(37, 53)",0.5214473915365367,False,0.0,12.0
87,Greedy,V9,"(82, 85)",7.01417649592824,False,0.0,35.0
87,Greedy,V10,"(89, 20)",0.5423124259734351,False,0.0,24.0
87,Auction,V1,"(11, 65)",0.9453914731389048,False,0.0,5.0
87,Auction,V2,"(20, 23)",21.66326566020954,False,0.0,49.0
87,Auction,V3,"(18, 70)",8.244477849321626,False,0.0,40.0
87,Auction,V4,"(92, 30)",13.533988614812614,False,0.0,34.0
87,Auction,V5,"(39, 39)",0.15490401933832487,True,10.25,1.0
87,Auction,V6,"(68, 91)",5.056557609682862,False,0.0,7.0
87,Auction,V7,"(98, 16)",11.652934388120379,False,0.0,14.0
87,Auction,V8,"(42, 40)",2.4453677249567036,False,0.0,13.0
87,Auction,V9,"(79, 7)",1.4840464854481326,False,0.0,29.0
87,Auction,V10,"(46, 44)",6.768204560841124,False,0.0,30.0
87,Q-Learning,V1,"(98, 16)",16.343002401636262,False,0.0,19.0
87,Q-Learning,V2,"(18, 70)",1.2060385750024665,False,0.0,28.0
87,Q-Learning,V3,"(1, 8)",6.103776244316094,False,0.0,37.0
87,Q-Learning,V4,"(65, 7)",2.8919751687204105,True,9.676462121975469,32.0
87,Q-Learning,V5,"(90, 36)",1.6675414173102823,True,8.512468905280222,1.0
87,Q-Learning,V6,"(62, 78)",2.6094355629253663,False,0.0,5.0
87,Q-Learning,V7,"(50, 0)",11.889380820507817,False,0.0,14.0
87,Q-Learning,V8,"(46, 44)",6.041306707135821,False,0.0,16.0
87,Q-Learning,V9,"(45, 59)",1.9033490269995283,False,0.0,29.0
87,Q-Learning,V10,"(79, 95)",2.0332932670208343,False,0.0,25.0
88,Greedy,V1,"(45, 72)",2.71889346148194,False,0.0,7.0
88,Greedy,V2,"(19, 72)",9.575411836865914,False,0.0,37.0
88,Greedy,V3,"(37, 67)",7.488122299910252,False,0.0,40.0
88,Greedy,V4,"(77, 58)",10.17510612578127,False,0.0,31.0
88,Greedy,V5,"(82, 37)",5.866725078961281,True,3.020302195521424,1.0
88,Greedy,V6,"(59, 92)",10.429704868230996,False,0.0,15.0
88,Greedy,V7,"(60, 27)",2.024880192613537,False,0.0,6.0
88,Greedy,V8,"(37, 53)",0.5214473915365367,False,0.0,13.0
88,Greedy,V9,"(82, 85)",7.01417649592824,False,0.0,36.0
88,Greedy,V10,"(89, 20)",0.5423124259734351,False,0.0,25.0
88,Auction,V1,"(11, 65)",0.9453914731389048,False,0.0,6.0
88,Auction,V2,"(20, 23)",21.66326566020954,False,0.0,50.0
88,Auction,V3,"(18, 70)",8.244477849321626,False,0.0,41.0
88,Auction,V4,"(92, 30)",13.533988614812614,False,0.0,35.0
88,Auction,V5,"(39, 39)",0.15490401933832487,True,9.25,1.0
88,Auction,V6,"(68, 91)",5.056557609682862,False,0.0,8.0
88,Auction,V7,"(98, 16)",11.652934388120379,False,0.0,15.0
88,Auction,V8,"(42, 40)",2.4453677249567036,False,0.0,14.0
88,Auction,V9,"(79, 7)",1.4840464854481326,False,0.0,30.0
88,Auction,V10,"(46, 44)",6.768204560841124,False,0.0,31.0
88,Q-Learning,V1,"(98, 16)",16.343002401636262,False,0.0,20.0
88,Q-Learning,V2,"(18, 70)",1.2060385750024665,False,0.0,29.0
88,Q-Learning,V3,"(1, 8)",6.103776244316094,False,0.0,38.0
88,Q-Learning,V4,"(65, 7)",2.8919751687204105,True,8.676462121975469,32.0
88,Q-Learning,V5,"(90, 36)",1.6675414173102823,True,7.5124689052802225,1.0
88,Q-Learning,V6,"(62, 78)",2.6094355629253663,False,0.0,6.0
88,Q-Learning,V7,"(50, 0)",11.889380820507817,False,0.0,15.0
88,Q-Learning,V8,"(46, 44)",6.041306707135821,False,0.0,17.0
88,Q-Learning,V9,"(45, 59)",1.9033490269995283,False,0.0,30.0
88,Q-Learning,V10,"(79, 95)",2.0332932670208343,False,0.0,26.0
89,Greedy,V1,"(45, 72)",2.71889346148194,False,0.0,8.0
89,Greedy,V2,"(19, 72)",9.575411836865914,False,0.0,38.0
89,Greedy,V3,"(37, 67)",7.488122299910252,False,0.0,41.0
89,Greedy,V4,"(77, 58)",10.17510612578127,False,0.0,32.0
89,Greedy,V5,"(82, 37)",5.866725078961281,True,2.020302195521424,1.0
89,Greedy,V6,"(59, 92)",10.429704868230996,False,0.0,16.0
89,Greedy,V7,"(60, 27)",2.024880192613537,False,0.0,7.0
89,Greedy,V8,"(37, 53)",0.5214473915365367,False,0.0,14.0
89,Greedy,V9,"(82, 85)",7.01417649592824,False,0.0,37.0
89,Greedy,V10,"(89, 20)",0.5423124259734351,False,0.0,26.0
89,Auction,V1,"(11, 65)",0.9453914731389048,False,0.0,7.0
89,Auction,V2,"(20, 23)",21.66326566020954,False,0.0,51.0
89,Auction,V3,"(18, 70)",8.244477849321626,False,0.0,42.0
89,Auction,V4,"(92, 30)",13.533988614812614,False,0.0,36.0
89,Auction,V5,"(39, 39)",0.15490401933832487,True,8.25,1.0
89,Auction,V6,"(68, 91)",5.056557609682862,False,0.0,9.0
89,Auction,V7,"(98, 16)",11.652934388120379,False,0.0,16.0
89,Auction,V8,"(42, 40)",2.4453677249567036,False,0.0,15.0
89,Auction,V9,"(79, 7)",1.4840464854481326,False,0.0,31.0
89,Auction,V10,"(46, 44)",6.768204560841124,False,0.0,32.0
89,Q-Learning,V1,"(98, 16)",16.343002401636262,False,0.0,21.0
89,Q-Learning,V2,"(18, 70)",1.2060385750024665,False,0.0,30.0
89,Q-Learning,V3,"(1, 8)",6.103776244316094,False,0.0,39.0
89,Q-Learning,V4,"(65, 7)",2.8919751687204105,True,7.676462121975469,32.0
89,Q-Learning,V5,"(90, 36)",1.6675414173102823,True,6.5124689052802225,1.0
89,Q-Learning,V6,"(62, 78)",2.6094355629253663,False,0.0,7.0
89,Q-Learning,V7,"(50, 0)",11.889380820507817,False,0.0,16.0
89,Q-Learning,V8,"(46, 44)",6.041306707135821,False,0.0,18.0
89,Q-Learning,V9,"(45, 59)",1.9033490269995283,False,0.0,31.0
89,Q-Learning,V10,"(79, 95)",2.0332932670208343,False,0.0,27.0
90,Greedy,V1,"(45, 72)",2.71889346148194,False,0.0,9.0
90,Greedy,V2,"(19, 72)",9.575411836865914,False,0.0,39.0
90,Greedy,V3,"(37, 67)",7.488122299910252,False,0.0,42.0
90,Greedy,V4,"(77, 58)",10.17510612578127,False,0.0,33.0
90,Greedy,V5,"(82, 37)",5.866725078961281,True,1.020302195521424,1.0
90,Greedy,V6,"(59, 92)",10.429704868230996,False,0.0,17.0
90,Greedy,V7,"(60, 27)",2.024880192613537,False,0.0,8.0
90,Greedy,V8,"(37, 53)",0.5214473915365367,False,0.0,15.0
90,Greedy,V9,"(82, 85)",7.01417649592824,False,0.0,38.0
90,Greedy,V10,"(89, 20)",0.5423124259734351,False,0.0,27.0
90,Auction,V1,"(11, 65)",0.9453914731389048,False,0.0,8.0
90,Auction,V2,"(20, 23)",21.66326566020954,False,0.0,52.0
90,Auction,V3,"(18, 70)",8.244477849321626,False,0.0,43.0
90,Auction,V4,"(92, 30)",13.533988614812614,False,0.0,37.0
90,Auction,V5,"(39, 39)",0.15490401933832487,True,7.25,1.0
90,Auction,V6,"(68, 91)",5.056557609682862,False,0.0,10.0
90,Auction,V7,"(98, 16)",11.652934388120379,False,0.0,17.0
90,Auction,V8,"(42, 40)",2.4453677249567036,False,0.0,16.0
90,Auction,V9,"(79, 7)",1.4840464854481326,False,0.0,32.0
90,Auction,V10,"(46, 44)",6.768204560841124,False,0.0,33.0
90,Q-Learning,V1,"(98, 16)",16.343002401636262,False,0.0,22.0
90,Q-Learning,V2,"(18, 70)",1.2060385750024665,False,0.0,31.0
90,Q-Learning,V3,"(1, 8)",6.103776244316094,False,0.0,40.0
90,Q-Learning,V4,"(65, 7)",2.8919751687204105,True,6.676462121975469,32.0
90,Q-Learning,V5,"(90, 36)",1.6675414173102823,True,5.5124689052802225,1.0
90,Q-Learning,V6,"(62, 78)",2.6094355629253663,False,0.0,8.0
90,Q-Learning,V7,"(50, 0)",11.889380820507817,False,0.0,17.0
90,Q-Learning,V8,"(46, 44)",6.041306707135821,False,0.0,19.0
90,Q-Learning,V9,"(45, 59)",1.9033490269995283,False,0.0,32.0
90,Q-Learning,V10,"(79, 95)",2.0332932670208343,False,0.0,28.0
91,Greedy,V1,"(45, 72)",2.71889346148194,False,0.0,10.0
91,Greedy,V2,"(19, 72)",9.575411836865914,False,0.0,40.0
91,Greedy,V3,"(37, 67)",7.488122299910252,False,0.0,43.0
91,Greedy,V4,"(77, 58)",10.17510612578127,False,0.0,34.0
91,Greedy,V5,"(82, 37)",5.866725078961281,True,0.020302195521423982,1.0
91,Greedy,V6,"(59, 92)",10.429704868230996,False,0.0,18.0
91,Greedy,V7,"(60, 27)",2.024880192613537,False,0.0,9.0
91,Greedy,V8,"(37, 53)",0.5214473915365367,False,0.0,16.0
91,Greedy,V9,"(82, 85)",7.01417649592824,False,0.0,39.0
91,Greedy,V10,"(89, 20)",0.5423124259734351,False,0.0,28.0
91,Auction,V1,"(11, 65)",0.9453914731389048,False,0.0,9.0
91,Auction,V2,"(41, 6)",1.6570949361386766,True,19.006170724070863,52.0
91,Auction,V3,"(18, 70)",8.244477849321626,False,0.0,44.0
91,Auction,V4,"(92, 30)",13.533988614812614,False,0.0,38.0
91,Auction,V5,"(39, 39)",0.15490401933832487,True,6.25,1.0
91,Auction,V6,"(68, 91)",5.056557609682862,False,0.0,11.0
91,Auction,V7,"(98, 16)",11.652934388120379,False,0.0,18.0
91,Auction,V8,"(42, 40)",2.4453677249567036,False,0.0,17.0
91,Auction,V9,"(79, 7)",1.4840464854481326,False,0.0,33.0
91,Auction,V10,"(46, 44)",6.768204560841124,False,0.0,34.0
91,Q-Learning,V1,"(98, 16)",16.343002401636262,False,0.0,23.0
91,Q-Learning,V2,"(18, 70)",1.2060385750024665,False,0.0,32.0
91,Q-Learning,V3,"(1, 8)",6.103776244316094,False,0.0,41.0
91,Q-Learning,V4,"(65, 7)",2.8919751687204105,True,5.676462121975469,32.0
91,Q-Learning,V5,"(90, 36)",1.6675414173102823,True,4.5124689052802225,1.0
91,Q-Learning,V6,"(62, 78)",2.6094355629253663,False,0.0,9.0
91,Q-Learning,V7,"(50, 0)",11.889380820507817,False,0.0,18.0
91,Q-Learning,V8,"(46, 44)",6.041306707135821,False,0.0,20.0
91,Q-Learning,V9,"(45, 59)",1.9033490269995283,False,0.0,33.0
91,Q-Learning,V10,"(79, 95)",2.0332932670208343,False,0.0,29.0
92,Greedy,V1,"(45, 72)",2.71889346148194,False,0.0,11.0
92,Greedy,V2,"(19, 72)",9.575411836865914,False,0.0,41.0
92,Greedy,V3,"(37, 67)",7.488122299910252,False,0.0,44.0
92,Greedy,V4,"(77, 58)",10.17510612578127,False,0.0,35.0
92,Greedy,V5,"(82, 37)",5.866725078961281,True,0.0,1.0
92,Greedy,V6,"(59, 92)",10.429704868230996,False,0.0,19.0
92,Greedy,V7,"(60, 27)",2.024880192613537,False,0.0,10.0
92,Greedy,V8,"(37, 53)",0.5214473915365367,False,0.0,17.0
92,Greedy,V9,"(82, 85)",7.01417649592824,False,0.0,40.0
92,Greedy,V10,"(89, 20)",0.5423124259734351,False,0.0,29.0
92,Auction,V1,"(11, 65)",0.9453914731389048,False,0.0,10.0
92,Auction,V2,"(41, 6)",1.6570949361386766,True,18.006170724070863,52.0
92,Auction,V3,"(18, 70)",8.244477849321626,False,0.0,45.0
92,Auction,V4,"(92, 30)",13.533988614812614,False,0.0,39.0
92,Auction,V5,"(39, 39)",0.15490401933832487,True,5.25,1.0
92,Auction,V6,"(68, 91)",5.056557609682862,False,0.0,12.0
92,Auction,V7,"(98, 16)",11.652934388120379,False,0.0,19.0
92,Auction,V8,"(42, 40)",2.4453677249567036,False,0.0,18.0
92,Auction,V9,"(79, 7)",1.4840464854481326,False,0.0,34.0
92,Auction,V10,"(46, 44)",6.768204560841124,False,0.0,35.0
92,Q-Learning,V1,"(98, 16)",16.343002401636262,False,0.0,24.0
92,Q-Learning,V2,"(18, 70)",1.2060385750024665,False,0.0,33.0
92,Q-Learning,V3,"(1, 8)",6.103776244316094,False,0.0,42.0
92,Q-Learning,V4,"(65, 7)",2.8919751687204105,True,4.676462121975469,32.0
92,Q-Learning,V5,"(90, 36)",1.6675414173102823,True,3.5124689052802225,1.0
92,Q-Learning,V6,"(62, 78)",2.6094355629253663,False,0.0,10.0
92,Q-Learning,V7,"(50, 0)",11.889380820507817,False,0.0,19.0
92,Q-Learning,V8,"(46, 44)",6.041306707135821,False,0.0,21.0
92,Q-Learning,V9,"(45, 59)",1.9033490269995283,False,0.0,34.0
92,Q-Learning,V10,"(79, 95)",2.0332932670208343,False,0.0,30.0
93,Greedy,V1,"(45, 72)",2.71889346148194,False,0.0,12.0
93,Greedy,V2,"(19, 72)",9.575411836865914,False,0.0,42.0
93,Greedy,V3,"(37, 67)",7.488122299910252,False,0.0,45.0
93,Greedy,V4,"(77, 58)",10.17510612578127,False,0.0,36.0
93,Greedy,V5,"(82, 37)",5.866725078961281,False,0.0,2.0
93,Greedy,V6,"(59, 92)",10.429704868230996,False,0.0,20.0
93,Greedy,V7,"(60, 27)",2.024880192613537,False,0.0,11.0
93,Greedy,V8,"(37, 53)",0.5214473915365367,False,0.0,18.0
93,Greedy,V9,"(82, 85)",7.01417649592824,False,0.0,41.0
93,Greedy,V10,"(89, 20)",0.5423124259734351,False,0.0,30.0
93,Auction,V1,"(11, 65)",0.9453914731389048,False,0.0,11.0
93,Auction,V2,"(41, 6)",1.6570949361386766,True,17.006170724070863,52.0
93,Auction,V3,"(18, 70)",8.244477849321626,False,0.0,46.0
93,Auction,V4,"(92, 30)",13.533988614812614,False,0.0,40.0
93,Auction,V5,"(39, 39)",0.15490401933832487,True,4.25,1.0
93,Auction,V6,"(68, 91)",5.056557609682862,False,0.0,13.0
93,Auction,V7,"(98, 16)",11.652934388120379,False,0.0,20.0
93,Auction,V8,"(42, 40)",2.4453677249567036,False,0.0,19.0
93,Auction,V9,"(79, 7)",1.4840464854481326,False,0.0,35.0
93,Auction,V10,"(46, 44)",6.768204560841124,False,0.0,36.0
93,Q-Learning,V1,"(98, 16)",16.343002401636262,False,0.0,25.0
93,Q-Learning,V2,"(18, 70)",1.2060385750024665,False,0.0,34.0
93,Q-Learning,V3,"(1, 8)",6.103776244316094,False,0.0,43.0
93,Q-Learning,V4,"(65, 7)",2.8919751687204105,True,3.6764621219754687,32.0
93,Q-Learning,V5,"(90, 36)",1.6675414173102823,True,2.5124689052802225,1.0
93,Q-Learning,V6,"(62, 78)",2.6094355629253663,False,0.0,11.0
93,Q-Learning,V7,"(50, 0)",11.889380820507817,False,0.0,20.0
93,Q-Learning,V8,"(46, 44)",6.041306707135821,False,0.0,22.0
93,Q-Learning,V9,"(45, 59)",1.9033490269995283,False,0.0,35.0
93,Q-Learning,V10,"(79, 95)",2.0332932670208343,False,0.0,31.0
94,Greedy,V1,"(45, 72)",2.71889346148194,False,0.0,13.0
94,Greedy,V2,"(19, 72)",9.575411836865914,False,0.0,43.0
94,Greedy,V3,"(37, 67)",7.488122299910252,False,0.0,46.0
94,Greedy,V4,"(77, 58)",10.17510612578127,False,0.0,37.0
94,Greedy,V5,"(82, 37)",5.866725078961281,False,0.0,3.0
94,Greedy,V6,"(59, 92)",10.429704868230996,False,0.0,21.0
94,Greedy,V7,"(60, 27)",2.024880192613537,False,0.0,12.0
94,Greedy,V8,"(37, 53)",0.5214473915365367,False,0.0,19.0
94,Greedy,V9,"(82, 85)",7.01417649592824,False,0.0,42.0
94,Greedy,V10,"(89, 20)",0.5423124259734351,False,0.0,31.0
94,Auction,V1,"(11, 65)",0.9453914731389048,False,0.0,12.0
94,Auction,V2,"(41, 6)",1.6570949361386766,True,16.006170724070863,52.0
94,Auction,V3,"(18, 70)",8.244477849321626,False,0.0,47.0
94,Auction,V4,"(92, 30)",13.533988614812614,False,0.0,41.0
94,Auction,V5,"(39, 39)",0.15490401933832487,True,3.25,1.0
94,Auction,V6,"(68, 91)",5.056557609682862,False,0.0,14.0
94,Auction,V7,"(98, 16)",11.652934388120379,False,0.0,21.0
94,Auction,V8,"(42, 40)",2.4453677249567036,False,0.0,20.0
94,Auction,V9,"(79, 7)",1.4840464854481326,False,0.0,36.0
94,Auction,V10,"(46, 44)",6.768204560841124,False,0.0,37.0
94,Q-Learning,V1,"(98, 16)",16.343002401636262,False,0.0,26.0
94,Q-Learning,V2,"(18, 70)",1.2060385750024665,False,0.0,35.0
94,Q-Learning,V3,"(1, 8)",6.103776244316094,False,0.0,44.0
94,Q-Learning,V4,"(65, 7)",2.8919751687204105,True,2.6764621219754687,32.0
94,Q-Learning,V5,"(90, 36)",1.6675414173102823,True,1.5124689052802225,1.0
94,Q-Learning,V6,"(62, 78)",2.6094355629253663,False,0.0,12.0
94,Q-Learning,V7,"(50, 0)",11.889380820507817,False,0.0,21.0
94,Q-Learning,V8,"(46, 44)",6.041306707135821,False,0.0,23.0
94,Q-Learning,V9,"(45, 59)",1.9033490269995283,False,0.0,36.0
94,Q-Learning,V10,"(79, 95)",2.0332932670208343,False,0.0,32.0
95,Greedy,V1,"(45, 72)",2.71889346148194,False,0.0,14.0
95,Greedy,V2,"(19, 72)",9.575411836865914,False,0.0,44.0
95,Greedy,V3,"(37, 67)",7.488122299910252,False,0.0,47.0
95,Greedy,V4,"(77, 58)",10.17510612578127,False,0.0,38.0
95,Greedy,V5,"(82, 37)",5.866725078961281,False,0.0,4.0
95,Greedy,V6,"(59, 92)",10.429704868230996,False,0.0,22.0
95,Greedy,V7,"(60, 27)",2.024880192613537,False,0.0,13.0
95,Greedy,V8,"(37, 53)",0.5214473915365367,False,0.0,20.0
95,Greedy,V9,"(82, 85)",7.01417649592824,False,0.0,43.0
95,Greedy,V10,"(89, 20)",0.5423124259734351,False,0.0,32.0
95,Auction,V1,"(11, 65)",0.9453914731389048,False,0.0,13.0
95,Auction,V2,"(41, 6)",1.6570949361386766,True,15.006170724070863,52.0
95,Auction,V3,"(18, 70)",8.244477849321626,False,0.0,48.0
95,Auction,V4,"(92, 30)",13.533988614812614,False,0.0,42.0
95,Auction,V5,"(39, 39)",0.15490401933832487,True,2.25,1.0
95,Auction,V6,"(68, 91)",5.056557609682862,False,0.0,15.0
95,Auction,V7,"(98, 16)",11.652934388120379,False,0.0,22.0
95,Auction,V8,"(42, 40)",2.4453677249567036,False,0.0,21.0
95,Auction,V9,"(79, 7)",1.4840464854481326,False,0.0,37.0
95,Auction,V10,"(46, 44)",6.768204560841124,False,0.0,38.0
95,Q-Learning,V1,"(98, 16)",16.343002401636262,False,0.0,27.0
95,Q-Learning,V2,"(18, 70)",1.2060385750024665,False,0.0,36.0
95,Q-Learning,V3,"(1, 8)",6.103776244316094,False,0.0,45.0
95,Q-Learning,V4,"(65, 7)",2.8919751687204105,True,1.6764621219754687,32.0
95,Q-Learning,V5,"(90, 36)",1.6675414173102823,True,0.5124689052802225,1.0
95,Q-Learning,V6,"(62, 78)",2.6094355629253663,False,0.0,13.0
95,Q-Learning,V7,"(50, 0)",11.889380820507817,False,0.0,22.0
95,Q-Learning,V8,"(46, 44)",6.041306707135821,False,0.0,24.0
95,Q-Learning,V9,"(45, 59)",1.9033490269995283,False,0.0,37.0
95,Q-Learning,V10,"(79, 95)",2.0332932670208343,False,0.0,33.0
96,Greedy,V1,"(45, 72)",2.71889346148194,False,0.0,15.0
96,Greedy,V2,"(19, 72)",9.575411836865914,False,0.0,45.0
96,Greedy,V3,"(37, 67)",7.488122299910252,False,0.0,48.0
96,Greedy,V4,"(77, 58)",10.17510612578127,False,0.0,39.0
96,Greedy,V5,"(82, 37)",5.866725078961281,False,0.0,5.0
96,Greedy,V6,"(59, 92)",10.429704868230996,False,0.0,23.0
96,Greedy,V7,"(60, 27)",2.024880192613537,False,0.0,14.0
96,Greedy,V8,"(37, 53)",0.5214473915365367,False,0.0,21.0
96,Greedy,V9,"(82, 85)",7.01417649592824,False,0.0,44.0
96,Greedy,V10,"(89, 20)",0.5423124259734351,False,0.0,33.0
96,Auction,V1,"(11, 65)",0.9453914731389048,False,0.0,14.0
96,Auction,V2,"(41, 6)",1.6570949361386766,True,14.006170724070863,52.0
96,Auction,V3,"(18, 70)",8.244477849321626,False,0.0,49.0
96,Auction,V4,"(92, 30)",13.533988614812614,False,0.0,43.0
96,Auction,V5,"(39, 39)",0.15490401933832487,True,1.25,1.0
96,Auction,V6,"(68, 91)",5.056557609682862,False,0.0,16.0
96,Auction,V7,"(98, 16)",11.652934388120379,False,0.0,23.0
96,Auction,V8,"(42, 40)",2.4453677249567036,False,0.0,22.0
96,Auction,V9,"(79, 7)",1.4840464854481326,False,0.0,38.0
96,Auction,V10,"(46, 44)",6.768204560841124,False,0.0,39.0
96,Q-Learning,V1,"(98, 16)",16.343002401636262,False,0.0,28.0
96,Q-Learning,V2,"(18, 70)",1.2060385750024665,False,0.0,37.0
96,Q-Learning,V3,"(1, 8)",6.103776244316094,False,0.0,46.0
96,Q-Learning,V4,"(65, 7)",2.8919751687204105,True,0.6764621219754687,32.0
96,Q-Learning,V5,"(90, 36)",1.6675414173102823,True,0.0,1.0
96,Q-Learning,V6,"(62, 78)",2.6094355629253663,False,0.0,14.0
96,Q-Learning,V7,"(50, 0)",11.889380820507817,False,0.0,23.0
96,Q-Learning,V8,"(46, 44)",6.041306707135821,False,0.0,25.0
96,Q-Learning,V9,"(45, 59)",1.9033490269995283,False,0.0,38.0
96,Q-Learning,V10,"(79, 95)",2.0332932670208343,False,0.0,34.0
97,Greedy,V1,"(45, 72)",2.71889346148194,False,0.0,16.0
97,Greedy,V2,"(19, 72)",9.575411836865914,False,0.0,46.0
97,Greedy,V3,"(37, 67)",7.488122299910252,False,0.0,49.0
97,Greedy,V4,"(77, 58)",10.17510612578127,False,0.0,40.0
97,Greedy,V5,"(82, 37)",5.866725078961281,False,0.0,6.0
97,Greedy,V6,"(59, 92)",10.429704868230996,False,0.0,24.0
97,Greedy,V7,"(60, 27)",2.024880192613537,False,0.0,15.0
97,Greedy,V8,"(37, 53)",0.5214473915365367,False,0.0,22.0
97,Greedy,V9,"(82, 85)",7.01417649592824,False,0.0,45.0
97,Greedy,V10,"(89, 20)",0.5423124259734351,False,0.0,34.0
97,Auction,V1,"(11, 65)",0.9453914731389048,False,0.0,15.0
97,Auction,V2,"(41, 6)",1.6570949361386766,True,13.006170724070863,52.0
97,Auction,V3,"(18, 70)",8.244477849321626,False,0.0,50.0
97,Auction,V4,"(92, 30)",13.533988614812614,False,0.0,44.0
97,Auction,V5,"(39, 39)",0.15490401933832487,True,0.25,1.0
97,Auction,V6,"(68, 91)",5.056557609682862,False,0.0,17.0
97,Auction,V7,"(98, 16)",11.652934388120379,False,0.0,24.0
97,Auction,V8,"(42, 40)",2.4453677249567036,False,0.0,23.0
97,Auction,V9,"(79, 7)",1.4840464854481326,False,0.0,39.0
97,Auction,V10,"(46, 44)",6.768204560841124,False,0.0,40.0
97,Q-Learning,V1,"(98, 16)",16.343002401636262,False,0.0,29.0
97,Q-Learning,V2,"(18, 70)",1.2060385750024665,False,0.0,38.0
97,Q-Learning,V3,"(1, 8)",6.103776244316094,False,0.0,47.0
97,Q-Learning,V4,"(65, 7)",2.8919751687204105,True,0.0,32.0
97,Q-Learning,V5,"(90, 36)",1.6675414173102823,False,0.0,2.0
97,Q-Learning,V6,"(62, 78)",2.6094355629253663,False,0.0,15.0
97,Q-Learning,V7,"(50, 0)",11.889380820507817,False,0.0,24.0
97,Q-Learning,V8,"(46, 44)",6.041306707135821,False,0.0,26.0
97,Q-Learning,V9,"(45, 59)",1.9033490269995283,False,0.0,39.0
97,Q-Learning,V10,"(79, 95)",2.0332932670208343,False,0.0,35.0
98,Greedy,V1,"(45, 72)",2.71889346148194,False,0.0,17.0
98,Greedy,V2,"(19, 72)",9.575411836865914,False,0.0,47.0
98,Greedy,V3,"(37, 67)",7.488122299910252,False,0.0,50.0
98,Greedy,V4,"(77, 58)",10.17510612578127,False,0.0,41.0
98,Greedy,V5,"(82, 37)",5.866725078961281,False,0.0,7.0
98,Greedy,V6,"(59, 92)",10.429704868230996,False,0.0,25.0
98,Greedy,V7,"(60, 27)",2.024880192613537,False,0.0,16.0
98,Greedy,V8,"(37, 53)",0.5214473915365367,False,0.0,23.0
98,Greedy,V9,"(82, 85)",7.01417649592824,False,0.0,46.0
98,Greedy,V10,"(89, 20)",0.5423124259734351,False,0.0,35.0
98,Auction,V1,"(11, 65)",0.9453914731389048,False,0.0,16.0
98,Auction,V2,"(41, 6)",1.6570949361386766,True,12.006170724070863,52.0
98,Auction,V3,"(18, 70)",8.244477849321626,False,0.0,51.0
98,Auction,V4,"(92, 30)",13.533988614812614,False,0.0,45.0
98,Auction,V5,"(39, 39)",0.15490401933832487,True,0.0,1.0
98,Auction,V6,"(68, 91)",5.056557609682862,False,0.0,18.0
98,Auction,V7,"(98, 16)",11.652934388120379,False,0.0,25.0
98,Auction,V8,"(42, 40)",2.4453677249567036,False,0.0,24.0
98,Auction,V9,"(79, 7)",1.4840464854481326,False,0.0,40.0
98,Auction,V10,"(46, 44)",6.768204560841124,False,0.0,41.0
98,Q-Learning,V1,"(98, 16)",16.343002401636262,False,0.0,30.0
98,Q-Learning,V2,"(18, 70)",1.2060385750024665,False,0.0,39.0
98,Q-Learning,V3,"(1, 8)",6.103776244316094,False,0.0,48.0
98,Q-Learning,V4,"(65, 7)",2.8919751687204105,False,0.0,33.0
98,Q-Learning,V5,"(90, 36)",1.6675414173102823,False,0.0,3.0
98,Q-Learning,V6,"(62, 78)",2.6094355629253663,False,0.0,16.0
98,Q-Learning,V7,"(50, 0)",11.889380820507817,False,0.0,25.0
98,Q-Learning,V8,"(46, 44)",6.041306707135821,False,0.0,27.0
98,Q-Learning,V9,"(45, 59)",1.9033490269995283,False,0.0,40.0
98,Q-Learning,V10,"(79, 95)",2.0332932670208343,False,0.0,36.0
99,Greedy,V1,"(45, 72)",2.71889346148194,False,0.0,18.0
99,Greedy,V2,"(19, 72)",9.575411836865914,False,0.0,48.0
99,Greedy,V3,"(37, 67)",7.488122299910252,False,0.0,51.0
99,Greedy,V4,"(77, 58)",10.17510612578127,False,0.0,42.0
99,Greedy,V5,"(82, 37)",5.866725078961281,False,0.0,8.0
99,Greedy,V6,"(59, 92)",10.429704868230996,False,0.0,26.0
99,Greedy,V7,"(60, 27)",2.024880192613537,False,0.0,17.0
99,Greedy,V8,"(37, 53)",0.5214473915365367,False,0.0,24.0
99,Greedy,V9,"(82, 85)",7.01417649592824,False,0.0,47.0
99,Greedy,V10,"(89, 20)",0.5423124259734351,False,0.0,36.0
99,Auction,V1,"(11, 65)",0.9453914731389048,False,0.0,17.0
99,Auction,V2,"(41, 6)",1.6570949361386766,True,11.006170724070863,52.0
99,Auction,V3,"(18, 70)",8.244477849321626,False,0.0,52.0
99,Auction,V4,"(92, 30)",13.533988614812614,False,0.0,46.0
99,Auction,V5,"(39, 39)",0.15490401933832487,False,0.0,2.0
99,Auction,V6,"(68, 91)",5.056557609682862,False,0.0,19.0
99,Auction,V7,"(98, 16)",11.652934388120379,False,0.0,26.0
99,Auction,V8,"(42, 40)",2.4453677249567036,False,0.0,25.0
99,Auction,V9,"(79, 7)",1.4840464854481326,False,0.0,41.0
99,Auction,V10,"(46, 44)",6.768204560841124,False,0.0,42.0
99,Q-Learning,V1,"(98, 16)",16.343002401636262,False,0.0,31.0
99,Q-Learning,V2,"(18, 70)",1.2060385750024665,False,0.0,40.0
99,Q-Learning,V3,"(1, 8)",6.103776244316094,False,0.0,49.0
99,Q-Learning,V4,"(65, 7)",2.8919751687204105,False,0.0,34.0
99,Q-Learning,V5,"(90, 36)",1.6675414173102823,False,0.0,4.0
99,Q-Learning,V6,"(62, 78)",2.6094355629253663,False,0.0,17.0
99,Q-Learning,V7,"(50, 0)",11.889380820507817,False,0.0,26.0
99,Q-Learning,V8,"(46, 44)",6.041306707135821,False,0.0,28.0
99,Q-Learning,V9,"(45, 59)",1.9033490269995283,False,0.0,41.0
99,Q-Learning,V10,"(79, 95)",2.0332932670208343,False,0.0,37.0
