time_step,method,task_id,position,urgency,duration
0,Greedy,T1,"(17, 100)",9,18.0
0,Greedy,T2,"(52, 59)",3,11.0
0,Greedy,T3,"(95, 13)",5,22.0
0,Greedy,T4,"(31, 85)",3,18.0
0,Greedy,T5,"(84, 2)",5,11.0
0,Greedy,T6,"(87, 11)",5,17.0
0,Greedy,T7,"(19, 43)",9,15.0
0,Greedy,T8,"(96, 60)",5,18.0
0,Greedy,T9,"(20, 54)",4,27.0
0,Greedy,T10,"(30, 72)",7,24.0
0,Auction,T1,"(17, 100)",9,18.0
0,Auction,T2,"(52, 59)",3,11.0
0,Auction,T3,"(95, 13)",5,22.0
0,Auction,T4,"(31, 85)",3,18.0
0,Auction,T5,"(84, 2)",5,11.0
0,Auction,T6,"(87, 11)",5,17.0
0,Auction,T7,"(19, 43)",9,15.0
0,Auction,T8,"(96, 60)",5,18.0
0,Auction,T9,"(20, 54)",4,27.0
0,Auction,T10,"(30, 72)",7,24.0
0,Q-Learning,T1,"(17, 100)",9,18.0
0,Q-Learning,T2,"(52, 59)",3,11.0
0,Q-Learning,T3,"(95, 13)",5,22.0
0,Q-Learning,T4,"(31, 85)",3,18.0
0,Q-Learning,T5,"(84, 2)",5,11.0
0,Q-Learning,T6,"(87, 11)",5,17.0
0,Q-Learning,T7,"(19, 43)",9,15.0
0,Q-Learning,T8,"(96, 60)",5,18.0
0,Q-Learning,T9,"(20, 54)",4,27.0
0,Q-Learning,T10,"(30, 72)",7,24.0
3,Greedy,D1,"(20, 50)",2,17.0
3,Auction,D1,"(20, 50)",2,17.0
3,Q-Learning,D1,"(20, 50)",2,17.0
4,Greedy,D1,"(20, 50)",3,17.0
4,Auction,D1,"(20, 50)",3,17.0
4,Q-Learning,D1,"(20, 50)",3,17.0
5,Greedy,D1,"(20, 50)",4,17.0
5,Auction,D1,"(20, 50)",4,17.0
5,Q-Learning,D1,"(20, 50)",4,17.0
6,Greedy,D1,"(20, 50)",5,17.0
6,Auction,D1,"(20, 50)",5,17.0
6,Q-Learning,D1,"(20, 50)",5,17.0
7,Greedy,D1,"(20, 50)",6,17.0
7,Auction,D1,"(20, 50)",6,17.0
7,Q-Learning,D1,"(20, 50)",6,17.0
8,Greedy,D1,"(20, 50)",7,17.0
8,Greedy,D2,"(26, 100)",9,18.0
8,Auction,D1,"(20, 50)",7,17.0
8,Auction,D2,"(26, 100)",9,18.0
8,Q-Learning,D1,"(20, 50)",7,17.0
8,Q-Learning,D2,"(26, 100)",9,18.0
9,Greedy,D1,"(20, 50)",8,17.0
9,Greedy,D2,"(26, 100)",10,18.0
9,Greedy,D3,"(56, 40)",3,28.0
9,Auction,D1,"(20, 50)",8,17.0
9,Auction,D2,"(26, 100)",10,18.0
9,Auction,D3,"(56, 40)",3,28.0
9,Q-Learning,D1,"(20, 50)",8,17.0
9,Q-Learning,D2,"(26, 100)",10,18.0
9,Q-Learning,D3,"(56, 40)",3,28.0
10,Greedy,D1,"(20, 50)",9,17.0
10,Greedy,D2,"(26, 100)",11,18.0
10,Greedy,D3,"(56, 40)",4,28.0
10,Greedy,D4,"(15, 96)",7,23.0
10,Auction,D1,"(20, 50)",9,17.0
10,Auction,D2,"(26, 100)",11,18.0
10,Auction,D3,"(56, 40)",4,28.0
10,Auction,D4,"(15, 96)",7,23.0
10,Q-Learning,D1,"(20, 50)",9,17.0
10,Q-Learning,D2,"(26, 100)",11,18.0
10,Q-Learning,D3,"(56, 40)",4,28.0
10,Q-Learning,D4,"(15, 96)",7,23.0
11,Greedy,D1,"(20, 50)",10,17.0
11,Greedy,D2,"(26, 100)",12,18.0
11,Greedy,D3,"(56, 40)",5,28.0
11,Greedy,D4,"(15, 96)",8,23.0
11,Auction,D1,"(20, 50)",10,17.0
11,Auction,D2,"(26, 100)",12,18.0
11,Auction,D3,"(56, 40)",5,28.0
11,Auction,D4,"(15, 96)",8,23.0
11,Q-Learning,D1,"(20, 50)",10,17.0
11,Q-Learning,D2,"(26, 100)",12,18.0
11,Q-Learning,D3,"(56, 40)",5,28.0
11,Q-Learning,D4,"(15, 96)",8,23.0
12,Greedy,D1,"(20, 50)",11,17.0
12,Greedy,D2,"(26, 100)",13,18.0
12,Greedy,D3,"(56, 40)",6,28.0
12,Greedy,D4,"(15, 96)",9,23.0
12,Greedy,D5,"(41, 84)",1,17.0
12,Auction,D1,"(20, 50)",11,17.0
12,Auction,D2,"(26, 100)",13,18.0
12,Auction,D3,"(56, 40)",6,28.0
12,Auction,D4,"(15, 96)",9,23.0
12,Auction,D5,"(41, 84)",1,17.0
12,Q-Learning,D1,"(20, 50)",11,17.0
12,Q-Learning,D2,"(26, 100)",13,18.0
12,Q-Learning,D3,"(56, 40)",6,28.0
12,Q-Learning,D4,"(15, 96)",9,23.0
12,Q-Learning,D5,"(41, 84)",1,17.0
13,Greedy,D1,"(20, 50)",12,17.0
13,Greedy,D2,"(26, 100)",14,18.0
13,Greedy,D3,"(56, 40)",7,28.0
13,Greedy,D4,"(15, 96)",10,23.0
13,Greedy,D5,"(41, 84)",2,17.0
13,Auction,D1,"(20, 50)",12,17.0
13,Auction,D2,"(26, 100)",14,18.0
13,Auction,D3,"(56, 40)",7,28.0
13,Auction,D4,"(15, 96)",10,23.0
13,Auction,D5,"(41, 84)",2,17.0
13,Q-Learning,D1,"(20, 50)",12,17.0
13,Q-Learning,D2,"(26, 100)",14,18.0
13,Q-Learning,D3,"(56, 40)",7,28.0
13,Q-Learning,D4,"(15, 96)",10,23.0
13,Q-Learning,D5,"(41, 84)",2,17.0
14,Greedy,D1,"(20, 50)",13,17.0
14,Greedy,D2,"(26, 100)",15,18.0
14,Greedy,D3,"(56, 40)",8,28.0
14,Greedy,D4,"(15, 96)",11,23.0
14,Greedy,D5,"(41, 84)",3,17.0
14,Auction,D2,"(26, 100)",15,18.0
14,Auction,D3,"(56, 40)",8,28.0
14,Auction,D4,"(15, 96)",11,23.0
14,Auction,D5,"(41, 84)",3,17.0
14,Q-Learning,D1,"(20, 50)",13,17.0
14,Q-Learning,D2,"(26, 100)",15,18.0
14,Q-Learning,D3,"(56, 40)",8,28.0
14,Q-Learning,D4,"(15, 96)",11,23.0
14,Q-Learning,D5,"(41, 84)",3,17.0
15,Greedy,D1,"(20, 50)",14,17.0
15,Greedy,D2,"(26, 100)",16,18.0
15,Greedy,D3,"(56, 40)",9,28.0
15,Greedy,D4,"(15, 96)",12,23.0
15,Greedy,D5,"(41, 84)",4,17.0
15,Greedy,D6,"(85, 2)",4,21.0
15,Auction,D2,"(26, 100)",16,18.0
15,Auction,D3,"(56, 40)",9,28.0
15,Auction,D4,"(15, 96)",12,23.0
15,Auction,D5,"(41, 84)",4,17.0
15,Auction,D6,"(85, 2)",4,21.0
15,Q-Learning,D1,"(20, 50)",14,17.0
15,Q-Learning,D2,"(26, 100)",16,18.0
15,Q-Learning,D3,"(56, 40)",9,28.0
15,Q-Learning,D4,"(15, 96)",12,23.0
15,Q-Learning,D5,"(41, 84)",4,17.0
15,Q-Learning,D6,"(85, 2)",4,21.0
16,Greedy,D1,"(20, 50)",15,17.0
16,Greedy,D2,"(26, 100)",17,18.0
16,Greedy,D3,"(56, 40)",10,28.0
16,Greedy,D4,"(15, 96)",13,23.0
16,Greedy,D5,"(41, 84)",5,17.0
16,Greedy,D6,"(85, 2)",5,21.0
16,Greedy,D7,"(89, 14)",9,26.0
16,Auction,D2,"(26, 100)",17,18.0
16,Auction,D3,"(56, 40)",10,28.0
16,Auction,D4,"(15, 96)",13,23.0
16,Auction,D5,"(41, 84)",5,17.0
16,Auction,D6,"(85, 2)",5,21.0
16,Auction,D7,"(89, 14)",9,26.0
16,Q-Learning,D1,"(20, 50)",15,17.0
16,Q-Learning,D2,"(26, 100)",17,18.0
16,Q-Learning,D3,"(56, 40)",10,28.0
16,Q-Learning,D4,"(15, 96)",13,23.0
16,Q-Learning,D5,"(41, 84)",5,17.0
16,Q-Learning,D6,"(85, 2)",5,21.0
16,Q-Learning,D7,"(89, 14)",9,26.0
17,Greedy,D1,"(20, 50)",16,17.0
17,Greedy,D3,"(56, 40)",11,28.0
17,Greedy,D4,"(15, 96)",14,23.0
17,Greedy,D5,"(41, 84)",6,17.0
17,Greedy,D6,"(85, 2)",6,21.0
17,Greedy,D7,"(89, 14)",10,26.0
17,Greedy,D8,"(90, 56)",5,27.0
17,Auction,D2,"(26, 100)",18,18.0
17,Auction,D3,"(56, 40)",11,28.0
17,Auction,D4,"(15, 96)",14,23.0
17,Auction,D5,"(41, 84)",6,17.0
17,Auction,D7,"(89, 14)",10,26.0
17,Auction,D8,"(90, 56)",5,27.0
17,Q-Learning,D1,"(20, 50)",16,17.0
17,Q-Learning,D2,"(26, 100)",18,18.0
17,Q-Learning,D3,"(56, 40)",11,28.0
17,Q-Learning,D4,"(15, 96)",14,23.0
17,Q-Learning,D5,"(41, 84)",6,17.0
17,Q-Learning,D7,"(89, 14)",10,26.0
17,Q-Learning,D8,"(90, 56)",5,27.0
18,Greedy,D1,"(20, 50)",17,17.0
18,Greedy,D3,"(56, 40)",12,28.0
18,Greedy,D4,"(15, 96)",15,23.0
18,Greedy,D5,"(41, 84)",7,17.0
18,Greedy,D6,"(85, 2)",7,21.0
18,Greedy,D7,"(89, 14)",11,26.0
18,Greedy,D8,"(90, 56)",6,27.0
18,Auction,D2,"(26, 100)",19,18.0
18,Auction,D3,"(56, 40)",12,28.0
18,Auction,D4,"(15, 96)",15,23.0
18,Auction,D5,"(41, 84)",7,17.0
18,Auction,D7,"(89, 14)",11,26.0
18,Auction,D8,"(90, 56)",6,27.0
18,Q-Learning,D1,"(20, 50)",17,17.0
18,Q-Learning,D2,"(26, 100)",19,18.0
18,Q-Learning,D4,"(15, 96)",15,23.0
18,Q-Learning,D5,"(41, 84)",7,17.0
18,Q-Learning,D7,"(89, 14)",11,26.0
18,Q-Learning,D8,"(90, 56)",6,27.0
19,Greedy,D1,"(20, 50)",18,17.0
19,Greedy,D3,"(56, 40)",13,28.0
19,Greedy,D4,"(15, 96)",16,23.0
19,Greedy,D5,"(41, 84)",8,17.0
19,Greedy,D6,"(85, 2)",8,21.0
19,Greedy,D7,"(89, 14)",12,26.0
19,Greedy,D8,"(90, 56)",7,27.0
19,Greedy,D9,"(26, 94)",9,27.0
19,Auction,D2,"(26, 100)",20,18.0
19,Auction,D3,"(56, 40)",13,28.0
19,Auction,D4,"(15, 96)",16,23.0
19,Auction,D5,"(41, 84)",8,17.0
19,Auction,D7,"(89, 14)",12,26.0
19,Auction,D8,"(90, 56)",7,27.0
19,Auction,D9,"(26, 94)",9,27.0
19,Q-Learning,D1,"(20, 50)",18,17.0
19,Q-Learning,D2,"(26, 100)",20,18.0
19,Q-Learning,D4,"(15, 96)",16,23.0
19,Q-Learning,D5,"(41, 84)",8,17.0
19,Q-Learning,D7,"(89, 14)",12,26.0
19,Q-Learning,D8,"(90, 56)",7,27.0
19,Q-Learning,D9,"(26, 94)",9,27.0
20,Greedy,D3,"(56, 40)",14,28.0
20,Greedy,D4,"(15, 96)",17,23.0
20,Greedy,D5,"(41, 84)",9,17.0
20,Greedy,D6,"(85, 2)",9,21.0
20,Greedy,D7,"(89, 14)",13,26.0
20,Greedy,D8,"(90, 56)",8,27.0
20,Greedy,D9,"(26, 94)",10,27.0
20,Greedy,D10,"(20, 27)",5,13.0
20,Auction,D2,"(26, 100)",21,18.0
20,Auction,D4,"(15, 96)",17,23.0
20,Auction,D5,"(41, 84)",9,17.0
20,Auction,D7,"(89, 14)",13,26.0
20,Auction,D8,"(90, 56)",8,27.0
20,Auction,D9,"(26, 94)",10,27.0
20,Auction,D10,"(20, 27)",5,13.0
20,Q-Learning,D1,"(20, 50)",19,17.0
20,Q-Learning,D2,"(26, 100)",21,18.0
20,Q-Learning,D4,"(15, 96)",17,23.0
20,Q-Learning,D5,"(41, 84)",9,17.0
20,Q-Learning,D7,"(89, 14)",13,26.0
20,Q-Learning,D8,"(90, 56)",8,27.0
20,Q-Learning,D9,"(26, 94)",10,27.0
20,Q-Learning,D10,"(20, 27)",5,13.0
21,Greedy,D3,"(56, 40)",15,28.0
21,Greedy,D5,"(41, 84)",10,17.0
21,Greedy,D6,"(85, 2)",10,21.0
21,Greedy,D7,"(89, 14)",14,26.0
21,Greedy,D8,"(90, 56)",9,27.0
21,Greedy,D9,"(26, 94)",11,27.0
21,Greedy,D10,"(20, 27)",6,13.0
21,Greedy,D11,"(13, 89)",4,14.0
21,Auction,D2,"(26, 100)",22,18.0
21,Auction,D4,"(15, 96)",18,23.0
21,Auction,D5,"(41, 84)",10,17.0
21,Auction,D7,"(89, 14)",14,26.0
21,Auction,D9,"(26, 94)",11,27.0
21,Auction,D10,"(20, 27)",6,13.0
21,Auction,D11,"(13, 89)",4,14.0
21,Q-Learning,D1,"(20, 50)",20,17.0
21,Q-Learning,D2,"(26, 100)",22,18.0
21,Q-Learning,D4,"(15, 96)",18,23.0
21,Q-Learning,D5,"(41, 84)",10,17.0
21,Q-Learning,D7,"(89, 14)",14,26.0
21,Q-Learning,D8,"(90, 56)",9,27.0
21,Q-Learning,D9,"(26, 94)",11,27.0
21,Q-Learning,D10,"(20, 27)",6,13.0
21,Q-Learning,D11,"(13, 89)",4,14.0
22,Greedy,D5,"(41, 84)",11,17.0
22,Greedy,D6,"(85, 2)",11,21.0
22,Greedy,D7,"(89, 14)",15,26.0
22,Greedy,D8,"(90, 56)",10,27.0
22,Greedy,D9,"(26, 94)",12,27.0
22,Greedy,D10,"(20, 27)",7,13.0
22,Greedy,D11,"(13, 89)",5,14.0
22,Greedy,D12,"(12, 33)",1,20.0
22,Auction,D2,"(26, 100)",23,18.0
22,Auction,D4,"(15, 96)",19,23.0
22,Auction,D5,"(41, 84)",11,17.0
22,Auction,D7,"(89, 14)",15,26.0
22,Auction,D9,"(26, 94)",12,27.0
22,Auction,D10,"(20, 27)",7,13.0
22,Auction,D11,"(13, 89)",5,14.0
22,Auction,D12,"(12, 33)",1,20.0
22,Q-Learning,D1,"(20, 50)",21,17.0
22,Q-Learning,D4,"(15, 96)",19,23.0
22,Q-Learning,D5,"(41, 84)",11,17.0
22,Q-Learning,D7,"(89, 14)",15,26.0
22,Q-Learning,D8,"(90, 56)",10,27.0
22,Q-Learning,D9,"(26, 94)",12,27.0
22,Q-Learning,D10,"(20, 27)",7,13.0
22,Q-Learning,D11,"(13, 89)",5,14.0
22,Q-Learning,D12,"(12, 33)",1,20.0
23,Greedy,D5,"(41, 84)",12,17.0
23,Greedy,D6,"(85, 2)",12,21.0
23,Greedy,D7,"(89, 14)",16,26.0
23,Greedy,D8,"(90, 56)",11,27.0
23,Greedy,D9,"(26, 94)",13,27.0
23,Greedy,D10,"(20, 27)",8,13.0
23,Greedy,D11,"(13, 89)",6,14.0
23,Greedy,D12,"(12, 33)",2,20.0
23,Greedy,D13,"(89, 42)",2,15.0
23,Auction,D2,"(26, 100)",24,18.0
23,Auction,D4,"(15, 96)",20,23.0
23,Auction,D5,"(41, 84)",12,17.0
23,Auction,D7,"(89, 14)",16,26.0
23,Auction,D9,"(26, 94)",13,27.0
23,Auction,D10,"(20, 27)",8,13.0
23,Auction,D11,"(13, 89)",6,14.0
23,Auction,D12,"(12, 33)",2,20.0
23,Auction,D13,"(89, 42)",2,15.0
23,Q-Learning,D1,"(20, 50)",22,17.0
23,Q-Learning,D4,"(15, 96)",20,23.0
23,Q-Learning,D5,"(41, 84)",12,17.0
23,Q-Learning,D7,"(89, 14)",16,26.0
23,Q-Learning,D8,"(90, 56)",11,27.0
23,Q-Learning,D9,"(26, 94)",13,27.0
23,Q-Learning,D10,"(20, 27)",8,13.0
23,Q-Learning,D11,"(13, 89)",6,14.0
23,Q-Learning,D12,"(12, 33)",2,20.0
23,Q-Learning,D13,"(89, 42)",2,15.0
24,Greedy,D5,"(41, 84)",13,17.0
24,Greedy,D6,"(85, 2)",13,21.0
24,Greedy,D7,"(89, 14)",17,26.0
24,Greedy,D8,"(90, 56)",12,27.0
24,Greedy,D10,"(20, 27)",9,13.0
24,Greedy,D11,"(13, 89)",7,14.0
24,Greedy,D12,"(12, 33)",3,20.0
24,Greedy,D13,"(89, 42)",3,15.0
24,Greedy,D14,"(96, 9)",3,22.0
24,Auction,D2,"(26, 100)",25,18.0
24,Auction,D5,"(41, 84)",13,17.0
24,Auction,D7,"(89, 14)",17,26.0
24,Auction,D9,"(26, 94)",14,27.0
24,Auction,D10,"(20, 27)",9,13.0
24,Auction,D11,"(13, 89)",7,14.0
24,Auction,D12,"(12, 33)",3,20.0
24,Auction,D13,"(89, 42)",3,15.0
24,Auction,D14,"(96, 9)",3,22.0
24,Q-Learning,D4,"(15, 96)",21,23.0
24,Q-Learning,D5,"(41, 84)",13,17.0
24,Q-Learning,D7,"(89, 14)",17,26.0
24,Q-Learning,D8,"(90, 56)",12,27.0
24,Q-Learning,D9,"(26, 94)",14,27.0
24,Q-Learning,D10,"(20, 27)",9,13.0
24,Q-Learning,D11,"(13, 89)",7,14.0
24,Q-Learning,D12,"(12, 33)",3,20.0
24,Q-Learning,D13,"(89, 42)",3,15.0
24,Q-Learning,D14,"(96, 9)",3,22.0
25,Greedy,D5,"(41, 84)",14,17.0
25,Greedy,D6,"(85, 2)",14,21.0
25,Greedy,D7,"(89, 14)",18,26.0
25,Greedy,D8,"(90, 56)",13,27.0
25,Greedy,D10,"(20, 27)",10,13.0
25,Greedy,D11,"(13, 89)",8,14.0
25,Greedy,D12,"(12, 33)",4,20.0
25,Greedy,D13,"(89, 42)",4,15.0
25,Greedy,D14,"(96, 9)",4,22.0
25,Greedy,D15,"(27, 40)",9,12.0
25,Auction,D2,"(26, 100)",26,18.0
25,Auction,D5,"(41, 84)",14,17.0
25,Auction,D7,"(89, 14)",18,26.0
25,Auction,D9,"(26, 94)",15,27.0
25,Auction,D10,"(20, 27)",10,13.0
25,Auction,D11,"(13, 89)",8,14.0
25,Auction,D12,"(12, 33)",4,20.0
25,Auction,D13,"(89, 42)",4,15.0
25,Auction,D14,"(96, 9)",4,22.0
25,Auction,D15,"(27, 40)",9,12.0
25,Q-Learning,D4,"(15, 96)",22,23.0
25,Q-Learning,D5,"(41, 84)",14,17.0
25,Q-Learning,D7,"(89, 14)",18,26.0
25,Q-Learning,D9,"(26, 94)",15,27.0
25,Q-Learning,D10,"(20, 27)",10,13.0
25,Q-Learning,D11,"(13, 89)",8,14.0
25,Q-Learning,D12,"(12, 33)",4,20.0
25,Q-Learning,D13,"(89, 42)",4,15.0
25,Q-Learning,D14,"(96, 9)",4,22.0
25,Q-Learning,D15,"(27, 40)",9,12.0
26,Greedy,D6,"(85, 2)",15,21.0
26,Greedy,D8,"(90, 56)",14,27.0
26,Greedy,D10,"(20, 27)",11,13.0
26,Greedy,D11,"(13, 89)",9,14.0
26,Greedy,D12,"(12, 33)",5,20.0
26,Greedy,D13,"(89, 42)",5,15.0
26,Greedy,D14,"(96, 9)",5,22.0
26,Greedy,D15,"(27, 40)",10,12.0
26,Greedy,D16,"(97, 84)",1,24.0
26,Auction,D2,"(26, 100)",27,18.0
26,Auction,D5,"(41, 84)",15,17.0
26,Auction,D9,"(26, 94)",16,27.0
26,Auction,D10,"(20, 27)",11,13.0
26,Auction,D11,"(13, 89)",9,14.0
26,Auction,D12,"(12, 33)",5,20.0
26,Auction,D13,"(89, 42)",5,15.0
26,Auction,D14,"(96, 9)",5,22.0
26,Auction,D15,"(27, 40)",10,12.0
26,Auction,D16,"(97, 84)",1,24.0
26,Q-Learning,D4,"(15, 96)",23,23.0
26,Q-Learning,D5,"(41, 84)",15,17.0
26,Q-Learning,D7,"(89, 14)",19,26.0
26,Q-Learning,D9,"(26, 94)",16,27.0
26,Q-Learning,D10,"(20, 27)",11,13.0
26,Q-Learning,D11,"(13, 89)",9,14.0
26,Q-Learning,D12,"(12, 33)",5,20.0
26,Q-Learning,D13,"(89, 42)",5,15.0
26,Q-Learning,D15,"(27, 40)",10,12.0
26,Q-Learning,D16,"(97, 84)",1,24.0
27,Greedy,D6,"(85, 2)",16,21.0
27,Greedy,D8,"(90, 56)",15,27.0
27,Greedy,D10,"(20, 27)",12,13.0
27,Greedy,D11,"(13, 89)",10,14.0
27,Greedy,D12,"(12, 33)",6,20.0
27,Greedy,D13,"(89, 42)",6,15.0
27,Greedy,D14,"(96, 9)",6,22.0
27,Greedy,D15,"(27, 40)",11,12.0
27,Greedy,D16,"(97, 84)",2,24.0
27,Greedy,D17,"(64, 55)",4,19.0
27,Auction,D5,"(41, 84)",16,17.0
27,Auction,D9,"(26, 94)",17,27.0
27,Auction,D10,"(20, 27)",12,13.0
27,Auction,D11,"(13, 89)",10,14.0
27,Auction,D12,"(12, 33)",6,20.0
27,Auction,D13,"(89, 42)",6,15.0
27,Auction,D14,"(96, 9)",6,22.0
27,Auction,D15,"(27, 40)",11,12.0
27,Auction,D16,"(97, 84)",2,24.0
27,Auction,D17,"(64, 55)",4,19.0
27,Q-Learning,D4,"(15, 96)",24,23.0
27,Q-Learning,D5,"(41, 84)",16,17.0
27,Q-Learning,D9,"(26, 94)",17,27.0
27,Q-Learning,D10,"(20, 27)",12,13.0
27,Q-Learning,D11,"(13, 89)",10,14.0
27,Q-Learning,D12,"(12, 33)",6,20.0
27,Q-Learning,D13,"(89, 42)",6,15.0
27,Q-Learning,D15,"(27, 40)",11,12.0
27,Q-Learning,D16,"(97, 84)",2,24.0
27,Q-Learning,D17,"(64, 55)",4,19.0
28,Greedy,D10,"(20, 27)",13,13.0
28,Greedy,D11,"(13, 89)",11,14.0
28,Greedy,D12,"(12, 33)",7,20.0
28,Greedy,D13,"(89, 42)",7,15.0
28,Greedy,D14,"(96, 9)",7,22.0
28,Greedy,D15,"(27, 40)",12,12.0
28,Greedy,D16,"(97, 84)",3,24.0
28,Greedy,D17,"(64, 55)",5,19.0
28,Auction,D9,"(26, 94)",18,27.0
28,Auction,D10,"(20, 27)",13,13.0
28,Auction,D11,"(13, 89)",11,14.0
28,Auction,D12,"(12, 33)",7,20.0
28,Auction,D13,"(89, 42)",7,15.0
28,Auction,D14,"(96, 9)",7,22.0
28,Auction,D15,"(27, 40)",12,12.0
28,Auction,D16,"(97, 84)",3,24.0
28,Auction,D17,"(64, 55)",5,19.0
28,Q-Learning,D4,"(15, 96)",25,23.0
28,Q-Learning,D5,"(41, 84)",17,17.0
28,Q-Learning,D9,"(26, 94)",18,27.0
28,Q-Learning,D10,"(20, 27)",13,13.0
28,Q-Learning,D11,"(13, 89)",11,14.0
28,Q-Learning,D12,"(12, 33)",7,20.0
28,Q-Learning,D13,"(89, 42)",7,15.0
28,Q-Learning,D15,"(27, 40)",12,12.0
28,Q-Learning,D16,"(97, 84)",3,24.0
28,Q-Learning,D17,"(64, 55)",5,19.0
29,Greedy,D10,"(20, 27)",14,13.0
29,Greedy,D11,"(13, 89)",12,14.0
29,Greedy,D12,"(12, 33)",8,20.0
29,Greedy,D13,"(89, 42)",8,15.0
29,Greedy,D14,"(96, 9)",8,22.0
29,Greedy,D15,"(27, 40)",13,12.0
29,Greedy,D16,"(97, 84)",4,24.0
29,Greedy,D17,"(64, 55)",6,19.0
29,Greedy,D18,"(30, 36)",7,22.0
29,Auction,D9,"(26, 94)",19,27.0
29,Auction,D10,"(20, 27)",14,13.0
29,Auction,D11,"(13, 89)",12,14.0
29,Auction,D12,"(12, 33)",8,20.0
29,Auction,D13,"(89, 42)",8,15.0
29,Auction,D14,"(96, 9)",8,22.0
29,Auction,D15,"(27, 40)",13,12.0
29,Auction,D16,"(97, 84)",4,24.0
29,Auction,D17,"(64, 55)",6,19.0
29,Auction,D18,"(30, 36)",7,22.0
29,Q-Learning,D4,"(15, 96)",26,23.0
29,Q-Learning,D5,"(41, 84)",18,17.0
29,Q-Learning,D9,"(26, 94)",19,27.0
29,Q-Learning,D10,"(20, 27)",14,13.0
29,Q-Learning,D11,"(13, 89)",12,14.0
29,Q-Learning,D12,"(12, 33)",8,20.0
29,Q-Learning,D13,"(89, 42)",8,15.0
29,Q-Learning,D15,"(27, 40)",13,12.0
29,Q-Learning,D16,"(97, 84)",4,24.0
29,Q-Learning,D17,"(64, 55)",6,19.0
29,Q-Learning,D18,"(30, 36)",7,22.0
30,Greedy,D10,"(20, 27)",15,13.0
30,Greedy,D11,"(13, 89)",13,14.0
30,Greedy,D12,"(12, 33)",9,20.0
30,Greedy,D13,"(89, 42)",9,15.0
30,Greedy,D14,"(96, 9)",9,22.0
30,Greedy,D15,"(27, 40)",14,12.0
30,Greedy,D16,"(97, 84)",5,24.0
30,Greedy,D17,"(64, 55)",7,19.0
30,Greedy,D18,"(30, 36)",8,22.0
30,Auction,D10,"(20, 27)",15,13.0
30,Auction,D11,"(13, 89)",13,14.0
30,Auction,D12,"(12, 33)",9,20.0
30,Auction,D13,"(89, 42)",9,15.0
30,Auction,D14,"(96, 9)",9,22.0
30,Auction,D15,"(27, 40)",14,12.0
30,Auction,D16,"(97, 84)",5,24.0
30,Auction,D17,"(64, 55)",7,19.0
30,Auction,D18,"(30, 36)",8,22.0
30,Q-Learning,D4,"(15, 96)",27,23.0
30,Q-Learning,D9,"(26, 94)",20,27.0
30,Q-Learning,D10,"(20, 27)",15,13.0
30,Q-Learning,D11,"(13, 89)",13,14.0
30,Q-Learning,D12,"(12, 33)",9,20.0
30,Q-Learning,D13,"(89, 42)",9,15.0
30,Q-Learning,D15,"(27, 40)",14,12.0
30,Q-Learning,D16,"(97, 84)",5,24.0
30,Q-Learning,D17,"(64, 55)",7,19.0
30,Q-Learning,D18,"(30, 36)",8,22.0
31,Greedy,D10,"(20, 27)",16,13.0
31,Greedy,D11,"(13, 89)",14,14.0
31,Greedy,D12,"(12, 33)",10,20.0
31,Greedy,D13,"(89, 42)",10,15.0
31,Greedy,D14,"(96, 9)",10,22.0
31,Greedy,D15,"(27, 40)",15,12.0
31,Greedy,D16,"(97, 84)",6,24.0
31,Greedy,D17,"(64, 55)",8,19.0
31,Greedy,D18,"(30, 36)",9,22.0
31,Greedy,D19,"(61, 47)",8,14.0
31,Auction,D10,"(20, 27)",16,13.0
31,Auction,D11,"(13, 89)",14,14.0
31,Auction,D12,"(12, 33)",10,20.0
31,Auction,D13,"(89, 42)",10,15.0
31,Auction,D14,"(96, 9)",10,22.0
31,Auction,D15,"(27, 40)",15,12.0
31,Auction,D16,"(97, 84)",6,24.0
31,Auction,D17,"(64, 55)",8,19.0
31,Auction,D18,"(30, 36)",9,22.0
31,Auction,D19,"(61, 47)",8,14.0
31,Q-Learning,D4,"(15, 96)",28,23.0
31,Q-Learning,D9,"(26, 94)",21,27.0
31,Q-Learning,D10,"(20, 27)",16,13.0
31,Q-Learning,D11,"(13, 89)",14,14.0
31,Q-Learning,D12,"(12, 33)",10,20.0
31,Q-Learning,D13,"(89, 42)",10,15.0
31,Q-Learning,D15,"(27, 40)",15,12.0
31,Q-Learning,D16,"(97, 84)",6,24.0
31,Q-Learning,D17,"(64, 55)",8,19.0
31,Q-Learning,D18,"(30, 36)",9,22.0
31,Q-Learning,D19,"(61, 47)",8,14.0
32,Greedy,D10,"(20, 27)",17,13.0
32,Greedy,D11,"(13, 89)",15,14.0
32,Greedy,D12,"(12, 33)",11,20.0
32,Greedy,D13,"(89, 42)",11,15.0
32,Greedy,D14,"(96, 9)",11,22.0
32,Greedy,D15,"(27, 40)",16,12.0
32,Greedy,D16,"(97, 84)",7,24.0
32,Greedy,D17,"(64, 55)",9,19.0
32,Greedy,D18,"(30, 36)",10,22.0
32,Greedy,D19,"(61, 47)",9,14.0
32,Auction,D10,"(20, 27)",17,13.0
32,Auction,D11,"(13, 89)",15,14.0
32,Auction,D12,"(12, 33)",11,20.0
32,Auction,D13,"(89, 42)",11,15.0
32,Auction,D14,"(96, 9)",11,22.0
32,Auction,D15,"(27, 40)",16,12.0
32,Auction,D16,"(97, 84)",7,24.0
32,Auction,D17,"(64, 55)",9,19.0
32,Auction,D18,"(30, 36)",10,22.0
32,Auction,D19,"(61, 47)",9,14.0
32,Q-Learning,D9,"(26, 94)",22,27.0
32,Q-Learning,D10,"(20, 27)",17,13.0
32,Q-Learning,D11,"(13, 89)",15,14.0
32,Q-Learning,D12,"(12, 33)",11,20.0
32,Q-Learning,D13,"(89, 42)",11,15.0
32,Q-Learning,D15,"(27, 40)",16,12.0
32,Q-Learning,D16,"(97, 84)",7,24.0
32,Q-Learning,D17,"(64, 55)",9,19.0
32,Q-Learning,D18,"(30, 36)",10,22.0
32,Q-Learning,D19,"(61, 47)",9,14.0
33,Greedy,D10,"(20, 27)",18,13.0
33,Greedy,D11,"(13, 89)",16,14.0
33,Greedy,D12,"(12, 33)",12,20.0
33,Greedy,D13,"(89, 42)",12,15.0
33,Greedy,D14,"(96, 9)",12,22.0
33,Greedy,D15,"(27, 40)",17,12.0
33,Greedy,D16,"(97, 84)",8,24.0
33,Greedy,D17,"(64, 55)",10,19.0
33,Greedy,D18,"(30, 36)",11,22.0
33,Greedy,D19,"(61, 47)",10,14.0
33,Greedy,D20,"(19, 84)",1,29.0
33,Auction,D10,"(20, 27)",18,13.0
33,Auction,D11,"(13, 89)",16,14.0
33,Auction,D12,"(12, 33)",12,20.0
33,Auction,D13,"(89, 42)",12,15.0
33,Auction,D14,"(96, 9)",12,22.0
33,Auction,D15,"(27, 40)",17,12.0
33,Auction,D16,"(97, 84)",8,24.0
33,Auction,D17,"(64, 55)",10,19.0
33,Auction,D18,"(30, 36)",11,22.0
33,Auction,D19,"(61, 47)",10,14.0
33,Auction,D20,"(19, 84)",1,29.0
33,Q-Learning,D9,"(26, 94)",23,27.0
33,Q-Learning,D10,"(20, 27)",18,13.0
33,Q-Learning,D11,"(13, 89)",16,14.0
33,Q-Learning,D12,"(12, 33)",12,20.0
33,Q-Learning,D13,"(89, 42)",12,15.0
33,Q-Learning,D15,"(27, 40)",17,12.0
33,Q-Learning,D16,"(97, 84)",8,24.0
33,Q-Learning,D17,"(64, 55)",10,19.0
33,Q-Learning,D18,"(30, 36)",11,22.0
33,Q-Learning,D19,"(61, 47)",10,14.0
33,Q-Learning,D20,"(19, 84)",1,29.0
34,Greedy,D10,"(20, 27)",19,13.0
34,Greedy,D11,"(13, 89)",17,14.0
34,Greedy,D12,"(12, 33)",13,20.0
34,Greedy,D13,"(89, 42)",13,15.0
34,Greedy,D14,"(96, 9)",13,22.0
34,Greedy,D15,"(27, 40)",18,12.0
34,Greedy,D16,"(97, 84)",9,24.0
34,Greedy,D17,"(64, 55)",11,19.0
34,Greedy,D18,"(30, 36)",12,22.0
34,Greedy,D19,"(61, 47)",11,14.0
34,Greedy,D20,"(19, 84)",2,29.0
34,Auction,D10,"(20, 27)",19,13.0
34,Auction,D11,"(13, 89)",17,14.0
34,Auction,D12,"(12, 33)",13,20.0
34,Auction,D13,"(89, 42)",13,15.0
34,Auction,D14,"(96, 9)",13,22.0
34,Auction,D15,"(27, 40)",18,12.0
34,Auction,D16,"(97, 84)",9,24.0
34,Auction,D17,"(64, 55)",11,19.0
34,Auction,D18,"(30, 36)",12,22.0
34,Auction,D19,"(61, 47)",11,14.0
34,Auction,D20,"(19, 84)",2,29.0
34,Q-Learning,D9,"(26, 94)",24,27.0
34,Q-Learning,D10,"(20, 27)",19,13.0
34,Q-Learning,D11,"(13, 89)",17,14.0
34,Q-Learning,D12,"(12, 33)",13,20.0
34,Q-Learning,D13,"(89, 42)",13,15.0
34,Q-Learning,D15,"(27, 40)",18,12.0
34,Q-Learning,D16,"(97, 84)",9,24.0
34,Q-Learning,D17,"(64, 55)",11,19.0
34,Q-Learning,D18,"(30, 36)",12,22.0
34,Q-Learning,D19,"(61, 47)",11,14.0
34,Q-Learning,D20,"(19, 84)",2,29.0
35,Greedy,D11,"(13, 89)",18,14.0
35,Greedy,D12,"(12, 33)",14,20.0
35,Greedy,D13,"(89, 42)",14,15.0
35,Greedy,D14,"(96, 9)",14,22.0
35,Greedy,D15,"(27, 40)",19,12.0
35,Greedy,D16,"(97, 84)",10,24.0
35,Greedy,D17,"(64, 55)",12,19.0
35,Greedy,D18,"(30, 36)",13,22.0
35,Greedy,D19,"(61, 47)",12,14.0
35,Greedy,D20,"(19, 84)",3,29.0
35,Auction,D10,"(20, 27)",20,13.0
35,Auction,D11,"(13, 89)",18,14.0
35,Auction,D12,"(12, 33)",14,20.0
35,Auction,D13,"(89, 42)",14,15.0
35,Auction,D14,"(96, 9)",14,22.0
35,Auction,D15,"(27, 40)",19,12.0
35,Auction,D16,"(97, 84)",10,24.0
35,Auction,D17,"(64, 55)",12,19.0
35,Auction,D18,"(30, 36)",13,22.0
35,Auction,D19,"(61, 47)",12,14.0
35,Auction,D20,"(19, 84)",3,29.0
35,Q-Learning,D9,"(26, 94)",25,27.0
35,Q-Learning,D10,"(20, 27)",20,13.0
35,Q-Learning,D11,"(13, 89)",18,14.0
35,Q-Learning,D12,"(12, 33)",14,20.0
35,Q-Learning,D13,"(89, 42)",14,15.0
35,Q-Learning,D15,"(27, 40)",19,12.0
35,Q-Learning,D16,"(97, 84)",10,24.0
35,Q-Learning,D17,"(64, 55)",12,19.0
35,Q-Learning,D19,"(61, 47)",12,14.0
35,Q-Learning,D20,"(19, 84)",3,29.0
36,Greedy,D11,"(13, 89)",19,14.0
36,Greedy,D12,"(12, 33)",15,20.0
36,Greedy,D13,"(89, 42)",15,15.0
36,Greedy,D14,"(96, 9)",15,22.0
36,Greedy,D15,"(27, 40)",20,12.0
36,Greedy,D16,"(97, 84)",11,24.0
36,Greedy,D17,"(64, 55)",13,19.0
36,Greedy,D18,"(30, 36)",14,22.0
36,Greedy,D19,"(61, 47)",13,14.0
36,Greedy,D20,"(19, 84)",4,29.0
36,Auction,D10,"(20, 27)",21,13.0
36,Auction,D11,"(13, 89)",19,14.0
36,Auction,D12,"(12, 33)",15,20.0
36,Auction,D13,"(89, 42)",15,15.0
36,Auction,D14,"(96, 9)",15,22.0
36,Auction,D15,"(27, 40)",20,12.0
36,Auction,D16,"(97, 84)",11,24.0
36,Auction,D17,"(64, 55)",13,19.0
36,Auction,D18,"(30, 36)",14,22.0
36,Auction,D19,"(61, 47)",13,14.0
36,Auction,D20,"(19, 84)",4,29.0
36,Q-Learning,D9,"(26, 94)",26,27.0
36,Q-Learning,D10,"(20, 27)",21,13.0
36,Q-Learning,D11,"(13, 89)",19,14.0
36,Q-Learning,D12,"(12, 33)",15,20.0
36,Q-Learning,D13,"(89, 42)",15,15.0
36,Q-Learning,D15,"(27, 40)",20,12.0
36,Q-Learning,D16,"(97, 84)",11,24.0
36,Q-Learning,D17,"(64, 55)",13,19.0
36,Q-Learning,D19,"(61, 47)",13,14.0
36,Q-Learning,D20,"(19, 84)",4,29.0
37,Greedy,D11,"(13, 89)",20,14.0
37,Greedy,D12,"(12, 33)",16,20.0
37,Greedy,D13,"(89, 42)",16,15.0
37,Greedy,D14,"(96, 9)",16,22.0
37,Greedy,D15,"(27, 40)",21,12.0
37,Greedy,D16,"(97, 84)",12,24.0
37,Greedy,D17,"(64, 55)",14,19.0
37,Greedy,D18,"(30, 36)",15,22.0
37,Greedy,D19,"(61, 47)",14,14.0
37,Greedy,D20,"(19, 84)",5,29.0
37,Greedy,D21,"(100, 12)",4,25.0
37,Auction,D10,"(20, 27)",22,13.0
37,Auction,D11,"(13, 89)",20,14.0
37,Auction,D12,"(12, 33)",16,20.0
37,Auction,D13,"(89, 42)",16,15.0
37,Auction,D14,"(96, 9)",16,22.0
37,Auction,D15,"(27, 40)",21,12.0
37,Auction,D16,"(97, 84)",12,24.0
37,Auction,D17,"(64, 55)",14,19.0
37,Auction,D18,"(30, 36)",15,22.0
37,Auction,D19,"(61, 47)",14,14.0
37,Auction,D20,"(19, 84)",5,29.0
37,Auction,D21,"(100, 12)",4,25.0
37,Q-Learning,D9,"(26, 94)",27,27.0
37,Q-Learning,D10,"(20, 27)",22,13.0
37,Q-Learning,D11,"(13, 89)",20,14.0
37,Q-Learning,D12,"(12, 33)",16,20.0
37,Q-Learning,D13,"(89, 42)",16,15.0
37,Q-Learning,D15,"(27, 40)",21,12.0
37,Q-Learning,D16,"(97, 84)",12,24.0
37,Q-Learning,D17,"(64, 55)",14,19.0
37,Q-Learning,D19,"(61, 47)",14,14.0
37,Q-Learning,D20,"(19, 84)",5,29.0
37,Q-Learning,D21,"(100, 12)",4,25.0
38,Greedy,D11,"(13, 89)",21,14.0
38,Greedy,D12,"(12, 33)",17,20.0
38,Greedy,D13,"(89, 42)",17,15.0
38,Greedy,D14,"(96, 9)",17,22.0
38,Greedy,D15,"(27, 40)",22,12.0
38,Greedy,D16,"(97, 84)",13,24.0
38,Greedy,D17,"(64, 55)",15,19.0
38,Greedy,D18,"(30, 36)",16,22.0
38,Greedy,D19,"(61, 47)",15,14.0
38,Greedy,D20,"(19, 84)",6,29.0
38,Greedy,D21,"(100, 12)",5,25.0
38,Auction,D11,"(13, 89)",21,14.0
38,Auction,D12,"(12, 33)",17,20.0
38,Auction,D13,"(89, 42)",17,15.0
38,Auction,D14,"(96, 9)",17,22.0
38,Auction,D16,"(97, 84)",13,24.0
38,Auction,D17,"(64, 55)",15,19.0
38,Auction,D18,"(30, 36)",16,22.0
38,Auction,D19,"(61, 47)",15,14.0
38,Auction,D20,"(19, 84)",6,29.0
38,Auction,D21,"(100, 12)",5,25.0
38,Q-Learning,D9,"(26, 94)",28,27.0
38,Q-Learning,D10,"(20, 27)",23,13.0
38,Q-Learning,D11,"(13, 89)",21,14.0
38,Q-Learning,D12,"(12, 33)",17,20.0
38,Q-Learning,D13,"(89, 42)",17,15.0
38,Q-Learning,D15,"(27, 40)",22,12.0
38,Q-Learning,D16,"(97, 84)",13,24.0
38,Q-Learning,D17,"(64, 55)",15,19.0
38,Q-Learning,D19,"(61, 47)",15,14.0
38,Q-Learning,D20,"(19, 84)",6,29.0
38,Q-Learning,D21,"(100, 12)",5,25.0
39,Greedy,D11,"(13, 89)",22,14.0
39,Greedy,D12,"(12, 33)",18,20.0
39,Greedy,D13,"(89, 42)",18,15.0
39,Greedy,D14,"(96, 9)",18,22.0
39,Greedy,D15,"(27, 40)",23,12.0
39,Greedy,D16,"(97, 84)",14,24.0
39,Greedy,D17,"(64, 55)",16,19.0
39,Greedy,D18,"(30, 36)",17,22.0
39,Greedy,D19,"(61, 47)",16,14.0
39,Greedy,D20,"(19, 84)",7,29.0
39,Greedy,D21,"(100, 12)",6,25.0
39,Greedy,D22,"(9, 91)",8,29.0
39,Auction,D11,"(13, 89)",22,14.0
39,Auction,D12,"(12, 33)",18,20.0
39,Auction,D13,"(89, 42)",18,15.0
39,Auction,D14,"(96, 9)",18,22.0
39,Auction,D16,"(97, 84)",14,24.0
39,Auction,D17,"(64, 55)",16,19.0
39,Auction,D18,"(30, 36)",17,22.0
39,Auction,D19,"(61, 47)",16,14.0
39,Auction,D20,"(19, 84)",7,29.0
39,Auction,D21,"(100, 12)",6,25.0
39,Auction,D22,"(9, 91)",8,29.0
39,Q-Learning,D9,"(26, 94)",29,27.0
39,Q-Learning,D10,"(20, 27)",24,13.0
39,Q-Learning,D11,"(13, 89)",22,14.0
39,Q-Learning,D12,"(12, 33)",18,20.0
39,Q-Learning,D13,"(89, 42)",18,15.0
39,Q-Learning,D15,"(27, 40)",23,12.0
39,Q-Learning,D16,"(97, 84)",14,24.0
39,Q-Learning,D17,"(64, 55)",16,19.0
39,Q-Learning,D19,"(61, 47)",16,14.0
39,Q-Learning,D20,"(19, 84)",7,29.0
39,Q-Learning,D21,"(100, 12)",6,25.0
39,Q-Learning,D22,"(9, 91)",8,29.0
40,Greedy,D11,"(13, 89)",23,14.0
40,Greedy,D12,"(12, 33)",19,20.0
40,Greedy,D13,"(89, 42)",19,15.0
40,Greedy,D14,"(96, 9)",19,22.0
40,Greedy,D15,"(27, 40)",24,12.0
40,Greedy,D16,"(97, 84)",15,24.0
40,Greedy,D17,"(64, 55)",17,19.0
40,Greedy,D18,"(30, 36)",18,22.0
40,Greedy,D19,"(61, 47)",17,14.0
40,Greedy,D20,"(19, 84)",8,29.0
40,Greedy,D21,"(100, 12)",7,25.0
40,Greedy,D22,"(9, 91)",9,29.0
40,Greedy,D23,"(45, 89)",2,16.0
40,Auction,D11,"(13, 89)",23,14.0
40,Auction,D12,"(12, 33)",19,20.0
40,Auction,D13,"(89, 42)",19,15.0
40,Auction,D14,"(96, 9)",19,22.0
40,Auction,D16,"(97, 84)",15,24.0
40,Auction,D17,"(64, 55)",17,19.0
40,Auction,D18,"(30, 36)",18,22.0
40,Auction,D19,"(61, 47)",17,14.0
40,Auction,D20,"(19, 84)",8,29.0
40,Auction,D21,"(100, 12)",7,25.0
40,Auction,D22,"(9, 91)",9,29.0
40,Auction,D23,"(45, 89)",2,16.0
40,Q-Learning,D9,"(26, 94)",30,27.0
40,Q-Learning,D10,"(20, 27)",25,13.0
40,Q-Learning,D11,"(13, 89)",23,14.0
40,Q-Learning,D12,"(12, 33)",19,20.0
40,Q-Learning,D13,"(89, 42)",19,15.0
40,Q-Learning,D15,"(27, 40)",24,12.0
40,Q-Learning,D16,"(97, 84)",15,24.0
40,Q-Learning,D17,"(64, 55)",17,19.0
40,Q-Learning,D19,"(61, 47)",17,14.0
40,Q-Learning,D20,"(19, 84)",8,29.0
40,Q-Learning,D21,"(100, 12)",7,25.0
40,Q-Learning,D22,"(9, 91)",9,29.0
40,Q-Learning,D23,"(45, 89)",2,16.0
41,Greedy,D11,"(13, 89)",24,14.0
41,Greedy,D12,"(12, 33)",20,20.0
41,Greedy,D13,"(89, 42)",20,15.0
41,Greedy,D14,"(96, 9)",20,22.0
41,Greedy,D15,"(27, 40)",25,12.0
41,Greedy,D16,"(97, 84)",16,24.0
41,Greedy,D17,"(64, 55)",18,19.0
41,Greedy,D18,"(30, 36)",19,22.0
41,Greedy,D19,"(61, 47)",18,14.0
41,Greedy,D20,"(19, 84)",9,29.0
41,Greedy,D21,"(100, 12)",8,25.0
41,Greedy,D22,"(9, 91)",10,29.0
41,Greedy,D23,"(45, 89)",3,16.0
41,Greedy,D24,"(4, 42)",9,10.0
41,Auction,D11,"(13, 89)",24,14.0
41,Auction,D12,"(12, 33)",20,20.0
41,Auction,D13,"(89, 42)",20,15.0
41,Auction,D14,"(96, 9)",20,22.0
41,Auction,D16,"(97, 84)",16,24.0
41,Auction,D17,"(64, 55)",18,19.0
41,Auction,D18,"(30, 36)",19,22.0
41,Auction,D19,"(61, 47)",18,14.0
41,Auction,D20,"(19, 84)",9,29.0
41,Auction,D21,"(100, 12)",8,25.0
41,Auction,D22,"(9, 91)",10,29.0
41,Auction,D23,"(45, 89)",3,16.0
41,Auction,D24,"(4, 42)",9,10.0
41,Q-Learning,D9,"(26, 94)",31,27.0
41,Q-Learning,D10,"(20, 27)",26,13.0
41,Q-Learning,D11,"(13, 89)",24,14.0
41,Q-Learning,D12,"(12, 33)",20,20.0
41,Q-Learning,D13,"(89, 42)",20,15.0
41,Q-Learning,D15,"(27, 40)",25,12.0
41,Q-Learning,D16,"(97, 84)",16,24.0
41,Q-Learning,D17,"(64, 55)",18,19.0
41,Q-Learning,D19,"(61, 47)",18,14.0
41,Q-Learning,D20,"(19, 84)",9,29.0
41,Q-Learning,D21,"(100, 12)",8,25.0
41,Q-Learning,D22,"(9, 91)",10,29.0
41,Q-Learning,D23,"(45, 89)",3,16.0
41,Q-Learning,D24,"(4, 42)",9,10.0
42,Greedy,D11,"(13, 89)",25,14.0
42,Greedy,D12,"(12, 33)",21,20.0
42,Greedy,D13,"(89, 42)",21,15.0
42,Greedy,D14,"(96, 9)",21,22.0
42,Greedy,D15,"(27, 40)",26,12.0
42,Greedy,D16,"(97, 84)",17,24.0
42,Greedy,D17,"(64, 55)",19,19.0
42,Greedy,D18,"(30, 36)",20,22.0
42,Greedy,D19,"(61, 47)",19,14.0
42,Greedy,D20,"(19, 84)",10,29.0
42,Greedy,D21,"(100, 12)",9,25.0
42,Greedy,D22,"(9, 91)",11,29.0
42,Greedy,D23,"(45, 89)",4,16.0
42,Greedy,D24,"(4, 42)",10,10.0
42,Greedy,D25,"(11, 94)",9,17.0
42,Auction,D11,"(13, 89)",25,14.0
42,Auction,D12,"(12, 33)",21,20.0
42,Auction,D13,"(89, 42)",21,15.0
42,Auction,D14,"(96, 9)",21,22.0
42,Auction,D16,"(97, 84)",17,24.0
42,Auction,D17,"(64, 55)",19,19.0
42,Auction,D18,"(30, 36)",20,22.0
42,Auction,D19,"(61, 47)",19,14.0
42,Auction,D20,"(19, 84)",10,29.0
42,Auction,D21,"(100, 12)",9,25.0
42,Auction,D22,"(9, 91)",11,29.0
42,Auction,D23,"(45, 89)",4,16.0
42,Auction,D24,"(4, 42)",10,10.0
42,Auction,D25,"(11, 94)",9,17.0
42,Q-Learning,D9,"(26, 94)",32,27.0
42,Q-Learning,D10,"(20, 27)",27,13.0
42,Q-Learning,D12,"(12, 33)",21,20.0
42,Q-Learning,D13,"(89, 42)",21,15.0
42,Q-Learning,D15,"(27, 40)",26,12.0
42,Q-Learning,D16,"(97, 84)",17,24.0
42,Q-Learning,D17,"(64, 55)",19,19.0
42,Q-Learning,D19,"(61, 47)",19,14.0
42,Q-Learning,D20,"(19, 84)",10,29.0
42,Q-Learning,D21,"(100, 12)",9,25.0
42,Q-Learning,D22,"(9, 91)",11,29.0
42,Q-Learning,D23,"(45, 89)",4,16.0
42,Q-Learning,D24,"(4, 42)",10,10.0
42,Q-Learning,D25,"(11, 94)",9,17.0
43,Greedy,D11,"(13, 89)",26,14.0
43,Greedy,D12,"(12, 33)",22,20.0
43,Greedy,D13,"(89, 42)",22,15.0
43,Greedy,D14,"(96, 9)",22,22.0
43,Greedy,D15,"(27, 40)",27,12.0
43,Greedy,D16,"(97, 84)",18,24.0
43,Greedy,D17,"(64, 55)",20,19.0
43,Greedy,D18,"(30, 36)",21,22.0
43,Greedy,D19,"(61, 47)",20,14.0
43,Greedy,D20,"(19, 84)",11,29.0
43,Greedy,D21,"(100, 12)",10,25.0
43,Greedy,D22,"(9, 91)",12,29.0
43,Greedy,D23,"(45, 89)",5,16.0
43,Greedy,D24,"(4, 42)",11,10.0
43,Greedy,D25,"(11, 94)",10,17.0
43,Auction,D11,"(13, 89)",26,14.0
43,Auction,D12,"(12, 33)",22,20.0
43,Auction,D13,"(89, 42)",22,15.0
43,Auction,D14,"(96, 9)",22,22.0
43,Auction,D16,"(97, 84)",18,24.0
43,Auction,D17,"(64, 55)",20,19.0
43,Auction,D18,"(30, 36)",21,22.0
43,Auction,D19,"(61, 47)",20,14.0
43,Auction,D20,"(19, 84)",11,29.0
43,Auction,D21,"(100, 12)",10,25.0
43,Auction,D22,"(9, 91)",12,29.0
43,Auction,D23,"(45, 89)",5,16.0
43,Auction,D24,"(4, 42)",11,10.0
43,Auction,D25,"(11, 94)",10,17.0
43,Q-Learning,D9,"(26, 94)",33,27.0
43,Q-Learning,D10,"(20, 27)",28,13.0
43,Q-Learning,D13,"(89, 42)",22,15.0
43,Q-Learning,D15,"(27, 40)",27,12.0
43,Q-Learning,D16,"(97, 84)",18,24.0
43,Q-Learning,D17,"(64, 55)",20,19.0
43,Q-Learning,D19,"(61, 47)",20,14.0
43,Q-Learning,D20,"(19, 84)",11,29.0
43,Q-Learning,D21,"(100, 12)",10,25.0
43,Q-Learning,D22,"(9, 91)",12,29.0
43,Q-Learning,D23,"(45, 89)",5,16.0
43,Q-Learning,D24,"(4, 42)",11,10.0
43,Q-Learning,D25,"(11, 94)",10,17.0
44,Greedy,D11,"(13, 89)",27,14.0
44,Greedy,D12,"(12, 33)",23,20.0
44,Greedy,D13,"(89, 42)",23,15.0
44,Greedy,D14,"(96, 9)",23,22.0
44,Greedy,D15,"(27, 40)",28,12.0
44,Greedy,D16,"(97, 84)",19,24.0
44,Greedy,D17,"(64, 55)",21,19.0
44,Greedy,D18,"(30, 36)",22,22.0
44,Greedy,D19,"(61, 47)",21,14.0
44,Greedy,D20,"(19, 84)",12,29.0
44,Greedy,D21,"(100, 12)",11,25.0
44,Greedy,D22,"(9, 91)",13,29.0
44,Greedy,D23,"(45, 89)",6,16.0
44,Greedy,D24,"(4, 42)",12,10.0
44,Greedy,D25,"(11, 94)",11,17.0
44,Auction,D11,"(13, 89)",27,14.0
44,Auction,D12,"(12, 33)",23,20.0
44,Auction,D13,"(89, 42)",23,15.0
44,Auction,D14,"(96, 9)",23,22.0
44,Auction,D16,"(97, 84)",19,24.0
44,Auction,D17,"(64, 55)",21,19.0
44,Auction,D18,"(30, 36)",22,22.0
44,Auction,D19,"(61, 47)",21,14.0
44,Auction,D20,"(19, 84)",12,29.0
44,Auction,D21,"(100, 12)",11,25.0
44,Auction,D22,"(9, 91)",13,29.0
44,Auction,D23,"(45, 89)",6,16.0
44,Auction,D24,"(4, 42)",12,10.0
44,Auction,D25,"(11, 94)",11,17.0
44,Q-Learning,D9,"(26, 94)",34,27.0
44,Q-Learning,D10,"(20, 27)",29,13.0
44,Q-Learning,D13,"(89, 42)",23,15.0
44,Q-Learning,D15,"(27, 40)",28,12.0
44,Q-Learning,D16,"(97, 84)",19,24.0
44,Q-Learning,D17,"(64, 55)",21,19.0
44,Q-Learning,D19,"(61, 47)",21,14.0
44,Q-Learning,D20,"(19, 84)",12,29.0
44,Q-Learning,D21,"(100, 12)",11,25.0
44,Q-Learning,D22,"(9, 91)",13,29.0
44,Q-Learning,D23,"(45, 89)",6,16.0
44,Q-Learning,D24,"(4, 42)",12,10.0
44,Q-Learning,D25,"(11, 94)",11,17.0
45,Greedy,D11,"(13, 89)",28,14.0
45,Greedy,D12,"(12, 33)",24,20.0
45,Greedy,D13,"(89, 42)",24,15.0
45,Greedy,D14,"(96, 9)",24,22.0
45,Greedy,D15,"(27, 40)",29,12.0
45,Greedy,D16,"(97, 84)",20,24.0
45,Greedy,D17,"(64, 55)",22,19.0
45,Greedy,D18,"(30, 36)",23,22.0
45,Greedy,D19,"(61, 47)",22,14.0
45,Greedy,D20,"(19, 84)",13,29.0
45,Greedy,D21,"(100, 12)",12,25.0
45,Greedy,D22,"(9, 91)",14,29.0
45,Greedy,D23,"(45, 89)",7,16.0
45,Greedy,D24,"(4, 42)",13,10.0
45,Greedy,D25,"(11, 94)",12,17.0
45,Auction,D11,"(13, 89)",28,14.0
45,Auction,D12,"(12, 33)",24,20.0
45,Auction,D13,"(89, 42)",24,15.0
45,Auction,D14,"(96, 9)",24,22.0
45,Auction,D16,"(97, 84)",20,24.0
45,Auction,D17,"(64, 55)",22,19.0
45,Auction,D18,"(30, 36)",23,22.0
45,Auction,D19,"(61, 47)",22,14.0
45,Auction,D20,"(19, 84)",13,29.0
45,Auction,D21,"(100, 12)",12,25.0
45,Auction,D22,"(9, 91)",14,29.0
45,Auction,D23,"(45, 89)",7,16.0
45,Auction,D24,"(4, 42)",13,10.0
45,Auction,D25,"(11, 94)",12,17.0
45,Q-Learning,D9,"(26, 94)",35,27.0
45,Q-Learning,D10,"(20, 27)",30,13.0
45,Q-Learning,D13,"(89, 42)",24,15.0
45,Q-Learning,D15,"(27, 40)",29,12.0
45,Q-Learning,D16,"(97, 84)",20,24.0
45,Q-Learning,D17,"(64, 55)",22,19.0
45,Q-Learning,D19,"(61, 47)",22,14.0
45,Q-Learning,D20,"(19, 84)",13,29.0
45,Q-Learning,D21,"(100, 12)",12,25.0
45,Q-Learning,D22,"(9, 91)",14,29.0
45,Q-Learning,D23,"(45, 89)",7,16.0
45,Q-Learning,D24,"(4, 42)",13,10.0
45,Q-Learning,D25,"(11, 94)",12,17.0
46,Greedy,D11,"(13, 89)",29,14.0
46,Greedy,D12,"(12, 33)",25,20.0
46,Greedy,D13,"(89, 42)",25,15.0
46,Greedy,D14,"(96, 9)",25,22.0
46,Greedy,D15,"(27, 40)",30,12.0
46,Greedy,D16,"(97, 84)",21,24.0
46,Greedy,D17,"(64, 55)",23,19.0
46,Greedy,D18,"(30, 36)",24,22.0
46,Greedy,D19,"(61, 47)",23,14.0
46,Greedy,D20,"(19, 84)",14,29.0
46,Greedy,D21,"(100, 12)",13,25.0
46,Greedy,D22,"(9, 91)",15,29.0
46,Greedy,D23,"(45, 89)",8,16.0
46,Greedy,D24,"(4, 42)",14,10.0
46,Greedy,D25,"(11, 94)",13,17.0
46,Auction,D11,"(13, 89)",29,14.0
46,Auction,D12,"(12, 33)",25,20.0
46,Auction,D13,"(89, 42)",25,15.0
46,Auction,D14,"(96, 9)",25,22.0
46,Auction,D16,"(97, 84)",21,24.0
46,Auction,D17,"(64, 55)",23,19.0
46,Auction,D18,"(30, 36)",24,22.0
46,Auction,D19,"(61, 47)",23,14.0
46,Auction,D20,"(19, 84)",14,29.0
46,Auction,D21,"(100, 12)",13,25.0
46,Auction,D22,"(9, 91)",15,29.0
46,Auction,D23,"(45, 89)",8,16.0
46,Auction,D24,"(4, 42)",14,10.0
46,Auction,D25,"(11, 94)",13,17.0
46,Q-Learning,D9,"(26, 94)",36,27.0
46,Q-Learning,D10,"(20, 27)",31,13.0
46,Q-Learning,D13,"(89, 42)",25,15.0
46,Q-Learning,D15,"(27, 40)",30,12.0
46,Q-Learning,D16,"(97, 84)",21,24.0
46,Q-Learning,D17,"(64, 55)",23,19.0
46,Q-Learning,D19,"(61, 47)",23,14.0
46,Q-Learning,D20,"(19, 84)",14,29.0
46,Q-Learning,D21,"(100, 12)",13,25.0
46,Q-Learning,D22,"(9, 91)",15,29.0
46,Q-Learning,D23,"(45, 89)",8,16.0
46,Q-Learning,D24,"(4, 42)",14,10.0
46,Q-Learning,D25,"(11, 94)",13,17.0
47,Greedy,D11,"(13, 89)",30,14.0
47,Greedy,D12,"(12, 33)",26,20.0
47,Greedy,D13,"(89, 42)",26,15.0
47,Greedy,D14,"(96, 9)",26,22.0
47,Greedy,D15,"(27, 40)",31,12.0
47,Greedy,D16,"(97, 84)",22,24.0
47,Greedy,D17,"(64, 55)",24,19.0
47,Greedy,D18,"(30, 36)",25,22.0
47,Greedy,D19,"(61, 47)",24,14.0
47,Greedy,D20,"(19, 84)",15,29.0
47,Greedy,D21,"(100, 12)",14,25.0
47,Greedy,D22,"(9, 91)",16,29.0
47,Greedy,D23,"(45, 89)",9,16.0
47,Greedy,D24,"(4, 42)",15,10.0
47,Greedy,D25,"(11, 94)",14,17.0
47,Greedy,D27,"(6, 51)",5,14.0
47,Auction,D11,"(13, 89)",30,14.0
47,Auction,D12,"(12, 33)",26,20.0
47,Auction,D13,"(89, 42)",26,15.0
47,Auction,D14,"(96, 9)",26,22.0
47,Auction,D16,"(97, 84)",22,24.0
47,Auction,D17,"(64, 55)",24,19.0
47,Auction,D18,"(30, 36)",25,22.0
47,Auction,D19,"(61, 47)",24,14.0
47,Auction,D20,"(19, 84)",15,29.0
47,Auction,D21,"(100, 12)",14,25.0
47,Auction,D22,"(9, 91)",16,29.0
47,Auction,D24,"(4, 42)",15,10.0
47,Auction,D25,"(11, 94)",14,17.0
47,Auction,D27,"(6, 51)",5,14.0
47,Q-Learning,D9,"(26, 94)",37,27.0
47,Q-Learning,D10,"(20, 27)",32,13.0
47,Q-Learning,D13,"(89, 42)",26,15.0
47,Q-Learning,D15,"(27, 40)",31,12.0
47,Q-Learning,D16,"(97, 84)",22,24.0
47,Q-Learning,D17,"(64, 55)",24,19.0
47,Q-Learning,D19,"(61, 47)",24,14.0
47,Q-Learning,D20,"(19, 84)",15,29.0
47,Q-Learning,D21,"(100, 12)",14,25.0
47,Q-Learning,D22,"(9, 91)",16,29.0
47,Q-Learning,D23,"(45, 89)",9,16.0
47,Q-Learning,D24,"(4, 42)",15,10.0
47,Q-Learning,D25,"(11, 94)",14,17.0
47,Q-Learning,D27,"(6, 51)",5,14.0
48,Greedy,D11,"(13, 89)",31,14.0
48,Greedy,D12,"(12, 33)",27,20.0
48,Greedy,D13,"(89, 42)",27,15.0
48,Greedy,D14,"(96, 9)",27,22.0
48,Greedy,D15,"(27, 40)",32,12.0
48,Greedy,D16,"(97, 84)",23,24.0
48,Greedy,D17,"(64, 55)",25,19.0
48,Greedy,D18,"(30, 36)",26,22.0
48,Greedy,D19,"(61, 47)",25,14.0
48,Greedy,D20,"(19, 84)",16,29.0
48,Greedy,D21,"(100, 12)",15,25.0
48,Greedy,D22,"(9, 91)",17,29.0
48,Greedy,D23,"(45, 89)",10,16.0
48,Greedy,D24,"(4, 42)",16,10.0
48,Greedy,D25,"(11, 94)",15,17.0
48,Greedy,D27,"(6, 51)",6,14.0
48,Auction,D11,"(13, 89)",31,14.0
48,Auction,D12,"(12, 33)",27,20.0
48,Auction,D13,"(89, 42)",27,15.0
48,Auction,D14,"(96, 9)",27,22.0
48,Auction,D16,"(97, 84)",23,24.0
48,Auction,D17,"(64, 55)",25,19.0
48,Auction,D18,"(30, 36)",26,22.0
48,Auction,D19,"(61, 47)",25,14.0
48,Auction,D20,"(19, 84)",16,29.0
48,Auction,D21,"(100, 12)",15,25.0
48,Auction,D22,"(9, 91)",17,29.0
48,Auction,D24,"(4, 42)",16,10.0
48,Auction,D25,"(11, 94)",15,17.0
48,Auction,D27,"(6, 51)",6,14.0
48,Q-Learning,D9,"(26, 94)",38,27.0
48,Q-Learning,D10,"(20, 27)",33,13.0
48,Q-Learning,D13,"(89, 42)",27,15.0
48,Q-Learning,D15,"(27, 40)",32,12.0
48,Q-Learning,D16,"(97, 84)",23,24.0
48,Q-Learning,D17,"(64, 55)",25,19.0
48,Q-Learning,D19,"(61, 47)",25,14.0
48,Q-Learning,D20,"(19, 84)",16,29.0
48,Q-Learning,D21,"(100, 12)",15,25.0
48,Q-Learning,D22,"(9, 91)",17,29.0
48,Q-Learning,D23,"(45, 89)",10,16.0
48,Q-Learning,D24,"(4, 42)",16,10.0
48,Q-Learning,D25,"(11, 94)",15,17.0
48,Q-Learning,D27,"(6, 51)",6,14.0
49,Greedy,D11,"(13, 89)",32,14.0
49,Greedy,D12,"(12, 33)",28,20.0
49,Greedy,D13,"(89, 42)",28,15.0
49,Greedy,D14,"(96, 9)",28,22.0
49,Greedy,D16,"(97, 84)",24,24.0
49,Greedy,D17,"(64, 55)",26,19.0
49,Greedy,D18,"(30, 36)",27,22.0
49,Greedy,D19,"(61, 47)",26,14.0
49,Greedy,D20,"(19, 84)",17,29.0
49,Greedy,D21,"(100, 12)",16,25.0
49,Greedy,D22,"(9, 91)",18,29.0
49,Greedy,D23,"(45, 89)",11,16.0
49,Greedy,D24,"(4, 42)",17,10.0
49,Greedy,D25,"(11, 94)",16,17.0
49,Greedy,D27,"(6, 51)",7,14.0
49,Auction,D11,"(13, 89)",32,14.0
49,Auction,D12,"(12, 33)",28,20.0
49,Auction,D14,"(96, 9)",28,22.0
49,Auction,D16,"(97, 84)",24,24.0
49,Auction,D17,"(64, 55)",26,19.0
49,Auction,D18,"(30, 36)",27,22.0
49,Auction,D19,"(61, 47)",26,14.0
49,Auction,D20,"(19, 84)",17,29.0
49,Auction,D21,"(100, 12)",16,25.0
49,Auction,D22,"(9, 91)",18,29.0
49,Auction,D24,"(4, 42)",17,10.0
49,Auction,D25,"(11, 94)",16,17.0
49,Auction,D27,"(6, 51)",7,14.0
49,Q-Learning,D9,"(26, 94)",39,27.0
49,Q-Learning,D13,"(89, 42)",28,15.0
49,Q-Learning,D16,"(97, 84)",24,24.0
49,Q-Learning,D17,"(64, 55)",26,19.0
49,Q-Learning,D19,"(61, 47)",26,14.0
49,Q-Learning,D20,"(19, 84)",17,29.0
49,Q-Learning,D21,"(100, 12)",16,25.0
49,Q-Learning,D22,"(9, 91)",18,29.0
49,Q-Learning,D23,"(45, 89)",11,16.0
49,Q-Learning,D24,"(4, 42)",17,10.0
49,Q-Learning,D25,"(11, 94)",16,17.0
49,Q-Learning,D27,"(6, 51)",7,14.0
50,Greedy,D11,"(13, 89)",33,14.0
50,Greedy,D12,"(12, 33)",29,20.0
50,Greedy,D13,"(89, 42)",29,15.0
50,Greedy,D14,"(96, 9)",29,22.0
50,Greedy,D16,"(97, 84)",25,24.0
50,Greedy,D17,"(64, 55)",27,19.0
50,Greedy,D18,"(30, 36)",28,22.0
50,Greedy,D19,"(61, 47)",27,14.0
50,Greedy,D20,"(19, 84)",18,29.0
50,Greedy,D21,"(100, 12)",17,25.0
50,Greedy,D22,"(9, 91)",19,29.0
50,Greedy,D23,"(45, 89)",12,16.0
50,Greedy,D24,"(4, 42)",18,10.0
50,Greedy,D25,"(11, 94)",17,17.0
50,Greedy,D27,"(6, 51)",8,14.0
50,Auction,D11,"(13, 89)",33,14.0
50,Auction,D12,"(12, 33)",29,20.0
50,Auction,D14,"(96, 9)",29,22.0
50,Auction,D16,"(97, 84)",25,24.0
50,Auction,D17,"(64, 55)",27,19.0
50,Auction,D18,"(30, 36)",28,22.0
50,Auction,D19,"(61, 47)",27,14.0
50,Auction,D20,"(19, 84)",18,29.0
50,Auction,D21,"(100, 12)",17,25.0
50,Auction,D22,"(9, 91)",19,29.0
50,Auction,D24,"(4, 42)",18,10.0
50,Auction,D25,"(11, 94)",17,17.0
50,Auction,D27,"(6, 51)",8,14.0
50,Q-Learning,D9,"(26, 94)",40,27.0
50,Q-Learning,D13,"(89, 42)",29,15.0
50,Q-Learning,D16,"(97, 84)",25,24.0
50,Q-Learning,D17,"(64, 55)",27,19.0
50,Q-Learning,D19,"(61, 47)",27,14.0
50,Q-Learning,D20,"(19, 84)",18,29.0
50,Q-Learning,D21,"(100, 12)",17,25.0
50,Q-Learning,D22,"(9, 91)",19,29.0
50,Q-Learning,D23,"(45, 89)",12,16.0
50,Q-Learning,D24,"(4, 42)",18,10.0
50,Q-Learning,D25,"(11, 94)",17,17.0
50,Q-Learning,D27,"(6, 51)",8,14.0
51,Greedy,D11,"(13, 89)",34,14.0
51,Greedy,D12,"(12, 33)",30,20.0
51,Greedy,D13,"(89, 42)",30,15.0
51,Greedy,D14,"(96, 9)",30,22.0
51,Greedy,D16,"(97, 84)",26,24.0
51,Greedy,D17,"(64, 55)",28,19.0
51,Greedy,D18,"(30, 36)",29,22.0
51,Greedy,D19,"(61, 47)",28,14.0
51,Greedy,D20,"(19, 84)",19,29.0
51,Greedy,D21,"(100, 12)",18,25.0
51,Greedy,D22,"(9, 91)",20,29.0
51,Greedy,D23,"(45, 89)",13,16.0
51,Greedy,D24,"(4, 42)",19,10.0
51,Greedy,D25,"(11, 94)",18,17.0
51,Greedy,D27,"(6, 51)",9,14.0
51,Greedy,D28,"(54, 36)",3,18.0
51,Auction,D11,"(13, 89)",34,14.0
51,Auction,D12,"(12, 33)",30,20.0
51,Auction,D14,"(96, 9)",30,22.0
51,Auction,D16,"(97, 84)",26,24.0
51,Auction,D17,"(64, 55)",28,19.0
51,Auction,D18,"(30, 36)",29,22.0
51,Auction,D19,"(61, 47)",28,14.0
51,Auction,D20,"(19, 84)",19,29.0
51,Auction,D21,"(100, 12)",18,25.0
51,Auction,D22,"(9, 91)",20,29.0
51,Auction,D24,"(4, 42)",19,10.0
51,Auction,D25,"(11, 94)",18,17.0
51,Auction,D27,"(6, 51)",9,14.0
51,Auction,D28,"(54, 36)",3,18.0
51,Q-Learning,D9,"(26, 94)",41,27.0
51,Q-Learning,D13,"(89, 42)",30,15.0
51,Q-Learning,D16,"(97, 84)",26,24.0
51,Q-Learning,D17,"(64, 55)",28,19.0
51,Q-Learning,D19,"(61, 47)",28,14.0
51,Q-Learning,D20,"(19, 84)",19,29.0
51,Q-Learning,D21,"(100, 12)",18,25.0
51,Q-Learning,D22,"(9, 91)",20,29.0
51,Q-Learning,D23,"(45, 89)",13,16.0
51,Q-Learning,D24,"(4, 42)",19,10.0
51,Q-Learning,D25,"(11, 94)",18,17.0
51,Q-Learning,D27,"(6, 51)",9,14.0
51,Q-Learning,D28,"(54, 36)",3,18.0
52,Greedy,D11,"(13, 89)",35,14.0
52,Greedy,D12,"(12, 33)",31,20.0
52,Greedy,D13,"(89, 42)",31,15.0
52,Greedy,D14,"(96, 9)",31,22.0
52,Greedy,D16,"(97, 84)",27,24.0
52,Greedy,D17,"(64, 55)",29,19.0
52,Greedy,D18,"(30, 36)",30,22.0
52,Greedy,D19,"(61, 47)",29,14.0
52,Greedy,D20,"(19, 84)",20,29.0
52,Greedy,D21,"(100, 12)",19,25.0
52,Greedy,D22,"(9, 91)",21,29.0
52,Greedy,D23,"(45, 89)",14,16.0
52,Greedy,D24,"(4, 42)",20,10.0
52,Greedy,D25,"(11, 94)",19,17.0
52,Greedy,D27,"(6, 51)",10,14.0
52,Greedy,D28,"(54, 36)",4,18.0
52,Auction,D11,"(13, 89)",35,14.0
52,Auction,D12,"(12, 33)",31,20.0
52,Auction,D14,"(96, 9)",31,22.0
52,Auction,D16,"(97, 84)",27,24.0
52,Auction,D17,"(64, 55)",29,19.0
52,Auction,D18,"(30, 36)",30,22.0
52,Auction,D19,"(61, 47)",29,14.0
52,Auction,D20,"(19, 84)",20,29.0
52,Auction,D21,"(100, 12)",19,25.0
52,Auction,D22,"(9, 91)",21,29.0
52,Auction,D24,"(4, 42)",20,10.0
52,Auction,D25,"(11, 94)",19,17.0
52,Auction,D27,"(6, 51)",10,14.0
52,Auction,D28,"(54, 36)",4,18.0
52,Q-Learning,D9,"(26, 94)",42,27.0
52,Q-Learning,D13,"(89, 42)",31,15.0
52,Q-Learning,D16,"(97, 84)",27,24.0
52,Q-Learning,D17,"(64, 55)",29,19.0
52,Q-Learning,D19,"(61, 47)",29,14.0
52,Q-Learning,D20,"(19, 84)",20,29.0
52,Q-Learning,D21,"(100, 12)",19,25.0
52,Q-Learning,D22,"(9, 91)",21,29.0
52,Q-Learning,D23,"(45, 89)",14,16.0
52,Q-Learning,D24,"(4, 42)",20,10.0
52,Q-Learning,D25,"(11, 94)",19,17.0
52,Q-Learning,D27,"(6, 51)",10,14.0
52,Q-Learning,D28,"(54, 36)",4,18.0
53,Greedy,D11,"(13, 89)",36,14.0
53,Greedy,D12,"(12, 33)",32,20.0
53,Greedy,D13,"(89, 42)",32,15.0
53,Greedy,D14,"(96, 9)",32,22.0
53,Greedy,D16,"(97, 84)",28,24.0
53,Greedy,D17,"(64, 55)",30,19.0
53,Greedy,D18,"(30, 36)",31,22.0
53,Greedy,D19,"(61, 47)",30,14.0
53,Greedy,D20,"(19, 84)",21,29.0
53,Greedy,D21,"(100, 12)",20,25.0
53,Greedy,D22,"(9, 91)",22,29.0
53,Greedy,D23,"(45, 89)",15,16.0
53,Greedy,D24,"(4, 42)",21,10.0
53,Greedy,D25,"(11, 94)",20,17.0
53,Greedy,D27,"(6, 51)",11,14.0
53,Greedy,D28,"(54, 36)",5,18.0
53,Greedy,D29,"(29, 98)",6,16.0
53,Auction,D11,"(13, 89)",36,14.0
53,Auction,D12,"(12, 33)",32,20.0
53,Auction,D14,"(96, 9)",32,22.0
53,Auction,D16,"(97, 84)",28,24.0
53,Auction,D17,"(64, 55)",30,19.0
53,Auction,D19,"(61, 47)",30,14.0
53,Auction,D20,"(19, 84)",21,29.0
53,Auction,D21,"(100, 12)",20,25.0
53,Auction,D22,"(9, 91)",22,29.0
53,Auction,D24,"(4, 42)",21,10.0
53,Auction,D25,"(11, 94)",20,17.0
53,Auction,D27,"(6, 51)",11,14.0
53,Auction,D28,"(54, 36)",5,18.0
53,Auction,D29,"(29, 98)",6,16.0
53,Q-Learning,D9,"(26, 94)",43,27.0
53,Q-Learning,D16,"(97, 84)",28,24.0
53,Q-Learning,D17,"(64, 55)",30,19.0
53,Q-Learning,D19,"(61, 47)",30,14.0
53,Q-Learning,D20,"(19, 84)",21,29.0
53,Q-Learning,D21,"(100, 12)",20,25.0
53,Q-Learning,D22,"(9, 91)",22,29.0
53,Q-Learning,D23,"(45, 89)",15,16.0
53,Q-Learning,D24,"(4, 42)",21,10.0
53,Q-Learning,D25,"(11, 94)",20,17.0
53,Q-Learning,D27,"(6, 51)",11,14.0
53,Q-Learning,D28,"(54, 36)",5,18.0
53,Q-Learning,D29,"(29, 98)",6,16.0
54,Greedy,D12,"(12, 33)",33,20.0
54,Greedy,D13,"(89, 42)",33,15.0
54,Greedy,D14,"(96, 9)",33,22.0
54,Greedy,D16,"(97, 84)",29,24.0
54,Greedy,D17,"(64, 55)",31,19.0
54,Greedy,D18,"(30, 36)",32,22.0
54,Greedy,D19,"(61, 47)",31,14.0
54,Greedy,D20,"(19, 84)",22,29.0
54,Greedy,D21,"(100, 12)",21,25.0
54,Greedy,D22,"(9, 91)",23,29.0
54,Greedy,D23,"(45, 89)",16,16.0
54,Greedy,D24,"(4, 42)",22,10.0
54,Greedy,D25,"(11, 94)",21,17.0
54,Greedy,D27,"(6, 51)",12,14.0
54,Greedy,D28,"(54, 36)",6,18.0
54,Greedy,D29,"(29, 98)",7,16.0
54,Greedy,D30,"(0, 34)",8,13.0
54,Auction,D11,"(13, 89)",37,14.0
54,Auction,D12,"(12, 33)",33,20.0
54,Auction,D16,"(97, 84)",29,24.0
54,Auction,D17,"(64, 55)",31,19.0
54,Auction,D19,"(61, 47)",31,14.0
54,Auction,D20,"(19, 84)",22,29.0
54,Auction,D21,"(100, 12)",21,25.0
54,Auction,D22,"(9, 91)",23,29.0
54,Auction,D24,"(4, 42)",22,10.0
54,Auction,D25,"(11, 94)",21,17.0
54,Auction,D27,"(6, 51)",12,14.0
54,Auction,D28,"(54, 36)",6,18.0
54,Auction,D29,"(29, 98)",7,16.0
54,Auction,D30,"(0, 34)",8,13.0
54,Q-Learning,D9,"(26, 94)",44,27.0
54,Q-Learning,D16,"(97, 84)",29,24.0
54,Q-Learning,D17,"(64, 55)",31,19.0
54,Q-Learning,D20,"(19, 84)",22,29.0
54,Q-Learning,D21,"(100, 12)",21,25.0
54,Q-Learning,D22,"(9, 91)",23,29.0
54,Q-Learning,D23,"(45, 89)",16,16.0
54,Q-Learning,D24,"(4, 42)",22,10.0
54,Q-Learning,D25,"(11, 94)",21,17.0
54,Q-Learning,D27,"(6, 51)",12,14.0
54,Q-Learning,D28,"(54, 36)",6,18.0
54,Q-Learning,D29,"(29, 98)",7,16.0
54,Q-Learning,D30,"(0, 34)",8,13.0
55,Greedy,D13,"(89, 42)",34,15.0
55,Greedy,D14,"(96, 9)",34,22.0
55,Greedy,D16,"(97, 84)",30,24.0
55,Greedy,D17,"(64, 55)",32,19.0
55,Greedy,D18,"(30, 36)",33,22.0
55,Greedy,D19,"(61, 47)",32,14.0
55,Greedy,D20,"(19, 84)",23,29.0
55,Greedy,D21,"(100, 12)",22,25.0
55,Greedy,D22,"(9, 91)",24,29.0
55,Greedy,D23,"(45, 89)",17,16.0
55,Greedy,D24,"(4, 42)",23,10.0
55,Greedy,D25,"(11, 94)",22,17.0
55,Greedy,D27,"(6, 51)",13,14.0
55,Greedy,D28,"(54, 36)",7,18.0
55,Greedy,D29,"(29, 98)",8,16.0
55,Greedy,D30,"(0, 34)",9,13.0
55,Auction,D11,"(13, 89)",38,14.0
55,Auction,D12,"(12, 33)",34,20.0
55,Auction,D16,"(97, 84)",30,24.0
55,Auction,D17,"(64, 55)",32,19.0
55,Auction,D19,"(61, 47)",32,14.0
55,Auction,D20,"(19, 84)",23,29.0
55,Auction,D21,"(100, 12)",22,25.0
55,Auction,D22,"(9, 91)",24,29.0
55,Auction,D24,"(4, 42)",23,10.0
55,Auction,D25,"(11, 94)",22,17.0
55,Auction,D27,"(6, 51)",13,14.0
55,Auction,D28,"(54, 36)",7,18.0
55,Auction,D29,"(29, 98)",8,16.0
55,Auction,D30,"(0, 34)",9,13.0
55,Q-Learning,D9,"(26, 94)",45,27.0
55,Q-Learning,D16,"(97, 84)",30,24.0
55,Q-Learning,D17,"(64, 55)",32,19.0
55,Q-Learning,D20,"(19, 84)",23,29.0
55,Q-Learning,D21,"(100, 12)",22,25.0
55,Q-Learning,D22,"(9, 91)",24,29.0
55,Q-Learning,D23,"(45, 89)",17,16.0
55,Q-Learning,D24,"(4, 42)",23,10.0
55,Q-Learning,D25,"(11, 94)",22,17.0
55,Q-Learning,D27,"(6, 51)",13,14.0
55,Q-Learning,D28,"(54, 36)",7,18.0
55,Q-Learning,D29,"(29, 98)",8,16.0
55,Q-Learning,D30,"(0, 34)",9,13.0
56,Greedy,D13,"(89, 42)",35,15.0
56,Greedy,D14,"(96, 9)",35,22.0
56,Greedy,D16,"(97, 84)",31,24.0
56,Greedy,D17,"(64, 55)",33,19.0
56,Greedy,D18,"(30, 36)",34,22.0
56,Greedy,D19,"(61, 47)",33,14.0
56,Greedy,D20,"(19, 84)",24,29.0
56,Greedy,D21,"(100, 12)",23,25.0
56,Greedy,D22,"(9, 91)",25,29.0
56,Greedy,D23,"(45, 89)",18,16.0
56,Greedy,D24,"(4, 42)",24,10.0
56,Greedy,D25,"(11, 94)",23,17.0
56,Greedy,D27,"(6, 51)",14,14.0
56,Greedy,D28,"(54, 36)",8,18.0
56,Greedy,D29,"(29, 98)",9,16.0
56,Greedy,D30,"(0, 34)",10,13.0
56,Auction,D12,"(12, 33)",35,20.0
56,Auction,D16,"(97, 84)",31,24.0
56,Auction,D17,"(64, 55)",33,19.0
56,Auction,D19,"(61, 47)",33,14.0
56,Auction,D20,"(19, 84)",24,29.0
56,Auction,D21,"(100, 12)",23,25.0
56,Auction,D22,"(9, 91)",25,29.0
56,Auction,D24,"(4, 42)",24,10.0
56,Auction,D25,"(11, 94)",23,17.0
56,Auction,D27,"(6, 51)",14,14.0
56,Auction,D28,"(54, 36)",8,18.0
56,Auction,D29,"(29, 98)",9,16.0
56,Auction,D30,"(0, 34)",10,13.0
56,Q-Learning,D16,"(97, 84)",31,24.0
56,Q-Learning,D17,"(64, 55)",33,19.0
56,Q-Learning,D20,"(19, 84)",24,29.0
56,Q-Learning,D21,"(100, 12)",23,25.0
56,Q-Learning,D22,"(9, 91)",25,29.0
56,Q-Learning,D23,"(45, 89)",18,16.0
56,Q-Learning,D24,"(4, 42)",24,10.0
56,Q-Learning,D25,"(11, 94)",23,17.0
56,Q-Learning,D27,"(6, 51)",14,14.0
56,Q-Learning,D28,"(54, 36)",8,18.0
56,Q-Learning,D29,"(29, 98)",9,16.0
56,Q-Learning,D30,"(0, 34)",10,13.0
57,Greedy,D14,"(96, 9)",36,22.0
57,Greedy,D16,"(97, 84)",32,24.0
57,Greedy,D17,"(64, 55)",34,19.0
57,Greedy,D18,"(30, 36)",35,22.0
57,Greedy,D19,"(61, 47)",34,14.0
57,Greedy,D20,"(19, 84)",25,29.0
57,Greedy,D21,"(100, 12)",24,25.0
57,Greedy,D22,"(9, 91)",26,29.0
57,Greedy,D23,"(45, 89)",19,16.0
57,Greedy,D24,"(4, 42)",25,10.0
57,Greedy,D25,"(11, 94)",24,17.0
57,Greedy,D27,"(6, 51)",15,14.0
57,Greedy,D28,"(54, 36)",9,18.0
57,Greedy,D29,"(29, 98)",10,16.0
57,Greedy,D30,"(0, 34)",11,13.0
57,Greedy,D31,"(26, 64)",1,19.0
57,Auction,D12,"(12, 33)",36,20.0
57,Auction,D16,"(97, 84)",32,24.0
57,Auction,D17,"(64, 55)",34,19.0
57,Auction,D19,"(61, 47)",34,14.0
57,Auction,D20,"(19, 84)",25,29.0
57,Auction,D21,"(100, 12)",24,25.0
57,Auction,D22,"(9, 91)",26,29.0
57,Auction,D25,"(11, 94)",24,17.0
57,Auction,D27,"(6, 51)",15,14.0
57,Auction,D28,"(54, 36)",9,18.0
57,Auction,D29,"(29, 98)",10,16.0
57,Auction,D30,"(0, 34)",11,13.0
57,Auction,D31,"(26, 64)",1,19.0
57,Q-Learning,D16,"(97, 84)",32,24.0
57,Q-Learning,D17,"(64, 55)",34,19.0
57,Q-Learning,D20,"(19, 84)",25,29.0
57,Q-Learning,D21,"(100, 12)",24,25.0
57,Q-Learning,D22,"(9, 91)",26,29.0
57,Q-Learning,D23,"(45, 89)",19,16.0
57,Q-Learning,D24,"(4, 42)",25,10.0
57,Q-Learning,D25,"(11, 94)",24,17.0
57,Q-Learning,D27,"(6, 51)",15,14.0
57,Q-Learning,D28,"(54, 36)",9,18.0
57,Q-Learning,D29,"(29, 98)",10,16.0
57,Q-Learning,D30,"(0, 34)",11,13.0
57,Q-Learning,D31,"(26, 64)",1,19.0
58,Greedy,D14,"(96, 9)",37,22.0
58,Greedy,D16,"(97, 84)",33,24.0
58,Greedy,D17,"(64, 55)",35,19.0
58,Greedy,D18,"(30, 36)",36,22.0
58,Greedy,D19,"(61, 47)",35,14.0
58,Greedy,D20,"(19, 84)",26,29.0
58,Greedy,D21,"(100, 12)",25,25.0
58,Greedy,D22,"(9, 91)",27,29.0
58,Greedy,D23,"(45, 89)",20,16.0
58,Greedy,D24,"(4, 42)",26,10.0
58,Greedy,D25,"(11, 94)",25,17.0
58,Greedy,D27,"(6, 51)",16,14.0
58,Greedy,D28,"(54, 36)",10,18.0
58,Greedy,D29,"(29, 98)",11,16.0
58,Greedy,D30,"(0, 34)",12,13.0
58,Greedy,D31,"(26, 64)",2,19.0
58,Greedy,D32,"(1, 68)",10,25.0
58,Auction,D12,"(12, 33)",37,20.0
58,Auction,D16,"(97, 84)",33,24.0
58,Auction,D17,"(64, 55)",35,19.0
58,Auction,D19,"(61, 47)",35,14.0
58,Auction,D20,"(19, 84)",26,29.0
58,Auction,D21,"(100, 12)",25,25.0
58,Auction,D22,"(9, 91)",27,29.0
58,Auction,D25,"(11, 94)",25,17.0
58,Auction,D27,"(6, 51)",16,14.0
58,Auction,D28,"(54, 36)",10,18.0
58,Auction,D29,"(29, 98)",11,16.0
58,Auction,D30,"(0, 34)",12,13.0
58,Auction,D31,"(26, 64)",2,19.0
58,Auction,D32,"(1, 68)",10,25.0
58,Q-Learning,D16,"(97, 84)",33,24.0
58,Q-Learning,D17,"(64, 55)",35,19.0
58,Q-Learning,D20,"(19, 84)",26,29.0
58,Q-Learning,D21,"(100, 12)",25,25.0
58,Q-Learning,D22,"(9, 91)",27,29.0
58,Q-Learning,D23,"(45, 89)",20,16.0
58,Q-Learning,D24,"(4, 42)",26,10.0
58,Q-Learning,D25,"(11, 94)",25,17.0
58,Q-Learning,D27,"(6, 51)",16,14.0
58,Q-Learning,D28,"(54, 36)",10,18.0
58,Q-Learning,D29,"(29, 98)",11,16.0
58,Q-Learning,D30,"(0, 34)",12,13.0
58,Q-Learning,D31,"(26, 64)",2,19.0
58,Q-Learning,D32,"(1, 68)",10,25.0
59,Greedy,D14,"(96, 9)",38,22.0
59,Greedy,D16,"(97, 84)",34,24.0
59,Greedy,D17,"(64, 55)",36,19.0
59,Greedy,D18,"(30, 36)",37,22.0
59,Greedy,D19,"(61, 47)",36,14.0
59,Greedy,D20,"(19, 84)",27,29.0
59,Greedy,D21,"(100, 12)",26,25.0
59,Greedy,D22,"(9, 91)",28,29.0
59,Greedy,D23,"(45, 89)",21,16.0
59,Greedy,D24,"(4, 42)",27,10.0
59,Greedy,D25,"(11, 94)",26,17.0
59,Greedy,D27,"(6, 51)",17,14.0
59,Greedy,D28,"(54, 36)",11,18.0
59,Greedy,D29,"(29, 98)",12,16.0
59,Greedy,D30,"(0, 34)",13,13.0
59,Greedy,D31,"(26, 64)",3,19.0
59,Greedy,D32,"(1, 68)",11,25.0
59,Greedy,D33,"(40, 23)",8,13.0
59,Auction,D12,"(12, 33)",38,20.0
59,Auction,D16,"(97, 84)",34,24.0
59,Auction,D17,"(64, 55)",36,19.0
59,Auction,D19,"(61, 47)",36,14.0
59,Auction,D20,"(19, 84)",27,29.0
59,Auction,D21,"(100, 12)",26,25.0
59,Auction,D22,"(9, 91)",28,29.0
59,Auction,D25,"(11, 94)",26,17.0
59,Auction,D27,"(6, 51)",17,14.0
59,Auction,D28,"(54, 36)",11,18.0
59,Auction,D29,"(29, 98)",12,16.0
59,Auction,D30,"(0, 34)",13,13.0
59,Auction,D31,"(26, 64)",3,19.0
59,Auction,D32,"(1, 68)",11,25.0
59,Auction,D33,"(40, 23)",8,13.0
59,Q-Learning,D16,"(97, 84)",34,24.0
59,Q-Learning,D17,"(64, 55)",36,19.0
59,Q-Learning,D20,"(19, 84)",27,29.0
59,Q-Learning,D21,"(100, 12)",26,25.0
59,Q-Learning,D22,"(9, 91)",28,29.0
59,Q-Learning,D23,"(45, 89)",21,16.0
59,Q-Learning,D24,"(4, 42)",27,10.0
59,Q-Learning,D25,"(11, 94)",26,17.0
59,Q-Learning,D27,"(6, 51)",17,14.0
59,Q-Learning,D28,"(54, 36)",11,18.0
59,Q-Learning,D29,"(29, 98)",12,16.0
59,Q-Learning,D30,"(0, 34)",13,13.0
59,Q-Learning,D31,"(26, 64)",3,19.0
59,Q-Learning,D32,"(1, 68)",11,25.0
59,Q-Learning,D33,"(40, 23)",8,13.0
60,Greedy,D14,"(96, 9)",39,22.0
60,Greedy,D16,"(97, 84)",35,24.0
60,Greedy,D17,"(64, 55)",37,19.0
60,Greedy,D18,"(30, 36)",38,22.0
60,Greedy,D19,"(61, 47)",37,14.0
60,Greedy,D20,"(19, 84)",28,29.0
60,Greedy,D21,"(100, 12)",27,25.0
60,Greedy,D22,"(9, 91)",29,29.0
60,Greedy,D23,"(45, 89)",22,16.0
60,Greedy,D24,"(4, 42)",28,10.0
60,Greedy,D25,"(11, 94)",27,17.0
60,Greedy,D27,"(6, 51)",18,14.0
60,Greedy,D28,"(54, 36)",12,18.0
60,Greedy,D29,"(29, 98)",13,16.0
60,Greedy,D30,"(0, 34)",14,13.0
60,Greedy,D31,"(26, 64)",4,19.0
60,Greedy,D32,"(1, 68)",12,25.0
60,Greedy,D33,"(40, 23)",9,13.0
60,Greedy,D34,"(52, 13)",10,20.0
60,Auction,D12,"(12, 33)",39,20.0
60,Auction,D16,"(97, 84)",35,24.0
60,Auction,D17,"(64, 55)",37,19.0
60,Auction,D19,"(61, 47)",37,14.0
60,Auction,D20,"(19, 84)",28,29.0
60,Auction,D21,"(100, 12)",27,25.0
60,Auction,D22,"(9, 91)",29,29.0
60,Auction,D25,"(11, 94)",27,17.0
60,Auction,D27,"(6, 51)",18,14.0
60,Auction,D28,"(54, 36)",12,18.0
60,Auction,D30,"(0, 34)",14,13.0
60,Auction,D31,"(26, 64)",4,19.0
60,Auction,D32,"(1, 68)",12,25.0
60,Auction,D33,"(40, 23)",9,13.0
60,Auction,D34,"(52, 13)",10,20.0
60,Q-Learning,D16,"(97, 84)",35,24.0
60,Q-Learning,D17,"(64, 55)",37,19.0
60,Q-Learning,D20,"(19, 84)",28,29.0
60,Q-Learning,D21,"(100, 12)",27,25.0
60,Q-Learning,D22,"(9, 91)",29,29.0
60,Q-Learning,D23,"(45, 89)",22,16.0
60,Q-Learning,D24,"(4, 42)",28,10.0
60,Q-Learning,D25,"(11, 94)",27,17.0
60,Q-Learning,D27,"(6, 51)",18,14.0
60,Q-Learning,D28,"(54, 36)",12,18.0
60,Q-Learning,D29,"(29, 98)",13,16.0
60,Q-Learning,D30,"(0, 34)",14,13.0
60,Q-Learning,D31,"(26, 64)",4,19.0
60,Q-Learning,D32,"(1, 68)",12,25.0
60,Q-Learning,D33,"(40, 23)",9,13.0
60,Q-Learning,D34,"(52, 13)",10,20.0
61,Greedy,D14,"(96, 9)",40,22.0
61,Greedy,D16,"(97, 84)",36,24.0
61,Greedy,D18,"(30, 36)",39,22.0
61,Greedy,D19,"(61, 47)",38,14.0
61,Greedy,D20,"(19, 84)",29,29.0
61,Greedy,D21,"(100, 12)",28,25.0
61,Greedy,D22,"(9, 91)",30,29.0
61,Greedy,D23,"(45, 89)",23,16.0
61,Greedy,D24,"(4, 42)",29,10.0
61,Greedy,D25,"(11, 94)",28,17.0
61,Greedy,D27,"(6, 51)",19,14.0
61,Greedy,D28,"(54, 36)",13,18.0
61,Greedy,D29,"(29, 98)",14,16.0
61,Greedy,D30,"(0, 34)",15,13.0
61,Greedy,D31,"(26, 64)",5,19.0
61,Greedy,D32,"(1, 68)",13,25.0
61,Greedy,D33,"(40, 23)",10,13.0
61,Greedy,D34,"(52, 13)",11,20.0
61,Auction,D12,"(12, 33)",40,20.0
61,Auction,D16,"(97, 84)",36,24.0
61,Auction,D17,"(64, 55)",38,19.0
61,Auction,D19,"(61, 47)",38,14.0
61,Auction,D20,"(19, 84)",29,29.0
61,Auction,D21,"(100, 12)",28,25.0
61,Auction,D22,"(9, 91)",30,29.0
61,Auction,D25,"(11, 94)",28,17.0
61,Auction,D27,"(6, 51)",19,14.0
61,Auction,D28,"(54, 36)",13,18.0
61,Auction,D30,"(0, 34)",15,13.0
61,Auction,D31,"(26, 64)",5,19.0
61,Auction,D32,"(1, 68)",13,25.0
61,Auction,D33,"(40, 23)",10,13.0
61,Auction,D34,"(52, 13)",11,20.0
61,Q-Learning,D16,"(97, 84)",36,24.0
61,Q-Learning,D17,"(64, 55)",38,19.0
61,Q-Learning,D20,"(19, 84)",29,29.0
61,Q-Learning,D21,"(100, 12)",28,25.0
61,Q-Learning,D22,"(9, 91)",30,29.0
61,Q-Learning,D23,"(45, 89)",23,16.0
61,Q-Learning,D24,"(4, 42)",29,10.0
61,Q-Learning,D25,"(11, 94)",28,17.0
61,Q-Learning,D27,"(6, 51)",19,14.0
61,Q-Learning,D28,"(54, 36)",13,18.0
61,Q-Learning,D29,"(29, 98)",14,16.0
61,Q-Learning,D30,"(0, 34)",15,13.0
61,Q-Learning,D31,"(26, 64)",5,19.0
61,Q-Learning,D32,"(1, 68)",13,25.0
61,Q-Learning,D33,"(40, 23)",10,13.0
61,Q-Learning,D34,"(52, 13)",11,20.0
62,Greedy,D14,"(96, 9)",41,22.0
62,Greedy,D16,"(97, 84)",37,24.0
62,Greedy,D18,"(30, 36)",40,22.0
62,Greedy,D19,"(61, 47)",39,14.0
62,Greedy,D20,"(19, 84)",30,29.0
62,Greedy,D21,"(100, 12)",29,25.0
62,Greedy,D22,"(9, 91)",31,29.0
62,Greedy,D23,"(45, 89)",24,16.0
62,Greedy,D24,"(4, 42)",30,10.0
62,Greedy,D25,"(11, 94)",29,17.0
62,Greedy,D27,"(6, 51)",20,14.0
62,Greedy,D28,"(54, 36)",14,18.0
62,Greedy,D29,"(29, 98)",15,16.0
62,Greedy,D30,"(0, 34)",16,13.0
62,Greedy,D31,"(26, 64)",6,19.0
62,Greedy,D32,"(1, 68)",14,25.0
62,Greedy,D33,"(40, 23)",11,13.0
62,Greedy,D34,"(52, 13)",12,20.0
62,Greedy,D35,"(78, 70)",10,13.0
62,Auction,D12,"(12, 33)",41,20.0
62,Auction,D16,"(97, 84)",37,24.0
62,Auction,D17,"(64, 55)",39,19.0
62,Auction,D19,"(61, 47)",39,14.0
62,Auction,D20,"(19, 84)",30,29.0
62,Auction,D21,"(100, 12)",29,25.0
62,Auction,D22,"(9, 91)",31,29.0
62,Auction,D25,"(11, 94)",29,17.0
62,Auction,D27,"(6, 51)",20,14.0
62,Auction,D28,"(54, 36)",14,18.0
62,Auction,D30,"(0, 34)",16,13.0
62,Auction,D31,"(26, 64)",6,19.0
62,Auction,D32,"(1, 68)",14,25.0
62,Auction,D33,"(40, 23)",11,13.0
62,Auction,D34,"(52, 13)",12,20.0
62,Auction,D35,"(78, 70)",10,13.0
62,Q-Learning,D16,"(97, 84)",37,24.0
62,Q-Learning,D17,"(64, 55)",39,19.0
62,Q-Learning,D20,"(19, 84)",30,29.0
62,Q-Learning,D21,"(100, 12)",29,25.0
62,Q-Learning,D22,"(9, 91)",31,29.0
62,Q-Learning,D23,"(45, 89)",24,16.0
62,Q-Learning,D24,"(4, 42)",30,10.0
62,Q-Learning,D25,"(11, 94)",29,17.0
62,Q-Learning,D27,"(6, 51)",20,14.0
62,Q-Learning,D28,"(54, 36)",14,18.0
62,Q-Learning,D29,"(29, 98)",15,16.0
62,Q-Learning,D30,"(0, 34)",16,13.0
62,Q-Learning,D31,"(26, 64)",6,19.0
62,Q-Learning,D32,"(1, 68)",14,25.0
62,Q-Learning,D34,"(52, 13)",12,20.0
62,Q-Learning,D35,"(78, 70)",10,13.0
63,Greedy,D14,"(96, 9)",42,22.0
63,Greedy,D16,"(97, 84)",38,24.0
63,Greedy,D18,"(30, 36)",41,22.0
63,Greedy,D20,"(19, 84)",31,29.0
63,Greedy,D21,"(100, 12)",30,25.0
63,Greedy,D22,"(9, 91)",32,29.0
63,Greedy,D23,"(45, 89)",25,16.0
63,Greedy,D24,"(4, 42)",31,10.0
63,Greedy,D25,"(11, 94)",30,17.0
63,Greedy,D27,"(6, 51)",21,14.0
63,Greedy,D28,"(54, 36)",15,18.0
63,Greedy,D29,"(29, 98)",16,16.0
63,Greedy,D30,"(0, 34)",17,13.0
63,Greedy,D31,"(26, 64)",7,19.0
63,Greedy,D32,"(1, 68)",15,25.0
63,Greedy,D33,"(40, 23)",12,13.0
63,Greedy,D34,"(52, 13)",13,20.0
63,Greedy,D35,"(78, 70)",11,13.0
63,Auction,D12,"(12, 33)",42,20.0
63,Auction,D16,"(97, 84)",38,24.0
63,Auction,D17,"(64, 55)",40,19.0
63,Auction,D19,"(61, 47)",40,14.0
63,Auction,D20,"(19, 84)",31,29.0
63,Auction,D21,"(100, 12)",30,25.0
63,Auction,D22,"(9, 91)",32,29.0
63,Auction,D25,"(11, 94)",30,17.0
63,Auction,D27,"(6, 51)",21,14.0
63,Auction,D28,"(54, 36)",15,18.0
63,Auction,D30,"(0, 34)",17,13.0
63,Auction,D31,"(26, 64)",7,19.0
63,Auction,D32,"(1, 68)",15,25.0
63,Auction,D33,"(40, 23)",12,13.0
63,Auction,D34,"(52, 13)",13,20.0
63,Auction,D35,"(78, 70)",11,13.0
63,Q-Learning,D16,"(97, 84)",38,24.0
63,Q-Learning,D17,"(64, 55)",40,19.0
63,Q-Learning,D20,"(19, 84)",31,29.0
63,Q-Learning,D21,"(100, 12)",30,25.0
63,Q-Learning,D22,"(9, 91)",32,29.0
63,Q-Learning,D23,"(45, 89)",25,16.0
63,Q-Learning,D24,"(4, 42)",31,10.0
63,Q-Learning,D25,"(11, 94)",30,17.0
63,Q-Learning,D27,"(6, 51)",21,14.0
63,Q-Learning,D28,"(54, 36)",15,18.0
63,Q-Learning,D29,"(29, 98)",16,16.0
63,Q-Learning,D30,"(0, 34)",17,13.0
63,Q-Learning,D31,"(26, 64)",7,19.0
63,Q-Learning,D32,"(1, 68)",15,25.0
63,Q-Learning,D34,"(52, 13)",13,20.0
63,Q-Learning,D35,"(78, 70)",11,13.0
64,Greedy,D14,"(96, 9)",43,22.0
64,Greedy,D16,"(97, 84)",39,24.0
64,Greedy,D18,"(30, 36)",42,22.0
64,Greedy,D20,"(19, 84)",32,29.0
64,Greedy,D21,"(100, 12)",31,25.0
64,Greedy,D22,"(9, 91)",33,29.0
64,Greedy,D23,"(45, 89)",26,16.0
64,Greedy,D24,"(4, 42)",32,10.0
64,Greedy,D25,"(11, 94)",31,17.0
64,Greedy,D27,"(6, 51)",22,14.0
64,Greedy,D28,"(54, 36)",16,18.0
64,Greedy,D29,"(29, 98)",17,16.0
64,Greedy,D30,"(0, 34)",18,13.0
64,Greedy,D31,"(26, 64)",8,19.0
64,Greedy,D32,"(1, 68)",16,25.0
64,Greedy,D33,"(40, 23)",13,13.0
64,Greedy,D34,"(52, 13)",14,20.0
64,Greedy,D35,"(78, 70)",12,13.0
64,Auction,D12,"(12, 33)",43,20.0
64,Auction,D16,"(97, 84)",39,24.0
64,Auction,D17,"(64, 55)",41,19.0
64,Auction,D20,"(19, 84)",32,29.0
64,Auction,D21,"(100, 12)",31,25.0
64,Auction,D22,"(9, 91)",33,29.0
64,Auction,D25,"(11, 94)",31,17.0
64,Auction,D27,"(6, 51)",22,14.0
64,Auction,D28,"(54, 36)",16,18.0
64,Auction,D30,"(0, 34)",18,13.0
64,Auction,D31,"(26, 64)",8,19.0
64,Auction,D32,"(1, 68)",16,25.0
64,Auction,D33,"(40, 23)",13,13.0
64,Auction,D34,"(52, 13)",14,20.0
64,Auction,D35,"(78, 70)",12,13.0
64,Q-Learning,D16,"(97, 84)",39,24.0
64,Q-Learning,D17,"(64, 55)",41,19.0
64,Q-Learning,D20,"(19, 84)",32,29.0
64,Q-Learning,D21,"(100, 12)",31,25.0
64,Q-Learning,D22,"(9, 91)",33,29.0
64,Q-Learning,D23,"(45, 89)",26,16.0
64,Q-Learning,D24,"(4, 42)",32,10.0
64,Q-Learning,D25,"(11, 94)",31,17.0
64,Q-Learning,D27,"(6, 51)",22,14.0
64,Q-Learning,D28,"(54, 36)",16,18.0
64,Q-Learning,D29,"(29, 98)",17,16.0
64,Q-Learning,D30,"(0, 34)",18,13.0
64,Q-Learning,D31,"(26, 64)",8,19.0
64,Q-Learning,D32,"(1, 68)",16,25.0
64,Q-Learning,D34,"(52, 13)",14,20.0
64,Q-Learning,D35,"(78, 70)",12,13.0
65,Greedy,D14,"(96, 9)",44,22.0
65,Greedy,D16,"(97, 84)",40,24.0
65,Greedy,D18,"(30, 36)",43,22.0
65,Greedy,D20,"(19, 84)",33,29.0
65,Greedy,D21,"(100, 12)",32,25.0
65,Greedy,D22,"(9, 91)",34,29.0
65,Greedy,D23,"(45, 89)",27,16.0
65,Greedy,D24,"(4, 42)",33,10.0
65,Greedy,D25,"(11, 94)",32,17.0
65,Greedy,D27,"(6, 51)",23,14.0
65,Greedy,D28,"(54, 36)",17,18.0
65,Greedy,D29,"(29, 98)",18,16.0
65,Greedy,D30,"(0, 34)",19,13.0
65,Greedy,D31,"(26, 64)",9,19.0
65,Greedy,D32,"(1, 68)",17,25.0
65,Greedy,D33,"(40, 23)",14,13.0
65,Greedy,D34,"(52, 13)",15,20.0
65,Greedy,D35,"(78, 70)",13,13.0
65,Auction,D12,"(12, 33)",44,20.0
65,Auction,D16,"(97, 84)",40,24.0
65,Auction,D17,"(64, 55)",42,19.0
65,Auction,D20,"(19, 84)",33,29.0
65,Auction,D21,"(100, 12)",32,25.0
65,Auction,D22,"(9, 91)",34,29.0
65,Auction,D25,"(11, 94)",32,17.0
65,Auction,D27,"(6, 51)",23,14.0
65,Auction,D28,"(54, 36)",17,18.0
65,Auction,D30,"(0, 34)",19,13.0
65,Auction,D31,"(26, 64)",9,19.0
65,Auction,D32,"(1, 68)",17,25.0
65,Auction,D33,"(40, 23)",14,13.0
65,Auction,D34,"(52, 13)",15,20.0
65,Auction,D35,"(78, 70)",13,13.0
65,Q-Learning,D16,"(97, 84)",40,24.0
65,Q-Learning,D17,"(64, 55)",42,19.0
65,Q-Learning,D20,"(19, 84)",33,29.0
65,Q-Learning,D21,"(100, 12)",32,25.0
65,Q-Learning,D22,"(9, 91)",34,29.0
65,Q-Learning,D23,"(45, 89)",27,16.0
65,Q-Learning,D25,"(11, 94)",32,17.0
65,Q-Learning,D27,"(6, 51)",23,14.0
65,Q-Learning,D28,"(54, 36)",17,18.0
65,Q-Learning,D29,"(29, 98)",18,16.0
65,Q-Learning,D30,"(0, 34)",19,13.0
65,Q-Learning,D31,"(26, 64)",9,19.0
65,Q-Learning,D32,"(1, 68)",17,25.0
65,Q-Learning,D34,"(52, 13)",15,20.0
65,Q-Learning,D35,"(78, 70)",13,13.0
66,Greedy,D14,"(96, 9)",45,22.0
66,Greedy,D16,"(97, 84)",41,24.0
66,Greedy,D18,"(30, 36)",44,22.0
66,Greedy,D20,"(19, 84)",34,29.0
66,Greedy,D21,"(100, 12)",33,25.0
66,Greedy,D22,"(9, 91)",35,29.0
66,Greedy,D23,"(45, 89)",28,16.0
66,Greedy,D24,"(4, 42)",34,10.0
66,Greedy,D25,"(11, 94)",33,17.0
66,Greedy,D27,"(6, 51)",24,14.0
66,Greedy,D28,"(54, 36)",18,18.0
66,Greedy,D29,"(29, 98)",19,16.0
66,Greedy,D30,"(0, 34)",20,13.0
66,Greedy,D31,"(26, 64)",10,19.0
66,Greedy,D32,"(1, 68)",18,25.0
66,Greedy,D33,"(40, 23)",15,13.0
66,Greedy,D34,"(52, 13)",16,20.0
66,Greedy,D35,"(78, 70)",14,13.0
66,Auction,D12,"(12, 33)",45,20.0
66,Auction,D16,"(97, 84)",41,24.0
66,Auction,D17,"(64, 55)",43,19.0
66,Auction,D20,"(19, 84)",34,29.0
66,Auction,D21,"(100, 12)",33,25.0
66,Auction,D22,"(9, 91)",35,29.0
66,Auction,D25,"(11, 94)",33,17.0
66,Auction,D27,"(6, 51)",24,14.0
66,Auction,D28,"(54, 36)",18,18.0
66,Auction,D30,"(0, 34)",20,13.0
66,Auction,D31,"(26, 64)",10,19.0
66,Auction,D32,"(1, 68)",18,25.0
66,Auction,D33,"(40, 23)",15,13.0
66,Auction,D34,"(52, 13)",16,20.0
66,Auction,D35,"(78, 70)",14,13.0
66,Q-Learning,D16,"(97, 84)",41,24.0
66,Q-Learning,D17,"(64, 55)",43,19.0
66,Q-Learning,D20,"(19, 84)",34,29.0
66,Q-Learning,D21,"(100, 12)",33,25.0
66,Q-Learning,D22,"(9, 91)",35,29.0
66,Q-Learning,D23,"(45, 89)",28,16.0
66,Q-Learning,D25,"(11, 94)",33,17.0
66,Q-Learning,D27,"(6, 51)",24,14.0
66,Q-Learning,D28,"(54, 36)",18,18.0
66,Q-Learning,D29,"(29, 98)",19,16.0
66,Q-Learning,D30,"(0, 34)",20,13.0
66,Q-Learning,D31,"(26, 64)",10,19.0
66,Q-Learning,D32,"(1, 68)",18,25.0
66,Q-Learning,D34,"(52, 13)",16,20.0
66,Q-Learning,D35,"(78, 70)",14,13.0
67,Greedy,D14,"(96, 9)",46,22.0
67,Greedy,D16,"(97, 84)",42,24.0
67,Greedy,D18,"(30, 36)",45,22.0
67,Greedy,D20,"(19, 84)",35,29.0
67,Greedy,D21,"(100, 12)",34,25.0
67,Greedy,D22,"(9, 91)",36,29.0
67,Greedy,D23,"(45, 89)",29,16.0
67,Greedy,D24,"(4, 42)",35,10.0
67,Greedy,D25,"(11, 94)",34,17.0
67,Greedy,D27,"(6, 51)",25,14.0
67,Greedy,D28,"(54, 36)",19,18.0
67,Greedy,D29,"(29, 98)",20,16.0
67,Greedy,D30,"(0, 34)",21,13.0
67,Greedy,D31,"(26, 64)",11,19.0
67,Greedy,D32,"(1, 68)",19,25.0
67,Greedy,D33,"(40, 23)",16,13.0
67,Greedy,D34,"(52, 13)",17,20.0
67,Greedy,D35,"(78, 70)",15,13.0
67,Auction,D12,"(12, 33)",46,20.0
67,Auction,D16,"(97, 84)",42,24.0
67,Auction,D17,"(64, 55)",44,19.0
67,Auction,D20,"(19, 84)",35,29.0
67,Auction,D21,"(100, 12)",34,25.0
67,Auction,D22,"(9, 91)",36,29.0
67,Auction,D25,"(11, 94)",34,17.0
67,Auction,D27,"(6, 51)",25,14.0
67,Auction,D28,"(54, 36)",19,18.0
67,Auction,D30,"(0, 34)",21,13.0
67,Auction,D31,"(26, 64)",11,19.0
67,Auction,D32,"(1, 68)",19,25.0
67,Auction,D33,"(40, 23)",16,13.0
67,Auction,D34,"(52, 13)",17,20.0
67,Auction,D35,"(78, 70)",15,13.0
67,Auction,D36,"(52, 31)",4,10.0
67,Q-Learning,D16,"(97, 84)",42,24.0
67,Q-Learning,D17,"(64, 55)",44,19.0
67,Q-Learning,D20,"(19, 84)",35,29.0
67,Q-Learning,D21,"(100, 12)",34,25.0
67,Q-Learning,D22,"(9, 91)",36,29.0
67,Q-Learning,D23,"(45, 89)",29,16.0
67,Q-Learning,D25,"(11, 94)",34,17.0
67,Q-Learning,D27,"(6, 51)",25,14.0
67,Q-Learning,D28,"(54, 36)",19,18.0
67,Q-Learning,D29,"(29, 98)",20,16.0
67,Q-Learning,D30,"(0, 34)",21,13.0
67,Q-Learning,D31,"(26, 64)",11,19.0
67,Q-Learning,D32,"(1, 68)",19,25.0
67,Q-Learning,D34,"(52, 13)",17,20.0
67,Q-Learning,D35,"(78, 70)",15,13.0
67,Q-Learning,D36,"(52, 31)",4,10.0
68,Greedy,D14,"(96, 9)",47,22.0
68,Greedy,D16,"(97, 84)",43,24.0
68,Greedy,D18,"(30, 36)",46,22.0
68,Greedy,D20,"(19, 84)",36,29.0
68,Greedy,D21,"(100, 12)",35,25.0
68,Greedy,D22,"(9, 91)",37,29.0
68,Greedy,D23,"(45, 89)",30,16.0
68,Greedy,D24,"(4, 42)",36,10.0
68,Greedy,D25,"(11, 94)",35,17.0
68,Greedy,D27,"(6, 51)",26,14.0
68,Greedy,D28,"(54, 36)",20,18.0
68,Greedy,D29,"(29, 98)",21,16.0
68,Greedy,D30,"(0, 34)",22,13.0
68,Greedy,D31,"(26, 64)",12,19.0
68,Greedy,D32,"(1, 68)",20,25.0
68,Greedy,D33,"(40, 23)",17,13.0
68,Greedy,D34,"(52, 13)",18,20.0
68,Greedy,D35,"(78, 70)",16,13.0
68,Greedy,D37,"(91, 100)",6,29.0
68,Auction,D12,"(12, 33)",47,20.0
68,Auction,D16,"(97, 84)",43,24.0
68,Auction,D17,"(64, 55)",45,19.0
68,Auction,D20,"(19, 84)",36,29.0
68,Auction,D21,"(100, 12)",35,25.0
68,Auction,D22,"(9, 91)",37,29.0
68,Auction,D25,"(11, 94)",35,17.0
68,Auction,D27,"(6, 51)",26,14.0
68,Auction,D28,"(54, 36)",20,18.0
68,Auction,D30,"(0, 34)",22,13.0
68,Auction,D31,"(26, 64)",12,19.0
68,Auction,D32,"(1, 68)",20,25.0
68,Auction,D33,"(40, 23)",17,13.0
68,Auction,D34,"(52, 13)",18,20.0
68,Auction,D35,"(78, 70)",16,13.0
68,Auction,D36,"(52, 31)",5,10.0
68,Auction,D37,"(91, 100)",6,29.0
68,Q-Learning,D16,"(97, 84)",43,24.0
68,Q-Learning,D17,"(64, 55)",45,19.0
68,Q-Learning,D20,"(19, 84)",36,29.0
68,Q-Learning,D21,"(100, 12)",35,25.0
68,Q-Learning,D22,"(9, 91)",37,29.0
68,Q-Learning,D23,"(45, 89)",30,16.0
68,Q-Learning,D25,"(11, 94)",35,17.0
68,Q-Learning,D27,"(6, 51)",26,14.0
68,Q-Learning,D28,"(54, 36)",20,18.0
68,Q-Learning,D29,"(29, 98)",21,16.0
68,Q-Learning,D30,"(0, 34)",22,13.0
68,Q-Learning,D31,"(26, 64)",12,19.0
68,Q-Learning,D32,"(1, 68)",20,25.0
68,Q-Learning,D34,"(52, 13)",18,20.0
68,Q-Learning,D35,"(78, 70)",16,13.0
68,Q-Learning,D36,"(52, 31)",5,10.0
68,Q-Learning,D37,"(91, 100)",6,29.0
69,Greedy,D14,"(96, 9)",48,22.0
69,Greedy,D16,"(97, 84)",44,24.0
69,Greedy,D18,"(30, 36)",47,22.0
69,Greedy,D20,"(19, 84)",37,29.0
69,Greedy,D21,"(100, 12)",36,25.0
69,Greedy,D22,"(9, 91)",38,29.0
69,Greedy,D23,"(45, 89)",31,16.0
69,Greedy,D24,"(4, 42)",37,10.0
69,Greedy,D25,"(11, 94)",36,17.0
69,Greedy,D27,"(6, 51)",27,14.0
69,Greedy,D28,"(54, 36)",21,18.0
69,Greedy,D29,"(29, 98)",22,16.0
69,Greedy,D30,"(0, 34)",23,13.0
69,Greedy,D31,"(26, 64)",13,19.0
69,Greedy,D32,"(1, 68)",21,25.0
69,Greedy,D33,"(40, 23)",18,13.0
69,Greedy,D34,"(52, 13)",19,20.0
69,Greedy,D35,"(78, 70)",17,13.0
69,Greedy,D37,"(91, 100)",7,29.0
69,Auction,D12,"(12, 33)",48,20.0
69,Auction,D16,"(97, 84)",44,24.0
69,Auction,D17,"(64, 55)",46,19.0
69,Auction,D20,"(19, 84)",37,29.0
69,Auction,D21,"(100, 12)",36,25.0
69,Auction,D22,"(9, 91)",38,29.0
69,Auction,D25,"(11, 94)",36,17.0
69,Auction,D27,"(6, 51)",27,14.0
69,Auction,D28,"(54, 36)",21,18.0
69,Auction,D30,"(0, 34)",23,13.0
69,Auction,D31,"(26, 64)",13,19.0
69,Auction,D32,"(1, 68)",21,25.0
69,Auction,D33,"(40, 23)",18,13.0
69,Auction,D34,"(52, 13)",19,20.0
69,Auction,D35,"(78, 70)",17,13.0
69,Auction,D36,"(52, 31)",6,10.0
69,Auction,D37,"(91, 100)",7,29.0
69,Q-Learning,D16,"(97, 84)",44,24.0
69,Q-Learning,D17,"(64, 55)",46,19.0
69,Q-Learning,D20,"(19, 84)",37,29.0
69,Q-Learning,D21,"(100, 12)",36,25.0
69,Q-Learning,D22,"(9, 91)",38,29.0
69,Q-Learning,D23,"(45, 89)",31,16.0
69,Q-Learning,D25,"(11, 94)",36,17.0
69,Q-Learning,D27,"(6, 51)",27,14.0
69,Q-Learning,D28,"(54, 36)",21,18.0
69,Q-Learning,D29,"(29, 98)",22,16.0
69,Q-Learning,D30,"(0, 34)",23,13.0
69,Q-Learning,D31,"(26, 64)",13,19.0
69,Q-Learning,D32,"(1, 68)",21,25.0
69,Q-Learning,D34,"(52, 13)",19,20.0
69,Q-Learning,D35,"(78, 70)",17,13.0
69,Q-Learning,D36,"(52, 31)",6,10.0
69,Q-Learning,D37,"(91, 100)",7,29.0
70,Greedy,D14,"(96, 9)",49,22.0
70,Greedy,D16,"(97, 84)",45,24.0
70,Greedy,D18,"(30, 36)",48,22.0
70,Greedy,D20,"(19, 84)",38,29.0
70,Greedy,D21,"(100, 12)",37,25.0
70,Greedy,D22,"(9, 91)",39,29.0
70,Greedy,D23,"(45, 89)",32,16.0
70,Greedy,D24,"(4, 42)",38,10.0
70,Greedy,D25,"(11, 94)",37,17.0
70,Greedy,D27,"(6, 51)",28,14.0
70,Greedy,D28,"(54, 36)",22,18.0
70,Greedy,D29,"(29, 98)",23,16.0
70,Greedy,D30,"(0, 34)",24,13.0
70,Greedy,D31,"(26, 64)",14,19.0
70,Greedy,D32,"(1, 68)",22,25.0
70,Greedy,D33,"(40, 23)",19,13.0
70,Greedy,D34,"(52, 13)",20,20.0
70,Greedy,D35,"(78, 70)",18,13.0
70,Greedy,D37,"(91, 100)",8,29.0
70,Greedy,D38,"(77, 22)",10,25.0
70,Auction,D12,"(12, 33)",49,20.0
70,Auction,D16,"(97, 84)",45,24.0
70,Auction,D17,"(64, 55)",47,19.0
70,Auction,D20,"(19, 84)",38,29.0
70,Auction,D21,"(100, 12)",37,25.0
70,Auction,D22,"(9, 91)",39,29.0
70,Auction,D25,"(11, 94)",37,17.0
70,Auction,D27,"(6, 51)",28,14.0
70,Auction,D28,"(54, 36)",22,18.0
70,Auction,D30,"(0, 34)",24,13.0
70,Auction,D31,"(26, 64)",14,19.0
70,Auction,D32,"(1, 68)",22,25.0
70,Auction,D33,"(40, 23)",19,13.0
70,Auction,D34,"(52, 13)",20,20.0
70,Auction,D35,"(78, 70)",18,13.0
70,Auction,D36,"(52, 31)",7,10.0
70,Auction,D37,"(91, 100)",8,29.0
70,Auction,D38,"(77, 22)",10,25.0
70,Q-Learning,D16,"(97, 84)",45,24.0
70,Q-Learning,D17,"(64, 55)",47,19.0
70,Q-Learning,D20,"(19, 84)",38,29.0
70,Q-Learning,D21,"(100, 12)",37,25.0
70,Q-Learning,D22,"(9, 91)",39,29.0
70,Q-Learning,D23,"(45, 89)",32,16.0
70,Q-Learning,D25,"(11, 94)",37,17.0
70,Q-Learning,D27,"(6, 51)",28,14.0
70,Q-Learning,D28,"(54, 36)",22,18.0
70,Q-Learning,D29,"(29, 98)",23,16.0
70,Q-Learning,D30,"(0, 34)",24,13.0
70,Q-Learning,D31,"(26, 64)",14,19.0
70,Q-Learning,D32,"(1, 68)",22,25.0
70,Q-Learning,D34,"(52, 13)",20,20.0
70,Q-Learning,D35,"(78, 70)",18,13.0
70,Q-Learning,D36,"(52, 31)",7,10.0
70,Q-Learning,D37,"(91, 100)",8,29.0
70,Q-Learning,D38,"(77, 22)",10,25.0
71,Greedy,D14,"(96, 9)",50,22.0
71,Greedy,D16,"(97, 84)",46,24.0
71,Greedy,D18,"(30, 36)",49,22.0
71,Greedy,D20,"(19, 84)",39,29.0
71,Greedy,D21,"(100, 12)",38,25.0
71,Greedy,D22,"(9, 91)",40,29.0
71,Greedy,D23,"(45, 89)",33,16.0
71,Greedy,D24,"(4, 42)",39,10.0
71,Greedy,D25,"(11, 94)",38,17.0
71,Greedy,D27,"(6, 51)",29,14.0
71,Greedy,D28,"(54, 36)",23,18.0
71,Greedy,D29,"(29, 98)",24,16.0
71,Greedy,D30,"(0, 34)",25,13.0
71,Greedy,D31,"(26, 64)",15,19.0
71,Greedy,D32,"(1, 68)",23,25.0
71,Greedy,D33,"(40, 23)",20,13.0
71,Greedy,D34,"(52, 13)",21,20.0
71,Greedy,D35,"(78, 70)",19,13.0
71,Greedy,D37,"(91, 100)",9,29.0
71,Greedy,D38,"(77, 22)",11,25.0
71,Auction,D12,"(12, 33)",50,20.0
71,Auction,D16,"(97, 84)",46,24.0
71,Auction,D17,"(64, 55)",48,19.0
71,Auction,D20,"(19, 84)",39,29.0
71,Auction,D21,"(100, 12)",38,25.0
71,Auction,D22,"(9, 91)",40,29.0
71,Auction,D25,"(11, 94)",38,17.0
71,Auction,D27,"(6, 51)",29,14.0
71,Auction,D28,"(54, 36)",23,18.0
71,Auction,D30,"(0, 34)",25,13.0
71,Auction,D31,"(26, 64)",15,19.0
71,Auction,D32,"(1, 68)",23,25.0
71,Auction,D33,"(40, 23)",20,13.0
71,Auction,D34,"(52, 13)",21,20.0
71,Auction,D35,"(78, 70)",19,13.0
71,Auction,D36,"(52, 31)",8,10.0
71,Auction,D37,"(91, 100)",9,29.0
71,Auction,D38,"(77, 22)",11,25.0
71,Q-Learning,D16,"(97, 84)",46,24.0
71,Q-Learning,D17,"(64, 55)",48,19.0
71,Q-Learning,D20,"(19, 84)",39,29.0
71,Q-Learning,D21,"(100, 12)",38,25.0
71,Q-Learning,D22,"(9, 91)",40,29.0
71,Q-Learning,D23,"(45, 89)",33,16.0
71,Q-Learning,D25,"(11, 94)",38,17.0
71,Q-Learning,D27,"(6, 51)",29,14.0
71,Q-Learning,D28,"(54, 36)",23,18.0
71,Q-Learning,D29,"(29, 98)",24,16.0
71,Q-Learning,D30,"(0, 34)",25,13.0
71,Q-Learning,D31,"(26, 64)",15,19.0
71,Q-Learning,D32,"(1, 68)",23,25.0
71,Q-Learning,D34,"(52, 13)",21,20.0
71,Q-Learning,D35,"(78, 70)",19,13.0
71,Q-Learning,D36,"(52, 31)",8,10.0
71,Q-Learning,D37,"(91, 100)",9,29.0
71,Q-Learning,D38,"(77, 22)",11,25.0
72,Greedy,D14,"(96, 9)",51,22.0
72,Greedy,D16,"(97, 84)",47,24.0
72,Greedy,D18,"(30, 36)",50,22.0
72,Greedy,D20,"(19, 84)",40,29.0
72,Greedy,D21,"(100, 12)",39,25.0
72,Greedy,D22,"(9, 91)",41,29.0
72,Greedy,D23,"(45, 89)",34,16.0
72,Greedy,D24,"(4, 42)",40,10.0
72,Greedy,D25,"(11, 94)",39,17.0
72,Greedy,D27,"(6, 51)",30,14.0
72,Greedy,D28,"(54, 36)",24,18.0
72,Greedy,D29,"(29, 98)",25,16.0
72,Greedy,D30,"(0, 34)",26,13.0
72,Greedy,D31,"(26, 64)",16,19.0
72,Greedy,D32,"(1, 68)",24,25.0
72,Greedy,D33,"(40, 23)",21,13.0
72,Greedy,D34,"(52, 13)",22,20.0
72,Greedy,D35,"(78, 70)",20,13.0
72,Greedy,D37,"(91, 100)",10,29.0
72,Greedy,D38,"(77, 22)",12,25.0
72,Greedy,D39,"(0, 62)",10,10.0
72,Auction,D12,"(12, 33)",51,20.0
72,Auction,D16,"(97, 84)",47,24.0
72,Auction,D17,"(64, 55)",49,19.0
72,Auction,D20,"(19, 84)",40,29.0
72,Auction,D21,"(100, 12)",39,25.0
72,Auction,D22,"(9, 91)",41,29.0
72,Auction,D25,"(11, 94)",39,17.0
72,Auction,D27,"(6, 51)",30,14.0
72,Auction,D28,"(54, 36)",24,18.0
72,Auction,D30,"(0, 34)",26,13.0
72,Auction,D31,"(26, 64)",16,19.0
72,Auction,D32,"(1, 68)",24,25.0
72,Auction,D33,"(40, 23)",21,13.0
72,Auction,D34,"(52, 13)",22,20.0
72,Auction,D35,"(78, 70)",20,13.0
72,Auction,D36,"(52, 31)",9,10.0
72,Auction,D37,"(91, 100)",10,29.0
72,Auction,D38,"(77, 22)",12,25.0
72,Auction,D39,"(0, 62)",10,10.0
72,Q-Learning,D16,"(97, 84)",47,24.0
72,Q-Learning,D17,"(64, 55)",49,19.0
72,Q-Learning,D20,"(19, 84)",40,29.0
72,Q-Learning,D21,"(100, 12)",39,25.0
72,Q-Learning,D22,"(9, 91)",41,29.0
72,Q-Learning,D23,"(45, 89)",34,16.0
72,Q-Learning,D25,"(11, 94)",39,17.0
72,Q-Learning,D27,"(6, 51)",30,14.0
72,Q-Learning,D28,"(54, 36)",24,18.0
72,Q-Learning,D29,"(29, 98)",25,16.0
72,Q-Learning,D30,"(0, 34)",26,13.0
72,Q-Learning,D31,"(26, 64)",16,19.0
72,Q-Learning,D32,"(1, 68)",24,25.0
72,Q-Learning,D34,"(52, 13)",22,20.0
72,Q-Learning,D35,"(78, 70)",20,13.0
72,Q-Learning,D36,"(52, 31)",9,10.0
72,Q-Learning,D37,"(91, 100)",10,29.0
72,Q-Learning,D38,"(77, 22)",12,25.0
72,Q-Learning,D39,"(0, 62)",10,10.0
73,Greedy,D14,"(96, 9)",52,22.0
73,Greedy,D16,"(97, 84)",48,24.0
73,Greedy,D18,"(30, 36)",51,22.0
73,Greedy,D20,"(19, 84)",41,29.0
73,Greedy,D21,"(100, 12)",40,25.0
73,Greedy,D22,"(9, 91)",42,29.0
73,Greedy,D23,"(45, 89)",35,16.0
73,Greedy,D24,"(4, 42)",41,10.0
73,Greedy,D25,"(11, 94)",40,17.0
73,Greedy,D27,"(6, 51)",31,14.0
73,Greedy,D28,"(54, 36)",25,18.0
73,Greedy,D29,"(29, 98)",26,16.0
73,Greedy,D30,"(0, 34)",27,13.0
73,Greedy,D31,"(26, 64)",17,19.0
73,Greedy,D32,"(1, 68)",25,25.0
73,Greedy,D33,"(40, 23)",22,13.0
73,Greedy,D34,"(52, 13)",23,20.0
73,Greedy,D35,"(78, 70)",21,13.0
73,Greedy,D37,"(91, 100)",11,29.0
73,Greedy,D38,"(77, 22)",13,25.0
73,Greedy,D39,"(0, 62)",11,10.0
73,Auction,D12,"(12, 33)",52,20.0
73,Auction,D16,"(97, 84)",48,24.0
73,Auction,D17,"(64, 55)",50,19.0
73,Auction,D20,"(19, 84)",41,29.0
73,Auction,D21,"(100, 12)",40,25.0
73,Auction,D22,"(9, 91)",42,29.0
73,Auction,D25,"(11, 94)",40,17.0
73,Auction,D27,"(6, 51)",31,14.0
73,Auction,D28,"(54, 36)",25,18.0
73,Auction,D30,"(0, 34)",27,13.0
73,Auction,D31,"(26, 64)",17,19.0
73,Auction,D32,"(1, 68)",25,25.0
73,Auction,D33,"(40, 23)",22,13.0
73,Auction,D34,"(52, 13)",23,20.0
73,Auction,D35,"(78, 70)",21,13.0
73,Auction,D36,"(52, 31)",10,10.0
73,Auction,D37,"(91, 100)",11,29.0
73,Auction,D38,"(77, 22)",13,25.0
73,Auction,D39,"(0, 62)",11,10.0
73,Q-Learning,D16,"(97, 84)",48,24.0
73,Q-Learning,D17,"(64, 55)",50,19.0
73,Q-Learning,D20,"(19, 84)",41,29.0
73,Q-Learning,D21,"(100, 12)",40,25.0
73,Q-Learning,D22,"(9, 91)",42,29.0
73,Q-Learning,D23,"(45, 89)",35,16.0
73,Q-Learning,D25,"(11, 94)",40,17.0
73,Q-Learning,D27,"(6, 51)",31,14.0
73,Q-Learning,D28,"(54, 36)",25,18.0
73,Q-Learning,D29,"(29, 98)",26,16.0
73,Q-Learning,D30,"(0, 34)",27,13.0
73,Q-Learning,D31,"(26, 64)",17,19.0
73,Q-Learning,D32,"(1, 68)",25,25.0
73,Q-Learning,D34,"(52, 13)",23,20.0
73,Q-Learning,D35,"(78, 70)",21,13.0
73,Q-Learning,D37,"(91, 100)",11,29.0
73,Q-Learning,D38,"(77, 22)",13,25.0
73,Q-Learning,D39,"(0, 62)",11,10.0
74,Greedy,D14,"(96, 9)",53,22.0
74,Greedy,D16,"(97, 84)",49,24.0
74,Greedy,D18,"(30, 36)",52,22.0
74,Greedy,D20,"(19, 84)",42,29.0
74,Greedy,D21,"(100, 12)",41,25.0
74,Greedy,D22,"(9, 91)",43,29.0
74,Greedy,D23,"(45, 89)",36,16.0
74,Greedy,D24,"(4, 42)",42,10.0
74,Greedy,D25,"(11, 94)",41,17.0
74,Greedy,D27,"(6, 51)",32,14.0
74,Greedy,D28,"(54, 36)",26,18.0
74,Greedy,D29,"(29, 98)",27,16.0
74,Greedy,D30,"(0, 34)",28,13.0
74,Greedy,D31,"(26, 64)",18,19.0
74,Greedy,D32,"(1, 68)",26,25.0
74,Greedy,D33,"(40, 23)",23,13.0
74,Greedy,D34,"(52, 13)",24,20.0
74,Greedy,D35,"(78, 70)",22,13.0
74,Greedy,D37,"(91, 100)",12,29.0
74,Greedy,D38,"(77, 22)",14,25.0
74,Greedy,D39,"(0, 62)",12,10.0
74,Greedy,D40,"(20, 2)",1,19.0
74,Auction,D12,"(12, 33)",53,20.0
74,Auction,D16,"(97, 84)",49,24.0
74,Auction,D17,"(64, 55)",51,19.0
74,Auction,D20,"(19, 84)",42,29.0
74,Auction,D21,"(100, 12)",41,25.0
74,Auction,D22,"(9, 91)",43,29.0
74,Auction,D25,"(11, 94)",41,17.0
74,Auction,D27,"(6, 51)",32,14.0
74,Auction,D28,"(54, 36)",26,18.0
74,Auction,D30,"(0, 34)",28,13.0
74,Auction,D31,"(26, 64)",18,19.0
74,Auction,D32,"(1, 68)",26,25.0
74,Auction,D33,"(40, 23)",23,13.0
74,Auction,D34,"(52, 13)",24,20.0
74,Auction,D35,"(78, 70)",22,13.0
74,Auction,D36,"(52, 31)",11,10.0
74,Auction,D37,"(91, 100)",12,29.0
74,Auction,D38,"(77, 22)",14,25.0
74,Auction,D39,"(0, 62)",12,10.0
74,Auction,D40,"(20, 2)",1,19.0
74,Q-Learning,D16,"(97, 84)",49,24.0
74,Q-Learning,D17,"(64, 55)",51,19.0
74,Q-Learning,D20,"(19, 84)",42,29.0
74,Q-Learning,D21,"(100, 12)",41,25.0
74,Q-Learning,D22,"(9, 91)",43,29.0
74,Q-Learning,D23,"(45, 89)",36,16.0
74,Q-Learning,D25,"(11, 94)",41,17.0
74,Q-Learning,D27,"(6, 51)",32,14.0
74,Q-Learning,D28,"(54, 36)",26,18.0
74,Q-Learning,D29,"(29, 98)",27,16.0
74,Q-Learning,D30,"(0, 34)",28,13.0
74,Q-Learning,D31,"(26, 64)",18,19.0
74,Q-Learning,D32,"(1, 68)",26,25.0
74,Q-Learning,D34,"(52, 13)",24,20.0
74,Q-Learning,D35,"(78, 70)",22,13.0
74,Q-Learning,D37,"(91, 100)",12,29.0
74,Q-Learning,D38,"(77, 22)",14,25.0
74,Q-Learning,D39,"(0, 62)",12,10.0
74,Q-Learning,D40,"(20, 2)",1,19.0
75,Greedy,D14,"(96, 9)",54,22.0
75,Greedy,D16,"(97, 84)",50,24.0
75,Greedy,D18,"(30, 36)",53,22.0
75,Greedy,D20,"(19, 84)",43,29.0
75,Greedy,D21,"(100, 12)",42,25.0
75,Greedy,D22,"(9, 91)",44,29.0
75,Greedy,D23,"(45, 89)",37,16.0
75,Greedy,D24,"(4, 42)",43,10.0
75,Greedy,D25,"(11, 94)",42,17.0
75,Greedy,D27,"(6, 51)",33,14.0
75,Greedy,D28,"(54, 36)",27,18.0
75,Greedy,D29,"(29, 98)",28,16.0
75,Greedy,D30,"(0, 34)",29,13.0
75,Greedy,D31,"(26, 64)",19,19.0
75,Greedy,D32,"(1, 68)",27,25.0
75,Greedy,D33,"(40, 23)",24,13.0
75,Greedy,D34,"(52, 13)",25,20.0
75,Greedy,D35,"(78, 70)",23,13.0
75,Greedy,D37,"(91, 100)",13,29.0
75,Greedy,D38,"(77, 22)",15,25.0
75,Greedy,D39,"(0, 62)",13,10.0
75,Greedy,D40,"(20, 2)",2,19.0
75,Greedy,D41,"(61, 86)",2,23.0
75,Auction,D12,"(12, 33)",54,20.0
75,Auction,D16,"(97, 84)",50,24.0
75,Auction,D17,"(64, 55)",52,19.0
75,Auction,D20,"(19, 84)",43,29.0
75,Auction,D21,"(100, 12)",42,25.0
75,Auction,D22,"(9, 91)",44,29.0
75,Auction,D25,"(11, 94)",42,17.0
75,Auction,D27,"(6, 51)",33,14.0
75,Auction,D28,"(54, 36)",27,18.0
75,Auction,D30,"(0, 34)",29,13.0
75,Auction,D31,"(26, 64)",19,19.0
75,Auction,D32,"(1, 68)",27,25.0
75,Auction,D33,"(40, 23)",24,13.0
75,Auction,D34,"(52, 13)",25,20.0
75,Auction,D35,"(78, 70)",23,13.0
75,Auction,D36,"(52, 31)",12,10.0
75,Auction,D37,"(91, 100)",13,29.0
75,Auction,D38,"(77, 22)",15,25.0
75,Auction,D39,"(0, 62)",13,10.0
75,Auction,D40,"(20, 2)",2,19.0
75,Auction,D41,"(61, 86)",2,23.0
75,Q-Learning,D16,"(97, 84)",50,24.0
75,Q-Learning,D17,"(64, 55)",52,19.0
75,Q-Learning,D20,"(19, 84)",43,29.0
75,Q-Learning,D21,"(100, 12)",42,25.0
75,Q-Learning,D22,"(9, 91)",44,29.0
75,Q-Learning,D23,"(45, 89)",37,16.0
75,Q-Learning,D25,"(11, 94)",42,17.0
75,Q-Learning,D27,"(6, 51)",33,14.0
75,Q-Learning,D28,"(54, 36)",27,18.0
75,Q-Learning,D29,"(29, 98)",28,16.0
75,Q-Learning,D30,"(0, 34)",29,13.0
75,Q-Learning,D31,"(26, 64)",19,19.0
75,Q-Learning,D32,"(1, 68)",27,25.0
75,Q-Learning,D34,"(52, 13)",25,20.0
75,Q-Learning,D35,"(78, 70)",23,13.0
75,Q-Learning,D37,"(91, 100)",13,29.0
75,Q-Learning,D38,"(77, 22)",15,25.0
75,Q-Learning,D39,"(0, 62)",13,10.0
75,Q-Learning,D40,"(20, 2)",2,19.0
75,Q-Learning,D41,"(61, 86)",2,23.0
76,Greedy,D14,"(96, 9)",55,22.0
76,Greedy,D16,"(97, 84)",51,24.0
76,Greedy,D18,"(30, 36)",54,22.0
76,Greedy,D20,"(19, 84)",44,29.0
76,Greedy,D21,"(100, 12)",43,25.0
76,Greedy,D22,"(9, 91)",45,29.0
76,Greedy,D23,"(45, 89)",38,16.0
76,Greedy,D24,"(4, 42)",44,10.0
76,Greedy,D25,"(11, 94)",43,17.0
76,Greedy,D27,"(6, 51)",34,14.0
76,Greedy,D28,"(54, 36)",28,18.0
76,Greedy,D29,"(29, 98)",29,16.0
76,Greedy,D30,"(0, 34)",30,13.0
76,Greedy,D31,"(26, 64)",20,19.0
76,Greedy,D32,"(1, 68)",28,25.0
76,Greedy,D33,"(40, 23)",25,13.0
76,Greedy,D34,"(52, 13)",26,20.0
76,Greedy,D35,"(78, 70)",24,13.0
76,Greedy,D37,"(91, 100)",14,29.0
76,Greedy,D38,"(77, 22)",16,25.0
76,Greedy,D39,"(0, 62)",14,10.0
76,Greedy,D40,"(20, 2)",3,19.0
76,Greedy,D41,"(61, 86)",3,23.0
76,Auction,D16,"(97, 84)",51,24.0
76,Auction,D17,"(64, 55)",53,19.0
76,Auction,D20,"(19, 84)",44,29.0
76,Auction,D21,"(100, 12)",43,25.0
76,Auction,D22,"(9, 91)",45,29.0
76,Auction,D25,"(11, 94)",43,17.0
76,Auction,D27,"(6, 51)",34,14.0
76,Auction,D28,"(54, 36)",28,18.0
76,Auction,D30,"(0, 34)",30,13.0
76,Auction,D31,"(26, 64)",20,19.0
76,Auction,D32,"(1, 68)",28,25.0
76,Auction,D33,"(40, 23)",25,13.0
76,Auction,D34,"(52, 13)",26,20.0
76,Auction,D35,"(78, 70)",24,13.0
76,Auction,D36,"(52, 31)",13,10.0
76,Auction,D37,"(91, 100)",14,29.0
76,Auction,D38,"(77, 22)",16,25.0
76,Auction,D39,"(0, 62)",14,10.0
76,Auction,D40,"(20, 2)",3,19.0
76,Auction,D41,"(61, 86)",3,23.0
76,Q-Learning,D16,"(97, 84)",51,24.0
76,Q-Learning,D17,"(64, 55)",53,19.0
76,Q-Learning,D20,"(19, 84)",44,29.0
76,Q-Learning,D21,"(100, 12)",43,25.0
76,Q-Learning,D22,"(9, 91)",45,29.0
76,Q-Learning,D23,"(45, 89)",38,16.0
76,Q-Learning,D25,"(11, 94)",43,17.0
76,Q-Learning,D27,"(6, 51)",34,14.0
76,Q-Learning,D28,"(54, 36)",28,18.0
76,Q-Learning,D29,"(29, 98)",29,16.0
76,Q-Learning,D30,"(0, 34)",30,13.0
76,Q-Learning,D31,"(26, 64)",20,19.0
76,Q-Learning,D32,"(1, 68)",28,25.0
76,Q-Learning,D34,"(52, 13)",26,20.0
76,Q-Learning,D35,"(78, 70)",24,13.0
76,Q-Learning,D37,"(91, 100)",14,29.0
76,Q-Learning,D38,"(77, 22)",16,25.0
76,Q-Learning,D39,"(0, 62)",14,10.0
76,Q-Learning,D40,"(20, 2)",3,19.0
76,Q-Learning,D41,"(61, 86)",3,23.0
77,Greedy,D14,"(96, 9)",56,22.0
77,Greedy,D16,"(97, 84)",52,24.0
77,Greedy,D18,"(30, 36)",55,22.0
77,Greedy,D20,"(19, 84)",45,29.0
77,Greedy,D21,"(100, 12)",44,25.0
77,Greedy,D22,"(9, 91)",46,29.0
77,Greedy,D23,"(45, 89)",39,16.0
77,Greedy,D24,"(4, 42)",45,10.0
77,Greedy,D25,"(11, 94)",44,17.0
77,Greedy,D27,"(6, 51)",35,14.0
77,Greedy,D28,"(54, 36)",29,18.0
77,Greedy,D29,"(29, 98)",30,16.0
77,Greedy,D30,"(0, 34)",31,13.0
77,Greedy,D31,"(26, 64)",21,19.0
77,Greedy,D32,"(1, 68)",29,25.0
77,Greedy,D33,"(40, 23)",26,13.0
77,Greedy,D34,"(52, 13)",27,20.0
77,Greedy,D35,"(78, 70)",25,13.0
77,Greedy,D37,"(91, 100)",15,29.0
77,Greedy,D38,"(77, 22)",17,25.0
77,Greedy,D39,"(0, 62)",15,10.0
77,Greedy,D40,"(20, 2)",4,19.0
77,Greedy,D41,"(61, 86)",4,23.0
77,Greedy,D42,"(27, 15)",8,30.0
77,Auction,D16,"(97, 84)",52,24.0
77,Auction,D17,"(64, 55)",54,19.0
77,Auction,D20,"(19, 84)",45,29.0
77,Auction,D21,"(100, 12)",44,25.0
77,Auction,D22,"(9, 91)",46,29.0
77,Auction,D25,"(11, 94)",44,17.0
77,Auction,D27,"(6, 51)",35,14.0
77,Auction,D28,"(54, 36)",29,18.0
77,Auction,D30,"(0, 34)",31,13.0
77,Auction,D31,"(26, 64)",21,19.0
77,Auction,D32,"(1, 68)",29,25.0
77,Auction,D33,"(40, 23)",26,13.0
77,Auction,D34,"(52, 13)",27,20.0
77,Auction,D35,"(78, 70)",25,13.0
77,Auction,D36,"(52, 31)",14,10.0
77,Auction,D37,"(91, 100)",15,29.0
77,Auction,D38,"(77, 22)",17,25.0
77,Auction,D39,"(0, 62)",15,10.0
77,Auction,D40,"(20, 2)",4,19.0
77,Auction,D41,"(61, 86)",4,23.0
77,Auction,D42,"(27, 15)",8,30.0
77,Q-Learning,D16,"(97, 84)",52,24.0
77,Q-Learning,D17,"(64, 55)",54,19.0
77,Q-Learning,D20,"(19, 84)",45,29.0
77,Q-Learning,D21,"(100, 12)",44,25.0
77,Q-Learning,D22,"(9, 91)",46,29.0
77,Q-Learning,D23,"(45, 89)",39,16.0
77,Q-Learning,D25,"(11, 94)",44,17.0
77,Q-Learning,D27,"(6, 51)",35,14.0
77,Q-Learning,D28,"(54, 36)",29,18.0
77,Q-Learning,D29,"(29, 98)",30,16.0
77,Q-Learning,D30,"(0, 34)",31,13.0
77,Q-Learning,D31,"(26, 64)",21,19.0
77,Q-Learning,D32,"(1, 68)",29,25.0
77,Q-Learning,D34,"(52, 13)",27,20.0
77,Q-Learning,D35,"(78, 70)",25,13.0
77,Q-Learning,D37,"(91, 100)",15,29.0
77,Q-Learning,D38,"(77, 22)",17,25.0
77,Q-Learning,D39,"(0, 62)",15,10.0
77,Q-Learning,D40,"(20, 2)",4,19.0
77,Q-Learning,D41,"(61, 86)",4,23.0
77,Q-Learning,D42,"(27, 15)",8,30.0
78,Greedy,D14,"(96, 9)",57,22.0
78,Greedy,D16,"(97, 84)",53,24.0
78,Greedy,D18,"(30, 36)",56,22.0
78,Greedy,D20,"(19, 84)",46,29.0
78,Greedy,D21,"(100, 12)",45,25.0
78,Greedy,D22,"(9, 91)",47,29.0
78,Greedy,D23,"(45, 89)",40,16.0
78,Greedy,D24,"(4, 42)",46,10.0
78,Greedy,D25,"(11, 94)",45,17.0
78,Greedy,D27,"(6, 51)",36,14.0
78,Greedy,D28,"(54, 36)",30,18.0
78,Greedy,D29,"(29, 98)",31,16.0
78,Greedy,D30,"(0, 34)",32,13.0
78,Greedy,D31,"(26, 64)",22,19.0
78,Greedy,D32,"(1, 68)",30,25.0
78,Greedy,D33,"(40, 23)",27,13.0
78,Greedy,D34,"(52, 13)",28,20.0
78,Greedy,D35,"(78, 70)",26,13.0
78,Greedy,D37,"(91, 100)",16,29.0
78,Greedy,D38,"(77, 22)",18,25.0
78,Greedy,D39,"(0, 62)",16,10.0
78,Greedy,D40,"(20, 2)",5,19.0
78,Greedy,D41,"(61, 86)",5,23.0
78,Greedy,D42,"(27, 15)",9,30.0
78,Greedy,D43,"(63, 14)",7,15.0
78,Auction,D16,"(97, 84)",53,24.0
78,Auction,D17,"(64, 55)",55,19.0
78,Auction,D20,"(19, 84)",46,29.0
78,Auction,D21,"(100, 12)",45,25.0
78,Auction,D22,"(9, 91)",47,29.0
78,Auction,D25,"(11, 94)",45,17.0
78,Auction,D27,"(6, 51)",36,14.0
78,Auction,D28,"(54, 36)",30,18.0
78,Auction,D30,"(0, 34)",32,13.0
78,Auction,D31,"(26, 64)",22,19.0
78,Auction,D32,"(1, 68)",30,25.0
78,Auction,D33,"(40, 23)",27,13.0
78,Auction,D34,"(52, 13)",28,20.0
78,Auction,D35,"(78, 70)",26,13.0
78,Auction,D36,"(52, 31)",15,10.0
78,Auction,D37,"(91, 100)",16,29.0
78,Auction,D38,"(77, 22)",18,25.0
78,Auction,D39,"(0, 62)",16,10.0
78,Auction,D40,"(20, 2)",5,19.0
78,Auction,D41,"(61, 86)",5,23.0
78,Auction,D42,"(27, 15)",9,30.0
78,Auction,D43,"(63, 14)",7,15.0
78,Q-Learning,D16,"(97, 84)",53,24.0
78,Q-Learning,D17,"(64, 55)",55,19.0
78,Q-Learning,D20,"(19, 84)",46,29.0
78,Q-Learning,D21,"(100, 12)",45,25.0
78,Q-Learning,D22,"(9, 91)",47,29.0
78,Q-Learning,D23,"(45, 89)",40,16.0
78,Q-Learning,D25,"(11, 94)",45,17.0
78,Q-Learning,D27,"(6, 51)",36,14.0
78,Q-Learning,D28,"(54, 36)",30,18.0
78,Q-Learning,D29,"(29, 98)",31,16.0
78,Q-Learning,D30,"(0, 34)",32,13.0
78,Q-Learning,D31,"(26, 64)",22,19.0
78,Q-Learning,D32,"(1, 68)",30,25.0
78,Q-Learning,D34,"(52, 13)",28,20.0
78,Q-Learning,D35,"(78, 70)",26,13.0
78,Q-Learning,D37,"(91, 100)",16,29.0
78,Q-Learning,D38,"(77, 22)",18,25.0
78,Q-Learning,D39,"(0, 62)",16,10.0
78,Q-Learning,D40,"(20, 2)",5,19.0
78,Q-Learning,D41,"(61, 86)",5,23.0
78,Q-Learning,D42,"(27, 15)",9,30.0
78,Q-Learning,D43,"(63, 14)",7,15.0
79,Greedy,D14,"(96, 9)",58,22.0
79,Greedy,D16,"(97, 84)",54,24.0
79,Greedy,D18,"(30, 36)",57,22.0
79,Greedy,D20,"(19, 84)",47,29.0
79,Greedy,D21,"(100, 12)",46,25.0
79,Greedy,D22,"(9, 91)",48,29.0
79,Greedy,D23,"(45, 89)",41,16.0
79,Greedy,D24,"(4, 42)",47,10.0
79,Greedy,D25,"(11, 94)",46,17.0
79,Greedy,D27,"(6, 51)",37,14.0
79,Greedy,D28,"(54, 36)",31,18.0
79,Greedy,D29,"(29, 98)",32,16.0
79,Greedy,D30,"(0, 34)",33,13.0
79,Greedy,D31,"(26, 64)",23,19.0
79,Greedy,D32,"(1, 68)",31,25.0
79,Greedy,D33,"(40, 23)",28,13.0
79,Greedy,D34,"(52, 13)",29,20.0
79,Greedy,D35,"(78, 70)",27,13.0
79,Greedy,D37,"(91, 100)",17,29.0
79,Greedy,D38,"(77, 22)",19,25.0
79,Greedy,D39,"(0, 62)",17,10.0
79,Greedy,D40,"(20, 2)",6,19.0
79,Greedy,D41,"(61, 86)",6,23.0
79,Greedy,D42,"(27, 15)",10,30.0
79,Greedy,D43,"(63, 14)",8,15.0
79,Auction,D16,"(97, 84)",54,24.0
79,Auction,D17,"(64, 55)",56,19.0
79,Auction,D20,"(19, 84)",47,29.0
79,Auction,D21,"(100, 12)",46,25.0
79,Auction,D22,"(9, 91)",48,29.0
79,Auction,D25,"(11, 94)",46,17.0
79,Auction,D27,"(6, 51)",37,14.0
79,Auction,D28,"(54, 36)",31,18.0
79,Auction,D30,"(0, 34)",33,13.0
79,Auction,D31,"(26, 64)",23,19.0
79,Auction,D32,"(1, 68)",31,25.0
79,Auction,D33,"(40, 23)",28,13.0
79,Auction,D34,"(52, 13)",29,20.0
79,Auction,D35,"(78, 70)",27,13.0
79,Auction,D36,"(52, 31)",16,10.0
79,Auction,D37,"(91, 100)",17,29.0
79,Auction,D38,"(77, 22)",19,25.0
79,Auction,D39,"(0, 62)",17,10.0
79,Auction,D40,"(20, 2)",6,19.0
79,Auction,D41,"(61, 86)",6,23.0
79,Auction,D42,"(27, 15)",10,30.0
79,Auction,D43,"(63, 14)",8,15.0
79,Q-Learning,D16,"(97, 84)",54,24.0
79,Q-Learning,D17,"(64, 55)",56,19.0
79,Q-Learning,D20,"(19, 84)",47,29.0
79,Q-Learning,D21,"(100, 12)",46,25.0
79,Q-Learning,D22,"(9, 91)",48,29.0
79,Q-Learning,D23,"(45, 89)",41,16.0
79,Q-Learning,D25,"(11, 94)",46,17.0
79,Q-Learning,D27,"(6, 51)",37,14.0
79,Q-Learning,D28,"(54, 36)",31,18.0
79,Q-Learning,D29,"(29, 98)",32,16.0
79,Q-Learning,D30,"(0, 34)",33,13.0
79,Q-Learning,D31,"(26, 64)",23,19.0
79,Q-Learning,D32,"(1, 68)",31,25.0
79,Q-Learning,D35,"(78, 70)",27,13.0
79,Q-Learning,D37,"(91, 100)",17,29.0
79,Q-Learning,D38,"(77, 22)",19,25.0
79,Q-Learning,D39,"(0, 62)",17,10.0
79,Q-Learning,D40,"(20, 2)",6,19.0
79,Q-Learning,D41,"(61, 86)",6,23.0
79,Q-Learning,D42,"(27, 15)",10,30.0
79,Q-Learning,D43,"(63, 14)",8,15.0
80,Greedy,D14,"(96, 9)",59,22.0
80,Greedy,D16,"(97, 84)",55,24.0
80,Greedy,D18,"(30, 36)",58,22.0
80,Greedy,D20,"(19, 84)",48,29.0
80,Greedy,D21,"(100, 12)",47,25.0
80,Greedy,D22,"(9, 91)",49,29.0
80,Greedy,D23,"(45, 89)",42,16.0
80,Greedy,D25,"(11, 94)",47,17.0
80,Greedy,D27,"(6, 51)",38,14.0
80,Greedy,D28,"(54, 36)",32,18.0
80,Greedy,D29,"(29, 98)",33,16.0
80,Greedy,D30,"(0, 34)",34,13.0
80,Greedy,D31,"(26, 64)",24,19.0
80,Greedy,D32,"(1, 68)",32,25.0
80,Greedy,D33,"(40, 23)",29,13.0
80,Greedy,D34,"(52, 13)",30,20.0
80,Greedy,D35,"(78, 70)",28,13.0
80,Greedy,D37,"(91, 100)",18,29.0
80,Greedy,D38,"(77, 22)",20,25.0
80,Greedy,D39,"(0, 62)",18,10.0
80,Greedy,D40,"(20, 2)",7,19.0
80,Greedy,D41,"(61, 86)",7,23.0
80,Greedy,D42,"(27, 15)",11,30.0
80,Greedy,D43,"(63, 14)",9,15.0
80,Auction,D16,"(97, 84)",55,24.0
80,Auction,D17,"(64, 55)",57,19.0
80,Auction,D20,"(19, 84)",48,29.0
80,Auction,D21,"(100, 12)",47,25.0
80,Auction,D22,"(9, 91)",49,29.0
80,Auction,D25,"(11, 94)",47,17.0
80,Auction,D27,"(6, 51)",38,14.0
80,Auction,D28,"(54, 36)",32,18.0
80,Auction,D30,"(0, 34)",34,13.0
80,Auction,D31,"(26, 64)",24,19.0
80,Auction,D32,"(1, 68)",32,25.0
80,Auction,D33,"(40, 23)",29,13.0
80,Auction,D34,"(52, 13)",30,20.0
80,Auction,D35,"(78, 70)",28,13.0
80,Auction,D36,"(52, 31)",17,10.0
80,Auction,D37,"(91, 100)",18,29.0
80,Auction,D38,"(77, 22)",20,25.0
80,Auction,D39,"(0, 62)",18,10.0
80,Auction,D40,"(20, 2)",7,19.0
80,Auction,D41,"(61, 86)",7,23.0
80,Auction,D42,"(27, 15)",11,30.0
80,Auction,D43,"(63, 14)",9,15.0
80,Q-Learning,D16,"(97, 84)",55,24.0
80,Q-Learning,D17,"(64, 55)",57,19.0
80,Q-Learning,D20,"(19, 84)",48,29.0
80,Q-Learning,D21,"(100, 12)",47,25.0
80,Q-Learning,D22,"(9, 91)",49,29.0
80,Q-Learning,D23,"(45, 89)",42,16.0
80,Q-Learning,D25,"(11, 94)",47,17.0
80,Q-Learning,D27,"(6, 51)",38,14.0
80,Q-Learning,D28,"(54, 36)",32,18.0
80,Q-Learning,D29,"(29, 98)",33,16.0
80,Q-Learning,D30,"(0, 34)",34,13.0
80,Q-Learning,D31,"(26, 64)",24,19.0
80,Q-Learning,D32,"(1, 68)",32,25.0
80,Q-Learning,D35,"(78, 70)",28,13.0
80,Q-Learning,D37,"(91, 100)",18,29.0
80,Q-Learning,D38,"(77, 22)",20,25.0
80,Q-Learning,D39,"(0, 62)",18,10.0
80,Q-Learning,D40,"(20, 2)",7,19.0
80,Q-Learning,D41,"(61, 86)",7,23.0
80,Q-Learning,D42,"(27, 15)",11,30.0
80,Q-Learning,D43,"(63, 14)",9,15.0
81,Greedy,D14,"(96, 9)",60,22.0
81,Greedy,D16,"(97, 84)",56,24.0
81,Greedy,D18,"(30, 36)",59,22.0
81,Greedy,D20,"(19, 84)",49,29.0
81,Greedy,D21,"(100, 12)",48,25.0
81,Greedy,D22,"(9, 91)",50,29.0
81,Greedy,D23,"(45, 89)",43,16.0
81,Greedy,D25,"(11, 94)",48,17.0
81,Greedy,D27,"(6, 51)",39,14.0
81,Greedy,D28,"(54, 36)",33,18.0
81,Greedy,D29,"(29, 98)",34,16.0
81,Greedy,D30,"(0, 34)",35,13.0
81,Greedy,D31,"(26, 64)",25,19.0
81,Greedy,D32,"(1, 68)",33,25.0
81,Greedy,D33,"(40, 23)",30,13.0
81,Greedy,D34,"(52, 13)",31,20.0
81,Greedy,D35,"(78, 70)",29,13.0
81,Greedy,D37,"(91, 100)",19,29.0
81,Greedy,D38,"(77, 22)",21,25.0
81,Greedy,D39,"(0, 62)",19,10.0
81,Greedy,D40,"(20, 2)",8,19.0
81,Greedy,D41,"(61, 86)",8,23.0
81,Greedy,D42,"(27, 15)",12,30.0
81,Greedy,D43,"(63, 14)",10,15.0
81,Greedy,D44,"(8, 20)",7,19.0
81,Auction,D16,"(97, 84)",56,24.0
81,Auction,D17,"(64, 55)",58,19.0
81,Auction,D20,"(19, 84)",49,29.0
81,Auction,D21,"(100, 12)",48,25.0
81,Auction,D22,"(9, 91)",50,29.0
81,Auction,D25,"(11, 94)",48,17.0
81,Auction,D27,"(6, 51)",39,14.0
81,Auction,D28,"(54, 36)",33,18.0
81,Auction,D30,"(0, 34)",35,13.0
81,Auction,D31,"(26, 64)",25,19.0
81,Auction,D32,"(1, 68)",33,25.0
81,Auction,D33,"(40, 23)",30,13.0
81,Auction,D34,"(52, 13)",31,20.0
81,Auction,D35,"(78, 70)",29,13.0
81,Auction,D36,"(52, 31)",18,10.0
81,Auction,D37,"(91, 100)",19,29.0
81,Auction,D38,"(77, 22)",21,25.0
81,Auction,D39,"(0, 62)",19,10.0
81,Auction,D40,"(20, 2)",8,19.0
81,Auction,D41,"(61, 86)",8,23.0
81,Auction,D42,"(27, 15)",12,30.0
81,Auction,D43,"(63, 14)",10,15.0
81,Auction,D44,"(8, 20)",7,19.0
81,Q-Learning,D16,"(97, 84)",56,24.0
81,Q-Learning,D17,"(64, 55)",58,19.0
81,Q-Learning,D20,"(19, 84)",49,29.0
81,Q-Learning,D21,"(100, 12)",48,25.0
81,Q-Learning,D22,"(9, 91)",50,29.0
81,Q-Learning,D23,"(45, 89)",43,16.0
81,Q-Learning,D25,"(11, 94)",48,17.0
81,Q-Learning,D27,"(6, 51)",39,14.0
81,Q-Learning,D28,"(54, 36)",33,18.0
81,Q-Learning,D29,"(29, 98)",34,16.0
81,Q-Learning,D30,"(0, 34)",35,13.0
81,Q-Learning,D31,"(26, 64)",25,19.0
81,Q-Learning,D32,"(1, 68)",33,25.0
81,Q-Learning,D35,"(78, 70)",29,13.0
81,Q-Learning,D37,"(91, 100)",19,29.0
81,Q-Learning,D38,"(77, 22)",21,25.0
81,Q-Learning,D39,"(0, 62)",19,10.0
81,Q-Learning,D40,"(20, 2)",8,19.0
81,Q-Learning,D41,"(61, 86)",8,23.0
81,Q-Learning,D42,"(27, 15)",12,30.0
81,Q-Learning,D43,"(63, 14)",10,15.0
81,Q-Learning,D44,"(8, 20)",7,19.0
82,Greedy,D14,"(96, 9)",61,22.0
82,Greedy,D16,"(97, 84)",57,24.0
82,Greedy,D18,"(30, 36)",60,22.0
82,Greedy,D20,"(19, 84)",50,29.0
82,Greedy,D21,"(100, 12)",49,25.0
82,Greedy,D22,"(9, 91)",51,29.0
82,Greedy,D23,"(45, 89)",44,16.0
82,Greedy,D25,"(11, 94)",49,17.0
82,Greedy,D27,"(6, 51)",40,14.0
82,Greedy,D28,"(54, 36)",34,18.0
82,Greedy,D29,"(29, 98)",35,16.0
82,Greedy,D30,"(0, 34)",36,13.0
82,Greedy,D31,"(26, 64)",26,19.0
82,Greedy,D32,"(1, 68)",34,25.0
82,Greedy,D33,"(40, 23)",31,13.0
82,Greedy,D34,"(52, 13)",32,20.0
82,Greedy,D35,"(78, 70)",30,13.0
82,Greedy,D37,"(91, 100)",20,29.0
82,Greedy,D38,"(77, 22)",22,25.0
82,Greedy,D39,"(0, 62)",20,10.0
82,Greedy,D40,"(20, 2)",9,19.0
82,Greedy,D41,"(61, 86)",9,23.0
82,Greedy,D42,"(27, 15)",13,30.0
82,Greedy,D43,"(63, 14)",11,15.0
82,Greedy,D44,"(8, 20)",8,19.0
82,Auction,D16,"(97, 84)",57,24.0
82,Auction,D17,"(64, 55)",59,19.0
82,Auction,D20,"(19, 84)",50,29.0
82,Auction,D21,"(100, 12)",49,25.0
82,Auction,D22,"(9, 91)",51,29.0
82,Auction,D25,"(11, 94)",49,17.0
82,Auction,D27,"(6, 51)",40,14.0
82,Auction,D28,"(54, 36)",34,18.0
82,Auction,D30,"(0, 34)",36,13.0
82,Auction,D31,"(26, 64)",26,19.0
82,Auction,D32,"(1, 68)",34,25.0
82,Auction,D33,"(40, 23)",31,13.0
82,Auction,D34,"(52, 13)",32,20.0
82,Auction,D35,"(78, 70)",30,13.0
82,Auction,D36,"(52, 31)",19,10.0
82,Auction,D37,"(91, 100)",20,29.0
82,Auction,D38,"(77, 22)",22,25.0
82,Auction,D39,"(0, 62)",20,10.0
82,Auction,D40,"(20, 2)",9,19.0
82,Auction,D41,"(61, 86)",9,23.0
82,Auction,D42,"(27, 15)",13,30.0
82,Auction,D43,"(63, 14)",11,15.0
82,Auction,D44,"(8, 20)",8,19.0
82,Q-Learning,D16,"(97, 84)",57,24.0
82,Q-Learning,D17,"(64, 55)",59,19.0
82,Q-Learning,D20,"(19, 84)",50,29.0
82,Q-Learning,D21,"(100, 12)",49,25.0
82,Q-Learning,D22,"(9, 91)",51,29.0
82,Q-Learning,D23,"(45, 89)",44,16.0
82,Q-Learning,D25,"(11, 94)",49,17.0
82,Q-Learning,D27,"(6, 51)",40,14.0
82,Q-Learning,D28,"(54, 36)",34,18.0
82,Q-Learning,D29,"(29, 98)",35,16.0
82,Q-Learning,D30,"(0, 34)",36,13.0
82,Q-Learning,D31,"(26, 64)",26,19.0
82,Q-Learning,D32,"(1, 68)",34,25.0
82,Q-Learning,D35,"(78, 70)",30,13.0
82,Q-Learning,D37,"(91, 100)",20,29.0
82,Q-Learning,D38,"(77, 22)",22,25.0
82,Q-Learning,D39,"(0, 62)",20,10.0
82,Q-Learning,D40,"(20, 2)",9,19.0
82,Q-Learning,D41,"(61, 86)",9,23.0
82,Q-Learning,D42,"(27, 15)",13,30.0
82,Q-Learning,D43,"(63, 14)",11,15.0
82,Q-Learning,D44,"(8, 20)",8,19.0
83,Greedy,D14,"(96, 9)",62,22.0
83,Greedy,D16,"(97, 84)",58,24.0
83,Greedy,D18,"(30, 36)",61,22.0
83,Greedy,D20,"(19, 84)",51,29.0
83,Greedy,D21,"(100, 12)",50,25.0
83,Greedy,D22,"(9, 91)",52,29.0
83,Greedy,D23,"(45, 89)",45,16.0
83,Greedy,D25,"(11, 94)",50,17.0
83,Greedy,D27,"(6, 51)",41,14.0
83,Greedy,D28,"(54, 36)",35,18.0
83,Greedy,D29,"(29, 98)",36,16.0
83,Greedy,D30,"(0, 34)",37,13.0
83,Greedy,D31,"(26, 64)",27,19.0
83,Greedy,D32,"(1, 68)",35,25.0
83,Greedy,D33,"(40, 23)",32,13.0
83,Greedy,D34,"(52, 13)",33,20.0
83,Greedy,D35,"(78, 70)",31,13.0
83,Greedy,D37,"(91, 100)",21,29.0
83,Greedy,D38,"(77, 22)",23,25.0
83,Greedy,D39,"(0, 62)",21,10.0
83,Greedy,D40,"(20, 2)",10,19.0
83,Greedy,D41,"(61, 86)",10,23.0
83,Greedy,D42,"(27, 15)",14,30.0
83,Greedy,D43,"(63, 14)",12,15.0
83,Greedy,D44,"(8, 20)",9,19.0
83,Auction,D16,"(97, 84)",58,24.0
83,Auction,D17,"(64, 55)",60,19.0
83,Auction,D20,"(19, 84)",51,29.0
83,Auction,D21,"(100, 12)",50,25.0
83,Auction,D22,"(9, 91)",52,29.0
83,Auction,D25,"(11, 94)",50,17.0
83,Auction,D27,"(6, 51)",41,14.0
83,Auction,D28,"(54, 36)",35,18.0
83,Auction,D30,"(0, 34)",37,13.0
83,Auction,D31,"(26, 64)",27,19.0
83,Auction,D32,"(1, 68)",35,25.0
83,Auction,D33,"(40, 23)",32,13.0
83,Auction,D34,"(52, 13)",33,20.0
83,Auction,D35,"(78, 70)",31,13.0
83,Auction,D36,"(52, 31)",20,10.0
83,Auction,D37,"(91, 100)",21,29.0
83,Auction,D38,"(77, 22)",23,25.0
83,Auction,D39,"(0, 62)",21,10.0
83,Auction,D40,"(20, 2)",10,19.0
83,Auction,D41,"(61, 86)",10,23.0
83,Auction,D42,"(27, 15)",14,30.0
83,Auction,D43,"(63, 14)",12,15.0
83,Auction,D44,"(8, 20)",9,19.0
83,Q-Learning,D16,"(97, 84)",58,24.0
83,Q-Learning,D17,"(64, 55)",60,19.0
83,Q-Learning,D20,"(19, 84)",51,29.0
83,Q-Learning,D21,"(100, 12)",50,25.0
83,Q-Learning,D22,"(9, 91)",52,29.0
83,Q-Learning,D23,"(45, 89)",45,16.0
83,Q-Learning,D25,"(11, 94)",50,17.0
83,Q-Learning,D27,"(6, 51)",41,14.0
83,Q-Learning,D28,"(54, 36)",35,18.0
83,Q-Learning,D29,"(29, 98)",36,16.0
83,Q-Learning,D30,"(0, 34)",37,13.0
83,Q-Learning,D31,"(26, 64)",27,19.0
83,Q-Learning,D32,"(1, 68)",35,25.0
83,Q-Learning,D35,"(78, 70)",31,13.0
83,Q-Learning,D37,"(91, 100)",21,29.0
83,Q-Learning,D38,"(77, 22)",23,25.0
83,Q-Learning,D39,"(0, 62)",21,10.0
83,Q-Learning,D40,"(20, 2)",10,19.0
83,Q-Learning,D41,"(61, 86)",10,23.0
83,Q-Learning,D42,"(27, 15)",14,30.0
83,Q-Learning,D43,"(63, 14)",12,15.0
83,Q-Learning,D44,"(8, 20)",9,19.0
84,Greedy,D14,"(96, 9)",63,22.0
84,Greedy,D16,"(97, 84)",59,24.0
84,Greedy,D18,"(30, 36)",62,22.0
84,Greedy,D20,"(19, 84)",52,29.0
84,Greedy,D21,"(100, 12)",51,25.0
84,Greedy,D22,"(9, 91)",53,29.0
84,Greedy,D23,"(45, 89)",46,16.0
84,Greedy,D25,"(11, 94)",51,17.0
84,Greedy,D27,"(6, 51)",42,14.0
84,Greedy,D28,"(54, 36)",36,18.0
84,Greedy,D29,"(29, 98)",37,16.0
84,Greedy,D30,"(0, 34)",38,13.0
84,Greedy,D31,"(26, 64)",28,19.0
84,Greedy,D32,"(1, 68)",36,25.0
84,Greedy,D33,"(40, 23)",33,13.0
84,Greedy,D34,"(52, 13)",34,20.0
84,Greedy,D35,"(78, 70)",32,13.0
84,Greedy,D37,"(91, 100)",22,29.0
84,Greedy,D38,"(77, 22)",24,25.0
84,Greedy,D39,"(0, 62)",22,10.0
84,Greedy,D40,"(20, 2)",11,19.0
84,Greedy,D41,"(61, 86)",11,23.0
84,Greedy,D42,"(27, 15)",15,30.0
84,Greedy,D43,"(63, 14)",13,15.0
84,Greedy,D44,"(8, 20)",10,19.0
84,Greedy,D45,"(44, 82)",3,18.0
84,Auction,D16,"(97, 84)",59,24.0
84,Auction,D17,"(64, 55)",61,19.0
84,Auction,D20,"(19, 84)",52,29.0
84,Auction,D21,"(100, 12)",51,25.0
84,Auction,D22,"(9, 91)",53,29.0
84,Auction,D25,"(11, 94)",51,17.0
84,Auction,D27,"(6, 51)",42,14.0
84,Auction,D28,"(54, 36)",36,18.0
84,Auction,D30,"(0, 34)",38,13.0
84,Auction,D31,"(26, 64)",28,19.0
84,Auction,D32,"(1, 68)",36,25.0
84,Auction,D33,"(40, 23)",33,13.0
84,Auction,D34,"(52, 13)",34,20.0
84,Auction,D35,"(78, 70)",32,13.0
84,Auction,D36,"(52, 31)",21,10.0
84,Auction,D37,"(91, 100)",22,29.0
84,Auction,D38,"(77, 22)",24,25.0
84,Auction,D39,"(0, 62)",22,10.0
84,Auction,D40,"(20, 2)",11,19.0
84,Auction,D41,"(61, 86)",11,23.0
84,Auction,D42,"(27, 15)",15,30.0
84,Auction,D43,"(63, 14)",13,15.0
84,Auction,D44,"(8, 20)",10,19.0
84,Auction,D45,"(44, 82)",3,18.0
84,Q-Learning,D16,"(97, 84)",59,24.0
84,Q-Learning,D17,"(64, 55)",61,19.0
84,Q-Learning,D20,"(19, 84)",52,29.0
84,Q-Learning,D21,"(100, 12)",51,25.0
84,Q-Learning,D22,"(9, 91)",53,29.0
84,Q-Learning,D23,"(45, 89)",46,16.0
84,Q-Learning,D25,"(11, 94)",51,17.0
84,Q-Learning,D27,"(6, 51)",42,14.0
84,Q-Learning,D28,"(54, 36)",36,18.0
84,Q-Learning,D29,"(29, 98)",37,16.0
84,Q-Learning,D30,"(0, 34)",38,13.0
84,Q-Learning,D31,"(26, 64)",28,19.0
84,Q-Learning,D32,"(1, 68)",36,25.0
84,Q-Learning,D35,"(78, 70)",32,13.0
84,Q-Learning,D37,"(91, 100)",22,29.0
84,Q-Learning,D38,"(77, 22)",24,25.0
84,Q-Learning,D39,"(0, 62)",22,10.0
84,Q-Learning,D40,"(20, 2)",11,19.0
84,Q-Learning,D41,"(61, 86)",11,23.0
84,Q-Learning,D42,"(27, 15)",15,30.0
84,Q-Learning,D43,"(63, 14)",13,15.0
84,Q-Learning,D44,"(8, 20)",10,19.0
84,Q-Learning,D45,"(44, 82)",3,18.0
85,Greedy,D14,"(96, 9)",64,22.0
85,Greedy,D16,"(97, 84)",60,24.0
85,Greedy,D18,"(30, 36)",63,22.0
85,Greedy,D20,"(19, 84)",53,29.0
85,Greedy,D21,"(100, 12)",52,25.0
85,Greedy,D22,"(9, 91)",54,29.0
85,Greedy,D23,"(45, 89)",47,16.0
85,Greedy,D25,"(11, 94)",52,17.0
85,Greedy,D27,"(6, 51)",43,14.0
85,Greedy,D28,"(54, 36)",37,18.0
85,Greedy,D29,"(29, 98)",38,16.0
85,Greedy,D30,"(0, 34)",39,13.0
85,Greedy,D31,"(26, 64)",29,19.0
85,Greedy,D32,"(1, 68)",37,25.0
85,Greedy,D33,"(40, 23)",34,13.0
85,Greedy,D34,"(52, 13)",35,20.0
85,Greedy,D35,"(78, 70)",33,13.0
85,Greedy,D37,"(91, 100)",23,29.0
85,Greedy,D38,"(77, 22)",25,25.0
85,Greedy,D39,"(0, 62)",23,10.0
85,Greedy,D40,"(20, 2)",12,19.0
85,Greedy,D41,"(61, 86)",12,23.0
85,Greedy,D42,"(27, 15)",16,30.0
85,Greedy,D43,"(63, 14)",14,15.0
85,Greedy,D44,"(8, 20)",11,19.0
85,Greedy,D45,"(44, 82)",4,18.0
85,Greedy,D46,"(20, 49)",1,28.0
85,Auction,D16,"(97, 84)",60,24.0
85,Auction,D17,"(64, 55)",62,19.0
85,Auction,D20,"(19, 84)",53,29.0
85,Auction,D21,"(100, 12)",52,25.0
85,Auction,D22,"(9, 91)",54,29.0
85,Auction,D25,"(11, 94)",52,17.0
85,Auction,D27,"(6, 51)",43,14.0
85,Auction,D28,"(54, 36)",37,18.0
85,Auction,D30,"(0, 34)",39,13.0
85,Auction,D31,"(26, 64)",29,19.0
85,Auction,D32,"(1, 68)",37,25.0
85,Auction,D33,"(40, 23)",34,13.0
85,Auction,D34,"(52, 13)",35,20.0
85,Auction,D35,"(78, 70)",33,13.0
85,Auction,D36,"(52, 31)",22,10.0
85,Auction,D37,"(91, 100)",23,29.0
85,Auction,D38,"(77, 22)",25,25.0
85,Auction,D39,"(0, 62)",23,10.0
85,Auction,D40,"(20, 2)",12,19.0
85,Auction,D41,"(61, 86)",12,23.0
85,Auction,D42,"(27, 15)",16,30.0
85,Auction,D43,"(63, 14)",14,15.0
85,Auction,D44,"(8, 20)",11,19.0
85,Auction,D45,"(44, 82)",4,18.0
85,Auction,D46,"(20, 49)",1,28.0
85,Q-Learning,D16,"(97, 84)",60,24.0
85,Q-Learning,D17,"(64, 55)",62,19.0
85,Q-Learning,D20,"(19, 84)",53,29.0
85,Q-Learning,D21,"(100, 12)",52,25.0
85,Q-Learning,D22,"(9, 91)",54,29.0
85,Q-Learning,D23,"(45, 89)",47,16.0
85,Q-Learning,D25,"(11, 94)",52,17.0
85,Q-Learning,D27,"(6, 51)",43,14.0
85,Q-Learning,D28,"(54, 36)",37,18.0
85,Q-Learning,D29,"(29, 98)",38,16.0
85,Q-Learning,D30,"(0, 34)",39,13.0
85,Q-Learning,D31,"(26, 64)",29,19.0
85,Q-Learning,D32,"(1, 68)",37,25.0
85,Q-Learning,D35,"(78, 70)",33,13.0
85,Q-Learning,D37,"(91, 100)",23,29.0
85,Q-Learning,D38,"(77, 22)",25,25.0
85,Q-Learning,D39,"(0, 62)",23,10.0
85,Q-Learning,D40,"(20, 2)",12,19.0
85,Q-Learning,D41,"(61, 86)",12,23.0
85,Q-Learning,D42,"(27, 15)",16,30.0
85,Q-Learning,D43,"(63, 14)",14,15.0
85,Q-Learning,D44,"(8, 20)",11,19.0
85,Q-Learning,D45,"(44, 82)",4,18.0
85,Q-Learning,D46,"(20, 49)",1,28.0
86,Greedy,D14,"(96, 9)",65,22.0
86,Greedy,D16,"(97, 84)",61,24.0
86,Greedy,D18,"(30, 36)",64,22.0
86,Greedy,D20,"(19, 84)",54,29.0
86,Greedy,D21,"(100, 12)",53,25.0
86,Greedy,D22,"(9, 91)",55,29.0
86,Greedy,D23,"(45, 89)",48,16.0
86,Greedy,D25,"(11, 94)",53,17.0
86,Greedy,D27,"(6, 51)",44,14.0
86,Greedy,D28,"(54, 36)",38,18.0
86,Greedy,D29,"(29, 98)",39,16.0
86,Greedy,D30,"(0, 34)",40,13.0
86,Greedy,D31,"(26, 64)",30,19.0
86,Greedy,D32,"(1, 68)",38,25.0
86,Greedy,D33,"(40, 23)",35,13.0
86,Greedy,D34,"(52, 13)",36,20.0
86,Greedy,D35,"(78, 70)",34,13.0
86,Greedy,D37,"(91, 100)",24,29.0
86,Greedy,D38,"(77, 22)",26,25.0
86,Greedy,D39,"(0, 62)",24,10.0
86,Greedy,D40,"(20, 2)",13,19.0
86,Greedy,D41,"(61, 86)",13,23.0
86,Greedy,D42,"(27, 15)",17,30.0
86,Greedy,D43,"(63, 14)",15,15.0
86,Greedy,D44,"(8, 20)",12,19.0
86,Greedy,D45,"(44, 82)",5,18.0
86,Greedy,D46,"(20, 49)",2,28.0
86,Auction,D16,"(97, 84)",61,24.0
86,Auction,D17,"(64, 55)",63,19.0
86,Auction,D20,"(19, 84)",54,29.0
86,Auction,D21,"(100, 12)",53,25.0
86,Auction,D22,"(9, 91)",55,29.0
86,Auction,D25,"(11, 94)",53,17.0
86,Auction,D27,"(6, 51)",44,14.0
86,Auction,D28,"(54, 36)",38,18.0
86,Auction,D30,"(0, 34)",40,13.0
86,Auction,D31,"(26, 64)",30,19.0
86,Auction,D32,"(1, 68)",38,25.0
86,Auction,D33,"(40, 23)",35,13.0
86,Auction,D34,"(52, 13)",36,20.0
86,Auction,D35,"(78, 70)",34,13.0
86,Auction,D36,"(52, 31)",23,10.0
86,Auction,D37,"(91, 100)",24,29.0
86,Auction,D38,"(77, 22)",26,25.0
86,Auction,D39,"(0, 62)",24,10.0
86,Auction,D40,"(20, 2)",13,19.0
86,Auction,D41,"(61, 86)",13,23.0
86,Auction,D42,"(27, 15)",17,30.0
86,Auction,D43,"(63, 14)",15,15.0
86,Auction,D44,"(8, 20)",12,19.0
86,Auction,D45,"(44, 82)",5,18.0
86,Auction,D46,"(20, 49)",2,28.0
86,Q-Learning,D16,"(97, 84)",61,24.0
86,Q-Learning,D17,"(64, 55)",63,19.0
86,Q-Learning,D20,"(19, 84)",54,29.0
86,Q-Learning,D21,"(100, 12)",53,25.0
86,Q-Learning,D22,"(9, 91)",55,29.0
86,Q-Learning,D23,"(45, 89)",48,16.0
86,Q-Learning,D25,"(11, 94)",53,17.0
86,Q-Learning,D27,"(6, 51)",44,14.0
86,Q-Learning,D28,"(54, 36)",38,18.0
86,Q-Learning,D29,"(29, 98)",39,16.0
86,Q-Learning,D30,"(0, 34)",40,13.0
86,Q-Learning,D31,"(26, 64)",30,19.0
86,Q-Learning,D32,"(1, 68)",38,25.0
86,Q-Learning,D35,"(78, 70)",34,13.0
86,Q-Learning,D37,"(91, 100)",24,29.0
86,Q-Learning,D38,"(77, 22)",26,25.0
86,Q-Learning,D39,"(0, 62)",24,10.0
86,Q-Learning,D40,"(20, 2)",13,19.0
86,Q-Learning,D41,"(61, 86)",13,23.0
86,Q-Learning,D42,"(27, 15)",17,30.0
86,Q-Learning,D43,"(63, 14)",15,15.0
86,Q-Learning,D44,"(8, 20)",12,19.0
86,Q-Learning,D45,"(44, 82)",5,18.0
86,Q-Learning,D46,"(20, 49)",2,28.0
87,Greedy,D14,"(96, 9)",66,22.0
87,Greedy,D16,"(97, 84)",62,24.0
87,Greedy,D18,"(30, 36)",65,22.0
87,Greedy,D20,"(19, 84)",55,29.0
87,Greedy,D21,"(100, 12)",54,25.0
87,Greedy,D22,"(9, 91)",56,29.0
87,Greedy,D23,"(45, 89)",49,16.0
87,Greedy,D25,"(11, 94)",54,17.0
87,Greedy,D27,"(6, 51)",45,14.0
87,Greedy,D28,"(54, 36)",39,18.0
87,Greedy,D29,"(29, 98)",40,16.0
87,Greedy,D30,"(0, 34)",41,13.0
87,Greedy,D31,"(26, 64)",31,19.0
87,Greedy,D32,"(1, 68)",39,25.0
87,Greedy,D33,"(40, 23)",36,13.0
87,Greedy,D34,"(52, 13)",37,20.0
87,Greedy,D35,"(78, 70)",35,13.0
87,Greedy,D37,"(91, 100)",25,29.0
87,Greedy,D38,"(77, 22)",27,25.0
87,Greedy,D39,"(0, 62)",25,10.0
87,Greedy,D40,"(20, 2)",14,19.0
87,Greedy,D41,"(61, 86)",14,23.0
87,Greedy,D42,"(27, 15)",18,30.0
87,Greedy,D43,"(63, 14)",16,15.0
87,Greedy,D44,"(8, 20)",13,19.0
87,Greedy,D45,"(44, 82)",6,18.0
87,Greedy,D46,"(20, 49)",3,28.0
87,Auction,D16,"(97, 84)",62,24.0
87,Auction,D17,"(64, 55)",64,19.0
87,Auction,D20,"(19, 84)",55,29.0
87,Auction,D21,"(100, 12)",54,25.0
87,Auction,D22,"(9, 91)",56,29.0
87,Auction,D25,"(11, 94)",54,17.0
87,Auction,D27,"(6, 51)",45,14.0
87,Auction,D28,"(54, 36)",39,18.0
87,Auction,D30,"(0, 34)",41,13.0
87,Auction,D31,"(26, 64)",31,19.0
87,Auction,D32,"(1, 68)",39,25.0
87,Auction,D33,"(40, 23)",36,13.0
87,Auction,D34,"(52, 13)",37,20.0
87,Auction,D35,"(78, 70)",35,13.0
87,Auction,D36,"(52, 31)",24,10.0
87,Auction,D37,"(91, 100)",25,29.0
87,Auction,D38,"(77, 22)",27,25.0
87,Auction,D39,"(0, 62)",25,10.0
87,Auction,D40,"(20, 2)",14,19.0
87,Auction,D41,"(61, 86)",14,23.0
87,Auction,D42,"(27, 15)",18,30.0
87,Auction,D43,"(63, 14)",16,15.0
87,Auction,D44,"(8, 20)",13,19.0
87,Auction,D45,"(44, 82)",6,18.0
87,Auction,D46,"(20, 49)",3,28.0
87,Q-Learning,D16,"(97, 84)",62,24.0
87,Q-Learning,D17,"(64, 55)",64,19.0
87,Q-Learning,D20,"(19, 84)",55,29.0
87,Q-Learning,D21,"(100, 12)",54,25.0
87,Q-Learning,D22,"(9, 91)",56,29.0
87,Q-Learning,D23,"(45, 89)",49,16.0
87,Q-Learning,D25,"(11, 94)",54,17.0
87,Q-Learning,D27,"(6, 51)",45,14.0
87,Q-Learning,D28,"(54, 36)",39,18.0
87,Q-Learning,D29,"(29, 98)",40,16.0
87,Q-Learning,D30,"(0, 34)",41,13.0
87,Q-Learning,D31,"(26, 64)",31,19.0
87,Q-Learning,D32,"(1, 68)",39,25.0
87,Q-Learning,D35,"(78, 70)",35,13.0
87,Q-Learning,D37,"(91, 100)",25,29.0
87,Q-Learning,D38,"(77, 22)",27,25.0
87,Q-Learning,D39,"(0, 62)",25,10.0
87,Q-Learning,D40,"(20, 2)",14,19.0
87,Q-Learning,D41,"(61, 86)",14,23.0
87,Q-Learning,D42,"(27, 15)",18,30.0
87,Q-Learning,D43,"(63, 14)",16,15.0
87,Q-Learning,D44,"(8, 20)",13,19.0
87,Q-Learning,D45,"(44, 82)",6,18.0
87,Q-Learning,D46,"(20, 49)",3,28.0
88,Greedy,D14,"(96, 9)",67,22.0
88,Greedy,D16,"(97, 84)",63,24.0
88,Greedy,D18,"(30, 36)",66,22.0
88,Greedy,D20,"(19, 84)",56,29.0
88,Greedy,D21,"(100, 12)",55,25.0
88,Greedy,D22,"(9, 91)",57,29.0
88,Greedy,D23,"(45, 89)",50,16.0
88,Greedy,D25,"(11, 94)",55,17.0
88,Greedy,D27,"(6, 51)",46,14.0
88,Greedy,D28,"(54, 36)",40,18.0
88,Greedy,D29,"(29, 98)",41,16.0
88,Greedy,D30,"(0, 34)",42,13.0
88,Greedy,D31,"(26, 64)",32,19.0
88,Greedy,D32,"(1, 68)",40,25.0
88,Greedy,D33,"(40, 23)",37,13.0
88,Greedy,D34,"(52, 13)",38,20.0
88,Greedy,D35,"(78, 70)",36,13.0
88,Greedy,D37,"(91, 100)",26,29.0
88,Greedy,D38,"(77, 22)",28,25.0
88,Greedy,D39,"(0, 62)",26,10.0
88,Greedy,D40,"(20, 2)",15,19.0
88,Greedy,D41,"(61, 86)",15,23.0
88,Greedy,D42,"(27, 15)",19,30.0
88,Greedy,D43,"(63, 14)",17,15.0
88,Greedy,D44,"(8, 20)",14,19.0
88,Greedy,D45,"(44, 82)",7,18.0
88,Greedy,D46,"(20, 49)",4,28.0
88,Auction,D16,"(97, 84)",63,24.0
88,Auction,D17,"(64, 55)",65,19.0
88,Auction,D20,"(19, 84)",56,29.0
88,Auction,D21,"(100, 12)",55,25.0
88,Auction,D22,"(9, 91)",57,29.0
88,Auction,D25,"(11, 94)",55,17.0
88,Auction,D27,"(6, 51)",46,14.0
88,Auction,D28,"(54, 36)",40,18.0
88,Auction,D30,"(0, 34)",42,13.0
88,Auction,D31,"(26, 64)",32,19.0
88,Auction,D32,"(1, 68)",40,25.0
88,Auction,D33,"(40, 23)",37,13.0
88,Auction,D34,"(52, 13)",38,20.0
88,Auction,D35,"(78, 70)",36,13.0
88,Auction,D36,"(52, 31)",25,10.0
88,Auction,D37,"(91, 100)",26,29.0
88,Auction,D38,"(77, 22)",28,25.0
88,Auction,D39,"(0, 62)",26,10.0
88,Auction,D40,"(20, 2)",15,19.0
88,Auction,D41,"(61, 86)",15,23.0
88,Auction,D42,"(27, 15)",19,30.0
88,Auction,D43,"(63, 14)",17,15.0
88,Auction,D44,"(8, 20)",14,19.0
88,Auction,D45,"(44, 82)",7,18.0
88,Auction,D46,"(20, 49)",4,28.0
88,Q-Learning,D16,"(97, 84)",63,24.0
88,Q-Learning,D17,"(64, 55)",65,19.0
88,Q-Learning,D20,"(19, 84)",56,29.0
88,Q-Learning,D21,"(100, 12)",55,25.0
88,Q-Learning,D22,"(9, 91)",57,29.0
88,Q-Learning,D23,"(45, 89)",50,16.0
88,Q-Learning,D25,"(11, 94)",55,17.0
88,Q-Learning,D27,"(6, 51)",46,14.0
88,Q-Learning,D28,"(54, 36)",40,18.0
88,Q-Learning,D29,"(29, 98)",41,16.0
88,Q-Learning,D30,"(0, 34)",42,13.0
88,Q-Learning,D31,"(26, 64)",32,19.0
88,Q-Learning,D32,"(1, 68)",40,25.0
88,Q-Learning,D35,"(78, 70)",36,13.0
88,Q-Learning,D37,"(91, 100)",26,29.0
88,Q-Learning,D38,"(77, 22)",28,25.0
88,Q-Learning,D39,"(0, 62)",26,10.0
88,Q-Learning,D40,"(20, 2)",15,19.0
88,Q-Learning,D41,"(61, 86)",15,23.0
88,Q-Learning,D42,"(27, 15)",19,30.0
88,Q-Learning,D43,"(63, 14)",17,15.0
88,Q-Learning,D44,"(8, 20)",14,19.0
88,Q-Learning,D45,"(44, 82)",7,18.0
88,Q-Learning,D46,"(20, 49)",4,28.0
89,Greedy,D14,"(96, 9)",68,22.0
89,Greedy,D16,"(97, 84)",64,24.0
89,Greedy,D18,"(30, 36)",67,22.0
89,Greedy,D20,"(19, 84)",57,29.0
89,Greedy,D21,"(100, 12)",56,25.0
89,Greedy,D22,"(9, 91)",58,29.0
89,Greedy,D23,"(45, 89)",51,16.0
89,Greedy,D25,"(11, 94)",56,17.0
89,Greedy,D27,"(6, 51)",47,14.0
89,Greedy,D28,"(54, 36)",41,18.0
89,Greedy,D29,"(29, 98)",42,16.0
89,Greedy,D30,"(0, 34)",43,13.0
89,Greedy,D31,"(26, 64)",33,19.0
89,Greedy,D32,"(1, 68)",41,25.0
89,Greedy,D33,"(40, 23)",38,13.0
89,Greedy,D34,"(52, 13)",39,20.0
89,Greedy,D35,"(78, 70)",37,13.0
89,Greedy,D37,"(91, 100)",27,29.0
89,Greedy,D38,"(77, 22)",29,25.0
89,Greedy,D39,"(0, 62)",27,10.0
89,Greedy,D40,"(20, 2)",16,19.0
89,Greedy,D41,"(61, 86)",16,23.0
89,Greedy,D42,"(27, 15)",20,30.0
89,Greedy,D43,"(63, 14)",18,15.0
89,Greedy,D44,"(8, 20)",15,19.0
89,Greedy,D45,"(44, 82)",8,18.0
89,Greedy,D46,"(20, 49)",5,28.0
89,Auction,D16,"(97, 84)",64,24.0
89,Auction,D17,"(64, 55)",66,19.0
89,Auction,D20,"(19, 84)",57,29.0
89,Auction,D21,"(100, 12)",56,25.0
89,Auction,D22,"(9, 91)",58,29.0
89,Auction,D25,"(11, 94)",56,17.0
89,Auction,D27,"(6, 51)",47,14.0
89,Auction,D28,"(54, 36)",41,18.0
89,Auction,D30,"(0, 34)",43,13.0
89,Auction,D31,"(26, 64)",33,19.0
89,Auction,D32,"(1, 68)",41,25.0
89,Auction,D33,"(40, 23)",38,13.0
89,Auction,D34,"(52, 13)",39,20.0
89,Auction,D35,"(78, 70)",37,13.0
89,Auction,D36,"(52, 31)",26,10.0
89,Auction,D37,"(91, 100)",27,29.0
89,Auction,D38,"(77, 22)",29,25.0
89,Auction,D39,"(0, 62)",27,10.0
89,Auction,D40,"(20, 2)",16,19.0
89,Auction,D41,"(61, 86)",16,23.0
89,Auction,D42,"(27, 15)",20,30.0
89,Auction,D43,"(63, 14)",18,15.0
89,Auction,D44,"(8, 20)",15,19.0
89,Auction,D45,"(44, 82)",8,18.0
89,Auction,D46,"(20, 49)",5,28.0
89,Q-Learning,D16,"(97, 84)",64,24.0
89,Q-Learning,D17,"(64, 55)",66,19.0
89,Q-Learning,D20,"(19, 84)",57,29.0
89,Q-Learning,D21,"(100, 12)",56,25.0
89,Q-Learning,D22,"(9, 91)",58,29.0
89,Q-Learning,D23,"(45, 89)",51,16.0
89,Q-Learning,D25,"(11, 94)",56,17.0
89,Q-Learning,D27,"(6, 51)",47,14.0
89,Q-Learning,D28,"(54, 36)",41,18.0
89,Q-Learning,D29,"(29, 98)",42,16.0
89,Q-Learning,D30,"(0, 34)",43,13.0
89,Q-Learning,D31,"(26, 64)",33,19.0
89,Q-Learning,D32,"(1, 68)",41,25.0
89,Q-Learning,D35,"(78, 70)",37,13.0
89,Q-Learning,D37,"(91, 100)",27,29.0
89,Q-Learning,D38,"(77, 22)",29,25.0
89,Q-Learning,D39,"(0, 62)",27,10.0
89,Q-Learning,D40,"(20, 2)",16,19.0
89,Q-Learning,D41,"(61, 86)",16,23.0
89,Q-Learning,D42,"(27, 15)",20,30.0
89,Q-Learning,D43,"(63, 14)",18,15.0
89,Q-Learning,D44,"(8, 20)",15,19.0
89,Q-Learning,D45,"(44, 82)",8,18.0
89,Q-Learning,D46,"(20, 49)",5,28.0
90,Greedy,D14,"(96, 9)",69,22.0
90,Greedy,D16,"(97, 84)",65,24.0
90,Greedy,D18,"(30, 36)",68,22.0
90,Greedy,D20,"(19, 84)",58,29.0
90,Greedy,D21,"(100, 12)",57,25.0
90,Greedy,D22,"(9, 91)",59,29.0
90,Greedy,D23,"(45, 89)",52,16.0
90,Greedy,D25,"(11, 94)",57,17.0
90,Greedy,D27,"(6, 51)",48,14.0
90,Greedy,D28,"(54, 36)",42,18.0
90,Greedy,D29,"(29, 98)",43,16.0
90,Greedy,D30,"(0, 34)",44,13.0
90,Greedy,D31,"(26, 64)",34,19.0
90,Greedy,D32,"(1, 68)",42,25.0
90,Greedy,D33,"(40, 23)",39,13.0
90,Greedy,D34,"(52, 13)",40,20.0
90,Greedy,D35,"(78, 70)",38,13.0
90,Greedy,D37,"(91, 100)",28,29.0
90,Greedy,D38,"(77, 22)",30,25.0
90,Greedy,D39,"(0, 62)",28,10.0
90,Greedy,D40,"(20, 2)",17,19.0
90,Greedy,D41,"(61, 86)",17,23.0
90,Greedy,D42,"(27, 15)",21,30.0
90,Greedy,D43,"(63, 14)",19,15.0
90,Greedy,D44,"(8, 20)",16,19.0
90,Greedy,D45,"(44, 82)",9,18.0
90,Greedy,D46,"(20, 49)",6,28.0
90,Greedy,D47,"(40, 55)",3,14.0
90,Auction,D16,"(97, 84)",65,24.0
90,Auction,D17,"(64, 55)",67,19.0
90,Auction,D20,"(19, 84)",58,29.0
90,Auction,D21,"(100, 12)",57,25.0
90,Auction,D22,"(9, 91)",59,29.0
90,Auction,D25,"(11, 94)",57,17.0
90,Auction,D27,"(6, 51)",48,14.0
90,Auction,D28,"(54, 36)",42,18.0
90,Auction,D30,"(0, 34)",44,13.0
90,Auction,D31,"(26, 64)",34,19.0
90,Auction,D32,"(1, 68)",42,25.0
90,Auction,D33,"(40, 23)",39,13.0
90,Auction,D34,"(52, 13)",40,20.0
90,Auction,D35,"(78, 70)",38,13.0
90,Auction,D36,"(52, 31)",27,10.0
90,Auction,D37,"(91, 100)",28,29.0
90,Auction,D38,"(77, 22)",30,25.0
90,Auction,D39,"(0, 62)",28,10.0
90,Auction,D40,"(20, 2)",17,19.0
90,Auction,D41,"(61, 86)",17,23.0
90,Auction,D42,"(27, 15)",21,30.0
90,Auction,D43,"(63, 14)",19,15.0
90,Auction,D44,"(8, 20)",16,19.0
90,Auction,D45,"(44, 82)",9,18.0
90,Auction,D46,"(20, 49)",6,28.0
90,Auction,D47,"(40, 55)",3,14.0
90,Q-Learning,D16,"(97, 84)",65,24.0
90,Q-Learning,D17,"(64, 55)",67,19.0
90,Q-Learning,D20,"(19, 84)",58,29.0
90,Q-Learning,D21,"(100, 12)",57,25.0
90,Q-Learning,D22,"(9, 91)",59,29.0
90,Q-Learning,D23,"(45, 89)",52,16.0
90,Q-Learning,D25,"(11, 94)",57,17.0
90,Q-Learning,D27,"(6, 51)",48,14.0
90,Q-Learning,D28,"(54, 36)",42,18.0
90,Q-Learning,D29,"(29, 98)",43,16.0
90,Q-Learning,D30,"(0, 34)",44,13.0
90,Q-Learning,D31,"(26, 64)",34,19.0
90,Q-Learning,D32,"(1, 68)",42,25.0
90,Q-Learning,D35,"(78, 70)",38,13.0
90,Q-Learning,D37,"(91, 100)",28,29.0
90,Q-Learning,D38,"(77, 22)",30,25.0
90,Q-Learning,D39,"(0, 62)",28,10.0
90,Q-Learning,D40,"(20, 2)",17,19.0
90,Q-Learning,D41,"(61, 86)",17,23.0
90,Q-Learning,D42,"(27, 15)",21,30.0
90,Q-Learning,D43,"(63, 14)",19,15.0
90,Q-Learning,D44,"(8, 20)",16,19.0
90,Q-Learning,D45,"(44, 82)",9,18.0
90,Q-Learning,D46,"(20, 49)",6,28.0
90,Q-Learning,D47,"(40, 55)",3,14.0
91,Greedy,D14,"(96, 9)",70,22.0
91,Greedy,D16,"(97, 84)",66,24.0
91,Greedy,D18,"(30, 36)",69,22.0
91,Greedy,D20,"(19, 84)",59,29.0
91,Greedy,D21,"(100, 12)",58,25.0
91,Greedy,D22,"(9, 91)",60,29.0
91,Greedy,D23,"(45, 89)",53,16.0
91,Greedy,D25,"(11, 94)",58,17.0
91,Greedy,D27,"(6, 51)",49,14.0
91,Greedy,D28,"(54, 36)",43,18.0
91,Greedy,D29,"(29, 98)",44,16.0
91,Greedy,D30,"(0, 34)",45,13.0
91,Greedy,D31,"(26, 64)",35,19.0
91,Greedy,D32,"(1, 68)",43,25.0
91,Greedy,D33,"(40, 23)",40,13.0
91,Greedy,D34,"(52, 13)",41,20.0
91,Greedy,D35,"(78, 70)",39,13.0
91,Greedy,D37,"(91, 100)",29,29.0
91,Greedy,D38,"(77, 22)",31,25.0
91,Greedy,D39,"(0, 62)",29,10.0
91,Greedy,D40,"(20, 2)",18,19.0
91,Greedy,D41,"(61, 86)",18,23.0
91,Greedy,D42,"(27, 15)",22,30.0
91,Greedy,D43,"(63, 14)",20,15.0
91,Greedy,D44,"(8, 20)",17,19.0
91,Greedy,D45,"(44, 82)",10,18.0
91,Greedy,D46,"(20, 49)",7,28.0
91,Greedy,D47,"(40, 55)",4,14.0
91,Auction,D16,"(97, 84)",66,24.0
91,Auction,D17,"(64, 55)",68,19.0
91,Auction,D20,"(19, 84)",59,29.0
91,Auction,D21,"(100, 12)",58,25.0
91,Auction,D22,"(9, 91)",60,29.0
91,Auction,D25,"(11, 94)",58,17.0
91,Auction,D27,"(6, 51)",49,14.0
91,Auction,D28,"(54, 36)",43,18.0
91,Auction,D30,"(0, 34)",45,13.0
91,Auction,D31,"(26, 64)",35,19.0
91,Auction,D32,"(1, 68)",43,25.0
91,Auction,D33,"(40, 23)",40,13.0
91,Auction,D34,"(52, 13)",41,20.0
91,Auction,D35,"(78, 70)",39,13.0
91,Auction,D36,"(52, 31)",28,10.0
91,Auction,D37,"(91, 100)",29,29.0
91,Auction,D38,"(77, 22)",31,25.0
91,Auction,D39,"(0, 62)",29,10.0
91,Auction,D40,"(20, 2)",18,19.0
91,Auction,D41,"(61, 86)",18,23.0
91,Auction,D42,"(27, 15)",22,30.0
91,Auction,D43,"(63, 14)",20,15.0
91,Auction,D44,"(8, 20)",17,19.0
91,Auction,D45,"(44, 82)",10,18.0
91,Auction,D46,"(20, 49)",7,28.0
91,Auction,D47,"(40, 55)",4,14.0
91,Q-Learning,D16,"(97, 84)",66,24.0
91,Q-Learning,D17,"(64, 55)",68,19.0
91,Q-Learning,D20,"(19, 84)",59,29.0
91,Q-Learning,D21,"(100, 12)",58,25.0
91,Q-Learning,D22,"(9, 91)",60,29.0
91,Q-Learning,D23,"(45, 89)",53,16.0
91,Q-Learning,D25,"(11, 94)",58,17.0
91,Q-Learning,D27,"(6, 51)",49,14.0
91,Q-Learning,D28,"(54, 36)",43,18.0
91,Q-Learning,D29,"(29, 98)",44,16.0
91,Q-Learning,D30,"(0, 34)",45,13.0
91,Q-Learning,D31,"(26, 64)",35,19.0
91,Q-Learning,D32,"(1, 68)",43,25.0
91,Q-Learning,D35,"(78, 70)",39,13.0
91,Q-Learning,D37,"(91, 100)",29,29.0
91,Q-Learning,D38,"(77, 22)",31,25.0
91,Q-Learning,D39,"(0, 62)",29,10.0
91,Q-Learning,D40,"(20, 2)",18,19.0
91,Q-Learning,D41,"(61, 86)",18,23.0
91,Q-Learning,D42,"(27, 15)",22,30.0
91,Q-Learning,D43,"(63, 14)",20,15.0
91,Q-Learning,D44,"(8, 20)",17,19.0
91,Q-Learning,D45,"(44, 82)",10,18.0
91,Q-Learning,D46,"(20, 49)",7,28.0
91,Q-Learning,D47,"(40, 55)",4,14.0
92,Greedy,D14,"(96, 9)",71,22.0
92,Greedy,D16,"(97, 84)",67,24.0
92,Greedy,D18,"(30, 36)",70,22.0
92,Greedy,D20,"(19, 84)",60,29.0
92,Greedy,D21,"(100, 12)",59,25.0
92,Greedy,D22,"(9, 91)",61,29.0
92,Greedy,D23,"(45, 89)",54,16.0
92,Greedy,D25,"(11, 94)",59,17.0
92,Greedy,D27,"(6, 51)",50,14.0
92,Greedy,D28,"(54, 36)",44,18.0
92,Greedy,D29,"(29, 98)",45,16.0
92,Greedy,D30,"(0, 34)",46,13.0
92,Greedy,D31,"(26, 64)",36,19.0
92,Greedy,D32,"(1, 68)",44,25.0
92,Greedy,D33,"(40, 23)",41,13.0
92,Greedy,D34,"(52, 13)",42,20.0
92,Greedy,D35,"(78, 70)",40,13.0
92,Greedy,D37,"(91, 100)",30,29.0
92,Greedy,D38,"(77, 22)",32,25.0
92,Greedy,D39,"(0, 62)",30,10.0
92,Greedy,D40,"(20, 2)",19,19.0
92,Greedy,D41,"(61, 86)",19,23.0
92,Greedy,D42,"(27, 15)",23,30.0
92,Greedy,D43,"(63, 14)",21,15.0
92,Greedy,D44,"(8, 20)",18,19.0
92,Greedy,D45,"(44, 82)",11,18.0
92,Greedy,D46,"(20, 49)",8,28.0
92,Greedy,D47,"(40, 55)",5,14.0
92,Greedy,D48,"(17, 65)",8,12.0
92,Auction,D16,"(97, 84)",67,24.0
92,Auction,D17,"(64, 55)",69,19.0
92,Auction,D20,"(19, 84)",60,29.0
92,Auction,D21,"(100, 12)",59,25.0
92,Auction,D22,"(9, 91)",61,29.0
92,Auction,D25,"(11, 94)",59,17.0
92,Auction,D27,"(6, 51)",50,14.0
92,Auction,D28,"(54, 36)",44,18.0
92,Auction,D30,"(0, 34)",46,13.0
92,Auction,D31,"(26, 64)",36,19.0
92,Auction,D32,"(1, 68)",44,25.0
92,Auction,D33,"(40, 23)",41,13.0
92,Auction,D34,"(52, 13)",42,20.0
92,Auction,D35,"(78, 70)",40,13.0
92,Auction,D36,"(52, 31)",29,10.0
92,Auction,D37,"(91, 100)",30,29.0
92,Auction,D38,"(77, 22)",32,25.0
92,Auction,D39,"(0, 62)",30,10.0
92,Auction,D40,"(20, 2)",19,19.0
92,Auction,D41,"(61, 86)",19,23.0
92,Auction,D42,"(27, 15)",23,30.0
92,Auction,D43,"(63, 14)",21,15.0
92,Auction,D44,"(8, 20)",18,19.0
92,Auction,D45,"(44, 82)",11,18.0
92,Auction,D46,"(20, 49)",8,28.0
92,Auction,D47,"(40, 55)",5,14.0
92,Auction,D48,"(17, 65)",8,12.0
92,Q-Learning,D16,"(97, 84)",67,24.0
92,Q-Learning,D17,"(64, 55)",69,19.0
92,Q-Learning,D20,"(19, 84)",60,29.0
92,Q-Learning,D21,"(100, 12)",59,25.0
92,Q-Learning,D22,"(9, 91)",61,29.0
92,Q-Learning,D23,"(45, 89)",54,16.0
92,Q-Learning,D25,"(11, 94)",59,17.0
92,Q-Learning,D27,"(6, 51)",50,14.0
92,Q-Learning,D28,"(54, 36)",44,18.0
92,Q-Learning,D29,"(29, 98)",45,16.0
92,Q-Learning,D30,"(0, 34)",46,13.0
92,Q-Learning,D31,"(26, 64)",36,19.0
92,Q-Learning,D32,"(1, 68)",44,25.0
92,Q-Learning,D35,"(78, 70)",40,13.0
92,Q-Learning,D37,"(91, 100)",30,29.0
92,Q-Learning,D38,"(77, 22)",32,25.0
92,Q-Learning,D39,"(0, 62)",30,10.0
92,Q-Learning,D40,"(20, 2)",19,19.0
92,Q-Learning,D41,"(61, 86)",19,23.0
92,Q-Learning,D42,"(27, 15)",23,30.0
92,Q-Learning,D43,"(63, 14)",21,15.0
92,Q-Learning,D44,"(8, 20)",18,19.0
92,Q-Learning,D45,"(44, 82)",11,18.0
92,Q-Learning,D46,"(20, 49)",8,28.0
92,Q-Learning,D47,"(40, 55)",5,14.0
92,Q-Learning,D48,"(17, 65)",8,12.0
93,Greedy,D14,"(96, 9)",72,22.0
93,Greedy,D16,"(97, 84)",68,24.0
93,Greedy,D18,"(30, 36)",71,22.0
93,Greedy,D20,"(19, 84)",61,29.0
93,Greedy,D21,"(100, 12)",60,25.0
93,Greedy,D22,"(9, 91)",62,29.0
93,Greedy,D23,"(45, 89)",55,16.0
93,Greedy,D25,"(11, 94)",60,17.0
93,Greedy,D27,"(6, 51)",51,14.0
93,Greedy,D28,"(54, 36)",45,18.0
93,Greedy,D29,"(29, 98)",46,16.0
93,Greedy,D30,"(0, 34)",47,13.0
93,Greedy,D31,"(26, 64)",37,19.0
93,Greedy,D32,"(1, 68)",45,25.0
93,Greedy,D33,"(40, 23)",42,13.0
93,Greedy,D34,"(52, 13)",43,20.0
93,Greedy,D35,"(78, 70)",41,13.0
93,Greedy,D37,"(91, 100)",31,29.0
93,Greedy,D38,"(77, 22)",33,25.0
93,Greedy,D39,"(0, 62)",31,10.0
93,Greedy,D40,"(20, 2)",20,19.0
93,Greedy,D41,"(61, 86)",20,23.0
93,Greedy,D42,"(27, 15)",24,30.0
93,Greedy,D43,"(63, 14)",22,15.0
93,Greedy,D44,"(8, 20)",19,19.0
93,Greedy,D45,"(44, 82)",12,18.0
93,Greedy,D46,"(20, 49)",9,28.0
93,Greedy,D47,"(40, 55)",6,14.0
93,Greedy,D48,"(17, 65)",9,12.0
93,Auction,D16,"(97, 84)",68,24.0
93,Auction,D17,"(64, 55)",70,19.0
93,Auction,D20,"(19, 84)",61,29.0
93,Auction,D21,"(100, 12)",60,25.0
93,Auction,D22,"(9, 91)",62,29.0
93,Auction,D25,"(11, 94)",60,17.0
93,Auction,D27,"(6, 51)",51,14.0
93,Auction,D28,"(54, 36)",45,18.0
93,Auction,D30,"(0, 34)",47,13.0
93,Auction,D31,"(26, 64)",37,19.0
93,Auction,D32,"(1, 68)",45,25.0
93,Auction,D33,"(40, 23)",42,13.0
93,Auction,D34,"(52, 13)",43,20.0
93,Auction,D35,"(78, 70)",41,13.0
93,Auction,D36,"(52, 31)",30,10.0
93,Auction,D37,"(91, 100)",31,29.0
93,Auction,D38,"(77, 22)",33,25.0
93,Auction,D39,"(0, 62)",31,10.0
93,Auction,D40,"(20, 2)",20,19.0
93,Auction,D41,"(61, 86)",20,23.0
93,Auction,D42,"(27, 15)",24,30.0
93,Auction,D43,"(63, 14)",22,15.0
93,Auction,D44,"(8, 20)",19,19.0
93,Auction,D45,"(44, 82)",12,18.0
93,Auction,D46,"(20, 49)",9,28.0
93,Auction,D47,"(40, 55)",6,14.0
93,Auction,D48,"(17, 65)",9,12.0
93,Q-Learning,D16,"(97, 84)",68,24.0
93,Q-Learning,D17,"(64, 55)",70,19.0
93,Q-Learning,D20,"(19, 84)",61,29.0
93,Q-Learning,D21,"(100, 12)",60,25.0
93,Q-Learning,D22,"(9, 91)",62,29.0
93,Q-Learning,D23,"(45, 89)",55,16.0
93,Q-Learning,D25,"(11, 94)",60,17.0
93,Q-Learning,D27,"(6, 51)",51,14.0
93,Q-Learning,D28,"(54, 36)",45,18.0
93,Q-Learning,D29,"(29, 98)",46,16.0
93,Q-Learning,D30,"(0, 34)",47,13.0
93,Q-Learning,D31,"(26, 64)",37,19.0
93,Q-Learning,D32,"(1, 68)",45,25.0
93,Q-Learning,D35,"(78, 70)",41,13.0
93,Q-Learning,D37,"(91, 100)",31,29.0
93,Q-Learning,D38,"(77, 22)",33,25.0
93,Q-Learning,D39,"(0, 62)",31,10.0
93,Q-Learning,D40,"(20, 2)",20,19.0
93,Q-Learning,D41,"(61, 86)",20,23.0
93,Q-Learning,D42,"(27, 15)",24,30.0
93,Q-Learning,D43,"(63, 14)",22,15.0
93,Q-Learning,D44,"(8, 20)",19,19.0
93,Q-Learning,D45,"(44, 82)",12,18.0
93,Q-Learning,D46,"(20, 49)",9,28.0
93,Q-Learning,D47,"(40, 55)",6,14.0
93,Q-Learning,D48,"(17, 65)",9,12.0
94,Greedy,D14,"(96, 9)",73,22.0
94,Greedy,D16,"(97, 84)",69,24.0
94,Greedy,D18,"(30, 36)",72,22.0
94,Greedy,D20,"(19, 84)",62,29.0
94,Greedy,D21,"(100, 12)",61,25.0
94,Greedy,D22,"(9, 91)",63,29.0
94,Greedy,D23,"(45, 89)",56,16.0
94,Greedy,D25,"(11, 94)",61,17.0
94,Greedy,D27,"(6, 51)",52,14.0
94,Greedy,D28,"(54, 36)",46,18.0
94,Greedy,D29,"(29, 98)",47,16.0
94,Greedy,D30,"(0, 34)",48,13.0
94,Greedy,D31,"(26, 64)",38,19.0
94,Greedy,D32,"(1, 68)",46,25.0
94,Greedy,D33,"(40, 23)",43,13.0
94,Greedy,D34,"(52, 13)",44,20.0
94,Greedy,D35,"(78, 70)",42,13.0
94,Greedy,D37,"(91, 100)",32,29.0
94,Greedy,D38,"(77, 22)",34,25.0
94,Greedy,D39,"(0, 62)",32,10.0
94,Greedy,D40,"(20, 2)",21,19.0
94,Greedy,D41,"(61, 86)",21,23.0
94,Greedy,D42,"(27, 15)",25,30.0
94,Greedy,D43,"(63, 14)",23,15.0
94,Greedy,D44,"(8, 20)",20,19.0
94,Greedy,D45,"(44, 82)",13,18.0
94,Greedy,D46,"(20, 49)",10,28.0
94,Greedy,D47,"(40, 55)",7,14.0
94,Greedy,D48,"(17, 65)",10,12.0
94,Auction,D16,"(97, 84)",69,24.0
94,Auction,D17,"(64, 55)",71,19.0
94,Auction,D20,"(19, 84)",62,29.0
94,Auction,D21,"(100, 12)",61,25.0
94,Auction,D22,"(9, 91)",63,29.0
94,Auction,D25,"(11, 94)",61,17.0
94,Auction,D27,"(6, 51)",52,14.0
94,Auction,D28,"(54, 36)",46,18.0
94,Auction,D30,"(0, 34)",48,13.0
94,Auction,D31,"(26, 64)",38,19.0
94,Auction,D32,"(1, 68)",46,25.0
94,Auction,D33,"(40, 23)",43,13.0
94,Auction,D34,"(52, 13)",44,20.0
94,Auction,D35,"(78, 70)",42,13.0
94,Auction,D36,"(52, 31)",31,10.0
94,Auction,D37,"(91, 100)",32,29.0
94,Auction,D38,"(77, 22)",34,25.0
94,Auction,D39,"(0, 62)",32,10.0
94,Auction,D40,"(20, 2)",21,19.0
94,Auction,D41,"(61, 86)",21,23.0
94,Auction,D42,"(27, 15)",25,30.0
94,Auction,D43,"(63, 14)",23,15.0
94,Auction,D44,"(8, 20)",20,19.0
94,Auction,D45,"(44, 82)",13,18.0
94,Auction,D46,"(20, 49)",10,28.0
94,Auction,D47,"(40, 55)",7,14.0
94,Auction,D48,"(17, 65)",10,12.0
94,Q-Learning,D16,"(97, 84)",69,24.0
94,Q-Learning,D17,"(64, 55)",71,19.0
94,Q-Learning,D20,"(19, 84)",62,29.0
94,Q-Learning,D21,"(100, 12)",61,25.0
94,Q-Learning,D22,"(9, 91)",63,29.0
94,Q-Learning,D23,"(45, 89)",56,16.0
94,Q-Learning,D25,"(11, 94)",61,17.0
94,Q-Learning,D27,"(6, 51)",52,14.0
94,Q-Learning,D28,"(54, 36)",46,18.0
94,Q-Learning,D29,"(29, 98)",47,16.0
94,Q-Learning,D30,"(0, 34)",48,13.0
94,Q-Learning,D31,"(26, 64)",38,19.0
94,Q-Learning,D32,"(1, 68)",46,25.0
94,Q-Learning,D35,"(78, 70)",42,13.0
94,Q-Learning,D37,"(91, 100)",32,29.0
94,Q-Learning,D38,"(77, 22)",34,25.0
94,Q-Learning,D39,"(0, 62)",32,10.0
94,Q-Learning,D40,"(20, 2)",21,19.0
94,Q-Learning,D41,"(61, 86)",21,23.0
94,Q-Learning,D42,"(27, 15)",25,30.0
94,Q-Learning,D43,"(63, 14)",23,15.0
94,Q-Learning,D44,"(8, 20)",20,19.0
94,Q-Learning,D45,"(44, 82)",13,18.0
94,Q-Learning,D46,"(20, 49)",10,28.0
94,Q-Learning,D47,"(40, 55)",7,14.0
94,Q-Learning,D48,"(17, 65)",10,12.0
95,Greedy,D14,"(96, 9)",74,22.0
95,Greedy,D16,"(97, 84)",70,24.0
95,Greedy,D18,"(30, 36)",73,22.0
95,Greedy,D20,"(19, 84)",63,29.0
95,Greedy,D21,"(100, 12)",62,25.0
95,Greedy,D22,"(9, 91)",64,29.0
95,Greedy,D23,"(45, 89)",57,16.0
95,Greedy,D25,"(11, 94)",62,17.0
95,Greedy,D27,"(6, 51)",53,14.0
95,Greedy,D28,"(54, 36)",47,18.0
95,Greedy,D29,"(29, 98)",48,16.0
95,Greedy,D30,"(0, 34)",49,13.0
95,Greedy,D31,"(26, 64)",39,19.0
95,Greedy,D32,"(1, 68)",47,25.0
95,Greedy,D33,"(40, 23)",44,13.0
95,Greedy,D34,"(52, 13)",45,20.0
95,Greedy,D35,"(78, 70)",43,13.0
95,Greedy,D37,"(91, 100)",33,29.0
95,Greedy,D38,"(77, 22)",35,25.0
95,Greedy,D39,"(0, 62)",33,10.0
95,Greedy,D40,"(20, 2)",22,19.0
95,Greedy,D41,"(61, 86)",22,23.0
95,Greedy,D42,"(27, 15)",26,30.0
95,Greedy,D43,"(63, 14)",24,15.0
95,Greedy,D44,"(8, 20)",21,19.0
95,Greedy,D45,"(44, 82)",14,18.0
95,Greedy,D46,"(20, 49)",11,28.0
95,Greedy,D47,"(40, 55)",8,14.0
95,Greedy,D48,"(17, 65)",11,12.0
95,Auction,D16,"(97, 84)",70,24.0
95,Auction,D17,"(64, 55)",72,19.0
95,Auction,D20,"(19, 84)",63,29.0
95,Auction,D21,"(100, 12)",62,25.0
95,Auction,D22,"(9, 91)",64,29.0
95,Auction,D25,"(11, 94)",62,17.0
95,Auction,D27,"(6, 51)",53,14.0
95,Auction,D28,"(54, 36)",47,18.0
95,Auction,D30,"(0, 34)",49,13.0
95,Auction,D31,"(26, 64)",39,19.0
95,Auction,D32,"(1, 68)",47,25.0
95,Auction,D33,"(40, 23)",44,13.0
95,Auction,D34,"(52, 13)",45,20.0
95,Auction,D35,"(78, 70)",43,13.0
95,Auction,D36,"(52, 31)",32,10.0
95,Auction,D37,"(91, 100)",33,29.0
95,Auction,D38,"(77, 22)",35,25.0
95,Auction,D39,"(0, 62)",33,10.0
95,Auction,D40,"(20, 2)",22,19.0
95,Auction,D41,"(61, 86)",22,23.0
95,Auction,D42,"(27, 15)",26,30.0
95,Auction,D43,"(63, 14)",24,15.0
95,Auction,D44,"(8, 20)",21,19.0
95,Auction,D45,"(44, 82)",14,18.0
95,Auction,D46,"(20, 49)",11,28.0
95,Auction,D47,"(40, 55)",8,14.0
95,Auction,D48,"(17, 65)",11,12.0
95,Q-Learning,D16,"(97, 84)",70,24.0
95,Q-Learning,D17,"(64, 55)",72,19.0
95,Q-Learning,D20,"(19, 84)",63,29.0
95,Q-Learning,D21,"(100, 12)",62,25.0
95,Q-Learning,D22,"(9, 91)",64,29.0
95,Q-Learning,D23,"(45, 89)",57,16.0
95,Q-Learning,D25,"(11, 94)",62,17.0
95,Q-Learning,D27,"(6, 51)",53,14.0
95,Q-Learning,D28,"(54, 36)",47,18.0
95,Q-Learning,D29,"(29, 98)",48,16.0
95,Q-Learning,D30,"(0, 34)",49,13.0
95,Q-Learning,D31,"(26, 64)",39,19.0
95,Q-Learning,D32,"(1, 68)",47,25.0
95,Q-Learning,D35,"(78, 70)",43,13.0
95,Q-Learning,D37,"(91, 100)",33,29.0
95,Q-Learning,D38,"(77, 22)",35,25.0
95,Q-Learning,D39,"(0, 62)",33,10.0
95,Q-Learning,D40,"(20, 2)",22,19.0
95,Q-Learning,D41,"(61, 86)",22,23.0
95,Q-Learning,D42,"(27, 15)",26,30.0
95,Q-Learning,D43,"(63, 14)",24,15.0
95,Q-Learning,D44,"(8, 20)",21,19.0
95,Q-Learning,D45,"(44, 82)",14,18.0
95,Q-Learning,D46,"(20, 49)",11,28.0
95,Q-Learning,D47,"(40, 55)",8,14.0
95,Q-Learning,D48,"(17, 65)",11,12.0
96,Greedy,D14,"(96, 9)",75,22.0
96,Greedy,D16,"(97, 84)",71,24.0
96,Greedy,D18,"(30, 36)",74,22.0
96,Greedy,D20,"(19, 84)",64,29.0
96,Greedy,D21,"(100, 12)",63,25.0
96,Greedy,D22,"(9, 91)",65,29.0
96,Greedy,D23,"(45, 89)",58,16.0
96,Greedy,D25,"(11, 94)",63,17.0
96,Greedy,D27,"(6, 51)",54,14.0
96,Greedy,D28,"(54, 36)",48,18.0
96,Greedy,D29,"(29, 98)",49,16.0
96,Greedy,D30,"(0, 34)",50,13.0
96,Greedy,D31,"(26, 64)",40,19.0
96,Greedy,D32,"(1, 68)",48,25.0
96,Greedy,D33,"(40, 23)",45,13.0
96,Greedy,D34,"(52, 13)",46,20.0
96,Greedy,D35,"(78, 70)",44,13.0
96,Greedy,D37,"(91, 100)",34,29.0
96,Greedy,D38,"(77, 22)",36,25.0
96,Greedy,D39,"(0, 62)",34,10.0
96,Greedy,D40,"(20, 2)",23,19.0
96,Greedy,D41,"(61, 86)",23,23.0
96,Greedy,D42,"(27, 15)",27,30.0
96,Greedy,D43,"(63, 14)",25,15.0
96,Greedy,D44,"(8, 20)",22,19.0
96,Greedy,D45,"(44, 82)",15,18.0
96,Greedy,D46,"(20, 49)",12,28.0
96,Greedy,D47,"(40, 55)",9,14.0
96,Greedy,D48,"(17, 65)",12,12.0
96,Auction,D16,"(97, 84)",71,24.0
96,Auction,D17,"(64, 55)",73,19.0
96,Auction,D20,"(19, 84)",64,29.0
96,Auction,D21,"(100, 12)",63,25.0
96,Auction,D22,"(9, 91)",65,29.0
96,Auction,D25,"(11, 94)",63,17.0
96,Auction,D27,"(6, 51)",54,14.0
96,Auction,D28,"(54, 36)",48,18.0
96,Auction,D30,"(0, 34)",50,13.0
96,Auction,D31,"(26, 64)",40,19.0
96,Auction,D32,"(1, 68)",48,25.0
96,Auction,D33,"(40, 23)",45,13.0
96,Auction,D34,"(52, 13)",46,20.0
96,Auction,D35,"(78, 70)",44,13.0
96,Auction,D36,"(52, 31)",33,10.0
96,Auction,D37,"(91, 100)",34,29.0
96,Auction,D38,"(77, 22)",36,25.0
96,Auction,D39,"(0, 62)",34,10.0
96,Auction,D40,"(20, 2)",23,19.0
96,Auction,D41,"(61, 86)",23,23.0
96,Auction,D42,"(27, 15)",27,30.0
96,Auction,D43,"(63, 14)",25,15.0
96,Auction,D44,"(8, 20)",22,19.0
96,Auction,D45,"(44, 82)",15,18.0
96,Auction,D46,"(20, 49)",12,28.0
96,Auction,D47,"(40, 55)",9,14.0
96,Auction,D48,"(17, 65)",12,12.0
96,Q-Learning,D16,"(97, 84)",71,24.0
96,Q-Learning,D17,"(64, 55)",73,19.0
96,Q-Learning,D20,"(19, 84)",64,29.0
96,Q-Learning,D21,"(100, 12)",63,25.0
96,Q-Learning,D22,"(9, 91)",65,29.0
96,Q-Learning,D23,"(45, 89)",58,16.0
96,Q-Learning,D25,"(11, 94)",63,17.0
96,Q-Learning,D27,"(6, 51)",54,14.0
96,Q-Learning,D28,"(54, 36)",48,18.0
96,Q-Learning,D29,"(29, 98)",49,16.0
96,Q-Learning,D30,"(0, 34)",50,13.0
96,Q-Learning,D31,"(26, 64)",40,19.0
96,Q-Learning,D32,"(1, 68)",48,25.0
96,Q-Learning,D35,"(78, 70)",44,13.0
96,Q-Learning,D37,"(91, 100)",34,29.0
96,Q-Learning,D38,"(77, 22)",36,25.0
96,Q-Learning,D39,"(0, 62)",34,10.0
96,Q-Learning,D40,"(20, 2)",23,19.0
96,Q-Learning,D41,"(61, 86)",23,23.0
96,Q-Learning,D42,"(27, 15)",27,30.0
96,Q-Learning,D43,"(63, 14)",25,15.0
96,Q-Learning,D44,"(8, 20)",22,19.0
96,Q-Learning,D45,"(44, 82)",15,18.0
96,Q-Learning,D46,"(20, 49)",12,28.0
96,Q-Learning,D47,"(40, 55)",9,14.0
96,Q-Learning,D48,"(17, 65)",12,12.0
97,Greedy,D14,"(96, 9)",76,22.0
97,Greedy,D16,"(97, 84)",72,24.0
97,Greedy,D18,"(30, 36)",75,22.0
97,Greedy,D20,"(19, 84)",65,29.0
97,Greedy,D21,"(100, 12)",64,25.0
97,Greedy,D22,"(9, 91)",66,29.0
97,Greedy,D23,"(45, 89)",59,16.0
97,Greedy,D25,"(11, 94)",64,17.0
97,Greedy,D27,"(6, 51)",55,14.0
97,Greedy,D28,"(54, 36)",49,18.0
97,Greedy,D29,"(29, 98)",50,16.0
97,Greedy,D30,"(0, 34)",51,13.0
97,Greedy,D31,"(26, 64)",41,19.0
97,Greedy,D32,"(1, 68)",49,25.0
97,Greedy,D33,"(40, 23)",46,13.0
97,Greedy,D34,"(52, 13)",47,20.0
97,Greedy,D35,"(78, 70)",45,13.0
97,Greedy,D37,"(91, 100)",35,29.0
97,Greedy,D38,"(77, 22)",37,25.0
97,Greedy,D39,"(0, 62)",35,10.0
97,Greedy,D40,"(20, 2)",24,19.0
97,Greedy,D41,"(61, 86)",24,23.0
97,Greedy,D42,"(27, 15)",28,30.0
97,Greedy,D43,"(63, 14)",26,15.0
97,Greedy,D44,"(8, 20)",23,19.0
97,Greedy,D45,"(44, 82)",16,18.0
97,Greedy,D46,"(20, 49)",13,28.0
97,Greedy,D47,"(40, 55)",10,14.0
97,Greedy,D48,"(17, 65)",13,12.0
97,Greedy,D49,"(86, 64)",3,27.0
97,Auction,D16,"(97, 84)",72,24.0
97,Auction,D17,"(64, 55)",74,19.0
97,Auction,D20,"(19, 84)",65,29.0
97,Auction,D21,"(100, 12)",64,25.0
97,Auction,D22,"(9, 91)",66,29.0
97,Auction,D25,"(11, 94)",64,17.0
97,Auction,D27,"(6, 51)",55,14.0
97,Auction,D28,"(54, 36)",49,18.0
97,Auction,D30,"(0, 34)",51,13.0
97,Auction,D31,"(26, 64)",41,19.0
97,Auction,D32,"(1, 68)",49,25.0
97,Auction,D33,"(40, 23)",46,13.0
97,Auction,D34,"(52, 13)",47,20.0
97,Auction,D35,"(78, 70)",45,13.0
97,Auction,D36,"(52, 31)",34,10.0
97,Auction,D37,"(91, 100)",35,29.0
97,Auction,D38,"(77, 22)",37,25.0
97,Auction,D39,"(0, 62)",35,10.0
97,Auction,D40,"(20, 2)",24,19.0
97,Auction,D41,"(61, 86)",24,23.0
97,Auction,D42,"(27, 15)",28,30.0
97,Auction,D43,"(63, 14)",26,15.0
97,Auction,D44,"(8, 20)",23,19.0
97,Auction,D45,"(44, 82)",16,18.0
97,Auction,D46,"(20, 49)",13,28.0
97,Auction,D47,"(40, 55)",10,14.0
97,Auction,D48,"(17, 65)",13,12.0
97,Auction,D49,"(86, 64)",3,27.0
97,Q-Learning,D16,"(97, 84)",72,24.0
97,Q-Learning,D17,"(64, 55)",74,19.0
97,Q-Learning,D20,"(19, 84)",65,29.0
97,Q-Learning,D21,"(100, 12)",64,25.0
97,Q-Learning,D22,"(9, 91)",66,29.0
97,Q-Learning,D23,"(45, 89)",59,16.0
97,Q-Learning,D25,"(11, 94)",64,17.0
97,Q-Learning,D27,"(6, 51)",55,14.0
97,Q-Learning,D28,"(54, 36)",49,18.0
97,Q-Learning,D29,"(29, 98)",50,16.0
97,Q-Learning,D30,"(0, 34)",51,13.0
97,Q-Learning,D31,"(26, 64)",41,19.0
97,Q-Learning,D32,"(1, 68)",49,25.0
97,Q-Learning,D35,"(78, 70)",45,13.0
97,Q-Learning,D37,"(91, 100)",35,29.0
97,Q-Learning,D38,"(77, 22)",37,25.0
97,Q-Learning,D39,"(0, 62)",35,10.0
97,Q-Learning,D40,"(20, 2)",24,19.0
97,Q-Learning,D41,"(61, 86)",24,23.0
97,Q-Learning,D42,"(27, 15)",28,30.0
97,Q-Learning,D43,"(63, 14)",26,15.0
97,Q-Learning,D44,"(8, 20)",23,19.0
97,Q-Learning,D45,"(44, 82)",16,18.0
97,Q-Learning,D46,"(20, 49)",13,28.0
97,Q-Learning,D47,"(40, 55)",10,14.0
97,Q-Learning,D48,"(17, 65)",13,12.0
97,Q-Learning,D49,"(86, 64)",3,27.0
98,Greedy,D14,"(96, 9)",77,22.0
98,Greedy,D16,"(97, 84)",73,24.0
98,Greedy,D18,"(30, 36)",76,22.0
98,Greedy,D20,"(19, 84)",66,29.0
98,Greedy,D21,"(100, 12)",65,25.0
98,Greedy,D22,"(9, 91)",67,29.0
98,Greedy,D23,"(45, 89)",60,16.0
98,Greedy,D25,"(11, 94)",65,17.0
98,Greedy,D27,"(6, 51)",56,14.0
98,Greedy,D28,"(54, 36)",50,18.0
98,Greedy,D29,"(29, 98)",51,16.0
98,Greedy,D30,"(0, 34)",52,13.0
98,Greedy,D31,"(26, 64)",42,19.0
98,Greedy,D32,"(1, 68)",50,25.0
98,Greedy,D33,"(40, 23)",47,13.0
98,Greedy,D34,"(52, 13)",48,20.0
98,Greedy,D35,"(78, 70)",46,13.0
98,Greedy,D37,"(91, 100)",36,29.0
98,Greedy,D38,"(77, 22)",38,25.0
98,Greedy,D39,"(0, 62)",36,10.0
98,Greedy,D40,"(20, 2)",25,19.0
98,Greedy,D41,"(61, 86)",25,23.0
98,Greedy,D42,"(27, 15)",29,30.0
98,Greedy,D43,"(63, 14)",27,15.0
98,Greedy,D44,"(8, 20)",24,19.0
98,Greedy,D45,"(44, 82)",17,18.0
98,Greedy,D46,"(20, 49)",14,28.0
98,Greedy,D47,"(40, 55)",11,14.0
98,Greedy,D48,"(17, 65)",14,12.0
98,Greedy,D49,"(86, 64)",4,27.0
98,Greedy,D50,"(68, 82)",2,21.0
98,Auction,D16,"(97, 84)",73,24.0
98,Auction,D17,"(64, 55)",75,19.0
98,Auction,D20,"(19, 84)",66,29.0
98,Auction,D21,"(100, 12)",65,25.0
98,Auction,D22,"(9, 91)",67,29.0
98,Auction,D25,"(11, 94)",65,17.0
98,Auction,D27,"(6, 51)",56,14.0
98,Auction,D28,"(54, 36)",50,18.0
98,Auction,D30,"(0, 34)",52,13.0
98,Auction,D31,"(26, 64)",42,19.0
98,Auction,D32,"(1, 68)",50,25.0
98,Auction,D33,"(40, 23)",47,13.0
98,Auction,D34,"(52, 13)",48,20.0
98,Auction,D35,"(78, 70)",46,13.0
98,Auction,D36,"(52, 31)",35,10.0
98,Auction,D37,"(91, 100)",36,29.0
98,Auction,D38,"(77, 22)",38,25.0
98,Auction,D39,"(0, 62)",36,10.0
98,Auction,D40,"(20, 2)",25,19.0
98,Auction,D41,"(61, 86)",25,23.0
98,Auction,D42,"(27, 15)",29,30.0
98,Auction,D43,"(63, 14)",27,15.0
98,Auction,D44,"(8, 20)",24,19.0
98,Auction,D45,"(44, 82)",17,18.0
98,Auction,D46,"(20, 49)",14,28.0
98,Auction,D47,"(40, 55)",11,14.0
98,Auction,D48,"(17, 65)",14,12.0
98,Auction,D49,"(86, 64)",4,27.0
98,Auction,D50,"(68, 82)",2,21.0
98,Q-Learning,D16,"(97, 84)",73,24.0
98,Q-Learning,D17,"(64, 55)",75,19.0
98,Q-Learning,D20,"(19, 84)",66,29.0
98,Q-Learning,D21,"(100, 12)",65,25.0
98,Q-Learning,D22,"(9, 91)",67,29.0
98,Q-Learning,D23,"(45, 89)",60,16.0
98,Q-Learning,D25,"(11, 94)",65,17.0
98,Q-Learning,D27,"(6, 51)",56,14.0
98,Q-Learning,D28,"(54, 36)",50,18.0
98,Q-Learning,D29,"(29, 98)",51,16.0
98,Q-Learning,D30,"(0, 34)",52,13.0
98,Q-Learning,D31,"(26, 64)",42,19.0
98,Q-Learning,D32,"(1, 68)",50,25.0
98,Q-Learning,D35,"(78, 70)",46,13.0
98,Q-Learning,D37,"(91, 100)",36,29.0
98,Q-Learning,D38,"(77, 22)",38,25.0
98,Q-Learning,D39,"(0, 62)",36,10.0
98,Q-Learning,D40,"(20, 2)",25,19.0
98,Q-Learning,D41,"(61, 86)",25,23.0
98,Q-Learning,D42,"(27, 15)",29,30.0
98,Q-Learning,D43,"(63, 14)",27,15.0
98,Q-Learning,D44,"(8, 20)",24,19.0
98,Q-Learning,D45,"(44, 82)",17,18.0
98,Q-Learning,D46,"(20, 49)",14,28.0
98,Q-Learning,D47,"(40, 55)",11,14.0
98,Q-Learning,D48,"(17, 65)",14,12.0
98,Q-Learning,D49,"(86, 64)",4,27.0
98,Q-Learning,D50,"(68, 82)",2,21.0
99,Greedy,D14,"(96, 9)",78,22.0
99,Greedy,D16,"(97, 84)",74,24.0
99,Greedy,D18,"(30, 36)",77,22.0
99,Greedy,D20,"(19, 84)",67,29.0
99,Greedy,D21,"(100, 12)",66,25.0
99,Greedy,D22,"(9, 91)",68,29.0
99,Greedy,D23,"(45, 89)",61,16.0
99,Greedy,D25,"(11, 94)",66,17.0
99,Greedy,D27,"(6, 51)",57,14.0
99,Greedy,D28,"(54, 36)",51,18.0
99,Greedy,D29,"(29, 98)",52,16.0
99,Greedy,D30,"(0, 34)",53,13.0
99,Greedy,D31,"(26, 64)",43,19.0
99,Greedy,D32,"(1, 68)",51,25.0
99,Greedy,D33,"(40, 23)",48,13.0
99,Greedy,D34,"(52, 13)",49,20.0
99,Greedy,D35,"(78, 70)",47,13.0
99,Greedy,D37,"(91, 100)",37,29.0
99,Greedy,D38,"(77, 22)",39,25.0
99,Greedy,D39,"(0, 62)",37,10.0
99,Greedy,D40,"(20, 2)",26,19.0
99,Greedy,D41,"(61, 86)",26,23.0
99,Greedy,D42,"(27, 15)",30,30.0
99,Greedy,D43,"(63, 14)",28,15.0
99,Greedy,D44,"(8, 20)",25,19.0
99,Greedy,D45,"(44, 82)",18,18.0
99,Greedy,D46,"(20, 49)",15,28.0
99,Greedy,D47,"(40, 55)",12,14.0
99,Greedy,D48,"(17, 65)",15,12.0
99,Greedy,D49,"(86, 64)",5,27.0
99,Greedy,D50,"(68, 82)",3,21.0
99,Auction,D16,"(97, 84)",74,24.0
99,Auction,D17,"(64, 55)",76,19.0
99,Auction,D20,"(19, 84)",67,29.0
99,Auction,D21,"(100, 12)",66,25.0
99,Auction,D22,"(9, 91)",68,29.0
99,Auction,D25,"(11, 94)",66,17.0
99,Auction,D27,"(6, 51)",57,14.0
99,Auction,D28,"(54, 36)",51,18.0
99,Auction,D30,"(0, 34)",53,13.0
99,Auction,D31,"(26, 64)",43,19.0
99,Auction,D32,"(1, 68)",51,25.0
99,Auction,D33,"(40, 23)",48,13.0
99,Auction,D34,"(52, 13)",49,20.0
99,Auction,D35,"(78, 70)",47,13.0
99,Auction,D36,"(52, 31)",36,10.0
99,Auction,D37,"(91, 100)",37,29.0
99,Auction,D38,"(77, 22)",39,25.0
99,Auction,D39,"(0, 62)",37,10.0
99,Auction,D40,"(20, 2)",26,19.0
99,Auction,D41,"(61, 86)",26,23.0
99,Auction,D42,"(27, 15)",30,30.0
99,Auction,D43,"(63, 14)",28,15.0
99,Auction,D44,"(8, 20)",25,19.0
99,Auction,D45,"(44, 82)",18,18.0
99,Auction,D46,"(20, 49)",15,28.0
99,Auction,D47,"(40, 55)",12,14.0
99,Auction,D48,"(17, 65)",15,12.0
99,Auction,D49,"(86, 64)",5,27.0
99,Auction,D50,"(68, 82)",3,21.0
99,Q-Learning,D16,"(97, 84)",74,24.0
99,Q-Learning,D17,"(64, 55)",76,19.0
99,Q-Learning,D20,"(19, 84)",67,29.0
99,Q-Learning,D21,"(100, 12)",66,25.0
99,Q-Learning,D22,"(9, 91)",68,29.0
99,Q-Learning,D23,"(45, 89)",61,16.0
99,Q-Learning,D25,"(11, 94)",66,17.0
99,Q-Learning,D27,"(6, 51)",57,14.0
99,Q-Learning,D28,"(54, 36)",51,18.0
99,Q-Learning,D29,"(29, 98)",52,16.0
99,Q-Learning,D30,"(0, 34)",53,13.0
99,Q-Learning,D31,"(26, 64)",43,19.0
99,Q-Learning,D32,"(1, 68)",51,25.0
99,Q-Learning,D35,"(78, 70)",47,13.0
99,Q-Learning,D37,"(91, 100)",37,29.0
99,Q-Learning,D38,"(77, 22)",39,25.0
99,Q-Learning,D39,"(0, 62)",37,10.0
99,Q-Learning,D40,"(20, 2)",26,19.0
99,Q-Learning,D41,"(61, 86)",26,23.0
99,Q-Learning,D42,"(27, 15)",30,30.0
99,Q-Learning,D43,"(63, 14)",28,15.0
99,Q-Learning,D44,"(8, 20)",25,19.0
99,Q-Learning,D45,"(44, 82)",18,18.0
99,Q-Learning,D46,"(20, 49)",15,28.0
99,Q-Learning,D47,"(40, 55)",12,14.0
99,Q-Learning,D48,"(17, 65)",15,12.0
99,Q-Learning,D49,"(86, 64)",5,27.0
99,Q-Learning,D50,"(68, 82)",3,21.0
