time_step,method,task_id,position,urgency,duration
0,Greedy,T1,"(65, 67)",5,16.0
0,Greedy,T2,"(27, 56)",4,20.0
0,Greedy,T3,"(64, 64)",3,11.0
0,Greedy,T4,"(61, 70)",5,21.0
0,Greedy,T5,"(93, 10)",10,11.0
0,Greedy,T6,"(71, 54)",10,18.0
0,Greedy,T7,"(43, 20)",10,30.0
0,Greedy,T8,"(99, 26)",8,26.0
0,Greedy,T9,"(38, 14)",6,20.0
0,Greedy,T10,"(61, 13)",6,22.0
0,Auction,T1,"(65, 67)",5,16.0
0,Auction,T2,"(27, 56)",4,20.0
0,Auction,T3,"(64, 64)",3,11.0
0,Auction,T4,"(61, 70)",5,21.0
0,Auction,T5,"(93, 10)",10,11.0
0,Auction,T6,"(71, 54)",10,18.0
0,Auction,T7,"(43, 20)",10,30.0
0,Auction,T8,"(99, 26)",8,26.0
0,Auction,T9,"(38, 14)",6,20.0
0,Auction,T10,"(61, 13)",6,22.0
0,Q-Learning,T1,"(65, 67)",5,16.0
0,Q-Learning,T2,"(27, 56)",4,20.0
0,Q-Learning,T3,"(64, 64)",3,11.0
0,Q-Learning,T4,"(61, 70)",5,21.0
0,Q-Learning,T5,"(93, 10)",10,11.0
0,Q-Learning,T6,"(71, 54)",10,18.0
0,Q-Learning,T7,"(43, 20)",10,30.0
0,Q-Learning,T8,"(99, 26)",8,26.0
0,Q-Learning,T9,"(38, 14)",6,20.0
0,Q-Learning,T10,"(61, 13)",6,22.0
1,Greedy,T3,"(64, 64)",4,11.0
1,Auction,T3,"(64, 64)",4,11.0
1,Q-Learning,T3,"(64, 64)",4,11.0
2,Greedy,T3,"(64, 64)",5,11.0
2,Greedy,D2,"(95, 66)",4,10.0
2,Auction,T3,"(64, 64)",5,11.0
2,Auction,D2,"(95, 66)",4,10.0
2,Q-Learning,T3,"(64, 64)",5,11.0
2,Q-Learning,D2,"(95, 66)",4,10.0
3,Greedy,T3,"(64, 64)",6,11.0
3,Greedy,D2,"(95, 66)",5,10.0
3,Auction,T3,"(64, 64)",6,11.0
3,Auction,D2,"(95, 66)",5,10.0
3,Q-Learning,T3,"(64, 64)",6,11.0
3,Q-Learning,D2,"(95, 66)",5,10.0
4,Greedy,T3,"(64, 64)",7,11.0
4,Greedy,D2,"(95, 66)",6,10.0
4,Auction,T3,"(64, 64)",7,11.0
4,Auction,D2,"(95, 66)",6,10.0
4,Q-Learning,T3,"(64, 64)",7,11.0
4,Q-Learning,D2,"(95, 66)",6,10.0
5,Greedy,T3,"(64, 64)",8,11.0
5,Greedy,D2,"(95, 66)",7,10.0
5,Auction,T3,"(64, 64)",8,11.0
5,Auction,D2,"(95, 66)",7,10.0
5,Q-Learning,T3,"(64, 64)",8,11.0
5,Q-Learning,D2,"(95, 66)",7,10.0
6,Greedy,T3,"(64, 64)",9,11.0
6,Greedy,D2,"(95, 66)",8,10.0
6,Greedy,D3,"(59, 80)",9,24.0
6,Auction,T3,"(64, 64)",9,11.0
6,Auction,D2,"(95, 66)",8,10.0
6,Auction,D3,"(59, 80)",9,24.0
6,Q-Learning,T3,"(64, 64)",9,11.0
6,Q-Learning,D2,"(95, 66)",8,10.0
6,Q-Learning,D3,"(59, 80)",9,24.0
7,Greedy,T3,"(64, 64)",10,11.0
7,Greedy,D2,"(95, 66)",9,10.0
7,Greedy,D3,"(59, 80)",10,24.0
7,Auction,T3,"(64, 64)",10,11.0
7,Auction,D2,"(95, 66)",9,10.0
7,Auction,D3,"(59, 80)",10,24.0
7,Q-Learning,T3,"(64, 64)",10,11.0
7,Q-Learning,D2,"(95, 66)",9,10.0
7,Q-Learning,D3,"(59, 80)",10,24.0
8,Greedy,T3,"(64, 64)",11,11.0
8,Greedy,D2,"(95, 66)",10,10.0
8,Greedy,D3,"(59, 80)",11,24.0
8,Auction,T3,"(64, 64)",11,11.0
8,Auction,D2,"(95, 66)",10,10.0
8,Auction,D3,"(59, 80)",11,24.0
8,Q-Learning,T3,"(64, 64)",11,11.0
8,Q-Learning,D2,"(95, 66)",10,10.0
8,Q-Learning,D3,"(59, 80)",11,24.0
9,Greedy,T3,"(64, 64)",12,11.0
9,Greedy,D2,"(95, 66)",11,10.0
9,Greedy,D3,"(59, 80)",12,24.0
9,Auction,T3,"(64, 64)",12,11.0
9,Auction,D2,"(95, 66)",11,10.0
9,Auction,D3,"(59, 80)",12,24.0
9,Q-Learning,T3,"(64, 64)",12,11.0
9,Q-Learning,D2,"(95, 66)",11,10.0
9,Q-Learning,D3,"(59, 80)",12,24.0
10,Greedy,T3,"(64, 64)",13,11.0
10,Greedy,D2,"(95, 66)",12,10.0
10,Greedy,D3,"(59, 80)",13,24.0
10,Auction,T3,"(64, 64)",13,11.0
10,Auction,D2,"(95, 66)",12,10.0
10,Auction,D3,"(59, 80)",13,24.0
10,Q-Learning,T3,"(64, 64)",13,11.0
10,Q-Learning,D2,"(95, 66)",12,10.0
10,Q-Learning,D3,"(59, 80)",13,24.0
11,Greedy,T3,"(64, 64)",14,11.0
11,Greedy,D2,"(95, 66)",13,10.0
11,Greedy,D3,"(59, 80)",14,24.0
11,Greedy,D4,"(16, 25)",9,30.0
11,Auction,T3,"(64, 64)",14,11.0
11,Auction,D2,"(95, 66)",13,10.0
11,Auction,D3,"(59, 80)",14,24.0
11,Auction,D4,"(16, 25)",9,30.0
11,Q-Learning,T3,"(64, 64)",14,11.0
11,Q-Learning,D2,"(95, 66)",13,10.0
11,Q-Learning,D3,"(59, 80)",14,24.0
11,Q-Learning,D4,"(16, 25)",9,30.0
12,Greedy,T3,"(64, 64)",15,11.0
12,Greedy,D2,"(95, 66)",14,10.0
12,Greedy,D3,"(59, 80)",15,24.0
12,Greedy,D4,"(16, 25)",10,30.0
12,Auction,T3,"(64, 64)",15,11.0
12,Auction,D2,"(95, 66)",14,10.0
12,Auction,D3,"(59, 80)",15,24.0
12,Auction,D4,"(16, 25)",10,30.0
12,Q-Learning,T3,"(64, 64)",15,11.0
12,Q-Learning,D2,"(95, 66)",14,10.0
12,Q-Learning,D3,"(59, 80)",15,24.0
12,Q-Learning,D4,"(16, 25)",10,30.0
13,Greedy,T3,"(64, 64)",16,11.0
13,Greedy,D2,"(95, 66)",15,10.0
13,Greedy,D3,"(59, 80)",16,24.0
13,Greedy,D4,"(16, 25)",11,30.0
13,Auction,T3,"(64, 64)",16,11.0
13,Auction,D2,"(95, 66)",15,10.0
13,Auction,D3,"(59, 80)",16,24.0
13,Auction,D4,"(16, 25)",11,30.0
13,Q-Learning,T3,"(64, 64)",16,11.0
13,Q-Learning,D2,"(95, 66)",15,10.0
13,Q-Learning,D3,"(59, 80)",16,24.0
13,Q-Learning,D4,"(16, 25)",11,30.0
14,Greedy,T3,"(64, 64)",17,11.0
14,Greedy,D2,"(95, 66)",16,10.0
14,Greedy,D3,"(59, 80)",17,24.0
14,Greedy,D4,"(16, 25)",12,30.0
14,Greedy,D5,"(3, 3)",8,20.0
14,Auction,T3,"(64, 64)",17,11.0
14,Auction,D2,"(95, 66)",16,10.0
14,Auction,D3,"(59, 80)",17,24.0
14,Auction,D4,"(16, 25)",12,30.0
14,Auction,D5,"(3, 3)",8,20.0
14,Q-Learning,T3,"(64, 64)",17,11.0
14,Q-Learning,D2,"(95, 66)",16,10.0
14,Q-Learning,D3,"(59, 80)",17,24.0
14,Q-Learning,D4,"(16, 25)",12,30.0
14,Q-Learning,D5,"(3, 3)",8,20.0
15,Greedy,T3,"(64, 64)",18,11.0
15,Greedy,D2,"(95, 66)",17,10.0
15,Greedy,D3,"(59, 80)",18,24.0
15,Greedy,D4,"(16, 25)",13,30.0
15,Greedy,D5,"(3, 3)",9,20.0
15,Greedy,D6,"(69, 20)",2,15.0
15,Auction,T3,"(64, 64)",18,11.0
15,Auction,D2,"(95, 66)",17,10.0
15,Auction,D3,"(59, 80)",18,24.0
15,Auction,D4,"(16, 25)",13,30.0
15,Auction,D5,"(3, 3)",9,20.0
15,Auction,D6,"(69, 20)",2,15.0
15,Q-Learning,T3,"(64, 64)",18,11.0
15,Q-Learning,D2,"(95, 66)",17,10.0
15,Q-Learning,D3,"(59, 80)",18,24.0
15,Q-Learning,D4,"(16, 25)",13,30.0
15,Q-Learning,D5,"(3, 3)",9,20.0
15,Q-Learning,D6,"(69, 20)",2,15.0
16,Greedy,T3,"(64, 64)",19,11.0
16,Greedy,D2,"(95, 66)",18,10.0
16,Greedy,D3,"(59, 80)",19,24.0
16,Greedy,D4,"(16, 25)",14,30.0
16,Greedy,D5,"(3, 3)",10,20.0
16,Greedy,D6,"(69, 20)",3,15.0
16,Auction,T3,"(64, 64)",19,11.0
16,Auction,D2,"(95, 66)",18,10.0
16,Auction,D3,"(59, 80)",19,24.0
16,Auction,D4,"(16, 25)",14,30.0
16,Auction,D5,"(3, 3)",10,20.0
16,Auction,D6,"(69, 20)",3,15.0
16,Q-Learning,T3,"(64, 64)",19,11.0
16,Q-Learning,D2,"(95, 66)",18,10.0
16,Q-Learning,D3,"(59, 80)",19,24.0
16,Q-Learning,D4,"(16, 25)",14,30.0
16,Q-Learning,D5,"(3, 3)",10,20.0
16,Q-Learning,D6,"(69, 20)",3,15.0
17,Greedy,T3,"(64, 64)",20,11.0
17,Greedy,D2,"(95, 66)",19,10.0
17,Greedy,D3,"(59, 80)",20,24.0
17,Greedy,D4,"(16, 25)",15,30.0
17,Greedy,D5,"(3, 3)",11,20.0
17,Greedy,D6,"(69, 20)",4,15.0
17,Greedy,D7,"(85, 26)",9,13.0
17,Auction,T3,"(64, 64)",20,11.0
17,Auction,D2,"(95, 66)",19,10.0
17,Auction,D3,"(59, 80)",20,24.0
17,Auction,D4,"(16, 25)",15,30.0
17,Auction,D5,"(3, 3)",11,20.0
17,Auction,D6,"(69, 20)",4,15.0
17,Auction,D7,"(85, 26)",9,13.0
17,Q-Learning,T3,"(64, 64)",20,11.0
17,Q-Learning,D2,"(95, 66)",19,10.0
17,Q-Learning,D3,"(59, 80)",20,24.0
17,Q-Learning,D4,"(16, 25)",15,30.0
17,Q-Learning,D5,"(3, 3)",11,20.0
17,Q-Learning,D6,"(69, 20)",4,15.0
17,Q-Learning,D7,"(85, 26)",9,13.0
18,Greedy,T3,"(64, 64)",21,11.0
18,Greedy,D2,"(95, 66)",20,10.0
18,Greedy,D3,"(59, 80)",21,24.0
18,Greedy,D4,"(16, 25)",16,30.0
18,Greedy,D5,"(3, 3)",12,20.0
18,Greedy,D6,"(69, 20)",5,15.0
18,Greedy,D7,"(85, 26)",10,13.0
18,Greedy,D8,"(50, 67)",9,20.0
18,Auction,T3,"(64, 64)",21,11.0
18,Auction,D2,"(95, 66)",20,10.0
18,Auction,D3,"(59, 80)",21,24.0
18,Auction,D4,"(16, 25)",16,30.0
18,Auction,D5,"(3, 3)",12,20.0
18,Auction,D6,"(69, 20)",5,15.0
18,Auction,D7,"(85, 26)",10,13.0
18,Auction,D8,"(50, 67)",9,20.0
18,Q-Learning,T3,"(64, 64)",21,11.0
18,Q-Learning,D2,"(95, 66)",20,10.0
18,Q-Learning,D3,"(59, 80)",21,24.0
18,Q-Learning,D4,"(16, 25)",16,30.0
18,Q-Learning,D5,"(3, 3)",12,20.0
18,Q-Learning,D6,"(69, 20)",5,15.0
18,Q-Learning,D7,"(85, 26)",10,13.0
18,Q-Learning,D8,"(50, 67)",9,20.0
19,Greedy,T3,"(64, 64)",22,11.0
19,Greedy,D2,"(95, 66)",21,10.0
19,Greedy,D3,"(59, 80)",22,24.0
19,Greedy,D4,"(16, 25)",17,30.0
19,Greedy,D5,"(3, 3)",13,20.0
19,Greedy,D6,"(69, 20)",6,15.0
19,Greedy,D7,"(85, 26)",11,13.0
19,Greedy,D8,"(50, 67)",10,20.0
19,Auction,T3,"(64, 64)",22,11.0
19,Auction,D2,"(95, 66)",21,10.0
19,Auction,D3,"(59, 80)",22,24.0
19,Auction,D4,"(16, 25)",17,30.0
19,Auction,D5,"(3, 3)",13,20.0
19,Auction,D6,"(69, 20)",6,15.0
19,Auction,D7,"(85, 26)",11,13.0
19,Auction,D8,"(50, 67)",10,20.0
19,Q-Learning,T3,"(64, 64)",22,11.0
19,Q-Learning,D2,"(95, 66)",21,10.0
19,Q-Learning,D3,"(59, 80)",22,24.0
19,Q-Learning,D4,"(16, 25)",17,30.0
19,Q-Learning,D5,"(3, 3)",13,20.0
19,Q-Learning,D6,"(69, 20)",6,15.0
19,Q-Learning,D7,"(85, 26)",11,13.0
19,Q-Learning,D8,"(50, 67)",10,20.0
20,Greedy,D2,"(95, 66)",22,10.0
20,Greedy,D3,"(59, 80)",23,24.0
20,Greedy,D4,"(16, 25)",18,30.0
20,Greedy,D5,"(3, 3)",14,20.0
20,Greedy,D6,"(69, 20)",7,15.0
20,Greedy,D7,"(85, 26)",12,13.0
20,Greedy,D8,"(50, 67)",11,20.0
20,Greedy,D9,"(10, 46)",10,13.0
20,Auction,D2,"(95, 66)",22,10.0
20,Auction,D4,"(16, 25)",18,30.0
20,Auction,D5,"(3, 3)",14,20.0
20,Auction,D6,"(69, 20)",7,15.0
20,Auction,D7,"(85, 26)",12,13.0
20,Auction,D8,"(50, 67)",11,20.0
20,Auction,D9,"(10, 46)",10,13.0
20,Q-Learning,D2,"(95, 66)",22,10.0
20,Q-Learning,D3,"(59, 80)",23,24.0
20,Q-Learning,D4,"(16, 25)",18,30.0
20,Q-Learning,D5,"(3, 3)",14,20.0
20,Q-Learning,D6,"(69, 20)",7,15.0
20,Q-Learning,D7,"(85, 26)",12,13.0
20,Q-Learning,D8,"(50, 67)",11,20.0
20,Q-Learning,D9,"(10, 46)",10,13.0
21,Greedy,D4,"(16, 25)",19,30.0
21,Greedy,D5,"(3, 3)",15,20.0
21,Greedy,D6,"(69, 20)",8,15.0
21,Greedy,D7,"(85, 26)",13,13.0
21,Greedy,D8,"(50, 67)",12,20.0
21,Greedy,D9,"(10, 46)",11,13.0
21,Auction,D2,"(95, 66)",23,10.0
21,Auction,D5,"(3, 3)",15,20.0
21,Auction,D6,"(69, 20)",8,15.0
21,Auction,D7,"(85, 26)",13,13.0
21,Auction,D8,"(50, 67)",12,20.0
21,Auction,D9,"(10, 46)",11,13.0
21,Q-Learning,D3,"(59, 80)",24,24.0
21,Q-Learning,D4,"(16, 25)",19,30.0
21,Q-Learning,D5,"(3, 3)",15,20.0
21,Q-Learning,D6,"(69, 20)",8,15.0
21,Q-Learning,D7,"(85, 26)",13,13.0
21,Q-Learning,D8,"(50, 67)",12,20.0
21,Q-Learning,D9,"(10, 46)",11,13.0
22,Greedy,D4,"(16, 25)",20,30.0
22,Greedy,D5,"(3, 3)",16,20.0
22,Greedy,D6,"(69, 20)",9,15.0
22,Greedy,D7,"(85, 26)",14,13.0
22,Greedy,D8,"(50, 67)",13,20.0
22,Greedy,D9,"(10, 46)",12,13.0
22,Greedy,D10,"(92, 76)",5,15.0
22,Auction,D2,"(95, 66)",24,10.0
22,Auction,D5,"(3, 3)",16,20.0
22,Auction,D6,"(69, 20)",9,15.0
22,Auction,D7,"(85, 26)",14,13.0
22,Auction,D8,"(50, 67)",13,20.0
22,Auction,D10,"(92, 76)",5,15.0
22,Q-Learning,D4,"(16, 25)",20,30.0
22,Q-Learning,D5,"(3, 3)",16,20.0
22,Q-Learning,D6,"(69, 20)",9,15.0
22,Q-Learning,D7,"(85, 26)",14,13.0
22,Q-Learning,D9,"(10, 46)",12,13.0
22,Q-Learning,D10,"(92, 76)",5,15.0
23,Greedy,D4,"(16, 25)",21,30.0
23,Greedy,D5,"(3, 3)",17,20.0
23,Greedy,D6,"(69, 20)",10,15.0
23,Greedy,D7,"(85, 26)",15,13.0
23,Greedy,D8,"(50, 67)",14,20.0
23,Greedy,D9,"(10, 46)",13,13.0
23,Greedy,D10,"(92, 76)",6,15.0
23,Auction,D2,"(95, 66)",25,10.0
23,Auction,D6,"(69, 20)",10,15.0
23,Auction,D7,"(85, 26)",15,13.0
23,Auction,D8,"(50, 67)",14,20.0
23,Auction,D10,"(92, 76)",6,15.0
23,Q-Learning,D4,"(16, 25)",21,30.0
23,Q-Learning,D5,"(3, 3)",17,20.0
23,Q-Learning,D6,"(69, 20)",10,15.0
23,Q-Learning,D7,"(85, 26)",15,13.0
23,Q-Learning,D9,"(10, 46)",13,13.0
23,Q-Learning,D10,"(92, 76)",6,15.0
24,Greedy,D5,"(3, 3)",18,20.0
24,Greedy,D6,"(69, 20)",11,15.0
24,Greedy,D7,"(85, 26)",16,13.0
24,Greedy,D8,"(50, 67)",15,20.0
24,Greedy,D9,"(10, 46)",14,13.0
24,Greedy,D10,"(92, 76)",7,15.0
24,Greedy,D11,"(75, 87)",7,13.0
24,Auction,D2,"(95, 66)",26,10.0
24,Auction,D6,"(69, 20)",11,15.0
24,Auction,D8,"(50, 67)",15,20.0
24,Auction,D10,"(92, 76)",7,15.0
24,Auction,D11,"(75, 87)",7,13.0
24,Q-Learning,D4,"(16, 25)",22,30.0
24,Q-Learning,D5,"(3, 3)",18,20.0
24,Q-Learning,D6,"(69, 20)",11,15.0
24,Q-Learning,D7,"(85, 26)",16,13.0
24,Q-Learning,D9,"(10, 46)",14,13.0
24,Q-Learning,D10,"(92, 76)",7,15.0
24,Q-Learning,D11,"(75, 87)",7,13.0
25,Greedy,D6,"(69, 20)",12,15.0
25,Greedy,D7,"(85, 26)",17,13.0
25,Greedy,D8,"(50, 67)",16,20.0
25,Greedy,D9,"(10, 46)",15,13.0
25,Greedy,D10,"(92, 76)",8,15.0
25,Greedy,D11,"(75, 87)",8,13.0
25,Auction,D2,"(95, 66)",27,10.0
25,Auction,D6,"(69, 20)",12,15.0
25,Auction,D8,"(50, 67)",16,20.0
25,Auction,D10,"(92, 76)",8,15.0
25,Auction,D11,"(75, 87)",8,13.0
25,Q-Learning,D5,"(3, 3)",19,20.0
25,Q-Learning,D6,"(69, 20)",12,15.0
25,Q-Learning,D7,"(85, 26)",17,13.0
25,Q-Learning,D9,"(10, 46)",15,13.0
25,Q-Learning,D10,"(92, 76)",8,15.0
25,Q-Learning,D11,"(75, 87)",8,13.0
26,Greedy,D6,"(69, 20)",13,15.0
26,Greedy,D9,"(10, 46)",16,13.0
26,Greedy,D10,"(92, 76)",9,15.0
26,Greedy,D11,"(75, 87)",9,13.0
26,Auction,D2,"(95, 66)",28,10.0
26,Auction,D6,"(69, 20)",13,15.0
26,Auction,D10,"(92, 76)",9,15.0
26,Auction,D11,"(75, 87)",9,13.0
26,Q-Learning,D6,"(69, 20)",13,15.0
26,Q-Learning,D9,"(10, 46)",16,13.0
26,Q-Learning,D10,"(92, 76)",9,15.0
26,Q-Learning,D11,"(75, 87)",9,13.0
27,Greedy,D6,"(69, 20)",14,15.0
27,Greedy,D9,"(10, 46)",17,13.0
27,Greedy,D10,"(92, 76)",10,15.0
27,Greedy,D11,"(75, 87)",10,13.0
27,Auction,D2,"(95, 66)",29,10.0
27,Auction,D6,"(69, 20)",14,15.0
27,Auction,D10,"(92, 76)",10,15.0
27,Auction,D11,"(75, 87)",10,13.0
27,Q-Learning,D6,"(69, 20)",14,15.0
27,Q-Learning,D9,"(10, 46)",17,13.0
27,Q-Learning,D10,"(92, 76)",10,15.0
27,Q-Learning,D11,"(75, 87)",10,13.0
28,Greedy,D6,"(69, 20)",15,15.0
28,Greedy,D9,"(10, 46)",18,13.0
28,Greedy,D10,"(92, 76)",11,15.0
28,Greedy,D11,"(75, 87)",11,13.0
28,Auction,D2,"(95, 66)",30,10.0
28,Auction,D6,"(69, 20)",15,15.0
28,Auction,D10,"(92, 76)",11,15.0
28,Auction,D11,"(75, 87)",11,13.0
28,Q-Learning,D6,"(69, 20)",15,15.0
28,Q-Learning,D9,"(10, 46)",18,13.0
28,Q-Learning,D10,"(92, 76)",11,15.0
28,Q-Learning,D11,"(75, 87)",11,13.0
29,Greedy,D6,"(69, 20)",16,15.0
29,Greedy,D10,"(92, 76)",12,15.0
29,Greedy,D11,"(75, 87)",12,13.0
29,Greedy,D12,"(100, 43)",2,30.0
29,Auction,D2,"(95, 66)",31,10.0
29,Auction,D6,"(69, 20)",16,15.0
29,Auction,D10,"(92, 76)",12,15.0
29,Auction,D11,"(75, 87)",12,13.0
29,Auction,D12,"(100, 43)",2,30.0
29,Q-Learning,D6,"(69, 20)",16,15.0
29,Q-Learning,D9,"(10, 46)",19,13.0
29,Q-Learning,D10,"(92, 76)",12,15.0
29,Q-Learning,D11,"(75, 87)",12,13.0
29,Q-Learning,D12,"(100, 43)",2,30.0
30,Greedy,D6,"(69, 20)",17,15.0
30,Greedy,D10,"(92, 76)",13,15.0
30,Greedy,D11,"(75, 87)",13,13.0
30,Greedy,D12,"(100, 43)",3,30.0
30,Auction,D2,"(95, 66)",32,10.0
30,Auction,D6,"(69, 20)",17,15.0
30,Auction,D10,"(92, 76)",13,15.0
30,Auction,D11,"(75, 87)",13,13.0
30,Auction,D12,"(100, 43)",3,30.0
30,Q-Learning,D6,"(69, 20)",17,15.0
30,Q-Learning,D9,"(10, 46)",20,13.0
30,Q-Learning,D10,"(92, 76)",13,15.0
30,Q-Learning,D11,"(75, 87)",13,13.0
30,Q-Learning,D12,"(100, 43)",3,30.0
31,Greedy,D6,"(69, 20)",18,15.0
31,Greedy,D10,"(92, 76)",14,15.0
31,Greedy,D11,"(75, 87)",14,13.0
31,Greedy,D12,"(100, 43)",4,30.0
31,Greedy,D13,"(26, 56)",1,11.0
31,Auction,D2,"(95, 66)",33,10.0
31,Auction,D10,"(92, 76)",14,15.0
31,Auction,D11,"(75, 87)",14,13.0
31,Auction,D12,"(100, 43)",4,30.0
31,Auction,D13,"(26, 56)",1,11.0
31,Q-Learning,D9,"(10, 46)",21,13.0
31,Q-Learning,D10,"(92, 76)",14,15.0
31,Q-Learning,D11,"(75, 87)",14,13.0
31,Q-Learning,D12,"(100, 43)",4,30.0
31,Q-Learning,D13,"(26, 56)",1,11.0
32,Greedy,D6,"(69, 20)",19,15.0
32,Greedy,D10,"(92, 76)",15,15.0
32,Greedy,D11,"(75, 87)",15,13.0
32,Greedy,D12,"(100, 43)",5,30.0
32,Greedy,D13,"(26, 56)",2,11.0
32,Greedy,D14,"(56, 64)",9,30.0
32,Auction,D10,"(92, 76)",15,15.0
32,Auction,D11,"(75, 87)",15,13.0
32,Auction,D12,"(100, 43)",5,30.0
32,Auction,D13,"(26, 56)",2,11.0
32,Auction,D14,"(56, 64)",9,30.0
32,Q-Learning,D9,"(10, 46)",22,13.0
32,Q-Learning,D10,"(92, 76)",15,15.0
32,Q-Learning,D11,"(75, 87)",15,13.0
32,Q-Learning,D12,"(100, 43)",5,30.0
32,Q-Learning,D13,"(26, 56)",2,11.0
33,Greedy,D10,"(92, 76)",16,15.0
33,Greedy,D11,"(75, 87)",16,13.0
33,Greedy,D12,"(100, 43)",6,30.0
33,Greedy,D13,"(26, 56)",3,11.0
33,Greedy,D14,"(56, 64)",10,30.0
33,Greedy,D15,"(18, 45)",9,25.0
33,Auction,D10,"(92, 76)",16,15.0
33,Auction,D11,"(75, 87)",16,13.0
33,Auction,D12,"(100, 43)",6,30.0
33,Auction,D13,"(26, 56)",3,11.0
33,Auction,D14,"(56, 64)",10,30.0
33,Auction,D15,"(18, 45)",9,25.0
33,Q-Learning,D9,"(10, 46)",23,13.0
33,Q-Learning,D10,"(92, 76)",16,15.0
33,Q-Learning,D11,"(75, 87)",16,13.0
33,Q-Learning,D12,"(100, 43)",6,30.0
33,Q-Learning,D13,"(26, 56)",3,11.0
33,Q-Learning,D15,"(18, 45)",9,25.0
34,Greedy,D12,"(100, 43)",7,30.0
34,Greedy,D13,"(26, 56)",4,11.0
34,Greedy,D14,"(56, 64)",11,30.0
34,Greedy,D15,"(18, 45)",10,25.0
34,Auction,D10,"(92, 76)",17,15.0
34,Auction,D11,"(75, 87)",17,13.0
34,Auction,D12,"(100, 43)",7,30.0
34,Auction,D13,"(26, 56)",4,11.0
34,Auction,D14,"(56, 64)",11,30.0
34,Q-Learning,D9,"(10, 46)",24,13.0
34,Q-Learning,D10,"(92, 76)",17,15.0
34,Q-Learning,D11,"(75, 87)",17,13.0
34,Q-Learning,D12,"(100, 43)",7,30.0
34,Q-Learning,D13,"(26, 56)",4,11.0
34,Q-Learning,D15,"(18, 45)",10,25.0
35,Greedy,D12,"(100, 43)",8,30.0
35,Greedy,D13,"(26, 56)",5,11.0
35,Greedy,D14,"(56, 64)",12,30.0
35,Greedy,D15,"(18, 45)",11,25.0
35,Greedy,D16,"(15, 76)",10,28.0
35,Auction,D10,"(92, 76)",18,15.0
35,Auction,D11,"(75, 87)",18,13.0
35,Auction,D12,"(100, 43)",8,30.0
35,Auction,D13,"(26, 56)",5,11.0
35,Auction,D14,"(56, 64)",12,30.0
35,Auction,D16,"(15, 76)",10,28.0
35,Q-Learning,D10,"(92, 76)",18,15.0
35,Q-Learning,D12,"(100, 43)",8,30.0
35,Q-Learning,D13,"(26, 56)",5,11.0
35,Q-Learning,D15,"(18, 45)",11,25.0
35,Q-Learning,D16,"(15, 76)",10,28.0
36,Greedy,D12,"(100, 43)",9,30.0
36,Greedy,D13,"(26, 56)",6,11.0
36,Greedy,D14,"(56, 64)",13,30.0
36,Greedy,D15,"(18, 45)",12,25.0
36,Greedy,D16,"(15, 76)",11,28.0
36,Auction,D10,"(92, 76)",19,15.0
36,Auction,D11,"(75, 87)",19,13.0
36,Auction,D12,"(100, 43)",9,30.0
36,Auction,D13,"(26, 56)",6,11.0
36,Auction,D14,"(56, 64)",13,30.0
36,Auction,D16,"(15, 76)",11,28.0
36,Q-Learning,D10,"(92, 76)",19,15.0
36,Q-Learning,D12,"(100, 43)",9,30.0
36,Q-Learning,D13,"(26, 56)",6,11.0
36,Q-Learning,D15,"(18, 45)",12,25.0
36,Q-Learning,D16,"(15, 76)",11,28.0
37,Greedy,D12,"(100, 43)",10,30.0
37,Greedy,D13,"(26, 56)",7,11.0
37,Greedy,D14,"(56, 64)",14,30.0
37,Greedy,D15,"(18, 45)",13,25.0
37,Greedy,D16,"(15, 76)",12,28.0
37,Auction,D10,"(92, 76)",20,15.0
37,Auction,D11,"(75, 87)",20,13.0
37,Auction,D12,"(100, 43)",10,30.0
37,Auction,D13,"(26, 56)",7,11.0
37,Auction,D14,"(56, 64)",14,30.0
37,Auction,D16,"(15, 76)",12,28.0
37,Q-Learning,D10,"(92, 76)",20,15.0
37,Q-Learning,D12,"(100, 43)",10,30.0
37,Q-Learning,D13,"(26, 56)",7,11.0
37,Q-Learning,D15,"(18, 45)",13,25.0
37,Q-Learning,D16,"(15, 76)",12,28.0
38,Greedy,D12,"(100, 43)",11,30.0
38,Greedy,D13,"(26, 56)",8,11.0
38,Greedy,D14,"(56, 64)",15,30.0
38,Greedy,D15,"(18, 45)",14,25.0
38,Greedy,D16,"(15, 76)",13,28.0
38,Auction,D10,"(92, 76)",21,15.0
38,Auction,D11,"(75, 87)",21,13.0
38,Auction,D12,"(100, 43)",11,30.0
38,Auction,D13,"(26, 56)",8,11.0
38,Auction,D14,"(56, 64)",15,30.0
38,Q-Learning,D10,"(92, 76)",21,15.0
38,Q-Learning,D12,"(100, 43)",11,30.0
38,Q-Learning,D13,"(26, 56)",8,11.0
38,Q-Learning,D15,"(18, 45)",14,25.0
38,Q-Learning,D16,"(15, 76)",13,28.0
39,Greedy,D12,"(100, 43)",12,30.0
39,Greedy,D13,"(26, 56)",9,11.0
39,Greedy,D14,"(56, 64)",16,30.0
39,Greedy,D15,"(18, 45)",15,25.0
39,Greedy,D16,"(15, 76)",14,28.0
39,Auction,D10,"(92, 76)",22,15.0
39,Auction,D11,"(75, 87)",22,13.0
39,Auction,D12,"(100, 43)",12,30.0
39,Auction,D13,"(26, 56)",9,11.0
39,Auction,D14,"(56, 64)",16,30.0
39,Q-Learning,D12,"(100, 43)",12,30.0
39,Q-Learning,D13,"(26, 56)",9,11.0
39,Q-Learning,D15,"(18, 45)",15,25.0
39,Q-Learning,D16,"(15, 76)",14,28.0
40,Greedy,D12,"(100, 43)",13,30.0
40,Greedy,D13,"(26, 56)",10,11.0
40,Greedy,D14,"(56, 64)",17,30.0
40,Greedy,D15,"(18, 45)",16,25.0
40,Greedy,D16,"(15, 76)",15,28.0
40,Auction,D10,"(92, 76)",23,15.0
40,Auction,D11,"(75, 87)",23,13.0
40,Auction,D12,"(100, 43)",13,30.0
40,Auction,D13,"(26, 56)",10,11.0
40,Auction,D14,"(56, 64)",17,30.0
40,Q-Learning,D12,"(100, 43)",13,30.0
40,Q-Learning,D13,"(26, 56)",10,11.0
40,Q-Learning,D15,"(18, 45)",16,25.0
40,Q-Learning,D16,"(15, 76)",15,28.0
41,Greedy,D12,"(100, 43)",14,30.0
41,Greedy,D13,"(26, 56)",11,11.0
41,Greedy,D14,"(56, 64)",18,30.0
41,Greedy,D15,"(18, 45)",17,25.0
41,Greedy,D16,"(15, 76)",16,28.0
41,Auction,D10,"(92, 76)",24,15.0
41,Auction,D11,"(75, 87)",24,13.0
41,Auction,D12,"(100, 43)",14,30.0
41,Auction,D13,"(26, 56)",11,11.0
41,Auction,D14,"(56, 64)",18,30.0
41,Q-Learning,D12,"(100, 43)",14,30.0
41,Q-Learning,D13,"(26, 56)",11,11.0
41,Q-Learning,D15,"(18, 45)",17,25.0
41,Q-Learning,D16,"(15, 76)",16,28.0
42,Greedy,D12,"(100, 43)",15,30.0
42,Greedy,D13,"(26, 56)",12,11.0
42,Greedy,D14,"(56, 64)",19,30.0
42,Greedy,D16,"(15, 76)",17,28.0
42,Auction,D10,"(92, 76)",25,15.0
42,Auction,D11,"(75, 87)",25,13.0
42,Auction,D12,"(100, 43)",15,30.0
42,Auction,D13,"(26, 56)",12,11.0
42,Auction,D14,"(56, 64)",19,30.0
42,Q-Learning,D12,"(100, 43)",15,30.0
42,Q-Learning,D13,"(26, 56)",12,11.0
42,Q-Learning,D15,"(18, 45)",18,25.0
42,Q-Learning,D16,"(15, 76)",17,28.0
43,Greedy,D12,"(100, 43)",16,30.0
43,Greedy,D13,"(26, 56)",13,11.0
43,Greedy,D14,"(56, 64)",20,30.0
43,Greedy,D16,"(15, 76)",18,28.0
43,Greedy,D17,"(26, 25)",1,12.0
43,Auction,D10,"(92, 76)",26,15.0
43,Auction,D11,"(75, 87)",26,13.0
43,Auction,D13,"(26, 56)",13,11.0
43,Auction,D14,"(56, 64)",20,30.0
43,Auction,D17,"(26, 25)",1,12.0
43,Q-Learning,D12,"(100, 43)",16,30.0
43,Q-Learning,D13,"(26, 56)",13,11.0
43,Q-Learning,D15,"(18, 45)",19,25.0
43,Q-Learning,D16,"(15, 76)",18,28.0
43,Q-Learning,D17,"(26, 25)",1,12.0
44,Greedy,D12,"(100, 43)",17,30.0
44,Greedy,D13,"(26, 56)",14,11.0
44,Greedy,D14,"(56, 64)",21,30.0
44,Greedy,D16,"(15, 76)",19,28.0
44,Greedy,D17,"(26, 25)",2,12.0
44,Auction,D10,"(92, 76)",27,15.0
44,Auction,D11,"(75, 87)",27,13.0
44,Auction,D13,"(26, 56)",14,11.0
44,Auction,D14,"(56, 64)",21,30.0
44,Auction,D17,"(26, 25)",2,12.0
44,Q-Learning,D12,"(100, 43)",17,30.0
44,Q-Learning,D13,"(26, 56)",14,11.0
44,Q-Learning,D15,"(18, 45)",20,25.0
44,Q-Learning,D16,"(15, 76)",19,28.0
44,Q-Learning,D17,"(26, 25)",2,12.0
45,Greedy,D12,"(100, 43)",18,30.0
45,Greedy,D14,"(56, 64)",22,30.0
45,Greedy,D16,"(15, 76)",20,28.0
45,Greedy,D17,"(26, 25)",3,12.0
45,Auction,D10,"(92, 76)",28,15.0
45,Auction,D11,"(75, 87)",28,13.0
45,Auction,D13,"(26, 56)",15,11.0
45,Auction,D14,"(56, 64)",22,30.0
45,Auction,D17,"(26, 25)",3,12.0
45,Q-Learning,D12,"(100, 43)",18,30.0
45,Q-Learning,D13,"(26, 56)",15,11.0
45,Q-Learning,D15,"(18, 45)",21,25.0
45,Q-Learning,D16,"(15, 76)",20,28.0
45,Q-Learning,D17,"(26, 25)",3,12.0
46,Greedy,D12,"(100, 43)",19,30.0
46,Greedy,D14,"(56, 64)",23,30.0
46,Greedy,D16,"(15, 76)",21,28.0
46,Greedy,D17,"(26, 25)",4,12.0
46,Greedy,D18,"(53, 11)",2,10.0
46,Auction,D11,"(75, 87)",29,13.0
46,Auction,D13,"(26, 56)",16,11.0
46,Auction,D14,"(56, 64)",23,30.0
46,Auction,D17,"(26, 25)",4,12.0
46,Auction,D18,"(53, 11)",2,10.0
46,Q-Learning,D12,"(100, 43)",19,30.0
46,Q-Learning,D13,"(26, 56)",16,11.0
46,Q-Learning,D15,"(18, 45)",22,25.0
46,Q-Learning,D16,"(15, 76)",21,28.0
46,Q-Learning,D17,"(26, 25)",4,12.0
46,Q-Learning,D18,"(53, 11)",2,10.0
47,Greedy,D12,"(100, 43)",20,30.0
47,Greedy,D14,"(56, 64)",24,30.0
47,Greedy,D16,"(15, 76)",22,28.0
47,Greedy,D17,"(26, 25)",5,12.0
47,Greedy,D18,"(53, 11)",3,10.0
47,Greedy,D19,"(14, 13)",3,14.0
47,Auction,D11,"(75, 87)",30,13.0
47,Auction,D13,"(26, 56)",17,11.0
47,Auction,D14,"(56, 64)",24,30.0
47,Auction,D17,"(26, 25)",5,12.0
47,Auction,D18,"(53, 11)",3,10.0
47,Auction,D19,"(14, 13)",3,14.0
47,Q-Learning,D12,"(100, 43)",20,30.0
47,Q-Learning,D13,"(26, 56)",17,11.0
47,Q-Learning,D15,"(18, 45)",23,25.0
47,Q-Learning,D16,"(15, 76)",22,28.0
47,Q-Learning,D17,"(26, 25)",5,12.0
47,Q-Learning,D18,"(53, 11)",3,10.0
47,Q-Learning,D19,"(14, 13)",3,14.0
48,Greedy,D12,"(100, 43)",21,30.0
48,Greedy,D14,"(56, 64)",25,30.0
48,Greedy,D16,"(15, 76)",23,28.0
48,Greedy,D17,"(26, 25)",6,12.0
48,Greedy,D18,"(53, 11)",4,10.0
48,Greedy,D19,"(14, 13)",4,14.0
48,Greedy,D20,"(69, 96)",10,16.0
48,Auction,D14,"(56, 64)",25,30.0
48,Auction,D17,"(26, 25)",6,12.0
48,Auction,D18,"(53, 11)",4,10.0
48,Auction,D19,"(14, 13)",4,14.0
48,Auction,D20,"(69, 96)",10,16.0
48,Q-Learning,D12,"(100, 43)",21,30.0
48,Q-Learning,D13,"(26, 56)",18,11.0
48,Q-Learning,D15,"(18, 45)",24,25.0
48,Q-Learning,D16,"(15, 76)",23,28.0
48,Q-Learning,D17,"(26, 25)",6,12.0
48,Q-Learning,D18,"(53, 11)",4,10.0
48,Q-Learning,D19,"(14, 13)",4,14.0
48,Q-Learning,D20,"(69, 96)",10,16.0
49,Greedy,D12,"(100, 43)",22,30.0
49,Greedy,D14,"(56, 64)",26,30.0
49,Greedy,D16,"(15, 76)",24,28.0
49,Greedy,D17,"(26, 25)",7,12.0
49,Greedy,D18,"(53, 11)",5,10.0
49,Greedy,D19,"(14, 13)",5,14.0
49,Greedy,D20,"(69, 96)",11,16.0
49,Auction,D14,"(56, 64)",26,30.0
49,Auction,D17,"(26, 25)",7,12.0
49,Auction,D18,"(53, 11)",5,10.0
49,Auction,D19,"(14, 13)",5,14.0
49,Auction,D20,"(69, 96)",11,16.0
49,Q-Learning,D12,"(100, 43)",22,30.0
49,Q-Learning,D13,"(26, 56)",19,11.0
49,Q-Learning,D15,"(18, 45)",25,25.0
49,Q-Learning,D16,"(15, 76)",24,28.0
49,Q-Learning,D17,"(26, 25)",7,12.0
49,Q-Learning,D18,"(53, 11)",5,10.0
49,Q-Learning,D19,"(14, 13)",5,14.0
49,Q-Learning,D20,"(69, 96)",11,16.0
50,Greedy,D12,"(100, 43)",23,30.0
50,Greedy,D14,"(56, 64)",27,30.0
50,Greedy,D16,"(15, 76)",25,28.0
50,Greedy,D17,"(26, 25)",8,12.0
50,Greedy,D18,"(53, 11)",6,10.0
50,Greedy,D19,"(14, 13)",6,14.0
50,Greedy,D20,"(69, 96)",12,16.0
50,Auction,D14,"(56, 64)",27,30.0
50,Auction,D17,"(26, 25)",8,12.0
50,Auction,D18,"(53, 11)",6,10.0
50,Auction,D19,"(14, 13)",6,14.0
50,Q-Learning,D12,"(100, 43)",23,30.0
50,Q-Learning,D13,"(26, 56)",20,11.0
50,Q-Learning,D15,"(18, 45)",26,25.0
50,Q-Learning,D16,"(15, 76)",25,28.0
50,Q-Learning,D17,"(26, 25)",8,12.0
50,Q-Learning,D19,"(14, 13)",6,14.0
51,Greedy,D12,"(100, 43)",24,30.0
51,Greedy,D16,"(15, 76)",26,28.0
51,Greedy,D17,"(26, 25)",9,12.0
51,Greedy,D18,"(53, 11)",7,10.0
51,Greedy,D19,"(14, 13)",7,14.0
51,Greedy,D20,"(69, 96)",13,16.0
51,Auction,D14,"(56, 64)",28,30.0
51,Auction,D17,"(26, 25)",9,12.0
51,Auction,D18,"(53, 11)",7,10.0
51,Auction,D19,"(14, 13)",7,14.0
51,Q-Learning,D12,"(100, 43)",24,30.0
51,Q-Learning,D13,"(26, 56)",21,11.0
51,Q-Learning,D15,"(18, 45)",27,25.0
51,Q-Learning,D16,"(15, 76)",26,28.0
51,Q-Learning,D17,"(26, 25)",9,12.0
51,Q-Learning,D19,"(14, 13)",7,14.0
52,Greedy,D12,"(100, 43)",25,30.0
52,Greedy,D16,"(15, 76)",27,28.0
52,Greedy,D18,"(53, 11)",8,10.0
52,Greedy,D19,"(14, 13)",8,14.0
52,Greedy,D20,"(69, 96)",14,16.0
52,Greedy,D21,"(34, 61)",10,30.0
52,Auction,D14,"(56, 64)",29,30.0
52,Auction,D17,"(26, 25)",10,12.0
52,Auction,D18,"(53, 11)",8,10.0
52,Auction,D19,"(14, 13)",8,14.0
52,Auction,D21,"(34, 61)",10,30.0
52,Q-Learning,D12,"(100, 43)",25,30.0
52,Q-Learning,D13,"(26, 56)",22,11.0
52,Q-Learning,D15,"(18, 45)",28,25.0
52,Q-Learning,D16,"(15, 76)",27,28.0
52,Q-Learning,D17,"(26, 25)",10,12.0
52,Q-Learning,D19,"(14, 13)",8,14.0
52,Q-Learning,D21,"(34, 61)",10,30.0
53,Greedy,D12,"(100, 43)",26,30.0
53,Greedy,D16,"(15, 76)",28,28.0
53,Greedy,D18,"(53, 11)",9,10.0
53,Greedy,D19,"(14, 13)",9,14.0
53,Greedy,D20,"(69, 96)",15,16.0
53,Greedy,D21,"(34, 61)",11,30.0
53,Greedy,D22,"(49, 34)",5,27.0
53,Auction,D14,"(56, 64)",30,30.0
53,Auction,D17,"(26, 25)",11,12.0
53,Auction,D18,"(53, 11)",9,10.0
53,Auction,D19,"(14, 13)",9,14.0
53,Auction,D21,"(34, 61)",11,30.0
53,Auction,D22,"(49, 34)",5,27.0
53,Q-Learning,D12,"(100, 43)",26,30.0
53,Q-Learning,D15,"(18, 45)",29,25.0
53,Q-Learning,D16,"(15, 76)",28,28.0
53,Q-Learning,D17,"(26, 25)",11,12.0
53,Q-Learning,D19,"(14, 13)",9,14.0
53,Q-Learning,D21,"(34, 61)",11,30.0
53,Q-Learning,D22,"(49, 34)",5,27.0
54,Greedy,D12,"(100, 43)",27,30.0
54,Greedy,D16,"(15, 76)",29,28.0
54,Greedy,D18,"(53, 11)",10,10.0
54,Greedy,D19,"(14, 13)",10,14.0
54,Greedy,D20,"(69, 96)",16,16.0
54,Greedy,D21,"(34, 61)",12,30.0
54,Greedy,D22,"(49, 34)",6,27.0
54,Greedy,D23,"(100, 35)",10,11.0
54,Auction,D14,"(56, 64)",31,30.0
54,Auction,D17,"(26, 25)",12,12.0
54,Auction,D18,"(53, 11)",10,10.0
54,Auction,D19,"(14, 13)",10,14.0
54,Auction,D21,"(34, 61)",12,30.0
54,Auction,D22,"(49, 34)",6,27.0
54,Auction,D23,"(100, 35)",10,11.0
54,Q-Learning,D12,"(100, 43)",27,30.0
54,Q-Learning,D15,"(18, 45)",30,25.0
54,Q-Learning,D16,"(15, 76)",29,28.0
54,Q-Learning,D17,"(26, 25)",12,12.0
54,Q-Learning,D19,"(14, 13)",10,14.0
54,Q-Learning,D21,"(34, 61)",12,30.0
54,Q-Learning,D22,"(49, 34)",6,27.0
55,Greedy,D12,"(100, 43)",28,30.0
55,Greedy,D16,"(15, 76)",30,28.0
55,Greedy,D18,"(53, 11)",11,10.0
55,Greedy,D19,"(14, 13)",11,14.0
55,Greedy,D20,"(69, 96)",17,16.0
55,Greedy,D21,"(34, 61)",13,30.0
55,Greedy,D22,"(49, 34)",7,27.0
55,Greedy,D24,"(8, 93)",4,11.0
55,Auction,D14,"(56, 64)",32,30.0
55,Auction,D17,"(26, 25)",13,12.0
55,Auction,D18,"(53, 11)",11,10.0
55,Auction,D19,"(14, 13)",11,14.0
55,Auction,D21,"(34, 61)",13,30.0
55,Auction,D22,"(49, 34)",7,27.0
55,Auction,D23,"(100, 35)",11,11.0
55,Auction,D24,"(8, 93)",4,11.0
55,Q-Learning,D12,"(100, 43)",28,30.0
55,Q-Learning,D15,"(18, 45)",31,25.0
55,Q-Learning,D16,"(15, 76)",30,28.0
55,Q-Learning,D17,"(26, 25)",13,12.0
55,Q-Learning,D19,"(14, 13)",11,14.0
55,Q-Learning,D21,"(34, 61)",13,30.0
55,Q-Learning,D22,"(49, 34)",7,27.0
55,Q-Learning,D24,"(8, 93)",4,11.0
56,Greedy,D12,"(100, 43)",29,30.0
56,Greedy,D16,"(15, 76)",31,28.0
56,Greedy,D18,"(53, 11)",12,10.0
56,Greedy,D19,"(14, 13)",12,14.0
56,Greedy,D20,"(69, 96)",18,16.0
56,Greedy,D21,"(34, 61)",14,30.0
56,Greedy,D22,"(49, 34)",8,27.0
56,Greedy,D24,"(8, 93)",5,11.0
56,Greedy,D25,"(67, 41)",5,14.0
56,Auction,D14,"(56, 64)",33,30.0
56,Auction,D17,"(26, 25)",14,12.0
56,Auction,D18,"(53, 11)",12,10.0
56,Auction,D19,"(14, 13)",12,14.0
56,Auction,D21,"(34, 61)",14,30.0
56,Auction,D22,"(49, 34)",8,27.0
56,Auction,D23,"(100, 35)",12,11.0
56,Auction,D24,"(8, 93)",5,11.0
56,Q-Learning,D12,"(100, 43)",29,30.0
56,Q-Learning,D15,"(18, 45)",32,25.0
56,Q-Learning,D16,"(15, 76)",31,28.0
56,Q-Learning,D17,"(26, 25)",14,12.0
56,Q-Learning,D19,"(14, 13)",12,14.0
56,Q-Learning,D21,"(34, 61)",14,30.0
56,Q-Learning,D22,"(49, 34)",8,27.0
56,Q-Learning,D24,"(8, 93)",5,11.0
57,Greedy,D12,"(100, 43)",30,30.0
57,Greedy,D19,"(14, 13)",13,14.0
57,Greedy,D20,"(69, 96)",19,16.0
57,Greedy,D21,"(34, 61)",15,30.0
57,Greedy,D22,"(49, 34)",9,27.0
57,Greedy,D24,"(8, 93)",6,11.0
57,Greedy,D25,"(67, 41)",6,14.0
57,Greedy,D26,"(72, 68)",9,24.0
57,Auction,D14,"(56, 64)",34,30.0
57,Auction,D18,"(53, 11)",13,10.0
57,Auction,D19,"(14, 13)",13,14.0
57,Auction,D21,"(34, 61)",15,30.0
57,Auction,D22,"(49, 34)",9,27.0
57,Auction,D23,"(100, 35)",13,11.0
57,Auction,D24,"(8, 93)",6,11.0
57,Auction,D26,"(72, 68)",9,24.0
57,Q-Learning,D12,"(100, 43)",30,30.0
57,Q-Learning,D15,"(18, 45)",33,25.0
57,Q-Learning,D16,"(15, 76)",32,28.0
57,Q-Learning,D17,"(26, 25)",15,12.0
57,Q-Learning,D19,"(14, 13)",13,14.0
57,Q-Learning,D21,"(34, 61)",15,30.0
57,Q-Learning,D22,"(49, 34)",9,27.0
57,Q-Learning,D24,"(8, 93)",6,11.0
57,Q-Learning,D26,"(72, 68)",9,24.0
58,Greedy,D12,"(100, 43)",31,30.0
58,Greedy,D20,"(69, 96)",20,16.0
58,Greedy,D21,"(34, 61)",16,30.0
58,Greedy,D22,"(49, 34)",10,27.0
58,Greedy,D24,"(8, 93)",7,11.0
58,Greedy,D25,"(67, 41)",7,14.0
58,Greedy,D26,"(72, 68)",10,24.0
58,Greedy,D27,"(25, 68)",10,26.0
58,Auction,D14,"(56, 64)",35,30.0
58,Auction,D18,"(53, 11)",14,10.0
58,Auction,D19,"(14, 13)",14,14.0
58,Auction,D21,"(34, 61)",16,30.0
58,Auction,D22,"(49, 34)",10,27.0
58,Auction,D23,"(100, 35)",14,11.0
58,Auction,D24,"(8, 93)",7,11.0
58,Auction,D26,"(72, 68)",10,24.0
58,Auction,D27,"(25, 68)",10,26.0
58,Q-Learning,D12,"(100, 43)",31,30.0
58,Q-Learning,D15,"(18, 45)",34,25.0
58,Q-Learning,D16,"(15, 76)",33,28.0
58,Q-Learning,D17,"(26, 25)",16,12.0
58,Q-Learning,D19,"(14, 13)",14,14.0
58,Q-Learning,D21,"(34, 61)",16,30.0
58,Q-Learning,D22,"(49, 34)",10,27.0
58,Q-Learning,D24,"(8, 93)",7,11.0
58,Q-Learning,D26,"(72, 68)",10,24.0
58,Q-Learning,D27,"(25, 68)",10,26.0
59,Greedy,D12,"(100, 43)",32,30.0
59,Greedy,D20,"(69, 96)",21,16.0
59,Greedy,D21,"(34, 61)",17,30.0
59,Greedy,D22,"(49, 34)",11,27.0
59,Greedy,D24,"(8, 93)",8,11.0
59,Greedy,D25,"(67, 41)",8,14.0
59,Greedy,D26,"(72, 68)",11,24.0
59,Greedy,D27,"(25, 68)",11,26.0
59,Auction,D14,"(56, 64)",36,30.0
59,Auction,D18,"(53, 11)",15,10.0
59,Auction,D19,"(14, 13)",15,14.0
59,Auction,D21,"(34, 61)",17,30.0
59,Auction,D22,"(49, 34)",11,27.0
59,Auction,D23,"(100, 35)",15,11.0
59,Auction,D24,"(8, 93)",8,11.0
59,Auction,D26,"(72, 68)",11,24.0
59,Auction,D27,"(25, 68)",11,26.0
59,Q-Learning,D12,"(100, 43)",32,30.0
59,Q-Learning,D15,"(18, 45)",35,25.0
59,Q-Learning,D16,"(15, 76)",34,28.0
59,Q-Learning,D19,"(14, 13)",15,14.0
59,Q-Learning,D21,"(34, 61)",17,30.0
59,Q-Learning,D22,"(49, 34)",11,27.0
59,Q-Learning,D24,"(8, 93)",8,11.0
59,Q-Learning,D26,"(72, 68)",11,24.0
59,Q-Learning,D27,"(25, 68)",11,26.0
60,Greedy,D12,"(100, 43)",33,30.0
60,Greedy,D20,"(69, 96)",22,16.0
60,Greedy,D21,"(34, 61)",18,30.0
60,Greedy,D22,"(49, 34)",12,27.0
60,Greedy,D24,"(8, 93)",9,11.0
60,Greedy,D25,"(67, 41)",9,14.0
60,Greedy,D26,"(72, 68)",12,24.0
60,Greedy,D27,"(25, 68)",12,26.0
60,Greedy,D28,"(5, 11)",4,24.0
60,Auction,D14,"(56, 64)",37,30.0
60,Auction,D18,"(53, 11)",16,10.0
60,Auction,D19,"(14, 13)",16,14.0
60,Auction,D21,"(34, 61)",18,30.0
60,Auction,D22,"(49, 34)",12,27.0
60,Auction,D23,"(100, 35)",16,11.0
60,Auction,D24,"(8, 93)",9,11.0
60,Auction,D26,"(72, 68)",12,24.0
60,Auction,D27,"(25, 68)",12,26.0
60,Auction,D28,"(5, 11)",4,24.0
60,Q-Learning,D12,"(100, 43)",33,30.0
60,Q-Learning,D15,"(18, 45)",36,25.0
60,Q-Learning,D16,"(15, 76)",35,28.0
60,Q-Learning,D19,"(14, 13)",16,14.0
60,Q-Learning,D21,"(34, 61)",18,30.0
60,Q-Learning,D22,"(49, 34)",12,27.0
60,Q-Learning,D24,"(8, 93)",9,11.0
60,Q-Learning,D26,"(72, 68)",12,24.0
60,Q-Learning,D27,"(25, 68)",12,26.0
60,Q-Learning,D28,"(5, 11)",4,24.0
61,Greedy,D12,"(100, 43)",34,30.0
61,Greedy,D20,"(69, 96)",23,16.0
61,Greedy,D21,"(34, 61)",19,30.0
61,Greedy,D22,"(49, 34)",13,27.0
61,Greedy,D24,"(8, 93)",10,11.0
61,Greedy,D25,"(67, 41)",10,14.0
61,Greedy,D26,"(72, 68)",13,24.0
61,Greedy,D27,"(25, 68)",13,26.0
61,Greedy,D28,"(5, 11)",5,24.0
61,Greedy,D29,"(8, 98)",1,18.0
61,Auction,D14,"(56, 64)",38,30.0
61,Auction,D18,"(53, 11)",17,10.0
61,Auction,D19,"(14, 13)",17,14.0
61,Auction,D21,"(34, 61)",19,30.0
61,Auction,D22,"(49, 34)",13,27.0
61,Auction,D23,"(100, 35)",17,11.0
61,Auction,D24,"(8, 93)",10,11.0
61,Auction,D26,"(72, 68)",13,24.0
61,Auction,D27,"(25, 68)",13,26.0
61,Auction,D28,"(5, 11)",5,24.0
61,Auction,D29,"(8, 98)",1,18.0
61,Q-Learning,D12,"(100, 43)",34,30.0
61,Q-Learning,D15,"(18, 45)",37,25.0
61,Q-Learning,D16,"(15, 76)",36,28.0
61,Q-Learning,D19,"(14, 13)",17,14.0
61,Q-Learning,D21,"(34, 61)",19,30.0
61,Q-Learning,D22,"(49, 34)",13,27.0
61,Q-Learning,D24,"(8, 93)",10,11.0
61,Q-Learning,D26,"(72, 68)",13,24.0
61,Q-Learning,D27,"(25, 68)",13,26.0
61,Q-Learning,D28,"(5, 11)",5,24.0
61,Q-Learning,D29,"(8, 98)",1,18.0
62,Greedy,D12,"(100, 43)",35,30.0
62,Greedy,D20,"(69, 96)",24,16.0
62,Greedy,D21,"(34, 61)",20,30.0
62,Greedy,D22,"(49, 34)",14,27.0
62,Greedy,D24,"(8, 93)",11,11.0
62,Greedy,D25,"(67, 41)",11,14.0
62,Greedy,D26,"(72, 68)",14,24.0
62,Greedy,D27,"(25, 68)",14,26.0
62,Greedy,D28,"(5, 11)",6,24.0
62,Greedy,D29,"(8, 98)",2,18.0
62,Auction,D14,"(56, 64)",39,30.0
62,Auction,D18,"(53, 11)",18,10.0
62,Auction,D19,"(14, 13)",18,14.0
62,Auction,D21,"(34, 61)",20,30.0
62,Auction,D22,"(49, 34)",14,27.0
62,Auction,D23,"(100, 35)",18,11.0
62,Auction,D24,"(8, 93)",11,11.0
62,Auction,D26,"(72, 68)",14,24.0
62,Auction,D27,"(25, 68)",14,26.0
62,Auction,D28,"(5, 11)",6,24.0
62,Auction,D29,"(8, 98)",2,18.0
62,Q-Learning,D12,"(100, 43)",35,30.0
62,Q-Learning,D15,"(18, 45)",38,25.0
62,Q-Learning,D16,"(15, 76)",37,28.0
62,Q-Learning,D19,"(14, 13)",18,14.0
62,Q-Learning,D21,"(34, 61)",20,30.0
62,Q-Learning,D22,"(49, 34)",14,27.0
62,Q-Learning,D24,"(8, 93)",11,11.0
62,Q-Learning,D26,"(72, 68)",14,24.0
62,Q-Learning,D27,"(25, 68)",14,26.0
62,Q-Learning,D28,"(5, 11)",6,24.0
62,Q-Learning,D29,"(8, 98)",2,18.0
63,Greedy,D12,"(100, 43)",36,30.0
63,Greedy,D20,"(69, 96)",25,16.0
63,Greedy,D21,"(34, 61)",21,30.0
63,Greedy,D22,"(49, 34)",15,27.0
63,Greedy,D24,"(8, 93)",12,11.0
63,Greedy,D25,"(67, 41)",12,14.0
63,Greedy,D26,"(72, 68)",15,24.0
63,Greedy,D27,"(25, 68)",15,26.0
63,Greedy,D28,"(5, 11)",7,24.0
63,Greedy,D29,"(8, 98)",3,18.0
63,Greedy,D30,"(26, 28)",2,21.0
63,Auction,D18,"(53, 11)",19,10.0
63,Auction,D19,"(14, 13)",19,14.0
63,Auction,D22,"(49, 34)",15,27.0
63,Auction,D23,"(100, 35)",19,11.0
63,Auction,D24,"(8, 93)",12,11.0
63,Auction,D26,"(72, 68)",15,24.0
63,Auction,D27,"(25, 68)",15,26.0
63,Auction,D28,"(5, 11)",7,24.0
63,Auction,D29,"(8, 98)",3,18.0
63,Auction,D30,"(26, 28)",2,21.0
63,Q-Learning,D12,"(100, 43)",36,30.0
63,Q-Learning,D16,"(15, 76)",38,28.0
63,Q-Learning,D19,"(14, 13)",19,14.0
63,Q-Learning,D21,"(34, 61)",21,30.0
63,Q-Learning,D22,"(49, 34)",15,27.0
63,Q-Learning,D24,"(8, 93)",12,11.0
63,Q-Learning,D26,"(72, 68)",15,24.0
63,Q-Learning,D27,"(25, 68)",15,26.0
63,Q-Learning,D28,"(5, 11)",7,24.0
63,Q-Learning,D29,"(8, 98)",3,18.0
63,Q-Learning,D30,"(26, 28)",2,21.0
64,Greedy,D12,"(100, 43)",37,30.0
64,Greedy,D20,"(69, 96)",26,16.0
64,Greedy,D21,"(34, 61)",22,30.0
64,Greedy,D22,"(49, 34)",16,27.0
64,Greedy,D24,"(8, 93)",13,11.0
64,Greedy,D25,"(67, 41)",13,14.0
64,Greedy,D26,"(72, 68)",16,24.0
64,Greedy,D27,"(25, 68)",16,26.0
64,Greedy,D28,"(5, 11)",8,24.0
64,Greedy,D29,"(8, 98)",4,18.0
64,Greedy,D30,"(26, 28)",3,21.0
64,Auction,D18,"(53, 11)",20,10.0
64,Auction,D19,"(14, 13)",20,14.0
64,Auction,D22,"(49, 34)",16,27.0
64,Auction,D23,"(100, 35)",20,11.0
64,Auction,D24,"(8, 93)",13,11.0
64,Auction,D26,"(72, 68)",16,24.0
64,Auction,D27,"(25, 68)",16,26.0
64,Auction,D28,"(5, 11)",8,24.0
64,Auction,D29,"(8, 98)",4,18.0
64,Auction,D30,"(26, 28)",3,21.0
64,Q-Learning,D12,"(100, 43)",37,30.0
64,Q-Learning,D16,"(15, 76)",39,28.0
64,Q-Learning,D19,"(14, 13)",20,14.0
64,Q-Learning,D21,"(34, 61)",22,30.0
64,Q-Learning,D22,"(49, 34)",16,27.0
64,Q-Learning,D24,"(8, 93)",13,11.0
64,Q-Learning,D26,"(72, 68)",16,24.0
64,Q-Learning,D27,"(25, 68)",16,26.0
64,Q-Learning,D28,"(5, 11)",8,24.0
64,Q-Learning,D29,"(8, 98)",4,18.0
64,Q-Learning,D30,"(26, 28)",3,21.0
65,Greedy,D12,"(100, 43)",38,30.0
65,Greedy,D20,"(69, 96)",27,16.0
65,Greedy,D21,"(34, 61)",23,30.0
65,Greedy,D22,"(49, 34)",17,27.0
65,Greedy,D24,"(8, 93)",14,11.0
65,Greedy,D25,"(67, 41)",14,14.0
65,Greedy,D26,"(72, 68)",17,24.0
65,Greedy,D27,"(25, 68)",17,26.0
65,Greedy,D28,"(5, 11)",9,24.0
65,Greedy,D29,"(8, 98)",5,18.0
65,Greedy,D30,"(26, 28)",4,21.0
65,Greedy,D31,"(13, 36)",1,14.0
65,Auction,D18,"(53, 11)",21,10.0
65,Auction,D19,"(14, 13)",21,14.0
65,Auction,D22,"(49, 34)",17,27.0
65,Auction,D23,"(100, 35)",21,11.0
65,Auction,D24,"(8, 93)",14,11.0
65,Auction,D26,"(72, 68)",17,24.0
65,Auction,D27,"(25, 68)",17,26.0
65,Auction,D28,"(5, 11)",9,24.0
65,Auction,D29,"(8, 98)",5,18.0
65,Auction,D30,"(26, 28)",4,21.0
65,Auction,D31,"(13, 36)",1,14.0
65,Q-Learning,D12,"(100, 43)",38,30.0
65,Q-Learning,D16,"(15, 76)",40,28.0
65,Q-Learning,D19,"(14, 13)",21,14.0
65,Q-Learning,D21,"(34, 61)",23,30.0
65,Q-Learning,D22,"(49, 34)",17,27.0
65,Q-Learning,D24,"(8, 93)",14,11.0
65,Q-Learning,D26,"(72, 68)",17,24.0
65,Q-Learning,D27,"(25, 68)",17,26.0
65,Q-Learning,D28,"(5, 11)",9,24.0
65,Q-Learning,D29,"(8, 98)",5,18.0
65,Q-Learning,D30,"(26, 28)",4,21.0
65,Q-Learning,D31,"(13, 36)",1,14.0
66,Greedy,D12,"(100, 43)",39,30.0
66,Greedy,D20,"(69, 96)",28,16.0
66,Greedy,D21,"(34, 61)",24,30.0
66,Greedy,D22,"(49, 34)",18,27.0
66,Greedy,D24,"(8, 93)",15,11.0
66,Greedy,D25,"(67, 41)",15,14.0
66,Greedy,D26,"(72, 68)",18,24.0
66,Greedy,D27,"(25, 68)",18,26.0
66,Greedy,D28,"(5, 11)",10,24.0
66,Greedy,D29,"(8, 98)",6,18.0
66,Greedy,D30,"(26, 28)",5,21.0
66,Greedy,D31,"(13, 36)",2,14.0
66,Auction,D18,"(53, 11)",22,10.0
66,Auction,D19,"(14, 13)",22,14.0
66,Auction,D22,"(49, 34)",18,27.0
66,Auction,D23,"(100, 35)",22,11.0
66,Auction,D24,"(8, 93)",15,11.0
66,Auction,D26,"(72, 68)",18,24.0
66,Auction,D27,"(25, 68)",18,26.0
66,Auction,D28,"(5, 11)",10,24.0
66,Auction,D29,"(8, 98)",6,18.0
66,Auction,D30,"(26, 28)",5,21.0
66,Auction,D31,"(13, 36)",2,14.0
66,Q-Learning,D12,"(100, 43)",39,30.0
66,Q-Learning,D16,"(15, 76)",41,28.0
66,Q-Learning,D19,"(14, 13)",22,14.0
66,Q-Learning,D21,"(34, 61)",24,30.0
66,Q-Learning,D22,"(49, 34)",18,27.0
66,Q-Learning,D24,"(8, 93)",15,11.0
66,Q-Learning,D26,"(72, 68)",18,24.0
66,Q-Learning,D27,"(25, 68)",18,26.0
66,Q-Learning,D28,"(5, 11)",10,24.0
66,Q-Learning,D29,"(8, 98)",6,18.0
66,Q-Learning,D30,"(26, 28)",5,21.0
66,Q-Learning,D31,"(13, 36)",2,14.0
67,Greedy,D12,"(100, 43)",40,30.0
67,Greedy,D20,"(69, 96)",29,16.0
67,Greedy,D21,"(34, 61)",25,30.0
67,Greedy,D22,"(49, 34)",19,27.0
67,Greedy,D24,"(8, 93)",16,11.0
67,Greedy,D25,"(67, 41)",16,14.0
67,Greedy,D26,"(72, 68)",19,24.0
67,Greedy,D27,"(25, 68)",19,26.0
67,Greedy,D28,"(5, 11)",11,24.0
67,Greedy,D29,"(8, 98)",7,18.0
67,Greedy,D30,"(26, 28)",6,21.0
67,Greedy,D31,"(13, 36)",3,14.0
67,Auction,D18,"(53, 11)",23,10.0
67,Auction,D19,"(14, 13)",23,14.0
67,Auction,D22,"(49, 34)",19,27.0
67,Auction,D23,"(100, 35)",23,11.0
67,Auction,D24,"(8, 93)",16,11.0
67,Auction,D26,"(72, 68)",19,24.0
67,Auction,D27,"(25, 68)",19,26.0
67,Auction,D28,"(5, 11)",11,24.0
67,Auction,D29,"(8, 98)",7,18.0
67,Auction,D30,"(26, 28)",6,21.0
67,Auction,D31,"(13, 36)",3,14.0
67,Q-Learning,D12,"(100, 43)",40,30.0
67,Q-Learning,D16,"(15, 76)",42,28.0
67,Q-Learning,D19,"(14, 13)",23,14.0
67,Q-Learning,D21,"(34, 61)",25,30.0
67,Q-Learning,D22,"(49, 34)",19,27.0
67,Q-Learning,D24,"(8, 93)",16,11.0
67,Q-Learning,D26,"(72, 68)",19,24.0
67,Q-Learning,D27,"(25, 68)",19,26.0
67,Q-Learning,D28,"(5, 11)",11,24.0
67,Q-Learning,D29,"(8, 98)",7,18.0
67,Q-Learning,D30,"(26, 28)",6,21.0
67,Q-Learning,D31,"(13, 36)",3,14.0
68,Greedy,D12,"(100, 43)",41,30.0
68,Greedy,D20,"(69, 96)",30,16.0
68,Greedy,D21,"(34, 61)",26,30.0
68,Greedy,D22,"(49, 34)",20,27.0
68,Greedy,D24,"(8, 93)",17,11.0
68,Greedy,D25,"(67, 41)",17,14.0
68,Greedy,D26,"(72, 68)",20,24.0
68,Greedy,D27,"(25, 68)",20,26.0
68,Greedy,D28,"(5, 11)",12,24.0
68,Greedy,D29,"(8, 98)",8,18.0
68,Greedy,D30,"(26, 28)",7,21.0
68,Greedy,D31,"(13, 36)",4,14.0
68,Greedy,D32,"(57, 42)",2,18.0
68,Auction,D18,"(53, 11)",24,10.0
68,Auction,D19,"(14, 13)",24,14.0
68,Auction,D22,"(49, 34)",20,27.0
68,Auction,D23,"(100, 35)",24,11.0
68,Auction,D24,"(8, 93)",17,11.0
68,Auction,D26,"(72, 68)",20,24.0
68,Auction,D27,"(25, 68)",20,26.0
68,Auction,D28,"(5, 11)",12,24.0
68,Auction,D29,"(8, 98)",8,18.0
68,Auction,D30,"(26, 28)",7,21.0
68,Auction,D31,"(13, 36)",4,14.0
68,Auction,D32,"(57, 42)",2,18.0
68,Q-Learning,D12,"(100, 43)",41,30.0
68,Q-Learning,D16,"(15, 76)",43,28.0
68,Q-Learning,D19,"(14, 13)",24,14.0
68,Q-Learning,D21,"(34, 61)",26,30.0
68,Q-Learning,D22,"(49, 34)",20,27.0
68,Q-Learning,D24,"(8, 93)",17,11.0
68,Q-Learning,D26,"(72, 68)",20,24.0
68,Q-Learning,D27,"(25, 68)",20,26.0
68,Q-Learning,D28,"(5, 11)",12,24.0
68,Q-Learning,D29,"(8, 98)",8,18.0
68,Q-Learning,D30,"(26, 28)",7,21.0
68,Q-Learning,D31,"(13, 36)",4,14.0
68,Q-Learning,D32,"(57, 42)",2,18.0
69,Greedy,D12,"(100, 43)",42,30.0
69,Greedy,D20,"(69, 96)",31,16.0
69,Greedy,D21,"(34, 61)",27,30.0
69,Greedy,D22,"(49, 34)",21,27.0
69,Greedy,D24,"(8, 93)",18,11.0
69,Greedy,D25,"(67, 41)",18,14.0
69,Greedy,D26,"(72, 68)",21,24.0
69,Greedy,D27,"(25, 68)",21,26.0
69,Greedy,D28,"(5, 11)",13,24.0
69,Greedy,D29,"(8, 98)",9,18.0
69,Greedy,D30,"(26, 28)",8,21.0
69,Greedy,D31,"(13, 36)",5,14.0
69,Greedy,D32,"(57, 42)",3,18.0
69,Auction,D18,"(53, 11)",25,10.0
69,Auction,D19,"(14, 13)",25,14.0
69,Auction,D22,"(49, 34)",21,27.0
69,Auction,D23,"(100, 35)",25,11.0
69,Auction,D24,"(8, 93)",18,11.0
69,Auction,D26,"(72, 68)",21,24.0
69,Auction,D27,"(25, 68)",21,26.0
69,Auction,D28,"(5, 11)",13,24.0
69,Auction,D29,"(8, 98)",9,18.0
69,Auction,D30,"(26, 28)",8,21.0
69,Auction,D31,"(13, 36)",5,14.0
69,Auction,D32,"(57, 42)",3,18.0
69,Q-Learning,D12,"(100, 43)",42,30.0
69,Q-Learning,D16,"(15, 76)",44,28.0
69,Q-Learning,D19,"(14, 13)",25,14.0
69,Q-Learning,D21,"(34, 61)",27,30.0
69,Q-Learning,D22,"(49, 34)",21,27.0
69,Q-Learning,D24,"(8, 93)",18,11.0
69,Q-Learning,D27,"(25, 68)",21,26.0
69,Q-Learning,D28,"(5, 11)",13,24.0
69,Q-Learning,D29,"(8, 98)",9,18.0
69,Q-Learning,D30,"(26, 28)",8,21.0
69,Q-Learning,D31,"(13, 36)",5,14.0
69,Q-Learning,D32,"(57, 42)",3,18.0
70,Greedy,D12,"(100, 43)",43,30.0
70,Greedy,D20,"(69, 96)",32,16.0
70,Greedy,D21,"(34, 61)",28,30.0
70,Greedy,D22,"(49, 34)",22,27.0
70,Greedy,D24,"(8, 93)",19,11.0
70,Greedy,D25,"(67, 41)",19,14.0
70,Greedy,D26,"(72, 68)",22,24.0
70,Greedy,D27,"(25, 68)",22,26.0
70,Greedy,D28,"(5, 11)",14,24.0
70,Greedy,D29,"(8, 98)",10,18.0
70,Greedy,D30,"(26, 28)",9,21.0
70,Greedy,D31,"(13, 36)",6,14.0
70,Greedy,D32,"(57, 42)",4,18.0
70,Auction,D18,"(53, 11)",26,10.0
70,Auction,D19,"(14, 13)",26,14.0
70,Auction,D22,"(49, 34)",22,27.0
70,Auction,D23,"(100, 35)",26,11.0
70,Auction,D24,"(8, 93)",19,11.0
70,Auction,D26,"(72, 68)",22,24.0
70,Auction,D27,"(25, 68)",22,26.0
70,Auction,D28,"(5, 11)",14,24.0
70,Auction,D29,"(8, 98)",10,18.0
70,Auction,D30,"(26, 28)",9,21.0
70,Auction,D31,"(13, 36)",6,14.0
70,Auction,D32,"(57, 42)",4,18.0
70,Auction,D33,"(79, 71)",7,12.0
70,Q-Learning,D12,"(100, 43)",43,30.0
70,Q-Learning,D16,"(15, 76)",45,28.0
70,Q-Learning,D19,"(14, 13)",26,14.0
70,Q-Learning,D21,"(34, 61)",28,30.0
70,Q-Learning,D22,"(49, 34)",22,27.0
70,Q-Learning,D24,"(8, 93)",19,11.0
70,Q-Learning,D27,"(25, 68)",22,26.0
70,Q-Learning,D28,"(5, 11)",14,24.0
70,Q-Learning,D29,"(8, 98)",10,18.0
70,Q-Learning,D30,"(26, 28)",9,21.0
70,Q-Learning,D31,"(13, 36)",6,14.0
70,Q-Learning,D32,"(57, 42)",4,18.0
71,Greedy,D12,"(100, 43)",44,30.0
71,Greedy,D20,"(69, 96)",33,16.0
71,Greedy,D21,"(34, 61)",29,30.0
71,Greedy,D22,"(49, 34)",23,27.0
71,Greedy,D24,"(8, 93)",20,11.0
71,Greedy,D25,"(67, 41)",20,14.0
71,Greedy,D26,"(72, 68)",23,24.0
71,Greedy,D27,"(25, 68)",23,26.0
71,Greedy,D28,"(5, 11)",15,24.0
71,Greedy,D29,"(8, 98)",11,18.0
71,Greedy,D30,"(26, 28)",10,21.0
71,Greedy,D31,"(13, 36)",7,14.0
71,Greedy,D32,"(57, 42)",5,18.0
71,Greedy,D34,"(88, 60)",8,29.0
71,Auction,D18,"(53, 11)",27,10.0
71,Auction,D19,"(14, 13)",27,14.0
71,Auction,D22,"(49, 34)",23,27.0
71,Auction,D23,"(100, 35)",27,11.0
71,Auction,D24,"(8, 93)",20,11.0
71,Auction,D26,"(72, 68)",23,24.0
71,Auction,D27,"(25, 68)",23,26.0
71,Auction,D28,"(5, 11)",15,24.0
71,Auction,D29,"(8, 98)",11,18.0
71,Auction,D30,"(26, 28)",10,21.0
71,Auction,D31,"(13, 36)",7,14.0
71,Auction,D32,"(57, 42)",5,18.0
71,Auction,D33,"(79, 71)",8,12.0
71,Auction,D34,"(88, 60)",8,29.0
71,Q-Learning,D12,"(100, 43)",44,30.0
71,Q-Learning,D16,"(15, 76)",46,28.0
71,Q-Learning,D19,"(14, 13)",27,14.0
71,Q-Learning,D21,"(34, 61)",29,30.0
71,Q-Learning,D22,"(49, 34)",23,27.0
71,Q-Learning,D24,"(8, 93)",20,11.0
71,Q-Learning,D27,"(25, 68)",23,26.0
71,Q-Learning,D28,"(5, 11)",15,24.0
71,Q-Learning,D29,"(8, 98)",11,18.0
71,Q-Learning,D30,"(26, 28)",10,21.0
71,Q-Learning,D31,"(13, 36)",7,14.0
71,Q-Learning,D32,"(57, 42)",5,18.0
71,Q-Learning,D34,"(88, 60)",8,29.0
72,Greedy,D12,"(100, 43)",45,30.0
72,Greedy,D20,"(69, 96)",34,16.0
72,Greedy,D21,"(34, 61)",30,30.0
72,Greedy,D22,"(49, 34)",24,27.0
72,Greedy,D24,"(8, 93)",21,11.0
72,Greedy,D25,"(67, 41)",21,14.0
72,Greedy,D26,"(72, 68)",24,24.0
72,Greedy,D27,"(25, 68)",24,26.0
72,Greedy,D28,"(5, 11)",16,24.0
72,Greedy,D29,"(8, 98)",12,18.0
72,Greedy,D30,"(26, 28)",11,21.0
72,Greedy,D31,"(13, 36)",8,14.0
72,Greedy,D32,"(57, 42)",6,18.0
72,Greedy,D34,"(88, 60)",9,29.0
72,Greedy,D35,"(86, 64)",9,15.0
72,Auction,D18,"(53, 11)",28,10.0
72,Auction,D19,"(14, 13)",28,14.0
72,Auction,D22,"(49, 34)",24,27.0
72,Auction,D23,"(100, 35)",28,11.0
72,Auction,D24,"(8, 93)",21,11.0
72,Auction,D26,"(72, 68)",24,24.0
72,Auction,D27,"(25, 68)",24,26.0
72,Auction,D28,"(5, 11)",16,24.0
72,Auction,D29,"(8, 98)",12,18.0
72,Auction,D30,"(26, 28)",11,21.0
72,Auction,D31,"(13, 36)",8,14.0
72,Auction,D32,"(57, 42)",6,18.0
72,Auction,D33,"(79, 71)",9,12.0
72,Auction,D34,"(88, 60)",9,29.0
72,Auction,D35,"(86, 64)",9,15.0
72,Q-Learning,D12,"(100, 43)",45,30.0
72,Q-Learning,D16,"(15, 76)",47,28.0
72,Q-Learning,D19,"(14, 13)",28,14.0
72,Q-Learning,D21,"(34, 61)",30,30.0
72,Q-Learning,D22,"(49, 34)",24,27.0
72,Q-Learning,D24,"(8, 93)",21,11.0
72,Q-Learning,D27,"(25, 68)",24,26.0
72,Q-Learning,D28,"(5, 11)",16,24.0
72,Q-Learning,D29,"(8, 98)",12,18.0
72,Q-Learning,D30,"(26, 28)",11,21.0
72,Q-Learning,D31,"(13, 36)",8,14.0
72,Q-Learning,D32,"(57, 42)",6,18.0
72,Q-Learning,D34,"(88, 60)",9,29.0
72,Q-Learning,D35,"(86, 64)",9,15.0
73,Greedy,D12,"(100, 43)",46,30.0
73,Greedy,D20,"(69, 96)",35,16.0
73,Greedy,D21,"(34, 61)",31,30.0
73,Greedy,D22,"(49, 34)",25,27.0
73,Greedy,D24,"(8, 93)",22,11.0
73,Greedy,D25,"(67, 41)",22,14.0
73,Greedy,D26,"(72, 68)",25,24.0
73,Greedy,D27,"(25, 68)",25,26.0
73,Greedy,D28,"(5, 11)",17,24.0
73,Greedy,D29,"(8, 98)",13,18.0
73,Greedy,D30,"(26, 28)",12,21.0
73,Greedy,D31,"(13, 36)",9,14.0
73,Greedy,D32,"(57, 42)",7,18.0
73,Greedy,D34,"(88, 60)",10,29.0
73,Greedy,D35,"(86, 64)",10,15.0
73,Greedy,D36,"(70, 24)",5,20.0
73,Auction,D18,"(53, 11)",29,10.0
73,Auction,D19,"(14, 13)",29,14.0
73,Auction,D22,"(49, 34)",25,27.0
73,Auction,D23,"(100, 35)",29,11.0
73,Auction,D24,"(8, 93)",22,11.0
73,Auction,D26,"(72, 68)",25,24.0
73,Auction,D27,"(25, 68)",25,26.0
73,Auction,D28,"(5, 11)",17,24.0
73,Auction,D29,"(8, 98)",13,18.0
73,Auction,D30,"(26, 28)",12,21.0
73,Auction,D31,"(13, 36)",9,14.0
73,Auction,D32,"(57, 42)",7,18.0
73,Auction,D33,"(79, 71)",10,12.0
73,Auction,D34,"(88, 60)",10,29.0
73,Auction,D35,"(86, 64)",10,15.0
73,Auction,D36,"(70, 24)",5,20.0
73,Q-Learning,D12,"(100, 43)",46,30.0
73,Q-Learning,D16,"(15, 76)",48,28.0
73,Q-Learning,D19,"(14, 13)",29,14.0
73,Q-Learning,D21,"(34, 61)",31,30.0
73,Q-Learning,D22,"(49, 34)",25,27.0
73,Q-Learning,D24,"(8, 93)",22,11.0
73,Q-Learning,D27,"(25, 68)",25,26.0
73,Q-Learning,D28,"(5, 11)",17,24.0
73,Q-Learning,D29,"(8, 98)",13,18.0
73,Q-Learning,D30,"(26, 28)",12,21.0
73,Q-Learning,D31,"(13, 36)",9,14.0
73,Q-Learning,D32,"(57, 42)",7,18.0
73,Q-Learning,D34,"(88, 60)",10,29.0
73,Q-Learning,D35,"(86, 64)",10,15.0
73,Q-Learning,D36,"(70, 24)",5,20.0
74,Greedy,D12,"(100, 43)",47,30.0
74,Greedy,D20,"(69, 96)",36,16.0
74,Greedy,D21,"(34, 61)",32,30.0
74,Greedy,D22,"(49, 34)",26,27.0
74,Greedy,D24,"(8, 93)",23,11.0
74,Greedy,D25,"(67, 41)",23,14.0
74,Greedy,D26,"(72, 68)",26,24.0
74,Greedy,D27,"(25, 68)",26,26.0
74,Greedy,D28,"(5, 11)",18,24.0
74,Greedy,D29,"(8, 98)",14,18.0
74,Greedy,D30,"(26, 28)",13,21.0
74,Greedy,D31,"(13, 36)",10,14.0
74,Greedy,D32,"(57, 42)",8,18.0
74,Greedy,D34,"(88, 60)",11,29.0
74,Greedy,D35,"(86, 64)",11,15.0
74,Greedy,D36,"(70, 24)",6,20.0
74,Greedy,D37,"(17, 36)",6,30.0
74,Auction,D18,"(53, 11)",30,10.0
74,Auction,D19,"(14, 13)",30,14.0
74,Auction,D22,"(49, 34)",26,27.0
74,Auction,D23,"(100, 35)",30,11.0
74,Auction,D24,"(8, 93)",23,11.0
74,Auction,D26,"(72, 68)",26,24.0
74,Auction,D27,"(25, 68)",26,26.0
74,Auction,D28,"(5, 11)",18,24.0
74,Auction,D29,"(8, 98)",14,18.0
74,Auction,D30,"(26, 28)",13,21.0
74,Auction,D31,"(13, 36)",10,14.0
74,Auction,D32,"(57, 42)",8,18.0
74,Auction,D33,"(79, 71)",11,12.0
74,Auction,D34,"(88, 60)",11,29.0
74,Auction,D35,"(86, 64)",11,15.0
74,Auction,D36,"(70, 24)",6,20.0
74,Auction,D37,"(17, 36)",6,30.0
74,Q-Learning,D12,"(100, 43)",47,30.0
74,Q-Learning,D16,"(15, 76)",49,28.0
74,Q-Learning,D19,"(14, 13)",30,14.0
74,Q-Learning,D21,"(34, 61)",32,30.0
74,Q-Learning,D22,"(49, 34)",26,27.0
74,Q-Learning,D24,"(8, 93)",23,11.0
74,Q-Learning,D27,"(25, 68)",26,26.0
74,Q-Learning,D28,"(5, 11)",18,24.0
74,Q-Learning,D29,"(8, 98)",14,18.0
74,Q-Learning,D30,"(26, 28)",13,21.0
74,Q-Learning,D31,"(13, 36)",10,14.0
74,Q-Learning,D32,"(57, 42)",8,18.0
74,Q-Learning,D34,"(88, 60)",11,29.0
74,Q-Learning,D35,"(86, 64)",11,15.0
74,Q-Learning,D36,"(70, 24)",6,20.0
74,Q-Learning,D37,"(17, 36)",6,30.0
75,Greedy,D12,"(100, 43)",48,30.0
75,Greedy,D20,"(69, 96)",37,16.0
75,Greedy,D21,"(34, 61)",33,30.0
75,Greedy,D22,"(49, 34)",27,27.0
75,Greedy,D24,"(8, 93)",24,11.0
75,Greedy,D25,"(67, 41)",24,14.0
75,Greedy,D26,"(72, 68)",27,24.0
75,Greedy,D27,"(25, 68)",27,26.0
75,Greedy,D28,"(5, 11)",19,24.0
75,Greedy,D29,"(8, 98)",15,18.0
75,Greedy,D30,"(26, 28)",14,21.0
75,Greedy,D31,"(13, 36)",11,14.0
75,Greedy,D32,"(57, 42)",9,18.0
75,Greedy,D34,"(88, 60)",12,29.0
75,Greedy,D35,"(86, 64)",12,15.0
75,Greedy,D36,"(70, 24)",7,20.0
75,Greedy,D37,"(17, 36)",7,30.0
75,Greedy,D38,"(11, 21)",2,15.0
75,Auction,D18,"(53, 11)",31,10.0
75,Auction,D19,"(14, 13)",31,14.0
75,Auction,D22,"(49, 34)",27,27.0
75,Auction,D23,"(100, 35)",31,11.0
75,Auction,D24,"(8, 93)",24,11.0
75,Auction,D26,"(72, 68)",27,24.0
75,Auction,D27,"(25, 68)",27,26.0
75,Auction,D28,"(5, 11)",19,24.0
75,Auction,D29,"(8, 98)",15,18.0
75,Auction,D30,"(26, 28)",14,21.0
75,Auction,D31,"(13, 36)",11,14.0
75,Auction,D32,"(57, 42)",9,18.0
75,Auction,D33,"(79, 71)",12,12.0
75,Auction,D34,"(88, 60)",12,29.0
75,Auction,D35,"(86, 64)",12,15.0
75,Auction,D36,"(70, 24)",7,20.0
75,Auction,D37,"(17, 36)",7,30.0
75,Auction,D38,"(11, 21)",2,15.0
75,Q-Learning,D12,"(100, 43)",48,30.0
75,Q-Learning,D16,"(15, 76)",50,28.0
75,Q-Learning,D19,"(14, 13)",31,14.0
75,Q-Learning,D21,"(34, 61)",33,30.0
75,Q-Learning,D22,"(49, 34)",27,27.0
75,Q-Learning,D24,"(8, 93)",24,11.0
75,Q-Learning,D27,"(25, 68)",27,26.0
75,Q-Learning,D28,"(5, 11)",19,24.0
75,Q-Learning,D29,"(8, 98)",15,18.0
75,Q-Learning,D30,"(26, 28)",14,21.0
75,Q-Learning,D31,"(13, 36)",11,14.0
75,Q-Learning,D32,"(57, 42)",9,18.0
75,Q-Learning,D34,"(88, 60)",12,29.0
75,Q-Learning,D35,"(86, 64)",12,15.0
75,Q-Learning,D36,"(70, 24)",7,20.0
75,Q-Learning,D37,"(17, 36)",7,30.0
75,Q-Learning,D38,"(11, 21)",2,15.0
76,Greedy,D12,"(100, 43)",49,30.0
76,Greedy,D20,"(69, 96)",38,16.0
76,Greedy,D21,"(34, 61)",34,30.0
76,Greedy,D22,"(49, 34)",28,27.0
76,Greedy,D24,"(8, 93)",25,11.0
76,Greedy,D25,"(67, 41)",25,14.0
76,Greedy,D26,"(72, 68)",28,24.0
76,Greedy,D27,"(25, 68)",28,26.0
76,Greedy,D28,"(5, 11)",20,24.0
76,Greedy,D29,"(8, 98)",16,18.0
76,Greedy,D30,"(26, 28)",15,21.0
76,Greedy,D31,"(13, 36)",12,14.0
76,Greedy,D32,"(57, 42)",10,18.0
76,Greedy,D34,"(88, 60)",13,29.0
76,Greedy,D35,"(86, 64)",13,15.0
76,Greedy,D36,"(70, 24)",8,20.0
76,Greedy,D37,"(17, 36)",8,30.0
76,Greedy,D38,"(11, 21)",3,15.0
76,Auction,D18,"(53, 11)",32,10.0
76,Auction,D19,"(14, 13)",32,14.0
76,Auction,D22,"(49, 34)",28,27.0
76,Auction,D23,"(100, 35)",32,11.0
76,Auction,D24,"(8, 93)",25,11.0
76,Auction,D26,"(72, 68)",28,24.0
76,Auction,D27,"(25, 68)",28,26.0
76,Auction,D28,"(5, 11)",20,24.0
76,Auction,D29,"(8, 98)",16,18.0
76,Auction,D30,"(26, 28)",15,21.0
76,Auction,D31,"(13, 36)",12,14.0
76,Auction,D32,"(57, 42)",10,18.0
76,Auction,D33,"(79, 71)",13,12.0
76,Auction,D34,"(88, 60)",13,29.0
76,Auction,D35,"(86, 64)",13,15.0
76,Auction,D36,"(70, 24)",8,20.0
76,Auction,D37,"(17, 36)",8,30.0
76,Auction,D38,"(11, 21)",3,15.0
76,Q-Learning,D12,"(100, 43)",49,30.0
76,Q-Learning,D16,"(15, 76)",51,28.0
76,Q-Learning,D19,"(14, 13)",32,14.0
76,Q-Learning,D21,"(34, 61)",34,30.0
76,Q-Learning,D22,"(49, 34)",28,27.0
76,Q-Learning,D24,"(8, 93)",25,11.0
76,Q-Learning,D27,"(25, 68)",28,26.0
76,Q-Learning,D28,"(5, 11)",20,24.0
76,Q-Learning,D29,"(8, 98)",16,18.0
76,Q-Learning,D30,"(26, 28)",15,21.0
76,Q-Learning,D31,"(13, 36)",12,14.0
76,Q-Learning,D32,"(57, 42)",10,18.0
76,Q-Learning,D34,"(88, 60)",13,29.0
76,Q-Learning,D35,"(86, 64)",13,15.0
76,Q-Learning,D36,"(70, 24)",8,20.0
76,Q-Learning,D37,"(17, 36)",8,30.0
76,Q-Learning,D38,"(11, 21)",3,15.0
77,Greedy,D12,"(100, 43)",50,30.0
77,Greedy,D20,"(69, 96)",39,16.0
77,Greedy,D21,"(34, 61)",35,30.0
77,Greedy,D22,"(49, 34)",29,27.0
77,Greedy,D24,"(8, 93)",26,11.0
77,Greedy,D25,"(67, 41)",26,14.0
77,Greedy,D26,"(72, 68)",29,24.0
77,Greedy,D27,"(25, 68)",29,26.0
77,Greedy,D28,"(5, 11)",21,24.0
77,Greedy,D29,"(8, 98)",17,18.0
77,Greedy,D30,"(26, 28)",16,21.0
77,Greedy,D31,"(13, 36)",13,14.0
77,Greedy,D32,"(57, 42)",11,18.0
77,Greedy,D34,"(88, 60)",14,29.0
77,Greedy,D35,"(86, 64)",14,15.0
77,Greedy,D36,"(70, 24)",9,20.0
77,Greedy,D37,"(17, 36)",9,30.0
77,Greedy,D38,"(11, 21)",4,15.0
77,Auction,D18,"(53, 11)",33,10.0
77,Auction,D19,"(14, 13)",33,14.0
77,Auction,D22,"(49, 34)",29,27.0
77,Auction,D23,"(100, 35)",33,11.0
77,Auction,D24,"(8, 93)",26,11.0
77,Auction,D26,"(72, 68)",29,24.0
77,Auction,D27,"(25, 68)",29,26.0
77,Auction,D28,"(5, 11)",21,24.0
77,Auction,D29,"(8, 98)",17,18.0
77,Auction,D30,"(26, 28)",16,21.0
77,Auction,D31,"(13, 36)",13,14.0
77,Auction,D32,"(57, 42)",11,18.0
77,Auction,D33,"(79, 71)",14,12.0
77,Auction,D34,"(88, 60)",14,29.0
77,Auction,D35,"(86, 64)",14,15.0
77,Auction,D36,"(70, 24)",9,20.0
77,Auction,D37,"(17, 36)",9,30.0
77,Auction,D38,"(11, 21)",4,15.0
77,Q-Learning,D12,"(100, 43)",50,30.0
77,Q-Learning,D16,"(15, 76)",52,28.0
77,Q-Learning,D19,"(14, 13)",33,14.0
77,Q-Learning,D21,"(34, 61)",35,30.0
77,Q-Learning,D22,"(49, 34)",29,27.0
77,Q-Learning,D24,"(8, 93)",26,11.0
77,Q-Learning,D27,"(25, 68)",29,26.0
77,Q-Learning,D28,"(5, 11)",21,24.0
77,Q-Learning,D29,"(8, 98)",17,18.0
77,Q-Learning,D30,"(26, 28)",16,21.0
77,Q-Learning,D31,"(13, 36)",13,14.0
77,Q-Learning,D32,"(57, 42)",11,18.0
77,Q-Learning,D34,"(88, 60)",14,29.0
77,Q-Learning,D35,"(86, 64)",14,15.0
77,Q-Learning,D36,"(70, 24)",9,20.0
77,Q-Learning,D37,"(17, 36)",9,30.0
77,Q-Learning,D38,"(11, 21)",4,15.0
78,Greedy,D12,"(100, 43)",51,30.0
78,Greedy,D20,"(69, 96)",40,16.0
78,Greedy,D21,"(34, 61)",36,30.0
78,Greedy,D22,"(49, 34)",30,27.0
78,Greedy,D24,"(8, 93)",27,11.0
78,Greedy,D25,"(67, 41)",27,14.0
78,Greedy,D26,"(72, 68)",30,24.0
78,Greedy,D27,"(25, 68)",30,26.0
78,Greedy,D28,"(5, 11)",22,24.0
78,Greedy,D29,"(8, 98)",18,18.0
78,Greedy,D30,"(26, 28)",17,21.0
78,Greedy,D31,"(13, 36)",14,14.0
78,Greedy,D32,"(57, 42)",12,18.0
78,Greedy,D34,"(88, 60)",15,29.0
78,Greedy,D35,"(86, 64)",15,15.0
78,Greedy,D36,"(70, 24)",10,20.0
78,Greedy,D37,"(17, 36)",10,30.0
78,Greedy,D38,"(11, 21)",5,15.0
78,Auction,D18,"(53, 11)",34,10.0
78,Auction,D19,"(14, 13)",34,14.0
78,Auction,D22,"(49, 34)",30,27.0
78,Auction,D23,"(100, 35)",34,11.0
78,Auction,D24,"(8, 93)",27,11.0
78,Auction,D26,"(72, 68)",30,24.0
78,Auction,D27,"(25, 68)",30,26.0
78,Auction,D28,"(5, 11)",22,24.0
78,Auction,D29,"(8, 98)",18,18.0
78,Auction,D30,"(26, 28)",17,21.0
78,Auction,D31,"(13, 36)",14,14.0
78,Auction,D32,"(57, 42)",12,18.0
78,Auction,D33,"(79, 71)",15,12.0
78,Auction,D34,"(88, 60)",15,29.0
78,Auction,D35,"(86, 64)",15,15.0
78,Auction,D36,"(70, 24)",10,20.0
78,Auction,D37,"(17, 36)",10,30.0
78,Auction,D38,"(11, 21)",5,15.0
78,Q-Learning,D12,"(100, 43)",51,30.0
78,Q-Learning,D16,"(15, 76)",53,28.0
78,Q-Learning,D19,"(14, 13)",34,14.0
78,Q-Learning,D21,"(34, 61)",36,30.0
78,Q-Learning,D22,"(49, 34)",30,27.0
78,Q-Learning,D24,"(8, 93)",27,11.0
78,Q-Learning,D27,"(25, 68)",30,26.0
78,Q-Learning,D28,"(5, 11)",22,24.0
78,Q-Learning,D29,"(8, 98)",18,18.0
78,Q-Learning,D30,"(26, 28)",17,21.0
78,Q-Learning,D31,"(13, 36)",14,14.0
78,Q-Learning,D32,"(57, 42)",12,18.0
78,Q-Learning,D34,"(88, 60)",15,29.0
78,Q-Learning,D35,"(86, 64)",15,15.0
78,Q-Learning,D36,"(70, 24)",10,20.0
78,Q-Learning,D37,"(17, 36)",10,30.0
78,Q-Learning,D38,"(11, 21)",5,15.0
79,Greedy,D12,"(100, 43)",52,30.0
79,Greedy,D20,"(69, 96)",41,16.0
79,Greedy,D21,"(34, 61)",37,30.0
79,Greedy,D22,"(49, 34)",31,27.0
79,Greedy,D24,"(8, 93)",28,11.0
79,Greedy,D25,"(67, 41)",28,14.0
79,Greedy,D26,"(72, 68)",31,24.0
79,Greedy,D27,"(25, 68)",31,26.0
79,Greedy,D28,"(5, 11)",23,24.0
79,Greedy,D29,"(8, 98)",19,18.0
79,Greedy,D30,"(26, 28)",18,21.0
79,Greedy,D31,"(13, 36)",15,14.0
79,Greedy,D32,"(57, 42)",13,18.0
79,Greedy,D34,"(88, 60)",16,29.0
79,Greedy,D35,"(86, 64)",16,15.0
79,Greedy,D36,"(70, 24)",11,20.0
79,Greedy,D37,"(17, 36)",11,30.0
79,Greedy,D38,"(11, 21)",6,15.0
79,Greedy,D39,"(21, 52)",10,14.0
79,Auction,D18,"(53, 11)",35,10.0
79,Auction,D19,"(14, 13)",35,14.0
79,Auction,D22,"(49, 34)",31,27.0
79,Auction,D23,"(100, 35)",35,11.0
79,Auction,D24,"(8, 93)",28,11.0
79,Auction,D26,"(72, 68)",31,24.0
79,Auction,D27,"(25, 68)",31,26.0
79,Auction,D28,"(5, 11)",23,24.0
79,Auction,D29,"(8, 98)",19,18.0
79,Auction,D30,"(26, 28)",18,21.0
79,Auction,D31,"(13, 36)",15,14.0
79,Auction,D32,"(57, 42)",13,18.0
79,Auction,D33,"(79, 71)",16,12.0
79,Auction,D34,"(88, 60)",16,29.0
79,Auction,D35,"(86, 64)",16,15.0
79,Auction,D36,"(70, 24)",11,20.0
79,Auction,D37,"(17, 36)",11,30.0
79,Auction,D38,"(11, 21)",6,15.0
79,Auction,D39,"(21, 52)",10,14.0
79,Q-Learning,D12,"(100, 43)",52,30.0
79,Q-Learning,D16,"(15, 76)",54,28.0
79,Q-Learning,D19,"(14, 13)",35,14.0
79,Q-Learning,D21,"(34, 61)",37,30.0
79,Q-Learning,D22,"(49, 34)",31,27.0
79,Q-Learning,D24,"(8, 93)",28,11.0
79,Q-Learning,D27,"(25, 68)",31,26.0
79,Q-Learning,D28,"(5, 11)",23,24.0
79,Q-Learning,D29,"(8, 98)",19,18.0
79,Q-Learning,D30,"(26, 28)",18,21.0
79,Q-Learning,D31,"(13, 36)",15,14.0
79,Q-Learning,D32,"(57, 42)",13,18.0
79,Q-Learning,D34,"(88, 60)",16,29.0
79,Q-Learning,D35,"(86, 64)",16,15.0
79,Q-Learning,D36,"(70, 24)",11,20.0
79,Q-Learning,D37,"(17, 36)",11,30.0
79,Q-Learning,D38,"(11, 21)",6,15.0
79,Q-Learning,D39,"(21, 52)",10,14.0
80,Greedy,D12,"(100, 43)",53,30.0
80,Greedy,D20,"(69, 96)",42,16.0
80,Greedy,D21,"(34, 61)",38,30.0
80,Greedy,D22,"(49, 34)",32,27.0
80,Greedy,D24,"(8, 93)",29,11.0
80,Greedy,D25,"(67, 41)",29,14.0
80,Greedy,D26,"(72, 68)",32,24.0
80,Greedy,D27,"(25, 68)",32,26.0
80,Greedy,D28,"(5, 11)",24,24.0
80,Greedy,D29,"(8, 98)",20,18.0
80,Greedy,D30,"(26, 28)",19,21.0
80,Greedy,D31,"(13, 36)",16,14.0
80,Greedy,D32,"(57, 42)",14,18.0
80,Greedy,D34,"(88, 60)",17,29.0
80,Greedy,D35,"(86, 64)",17,15.0
80,Greedy,D36,"(70, 24)",12,20.0
80,Greedy,D37,"(17, 36)",12,30.0
80,Greedy,D38,"(11, 21)",7,15.0
80,Greedy,D39,"(21, 52)",11,14.0
80,Auction,D18,"(53, 11)",36,10.0
80,Auction,D19,"(14, 13)",36,14.0
80,Auction,D22,"(49, 34)",32,27.0
80,Auction,D23,"(100, 35)",36,11.0
80,Auction,D24,"(8, 93)",29,11.0
80,Auction,D26,"(72, 68)",32,24.0
80,Auction,D27,"(25, 68)",32,26.0
80,Auction,D28,"(5, 11)",24,24.0
80,Auction,D29,"(8, 98)",20,18.0
80,Auction,D30,"(26, 28)",19,21.0
80,Auction,D31,"(13, 36)",16,14.0
80,Auction,D32,"(57, 42)",14,18.0
80,Auction,D33,"(79, 71)",17,12.0
80,Auction,D34,"(88, 60)",17,29.0
80,Auction,D35,"(86, 64)",17,15.0
80,Auction,D36,"(70, 24)",12,20.0
80,Auction,D37,"(17, 36)",12,30.0
80,Auction,D38,"(11, 21)",7,15.0
80,Auction,D39,"(21, 52)",11,14.0
80,Q-Learning,D12,"(100, 43)",53,30.0
80,Q-Learning,D16,"(15, 76)",55,28.0
80,Q-Learning,D19,"(14, 13)",36,14.0
80,Q-Learning,D21,"(34, 61)",38,30.0
80,Q-Learning,D22,"(49, 34)",32,27.0
80,Q-Learning,D24,"(8, 93)",29,11.0
80,Q-Learning,D27,"(25, 68)",32,26.0
80,Q-Learning,D28,"(5, 11)",24,24.0
80,Q-Learning,D29,"(8, 98)",20,18.0
80,Q-Learning,D30,"(26, 28)",19,21.0
80,Q-Learning,D31,"(13, 36)",16,14.0
80,Q-Learning,D32,"(57, 42)",14,18.0
80,Q-Learning,D34,"(88, 60)",17,29.0
80,Q-Learning,D35,"(86, 64)",17,15.0
80,Q-Learning,D36,"(70, 24)",12,20.0
80,Q-Learning,D37,"(17, 36)",12,30.0
80,Q-Learning,D38,"(11, 21)",7,15.0
80,Q-Learning,D39,"(21, 52)",11,14.0
81,Greedy,D12,"(100, 43)",54,30.0
81,Greedy,D20,"(69, 96)",43,16.0
81,Greedy,D21,"(34, 61)",39,30.0
81,Greedy,D22,"(49, 34)",33,27.0
81,Greedy,D24,"(8, 93)",30,11.0
81,Greedy,D25,"(67, 41)",30,14.0
81,Greedy,D26,"(72, 68)",33,24.0
81,Greedy,D27,"(25, 68)",33,26.0
81,Greedy,D28,"(5, 11)",25,24.0
81,Greedy,D29,"(8, 98)",21,18.0
81,Greedy,D30,"(26, 28)",20,21.0
81,Greedy,D31,"(13, 36)",17,14.0
81,Greedy,D32,"(57, 42)",15,18.0
81,Greedy,D34,"(88, 60)",18,29.0
81,Greedy,D35,"(86, 64)",18,15.0
81,Greedy,D36,"(70, 24)",13,20.0
81,Greedy,D37,"(17, 36)",13,30.0
81,Greedy,D38,"(11, 21)",8,15.0
81,Greedy,D39,"(21, 52)",12,14.0
81,Auction,D18,"(53, 11)",37,10.0
81,Auction,D19,"(14, 13)",37,14.0
81,Auction,D22,"(49, 34)",33,27.0
81,Auction,D23,"(100, 35)",37,11.0
81,Auction,D24,"(8, 93)",30,11.0
81,Auction,D26,"(72, 68)",33,24.0
81,Auction,D27,"(25, 68)",33,26.0
81,Auction,D28,"(5, 11)",25,24.0
81,Auction,D29,"(8, 98)",21,18.0
81,Auction,D30,"(26, 28)",20,21.0
81,Auction,D31,"(13, 36)",17,14.0
81,Auction,D32,"(57, 42)",15,18.0
81,Auction,D33,"(79, 71)",18,12.0
81,Auction,D34,"(88, 60)",18,29.0
81,Auction,D35,"(86, 64)",18,15.0
81,Auction,D36,"(70, 24)",13,20.0
81,Auction,D37,"(17, 36)",13,30.0
81,Auction,D38,"(11, 21)",8,15.0
81,Auction,D39,"(21, 52)",12,14.0
81,Q-Learning,D12,"(100, 43)",54,30.0
81,Q-Learning,D16,"(15, 76)",56,28.0
81,Q-Learning,D19,"(14, 13)",37,14.0
81,Q-Learning,D21,"(34, 61)",39,30.0
81,Q-Learning,D22,"(49, 34)",33,27.0
81,Q-Learning,D24,"(8, 93)",30,11.0
81,Q-Learning,D27,"(25, 68)",33,26.0
81,Q-Learning,D28,"(5, 11)",25,24.0
81,Q-Learning,D29,"(8, 98)",21,18.0
81,Q-Learning,D30,"(26, 28)",20,21.0
81,Q-Learning,D31,"(13, 36)",17,14.0
81,Q-Learning,D32,"(57, 42)",15,18.0
81,Q-Learning,D34,"(88, 60)",18,29.0
81,Q-Learning,D35,"(86, 64)",18,15.0
81,Q-Learning,D36,"(70, 24)",13,20.0
81,Q-Learning,D37,"(17, 36)",13,30.0
81,Q-Learning,D38,"(11, 21)",8,15.0
81,Q-Learning,D39,"(21, 52)",12,14.0
82,Greedy,D12,"(100, 43)",55,30.0
82,Greedy,D20,"(69, 96)",44,16.0
82,Greedy,D21,"(34, 61)",40,30.0
82,Greedy,D22,"(49, 34)",34,27.0
82,Greedy,D24,"(8, 93)",31,11.0
82,Greedy,D25,"(67, 41)",31,14.0
82,Greedy,D26,"(72, 68)",34,24.0
82,Greedy,D27,"(25, 68)",34,26.0
82,Greedy,D28,"(5, 11)",26,24.0
82,Greedy,D29,"(8, 98)",22,18.0
82,Greedy,D30,"(26, 28)",21,21.0
82,Greedy,D31,"(13, 36)",18,14.0
82,Greedy,D32,"(57, 42)",16,18.0
82,Greedy,D34,"(88, 60)",19,29.0
82,Greedy,D35,"(86, 64)",19,15.0
82,Greedy,D36,"(70, 24)",14,20.0
82,Greedy,D37,"(17, 36)",14,30.0
82,Greedy,D38,"(11, 21)",9,15.0
82,Greedy,D39,"(21, 52)",13,14.0
82,Auction,D18,"(53, 11)",38,10.0
82,Auction,D19,"(14, 13)",38,14.0
82,Auction,D22,"(49, 34)",34,27.0
82,Auction,D23,"(100, 35)",38,11.0
82,Auction,D24,"(8, 93)",31,11.0
82,Auction,D26,"(72, 68)",34,24.0
82,Auction,D27,"(25, 68)",34,26.0
82,Auction,D28,"(5, 11)",26,24.0
82,Auction,D29,"(8, 98)",22,18.0
82,Auction,D30,"(26, 28)",21,21.0
82,Auction,D31,"(13, 36)",18,14.0
82,Auction,D32,"(57, 42)",16,18.0
82,Auction,D33,"(79, 71)",19,12.0
82,Auction,D34,"(88, 60)",19,29.0
82,Auction,D35,"(86, 64)",19,15.0
82,Auction,D36,"(70, 24)",14,20.0
82,Auction,D37,"(17, 36)",14,30.0
82,Auction,D38,"(11, 21)",9,15.0
82,Auction,D39,"(21, 52)",13,14.0
82,Q-Learning,D12,"(100, 43)",55,30.0
82,Q-Learning,D16,"(15, 76)",57,28.0
82,Q-Learning,D19,"(14, 13)",38,14.0
82,Q-Learning,D21,"(34, 61)",40,30.0
82,Q-Learning,D22,"(49, 34)",34,27.0
82,Q-Learning,D24,"(8, 93)",31,11.0
82,Q-Learning,D27,"(25, 68)",34,26.0
82,Q-Learning,D28,"(5, 11)",26,24.0
82,Q-Learning,D29,"(8, 98)",22,18.0
82,Q-Learning,D30,"(26, 28)",21,21.0
82,Q-Learning,D31,"(13, 36)",18,14.0
82,Q-Learning,D32,"(57, 42)",16,18.0
82,Q-Learning,D34,"(88, 60)",19,29.0
82,Q-Learning,D35,"(86, 64)",19,15.0
82,Q-Learning,D36,"(70, 24)",14,20.0
82,Q-Learning,D37,"(17, 36)",14,30.0
82,Q-Learning,D38,"(11, 21)",9,15.0
82,Q-Learning,D39,"(21, 52)",13,14.0
83,Greedy,D12,"(100, 43)",56,30.0
83,Greedy,D20,"(69, 96)",45,16.0
83,Greedy,D21,"(34, 61)",41,30.0
83,Greedy,D22,"(49, 34)",35,27.0
83,Greedy,D24,"(8, 93)",32,11.0
83,Greedy,D25,"(67, 41)",32,14.0
83,Greedy,D26,"(72, 68)",35,24.0
83,Greedy,D27,"(25, 68)",35,26.0
83,Greedy,D28,"(5, 11)",27,24.0
83,Greedy,D29,"(8, 98)",23,18.0
83,Greedy,D30,"(26, 28)",22,21.0
83,Greedy,D31,"(13, 36)",19,14.0
83,Greedy,D32,"(57, 42)",17,18.0
83,Greedy,D34,"(88, 60)",20,29.0
83,Greedy,D35,"(86, 64)",20,15.0
83,Greedy,D36,"(70, 24)",15,20.0
83,Greedy,D37,"(17, 36)",15,30.0
83,Greedy,D38,"(11, 21)",10,15.0
83,Greedy,D39,"(21, 52)",14,14.0
83,Auction,D18,"(53, 11)",39,10.0
83,Auction,D19,"(14, 13)",39,14.0
83,Auction,D22,"(49, 34)",35,27.0
83,Auction,D23,"(100, 35)",39,11.0
83,Auction,D24,"(8, 93)",32,11.0
83,Auction,D26,"(72, 68)",35,24.0
83,Auction,D27,"(25, 68)",35,26.0
83,Auction,D28,"(5, 11)",27,24.0
83,Auction,D29,"(8, 98)",23,18.0
83,Auction,D30,"(26, 28)",22,21.0
83,Auction,D31,"(13, 36)",19,14.0
83,Auction,D32,"(57, 42)",17,18.0
83,Auction,D33,"(79, 71)",20,12.0
83,Auction,D34,"(88, 60)",20,29.0
83,Auction,D35,"(86, 64)",20,15.0
83,Auction,D36,"(70, 24)",15,20.0
83,Auction,D37,"(17, 36)",15,30.0
83,Auction,D38,"(11, 21)",10,15.0
83,Auction,D39,"(21, 52)",14,14.0
83,Q-Learning,D12,"(100, 43)",56,30.0
83,Q-Learning,D16,"(15, 76)",58,28.0
83,Q-Learning,D19,"(14, 13)",39,14.0
83,Q-Learning,D21,"(34, 61)",41,30.0
83,Q-Learning,D22,"(49, 34)",35,27.0
83,Q-Learning,D24,"(8, 93)",32,11.0
83,Q-Learning,D27,"(25, 68)",35,26.0
83,Q-Learning,D28,"(5, 11)",27,24.0
83,Q-Learning,D29,"(8, 98)",23,18.0
83,Q-Learning,D30,"(26, 28)",22,21.0
83,Q-Learning,D31,"(13, 36)",19,14.0
83,Q-Learning,D32,"(57, 42)",17,18.0
83,Q-Learning,D34,"(88, 60)",20,29.0
83,Q-Learning,D35,"(86, 64)",20,15.0
83,Q-Learning,D36,"(70, 24)",15,20.0
83,Q-Learning,D37,"(17, 36)",15,30.0
83,Q-Learning,D38,"(11, 21)",10,15.0
83,Q-Learning,D39,"(21, 52)",14,14.0
84,Greedy,D12,"(100, 43)",57,30.0
84,Greedy,D20,"(69, 96)",46,16.0
84,Greedy,D21,"(34, 61)",42,30.0
84,Greedy,D22,"(49, 34)",36,27.0
84,Greedy,D24,"(8, 93)",33,11.0
84,Greedy,D26,"(72, 68)",36,24.0
84,Greedy,D27,"(25, 68)",36,26.0
84,Greedy,D28,"(5, 11)",28,24.0
84,Greedy,D29,"(8, 98)",24,18.0
84,Greedy,D30,"(26, 28)",23,21.0
84,Greedy,D31,"(13, 36)",20,14.0
84,Greedy,D32,"(57, 42)",18,18.0
84,Greedy,D34,"(88, 60)",21,29.0
84,Greedy,D35,"(86, 64)",21,15.0
84,Greedy,D36,"(70, 24)",16,20.0
84,Greedy,D37,"(17, 36)",16,30.0
84,Greedy,D38,"(11, 21)",11,15.0
84,Greedy,D39,"(21, 52)",15,14.0
84,Greedy,D40,"(8, 14)",10,27.0
84,Auction,D18,"(53, 11)",40,10.0
84,Auction,D19,"(14, 13)",40,14.0
84,Auction,D22,"(49, 34)",36,27.0
84,Auction,D23,"(100, 35)",40,11.0
84,Auction,D24,"(8, 93)",33,11.0
84,Auction,D26,"(72, 68)",36,24.0
84,Auction,D27,"(25, 68)",36,26.0
84,Auction,D28,"(5, 11)",28,24.0
84,Auction,D29,"(8, 98)",24,18.0
84,Auction,D30,"(26, 28)",23,21.0
84,Auction,D31,"(13, 36)",20,14.0
84,Auction,D32,"(57, 42)",18,18.0
84,Auction,D33,"(79, 71)",21,12.0
84,Auction,D34,"(88, 60)",21,29.0
84,Auction,D35,"(86, 64)",21,15.0
84,Auction,D36,"(70, 24)",16,20.0
84,Auction,D37,"(17, 36)",16,30.0
84,Auction,D38,"(11, 21)",11,15.0
84,Auction,D39,"(21, 52)",15,14.0
84,Auction,D40,"(8, 14)",10,27.0
84,Q-Learning,D12,"(100, 43)",57,30.0
84,Q-Learning,D16,"(15, 76)",59,28.0
84,Q-Learning,D19,"(14, 13)",40,14.0
84,Q-Learning,D21,"(34, 61)",42,30.0
84,Q-Learning,D22,"(49, 34)",36,27.0
84,Q-Learning,D24,"(8, 93)",33,11.0
84,Q-Learning,D27,"(25, 68)",36,26.0
84,Q-Learning,D28,"(5, 11)",28,24.0
84,Q-Learning,D29,"(8, 98)",24,18.0
84,Q-Learning,D30,"(26, 28)",23,21.0
84,Q-Learning,D31,"(13, 36)",20,14.0
84,Q-Learning,D32,"(57, 42)",18,18.0
84,Q-Learning,D34,"(88, 60)",21,29.0
84,Q-Learning,D35,"(86, 64)",21,15.0
84,Q-Learning,D36,"(70, 24)",16,20.0
84,Q-Learning,D37,"(17, 36)",16,30.0
84,Q-Learning,D38,"(11, 21)",11,15.0
84,Q-Learning,D39,"(21, 52)",15,14.0
84,Q-Learning,D40,"(8, 14)",10,27.0
85,Greedy,D12,"(100, 43)",58,30.0
85,Greedy,D20,"(69, 96)",47,16.0
85,Greedy,D21,"(34, 61)",43,30.0
85,Greedy,D22,"(49, 34)",37,27.0
85,Greedy,D24,"(8, 93)",34,11.0
85,Greedy,D26,"(72, 68)",37,24.0
85,Greedy,D27,"(25, 68)",37,26.0
85,Greedy,D28,"(5, 11)",29,24.0
85,Greedy,D29,"(8, 98)",25,18.0
85,Greedy,D30,"(26, 28)",24,21.0
85,Greedy,D31,"(13, 36)",21,14.0
85,Greedy,D32,"(57, 42)",19,18.0
85,Greedy,D34,"(88, 60)",22,29.0
85,Greedy,D35,"(86, 64)",22,15.0
85,Greedy,D36,"(70, 24)",17,20.0
85,Greedy,D37,"(17, 36)",17,30.0
85,Greedy,D38,"(11, 21)",12,15.0
85,Greedy,D39,"(21, 52)",16,14.0
85,Greedy,D40,"(8, 14)",11,27.0
85,Greedy,D41,"(84, 9)",6,23.0
85,Auction,D18,"(53, 11)",41,10.0
85,Auction,D19,"(14, 13)",41,14.0
85,Auction,D22,"(49, 34)",37,27.0
85,Auction,D23,"(100, 35)",41,11.0
85,Auction,D24,"(8, 93)",34,11.0
85,Auction,D26,"(72, 68)",37,24.0
85,Auction,D27,"(25, 68)",37,26.0
85,Auction,D28,"(5, 11)",29,24.0
85,Auction,D29,"(8, 98)",25,18.0
85,Auction,D30,"(26, 28)",24,21.0
85,Auction,D31,"(13, 36)",21,14.0
85,Auction,D32,"(57, 42)",19,18.0
85,Auction,D33,"(79, 71)",22,12.0
85,Auction,D34,"(88, 60)",22,29.0
85,Auction,D35,"(86, 64)",22,15.0
85,Auction,D36,"(70, 24)",17,20.0
85,Auction,D37,"(17, 36)",17,30.0
85,Auction,D38,"(11, 21)",12,15.0
85,Auction,D39,"(21, 52)",16,14.0
85,Auction,D40,"(8, 14)",11,27.0
85,Auction,D41,"(84, 9)",6,23.0
85,Q-Learning,D12,"(100, 43)",58,30.0
85,Q-Learning,D16,"(15, 76)",60,28.0
85,Q-Learning,D19,"(14, 13)",41,14.0
85,Q-Learning,D21,"(34, 61)",43,30.0
85,Q-Learning,D22,"(49, 34)",37,27.0
85,Q-Learning,D24,"(8, 93)",34,11.0
85,Q-Learning,D27,"(25, 68)",37,26.0
85,Q-Learning,D28,"(5, 11)",29,24.0
85,Q-Learning,D29,"(8, 98)",25,18.0
85,Q-Learning,D30,"(26, 28)",24,21.0
85,Q-Learning,D31,"(13, 36)",21,14.0
85,Q-Learning,D32,"(57, 42)",19,18.0
85,Q-Learning,D34,"(88, 60)",22,29.0
85,Q-Learning,D35,"(86, 64)",22,15.0
85,Q-Learning,D36,"(70, 24)",17,20.0
85,Q-Learning,D37,"(17, 36)",17,30.0
85,Q-Learning,D38,"(11, 21)",12,15.0
85,Q-Learning,D39,"(21, 52)",16,14.0
85,Q-Learning,D40,"(8, 14)",11,27.0
85,Q-Learning,D41,"(84, 9)",6,23.0
86,Greedy,D12,"(100, 43)",59,30.0
86,Greedy,D20,"(69, 96)",48,16.0
86,Greedy,D21,"(34, 61)",44,30.0
86,Greedy,D22,"(49, 34)",38,27.0
86,Greedy,D24,"(8, 93)",35,11.0
86,Greedy,D26,"(72, 68)",38,24.0
86,Greedy,D27,"(25, 68)",38,26.0
86,Greedy,D28,"(5, 11)",30,24.0
86,Greedy,D29,"(8, 98)",26,18.0
86,Greedy,D30,"(26, 28)",25,21.0
86,Greedy,D31,"(13, 36)",22,14.0
86,Greedy,D32,"(57, 42)",20,18.0
86,Greedy,D34,"(88, 60)",23,29.0
86,Greedy,D35,"(86, 64)",23,15.0
86,Greedy,D36,"(70, 24)",18,20.0
86,Greedy,D37,"(17, 36)",18,30.0
86,Greedy,D38,"(11, 21)",13,15.0
86,Greedy,D39,"(21, 52)",17,14.0
86,Greedy,D40,"(8, 14)",12,27.0
86,Greedy,D41,"(84, 9)",7,23.0
86,Greedy,D42,"(8, 8)",3,29.0
86,Auction,D18,"(53, 11)",42,10.0
86,Auction,D19,"(14, 13)",42,14.0
86,Auction,D22,"(49, 34)",38,27.0
86,Auction,D23,"(100, 35)",42,11.0
86,Auction,D24,"(8, 93)",35,11.0
86,Auction,D26,"(72, 68)",38,24.0
86,Auction,D27,"(25, 68)",38,26.0
86,Auction,D28,"(5, 11)",30,24.0
86,Auction,D29,"(8, 98)",26,18.0
86,Auction,D30,"(26, 28)",25,21.0
86,Auction,D31,"(13, 36)",22,14.0
86,Auction,D32,"(57, 42)",20,18.0
86,Auction,D33,"(79, 71)",23,12.0
86,Auction,D34,"(88, 60)",23,29.0
86,Auction,D35,"(86, 64)",23,15.0
86,Auction,D36,"(70, 24)",18,20.0
86,Auction,D37,"(17, 36)",18,30.0
86,Auction,D38,"(11, 21)",13,15.0
86,Auction,D39,"(21, 52)",17,14.0
86,Auction,D40,"(8, 14)",12,27.0
86,Auction,D41,"(84, 9)",7,23.0
86,Auction,D42,"(8, 8)",3,29.0
86,Q-Learning,D12,"(100, 43)",59,30.0
86,Q-Learning,D16,"(15, 76)",61,28.0
86,Q-Learning,D19,"(14, 13)",42,14.0
86,Q-Learning,D21,"(34, 61)",44,30.0
86,Q-Learning,D22,"(49, 34)",38,27.0
86,Q-Learning,D24,"(8, 93)",35,11.0
86,Q-Learning,D27,"(25, 68)",38,26.0
86,Q-Learning,D28,"(5, 11)",30,24.0
86,Q-Learning,D29,"(8, 98)",26,18.0
86,Q-Learning,D30,"(26, 28)",25,21.0
86,Q-Learning,D31,"(13, 36)",22,14.0
86,Q-Learning,D32,"(57, 42)",20,18.0
86,Q-Learning,D34,"(88, 60)",23,29.0
86,Q-Learning,D35,"(86, 64)",23,15.0
86,Q-Learning,D36,"(70, 24)",18,20.0
86,Q-Learning,D37,"(17, 36)",18,30.0
86,Q-Learning,D38,"(11, 21)",13,15.0
86,Q-Learning,D39,"(21, 52)",17,14.0
86,Q-Learning,D40,"(8, 14)",12,27.0
86,Q-Learning,D41,"(84, 9)",7,23.0
86,Q-Learning,D42,"(8, 8)",3,29.0
87,Greedy,D12,"(100, 43)",60,30.0
87,Greedy,D20,"(69, 96)",49,16.0
87,Greedy,D21,"(34, 61)",45,30.0
87,Greedy,D22,"(49, 34)",39,27.0
87,Greedy,D24,"(8, 93)",36,11.0
87,Greedy,D26,"(72, 68)",39,24.0
87,Greedy,D27,"(25, 68)",39,26.0
87,Greedy,D28,"(5, 11)",31,24.0
87,Greedy,D29,"(8, 98)",27,18.0
87,Greedy,D30,"(26, 28)",26,21.0
87,Greedy,D31,"(13, 36)",23,14.0
87,Greedy,D32,"(57, 42)",21,18.0
87,Greedy,D34,"(88, 60)",24,29.0
87,Greedy,D35,"(86, 64)",24,15.0
87,Greedy,D36,"(70, 24)",19,20.0
87,Greedy,D37,"(17, 36)",19,30.0
87,Greedy,D38,"(11, 21)",14,15.0
87,Greedy,D39,"(21, 52)",18,14.0
87,Greedy,D40,"(8, 14)",13,27.0
87,Greedy,D41,"(84, 9)",8,23.0
87,Greedy,D42,"(8, 8)",4,29.0
87,Greedy,D43,"(54, 64)",9,11.0
87,Auction,D18,"(53, 11)",43,10.0
87,Auction,D19,"(14, 13)",43,14.0
87,Auction,D22,"(49, 34)",39,27.0
87,Auction,D23,"(100, 35)",43,11.0
87,Auction,D24,"(8, 93)",36,11.0
87,Auction,D26,"(72, 68)",39,24.0
87,Auction,D27,"(25, 68)",39,26.0
87,Auction,D28,"(5, 11)",31,24.0
87,Auction,D29,"(8, 98)",27,18.0
87,Auction,D30,"(26, 28)",26,21.0
87,Auction,D31,"(13, 36)",23,14.0
87,Auction,D32,"(57, 42)",21,18.0
87,Auction,D33,"(79, 71)",24,12.0
87,Auction,D34,"(88, 60)",24,29.0
87,Auction,D35,"(86, 64)",24,15.0
87,Auction,D36,"(70, 24)",19,20.0
87,Auction,D37,"(17, 36)",19,30.0
87,Auction,D38,"(11, 21)",14,15.0
87,Auction,D39,"(21, 52)",18,14.0
87,Auction,D40,"(8, 14)",13,27.0
87,Auction,D41,"(84, 9)",8,23.0
87,Auction,D42,"(8, 8)",4,29.0
87,Auction,D43,"(54, 64)",9,11.0
87,Q-Learning,D12,"(100, 43)",60,30.0
87,Q-Learning,D16,"(15, 76)",62,28.0
87,Q-Learning,D19,"(14, 13)",43,14.0
87,Q-Learning,D21,"(34, 61)",45,30.0
87,Q-Learning,D22,"(49, 34)",39,27.0
87,Q-Learning,D24,"(8, 93)",36,11.0
87,Q-Learning,D27,"(25, 68)",39,26.0
87,Q-Learning,D28,"(5, 11)",31,24.0
87,Q-Learning,D29,"(8, 98)",27,18.0
87,Q-Learning,D30,"(26, 28)",26,21.0
87,Q-Learning,D31,"(13, 36)",23,14.0
87,Q-Learning,D32,"(57, 42)",21,18.0
87,Q-Learning,D34,"(88, 60)",24,29.0
87,Q-Learning,D35,"(86, 64)",24,15.0
87,Q-Learning,D36,"(70, 24)",19,20.0
87,Q-Learning,D37,"(17, 36)",19,30.0
87,Q-Learning,D38,"(11, 21)",14,15.0
87,Q-Learning,D39,"(21, 52)",18,14.0
87,Q-Learning,D40,"(8, 14)",13,27.0
87,Q-Learning,D41,"(84, 9)",8,23.0
87,Q-Learning,D42,"(8, 8)",4,29.0
87,Q-Learning,D43,"(54, 64)",9,11.0
88,Greedy,D12,"(100, 43)",61,30.0
88,Greedy,D20,"(69, 96)",50,16.0
88,Greedy,D21,"(34, 61)",46,30.0
88,Greedy,D22,"(49, 34)",40,27.0
88,Greedy,D24,"(8, 93)",37,11.0
88,Greedy,D26,"(72, 68)",40,24.0
88,Greedy,D27,"(25, 68)",40,26.0
88,Greedy,D28,"(5, 11)",32,24.0
88,Greedy,D29,"(8, 98)",28,18.0
88,Greedy,D30,"(26, 28)",27,21.0
88,Greedy,D31,"(13, 36)",24,14.0
88,Greedy,D32,"(57, 42)",22,18.0
88,Greedy,D34,"(88, 60)",25,29.0
88,Greedy,D35,"(86, 64)",25,15.0
88,Greedy,D36,"(70, 24)",20,20.0
88,Greedy,D37,"(17, 36)",20,30.0
88,Greedy,D38,"(11, 21)",15,15.0
88,Greedy,D39,"(21, 52)",19,14.0
88,Greedy,D40,"(8, 14)",14,27.0
88,Greedy,D41,"(84, 9)",9,23.0
88,Greedy,D42,"(8, 8)",5,29.0
88,Greedy,D43,"(54, 64)",10,11.0
88,Greedy,D44,"(8, 32)",6,16.0
88,Auction,D18,"(53, 11)",44,10.0
88,Auction,D19,"(14, 13)",44,14.0
88,Auction,D22,"(49, 34)",40,27.0
88,Auction,D23,"(100, 35)",44,11.0
88,Auction,D24,"(8, 93)",37,11.0
88,Auction,D26,"(72, 68)",40,24.0
88,Auction,D27,"(25, 68)",40,26.0
88,Auction,D28,"(5, 11)",32,24.0
88,Auction,D29,"(8, 98)",28,18.0
88,Auction,D30,"(26, 28)",27,21.0
88,Auction,D31,"(13, 36)",24,14.0
88,Auction,D32,"(57, 42)",22,18.0
88,Auction,D33,"(79, 71)",25,12.0
88,Auction,D34,"(88, 60)",25,29.0
88,Auction,D35,"(86, 64)",25,15.0
88,Auction,D36,"(70, 24)",20,20.0
88,Auction,D37,"(17, 36)",20,30.0
88,Auction,D38,"(11, 21)",15,15.0
88,Auction,D39,"(21, 52)",19,14.0
88,Auction,D40,"(8, 14)",14,27.0
88,Auction,D41,"(84, 9)",9,23.0
88,Auction,D42,"(8, 8)",5,29.0
88,Auction,D43,"(54, 64)",10,11.0
88,Auction,D44,"(8, 32)",6,16.0
88,Q-Learning,D12,"(100, 43)",61,30.0
88,Q-Learning,D16,"(15, 76)",63,28.0
88,Q-Learning,D19,"(14, 13)",44,14.0
88,Q-Learning,D21,"(34, 61)",46,30.0
88,Q-Learning,D22,"(49, 34)",40,27.0
88,Q-Learning,D24,"(8, 93)",37,11.0
88,Q-Learning,D27,"(25, 68)",40,26.0
88,Q-Learning,D28,"(5, 11)",32,24.0
88,Q-Learning,D29,"(8, 98)",28,18.0
88,Q-Learning,D30,"(26, 28)",27,21.0
88,Q-Learning,D31,"(13, 36)",24,14.0
88,Q-Learning,D32,"(57, 42)",22,18.0
88,Q-Learning,D34,"(88, 60)",25,29.0
88,Q-Learning,D35,"(86, 64)",25,15.0
88,Q-Learning,D36,"(70, 24)",20,20.0
88,Q-Learning,D37,"(17, 36)",20,30.0
88,Q-Learning,D38,"(11, 21)",15,15.0
88,Q-Learning,D39,"(21, 52)",19,14.0
88,Q-Learning,D40,"(8, 14)",14,27.0
88,Q-Learning,D41,"(84, 9)",9,23.0
88,Q-Learning,D42,"(8, 8)",5,29.0
88,Q-Learning,D43,"(54, 64)",10,11.0
88,Q-Learning,D44,"(8, 32)",6,16.0
89,Greedy,D12,"(100, 43)",62,30.0
89,Greedy,D20,"(69, 96)",51,16.0
89,Greedy,D21,"(34, 61)",47,30.0
89,Greedy,D22,"(49, 34)",41,27.0
89,Greedy,D24,"(8, 93)",38,11.0
89,Greedy,D26,"(72, 68)",41,24.0
89,Greedy,D27,"(25, 68)",41,26.0
89,Greedy,D28,"(5, 11)",33,24.0
89,Greedy,D29,"(8, 98)",29,18.0
89,Greedy,D30,"(26, 28)",28,21.0
89,Greedy,D31,"(13, 36)",25,14.0
89,Greedy,D32,"(57, 42)",23,18.0
89,Greedy,D34,"(88, 60)",26,29.0
89,Greedy,D35,"(86, 64)",26,15.0
89,Greedy,D36,"(70, 24)",21,20.0
89,Greedy,D37,"(17, 36)",21,30.0
89,Greedy,D38,"(11, 21)",16,15.0
89,Greedy,D39,"(21, 52)",20,14.0
89,Greedy,D40,"(8, 14)",15,27.0
89,Greedy,D41,"(84, 9)",10,23.0
89,Greedy,D42,"(8, 8)",6,29.0
89,Greedy,D43,"(54, 64)",11,11.0
89,Greedy,D44,"(8, 32)",7,16.0
89,Auction,D18,"(53, 11)",45,10.0
89,Auction,D19,"(14, 13)",45,14.0
89,Auction,D22,"(49, 34)",41,27.0
89,Auction,D23,"(100, 35)",45,11.0
89,Auction,D24,"(8, 93)",38,11.0
89,Auction,D26,"(72, 68)",41,24.0
89,Auction,D27,"(25, 68)",41,26.0
89,Auction,D28,"(5, 11)",33,24.0
89,Auction,D29,"(8, 98)",29,18.0
89,Auction,D30,"(26, 28)",28,21.0
89,Auction,D31,"(13, 36)",25,14.0
89,Auction,D32,"(57, 42)",23,18.0
89,Auction,D33,"(79, 71)",26,12.0
89,Auction,D34,"(88, 60)",26,29.0
89,Auction,D35,"(86, 64)",26,15.0
89,Auction,D36,"(70, 24)",21,20.0
89,Auction,D37,"(17, 36)",21,30.0
89,Auction,D38,"(11, 21)",16,15.0
89,Auction,D39,"(21, 52)",20,14.0
89,Auction,D40,"(8, 14)",15,27.0
89,Auction,D41,"(84, 9)",10,23.0
89,Auction,D42,"(8, 8)",6,29.0
89,Auction,D43,"(54, 64)",11,11.0
89,Auction,D44,"(8, 32)",7,16.0
89,Q-Learning,D12,"(100, 43)",62,30.0
89,Q-Learning,D16,"(15, 76)",64,28.0
89,Q-Learning,D19,"(14, 13)",45,14.0
89,Q-Learning,D21,"(34, 61)",47,30.0
89,Q-Learning,D22,"(49, 34)",41,27.0
89,Q-Learning,D24,"(8, 93)",38,11.0
89,Q-Learning,D27,"(25, 68)",41,26.0
89,Q-Learning,D28,"(5, 11)",33,24.0
89,Q-Learning,D29,"(8, 98)",29,18.0
89,Q-Learning,D30,"(26, 28)",28,21.0
89,Q-Learning,D31,"(13, 36)",25,14.0
89,Q-Learning,D32,"(57, 42)",23,18.0
89,Q-Learning,D34,"(88, 60)",26,29.0
89,Q-Learning,D35,"(86, 64)",26,15.0
89,Q-Learning,D36,"(70, 24)",21,20.0
89,Q-Learning,D37,"(17, 36)",21,30.0
89,Q-Learning,D38,"(11, 21)",16,15.0
89,Q-Learning,D39,"(21, 52)",20,14.0
89,Q-Learning,D40,"(8, 14)",15,27.0
89,Q-Learning,D41,"(84, 9)",10,23.0
89,Q-Learning,D42,"(8, 8)",6,29.0
89,Q-Learning,D43,"(54, 64)",11,11.0
89,Q-Learning,D44,"(8, 32)",7,16.0
90,Greedy,D12,"(100, 43)",63,30.0
90,Greedy,D20,"(69, 96)",52,16.0
90,Greedy,D21,"(34, 61)",48,30.0
90,Greedy,D22,"(49, 34)",42,27.0
90,Greedy,D24,"(8, 93)",39,11.0
90,Greedy,D26,"(72, 68)",42,24.0
90,Greedy,D27,"(25, 68)",42,26.0
90,Greedy,D28,"(5, 11)",34,24.0
90,Greedy,D29,"(8, 98)",30,18.0
90,Greedy,D30,"(26, 28)",29,21.0
90,Greedy,D31,"(13, 36)",26,14.0
90,Greedy,D32,"(57, 42)",24,18.0
90,Greedy,D34,"(88, 60)",27,29.0
90,Greedy,D35,"(86, 64)",27,15.0
90,Greedy,D36,"(70, 24)",22,20.0
90,Greedy,D37,"(17, 36)",22,30.0
90,Greedy,D38,"(11, 21)",17,15.0
90,Greedy,D39,"(21, 52)",21,14.0
90,Greedy,D40,"(8, 14)",16,27.0
90,Greedy,D41,"(84, 9)",11,23.0
90,Greedy,D42,"(8, 8)",7,29.0
90,Greedy,D43,"(54, 64)",12,11.0
90,Greedy,D44,"(8, 32)",8,16.0
90,Greedy,D45,"(24, 50)",3,27.0
90,Auction,D18,"(53, 11)",46,10.0
90,Auction,D19,"(14, 13)",46,14.0
90,Auction,D22,"(49, 34)",42,27.0
90,Auction,D23,"(100, 35)",46,11.0
90,Auction,D24,"(8, 93)",39,11.0
90,Auction,D26,"(72, 68)",42,24.0
90,Auction,D27,"(25, 68)",42,26.0
90,Auction,D28,"(5, 11)",34,24.0
90,Auction,D29,"(8, 98)",30,18.0
90,Auction,D30,"(26, 28)",29,21.0
90,Auction,D31,"(13, 36)",26,14.0
90,Auction,D32,"(57, 42)",24,18.0
90,Auction,D33,"(79, 71)",27,12.0
90,Auction,D34,"(88, 60)",27,29.0
90,Auction,D35,"(86, 64)",27,15.0
90,Auction,D36,"(70, 24)",22,20.0
90,Auction,D37,"(17, 36)",22,30.0
90,Auction,D38,"(11, 21)",17,15.0
90,Auction,D39,"(21, 52)",21,14.0
90,Auction,D40,"(8, 14)",16,27.0
90,Auction,D41,"(84, 9)",11,23.0
90,Auction,D42,"(8, 8)",7,29.0
90,Auction,D43,"(54, 64)",12,11.0
90,Auction,D44,"(8, 32)",8,16.0
90,Auction,D45,"(24, 50)",3,27.0
90,Q-Learning,D12,"(100, 43)",63,30.0
90,Q-Learning,D16,"(15, 76)",65,28.0
90,Q-Learning,D19,"(14, 13)",46,14.0
90,Q-Learning,D21,"(34, 61)",48,30.0
90,Q-Learning,D22,"(49, 34)",42,27.0
90,Q-Learning,D24,"(8, 93)",39,11.0
90,Q-Learning,D27,"(25, 68)",42,26.0
90,Q-Learning,D28,"(5, 11)",34,24.0
90,Q-Learning,D29,"(8, 98)",30,18.0
90,Q-Learning,D30,"(26, 28)",29,21.0
90,Q-Learning,D31,"(13, 36)",26,14.0
90,Q-Learning,D32,"(57, 42)",24,18.0
90,Q-Learning,D34,"(88, 60)",27,29.0
90,Q-Learning,D35,"(86, 64)",27,15.0
90,Q-Learning,D36,"(70, 24)",22,20.0
90,Q-Learning,D37,"(17, 36)",22,30.0
90,Q-Learning,D38,"(11, 21)",17,15.0
90,Q-Learning,D39,"(21, 52)",21,14.0
90,Q-Learning,D40,"(8, 14)",16,27.0
90,Q-Learning,D41,"(84, 9)",11,23.0
90,Q-Learning,D42,"(8, 8)",7,29.0
90,Q-Learning,D43,"(54, 64)",12,11.0
90,Q-Learning,D44,"(8, 32)",8,16.0
90,Q-Learning,D45,"(24, 50)",3,27.0
91,Greedy,D12,"(100, 43)",64,30.0
91,Greedy,D20,"(69, 96)",53,16.0
91,Greedy,D21,"(34, 61)",49,30.0
91,Greedy,D22,"(49, 34)",43,27.0
91,Greedy,D24,"(8, 93)",40,11.0
91,Greedy,D26,"(72, 68)",43,24.0
91,Greedy,D27,"(25, 68)",43,26.0
91,Greedy,D28,"(5, 11)",35,24.0
91,Greedy,D29,"(8, 98)",31,18.0
91,Greedy,D30,"(26, 28)",30,21.0
91,Greedy,D31,"(13, 36)",27,14.0
91,Greedy,D32,"(57, 42)",25,18.0
91,Greedy,D34,"(88, 60)",28,29.0
91,Greedy,D35,"(86, 64)",28,15.0
91,Greedy,D36,"(70, 24)",23,20.0
91,Greedy,D37,"(17, 36)",23,30.0
91,Greedy,D38,"(11, 21)",18,15.0
91,Greedy,D39,"(21, 52)",22,14.0
91,Greedy,D40,"(8, 14)",17,27.0
91,Greedy,D41,"(84, 9)",12,23.0
91,Greedy,D42,"(8, 8)",8,29.0
91,Greedy,D43,"(54, 64)",13,11.0
91,Greedy,D44,"(8, 32)",9,16.0
91,Greedy,D45,"(24, 50)",4,27.0
91,Greedy,D46,"(93, 58)",5,13.0
91,Auction,D18,"(53, 11)",47,10.0
91,Auction,D19,"(14, 13)",47,14.0
91,Auction,D22,"(49, 34)",43,27.0
91,Auction,D23,"(100, 35)",47,11.0
91,Auction,D24,"(8, 93)",40,11.0
91,Auction,D26,"(72, 68)",43,24.0
91,Auction,D27,"(25, 68)",43,26.0
91,Auction,D28,"(5, 11)",35,24.0
91,Auction,D29,"(8, 98)",31,18.0
91,Auction,D30,"(26, 28)",30,21.0
91,Auction,D31,"(13, 36)",27,14.0
91,Auction,D32,"(57, 42)",25,18.0
91,Auction,D33,"(79, 71)",28,12.0
91,Auction,D34,"(88, 60)",28,29.0
91,Auction,D35,"(86, 64)",28,15.0
91,Auction,D36,"(70, 24)",23,20.0
91,Auction,D37,"(17, 36)",23,30.0
91,Auction,D38,"(11, 21)",18,15.0
91,Auction,D39,"(21, 52)",22,14.0
91,Auction,D40,"(8, 14)",17,27.0
91,Auction,D41,"(84, 9)",12,23.0
91,Auction,D42,"(8, 8)",8,29.0
91,Auction,D43,"(54, 64)",13,11.0
91,Auction,D44,"(8, 32)",9,16.0
91,Auction,D45,"(24, 50)",4,27.0
91,Auction,D46,"(93, 58)",5,13.0
91,Q-Learning,D12,"(100, 43)",64,30.0
91,Q-Learning,D16,"(15, 76)",66,28.0
91,Q-Learning,D19,"(14, 13)",47,14.0
91,Q-Learning,D21,"(34, 61)",49,30.0
91,Q-Learning,D22,"(49, 34)",43,27.0
91,Q-Learning,D24,"(8, 93)",40,11.0
91,Q-Learning,D27,"(25, 68)",43,26.0
91,Q-Learning,D28,"(5, 11)",35,24.0
91,Q-Learning,D29,"(8, 98)",31,18.0
91,Q-Learning,D30,"(26, 28)",30,21.0
91,Q-Learning,D31,"(13, 36)",27,14.0
91,Q-Learning,D32,"(57, 42)",25,18.0
91,Q-Learning,D34,"(88, 60)",28,29.0
91,Q-Learning,D35,"(86, 64)",28,15.0
91,Q-Learning,D36,"(70, 24)",23,20.0
91,Q-Learning,D37,"(17, 36)",23,30.0
91,Q-Learning,D38,"(11, 21)",18,15.0
91,Q-Learning,D39,"(21, 52)",22,14.0
91,Q-Learning,D40,"(8, 14)",17,27.0
91,Q-Learning,D41,"(84, 9)",12,23.0
91,Q-Learning,D42,"(8, 8)",8,29.0
91,Q-Learning,D43,"(54, 64)",13,11.0
91,Q-Learning,D44,"(8, 32)",9,16.0
91,Q-Learning,D45,"(24, 50)",4,27.0
91,Q-Learning,D46,"(93, 58)",5,13.0
92,Greedy,D12,"(100, 43)",65,30.0
92,Greedy,D20,"(69, 96)",54,16.0
92,Greedy,D21,"(34, 61)",50,30.0
92,Greedy,D22,"(49, 34)",44,27.0
92,Greedy,D24,"(8, 93)",41,11.0
92,Greedy,D26,"(72, 68)",44,24.0
92,Greedy,D27,"(25, 68)",44,26.0
92,Greedy,D28,"(5, 11)",36,24.0
92,Greedy,D29,"(8, 98)",32,18.0
92,Greedy,D30,"(26, 28)",31,21.0
92,Greedy,D31,"(13, 36)",28,14.0
92,Greedy,D32,"(57, 42)",26,18.0
92,Greedy,D34,"(88, 60)",29,29.0
92,Greedy,D35,"(86, 64)",29,15.0
92,Greedy,D36,"(70, 24)",24,20.0
92,Greedy,D37,"(17, 36)",24,30.0
92,Greedy,D38,"(11, 21)",19,15.0
92,Greedy,D39,"(21, 52)",23,14.0
92,Greedy,D40,"(8, 14)",18,27.0
92,Greedy,D41,"(84, 9)",13,23.0
92,Greedy,D42,"(8, 8)",9,29.0
92,Greedy,D43,"(54, 64)",14,11.0
92,Greedy,D44,"(8, 32)",10,16.0
92,Greedy,D45,"(24, 50)",5,27.0
92,Greedy,D46,"(93, 58)",6,13.0
92,Auction,D18,"(53, 11)",48,10.0
92,Auction,D19,"(14, 13)",48,14.0
92,Auction,D22,"(49, 34)",44,27.0
92,Auction,D23,"(100, 35)",48,11.0
92,Auction,D24,"(8, 93)",41,11.0
92,Auction,D26,"(72, 68)",44,24.0
92,Auction,D27,"(25, 68)",44,26.0
92,Auction,D28,"(5, 11)",36,24.0
92,Auction,D29,"(8, 98)",32,18.0
92,Auction,D30,"(26, 28)",31,21.0
92,Auction,D31,"(13, 36)",28,14.0
92,Auction,D32,"(57, 42)",26,18.0
92,Auction,D33,"(79, 71)",29,12.0
92,Auction,D34,"(88, 60)",29,29.0
92,Auction,D35,"(86, 64)",29,15.0
92,Auction,D36,"(70, 24)",24,20.0
92,Auction,D37,"(17, 36)",24,30.0
92,Auction,D38,"(11, 21)",19,15.0
92,Auction,D39,"(21, 52)",23,14.0
92,Auction,D40,"(8, 14)",18,27.0
92,Auction,D41,"(84, 9)",13,23.0
92,Auction,D42,"(8, 8)",9,29.0
92,Auction,D43,"(54, 64)",14,11.0
92,Auction,D44,"(8, 32)",10,16.0
92,Auction,D45,"(24, 50)",5,27.0
92,Auction,D46,"(93, 58)",6,13.0
92,Q-Learning,D12,"(100, 43)",65,30.0
92,Q-Learning,D16,"(15, 76)",67,28.0
92,Q-Learning,D19,"(14, 13)",48,14.0
92,Q-Learning,D21,"(34, 61)",50,30.0
92,Q-Learning,D22,"(49, 34)",44,27.0
92,Q-Learning,D24,"(8, 93)",41,11.0
92,Q-Learning,D27,"(25, 68)",44,26.0
92,Q-Learning,D28,"(5, 11)",36,24.0
92,Q-Learning,D29,"(8, 98)",32,18.0
92,Q-Learning,D30,"(26, 28)",31,21.0
92,Q-Learning,D31,"(13, 36)",28,14.0
92,Q-Learning,D32,"(57, 42)",26,18.0
92,Q-Learning,D34,"(88, 60)",29,29.0
92,Q-Learning,D35,"(86, 64)",29,15.0
92,Q-Learning,D36,"(70, 24)",24,20.0
92,Q-Learning,D37,"(17, 36)",24,30.0
92,Q-Learning,D38,"(11, 21)",19,15.0
92,Q-Learning,D39,"(21, 52)",23,14.0
92,Q-Learning,D40,"(8, 14)",18,27.0
92,Q-Learning,D41,"(84, 9)",13,23.0
92,Q-Learning,D42,"(8, 8)",9,29.0
92,Q-Learning,D43,"(54, 64)",14,11.0
92,Q-Learning,D44,"(8, 32)",10,16.0
92,Q-Learning,D45,"(24, 50)",5,27.0
92,Q-Learning,D46,"(93, 58)",6,13.0
93,Greedy,D12,"(100, 43)",66,30.0
93,Greedy,D20,"(69, 96)",55,16.0
93,Greedy,D21,"(34, 61)",51,30.0
93,Greedy,D22,"(49, 34)",45,27.0
93,Greedy,D24,"(8, 93)",42,11.0
93,Greedy,D26,"(72, 68)",45,24.0
93,Greedy,D27,"(25, 68)",45,26.0
93,Greedy,D28,"(5, 11)",37,24.0
93,Greedy,D29,"(8, 98)",33,18.0
93,Greedy,D30,"(26, 28)",32,21.0
93,Greedy,D31,"(13, 36)",29,14.0
93,Greedy,D32,"(57, 42)",27,18.0
93,Greedy,D34,"(88, 60)",30,29.0
93,Greedy,D35,"(86, 64)",30,15.0
93,Greedy,D36,"(70, 24)",25,20.0
93,Greedy,D37,"(17, 36)",25,30.0
93,Greedy,D38,"(11, 21)",20,15.0
93,Greedy,D39,"(21, 52)",24,14.0
93,Greedy,D40,"(8, 14)",19,27.0
93,Greedy,D41,"(84, 9)",14,23.0
93,Greedy,D42,"(8, 8)",10,29.0
93,Greedy,D43,"(54, 64)",15,11.0
93,Greedy,D44,"(8, 32)",11,16.0
93,Greedy,D45,"(24, 50)",6,27.0
93,Greedy,D46,"(93, 58)",7,13.0
93,Auction,D18,"(53, 11)",49,10.0
93,Auction,D19,"(14, 13)",49,14.0
93,Auction,D22,"(49, 34)",45,27.0
93,Auction,D23,"(100, 35)",49,11.0
93,Auction,D24,"(8, 93)",42,11.0
93,Auction,D26,"(72, 68)",45,24.0
93,Auction,D27,"(25, 68)",45,26.0
93,Auction,D28,"(5, 11)",37,24.0
93,Auction,D29,"(8, 98)",33,18.0
93,Auction,D30,"(26, 28)",32,21.0
93,Auction,D31,"(13, 36)",29,14.0
93,Auction,D32,"(57, 42)",27,18.0
93,Auction,D33,"(79, 71)",30,12.0
93,Auction,D34,"(88, 60)",30,29.0
93,Auction,D35,"(86, 64)",30,15.0
93,Auction,D36,"(70, 24)",25,20.0
93,Auction,D37,"(17, 36)",25,30.0
93,Auction,D38,"(11, 21)",20,15.0
93,Auction,D39,"(21, 52)",24,14.0
93,Auction,D40,"(8, 14)",19,27.0
93,Auction,D41,"(84, 9)",14,23.0
93,Auction,D42,"(8, 8)",10,29.0
93,Auction,D43,"(54, 64)",15,11.0
93,Auction,D44,"(8, 32)",11,16.0
93,Auction,D45,"(24, 50)",6,27.0
93,Auction,D46,"(93, 58)",7,13.0
93,Q-Learning,D12,"(100, 43)",66,30.0
93,Q-Learning,D16,"(15, 76)",68,28.0
93,Q-Learning,D19,"(14, 13)",49,14.0
93,Q-Learning,D21,"(34, 61)",51,30.0
93,Q-Learning,D22,"(49, 34)",45,27.0
93,Q-Learning,D24,"(8, 93)",42,11.0
93,Q-Learning,D27,"(25, 68)",45,26.0
93,Q-Learning,D28,"(5, 11)",37,24.0
93,Q-Learning,D29,"(8, 98)",33,18.0
93,Q-Learning,D30,"(26, 28)",32,21.0
93,Q-Learning,D31,"(13, 36)",29,14.0
93,Q-Learning,D32,"(57, 42)",27,18.0
93,Q-Learning,D34,"(88, 60)",30,29.0
93,Q-Learning,D35,"(86, 64)",30,15.0
93,Q-Learning,D36,"(70, 24)",25,20.0
93,Q-Learning,D37,"(17, 36)",25,30.0
93,Q-Learning,D38,"(11, 21)",20,15.0
93,Q-Learning,D39,"(21, 52)",24,14.0
93,Q-Learning,D40,"(8, 14)",19,27.0
93,Q-Learning,D41,"(84, 9)",14,23.0
93,Q-Learning,D42,"(8, 8)",10,29.0
93,Q-Learning,D43,"(54, 64)",15,11.0
93,Q-Learning,D44,"(8, 32)",11,16.0
93,Q-Learning,D45,"(24, 50)",6,27.0
93,Q-Learning,D46,"(93, 58)",7,13.0
94,Greedy,D12,"(100, 43)",67,30.0
94,Greedy,D20,"(69, 96)",56,16.0
94,Greedy,D21,"(34, 61)",52,30.0
94,Greedy,D22,"(49, 34)",46,27.0
94,Greedy,D24,"(8, 93)",43,11.0
94,Greedy,D26,"(72, 68)",46,24.0
94,Greedy,D27,"(25, 68)",46,26.0
94,Greedy,D28,"(5, 11)",38,24.0
94,Greedy,D29,"(8, 98)",34,18.0
94,Greedy,D30,"(26, 28)",33,21.0
94,Greedy,D31,"(13, 36)",30,14.0
94,Greedy,D32,"(57, 42)",28,18.0
94,Greedy,D34,"(88, 60)",31,29.0
94,Greedy,D35,"(86, 64)",31,15.0
94,Greedy,D36,"(70, 24)",26,20.0
94,Greedy,D37,"(17, 36)",26,30.0
94,Greedy,D38,"(11, 21)",21,15.0
94,Greedy,D39,"(21, 52)",25,14.0
94,Greedy,D40,"(8, 14)",20,27.0
94,Greedy,D41,"(84, 9)",15,23.0
94,Greedy,D42,"(8, 8)",11,29.0
94,Greedy,D43,"(54, 64)",16,11.0
94,Greedy,D44,"(8, 32)",12,16.0
94,Greedy,D45,"(24, 50)",7,27.0
94,Greedy,D46,"(93, 58)",8,13.0
94,Auction,D18,"(53, 11)",50,10.0
94,Auction,D19,"(14, 13)",50,14.0
94,Auction,D22,"(49, 34)",46,27.0
94,Auction,D23,"(100, 35)",50,11.0
94,Auction,D24,"(8, 93)",43,11.0
94,Auction,D26,"(72, 68)",46,24.0
94,Auction,D27,"(25, 68)",46,26.0
94,Auction,D28,"(5, 11)",38,24.0
94,Auction,D29,"(8, 98)",34,18.0
94,Auction,D30,"(26, 28)",33,21.0
94,Auction,D31,"(13, 36)",30,14.0
94,Auction,D32,"(57, 42)",28,18.0
94,Auction,D33,"(79, 71)",31,12.0
94,Auction,D34,"(88, 60)",31,29.0
94,Auction,D35,"(86, 64)",31,15.0
94,Auction,D36,"(70, 24)",26,20.0
94,Auction,D37,"(17, 36)",26,30.0
94,Auction,D38,"(11, 21)",21,15.0
94,Auction,D39,"(21, 52)",25,14.0
94,Auction,D40,"(8, 14)",20,27.0
94,Auction,D41,"(84, 9)",15,23.0
94,Auction,D42,"(8, 8)",11,29.0
94,Auction,D43,"(54, 64)",16,11.0
94,Auction,D44,"(8, 32)",12,16.0
94,Auction,D45,"(24, 50)",7,27.0
94,Auction,D46,"(93, 58)",8,13.0
94,Q-Learning,D12,"(100, 43)",67,30.0
94,Q-Learning,D16,"(15, 76)",69,28.0
94,Q-Learning,D19,"(14, 13)",50,14.0
94,Q-Learning,D21,"(34, 61)",52,30.0
94,Q-Learning,D22,"(49, 34)",46,27.0
94,Q-Learning,D24,"(8, 93)",43,11.0
94,Q-Learning,D27,"(25, 68)",46,26.0
94,Q-Learning,D28,"(5, 11)",38,24.0
94,Q-Learning,D29,"(8, 98)",34,18.0
94,Q-Learning,D30,"(26, 28)",33,21.0
94,Q-Learning,D31,"(13, 36)",30,14.0
94,Q-Learning,D32,"(57, 42)",28,18.0
94,Q-Learning,D34,"(88, 60)",31,29.0
94,Q-Learning,D35,"(86, 64)",31,15.0
94,Q-Learning,D36,"(70, 24)",26,20.0
94,Q-Learning,D37,"(17, 36)",26,30.0
94,Q-Learning,D38,"(11, 21)",21,15.0
94,Q-Learning,D39,"(21, 52)",25,14.0
94,Q-Learning,D40,"(8, 14)",20,27.0
94,Q-Learning,D41,"(84, 9)",15,23.0
94,Q-Learning,D42,"(8, 8)",11,29.0
94,Q-Learning,D43,"(54, 64)",16,11.0
94,Q-Learning,D44,"(8, 32)",12,16.0
94,Q-Learning,D45,"(24, 50)",7,27.0
94,Q-Learning,D46,"(93, 58)",8,13.0
95,Greedy,D12,"(100, 43)",68,30.0
95,Greedy,D20,"(69, 96)",57,16.0
95,Greedy,D21,"(34, 61)",53,30.0
95,Greedy,D22,"(49, 34)",47,27.0
95,Greedy,D24,"(8, 93)",44,11.0
95,Greedy,D26,"(72, 68)",47,24.0
95,Greedy,D27,"(25, 68)",47,26.0
95,Greedy,D28,"(5, 11)",39,24.0
95,Greedy,D29,"(8, 98)",35,18.0
95,Greedy,D30,"(26, 28)",34,21.0
95,Greedy,D31,"(13, 36)",31,14.0
95,Greedy,D32,"(57, 42)",29,18.0
95,Greedy,D34,"(88, 60)",32,29.0
95,Greedy,D35,"(86, 64)",32,15.0
95,Greedy,D36,"(70, 24)",27,20.0
95,Greedy,D37,"(17, 36)",27,30.0
95,Greedy,D38,"(11, 21)",22,15.0
95,Greedy,D39,"(21, 52)",26,14.0
95,Greedy,D40,"(8, 14)",21,27.0
95,Greedy,D41,"(84, 9)",16,23.0
95,Greedy,D42,"(8, 8)",12,29.0
95,Greedy,D43,"(54, 64)",17,11.0
95,Greedy,D44,"(8, 32)",13,16.0
95,Greedy,D45,"(24, 50)",8,27.0
95,Greedy,D46,"(93, 58)",9,13.0
95,Auction,D18,"(53, 11)",51,10.0
95,Auction,D19,"(14, 13)",51,14.0
95,Auction,D22,"(49, 34)",47,27.0
95,Auction,D23,"(100, 35)",51,11.0
95,Auction,D24,"(8, 93)",44,11.0
95,Auction,D26,"(72, 68)",47,24.0
95,Auction,D27,"(25, 68)",47,26.0
95,Auction,D28,"(5, 11)",39,24.0
95,Auction,D29,"(8, 98)",35,18.0
95,Auction,D30,"(26, 28)",34,21.0
95,Auction,D31,"(13, 36)",31,14.0
95,Auction,D32,"(57, 42)",29,18.0
95,Auction,D33,"(79, 71)",32,12.0
95,Auction,D34,"(88, 60)",32,29.0
95,Auction,D35,"(86, 64)",32,15.0
95,Auction,D36,"(70, 24)",27,20.0
95,Auction,D37,"(17, 36)",27,30.0
95,Auction,D38,"(11, 21)",22,15.0
95,Auction,D39,"(21, 52)",26,14.0
95,Auction,D40,"(8, 14)",21,27.0
95,Auction,D41,"(84, 9)",16,23.0
95,Auction,D42,"(8, 8)",12,29.0
95,Auction,D43,"(54, 64)",17,11.0
95,Auction,D44,"(8, 32)",13,16.0
95,Auction,D45,"(24, 50)",8,27.0
95,Auction,D46,"(93, 58)",9,13.0
95,Q-Learning,D12,"(100, 43)",68,30.0
95,Q-Learning,D16,"(15, 76)",70,28.0
95,Q-Learning,D19,"(14, 13)",51,14.0
95,Q-Learning,D21,"(34, 61)",53,30.0
95,Q-Learning,D22,"(49, 34)",47,27.0
95,Q-Learning,D24,"(8, 93)",44,11.0
95,Q-Learning,D27,"(25, 68)",47,26.0
95,Q-Learning,D28,"(5, 11)",39,24.0
95,Q-Learning,D29,"(8, 98)",35,18.0
95,Q-Learning,D30,"(26, 28)",34,21.0
95,Q-Learning,D31,"(13, 36)",31,14.0
95,Q-Learning,D32,"(57, 42)",29,18.0
95,Q-Learning,D34,"(88, 60)",32,29.0
95,Q-Learning,D35,"(86, 64)",32,15.0
95,Q-Learning,D36,"(70, 24)",27,20.0
95,Q-Learning,D37,"(17, 36)",27,30.0
95,Q-Learning,D38,"(11, 21)",22,15.0
95,Q-Learning,D39,"(21, 52)",26,14.0
95,Q-Learning,D40,"(8, 14)",21,27.0
95,Q-Learning,D41,"(84, 9)",16,23.0
95,Q-Learning,D42,"(8, 8)",12,29.0
95,Q-Learning,D43,"(54, 64)",17,11.0
95,Q-Learning,D44,"(8, 32)",13,16.0
95,Q-Learning,D45,"(24, 50)",8,27.0
95,Q-Learning,D46,"(93, 58)",9,13.0
96,Greedy,D12,"(100, 43)",69,30.0
96,Greedy,D20,"(69, 96)",58,16.0
96,Greedy,D21,"(34, 61)",54,30.0
96,Greedy,D22,"(49, 34)",48,27.0
96,Greedy,D24,"(8, 93)",45,11.0
96,Greedy,D26,"(72, 68)",48,24.0
96,Greedy,D27,"(25, 68)",48,26.0
96,Greedy,D28,"(5, 11)",40,24.0
96,Greedy,D29,"(8, 98)",36,18.0
96,Greedy,D30,"(26, 28)",35,21.0
96,Greedy,D31,"(13, 36)",32,14.0
96,Greedy,D32,"(57, 42)",30,18.0
96,Greedy,D34,"(88, 60)",33,29.0
96,Greedy,D35,"(86, 64)",33,15.0
96,Greedy,D36,"(70, 24)",28,20.0
96,Greedy,D37,"(17, 36)",28,30.0
96,Greedy,D38,"(11, 21)",23,15.0
96,Greedy,D39,"(21, 52)",27,14.0
96,Greedy,D40,"(8, 14)",22,27.0
96,Greedy,D41,"(84, 9)",17,23.0
96,Greedy,D42,"(8, 8)",13,29.0
96,Greedy,D43,"(54, 64)",18,11.0
96,Greedy,D44,"(8, 32)",14,16.0
96,Greedy,D45,"(24, 50)",9,27.0
96,Greedy,D46,"(93, 58)",10,13.0
96,Auction,D18,"(53, 11)",52,10.0
96,Auction,D19,"(14, 13)",52,14.0
96,Auction,D22,"(49, 34)",48,27.0
96,Auction,D23,"(100, 35)",52,11.0
96,Auction,D24,"(8, 93)",45,11.0
96,Auction,D26,"(72, 68)",48,24.0
96,Auction,D27,"(25, 68)",48,26.0
96,Auction,D28,"(5, 11)",40,24.0
96,Auction,D29,"(8, 98)",36,18.0
96,Auction,D30,"(26, 28)",35,21.0
96,Auction,D31,"(13, 36)",32,14.0
96,Auction,D32,"(57, 42)",30,18.0
96,Auction,D33,"(79, 71)",33,12.0
96,Auction,D34,"(88, 60)",33,29.0
96,Auction,D35,"(86, 64)",33,15.0
96,Auction,D36,"(70, 24)",28,20.0
96,Auction,D37,"(17, 36)",28,30.0
96,Auction,D38,"(11, 21)",23,15.0
96,Auction,D39,"(21, 52)",27,14.0
96,Auction,D40,"(8, 14)",22,27.0
96,Auction,D41,"(84, 9)",17,23.0
96,Auction,D42,"(8, 8)",13,29.0
96,Auction,D43,"(54, 64)",18,11.0
96,Auction,D44,"(8, 32)",14,16.0
96,Auction,D45,"(24, 50)",9,27.0
96,Auction,D46,"(93, 58)",10,13.0
96,Q-Learning,D12,"(100, 43)",69,30.0
96,Q-Learning,D16,"(15, 76)",71,28.0
96,Q-Learning,D19,"(14, 13)",52,14.0
96,Q-Learning,D21,"(34, 61)",54,30.0
96,Q-Learning,D22,"(49, 34)",48,27.0
96,Q-Learning,D24,"(8, 93)",45,11.0
96,Q-Learning,D27,"(25, 68)",48,26.0
96,Q-Learning,D28,"(5, 11)",40,24.0
96,Q-Learning,D29,"(8, 98)",36,18.0
96,Q-Learning,D30,"(26, 28)",35,21.0
96,Q-Learning,D31,"(13, 36)",32,14.0
96,Q-Learning,D32,"(57, 42)",30,18.0
96,Q-Learning,D34,"(88, 60)",33,29.0
96,Q-Learning,D35,"(86, 64)",33,15.0
96,Q-Learning,D36,"(70, 24)",28,20.0
96,Q-Learning,D37,"(17, 36)",28,30.0
96,Q-Learning,D38,"(11, 21)",23,15.0
96,Q-Learning,D39,"(21, 52)",27,14.0
96,Q-Learning,D40,"(8, 14)",22,27.0
96,Q-Learning,D41,"(84, 9)",17,23.0
96,Q-Learning,D42,"(8, 8)",13,29.0
96,Q-Learning,D43,"(54, 64)",18,11.0
96,Q-Learning,D44,"(8, 32)",14,16.0
96,Q-Learning,D45,"(24, 50)",9,27.0
96,Q-Learning,D46,"(93, 58)",10,13.0
97,Greedy,D12,"(100, 43)",70,30.0
97,Greedy,D20,"(69, 96)",59,16.0
97,Greedy,D21,"(34, 61)",55,30.0
97,Greedy,D22,"(49, 34)",49,27.0
97,Greedy,D24,"(8, 93)",46,11.0
97,Greedy,D26,"(72, 68)",49,24.0
97,Greedy,D27,"(25, 68)",49,26.0
97,Greedy,D28,"(5, 11)",41,24.0
97,Greedy,D29,"(8, 98)",37,18.0
97,Greedy,D30,"(26, 28)",36,21.0
97,Greedy,D31,"(13, 36)",33,14.0
97,Greedy,D32,"(57, 42)",31,18.0
97,Greedy,D34,"(88, 60)",34,29.0
97,Greedy,D35,"(86, 64)",34,15.0
97,Greedy,D36,"(70, 24)",29,20.0
97,Greedy,D37,"(17, 36)",29,30.0
97,Greedy,D38,"(11, 21)",24,15.0
97,Greedy,D39,"(21, 52)",28,14.0
97,Greedy,D40,"(8, 14)",23,27.0
97,Greedy,D41,"(84, 9)",18,23.0
97,Greedy,D42,"(8, 8)",14,29.0
97,Greedy,D43,"(54, 64)",19,11.0
97,Greedy,D44,"(8, 32)",15,16.0
97,Greedy,D45,"(24, 50)",10,27.0
97,Greedy,D46,"(93, 58)",11,13.0
97,Greedy,D47,"(71, 2)",7,15.0
97,Auction,D18,"(53, 11)",53,10.0
97,Auction,D19,"(14, 13)",53,14.0
97,Auction,D22,"(49, 34)",49,27.0
97,Auction,D23,"(100, 35)",53,11.0
97,Auction,D24,"(8, 93)",46,11.0
97,Auction,D26,"(72, 68)",49,24.0
97,Auction,D27,"(25, 68)",49,26.0
97,Auction,D28,"(5, 11)",41,24.0
97,Auction,D29,"(8, 98)",37,18.0
97,Auction,D30,"(26, 28)",36,21.0
97,Auction,D31,"(13, 36)",33,14.0
97,Auction,D32,"(57, 42)",31,18.0
97,Auction,D33,"(79, 71)",34,12.0
97,Auction,D34,"(88, 60)",34,29.0
97,Auction,D35,"(86, 64)",34,15.0
97,Auction,D36,"(70, 24)",29,20.0
97,Auction,D37,"(17, 36)",29,30.0
97,Auction,D38,"(11, 21)",24,15.0
97,Auction,D39,"(21, 52)",28,14.0
97,Auction,D40,"(8, 14)",23,27.0
97,Auction,D41,"(84, 9)",18,23.0
97,Auction,D42,"(8, 8)",14,29.0
97,Auction,D43,"(54, 64)",19,11.0
97,Auction,D44,"(8, 32)",15,16.0
97,Auction,D45,"(24, 50)",10,27.0
97,Auction,D46,"(93, 58)",11,13.0
97,Auction,D47,"(71, 2)",7,15.0
97,Q-Learning,D12,"(100, 43)",70,30.0
97,Q-Learning,D16,"(15, 76)",72,28.0
97,Q-Learning,D19,"(14, 13)",53,14.0
97,Q-Learning,D21,"(34, 61)",55,30.0
97,Q-Learning,D22,"(49, 34)",49,27.0
97,Q-Learning,D24,"(8, 93)",46,11.0
97,Q-Learning,D27,"(25, 68)",49,26.0
97,Q-Learning,D28,"(5, 11)",41,24.0
97,Q-Learning,D29,"(8, 98)",37,18.0
97,Q-Learning,D30,"(26, 28)",36,21.0
97,Q-Learning,D31,"(13, 36)",33,14.0
97,Q-Learning,D32,"(57, 42)",31,18.0
97,Q-Learning,D34,"(88, 60)",34,29.0
97,Q-Learning,D35,"(86, 64)",34,15.0
97,Q-Learning,D36,"(70, 24)",29,20.0
97,Q-Learning,D37,"(17, 36)",29,30.0
97,Q-Learning,D38,"(11, 21)",24,15.0
97,Q-Learning,D39,"(21, 52)",28,14.0
97,Q-Learning,D40,"(8, 14)",23,27.0
97,Q-Learning,D41,"(84, 9)",18,23.0
97,Q-Learning,D42,"(8, 8)",14,29.0
97,Q-Learning,D43,"(54, 64)",19,11.0
97,Q-Learning,D44,"(8, 32)",15,16.0
97,Q-Learning,D45,"(24, 50)",10,27.0
97,Q-Learning,D46,"(93, 58)",11,13.0
97,Q-Learning,D47,"(71, 2)",7,15.0
98,Greedy,D12,"(100, 43)",71,30.0
98,Greedy,D20,"(69, 96)",60,16.0
98,Greedy,D21,"(34, 61)",56,30.0
98,Greedy,D22,"(49, 34)",50,27.0
98,Greedy,D24,"(8, 93)",47,11.0
98,Greedy,D26,"(72, 68)",50,24.0
98,Greedy,D27,"(25, 68)",50,26.0
98,Greedy,D28,"(5, 11)",42,24.0
98,Greedy,D29,"(8, 98)",38,18.0
98,Greedy,D30,"(26, 28)",37,21.0
98,Greedy,D31,"(13, 36)",34,14.0
98,Greedy,D32,"(57, 42)",32,18.0
98,Greedy,D34,"(88, 60)",35,29.0
98,Greedy,D35,"(86, 64)",35,15.0
98,Greedy,D36,"(70, 24)",30,20.0
98,Greedy,D37,"(17, 36)",30,30.0
98,Greedy,D38,"(11, 21)",25,15.0
98,Greedy,D39,"(21, 52)",29,14.0
98,Greedy,D40,"(8, 14)",24,27.0
98,Greedy,D41,"(84, 9)",19,23.0
98,Greedy,D42,"(8, 8)",15,29.0
98,Greedy,D43,"(54, 64)",20,11.0
98,Greedy,D44,"(8, 32)",16,16.0
98,Greedy,D45,"(24, 50)",11,27.0
98,Greedy,D46,"(93, 58)",12,13.0
98,Greedy,D47,"(71, 2)",8,15.0
98,Greedy,D48,"(100, 46)",2,16.0
98,Auction,D18,"(53, 11)",54,10.0
98,Auction,D19,"(14, 13)",54,14.0
98,Auction,D22,"(49, 34)",50,27.0
98,Auction,D23,"(100, 35)",54,11.0
98,Auction,D24,"(8, 93)",47,11.0
98,Auction,D26,"(72, 68)",50,24.0
98,Auction,D27,"(25, 68)",50,26.0
98,Auction,D28,"(5, 11)",42,24.0
98,Auction,D29,"(8, 98)",38,18.0
98,Auction,D30,"(26, 28)",37,21.0
98,Auction,D31,"(13, 36)",34,14.0
98,Auction,D32,"(57, 42)",32,18.0
98,Auction,D33,"(79, 71)",35,12.0
98,Auction,D34,"(88, 60)",35,29.0
98,Auction,D35,"(86, 64)",35,15.0
98,Auction,D36,"(70, 24)",30,20.0
98,Auction,D37,"(17, 36)",30,30.0
98,Auction,D38,"(11, 21)",25,15.0
98,Auction,D39,"(21, 52)",29,14.0
98,Auction,D40,"(8, 14)",24,27.0
98,Auction,D41,"(84, 9)",19,23.0
98,Auction,D42,"(8, 8)",15,29.0
98,Auction,D43,"(54, 64)",20,11.0
98,Auction,D44,"(8, 32)",16,16.0
98,Auction,D45,"(24, 50)",11,27.0
98,Auction,D46,"(93, 58)",12,13.0
98,Auction,D47,"(71, 2)",8,15.0
98,Auction,D48,"(100, 46)",2,16.0
98,Q-Learning,D12,"(100, 43)",71,30.0
98,Q-Learning,D16,"(15, 76)",73,28.0
98,Q-Learning,D19,"(14, 13)",54,14.0
98,Q-Learning,D21,"(34, 61)",56,30.0
98,Q-Learning,D22,"(49, 34)",50,27.0
98,Q-Learning,D24,"(8, 93)",47,11.0
98,Q-Learning,D27,"(25, 68)",50,26.0
98,Q-Learning,D28,"(5, 11)",42,24.0
98,Q-Learning,D29,"(8, 98)",38,18.0
98,Q-Learning,D30,"(26, 28)",37,21.0
98,Q-Learning,D31,"(13, 36)",34,14.0
98,Q-Learning,D32,"(57, 42)",32,18.0
98,Q-Learning,D34,"(88, 60)",35,29.0
98,Q-Learning,D35,"(86, 64)",35,15.0
98,Q-Learning,D36,"(70, 24)",30,20.0
98,Q-Learning,D37,"(17, 36)",30,30.0
98,Q-Learning,D38,"(11, 21)",25,15.0
98,Q-Learning,D39,"(21, 52)",29,14.0
98,Q-Learning,D40,"(8, 14)",24,27.0
98,Q-Learning,D41,"(84, 9)",19,23.0
98,Q-Learning,D42,"(8, 8)",15,29.0
98,Q-Learning,D43,"(54, 64)",20,11.0
98,Q-Learning,D44,"(8, 32)",16,16.0
98,Q-Learning,D45,"(24, 50)",11,27.0
98,Q-Learning,D46,"(93, 58)",12,13.0
98,Q-Learning,D47,"(71, 2)",8,15.0
98,Q-Learning,D48,"(100, 46)",2,16.0
99,Greedy,D12,"(100, 43)",72,30.0
99,Greedy,D20,"(69, 96)",61,16.0
99,Greedy,D21,"(34, 61)",57,30.0
99,Greedy,D22,"(49, 34)",51,27.0
99,Greedy,D24,"(8, 93)",48,11.0
99,Greedy,D26,"(72, 68)",51,24.0
99,Greedy,D27,"(25, 68)",51,26.0
99,Greedy,D28,"(5, 11)",43,24.0
99,Greedy,D29,"(8, 98)",39,18.0
99,Greedy,D30,"(26, 28)",38,21.0
99,Greedy,D31,"(13, 36)",35,14.0
99,Greedy,D32,"(57, 42)",33,18.0
99,Greedy,D34,"(88, 60)",36,29.0
99,Greedy,D35,"(86, 64)",36,15.0
99,Greedy,D36,"(70, 24)",31,20.0
99,Greedy,D37,"(17, 36)",31,30.0
99,Greedy,D38,"(11, 21)",26,15.0
99,Greedy,D39,"(21, 52)",30,14.0
99,Greedy,D40,"(8, 14)",25,27.0
99,Greedy,D41,"(84, 9)",20,23.0
99,Greedy,D42,"(8, 8)",16,29.0
99,Greedy,D43,"(54, 64)",21,11.0
99,Greedy,D44,"(8, 32)",17,16.0
99,Greedy,D45,"(24, 50)",12,27.0
99,Greedy,D46,"(93, 58)",13,13.0
99,Greedy,D47,"(71, 2)",9,15.0
99,Greedy,D48,"(100, 46)",3,16.0
99,Greedy,D49,"(90, 73)",1,10.0
99,Auction,D18,"(53, 11)",55,10.0
99,Auction,D19,"(14, 13)",55,14.0
99,Auction,D22,"(49, 34)",51,27.0
99,Auction,D23,"(100, 35)",55,11.0
99,Auction,D24,"(8, 93)",48,11.0
99,Auction,D26,"(72, 68)",51,24.0
99,Auction,D27,"(25, 68)",51,26.0
99,Auction,D28,"(5, 11)",43,24.0
99,Auction,D29,"(8, 98)",39,18.0
99,Auction,D30,"(26, 28)",38,21.0
99,Auction,D31,"(13, 36)",35,14.0
99,Auction,D32,"(57, 42)",33,18.0
99,Auction,D33,"(79, 71)",36,12.0
99,Auction,D34,"(88, 60)",36,29.0
99,Auction,D35,"(86, 64)",36,15.0
99,Auction,D36,"(70, 24)",31,20.0
99,Auction,D37,"(17, 36)",31,30.0
99,Auction,D38,"(11, 21)",26,15.0
99,Auction,D39,"(21, 52)",30,14.0
99,Auction,D40,"(8, 14)",25,27.0
99,Auction,D41,"(84, 9)",20,23.0
99,Auction,D42,"(8, 8)",16,29.0
99,Auction,D43,"(54, 64)",21,11.0
99,Auction,D44,"(8, 32)",17,16.0
99,Auction,D45,"(24, 50)",12,27.0
99,Auction,D46,"(93, 58)",13,13.0
99,Auction,D47,"(71, 2)",9,15.0
99,Auction,D48,"(100, 46)",3,16.0
99,Auction,D49,"(90, 73)",1,10.0
99,Q-Learning,D12,"(100, 43)",72,30.0
99,Q-Learning,D16,"(15, 76)",74,28.0
99,Q-Learning,D19,"(14, 13)",55,14.0
99,Q-Learning,D21,"(34, 61)",57,30.0
99,Q-Learning,D22,"(49, 34)",51,27.0
99,Q-Learning,D24,"(8, 93)",48,11.0
99,Q-Learning,D27,"(25, 68)",51,26.0
99,Q-Learning,D28,"(5, 11)",43,24.0
99,Q-Learning,D29,"(8, 98)",39,18.0
99,Q-Learning,D30,"(26, 28)",38,21.0
99,Q-Learning,D31,"(13, 36)",35,14.0
99,Q-Learning,D32,"(57, 42)",33,18.0
99,Q-Learning,D34,"(88, 60)",36,29.0
99,Q-Learning,D35,"(86, 64)",36,15.0
99,Q-Learning,D36,"(70, 24)",31,20.0
99,Q-Learning,D37,"(17, 36)",31,30.0
99,Q-Learning,D38,"(11, 21)",26,15.0
99,Q-Learning,D39,"(21, 52)",30,14.0
99,Q-Learning,D40,"(8, 14)",25,27.0
99,Q-Learning,D41,"(84, 9)",20,23.0
99,Q-Learning,D42,"(8, 8)",16,29.0
99,Q-Learning,D43,"(54, 64)",21,11.0
99,Q-Learning,D44,"(8, 32)",17,16.0
99,Q-Learning,D45,"(24, 50)",12,27.0
99,Q-Learning,D46,"(93, 58)",13,13.0
99,Q-Learning,D47,"(71, 2)",9,15.0
99,Q-Learning,D48,"(100, 46)",3,16.0
99,Q-Learning,D49,"(90, 73)",1,10.0
