time_step,method,task_id,position,urgency,duration
0,Greedy,T1,"(79, 77)",6,28.0
0,Greedy,T2,"(48, 70)",6,24.0
0,Greedy,T3,"(66, 37)",4,14.0
0,Greedy,T4,"(42, 8)",10,18.0
0,Greedy,T5,"(96, 99)",4,17.0
0,Greedy,T6,"(84, 76)",8,17.0
0,Greedy,T7,"(12, 33)",1,28.0
0,Greedy,T8,"(100, 41)",4,23.0
0,Greedy,T9,"(77, 37)",5,17.0
0,Greedy,T10,"(99, 49)",3,29.0
0,Auction,T1,"(79, 77)",6,28.0
0,Auction,T2,"(48, 70)",6,24.0
0,Auction,T3,"(66, 37)",4,14.0
0,Auction,T4,"(42, 8)",10,18.0
0,Auction,T5,"(96, 99)",4,17.0
0,Auction,T6,"(84, 76)",8,17.0
0,Auction,T7,"(12, 33)",1,28.0
0,Auction,T8,"(100, 41)",4,23.0
0,Auction,T9,"(77, 37)",5,17.0
0,Auction,T10,"(99, 49)",3,29.0
0,Q-Learning,T1,"(79, 77)",6,28.0
0,Q-Learning,T2,"(48, 70)",6,24.0
0,Q-Learning,T3,"(66, 37)",4,14.0
0,Q-Learning,T4,"(42, 8)",10,18.0
0,Q-Learning,T5,"(96, 99)",4,17.0
0,Q-Learning,T6,"(84, 76)",8,17.0
0,Q-Learning,T7,"(12, 33)",1,28.0
0,Q-Learning,T8,"(100, 41)",4,23.0
0,Q-Learning,T9,"(77, 37)",5,17.0
0,Q-Learning,T10,"(99, 49)",3,29.0
1,Greedy,T7,"(12, 33)",2,28.0
1,Auction,T7,"(12, 33)",2,28.0
1,Q-Learning,T1,"(79, 77)",7,28.0
1,Q-Learning,T5,"(96, 99)",5,17.0
1,Q-Learning,T6,"(84, 76)",9,17.0
1,Q-Learning,T7,"(12, 33)",2,28.0
1,Q-Learning,T8,"(100, 41)",5,23.0
1,Q-Learning,T9,"(77, 37)",6,17.0
1,Q-Learning,E1,"(14, 53)",9,15.0
2,Greedy,T7,"(12, 33)",3,28.0
2,Greedy,E2,"(91, 43)",3,24.0
2,Auction,T7,"(12, 33)",3,28.0
2,Auction,E2,"(91, 43)",3,24.0
2,Q-Learning,T1,"(79, 77)",8,28.0
2,Q-Learning,T5,"(96, 99)",6,17.0
2,Q-Learning,T6,"(84, 76)",10,17.0
2,Q-Learning,T7,"(12, 33)",3,28.0
2,Q-Learning,T8,"(100, 41)",6,23.0
3,Greedy,T7,"(12, 33)",4,28.0
3,Greedy,E2,"(91, 43)",4,24.0
3,Greedy,E3,"(31, 47)",1,17.0
3,Auction,T7,"(12, 33)",4,28.0
3,Auction,E2,"(91, 43)",4,24.0
3,Auction,E3,"(31, 47)",1,17.0
3,Q-Learning,T1,"(79, 77)",9,28.0
3,Q-Learning,T5,"(96, 99)",7,17.0
3,Q-Learning,T7,"(12, 33)",4,28.0
3,Q-Learning,T8,"(100, 41)",7,23.0
4,Greedy,T7,"(12, 33)",5,28.0
4,Greedy,E2,"(91, 43)",5,24.0
4,Greedy,E3,"(31, 47)",2,17.0
4,Greedy,E4,"(39, 45)",10,21.0
4,Auction,T7,"(12, 33)",5,28.0
4,Auction,E2,"(91, 43)",5,24.0
4,Auction,E3,"(31, 47)",2,17.0
4,Auction,E4,"(39, 45)",10,21.0
4,Q-Learning,T1,"(79, 77)",10,28.0
4,Q-Learning,T5,"(96, 99)",8,17.0
4,Q-Learning,T7,"(12, 33)",5,28.0
4,Q-Learning,T8,"(100, 41)",8,23.0
5,Greedy,T7,"(12, 33)",6,28.0
5,Greedy,E2,"(91, 43)",6,24.0
5,Greedy,E3,"(31, 47)",3,17.0
5,Greedy,E4,"(39, 45)",11,21.0
5,Auction,T7,"(12, 33)",6,28.0
5,Auction,E2,"(91, 43)",6,24.0
5,Auction,E3,"(31, 47)",3,17.0
5,Auction,E4,"(39, 45)",11,21.0
5,Q-Learning,T1,"(79, 77)",11,28.0
5,Q-Learning,T5,"(96, 99)",9,17.0
5,Q-Learning,T7,"(12, 33)",6,28.0
5,Q-Learning,T8,"(100, 41)",9,23.0
6,Greedy,T7,"(12, 33)",7,28.0
6,Greedy,E2,"(91, 43)",7,24.0
6,Greedy,E3,"(31, 47)",4,17.0
6,Greedy,E4,"(39, 45)",12,21.0
6,Auction,T7,"(12, 33)",7,28.0
6,Auction,E2,"(91, 43)",7,24.0
6,Auction,E3,"(31, 47)",4,17.0
6,Auction,E4,"(39, 45)",12,21.0
6,Q-Learning,T1,"(79, 77)",12,28.0
6,Q-Learning,T5,"(96, 99)",10,17.0
6,Q-Learning,T7,"(12, 33)",7,28.0
6,Q-Learning,T8,"(100, 41)",10,23.0
7,Greedy,T7,"(12, 33)",8,28.0
7,Greedy,E2,"(91, 43)",8,24.0
7,Greedy,E3,"(31, 47)",5,17.0
7,Greedy,E4,"(39, 45)",13,21.0
7,Auction,T7,"(12, 33)",8,28.0
7,Auction,E2,"(91, 43)",8,24.0
7,Auction,E3,"(31, 47)",5,17.0
7,Auction,E4,"(39, 45)",13,21.0
7,Q-Learning,T1,"(79, 77)",13,28.0
7,Q-Learning,T5,"(96, 99)",11,17.0
7,Q-Learning,T7,"(12, 33)",8,28.0
7,Q-Learning,T8,"(100, 41)",11,23.0
8,Greedy,T7,"(12, 33)",9,28.0
8,Greedy,E2,"(91, 43)",9,24.0
8,Greedy,E3,"(31, 47)",6,17.0
8,Greedy,E4,"(39, 45)",14,21.0
8,Greedy,E5,"(62, 57)",4,23.0
8,Auction,T7,"(12, 33)",9,28.0
8,Auction,E2,"(91, 43)",9,24.0
8,Auction,E3,"(31, 47)",6,17.0
8,Auction,E4,"(39, 45)",14,21.0
8,Auction,E5,"(62, 57)",4,23.0
8,Q-Learning,T1,"(79, 77)",14,28.0
8,Q-Learning,T5,"(96, 99)",12,17.0
8,Q-Learning,T7,"(12, 33)",9,28.0
8,Q-Learning,T8,"(100, 41)",12,23.0
8,Q-Learning,E5,"(62, 57)",4,23.0
9,Greedy,T7,"(12, 33)",10,28.0
9,Greedy,E2,"(91, 43)",10,24.0
9,Greedy,E3,"(31, 47)",7,17.0
9,Greedy,E4,"(39, 45)",15,21.0
9,Greedy,E5,"(62, 57)",5,23.0
9,Greedy,E6,"(23, 100)",2,23.0
9,Auction,T7,"(12, 33)",10,28.0
9,Auction,E2,"(91, 43)",10,24.0
9,Auction,E3,"(31, 47)",7,17.0
9,Auction,E4,"(39, 45)",15,21.0
9,Auction,E5,"(62, 57)",5,23.0
9,Auction,E6,"(23, 100)",2,23.0
9,Q-Learning,T1,"(79, 77)",15,28.0
9,Q-Learning,T5,"(96, 99)",13,17.0
9,Q-Learning,T7,"(12, 33)",10,28.0
9,Q-Learning,T8,"(100, 41)",13,23.0
9,Q-Learning,E5,"(62, 57)",5,23.0
9,Q-Learning,E6,"(23, 100)",2,23.0
10,Greedy,T7,"(12, 33)",11,28.0
10,Greedy,E2,"(91, 43)",11,24.0
10,Greedy,E3,"(31, 47)",8,17.0
10,Greedy,E4,"(39, 45)",16,21.0
10,Greedy,E5,"(62, 57)",6,23.0
10,Greedy,E6,"(23, 100)",3,23.0
10,Greedy,E7,"(75, 37)",6,23.0
10,Auction,T7,"(12, 33)",11,28.0
10,Auction,E2,"(91, 43)",11,24.0
10,Auction,E3,"(31, 47)",8,17.0
10,Auction,E4,"(39, 45)",16,21.0
10,Auction,E5,"(62, 57)",6,23.0
10,Auction,E6,"(23, 100)",3,23.0
10,Auction,E7,"(75, 37)",6,23.0
10,Q-Learning,T1,"(79, 77)",16,28.0
10,Q-Learning,T5,"(96, 99)",14,17.0
10,Q-Learning,T7,"(12, 33)",11,28.0
10,Q-Learning,T8,"(100, 41)",14,23.0
10,Q-Learning,E5,"(62, 57)",6,23.0
10,Q-Learning,E6,"(23, 100)",3,23.0
10,Q-Learning,E7,"(75, 37)",6,23.0
11,Greedy,T7,"(12, 33)",12,28.0
11,Greedy,E2,"(91, 43)",12,24.0
11,Greedy,E3,"(31, 47)",9,17.0
11,Greedy,E4,"(39, 45)",17,21.0
11,Greedy,E5,"(62, 57)",7,23.0
11,Greedy,E6,"(23, 100)",4,23.0
11,Greedy,E7,"(75, 37)",7,23.0
11,Greedy,E8,"(41, 14)",6,19.0
11,Auction,T7,"(12, 33)",12,28.0
11,Auction,E2,"(91, 43)",12,24.0
11,Auction,E3,"(31, 47)",9,17.0
11,Auction,E4,"(39, 45)",17,21.0
11,Auction,E5,"(62, 57)",7,23.0
11,Auction,E6,"(23, 100)",4,23.0
11,Auction,E7,"(75, 37)",7,23.0
11,Auction,E8,"(41, 14)",6,19.0
11,Q-Learning,T1,"(79, 77)",17,28.0
11,Q-Learning,T5,"(96, 99)",15,17.0
11,Q-Learning,T7,"(12, 33)",12,28.0
11,Q-Learning,T8,"(100, 41)",15,23.0
11,Q-Learning,E5,"(62, 57)",7,23.0
11,Q-Learning,E6,"(23, 100)",4,23.0
11,Q-Learning,E7,"(75, 37)",7,23.0
11,Q-Learning,E8,"(41, 14)",6,19.0
12,Greedy,T7,"(12, 33)",13,28.0
12,Greedy,E2,"(91, 43)",13,24.0
12,Greedy,E3,"(31, 47)",10,17.0
12,Greedy,E4,"(39, 45)",18,21.0
12,Greedy,E5,"(62, 57)",8,23.0
12,Greedy,E6,"(23, 100)",5,23.0
12,Greedy,E7,"(75, 37)",8,23.0
12,Greedy,E8,"(41, 14)",7,19.0
12,Auction,T7,"(12, 33)",13,28.0
12,Auction,E2,"(91, 43)",13,24.0
12,Auction,E3,"(31, 47)",10,17.0
12,Auction,E4,"(39, 45)",18,21.0
12,Auction,E5,"(62, 57)",8,23.0
12,Auction,E6,"(23, 100)",5,23.0
12,Auction,E7,"(75, 37)",8,23.0
12,Auction,E8,"(41, 14)",7,19.0
12,Q-Learning,T1,"(79, 77)",18,28.0
12,Q-Learning,T5,"(96, 99)",16,17.0
12,Q-Learning,T7,"(12, 33)",13,28.0
12,Q-Learning,T8,"(100, 41)",16,23.0
12,Q-Learning,E5,"(62, 57)",8,23.0
12,Q-Learning,E6,"(23, 100)",5,23.0
12,Q-Learning,E7,"(75, 37)",8,23.0
12,Q-Learning,E8,"(41, 14)",7,19.0
13,Greedy,T7,"(12, 33)",14,28.0
13,Greedy,E2,"(91, 43)",14,24.0
13,Greedy,E3,"(31, 47)",11,17.0
13,Greedy,E4,"(39, 45)",19,21.0
13,Greedy,E5,"(62, 57)",9,23.0
13,Greedy,E6,"(23, 100)",6,23.0
13,Greedy,E7,"(75, 37)",9,23.0
13,Greedy,E8,"(41, 14)",8,19.0
13,Auction,T7,"(12, 33)",14,28.0
13,Auction,E2,"(91, 43)",14,24.0
13,Auction,E3,"(31, 47)",11,17.0
13,Auction,E4,"(39, 45)",19,21.0
13,Auction,E5,"(62, 57)",9,23.0
13,Auction,E6,"(23, 100)",6,23.0
13,Auction,E7,"(75, 37)",9,23.0
13,Auction,E8,"(41, 14)",8,19.0
13,Q-Learning,T1,"(79, 77)",19,28.0
13,Q-Learning,T5,"(96, 99)",17,17.0
13,Q-Learning,T7,"(12, 33)",14,28.0
13,Q-Learning,T8,"(100, 41)",17,23.0
13,Q-Learning,E5,"(62, 57)",9,23.0
13,Q-Learning,E6,"(23, 100)",6,23.0
13,Q-Learning,E7,"(75, 37)",9,23.0
13,Q-Learning,E8,"(41, 14)",8,19.0
14,Greedy,T7,"(12, 33)",15,28.0
14,Greedy,E2,"(91, 43)",15,24.0
14,Greedy,E3,"(31, 47)",12,17.0
14,Greedy,E4,"(39, 45)",20,21.0
14,Greedy,E5,"(62, 57)",10,23.0
14,Greedy,E6,"(23, 100)",7,23.0
14,Greedy,E7,"(75, 37)",10,23.0
14,Greedy,E8,"(41, 14)",9,19.0
14,Auction,T7,"(12, 33)",15,28.0
14,Auction,E2,"(91, 43)",15,24.0
14,Auction,E3,"(31, 47)",12,17.0
14,Auction,E4,"(39, 45)",20,21.0
14,Auction,E5,"(62, 57)",10,23.0
14,Auction,E6,"(23, 100)",7,23.0
14,Auction,E7,"(75, 37)",10,23.0
14,Auction,E8,"(41, 14)",9,19.0
14,Q-Learning,T1,"(79, 77)",20,28.0
14,Q-Learning,T5,"(96, 99)",18,17.0
14,Q-Learning,T7,"(12, 33)",15,28.0
14,Q-Learning,T8,"(100, 41)",18,23.0
14,Q-Learning,E5,"(62, 57)",10,23.0
14,Q-Learning,E6,"(23, 100)",7,23.0
14,Q-Learning,E7,"(75, 37)",10,23.0
14,Q-Learning,E8,"(41, 14)",9,19.0
15,Greedy,T7,"(12, 33)",16,28.0
15,Greedy,E2,"(91, 43)",16,24.0
15,Greedy,E3,"(31, 47)",13,17.0
15,Greedy,E4,"(39, 45)",21,21.0
15,Greedy,E5,"(62, 57)",11,23.0
15,Greedy,E6,"(23, 100)",8,23.0
15,Greedy,E7,"(75, 37)",11,23.0
15,Greedy,E8,"(41, 14)",10,19.0
15,Greedy,E9,"(48, 41)",6,19.0
15,Auction,T7,"(12, 33)",16,28.0
15,Auction,E2,"(91, 43)",16,24.0
15,Auction,E3,"(31, 47)",13,17.0
15,Auction,E4,"(39, 45)",21,21.0
15,Auction,E5,"(62, 57)",11,23.0
15,Auction,E6,"(23, 100)",8,23.0
15,Auction,E7,"(75, 37)",11,23.0
15,Auction,E8,"(41, 14)",10,19.0
15,Auction,E9,"(48, 41)",6,19.0
15,Q-Learning,T1,"(79, 77)",21,28.0
15,Q-Learning,T5,"(96, 99)",19,17.0
15,Q-Learning,T7,"(12, 33)",16,28.0
15,Q-Learning,T8,"(100, 41)",19,23.0
15,Q-Learning,E5,"(62, 57)",11,23.0
15,Q-Learning,E6,"(23, 100)",8,23.0
15,Q-Learning,E7,"(75, 37)",11,23.0
15,Q-Learning,E8,"(41, 14)",10,19.0
15,Q-Learning,E9,"(48, 41)",6,19.0
16,Greedy,T7,"(12, 33)",17,28.0
16,Greedy,E2,"(91, 43)",17,24.0
16,Greedy,E3,"(31, 47)",14,17.0
16,Greedy,E4,"(39, 45)",22,21.0
16,Greedy,E5,"(62, 57)",12,23.0
16,Greedy,E6,"(23, 100)",9,23.0
16,Greedy,E7,"(75, 37)",12,23.0
16,Greedy,E8,"(41, 14)",11,19.0
16,Greedy,E9,"(48, 41)",7,19.0
16,Auction,T7,"(12, 33)",17,28.0
16,Auction,E2,"(91, 43)",17,24.0
16,Auction,E3,"(31, 47)",14,17.0
16,Auction,E5,"(62, 57)",12,23.0
16,Auction,E6,"(23, 100)",9,23.0
16,Auction,E7,"(75, 37)",12,23.0
16,Auction,E8,"(41, 14)",11,19.0
16,Auction,E9,"(48, 41)",7,19.0
16,Q-Learning,T1,"(79, 77)",22,28.0
16,Q-Learning,T5,"(96, 99)",20,17.0
16,Q-Learning,T7,"(12, 33)",17,28.0
16,Q-Learning,T8,"(100, 41)",20,23.0
16,Q-Learning,E5,"(62, 57)",12,23.0
16,Q-Learning,E6,"(23, 100)",9,23.0
16,Q-Learning,E7,"(75, 37)",12,23.0
16,Q-Learning,E8,"(41, 14)",11,19.0
16,Q-Learning,E9,"(48, 41)",7,19.0
17,Greedy,T7,"(12, 33)",18,28.0
17,Greedy,E2,"(91, 43)",18,24.0
17,Greedy,E3,"(31, 47)",15,17.0
17,Greedy,E5,"(62, 57)",13,23.0
17,Greedy,E6,"(23, 100)",10,23.0
17,Greedy,E7,"(75, 37)",13,23.0
17,Greedy,E8,"(41, 14)",12,19.0
17,Greedy,E9,"(48, 41)",8,19.0
17,Auction,T7,"(12, 33)",18,28.0
17,Auction,E2,"(91, 43)",18,24.0
17,Auction,E3,"(31, 47)",15,17.0
17,Auction,E5,"(62, 57)",13,23.0
17,Auction,E6,"(23, 100)",10,23.0
17,Auction,E7,"(75, 37)",13,23.0
17,Auction,E8,"(41, 14)",12,19.0
17,Auction,E9,"(48, 41)",8,19.0
17,Q-Learning,T1,"(79, 77)",23,28.0
17,Q-Learning,T5,"(96, 99)",21,17.0
17,Q-Learning,T7,"(12, 33)",18,28.0
17,Q-Learning,T8,"(100, 41)",21,23.0
17,Q-Learning,E5,"(62, 57)",13,23.0
17,Q-Learning,E6,"(23, 100)",10,23.0
17,Q-Learning,E8,"(41, 14)",12,19.0
17,Q-Learning,E9,"(48, 41)",8,19.0
18,Greedy,E2,"(91, 43)",19,24.0
18,Greedy,E3,"(31, 47)",16,17.0
18,Greedy,E5,"(62, 57)",14,23.0
18,Greedy,E6,"(23, 100)",11,23.0
18,Greedy,E7,"(75, 37)",14,23.0
18,Greedy,E8,"(41, 14)",13,19.0
18,Greedy,E9,"(48, 41)",9,19.0
18,Auction,T7,"(12, 33)",19,28.0
18,Auction,E2,"(91, 43)",19,24.0
18,Auction,E5,"(62, 57)",14,23.0
18,Auction,E6,"(23, 100)",11,23.0
18,Auction,E7,"(75, 37)",14,23.0
18,Auction,E8,"(41, 14)",13,19.0
18,Auction,E9,"(48, 41)",9,19.0
18,Q-Learning,T1,"(79, 77)",24,28.0
18,Q-Learning,T5,"(96, 99)",22,17.0
18,Q-Learning,T7,"(12, 33)",19,28.0
18,Q-Learning,T8,"(100, 41)",22,23.0
18,Q-Learning,E5,"(62, 57)",14,23.0
18,Q-Learning,E6,"(23, 100)",11,23.0
18,Q-Learning,E8,"(41, 14)",13,19.0
18,Q-Learning,E9,"(48, 41)",9,19.0
19,Greedy,E2,"(91, 43)",20,24.0
19,Greedy,E3,"(31, 47)",17,17.0
19,Greedy,E5,"(62, 57)",15,23.0
19,Greedy,E6,"(23, 100)",12,23.0
19,Greedy,E7,"(75, 37)",15,23.0
19,Greedy,E8,"(41, 14)",14,19.0
19,Greedy,E9,"(48, 41)",10,19.0
19,Auction,T7,"(12, 33)",20,28.0
19,Auction,E2,"(91, 43)",20,24.0
19,Auction,E5,"(62, 57)",15,23.0
19,Auction,E6,"(23, 100)",12,23.0
19,Auction,E7,"(75, 37)",15,23.0
19,Auction,E8,"(41, 14)",14,19.0
19,Auction,E9,"(48, 41)",10,19.0
19,Q-Learning,T1,"(79, 77)",25,28.0
19,Q-Learning,T5,"(96, 99)",23,17.0
19,Q-Learning,T7,"(12, 33)",20,28.0
19,Q-Learning,E5,"(62, 57)",15,23.0
19,Q-Learning,E6,"(23, 100)",12,23.0
19,Q-Learning,E8,"(41, 14)",14,19.0
19,Q-Learning,E9,"(48, 41)",10,19.0
20,Greedy,E2,"(91, 43)",21,24.0
20,Greedy,E3,"(31, 47)",18,17.0
20,Greedy,E5,"(62, 57)",16,23.0
20,Greedy,E6,"(23, 100)",13,23.0
20,Greedy,E7,"(75, 37)",16,23.0
20,Greedy,E8,"(41, 14)",15,19.0
20,Greedy,E9,"(48, 41)",11,19.0
20,Greedy,E10,"(51, 41)",2,11.0
20,Auction,T7,"(12, 33)",21,28.0
20,Auction,E2,"(91, 43)",21,24.0
20,Auction,E5,"(62, 57)",16,23.0
20,Auction,E6,"(23, 100)",13,23.0
20,Auction,E7,"(75, 37)",16,23.0
20,Auction,E8,"(41, 14)",15,19.0
20,Auction,E9,"(48, 41)",11,19.0
20,Auction,E10,"(51, 41)",2,11.0
20,Q-Learning,T1,"(79, 77)",26,28.0
20,Q-Learning,T5,"(96, 99)",24,17.0
20,Q-Learning,T7,"(12, 33)",21,28.0
20,Q-Learning,E5,"(62, 57)",16,23.0
20,Q-Learning,E6,"(23, 100)",13,23.0
20,Q-Learning,E8,"(41, 14)",15,19.0
20,Q-Learning,E9,"(48, 41)",11,19.0
20,Q-Learning,E10,"(51, 41)",2,11.0
21,Greedy,E2,"(91, 43)",22,24.0
21,Greedy,E5,"(62, 57)",17,23.0
21,Greedy,E6,"(23, 100)",14,23.0
21,Greedy,E7,"(75, 37)",17,23.0
21,Greedy,E8,"(41, 14)",16,19.0
21,Greedy,E9,"(48, 41)",12,19.0
21,Greedy,E10,"(51, 41)",3,11.0
21,Auction,T7,"(12, 33)",22,28.0
21,Auction,E2,"(91, 43)",22,24.0
21,Auction,E5,"(62, 57)",17,23.0
21,Auction,E6,"(23, 100)",14,23.0
21,Auction,E7,"(75, 37)",17,23.0
21,Auction,E9,"(48, 41)",12,19.0
21,Auction,E10,"(51, 41)",3,11.0
21,Q-Learning,T1,"(79, 77)",27,28.0
21,Q-Learning,T5,"(96, 99)",25,17.0
21,Q-Learning,E5,"(62, 57)",17,23.0
21,Q-Learning,E6,"(23, 100)",14,23.0
21,Q-Learning,E8,"(41, 14)",16,19.0
21,Q-Learning,E9,"(48, 41)",12,19.0
21,Q-Learning,E10,"(51, 41)",3,11.0
22,Greedy,E5,"(62, 57)",18,23.0
22,Greedy,E6,"(23, 100)",15,23.0
22,Greedy,E7,"(75, 37)",18,23.0
22,Greedy,E8,"(41, 14)",17,19.0
22,Greedy,E9,"(48, 41)",13,19.0
22,Greedy,E10,"(51, 41)",4,11.0
22,Greedy,E11,"(1, 75)",7,30.0
22,Auction,T7,"(12, 33)",23,28.0
22,Auction,E2,"(91, 43)",23,24.0
22,Auction,E5,"(62, 57)",18,23.0
22,Auction,E6,"(23, 100)",15,23.0
22,Auction,E7,"(75, 37)",18,23.0
22,Auction,E9,"(48, 41)",13,19.0
22,Auction,E10,"(51, 41)",4,11.0
22,Auction,E11,"(1, 75)",7,30.0
22,Q-Learning,T1,"(79, 77)",28,28.0
22,Q-Learning,T5,"(96, 99)",26,17.0
22,Q-Learning,E5,"(62, 57)",18,23.0
22,Q-Learning,E6,"(23, 100)",15,23.0
22,Q-Learning,E8,"(41, 14)",17,19.0
22,Q-Learning,E9,"(48, 41)",13,19.0
22,Q-Learning,E10,"(51, 41)",4,11.0
22,Q-Learning,E11,"(1, 75)",7,30.0
23,Greedy,E5,"(62, 57)",19,23.0
23,Greedy,E6,"(23, 100)",16,23.0
23,Greedy,E7,"(75, 37)",19,23.0
23,Greedy,E8,"(41, 14)",18,19.0
23,Greedy,E9,"(48, 41)",14,19.0
23,Greedy,E10,"(51, 41)",5,11.0
23,Greedy,E11,"(1, 75)",8,30.0
23,Greedy,E12,"(17, 1)",10,24.0
23,Auction,T7,"(12, 33)",24,28.0
23,Auction,E2,"(91, 43)",24,24.0
23,Auction,E5,"(62, 57)",19,23.0
23,Auction,E6,"(23, 100)",16,23.0
23,Auction,E9,"(48, 41)",14,19.0
23,Auction,E10,"(51, 41)",5,11.0
23,Auction,E11,"(1, 75)",8,30.0
23,Auction,E12,"(17, 1)",10,24.0
23,Q-Learning,T1,"(79, 77)",29,28.0
23,Q-Learning,T5,"(96, 99)",27,17.0
23,Q-Learning,E6,"(23, 100)",16,23.0
23,Q-Learning,E8,"(41, 14)",18,19.0
23,Q-Learning,E9,"(48, 41)",14,19.0
23,Q-Learning,E10,"(51, 41)",5,11.0
23,Q-Learning,E11,"(1, 75)",8,30.0
23,Q-Learning,E12,"(17, 1)",10,24.0
24,Greedy,E5,"(62, 57)",20,23.0
24,Greedy,E6,"(23, 100)",17,23.0
24,Greedy,E7,"(75, 37)",20,23.0
24,Greedy,E8,"(41, 14)",19,19.0
24,Greedy,E9,"(48, 41)",15,19.0
24,Greedy,E10,"(51, 41)",6,11.0
24,Greedy,E11,"(1, 75)",9,30.0
24,Greedy,E12,"(17, 1)",11,24.0
24,Auction,T7,"(12, 33)",25,28.0
24,Auction,E2,"(91, 43)",25,24.0
24,Auction,E6,"(23, 100)",17,23.0
24,Auction,E9,"(48, 41)",15,19.0
24,Auction,E10,"(51, 41)",6,11.0
24,Auction,E11,"(1, 75)",9,30.0
24,Auction,E12,"(17, 1)",11,24.0
24,Q-Learning,T1,"(79, 77)",30,28.0
24,Q-Learning,T5,"(96, 99)",28,17.0
24,Q-Learning,E6,"(23, 100)",17,23.0
24,Q-Learning,E8,"(41, 14)",19,19.0
24,Q-Learning,E9,"(48, 41)",15,19.0
24,Q-Learning,E10,"(51, 41)",6,11.0
24,Q-Learning,E11,"(1, 75)",9,30.0
24,Q-Learning,E12,"(17, 1)",11,24.0
25,Greedy,E5,"(62, 57)",21,23.0
25,Greedy,E6,"(23, 100)",18,23.0
25,Greedy,E7,"(75, 37)",21,23.0
25,Greedy,E8,"(41, 14)",20,19.0
25,Greedy,E9,"(48, 41)",16,19.0
25,Greedy,E10,"(51, 41)",7,11.0
25,Greedy,E11,"(1, 75)",10,30.0
25,Greedy,E12,"(17, 1)",12,24.0
25,Auction,T7,"(12, 33)",26,28.0
25,Auction,E2,"(91, 43)",26,24.0
25,Auction,E6,"(23, 100)",18,23.0
25,Auction,E9,"(48, 41)",16,19.0
25,Auction,E10,"(51, 41)",7,11.0
25,Auction,E11,"(1, 75)",10,30.0
25,Auction,E12,"(17, 1)",12,24.0
25,Q-Learning,T1,"(79, 77)",31,28.0
25,Q-Learning,E6,"(23, 100)",18,23.0
25,Q-Learning,E8,"(41, 14)",20,19.0
25,Q-Learning,E9,"(48, 41)",16,19.0
25,Q-Learning,E10,"(51, 41)",7,11.0
25,Q-Learning,E11,"(1, 75)",10,30.0
25,Q-Learning,E12,"(17, 1)",12,24.0
26,Greedy,E6,"(23, 100)",19,23.0
26,Greedy,E8,"(41, 14)",21,19.0
26,Greedy,E9,"(48, 41)",17,19.0
26,Greedy,E10,"(51, 41)",8,11.0
26,Greedy,E11,"(1, 75)",11,30.0
26,Greedy,E12,"(17, 1)",13,24.0
26,Greedy,E13,"(75, 89)",7,11.0
26,Auction,T7,"(12, 33)",27,28.0
26,Auction,E2,"(91, 43)",27,24.0
26,Auction,E6,"(23, 100)",19,23.0
26,Auction,E10,"(51, 41)",8,11.0
26,Auction,E11,"(1, 75)",11,30.0
26,Auction,E12,"(17, 1)",13,24.0
26,Auction,E13,"(75, 89)",7,11.0
26,Q-Learning,E6,"(23, 100)",19,23.0
26,Q-Learning,E8,"(41, 14)",21,19.0
26,Q-Learning,E10,"(51, 41)",8,11.0
26,Q-Learning,E11,"(1, 75)",11,30.0
26,Q-Learning,E12,"(17, 1)",13,24.0
26,Q-Learning,E13,"(75, 89)",7,11.0
27,Greedy,E6,"(23, 100)",20,23.0
27,Greedy,E8,"(41, 14)",22,19.0
27,Greedy,E10,"(51, 41)",9,11.0
27,Greedy,E11,"(1, 75)",12,30.0
27,Greedy,E12,"(17, 1)",14,24.0
27,Greedy,E13,"(75, 89)",8,11.0
27,Greedy,E14,"(43, 30)",1,23.0
27,Auction,T7,"(12, 33)",28,28.0
27,Auction,E2,"(91, 43)",28,24.0
27,Auction,E6,"(23, 100)",20,23.0
27,Auction,E10,"(51, 41)",9,11.0
27,Auction,E11,"(1, 75)",12,30.0
27,Auction,E12,"(17, 1)",14,24.0
27,Auction,E13,"(75, 89)",8,11.0
27,Auction,E14,"(43, 30)",1,23.0
27,Q-Learning,E6,"(23, 100)",20,23.0
27,Q-Learning,E8,"(41, 14)",22,19.0
27,Q-Learning,E10,"(51, 41)",9,11.0
27,Q-Learning,E11,"(1, 75)",12,30.0
27,Q-Learning,E12,"(17, 1)",14,24.0
27,Q-Learning,E13,"(75, 89)",8,11.0
27,Q-Learning,E14,"(43, 30)",1,23.0
28,Greedy,E6,"(23, 100)",21,23.0
28,Greedy,E8,"(41, 14)",23,19.0
28,Greedy,E10,"(51, 41)",10,11.0
28,Greedy,E11,"(1, 75)",13,30.0
28,Greedy,E12,"(17, 1)",15,24.0
28,Greedy,E13,"(75, 89)",9,11.0
28,Greedy,E14,"(43, 30)",2,23.0
28,Auction,T7,"(12, 33)",29,28.0
28,Auction,E2,"(91, 43)",29,24.0
28,Auction,E6,"(23, 100)",21,23.0
28,Auction,E10,"(51, 41)",10,11.0
28,Auction,E11,"(1, 75)",13,30.0
28,Auction,E12,"(17, 1)",15,24.0
28,Auction,E13,"(75, 89)",9,11.0
28,Auction,E14,"(43, 30)",2,23.0
28,Q-Learning,E6,"(23, 100)",21,23.0
28,Q-Learning,E8,"(41, 14)",23,19.0
28,Q-Learning,E10,"(51, 41)",10,11.0
28,Q-Learning,E11,"(1, 75)",13,30.0
28,Q-Learning,E12,"(17, 1)",15,24.0
28,Q-Learning,E13,"(75, 89)",9,11.0
28,Q-Learning,E14,"(43, 30)",2,23.0
29,Greedy,E6,"(23, 100)",22,23.0
29,Greedy,E10,"(51, 41)",11,11.0
29,Greedy,E11,"(1, 75)",14,30.0
29,Greedy,E12,"(17, 1)",16,24.0
29,Greedy,E13,"(75, 89)",10,11.0
29,Greedy,E14,"(43, 30)",3,23.0
29,Auction,T7,"(12, 33)",30,28.0
29,Auction,E6,"(23, 100)",22,23.0
29,Auction,E10,"(51, 41)",11,11.0
29,Auction,E11,"(1, 75)",14,30.0
29,Auction,E12,"(17, 1)",16,24.0
29,Auction,E13,"(75, 89)",10,11.0
29,Auction,E14,"(43, 30)",3,23.0
29,Q-Learning,E6,"(23, 100)",22,23.0
29,Q-Learning,E8,"(41, 14)",24,19.0
29,Q-Learning,E10,"(51, 41)",11,11.0
29,Q-Learning,E11,"(1, 75)",14,30.0
29,Q-Learning,E12,"(17, 1)",16,24.0
29,Q-Learning,E13,"(75, 89)",10,11.0
29,Q-Learning,E14,"(43, 30)",3,23.0
30,Greedy,E6,"(23, 100)",23,23.0
30,Greedy,E10,"(51, 41)",12,11.0
30,Greedy,E11,"(1, 75)",15,30.0
30,Greedy,E12,"(17, 1)",17,24.0
30,Greedy,E13,"(75, 89)",11,11.0
30,Greedy,E14,"(43, 30)",4,23.0
30,Greedy,E15,"(97, 64)",1,13.0
30,Auction,T7,"(12, 33)",31,28.0
30,Auction,E6,"(23, 100)",23,23.0
30,Auction,E10,"(51, 41)",12,11.0
30,Auction,E11,"(1, 75)",15,30.0
30,Auction,E12,"(17, 1)",17,24.0
30,Auction,E13,"(75, 89)",11,11.0
30,Auction,E14,"(43, 30)",4,23.0
30,Auction,E15,"(97, 64)",1,13.0
30,Q-Learning,E6,"(23, 100)",23,23.0
30,Q-Learning,E8,"(41, 14)",25,19.0
30,Q-Learning,E10,"(51, 41)",12,11.0
30,Q-Learning,E11,"(1, 75)",15,30.0
30,Q-Learning,E12,"(17, 1)",17,24.0
30,Q-Learning,E13,"(75, 89)",11,11.0
30,Q-Learning,E14,"(43, 30)",4,23.0
30,Q-Learning,E15,"(97, 64)",1,13.0
31,Greedy,E6,"(23, 100)",24,23.0
31,Greedy,E10,"(51, 41)",13,11.0
31,Greedy,E11,"(1, 75)",16,30.0
31,Greedy,E12,"(17, 1)",18,24.0
31,Greedy,E13,"(75, 89)",12,11.0
31,Greedy,E14,"(43, 30)",5,23.0
31,Greedy,E15,"(97, 64)",2,13.0
31,Auction,T7,"(12, 33)",32,28.0
31,Auction,E6,"(23, 100)",24,23.0
31,Auction,E10,"(51, 41)",13,11.0
31,Auction,E11,"(1, 75)",16,30.0
31,Auction,E12,"(17, 1)",18,24.0
31,Auction,E13,"(75, 89)",12,11.0
31,Auction,E14,"(43, 30)",5,23.0
31,Auction,E15,"(97, 64)",2,13.0
31,Q-Learning,E6,"(23, 100)",24,23.0
31,Q-Learning,E10,"(51, 41)",13,11.0
31,Q-Learning,E11,"(1, 75)",16,30.0
31,Q-Learning,E12,"(17, 1)",18,24.0
31,Q-Learning,E13,"(75, 89)",12,11.0
31,Q-Learning,E14,"(43, 30)",5,23.0
31,Q-Learning,E15,"(97, 64)",2,13.0
32,Greedy,E6,"(23, 100)",25,23.0
32,Greedy,E10,"(51, 41)",14,11.0
32,Greedy,E11,"(1, 75)",17,30.0
32,Greedy,E12,"(17, 1)",19,24.0
32,Greedy,E13,"(75, 89)",13,11.0
32,Greedy,E14,"(43, 30)",6,23.0
32,Greedy,E15,"(97, 64)",3,13.0
32,Auction,T7,"(12, 33)",33,28.0
32,Auction,E6,"(23, 100)",25,23.0
32,Auction,E10,"(51, 41)",14,11.0
32,Auction,E11,"(1, 75)",17,30.0
32,Auction,E12,"(17, 1)",19,24.0
32,Auction,E13,"(75, 89)",13,11.0
32,Auction,E14,"(43, 30)",6,23.0
32,Auction,E15,"(97, 64)",3,13.0
32,Q-Learning,E6,"(23, 100)",25,23.0
32,Q-Learning,E10,"(51, 41)",14,11.0
32,Q-Learning,E11,"(1, 75)",17,30.0
32,Q-Learning,E12,"(17, 1)",19,24.0
32,Q-Learning,E13,"(75, 89)",13,11.0
32,Q-Learning,E14,"(43, 30)",6,23.0
32,Q-Learning,E15,"(97, 64)",3,13.0
33,Greedy,E6,"(23, 100)",26,23.0
33,Greedy,E10,"(51, 41)",15,11.0
33,Greedy,E11,"(1, 75)",18,30.0
33,Greedy,E12,"(17, 1)",20,24.0
33,Greedy,E13,"(75, 89)",14,11.0
33,Greedy,E14,"(43, 30)",7,23.0
33,Greedy,E15,"(97, 64)",4,13.0
33,Greedy,E16,"(78, 15)",8,12.0
33,Auction,T7,"(12, 33)",34,28.0
33,Auction,E6,"(23, 100)",26,23.0
33,Auction,E10,"(51, 41)",15,11.0
33,Auction,E11,"(1, 75)",18,30.0
33,Auction,E12,"(17, 1)",20,24.0
33,Auction,E14,"(43, 30)",7,23.0
33,Auction,E15,"(97, 64)",4,13.0
33,Auction,E16,"(78, 15)",8,12.0
33,Q-Learning,E6,"(23, 100)",26,23.0
33,Q-Learning,E10,"(51, 41)",15,11.0
33,Q-Learning,E11,"(1, 75)",18,30.0
33,Q-Learning,E12,"(17, 1)",20,24.0
33,Q-Learning,E14,"(43, 30)",7,23.0
33,Q-Learning,E15,"(97, 64)",4,13.0
33,Q-Learning,E16,"(78, 15)",8,12.0
34,Greedy,E6,"(23, 100)",27,23.0
34,Greedy,E10,"(51, 41)",16,11.0
34,Greedy,E11,"(1, 75)",19,30.0
34,Greedy,E12,"(17, 1)",21,24.0
34,Greedy,E13,"(75, 89)",15,11.0
34,Greedy,E14,"(43, 30)",8,23.0
34,Greedy,E15,"(97, 64)",5,13.0
34,Greedy,E16,"(78, 15)",9,12.0
34,Auction,T7,"(12, 33)",35,28.0
34,Auction,E6,"(23, 100)",27,23.0
34,Auction,E11,"(1, 75)",19,30.0
34,Auction,E12,"(17, 1)",21,24.0
34,Auction,E14,"(43, 30)",8,23.0
34,Auction,E15,"(97, 64)",5,13.0
34,Q-Learning,E6,"(23, 100)",27,23.0
34,Q-Learning,E10,"(51, 41)",16,11.0
34,Q-Learning,E11,"(1, 75)",19,30.0
34,Q-Learning,E12,"(17, 1)",21,24.0
34,Q-Learning,E14,"(43, 30)",8,23.0
34,Q-Learning,E15,"(97, 64)",5,13.0
34,Q-Learning,E16,"(78, 15)",9,12.0
35,Greedy,E6,"(23, 100)",28,23.0
35,Greedy,E11,"(1, 75)",20,30.0
35,Greedy,E12,"(17, 1)",22,24.0
35,Greedy,E13,"(75, 89)",16,11.0
35,Greedy,E14,"(43, 30)",9,23.0
35,Greedy,E15,"(97, 64)",6,13.0
35,Greedy,E16,"(78, 15)",10,12.0
35,Auction,T7,"(12, 33)",36,28.0
35,Auction,E6,"(23, 100)",28,23.0
35,Auction,E11,"(1, 75)",20,30.0
35,Auction,E12,"(17, 1)",22,24.0
35,Auction,E14,"(43, 30)",9,23.0
35,Auction,E15,"(97, 64)",6,13.0
35,Q-Learning,E6,"(23, 100)",28,23.0
35,Q-Learning,E10,"(51, 41)",17,11.0
35,Q-Learning,E11,"(1, 75)",20,30.0
35,Q-Learning,E12,"(17, 1)",22,24.0
35,Q-Learning,E14,"(43, 30)",9,23.0
35,Q-Learning,E15,"(97, 64)",6,13.0
35,Q-Learning,E16,"(78, 15)",10,12.0
36,Greedy,E6,"(23, 100)",29,23.0
36,Greedy,E11,"(1, 75)",21,30.0
36,Greedy,E12,"(17, 1)",23,24.0
36,Greedy,E13,"(75, 89)",17,11.0
36,Greedy,E14,"(43, 30)",10,23.0
36,Greedy,E15,"(97, 64)",7,13.0
36,Greedy,E16,"(78, 15)",11,12.0
36,Greedy,E17,"(2, 69)",1,25.0
36,Auction,T7,"(12, 33)",37,28.0
36,Auction,E6,"(23, 100)",29,23.0
36,Auction,E11,"(1, 75)",21,30.0
36,Auction,E12,"(17, 1)",23,24.0
36,Auction,E14,"(43, 30)",10,23.0
36,Auction,E15,"(97, 64)",7,13.0
36,Auction,E17,"(2, 69)",1,25.0
36,Q-Learning,E6,"(23, 100)",29,23.0
36,Q-Learning,E10,"(51, 41)",18,11.0
36,Q-Learning,E11,"(1, 75)",21,30.0
36,Q-Learning,E12,"(17, 1)",23,24.0
36,Q-Learning,E14,"(43, 30)",10,23.0
36,Q-Learning,E15,"(97, 64)",7,13.0
36,Q-Learning,E16,"(78, 15)",11,12.0
36,Q-Learning,E17,"(2, 69)",1,25.0
37,Greedy,E6,"(23, 100)",30,23.0
37,Greedy,E11,"(1, 75)",22,30.0
37,Greedy,E12,"(17, 1)",24,24.0
37,Greedy,E13,"(75, 89)",18,11.0
37,Greedy,E14,"(43, 30)",11,23.0
37,Greedy,E15,"(97, 64)",8,13.0
37,Greedy,E16,"(78, 15)",12,12.0
37,Greedy,E17,"(2, 69)",2,25.0
37,Auction,T7,"(12, 33)",38,28.0
37,Auction,E6,"(23, 100)",30,23.0
37,Auction,E11,"(1, 75)",22,30.0
37,Auction,E12,"(17, 1)",24,24.0
37,Auction,E14,"(43, 30)",11,23.0
37,Auction,E15,"(97, 64)",8,13.0
37,Auction,E17,"(2, 69)",2,25.0
37,Q-Learning,E10,"(51, 41)",19,11.0
37,Q-Learning,E11,"(1, 75)",22,30.0
37,Q-Learning,E12,"(17, 1)",24,24.0
37,Q-Learning,E14,"(43, 30)",11,23.0
37,Q-Learning,E15,"(97, 64)",8,13.0
37,Q-Learning,E16,"(78, 15)",12,12.0
37,Q-Learning,E17,"(2, 69)",2,25.0
38,Greedy,E6,"(23, 100)",31,23.0
38,Greedy,E11,"(1, 75)",23,30.0
38,Greedy,E12,"(17, 1)",25,24.0
38,Greedy,E13,"(75, 89)",19,11.0
38,Greedy,E14,"(43, 30)",12,23.0
38,Greedy,E15,"(97, 64)",9,13.0
38,Greedy,E16,"(78, 15)",13,12.0
38,Greedy,E17,"(2, 69)",3,25.0
38,Greedy,E18,"(47, 17)",3,29.0
38,Auction,T7,"(12, 33)",39,28.0
38,Auction,E6,"(23, 100)",31,23.0
38,Auction,E11,"(1, 75)",23,30.0
38,Auction,E12,"(17, 1)",25,24.0
38,Auction,E14,"(43, 30)",12,23.0
38,Auction,E15,"(97, 64)",9,13.0
38,Auction,E17,"(2, 69)",3,25.0
38,Auction,E18,"(47, 17)",3,29.0
38,Q-Learning,E10,"(51, 41)",20,11.0
38,Q-Learning,E11,"(1, 75)",23,30.0
38,Q-Learning,E12,"(17, 1)",25,24.0
38,Q-Learning,E14,"(43, 30)",12,23.0
38,Q-Learning,E15,"(97, 64)",9,13.0
38,Q-Learning,E16,"(78, 15)",13,12.0
38,Q-Learning,E17,"(2, 69)",3,25.0
38,Q-Learning,E18,"(47, 17)",3,29.0
39,Greedy,E6,"(23, 100)",32,23.0
39,Greedy,E11,"(1, 75)",24,30.0
39,Greedy,E12,"(17, 1)",26,24.0
39,Greedy,E13,"(75, 89)",20,11.0
39,Greedy,E14,"(43, 30)",13,23.0
39,Greedy,E15,"(97, 64)",10,13.0
39,Greedy,E16,"(78, 15)",14,12.0
39,Greedy,E17,"(2, 69)",4,25.0
39,Greedy,E18,"(47, 17)",4,29.0
39,Greedy,E19,"(52, 36)",7,28.0
39,Auction,T7,"(12, 33)",40,28.0
39,Auction,E6,"(23, 100)",32,23.0
39,Auction,E11,"(1, 75)",24,30.0
39,Auction,E12,"(17, 1)",26,24.0
39,Auction,E14,"(43, 30)",13,23.0
39,Auction,E15,"(97, 64)",10,13.0
39,Auction,E17,"(2, 69)",4,25.0
39,Auction,E18,"(47, 17)",4,29.0
39,Auction,E19,"(52, 36)",7,28.0
39,Q-Learning,E10,"(51, 41)",21,11.0
39,Q-Learning,E11,"(1, 75)",24,30.0
39,Q-Learning,E12,"(17, 1)",26,24.0
39,Q-Learning,E14,"(43, 30)",13,23.0
39,Q-Learning,E15,"(97, 64)",10,13.0
39,Q-Learning,E16,"(78, 15)",14,12.0
39,Q-Learning,E17,"(2, 69)",4,25.0
39,Q-Learning,E18,"(47, 17)",4,29.0
39,Q-Learning,E19,"(52, 36)",7,28.0
40,Greedy,E6,"(23, 100)",33,23.0
40,Greedy,E11,"(1, 75)",25,30.0
40,Greedy,E12,"(17, 1)",27,24.0
40,Greedy,E13,"(75, 89)",21,11.0
40,Greedy,E14,"(43, 30)",14,23.0
40,Greedy,E15,"(97, 64)",11,13.0
40,Greedy,E16,"(78, 15)",15,12.0
40,Greedy,E17,"(2, 69)",5,25.0
40,Greedy,E18,"(47, 17)",5,29.0
40,Greedy,E19,"(52, 36)",8,28.0
40,Greedy,E20,"(41, 38)",1,15.0
40,Auction,T7,"(12, 33)",41,28.0
40,Auction,E6,"(23, 100)",33,23.0
40,Auction,E11,"(1, 75)",25,30.0
40,Auction,E12,"(17, 1)",27,24.0
40,Auction,E14,"(43, 30)",14,23.0
40,Auction,E15,"(97, 64)",11,13.0
40,Auction,E17,"(2, 69)",5,25.0
40,Auction,E18,"(47, 17)",5,29.0
40,Auction,E19,"(52, 36)",8,28.0
40,Auction,E20,"(41, 38)",1,15.0
40,Q-Learning,E10,"(51, 41)",22,11.0
40,Q-Learning,E11,"(1, 75)",25,30.0
40,Q-Learning,E12,"(17, 1)",27,24.0
40,Q-Learning,E14,"(43, 30)",14,23.0
40,Q-Learning,E15,"(97, 64)",11,13.0
40,Q-Learning,E16,"(78, 15)",15,12.0
40,Q-Learning,E17,"(2, 69)",5,25.0
40,Q-Learning,E18,"(47, 17)",5,29.0
40,Q-Learning,E19,"(52, 36)",8,28.0
40,Q-Learning,E20,"(41, 38)",1,15.0
41,Greedy,E6,"(23, 100)",34,23.0
41,Greedy,E11,"(1, 75)",26,30.0
41,Greedy,E12,"(17, 1)",28,24.0
41,Greedy,E13,"(75, 89)",22,11.0
41,Greedy,E14,"(43, 30)",15,23.0
41,Greedy,E15,"(97, 64)",12,13.0
41,Greedy,E16,"(78, 15)",16,12.0
41,Greedy,E17,"(2, 69)",6,25.0
41,Greedy,E18,"(47, 17)",6,29.0
41,Greedy,E19,"(52, 36)",9,28.0
41,Greedy,E20,"(41, 38)",2,15.0
41,Greedy,E21,"(34, 49)",6,22.0
41,Auction,T7,"(12, 33)",42,28.0
41,Auction,E6,"(23, 100)",34,23.0
41,Auction,E11,"(1, 75)",26,30.0
41,Auction,E12,"(17, 1)",28,24.0
41,Auction,E14,"(43, 30)",15,23.0
41,Auction,E15,"(97, 64)",12,13.0
41,Auction,E17,"(2, 69)",6,25.0
41,Auction,E18,"(47, 17)",6,29.0
41,Auction,E19,"(52, 36)",9,28.0
41,Auction,E20,"(41, 38)",2,15.0
41,Auction,E21,"(34, 49)",6,22.0
41,Q-Learning,E10,"(51, 41)",23,11.0
41,Q-Learning,E11,"(1, 75)",26,30.0
41,Q-Learning,E12,"(17, 1)",28,24.0
41,Q-Learning,E14,"(43, 30)",15,23.0
41,Q-Learning,E15,"(97, 64)",12,13.0
41,Q-Learning,E16,"(78, 15)",16,12.0
41,Q-Learning,E17,"(2, 69)",6,25.0
41,Q-Learning,E18,"(47, 17)",6,29.0
41,Q-Learning,E19,"(52, 36)",9,28.0
41,Q-Learning,E20,"(41, 38)",2,15.0
41,Q-Learning,E21,"(34, 49)",6,22.0
42,Greedy,E6,"(23, 100)",35,23.0
42,Greedy,E11,"(1, 75)",27,30.0
42,Greedy,E12,"(17, 1)",29,24.0
42,Greedy,E13,"(75, 89)",23,11.0
42,Greedy,E14,"(43, 30)",16,23.0
42,Greedy,E15,"(97, 64)",13,13.0
42,Greedy,E16,"(78, 15)",17,12.0
42,Greedy,E17,"(2, 69)",7,25.0
42,Greedy,E18,"(47, 17)",7,29.0
42,Greedy,E19,"(52, 36)",10,28.0
42,Greedy,E20,"(41, 38)",3,15.0
42,Greedy,E21,"(34, 49)",7,22.0
42,Auction,T7,"(12, 33)",43,28.0
42,Auction,E6,"(23, 100)",35,23.0
42,Auction,E11,"(1, 75)",27,30.0
42,Auction,E12,"(17, 1)",29,24.0
42,Auction,E14,"(43, 30)",16,23.0
42,Auction,E15,"(97, 64)",13,13.0
42,Auction,E17,"(2, 69)",7,25.0
42,Auction,E18,"(47, 17)",7,29.0
42,Auction,E19,"(52, 36)",10,28.0
42,Auction,E20,"(41, 38)",3,15.0
42,Auction,E21,"(34, 49)",7,22.0
42,Q-Learning,E10,"(51, 41)",24,11.0
42,Q-Learning,E11,"(1, 75)",27,30.0
42,Q-Learning,E12,"(17, 1)",29,24.0
42,Q-Learning,E14,"(43, 30)",16,23.0
42,Q-Learning,E15,"(97, 64)",13,13.0
42,Q-Learning,E16,"(78, 15)",17,12.0
42,Q-Learning,E17,"(2, 69)",7,25.0
42,Q-Learning,E18,"(47, 17)",7,29.0
42,Q-Learning,E19,"(52, 36)",10,28.0
42,Q-Learning,E20,"(41, 38)",3,15.0
42,Q-Learning,E21,"(34, 49)",7,22.0
43,Greedy,E6,"(23, 100)",36,23.0
43,Greedy,E11,"(1, 75)",28,30.0
43,Greedy,E12,"(17, 1)",30,24.0
43,Greedy,E13,"(75, 89)",24,11.0
43,Greedy,E14,"(43, 30)",17,23.0
43,Greedy,E15,"(97, 64)",14,13.0
43,Greedy,E16,"(78, 15)",18,12.0
43,Greedy,E17,"(2, 69)",8,25.0
43,Greedy,E18,"(47, 17)",8,29.0
43,Greedy,E19,"(52, 36)",11,28.0
43,Greedy,E20,"(41, 38)",4,15.0
43,Greedy,E21,"(34, 49)",8,22.0
43,Auction,T7,"(12, 33)",44,28.0
43,Auction,E6,"(23, 100)",36,23.0
43,Auction,E11,"(1, 75)",28,30.0
43,Auction,E12,"(17, 1)",30,24.0
43,Auction,E14,"(43, 30)",17,23.0
43,Auction,E15,"(97, 64)",14,13.0
43,Auction,E17,"(2, 69)",8,25.0
43,Auction,E18,"(47, 17)",8,29.0
43,Auction,E19,"(52, 36)",11,28.0
43,Auction,E20,"(41, 38)",4,15.0
43,Auction,E21,"(34, 49)",8,22.0
43,Q-Learning,E10,"(51, 41)",25,11.0
43,Q-Learning,E11,"(1, 75)",28,30.0
43,Q-Learning,E12,"(17, 1)",30,24.0
43,Q-Learning,E14,"(43, 30)",17,23.0
43,Q-Learning,E15,"(97, 64)",14,13.0
43,Q-Learning,E16,"(78, 15)",18,12.0
43,Q-Learning,E17,"(2, 69)",8,25.0
43,Q-Learning,E18,"(47, 17)",8,29.0
43,Q-Learning,E19,"(52, 36)",11,28.0
43,Q-Learning,E20,"(41, 38)",4,15.0
43,Q-Learning,E21,"(34, 49)",8,22.0
44,Greedy,E6,"(23, 100)",37,23.0
44,Greedy,E11,"(1, 75)",29,30.0
44,Greedy,E12,"(17, 1)",31,24.0
44,Greedy,E13,"(75, 89)",25,11.0
44,Greedy,E14,"(43, 30)",18,23.0
44,Greedy,E15,"(97, 64)",15,13.0
44,Greedy,E16,"(78, 15)",19,12.0
44,Greedy,E17,"(2, 69)",9,25.0
44,Greedy,E18,"(47, 17)",9,29.0
44,Greedy,E19,"(52, 36)",12,28.0
44,Greedy,E20,"(41, 38)",5,15.0
44,Greedy,E21,"(34, 49)",9,22.0
44,Auction,T7,"(12, 33)",45,28.0
44,Auction,E6,"(23, 100)",37,23.0
44,Auction,E11,"(1, 75)",29,30.0
44,Auction,E12,"(17, 1)",31,24.0
44,Auction,E14,"(43, 30)",18,23.0
44,Auction,E15,"(97, 64)",15,13.0
44,Auction,E17,"(2, 69)",9,25.0
44,Auction,E18,"(47, 17)",9,29.0
44,Auction,E19,"(52, 36)",12,28.0
44,Auction,E20,"(41, 38)",5,15.0
44,Auction,E21,"(34, 49)",9,22.0
44,Q-Learning,E10,"(51, 41)",26,11.0
44,Q-Learning,E11,"(1, 75)",29,30.0
44,Q-Learning,E12,"(17, 1)",31,24.0
44,Q-Learning,E14,"(43, 30)",18,23.0
44,Q-Learning,E15,"(97, 64)",15,13.0
44,Q-Learning,E16,"(78, 15)",19,12.0
44,Q-Learning,E17,"(2, 69)",9,25.0
44,Q-Learning,E18,"(47, 17)",9,29.0
44,Q-Learning,E19,"(52, 36)",12,28.0
44,Q-Learning,E20,"(41, 38)",5,15.0
44,Q-Learning,E21,"(34, 49)",9,22.0
45,Greedy,E6,"(23, 100)",38,23.0
45,Greedy,E11,"(1, 75)",30,30.0
45,Greedy,E12,"(17, 1)",32,24.0
45,Greedy,E13,"(75, 89)",26,11.0
45,Greedy,E14,"(43, 30)",19,23.0
45,Greedy,E15,"(97, 64)",16,13.0
45,Greedy,E16,"(78, 15)",20,12.0
45,Greedy,E17,"(2, 69)",10,25.0
45,Greedy,E18,"(47, 17)",10,29.0
45,Greedy,E19,"(52, 36)",13,28.0
45,Greedy,E20,"(41, 38)",6,15.0
45,Greedy,E21,"(34, 49)",10,22.0
45,Greedy,E22,"(22, 85)",2,27.0
45,Auction,T7,"(12, 33)",46,28.0
45,Auction,E6,"(23, 100)",38,23.0
45,Auction,E11,"(1, 75)",30,30.0
45,Auction,E12,"(17, 1)",32,24.0
45,Auction,E14,"(43, 30)",19,23.0
45,Auction,E15,"(97, 64)",16,13.0
45,Auction,E17,"(2, 69)",10,25.0
45,Auction,E18,"(47, 17)",10,29.0
45,Auction,E19,"(52, 36)",13,28.0
45,Auction,E20,"(41, 38)",6,15.0
45,Auction,E22,"(22, 85)",2,27.0
45,Q-Learning,E10,"(51, 41)",27,11.0
45,Q-Learning,E11,"(1, 75)",30,30.0
45,Q-Learning,E12,"(17, 1)",32,24.0
45,Q-Learning,E14,"(43, 30)",19,23.0
45,Q-Learning,E15,"(97, 64)",16,13.0
45,Q-Learning,E16,"(78, 15)",20,12.0
45,Q-Learning,E17,"(2, 69)",10,25.0
45,Q-Learning,E18,"(47, 17)",10,29.0
45,Q-Learning,E19,"(52, 36)",13,28.0
45,Q-Learning,E20,"(41, 38)",6,15.0
45,Q-Learning,E21,"(34, 49)",10,22.0
45,Q-Learning,E22,"(22, 85)",2,27.0
46,Greedy,E6,"(23, 100)",39,23.0
46,Greedy,E11,"(1, 75)",31,30.0
46,Greedy,E12,"(17, 1)",33,24.0
46,Greedy,E13,"(75, 89)",27,11.0
46,Greedy,E14,"(43, 30)",20,23.0
46,Greedy,E15,"(97, 64)",17,13.0
46,Greedy,E16,"(78, 15)",21,12.0
46,Greedy,E17,"(2, 69)",11,25.0
46,Greedy,E18,"(47, 17)",11,29.0
46,Greedy,E19,"(52, 36)",14,28.0
46,Greedy,E20,"(41, 38)",7,15.0
46,Greedy,E21,"(34, 49)",11,22.0
46,Greedy,E22,"(22, 85)",3,27.0
46,Greedy,E23,"(25, 45)",1,11.0
46,Auction,T7,"(12, 33)",47,28.0
46,Auction,E6,"(23, 100)",39,23.0
46,Auction,E11,"(1, 75)",31,30.0
46,Auction,E12,"(17, 1)",33,24.0
46,Auction,E14,"(43, 30)",20,23.0
46,Auction,E15,"(97, 64)",17,13.0
46,Auction,E17,"(2, 69)",11,25.0
46,Auction,E18,"(47, 17)",11,29.0
46,Auction,E19,"(52, 36)",14,28.0
46,Auction,E20,"(41, 38)",7,15.0
46,Auction,E22,"(22, 85)",3,27.0
46,Q-Learning,E10,"(51, 41)",28,11.0
46,Q-Learning,E11,"(1, 75)",31,30.0
46,Q-Learning,E12,"(17, 1)",33,24.0
46,Q-Learning,E14,"(43, 30)",20,23.0
46,Q-Learning,E15,"(97, 64)",17,13.0
46,Q-Learning,E16,"(78, 15)",21,12.0
46,Q-Learning,E17,"(2, 69)",11,25.0
46,Q-Learning,E18,"(47, 17)",11,29.0
46,Q-Learning,E19,"(52, 36)",14,28.0
46,Q-Learning,E20,"(41, 38)",7,15.0
46,Q-Learning,E21,"(34, 49)",11,22.0
46,Q-Learning,E22,"(22, 85)",3,27.0
46,Q-Learning,E23,"(25, 45)",1,11.0
47,Greedy,E6,"(23, 100)",40,23.0
47,Greedy,E11,"(1, 75)",32,30.0
47,Greedy,E12,"(17, 1)",34,24.0
47,Greedy,E13,"(75, 89)",28,11.0
47,Greedy,E14,"(43, 30)",21,23.0
47,Greedy,E15,"(97, 64)",18,13.0
47,Greedy,E16,"(78, 15)",22,12.0
47,Greedy,E17,"(2, 69)",12,25.0
47,Greedy,E18,"(47, 17)",12,29.0
47,Greedy,E19,"(52, 36)",15,28.0
47,Greedy,E20,"(41, 38)",8,15.0
47,Greedy,E21,"(34, 49)",12,22.0
47,Greedy,E22,"(22, 85)",4,27.0
47,Greedy,E23,"(25, 45)",2,11.0
47,Auction,T7,"(12, 33)",48,28.0
47,Auction,E6,"(23, 100)",40,23.0
47,Auction,E11,"(1, 75)",32,30.0
47,Auction,E12,"(17, 1)",34,24.0
47,Auction,E14,"(43, 30)",21,23.0
47,Auction,E15,"(97, 64)",18,13.0
47,Auction,E17,"(2, 69)",12,25.0
47,Auction,E18,"(47, 17)",12,29.0
47,Auction,E19,"(52, 36)",15,28.0
47,Auction,E20,"(41, 38)",8,15.0
47,Auction,E22,"(22, 85)",4,27.0
47,Q-Learning,E10,"(51, 41)",29,11.0
47,Q-Learning,E11,"(1, 75)",32,30.0
47,Q-Learning,E12,"(17, 1)",34,24.0
47,Q-Learning,E14,"(43, 30)",21,23.0
47,Q-Learning,E15,"(97, 64)",18,13.0
47,Q-Learning,E16,"(78, 15)",22,12.0
47,Q-Learning,E17,"(2, 69)",12,25.0
47,Q-Learning,E18,"(47, 17)",12,29.0
47,Q-Learning,E19,"(52, 36)",15,28.0
47,Q-Learning,E20,"(41, 38)",8,15.0
47,Q-Learning,E21,"(34, 49)",12,22.0
47,Q-Learning,E22,"(22, 85)",4,27.0
47,Q-Learning,E23,"(25, 45)",2,11.0
48,Greedy,E6,"(23, 100)",41,23.0
48,Greedy,E11,"(1, 75)",33,30.0
48,Greedy,E12,"(17, 1)",35,24.0
48,Greedy,E13,"(75, 89)",29,11.0
48,Greedy,E14,"(43, 30)",22,23.0
48,Greedy,E15,"(97, 64)",19,13.0
48,Greedy,E16,"(78, 15)",23,12.0
48,Greedy,E17,"(2, 69)",13,25.0
48,Greedy,E18,"(47, 17)",13,29.0
48,Greedy,E19,"(52, 36)",16,28.0
48,Greedy,E20,"(41, 38)",9,15.0
48,Greedy,E21,"(34, 49)",13,22.0
48,Greedy,E22,"(22, 85)",5,27.0
48,Greedy,E23,"(25, 45)",3,11.0
48,Auction,T7,"(12, 33)",49,28.0
48,Auction,E6,"(23, 100)",41,23.0
48,Auction,E11,"(1, 75)",33,30.0
48,Auction,E12,"(17, 1)",35,24.0
48,Auction,E14,"(43, 30)",22,23.0
48,Auction,E15,"(97, 64)",19,13.0
48,Auction,E17,"(2, 69)",13,25.0
48,Auction,E18,"(47, 17)",13,29.0
48,Auction,E19,"(52, 36)",16,28.0
48,Auction,E20,"(41, 38)",9,15.0
48,Auction,E22,"(22, 85)",5,27.0
48,Q-Learning,E10,"(51, 41)",30,11.0
48,Q-Learning,E11,"(1, 75)",33,30.0
48,Q-Learning,E12,"(17, 1)",35,24.0
48,Q-Learning,E14,"(43, 30)",22,23.0
48,Q-Learning,E15,"(97, 64)",19,13.0
48,Q-Learning,E16,"(78, 15)",23,12.0
48,Q-Learning,E17,"(2, 69)",13,25.0
48,Q-Learning,E18,"(47, 17)",13,29.0
48,Q-Learning,E19,"(52, 36)",16,28.0
48,Q-Learning,E20,"(41, 38)",9,15.0
48,Q-Learning,E21,"(34, 49)",13,22.0
48,Q-Learning,E22,"(22, 85)",5,27.0
48,Q-Learning,E23,"(25, 45)",3,11.0
49,Greedy,E6,"(23, 100)",42,23.0
49,Greedy,E11,"(1, 75)",34,30.0
49,Greedy,E12,"(17, 1)",36,24.0
49,Greedy,E13,"(75, 89)",30,11.0
49,Greedy,E14,"(43, 30)",23,23.0
49,Greedy,E15,"(97, 64)",20,13.0
49,Greedy,E16,"(78, 15)",24,12.0
49,Greedy,E17,"(2, 69)",14,25.0
49,Greedy,E18,"(47, 17)",14,29.0
49,Greedy,E19,"(52, 36)",17,28.0
49,Greedy,E20,"(41, 38)",10,15.0
49,Greedy,E21,"(34, 49)",14,22.0
49,Greedy,E22,"(22, 85)",6,27.0
49,Greedy,E23,"(25, 45)",4,11.0
49,Auction,T7,"(12, 33)",50,28.0
49,Auction,E6,"(23, 100)",42,23.0
49,Auction,E11,"(1, 75)",34,30.0
49,Auction,E12,"(17, 1)",36,24.0
49,Auction,E14,"(43, 30)",23,23.0
49,Auction,E15,"(97, 64)",20,13.0
49,Auction,E17,"(2, 69)",14,25.0
49,Auction,E18,"(47, 17)",14,29.0
49,Auction,E19,"(52, 36)",17,28.0
49,Auction,E20,"(41, 38)",10,15.0
49,Auction,E22,"(22, 85)",6,27.0
49,Q-Learning,E10,"(51, 41)",31,11.0
49,Q-Learning,E11,"(1, 75)",34,30.0
49,Q-Learning,E12,"(17, 1)",36,24.0
49,Q-Learning,E14,"(43, 30)",23,23.0
49,Q-Learning,E15,"(97, 64)",20,13.0
49,Q-Learning,E16,"(78, 15)",24,12.0
49,Q-Learning,E17,"(2, 69)",14,25.0
49,Q-Learning,E18,"(47, 17)",14,29.0
49,Q-Learning,E19,"(52, 36)",17,28.0
49,Q-Learning,E20,"(41, 38)",10,15.0
49,Q-Learning,E21,"(34, 49)",14,22.0
49,Q-Learning,E22,"(22, 85)",6,27.0
49,Q-Learning,E23,"(25, 45)",4,11.0
50,Greedy,E6,"(23, 100)",43,23.0
50,Greedy,E11,"(1, 75)",35,30.0
50,Greedy,E12,"(17, 1)",37,24.0
50,Greedy,E13,"(75, 89)",31,11.0
50,Greedy,E14,"(43, 30)",24,23.0
50,Greedy,E15,"(97, 64)",21,13.0
50,Greedy,E16,"(78, 15)",25,12.0
50,Greedy,E17,"(2, 69)",15,25.0
50,Greedy,E18,"(47, 17)",15,29.0
50,Greedy,E19,"(52, 36)",18,28.0
50,Greedy,E20,"(41, 38)",11,15.0
50,Greedy,E21,"(34, 49)",15,22.0
50,Greedy,E22,"(22, 85)",7,27.0
50,Greedy,E23,"(25, 45)",5,11.0
50,Auction,T7,"(12, 33)",51,28.0
50,Auction,E6,"(23, 100)",43,23.0
50,Auction,E11,"(1, 75)",35,30.0
50,Auction,E12,"(17, 1)",37,24.0
50,Auction,E14,"(43, 30)",24,23.0
50,Auction,E15,"(97, 64)",21,13.0
50,Auction,E17,"(2, 69)",15,25.0
50,Auction,E18,"(47, 17)",15,29.0
50,Auction,E20,"(41, 38)",11,15.0
50,Auction,E22,"(22, 85)",7,27.0
50,Q-Learning,E10,"(51, 41)",32,11.0
50,Q-Learning,E11,"(1, 75)",35,30.0
50,Q-Learning,E12,"(17, 1)",37,24.0
50,Q-Learning,E14,"(43, 30)",24,23.0
50,Q-Learning,E15,"(97, 64)",21,13.0
50,Q-Learning,E16,"(78, 15)",25,12.0
50,Q-Learning,E17,"(2, 69)",15,25.0
50,Q-Learning,E18,"(47, 17)",15,29.0
50,Q-Learning,E19,"(52, 36)",18,28.0
50,Q-Learning,E20,"(41, 38)",11,15.0
50,Q-Learning,E21,"(34, 49)",15,22.0
50,Q-Learning,E22,"(22, 85)",7,27.0
50,Q-Learning,E23,"(25, 45)",5,11.0
51,Greedy,E6,"(23, 100)",44,23.0
51,Greedy,E11,"(1, 75)",36,30.0
51,Greedy,E12,"(17, 1)",38,24.0
51,Greedy,E13,"(75, 89)",32,11.0
51,Greedy,E14,"(43, 30)",25,23.0
51,Greedy,E15,"(97, 64)",22,13.0
51,Greedy,E16,"(78, 15)",26,12.0
51,Greedy,E17,"(2, 69)",16,25.0
51,Greedy,E18,"(47, 17)",16,29.0
51,Greedy,E19,"(52, 36)",19,28.0
51,Greedy,E20,"(41, 38)",12,15.0
51,Greedy,E21,"(34, 49)",16,22.0
51,Greedy,E22,"(22, 85)",8,27.0
51,Greedy,E23,"(25, 45)",6,11.0
51,Greedy,E24,"(34, 32)",4,12.0
51,Auction,T7,"(12, 33)",52,28.0
51,Auction,E6,"(23, 100)",44,23.0
51,Auction,E11,"(1, 75)",36,30.0
51,Auction,E12,"(17, 1)",38,24.0
51,Auction,E14,"(43, 30)",25,23.0
51,Auction,E15,"(97, 64)",22,13.0
51,Auction,E17,"(2, 69)",16,25.0
51,Auction,E18,"(47, 17)",16,29.0
51,Auction,E20,"(41, 38)",12,15.0
51,Auction,E22,"(22, 85)",8,27.0
51,Auction,E24,"(34, 32)",4,12.0
51,Q-Learning,E10,"(51, 41)",33,11.0
51,Q-Learning,E11,"(1, 75)",36,30.0
51,Q-Learning,E12,"(17, 1)",38,24.0
51,Q-Learning,E14,"(43, 30)",25,23.0
51,Q-Learning,E15,"(97, 64)",22,13.0
51,Q-Learning,E16,"(78, 15)",26,12.0
51,Q-Learning,E17,"(2, 69)",16,25.0
51,Q-Learning,E18,"(47, 17)",16,29.0
51,Q-Learning,E19,"(52, 36)",19,28.0
51,Q-Learning,E20,"(41, 38)",12,15.0
51,Q-Learning,E21,"(34, 49)",16,22.0
51,Q-Learning,E22,"(22, 85)",8,27.0
51,Q-Learning,E23,"(25, 45)",6,11.0
51,Q-Learning,E24,"(34, 32)",4,12.0
52,Greedy,E11,"(1, 75)",37,30.0
52,Greedy,E12,"(17, 1)",39,24.0
52,Greedy,E13,"(75, 89)",33,11.0
52,Greedy,E14,"(43, 30)",26,23.0
52,Greedy,E15,"(97, 64)",23,13.0
52,Greedy,E16,"(78, 15)",27,12.0
52,Greedy,E17,"(2, 69)",17,25.0
52,Greedy,E18,"(47, 17)",17,29.0
52,Greedy,E19,"(52, 36)",20,28.0
52,Greedy,E20,"(41, 38)",13,15.0
52,Greedy,E21,"(34, 49)",17,22.0
52,Greedy,E22,"(22, 85)",9,27.0
52,Greedy,E23,"(25, 45)",7,11.0
52,Greedy,E24,"(34, 32)",5,12.0
52,Auction,T7,"(12, 33)",53,28.0
52,Auction,E6,"(23, 100)",45,23.0
52,Auction,E11,"(1, 75)",37,30.0
52,Auction,E12,"(17, 1)",39,24.0
52,Auction,E14,"(43, 30)",26,23.0
52,Auction,E15,"(97, 64)",23,13.0
52,Auction,E17,"(2, 69)",17,25.0
52,Auction,E18,"(47, 17)",17,29.0
52,Auction,E20,"(41, 38)",13,15.0
52,Auction,E22,"(22, 85)",9,27.0
52,Auction,E24,"(34, 32)",5,12.0
52,Q-Learning,E10,"(51, 41)",34,11.0
52,Q-Learning,E11,"(1, 75)",37,30.0
52,Q-Learning,E12,"(17, 1)",39,24.0
52,Q-Learning,E14,"(43, 30)",26,23.0
52,Q-Learning,E15,"(97, 64)",23,13.0
52,Q-Learning,E16,"(78, 15)",27,12.0
52,Q-Learning,E17,"(2, 69)",17,25.0
52,Q-Learning,E18,"(47, 17)",17,29.0
52,Q-Learning,E19,"(52, 36)",20,28.0
52,Q-Learning,E20,"(41, 38)",13,15.0
52,Q-Learning,E21,"(34, 49)",17,22.0
52,Q-Learning,E22,"(22, 85)",9,27.0
52,Q-Learning,E23,"(25, 45)",7,11.0
52,Q-Learning,E24,"(34, 32)",5,12.0
53,Greedy,E11,"(1, 75)",38,30.0
53,Greedy,E12,"(17, 1)",40,24.0
53,Greedy,E14,"(43, 30)",27,23.0
53,Greedy,E15,"(97, 64)",24,13.0
53,Greedy,E17,"(2, 69)",18,25.0
53,Greedy,E18,"(47, 17)",18,29.0
53,Greedy,E19,"(52, 36)",21,28.0
53,Greedy,E20,"(41, 38)",14,15.0
53,Greedy,E21,"(34, 49)",18,22.0
53,Greedy,E22,"(22, 85)",10,27.0
53,Greedy,E23,"(25, 45)",8,11.0
53,Greedy,E24,"(34, 32)",6,12.0
53,Auction,T7,"(12, 33)",54,28.0
53,Auction,E6,"(23, 100)",46,23.0
53,Auction,E11,"(1, 75)",38,30.0
53,Auction,E12,"(17, 1)",40,24.0
53,Auction,E14,"(43, 30)",27,23.0
53,Auction,E15,"(97, 64)",24,13.0
53,Auction,E17,"(2, 69)",18,25.0
53,Auction,E18,"(47, 17)",18,29.0
53,Auction,E20,"(41, 38)",14,15.0
53,Auction,E22,"(22, 85)",10,27.0
53,Auction,E24,"(34, 32)",6,12.0
53,Q-Learning,E11,"(1, 75)",38,30.0
53,Q-Learning,E12,"(17, 1)",40,24.0
53,Q-Learning,E14,"(43, 30)",27,23.0
53,Q-Learning,E15,"(97, 64)",24,13.0
53,Q-Learning,E16,"(78, 15)",28,12.0
53,Q-Learning,E17,"(2, 69)",18,25.0
53,Q-Learning,E18,"(47, 17)",18,29.0
53,Q-Learning,E19,"(52, 36)",21,28.0
53,Q-Learning,E20,"(41, 38)",14,15.0
53,Q-Learning,E21,"(34, 49)",18,22.0
53,Q-Learning,E22,"(22, 85)",10,27.0
53,Q-Learning,E23,"(25, 45)",8,11.0
53,Q-Learning,E24,"(34, 32)",6,12.0
54,Greedy,E11,"(1, 75)",39,30.0
54,Greedy,E12,"(17, 1)",41,24.0
54,Greedy,E14,"(43, 30)",28,23.0
54,Greedy,E15,"(97, 64)",25,13.0
54,Greedy,E17,"(2, 69)",19,25.0
54,Greedy,E18,"(47, 17)",19,29.0
54,Greedy,E19,"(52, 36)",22,28.0
54,Greedy,E20,"(41, 38)",15,15.0
54,Greedy,E21,"(34, 49)",19,22.0
54,Greedy,E22,"(22, 85)",11,27.0
54,Greedy,E23,"(25, 45)",9,11.0
54,Greedy,E24,"(34, 32)",7,12.0
54,Auction,T7,"(12, 33)",55,28.0
54,Auction,E6,"(23, 100)",47,23.0
54,Auction,E11,"(1, 75)",39,30.0
54,Auction,E12,"(17, 1)",41,24.0
54,Auction,E14,"(43, 30)",28,23.0
54,Auction,E17,"(2, 69)",19,25.0
54,Auction,E18,"(47, 17)",19,29.0
54,Auction,E20,"(41, 38)",15,15.0
54,Auction,E22,"(22, 85)",11,27.0
54,Auction,E24,"(34, 32)",7,12.0
54,Q-Learning,E11,"(1, 75)",39,30.0
54,Q-Learning,E12,"(17, 1)",41,24.0
54,Q-Learning,E14,"(43, 30)",28,23.0
54,Q-Learning,E15,"(97, 64)",25,13.0
54,Q-Learning,E16,"(78, 15)",29,12.0
54,Q-Learning,E17,"(2, 69)",19,25.0
54,Q-Learning,E18,"(47, 17)",19,29.0
54,Q-Learning,E19,"(52, 36)",22,28.0
54,Q-Learning,E20,"(41, 38)",15,15.0
54,Q-Learning,E21,"(34, 49)",19,22.0
54,Q-Learning,E22,"(22, 85)",11,27.0
54,Q-Learning,E23,"(25, 45)",9,11.0
54,Q-Learning,E24,"(34, 32)",7,12.0
55,Greedy,E11,"(1, 75)",40,30.0
55,Greedy,E12,"(17, 1)",42,24.0
55,Greedy,E14,"(43, 30)",29,23.0
55,Greedy,E15,"(97, 64)",26,13.0
55,Greedy,E17,"(2, 69)",20,25.0
55,Greedy,E18,"(47, 17)",20,29.0
55,Greedy,E19,"(52, 36)",23,28.0
55,Greedy,E20,"(41, 38)",16,15.0
55,Greedy,E21,"(34, 49)",20,22.0
55,Greedy,E22,"(22, 85)",12,27.0
55,Greedy,E23,"(25, 45)",10,11.0
55,Greedy,E24,"(34, 32)",8,12.0
55,Auction,T7,"(12, 33)",56,28.0
55,Auction,E6,"(23, 100)",48,23.0
55,Auction,E11,"(1, 75)",40,30.0
55,Auction,E12,"(17, 1)",42,24.0
55,Auction,E14,"(43, 30)",29,23.0
55,Auction,E17,"(2, 69)",20,25.0
55,Auction,E18,"(47, 17)",20,29.0
55,Auction,E20,"(41, 38)",16,15.0
55,Auction,E22,"(22, 85)",12,27.0
55,Auction,E24,"(34, 32)",8,12.0
55,Q-Learning,E11,"(1, 75)",40,30.0
55,Q-Learning,E12,"(17, 1)",42,24.0
55,Q-Learning,E14,"(43, 30)",29,23.0
55,Q-Learning,E16,"(78, 15)",30,12.0
55,Q-Learning,E17,"(2, 69)",20,25.0
55,Q-Learning,E18,"(47, 17)",20,29.0
55,Q-Learning,E19,"(52, 36)",23,28.0
55,Q-Learning,E20,"(41, 38)",16,15.0
55,Q-Learning,E21,"(34, 49)",20,22.0
55,Q-Learning,E22,"(22, 85)",12,27.0
55,Q-Learning,E23,"(25, 45)",10,11.0
55,Q-Learning,E24,"(34, 32)",8,12.0
56,Greedy,E11,"(1, 75)",41,30.0
56,Greedy,E12,"(17, 1)",43,24.0
56,Greedy,E14,"(43, 30)",30,23.0
56,Greedy,E15,"(97, 64)",27,13.0
56,Greedy,E17,"(2, 69)",21,25.0
56,Greedy,E18,"(47, 17)",21,29.0
56,Greedy,E19,"(52, 36)",24,28.0
56,Greedy,E20,"(41, 38)",17,15.0
56,Greedy,E21,"(34, 49)",21,22.0
56,Greedy,E22,"(22, 85)",13,27.0
56,Greedy,E23,"(25, 45)",11,11.0
56,Greedy,E24,"(34, 32)",9,12.0
56,Greedy,E25,"(4, 78)",6,28.0
56,Auction,T7,"(12, 33)",57,28.0
56,Auction,E6,"(23, 100)",49,23.0
56,Auction,E11,"(1, 75)",41,30.0
56,Auction,E12,"(17, 1)",43,24.0
56,Auction,E14,"(43, 30)",30,23.0
56,Auction,E17,"(2, 69)",21,25.0
56,Auction,E18,"(47, 17)",21,29.0
56,Auction,E20,"(41, 38)",17,15.0
56,Auction,E22,"(22, 85)",13,27.0
56,Auction,E24,"(34, 32)",9,12.0
56,Auction,E25,"(4, 78)",6,28.0
56,Q-Learning,E11,"(1, 75)",41,30.0
56,Q-Learning,E12,"(17, 1)",43,24.0
56,Q-Learning,E14,"(43, 30)",30,23.0
56,Q-Learning,E16,"(78, 15)",31,12.0
56,Q-Learning,E17,"(2, 69)",21,25.0
56,Q-Learning,E18,"(47, 17)",21,29.0
56,Q-Learning,E19,"(52, 36)",24,28.0
56,Q-Learning,E20,"(41, 38)",17,15.0
56,Q-Learning,E21,"(34, 49)",21,22.0
56,Q-Learning,E22,"(22, 85)",13,27.0
56,Q-Learning,E23,"(25, 45)",11,11.0
56,Q-Learning,E25,"(4, 78)",6,28.0
57,Greedy,E11,"(1, 75)",42,30.0
57,Greedy,E12,"(17, 1)",44,24.0
57,Greedy,E14,"(43, 30)",31,23.0
57,Greedy,E15,"(97, 64)",28,13.0
57,Greedy,E17,"(2, 69)",22,25.0
57,Greedy,E18,"(47, 17)",22,29.0
57,Greedy,E19,"(52, 36)",25,28.0
57,Greedy,E20,"(41, 38)",18,15.0
57,Greedy,E21,"(34, 49)",22,22.0
57,Greedy,E22,"(22, 85)",14,27.0
57,Greedy,E23,"(25, 45)",12,11.0
57,Greedy,E24,"(34, 32)",10,12.0
57,Greedy,E25,"(4, 78)",7,28.0
57,Auction,T7,"(12, 33)",58,28.0
57,Auction,E6,"(23, 100)",50,23.0
57,Auction,E11,"(1, 75)",42,30.0
57,Auction,E12,"(17, 1)",44,24.0
57,Auction,E14,"(43, 30)",31,23.0
57,Auction,E17,"(2, 69)",22,25.0
57,Auction,E18,"(47, 17)",22,29.0
57,Auction,E20,"(41, 38)",18,15.0
57,Auction,E22,"(22, 85)",14,27.0
57,Auction,E24,"(34, 32)",10,12.0
57,Auction,E25,"(4, 78)",7,28.0
57,Q-Learning,E11,"(1, 75)",42,30.0
57,Q-Learning,E12,"(17, 1)",44,24.0
57,Q-Learning,E14,"(43, 30)",31,23.0
57,Q-Learning,E16,"(78, 15)",32,12.0
57,Q-Learning,E17,"(2, 69)",22,25.0
57,Q-Learning,E18,"(47, 17)",22,29.0
57,Q-Learning,E19,"(52, 36)",25,28.0
57,Q-Learning,E20,"(41, 38)",18,15.0
57,Q-Learning,E21,"(34, 49)",22,22.0
57,Q-Learning,E22,"(22, 85)",14,27.0
57,Q-Learning,E23,"(25, 45)",12,11.0
57,Q-Learning,E25,"(4, 78)",7,28.0
58,Greedy,E11,"(1, 75)",43,30.0
58,Greedy,E12,"(17, 1)",45,24.0
58,Greedy,E14,"(43, 30)",32,23.0
58,Greedy,E15,"(97, 64)",29,13.0
58,Greedy,E17,"(2, 69)",23,25.0
58,Greedy,E18,"(47, 17)",23,29.0
58,Greedy,E19,"(52, 36)",26,28.0
58,Greedy,E20,"(41, 38)",19,15.0
58,Greedy,E21,"(34, 49)",23,22.0
58,Greedy,E22,"(22, 85)",15,27.0
58,Greedy,E23,"(25, 45)",13,11.0
58,Greedy,E24,"(34, 32)",11,12.0
58,Greedy,E25,"(4, 78)",8,28.0
58,Greedy,E26,"(66, 92)",6,21.0
58,Auction,T7,"(12, 33)",59,28.0
58,Auction,E6,"(23, 100)",51,23.0
58,Auction,E11,"(1, 75)",43,30.0
58,Auction,E12,"(17, 1)",45,24.0
58,Auction,E14,"(43, 30)",32,23.0
58,Auction,E17,"(2, 69)",23,25.0
58,Auction,E18,"(47, 17)",23,29.0
58,Auction,E20,"(41, 38)",19,15.0
58,Auction,E22,"(22, 85)",15,27.0
58,Auction,E24,"(34, 32)",11,12.0
58,Auction,E25,"(4, 78)",8,28.0
58,Auction,E26,"(66, 92)",6,21.0
58,Q-Learning,E11,"(1, 75)",43,30.0
58,Q-Learning,E12,"(17, 1)",45,24.0
58,Q-Learning,E14,"(43, 30)",32,23.0
58,Q-Learning,E16,"(78, 15)",33,12.0
58,Q-Learning,E17,"(2, 69)",23,25.0
58,Q-Learning,E18,"(47, 17)",23,29.0
58,Q-Learning,E19,"(52, 36)",26,28.0
58,Q-Learning,E20,"(41, 38)",19,15.0
58,Q-Learning,E21,"(34, 49)",23,22.0
58,Q-Learning,E22,"(22, 85)",15,27.0
58,Q-Learning,E23,"(25, 45)",13,11.0
58,Q-Learning,E25,"(4, 78)",8,28.0
58,Q-Learning,E26,"(66, 92)",6,21.0
59,Greedy,E11,"(1, 75)",44,30.0
59,Greedy,E12,"(17, 1)",46,24.0
59,Greedy,E14,"(43, 30)",33,23.0
59,Greedy,E15,"(97, 64)",30,13.0
59,Greedy,E17,"(2, 69)",24,25.0
59,Greedy,E18,"(47, 17)",24,29.0
59,Greedy,E19,"(52, 36)",27,28.0
59,Greedy,E20,"(41, 38)",20,15.0
59,Greedy,E21,"(34, 49)",24,22.0
59,Greedy,E22,"(22, 85)",16,27.0
59,Greedy,E23,"(25, 45)",14,11.0
59,Greedy,E24,"(34, 32)",12,12.0
59,Greedy,E25,"(4, 78)",9,28.0
59,Greedy,E26,"(66, 92)",7,21.0
59,Greedy,E27,"(60, 1)",9,26.0
59,Auction,T7,"(12, 33)",60,28.0
59,Auction,E6,"(23, 100)",52,23.0
59,Auction,E11,"(1, 75)",44,30.0
59,Auction,E12,"(17, 1)",46,24.0
59,Auction,E14,"(43, 30)",33,23.0
59,Auction,E17,"(2, 69)",24,25.0
59,Auction,E18,"(47, 17)",24,29.0
59,Auction,E20,"(41, 38)",20,15.0
59,Auction,E22,"(22, 85)",16,27.0
59,Auction,E24,"(34, 32)",12,12.0
59,Auction,E25,"(4, 78)",9,28.0
59,Auction,E26,"(66, 92)",7,21.0
59,Auction,E27,"(60, 1)",9,26.0
59,Q-Learning,E11,"(1, 75)",44,30.0
59,Q-Learning,E12,"(17, 1)",46,24.0
59,Q-Learning,E14,"(43, 30)",33,23.0
59,Q-Learning,E16,"(78, 15)",34,12.0
59,Q-Learning,E17,"(2, 69)",24,25.0
59,Q-Learning,E18,"(47, 17)",24,29.0
59,Q-Learning,E19,"(52, 36)",27,28.0
59,Q-Learning,E20,"(41, 38)",20,15.0
59,Q-Learning,E21,"(34, 49)",24,22.0
59,Q-Learning,E22,"(22, 85)",16,27.0
59,Q-Learning,E23,"(25, 45)",14,11.0
59,Q-Learning,E25,"(4, 78)",9,28.0
59,Q-Learning,E26,"(66, 92)",7,21.0
59,Q-Learning,E27,"(60, 1)",9,26.0
60,Greedy,E11,"(1, 75)",45,30.0
60,Greedy,E12,"(17, 1)",47,24.0
60,Greedy,E14,"(43, 30)",34,23.0
60,Greedy,E15,"(97, 64)",31,13.0
60,Greedy,E17,"(2, 69)",25,25.0
60,Greedy,E18,"(47, 17)",25,29.0
60,Greedy,E19,"(52, 36)",28,28.0
60,Greedy,E20,"(41, 38)",21,15.0
60,Greedy,E21,"(34, 49)",25,22.0
60,Greedy,E22,"(22, 85)",17,27.0
60,Greedy,E23,"(25, 45)",15,11.0
60,Greedy,E24,"(34, 32)",13,12.0
60,Greedy,E25,"(4, 78)",10,28.0
60,Greedy,E26,"(66, 92)",8,21.0
60,Greedy,E27,"(60, 1)",10,26.0
60,Auction,T7,"(12, 33)",61,28.0
60,Auction,E6,"(23, 100)",53,23.0
60,Auction,E11,"(1, 75)",45,30.0
60,Auction,E12,"(17, 1)",47,24.0
60,Auction,E14,"(43, 30)",34,23.0
60,Auction,E17,"(2, 69)",25,25.0
60,Auction,E18,"(47, 17)",25,29.0
60,Auction,E20,"(41, 38)",21,15.0
60,Auction,E22,"(22, 85)",17,27.0
60,Auction,E24,"(34, 32)",13,12.0
60,Auction,E25,"(4, 78)",10,28.0
60,Auction,E26,"(66, 92)",8,21.0
60,Auction,E27,"(60, 1)",10,26.0
60,Q-Learning,E11,"(1, 75)",45,30.0
60,Q-Learning,E12,"(17, 1)",47,24.0
60,Q-Learning,E14,"(43, 30)",34,23.0
60,Q-Learning,E16,"(78, 15)",35,12.0
60,Q-Learning,E17,"(2, 69)",25,25.0
60,Q-Learning,E18,"(47, 17)",25,29.0
60,Q-Learning,E19,"(52, 36)",28,28.0
60,Q-Learning,E20,"(41, 38)",21,15.0
60,Q-Learning,E21,"(34, 49)",25,22.0
60,Q-Learning,E22,"(22, 85)",17,27.0
60,Q-Learning,E23,"(25, 45)",15,11.0
60,Q-Learning,E25,"(4, 78)",10,28.0
60,Q-Learning,E26,"(66, 92)",8,21.0
60,Q-Learning,E27,"(60, 1)",10,26.0
61,Greedy,E11,"(1, 75)",46,30.0
61,Greedy,E12,"(17, 1)",48,24.0
61,Greedy,E14,"(43, 30)",35,23.0
61,Greedy,E15,"(97, 64)",32,13.0
61,Greedy,E17,"(2, 69)",26,25.0
61,Greedy,E18,"(47, 17)",26,29.0
61,Greedy,E19,"(52, 36)",29,28.0
61,Greedy,E20,"(41, 38)",22,15.0
61,Greedy,E21,"(34, 49)",26,22.0
61,Greedy,E22,"(22, 85)",18,27.0
61,Greedy,E23,"(25, 45)",16,11.0
61,Greedy,E24,"(34, 32)",14,12.0
61,Greedy,E25,"(4, 78)",11,28.0
61,Greedy,E26,"(66, 92)",9,21.0
61,Greedy,E27,"(60, 1)",11,26.0
61,Greedy,E28,"(88, 44)",5,24.0
61,Auction,T7,"(12, 33)",62,28.0
61,Auction,E6,"(23, 100)",54,23.0
61,Auction,E11,"(1, 75)",46,30.0
61,Auction,E12,"(17, 1)",48,24.0
61,Auction,E14,"(43, 30)",35,23.0
61,Auction,E17,"(2, 69)",26,25.0
61,Auction,E18,"(47, 17)",26,29.0
61,Auction,E20,"(41, 38)",22,15.0
61,Auction,E22,"(22, 85)",18,27.0
61,Auction,E24,"(34, 32)",14,12.0
61,Auction,E25,"(4, 78)",11,28.0
61,Auction,E26,"(66, 92)",9,21.0
61,Auction,E27,"(60, 1)",11,26.0
61,Auction,E28,"(88, 44)",5,24.0
61,Q-Learning,E11,"(1, 75)",46,30.0
61,Q-Learning,E12,"(17, 1)",48,24.0
61,Q-Learning,E14,"(43, 30)",35,23.0
61,Q-Learning,E16,"(78, 15)",36,12.0
61,Q-Learning,E17,"(2, 69)",26,25.0
61,Q-Learning,E18,"(47, 17)",26,29.0
61,Q-Learning,E19,"(52, 36)",29,28.0
61,Q-Learning,E20,"(41, 38)",22,15.0
61,Q-Learning,E21,"(34, 49)",26,22.0
61,Q-Learning,E22,"(22, 85)",18,27.0
61,Q-Learning,E23,"(25, 45)",16,11.0
61,Q-Learning,E25,"(4, 78)",11,28.0
61,Q-Learning,E26,"(66, 92)",9,21.0
61,Q-Learning,E27,"(60, 1)",11,26.0
61,Q-Learning,E28,"(88, 44)",5,24.0
62,Greedy,E11,"(1, 75)",47,30.0
62,Greedy,E12,"(17, 1)",49,24.0
62,Greedy,E14,"(43, 30)",36,23.0
62,Greedy,E15,"(97, 64)",33,13.0
62,Greedy,E17,"(2, 69)",27,25.0
62,Greedy,E18,"(47, 17)",27,29.0
62,Greedy,E19,"(52, 36)",30,28.0
62,Greedy,E20,"(41, 38)",23,15.0
62,Greedy,E21,"(34, 49)",27,22.0
62,Greedy,E22,"(22, 85)",19,27.0
62,Greedy,E23,"(25, 45)",17,11.0
62,Greedy,E24,"(34, 32)",15,12.0
62,Greedy,E25,"(4, 78)",12,28.0
62,Greedy,E26,"(66, 92)",10,21.0
62,Greedy,E27,"(60, 1)",12,26.0
62,Greedy,E28,"(88, 44)",6,24.0
62,Auction,T7,"(12, 33)",63,28.0
62,Auction,E6,"(23, 100)",55,23.0
62,Auction,E11,"(1, 75)",47,30.0
62,Auction,E12,"(17, 1)",49,24.0
62,Auction,E14,"(43, 30)",36,23.0
62,Auction,E17,"(2, 69)",27,25.0
62,Auction,E18,"(47, 17)",27,29.0
62,Auction,E20,"(41, 38)",23,15.0
62,Auction,E22,"(22, 85)",19,27.0
62,Auction,E24,"(34, 32)",15,12.0
62,Auction,E25,"(4, 78)",12,28.0
62,Auction,E26,"(66, 92)",10,21.0
62,Auction,E27,"(60, 1)",12,26.0
62,Auction,E28,"(88, 44)",6,24.0
62,Q-Learning,E11,"(1, 75)",47,30.0
62,Q-Learning,E12,"(17, 1)",49,24.0
62,Q-Learning,E14,"(43, 30)",36,23.0
62,Q-Learning,E16,"(78, 15)",37,12.0
62,Q-Learning,E17,"(2, 69)",27,25.0
62,Q-Learning,E18,"(47, 17)",27,29.0
62,Q-Learning,E19,"(52, 36)",30,28.0
62,Q-Learning,E20,"(41, 38)",23,15.0
62,Q-Learning,E21,"(34, 49)",27,22.0
62,Q-Learning,E22,"(22, 85)",19,27.0
62,Q-Learning,E23,"(25, 45)",17,11.0
62,Q-Learning,E25,"(4, 78)",12,28.0
62,Q-Learning,E26,"(66, 92)",10,21.0
62,Q-Learning,E27,"(60, 1)",12,26.0
62,Q-Learning,E28,"(88, 44)",6,24.0
63,Greedy,E11,"(1, 75)",48,30.0
63,Greedy,E12,"(17, 1)",50,24.0
63,Greedy,E14,"(43, 30)",37,23.0
63,Greedy,E15,"(97, 64)",34,13.0
63,Greedy,E17,"(2, 69)",28,25.0
63,Greedy,E18,"(47, 17)",28,29.0
63,Greedy,E19,"(52, 36)",31,28.0
63,Greedy,E20,"(41, 38)",24,15.0
63,Greedy,E21,"(34, 49)",28,22.0
63,Greedy,E22,"(22, 85)",20,27.0
63,Greedy,E23,"(25, 45)",18,11.0
63,Greedy,E24,"(34, 32)",16,12.0
63,Greedy,E25,"(4, 78)",13,28.0
63,Greedy,E26,"(66, 92)",11,21.0
63,Greedy,E27,"(60, 1)",13,26.0
63,Greedy,E28,"(88, 44)",7,24.0
63,Auction,T7,"(12, 33)",64,28.0
63,Auction,E6,"(23, 100)",56,23.0
63,Auction,E11,"(1, 75)",48,30.0
63,Auction,E12,"(17, 1)",50,24.0
63,Auction,E14,"(43, 30)",37,23.0
63,Auction,E17,"(2, 69)",28,25.0
63,Auction,E18,"(47, 17)",28,29.0
63,Auction,E20,"(41, 38)",24,15.0
63,Auction,E22,"(22, 85)",20,27.0
63,Auction,E24,"(34, 32)",16,12.0
63,Auction,E25,"(4, 78)",13,28.0
63,Auction,E26,"(66, 92)",11,21.0
63,Auction,E27,"(60, 1)",13,26.0
63,Auction,E28,"(88, 44)",7,24.0
63,Auction,E29,"(25, 78)",3,11.0
63,Q-Learning,E11,"(1, 75)",48,30.0
63,Q-Learning,E12,"(17, 1)",50,24.0
63,Q-Learning,E14,"(43, 30)",37,23.0
63,Q-Learning,E16,"(78, 15)",38,12.0
63,Q-Learning,E17,"(2, 69)",28,25.0
63,Q-Learning,E18,"(47, 17)",28,29.0
63,Q-Learning,E19,"(52, 36)",31,28.0
63,Q-Learning,E20,"(41, 38)",24,15.0
63,Q-Learning,E21,"(34, 49)",28,22.0
63,Q-Learning,E22,"(22, 85)",20,27.0
63,Q-Learning,E23,"(25, 45)",18,11.0
63,Q-Learning,E25,"(4, 78)",13,28.0
63,Q-Learning,E26,"(66, 92)",11,21.0
63,Q-Learning,E27,"(60, 1)",13,26.0
63,Q-Learning,E28,"(88, 44)",7,24.0
63,Q-Learning,E29,"(25, 78)",3,11.0
64,Greedy,E11,"(1, 75)",49,30.0
64,Greedy,E12,"(17, 1)",51,24.0
64,Greedy,E14,"(43, 30)",38,23.0
64,Greedy,E15,"(97, 64)",35,13.0
64,Greedy,E17,"(2, 69)",29,25.0
64,Greedy,E18,"(47, 17)",29,29.0
64,Greedy,E19,"(52, 36)",32,28.0
64,Greedy,E20,"(41, 38)",25,15.0
64,Greedy,E21,"(34, 49)",29,22.0
64,Greedy,E22,"(22, 85)",21,27.0
64,Greedy,E23,"(25, 45)",19,11.0
64,Greedy,E24,"(34, 32)",17,12.0
64,Greedy,E25,"(4, 78)",14,28.0
64,Greedy,E26,"(66, 92)",12,21.0
64,Greedy,E27,"(60, 1)",14,26.0
64,Greedy,E28,"(88, 44)",8,24.0
64,Auction,T7,"(12, 33)",65,28.0
64,Auction,E6,"(23, 100)",57,23.0
64,Auction,E11,"(1, 75)",49,30.0
64,Auction,E12,"(17, 1)",51,24.0
64,Auction,E14,"(43, 30)",38,23.0
64,Auction,E17,"(2, 69)",29,25.0
64,Auction,E18,"(47, 17)",29,29.0
64,Auction,E20,"(41, 38)",25,15.0
64,Auction,E22,"(22, 85)",21,27.0
64,Auction,E24,"(34, 32)",17,12.0
64,Auction,E25,"(4, 78)",14,28.0
64,Auction,E26,"(66, 92)",12,21.0
64,Auction,E27,"(60, 1)",14,26.0
64,Auction,E28,"(88, 44)",8,24.0
64,Auction,E29,"(25, 78)",4,11.0
64,Q-Learning,E11,"(1, 75)",49,30.0
64,Q-Learning,E12,"(17, 1)",51,24.0
64,Q-Learning,E14,"(43, 30)",38,23.0
64,Q-Learning,E16,"(78, 15)",39,12.0
64,Q-Learning,E17,"(2, 69)",29,25.0
64,Q-Learning,E18,"(47, 17)",29,29.0
64,Q-Learning,E19,"(52, 36)",32,28.0
64,Q-Learning,E20,"(41, 38)",25,15.0
64,Q-Learning,E21,"(34, 49)",29,22.0
64,Q-Learning,E22,"(22, 85)",21,27.0
64,Q-Learning,E23,"(25, 45)",19,11.0
64,Q-Learning,E25,"(4, 78)",14,28.0
64,Q-Learning,E26,"(66, 92)",12,21.0
64,Q-Learning,E27,"(60, 1)",14,26.0
64,Q-Learning,E28,"(88, 44)",8,24.0
64,Q-Learning,E29,"(25, 78)",4,11.0
65,Greedy,E11,"(1, 75)",50,30.0
65,Greedy,E12,"(17, 1)",52,24.0
65,Greedy,E14,"(43, 30)",39,23.0
65,Greedy,E15,"(97, 64)",36,13.0
65,Greedy,E17,"(2, 69)",30,25.0
65,Greedy,E18,"(47, 17)",30,29.0
65,Greedy,E19,"(52, 36)",33,28.0
65,Greedy,E20,"(41, 38)",26,15.0
65,Greedy,E21,"(34, 49)",30,22.0
65,Greedy,E22,"(22, 85)",22,27.0
65,Greedy,E23,"(25, 45)",20,11.0
65,Greedy,E24,"(34, 32)",18,12.0
65,Greedy,E25,"(4, 78)",15,28.0
65,Greedy,E26,"(66, 92)",13,21.0
65,Greedy,E27,"(60, 1)",15,26.0
65,Greedy,E28,"(88, 44)",9,24.0
65,Greedy,E30,"(82, 85)",2,22.0
65,Auction,T7,"(12, 33)",66,28.0
65,Auction,E6,"(23, 100)",58,23.0
65,Auction,E11,"(1, 75)",50,30.0
65,Auction,E12,"(17, 1)",52,24.0
65,Auction,E14,"(43, 30)",39,23.0
65,Auction,E17,"(2, 69)",30,25.0
65,Auction,E18,"(47, 17)",30,29.0
65,Auction,E20,"(41, 38)",26,15.0
65,Auction,E22,"(22, 85)",22,27.0
65,Auction,E24,"(34, 32)",18,12.0
65,Auction,E25,"(4, 78)",15,28.0
65,Auction,E26,"(66, 92)",13,21.0
65,Auction,E27,"(60, 1)",15,26.0
65,Auction,E28,"(88, 44)",9,24.0
65,Auction,E29,"(25, 78)",5,11.0
65,Auction,E30,"(82, 85)",2,22.0
65,Q-Learning,E11,"(1, 75)",50,30.0
65,Q-Learning,E12,"(17, 1)",52,24.0
65,Q-Learning,E14,"(43, 30)",39,23.0
65,Q-Learning,E16,"(78, 15)",40,12.0
65,Q-Learning,E17,"(2, 69)",30,25.0
65,Q-Learning,E18,"(47, 17)",30,29.0
65,Q-Learning,E19,"(52, 36)",33,28.0
65,Q-Learning,E20,"(41, 38)",26,15.0
65,Q-Learning,E21,"(34, 49)",30,22.0
65,Q-Learning,E22,"(22, 85)",22,27.0
65,Q-Learning,E23,"(25, 45)",20,11.0
65,Q-Learning,E25,"(4, 78)",15,28.0
65,Q-Learning,E26,"(66, 92)",13,21.0
65,Q-Learning,E27,"(60, 1)",15,26.0
65,Q-Learning,E28,"(88, 44)",9,24.0
65,Q-Learning,E29,"(25, 78)",5,11.0
65,Q-Learning,E30,"(82, 85)",2,22.0
66,Greedy,E11,"(1, 75)",51,30.0
66,Greedy,E12,"(17, 1)",53,24.0
66,Greedy,E14,"(43, 30)",40,23.0
66,Greedy,E15,"(97, 64)",37,13.0
66,Greedy,E17,"(2, 69)",31,25.0
66,Greedy,E18,"(47, 17)",31,29.0
66,Greedy,E19,"(52, 36)",34,28.0
66,Greedy,E20,"(41, 38)",27,15.0
66,Greedy,E21,"(34, 49)",31,22.0
66,Greedy,E22,"(22, 85)",23,27.0
66,Greedy,E23,"(25, 45)",21,11.0
66,Greedy,E24,"(34, 32)",19,12.0
66,Greedy,E25,"(4, 78)",16,28.0
66,Greedy,E26,"(66, 92)",14,21.0
66,Greedy,E27,"(60, 1)",16,26.0
66,Greedy,E28,"(88, 44)",10,24.0
66,Greedy,E30,"(82, 85)",3,22.0
66,Greedy,E31,"(84, 10)",10,23.0
66,Auction,T7,"(12, 33)",67,28.0
66,Auction,E6,"(23, 100)",59,23.0
66,Auction,E11,"(1, 75)",51,30.0
66,Auction,E12,"(17, 1)",53,24.0
66,Auction,E14,"(43, 30)",40,23.0
66,Auction,E17,"(2, 69)",31,25.0
66,Auction,E18,"(47, 17)",31,29.0
66,Auction,E20,"(41, 38)",27,15.0
66,Auction,E22,"(22, 85)",23,27.0
66,Auction,E24,"(34, 32)",19,12.0
66,Auction,E25,"(4, 78)",16,28.0
66,Auction,E26,"(66, 92)",14,21.0
66,Auction,E27,"(60, 1)",16,26.0
66,Auction,E28,"(88, 44)",10,24.0
66,Auction,E29,"(25, 78)",6,11.0
66,Auction,E30,"(82, 85)",3,22.0
66,Auction,E31,"(84, 10)",10,23.0
66,Q-Learning,E11,"(1, 75)",51,30.0
66,Q-Learning,E12,"(17, 1)",53,24.0
66,Q-Learning,E14,"(43, 30)",40,23.0
66,Q-Learning,E16,"(78, 15)",41,12.0
66,Q-Learning,E17,"(2, 69)",31,25.0
66,Q-Learning,E18,"(47, 17)",31,29.0
66,Q-Learning,E19,"(52, 36)",34,28.0
66,Q-Learning,E20,"(41, 38)",27,15.0
66,Q-Learning,E21,"(34, 49)",31,22.0
66,Q-Learning,E22,"(22, 85)",23,27.0
66,Q-Learning,E23,"(25, 45)",21,11.0
66,Q-Learning,E25,"(4, 78)",16,28.0
66,Q-Learning,E26,"(66, 92)",14,21.0
66,Q-Learning,E27,"(60, 1)",16,26.0
66,Q-Learning,E28,"(88, 44)",10,24.0
66,Q-Learning,E29,"(25, 78)",6,11.0
66,Q-Learning,E30,"(82, 85)",3,22.0
66,Q-Learning,E31,"(84, 10)",10,23.0
67,Greedy,E11,"(1, 75)",52,30.0
67,Greedy,E12,"(17, 1)",54,24.0
67,Greedy,E14,"(43, 30)",41,23.0
67,Greedy,E15,"(97, 64)",38,13.0
67,Greedy,E17,"(2, 69)",32,25.0
67,Greedy,E18,"(47, 17)",32,29.0
67,Greedy,E19,"(52, 36)",35,28.0
67,Greedy,E20,"(41, 38)",28,15.0
67,Greedy,E21,"(34, 49)",32,22.0
67,Greedy,E22,"(22, 85)",24,27.0
67,Greedy,E23,"(25, 45)",22,11.0
67,Greedy,E24,"(34, 32)",20,12.0
67,Greedy,E25,"(4, 78)",17,28.0
67,Greedy,E26,"(66, 92)",15,21.0
67,Greedy,E27,"(60, 1)",17,26.0
67,Greedy,E28,"(88, 44)",11,24.0
67,Greedy,E30,"(82, 85)",4,22.0
67,Greedy,E31,"(84, 10)",11,23.0
67,Greedy,E32,"(90, 11)",4,12.0
67,Auction,T7,"(12, 33)",68,28.0
67,Auction,E6,"(23, 100)",60,23.0
67,Auction,E11,"(1, 75)",52,30.0
67,Auction,E12,"(17, 1)",54,24.0
67,Auction,E14,"(43, 30)",41,23.0
67,Auction,E17,"(2, 69)",32,25.0
67,Auction,E18,"(47, 17)",32,29.0
67,Auction,E20,"(41, 38)",28,15.0
67,Auction,E22,"(22, 85)",24,27.0
67,Auction,E24,"(34, 32)",20,12.0
67,Auction,E25,"(4, 78)",17,28.0
67,Auction,E26,"(66, 92)",15,21.0
67,Auction,E27,"(60, 1)",17,26.0
67,Auction,E28,"(88, 44)",11,24.0
67,Auction,E29,"(25, 78)",7,11.0
67,Auction,E30,"(82, 85)",4,22.0
67,Auction,E31,"(84, 10)",11,23.0
67,Auction,E32,"(90, 11)",4,12.0
67,Q-Learning,E11,"(1, 75)",52,30.0
67,Q-Learning,E12,"(17, 1)",54,24.0
67,Q-Learning,E14,"(43, 30)",41,23.0
67,Q-Learning,E16,"(78, 15)",42,12.0
67,Q-Learning,E17,"(2, 69)",32,25.0
67,Q-Learning,E18,"(47, 17)",32,29.0
67,Q-Learning,E19,"(52, 36)",35,28.0
67,Q-Learning,E20,"(41, 38)",28,15.0
67,Q-Learning,E21,"(34, 49)",32,22.0
67,Q-Learning,E22,"(22, 85)",24,27.0
67,Q-Learning,E23,"(25, 45)",22,11.0
67,Q-Learning,E25,"(4, 78)",17,28.0
67,Q-Learning,E26,"(66, 92)",15,21.0
67,Q-Learning,E27,"(60, 1)",17,26.0
67,Q-Learning,E28,"(88, 44)",11,24.0
67,Q-Learning,E29,"(25, 78)",7,11.0
67,Q-Learning,E30,"(82, 85)",4,22.0
67,Q-Learning,E31,"(84, 10)",11,23.0
67,Q-Learning,E32,"(90, 11)",4,12.0
68,Greedy,E11,"(1, 75)",53,30.0
68,Greedy,E12,"(17, 1)",55,24.0
68,Greedy,E14,"(43, 30)",42,23.0
68,Greedy,E15,"(97, 64)",39,13.0
68,Greedy,E17,"(2, 69)",33,25.0
68,Greedy,E18,"(47, 17)",33,29.0
68,Greedy,E19,"(52, 36)",36,28.0
68,Greedy,E20,"(41, 38)",29,15.0
68,Greedy,E21,"(34, 49)",33,22.0
68,Greedy,E22,"(22, 85)",25,27.0
68,Greedy,E23,"(25, 45)",23,11.0
68,Greedy,E24,"(34, 32)",21,12.0
68,Greedy,E25,"(4, 78)",18,28.0
68,Greedy,E26,"(66, 92)",16,21.0
68,Greedy,E27,"(60, 1)",18,26.0
68,Greedy,E28,"(88, 44)",12,24.0
68,Greedy,E30,"(82, 85)",5,22.0
68,Greedy,E31,"(84, 10)",12,23.0
68,Greedy,E32,"(90, 11)",5,12.0
68,Auction,T7,"(12, 33)",69,28.0
68,Auction,E6,"(23, 100)",61,23.0
68,Auction,E11,"(1, 75)",53,30.0
68,Auction,E12,"(17, 1)",55,24.0
68,Auction,E14,"(43, 30)",42,23.0
68,Auction,E17,"(2, 69)",33,25.0
68,Auction,E18,"(47, 17)",33,29.0
68,Auction,E20,"(41, 38)",29,15.0
68,Auction,E22,"(22, 85)",25,27.0
68,Auction,E24,"(34, 32)",21,12.0
68,Auction,E25,"(4, 78)",18,28.0
68,Auction,E26,"(66, 92)",16,21.0
68,Auction,E27,"(60, 1)",18,26.0
68,Auction,E28,"(88, 44)",12,24.0
68,Auction,E29,"(25, 78)",8,11.0
68,Auction,E30,"(82, 85)",5,22.0
68,Auction,E31,"(84, 10)",12,23.0
68,Auction,E32,"(90, 11)",5,12.0
68,Q-Learning,E11,"(1, 75)",53,30.0
68,Q-Learning,E12,"(17, 1)",55,24.0
68,Q-Learning,E14,"(43, 30)",42,23.0
68,Q-Learning,E16,"(78, 15)",43,12.0
68,Q-Learning,E17,"(2, 69)",33,25.0
68,Q-Learning,E18,"(47, 17)",33,29.0
68,Q-Learning,E19,"(52, 36)",36,28.0
68,Q-Learning,E20,"(41, 38)",29,15.0
68,Q-Learning,E21,"(34, 49)",33,22.0
68,Q-Learning,E22,"(22, 85)",25,27.0
68,Q-Learning,E23,"(25, 45)",23,11.0
68,Q-Learning,E25,"(4, 78)",18,28.0
68,Q-Learning,E26,"(66, 92)",16,21.0
68,Q-Learning,E27,"(60, 1)",18,26.0
68,Q-Learning,E28,"(88, 44)",12,24.0
68,Q-Learning,E29,"(25, 78)",8,11.0
68,Q-Learning,E30,"(82, 85)",5,22.0
68,Q-Learning,E31,"(84, 10)",12,23.0
68,Q-Learning,E32,"(90, 11)",5,12.0
69,Greedy,E11,"(1, 75)",54,30.0
69,Greedy,E12,"(17, 1)",56,24.0
69,Greedy,E14,"(43, 30)",43,23.0
69,Greedy,E15,"(97, 64)",40,13.0
69,Greedy,E17,"(2, 69)",34,25.0
69,Greedy,E18,"(47, 17)",34,29.0
69,Greedy,E19,"(52, 36)",37,28.0
69,Greedy,E20,"(41, 38)",30,15.0
69,Greedy,E21,"(34, 49)",34,22.0
69,Greedy,E22,"(22, 85)",26,27.0
69,Greedy,E23,"(25, 45)",24,11.0
69,Greedy,E24,"(34, 32)",22,12.0
69,Greedy,E25,"(4, 78)",19,28.0
69,Greedy,E26,"(66, 92)",17,21.0
69,Greedy,E27,"(60, 1)",19,26.0
69,Greedy,E28,"(88, 44)",13,24.0
69,Greedy,E30,"(82, 85)",6,22.0
69,Greedy,E31,"(84, 10)",13,23.0
69,Greedy,E32,"(90, 11)",6,12.0
69,Auction,T7,"(12, 33)",70,28.0
69,Auction,E6,"(23, 100)",62,23.0
69,Auction,E11,"(1, 75)",54,30.0
69,Auction,E12,"(17, 1)",56,24.0
69,Auction,E14,"(43, 30)",43,23.0
69,Auction,E17,"(2, 69)",34,25.0
69,Auction,E18,"(47, 17)",34,29.0
69,Auction,E20,"(41, 38)",30,15.0
69,Auction,E22,"(22, 85)",26,27.0
69,Auction,E24,"(34, 32)",22,12.0
69,Auction,E25,"(4, 78)",19,28.0
69,Auction,E26,"(66, 92)",17,21.0
69,Auction,E27,"(60, 1)",19,26.0
69,Auction,E28,"(88, 44)",13,24.0
69,Auction,E29,"(25, 78)",9,11.0
69,Auction,E30,"(82, 85)",6,22.0
69,Auction,E31,"(84, 10)",13,23.0
69,Auction,E32,"(90, 11)",6,12.0
69,Q-Learning,E11,"(1, 75)",54,30.0
69,Q-Learning,E12,"(17, 1)",56,24.0
69,Q-Learning,E14,"(43, 30)",43,23.0
69,Q-Learning,E16,"(78, 15)",44,12.0
69,Q-Learning,E17,"(2, 69)",34,25.0
69,Q-Learning,E18,"(47, 17)",34,29.0
69,Q-Learning,E19,"(52, 36)",37,28.0
69,Q-Learning,E20,"(41, 38)",30,15.0
69,Q-Learning,E21,"(34, 49)",34,22.0
69,Q-Learning,E22,"(22, 85)",26,27.0
69,Q-Learning,E23,"(25, 45)",24,11.0
69,Q-Learning,E25,"(4, 78)",19,28.0
69,Q-Learning,E26,"(66, 92)",17,21.0
69,Q-Learning,E27,"(60, 1)",19,26.0
69,Q-Learning,E28,"(88, 44)",13,24.0
69,Q-Learning,E29,"(25, 78)",9,11.0
69,Q-Learning,E30,"(82, 85)",6,22.0
69,Q-Learning,E31,"(84, 10)",13,23.0
69,Q-Learning,E32,"(90, 11)",6,12.0
70,Greedy,E11,"(1, 75)",55,30.0
70,Greedy,E12,"(17, 1)",57,24.0
70,Greedy,E14,"(43, 30)",44,23.0
70,Greedy,E15,"(97, 64)",41,13.0
70,Greedy,E17,"(2, 69)",35,25.0
70,Greedy,E18,"(47, 17)",35,29.0
70,Greedy,E19,"(52, 36)",38,28.0
70,Greedy,E20,"(41, 38)",31,15.0
70,Greedy,E21,"(34, 49)",35,22.0
70,Greedy,E22,"(22, 85)",27,27.0
70,Greedy,E23,"(25, 45)",25,11.0
70,Greedy,E24,"(34, 32)",23,12.0
70,Greedy,E25,"(4, 78)",20,28.0
70,Greedy,E26,"(66, 92)",18,21.0
70,Greedy,E27,"(60, 1)",20,26.0
70,Greedy,E28,"(88, 44)",14,24.0
70,Greedy,E30,"(82, 85)",7,22.0
70,Greedy,E31,"(84, 10)",14,23.0
70,Greedy,E32,"(90, 11)",7,12.0
70,Auction,T7,"(12, 33)",71,28.0
70,Auction,E6,"(23, 100)",63,23.0
70,Auction,E11,"(1, 75)",55,30.0
70,Auction,E12,"(17, 1)",57,24.0
70,Auction,E14,"(43, 30)",44,23.0
70,Auction,E17,"(2, 69)",35,25.0
70,Auction,E18,"(47, 17)",35,29.0
70,Auction,E20,"(41, 38)",31,15.0
70,Auction,E22,"(22, 85)",27,27.0
70,Auction,E24,"(34, 32)",23,12.0
70,Auction,E25,"(4, 78)",20,28.0
70,Auction,E26,"(66, 92)",18,21.0
70,Auction,E27,"(60, 1)",20,26.0
70,Auction,E28,"(88, 44)",14,24.0
70,Auction,E29,"(25, 78)",10,11.0
70,Auction,E30,"(82, 85)",7,22.0
70,Auction,E31,"(84, 10)",14,23.0
70,Auction,E32,"(90, 11)",7,12.0
70,Q-Learning,E11,"(1, 75)",55,30.0
70,Q-Learning,E12,"(17, 1)",57,24.0
70,Q-Learning,E14,"(43, 30)",44,23.0
70,Q-Learning,E16,"(78, 15)",45,12.0
70,Q-Learning,E17,"(2, 69)",35,25.0
70,Q-Learning,E18,"(47, 17)",35,29.0
70,Q-Learning,E19,"(52, 36)",38,28.0
70,Q-Learning,E20,"(41, 38)",31,15.0
70,Q-Learning,E21,"(34, 49)",35,22.0
70,Q-Learning,E22,"(22, 85)",27,27.0
70,Q-Learning,E23,"(25, 45)",25,11.0
70,Q-Learning,E25,"(4, 78)",20,28.0
70,Q-Learning,E26,"(66, 92)",18,21.0
70,Q-Learning,E27,"(60, 1)",20,26.0
70,Q-Learning,E28,"(88, 44)",14,24.0
70,Q-Learning,E29,"(25, 78)",10,11.0
70,Q-Learning,E30,"(82, 85)",7,22.0
70,Q-Learning,E31,"(84, 10)",14,23.0
70,Q-Learning,E32,"(90, 11)",7,12.0
71,Greedy,E11,"(1, 75)",56,30.0
71,Greedy,E12,"(17, 1)",58,24.0
71,Greedy,E14,"(43, 30)",45,23.0
71,Greedy,E15,"(97, 64)",42,13.0
71,Greedy,E17,"(2, 69)",36,25.0
71,Greedy,E18,"(47, 17)",36,29.0
71,Greedy,E19,"(52, 36)",39,28.0
71,Greedy,E20,"(41, 38)",32,15.0
71,Greedy,E21,"(34, 49)",36,22.0
71,Greedy,E22,"(22, 85)",28,27.0
71,Greedy,E23,"(25, 45)",26,11.0
71,Greedy,E24,"(34, 32)",24,12.0
71,Greedy,E25,"(4, 78)",21,28.0
71,Greedy,E26,"(66, 92)",19,21.0
71,Greedy,E27,"(60, 1)",21,26.0
71,Greedy,E28,"(88, 44)",15,24.0
71,Greedy,E30,"(82, 85)",8,22.0
71,Greedy,E31,"(84, 10)",15,23.0
71,Greedy,E32,"(90, 11)",8,12.0
71,Auction,T7,"(12, 33)",72,28.0
71,Auction,E6,"(23, 100)",64,23.0
71,Auction,E11,"(1, 75)",56,30.0
71,Auction,E12,"(17, 1)",58,24.0
71,Auction,E14,"(43, 30)",45,23.0
71,Auction,E17,"(2, 69)",36,25.0
71,Auction,E18,"(47, 17)",36,29.0
71,Auction,E20,"(41, 38)",32,15.0
71,Auction,E22,"(22, 85)",28,27.0
71,Auction,E24,"(34, 32)",24,12.0
71,Auction,E25,"(4, 78)",21,28.0
71,Auction,E26,"(66, 92)",19,21.0
71,Auction,E27,"(60, 1)",21,26.0
71,Auction,E28,"(88, 44)",15,24.0
71,Auction,E29,"(25, 78)",11,11.0
71,Auction,E30,"(82, 85)",8,22.0
71,Auction,E31,"(84, 10)",15,23.0
71,Auction,E32,"(90, 11)",8,12.0
71,Q-Learning,E11,"(1, 75)",56,30.0
71,Q-Learning,E12,"(17, 1)",58,24.0
71,Q-Learning,E14,"(43, 30)",45,23.0
71,Q-Learning,E16,"(78, 15)",46,12.0
71,Q-Learning,E17,"(2, 69)",36,25.0
71,Q-Learning,E18,"(47, 17)",36,29.0
71,Q-Learning,E19,"(52, 36)",39,28.0
71,Q-Learning,E20,"(41, 38)",32,15.0
71,Q-Learning,E21,"(34, 49)",36,22.0
71,Q-Learning,E22,"(22, 85)",28,27.0
71,Q-Learning,E23,"(25, 45)",26,11.0
71,Q-Learning,E25,"(4, 78)",21,28.0
71,Q-Learning,E26,"(66, 92)",19,21.0
71,Q-Learning,E27,"(60, 1)",21,26.0
71,Q-Learning,E29,"(25, 78)",11,11.0
71,Q-Learning,E30,"(82, 85)",8,22.0
71,Q-Learning,E31,"(84, 10)",15,23.0
71,Q-Learning,E32,"(90, 11)",8,12.0
72,Greedy,E11,"(1, 75)",57,30.0
72,Greedy,E12,"(17, 1)",59,24.0
72,Greedy,E14,"(43, 30)",46,23.0
72,Greedy,E15,"(97, 64)",43,13.0
72,Greedy,E17,"(2, 69)",37,25.0
72,Greedy,E18,"(47, 17)",37,29.0
72,Greedy,E19,"(52, 36)",40,28.0
72,Greedy,E20,"(41, 38)",33,15.0
72,Greedy,E21,"(34, 49)",37,22.0
72,Greedy,E22,"(22, 85)",29,27.0
72,Greedy,E23,"(25, 45)",27,11.0
72,Greedy,E24,"(34, 32)",25,12.0
72,Greedy,E25,"(4, 78)",22,28.0
72,Greedy,E26,"(66, 92)",20,21.0
72,Greedy,E27,"(60, 1)",22,26.0
72,Greedy,E28,"(88, 44)",16,24.0
72,Greedy,E30,"(82, 85)",9,22.0
72,Greedy,E31,"(84, 10)",16,23.0
72,Greedy,E32,"(90, 11)",9,12.0
72,Auction,T7,"(12, 33)",73,28.0
72,Auction,E6,"(23, 100)",65,23.0
72,Auction,E11,"(1, 75)",57,30.0
72,Auction,E12,"(17, 1)",59,24.0
72,Auction,E14,"(43, 30)",46,23.0
72,Auction,E17,"(2, 69)",37,25.0
72,Auction,E18,"(47, 17)",37,29.0
72,Auction,E20,"(41, 38)",33,15.0
72,Auction,E22,"(22, 85)",29,27.0
72,Auction,E24,"(34, 32)",25,12.0
72,Auction,E25,"(4, 78)",22,28.0
72,Auction,E26,"(66, 92)",20,21.0
72,Auction,E27,"(60, 1)",22,26.0
72,Auction,E28,"(88, 44)",16,24.0
72,Auction,E29,"(25, 78)",12,11.0
72,Auction,E30,"(82, 85)",9,22.0
72,Auction,E31,"(84, 10)",16,23.0
72,Auction,E32,"(90, 11)",9,12.0
72,Q-Learning,E11,"(1, 75)",57,30.0
72,Q-Learning,E12,"(17, 1)",59,24.0
72,Q-Learning,E14,"(43, 30)",46,23.0
72,Q-Learning,E16,"(78, 15)",47,12.0
72,Q-Learning,E17,"(2, 69)",37,25.0
72,Q-Learning,E18,"(47, 17)",37,29.0
72,Q-Learning,E19,"(52, 36)",40,28.0
72,Q-Learning,E20,"(41, 38)",33,15.0
72,Q-Learning,E21,"(34, 49)",37,22.0
72,Q-Learning,E22,"(22, 85)",29,27.0
72,Q-Learning,E23,"(25, 45)",27,11.0
72,Q-Learning,E25,"(4, 78)",22,28.0
72,Q-Learning,E26,"(66, 92)",20,21.0
72,Q-Learning,E27,"(60, 1)",22,26.0
72,Q-Learning,E29,"(25, 78)",12,11.0
72,Q-Learning,E30,"(82, 85)",9,22.0
72,Q-Learning,E31,"(84, 10)",16,23.0
72,Q-Learning,E32,"(90, 11)",9,12.0
73,Greedy,E11,"(1, 75)",58,30.0
73,Greedy,E12,"(17, 1)",60,24.0
73,Greedy,E14,"(43, 30)",47,23.0
73,Greedy,E15,"(97, 64)",44,13.0
73,Greedy,E17,"(2, 69)",38,25.0
73,Greedy,E18,"(47, 17)",38,29.0
73,Greedy,E19,"(52, 36)",41,28.0
73,Greedy,E20,"(41, 38)",34,15.0
73,Greedy,E21,"(34, 49)",38,22.0
73,Greedy,E22,"(22, 85)",30,27.0
73,Greedy,E23,"(25, 45)",28,11.0
73,Greedy,E24,"(34, 32)",26,12.0
73,Greedy,E25,"(4, 78)",23,28.0
73,Greedy,E26,"(66, 92)",21,21.0
73,Greedy,E27,"(60, 1)",23,26.0
73,Greedy,E28,"(88, 44)",17,24.0
73,Greedy,E30,"(82, 85)",10,22.0
73,Greedy,E31,"(84, 10)",17,23.0
73,Greedy,E32,"(90, 11)",10,12.0
73,Greedy,E33,"(28, 79)",5,21.0
73,Auction,T7,"(12, 33)",74,28.0
73,Auction,E6,"(23, 100)",66,23.0
73,Auction,E11,"(1, 75)",58,30.0
73,Auction,E12,"(17, 1)",60,24.0
73,Auction,E14,"(43, 30)",47,23.0
73,Auction,E17,"(2, 69)",38,25.0
73,Auction,E18,"(47, 17)",38,29.0
73,Auction,E20,"(41, 38)",34,15.0
73,Auction,E22,"(22, 85)",30,27.0
73,Auction,E24,"(34, 32)",26,12.0
73,Auction,E25,"(4, 78)",23,28.0
73,Auction,E26,"(66, 92)",21,21.0
73,Auction,E27,"(60, 1)",23,26.0
73,Auction,E28,"(88, 44)",17,24.0
73,Auction,E29,"(25, 78)",13,11.0
73,Auction,E30,"(82, 85)",10,22.0
73,Auction,E31,"(84, 10)",17,23.0
73,Auction,E32,"(90, 11)",10,12.0
73,Auction,E33,"(28, 79)",5,21.0
73,Q-Learning,E11,"(1, 75)",58,30.0
73,Q-Learning,E12,"(17, 1)",60,24.0
73,Q-Learning,E14,"(43, 30)",47,23.0
73,Q-Learning,E16,"(78, 15)",48,12.0
73,Q-Learning,E17,"(2, 69)",38,25.0
73,Q-Learning,E18,"(47, 17)",38,29.0
73,Q-Learning,E19,"(52, 36)",41,28.0
73,Q-Learning,E20,"(41, 38)",34,15.0
73,Q-Learning,E21,"(34, 49)",38,22.0
73,Q-Learning,E22,"(22, 85)",30,27.0
73,Q-Learning,E23,"(25, 45)",28,11.0
73,Q-Learning,E25,"(4, 78)",23,28.0
73,Q-Learning,E26,"(66, 92)",21,21.0
73,Q-Learning,E27,"(60, 1)",23,26.0
73,Q-Learning,E29,"(25, 78)",13,11.0
73,Q-Learning,E30,"(82, 85)",10,22.0
73,Q-Learning,E31,"(84, 10)",17,23.0
73,Q-Learning,E32,"(90, 11)",10,12.0
73,Q-Learning,E33,"(28, 79)",5,21.0
74,Greedy,E11,"(1, 75)",59,30.0
74,Greedy,E12,"(17, 1)",61,24.0
74,Greedy,E14,"(43, 30)",48,23.0
74,Greedy,E15,"(97, 64)",45,13.0
74,Greedy,E17,"(2, 69)",39,25.0
74,Greedy,E18,"(47, 17)",39,29.0
74,Greedy,E19,"(52, 36)",42,28.0
74,Greedy,E20,"(41, 38)",35,15.0
74,Greedy,E21,"(34, 49)",39,22.0
74,Greedy,E22,"(22, 85)",31,27.0
74,Greedy,E23,"(25, 45)",29,11.0
74,Greedy,E24,"(34, 32)",27,12.0
74,Greedy,E25,"(4, 78)",24,28.0
74,Greedy,E26,"(66, 92)",22,21.0
74,Greedy,E27,"(60, 1)",24,26.0
74,Greedy,E28,"(88, 44)",18,24.0
74,Greedy,E30,"(82, 85)",11,22.0
74,Greedy,E31,"(84, 10)",18,23.0
74,Greedy,E32,"(90, 11)",11,12.0
74,Greedy,E33,"(28, 79)",6,21.0
74,Greedy,E34,"(3, 63)",8,10.0
74,Auction,T7,"(12, 33)",75,28.0
74,Auction,E6,"(23, 100)",67,23.0
74,Auction,E11,"(1, 75)",59,30.0
74,Auction,E12,"(17, 1)",61,24.0
74,Auction,E14,"(43, 30)",48,23.0
74,Auction,E17,"(2, 69)",39,25.0
74,Auction,E18,"(47, 17)",39,29.0
74,Auction,E20,"(41, 38)",35,15.0
74,Auction,E22,"(22, 85)",31,27.0
74,Auction,E24,"(34, 32)",27,12.0
74,Auction,E25,"(4, 78)",24,28.0
74,Auction,E26,"(66, 92)",22,21.0
74,Auction,E27,"(60, 1)",24,26.0
74,Auction,E28,"(88, 44)",18,24.0
74,Auction,E29,"(25, 78)",14,11.0
74,Auction,E30,"(82, 85)",11,22.0
74,Auction,E31,"(84, 10)",18,23.0
74,Auction,E32,"(90, 11)",11,12.0
74,Auction,E33,"(28, 79)",6,21.0
74,Auction,E34,"(3, 63)",8,10.0
74,Q-Learning,E11,"(1, 75)",59,30.0
74,Q-Learning,E12,"(17, 1)",61,24.0
74,Q-Learning,E14,"(43, 30)",48,23.0
74,Q-Learning,E16,"(78, 15)",49,12.0
74,Q-Learning,E17,"(2, 69)",39,25.0
74,Q-Learning,E18,"(47, 17)",39,29.0
74,Q-Learning,E19,"(52, 36)",42,28.0
74,Q-Learning,E20,"(41, 38)",35,15.0
74,Q-Learning,E21,"(34, 49)",39,22.0
74,Q-Learning,E22,"(22, 85)",31,27.0
74,Q-Learning,E23,"(25, 45)",29,11.0
74,Q-Learning,E25,"(4, 78)",24,28.0
74,Q-Learning,E26,"(66, 92)",22,21.0
74,Q-Learning,E27,"(60, 1)",24,26.0
74,Q-Learning,E29,"(25, 78)",14,11.0
74,Q-Learning,E30,"(82, 85)",11,22.0
74,Q-Learning,E31,"(84, 10)",18,23.0
74,Q-Learning,E32,"(90, 11)",11,12.0
74,Q-Learning,E33,"(28, 79)",6,21.0
74,Q-Learning,E34,"(3, 63)",8,10.0
75,Greedy,E11,"(1, 75)",60,30.0
75,Greedy,E12,"(17, 1)",62,24.0
75,Greedy,E14,"(43, 30)",49,23.0
75,Greedy,E15,"(97, 64)",46,13.0
75,Greedy,E17,"(2, 69)",40,25.0
75,Greedy,E18,"(47, 17)",40,29.0
75,Greedy,E19,"(52, 36)",43,28.0
75,Greedy,E20,"(41, 38)",36,15.0
75,Greedy,E21,"(34, 49)",40,22.0
75,Greedy,E22,"(22, 85)",32,27.0
75,Greedy,E23,"(25, 45)",30,11.0
75,Greedy,E24,"(34, 32)",28,12.0
75,Greedy,E25,"(4, 78)",25,28.0
75,Greedy,E26,"(66, 92)",23,21.0
75,Greedy,E27,"(60, 1)",25,26.0
75,Greedy,E28,"(88, 44)",19,24.0
75,Greedy,E30,"(82, 85)",12,22.0
75,Greedy,E31,"(84, 10)",19,23.0
75,Greedy,E32,"(90, 11)",12,12.0
75,Greedy,E33,"(28, 79)",7,21.0
75,Greedy,E34,"(3, 63)",9,10.0
75,Auction,T7,"(12, 33)",76,28.0
75,Auction,E6,"(23, 100)",68,23.0
75,Auction,E11,"(1, 75)",60,30.0
75,Auction,E12,"(17, 1)",62,24.0
75,Auction,E14,"(43, 30)",49,23.0
75,Auction,E17,"(2, 69)",40,25.0
75,Auction,E18,"(47, 17)",40,29.0
75,Auction,E20,"(41, 38)",36,15.0
75,Auction,E22,"(22, 85)",32,27.0
75,Auction,E24,"(34, 32)",28,12.0
75,Auction,E25,"(4, 78)",25,28.0
75,Auction,E26,"(66, 92)",23,21.0
75,Auction,E27,"(60, 1)",25,26.0
75,Auction,E28,"(88, 44)",19,24.0
75,Auction,E29,"(25, 78)",15,11.0
75,Auction,E30,"(82, 85)",12,22.0
75,Auction,E31,"(84, 10)",19,23.0
75,Auction,E32,"(90, 11)",12,12.0
75,Auction,E33,"(28, 79)",7,21.0
75,Auction,E34,"(3, 63)",9,10.0
75,Q-Learning,E11,"(1, 75)",60,30.0
75,Q-Learning,E12,"(17, 1)",62,24.0
75,Q-Learning,E14,"(43, 30)",49,23.0
75,Q-Learning,E16,"(78, 15)",50,12.0
75,Q-Learning,E17,"(2, 69)",40,25.0
75,Q-Learning,E18,"(47, 17)",40,29.0
75,Q-Learning,E19,"(52, 36)",43,28.0
75,Q-Learning,E20,"(41, 38)",36,15.0
75,Q-Learning,E21,"(34, 49)",40,22.0
75,Q-Learning,E22,"(22, 85)",32,27.0
75,Q-Learning,E23,"(25, 45)",30,11.0
75,Q-Learning,E25,"(4, 78)",25,28.0
75,Q-Learning,E26,"(66, 92)",23,21.0
75,Q-Learning,E27,"(60, 1)",25,26.0
75,Q-Learning,E29,"(25, 78)",15,11.0
75,Q-Learning,E30,"(82, 85)",12,22.0
75,Q-Learning,E31,"(84, 10)",19,23.0
75,Q-Learning,E32,"(90, 11)",12,12.0
75,Q-Learning,E33,"(28, 79)",7,21.0
75,Q-Learning,E34,"(3, 63)",9,10.0
76,Greedy,E11,"(1, 75)",61,30.0
76,Greedy,E12,"(17, 1)",63,24.0
76,Greedy,E14,"(43, 30)",50,23.0
76,Greedy,E15,"(97, 64)",47,13.0
76,Greedy,E17,"(2, 69)",41,25.0
76,Greedy,E18,"(47, 17)",41,29.0
76,Greedy,E19,"(52, 36)",44,28.0
76,Greedy,E20,"(41, 38)",37,15.0
76,Greedy,E21,"(34, 49)",41,22.0
76,Greedy,E22,"(22, 85)",33,27.0
76,Greedy,E23,"(25, 45)",31,11.0
76,Greedy,E24,"(34, 32)",29,12.0
76,Greedy,E25,"(4, 78)",26,28.0
76,Greedy,E26,"(66, 92)",24,21.0
76,Greedy,E27,"(60, 1)",26,26.0
76,Greedy,E28,"(88, 44)",20,24.0
76,Greedy,E30,"(82, 85)",13,22.0
76,Greedy,E31,"(84, 10)",20,23.0
76,Greedy,E32,"(90, 11)",13,12.0
76,Greedy,E33,"(28, 79)",8,21.0
76,Greedy,E34,"(3, 63)",10,10.0
76,Auction,T7,"(12, 33)",77,28.0
76,Auction,E6,"(23, 100)",69,23.0
76,Auction,E11,"(1, 75)",61,30.0
76,Auction,E12,"(17, 1)",63,24.0
76,Auction,E14,"(43, 30)",50,23.0
76,Auction,E17,"(2, 69)",41,25.0
76,Auction,E18,"(47, 17)",41,29.0
76,Auction,E20,"(41, 38)",37,15.0
76,Auction,E22,"(22, 85)",33,27.0
76,Auction,E24,"(34, 32)",29,12.0
76,Auction,E25,"(4, 78)",26,28.0
76,Auction,E26,"(66, 92)",24,21.0
76,Auction,E27,"(60, 1)",26,26.0
76,Auction,E28,"(88, 44)",20,24.0
76,Auction,E29,"(25, 78)",16,11.0
76,Auction,E30,"(82, 85)",13,22.0
76,Auction,E31,"(84, 10)",20,23.0
76,Auction,E32,"(90, 11)",13,12.0
76,Auction,E33,"(28, 79)",8,21.0
76,Auction,E34,"(3, 63)",10,10.0
76,Q-Learning,E11,"(1, 75)",61,30.0
76,Q-Learning,E12,"(17, 1)",63,24.0
76,Q-Learning,E14,"(43, 30)",50,23.0
76,Q-Learning,E16,"(78, 15)",51,12.0
76,Q-Learning,E17,"(2, 69)",41,25.0
76,Q-Learning,E18,"(47, 17)",41,29.0
76,Q-Learning,E19,"(52, 36)",44,28.0
76,Q-Learning,E20,"(41, 38)",37,15.0
76,Q-Learning,E21,"(34, 49)",41,22.0
76,Q-Learning,E22,"(22, 85)",33,27.0
76,Q-Learning,E23,"(25, 45)",31,11.0
76,Q-Learning,E25,"(4, 78)",26,28.0
76,Q-Learning,E26,"(66, 92)",24,21.0
76,Q-Learning,E27,"(60, 1)",26,26.0
76,Q-Learning,E29,"(25, 78)",16,11.0
76,Q-Learning,E30,"(82, 85)",13,22.0
76,Q-Learning,E31,"(84, 10)",20,23.0
76,Q-Learning,E32,"(90, 11)",13,12.0
76,Q-Learning,E33,"(28, 79)",8,21.0
76,Q-Learning,E34,"(3, 63)",10,10.0
77,Greedy,E11,"(1, 75)",62,30.0
77,Greedy,E12,"(17, 1)",64,24.0
77,Greedy,E14,"(43, 30)",51,23.0
77,Greedy,E15,"(97, 64)",48,13.0
77,Greedy,E17,"(2, 69)",42,25.0
77,Greedy,E18,"(47, 17)",42,29.0
77,Greedy,E19,"(52, 36)",45,28.0
77,Greedy,E20,"(41, 38)",38,15.0
77,Greedy,E21,"(34, 49)",42,22.0
77,Greedy,E22,"(22, 85)",34,27.0
77,Greedy,E23,"(25, 45)",32,11.0
77,Greedy,E24,"(34, 32)",30,12.0
77,Greedy,E25,"(4, 78)",27,28.0
77,Greedy,E26,"(66, 92)",25,21.0
77,Greedy,E27,"(60, 1)",27,26.0
77,Greedy,E28,"(88, 44)",21,24.0
77,Greedy,E30,"(82, 85)",14,22.0
77,Greedy,E31,"(84, 10)",21,23.0
77,Greedy,E32,"(90, 11)",14,12.0
77,Greedy,E33,"(28, 79)",9,21.0
77,Greedy,E34,"(3, 63)",11,10.0
77,Greedy,E35,"(91, 64)",6,23.0
77,Auction,T7,"(12, 33)",78,28.0
77,Auction,E6,"(23, 100)",70,23.0
77,Auction,E11,"(1, 75)",62,30.0
77,Auction,E12,"(17, 1)",64,24.0
77,Auction,E14,"(43, 30)",51,23.0
77,Auction,E17,"(2, 69)",42,25.0
77,Auction,E18,"(47, 17)",42,29.0
77,Auction,E20,"(41, 38)",38,15.0
77,Auction,E22,"(22, 85)",34,27.0
77,Auction,E24,"(34, 32)",30,12.0
77,Auction,E25,"(4, 78)",27,28.0
77,Auction,E26,"(66, 92)",25,21.0
77,Auction,E27,"(60, 1)",27,26.0
77,Auction,E28,"(88, 44)",21,24.0
77,Auction,E29,"(25, 78)",17,11.0
77,Auction,E30,"(82, 85)",14,22.0
77,Auction,E31,"(84, 10)",21,23.0
77,Auction,E32,"(90, 11)",14,12.0
77,Auction,E33,"(28, 79)",9,21.0
77,Auction,E34,"(3, 63)",11,10.0
77,Auction,E35,"(91, 64)",6,23.0
77,Q-Learning,E11,"(1, 75)",62,30.0
77,Q-Learning,E12,"(17, 1)",64,24.0
77,Q-Learning,E14,"(43, 30)",51,23.0
77,Q-Learning,E16,"(78, 15)",52,12.0
77,Q-Learning,E17,"(2, 69)",42,25.0
77,Q-Learning,E18,"(47, 17)",42,29.0
77,Q-Learning,E19,"(52, 36)",45,28.0
77,Q-Learning,E20,"(41, 38)",38,15.0
77,Q-Learning,E21,"(34, 49)",42,22.0
77,Q-Learning,E22,"(22, 85)",34,27.0
77,Q-Learning,E23,"(25, 45)",32,11.0
77,Q-Learning,E25,"(4, 78)",27,28.0
77,Q-Learning,E26,"(66, 92)",25,21.0
77,Q-Learning,E27,"(60, 1)",27,26.0
77,Q-Learning,E29,"(25, 78)",17,11.0
77,Q-Learning,E30,"(82, 85)",14,22.0
77,Q-Learning,E31,"(84, 10)",21,23.0
77,Q-Learning,E32,"(90, 11)",14,12.0
77,Q-Learning,E33,"(28, 79)",9,21.0
77,Q-Learning,E34,"(3, 63)",11,10.0
77,Q-Learning,E35,"(91, 64)",6,23.0
78,Greedy,E11,"(1, 75)",63,30.0
78,Greedy,E12,"(17, 1)",65,24.0
78,Greedy,E14,"(43, 30)",52,23.0
78,Greedy,E15,"(97, 64)",49,13.0
78,Greedy,E17,"(2, 69)",43,25.0
78,Greedy,E18,"(47, 17)",43,29.0
78,Greedy,E19,"(52, 36)",46,28.0
78,Greedy,E20,"(41, 38)",39,15.0
78,Greedy,E21,"(34, 49)",43,22.0
78,Greedy,E22,"(22, 85)",35,27.0
78,Greedy,E23,"(25, 45)",33,11.0
78,Greedy,E24,"(34, 32)",31,12.0
78,Greedy,E25,"(4, 78)",28,28.0
78,Greedy,E26,"(66, 92)",26,21.0
78,Greedy,E27,"(60, 1)",28,26.0
78,Greedy,E28,"(88, 44)",22,24.0
78,Greedy,E30,"(82, 85)",15,22.0
78,Greedy,E31,"(84, 10)",22,23.0
78,Greedy,E32,"(90, 11)",15,12.0
78,Greedy,E33,"(28, 79)",10,21.0
78,Greedy,E34,"(3, 63)",12,10.0
78,Greedy,E35,"(91, 64)",7,23.0
78,Auction,T7,"(12, 33)",79,28.0
78,Auction,E6,"(23, 100)",71,23.0
78,Auction,E11,"(1, 75)",63,30.0
78,Auction,E12,"(17, 1)",65,24.0
78,Auction,E14,"(43, 30)",52,23.0
78,Auction,E17,"(2, 69)",43,25.0
78,Auction,E18,"(47, 17)",43,29.0
78,Auction,E20,"(41, 38)",39,15.0
78,Auction,E22,"(22, 85)",35,27.0
78,Auction,E24,"(34, 32)",31,12.0
78,Auction,E25,"(4, 78)",28,28.0
78,Auction,E26,"(66, 92)",26,21.0
78,Auction,E27,"(60, 1)",28,26.0
78,Auction,E28,"(88, 44)",22,24.0
78,Auction,E29,"(25, 78)",18,11.0
78,Auction,E30,"(82, 85)",15,22.0
78,Auction,E31,"(84, 10)",22,23.0
78,Auction,E32,"(90, 11)",15,12.0
78,Auction,E33,"(28, 79)",10,21.0
78,Auction,E34,"(3, 63)",12,10.0
78,Auction,E35,"(91, 64)",7,23.0
78,Q-Learning,E11,"(1, 75)",63,30.0
78,Q-Learning,E12,"(17, 1)",65,24.0
78,Q-Learning,E14,"(43, 30)",52,23.0
78,Q-Learning,E16,"(78, 15)",53,12.0
78,Q-Learning,E17,"(2, 69)",43,25.0
78,Q-Learning,E18,"(47, 17)",43,29.0
78,Q-Learning,E19,"(52, 36)",46,28.0
78,Q-Learning,E20,"(41, 38)",39,15.0
78,Q-Learning,E21,"(34, 49)",43,22.0
78,Q-Learning,E22,"(22, 85)",35,27.0
78,Q-Learning,E23,"(25, 45)",33,11.0
78,Q-Learning,E25,"(4, 78)",28,28.0
78,Q-Learning,E26,"(66, 92)",26,21.0
78,Q-Learning,E27,"(60, 1)",28,26.0
78,Q-Learning,E29,"(25, 78)",18,11.0
78,Q-Learning,E30,"(82, 85)",15,22.0
78,Q-Learning,E31,"(84, 10)",22,23.0
78,Q-Learning,E32,"(90, 11)",15,12.0
78,Q-Learning,E33,"(28, 79)",10,21.0
78,Q-Learning,E34,"(3, 63)",12,10.0
78,Q-Learning,E35,"(91, 64)",7,23.0
79,Greedy,E11,"(1, 75)",64,30.0
79,Greedy,E12,"(17, 1)",66,24.0
79,Greedy,E14,"(43, 30)",53,23.0
79,Greedy,E15,"(97, 64)",50,13.0
79,Greedy,E17,"(2, 69)",44,25.0
79,Greedy,E18,"(47, 17)",44,29.0
79,Greedy,E19,"(52, 36)",47,28.0
79,Greedy,E20,"(41, 38)",40,15.0
79,Greedy,E21,"(34, 49)",44,22.0
79,Greedy,E22,"(22, 85)",36,27.0
79,Greedy,E23,"(25, 45)",34,11.0
79,Greedy,E24,"(34, 32)",32,12.0
79,Greedy,E25,"(4, 78)",29,28.0
79,Greedy,E26,"(66, 92)",27,21.0
79,Greedy,E27,"(60, 1)",29,26.0
79,Greedy,E28,"(88, 44)",23,24.0
79,Greedy,E30,"(82, 85)",16,22.0
79,Greedy,E31,"(84, 10)",23,23.0
79,Greedy,E32,"(90, 11)",16,12.0
79,Greedy,E33,"(28, 79)",11,21.0
79,Greedy,E34,"(3, 63)",13,10.0
79,Greedy,E35,"(91, 64)",8,23.0
79,Auction,T7,"(12, 33)",80,28.0
79,Auction,E6,"(23, 100)",72,23.0
79,Auction,E11,"(1, 75)",64,30.0
79,Auction,E12,"(17, 1)",66,24.0
79,Auction,E14,"(43, 30)",53,23.0
79,Auction,E17,"(2, 69)",44,25.0
79,Auction,E18,"(47, 17)",44,29.0
79,Auction,E22,"(22, 85)",36,27.0
79,Auction,E24,"(34, 32)",32,12.0
79,Auction,E25,"(4, 78)",29,28.0
79,Auction,E26,"(66, 92)",27,21.0
79,Auction,E27,"(60, 1)",29,26.0
79,Auction,E28,"(88, 44)",23,24.0
79,Auction,E29,"(25, 78)",19,11.0
79,Auction,E30,"(82, 85)",16,22.0
79,Auction,E31,"(84, 10)",23,23.0
79,Auction,E32,"(90, 11)",16,12.0
79,Auction,E33,"(28, 79)",11,21.0
79,Auction,E34,"(3, 63)",13,10.0
79,Auction,E35,"(91, 64)",8,23.0
79,Q-Learning,E11,"(1, 75)",64,30.0
79,Q-Learning,E12,"(17, 1)",66,24.0
79,Q-Learning,E14,"(43, 30)",53,23.0
79,Q-Learning,E16,"(78, 15)",54,12.0
79,Q-Learning,E17,"(2, 69)",44,25.0
79,Q-Learning,E18,"(47, 17)",44,29.0
79,Q-Learning,E19,"(52, 36)",47,28.0
79,Q-Learning,E20,"(41, 38)",40,15.0
79,Q-Learning,E21,"(34, 49)",44,22.0
79,Q-Learning,E22,"(22, 85)",36,27.0
79,Q-Learning,E23,"(25, 45)",34,11.0
79,Q-Learning,E25,"(4, 78)",29,28.0
79,Q-Learning,E26,"(66, 92)",27,21.0
79,Q-Learning,E27,"(60, 1)",29,26.0
79,Q-Learning,E29,"(25, 78)",19,11.0
79,Q-Learning,E30,"(82, 85)",16,22.0
79,Q-Learning,E31,"(84, 10)",23,23.0
79,Q-Learning,E32,"(90, 11)",16,12.0
79,Q-Learning,E33,"(28, 79)",11,21.0
79,Q-Learning,E34,"(3, 63)",13,10.0
79,Q-Learning,E35,"(91, 64)",8,23.0
80,Greedy,E11,"(1, 75)",65,30.0
80,Greedy,E12,"(17, 1)",67,24.0
80,Greedy,E14,"(43, 30)",54,23.0
80,Greedy,E17,"(2, 69)",45,25.0
80,Greedy,E18,"(47, 17)",45,29.0
80,Greedy,E19,"(52, 36)",48,28.0
80,Greedy,E20,"(41, 38)",41,15.0
80,Greedy,E21,"(34, 49)",45,22.0
80,Greedy,E22,"(22, 85)",37,27.0
80,Greedy,E23,"(25, 45)",35,11.0
80,Greedy,E24,"(34, 32)",33,12.0
80,Greedy,E25,"(4, 78)",30,28.0
80,Greedy,E26,"(66, 92)",28,21.0
80,Greedy,E27,"(60, 1)",30,26.0
80,Greedy,E28,"(88, 44)",24,24.0
80,Greedy,E30,"(82, 85)",17,22.0
80,Greedy,E31,"(84, 10)",24,23.0
80,Greedy,E32,"(90, 11)",17,12.0
80,Greedy,E33,"(28, 79)",12,21.0
80,Greedy,E34,"(3, 63)",14,10.0
80,Greedy,E35,"(91, 64)",9,23.0
80,Auction,T7,"(12, 33)",81,28.0
80,Auction,E6,"(23, 100)",73,23.0
80,Auction,E11,"(1, 75)",65,30.0
80,Auction,E12,"(17, 1)",67,24.0
80,Auction,E14,"(43, 30)",54,23.0
80,Auction,E17,"(2, 69)",45,25.0
80,Auction,E18,"(47, 17)",45,29.0
80,Auction,E22,"(22, 85)",37,27.0
80,Auction,E24,"(34, 32)",33,12.0
80,Auction,E25,"(4, 78)",30,28.0
80,Auction,E26,"(66, 92)",28,21.0
80,Auction,E27,"(60, 1)",30,26.0
80,Auction,E28,"(88, 44)",24,24.0
80,Auction,E29,"(25, 78)",20,11.0
80,Auction,E30,"(82, 85)",17,22.0
80,Auction,E31,"(84, 10)",24,23.0
80,Auction,E32,"(90, 11)",17,12.0
80,Auction,E33,"(28, 79)",12,21.0
80,Auction,E34,"(3, 63)",14,10.0
80,Auction,E35,"(91, 64)",9,23.0
80,Q-Learning,E11,"(1, 75)",65,30.0
80,Q-Learning,E12,"(17, 1)",67,24.0
80,Q-Learning,E14,"(43, 30)",54,23.0
80,Q-Learning,E16,"(78, 15)",55,12.0
80,Q-Learning,E17,"(2, 69)",45,25.0
80,Q-Learning,E18,"(47, 17)",45,29.0
80,Q-Learning,E19,"(52, 36)",48,28.0
80,Q-Learning,E20,"(41, 38)",41,15.0
80,Q-Learning,E21,"(34, 49)",45,22.0
80,Q-Learning,E22,"(22, 85)",37,27.0
80,Q-Learning,E23,"(25, 45)",35,11.0
80,Q-Learning,E25,"(4, 78)",30,28.0
80,Q-Learning,E26,"(66, 92)",28,21.0
80,Q-Learning,E27,"(60, 1)",30,26.0
80,Q-Learning,E29,"(25, 78)",20,11.0
80,Q-Learning,E30,"(82, 85)",17,22.0
80,Q-Learning,E31,"(84, 10)",24,23.0
80,Q-Learning,E32,"(90, 11)",17,12.0
80,Q-Learning,E33,"(28, 79)",12,21.0
80,Q-Learning,E34,"(3, 63)",14,10.0
80,Q-Learning,E35,"(91, 64)",9,23.0
81,Greedy,E11,"(1, 75)",66,30.0
81,Greedy,E12,"(17, 1)",68,24.0
81,Greedy,E14,"(43, 30)",55,23.0
81,Greedy,E17,"(2, 69)",46,25.0
81,Greedy,E18,"(47, 17)",46,29.0
81,Greedy,E19,"(52, 36)",49,28.0
81,Greedy,E20,"(41, 38)",42,15.0
81,Greedy,E21,"(34, 49)",46,22.0
81,Greedy,E22,"(22, 85)",38,27.0
81,Greedy,E23,"(25, 45)",36,11.0
81,Greedy,E24,"(34, 32)",34,12.0
81,Greedy,E25,"(4, 78)",31,28.0
81,Greedy,E26,"(66, 92)",29,21.0
81,Greedy,E27,"(60, 1)",31,26.0
81,Greedy,E28,"(88, 44)",25,24.0
81,Greedy,E30,"(82, 85)",18,22.0
81,Greedy,E31,"(84, 10)",25,23.0
81,Greedy,E32,"(90, 11)",18,12.0
81,Greedy,E33,"(28, 79)",13,21.0
81,Greedy,E34,"(3, 63)",15,10.0
81,Greedy,E35,"(91, 64)",10,23.0
81,Greedy,E36,"(38, 51)",9,12.0
81,Auction,T7,"(12, 33)",82,28.0
81,Auction,E6,"(23, 100)",74,23.0
81,Auction,E11,"(1, 75)",66,30.0
81,Auction,E12,"(17, 1)",68,24.0
81,Auction,E14,"(43, 30)",55,23.0
81,Auction,E17,"(2, 69)",46,25.0
81,Auction,E18,"(47, 17)",46,29.0
81,Auction,E22,"(22, 85)",38,27.0
81,Auction,E24,"(34, 32)",34,12.0
81,Auction,E25,"(4, 78)",31,28.0
81,Auction,E26,"(66, 92)",29,21.0
81,Auction,E27,"(60, 1)",31,26.0
81,Auction,E28,"(88, 44)",25,24.0
81,Auction,E29,"(25, 78)",21,11.0
81,Auction,E30,"(82, 85)",18,22.0
81,Auction,E31,"(84, 10)",25,23.0
81,Auction,E32,"(90, 11)",18,12.0
81,Auction,E33,"(28, 79)",13,21.0
81,Auction,E34,"(3, 63)",15,10.0
81,Auction,E35,"(91, 64)",10,23.0
81,Auction,E36,"(38, 51)",9,12.0
81,Q-Learning,E11,"(1, 75)",66,30.0
81,Q-Learning,E12,"(17, 1)",68,24.0
81,Q-Learning,E14,"(43, 30)",55,23.0
81,Q-Learning,E16,"(78, 15)",56,12.0
81,Q-Learning,E17,"(2, 69)",46,25.0
81,Q-Learning,E18,"(47, 17)",46,29.0
81,Q-Learning,E19,"(52, 36)",49,28.0
81,Q-Learning,E20,"(41, 38)",42,15.0
81,Q-Learning,E21,"(34, 49)",46,22.0
81,Q-Learning,E22,"(22, 85)",38,27.0
81,Q-Learning,E23,"(25, 45)",36,11.0
81,Q-Learning,E25,"(4, 78)",31,28.0
81,Q-Learning,E26,"(66, 92)",29,21.0
81,Q-Learning,E27,"(60, 1)",31,26.0
81,Q-Learning,E29,"(25, 78)",21,11.0
81,Q-Learning,E30,"(82, 85)",18,22.0
81,Q-Learning,E31,"(84, 10)",25,23.0
81,Q-Learning,E32,"(90, 11)",18,12.0
81,Q-Learning,E33,"(28, 79)",13,21.0
81,Q-Learning,E34,"(3, 63)",15,10.0
81,Q-Learning,E35,"(91, 64)",10,23.0
81,Q-Learning,E36,"(38, 51)",9,12.0
82,Greedy,E11,"(1, 75)",67,30.0
82,Greedy,E12,"(17, 1)",69,24.0
82,Greedy,E14,"(43, 30)",56,23.0
82,Greedy,E17,"(2, 69)",47,25.0
82,Greedy,E18,"(47, 17)",47,29.0
82,Greedy,E19,"(52, 36)",50,28.0
82,Greedy,E20,"(41, 38)",43,15.0
82,Greedy,E21,"(34, 49)",47,22.0
82,Greedy,E22,"(22, 85)",39,27.0
82,Greedy,E23,"(25, 45)",37,11.0
82,Greedy,E24,"(34, 32)",35,12.0
82,Greedy,E25,"(4, 78)",32,28.0
82,Greedy,E26,"(66, 92)",30,21.0
82,Greedy,E27,"(60, 1)",32,26.0
82,Greedy,E28,"(88, 44)",26,24.0
82,Greedy,E30,"(82, 85)",19,22.0
82,Greedy,E31,"(84, 10)",26,23.0
82,Greedy,E32,"(90, 11)",19,12.0
82,Greedy,E33,"(28, 79)",14,21.0
82,Greedy,E34,"(3, 63)",16,10.0
82,Greedy,E35,"(91, 64)",11,23.0
82,Greedy,E36,"(38, 51)",10,12.0
82,Auction,T7,"(12, 33)",83,28.0
82,Auction,E6,"(23, 100)",75,23.0
82,Auction,E11,"(1, 75)",67,30.0
82,Auction,E12,"(17, 1)",69,24.0
82,Auction,E14,"(43, 30)",56,23.0
82,Auction,E17,"(2, 69)",47,25.0
82,Auction,E18,"(47, 17)",47,29.0
82,Auction,E22,"(22, 85)",39,27.0
82,Auction,E24,"(34, 32)",35,12.0
82,Auction,E25,"(4, 78)",32,28.0
82,Auction,E26,"(66, 92)",30,21.0
82,Auction,E27,"(60, 1)",32,26.0
82,Auction,E28,"(88, 44)",26,24.0
82,Auction,E29,"(25, 78)",22,11.0
82,Auction,E30,"(82, 85)",19,22.0
82,Auction,E31,"(84, 10)",26,23.0
82,Auction,E32,"(90, 11)",19,12.0
82,Auction,E33,"(28, 79)",14,21.0
82,Auction,E34,"(3, 63)",16,10.0
82,Auction,E35,"(91, 64)",11,23.0
82,Auction,E36,"(38, 51)",10,12.0
82,Q-Learning,E11,"(1, 75)",67,30.0
82,Q-Learning,E12,"(17, 1)",69,24.0
82,Q-Learning,E14,"(43, 30)",56,23.0
82,Q-Learning,E16,"(78, 15)",57,12.0
82,Q-Learning,E17,"(2, 69)",47,25.0
82,Q-Learning,E18,"(47, 17)",47,29.0
82,Q-Learning,E19,"(52, 36)",50,28.0
82,Q-Learning,E20,"(41, 38)",43,15.0
82,Q-Learning,E21,"(34, 49)",47,22.0
82,Q-Learning,E22,"(22, 85)",39,27.0
82,Q-Learning,E23,"(25, 45)",37,11.0
82,Q-Learning,E25,"(4, 78)",32,28.0
82,Q-Learning,E26,"(66, 92)",30,21.0
82,Q-Learning,E27,"(60, 1)",32,26.0
82,Q-Learning,E29,"(25, 78)",22,11.0
82,Q-Learning,E30,"(82, 85)",19,22.0
82,Q-Learning,E31,"(84, 10)",26,23.0
82,Q-Learning,E32,"(90, 11)",19,12.0
82,Q-Learning,E33,"(28, 79)",14,21.0
82,Q-Learning,E34,"(3, 63)",16,10.0
82,Q-Learning,E35,"(91, 64)",11,23.0
82,Q-Learning,E36,"(38, 51)",10,12.0
83,Greedy,E11,"(1, 75)",68,30.0
83,Greedy,E12,"(17, 1)",70,24.0
83,Greedy,E14,"(43, 30)",57,23.0
83,Greedy,E17,"(2, 69)",48,25.0
83,Greedy,E18,"(47, 17)",48,29.0
83,Greedy,E19,"(52, 36)",51,28.0
83,Greedy,E20,"(41, 38)",44,15.0
83,Greedy,E21,"(34, 49)",48,22.0
83,Greedy,E22,"(22, 85)",40,27.0
83,Greedy,E23,"(25, 45)",38,11.0
83,Greedy,E24,"(34, 32)",36,12.0
83,Greedy,E25,"(4, 78)",33,28.0
83,Greedy,E26,"(66, 92)",31,21.0
83,Greedy,E27,"(60, 1)",33,26.0
83,Greedy,E28,"(88, 44)",27,24.0
83,Greedy,E30,"(82, 85)",20,22.0
83,Greedy,E31,"(84, 10)",27,23.0
83,Greedy,E32,"(90, 11)",20,12.0
83,Greedy,E33,"(28, 79)",15,21.0
83,Greedy,E34,"(3, 63)",17,10.0
83,Greedy,E35,"(91, 64)",12,23.0
83,Greedy,E36,"(38, 51)",11,12.0
83,Auction,T7,"(12, 33)",84,28.0
83,Auction,E6,"(23, 100)",76,23.0
83,Auction,E11,"(1, 75)",68,30.0
83,Auction,E12,"(17, 1)",70,24.0
83,Auction,E14,"(43, 30)",57,23.0
83,Auction,E17,"(2, 69)",48,25.0
83,Auction,E18,"(47, 17)",48,29.0
83,Auction,E22,"(22, 85)",40,27.0
83,Auction,E24,"(34, 32)",36,12.0
83,Auction,E25,"(4, 78)",33,28.0
83,Auction,E26,"(66, 92)",31,21.0
83,Auction,E27,"(60, 1)",33,26.0
83,Auction,E28,"(88, 44)",27,24.0
83,Auction,E29,"(25, 78)",23,11.0
83,Auction,E30,"(82, 85)",20,22.0
83,Auction,E31,"(84, 10)",27,23.0
83,Auction,E32,"(90, 11)",20,12.0
83,Auction,E33,"(28, 79)",15,21.0
83,Auction,E34,"(3, 63)",17,10.0
83,Auction,E35,"(91, 64)",12,23.0
83,Auction,E36,"(38, 51)",11,12.0
83,Q-Learning,E11,"(1, 75)",68,30.0
83,Q-Learning,E12,"(17, 1)",70,24.0
83,Q-Learning,E14,"(43, 30)",57,23.0
83,Q-Learning,E16,"(78, 15)",58,12.0
83,Q-Learning,E17,"(2, 69)",48,25.0
83,Q-Learning,E18,"(47, 17)",48,29.0
83,Q-Learning,E19,"(52, 36)",51,28.0
83,Q-Learning,E20,"(41, 38)",44,15.0
83,Q-Learning,E21,"(34, 49)",48,22.0
83,Q-Learning,E22,"(22, 85)",40,27.0
83,Q-Learning,E23,"(25, 45)",38,11.0
83,Q-Learning,E25,"(4, 78)",33,28.0
83,Q-Learning,E26,"(66, 92)",31,21.0
83,Q-Learning,E27,"(60, 1)",33,26.0
83,Q-Learning,E29,"(25, 78)",23,11.0
83,Q-Learning,E30,"(82, 85)",20,22.0
83,Q-Learning,E31,"(84, 10)",27,23.0
83,Q-Learning,E32,"(90, 11)",20,12.0
83,Q-Learning,E33,"(28, 79)",15,21.0
83,Q-Learning,E34,"(3, 63)",17,10.0
83,Q-Learning,E35,"(91, 64)",12,23.0
83,Q-Learning,E36,"(38, 51)",11,12.0
84,Greedy,E11,"(1, 75)",69,30.0
84,Greedy,E12,"(17, 1)",71,24.0
84,Greedy,E14,"(43, 30)",58,23.0
84,Greedy,E17,"(2, 69)",49,25.0
84,Greedy,E18,"(47, 17)",49,29.0
84,Greedy,E19,"(52, 36)",52,28.0
84,Greedy,E20,"(41, 38)",45,15.0
84,Greedy,E21,"(34, 49)",49,22.0
84,Greedy,E22,"(22, 85)",41,27.0
84,Greedy,E23,"(25, 45)",39,11.0
84,Greedy,E24,"(34, 32)",37,12.0
84,Greedy,E25,"(4, 78)",34,28.0
84,Greedy,E26,"(66, 92)",32,21.0
84,Greedy,E27,"(60, 1)",34,26.0
84,Greedy,E28,"(88, 44)",28,24.0
84,Greedy,E30,"(82, 85)",21,22.0
84,Greedy,E31,"(84, 10)",28,23.0
84,Greedy,E32,"(90, 11)",21,12.0
84,Greedy,E33,"(28, 79)",16,21.0
84,Greedy,E34,"(3, 63)",18,10.0
84,Greedy,E35,"(91, 64)",13,23.0
84,Greedy,E36,"(38, 51)",12,12.0
84,Greedy,E37,"(5, 9)",6,17.0
84,Auction,T7,"(12, 33)",85,28.0
84,Auction,E6,"(23, 100)",77,23.0
84,Auction,E11,"(1, 75)",69,30.0
84,Auction,E12,"(17, 1)",71,24.0
84,Auction,E14,"(43, 30)",58,23.0
84,Auction,E17,"(2, 69)",49,25.0
84,Auction,E18,"(47, 17)",49,29.0
84,Auction,E22,"(22, 85)",41,27.0
84,Auction,E24,"(34, 32)",37,12.0
84,Auction,E25,"(4, 78)",34,28.0
84,Auction,E26,"(66, 92)",32,21.0
84,Auction,E27,"(60, 1)",34,26.0
84,Auction,E28,"(88, 44)",28,24.0
84,Auction,E29,"(25, 78)",24,11.0
84,Auction,E30,"(82, 85)",21,22.0
84,Auction,E31,"(84, 10)",28,23.0
84,Auction,E32,"(90, 11)",21,12.0
84,Auction,E33,"(28, 79)",16,21.0
84,Auction,E34,"(3, 63)",18,10.0
84,Auction,E35,"(91, 64)",13,23.0
84,Auction,E36,"(38, 51)",12,12.0
84,Auction,E37,"(5, 9)",6,17.0
84,Q-Learning,E11,"(1, 75)",69,30.0
84,Q-Learning,E12,"(17, 1)",71,24.0
84,Q-Learning,E14,"(43, 30)",58,23.0
84,Q-Learning,E16,"(78, 15)",59,12.0
84,Q-Learning,E17,"(2, 69)",49,25.0
84,Q-Learning,E18,"(47, 17)",49,29.0
84,Q-Learning,E19,"(52, 36)",52,28.0
84,Q-Learning,E20,"(41, 38)",45,15.0
84,Q-Learning,E21,"(34, 49)",49,22.0
84,Q-Learning,E22,"(22, 85)",41,27.0
84,Q-Learning,E23,"(25, 45)",39,11.0
84,Q-Learning,E25,"(4, 78)",34,28.0
84,Q-Learning,E26,"(66, 92)",32,21.0
84,Q-Learning,E27,"(60, 1)",34,26.0
84,Q-Learning,E29,"(25, 78)",24,11.0
84,Q-Learning,E30,"(82, 85)",21,22.0
84,Q-Learning,E31,"(84, 10)",28,23.0
84,Q-Learning,E32,"(90, 11)",21,12.0
84,Q-Learning,E33,"(28, 79)",16,21.0
84,Q-Learning,E34,"(3, 63)",18,10.0
84,Q-Learning,E35,"(91, 64)",13,23.0
84,Q-Learning,E36,"(38, 51)",12,12.0
84,Q-Learning,E37,"(5, 9)",6,17.0
85,Greedy,E11,"(1, 75)",70,30.0
85,Greedy,E12,"(17, 1)",72,24.0
85,Greedy,E14,"(43, 30)",59,23.0
85,Greedy,E17,"(2, 69)",50,25.0
85,Greedy,E18,"(47, 17)",50,29.0
85,Greedy,E19,"(52, 36)",53,28.0
85,Greedy,E20,"(41, 38)",46,15.0
85,Greedy,E21,"(34, 49)",50,22.0
85,Greedy,E22,"(22, 85)",42,27.0
85,Greedy,E23,"(25, 45)",40,11.0
85,Greedy,E24,"(34, 32)",38,12.0
85,Greedy,E25,"(4, 78)",35,28.0
85,Greedy,E26,"(66, 92)",33,21.0
85,Greedy,E27,"(60, 1)",35,26.0
85,Greedy,E28,"(88, 44)",29,24.0
85,Greedy,E30,"(82, 85)",22,22.0
85,Greedy,E31,"(84, 10)",29,23.0
85,Greedy,E32,"(90, 11)",22,12.0
85,Greedy,E33,"(28, 79)",17,21.0
85,Greedy,E34,"(3, 63)",19,10.0
85,Greedy,E35,"(91, 64)",14,23.0
85,Greedy,E36,"(38, 51)",13,12.0
85,Greedy,E37,"(5, 9)",7,17.0
85,Auction,T7,"(12, 33)",86,28.0
85,Auction,E6,"(23, 100)",78,23.0
85,Auction,E11,"(1, 75)",70,30.0
85,Auction,E12,"(17, 1)",72,24.0
85,Auction,E14,"(43, 30)",59,23.0
85,Auction,E17,"(2, 69)",50,25.0
85,Auction,E18,"(47, 17)",50,29.0
85,Auction,E22,"(22, 85)",42,27.0
85,Auction,E24,"(34, 32)",38,12.0
85,Auction,E25,"(4, 78)",35,28.0
85,Auction,E26,"(66, 92)",33,21.0
85,Auction,E27,"(60, 1)",35,26.0
85,Auction,E28,"(88, 44)",29,24.0
85,Auction,E29,"(25, 78)",25,11.0
85,Auction,E30,"(82, 85)",22,22.0
85,Auction,E31,"(84, 10)",29,23.0
85,Auction,E32,"(90, 11)",22,12.0
85,Auction,E33,"(28, 79)",17,21.0
85,Auction,E34,"(3, 63)",19,10.0
85,Auction,E35,"(91, 64)",14,23.0
85,Auction,E36,"(38, 51)",13,12.0
85,Auction,E37,"(5, 9)",7,17.0
85,Q-Learning,E11,"(1, 75)",70,30.0
85,Q-Learning,E12,"(17, 1)",72,24.0
85,Q-Learning,E14,"(43, 30)",59,23.0
85,Q-Learning,E16,"(78, 15)",60,12.0
85,Q-Learning,E17,"(2, 69)",50,25.0
85,Q-Learning,E18,"(47, 17)",50,29.0
85,Q-Learning,E19,"(52, 36)",53,28.0
85,Q-Learning,E20,"(41, 38)",46,15.0
85,Q-Learning,E21,"(34, 49)",50,22.0
85,Q-Learning,E22,"(22, 85)",42,27.0
85,Q-Learning,E23,"(25, 45)",40,11.0
85,Q-Learning,E25,"(4, 78)",35,28.0
85,Q-Learning,E26,"(66, 92)",33,21.0
85,Q-Learning,E27,"(60, 1)",35,26.0
85,Q-Learning,E29,"(25, 78)",25,11.0
85,Q-Learning,E30,"(82, 85)",22,22.0
85,Q-Learning,E31,"(84, 10)",29,23.0
85,Q-Learning,E32,"(90, 11)",22,12.0
85,Q-Learning,E33,"(28, 79)",17,21.0
85,Q-Learning,E34,"(3, 63)",19,10.0
85,Q-Learning,E35,"(91, 64)",14,23.0
85,Q-Learning,E36,"(38, 51)",13,12.0
85,Q-Learning,E37,"(5, 9)",7,17.0
86,Greedy,E11,"(1, 75)",71,30.0
86,Greedy,E12,"(17, 1)",73,24.0
86,Greedy,E14,"(43, 30)",60,23.0
86,Greedy,E17,"(2, 69)",51,25.0
86,Greedy,E18,"(47, 17)",51,29.0
86,Greedy,E19,"(52, 36)",54,28.0
86,Greedy,E20,"(41, 38)",47,15.0
86,Greedy,E21,"(34, 49)",51,22.0
86,Greedy,E22,"(22, 85)",43,27.0
86,Greedy,E23,"(25, 45)",41,11.0
86,Greedy,E24,"(34, 32)",39,12.0
86,Greedy,E25,"(4, 78)",36,28.0
86,Greedy,E26,"(66, 92)",34,21.0
86,Greedy,E27,"(60, 1)",36,26.0
86,Greedy,E28,"(88, 44)",30,24.0
86,Greedy,E30,"(82, 85)",23,22.0
86,Greedy,E31,"(84, 10)",30,23.0
86,Greedy,E32,"(90, 11)",23,12.0
86,Greedy,E33,"(28, 79)",18,21.0
86,Greedy,E34,"(3, 63)",20,10.0
86,Greedy,E35,"(91, 64)",15,23.0
86,Greedy,E36,"(38, 51)",14,12.0
86,Greedy,E37,"(5, 9)",8,17.0
86,Greedy,E38,"(14, 44)",1,16.0
86,Auction,T7,"(12, 33)",87,28.0
86,Auction,E6,"(23, 100)",79,23.0
86,Auction,E11,"(1, 75)",71,30.0
86,Auction,E12,"(17, 1)",73,24.0
86,Auction,E14,"(43, 30)",60,23.0
86,Auction,E17,"(2, 69)",51,25.0
86,Auction,E18,"(47, 17)",51,29.0
86,Auction,E22,"(22, 85)",43,27.0
86,Auction,E24,"(34, 32)",39,12.0
86,Auction,E25,"(4, 78)",36,28.0
86,Auction,E26,"(66, 92)",34,21.0
86,Auction,E27,"(60, 1)",36,26.0
86,Auction,E28,"(88, 44)",30,24.0
86,Auction,E29,"(25, 78)",26,11.0
86,Auction,E30,"(82, 85)",23,22.0
86,Auction,E31,"(84, 10)",30,23.0
86,Auction,E32,"(90, 11)",23,12.0
86,Auction,E33,"(28, 79)",18,21.0
86,Auction,E34,"(3, 63)",20,10.0
86,Auction,E35,"(91, 64)",15,23.0
86,Auction,E36,"(38, 51)",14,12.0
86,Auction,E37,"(5, 9)",8,17.0
86,Auction,E38,"(14, 44)",1,16.0
86,Q-Learning,E11,"(1, 75)",71,30.0
86,Q-Learning,E12,"(17, 1)",73,24.0
86,Q-Learning,E14,"(43, 30)",60,23.0
86,Q-Learning,E16,"(78, 15)",61,12.0
86,Q-Learning,E17,"(2, 69)",51,25.0
86,Q-Learning,E18,"(47, 17)",51,29.0
86,Q-Learning,E19,"(52, 36)",54,28.0
86,Q-Learning,E20,"(41, 38)",47,15.0
86,Q-Learning,E21,"(34, 49)",51,22.0
86,Q-Learning,E22,"(22, 85)",43,27.0
86,Q-Learning,E23,"(25, 45)",41,11.0
86,Q-Learning,E25,"(4, 78)",36,28.0
86,Q-Learning,E26,"(66, 92)",34,21.0
86,Q-Learning,E27,"(60, 1)",36,26.0
86,Q-Learning,E29,"(25, 78)",26,11.0
86,Q-Learning,E30,"(82, 85)",23,22.0
86,Q-Learning,E31,"(84, 10)",30,23.0
86,Q-Learning,E32,"(90, 11)",23,12.0
86,Q-Learning,E33,"(28, 79)",18,21.0
86,Q-Learning,E34,"(3, 63)",20,10.0
86,Q-Learning,E35,"(91, 64)",15,23.0
86,Q-Learning,E36,"(38, 51)",14,12.0
86,Q-Learning,E37,"(5, 9)",8,17.0
86,Q-Learning,E38,"(14, 44)",1,16.0
87,Greedy,E11,"(1, 75)",72,30.0
87,Greedy,E12,"(17, 1)",74,24.0
87,Greedy,E14,"(43, 30)",61,23.0
87,Greedy,E17,"(2, 69)",52,25.0
87,Greedy,E18,"(47, 17)",52,29.0
87,Greedy,E19,"(52, 36)",55,28.0
87,Greedy,E20,"(41, 38)",48,15.0
87,Greedy,E21,"(34, 49)",52,22.0
87,Greedy,E22,"(22, 85)",44,27.0
87,Greedy,E23,"(25, 45)",42,11.0
87,Greedy,E24,"(34, 32)",40,12.0
87,Greedy,E25,"(4, 78)",37,28.0
87,Greedy,E26,"(66, 92)",35,21.0
87,Greedy,E27,"(60, 1)",37,26.0
87,Greedy,E28,"(88, 44)",31,24.0
87,Greedy,E30,"(82, 85)",24,22.0
87,Greedy,E31,"(84, 10)",31,23.0
87,Greedy,E32,"(90, 11)",24,12.0
87,Greedy,E33,"(28, 79)",19,21.0
87,Greedy,E34,"(3, 63)",21,10.0
87,Greedy,E35,"(91, 64)",16,23.0
87,Greedy,E36,"(38, 51)",15,12.0
87,Greedy,E37,"(5, 9)",9,17.0
87,Greedy,E38,"(14, 44)",2,16.0
87,Greedy,E39,"(12, 48)",6,23.0
87,Auction,T7,"(12, 33)",88,28.0
87,Auction,E6,"(23, 100)",80,23.0
87,Auction,E11,"(1, 75)",72,30.0
87,Auction,E12,"(17, 1)",74,24.0
87,Auction,E14,"(43, 30)",61,23.0
87,Auction,E17,"(2, 69)",52,25.0
87,Auction,E18,"(47, 17)",52,29.0
87,Auction,E22,"(22, 85)",44,27.0
87,Auction,E24,"(34, 32)",40,12.0
87,Auction,E25,"(4, 78)",37,28.0
87,Auction,E26,"(66, 92)",35,21.0
87,Auction,E27,"(60, 1)",37,26.0
87,Auction,E28,"(88, 44)",31,24.0
87,Auction,E29,"(25, 78)",27,11.0
87,Auction,E30,"(82, 85)",24,22.0
87,Auction,E31,"(84, 10)",31,23.0
87,Auction,E32,"(90, 11)",24,12.0
87,Auction,E33,"(28, 79)",19,21.0
87,Auction,E34,"(3, 63)",21,10.0
87,Auction,E35,"(91, 64)",16,23.0
87,Auction,E36,"(38, 51)",15,12.0
87,Auction,E37,"(5, 9)",9,17.0
87,Auction,E38,"(14, 44)",2,16.0
87,Auction,E39,"(12, 48)",6,23.0
87,Q-Learning,E11,"(1, 75)",72,30.0
87,Q-Learning,E12,"(17, 1)",74,24.0
87,Q-Learning,E14,"(43, 30)",61,23.0
87,Q-Learning,E16,"(78, 15)",62,12.0
87,Q-Learning,E17,"(2, 69)",52,25.0
87,Q-Learning,E18,"(47, 17)",52,29.0
87,Q-Learning,E19,"(52, 36)",55,28.0
87,Q-Learning,E20,"(41, 38)",48,15.0
87,Q-Learning,E21,"(34, 49)",52,22.0
87,Q-Learning,E22,"(22, 85)",44,27.0
87,Q-Learning,E23,"(25, 45)",42,11.0
87,Q-Learning,E25,"(4, 78)",37,28.0
87,Q-Learning,E26,"(66, 92)",35,21.0
87,Q-Learning,E27,"(60, 1)",37,26.0
87,Q-Learning,E29,"(25, 78)",27,11.0
87,Q-Learning,E30,"(82, 85)",24,22.0
87,Q-Learning,E31,"(84, 10)",31,23.0
87,Q-Learning,E32,"(90, 11)",24,12.0
87,Q-Learning,E33,"(28, 79)",19,21.0
87,Q-Learning,E34,"(3, 63)",21,10.0
87,Q-Learning,E35,"(91, 64)",16,23.0
87,Q-Learning,E36,"(38, 51)",15,12.0
87,Q-Learning,E37,"(5, 9)",9,17.0
87,Q-Learning,E38,"(14, 44)",2,16.0
87,Q-Learning,E39,"(12, 48)",6,23.0
88,Greedy,E11,"(1, 75)",73,30.0
88,Greedy,E12,"(17, 1)",75,24.0
88,Greedy,E14,"(43, 30)",62,23.0
88,Greedy,E17,"(2, 69)",53,25.0
88,Greedy,E18,"(47, 17)",53,29.0
88,Greedy,E19,"(52, 36)",56,28.0
88,Greedy,E20,"(41, 38)",49,15.0
88,Greedy,E21,"(34, 49)",53,22.0
88,Greedy,E22,"(22, 85)",45,27.0
88,Greedy,E23,"(25, 45)",43,11.0
88,Greedy,E24,"(34, 32)",41,12.0
88,Greedy,E25,"(4, 78)",38,28.0
88,Greedy,E26,"(66, 92)",36,21.0
88,Greedy,E27,"(60, 1)",38,26.0
88,Greedy,E28,"(88, 44)",32,24.0
88,Greedy,E30,"(82, 85)",25,22.0
88,Greedy,E31,"(84, 10)",32,23.0
88,Greedy,E32,"(90, 11)",25,12.0
88,Greedy,E33,"(28, 79)",20,21.0
88,Greedy,E34,"(3, 63)",22,10.0
88,Greedy,E35,"(91, 64)",17,23.0
88,Greedy,E36,"(38, 51)",16,12.0
88,Greedy,E37,"(5, 9)",10,17.0
88,Greedy,E38,"(14, 44)",3,16.0
88,Greedy,E39,"(12, 48)",7,23.0
88,Greedy,E40,"(44, 19)",9,14.0
88,Auction,T7,"(12, 33)",89,28.0
88,Auction,E6,"(23, 100)",81,23.0
88,Auction,E11,"(1, 75)",73,30.0
88,Auction,E12,"(17, 1)",75,24.0
88,Auction,E14,"(43, 30)",62,23.0
88,Auction,E17,"(2, 69)",53,25.0
88,Auction,E18,"(47, 17)",53,29.0
88,Auction,E22,"(22, 85)",45,27.0
88,Auction,E24,"(34, 32)",41,12.0
88,Auction,E25,"(4, 78)",38,28.0
88,Auction,E26,"(66, 92)",36,21.0
88,Auction,E27,"(60, 1)",38,26.0
88,Auction,E28,"(88, 44)",32,24.0
88,Auction,E29,"(25, 78)",28,11.0
88,Auction,E30,"(82, 85)",25,22.0
88,Auction,E31,"(84, 10)",32,23.0
88,Auction,E32,"(90, 11)",25,12.0
88,Auction,E33,"(28, 79)",20,21.0
88,Auction,E34,"(3, 63)",22,10.0
88,Auction,E35,"(91, 64)",17,23.0
88,Auction,E36,"(38, 51)",16,12.0
88,Auction,E37,"(5, 9)",10,17.0
88,Auction,E38,"(14, 44)",3,16.0
88,Auction,E39,"(12, 48)",7,23.0
88,Q-Learning,E11,"(1, 75)",73,30.0
88,Q-Learning,E12,"(17, 1)",75,24.0
88,Q-Learning,E14,"(43, 30)",62,23.0
88,Q-Learning,E16,"(78, 15)",63,12.0
88,Q-Learning,E17,"(2, 69)",53,25.0
88,Q-Learning,E18,"(47, 17)",53,29.0
88,Q-Learning,E19,"(52, 36)",56,28.0
88,Q-Learning,E20,"(41, 38)",49,15.0
88,Q-Learning,E21,"(34, 49)",53,22.0
88,Q-Learning,E22,"(22, 85)",45,27.0
88,Q-Learning,E23,"(25, 45)",43,11.0
88,Q-Learning,E25,"(4, 78)",38,28.0
88,Q-Learning,E26,"(66, 92)",36,21.0
88,Q-Learning,E27,"(60, 1)",38,26.0
88,Q-Learning,E29,"(25, 78)",28,11.0
88,Q-Learning,E30,"(82, 85)",25,22.0
88,Q-Learning,E31,"(84, 10)",32,23.0
88,Q-Learning,E32,"(90, 11)",25,12.0
88,Q-Learning,E33,"(28, 79)",20,21.0
88,Q-Learning,E34,"(3, 63)",22,10.0
88,Q-Learning,E35,"(91, 64)",17,23.0
88,Q-Learning,E36,"(38, 51)",16,12.0
88,Q-Learning,E37,"(5, 9)",10,17.0
88,Q-Learning,E38,"(14, 44)",3,16.0
88,Q-Learning,E39,"(12, 48)",7,23.0
88,Q-Learning,E40,"(44, 19)",9,14.0
89,Greedy,E11,"(1, 75)",74,30.0
89,Greedy,E12,"(17, 1)",76,24.0
89,Greedy,E14,"(43, 30)",63,23.0
89,Greedy,E17,"(2, 69)",54,25.0
89,Greedy,E18,"(47, 17)",54,29.0
89,Greedy,E19,"(52, 36)",57,28.0
89,Greedy,E20,"(41, 38)",50,15.0
89,Greedy,E21,"(34, 49)",54,22.0
89,Greedy,E22,"(22, 85)",46,27.0
89,Greedy,E23,"(25, 45)",44,11.0
89,Greedy,E24,"(34, 32)",42,12.0
89,Greedy,E25,"(4, 78)",39,28.0
89,Greedy,E26,"(66, 92)",37,21.0
89,Greedy,E27,"(60, 1)",39,26.0
89,Greedy,E28,"(88, 44)",33,24.0
89,Greedy,E30,"(82, 85)",26,22.0
89,Greedy,E31,"(84, 10)",33,23.0
89,Greedy,E32,"(90, 11)",26,12.0
89,Greedy,E33,"(28, 79)",21,21.0
89,Greedy,E34,"(3, 63)",23,10.0
89,Greedy,E35,"(91, 64)",18,23.0
89,Greedy,E36,"(38, 51)",17,12.0
89,Greedy,E37,"(5, 9)",11,17.0
89,Greedy,E38,"(14, 44)",4,16.0
89,Greedy,E39,"(12, 48)",8,23.0
89,Greedy,E40,"(44, 19)",10,14.0
89,Auction,T7,"(12, 33)",90,28.0
89,Auction,E6,"(23, 100)",82,23.0
89,Auction,E11,"(1, 75)",74,30.0
89,Auction,E12,"(17, 1)",76,24.0
89,Auction,E14,"(43, 30)",63,23.0
89,Auction,E17,"(2, 69)",54,25.0
89,Auction,E18,"(47, 17)",54,29.0
89,Auction,E22,"(22, 85)",46,27.0
89,Auction,E24,"(34, 32)",42,12.0
89,Auction,E25,"(4, 78)",39,28.0
89,Auction,E26,"(66, 92)",37,21.0
89,Auction,E27,"(60, 1)",39,26.0
89,Auction,E28,"(88, 44)",33,24.0
89,Auction,E29,"(25, 78)",29,11.0
89,Auction,E30,"(82, 85)",26,22.0
89,Auction,E31,"(84, 10)",33,23.0
89,Auction,E32,"(90, 11)",26,12.0
89,Auction,E33,"(28, 79)",21,21.0
89,Auction,E34,"(3, 63)",23,10.0
89,Auction,E35,"(91, 64)",18,23.0
89,Auction,E36,"(38, 51)",17,12.0
89,Auction,E37,"(5, 9)",11,17.0
89,Auction,E38,"(14, 44)",4,16.0
89,Auction,E39,"(12, 48)",8,23.0
89,Q-Learning,E11,"(1, 75)",74,30.0
89,Q-Learning,E12,"(17, 1)",76,24.0
89,Q-Learning,E14,"(43, 30)",63,23.0
89,Q-Learning,E16,"(78, 15)",64,12.0
89,Q-Learning,E17,"(2, 69)",54,25.0
89,Q-Learning,E18,"(47, 17)",54,29.0
89,Q-Learning,E19,"(52, 36)",57,28.0
89,Q-Learning,E20,"(41, 38)",50,15.0
89,Q-Learning,E21,"(34, 49)",54,22.0
89,Q-Learning,E22,"(22, 85)",46,27.0
89,Q-Learning,E23,"(25, 45)",44,11.0
89,Q-Learning,E25,"(4, 78)",39,28.0
89,Q-Learning,E26,"(66, 92)",37,21.0
89,Q-Learning,E27,"(60, 1)",39,26.0
89,Q-Learning,E29,"(25, 78)",29,11.0
89,Q-Learning,E30,"(82, 85)",26,22.0
89,Q-Learning,E31,"(84, 10)",33,23.0
89,Q-Learning,E32,"(90, 11)",26,12.0
89,Q-Learning,E33,"(28, 79)",21,21.0
89,Q-Learning,E34,"(3, 63)",23,10.0
89,Q-Learning,E35,"(91, 64)",18,23.0
89,Q-Learning,E36,"(38, 51)",17,12.0
89,Q-Learning,E37,"(5, 9)",11,17.0
89,Q-Learning,E38,"(14, 44)",4,16.0
89,Q-Learning,E39,"(12, 48)",8,23.0
89,Q-Learning,E40,"(44, 19)",10,14.0
90,Greedy,E11,"(1, 75)",75,30.0
90,Greedy,E12,"(17, 1)",77,24.0
90,Greedy,E14,"(43, 30)",64,23.0
90,Greedy,E17,"(2, 69)",55,25.0
90,Greedy,E18,"(47, 17)",55,29.0
90,Greedy,E19,"(52, 36)",58,28.0
90,Greedy,E20,"(41, 38)",51,15.0
90,Greedy,E21,"(34, 49)",55,22.0
90,Greedy,E22,"(22, 85)",47,27.0
90,Greedy,E23,"(25, 45)",45,11.0
90,Greedy,E24,"(34, 32)",43,12.0
90,Greedy,E25,"(4, 78)",40,28.0
90,Greedy,E26,"(66, 92)",38,21.0
90,Greedy,E27,"(60, 1)",40,26.0
90,Greedy,E28,"(88, 44)",34,24.0
90,Greedy,E30,"(82, 85)",27,22.0
90,Greedy,E31,"(84, 10)",34,23.0
90,Greedy,E32,"(90, 11)",27,12.0
90,Greedy,E33,"(28, 79)",22,21.0
90,Greedy,E34,"(3, 63)",24,10.0
90,Greedy,E35,"(91, 64)",19,23.0
90,Greedy,E36,"(38, 51)",18,12.0
90,Greedy,E37,"(5, 9)",12,17.0
90,Greedy,E38,"(14, 44)",5,16.0
90,Greedy,E39,"(12, 48)",9,23.0
90,Greedy,E40,"(44, 19)",11,14.0
90,Auction,T7,"(12, 33)",91,28.0
90,Auction,E6,"(23, 100)",83,23.0
90,Auction,E11,"(1, 75)",75,30.0
90,Auction,E12,"(17, 1)",77,24.0
90,Auction,E14,"(43, 30)",64,23.0
90,Auction,E17,"(2, 69)",55,25.0
90,Auction,E18,"(47, 17)",55,29.0
90,Auction,E22,"(22, 85)",47,27.0
90,Auction,E24,"(34, 32)",43,12.0
90,Auction,E25,"(4, 78)",40,28.0
90,Auction,E26,"(66, 92)",38,21.0
90,Auction,E27,"(60, 1)",40,26.0
90,Auction,E28,"(88, 44)",34,24.0
90,Auction,E29,"(25, 78)",30,11.0
90,Auction,E30,"(82, 85)",27,22.0
90,Auction,E31,"(84, 10)",34,23.0
90,Auction,E32,"(90, 11)",27,12.0
90,Auction,E33,"(28, 79)",22,21.0
90,Auction,E34,"(3, 63)",24,10.0
90,Auction,E35,"(91, 64)",19,23.0
90,Auction,E36,"(38, 51)",18,12.0
90,Auction,E37,"(5, 9)",12,17.0
90,Auction,E38,"(14, 44)",5,16.0
90,Auction,E39,"(12, 48)",9,23.0
90,Q-Learning,E11,"(1, 75)",75,30.0
90,Q-Learning,E12,"(17, 1)",77,24.0
90,Q-Learning,E14,"(43, 30)",64,23.0
90,Q-Learning,E16,"(78, 15)",65,12.0
90,Q-Learning,E17,"(2, 69)",55,25.0
90,Q-Learning,E18,"(47, 17)",55,29.0
90,Q-Learning,E19,"(52, 36)",58,28.0
90,Q-Learning,E20,"(41, 38)",51,15.0
90,Q-Learning,E21,"(34, 49)",55,22.0
90,Q-Learning,E22,"(22, 85)",47,27.0
90,Q-Learning,E23,"(25, 45)",45,11.0
90,Q-Learning,E25,"(4, 78)",40,28.0
90,Q-Learning,E26,"(66, 92)",38,21.0
90,Q-Learning,E27,"(60, 1)",40,26.0
90,Q-Learning,E29,"(25, 78)",30,11.0
90,Q-Learning,E30,"(82, 85)",27,22.0
90,Q-Learning,E31,"(84, 10)",34,23.0
90,Q-Learning,E32,"(90, 11)",27,12.0
90,Q-Learning,E33,"(28, 79)",22,21.0
90,Q-Learning,E34,"(3, 63)",24,10.0
90,Q-Learning,E35,"(91, 64)",19,23.0
90,Q-Learning,E36,"(38, 51)",18,12.0
90,Q-Learning,E37,"(5, 9)",12,17.0
90,Q-Learning,E38,"(14, 44)",5,16.0
90,Q-Learning,E39,"(12, 48)",9,23.0
90,Q-Learning,E40,"(44, 19)",11,14.0
91,Greedy,E11,"(1, 75)",76,30.0
91,Greedy,E12,"(17, 1)",78,24.0
91,Greedy,E14,"(43, 30)",65,23.0
91,Greedy,E17,"(2, 69)",56,25.0
91,Greedy,E18,"(47, 17)",56,29.0
91,Greedy,E19,"(52, 36)",59,28.0
91,Greedy,E20,"(41, 38)",52,15.0
91,Greedy,E21,"(34, 49)",56,22.0
91,Greedy,E22,"(22, 85)",48,27.0
91,Greedy,E23,"(25, 45)",46,11.0
91,Greedy,E24,"(34, 32)",44,12.0
91,Greedy,E25,"(4, 78)",41,28.0
91,Greedy,E26,"(66, 92)",39,21.0
91,Greedy,E27,"(60, 1)",41,26.0
91,Greedy,E28,"(88, 44)",35,24.0
91,Greedy,E30,"(82, 85)",28,22.0
91,Greedy,E31,"(84, 10)",35,23.0
91,Greedy,E32,"(90, 11)",28,12.0
91,Greedy,E33,"(28, 79)",23,21.0
91,Greedy,E34,"(3, 63)",25,10.0
91,Greedy,E35,"(91, 64)",20,23.0
91,Greedy,E36,"(38, 51)",19,12.0
91,Greedy,E37,"(5, 9)",13,17.0
91,Greedy,E38,"(14, 44)",6,16.0
91,Greedy,E39,"(12, 48)",10,23.0
91,Greedy,E40,"(44, 19)",12,14.0
91,Auction,T7,"(12, 33)",92,28.0
91,Auction,E6,"(23, 100)",84,23.0
91,Auction,E11,"(1, 75)",76,30.0
91,Auction,E12,"(17, 1)",78,24.0
91,Auction,E14,"(43, 30)",65,23.0
91,Auction,E17,"(2, 69)",56,25.0
91,Auction,E18,"(47, 17)",56,29.0
91,Auction,E22,"(22, 85)",48,27.0
91,Auction,E24,"(34, 32)",44,12.0
91,Auction,E25,"(4, 78)",41,28.0
91,Auction,E26,"(66, 92)",39,21.0
91,Auction,E27,"(60, 1)",41,26.0
91,Auction,E28,"(88, 44)",35,24.0
91,Auction,E29,"(25, 78)",31,11.0
91,Auction,E30,"(82, 85)",28,22.0
91,Auction,E31,"(84, 10)",35,23.0
91,Auction,E32,"(90, 11)",28,12.0
91,Auction,E33,"(28, 79)",23,21.0
91,Auction,E34,"(3, 63)",25,10.0
91,Auction,E35,"(91, 64)",20,23.0
91,Auction,E36,"(38, 51)",19,12.0
91,Auction,E37,"(5, 9)",13,17.0
91,Auction,E38,"(14, 44)",6,16.0
91,Auction,E39,"(12, 48)",10,23.0
91,Q-Learning,E11,"(1, 75)",76,30.0
91,Q-Learning,E12,"(17, 1)",78,24.0
91,Q-Learning,E14,"(43, 30)",65,23.0
91,Q-Learning,E16,"(78, 15)",66,12.0
91,Q-Learning,E17,"(2, 69)",56,25.0
91,Q-Learning,E18,"(47, 17)",56,29.0
91,Q-Learning,E19,"(52, 36)",59,28.0
91,Q-Learning,E20,"(41, 38)",52,15.0
91,Q-Learning,E21,"(34, 49)",56,22.0
91,Q-Learning,E22,"(22, 85)",48,27.0
91,Q-Learning,E23,"(25, 45)",46,11.0
91,Q-Learning,E25,"(4, 78)",41,28.0
91,Q-Learning,E26,"(66, 92)",39,21.0
91,Q-Learning,E27,"(60, 1)",41,26.0
91,Q-Learning,E29,"(25, 78)",31,11.0
91,Q-Learning,E30,"(82, 85)",28,22.0
91,Q-Learning,E31,"(84, 10)",35,23.0
91,Q-Learning,E32,"(90, 11)",28,12.0
91,Q-Learning,E33,"(28, 79)",23,21.0
91,Q-Learning,E34,"(3, 63)",25,10.0
91,Q-Learning,E35,"(91, 64)",20,23.0
91,Q-Learning,E36,"(38, 51)",19,12.0
91,Q-Learning,E37,"(5, 9)",13,17.0
91,Q-Learning,E38,"(14, 44)",6,16.0
91,Q-Learning,E39,"(12, 48)",10,23.0
91,Q-Learning,E40,"(44, 19)",12,14.0
92,Greedy,E11,"(1, 75)",77,30.0
92,Greedy,E12,"(17, 1)",79,24.0
92,Greedy,E14,"(43, 30)",66,23.0
92,Greedy,E17,"(2, 69)",57,25.0
92,Greedy,E18,"(47, 17)",57,29.0
92,Greedy,E19,"(52, 36)",60,28.0
92,Greedy,E20,"(41, 38)",53,15.0
92,Greedy,E21,"(34, 49)",57,22.0
92,Greedy,E22,"(22, 85)",49,27.0
92,Greedy,E23,"(25, 45)",47,11.0
92,Greedy,E24,"(34, 32)",45,12.0
92,Greedy,E25,"(4, 78)",42,28.0
92,Greedy,E26,"(66, 92)",40,21.0
92,Greedy,E27,"(60, 1)",42,26.0
92,Greedy,E28,"(88, 44)",36,24.0
92,Greedy,E30,"(82, 85)",29,22.0
92,Greedy,E31,"(84, 10)",36,23.0
92,Greedy,E32,"(90, 11)",29,12.0
92,Greedy,E33,"(28, 79)",24,21.0
92,Greedy,E34,"(3, 63)",26,10.0
92,Greedy,E35,"(91, 64)",21,23.0
92,Greedy,E36,"(38, 51)",20,12.0
92,Greedy,E37,"(5, 9)",14,17.0
92,Greedy,E38,"(14, 44)",7,16.0
92,Greedy,E39,"(12, 48)",11,23.0
92,Greedy,E40,"(44, 19)",13,14.0
92,Greedy,E41,"(77, 30)",3,18.0
92,Auction,T7,"(12, 33)",93,28.0
92,Auction,E6,"(23, 100)",85,23.0
92,Auction,E11,"(1, 75)",77,30.0
92,Auction,E12,"(17, 1)",79,24.0
92,Auction,E14,"(43, 30)",66,23.0
92,Auction,E17,"(2, 69)",57,25.0
92,Auction,E18,"(47, 17)",57,29.0
92,Auction,E22,"(22, 85)",49,27.0
92,Auction,E24,"(34, 32)",45,12.0
92,Auction,E25,"(4, 78)",42,28.0
92,Auction,E26,"(66, 92)",40,21.0
92,Auction,E27,"(60, 1)",42,26.0
92,Auction,E28,"(88, 44)",36,24.0
92,Auction,E29,"(25, 78)",32,11.0
92,Auction,E30,"(82, 85)",29,22.0
92,Auction,E31,"(84, 10)",36,23.0
92,Auction,E32,"(90, 11)",29,12.0
92,Auction,E33,"(28, 79)",24,21.0
92,Auction,E34,"(3, 63)",26,10.0
92,Auction,E35,"(91, 64)",21,23.0
92,Auction,E36,"(38, 51)",20,12.0
92,Auction,E37,"(5, 9)",14,17.0
92,Auction,E38,"(14, 44)",7,16.0
92,Auction,E39,"(12, 48)",11,23.0
92,Auction,E41,"(77, 30)",3,18.0
92,Q-Learning,E11,"(1, 75)",77,30.0
92,Q-Learning,E12,"(17, 1)",79,24.0
92,Q-Learning,E14,"(43, 30)",66,23.0
92,Q-Learning,E16,"(78, 15)",67,12.0
92,Q-Learning,E17,"(2, 69)",57,25.0
92,Q-Learning,E18,"(47, 17)",57,29.0
92,Q-Learning,E19,"(52, 36)",60,28.0
92,Q-Learning,E20,"(41, 38)",53,15.0
92,Q-Learning,E21,"(34, 49)",57,22.0
92,Q-Learning,E22,"(22, 85)",49,27.0
92,Q-Learning,E23,"(25, 45)",47,11.0
92,Q-Learning,E25,"(4, 78)",42,28.0
92,Q-Learning,E26,"(66, 92)",40,21.0
92,Q-Learning,E27,"(60, 1)",42,26.0
92,Q-Learning,E29,"(25, 78)",32,11.0
92,Q-Learning,E30,"(82, 85)",29,22.0
92,Q-Learning,E31,"(84, 10)",36,23.0
92,Q-Learning,E32,"(90, 11)",29,12.0
92,Q-Learning,E33,"(28, 79)",24,21.0
92,Q-Learning,E34,"(3, 63)",26,10.0
92,Q-Learning,E35,"(91, 64)",21,23.0
92,Q-Learning,E36,"(38, 51)",20,12.0
92,Q-Learning,E37,"(5, 9)",14,17.0
92,Q-Learning,E38,"(14, 44)",7,16.0
92,Q-Learning,E39,"(12, 48)",11,23.0
92,Q-Learning,E40,"(44, 19)",13,14.0
92,Q-Learning,E41,"(77, 30)",3,18.0
93,Greedy,E11,"(1, 75)",78,30.0
93,Greedy,E12,"(17, 1)",80,24.0
93,Greedy,E14,"(43, 30)",67,23.0
93,Greedy,E17,"(2, 69)",58,25.0
93,Greedy,E18,"(47, 17)",58,29.0
93,Greedy,E19,"(52, 36)",61,28.0
93,Greedy,E20,"(41, 38)",54,15.0
93,Greedy,E21,"(34, 49)",58,22.0
93,Greedy,E22,"(22, 85)",50,27.0
93,Greedy,E23,"(25, 45)",48,11.0
93,Greedy,E24,"(34, 32)",46,12.0
93,Greedy,E25,"(4, 78)",43,28.0
93,Greedy,E26,"(66, 92)",41,21.0
93,Greedy,E27,"(60, 1)",43,26.0
93,Greedy,E28,"(88, 44)",37,24.0
93,Greedy,E30,"(82, 85)",30,22.0
93,Greedy,E31,"(84, 10)",37,23.0
93,Greedy,E32,"(90, 11)",30,12.0
93,Greedy,E33,"(28, 79)",25,21.0
93,Greedy,E34,"(3, 63)",27,10.0
93,Greedy,E35,"(91, 64)",22,23.0
93,Greedy,E36,"(38, 51)",21,12.0
93,Greedy,E37,"(5, 9)",15,17.0
93,Greedy,E38,"(14, 44)",8,16.0
93,Greedy,E39,"(12, 48)",12,23.0
93,Greedy,E40,"(44, 19)",14,14.0
93,Greedy,E41,"(77, 30)",4,18.0
93,Auction,T7,"(12, 33)",94,28.0
93,Auction,E6,"(23, 100)",86,23.0
93,Auction,E11,"(1, 75)",78,30.0
93,Auction,E12,"(17, 1)",80,24.0
93,Auction,E14,"(43, 30)",67,23.0
93,Auction,E17,"(2, 69)",58,25.0
93,Auction,E18,"(47, 17)",58,29.0
93,Auction,E22,"(22, 85)",50,27.0
93,Auction,E24,"(34, 32)",46,12.0
93,Auction,E25,"(4, 78)",43,28.0
93,Auction,E26,"(66, 92)",41,21.0
93,Auction,E27,"(60, 1)",43,26.0
93,Auction,E28,"(88, 44)",37,24.0
93,Auction,E29,"(25, 78)",33,11.0
93,Auction,E30,"(82, 85)",30,22.0
93,Auction,E31,"(84, 10)",37,23.0
93,Auction,E32,"(90, 11)",30,12.0
93,Auction,E33,"(28, 79)",25,21.0
93,Auction,E34,"(3, 63)",27,10.0
93,Auction,E35,"(91, 64)",22,23.0
93,Auction,E36,"(38, 51)",21,12.0
93,Auction,E37,"(5, 9)",15,17.0
93,Auction,E38,"(14, 44)",8,16.0
93,Auction,E39,"(12, 48)",12,23.0
93,Auction,E41,"(77, 30)",4,18.0
93,Q-Learning,E11,"(1, 75)",78,30.0
93,Q-Learning,E12,"(17, 1)",80,24.0
93,Q-Learning,E14,"(43, 30)",67,23.0
93,Q-Learning,E16,"(78, 15)",68,12.0
93,Q-Learning,E17,"(2, 69)",58,25.0
93,Q-Learning,E18,"(47, 17)",58,29.0
93,Q-Learning,E19,"(52, 36)",61,28.0
93,Q-Learning,E20,"(41, 38)",54,15.0
93,Q-Learning,E21,"(34, 49)",58,22.0
93,Q-Learning,E22,"(22, 85)",50,27.0
93,Q-Learning,E23,"(25, 45)",48,11.0
93,Q-Learning,E25,"(4, 78)",43,28.0
93,Q-Learning,E26,"(66, 92)",41,21.0
93,Q-Learning,E27,"(60, 1)",43,26.0
93,Q-Learning,E29,"(25, 78)",33,11.0
93,Q-Learning,E30,"(82, 85)",30,22.0
93,Q-Learning,E31,"(84, 10)",37,23.0
93,Q-Learning,E32,"(90, 11)",30,12.0
93,Q-Learning,E33,"(28, 79)",25,21.0
93,Q-Learning,E34,"(3, 63)",27,10.0
93,Q-Learning,E35,"(91, 64)",22,23.0
93,Q-Learning,E36,"(38, 51)",21,12.0
93,Q-Learning,E37,"(5, 9)",15,17.0
93,Q-Learning,E38,"(14, 44)",8,16.0
93,Q-Learning,E39,"(12, 48)",12,23.0
93,Q-Learning,E40,"(44, 19)",14,14.0
93,Q-Learning,E41,"(77, 30)",4,18.0
94,Greedy,E11,"(1, 75)",79,30.0
94,Greedy,E12,"(17, 1)",81,24.0
94,Greedy,E14,"(43, 30)",68,23.0
94,Greedy,E17,"(2, 69)",59,25.0
94,Greedy,E18,"(47, 17)",59,29.0
94,Greedy,E19,"(52, 36)",62,28.0
94,Greedy,E20,"(41, 38)",55,15.0
94,Greedy,E21,"(34, 49)",59,22.0
94,Greedy,E22,"(22, 85)",51,27.0
94,Greedy,E23,"(25, 45)",49,11.0
94,Greedy,E24,"(34, 32)",47,12.0
94,Greedy,E25,"(4, 78)",44,28.0
94,Greedy,E26,"(66, 92)",42,21.0
94,Greedy,E27,"(60, 1)",44,26.0
94,Greedy,E28,"(88, 44)",38,24.0
94,Greedy,E30,"(82, 85)",31,22.0
94,Greedy,E31,"(84, 10)",38,23.0
94,Greedy,E32,"(90, 11)",31,12.0
94,Greedy,E33,"(28, 79)",26,21.0
94,Greedy,E34,"(3, 63)",28,10.0
94,Greedy,E35,"(91, 64)",23,23.0
94,Greedy,E36,"(38, 51)",22,12.0
94,Greedy,E37,"(5, 9)",16,17.0
94,Greedy,E38,"(14, 44)",9,16.0
94,Greedy,E39,"(12, 48)",13,23.0
94,Greedy,E40,"(44, 19)",15,14.0
94,Greedy,E41,"(77, 30)",5,18.0
94,Greedy,E42,"(85, 58)",3,22.0
94,Auction,T7,"(12, 33)",95,28.0
94,Auction,E6,"(23, 100)",87,23.0
94,Auction,E11,"(1, 75)",79,30.0
94,Auction,E12,"(17, 1)",81,24.0
94,Auction,E14,"(43, 30)",68,23.0
94,Auction,E17,"(2, 69)",59,25.0
94,Auction,E18,"(47, 17)",59,29.0
94,Auction,E22,"(22, 85)",51,27.0
94,Auction,E24,"(34, 32)",47,12.0
94,Auction,E25,"(4, 78)",44,28.0
94,Auction,E26,"(66, 92)",42,21.0
94,Auction,E27,"(60, 1)",44,26.0
94,Auction,E28,"(88, 44)",38,24.0
94,Auction,E29,"(25, 78)",34,11.0
94,Auction,E30,"(82, 85)",31,22.0
94,Auction,E31,"(84, 10)",38,23.0
94,Auction,E32,"(90, 11)",31,12.0
94,Auction,E33,"(28, 79)",26,21.0
94,Auction,E34,"(3, 63)",28,10.0
94,Auction,E35,"(91, 64)",23,23.0
94,Auction,E36,"(38, 51)",22,12.0
94,Auction,E37,"(5, 9)",16,17.0
94,Auction,E38,"(14, 44)",9,16.0
94,Auction,E39,"(12, 48)",13,23.0
94,Auction,E41,"(77, 30)",5,18.0
94,Auction,E42,"(85, 58)",3,22.0
94,Q-Learning,E11,"(1, 75)",79,30.0
94,Q-Learning,E12,"(17, 1)",81,24.0
94,Q-Learning,E14,"(43, 30)",68,23.0
94,Q-Learning,E16,"(78, 15)",69,12.0
94,Q-Learning,E17,"(2, 69)",59,25.0
94,Q-Learning,E18,"(47, 17)",59,29.0
94,Q-Learning,E19,"(52, 36)",62,28.0
94,Q-Learning,E20,"(41, 38)",55,15.0
94,Q-Learning,E21,"(34, 49)",59,22.0
94,Q-Learning,E22,"(22, 85)",51,27.0
94,Q-Learning,E23,"(25, 45)",49,11.0
94,Q-Learning,E25,"(4, 78)",44,28.0
94,Q-Learning,E26,"(66, 92)",42,21.0
94,Q-Learning,E27,"(60, 1)",44,26.0
94,Q-Learning,E29,"(25, 78)",34,11.0
94,Q-Learning,E30,"(82, 85)",31,22.0
94,Q-Learning,E31,"(84, 10)",38,23.0
94,Q-Learning,E32,"(90, 11)",31,12.0
94,Q-Learning,E33,"(28, 79)",26,21.0
94,Q-Learning,E34,"(3, 63)",28,10.0
94,Q-Learning,E35,"(91, 64)",23,23.0
94,Q-Learning,E36,"(38, 51)",22,12.0
94,Q-Learning,E37,"(5, 9)",16,17.0
94,Q-Learning,E38,"(14, 44)",9,16.0
94,Q-Learning,E39,"(12, 48)",13,23.0
94,Q-Learning,E40,"(44, 19)",15,14.0
94,Q-Learning,E41,"(77, 30)",5,18.0
94,Q-Learning,E42,"(85, 58)",3,22.0
95,Greedy,E11,"(1, 75)",80,30.0
95,Greedy,E12,"(17, 1)",82,24.0
95,Greedy,E14,"(43, 30)",69,23.0
95,Greedy,E17,"(2, 69)",60,25.0
95,Greedy,E18,"(47, 17)",60,29.0
95,Greedy,E19,"(52, 36)",63,28.0
95,Greedy,E20,"(41, 38)",56,15.0
95,Greedy,E21,"(34, 49)",60,22.0
95,Greedy,E22,"(22, 85)",52,27.0
95,Greedy,E23,"(25, 45)",50,11.0
95,Greedy,E24,"(34, 32)",48,12.0
95,Greedy,E25,"(4, 78)",45,28.0
95,Greedy,E26,"(66, 92)",43,21.0
95,Greedy,E27,"(60, 1)",45,26.0
95,Greedy,E28,"(88, 44)",39,24.0
95,Greedy,E30,"(82, 85)",32,22.0
95,Greedy,E31,"(84, 10)",39,23.0
95,Greedy,E32,"(90, 11)",32,12.0
95,Greedy,E33,"(28, 79)",27,21.0
95,Greedy,E34,"(3, 63)",29,10.0
95,Greedy,E35,"(91, 64)",24,23.0
95,Greedy,E36,"(38, 51)",23,12.0
95,Greedy,E37,"(5, 9)",17,17.0
95,Greedy,E38,"(14, 44)",10,16.0
95,Greedy,E39,"(12, 48)",14,23.0
95,Greedy,E40,"(44, 19)",16,14.0
95,Greedy,E41,"(77, 30)",6,18.0
95,Greedy,E42,"(85, 58)",4,22.0
95,Auction,T7,"(12, 33)",96,28.0
95,Auction,E6,"(23, 100)",88,23.0
95,Auction,E11,"(1, 75)",80,30.0
95,Auction,E12,"(17, 1)",82,24.0
95,Auction,E14,"(43, 30)",69,23.0
95,Auction,E17,"(2, 69)",60,25.0
95,Auction,E18,"(47, 17)",60,29.0
95,Auction,E22,"(22, 85)",52,27.0
95,Auction,E24,"(34, 32)",48,12.0
95,Auction,E25,"(4, 78)",45,28.0
95,Auction,E26,"(66, 92)",43,21.0
95,Auction,E27,"(60, 1)",45,26.0
95,Auction,E28,"(88, 44)",39,24.0
95,Auction,E29,"(25, 78)",35,11.0
95,Auction,E30,"(82, 85)",32,22.0
95,Auction,E31,"(84, 10)",39,23.0
95,Auction,E32,"(90, 11)",32,12.0
95,Auction,E33,"(28, 79)",27,21.0
95,Auction,E34,"(3, 63)",29,10.0
95,Auction,E35,"(91, 64)",24,23.0
95,Auction,E36,"(38, 51)",23,12.0
95,Auction,E37,"(5, 9)",17,17.0
95,Auction,E38,"(14, 44)",10,16.0
95,Auction,E39,"(12, 48)",14,23.0
95,Auction,E41,"(77, 30)",6,18.0
95,Auction,E42,"(85, 58)",4,22.0
95,Q-Learning,E11,"(1, 75)",80,30.0
95,Q-Learning,E12,"(17, 1)",82,24.0
95,Q-Learning,E14,"(43, 30)",69,23.0
95,Q-Learning,E16,"(78, 15)",70,12.0
95,Q-Learning,E17,"(2, 69)",60,25.0
95,Q-Learning,E18,"(47, 17)",60,29.0
95,Q-Learning,E19,"(52, 36)",63,28.0
95,Q-Learning,E20,"(41, 38)",56,15.0
95,Q-Learning,E21,"(34, 49)",60,22.0
95,Q-Learning,E22,"(22, 85)",52,27.0
95,Q-Learning,E23,"(25, 45)",50,11.0
95,Q-Learning,E25,"(4, 78)",45,28.0
95,Q-Learning,E26,"(66, 92)",43,21.0
95,Q-Learning,E27,"(60, 1)",45,26.0
95,Q-Learning,E29,"(25, 78)",35,11.0
95,Q-Learning,E30,"(82, 85)",32,22.0
95,Q-Learning,E31,"(84, 10)",39,23.0
95,Q-Learning,E32,"(90, 11)",32,12.0
95,Q-Learning,E33,"(28, 79)",27,21.0
95,Q-Learning,E34,"(3, 63)",29,10.0
95,Q-Learning,E35,"(91, 64)",24,23.0
95,Q-Learning,E36,"(38, 51)",23,12.0
95,Q-Learning,E37,"(5, 9)",17,17.0
95,Q-Learning,E38,"(14, 44)",10,16.0
95,Q-Learning,E39,"(12, 48)",14,23.0
95,Q-Learning,E40,"(44, 19)",16,14.0
95,Q-Learning,E41,"(77, 30)",6,18.0
95,Q-Learning,E42,"(85, 58)",4,22.0
96,Greedy,E11,"(1, 75)",81,30.0
96,Greedy,E12,"(17, 1)",83,24.0
96,Greedy,E14,"(43, 30)",70,23.0
96,Greedy,E17,"(2, 69)",61,25.0
96,Greedy,E18,"(47, 17)",61,29.0
96,Greedy,E19,"(52, 36)",64,28.0
96,Greedy,E20,"(41, 38)",57,15.0
96,Greedy,E21,"(34, 49)",61,22.0
96,Greedy,E22,"(22, 85)",53,27.0
96,Greedy,E23,"(25, 45)",51,11.0
96,Greedy,E24,"(34, 32)",49,12.0
96,Greedy,E25,"(4, 78)",46,28.0
96,Greedy,E26,"(66, 92)",44,21.0
96,Greedy,E27,"(60, 1)",46,26.0
96,Greedy,E28,"(88, 44)",40,24.0
96,Greedy,E30,"(82, 85)",33,22.0
96,Greedy,E31,"(84, 10)",40,23.0
96,Greedy,E32,"(90, 11)",33,12.0
96,Greedy,E33,"(28, 79)",28,21.0
96,Greedy,E34,"(3, 63)",30,10.0
96,Greedy,E35,"(91, 64)",25,23.0
96,Greedy,E36,"(38, 51)",24,12.0
96,Greedy,E37,"(5, 9)",18,17.0
96,Greedy,E38,"(14, 44)",11,16.0
96,Greedy,E39,"(12, 48)",15,23.0
96,Greedy,E40,"(44, 19)",17,14.0
96,Greedy,E41,"(77, 30)",7,18.0
96,Greedy,E42,"(85, 58)",5,22.0
96,Greedy,E43,"(10, 78)",2,23.0
96,Auction,T7,"(12, 33)",97,28.0
96,Auction,E6,"(23, 100)",89,23.0
96,Auction,E11,"(1, 75)",81,30.0
96,Auction,E12,"(17, 1)",83,24.0
96,Auction,E14,"(43, 30)",70,23.0
96,Auction,E17,"(2, 69)",61,25.0
96,Auction,E18,"(47, 17)",61,29.0
96,Auction,E22,"(22, 85)",53,27.0
96,Auction,E24,"(34, 32)",49,12.0
96,Auction,E25,"(4, 78)",46,28.0
96,Auction,E26,"(66, 92)",44,21.0
96,Auction,E27,"(60, 1)",46,26.0
96,Auction,E28,"(88, 44)",40,24.0
96,Auction,E29,"(25, 78)",36,11.0
96,Auction,E30,"(82, 85)",33,22.0
96,Auction,E31,"(84, 10)",40,23.0
96,Auction,E32,"(90, 11)",33,12.0
96,Auction,E33,"(28, 79)",28,21.0
96,Auction,E34,"(3, 63)",30,10.0
96,Auction,E35,"(91, 64)",25,23.0
96,Auction,E36,"(38, 51)",24,12.0
96,Auction,E37,"(5, 9)",18,17.0
96,Auction,E38,"(14, 44)",11,16.0
96,Auction,E39,"(12, 48)",15,23.0
96,Auction,E41,"(77, 30)",7,18.0
96,Auction,E42,"(85, 58)",5,22.0
96,Auction,E43,"(10, 78)",2,23.0
96,Q-Learning,E11,"(1, 75)",81,30.0
96,Q-Learning,E12,"(17, 1)",83,24.0
96,Q-Learning,E14,"(43, 30)",70,23.0
96,Q-Learning,E16,"(78, 15)",71,12.0
96,Q-Learning,E17,"(2, 69)",61,25.0
96,Q-Learning,E18,"(47, 17)",61,29.0
96,Q-Learning,E19,"(52, 36)",64,28.0
96,Q-Learning,E20,"(41, 38)",57,15.0
96,Q-Learning,E21,"(34, 49)",61,22.0
96,Q-Learning,E22,"(22, 85)",53,27.0
96,Q-Learning,E23,"(25, 45)",51,11.0
96,Q-Learning,E25,"(4, 78)",46,28.0
96,Q-Learning,E26,"(66, 92)",44,21.0
96,Q-Learning,E27,"(60, 1)",46,26.0
96,Q-Learning,E29,"(25, 78)",36,11.0
96,Q-Learning,E30,"(82, 85)",33,22.0
96,Q-Learning,E31,"(84, 10)",40,23.0
96,Q-Learning,E32,"(90, 11)",33,12.0
96,Q-Learning,E33,"(28, 79)",28,21.0
96,Q-Learning,E34,"(3, 63)",30,10.0
96,Q-Learning,E35,"(91, 64)",25,23.0
96,Q-Learning,E36,"(38, 51)",24,12.0
96,Q-Learning,E37,"(5, 9)",18,17.0
96,Q-Learning,E38,"(14, 44)",11,16.0
96,Q-Learning,E39,"(12, 48)",15,23.0
96,Q-Learning,E40,"(44, 19)",17,14.0
96,Q-Learning,E41,"(77, 30)",7,18.0
96,Q-Learning,E42,"(85, 58)",5,22.0
96,Q-Learning,E43,"(10, 78)",2,23.0
97,Greedy,E11,"(1, 75)",82,30.0
97,Greedy,E12,"(17, 1)",84,24.0
97,Greedy,E14,"(43, 30)",71,23.0
97,Greedy,E17,"(2, 69)",62,25.0
97,Greedy,E18,"(47, 17)",62,29.0
97,Greedy,E19,"(52, 36)",65,28.0
97,Greedy,E20,"(41, 38)",58,15.0
97,Greedy,E21,"(34, 49)",62,22.0
97,Greedy,E22,"(22, 85)",54,27.0
97,Greedy,E23,"(25, 45)",52,11.0
97,Greedy,E24,"(34, 32)",50,12.0
97,Greedy,E25,"(4, 78)",47,28.0
97,Greedy,E26,"(66, 92)",45,21.0
97,Greedy,E27,"(60, 1)",47,26.0
97,Greedy,E28,"(88, 44)",41,24.0
97,Greedy,E30,"(82, 85)",34,22.0
97,Greedy,E31,"(84, 10)",41,23.0
97,Greedy,E32,"(90, 11)",34,12.0
97,Greedy,E33,"(28, 79)",29,21.0
97,Greedy,E34,"(3, 63)",31,10.0
97,Greedy,E35,"(91, 64)",26,23.0
97,Greedy,E36,"(38, 51)",25,12.0
97,Greedy,E37,"(5, 9)",19,17.0
97,Greedy,E38,"(14, 44)",12,16.0
97,Greedy,E39,"(12, 48)",16,23.0
97,Greedy,E40,"(44, 19)",18,14.0
97,Greedy,E41,"(77, 30)",8,18.0
97,Greedy,E42,"(85, 58)",6,22.0
97,Greedy,E43,"(10, 78)",3,23.0
97,Auction,T7,"(12, 33)",98,28.0
97,Auction,E6,"(23, 100)",90,23.0
97,Auction,E11,"(1, 75)",82,30.0
97,Auction,E12,"(17, 1)",84,24.0
97,Auction,E14,"(43, 30)",71,23.0
97,Auction,E17,"(2, 69)",62,25.0
97,Auction,E18,"(47, 17)",62,29.0
97,Auction,E22,"(22, 85)",54,27.0
97,Auction,E24,"(34, 32)",50,12.0
97,Auction,E25,"(4, 78)",47,28.0
97,Auction,E26,"(66, 92)",45,21.0
97,Auction,E27,"(60, 1)",47,26.0
97,Auction,E28,"(88, 44)",41,24.0
97,Auction,E29,"(25, 78)",37,11.0
97,Auction,E30,"(82, 85)",34,22.0
97,Auction,E31,"(84, 10)",41,23.0
97,Auction,E32,"(90, 11)",34,12.0
97,Auction,E33,"(28, 79)",29,21.0
97,Auction,E34,"(3, 63)",31,10.0
97,Auction,E35,"(91, 64)",26,23.0
97,Auction,E36,"(38, 51)",25,12.0
97,Auction,E37,"(5, 9)",19,17.0
97,Auction,E38,"(14, 44)",12,16.0
97,Auction,E39,"(12, 48)",16,23.0
97,Auction,E41,"(77, 30)",8,18.0
97,Auction,E42,"(85, 58)",6,22.0
97,Auction,E43,"(10, 78)",3,23.0
97,Q-Learning,E11,"(1, 75)",82,30.0
97,Q-Learning,E12,"(17, 1)",84,24.0
97,Q-Learning,E14,"(43, 30)",71,23.0
97,Q-Learning,E16,"(78, 15)",72,12.0
97,Q-Learning,E17,"(2, 69)",62,25.0
97,Q-Learning,E18,"(47, 17)",62,29.0
97,Q-Learning,E19,"(52, 36)",65,28.0
97,Q-Learning,E20,"(41, 38)",58,15.0
97,Q-Learning,E21,"(34, 49)",62,22.0
97,Q-Learning,E22,"(22, 85)",54,27.0
97,Q-Learning,E23,"(25, 45)",52,11.0
97,Q-Learning,E25,"(4, 78)",47,28.0
97,Q-Learning,E26,"(66, 92)",45,21.0
97,Q-Learning,E27,"(60, 1)",47,26.0
97,Q-Learning,E29,"(25, 78)",37,11.0
97,Q-Learning,E30,"(82, 85)",34,22.0
97,Q-Learning,E31,"(84, 10)",41,23.0
97,Q-Learning,E32,"(90, 11)",34,12.0
97,Q-Learning,E33,"(28, 79)",29,21.0
97,Q-Learning,E34,"(3, 63)",31,10.0
97,Q-Learning,E35,"(91, 64)",26,23.0
97,Q-Learning,E36,"(38, 51)",25,12.0
97,Q-Learning,E37,"(5, 9)",19,17.0
97,Q-Learning,E38,"(14, 44)",12,16.0
97,Q-Learning,E39,"(12, 48)",16,23.0
97,Q-Learning,E40,"(44, 19)",18,14.0
97,Q-Learning,E41,"(77, 30)",8,18.0
97,Q-Learning,E42,"(85, 58)",6,22.0
97,Q-Learning,E43,"(10, 78)",3,23.0
98,Greedy,E11,"(1, 75)",83,30.0
98,Greedy,E12,"(17, 1)",85,24.0
98,Greedy,E14,"(43, 30)",72,23.0
98,Greedy,E17,"(2, 69)",63,25.0
98,Greedy,E18,"(47, 17)",63,29.0
98,Greedy,E19,"(52, 36)",66,28.0
98,Greedy,E20,"(41, 38)",59,15.0
98,Greedy,E21,"(34, 49)",63,22.0
98,Greedy,E22,"(22, 85)",55,27.0
98,Greedy,E23,"(25, 45)",53,11.0
98,Greedy,E24,"(34, 32)",51,12.0
98,Greedy,E25,"(4, 78)",48,28.0
98,Greedy,E26,"(66, 92)",46,21.0
98,Greedy,E27,"(60, 1)",48,26.0
98,Greedy,E28,"(88, 44)",42,24.0
98,Greedy,E30,"(82, 85)",35,22.0
98,Greedy,E31,"(84, 10)",42,23.0
98,Greedy,E32,"(90, 11)",35,12.0
98,Greedy,E33,"(28, 79)",30,21.0
98,Greedy,E34,"(3, 63)",32,10.0
98,Greedy,E35,"(91, 64)",27,23.0
98,Greedy,E36,"(38, 51)",26,12.0
98,Greedy,E37,"(5, 9)",20,17.0
98,Greedy,E38,"(14, 44)",13,16.0
98,Greedy,E39,"(12, 48)",17,23.0
98,Greedy,E40,"(44, 19)",19,14.0
98,Greedy,E41,"(77, 30)",9,18.0
98,Greedy,E42,"(85, 58)",7,22.0
98,Greedy,E43,"(10, 78)",4,23.0
98,Greedy,E44,"(63, 92)",7,15.0
98,Auction,T7,"(12, 33)",99,28.0
98,Auction,E6,"(23, 100)",91,23.0
98,Auction,E11,"(1, 75)",83,30.0
98,Auction,E12,"(17, 1)",85,24.0
98,Auction,E14,"(43, 30)",72,23.0
98,Auction,E17,"(2, 69)",63,25.0
98,Auction,E18,"(47, 17)",63,29.0
98,Auction,E22,"(22, 85)",55,27.0
98,Auction,E24,"(34, 32)",51,12.0
98,Auction,E25,"(4, 78)",48,28.0
98,Auction,E26,"(66, 92)",46,21.0
98,Auction,E27,"(60, 1)",48,26.0
98,Auction,E28,"(88, 44)",42,24.0
98,Auction,E29,"(25, 78)",38,11.0
98,Auction,E30,"(82, 85)",35,22.0
98,Auction,E31,"(84, 10)",42,23.0
98,Auction,E32,"(90, 11)",35,12.0
98,Auction,E33,"(28, 79)",30,21.0
98,Auction,E34,"(3, 63)",32,10.0
98,Auction,E35,"(91, 64)",27,23.0
98,Auction,E36,"(38, 51)",26,12.0
98,Auction,E37,"(5, 9)",20,17.0
98,Auction,E38,"(14, 44)",13,16.0
98,Auction,E39,"(12, 48)",17,23.0
98,Auction,E41,"(77, 30)",9,18.0
98,Auction,E42,"(85, 58)",7,22.0
98,Auction,E43,"(10, 78)",4,23.0
98,Auction,E44,"(63, 92)",7,15.0
98,Q-Learning,E11,"(1, 75)",83,30.0
98,Q-Learning,E12,"(17, 1)",85,24.0
98,Q-Learning,E14,"(43, 30)",72,23.0
98,Q-Learning,E16,"(78, 15)",73,12.0
98,Q-Learning,E17,"(2, 69)",63,25.0
98,Q-Learning,E18,"(47, 17)",63,29.0
98,Q-Learning,E19,"(52, 36)",66,28.0
98,Q-Learning,E20,"(41, 38)",59,15.0
98,Q-Learning,E21,"(34, 49)",63,22.0
98,Q-Learning,E22,"(22, 85)",55,27.0
98,Q-Learning,E23,"(25, 45)",53,11.0
98,Q-Learning,E25,"(4, 78)",48,28.0
98,Q-Learning,E26,"(66, 92)",46,21.0
98,Q-Learning,E27,"(60, 1)",48,26.0
98,Q-Learning,E29,"(25, 78)",38,11.0
98,Q-Learning,E30,"(82, 85)",35,22.0
98,Q-Learning,E31,"(84, 10)",42,23.0
98,Q-Learning,E32,"(90, 11)",35,12.0
98,Q-Learning,E33,"(28, 79)",30,21.0
98,Q-Learning,E34,"(3, 63)",32,10.0
98,Q-Learning,E35,"(91, 64)",27,23.0
98,Q-Learning,E36,"(38, 51)",26,12.0
98,Q-Learning,E37,"(5, 9)",20,17.0
98,Q-Learning,E38,"(14, 44)",13,16.0
98,Q-Learning,E39,"(12, 48)",17,23.0
98,Q-Learning,E40,"(44, 19)",19,14.0
98,Q-Learning,E41,"(77, 30)",9,18.0
98,Q-Learning,E42,"(85, 58)",7,22.0
98,Q-Learning,E43,"(10, 78)",4,23.0
98,Q-Learning,E44,"(63, 92)",7,15.0
99,Greedy,E11,"(1, 75)",84,30.0
99,Greedy,E12,"(17, 1)",86,24.0
99,Greedy,E14,"(43, 30)",73,23.0
99,Greedy,E17,"(2, 69)",64,25.0
99,Greedy,E18,"(47, 17)",64,29.0
99,Greedy,E19,"(52, 36)",67,28.0
99,Greedy,E20,"(41, 38)",60,15.0
99,Greedy,E21,"(34, 49)",64,22.0
99,Greedy,E22,"(22, 85)",56,27.0
99,Greedy,E23,"(25, 45)",54,11.0
99,Greedy,E24,"(34, 32)",52,12.0
99,Greedy,E25,"(4, 78)",49,28.0
99,Greedy,E26,"(66, 92)",47,21.0
99,Greedy,E27,"(60, 1)",49,26.0
99,Greedy,E28,"(88, 44)",43,24.0
99,Greedy,E30,"(82, 85)",36,22.0
99,Greedy,E31,"(84, 10)",43,23.0
99,Greedy,E32,"(90, 11)",36,12.0
99,Greedy,E33,"(28, 79)",31,21.0
99,Greedy,E34,"(3, 63)",33,10.0
99,Greedy,E35,"(91, 64)",28,23.0
99,Greedy,E36,"(38, 51)",27,12.0
99,Greedy,E37,"(5, 9)",21,17.0
99,Greedy,E38,"(14, 44)",14,16.0
99,Greedy,E39,"(12, 48)",18,23.0
99,Greedy,E40,"(44, 19)",20,14.0
99,Greedy,E41,"(77, 30)",10,18.0
99,Greedy,E42,"(85, 58)",8,22.0
99,Greedy,E43,"(10, 78)",5,23.0
99,Greedy,E44,"(63, 92)",8,15.0
99,Greedy,E45,"(87, 68)",9,19.0
99,Auction,T7,"(12, 33)",100,28.0
99,Auction,E6,"(23, 100)",92,23.0
99,Auction,E11,"(1, 75)",84,30.0
99,Auction,E12,"(17, 1)",86,24.0
99,Auction,E14,"(43, 30)",73,23.0
99,Auction,E17,"(2, 69)",64,25.0
99,Auction,E18,"(47, 17)",64,29.0
99,Auction,E22,"(22, 85)",56,27.0
99,Auction,E24,"(34, 32)",52,12.0
99,Auction,E25,"(4, 78)",49,28.0
99,Auction,E26,"(66, 92)",47,21.0
99,Auction,E27,"(60, 1)",49,26.0
99,Auction,E28,"(88, 44)",43,24.0
99,Auction,E29,"(25, 78)",39,11.0
99,Auction,E30,"(82, 85)",36,22.0
99,Auction,E31,"(84, 10)",43,23.0
99,Auction,E32,"(90, 11)",36,12.0
99,Auction,E33,"(28, 79)",31,21.0
99,Auction,E34,"(3, 63)",33,10.0
99,Auction,E35,"(91, 64)",28,23.0
99,Auction,E36,"(38, 51)",27,12.0
99,Auction,E37,"(5, 9)",21,17.0
99,Auction,E38,"(14, 44)",14,16.0
99,Auction,E39,"(12, 48)",18,23.0
99,Auction,E41,"(77, 30)",10,18.0
99,Auction,E42,"(85, 58)",8,22.0
99,Auction,E43,"(10, 78)",5,23.0
99,Auction,E44,"(63, 92)",8,15.0
99,Auction,E45,"(87, 68)",9,19.0
99,Q-Learning,E11,"(1, 75)",84,30.0
99,Q-Learning,E12,"(17, 1)",86,24.0
99,Q-Learning,E14,"(43, 30)",73,23.0
99,Q-Learning,E16,"(78, 15)",74,12.0
99,Q-Learning,E17,"(2, 69)",64,25.0
99,Q-Learning,E18,"(47, 17)",64,29.0
99,Q-Learning,E19,"(52, 36)",67,28.0
99,Q-Learning,E20,"(41, 38)",60,15.0
99,Q-Learning,E21,"(34, 49)",64,22.0
99,Q-Learning,E22,"(22, 85)",56,27.0
99,Q-Learning,E23,"(25, 45)",54,11.0
99,Q-Learning,E25,"(4, 78)",49,28.0
99,Q-Learning,E26,"(66, 92)",47,21.0
99,Q-Learning,E27,"(60, 1)",49,26.0
99,Q-Learning,E29,"(25, 78)",39,11.0
99,Q-Learning,E30,"(82, 85)",36,22.0
99,Q-Learning,E31,"(84, 10)",43,23.0
99,Q-Learning,E32,"(90, 11)",36,12.0
99,Q-Learning,E33,"(28, 79)",31,21.0
99,Q-Learning,E34,"(3, 63)",33,10.0
99,Q-Learning,E35,"(91, 64)",28,23.0
99,Q-Learning,E36,"(38, 51)",27,12.0
99,Q-Learning,E37,"(5, 9)",21,17.0
99,Q-Learning,E38,"(14, 44)",14,16.0
99,Q-Learning,E39,"(12, 48)",18,23.0
99,Q-Learning,E40,"(44, 19)",20,14.0
99,Q-Learning,E41,"(77, 30)",10,18.0
99,Q-Learning,E42,"(85, 58)",8,22.0
99,Q-Learning,E43,"(10, 78)",5,23.0
99,Q-Learning,E44,"(63, 92)",8,15.0
99,Q-Learning,E45,"(87, 68)",9,19.0
