time_step,method,vehicle_id,position,battery,busy,remaining_duration,idle_time
0,Greedy,V1,"(85, 63)",87.0,False,0.0,0.0
0,Greedy,V2,"(60, 57)",99.0,False,0.0,0.0
0,Greedy,V3,"(90, 4)",81.0,False,0.0,0.0
0,Greedy,V4,"(78, 27)",53.0,False,0.0,0.0
0,Greedy,V5,"(70, 44)",77.0,False,0.0,0.0
0,Greedy,V6,"(44, 38)",70.0,False,0.0,0.0
0,Greedy,V7,"(5, 21)",60.0,False,0.0,0.0
0,Greedy,V8,"(72, 28)",97.0,False,0.0,0.0
0,Greedy,V9,"(91, 0)",94.0,False,0.0,0.0
0,Greedy,V10,"(91, 29)",59.0,False,0.0,0.0
0,Auction,V1,"(85, 63)",87.0,False,0.0,0.0
0,Auction,V2,"(60, 57)",99.0,False,0.0,0.0
0,Auction,V3,"(90, 4)",81.0,False,0.0,0.0
0,Auction,V4,"(78, 27)",53.0,False,0.0,0.0
0,Auction,V5,"(70, 44)",77.0,False,0.0,0.0
0,Auction,V6,"(44, 38)",70.0,False,0.0,0.0
0,Auction,V7,"(5, 21)",60.0,False,0.0,0.0
0,Auction,V8,"(72, 28)",97.0,False,0.0,0.0
0,Auction,V9,"(91, 0)",94.0,False,0.0,0.0
0,Auction,V10,"(91, 29)",59.0,False,0.0,0.0
0,Q-Learning,V1,"(85, 63)",87.0,False,0.0,0.0
0,Q-Learning,V2,"(60, 57)",99.0,False,0.0,0.0
0,Q-Learning,V3,"(90, 4)",81.0,False,0.0,0.0
0,Q-Learning,V4,"(78, 27)",53.0,False,0.0,0.0
0,Q-Learning,V5,"(70, 44)",77.0,False,0.0,0.0
0,Q-Learning,V6,"(44, 38)",70.0,False,0.0,0.0
0,Q-Learning,V7,"(5, 21)",60.0,False,0.0,0.0
0,Q-Learning,V8,"(72, 28)",97.0,False,0.0,0.0
0,Q-Learning,V9,"(91, 0)",94.0,False,0.0,0.0
0,Q-Learning,V10,"(91, 29)",59.0,False,0.0,0.0
1,Greedy,V1,"(85, 63)",60.0,True,27.0,1.0
1,Greedy,V2,"(60, 57)",70.89791709201036,True,28.102082907989637,1.0
1,Greedy,V3,"(90, 4)",46.42896336152681,True,34.57103663847319,1.0
1,Greedy,V4,"(78, 27)",22.543978022143897,True,30.456021977856103,1.0
1,Greedy,V5,"(70, 44)",60.59168108424154,True,16.40831891575846,1.0
1,Greedy,V6,"(44, 38)",47.06151323989015,True,22.938486760109853,1.0
1,Greedy,V7,"(5, 21)",31.5,True,28.5,1.0
1,Greedy,V8,"(72, 28)",63.732779073125684,True,33.267220926874316,1.0
1,Greedy,V9,"(91, 0)",65.5660188679434,True,28.433981132056605,1.0
1,Greedy,V10,"(91, 29)",28.290175065356443,True,30.709824934643557,1.0
1,Auction,V1,"(85, 72)",60.0,True,27.0,1.0
1,Auction,V2,"(78, 53)",82.69511388567678,True,16.30488611432322,1.0
1,Auction,V3,"(50, 9)",48.281451876417876,True,32.718548123582124,1.0
1,Auction,V4,"(76, 34)",22.543978022143897,True,30.456021977856103,1.0
1,Auction,V5,"(95, 78)",45.55962086159632,True,31.440379138403678,1.0
1,Auction,V6,"(38, 50)",45.32294901687516,True,24.677050983124843,1.0
1,Auction,V7,"(33, 0)",31.5,True,28.5,1.0
1,Auction,V8,"(8, 69)",60.99835533434013,True,36.00164466565987,1.0
1,Auction,V9,"(99, 87)",57.52659163185385,True,36.47340836814615,1.0
1,Auction,V10,"(95, 47)",36.31218221708285,True,22.687817782917154,1.0
1,Q-Learning,V1,"(95, 78)",57.990747874226685,True,29.009252125773315,1.0
1,Q-Learning,V2,"(8, 69)",75.32916796793683,True,23.670832032063167,1.0
1,Q-Learning,V3,"(50, 9)",48.281451876417876,True,32.718548123582124,1.0
1,Q-Learning,V4,"(85, 72)",19.89176197061144,True,33.10823802938856,1.0
1,Q-Learning,V5,"(78, 53)",60.59168108424154,True,16.40831891575846,1.0
1,Q-Learning,V6,"(2, 66)",37.690285267938016,True,32.309714732061984,1.0
1,Q-Learning,V7,"(33, 0)",31.5,True,28.5,1.0
1,Q-Learning,V8,"(95, 47)",70.54178305491185,True,26.45821694508815,1.0
1,Q-Learning,V9,"(38, 50)",56.4274230144425,True,37.5725769855575,1.0
1,Q-Learning,V10,"(76, 34)",26.837722339831622,True,32.16227766016838,1.0
2,Greedy,V1,"(85, 63)",60.0,True,26.0,1.0
2,Greedy,V2,"(60, 57)",70.89791709201036,True,27.102082907989637,1.0
2,Greedy,V3,"(90, 4)",46.42896336152681,True,33.57103663847319,1.0
2,Greedy,V4,"(78, 27)",22.543978022143897,True,29.456021977856103,1.0
2,Greedy,V5,"(70, 44)",60.59168108424154,True,15.40831891575846,1.0
2,Greedy,V6,"(44, 38)",47.06151323989015,True,21.938486760109853,1.0
2,Greedy,V7,"(5, 21)",31.5,True,27.5,1.0
2,Greedy,V8,"(72, 28)",63.732779073125684,True,32.267220926874316,1.0
2,Greedy,V9,"(91, 0)",65.5660188679434,True,27.433981132056605,1.0
2,Greedy,V10,"(91, 29)",28.290175065356443,True,29.709824934643557,1.0
2,Auction,V1,"(85, 72)",60.0,True,26.0,1.0
2,Auction,V2,"(78, 53)",82.69511388567678,True,15.30488611432322,1.0
2,Auction,V3,"(50, 9)",48.281451876417876,True,31.718548123582124,1.0
2,Auction,V4,"(76, 34)",22.543978022143897,True,29.456021977856103,1.0
2,Auction,V5,"(95, 78)",45.55962086159632,True,30.440379138403678,1.0
2,Auction,V6,"(38, 50)",45.32294901687516,True,23.677050983124843,1.0
2,Auction,V7,"(33, 0)",31.5,True,27.5,1.0
2,Auction,V8,"(8, 69)",60.99835533434013,True,35.00164466565987,1.0
2,Auction,V9,"(99, 87)",57.52659163185385,True,35.47340836814615,1.0
2,Auction,V10,"(95, 47)",36.31218221708285,True,21.687817782917154,1.0
2,Q-Learning,V1,"(95, 78)",57.990747874226685,True,28.009252125773315,1.0
2,Q-Learning,V2,"(8, 69)",75.32916796793683,True,22.670832032063167,1.0
2,Q-Learning,V3,"(50, 9)",48.281451876417876,True,31.718548123582124,1.0
2,Q-Learning,V4,"(85, 72)",19.89176197061144,True,32.10823802938856,1.0
2,Q-Learning,V5,"(78, 53)",60.59168108424154,True,15.40831891575846,1.0
2,Q-Learning,V6,"(2, 66)",37.690285267938016,True,31.309714732061984,1.0
2,Q-Learning,V7,"(33, 0)",31.5,True,27.5,1.0
2,Q-Learning,V8,"(95, 47)",70.54178305491185,True,25.45821694508815,1.0
2,Q-Learning,V9,"(38, 50)",56.4274230144425,True,36.5725769855575,1.0
2,Q-Learning,V10,"(76, 34)",26.837722339831622,True,31.162277660168378,1.0
3,Greedy,V1,"(85, 63)",60.0,True,25.0,1.0
3,Greedy,V2,"(60, 57)",70.89791709201036,True,26.102082907989637,1.0
3,Greedy,V3,"(90, 4)",46.42896336152681,True,32.57103663847319,1.0
3,Greedy,V4,"(78, 27)",22.543978022143897,True,28.456021977856103,1.0
3,Greedy,V5,"(70, 44)",60.59168108424154,True,14.40831891575846,1.0
3,Greedy,V6,"(44, 38)",47.06151323989015,True,20.938486760109853,1.0
3,Greedy,V7,"(5, 21)",31.5,True,26.5,1.0
3,Greedy,V8,"(72, 28)",63.732779073125684,True,31.267220926874316,1.0
3,Greedy,V9,"(91, 0)",65.5660188679434,True,26.433981132056605,1.0
3,Greedy,V10,"(91, 29)",28.290175065356443,True,28.709824934643557,1.0
3,Auction,V1,"(85, 72)",60.0,True,25.0,1.0
3,Auction,V2,"(78, 53)",82.69511388567678,True,14.30488611432322,1.0
3,Auction,V3,"(50, 9)",48.281451876417876,True,30.718548123582124,1.0
3,Auction,V4,"(76, 34)",22.543978022143897,True,28.456021977856103,1.0
3,Auction,V5,"(95, 78)",45.55962086159632,True,29.440379138403678,1.0
3,Auction,V6,"(38, 50)",45.32294901687516,True,22.677050983124843,1.0
3,Auction,V7,"(33, 0)",31.5,True,26.5,1.0
3,Auction,V8,"(8, 69)",60.99835533434013,True,34.00164466565987,1.0
3,Auction,V9,"(99, 87)",57.52659163185385,True,34.47340836814615,1.0
3,Auction,V10,"(95, 47)",36.31218221708285,True,20.687817782917154,1.0
3,Q-Learning,V1,"(95, 78)",57.990747874226685,True,27.009252125773315,1.0
3,Q-Learning,V2,"(8, 69)",75.32916796793683,True,21.670832032063167,1.0
3,Q-Learning,V3,"(50, 9)",48.281451876417876,True,30.718548123582124,1.0
3,Q-Learning,V4,"(85, 72)",19.89176197061144,True,31.10823802938856,1.0
3,Q-Learning,V5,"(78, 53)",60.59168108424154,True,14.40831891575846,1.0
3,Q-Learning,V6,"(2, 66)",37.690285267938016,True,30.309714732061984,1.0
3,Q-Learning,V7,"(33, 0)",31.5,True,26.5,1.0
3,Q-Learning,V8,"(95, 47)",70.54178305491185,True,24.45821694508815,1.0
3,Q-Learning,V9,"(38, 50)",56.4274230144425,True,35.5725769855575,1.0
3,Q-Learning,V10,"(76, 34)",26.837722339831622,True,30.162277660168378,1.0
4,Greedy,V1,"(85, 63)",60.0,True,24.0,1.0
4,Greedy,V2,"(60, 57)",70.89791709201036,True,25.102082907989637,1.0
4,Greedy,V3,"(90, 4)",46.42896336152681,True,31.57103663847319,1.0
4,Greedy,V4,"(78, 27)",22.543978022143897,True,27.456021977856103,1.0
4,Greedy,V5,"(70, 44)",60.59168108424154,True,13.40831891575846,1.0
4,Greedy,V6,"(44, 38)",47.06151323989015,True,19.938486760109853,1.0
4,Greedy,V7,"(5, 21)",31.5,True,25.5,1.0
4,Greedy,V8,"(72, 28)",63.732779073125684,True,30.267220926874316,1.0
4,Greedy,V9,"(91, 0)",65.5660188679434,True,25.433981132056605,1.0
4,Greedy,V10,"(91, 29)",28.290175065356443,True,27.709824934643557,1.0
4,Auction,V1,"(85, 72)",60.0,True,24.0,1.0
4,Auction,V2,"(78, 53)",82.69511388567678,True,13.30488611432322,1.0
4,Auction,V3,"(50, 9)",48.281451876417876,True,29.718548123582124,1.0
4,Auction,V4,"(76, 34)",22.543978022143897,True,27.456021977856103,1.0
4,Auction,V5,"(95, 78)",45.55962086159632,True,28.440379138403678,1.0
4,Auction,V6,"(38, 50)",45.32294901687516,True,21.677050983124843,1.0
4,Auction,V7,"(33, 0)",31.5,True,25.5,1.0
4,Auction,V8,"(8, 69)",60.99835533434013,True,33.00164466565987,1.0
4,Auction,V9,"(99, 87)",57.52659163185385,True,33.47340836814615,1.0
4,Auction,V10,"(95, 47)",36.31218221708285,True,19.687817782917154,1.0
4,Q-Learning,V1,"(95, 78)",57.990747874226685,True,26.009252125773315,1.0
4,Q-Learning,V2,"(8, 69)",75.32916796793683,True,20.670832032063167,1.0
4,Q-Learning,V3,"(50, 9)",48.281451876417876,True,29.718548123582124,1.0
4,Q-Learning,V4,"(85, 72)",19.89176197061144,True,30.10823802938856,1.0
4,Q-Learning,V5,"(78, 53)",60.59168108424154,True,13.40831891575846,1.0
4,Q-Learning,V6,"(2, 66)",37.690285267938016,True,29.309714732061984,1.0
4,Q-Learning,V7,"(33, 0)",31.5,True,25.5,1.0
4,Q-Learning,V8,"(95, 47)",70.54178305491185,True,23.45821694508815,1.0
4,Q-Learning,V9,"(38, 50)",56.4274230144425,True,34.5725769855575,1.0
4,Q-Learning,V10,"(76, 34)",26.837722339831622,True,29.162277660168378,1.0
5,Greedy,V1,"(85, 63)",60.0,True,23.0,1.0
5,Greedy,V2,"(60, 57)",70.89791709201036,True,24.102082907989637,1.0
5,Greedy,V3,"(90, 4)",46.42896336152681,True,30.57103663847319,1.0
5,Greedy,V4,"(78, 27)",22.543978022143897,True,26.456021977856103,1.0
5,Greedy,V5,"(70, 44)",60.59168108424154,True,12.40831891575846,1.0
5,Greedy,V6,"(44, 38)",47.06151323989015,True,18.938486760109853,1.0
5,Greedy,V7,"(5, 21)",31.5,True,24.5,1.0
5,Greedy,V8,"(72, 28)",63.732779073125684,True,29.267220926874316,1.0
5,Greedy,V9,"(91, 0)",65.5660188679434,True,24.433981132056605,1.0
5,Greedy,V10,"(91, 29)",28.290175065356443,True,26.709824934643557,1.0
5,Auction,V1,"(85, 72)",60.0,True,23.0,1.0
5,Auction,V2,"(78, 53)",82.69511388567678,True,12.30488611432322,1.0
5,Auction,V3,"(50, 9)",48.281451876417876,True,28.718548123582124,1.0
5,Auction,V4,"(76, 34)",22.543978022143897,True,26.456021977856103,1.0
5,Auction,V5,"(95, 78)",45.55962086159632,True,27.440379138403678,1.0
5,Auction,V6,"(38, 50)",45.32294901687516,True,20.677050983124843,1.0
5,Auction,V7,"(33, 0)",31.5,True,24.5,1.0
5,Auction,V8,"(8, 69)",60.99835533434013,True,32.00164466565987,1.0
5,Auction,V9,"(99, 87)",57.52659163185385,True,32.47340836814615,1.0
5,Auction,V10,"(95, 47)",36.31218221708285,True,18.687817782917154,1.0
5,Q-Learning,V1,"(95, 78)",57.990747874226685,True,25.009252125773315,1.0
5,Q-Learning,V2,"(8, 69)",75.32916796793683,True,19.670832032063167,1.0
5,Q-Learning,V3,"(50, 9)",48.281451876417876,True,28.718548123582124,1.0
5,Q-Learning,V4,"(85, 72)",19.89176197061144,True,29.10823802938856,1.0
5,Q-Learning,V5,"(78, 53)",60.59168108424154,True,12.40831891575846,1.0
5,Q-Learning,V6,"(2, 66)",37.690285267938016,True,28.309714732061984,1.0
5,Q-Learning,V7,"(33, 0)",31.5,True,24.5,1.0
5,Q-Learning,V8,"(95, 47)",70.54178305491185,True,22.45821694508815,1.0
5,Q-Learning,V9,"(38, 50)",56.4274230144425,True,33.5725769855575,1.0
5,Q-Learning,V10,"(76, 34)",26.837722339831622,True,28.162277660168378,1.0
6,Greedy,V1,"(85, 63)",60.0,True,22.0,1.0
6,Greedy,V2,"(60, 57)",70.89791709201036,True,23.102082907989637,1.0
6,Greedy,V3,"(90, 4)",46.42896336152681,True,29.57103663847319,1.0
6,Greedy,V4,"(78, 27)",22.543978022143897,True,25.456021977856103,1.0
6,Greedy,V5,"(70, 44)",60.59168108424154,True,11.40831891575846,1.0
6,Greedy,V6,"(44, 38)",47.06151323989015,True,17.938486760109853,1.0
6,Greedy,V7,"(5, 21)",31.5,True,23.5,1.0
6,Greedy,V8,"(72, 28)",63.732779073125684,True,28.267220926874316,1.0
6,Greedy,V9,"(91, 0)",65.5660188679434,True,23.433981132056605,1.0
6,Greedy,V10,"(91, 29)",28.290175065356443,True,25.709824934643557,1.0
6,Auction,V1,"(85, 72)",60.0,True,22.0,1.0
6,Auction,V2,"(78, 53)",82.69511388567678,True,11.30488611432322,1.0
6,Auction,V3,"(50, 9)",48.281451876417876,True,27.718548123582124,1.0
6,Auction,V4,"(76, 34)",22.543978022143897,True,25.456021977856103,1.0
6,Auction,V5,"(95, 78)",45.55962086159632,True,26.440379138403678,1.0
6,Auction,V6,"(38, 50)",45.32294901687516,True,19.677050983124843,1.0
6,Auction,V7,"(33, 0)",31.5,True,23.5,1.0
6,Auction,V8,"(8, 69)",60.99835533434013,True,31.001644665659867,1.0
6,Auction,V9,"(99, 87)",57.52659163185385,True,31.473408368146153,1.0
6,Auction,V10,"(95, 47)",36.31218221708285,True,17.687817782917154,1.0
6,Q-Learning,V1,"(95, 78)",57.990747874226685,True,24.009252125773315,1.0
6,Q-Learning,V2,"(8, 69)",75.32916796793683,True,18.670832032063167,1.0
6,Q-Learning,V3,"(50, 9)",48.281451876417876,True,27.718548123582124,1.0
6,Q-Learning,V4,"(85, 72)",19.89176197061144,True,28.10823802938856,1.0
6,Q-Learning,V5,"(78, 53)",60.59168108424154,True,11.40831891575846,1.0
6,Q-Learning,V6,"(2, 66)",37.690285267938016,True,27.309714732061984,1.0
6,Q-Learning,V7,"(33, 0)",31.5,True,23.5,1.0
6,Q-Learning,V8,"(95, 47)",70.54178305491185,True,21.45821694508815,1.0
6,Q-Learning,V9,"(38, 50)",56.4274230144425,True,32.5725769855575,1.0
6,Q-Learning,V10,"(76, 34)",26.837722339831622,True,27.162277660168378,1.0
7,Greedy,V1,"(85, 63)",60.0,True,21.0,1.0
7,Greedy,V2,"(60, 57)",70.89791709201036,True,22.102082907989637,1.0
7,Greedy,V3,"(90, 4)",46.42896336152681,True,28.57103663847319,1.0
7,Greedy,V4,"(78, 27)",22.543978022143897,True,24.456021977856103,1.0
7,Greedy,V5,"(70, 44)",60.59168108424154,True,10.40831891575846,1.0
7,Greedy,V6,"(44, 38)",47.06151323989015,True,16.938486760109853,1.0
7,Greedy,V7,"(5, 21)",31.5,True,22.5,1.0
7,Greedy,V8,"(72, 28)",63.732779073125684,True,27.267220926874316,1.0
7,Greedy,V9,"(91, 0)",65.5660188679434,True,22.433981132056605,1.0
7,Greedy,V10,"(91, 29)",28.290175065356443,True,24.709824934643557,1.0
7,Auction,V1,"(85, 72)",60.0,True,21.0,1.0
7,Auction,V2,"(78, 53)",82.69511388567678,True,10.30488611432322,1.0
7,Auction,V3,"(50, 9)",48.281451876417876,True,26.718548123582124,1.0
7,Auction,V4,"(76, 34)",22.543978022143897,True,24.456021977856103,1.0
7,Auction,V5,"(95, 78)",45.55962086159632,True,25.440379138403678,1.0
7,Auction,V6,"(38, 50)",45.32294901687516,True,18.677050983124843,1.0
7,Auction,V7,"(33, 0)",31.5,True,22.5,1.0
7,Auction,V8,"(8, 69)",60.99835533434013,True,30.001644665659867,1.0
7,Auction,V9,"(99, 87)",57.52659163185385,True,30.473408368146153,1.0
7,Auction,V10,"(95, 47)",36.31218221708285,True,16.687817782917154,1.0
7,Q-Learning,V1,"(95, 78)",57.990747874226685,True,23.009252125773315,1.0
7,Q-Learning,V2,"(8, 69)",75.32916796793683,True,17.670832032063167,1.0
7,Q-Learning,V3,"(50, 9)",48.281451876417876,True,26.718548123582124,1.0
7,Q-Learning,V4,"(85, 72)",19.89176197061144,True,27.10823802938856,1.0
7,Q-Learning,V5,"(78, 53)",60.59168108424154,True,10.40831891575846,1.0
7,Q-Learning,V6,"(2, 66)",37.690285267938016,True,26.309714732061984,1.0
7,Q-Learning,V7,"(33, 0)",31.5,True,22.5,1.0
7,Q-Learning,V8,"(95, 47)",70.54178305491185,True,20.45821694508815,1.0
7,Q-Learning,V9,"(38, 50)",56.4274230144425,True,31.572576985557497,1.0
7,Q-Learning,V10,"(76, 34)",26.837722339831622,True,26.162277660168378,1.0
8,Greedy,V1,"(85, 63)",60.0,True,20.0,1.0
8,Greedy,V2,"(60, 57)",70.89791709201036,True,21.102082907989637,1.0
8,Greedy,V3,"(90, 4)",46.42896336152681,True,27.57103663847319,1.0
8,Greedy,V4,"(78, 27)",22.543978022143897,True,23.456021977856103,1.0
8,Greedy,V5,"(70, 44)",60.59168108424154,True,9.40831891575846,1.0
8,Greedy,V6,"(44, 38)",47.06151323989015,True,15.938486760109853,1.0
8,Greedy,V7,"(5, 21)",31.5,True,21.5,1.0
8,Greedy,V8,"(72, 28)",63.732779073125684,True,26.267220926874316,1.0
8,Greedy,V9,"(91, 0)",65.5660188679434,True,21.433981132056605,1.0
8,Greedy,V10,"(91, 29)",28.290175065356443,True,23.709824934643557,1.0
8,Auction,V1,"(85, 72)",60.0,True,20.0,1.0
8,Auction,V2,"(78, 53)",82.69511388567678,True,9.30488611432322,1.0
8,Auction,V3,"(50, 9)",48.281451876417876,True,25.718548123582124,1.0
8,Auction,V4,"(76, 34)",22.543978022143897,True,23.456021977856103,1.0
8,Auction,V5,"(95, 78)",45.55962086159632,True,24.440379138403678,1.0
8,Auction,V6,"(38, 50)",45.32294901687516,True,17.677050983124843,1.0
8,Auction,V7,"(33, 0)",31.5,True,21.5,1.0
8,Auction,V8,"(8, 69)",60.99835533434013,True,29.001644665659867,1.0
8,Auction,V9,"(99, 87)",57.52659163185385,True,29.473408368146153,1.0
8,Auction,V10,"(95, 47)",36.31218221708285,True,15.687817782917154,1.0
8,Q-Learning,V1,"(95, 78)",57.990747874226685,True,22.009252125773315,1.0
8,Q-Learning,V2,"(8, 69)",75.32916796793683,True,16.670832032063167,1.0
8,Q-Learning,V3,"(50, 9)",48.281451876417876,True,25.718548123582124,1.0
8,Q-Learning,V4,"(85, 72)",19.89176197061144,True,26.10823802938856,1.0
8,Q-Learning,V5,"(78, 53)",60.59168108424154,True,9.40831891575846,1.0
8,Q-Learning,V6,"(2, 66)",37.690285267938016,True,25.309714732061984,1.0
8,Q-Learning,V7,"(33, 0)",31.5,True,21.5,1.0
8,Q-Learning,V8,"(95, 47)",70.54178305491185,True,19.45821694508815,1.0
8,Q-Learning,V9,"(38, 50)",56.4274230144425,True,30.572576985557497,1.0
8,Q-Learning,V10,"(76, 34)",26.837722339831622,True,25.162277660168378,1.0
9,Greedy,V1,"(85, 63)",60.0,True,19.0,1.0
9,Greedy,V2,"(60, 57)",70.89791709201036,True,20.102082907989637,1.0
9,Greedy,V3,"(90, 4)",46.42896336152681,True,26.57103663847319,1.0
9,Greedy,V4,"(78, 27)",22.543978022143897,True,22.456021977856103,1.0
9,Greedy,V5,"(70, 44)",60.59168108424154,True,8.40831891575846,1.0
9,Greedy,V6,"(44, 38)",47.06151323989015,True,14.938486760109853,1.0
9,Greedy,V7,"(5, 21)",31.5,True,20.5,1.0
9,Greedy,V8,"(72, 28)",63.732779073125684,True,25.267220926874316,1.0
9,Greedy,V9,"(91, 0)",65.5660188679434,True,20.433981132056605,1.0
9,Greedy,V10,"(91, 29)",28.290175065356443,True,22.709824934643557,1.0
9,Auction,V1,"(85, 72)",60.0,True,19.0,1.0
9,Auction,V2,"(78, 53)",82.69511388567678,True,8.30488611432322,1.0
9,Auction,V3,"(50, 9)",48.281451876417876,True,24.718548123582124,1.0
9,Auction,V4,"(76, 34)",22.543978022143897,True,22.456021977856103,1.0
9,Auction,V5,"(95, 78)",45.55962086159632,True,23.440379138403678,1.0
9,Auction,V6,"(38, 50)",45.32294901687516,True,16.677050983124843,1.0
9,Auction,V7,"(33, 0)",31.5,True,20.5,1.0
9,Auction,V8,"(8, 69)",60.99835533434013,True,28.001644665659867,1.0
9,Auction,V9,"(99, 87)",57.52659163185385,True,28.473408368146153,1.0
9,Auction,V10,"(95, 47)",36.31218221708285,True,14.687817782917154,1.0
9,Q-Learning,V1,"(95, 78)",57.990747874226685,True,21.009252125773315,1.0
9,Q-Learning,V2,"(8, 69)",75.32916796793683,True,15.670832032063167,1.0
9,Q-Learning,V3,"(50, 9)",48.281451876417876,True,24.718548123582124,1.0
9,Q-Learning,V4,"(85, 72)",19.89176197061144,True,25.10823802938856,1.0
9,Q-Learning,V5,"(78, 53)",60.59168108424154,True,8.40831891575846,1.0
9,Q-Learning,V6,"(2, 66)",37.690285267938016,True,24.309714732061984,1.0
9,Q-Learning,V7,"(33, 0)",31.5,True,20.5,1.0
9,Q-Learning,V8,"(95, 47)",70.54178305491185,True,18.45821694508815,1.0
9,Q-Learning,V9,"(38, 50)",56.4274230144425,True,29.572576985557497,1.0
9,Q-Learning,V10,"(76, 34)",26.837722339831622,True,24.162277660168378,1.0
10,Greedy,V1,"(85, 63)",60.0,True,18.0,1.0
10,Greedy,V2,"(60, 57)",70.89791709201036,True,19.102082907989637,1.0
10,Greedy,V3,"(90, 4)",46.42896336152681,True,25.57103663847319,1.0
10,Greedy,V4,"(78, 27)",22.543978022143897,True,21.456021977856103,1.0
10,Greedy,V5,"(70, 44)",60.59168108424154,True,7.408318915758461,1.0
10,Greedy,V6,"(44, 38)",47.06151323989015,True,13.938486760109853,1.0
10,Greedy,V7,"(5, 21)",31.5,True,19.5,1.0
10,Greedy,V8,"(72, 28)",63.732779073125684,True,24.267220926874316,1.0
10,Greedy,V9,"(91, 0)",65.5660188679434,True,19.433981132056605,1.0
10,Greedy,V10,"(91, 29)",28.290175065356443,True,21.709824934643557,1.0
10,Auction,V1,"(85, 72)",60.0,True,18.0,1.0
10,Auction,V2,"(78, 53)",82.69511388567678,True,7.304886114323221,1.0
10,Auction,V3,"(50, 9)",48.281451876417876,True,23.718548123582124,1.0
10,Auction,V4,"(76, 34)",22.543978022143897,True,21.456021977856103,1.0
10,Auction,V5,"(95, 78)",45.55962086159632,True,22.440379138403678,1.0
10,Auction,V6,"(38, 50)",45.32294901687516,True,15.677050983124843,1.0
10,Auction,V7,"(33, 0)",31.5,True,19.5,1.0
10,Auction,V8,"(8, 69)",60.99835533434013,True,27.001644665659867,1.0
10,Auction,V9,"(99, 87)",57.52659163185385,True,27.473408368146153,1.0
10,Auction,V10,"(95, 47)",36.31218221708285,True,13.687817782917154,1.0
10,Q-Learning,V1,"(95, 78)",57.990747874226685,True,20.009252125773315,1.0
10,Q-Learning,V2,"(8, 69)",75.32916796793683,True,14.670832032063167,1.0
10,Q-Learning,V3,"(50, 9)",48.281451876417876,True,23.718548123582124,1.0
10,Q-Learning,V4,"(85, 72)",19.89176197061144,True,24.10823802938856,1.0
10,Q-Learning,V5,"(78, 53)",60.59168108424154,True,7.408318915758461,1.0
10,Q-Learning,V6,"(2, 66)",37.690285267938016,True,23.309714732061984,1.0
10,Q-Learning,V7,"(33, 0)",31.5,True,19.5,1.0
10,Q-Learning,V8,"(95, 47)",70.54178305491185,True,17.45821694508815,1.0
10,Q-Learning,V9,"(38, 50)",56.4274230144425,True,28.572576985557497,1.0
10,Q-Learning,V10,"(76, 34)",26.837722339831622,True,23.162277660168378,1.0
11,Greedy,V1,"(85, 63)",60.0,True,17.0,1.0
11,Greedy,V2,"(60, 57)",70.89791709201036,True,18.102082907989637,1.0
11,Greedy,V3,"(90, 4)",46.42896336152681,True,24.57103663847319,1.0
11,Greedy,V4,"(78, 27)",22.543978022143897,True,20.456021977856103,1.0
11,Greedy,V5,"(70, 44)",60.59168108424154,True,6.408318915758461,1.0
11,Greedy,V6,"(44, 38)",47.06151323989015,True,12.938486760109853,1.0
11,Greedy,V7,"(5, 21)",31.5,True,18.5,1.0
11,Greedy,V8,"(72, 28)",63.732779073125684,True,23.267220926874316,1.0
11,Greedy,V9,"(91, 0)",65.5660188679434,True,18.433981132056605,1.0
11,Greedy,V10,"(91, 29)",28.290175065356443,True,20.709824934643557,1.0
11,Auction,V1,"(85, 72)",60.0,True,17.0,1.0
11,Auction,V2,"(78, 53)",82.69511388567678,True,6.304886114323221,1.0
11,Auction,V3,"(50, 9)",48.281451876417876,True,22.718548123582124,1.0
11,Auction,V4,"(76, 34)",22.543978022143897,True,20.456021977856103,1.0
11,Auction,V5,"(95, 78)",45.55962086159632,True,21.440379138403678,1.0
11,Auction,V6,"(38, 50)",45.32294901687516,True,14.677050983124843,1.0
11,Auction,V7,"(33, 0)",31.5,True,18.5,1.0
11,Auction,V8,"(8, 69)",60.99835533434013,True,26.001644665659867,1.0
11,Auction,V9,"(99, 87)",57.52659163185385,True,26.473408368146153,1.0
11,Auction,V10,"(95, 47)",36.31218221708285,True,12.687817782917154,1.0
11,Q-Learning,V1,"(95, 78)",57.990747874226685,True,19.009252125773315,1.0
11,Q-Learning,V2,"(8, 69)",75.32916796793683,True,13.670832032063167,1.0
11,Q-Learning,V3,"(50, 9)",48.281451876417876,True,22.718548123582124,1.0
11,Q-Learning,V4,"(85, 72)",19.89176197061144,True,23.10823802938856,1.0
11,Q-Learning,V5,"(78, 53)",60.59168108424154,True,6.408318915758461,1.0
11,Q-Learning,V6,"(2, 66)",37.690285267938016,True,22.309714732061984,1.0
11,Q-Learning,V7,"(33, 0)",31.5,True,18.5,1.0
11,Q-Learning,V8,"(95, 47)",70.54178305491185,True,16.45821694508815,1.0
11,Q-Learning,V9,"(38, 50)",56.4274230144425,True,27.572576985557497,1.0
11,Q-Learning,V10,"(76, 34)",26.837722339831622,True,22.162277660168378,1.0
12,Greedy,V1,"(85, 63)",60.0,True,16.0,1.0
12,Greedy,V2,"(60, 57)",70.89791709201036,True,17.102082907989637,1.0
12,Greedy,V3,"(90, 4)",46.42896336152681,True,23.57103663847319,1.0
12,Greedy,V4,"(78, 27)",22.543978022143897,True,19.456021977856103,1.0
12,Greedy,V5,"(70, 44)",60.59168108424154,True,5.408318915758461,1.0
12,Greedy,V6,"(44, 38)",47.06151323989015,True,11.938486760109853,1.0
12,Greedy,V7,"(5, 21)",31.5,True,17.5,1.0
12,Greedy,V8,"(72, 28)",63.732779073125684,True,22.267220926874316,1.0
12,Greedy,V9,"(91, 0)",65.5660188679434,True,17.433981132056605,1.0
12,Greedy,V10,"(91, 29)",28.290175065356443,True,19.709824934643557,1.0
12,Auction,V1,"(85, 72)",60.0,True,16.0,1.0
12,Auction,V2,"(78, 53)",82.69511388567678,True,5.304886114323221,1.0
12,Auction,V3,"(50, 9)",48.281451876417876,True,21.718548123582124,1.0
12,Auction,V4,"(76, 34)",22.543978022143897,True,19.456021977856103,1.0
12,Auction,V5,"(95, 78)",45.55962086159632,True,20.440379138403678,1.0
12,Auction,V6,"(38, 50)",45.32294901687516,True,13.677050983124843,1.0
12,Auction,V7,"(33, 0)",31.5,True,17.5,1.0
12,Auction,V8,"(8, 69)",60.99835533434013,True,25.001644665659867,1.0
12,Auction,V9,"(99, 87)",57.52659163185385,True,25.473408368146153,1.0
12,Auction,V10,"(95, 47)",36.31218221708285,True,11.687817782917154,1.0
12,Q-Learning,V1,"(95, 78)",57.990747874226685,True,18.009252125773315,1.0
12,Q-Learning,V2,"(8, 69)",75.32916796793683,True,12.670832032063167,1.0
12,Q-Learning,V3,"(50, 9)",48.281451876417876,True,21.718548123582124,1.0
12,Q-Learning,V4,"(85, 72)",19.89176197061144,True,22.10823802938856,1.0
12,Q-Learning,V5,"(78, 53)",60.59168108424154,True,5.408318915758461,1.0
12,Q-Learning,V6,"(2, 66)",37.690285267938016,True,21.309714732061984,1.0
12,Q-Learning,V7,"(33, 0)",31.5,True,17.5,1.0
12,Q-Learning,V8,"(95, 47)",70.54178305491185,True,15.45821694508815,1.0
12,Q-Learning,V9,"(38, 50)",56.4274230144425,True,26.572576985557497,1.0
12,Q-Learning,V10,"(76, 34)",26.837722339831622,True,21.162277660168378,1.0
13,Greedy,V1,"(85, 63)",60.0,True,15.0,1.0
13,Greedy,V2,"(60, 57)",70.89791709201036,True,16.102082907989637,1.0
13,Greedy,V3,"(90, 4)",46.42896336152681,True,22.57103663847319,1.0
13,Greedy,V4,"(78, 27)",22.543978022143897,True,18.456021977856103,1.0
13,Greedy,V5,"(70, 44)",60.59168108424154,True,4.408318915758461,1.0
13,Greedy,V6,"(44, 38)",47.06151323989015,True,10.938486760109853,1.0
13,Greedy,V7,"(5, 21)",31.5,True,16.5,1.0
13,Greedy,V8,"(72, 28)",63.732779073125684,True,21.267220926874316,1.0
13,Greedy,V9,"(91, 0)",65.5660188679434,True,16.433981132056605,1.0
13,Greedy,V10,"(91, 29)",28.290175065356443,True,18.709824934643557,1.0
13,Auction,V1,"(85, 72)",60.0,True,15.0,1.0
13,Auction,V2,"(78, 53)",82.69511388567678,True,4.304886114323221,1.0
13,Auction,V3,"(50, 9)",48.281451876417876,True,20.718548123582124,1.0
13,Auction,V4,"(76, 34)",22.543978022143897,True,18.456021977856103,1.0
13,Auction,V5,"(95, 78)",45.55962086159632,True,19.440379138403678,1.0
13,Auction,V6,"(38, 50)",45.32294901687516,True,12.677050983124843,1.0
13,Auction,V7,"(33, 0)",31.5,True,16.5,1.0
13,Auction,V8,"(8, 69)",60.99835533434013,True,24.001644665659867,1.0
13,Auction,V9,"(99, 87)",57.52659163185385,True,24.473408368146153,1.0
13,Auction,V10,"(95, 47)",36.31218221708285,True,10.687817782917154,1.0
13,Q-Learning,V1,"(95, 78)",57.990747874226685,True,17.009252125773315,1.0
13,Q-Learning,V2,"(8, 69)",75.32916796793683,True,11.670832032063167,1.0
13,Q-Learning,V3,"(50, 9)",48.281451876417876,True,20.718548123582124,1.0
13,Q-Learning,V4,"(85, 72)",19.89176197061144,True,21.10823802938856,1.0
13,Q-Learning,V5,"(78, 53)",60.59168108424154,True,4.408318915758461,1.0
13,Q-Learning,V6,"(2, 66)",37.690285267938016,True,20.309714732061984,1.0
13,Q-Learning,V7,"(33, 0)",31.5,True,16.5,1.0
13,Q-Learning,V8,"(95, 47)",70.54178305491185,True,14.45821694508815,1.0
13,Q-Learning,V9,"(38, 50)",56.4274230144425,True,25.572576985557497,1.0
13,Q-Learning,V10,"(76, 34)",26.837722339831622,True,20.162277660168378,1.0
14,Greedy,V1,"(85, 63)",60.0,True,14.0,1.0
14,Greedy,V2,"(60, 57)",70.89791709201036,True,15.102082907989637,1.0
14,Greedy,V3,"(90, 4)",46.42896336152681,True,21.57103663847319,1.0
14,Greedy,V4,"(78, 27)",22.543978022143897,True,17.456021977856103,1.0
14,Greedy,V5,"(70, 44)",60.59168108424154,True,3.4083189157584606,1.0
14,Greedy,V6,"(44, 38)",47.06151323989015,True,9.938486760109853,1.0
14,Greedy,V7,"(5, 21)",31.5,True,15.5,1.0
14,Greedy,V8,"(72, 28)",63.732779073125684,True,20.267220926874316,1.0
14,Greedy,V9,"(91, 0)",65.5660188679434,True,15.433981132056605,1.0
14,Greedy,V10,"(91, 29)",28.290175065356443,True,17.709824934643557,1.0
14,Auction,V1,"(85, 72)",60.0,True,14.0,1.0
14,Auction,V2,"(78, 53)",82.69511388567678,True,3.304886114323221,1.0
14,Auction,V3,"(50, 9)",48.281451876417876,True,19.718548123582124,1.0
14,Auction,V4,"(76, 34)",22.543978022143897,True,17.456021977856103,1.0
14,Auction,V5,"(95, 78)",45.55962086159632,True,18.440379138403678,1.0
14,Auction,V6,"(38, 50)",45.32294901687516,True,11.677050983124843,1.0
14,Auction,V7,"(33, 0)",31.5,True,15.5,1.0
14,Auction,V8,"(8, 69)",60.99835533434013,True,23.001644665659867,1.0
14,Auction,V9,"(99, 87)",57.52659163185385,True,23.473408368146153,1.0
14,Auction,V10,"(95, 47)",36.31218221708285,True,9.687817782917154,1.0
14,Q-Learning,V1,"(95, 78)",57.990747874226685,True,16.009252125773315,1.0
14,Q-Learning,V2,"(8, 69)",75.32916796793683,True,10.670832032063167,1.0
14,Q-Learning,V3,"(50, 9)",48.281451876417876,True,19.718548123582124,1.0
14,Q-Learning,V4,"(85, 72)",19.89176197061144,True,20.10823802938856,1.0
14,Q-Learning,V5,"(78, 53)",60.59168108424154,True,3.4083189157584606,1.0
14,Q-Learning,V6,"(2, 66)",37.690285267938016,True,19.309714732061984,1.0
14,Q-Learning,V7,"(33, 0)",31.5,True,15.5,1.0
14,Q-Learning,V8,"(95, 47)",70.54178305491185,True,13.45821694508815,1.0
14,Q-Learning,V9,"(38, 50)",56.4274230144425,True,24.572576985557497,1.0
14,Q-Learning,V10,"(76, 34)",26.837722339831622,True,19.162277660168378,1.0
15,Greedy,V1,"(85, 63)",60.0,True,13.0,1.0
15,Greedy,V2,"(60, 57)",70.89791709201036,True,14.102082907989637,1.0
15,Greedy,V3,"(90, 4)",46.42896336152681,True,20.57103663847319,1.0
15,Greedy,V4,"(78, 27)",22.543978022143897,True,16.456021977856103,1.0
15,Greedy,V5,"(70, 44)",60.59168108424154,True,2.4083189157584606,1.0
15,Greedy,V6,"(44, 38)",47.06151323989015,True,8.938486760109853,1.0
15,Greedy,V7,"(5, 21)",31.5,True,14.5,1.0
15,Greedy,V8,"(72, 28)",63.732779073125684,True,19.267220926874316,1.0
15,Greedy,V9,"(91, 0)",65.5660188679434,True,14.433981132056605,1.0
15,Greedy,V10,"(91, 29)",28.290175065356443,True,16.709824934643557,1.0
15,Auction,V1,"(85, 72)",60.0,True,13.0,1.0
15,Auction,V2,"(78, 53)",82.69511388567678,True,2.304886114323221,1.0
15,Auction,V3,"(50, 9)",48.281451876417876,True,18.718548123582124,1.0
15,Auction,V4,"(76, 34)",22.543978022143897,True,16.456021977856103,1.0
15,Auction,V5,"(95, 78)",45.55962086159632,True,17.440379138403678,1.0
15,Auction,V6,"(38, 50)",45.32294901687516,True,10.677050983124843,1.0
15,Auction,V7,"(33, 0)",31.5,True,14.5,1.0
15,Auction,V8,"(8, 69)",60.99835533434013,True,22.001644665659867,1.0
15,Auction,V9,"(99, 87)",57.52659163185385,True,22.473408368146153,1.0
15,Auction,V10,"(95, 47)",36.31218221708285,True,8.687817782917154,1.0
15,Q-Learning,V1,"(95, 78)",57.990747874226685,True,15.009252125773315,1.0
15,Q-Learning,V2,"(8, 69)",75.32916796793683,True,9.670832032063167,1.0
15,Q-Learning,V3,"(50, 9)",48.281451876417876,True,18.718548123582124,1.0
15,Q-Learning,V4,"(85, 72)",19.89176197061144,True,19.10823802938856,1.0
15,Q-Learning,V5,"(78, 53)",60.59168108424154,True,2.4083189157584606,1.0
15,Q-Learning,V6,"(2, 66)",37.690285267938016,True,18.309714732061984,1.0
15,Q-Learning,V7,"(33, 0)",31.5,True,14.5,1.0
15,Q-Learning,V8,"(95, 47)",70.54178305491185,True,12.45821694508815,1.0
15,Q-Learning,V9,"(38, 50)",56.4274230144425,True,23.572576985557497,1.0
15,Q-Learning,V10,"(76, 34)",26.837722339831622,True,18.162277660168378,1.0
16,Greedy,V1,"(85, 63)",60.0,True,12.0,1.0
16,Greedy,V2,"(60, 57)",70.89791709201036,True,13.102082907989637,1.0
16,Greedy,V3,"(90, 4)",46.42896336152681,True,19.57103663847319,1.0
16,Greedy,V4,"(78, 27)",22.543978022143897,True,15.456021977856103,1.0
16,Greedy,V5,"(70, 44)",60.59168108424154,True,1.4083189157584606,1.0
16,Greedy,V6,"(44, 38)",47.06151323989015,True,7.938486760109853,1.0
16,Greedy,V7,"(5, 21)",31.5,True,13.5,1.0
16,Greedy,V8,"(72, 28)",63.732779073125684,True,18.267220926874316,1.0
16,Greedy,V9,"(91, 0)",65.5660188679434,True,13.433981132056605,1.0
16,Greedy,V10,"(91, 29)",28.290175065356443,True,15.709824934643557,1.0
16,Auction,V1,"(85, 72)",60.0,True,12.0,1.0
16,Auction,V2,"(78, 53)",82.69511388567678,True,1.3048861143232209,1.0
16,Auction,V3,"(50, 9)",48.281451876417876,True,17.718548123582124,1.0
16,Auction,V4,"(76, 34)",22.543978022143897,True,15.456021977856103,1.0
16,Auction,V5,"(95, 78)",45.55962086159632,True,16.440379138403678,1.0
16,Auction,V6,"(38, 50)",45.32294901687516,True,9.677050983124843,1.0
16,Auction,V7,"(33, 0)",31.5,True,13.5,1.0
16,Auction,V8,"(8, 69)",60.99835533434013,True,21.001644665659867,1.0
16,Auction,V9,"(99, 87)",57.52659163185385,True,21.473408368146153,1.0
16,Auction,V10,"(95, 47)",36.31218221708285,True,7.687817782917154,1.0
16,Q-Learning,V1,"(95, 78)",57.990747874226685,True,14.009252125773315,1.0
16,Q-Learning,V2,"(8, 69)",75.32916796793683,True,8.670832032063167,1.0
16,Q-Learning,V3,"(50, 9)",48.281451876417876,True,17.718548123582124,1.0
16,Q-Learning,V4,"(85, 72)",19.89176197061144,True,18.10823802938856,1.0
16,Q-Learning,V5,"(78, 53)",60.59168108424154,True,1.4083189157584606,1.0
16,Q-Learning,V6,"(2, 66)",37.690285267938016,True,17.309714732061984,1.0
16,Q-Learning,V7,"(33, 0)",31.5,True,13.5,1.0
16,Q-Learning,V8,"(95, 47)",70.54178305491185,True,11.45821694508815,1.0
16,Q-Learning,V9,"(38, 50)",56.4274230144425,True,22.572576985557497,1.0
16,Q-Learning,V10,"(76, 34)",26.837722339831622,True,17.162277660168378,1.0
17,Greedy,V1,"(85, 63)",60.0,True,11.0,1.0
17,Greedy,V2,"(60, 57)",70.89791709201036,True,12.102082907989637,1.0
17,Greedy,V3,"(90, 4)",46.42896336152681,True,18.57103663847319,1.0
17,Greedy,V4,"(78, 27)",22.543978022143897,True,14.456021977856103,1.0
17,Greedy,V5,"(70, 44)",60.59168108424154,True,0.4083189157584606,1.0
17,Greedy,V6,"(44, 38)",47.06151323989015,True,6.938486760109853,1.0
17,Greedy,V7,"(5, 21)",31.5,True,12.5,1.0
17,Greedy,V8,"(72, 28)",63.732779073125684,True,17.267220926874316,1.0
17,Greedy,V9,"(91, 0)",65.5660188679434,True,12.433981132056605,1.0
17,Greedy,V10,"(91, 29)",28.290175065356443,True,14.709824934643557,1.0
17,Auction,V1,"(85, 72)",60.0,True,11.0,1.0
17,Auction,V2,"(78, 53)",82.69511388567678,True,0.3048861143232209,1.0
17,Auction,V3,"(50, 9)",48.281451876417876,True,16.718548123582124,1.0
17,Auction,V4,"(76, 34)",22.543978022143897,True,14.456021977856103,1.0
17,Auction,V5,"(95, 78)",45.55962086159632,True,15.440379138403678,1.0
17,Auction,V6,"(38, 50)",45.32294901687516,True,8.677050983124843,1.0
17,Auction,V7,"(33, 0)",31.5,True,12.5,1.0
17,Auction,V8,"(8, 69)",60.99835533434013,True,20.001644665659867,1.0
17,Auction,V9,"(99, 87)",57.52659163185385,True,20.473408368146153,1.0
17,Auction,V10,"(95, 47)",36.31218221708285,True,6.687817782917154,1.0
17,Q-Learning,V1,"(95, 78)",57.990747874226685,True,13.009252125773315,1.0
17,Q-Learning,V2,"(8, 69)",75.32916796793683,True,7.670832032063167,1.0
17,Q-Learning,V3,"(50, 9)",48.281451876417876,True,16.718548123582124,1.0
17,Q-Learning,V4,"(85, 72)",19.89176197061144,True,17.10823802938856,1.0
17,Q-Learning,V5,"(78, 53)",60.59168108424154,True,0.4083189157584606,1.0
17,Q-Learning,V6,"(2, 66)",37.690285267938016,True,16.309714732061984,1.0
17,Q-Learning,V7,"(33, 0)",31.5,True,12.5,1.0
17,Q-Learning,V8,"(95, 47)",70.54178305491185,True,10.45821694508815,1.0
17,Q-Learning,V9,"(38, 50)",56.4274230144425,True,21.572576985557497,1.0
17,Q-Learning,V10,"(76, 34)",26.837722339831622,True,16.162277660168378,1.0
18,Greedy,V1,"(85, 63)",60.0,True,10.0,1.0
18,Greedy,V2,"(60, 57)",70.89791709201036,True,11.102082907989637,1.0
18,Greedy,V3,"(90, 4)",46.42896336152681,True,17.57103663847319,1.0
18,Greedy,V4,"(78, 27)",22.543978022143897,True,13.456021977856103,1.0
18,Greedy,V5,"(70, 44)",30.50361978245943,True,30.088061301782112,1.0
18,Greedy,V6,"(44, 38)",47.06151323989015,True,5.938486760109853,1.0
18,Greedy,V7,"(5, 21)",31.5,True,11.5,1.0
18,Greedy,V8,"(72, 28)",63.732779073125684,True,16.267220926874316,1.0
18,Greedy,V9,"(91, 0)",65.5660188679434,True,11.433981132056605,1.0
18,Greedy,V10,"(91, 29)",28.290175065356443,True,13.709824934643557,1.0
18,Auction,V1,"(85, 72)",60.0,True,10.0,1.0
18,Auction,V2,"(88, 54)",58.43887943303666,True,24.25623445264011,1.0
18,Auction,V3,"(50, 9)",48.281451876417876,True,15.718548123582124,1.0
18,Auction,V4,"(76, 34)",22.543978022143897,True,13.456021977856103,1.0
18,Auction,V5,"(95, 78)",45.55962086159632,True,14.440379138403678,1.0
18,Auction,V6,"(38, 50)",45.32294901687516,True,7.677050983124843,1.0
18,Auction,V7,"(33, 0)",31.5,True,11.5,1.0
18,Auction,V8,"(8, 69)",60.99835533434013,True,19.001644665659867,1.0
18,Auction,V9,"(99, 87)",57.52659163185385,True,19.473408368146153,1.0
18,Auction,V10,"(95, 47)",36.31218221708285,True,5.687817782917154,1.0
18,Q-Learning,V1,"(95, 78)",57.990747874226685,True,12.009252125773315,1.0
18,Q-Learning,V2,"(8, 69)",75.32916796793683,True,6.670832032063167,1.0
18,Q-Learning,V3,"(50, 9)",48.281451876417876,True,15.718548123582124,1.0
18,Q-Learning,V4,"(85, 72)",19.89176197061144,True,16.10823802938856,1.0
18,Q-Learning,V5,"(99, 87)",33.59918460316631,True,26.992496481075236,1.0
18,Q-Learning,V6,"(2, 66)",37.690285267938016,True,15.309714732061984,1.0
18,Q-Learning,V7,"(33, 0)",31.5,True,11.5,1.0
18,Q-Learning,V8,"(95, 47)",70.54178305491185,True,9.45821694508815,1.0
18,Q-Learning,V9,"(38, 50)",56.4274230144425,True,20.572576985557497,1.0
18,Q-Learning,V10,"(76, 34)",26.837722339831622,True,15.162277660168378,1.0
19,Greedy,V1,"(85, 63)",60.0,True,9.0,1.0
19,Greedy,V2,"(60, 57)",70.89791709201036,True,10.102082907989637,1.0
19,Greedy,V3,"(90, 4)",46.42896336152681,True,16.57103663847319,1.0
19,Greedy,V4,"(78, 27)",22.543978022143897,True,12.456021977856103,1.0
19,Greedy,V5,"(70, 44)",30.50361978245943,True,29.088061301782112,1.0
19,Greedy,V6,"(44, 38)",47.06151323989015,True,4.938486760109853,1.0
19,Greedy,V7,"(5, 21)",31.5,True,10.5,1.0
19,Greedy,V8,"(72, 28)",63.732779073125684,True,15.267220926874316,1.0
19,Greedy,V9,"(91, 0)",65.5660188679434,True,10.433981132056605,1.0
19,Greedy,V10,"(91, 29)",28.290175065356443,True,12.709824934643557,1.0
19,Auction,V1,"(85, 72)",60.0,True,9.0,1.0
19,Auction,V2,"(88, 54)",58.43887943303666,True,23.25623445264011,1.0
19,Auction,V3,"(50, 9)",48.281451876417876,True,14.718548123582124,1.0
19,Auction,V4,"(76, 34)",22.543978022143897,True,12.456021977856103,1.0
19,Auction,V5,"(95, 78)",45.55962086159632,True,13.440379138403678,1.0
19,Auction,V6,"(38, 50)",45.32294901687516,True,6.677050983124843,1.0
19,Auction,V7,"(33, 0)",31.5,True,10.5,1.0
19,Auction,V8,"(8, 69)",60.99835533434013,True,18.001644665659867,1.0
19,Auction,V9,"(99, 87)",57.52659163185385,True,18.473408368146153,1.0
19,Auction,V10,"(95, 47)",36.31218221708285,True,4.687817782917154,1.0
19,Q-Learning,V1,"(95, 78)",57.990747874226685,True,11.009252125773315,1.0
19,Q-Learning,V2,"(8, 69)",75.32916796793683,True,5.670832032063167,1.0
19,Q-Learning,V3,"(50, 9)",48.281451876417876,True,14.718548123582124,1.0
19,Q-Learning,V4,"(85, 72)",19.89176197061144,True,15.10823802938856,1.0
19,Q-Learning,V5,"(99, 87)",33.59918460316631,True,25.992496481075236,1.0
19,Q-Learning,V6,"(2, 66)",37.690285267938016,True,14.309714732061984,1.0
19,Q-Learning,V7,"(33, 0)",31.5,True,10.5,1.0
19,Q-Learning,V8,"(95, 47)",70.54178305491185,True,8.45821694508815,1.0
19,Q-Learning,V9,"(38, 50)",56.4274230144425,True,19.572576985557497,1.0
19,Q-Learning,V10,"(76, 34)",26.837722339831622,True,14.162277660168378,1.0
20,Greedy,V1,"(85, 63)",60.0,True,8.0,1.0
20,Greedy,V2,"(60, 57)",70.89791709201036,True,9.102082907989637,1.0
20,Greedy,V3,"(90, 4)",46.42896336152681,True,15.571036638473188,1.0
20,Greedy,V4,"(78, 27)",22.543978022143897,True,11.456021977856103,1.0
20,Greedy,V5,"(70, 44)",30.50361978245943,True,28.088061301782112,1.0
20,Greedy,V6,"(44, 38)",47.06151323989015,True,3.9384867601098534,1.0
20,Greedy,V7,"(5, 21)",31.5,True,9.5,1.0
20,Greedy,V8,"(72, 28)",63.732779073125684,True,14.267220926874316,1.0
20,Greedy,V9,"(91, 0)",65.5660188679434,True,9.433981132056605,1.0
20,Greedy,V10,"(91, 29)",28.290175065356443,True,11.709824934643557,1.0
20,Auction,V1,"(85, 72)",60.0,True,8.0,1.0
20,Auction,V2,"(88, 54)",58.43887943303666,True,22.25623445264011,1.0
20,Auction,V3,"(50, 9)",48.281451876417876,True,13.718548123582124,1.0
20,Auction,V4,"(76, 34)",22.543978022143897,True,11.456021977856103,1.0
20,Auction,V5,"(95, 78)",45.55962086159632,True,12.440379138403678,1.0
20,Auction,V6,"(38, 50)",45.32294901687516,True,5.677050983124843,1.0
20,Auction,V7,"(33, 0)",31.5,True,9.5,1.0
20,Auction,V8,"(8, 69)",60.99835533434013,True,17.001644665659867,1.0
20,Auction,V9,"(99, 87)",57.52659163185385,True,17.473408368146153,1.0
20,Auction,V10,"(95, 47)",36.31218221708285,True,3.687817782917154,1.0
20,Q-Learning,V1,"(95, 78)",57.990747874226685,True,10.009252125773315,1.0
20,Q-Learning,V2,"(8, 69)",75.32916796793683,True,4.670832032063167,1.0
20,Q-Learning,V3,"(50, 9)",48.281451876417876,True,13.718548123582124,1.0
20,Q-Learning,V4,"(85, 72)",19.89176197061144,True,14.10823802938856,1.0
20,Q-Learning,V5,"(99, 87)",33.59918460316631,True,24.992496481075236,1.0
20,Q-Learning,V6,"(2, 66)",37.690285267938016,True,13.309714732061984,1.0
20,Q-Learning,V7,"(33, 0)",31.5,True,9.5,1.0
20,Q-Learning,V8,"(95, 47)",70.54178305491185,True,7.45821694508815,1.0
20,Q-Learning,V9,"(38, 50)",56.4274230144425,True,18.572576985557497,1.0
20,Q-Learning,V10,"(76, 34)",26.837722339831622,True,13.162277660168378,1.0
21,Greedy,V1,"(85, 63)",60.0,True,7.0,1.0
21,Greedy,V2,"(60, 57)",70.89791709201036,True,8.102082907989637,1.0
21,Greedy,V3,"(90, 4)",46.42896336152681,True,14.571036638473188,1.0
21,Greedy,V4,"(78, 27)",22.543978022143897,True,10.456021977856103,1.0
21,Greedy,V5,"(70, 44)",30.50361978245943,True,27.088061301782112,1.0
21,Greedy,V6,"(44, 38)",47.06151323989015,True,2.9384867601098534,1.0
21,Greedy,V7,"(5, 21)",31.5,True,8.5,1.0
21,Greedy,V8,"(72, 28)",63.732779073125684,True,13.267220926874316,1.0
21,Greedy,V9,"(91, 0)",65.5660188679434,True,8.433981132056605,1.0
21,Greedy,V10,"(91, 29)",28.290175065356443,True,10.709824934643557,1.0
21,Auction,V1,"(85, 72)",60.0,True,7.0,1.0
21,Auction,V2,"(88, 54)",58.43887943303666,True,21.25623445264011,1.0
21,Auction,V3,"(50, 9)",48.281451876417876,True,12.718548123582124,1.0
21,Auction,V4,"(76, 34)",22.543978022143897,True,10.456021977856103,1.0
21,Auction,V5,"(95, 78)",45.55962086159632,True,11.440379138403678,1.0
21,Auction,V6,"(38, 50)",45.32294901687516,True,4.677050983124843,1.0
21,Auction,V7,"(33, 0)",31.5,True,8.5,1.0
21,Auction,V8,"(8, 69)",60.99835533434013,True,16.001644665659867,1.0
21,Auction,V9,"(99, 87)",57.52659163185385,True,16.473408368146153,1.0
21,Auction,V10,"(95, 47)",36.31218221708285,True,2.687817782917154,1.0
21,Q-Learning,V1,"(95, 78)",57.990747874226685,True,9.009252125773315,1.0
21,Q-Learning,V2,"(8, 69)",75.32916796793683,True,3.670832032063167,1.0
21,Q-Learning,V3,"(50, 9)",48.281451876417876,True,12.718548123582124,1.0
21,Q-Learning,V4,"(85, 72)",19.89176197061144,True,13.10823802938856,1.0
21,Q-Learning,V5,"(99, 87)",33.59918460316631,True,23.992496481075236,1.0
21,Q-Learning,V6,"(2, 66)",37.690285267938016,True,12.309714732061984,1.0
21,Q-Learning,V7,"(33, 0)",31.5,True,8.5,1.0
21,Q-Learning,V8,"(95, 47)",70.54178305491185,True,6.45821694508815,1.0
21,Q-Learning,V9,"(38, 50)",56.4274230144425,True,17.572576985557497,1.0
21,Q-Learning,V10,"(76, 34)",26.837722339831622,True,12.162277660168378,1.0
22,Greedy,V1,"(85, 63)",60.0,True,6.0,1.0
22,Greedy,V2,"(60, 57)",70.89791709201036,True,7.102082907989637,1.0
22,Greedy,V3,"(90, 4)",46.42896336152681,True,13.571036638473188,1.0
22,Greedy,V4,"(78, 27)",22.543978022143897,True,9.456021977856103,1.0
22,Greedy,V5,"(70, 44)",30.50361978245943,True,26.088061301782112,1.0
22,Greedy,V6,"(44, 38)",47.06151323989015,True,1.9384867601098534,1.0
22,Greedy,V7,"(5, 21)",31.5,True,7.5,1.0
22,Greedy,V8,"(72, 28)",63.732779073125684,True,12.267220926874316,1.0
22,Greedy,V9,"(91, 0)",65.5660188679434,True,7.433981132056605,1.0
22,Greedy,V10,"(91, 29)",28.290175065356443,True,9.709824934643557,1.0
22,Auction,V1,"(85, 72)",60.0,True,6.0,1.0
22,Auction,V2,"(88, 54)",58.43887943303666,True,20.25623445264011,1.0
22,Auction,V3,"(50, 9)",48.281451876417876,True,11.718548123582124,1.0
22,Auction,V4,"(76, 34)",22.543978022143897,True,9.456021977856103,1.0
22,Auction,V5,"(95, 78)",45.55962086159632,True,10.440379138403678,1.0
22,Auction,V6,"(38, 50)",45.32294901687516,True,3.6770509831248432,1.0
22,Auction,V7,"(33, 0)",31.5,True,7.5,1.0
22,Auction,V8,"(8, 69)",60.99835533434013,True,15.001644665659867,1.0
22,Auction,V9,"(99, 87)",57.52659163185385,True,15.473408368146153,1.0
22,Auction,V10,"(95, 47)",36.31218221708285,True,1.6878177829171541,1.0
22,Q-Learning,V1,"(95, 78)",57.990747874226685,True,8.009252125773315,1.0
22,Q-Learning,V2,"(8, 69)",75.32916796793683,True,2.670832032063167,1.0
22,Q-Learning,V3,"(50, 9)",48.281451876417876,True,11.718548123582124,1.0
22,Q-Learning,V4,"(85, 72)",19.89176197061144,True,12.10823802938856,1.0
22,Q-Learning,V5,"(99, 87)",33.59918460316631,True,22.992496481075236,1.0
22,Q-Learning,V6,"(2, 66)",37.690285267938016,True,11.309714732061984,1.0
22,Q-Learning,V7,"(33, 0)",31.5,True,7.5,1.0
22,Q-Learning,V8,"(95, 47)",70.54178305491185,True,5.45821694508815,1.0
22,Q-Learning,V9,"(38, 50)",56.4274230144425,True,16.572576985557497,1.0
22,Q-Learning,V10,"(76, 34)",26.837722339831622,True,11.162277660168378,1.0
23,Greedy,V1,"(85, 63)",60.0,True,5.0,1.0
23,Greedy,V2,"(60, 57)",70.89791709201036,True,6.102082907989637,1.0
23,Greedy,V3,"(90, 4)",46.42896336152681,True,12.571036638473188,1.0
23,Greedy,V4,"(78, 27)",22.543978022143897,True,8.456021977856103,1.0
23,Greedy,V5,"(70, 44)",30.50361978245943,True,25.088061301782112,1.0
23,Greedy,V6,"(44, 38)",47.06151323989015,True,0.9384867601098534,1.0
23,Greedy,V7,"(5, 21)",31.5,True,6.5,1.0
23,Greedy,V8,"(72, 28)",63.732779073125684,True,11.267220926874316,1.0
23,Greedy,V9,"(91, 0)",65.5660188679434,True,6.433981132056605,1.0
23,Greedy,V10,"(91, 29)",28.290175065356443,True,8.709824934643557,1.0
23,Auction,V1,"(85, 72)",60.0,True,5.0,1.0
23,Auction,V2,"(88, 54)",58.43887943303666,True,19.25623445264011,1.0
23,Auction,V3,"(50, 9)",48.281451876417876,True,10.718548123582124,1.0
23,Auction,V4,"(76, 34)",22.543978022143897,True,8.456021977856103,1.0
23,Auction,V5,"(95, 78)",45.55962086159632,True,9.440379138403678,1.0
23,Auction,V6,"(38, 50)",45.32294901687516,True,2.6770509831248432,1.0
23,Auction,V7,"(33, 0)",31.5,True,6.5,1.0
23,Auction,V8,"(8, 69)",60.99835533434013,True,14.001644665659867,1.0
23,Auction,V9,"(99, 87)",57.52659163185385,True,14.473408368146153,1.0
23,Auction,V10,"(95, 47)",36.31218221708285,True,0.6878177829171541,1.0
23,Q-Learning,V1,"(95, 78)",57.990747874226685,True,7.009252125773315,1.0
23,Q-Learning,V2,"(8, 69)",75.32916796793683,True,1.670832032063167,1.0
23,Q-Learning,V3,"(50, 9)",48.281451876417876,True,10.718548123582124,1.0
23,Q-Learning,V4,"(85, 72)",19.89176197061144,True,11.10823802938856,1.0
23,Q-Learning,V5,"(99, 87)",33.59918460316631,True,21.992496481075236,1.0
23,Q-Learning,V6,"(2, 66)",37.690285267938016,True,10.309714732061984,1.0
23,Q-Learning,V7,"(33, 0)",31.5,True,6.5,1.0
23,Q-Learning,V8,"(95, 47)",70.54178305491185,True,4.45821694508815,1.0
23,Q-Learning,V9,"(38, 50)",56.4274230144425,True,15.572576985557497,1.0
23,Q-Learning,V10,"(76, 34)",26.837722339831622,True,10.162277660168378,1.0
24,Greedy,V1,"(85, 63)",60.0,True,4.0,1.0
24,Greedy,V2,"(60, 57)",70.89791709201036,True,5.102082907989637,1.0
24,Greedy,V3,"(90, 4)",46.42896336152681,True,11.571036638473188,1.0
24,Greedy,V4,"(78, 27)",22.543978022143897,True,7.456021977856103,1.0
24,Greedy,V5,"(70, 44)",30.50361978245943,True,24.088061301782112,1.0
24,Greedy,V6,"(44, 38)",25.42708598503235,True,21.634427254857798,1.0
24,Greedy,V7,"(5, 21)",31.5,True,5.5,1.0
24,Greedy,V8,"(72, 28)",63.732779073125684,True,10.267220926874316,1.0
24,Greedy,V9,"(91, 0)",65.5660188679434,True,5.433981132056605,1.0
24,Greedy,V10,"(91, 29)",28.290175065356443,True,7.709824934643557,1.0
24,Auction,V1,"(85, 72)",60.0,True,4.0,1.0
24,Auction,V2,"(88, 54)",58.43887943303666,True,18.25623445264011,1.0
24,Auction,V3,"(50, 9)",48.281451876417876,True,9.718548123582124,1.0
24,Auction,V4,"(76, 34)",22.543978022143897,True,7.456021977856103,1.0
24,Auction,V5,"(95, 78)",45.55962086159632,True,8.440379138403678,1.0
24,Auction,V6,"(38, 50)",45.32294901687516,True,1.6770509831248432,1.0
24,Auction,V7,"(33, 0)",31.5,True,5.5,1.0
24,Auction,V8,"(8, 69)",60.99835533434013,True,13.001644665659867,1.0
24,Auction,V9,"(99, 87)",57.52659163185385,True,13.473408368146153,1.0
24,Auction,V10,"(67, 34)",2.1380426009096,True,34.17413961617325,1.0
24,Q-Learning,V1,"(95, 78)",57.990747874226685,True,6.009252125773315,1.0
24,Q-Learning,V2,"(8, 69)",75.32916796793683,True,0.6708320320631671,1.0
24,Q-Learning,V3,"(50, 9)",48.281451876417876,True,9.718548123582124,1.0
24,Q-Learning,V4,"(85, 72)",19.89176197061144,True,10.10823802938856,1.0
24,Q-Learning,V5,"(99, 87)",33.59918460316631,True,20.992496481075236,1.0
24,Q-Learning,V6,"(2, 66)",37.690285267938016,True,9.309714732061984,1.0
24,Q-Learning,V7,"(33, 0)",31.5,True,5.5,1.0
24,Q-Learning,V8,"(95, 47)",70.54178305491185,True,3.45821694508815,1.0
24,Q-Learning,V9,"(38, 50)",56.4274230144425,True,14.572576985557497,1.0
24,Q-Learning,V10,"(76, 34)",26.837722339831622,True,9.162277660168378,1.0
25,Greedy,V1,"(85, 63)",60.0,True,3.0,1.0
25,Greedy,V2,"(60, 57)",70.89791709201036,True,4.102082907989637,1.0
25,Greedy,V3,"(90, 4)",46.42896336152681,True,10.571036638473188,1.0
25,Greedy,V4,"(78, 27)",22.543978022143897,True,6.456021977856103,1.0
25,Greedy,V5,"(70, 44)",30.50361978245943,True,23.088061301782112,1.0
25,Greedy,V6,"(44, 38)",25.42708598503235,True,20.634427254857798,1.0
25,Greedy,V7,"(5, 21)",31.5,True,4.5,1.0
25,Greedy,V8,"(72, 28)",63.732779073125684,True,9.267220926874316,1.0
25,Greedy,V9,"(91, 0)",65.5660188679434,True,4.433981132056605,1.0
25,Greedy,V10,"(91, 29)",28.290175065356443,True,6.709824934643557,1.0
25,Auction,V1,"(85, 72)",60.0,True,3.0,1.0
25,Auction,V2,"(88, 54)",58.43887943303666,True,17.25623445264011,1.0
25,Auction,V3,"(50, 9)",48.281451876417876,True,8.718548123582124,1.0
25,Auction,V4,"(76, 34)",22.543978022143897,True,6.456021977856103,1.0
25,Auction,V5,"(95, 78)",45.55962086159632,True,7.440379138403678,1.0
25,Auction,V6,"(38, 50)",45.32294901687516,True,0.6770509831248432,1.0
25,Auction,V7,"(33, 0)",31.5,True,4.5,1.0
25,Auction,V8,"(8, 69)",60.99835533434013,True,12.001644665659867,1.0
25,Auction,V9,"(99, 87)",57.52659163185385,True,12.473408368146153,1.0
25,Auction,V10,"(67, 34)",2.1380426009096,True,33.17413961617325,1.0
25,Q-Learning,V1,"(95, 78)",57.990747874226685,True,5.009252125773315,1.0
25,Q-Learning,V2,"(44, 86)",40.35266065858823,True,34.9765073093486,1.0
25,Q-Learning,V3,"(50, 9)",48.281451876417876,True,8.718548123582124,1.0
25,Q-Learning,V4,"(85, 72)",19.89176197061144,True,9.10823802938856,1.0
25,Q-Learning,V5,"(99, 87)",33.59918460316631,True,19.992496481075236,1.0
25,Q-Learning,V6,"(2, 66)",37.690285267938016,True,8.309714732061984,1.0
25,Q-Learning,V7,"(33, 0)",31.5,True,4.5,1.0
25,Q-Learning,V8,"(95, 47)",70.54178305491185,True,2.45821694508815,1.0
25,Q-Learning,V9,"(38, 50)",56.4274230144425,True,13.572576985557497,1.0
25,Q-Learning,V10,"(76, 34)",26.837722339831622,True,8.162277660168378,1.0
26,Greedy,V1,"(85, 63)",60.0,True,2.0,1.0
26,Greedy,V2,"(60, 57)",70.89791709201036,True,3.1020829079896366,1.0
26,Greedy,V3,"(90, 4)",46.42896336152681,True,9.571036638473188,1.0
26,Greedy,V4,"(78, 27)",22.543978022143897,True,5.456021977856103,1.0
26,Greedy,V5,"(70, 44)",30.50361978245943,True,22.088061301782112,1.0
26,Greedy,V6,"(44, 38)",25.42708598503235,True,19.634427254857798,1.0
26,Greedy,V7,"(5, 21)",31.5,True,3.5,1.0
26,Greedy,V8,"(72, 28)",63.732779073125684,True,8.267220926874316,1.0
26,Greedy,V9,"(91, 0)",65.5660188679434,True,3.433981132056605,1.0
26,Greedy,V10,"(91, 29)",28.290175065356443,True,5.709824934643557,1.0
26,Auction,V1,"(85, 72)",60.0,True,2.0,1.0
26,Auction,V2,"(88, 54)",58.43887943303666,True,16.25623445264011,1.0
26,Auction,V3,"(50, 9)",48.281451876417876,True,7.718548123582124,1.0
26,Auction,V4,"(76, 34)",22.543978022143897,True,5.456021977856103,1.0
26,Auction,V5,"(95, 78)",45.55962086159632,True,6.440379138403678,1.0
26,Auction,V6,"(49, 77)",30.678604082596845,True,14.644344934278312,1.0
26,Auction,V7,"(33, 0)",31.5,True,3.5,1.0
26,Auction,V8,"(8, 69)",60.99835533434013,True,11.001644665659867,1.0
26,Auction,V9,"(99, 87)",57.52659163185385,True,11.473408368146153,1.0
26,Auction,V10,"(67, 34)",2.1380426009096,True,32.17413961617325,1.0
26,Q-Learning,V1,"(95, 78)",57.990747874226685,True,4.009252125773315,1.0
26,Q-Learning,V2,"(44, 86)",40.35266065858823,True,33.9765073093486,1.0
26,Q-Learning,V3,"(50, 9)",48.281451876417876,True,7.718548123582124,1.0
26,Q-Learning,V4,"(85, 72)",19.89176197061144,True,8.10823802938856,1.0
26,Q-Learning,V5,"(99, 87)",33.59918460316631,True,18.992496481075236,1.0
26,Q-Learning,V6,"(2, 66)",37.690285267938016,True,7.309714732061984,1.0
26,Q-Learning,V7,"(33, 0)",31.5,True,3.5,1.0
26,Q-Learning,V8,"(95, 47)",70.54178305491185,True,1.4582169450881501,1.0
26,Q-Learning,V9,"(38, 50)",56.4274230144425,True,12.572576985557497,1.0
26,Q-Learning,V10,"(76, 34)",26.837722339831622,True,7.162277660168378,1.0
27,Greedy,V1,"(85, 63)",60.0,True,1.0,1.0
27,Greedy,V2,"(60, 57)",70.89791709201036,True,2.1020829079896366,1.0
27,Greedy,V3,"(90, 4)",46.42896336152681,True,8.571036638473188,1.0
27,Greedy,V4,"(78, 27)",22.543978022143897,True,4.456021977856103,1.0
27,Greedy,V5,"(70, 44)",30.50361978245943,True,21.088061301782112,1.0
27,Greedy,V6,"(44, 38)",25.42708598503235,True,18.634427254857798,1.0
27,Greedy,V7,"(5, 21)",31.5,True,2.5,1.0
27,Greedy,V8,"(72, 28)",63.732779073125684,True,7.267220926874316,1.0
27,Greedy,V9,"(91, 0)",65.5660188679434,True,2.433981132056605,1.0
27,Greedy,V10,"(91, 29)",28.290175065356443,True,4.709824934643557,1.0
27,Auction,V1,"(85, 72)",60.0,True,1.0,1.0
27,Auction,V2,"(88, 54)",58.43887943303666,True,15.256234452640111,1.0
27,Auction,V3,"(50, 9)",48.281451876417876,True,6.718548123582124,1.0
27,Auction,V4,"(76, 34)",22.543978022143897,True,4.456021977856103,1.0
27,Auction,V5,"(95, 78)",45.55962086159632,True,5.440379138403678,1.0
27,Auction,V6,"(49, 77)",30.678604082596845,True,13.644344934278312,1.0
27,Auction,V7,"(33, 0)",31.5,True,2.5,1.0
27,Auction,V8,"(8, 69)",60.99835533434013,True,10.001644665659867,1.0
27,Auction,V9,"(99, 87)",57.52659163185385,True,10.473408368146153,1.0
27,Auction,V10,"(67, 34)",2.1380426009096,True,31.17413961617325,1.0
27,Q-Learning,V1,"(95, 78)",57.990747874226685,True,3.0092521257733154,1.0
27,Q-Learning,V2,"(44, 86)",40.35266065858823,True,32.9765073093486,1.0
27,Q-Learning,V3,"(50, 9)",48.281451876417876,True,6.718548123582124,1.0
27,Q-Learning,V4,"(85, 72)",19.89176197061144,True,7.108238029388559,1.0
27,Q-Learning,V5,"(99, 87)",33.59918460316631,True,17.992496481075236,1.0
27,Q-Learning,V6,"(2, 66)",37.690285267938016,True,6.309714732061984,1.0
27,Q-Learning,V7,"(33, 0)",31.5,True,2.5,1.0
27,Q-Learning,V8,"(95, 47)",70.54178305491185,True,0.45821694508815014,1.0
27,Q-Learning,V9,"(38, 50)",56.4274230144425,True,11.572576985557497,1.0
27,Q-Learning,V10,"(76, 34)",26.837722339831622,True,6.162277660168378,1.0
28,Greedy,V1,"(85, 63)",36.12452805611469,True,23.87547194388531,1.0
28,Greedy,V2,"(60, 57)",70.89791709201036,True,1.1020829079896366,1.0
28,Greedy,V3,"(90, 4)",46.42896336152681,True,7.571036638473188,1.0
28,Greedy,V4,"(78, 27)",22.543978022143897,True,3.4560219778561034,1.0
28,Greedy,V5,"(70, 44)",30.50361978245943,True,20.088061301782112,1.0
28,Greedy,V6,"(44, 38)",25.42708598503235,True,17.634427254857798,1.0
28,Greedy,V7,"(5, 21)",31.5,True,1.5,1.0
28,Greedy,V8,"(72, 28)",63.732779073125684,True,6.267220926874316,1.0
28,Greedy,V9,"(91, 0)",65.5660188679434,True,1.433981132056605,1.0
28,Greedy,V10,"(91, 29)",28.290175065356443,True,3.7098249346435566,1.0
28,Auction,V1,"(80, 77)",42.64297739604484,True,17.35702260395516,1.0
28,Auction,V2,"(88, 54)",58.43887943303666,True,14.256234452640111,1.0
28,Auction,V3,"(50, 9)",48.281451876417876,True,5.718548123582124,1.0
28,Auction,V4,"(76, 34)",22.543978022143897,True,3.4560219778561034,1.0
28,Auction,V5,"(95, 78)",45.55962086159632,True,4.440379138403678,1.0
28,Auction,V6,"(49, 77)",30.678604082596845,True,12.644344934278312,1.0
28,Auction,V7,"(33, 0)",31.5,True,1.5,1.0
28,Auction,V8,"(8, 69)",60.99835533434013,True,9.001644665659867,1.0
28,Auction,V9,"(99, 87)",57.52659163185385,True,9.473408368146153,1.0
28,Auction,V10,"(67, 34)",2.1380426009096,True,30.17413961617325,1.0
28,Q-Learning,V1,"(95, 78)",57.990747874226685,True,2.0092521257733154,1.0
28,Q-Learning,V2,"(44, 86)",40.35266065858823,True,31.976507309348598,1.0
28,Q-Learning,V3,"(50, 9)",48.281451876417876,True,5.718548123582124,1.0
28,Q-Learning,V4,"(85, 72)",19.89176197061144,True,6.108238029388559,1.0
28,Q-Learning,V5,"(99, 87)",33.59918460316631,True,16.992496481075236,1.0
28,Q-Learning,V6,"(2, 66)",37.690285267938016,True,5.309714732061984,1.0
28,Q-Learning,V7,"(33, 0)",31.5,True,1.5,1.0
28,Q-Learning,V8,"(88, 54)",45.06690932075893,True,25.474873734152915,1.0
28,Q-Learning,V9,"(38, 50)",56.4274230144425,True,10.572576985557497,1.0
28,Q-Learning,V10,"(76, 34)",26.837722339831622,True,5.162277660168378,1.0
29,Greedy,V1,"(85, 63)",36.12452805611469,True,22.87547194388531,1.0
29,Greedy,V2,"(60, 57)",70.89791709201036,True,0.1020829079896366,1.0
29,Greedy,V3,"(90, 4)",46.42896336152681,True,6.571036638473188,1.0
29,Greedy,V4,"(78, 27)",22.543978022143897,True,2.4560219778561034,1.0
29,Greedy,V5,"(70, 44)",30.50361978245943,True,19.088061301782112,1.0
29,Greedy,V6,"(44, 38)",25.42708598503235,True,16.634427254857798,1.0
29,Greedy,V7,"(5, 21)",31.5,True,0.5,1.0
29,Greedy,V8,"(72, 28)",63.732779073125684,True,5.267220926874316,1.0
29,Greedy,V9,"(91, 0)",65.5660188679434,True,0.43398113205660493,1.0
29,Greedy,V10,"(91, 29)",28.290175065356443,True,2.7098249346435566,1.0
29,Auction,V1,"(80, 77)",42.64297739604484,True,16.35702260395516,1.0
29,Auction,V2,"(88, 54)",58.43887943303666,True,13.256234452640111,1.0
29,Auction,V3,"(50, 9)",48.281451876417876,True,4.718548123582124,1.0
29,Auction,V4,"(76, 34)",22.543978022143897,True,2.4560219778561034,1.0
29,Auction,V5,"(95, 78)",45.55962086159632,True,3.440379138403678,1.0
29,Auction,V6,"(49, 77)",30.678604082596845,True,11.644344934278312,1.0
29,Auction,V7,"(33, 0)",31.5,True,0.5,1.0
29,Auction,V8,"(8, 69)",60.99835533434013,True,8.001644665659867,1.0
29,Auction,V9,"(99, 87)",57.52659163185385,True,8.473408368146153,1.0
29,Auction,V10,"(67, 34)",2.1380426009096,True,29.17413961617325,1.0
29,Q-Learning,V1,"(95, 78)",57.990747874226685,True,1.0092521257733154,1.0
29,Q-Learning,V2,"(44, 86)",40.35266065858823,True,30.976507309348598,1.0
29,Q-Learning,V3,"(50, 9)",48.281451876417876,True,4.718548123582124,1.0
29,Q-Learning,V4,"(85, 72)",19.89176197061144,True,5.108238029388559,1.0
29,Q-Learning,V5,"(99, 87)",33.59918460316631,True,15.992496481075236,1.0
29,Q-Learning,V6,"(2, 66)",37.690285267938016,True,4.309714732061984,1.0
29,Q-Learning,V7,"(33, 0)",31.5,True,0.5,1.0
29,Q-Learning,V8,"(88, 54)",45.06690932075893,True,24.474873734152915,1.0
29,Q-Learning,V9,"(38, 50)",56.4274230144425,True,9.572576985557497,1.0
29,Q-Learning,V10,"(76, 34)",26.837722339831622,True,4.162277660168378,1.0
30,Greedy,V1,"(85, 63)",36.12452805611469,True,21.87547194388531,1.0
30,Greedy,V2,"(60, 57)",44.37788513192818,True,26.520031960082182,1.0
30,Greedy,V3,"(90, 4)",46.42896336152681,True,5.571036638473188,1.0
30,Greedy,V4,"(78, 27)",22.543978022143897,True,1.4560219778561034,1.0
30,Greedy,V5,"(70, 44)",30.50361978245943,True,18.088061301782112,1.0
30,Greedy,V6,"(44, 38)",25.42708598503235,True,15.634427254857798,1.0
30,Greedy,V7,"(5, 21)",0.9900110864881277,True,30.509988913511872,1.0
30,Greedy,V8,"(72, 28)",63.732779073125684,True,4.267220926874316,1.0
30,Greedy,V9,"(91, 0)",21.35753000145411,True,44.20848886648929,1.0
30,Greedy,V10,"(91, 29)",28.290175065356443,True,1.7098249346435566,1.0
30,Auction,V1,"(80, 77)",42.64297739604484,True,15.357022603955159,1.0
30,Auction,V2,"(88, 54)",58.43887943303666,True,12.256234452640111,1.0
30,Auction,V3,"(50, 9)",48.281451876417876,True,3.7185481235821243,1.0
30,Auction,V4,"(76, 34)",22.543978022143897,True,1.4560219778561034,1.0
30,Auction,V5,"(95, 78)",45.55962086159632,True,2.440379138403678,1.0
30,Auction,V6,"(49, 77)",30.678604082596845,True,10.644344934278312,1.0
30,Auction,V7,"(53, 9)",13.30682878005387,True,18.19317121994613,1.0
30,Auction,V8,"(8, 69)",60.99835533434013,True,7.001644665659867,1.0
30,Auction,V9,"(99, 87)",57.52659163185385,True,7.473408368146153,1.0
30,Auction,V10,"(67, 34)",2.1380426009096,True,28.17413961617325,1.0
30,Q-Learning,V1,"(95, 78)",57.990747874226685,True,0.009252125773315356,1.0
30,Q-Learning,V2,"(44, 86)",40.35266065858823,True,29.976507309348598,1.0
30,Q-Learning,V3,"(50, 9)",48.281451876417876,True,3.7185481235821243,1.0
30,Q-Learning,V4,"(85, 72)",19.89176197061144,True,4.108238029388559,1.0
30,Q-Learning,V5,"(99, 87)",33.59918460316631,True,14.992496481075236,1.0
30,Q-Learning,V6,"(2, 66)",37.690285267938016,True,3.309714732061984,1.0
30,Q-Learning,V7,"(49, 77)",12.635522903587294,True,18.864477096412706,1.0
30,Q-Learning,V8,"(88, 54)",45.06690932075893,True,23.474873734152915,1.0
30,Q-Learning,V9,"(38, 50)",56.4274230144425,True,8.572576985557497,1.0
30,Q-Learning,V10,"(76, 34)",26.837722339831622,True,3.162277660168378,1.0
31,Greedy,V1,"(85, 63)",36.12452805611469,True,20.87547194388531,1.0
31,Greedy,V2,"(60, 57)",44.37788513192818,True,25.520031960082182,1.0
31,Greedy,V3,"(90, 4)",46.42896336152681,True,4.571036638473188,1.0
31,Greedy,V4,"(78, 27)",22.543978022143897,True,0.45602197785610343,1.0
31,Greedy,V5,"(70, 44)",30.50361978245943,True,17.088061301782112,1.0
31,Greedy,V6,"(44, 38)",25.42708598503235,True,14.634427254857798,1.0
31,Greedy,V7,"(5, 21)",0.9900110864881277,True,29.509988913511872,1.0
31,Greedy,V8,"(72, 28)",63.732779073125684,True,3.267220926874316,1.0
31,Greedy,V9,"(91, 0)",21.35753000145411,True,43.20848886648929,1.0
31,Greedy,V10,"(91, 29)",28.290175065356443,True,0.7098249346435566,1.0
31,Auction,V1,"(80, 77)",42.64297739604484,True,14.357022603955159,1.0
31,Auction,V2,"(88, 54)",58.43887943303666,True,11.256234452640111,1.0
31,Auction,V3,"(50, 9)",48.281451876417876,True,2.7185481235821243,1.0
31,Auction,V4,"(76, 34)",22.543978022143897,True,0.45602197785610343,1.0
31,Auction,V5,"(95, 78)",45.55962086159632,True,1.440379138403678,1.0
31,Auction,V6,"(49, 77)",30.678604082596845,True,9.644344934278312,1.0
31,Auction,V7,"(53, 9)",13.30682878005387,True,17.19317121994613,1.0
31,Auction,V8,"(8, 69)",60.99835533434013,True,6.001644665659867,1.0
31,Auction,V9,"(99, 87)",57.52659163185385,True,6.473408368146153,1.0
31,Auction,V10,"(67, 34)",2.1380426009096,True,27.17413961617325,1.0
31,Q-Learning,V1,"(80, 77)",37.97964908143572,True,20.011098792790968,1.0
31,Q-Learning,V2,"(44, 86)",40.35266065858823,True,28.976507309348598,1.0
31,Q-Learning,V3,"(50, 9)",48.281451876417876,True,2.7185481235821243,1.0
31,Q-Learning,V4,"(85, 72)",19.89176197061144,True,3.108238029388559,1.0
31,Q-Learning,V5,"(99, 87)",33.59918460316631,True,13.992496481075236,1.0
31,Q-Learning,V6,"(2, 66)",37.690285267938016,True,2.309714732061984,1.0
31,Q-Learning,V7,"(49, 77)",12.635522903587294,True,17.864477096412706,1.0
31,Q-Learning,V8,"(88, 54)",45.06690932075893,True,22.474873734152915,1.0
31,Q-Learning,V9,"(38, 50)",56.4274230144425,True,7.572576985557497,1.0
31,Q-Learning,V10,"(76, 34)",26.837722339831622,True,2.162277660168378,1.0
32,Greedy,V1,"(85, 63)",36.12452805611469,True,19.87547194388531,1.0
32,Greedy,V2,"(60, 57)",44.37788513192818,True,24.520031960082182,1.0
32,Greedy,V3,"(90, 4)",46.42896336152681,True,3.5710366384731884,1.0
32,Greedy,V4,"(78, 27)",0.5276265390075672,True,22.01635148313633,1.0
32,Greedy,V5,"(70, 44)",30.50361978245943,True,16.088061301782112,1.0
32,Greedy,V6,"(44, 38)",25.42708598503235,True,13.634427254857798,1.0
32,Greedy,V7,"(5, 21)",0.9900110864881277,True,28.509988913511872,1.0
32,Greedy,V8,"(72, 28)",63.732779073125684,True,2.267220926874316,1.0
32,Greedy,V9,"(91, 0)",21.35753000145411,True,42.20848886648929,1.0
32,Greedy,V10,"(91, 29)",0.5931187905087292,True,27.697056274847714,1.0
32,Auction,V1,"(80, 77)",42.64297739604484,True,13.357022603955159,1.0
32,Auction,V2,"(88, 54)",58.43887943303666,True,10.256234452640111,1.0
32,Auction,V3,"(50, 9)",48.281451876417876,True,1.7185481235821243,1.0
32,Auction,V4,"(86, 30)",1.3899120992900933,True,21.154065922853803,1.0
32,Auction,V5,"(95, 78)",45.55962086159632,True,0.4403791384036779,1.0
32,Auction,V6,"(49, 77)",30.678604082596845,True,8.644344934278312,1.0
32,Auction,V7,"(53, 9)",13.30682878005387,True,16.19317121994613,1.0
32,Auction,V8,"(8, 69)",60.99835533434013,True,5.001644665659867,1.0
32,Auction,V9,"(99, 87)",57.52659163185385,True,5.473408368146153,1.0
32,Auction,V10,"(67, 34)",2.1380426009096,True,26.17413961617325,1.0
32,Q-Learning,V1,"(80, 77)",37.97964908143572,True,19.011098792790968,1.0
32,Q-Learning,V2,"(44, 86)",40.35266065858823,True,27.976507309348598,1.0
32,Q-Learning,V3,"(50, 9)",48.281451876417876,True,1.7185481235821243,1.0
32,Q-Learning,V4,"(85, 72)",19.89176197061144,True,2.108238029388559,1.0
32,Q-Learning,V5,"(99, 87)",33.59918460316631,True,12.992496481075236,1.0
32,Q-Learning,V6,"(2, 66)",37.690285267938016,True,1.309714732061984,1.0
32,Q-Learning,V7,"(49, 77)",12.635522903587294,True,16.864477096412706,1.0
32,Q-Learning,V8,"(88, 54)",45.06690932075893,True,21.474873734152915,1.0
32,Q-Learning,V9,"(38, 50)",56.4274230144425,True,6.572576985557497,1.0
32,Q-Learning,V10,"(76, 34)",26.837722339831622,True,1.1622776601683782,1.0
33,Greedy,V1,"(85, 63)",36.12452805611469,True,18.87547194388531,1.0
33,Greedy,V2,"(60, 57)",44.37788513192818,True,23.520031960082182,1.0
33,Greedy,V3,"(90, 4)",46.42896336152681,True,2.5710366384731884,1.0
33,Greedy,V4,"(78, 27)",0.5276265390075672,True,21.01635148313633,1.0
33,Greedy,V5,"(70, 44)",30.50361978245943,True,15.088061301782112,1.0
33,Greedy,V6,"(44, 38)",25.42708598503235,True,12.634427254857798,1.0
33,Greedy,V7,"(5, 21)",0.9900110864881277,True,27.509988913511872,1.0
33,Greedy,V8,"(72, 28)",63.732779073125684,True,1.267220926874316,1.0
33,Greedy,V9,"(91, 0)",21.35753000145411,True,41.20848886648929,1.0
33,Greedy,V10,"(91, 29)",0.5931187905087292,True,26.697056274847714,1.0
33,Auction,V1,"(80, 77)",42.64297739604484,True,12.357022603955159,1.0
33,Auction,V2,"(88, 54)",58.43887943303666,True,9.256234452640111,1.0
33,Auction,V3,"(50, 9)",48.281451876417876,True,0.7185481235821243,1.0
33,Auction,V4,"(86, 30)",1.3899120992900933,True,20.154065922853803,1.0
33,Auction,V5,"(91, 86)",27.77076647959649,True,17.788854381999833,1.0
33,Auction,V6,"(49, 77)",30.678604082596845,True,7.644344934278312,1.0
33,Auction,V7,"(53, 9)",13.30682878005387,True,15.19317121994613,1.0
33,Auction,V8,"(8, 69)",60.99835533434013,True,4.001644665659867,1.0
33,Auction,V9,"(99, 87)",57.52659163185385,True,4.473408368146153,1.0
33,Auction,V10,"(67, 34)",2.1380426009096,True,25.17413961617325,1.0
33,Q-Learning,V1,"(80, 77)",37.97964908143572,True,18.011098792790968,1.0
33,Q-Learning,V2,"(44, 86)",40.35266065858823,True,26.976507309348598,1.0
33,Q-Learning,V3,"(50, 9)",48.281451876417876,True,0.7185481235821243,1.0
33,Q-Learning,V4,"(85, 72)",19.89176197061144,True,1.1082380293885592,1.0
33,Q-Learning,V5,"(99, 87)",33.59918460316631,True,11.992496481075236,1.0
33,Q-Learning,V6,"(2, 66)",37.690285267938016,True,0.30971473206198397,1.0
33,Q-Learning,V7,"(49, 77)",12.635522903587294,True,15.864477096412706,1.0
33,Q-Learning,V8,"(88, 54)",45.06690932075893,True,20.474873734152915,1.0
33,Q-Learning,V9,"(38, 50)",56.4274230144425,True,5.572576985557497,1.0
33,Q-Learning,V10,"(76, 34)",26.837722339831622,True,0.1622776601683782,1.0
34,Greedy,V1,"(85, 63)",36.12452805611469,True,17.87547194388531,1.0
34,Greedy,V2,"(60, 57)",44.37788513192818,True,22.520031960082182,1.0
34,Greedy,V3,"(90, 4)",46.42896336152681,True,1.5710366384731884,1.0
34,Greedy,V4,"(78, 27)",0.5276265390075672,True,20.01635148313633,1.0
34,Greedy,V5,"(70, 44)",30.50361978245943,True,14.088061301782112,1.0
34,Greedy,V6,"(44, 38)",25.42708598503235,True,11.634427254857798,1.0
34,Greedy,V7,"(5, 21)",0.9900110864881277,True,26.509988913511872,1.0
34,Greedy,V8,"(72, 28)",63.732779073125684,True,0.267220926874316,1.0
34,Greedy,V9,"(91, 0)",21.35753000145411,True,40.20848886648929,1.0
34,Greedy,V10,"(91, 29)",0.5931187905087292,True,25.697056274847714,1.0
34,Auction,V1,"(80, 77)",42.64297739604484,True,11.357022603955159,1.0
34,Auction,V2,"(88, 54)",58.43887943303666,True,8.256234452640111,1.0
34,Auction,V3,"(23, 30)",31.580574750922185,True,16.70087712549569,1.0
34,Auction,V4,"(86, 30)",1.3899120992900933,True,19.154065922853803,1.0
34,Auction,V5,"(91, 86)",27.77076647959649,True,16.788854381999833,1.0
34,Auction,V6,"(49, 77)",30.678604082596845,True,6.644344934278312,1.0
34,Auction,V7,"(53, 9)",13.30682878005387,True,14.19317121994613,1.0
34,Auction,V8,"(8, 69)",60.99835533434013,True,3.0016446656598674,1.0
34,Auction,V9,"(99, 87)",57.52659163185385,True,3.4734083681461527,1.0
34,Auction,V10,"(67, 34)",2.1380426009096,True,24.17413961617325,1.0
34,Q-Learning,V1,"(80, 77)",37.97964908143572,True,17.011098792790968,1.0
34,Q-Learning,V2,"(44, 86)",40.35266065858823,True,25.976507309348598,1.0
34,Q-Learning,V3,"(67, 34)",15.242713057140882,True,33.03873881927699,1.0
34,Q-Learning,V4,"(85, 72)",19.89176197061144,True,0.1082380293885592,1.0
34,Q-Learning,V5,"(99, 87)",33.59918460316631,True,10.992496481075236,1.0
34,Q-Learning,V6,"(23, 30)",21.48061877189434,True,16.209666496043678,1.0
34,Q-Learning,V7,"(49, 77)",12.635522903587294,True,14.864477096412706,1.0
34,Q-Learning,V8,"(88, 54)",45.06690932075893,True,19.474873734152915,1.0
34,Q-Learning,V9,"(38, 50)",56.4274230144425,True,4.572576985557497,1.0
34,Q-Learning,V10,"(86, 30)",5.6836564169778185,True,21.154065922853803,1.0
35,Greedy,V1,"(85, 63)",36.12452805611469,True,16.87547194388531,1.0
35,Greedy,V2,"(60, 57)",44.37788513192818,True,21.520031960082182,1.0
35,Greedy,V3,"(90, 4)",46.42896336152681,True,0.5710366384731884,1.0
35,Greedy,V4,"(78, 27)",0.5276265390075672,True,19.01635148313633,1.0
35,Greedy,V5,"(70, 44)",30.50361978245943,True,13.088061301782112,1.0
35,Greedy,V6,"(44, 38)",25.42708598503235,True,10.634427254857798,1.0
35,Greedy,V7,"(5, 21)",0.9900110864881277,True,25.509988913511872,1.0
35,Greedy,V8,"(72, 28)",31.39423860267712,True,32.338540470448564,1.0
35,Greedy,V9,"(91, 0)",21.35753000145411,True,39.20848886648929,1.0
35,Greedy,V10,"(91, 29)",0.5931187905087292,True,24.697056274847714,1.0
35,Auction,V1,"(80, 77)",42.64297739604484,True,10.357022603955159,1.0
35,Auction,V2,"(88, 54)",58.43887943303666,True,7.256234452640111,1.0
35,Auction,V3,"(23, 30)",31.580574750922185,True,15.70087712549569,1.0
35,Auction,V4,"(86, 30)",1.3899120992900933,True,18.154065922853803,1.0
35,Auction,V5,"(91, 86)",27.77076647959649,True,15.788854381999833,1.0
35,Auction,V6,"(49, 77)",30.678604082596845,True,5.644344934278312,1.0
35,Auction,V7,"(53, 9)",13.30682878005387,True,13.19317121994613,1.0
35,Auction,V8,"(8, 69)",60.99835533434013,True,2.0016446656598674,1.0
35,Auction,V9,"(99, 87)",57.52659163185385,True,2.4734083681461527,1.0
35,Auction,V10,"(67, 34)",2.1380426009096,True,23.17413961617325,1.0
35,Q-Learning,V1,"(80, 77)",37.97964908143572,True,16.011098792790968,1.0
35,Q-Learning,V2,"(44, 86)",40.35266065858823,True,24.976507309348598,1.0
35,Q-Learning,V3,"(67, 34)",15.242713057140882,True,32.03873881927699,1.0
35,Q-Learning,V4,"(99, 42)",2.270583827712702,True,17.62117814289874,1.0
35,Q-Learning,V5,"(99, 87)",33.59918460316631,True,9.992496481075236,1.0
35,Q-Learning,V6,"(23, 30)",21.48061877189434,True,15.209666496043678,1.0
35,Q-Learning,V7,"(49, 77)",12.635522903587294,True,13.864477096412706,1.0
35,Q-Learning,V8,"(88, 54)",45.06690932075893,True,18.474873734152915,1.0
35,Q-Learning,V9,"(38, 50)",56.4274230144425,True,3.5725769855574967,1.0
35,Q-Learning,V10,"(86, 30)",5.6836564169778185,True,20.154065922853803,1.0
36,Greedy,V1,"(85, 63)",36.12452805611469,True,15.875471943885309,1.0
36,Greedy,V2,"(60, 57)",44.37788513192818,True,20.520031960082182,1.0
36,Greedy,V3,"(90, 4)",24.206245127328653,True,22.222718234198158,1.0
36,Greedy,V4,"(78, 27)",0.5276265390075672,True,18.01635148313633,1.0
36,Greedy,V5,"(70, 44)",30.50361978245943,True,12.088061301782112,1.0
36,Greedy,V6,"(44, 38)",25.42708598503235,True,9.634427254857798,1.0
36,Greedy,V7,"(5, 21)",0.9900110864881277,True,24.509988913511872,1.0
36,Greedy,V8,"(72, 28)",31.39423860267712,True,31.338540470448564,1.0
36,Greedy,V9,"(91, 0)",21.35753000145411,True,38.20848886648929,1.0
36,Greedy,V10,"(91, 29)",0.5931187905087292,True,23.697056274847714,1.0
36,Auction,V1,"(80, 77)",42.64297739604484,True,9.357022603955159,1.0
36,Auction,V2,"(88, 54)",58.43887943303666,True,6.256234452640111,1.0
36,Auction,V3,"(23, 30)",31.580574750922185,True,14.70087712549569,1.0
36,Auction,V4,"(86, 30)",1.3899120992900933,True,17.154065922853803,1.0
36,Auction,V5,"(91, 86)",27.77076647959649,True,14.788854381999833,1.0
36,Auction,V6,"(49, 77)",30.678604082596845,True,4.644344934278312,1.0
36,Auction,V7,"(53, 9)",13.30682878005387,True,12.19317121994613,1.0
36,Auction,V8,"(8, 69)",60.99835533434013,True,1.0016446656598674,1.0
36,Auction,V9,"(99, 87)",57.52659163185385,True,1.4734083681461527,1.0
36,Auction,V10,"(67, 34)",2.1380426009096,True,22.17413961617325,1.0
36,Q-Learning,V1,"(80, 77)",37.97964908143572,True,15.011098792790968,1.0
36,Q-Learning,V2,"(44, 86)",40.35266065858823,True,23.976507309348598,1.0
36,Q-Learning,V3,"(67, 34)",15.242713057140882,True,31.038738819276993,1.0
36,Q-Learning,V4,"(99, 42)",2.270583827712702,True,16.62117814289874,1.0
36,Q-Learning,V5,"(99, 87)",33.59918460316631,True,8.992496481075236,1.0
36,Q-Learning,V6,"(23, 30)",21.48061877189434,True,14.209666496043678,1.0
36,Q-Learning,V7,"(49, 77)",12.635522903587294,True,12.864477096412706,1.0
36,Q-Learning,V8,"(88, 54)",45.06690932075893,True,17.474873734152915,1.0
36,Q-Learning,V9,"(38, 50)",56.4274230144425,True,2.5725769855574967,1.0
36,Q-Learning,V10,"(86, 30)",5.6836564169778185,True,19.154065922853803,1.0
37,Greedy,V1,"(85, 63)",36.12452805611469,True,14.875471943885309,1.0
37,Greedy,V2,"(60, 57)",44.37788513192818,True,19.520031960082182,1.0
37,Greedy,V3,"(90, 4)",24.206245127328653,True,21.222718234198158,1.0
37,Greedy,V4,"(78, 27)",0.5276265390075672,True,17.01635148313633,1.0
37,Greedy,V5,"(70, 44)",30.50361978245943,True,11.088061301782112,1.0
37,Greedy,V6,"(44, 38)",25.42708598503235,True,8.634427254857798,1.0
37,Greedy,V7,"(5, 21)",0.9900110864881277,True,23.509988913511872,1.0
37,Greedy,V8,"(72, 28)",31.39423860267712,True,30.338540470448564,1.0
37,Greedy,V9,"(91, 0)",21.35753000145411,True,37.20848886648929,1.0
37,Greedy,V10,"(91, 29)",0.5931187905087292,True,22.697056274847714,1.0
37,Auction,V1,"(80, 77)",42.64297739604484,True,8.357022603955159,1.0
37,Auction,V2,"(88, 54)",58.43887943303666,True,5.256234452640111,1.0
37,Auction,V3,"(23, 30)",31.580574750922185,True,13.70087712549569,1.0
37,Auction,V4,"(86, 30)",1.3899120992900933,True,16.154065922853803,1.0
37,Auction,V5,"(91, 86)",27.77076647959649,True,13.788854381999833,1.0
37,Auction,V6,"(49, 77)",30.678604082596845,True,3.644344934278312,1.0
37,Auction,V7,"(53, 9)",13.30682878005387,True,11.19317121994613,1.0
37,Auction,V8,"(8, 69)",60.99835533434013,True,0.001644665659867428,1.0
37,Auction,V9,"(99, 87)",57.52659163185385,True,0.4734083681461527,1.0
37,Auction,V10,"(67, 34)",2.1380426009096,True,21.17413961617325,1.0
37,Q-Learning,V1,"(80, 77)",37.97964908143572,True,14.011098792790968,1.0
37,Q-Learning,V2,"(44, 86)",40.35266065858823,True,22.976507309348598,1.0
37,Q-Learning,V3,"(67, 34)",15.242713057140882,True,30.038738819276993,1.0
37,Q-Learning,V4,"(99, 42)",2.270583827712702,True,15.621178142898739,1.0
37,Q-Learning,V5,"(99, 87)",33.59918460316631,True,7.992496481075236,1.0
37,Q-Learning,V6,"(23, 30)",21.48061877189434,True,13.209666496043678,1.0
37,Q-Learning,V7,"(49, 77)",12.635522903587294,True,11.864477096412706,1.0
37,Q-Learning,V8,"(88, 54)",45.06690932075893,True,16.474873734152915,1.0
37,Q-Learning,V9,"(38, 50)",56.4274230144425,True,1.5725769855574967,1.0
37,Q-Learning,V10,"(86, 30)",5.6836564169778185,True,18.154065922853803,1.0
38,Greedy,V1,"(85, 63)",36.12452805611469,True,13.875471943885309,1.0
38,Greedy,V2,"(60, 57)",44.37788513192818,True,18.520031960082182,1.0
38,Greedy,V3,"(90, 4)",24.206245127328653,True,20.222718234198158,1.0
38,Greedy,V4,"(78, 27)",0.5276265390075672,True,16.01635148313633,1.0
38,Greedy,V5,"(70, 44)",30.50361978245943,True,10.088061301782112,1.0
38,Greedy,V6,"(44, 38)",25.42708598503235,True,7.634427254857798,1.0
38,Greedy,V7,"(5, 21)",0.9900110864881277,True,22.509988913511872,1.0
38,Greedy,V8,"(72, 28)",31.39423860267712,True,29.338540470448564,1.0
38,Greedy,V9,"(91, 0)",21.35753000145411,True,36.20848886648929,1.0
38,Greedy,V10,"(91, 29)",0.5931187905087292,True,21.697056274847714,1.0
38,Auction,V1,"(80, 77)",42.64297739604484,True,7.3570226039551585,1.0
38,Auction,V2,"(88, 54)",58.43887943303666,True,4.256234452640111,1.0
38,Auction,V3,"(23, 30)",31.580574750922185,True,12.70087712549569,1.0
38,Auction,V4,"(86, 30)",1.3899120992900933,True,15.154065922853803,1.0
38,Auction,V5,"(91, 86)",27.77076647959649,True,12.788854381999833,1.0
38,Auction,V6,"(49, 77)",30.678604082596845,True,2.644344934278312,1.0
38,Auction,V7,"(53, 9)",13.30682878005387,True,10.19317121994613,1.0
38,Auction,V8,"(2, 66)",33.32130435121529,True,27.677050983124843,1.0
38,Auction,V9,"(96, 60)",30.093360548971397,True,27.43323108288245,1.0
38,Auction,V10,"(67, 34)",2.1380426009096,True,20.17413961617325,1.0
38,Q-Learning,V1,"(80, 77)",37.97964908143572,True,13.011098792790968,1.0
38,Q-Learning,V2,"(44, 86)",40.35266065858823,True,21.976507309348598,1.0
38,Q-Learning,V3,"(67, 34)",15.242713057140882,True,29.038738819276993,1.0
38,Q-Learning,V4,"(99, 42)",2.270583827712702,True,14.621178142898739,1.0
38,Q-Learning,V5,"(99, 87)",33.59918460316631,True,6.992496481075236,1.0
38,Q-Learning,V6,"(23, 30)",21.48061877189434,True,12.209666496043678,1.0
38,Q-Learning,V7,"(49, 77)",12.635522903587294,True,10.864477096412706,1.0
38,Q-Learning,V8,"(88, 54)",45.06690932075893,True,15.474873734152915,1.0
38,Q-Learning,V9,"(38, 50)",56.4274230144425,True,0.5725769855574967,1.0
38,Q-Learning,V10,"(86, 30)",5.6836564169778185,True,17.154065922853803,1.0
39,Greedy,V1,"(85, 63)",36.12452805611469,True,12.875471943885309,1.0
39,Greedy,V2,"(60, 57)",44.37788513192818,True,17.520031960082182,1.0
39,Greedy,V3,"(90, 4)",24.206245127328653,True,19.222718234198158,1.0
39,Greedy,V4,"(78, 27)",0.5276265390075672,True,15.01635148313633,1.0
39,Greedy,V5,"(70, 44)",30.50361978245943,True,9.088061301782112,1.0
39,Greedy,V6,"(44, 38)",25.42708598503235,True,6.634427254857798,1.0
39,Greedy,V7,"(5, 21)",0.9900110864881277,True,21.509988913511872,1.0
39,Greedy,V8,"(72, 28)",31.39423860267712,True,28.338540470448564,1.0
39,Greedy,V9,"(91, 0)",21.35753000145411,True,35.20848886648929,1.0
39,Greedy,V10,"(91, 29)",0.5931187905087292,True,20.697056274847714,1.0
39,Auction,V1,"(80, 77)",42.64297739604484,True,6.3570226039551585,1.0
39,Auction,V2,"(88, 54)",58.43887943303666,True,3.2562344526401112,1.0
39,Auction,V3,"(23, 30)",31.580574750922185,True,11.70087712549569,1.0
39,Auction,V4,"(86, 30)",1.3899120992900933,True,14.154065922853803,1.0
39,Auction,V5,"(91, 86)",27.77076647959649,True,11.788854381999833,1.0
39,Auction,V6,"(49, 77)",30.678604082596845,True,1.6443449342783119,1.0
39,Auction,V7,"(53, 9)",13.30682878005387,True,9.19317121994613,1.0
39,Auction,V8,"(2, 66)",33.32130435121529,True,26.677050983124843,1.0
39,Auction,V9,"(96, 60)",30.093360548971397,True,26.43323108288245,1.0
39,Auction,V10,"(67, 34)",2.1380426009096,True,19.17413961617325,1.0
39,Q-Learning,V1,"(80, 77)",37.97964908143572,True,12.011098792790968,1.0
39,Q-Learning,V2,"(44, 86)",40.35266065858823,True,20.976507309348598,1.0
39,Q-Learning,V3,"(67, 34)",15.242713057140882,True,28.038738819276993,1.0
39,Q-Learning,V4,"(99, 42)",2.270583827712702,True,13.621178142898739,1.0
39,Q-Learning,V5,"(99, 87)",33.59918460316631,True,5.992496481075236,1.0
39,Q-Learning,V6,"(23, 30)",21.48061877189434,True,11.209666496043678,1.0
39,Q-Learning,V7,"(49, 77)",12.635522903587294,True,9.864477096412706,1.0
39,Q-Learning,V8,"(88, 54)",45.06690932075893,True,14.474873734152915,1.0
39,Q-Learning,V9,"(53, 99)",23.178520634187336,True,33.24890238025517,1.0
39,Q-Learning,V10,"(86, 30)",5.6836564169778185,True,16.154065922853803,1.0
40,Greedy,V1,"(85, 63)",36.12452805611469,True,11.875471943885309,1.0
40,Greedy,V2,"(60, 57)",44.37788513192818,True,16.520031960082182,1.0
40,Greedy,V3,"(90, 4)",24.206245127328653,True,18.222718234198158,1.0
40,Greedy,V4,"(78, 27)",0.5276265390075672,True,14.01635148313633,1.0
40,Greedy,V5,"(70, 44)",30.50361978245943,True,8.088061301782112,1.0
40,Greedy,V6,"(44, 38)",25.42708598503235,True,5.634427254857798,1.0
40,Greedy,V7,"(5, 21)",0.9900110864881277,True,20.509988913511872,1.0
40,Greedy,V8,"(72, 28)",31.39423860267712,True,27.338540470448564,1.0
40,Greedy,V9,"(91, 0)",21.35753000145411,True,34.20848886648929,1.0
40,Greedy,V10,"(91, 29)",0.5931187905087292,True,19.697056274847714,1.0
40,Auction,V1,"(80, 77)",42.64297739604484,True,5.3570226039551585,1.0
40,Auction,V2,"(88, 54)",58.43887943303666,True,2.2562344526401112,1.0
40,Auction,V3,"(23, 30)",31.580574750922185,True,10.70087712549569,1.0
40,Auction,V4,"(86, 30)",1.3899120992900933,True,13.154065922853803,1.0
40,Auction,V5,"(91, 86)",27.77076647959649,True,10.788854381999833,1.0
40,Auction,V6,"(49, 77)",30.678604082596845,True,0.6443449342783119,1.0
40,Auction,V7,"(53, 9)",13.30682878005387,True,8.19317121994613,1.0
40,Auction,V8,"(2, 66)",33.32130435121529,True,25.677050983124843,1.0
40,Auction,V9,"(96, 60)",30.093360548971397,True,25.43323108288245,1.0
40,Auction,V10,"(67, 34)",2.1380426009096,True,18.17413961617325,1.0
40,Q-Learning,V1,"(80, 77)",37.97964908143572,True,11.011098792790968,1.0
40,Q-Learning,V2,"(44, 86)",40.35266065858823,True,19.976507309348598,1.0
40,Q-Learning,V3,"(67, 34)",15.242713057140882,True,27.038738819276993,1.0
40,Q-Learning,V4,"(99, 42)",2.270583827712702,True,12.621178142898739,1.0
40,Q-Learning,V5,"(99, 87)",33.59918460316631,True,4.992496481075236,1.0
40,Q-Learning,V6,"(23, 30)",21.48061877189434,True,10.209666496043678,1.0
40,Q-Learning,V7,"(49, 77)",12.635522903587294,True,8.864477096412706,1.0
40,Q-Learning,V8,"(88, 54)",45.06690932075893,True,13.474873734152915,1.0
40,Q-Learning,V9,"(53, 99)",23.178520634187336,True,32.24890238025517,1.0
40,Q-Learning,V10,"(86, 30)",5.6836564169778185,True,15.154065922853803,1.0
41,Greedy,V1,"(85, 63)",36.12452805611469,True,10.875471943885309,1.0
41,Greedy,V2,"(60, 57)",44.37788513192818,True,15.520031960082182,1.0
41,Greedy,V3,"(90, 4)",24.206245127328653,True,17.222718234198158,1.0
41,Greedy,V4,"(78, 27)",0.5276265390075672,True,13.01635148313633,1.0
41,Greedy,V5,"(70, 44)",30.50361978245943,True,7.088061301782112,1.0
41,Greedy,V6,"(44, 38)",25.42708598503235,True,4.634427254857798,1.0
41,Greedy,V7,"(5, 21)",0.9900110864881277,True,19.509988913511872,1.0
41,Greedy,V8,"(72, 28)",31.39423860267712,True,26.338540470448564,1.0
41,Greedy,V9,"(91, 0)",21.35753000145411,True,33.20848886648929,1.0
41,Greedy,V10,"(91, 29)",0.5931187905087292,True,18.697056274847714,1.0
41,Auction,V1,"(80, 77)",42.64297739604484,True,4.3570226039551585,1.0
41,Auction,V2,"(88, 54)",58.43887943303666,True,1.2562344526401112,1.0
41,Auction,V3,"(23, 30)",31.580574750922185,True,9.70087712549569,1.0
41,Auction,V4,"(86, 30)",1.3899120992900933,True,12.154065922853803,1.0
41,Auction,V5,"(91, 86)",27.77076647959649,True,9.788854381999833,1.0
41,Auction,V6,"(61, 72)",8.053604082596845,True,22.625,1.0
41,Auction,V7,"(53, 9)",13.30682878005387,True,7.19317121994613,1.0
41,Auction,V8,"(2, 66)",33.32130435121529,True,24.677050983124843,1.0
41,Auction,V9,"(96, 60)",30.093360548971397,True,24.43323108288245,1.0
41,Auction,V10,"(67, 34)",2.1380426009096,True,17.17413961617325,1.0
41,Q-Learning,V1,"(80, 77)",37.97964908143572,True,10.011098792790968,1.0
41,Q-Learning,V2,"(44, 86)",40.35266065858823,True,18.976507309348598,1.0
41,Q-Learning,V3,"(67, 34)",15.242713057140882,True,26.038738819276993,1.0
41,Q-Learning,V4,"(99, 42)",2.270583827712702,True,11.621178142898739,1.0
41,Q-Learning,V5,"(99, 87)",33.59918460316631,True,3.9924964810752357,1.0
41,Q-Learning,V6,"(23, 30)",21.48061877189434,True,9.209666496043678,1.0
41,Q-Learning,V7,"(49, 77)",12.635522903587294,True,7.864477096412706,1.0
41,Q-Learning,V8,"(88, 54)",45.06690932075893,True,12.474873734152915,1.0
41,Q-Learning,V9,"(53, 99)",23.178520634187336,True,31.248902380255167,1.0
41,Q-Learning,V10,"(86, 30)",5.6836564169778185,True,14.154065922853803,1.0
42,Greedy,V1,"(85, 63)",36.12452805611469,True,9.875471943885309,1.0
42,Greedy,V2,"(60, 57)",44.37788513192818,True,14.520031960082182,1.0
42,Greedy,V3,"(90, 4)",24.206245127328653,True,16.222718234198158,1.0
42,Greedy,V4,"(78, 27)",0.5276265390075672,True,12.01635148313633,1.0
42,Greedy,V5,"(70, 44)",30.50361978245943,True,6.088061301782112,1.0
42,Greedy,V6,"(44, 38)",25.42708598503235,True,3.6344272548577976,1.0
42,Greedy,V7,"(5, 21)",0.9900110864881277,True,18.509988913511872,1.0
42,Greedy,V8,"(72, 28)",31.39423860267712,True,25.338540470448564,1.0
42,Greedy,V9,"(91, 0)",21.35753000145411,True,32.20848886648929,1.0
42,Greedy,V10,"(91, 29)",0.5931187905087292,True,17.697056274847714,1.0
42,Auction,V1,"(80, 77)",42.64297739604484,True,3.3570226039551585,1.0
42,Auction,V2,"(88, 54)",58.43887943303666,True,0.25623445264011124,1.0
42,Auction,V3,"(23, 30)",31.580574750922185,True,8.70087712549569,1.0
42,Auction,V4,"(86, 30)",1.3899120992900933,True,11.154065922853803,1.0
42,Auction,V5,"(91, 86)",27.77076647959649,True,8.788854381999833,1.0
42,Auction,V6,"(61, 72)",8.053604082596845,True,21.625,1.0
42,Auction,V7,"(53, 9)",13.30682878005387,True,6.19317121994613,1.0
42,Auction,V8,"(2, 66)",33.32130435121529,True,23.677050983124843,1.0
42,Auction,V9,"(96, 60)",30.093360548971397,True,23.43323108288245,1.0
42,Auction,V10,"(67, 34)",2.1380426009096,True,16.17413961617325,1.0
42,Q-Learning,V1,"(80, 77)",37.97964908143572,True,9.011098792790968,1.0
42,Q-Learning,V2,"(44, 86)",40.35266065858823,True,17.976507309348598,1.0
42,Q-Learning,V3,"(67, 34)",15.242713057140882,True,25.038738819276993,1.0
42,Q-Learning,V4,"(99, 42)",2.270583827712702,True,10.621178142898739,1.0
42,Q-Learning,V5,"(99, 87)",33.59918460316631,True,2.9924964810752357,1.0
42,Q-Learning,V6,"(23, 30)",21.48061877189434,True,8.209666496043678,1.0
42,Q-Learning,V7,"(49, 77)",12.635522903587294,True,6.864477096412706,1.0
42,Q-Learning,V8,"(88, 54)",45.06690932075893,True,11.474873734152915,1.0
42,Q-Learning,V9,"(53, 99)",23.178520634187336,True,30.248902380255167,1.0
42,Q-Learning,V10,"(86, 30)",5.6836564169778185,True,13.154065922853803,1.0
43,Greedy,V1,"(85, 63)",36.12452805611469,True,8.875471943885309,1.0
43,Greedy,V2,"(60, 57)",44.37788513192818,True,13.520031960082182,1.0
43,Greedy,V3,"(90, 4)",24.206245127328653,True,15.222718234198158,1.0
43,Greedy,V4,"(78, 27)",0.5276265390075672,True,11.01635148313633,1.0
43,Greedy,V5,"(70, 44)",30.50361978245943,True,5.088061301782112,1.0
43,Greedy,V6,"(44, 38)",25.42708598503235,True,2.6344272548577976,1.0
43,Greedy,V7,"(5, 21)",0.9900110864881277,True,17.509988913511872,1.0
43,Greedy,V8,"(72, 28)",31.39423860267712,True,24.338540470448564,1.0
43,Greedy,V9,"(91, 0)",21.35753000145411,True,31.20848886648929,1.0
43,Greedy,V10,"(91, 29)",0.5931187905087292,True,16.697056274847714,1.0
43,Auction,V1,"(80, 77)",42.64297739604484,True,2.3570226039551585,1.0
43,Auction,V2,"(99, 42)",45.4040268585242,True,13.034852574512463,1.0
43,Auction,V3,"(23, 30)",31.580574750922185,True,7.7008771254956905,1.0
43,Auction,V4,"(86, 30)",1.3899120992900933,True,10.154065922853803,1.0
43,Auction,V5,"(91, 86)",27.77076647959649,True,7.788854381999833,1.0
43,Auction,V6,"(61, 72)",8.053604082596845,True,20.625,1.0
43,Auction,V7,"(53, 9)",13.30682878005387,True,5.19317121994613,1.0
43,Auction,V8,"(2, 66)",33.32130435121529,True,22.677050983124843,1.0
43,Auction,V9,"(96, 60)",30.093360548971397,True,22.43323108288245,1.0
43,Auction,V10,"(67, 34)",2.1380426009096,True,15.17413961617325,1.0
43,Q-Learning,V1,"(80, 77)",37.97964908143572,True,8.011098792790968,1.0
43,Q-Learning,V2,"(44, 86)",40.35266065858823,True,16.976507309348598,1.0
43,Q-Learning,V3,"(67, 34)",15.242713057140882,True,24.038738819276993,1.0
43,Q-Learning,V4,"(99, 42)",2.270583827712702,True,9.621178142898739,1.0
43,Q-Learning,V5,"(99, 87)",33.59918460316631,True,1.9924964810752357,1.0
43,Q-Learning,V6,"(23, 30)",21.48061877189434,True,7.209666496043678,1.0
43,Q-Learning,V7,"(49, 77)",12.635522903587294,True,5.864477096412706,1.0
43,Q-Learning,V8,"(88, 54)",45.06690932075893,True,10.474873734152915,1.0
43,Q-Learning,V9,"(53, 99)",23.178520634187336,True,29.248902380255167,1.0
43,Q-Learning,V10,"(86, 30)",5.6836564169778185,True,12.154065922853803,1.0
44,Greedy,V1,"(85, 63)",36.12452805611469,True,7.875471943885309,1.0
44,Greedy,V2,"(60, 57)",44.37788513192818,True,12.520031960082182,1.0
44,Greedy,V3,"(90, 4)",24.206245127328653,True,14.222718234198158,1.0
44,Greedy,V4,"(78, 27)",0.5276265390075672,True,10.01635148313633,1.0
44,Greedy,V5,"(70, 44)",30.50361978245943,True,4.088061301782112,1.0
44,Greedy,V6,"(44, 38)",25.42708598503235,True,1.6344272548577976,1.0
44,Greedy,V7,"(5, 21)",0.9900110864881277,True,16.509988913511872,1.0
44,Greedy,V8,"(72, 28)",31.39423860267712,True,23.338540470448564,1.0
44,Greedy,V9,"(91, 0)",21.35753000145411,True,30.20848886648929,1.0
44,Greedy,V10,"(91, 29)",0.5931187905087292,True,15.697056274847714,1.0
44,Auction,V1,"(80, 77)",42.64297739604484,True,1.3570226039551585,1.0
44,Auction,V2,"(99, 42)",45.4040268585242,True,12.034852574512463,1.0
44,Auction,V3,"(23, 30)",31.580574750922185,True,6.7008771254956905,1.0
44,Auction,V4,"(86, 30)",1.3899120992900933,True,9.154065922853803,1.0
44,Auction,V5,"(91, 86)",27.77076647959649,True,6.788854381999833,1.0
44,Auction,V6,"(61, 72)",8.053604082596845,True,19.625,1.0
44,Auction,V7,"(53, 9)",13.30682878005387,True,4.19317121994613,1.0
44,Auction,V8,"(2, 66)",33.32130435121529,True,21.677050983124843,1.0
44,Auction,V9,"(96, 60)",30.093360548971397,True,21.43323108288245,1.0
44,Auction,V10,"(67, 34)",2.1380426009096,True,14.17413961617325,1.0
44,Q-Learning,V1,"(80, 77)",37.97964908143572,True,7.011098792790968,1.0
44,Q-Learning,V2,"(44, 86)",40.35266065858823,True,15.976507309348598,1.0
44,Q-Learning,V3,"(67, 34)",15.242713057140882,True,23.038738819276993,1.0
44,Q-Learning,V4,"(99, 42)",2.270583827712702,True,8.621178142898739,1.0
44,Q-Learning,V5,"(99, 87)",33.59918460316631,True,0.9924964810752357,1.0
44,Q-Learning,V6,"(23, 30)",21.48061877189434,True,6.209666496043678,1.0
44,Q-Learning,V7,"(49, 77)",12.635522903587294,True,4.864477096412706,1.0
44,Q-Learning,V8,"(88, 54)",45.06690932075893,True,9.474873734152915,1.0
44,Q-Learning,V9,"(53, 99)",23.178520634187336,True,28.248902380255167,1.0
44,Q-Learning,V10,"(86, 30)",5.6836564169778185,True,11.154065922853803,1.0
45,Greedy,V1,"(85, 63)",36.12452805611469,True,6.875471943885309,1.0
45,Greedy,V2,"(60, 57)",44.37788513192818,True,11.520031960082182,1.0
45,Greedy,V3,"(90, 4)",24.206245127328653,True,13.222718234198158,1.0
45,Greedy,V4,"(78, 27)",0.5276265390075672,True,9.01635148313633,1.0
45,Greedy,V5,"(70, 44)",30.50361978245943,True,3.088061301782112,1.0
45,Greedy,V6,"(44, 38)",25.42708598503235,True,0.6344272548577976,1.0
45,Greedy,V7,"(5, 21)",0.9900110864881277,True,15.509988913511872,1.0
45,Greedy,V8,"(72, 28)",31.39423860267712,True,22.338540470448564,1.0
45,Greedy,V9,"(91, 0)",21.35753000145411,True,29.20848886648929,1.0
45,Greedy,V10,"(91, 29)",0.5931187905087292,True,14.697056274847714,1.0
45,Auction,V1,"(80, 77)",42.64297739604484,True,0.3570226039551585,1.0
45,Auction,V2,"(99, 42)",45.4040268585242,True,11.034852574512463,1.0
45,Auction,V3,"(23, 30)",31.580574750922185,True,5.7008771254956905,1.0
45,Auction,V4,"(86, 30)",1.3899120992900933,True,8.154065922853803,1.0
45,Auction,V5,"(91, 86)",27.77076647959649,True,5.788854381999833,1.0
45,Auction,V6,"(61, 72)",8.053604082596845,True,18.625,1.0
45,Auction,V7,"(53, 9)",13.30682878005387,True,3.19317121994613,1.0
45,Auction,V8,"(2, 66)",33.32130435121529,True,20.677050983124843,1.0
45,Auction,V9,"(96, 60)",30.093360548971397,True,20.43323108288245,1.0
45,Auction,V10,"(67, 34)",2.1380426009096,True,13.17413961617325,1.0
45,Q-Learning,V1,"(80, 77)",37.97964908143572,True,6.011098792790968,1.0
45,Q-Learning,V2,"(44, 86)",40.35266065858823,True,14.976507309348598,1.0
45,Q-Learning,V3,"(67, 34)",15.242713057140882,True,22.038738819276993,1.0
45,Q-Learning,V4,"(99, 42)",2.270583827712702,True,7.621178142898739,1.0
45,Q-Learning,V5,"(61, 72)",4.428505316840109,True,29.170679286326198,1.0
45,Q-Learning,V6,"(23, 30)",21.48061877189434,True,5.209666496043678,1.0
45,Q-Learning,V7,"(49, 77)",12.635522903587294,True,3.864477096412706,1.0
45,Q-Learning,V8,"(88, 54)",45.06690932075893,True,8.474873734152915,1.0
45,Q-Learning,V9,"(53, 99)",23.178520634187336,True,27.248902380255167,1.0
45,Q-Learning,V10,"(86, 30)",5.6836564169778185,True,10.154065922853803,1.0
46,Greedy,V1,"(85, 63)",36.12452805611469,True,5.875471943885309,1.0
46,Greedy,V2,"(60, 57)",44.37788513192818,True,10.520031960082182,1.0
46,Greedy,V3,"(90, 4)",24.206245127328653,True,12.222718234198158,1.0
46,Greedy,V4,"(78, 27)",0.5276265390075672,True,8.01635148313633,1.0
46,Greedy,V5,"(70, 44)",30.50361978245943,True,2.088061301782112,1.0
46,Greedy,V6,"(44, 38)",7.533928145551229,True,17.89315783948112,1.0
46,Greedy,V7,"(5, 21)",0.9900110864881277,True,14.509988913511872,1.0
46,Greedy,V8,"(72, 28)",31.39423860267712,True,21.338540470448564,1.0
46,Greedy,V9,"(91, 0)",21.35753000145411,True,28.20848886648929,1.0
46,Greedy,V10,"(91, 29)",0.5931187905087292,True,13.697056274847714,1.0
46,Auction,V1,"(53, 99)",8.033594217866174,True,34.60938317817867,1.0
46,Auction,V2,"(99, 42)",45.4040268585242,True,10.034852574512463,1.0
46,Auction,V3,"(23, 30)",31.580574750922185,True,4.7008771254956905,1.0
46,Auction,V4,"(86, 30)",1.3899120992900933,True,7.154065922853803,1.0
46,Auction,V5,"(91, 86)",27.77076647959649,True,4.788854381999833,1.0
46,Auction,V6,"(61, 72)",8.053604082596845,True,17.625,1.0
46,Auction,V7,"(53, 9)",13.30682878005387,True,2.19317121994613,1.0
46,Auction,V8,"(2, 66)",33.32130435121529,True,19.677050983124843,1.0
46,Auction,V9,"(96, 60)",30.093360548971397,True,19.43323108288245,1.0
46,Auction,V10,"(67, 34)",2.1380426009096,True,12.17413961617325,1.0
46,Q-Learning,V1,"(80, 77)",37.97964908143572,True,5.011098792790968,1.0
46,Q-Learning,V2,"(44, 86)",40.35266065858823,True,13.976507309348598,1.0
46,Q-Learning,V3,"(67, 34)",15.242713057140882,True,21.038738819276993,1.0
46,Q-Learning,V4,"(99, 42)",2.270583827712702,True,6.621178142898739,1.0
46,Q-Learning,V5,"(61, 72)",4.428505316840109,True,28.170679286326198,1.0
46,Q-Learning,V6,"(23, 30)",21.48061877189434,True,4.209666496043678,1.0
46,Q-Learning,V7,"(49, 77)",12.635522903587294,True,2.864477096412706,1.0
46,Q-Learning,V8,"(88, 54)",45.06690932075893,True,7.474873734152915,1.0
46,Q-Learning,V9,"(53, 99)",23.178520634187336,True,26.248902380255167,1.0
46,Q-Learning,V10,"(86, 30)",5.6836564169778185,True,9.154065922853803,1.0
47,Greedy,V1,"(85, 63)",36.12452805611469,True,4.875471943885309,1.0
47,Greedy,V2,"(60, 57)",44.37788513192818,True,9.520031960082182,1.0
47,Greedy,V3,"(90, 4)",24.206245127328653,True,11.222718234198158,1.0
47,Greedy,V4,"(78, 27)",0.5276265390075672,True,7.016351483136329,1.0
47,Greedy,V5,"(70, 44)",30.50361978245943,True,1.088061301782112,1.0
47,Greedy,V6,"(44, 38)",7.533928145551229,True,16.89315783948112,1.0
47,Greedy,V7,"(5, 21)",0.9900110864881277,True,13.509988913511872,1.0
47,Greedy,V8,"(72, 28)",31.39423860267712,True,20.338540470448564,1.0
47,Greedy,V9,"(91, 0)",21.35753000145411,True,27.20848886648929,1.0
47,Greedy,V10,"(91, 29)",0.5931187905087292,True,12.697056274847714,1.0
47,Auction,V1,"(53, 99)",8.033594217866174,True,33.60938317817867,1.0
47,Auction,V2,"(99, 42)",45.4040268585242,True,9.034852574512463,1.0
47,Auction,V3,"(23, 30)",31.580574750922185,True,3.7008771254956905,1.0
47,Auction,V4,"(86, 30)",1.3899120992900933,True,6.154065922853803,1.0
47,Auction,V5,"(91, 86)",27.77076647959649,True,3.7888543819998333,1.0
47,Auction,V6,"(61, 72)",8.053604082596845,True,16.625,1.0
47,Auction,V7,"(53, 9)",13.30682878005387,True,1.1931712199461302,1.0
47,Auction,V8,"(2, 66)",33.32130435121529,True,18.677050983124843,1.0
47,Auction,V9,"(96, 60)",30.093360548971397,True,18.43323108288245,1.0
47,Auction,V10,"(67, 34)",2.1380426009096,True,11.17413961617325,1.0
47,Q-Learning,V1,"(80, 77)",37.97964908143572,True,4.011098792790968,1.0
47,Q-Learning,V2,"(44, 86)",40.35266065858823,True,12.976507309348598,1.0
47,Q-Learning,V3,"(67, 34)",15.242713057140882,True,20.038738819276993,1.0
47,Q-Learning,V4,"(99, 42)",2.270583827712702,True,5.621178142898739,1.0
47,Q-Learning,V5,"(61, 72)",4.428505316840109,True,27.170679286326198,1.0
47,Q-Learning,V6,"(23, 30)",21.48061877189434,True,3.2096664960436776,1.0
47,Q-Learning,V7,"(49, 77)",12.635522903587294,True,1.8644770964127062,1.0
47,Q-Learning,V8,"(88, 54)",45.06690932075893,True,6.474873734152915,1.0
47,Q-Learning,V9,"(53, 99)",23.178520634187336,True,25.248902380255167,1.0
47,Q-Learning,V10,"(86, 30)",5.6836564169778185,True,8.154065922853803,1.0
48,Greedy,V1,"(85, 63)",36.12452805611469,True,3.8754719438853087,1.0
48,Greedy,V2,"(60, 57)",44.37788513192818,True,8.520031960082182,1.0
48,Greedy,V3,"(90, 4)",24.206245127328653,True,10.222718234198158,1.0
48,Greedy,V4,"(78, 27)",0.5276265390075672,True,6.016351483136329,1.0
48,Greedy,V5,"(70, 44)",30.50361978245943,True,0.08806130178211191,1.0
48,Greedy,V6,"(44, 38)",7.533928145551229,True,15.89315783948112,1.0
48,Greedy,V7,"(5, 21)",0.9900110864881277,True,12.509988913511872,1.0
48,Greedy,V8,"(72, 28)",31.39423860267712,True,19.338540470448564,1.0
48,Greedy,V9,"(91, 0)",21.35753000145411,True,26.20848886648929,1.0
48,Greedy,V10,"(91, 29)",0.5931187905087292,True,11.697056274847714,1.0
48,Auction,V1,"(53, 99)",8.033594217866174,True,32.60938317817867,1.0
48,Auction,V2,"(99, 42)",45.4040268585242,True,8.034852574512463,1.0
48,Auction,V3,"(23, 30)",31.580574750922185,True,2.7008771254956905,1.0
48,Auction,V4,"(86, 30)",1.3899120992900933,True,5.154065922853803,1.0
48,Auction,V5,"(91, 86)",27.77076647959649,True,2.7888543819998333,1.0
48,Auction,V6,"(61, 72)",8.053604082596845,True,15.625,1.0
48,Auction,V7,"(53, 9)",13.30682878005387,True,0.19317121994613018,1.0
48,Auction,V8,"(2, 66)",33.32130435121529,True,17.677050983124843,1.0
48,Auction,V9,"(96, 60)",30.093360548971397,True,17.43323108288245,1.0
48,Auction,V10,"(67, 34)",2.1380426009096,True,10.17413961617325,1.0
48,Q-Learning,V1,"(80, 77)",37.97964908143572,True,3.0110987927909676,1.0
48,Q-Learning,V2,"(44, 86)",40.35266065858823,True,11.976507309348598,1.0
48,Q-Learning,V3,"(67, 34)",15.242713057140882,True,19.038738819276993,1.0
48,Q-Learning,V4,"(99, 42)",2.270583827712702,True,4.621178142898739,1.0
48,Q-Learning,V5,"(61, 72)",4.428505316840109,True,26.170679286326198,1.0
48,Q-Learning,V6,"(23, 30)",21.48061877189434,True,2.2096664960436776,1.0
48,Q-Learning,V7,"(49, 77)",12.635522903587294,True,0.8644770964127062,1.0
48,Q-Learning,V8,"(88, 54)",45.06690932075893,True,5.474873734152915,1.0
48,Q-Learning,V9,"(53, 99)",23.178520634187336,True,24.248902380255167,1.0
48,Q-Learning,V10,"(86, 30)",5.6836564169778185,True,7.154065922853803,1.0
49,Greedy,V1,"(85, 63)",36.12452805611469,True,2.8754719438853087,1.0
49,Greedy,V2,"(60, 57)",44.37788513192818,True,7.520031960082182,1.0
49,Greedy,V3,"(90, 4)",24.206245127328653,True,9.222718234198158,1.0
49,Greedy,V4,"(78, 27)",0.5276265390075672,True,5.016351483136329,1.0
49,Greedy,V5,"(70, 44)",2.397884773469933,True,28.105735008989498,1.0
49,Greedy,V6,"(44, 38)",7.533928145551229,True,14.89315783948112,1.0
49,Greedy,V7,"(5, 21)",0.9900110864881277,True,11.509988913511872,1.0
49,Greedy,V8,"(72, 28)",31.39423860267712,True,18.338540470448564,1.0
49,Greedy,V9,"(91, 0)",21.35753000145411,True,25.20848886648929,1.0
49,Greedy,V10,"(91, 29)",0.5931187905087292,True,10.697056274847714,1.0
49,Auction,V1,"(53, 99)",8.033594217866174,True,31.609383178178668,1.0
49,Auction,V2,"(99, 42)",45.4040268585242,True,7.034852574512463,1.0
49,Auction,V3,"(23, 30)",31.580574750922185,True,1.7008771254956905,1.0
49,Auction,V4,"(86, 30)",1.3899120992900933,True,4.154065922853803,1.0
49,Auction,V5,"(91, 86)",27.77076647959649,True,1.7888543819998333,1.0
49,Auction,V6,"(61, 72)",8.053604082596845,True,14.625,1.0
49,Auction,V7,"(53, 9)",13.30682878005387,False,0.0,1.0
49,Auction,V8,"(2, 66)",33.32130435121529,True,16.677050983124843,1.0
49,Auction,V9,"(96, 60)",30.093360548971397,True,16.43323108288245,1.0
49,Auction,V10,"(67, 34)",2.1380426009096,True,9.17413961617325,1.0
49,Q-Learning,V1,"(80, 77)",37.97964908143572,True,2.0110987927909676,1.0
49,Q-Learning,V2,"(44, 86)",40.35266065858823,True,10.976507309348598,1.0
49,Q-Learning,V3,"(67, 34)",15.242713057140882,True,18.038738819276993,1.0
49,Q-Learning,V4,"(99, 42)",2.270583827712702,True,3.6211781428987386,1.0
49,Q-Learning,V5,"(61, 72)",4.428505316840109,True,25.170679286326198,1.0
49,Q-Learning,V6,"(23, 30)",21.48061877189434,True,1.2096664960436776,1.0
49,Q-Learning,V7,"(49, 77)",12.635522903587294,False,0.0,1.0
49,Q-Learning,V8,"(88, 54)",45.06690932075893,True,4.474873734152915,1.0
49,Q-Learning,V9,"(53, 99)",23.178520634187336,True,23.248902380255167,1.0
49,Q-Learning,V10,"(86, 30)",5.6836564169778185,True,6.154065922853803,1.0
50,Greedy,V1,"(85, 63)",36.12452805611469,True,1.8754719438853087,1.0
50,Greedy,V2,"(60, 57)",44.37788513192818,True,6.520031960082182,1.0
50,Greedy,V3,"(90, 4)",24.206245127328653,True,8.222718234198158,1.0
50,Greedy,V4,"(78, 27)",0.5276265390075672,True,4.016351483136329,1.0
50,Greedy,V5,"(70, 44)",2.397884773469933,True,27.105735008989498,1.0
50,Greedy,V6,"(44, 38)",7.533928145551229,True,13.89315783948112,1.0
50,Greedy,V7,"(5, 21)",0.9900110864881277,True,10.509988913511872,1.0
50,Greedy,V8,"(72, 28)",31.39423860267712,True,17.338540470448564,1.0
50,Greedy,V9,"(91, 0)",21.35753000145411,True,24.20848886648929,1.0
50,Greedy,V10,"(91, 29)",0.5931187905087292,True,9.697056274847714,1.0
50,Auction,V1,"(53, 99)",8.033594217866174,True,30.609383178178668,1.0
50,Auction,V2,"(99, 42)",45.4040268585242,True,6.034852574512463,1.0
50,Auction,V3,"(23, 30)",31.580574750922185,True,0.7008771254956905,1.0
50,Auction,V4,"(86, 30)",1.3899120992900933,True,3.1540659228538033,1.0
50,Auction,V5,"(91, 86)",27.77076647959649,True,0.7888543819998333,1.0
50,Auction,V6,"(61, 72)",8.053604082596845,True,13.625,1.0
50,Auction,V7,"(53, 9)",13.30682878005387,False,0.0,2.0
50,Auction,V8,"(2, 66)",33.32130435121529,True,15.677050983124843,1.0
50,Auction,V9,"(96, 60)",30.093360548971397,True,15.43323108288245,1.0
50,Auction,V10,"(67, 34)",2.1380426009096,True,8.17413961617325,1.0
50,Q-Learning,V1,"(80, 77)",37.97964908143572,True,1.0110987927909676,1.0
50,Q-Learning,V2,"(44, 86)",40.35266065858823,True,9.976507309348598,1.0
50,Q-Learning,V3,"(67, 34)",15.242713057140882,True,17.038738819276993,1.0
50,Q-Learning,V4,"(99, 42)",2.270583827712702,True,2.6211781428987386,1.0
50,Q-Learning,V5,"(61, 72)",4.428505316840109,True,24.170679286326198,1.0
50,Q-Learning,V6,"(23, 30)",21.48061877189434,True,0.2096664960436776,1.0
50,Q-Learning,V7,"(49, 77)",12.635522903587294,False,0.0,2.0
50,Q-Learning,V8,"(88, 54)",45.06690932075893,True,3.474873734152915,1.0
50,Q-Learning,V9,"(53, 99)",23.178520634187336,True,22.248902380255167,1.0
50,Q-Learning,V10,"(86, 30)",5.6836564169778185,True,5.154065922853803,1.0
51,Greedy,V1,"(85, 63)",36.12452805611469,True,0.8754719438853087,1.0
51,Greedy,V2,"(60, 57)",44.37788513192818,True,5.520031960082182,1.0
51,Greedy,V3,"(90, 4)",24.206245127328653,True,7.222718234198158,1.0
51,Greedy,V4,"(78, 27)",0.5276265390075672,True,3.0163514831363294,1.0
51,Greedy,V5,"(70, 44)",2.397884773469933,True,26.105735008989498,1.0
51,Greedy,V6,"(44, 38)",7.533928145551229,True,12.89315783948112,1.0
51,Greedy,V7,"(5, 21)",0.9900110864881277,True,9.509988913511872,1.0
51,Greedy,V8,"(72, 28)",31.39423860267712,True,16.338540470448564,1.0
51,Greedy,V9,"(91, 0)",21.35753000145411,True,23.20848886648929,1.0
51,Greedy,V10,"(91, 29)",0.5931187905087292,True,8.697056274847714,1.0
51,Auction,V1,"(53, 99)",8.033594217866174,True,29.609383178178668,1.0
51,Auction,V2,"(99, 42)",45.4040268585242,True,5.034852574512463,1.0
51,Auction,V3,"(30, 36)",15.043984008040038,True,16.536590742882147,1.0
51,Auction,V4,"(86, 30)",1.3899120992900933,True,2.1540659228538033,1.0
51,Auction,V5,"(61, 69)",4.874390619769823,True,22.896375859826666,1.0
51,Auction,V6,"(61, 72)",8.053604082596845,True,12.625,1.0
51,Auction,V7,"(53, 9)",13.30682878005387,False,0.0,3.0
51,Auction,V8,"(2, 66)",33.32130435121529,True,14.677050983124843,1.0
51,Auction,V9,"(96, 60)",30.093360548971397,True,14.43323108288245,1.0
51,Auction,V10,"(67, 34)",2.1380426009096,True,7.17413961617325,1.0
51,Q-Learning,V1,"(80, 77)",37.97964908143572,True,0.011098792790967593,1.0
51,Q-Learning,V2,"(44, 86)",40.35266065858823,True,8.976507309348598,1.0
51,Q-Learning,V3,"(67, 34)",15.242713057140882,True,16.038738819276993,1.0
51,Q-Learning,V4,"(99, 42)",2.270583827712702,True,1.6211781428987386,1.0
51,Q-Learning,V5,"(61, 72)",4.428505316840109,True,23.170679286326198,1.0
51,Q-Learning,V6,"(30, 36)",5.328175714732726,True,16.152443057161612,1.0
51,Q-Learning,V7,"(49, 77)",12.635522903587294,False,0.0,3.0
51,Q-Learning,V8,"(88, 54)",45.06690932075893,True,2.474873734152915,1.0
51,Q-Learning,V9,"(53, 99)",23.178520634187336,True,21.248902380255167,1.0
51,Q-Learning,V10,"(86, 30)",5.6836564169778185,True,4.154065922853803,1.0
52,Greedy,V1,"(85, 63)",6.1194787099685755,True,30.005049346146116,1.0
52,Greedy,V2,"(60, 57)",44.37788513192818,True,4.520031960082182,1.0
52,Greedy,V3,"(90, 4)",24.206245127328653,True,6.222718234198158,1.0
52,Greedy,V4,"(78, 27)",0.5276265390075672,True,2.0163514831363294,1.0
52,Greedy,V5,"(70, 44)",2.397884773469933,True,25.105735008989498,1.0
52,Greedy,V6,"(44, 38)",7.533928145551229,True,11.89315783948112,1.0
52,Greedy,V7,"(5, 21)",0.9900110864881277,True,8.509988913511872,1.0
52,Greedy,V8,"(72, 28)",31.39423860267712,True,15.338540470448564,1.0
52,Greedy,V9,"(91, 0)",21.35753000145411,True,22.20848886648929,1.0
52,Greedy,V10,"(91, 29)",0.5931187905087292,True,7.697056274847714,1.0
52,Auction,V1,"(53, 99)",8.033594217866174,True,28.609383178178668,1.0
52,Auction,V2,"(99, 42)",45.4040268585242,True,4.034852574512463,1.0
52,Auction,V3,"(30, 36)",15.043984008040038,True,15.536590742882147,1.0
52,Auction,V4,"(86, 30)",1.3899120992900933,True,1.1540659228538033,1.0
52,Auction,V5,"(61, 69)",4.874390619769823,True,21.896375859826666,1.0
52,Auction,V6,"(61, 72)",8.053604082596845,True,11.625,1.0
52,Auction,V7,"(53, 9)",13.30682878005387,False,0.0,4.0
52,Auction,V8,"(2, 66)",33.32130435121529,True,13.677050983124843,1.0
52,Auction,V9,"(96, 60)",30.093360548971397,True,13.43323108288245,1.0
52,Auction,V10,"(67, 34)",2.1380426009096,True,6.17413961617325,1.0
52,Q-Learning,V1,"(96, 60)",8.197904061483214,True,29.781745019952503,1.0
52,Q-Learning,V2,"(44, 86)",40.35266065858823,True,7.976507309348598,1.0
52,Q-Learning,V3,"(67, 34)",15.242713057140882,True,15.038738819276993,1.0
52,Q-Learning,V4,"(99, 42)",2.270583827712702,True,0.6211781428987386,1.0
52,Q-Learning,V5,"(61, 72)",4.428505316840109,True,22.170679286326198,1.0
52,Q-Learning,V6,"(30, 36)",5.328175714732726,True,15.152443057161612,1.0
52,Q-Learning,V7,"(49, 77)",12.635522903587294,False,0.0,4.0
52,Q-Learning,V8,"(88, 54)",45.06690932075893,True,1.474873734152915,1.0
52,Q-Learning,V9,"(53, 99)",23.178520634187336,True,20.248902380255167,1.0
52,Q-Learning,V10,"(86, 30)",5.6836564169778185,True,3.1540659228538033,1.0
53,Greedy,V1,"(85, 63)",6.1194787099685755,True,29.005049346146116,1.0
53,Greedy,V2,"(60, 57)",44.37788513192818,True,3.520031960082182,1.0
53,Greedy,V3,"(90, 4)",24.206245127328653,True,5.222718234198158,1.0
53,Greedy,V4,"(78, 27)",0.5276265390075672,True,1.0163514831363294,1.0
53,Greedy,V5,"(70, 44)",2.397884773469933,True,24.105735008989498,1.0
53,Greedy,V6,"(44, 38)",7.533928145551229,True,10.89315783948112,1.0
53,Greedy,V7,"(5, 21)",0.9900110864881277,True,7.509988913511872,1.0
53,Greedy,V8,"(72, 28)",31.39423860267712,True,14.338540470448564,1.0
53,Greedy,V9,"(91, 0)",21.35753000145411,True,21.20848886648929,1.0
53,Greedy,V10,"(91, 29)",0.5931187905087292,True,6.697056274847714,1.0
53,Auction,V1,"(53, 99)",8.033594217866174,True,27.609383178178668,1.0
53,Auction,V2,"(99, 42)",45.4040268585242,True,3.0348525745124633,1.0
53,Auction,V3,"(30, 36)",15.043984008040038,True,14.536590742882147,1.0
53,Auction,V4,"(86, 30)",1.3899120992900933,True,0.15406592285380327,1.0
53,Auction,V5,"(61, 69)",4.874390619769823,True,20.896375859826666,1.0
53,Auction,V6,"(61, 72)",8.053604082596845,True,10.625,1.0
53,Auction,V7,"(32, 12)",0.18550843649422788,True,13.121320343559642,5.0
53,Auction,V8,"(2, 66)",33.32130435121529,True,12.677050983124843,1.0
53,Auction,V9,"(96, 60)",30.093360548971397,True,12.43323108288245,1.0
53,Auction,V10,"(67, 34)",2.1380426009096,True,5.17413961617325,1.0
53,Q-Learning,V1,"(96, 60)",8.197904061483214,True,28.781745019952503,1.0
53,Q-Learning,V2,"(44, 86)",40.35266065858823,True,6.976507309348598,1.0
53,Q-Learning,V3,"(67, 34)",15.242713057140882,True,14.038738819276993,1.0
53,Q-Learning,V4,"(99, 42)",2.270583827712702,False,0.0,1.0
53,Q-Learning,V5,"(61, 72)",4.428505316840109,True,21.170679286326198,1.0
53,Q-Learning,V6,"(30, 36)",5.328175714732726,True,14.152443057161612,1.0
53,Q-Learning,V7,"(49, 77)",12.635522903587294,False,0.0,5.0
53,Q-Learning,V8,"(88, 54)",45.06690932075893,True,0.474873734152915,1.0
53,Q-Learning,V9,"(53, 99)",23.178520634187336,True,19.248902380255167,1.0
53,Q-Learning,V10,"(86, 30)",5.6836564169778185,True,2.1540659228538033,1.0
54,Greedy,V1,"(85, 63)",6.1194787099685755,True,28.005049346146116,1.0
54,Greedy,V2,"(60, 57)",44.37788513192818,True,2.520031960082182,1.0
54,Greedy,V3,"(90, 4)",24.206245127328653,True,4.222718234198158,1.0
54,Greedy,V4,"(78, 27)",0.5276265390075672,True,0.016351483136329392,1.0
54,Greedy,V5,"(70, 44)",2.397884773469933,True,23.105735008989498,1.0
54,Greedy,V6,"(44, 38)",7.533928145551229,True,9.89315783948112,1.0
54,Greedy,V7,"(5, 21)",0.9900110864881277,True,6.509988913511872,1.0
54,Greedy,V8,"(72, 28)",31.39423860267712,True,13.338540470448564,1.0
54,Greedy,V9,"(91, 0)",21.35753000145411,True,20.20848886648929,1.0
54,Greedy,V10,"(91, 29)",0.5931187905087292,True,5.697056274847714,1.0
54,Auction,V1,"(53, 99)",8.033594217866174,True,26.609383178178668,1.0
54,Auction,V2,"(99, 42)",45.4040268585242,True,2.0348525745124633,1.0
54,Auction,V3,"(30, 36)",15.043984008040038,True,13.536590742882147,1.0
54,Auction,V4,"(86, 30)",1.3899120992900933,False,0.0,1.0
54,Auction,V5,"(61, 69)",4.874390619769823,True,19.896375859826666,1.0
54,Auction,V6,"(61, 72)",8.053604082596845,True,9.625,1.0
54,Auction,V7,"(32, 12)",0.18550843649422788,True,12.121320343559642,5.0
54,Auction,V8,"(2, 66)",33.32130435121529,True,11.677050983124843,1.0
54,Auction,V9,"(96, 60)",30.093360548971397,True,11.43323108288245,1.0
54,Auction,V10,"(67, 34)",2.1380426009096,True,4.17413961617325,1.0
54,Q-Learning,V1,"(96, 60)",8.197904061483214,True,27.781745019952503,1.0
54,Q-Learning,V2,"(44, 86)",40.35266065858823,True,5.976507309348598,1.0
54,Q-Learning,V3,"(67, 34)",15.242713057140882,True,13.038738819276993,1.0
54,Q-Learning,V4,"(99, 42)",2.270583827712702,False,0.0,2.0
54,Q-Learning,V5,"(61, 72)",4.428505316840109,True,20.170679286326198,1.0
54,Q-Learning,V6,"(30, 36)",5.328175714732726,True,13.152443057161612,1.0
54,Q-Learning,V7,"(49, 77)",12.635522903587294,False,0.0,6.0
54,Q-Learning,V8,"(65, 57)",16.26820256838733,True,28.7987067523716,1.0
54,Q-Learning,V9,"(53, 99)",23.178520634187336,True,18.248902380255167,1.0
54,Q-Learning,V10,"(86, 30)",5.6836564169778185,True,1.1540659228538033,1.0
55,Greedy,V1,"(85, 63)",6.1194787099685755,True,27.005049346146116,1.0
55,Greedy,V2,"(60, 57)",44.37788513192818,True,1.520031960082182,1.0
55,Greedy,V3,"(90, 4)",24.206245127328653,True,3.222718234198158,1.0
55,Greedy,V4,"(78, 27)",0.5276265390075672,False,0.0,1.0
55,Greedy,V5,"(70, 44)",2.397884773469933,True,22.105735008989498,1.0
55,Greedy,V6,"(44, 38)",7.533928145551229,True,8.89315783948112,1.0
55,Greedy,V7,"(5, 21)",0.9900110864881277,True,5.509988913511872,1.0
55,Greedy,V8,"(72, 28)",31.39423860267712,True,12.338540470448564,1.0
55,Greedy,V9,"(91, 0)",21.35753000145411,True,19.20848886648929,1.0
55,Greedy,V10,"(91, 29)",0.5931187905087292,True,4.697056274847714,1.0
55,Auction,V1,"(53, 99)",8.033594217866174,True,25.609383178178668,1.0
55,Auction,V2,"(99, 42)",45.4040268585242,True,1.0348525745124633,1.0
55,Auction,V3,"(30, 36)",15.043984008040038,True,12.536590742882147,1.0
55,Auction,V4,"(86, 30)",1.3899120992900933,False,0.0,2.0
55,Auction,V5,"(61, 69)",4.874390619769823,True,18.896375859826666,1.0
55,Auction,V6,"(61, 72)",8.053604082596845,True,8.625,1.0
55,Auction,V7,"(32, 12)",0.18550843649422788,True,11.121320343559642,5.0
55,Auction,V8,"(2, 66)",33.32130435121529,True,10.677050983124843,1.0
55,Auction,V9,"(96, 60)",30.093360548971397,True,10.43323108288245,1.0
55,Auction,V10,"(67, 34)",2.1380426009096,True,3.1741396161732496,1.0
55,Q-Learning,V1,"(96, 60)",8.197904061483214,True,26.781745019952503,1.0
55,Q-Learning,V2,"(44, 86)",40.35266065858823,True,4.976507309348598,1.0
55,Q-Learning,V3,"(67, 34)",15.242713057140882,True,12.038738819276993,1.0
55,Q-Learning,V4,"(99, 42)",2.270583827712702,False,0.0,3.0
55,Q-Learning,V5,"(61, 72)",4.428505316840109,True,19.170679286326198,1.0
55,Q-Learning,V6,"(30, 36)",5.328175714732726,True,12.152443057161612,1.0
55,Q-Learning,V7,"(49, 77)",12.635522903587294,False,0.0,7.0
55,Q-Learning,V8,"(65, 57)",16.26820256838733,True,27.7987067523716,1.0
55,Q-Learning,V9,"(53, 99)",23.178520634187336,True,17.248902380255167,1.0
55,Q-Learning,V10,"(86, 30)",5.6836564169778185,True,0.15406592285380327,1.0
56,Greedy,V1,"(85, 63)",6.1194787099685755,True,26.005049346146116,1.0
56,Greedy,V2,"(60, 57)",44.37788513192818,True,0.5200319600821821,1.0
56,Greedy,V3,"(90, 4)",24.206245127328653,True,2.222718234198158,1.0
56,Greedy,V4,"(78, 27)",0.5276265390075672,False,0.0,2.0
56,Greedy,V5,"(70, 44)",2.397884773469933,True,21.105735008989498,1.0
56,Greedy,V6,"(44, 38)",7.533928145551229,True,7.89315783948112,1.0
56,Greedy,V7,"(5, 21)",0.9900110864881277,True,4.509988913511872,1.0
56,Greedy,V8,"(72, 28)",31.39423860267712,True,11.338540470448564,1.0
56,Greedy,V9,"(91, 0)",21.35753000145411,True,18.20848886648929,1.0
56,Greedy,V10,"(91, 29)",0.5931187905087292,True,3.6970562748477143,1.0
56,Auction,V1,"(53, 99)",8.033594217866174,True,24.609383178178668,1.0
56,Auction,V2,"(99, 42)",45.4040268585242,True,0.034852574512463264,1.0
56,Auction,V3,"(30, 36)",15.043984008040038,True,11.536590742882147,1.0
56,Auction,V4,"(86, 30)",1.3899120992900933,False,0.0,3.0
56,Auction,V5,"(61, 69)",4.874390619769823,True,17.896375859826666,1.0
56,Auction,V6,"(61, 72)",8.053604082596845,True,7.625,1.0
56,Auction,V7,"(32, 12)",0.18550843649422788,True,10.121320343559642,5.0
56,Auction,V8,"(2, 66)",33.32130435121529,True,9.677050983124843,1.0
56,Auction,V9,"(96, 60)",30.093360548971397,True,9.43323108288245,1.0
56,Auction,V10,"(67, 34)",2.1380426009096,True,2.1741396161732496,1.0
56,Q-Learning,V1,"(96, 60)",8.197904061483214,True,25.781745019952503,1.0
56,Q-Learning,V2,"(44, 86)",40.35266065858823,True,3.976507309348598,1.0
56,Q-Learning,V3,"(67, 34)",15.242713057140882,True,11.038738819276993,1.0
56,Q-Learning,V4,"(99, 42)",2.270583827712702,False,0.0,4.0
56,Q-Learning,V5,"(61, 72)",4.428505316840109,True,18.170679286326198,1.0
56,Q-Learning,V6,"(30, 36)",5.328175714732726,True,11.152443057161612,1.0
56,Q-Learning,V7,"(49, 77)",12.635522903587294,False,0.0,8.0
56,Q-Learning,V8,"(65, 57)",16.26820256838733,True,26.7987067523716,1.0
56,Q-Learning,V9,"(53, 99)",23.178520634187336,True,16.248902380255167,1.0
56,Q-Learning,V10,"(86, 30)",5.6836564169778185,False,0.0,1.0
57,Greedy,V1,"(85, 63)",6.1194787099685755,True,25.005049346146116,1.0
57,Greedy,V2,"(60, 57)",10.237761341508381,True,34.1401237904198,1.0
57,Greedy,V3,"(90, 4)",24.206245127328653,True,1.2227182341981582,1.0
57,Greedy,V4,"(78, 27)",0.5276265390075672,False,0.0,3.0
57,Greedy,V5,"(70, 44)",2.397884773469933,True,20.105735008989498,1.0
57,Greedy,V6,"(44, 38)",7.533928145551229,True,6.89315783948112,1.0
57,Greedy,V7,"(5, 21)",0.9900110864881277,True,3.5099889135118723,1.0
57,Greedy,V8,"(72, 28)",31.39423860267712,True,10.338540470448564,1.0
57,Greedy,V9,"(91, 0)",21.35753000145411,True,17.20848886648929,1.0
57,Greedy,V10,"(91, 29)",0.5931187905087292,True,2.6970562748477143,1.0
57,Auction,V1,"(53, 99)",8.033594217866174,True,23.609383178178668,1.0
57,Auction,V2,"(85, 23)",16.45392092822271,True,28.950105930301486,1.0
57,Auction,V3,"(30, 36)",15.043984008040038,True,10.536590742882147,1.0
57,Auction,V4,"(86, 30)",1.3899120992900933,False,0.0,4.0
57,Auction,V5,"(61, 69)",4.874390619769823,True,16.896375859826666,1.0
57,Auction,V6,"(61, 72)",8.053604082596845,True,6.625,1.0
57,Auction,V7,"(32, 12)",0.18550843649422788,True,9.121320343559642,5.0
57,Auction,V8,"(2, 66)",33.32130435121529,True,8.677050983124843,1.0
57,Auction,V9,"(96, 60)",30.093360548971397,True,8.43323108288245,1.0
57,Auction,V10,"(67, 34)",2.1380426009096,True,1.1741396161732496,1.0
57,Q-Learning,V1,"(96, 60)",8.197904061483214,True,24.781745019952503,1.0
57,Q-Learning,V2,"(44, 86)",40.35266065858823,True,2.976507309348598,1.0
57,Q-Learning,V3,"(67, 34)",15.242713057140882,True,10.038738819276993,1.0
57,Q-Learning,V4,"(99, 42)",2.270583827712702,False,0.0,5.0
57,Q-Learning,V5,"(61, 72)",4.428505316840109,True,17.170679286326198,1.0
57,Q-Learning,V6,"(30, 36)",5.328175714732726,True,10.152443057161612,1.0
57,Q-Learning,V7,"(49, 77)",12.635522903587294,False,0.0,9.0
57,Q-Learning,V8,"(65, 57)",16.26820256838733,True,25.7987067523716,1.0
57,Q-Learning,V9,"(53, 99)",23.178520634187336,True,15.248902380255167,1.0
57,Q-Learning,V10,"(86, 30)",5.6836564169778185,False,0.0,2.0
58,Greedy,V1,"(85, 63)",6.1194787099685755,True,24.005049346146116,1.0
58,Greedy,V2,"(60, 57)",10.237761341508381,True,33.1401237904198,1.0
58,Greedy,V3,"(90, 4)",24.206245127328653,True,0.22271823419815817,1.0
58,Greedy,V4,"(78, 27)",0.5276265390075672,False,0.0,4.0
58,Greedy,V5,"(70, 44)",2.397884773469933,True,19.105735008989498,1.0
58,Greedy,V6,"(44, 38)",7.533928145551229,True,5.89315783948112,1.0
58,Greedy,V7,"(5, 21)",0.9900110864881277,True,2.5099889135118723,1.0
58,Greedy,V8,"(72, 28)",31.39423860267712,True,9.338540470448564,1.0
58,Greedy,V9,"(91, 0)",21.35753000145411,True,16.20848886648929,1.0
58,Greedy,V10,"(91, 29)",0.5931187905087292,True,1.6970562748477143,1.0
58,Auction,V1,"(53, 99)",8.033594217866174,True,22.609383178178668,1.0
58,Auction,V2,"(85, 23)",16.45392092822271,True,27.950105930301486,1.0
58,Auction,V3,"(30, 36)",15.043984008040038,True,9.536590742882147,1.0
58,Auction,V4,"(86, 30)",1.3899120992900933,False,0.0,5.0
58,Auction,V5,"(61, 69)",4.874390619769823,True,15.896375859826666,1.0
58,Auction,V6,"(61, 72)",8.053604082596845,True,5.625,1.0
58,Auction,V7,"(32, 12)",0.18550843649422788,True,8.121320343559642,5.0
58,Auction,V8,"(2, 66)",33.32130435121529,True,7.677050983124843,1.0
58,Auction,V9,"(96, 60)",30.093360548971397,True,7.43323108288245,1.0
58,Auction,V10,"(67, 34)",2.1380426009096,True,0.17413961617324958,1.0
58,Q-Learning,V1,"(96, 60)",8.197904061483214,True,23.781745019952503,1.0
58,Q-Learning,V2,"(44, 86)",40.35266065858823,True,1.976507309348598,1.0
58,Q-Learning,V3,"(67, 34)",15.242713057140882,True,9.038738819276993,1.0
58,Q-Learning,V4,"(99, 42)",2.270583827712702,False,0.0,6.0
58,Q-Learning,V5,"(61, 72)",4.428505316840109,True,16.170679286326198,1.0
58,Q-Learning,V6,"(30, 36)",5.328175714732726,True,9.152443057161612,1.0
58,Q-Learning,V7,"(49, 77)",12.635522903587294,False,0.0,10.0
58,Q-Learning,V8,"(65, 57)",16.26820256838733,True,24.7987067523716,1.0
58,Q-Learning,V9,"(53, 99)",23.178520634187336,True,14.248902380255167,1.0
58,Q-Learning,V10,"(86, 30)",5.6836564169778185,False,0.0,3.0
59,Greedy,V1,"(85, 63)",6.1194787099685755,True,23.005049346146116,1.0
59,Greedy,V2,"(60, 57)",10.237761341508381,True,32.1401237904198,1.0
59,Greedy,V3,"(90, 4)",3.4480576817923527,True,20.7581874455363,1.0
59,Greedy,V4,"(78, 27)",0.5276265390075672,False,0.0,5.0
59,Greedy,V5,"(70, 44)",2.397884773469933,True,18.105735008989498,1.0
59,Greedy,V6,"(44, 38)",7.533928145551229,True,4.89315783948112,1.0
59,Greedy,V7,"(5, 21)",0.9900110864881277,True,1.5099889135118723,1.0
59,Greedy,V8,"(72, 28)",31.39423860267712,True,8.338540470448564,1.0
59,Greedy,V9,"(91, 0)",21.35753000145411,True,15.20848886648929,1.0
59,Greedy,V10,"(91, 29)",0.5931187905087292,True,0.6970562748477143,1.0
59,Auction,V1,"(53, 99)",8.033594217866174,True,21.609383178178668,1.0
59,Auction,V2,"(85, 23)",16.45392092822271,True,26.950105930301486,1.0
59,Auction,V3,"(30, 36)",15.043984008040038,True,8.536590742882147,1.0
59,Auction,V4,"(86, 30)",1.3899120992900933,False,0.0,6.0
59,Auction,V5,"(61, 69)",4.874390619769823,True,14.896375859826666,1.0
59,Auction,V6,"(61, 72)",8.053604082596845,True,4.625,1.0
59,Auction,V7,"(32, 12)",0.18550843649422788,True,7.121320343559642,5.0
59,Auction,V8,"(2, 66)",33.32130435121529,True,6.677050983124843,1.0
59,Auction,V9,"(96, 60)",30.093360548971397,True,6.43323108288245,1.0
59,Auction,V10,"(67, 34)",2.1380426009096,False,0.0,1.0
59,Q-Learning,V1,"(96, 60)",8.197904061483214,True,22.781745019952503,1.0
59,Q-Learning,V2,"(44, 86)",40.35266065858823,True,0.9765073093485981,1.0
59,Q-Learning,V3,"(67, 34)",15.242713057140882,True,8.038738819276993,1.0
59,Q-Learning,V4,"(99, 42)",2.270583827712702,False,0.0,7.0
59,Q-Learning,V5,"(61, 72)",4.428505316840109,True,15.170679286326198,1.0
59,Q-Learning,V6,"(30, 36)",5.328175714732726,True,8.152443057161612,1.0
59,Q-Learning,V7,"(49, 77)",12.635522903587294,False,0.0,11.0
59,Q-Learning,V8,"(65, 57)",16.26820256838733,True,23.7987067523716,1.0
59,Q-Learning,V9,"(53, 99)",23.178520634187336,True,13.248902380255167,1.0
59,Q-Learning,V10,"(86, 30)",5.6836564169778185,False,0.0,4.0
60,Greedy,V1,"(85, 63)",6.1194787099685755,True,22.005049346146116,1.0
60,Greedy,V2,"(60, 57)",10.237761341508381,True,31.1401237904198,1.0
60,Greedy,V3,"(90, 4)",3.4480576817923527,True,19.7581874455363,1.0
60,Greedy,V4,"(78, 27)",0.5276265390075672,False,0.0,6.0
60,Greedy,V5,"(70, 44)",2.397884773469933,True,17.105735008989498,1.0
60,Greedy,V6,"(44, 38)",7.533928145551229,True,3.8931578394811197,1.0
60,Greedy,V7,"(5, 21)",0.9900110864881277,True,0.5099889135118723,1.0
60,Greedy,V8,"(72, 28)",31.39423860267712,True,7.338540470448564,1.0
60,Greedy,V9,"(91, 0)",21.35753000145411,True,14.20848886648929,1.0
60,Greedy,V10,"(91, 29)",0.5931187905087292,False,0.0,1.0
60,Auction,V1,"(53, 99)",8.033594217866174,True,20.609383178178668,1.0
60,Auction,V2,"(85, 23)",16.45392092822271,True,25.950105930301486,1.0
60,Auction,V3,"(30, 36)",15.043984008040038,True,7.536590742882147,1.0
60,Auction,V4,"(86, 30)",1.3899120992900933,False,0.0,7.0
60,Auction,V5,"(61, 69)",4.874390619769823,True,13.896375859826666,1.0
60,Auction,V6,"(61, 72)",8.053604082596845,True,3.625,1.0
60,Auction,V7,"(32, 12)",0.18550843649422788,True,6.121320343559642,5.0
60,Auction,V8,"(2, 66)",33.32130435121529,True,5.677050983124843,1.0
60,Auction,V9,"(96, 60)",30.093360548971397,True,5.43323108288245,1.0
60,Auction,V10,"(67, 34)",2.1380426009096,False,0.0,2.0
60,Q-Learning,V1,"(96, 60)",8.197904061483214,True,21.781745019952503,1.0
60,Q-Learning,V2,"(85, 23)",4.956850422105163,True,35.395810236483065,1.0
60,Q-Learning,V3,"(67, 34)",15.242713057140882,True,7.038738819276993,1.0
60,Q-Learning,V4,"(99, 42)",2.270583827712702,False,0.0,8.0
60,Q-Learning,V5,"(61, 72)",4.428505316840109,True,14.170679286326198,1.0
60,Q-Learning,V6,"(30, 36)",5.328175714732726,True,7.152443057161612,1.0
60,Q-Learning,V7,"(49, 77)",12.635522903587294,False,0.0,12.0
60,Q-Learning,V8,"(65, 57)",16.26820256838733,True,22.7987067523716,1.0
60,Q-Learning,V9,"(53, 99)",23.178520634187336,True,12.248902380255167,1.0
60,Q-Learning,V10,"(86, 30)",5.6836564169778185,False,0.0,5.0
61,Greedy,V1,"(85, 63)",6.1194787099685755,True,21.005049346146116,1.0
61,Greedy,V2,"(60, 57)",10.237761341508381,True,30.1401237904198,1.0
61,Greedy,V3,"(90, 4)",3.4480576817923527,True,18.7581874455363,1.0
61,Greedy,V4,"(78, 27)",0.5276265390075672,False,0.0,7.0
61,Greedy,V5,"(70, 44)",2.397884773469933,True,16.105735008989498,1.0
61,Greedy,V6,"(44, 38)",7.533928145551229,True,2.8931578394811197,1.0
61,Greedy,V7,"(5, 21)",0.9900110864881277,False,0.0,1.0
61,Greedy,V8,"(72, 28)",31.39423860267712,True,6.338540470448564,1.0
61,Greedy,V9,"(91, 0)",21.35753000145411,True,13.20848886648929,1.0
61,Greedy,V10,"(91, 29)",0.5931187905087292,False,0.0,2.0
61,Auction,V1,"(53, 99)",8.033594217866174,True,19.609383178178668,1.0
61,Auction,V2,"(85, 23)",16.45392092822271,True,24.950105930301486,1.0
61,Auction,V3,"(30, 36)",15.043984008040038,True,6.536590742882147,1.0
61,Auction,V4,"(86, 30)",1.3899120992900933,False,0.0,8.0
61,Auction,V5,"(61, 69)",4.874390619769823,True,12.896375859826666,1.0
61,Auction,V6,"(61, 72)",8.053604082596845,True,2.625,1.0
61,Auction,V7,"(32, 12)",0.18550843649422788,True,5.121320343559642,5.0
61,Auction,V8,"(2, 66)",33.32130435121529,True,4.677050983124843,1.0
61,Auction,V9,"(96, 60)",30.093360548971397,True,4.43323108288245,1.0
61,Auction,V10,"(67, 34)",2.1380426009096,False,0.0,3.0
61,Q-Learning,V1,"(96, 60)",8.197904061483214,True,20.781745019952503,1.0
61,Q-Learning,V2,"(85, 23)",4.956850422105163,True,34.395810236483065,1.0
61,Q-Learning,V3,"(67, 34)",15.242713057140882,True,6.038738819276993,1.0
61,Q-Learning,V4,"(99, 42)",2.270583827712702,False,0.0,9.0
61,Q-Learning,V5,"(61, 72)",4.428505316840109,True,13.170679286326198,1.0
61,Q-Learning,V6,"(30, 36)",5.328175714732726,True,6.152443057161612,1.0
61,Q-Learning,V7,"(49, 77)",12.635522903587294,False,0.0,13.0
61,Q-Learning,V8,"(65, 57)",16.26820256838733,True,21.7987067523716,1.0
61,Q-Learning,V9,"(53, 99)",23.178520634187336,True,11.248902380255167,1.0
61,Q-Learning,V10,"(86, 30)",5.6836564169778185,False,0.0,6.0
62,Greedy,V1,"(85, 63)",6.1194787099685755,True,20.005049346146116,1.0
62,Greedy,V2,"(60, 57)",10.237761341508381,True,29.1401237904198,1.0
62,Greedy,V3,"(90, 4)",3.4480576817923527,True,17.7581874455363,1.0
62,Greedy,V4,"(78, 27)",0.5276265390075672,False,0.0,8.0
62,Greedy,V5,"(70, 44)",2.397884773469933,True,15.105735008989498,1.0
62,Greedy,V6,"(44, 38)",7.533928145551229,True,1.8931578394811197,1.0
62,Greedy,V7,"(5, 21)",0.9900110864881277,False,0.0,2.0
62,Greedy,V8,"(72, 28)",31.39423860267712,True,5.338540470448564,1.0
62,Greedy,V9,"(91, 0)",21.35753000145411,True,12.20848886648929,1.0
62,Greedy,V10,"(91, 29)",0.5931187905087292,False,0.0,3.0
62,Auction,V1,"(53, 99)",8.033594217866174,True,18.609383178178668,1.0
62,Auction,V2,"(85, 23)",16.45392092822271,True,23.950105930301486,1.0
62,Auction,V3,"(30, 36)",15.043984008040038,True,5.536590742882147,1.0
62,Auction,V4,"(86, 30)",1.3899120992900933,False,0.0,9.0
62,Auction,V5,"(61, 69)",4.874390619769823,True,11.896375859826666,1.0
62,Auction,V6,"(61, 72)",8.053604082596845,True,1.625,1.0
62,Auction,V7,"(32, 12)",0.18550843649422788,True,4.121320343559642,5.0
62,Auction,V8,"(2, 66)",33.32130435121529,True,3.6770509831248432,1.0
62,Auction,V9,"(96, 60)",30.093360548971397,True,3.4332310828824504,1.0
62,Auction,V10,"(67, 34)",2.1380426009096,False,0.0,4.0
62,Q-Learning,V1,"(96, 60)",8.197904061483214,True,19.781745019952503,1.0
62,Q-Learning,V2,"(85, 23)",4.956850422105163,True,33.395810236483065,1.0
62,Q-Learning,V3,"(67, 34)",15.242713057140882,True,5.038738819276993,1.0
62,Q-Learning,V4,"(99, 42)",2.270583827712702,False,0.0,10.0
62,Q-Learning,V5,"(61, 72)",4.428505316840109,True,12.170679286326198,1.0
62,Q-Learning,V6,"(30, 36)",5.328175714732726,True,5.152443057161612,1.0
62,Q-Learning,V7,"(49, 77)",12.635522903587294,False,0.0,14.0
62,Q-Learning,V8,"(65, 57)",16.26820256838733,True,20.7987067523716,1.0
62,Q-Learning,V9,"(53, 99)",23.178520634187336,True,10.248902380255167,1.0
62,Q-Learning,V10,"(86, 30)",5.6836564169778185,False,0.0,7.0
63,Greedy,V1,"(85, 63)",6.1194787099685755,True,19.005049346146116,1.0
63,Greedy,V2,"(60, 57)",10.237761341508381,True,28.1401237904198,1.0
63,Greedy,V3,"(90, 4)",3.4480576817923527,True,16.7581874455363,1.0
63,Greedy,V4,"(78, 27)",0.5276265390075672,False,0.0,9.0
63,Greedy,V5,"(70, 44)",2.397884773469933,True,14.105735008989498,1.0
63,Greedy,V6,"(44, 38)",7.533928145551229,True,0.8931578394811197,1.0
63,Greedy,V7,"(5, 21)",0.9900110864881277,False,0.0,3.0
63,Greedy,V8,"(72, 28)",31.39423860267712,True,4.338540470448564,1.0
63,Greedy,V9,"(91, 0)",21.35753000145411,True,11.20848886648929,1.0
63,Greedy,V10,"(91, 29)",0.5931187905087292,False,0.0,4.0
63,Auction,V1,"(53, 99)",8.033594217866174,True,17.609383178178668,1.0
63,Auction,V2,"(85, 23)",16.45392092822271,True,22.950105930301486,1.0
63,Auction,V3,"(30, 36)",15.043984008040038,True,4.536590742882147,1.0
63,Auction,V4,"(86, 30)",1.3899120992900933,False,0.0,10.0
63,Auction,V5,"(61, 69)",4.874390619769823,True,10.896375859826666,1.0
63,Auction,V6,"(61, 72)",8.053604082596845,True,0.625,1.0
63,Auction,V7,"(32, 12)",0.18550843649422788,True,3.121320343559642,5.0
63,Auction,V8,"(2, 66)",33.32130435121529,True,2.6770509831248432,1.0
63,Auction,V9,"(96, 60)",30.093360548971397,True,2.4332310828824504,1.0
63,Auction,V10,"(67, 34)",2.1380426009096,False,0.0,5.0
63,Q-Learning,V1,"(96, 60)",8.197904061483214,True,18.781745019952503,1.0
63,Q-Learning,V2,"(85, 23)",4.956850422105163,True,32.395810236483065,1.0
63,Q-Learning,V3,"(67, 34)",15.242713057140882,True,4.038738819276993,1.0
63,Q-Learning,V4,"(99, 42)",2.270583827712702,False,0.0,11.0
63,Q-Learning,V5,"(61, 72)",4.428505316840109,True,11.170679286326198,1.0
63,Q-Learning,V6,"(30, 36)",5.328175714732726,True,4.152443057161612,1.0
63,Q-Learning,V7,"(53, 81)",1.0698374786380551,True,11.565685424949239,15.0
63,Q-Learning,V8,"(65, 57)",16.26820256838733,True,19.7987067523716,1.0
63,Q-Learning,V9,"(53, 99)",23.178520634187336,True,9.248902380255167,1.0
63,Q-Learning,V10,"(86, 30)",5.6836564169778185,False,0.0,8.0
64,Greedy,V1,"(85, 63)",6.1194787099685755,True,18.005049346146116,1.0
64,Greedy,V2,"(60, 57)",10.237761341508381,True,27.1401237904198,1.0
64,Greedy,V3,"(90, 4)",3.4480576817923527,True,15.7581874455363,1.0
64,Greedy,V4,"(78, 27)",0.5276265390075672,False,0.0,10.0
64,Greedy,V5,"(70, 44)",2.397884773469933,True,13.105735008989498,1.0
64,Greedy,V6,"(44, 38)",7.533928145551229,False,0.0,1.0
64,Greedy,V7,"(5, 21)",0.9900110864881277,False,0.0,4.0
64,Greedy,V8,"(72, 28)",31.39423860267712,True,3.3385404704485637,1.0
64,Greedy,V9,"(91, 0)",21.35753000145411,True,10.20848886648929,1.0
64,Greedy,V10,"(91, 29)",0.5931187905087292,False,0.0,5.0
64,Auction,V1,"(53, 99)",8.033594217866174,True,16.609383178178668,1.0
64,Auction,V2,"(85, 23)",16.45392092822271,True,21.950105930301486,1.0
64,Auction,V3,"(30, 36)",15.043984008040038,True,3.5365907428821473,1.0
64,Auction,V4,"(86, 30)",1.3899120992900933,False,0.0,11.0
64,Auction,V5,"(61, 69)",4.874390619769823,True,9.896375859826666,1.0
64,Auction,V6,"(61, 72)",8.053604082596845,False,0.0,1.0
64,Auction,V7,"(32, 12)",0.18550843649422788,True,2.121320343559642,5.0
64,Auction,V8,"(2, 66)",33.32130435121529,True,1.6770509831248432,1.0
64,Auction,V9,"(96, 60)",30.093360548971397,True,1.4332310828824504,1.0
64,Auction,V10,"(67, 34)",2.1380426009096,False,0.0,6.0
64,Q-Learning,V1,"(96, 60)",8.197904061483214,True,17.781745019952503,1.0
64,Q-Learning,V2,"(85, 23)",4.956850422105163,True,31.395810236483065,1.0
64,Q-Learning,V3,"(67, 34)",15.242713057140882,True,3.0387388192769933,1.0
64,Q-Learning,V4,"(99, 42)",2.270583827712702,False,0.0,12.0
64,Q-Learning,V5,"(61, 72)",4.428505316840109,True,10.170679286326198,1.0
64,Q-Learning,V6,"(30, 36)",5.328175714732726,True,3.152443057161612,1.0
64,Q-Learning,V7,"(53, 81)",1.0698374786380551,True,10.565685424949239,15.0
64,Q-Learning,V8,"(65, 57)",16.26820256838733,True,18.7987067523716,1.0
64,Q-Learning,V9,"(53, 99)",23.178520634187336,True,8.248902380255167,1.0
64,Q-Learning,V10,"(86, 30)",5.6836564169778185,False,0.0,9.0
65,Greedy,V1,"(85, 63)",6.1194787099685755,True,17.005049346146116,1.0
65,Greedy,V2,"(60, 57)",10.237761341508381,True,26.1401237904198,1.0
65,Greedy,V3,"(90, 4)",3.4480576817923527,True,14.7581874455363,1.0
65,Greedy,V4,"(78, 27)",0.5276265390075672,False,0.0,11.0
65,Greedy,V5,"(70, 44)",2.397884773469933,True,12.105735008989498,1.0
65,Greedy,V6,"(44, 38)",7.533928145551229,False,0.0,2.0
65,Greedy,V7,"(5, 21)",0.9900110864881277,False,0.0,5.0
65,Greedy,V8,"(72, 28)",31.39423860267712,True,2.3385404704485637,1.0
65,Greedy,V9,"(91, 0)",21.35753000145411,True,9.20848886648929,1.0
65,Greedy,V10,"(91, 29)",0.5931187905087292,False,0.0,6.0
65,Auction,V1,"(53, 99)",8.033594217866174,True,15.609383178178668,1.0
65,Auction,V2,"(85, 23)",16.45392092822271,True,20.950105930301486,1.0
65,Auction,V3,"(30, 36)",15.043984008040038,True,2.5365907428821473,1.0
65,Auction,V4,"(86, 30)",1.3899120992900933,False,0.0,12.0
65,Auction,V5,"(61, 69)",4.874390619769823,True,8.896375859826666,1.0
65,Auction,V6,"(61, 72)",8.053604082596845,False,0.0,2.0
65,Auction,V7,"(32, 12)",0.18550843649422788,True,1.121320343559642,5.0
65,Auction,V8,"(2, 66)",33.32130435121529,True,0.6770509831248432,1.0
65,Auction,V9,"(96, 60)",30.093360548971397,True,0.4332310828824504,1.0
65,Auction,V10,"(67, 34)",2.1380426009096,False,0.0,7.0
65,Q-Learning,V1,"(96, 60)",8.197904061483214,True,16.781745019952503,1.0
65,Q-Learning,V2,"(85, 23)",4.956850422105163,True,30.395810236483065,1.0
65,Q-Learning,V3,"(67, 34)",15.242713057140882,True,2.0387388192769933,1.0
65,Q-Learning,V4,"(99, 42)",2.270583827712702,False,0.0,13.0
65,Q-Learning,V5,"(61, 72)",4.428505316840109,True,9.170679286326198,1.0
65,Q-Learning,V6,"(30, 36)",5.328175714732726,True,2.152443057161612,1.0
65,Q-Learning,V7,"(53, 81)",1.0698374786380551,True,9.565685424949239,15.0
65,Q-Learning,V8,"(65, 57)",16.26820256838733,True,17.7987067523716,1.0
65,Q-Learning,V9,"(53, 99)",23.178520634187336,True,7.248902380255167,1.0
65,Q-Learning,V10,"(86, 30)",5.6836564169778185,False,0.0,10.0
66,Greedy,V1,"(85, 63)",6.1194787099685755,True,16.005049346146116,1.0
66,Greedy,V2,"(60, 57)",10.237761341508381,True,25.1401237904198,1.0
66,Greedy,V3,"(90, 4)",3.4480576817923527,True,13.7581874455363,1.0
66,Greedy,V4,"(78, 27)",0.5276265390075672,False,0.0,12.0
66,Greedy,V5,"(70, 44)",2.397884773469933,True,11.105735008989498,1.0
66,Greedy,V6,"(44, 38)",7.533928145551229,False,0.0,3.0
66,Greedy,V7,"(5, 21)",0.9900110864881277,False,0.0,6.0
66,Greedy,V8,"(72, 28)",31.39423860267712,True,1.3385404704485637,1.0
66,Greedy,V9,"(91, 0)",21.35753000145411,True,8.20848886648929,1.0
66,Greedy,V10,"(91, 29)",0.5931187905087292,False,0.0,7.0
66,Auction,V1,"(53, 99)",8.033594217866174,True,14.609383178178668,1.0
66,Auction,V2,"(85, 23)",16.45392092822271,True,19.950105930301486,1.0
66,Auction,V3,"(30, 36)",15.043984008040038,True,1.5365907428821473,1.0
66,Auction,V4,"(86, 30)",1.3899120992900933,False,0.0,13.0
66,Auction,V5,"(61, 69)",4.874390619769823,True,7.896375859826666,1.0
66,Auction,V6,"(61, 72)",8.053604082596845,False,0.0,3.0
66,Auction,V7,"(32, 12)",0.18550843649422788,True,0.12132034355964194,5.0
66,Auction,V8,"(3, 79)",15.061703148613965,True,18.259601202601324,1.0
66,Auction,V9,"(65, 57)",0.8643959480124224,True,29.228964600958975,1.0
66,Auction,V10,"(67, 34)",2.1380426009096,False,0.0,8.0
66,Q-Learning,V1,"(96, 60)",8.197904061483214,True,15.781745019952503,1.0
66,Q-Learning,V2,"(85, 23)",4.956850422105163,True,29.395810236483065,1.0
66,Q-Learning,V3,"(67, 34)",15.242713057140882,True,1.0387388192769933,1.0
66,Q-Learning,V4,"(99, 42)",2.270583827712702,False,0.0,14.0
66,Q-Learning,V5,"(61, 72)",4.428505316840109,True,8.170679286326198,1.0
66,Q-Learning,V6,"(30, 36)",5.328175714732726,True,1.1524430571616122,1.0
66,Q-Learning,V7,"(53, 81)",1.0698374786380551,True,8.565685424949239,15.0
66,Q-Learning,V8,"(65, 57)",16.26820256838733,True,16.7987067523716,1.0
66,Q-Learning,V9,"(53, 99)",23.178520634187336,True,6.248902380255167,1.0
66,Q-Learning,V10,"(86, 30)",5.6836564169778185,False,0.0,11.0
67,Greedy,V1,"(85, 63)",6.1194787099685755,True,15.005049346146116,1.0
67,Greedy,V2,"(60, 57)",10.237761341508381,True,24.1401237904198,1.0
67,Greedy,V3,"(90, 4)",3.4480576817923527,True,12.7581874455363,1.0
67,Greedy,V4,"(78, 27)",0.5276265390075672,False,0.0,13.0
67,Greedy,V5,"(70, 44)",2.397884773469933,True,10.105735008989498,1.0
67,Greedy,V6,"(44, 38)",7.533928145551229,False,0.0,4.0
67,Greedy,V7,"(5, 21)",0.9900110864881277,False,0.0,7.0
67,Greedy,V8,"(72, 28)",31.39423860267712,True,0.3385404704485637,1.0
67,Greedy,V9,"(91, 0)",21.35753000145411,True,7.20848886648929,1.0
67,Greedy,V10,"(91, 29)",0.5931187905087292,False,0.0,8.0
67,Auction,V1,"(53, 99)",8.033594217866174,True,13.609383178178668,1.0
67,Auction,V2,"(85, 23)",16.45392092822271,True,18.950105930301486,1.0
67,Auction,V3,"(30, 36)",15.043984008040038,True,0.5365907428821473,1.0
67,Auction,V4,"(86, 30)",1.3899120992900933,False,0.0,14.0
67,Auction,V5,"(61, 69)",4.874390619769823,True,6.896375859826666,1.0
67,Auction,V6,"(61, 72)",8.053604082596845,False,0.0,4.0
67,Auction,V7,"(32, 12)",0.18550843649422788,False,0.0,5.0
67,Auction,V8,"(3, 79)",15.061703148613965,True,17.259601202601324,1.0
67,Auction,V9,"(65, 57)",0.8643959480124224,True,28.228964600958975,1.0
67,Auction,V10,"(67, 34)",2.1380426009096,False,0.0,9.0
67,Q-Learning,V1,"(96, 60)",8.197904061483214,True,14.781745019952503,1.0
67,Q-Learning,V2,"(85, 23)",4.956850422105163,True,28.395810236483065,1.0
67,Q-Learning,V3,"(67, 34)",15.242713057140882,True,0.0387388192769933,1.0
67,Q-Learning,V4,"(99, 42)",2.270583827712702,False,0.0,15.0
67,Q-Learning,V5,"(61, 72)",4.428505316840109,True,7.170679286326198,1.0
67,Q-Learning,V6,"(30, 36)",5.328175714732726,True,0.15244305716161222,1.0
67,Q-Learning,V7,"(53, 81)",1.0698374786380551,True,7.565685424949239,15.0
67,Q-Learning,V8,"(65, 57)",16.26820256838733,True,15.7987067523716,1.0
67,Q-Learning,V9,"(53, 99)",23.178520634187336,True,5.248902380255167,1.0
67,Q-Learning,V10,"(86, 30)",5.6836564169778185,False,0.0,12.0
68,Greedy,V1,"(85, 63)",6.1194787099685755,True,14.005049346146116,1.0
68,Greedy,V2,"(60, 57)",10.237761341508381,True,23.1401237904198,1.0
68,Greedy,V3,"(90, 4)",3.4480576817923527,True,11.7581874455363,1.0
68,Greedy,V4,"(78, 27)",0.5276265390075672,False,0.0,14.0
68,Greedy,V5,"(70, 44)",2.397884773469933,True,9.105735008989498,1.0
68,Greedy,V6,"(44, 38)",7.533928145551229,False,0.0,5.0
68,Greedy,V7,"(5, 21)",0.9900110864881277,False,0.0,8.0
68,Greedy,V8,"(72, 28)",0.13604408300999182,True,31.25819451966713,1.0
68,Greedy,V9,"(91, 0)",21.35753000145411,True,6.20848886648929,1.0
68,Greedy,V10,"(91, 29)",0.5931187905087292,False,0.0,9.0
68,Auction,V1,"(53, 99)",8.033594217866174,True,12.609383178178668,1.0
68,Auction,V2,"(85, 23)",16.45392092822271,True,17.950105930301486,1.0
68,Auction,V3,"(30, 36)",15.043984008040038,False,0.0,1.0
68,Auction,V4,"(86, 30)",1.3899120992900933,False,0.0,15.0
68,Auction,V5,"(61, 69)",4.874390619769823,True,5.896375859826666,1.0
68,Auction,V6,"(61, 72)",8.053604082596845,False,0.0,5.0
68,Auction,V7,"(32, 12)",0.18550843649422788,False,0.0,6.0
68,Auction,V8,"(3, 79)",15.061703148613965,True,16.259601202601324,1.0
68,Auction,V9,"(65, 57)",0.8643959480124224,True,27.228964600958975,1.0
68,Auction,V10,"(67, 34)",2.1380426009096,False,0.0,10.0
68,Q-Learning,V1,"(96, 60)",8.197904061483214,True,13.781745019952503,1.0
68,Q-Learning,V2,"(85, 23)",4.956850422105163,True,27.395810236483065,1.0
68,Q-Learning,V3,"(67, 34)",15.242713057140882,False,0.0,1.0
68,Q-Learning,V4,"(99, 42)",2.270583827712702,False,0.0,16.0
68,Q-Learning,V5,"(61, 72)",4.428505316840109,True,6.170679286326198,1.0
68,Q-Learning,V6,"(30, 36)",5.328175714732726,False,0.0,1.0
68,Q-Learning,V7,"(53, 81)",1.0698374786380551,True,6.565685424949239,15.0
68,Q-Learning,V8,"(65, 57)",16.26820256838733,True,14.7987067523716,1.0
68,Q-Learning,V9,"(53, 99)",23.178520634187336,True,4.248902380255167,1.0
68,Q-Learning,V10,"(86, 30)",5.6836564169778185,False,0.0,13.0
69,Greedy,V1,"(85, 63)",6.1194787099685755,True,13.005049346146116,1.0
69,Greedy,V2,"(60, 57)",10.237761341508381,True,22.1401237904198,1.0
69,Greedy,V3,"(90, 4)",3.4480576817923527,True,10.7581874455363,1.0
69,Greedy,V4,"(78, 27)",0.5276265390075672,False,0.0,15.0
69,Greedy,V5,"(70, 44)",2.397884773469933,True,8.105735008989498,1.0
69,Greedy,V6,"(44, 38)",7.533928145551229,False,0.0,6.0
69,Greedy,V7,"(5, 21)",0.9900110864881277,False,0.0,9.0
69,Greedy,V8,"(72, 28)",0.13604408300999182,True,30.25819451966713,1.0
69,Greedy,V9,"(91, 0)",21.35753000145411,True,5.20848886648929,1.0
69,Greedy,V10,"(91, 29)",0.5931187905087292,False,0.0,10.0
69,Auction,V1,"(53, 99)",8.033594217866174,True,11.609383178178668,1.0
69,Auction,V2,"(85, 23)",16.45392092822271,True,16.950105930301486,1.0
69,Auction,V3,"(30, 36)",15.043984008040038,False,0.0,2.0
69,Auction,V4,"(86, 30)",1.3899120992900933,False,0.0,16.0
69,Auction,V5,"(61, 69)",4.874390619769823,True,4.896375859826666,1.0
69,Auction,V6,"(61, 72)",8.053604082596845,False,0.0,6.0
69,Auction,V7,"(32, 12)",0.18550843649422788,False,0.0,7.0
69,Auction,V8,"(3, 79)",15.061703148613965,True,15.259601202601324,1.0
69,Auction,V9,"(65, 57)",0.8643959480124224,True,26.228964600958975,1.0
69,Auction,V10,"(67, 34)",2.1380426009096,False,0.0,11.0
69,Q-Learning,V1,"(96, 60)",8.197904061483214,True,12.781745019952503,1.0
69,Q-Learning,V2,"(85, 23)",4.956850422105163,True,26.395810236483065,1.0
69,Q-Learning,V3,"(67, 34)",15.242713057140882,False,0.0,2.0
69,Q-Learning,V4,"(99, 42)",2.270583827712702,False,0.0,17.0
69,Q-Learning,V5,"(61, 72)",4.428505316840109,True,5.170679286326198,1.0
69,Q-Learning,V6,"(30, 36)",5.328175714732726,False,0.0,2.0
69,Q-Learning,V7,"(53, 81)",1.0698374786380551,True,5.565685424949239,15.0
69,Q-Learning,V8,"(65, 57)",16.26820256838733,True,13.7987067523716,1.0
69,Q-Learning,V9,"(53, 99)",23.178520634187336,True,3.248902380255167,1.0
69,Q-Learning,V10,"(86, 30)",5.6836564169778185,False,0.0,14.0
70,Greedy,V1,"(85, 63)",6.1194787099685755,True,12.005049346146116,1.0
70,Greedy,V2,"(60, 57)",10.237761341508381,True,21.1401237904198,1.0
70,Greedy,V3,"(90, 4)",3.4480576817923527,True,9.7581874455363,1.0
70,Greedy,V4,"(78, 27)",0.5276265390075672,False,0.0,16.0
70,Greedy,V5,"(70, 44)",2.397884773469933,True,7.105735008989498,1.0
70,Greedy,V6,"(44, 38)",7.533928145551229,False,0.0,7.0
70,Greedy,V7,"(5, 21)",0.9900110864881277,False,0.0,10.0
70,Greedy,V8,"(72, 28)",0.13604408300999182,True,29.25819451966713,1.0
70,Greedy,V9,"(91, 0)",21.35753000145411,True,4.20848886648929,1.0
70,Greedy,V10,"(91, 29)",0.5931187905087292,False,0.0,11.0
70,Auction,V1,"(53, 99)",8.033594217866174,True,10.609383178178668,1.0
70,Auction,V2,"(85, 23)",16.45392092822271,True,15.950105930301486,1.0
70,Auction,V3,"(30, 36)",15.043984008040038,False,0.0,3.0
70,Auction,V4,"(86, 30)",1.3899120992900933,False,0.0,17.0
70,Auction,V5,"(61, 69)",4.874390619769823,True,3.896375859826666,1.0
70,Auction,V6,"(61, 72)",8.053604082596845,False,0.0,7.0
70,Auction,V7,"(32, 12)",0.18550843649422788,False,0.0,8.0
70,Auction,V8,"(3, 79)",15.061703148613965,True,14.259601202601324,1.0
70,Auction,V9,"(65, 57)",0.8643959480124224,True,25.228964600958975,1.0
70,Auction,V10,"(67, 34)",2.1380426009096,False,0.0,12.0
70,Q-Learning,V1,"(96, 60)",8.197904061483214,True,11.781745019952503,1.0
70,Q-Learning,V2,"(85, 23)",4.956850422105163,True,25.395810236483065,1.0
70,Q-Learning,V3,"(67, 34)",15.242713057140882,False,0.0,3.0
70,Q-Learning,V4,"(99, 42)",2.270583827712702,False,0.0,18.0
70,Q-Learning,V5,"(61, 72)",4.428505316840109,True,4.170679286326198,1.0
70,Q-Learning,V6,"(30, 36)",5.328175714732726,False,0.0,3.0
70,Q-Learning,V7,"(53, 81)",1.0698374786380551,True,4.565685424949239,15.0
70,Q-Learning,V8,"(65, 57)",16.26820256838733,True,12.7987067523716,1.0
70,Q-Learning,V9,"(53, 99)",23.178520634187336,True,2.248902380255167,1.0
70,Q-Learning,V10,"(86, 30)",5.6836564169778185,False,0.0,15.0
71,Greedy,V1,"(85, 63)",6.1194787099685755,True,11.005049346146116,1.0
71,Greedy,V2,"(60, 57)",10.237761341508381,True,20.1401237904198,1.0
71,Greedy,V3,"(90, 4)",3.4480576817923527,True,8.7581874455363,1.0
71,Greedy,V4,"(78, 27)",0.5276265390075672,False,0.0,17.0
71,Greedy,V5,"(70, 44)",2.397884773469933,True,6.105735008989498,1.0
71,Greedy,V6,"(44, 38)",7.533928145551229,False,0.0,8.0
71,Greedy,V7,"(5, 21)",0.9900110864881277,False,0.0,11.0
71,Greedy,V8,"(72, 28)",0.13604408300999182,True,28.25819451966713,1.0
71,Greedy,V9,"(91, 0)",21.35753000145411,True,3.20848886648929,1.0
71,Greedy,V10,"(91, 29)",0.5931187905087292,False,0.0,12.0
71,Auction,V1,"(53, 99)",8.033594217866174,True,9.609383178178668,1.0
71,Auction,V2,"(85, 23)",16.45392092822271,True,14.950105930301486,1.0
71,Auction,V3,"(30, 36)",15.043984008040038,False,0.0,4.0
71,Auction,V4,"(86, 30)",1.3899120992900933,False,0.0,18.0
71,Auction,V5,"(61, 69)",4.874390619769823,True,2.896375859826666,1.0
71,Auction,V6,"(61, 72)",8.053604082596845,False,0.0,8.0
71,Auction,V7,"(32, 12)",0.18550843649422788,False,0.0,9.0
71,Auction,V8,"(3, 79)",15.061703148613965,True,13.259601202601324,1.0
71,Auction,V9,"(65, 57)",0.8643959480124224,True,24.228964600958975,1.0
71,Auction,V10,"(67, 34)",2.1380426009096,False,0.0,13.0
71,Q-Learning,V1,"(96, 60)",8.197904061483214,True,10.781745019952503,1.0
71,Q-Learning,V2,"(85, 23)",4.956850422105163,True,24.395810236483065,1.0
71,Q-Learning,V3,"(67, 34)",15.242713057140882,False,0.0,4.0
71,Q-Learning,V4,"(99, 42)",2.270583827712702,False,0.0,19.0
71,Q-Learning,V5,"(61, 72)",4.428505316840109,True,3.170679286326198,1.0
71,Q-Learning,V6,"(30, 36)",5.328175714732726,False,0.0,4.0
71,Q-Learning,V7,"(53, 81)",1.0698374786380551,True,3.5656854249492387,15.0
71,Q-Learning,V8,"(65, 57)",16.26820256838733,True,11.7987067523716,1.0
71,Q-Learning,V9,"(53, 99)",23.178520634187336,True,1.248902380255167,1.0
71,Q-Learning,V10,"(86, 30)",5.6836564169778185,False,0.0,16.0
72,Greedy,V1,"(85, 63)",6.1194787099685755,True,10.005049346146116,1.0
72,Greedy,V2,"(60, 57)",10.237761341508381,True,19.1401237904198,1.0
72,Greedy,V3,"(90, 4)",3.4480576817923527,True,7.758187445536301,1.0
72,Greedy,V4,"(78, 27)",0.5276265390075672,False,0.0,18.0
72,Greedy,V5,"(70, 44)",2.397884773469933,True,5.105735008989498,1.0
72,Greedy,V6,"(44, 38)",7.533928145551229,False,0.0,9.0
72,Greedy,V7,"(5, 21)",0.9900110864881277,False,0.0,12.0
72,Greedy,V8,"(72, 28)",0.13604408300999182,True,27.25819451966713,1.0
72,Greedy,V9,"(91, 0)",21.35753000145411,True,2.20848886648929,1.0
72,Greedy,V10,"(91, 29)",0.5931187905087292,False,0.0,13.0
72,Auction,V1,"(53, 99)",8.033594217866174,True,8.609383178178668,1.0
72,Auction,V2,"(85, 23)",16.45392092822271,True,13.950105930301486,1.0
72,Auction,V3,"(30, 36)",15.043984008040038,False,0.0,5.0
72,Auction,V4,"(86, 30)",1.3899120992900933,False,0.0,19.0
72,Auction,V5,"(61, 69)",4.874390619769823,True,1.8963758598266658,1.0
72,Auction,V6,"(61, 72)",8.053604082596845,False,0.0,9.0
72,Auction,V7,"(32, 12)",0.18550843649422788,False,0.0,10.0
72,Auction,V8,"(3, 79)",15.061703148613965,True,12.259601202601324,1.0
72,Auction,V9,"(65, 57)",0.8643959480124224,True,23.228964600958975,1.0
72,Auction,V10,"(67, 34)",2.1380426009096,False,0.0,14.0
72,Q-Learning,V1,"(96, 60)",8.197904061483214,True,9.781745019952503,1.0
72,Q-Learning,V2,"(85, 23)",4.956850422105163,True,23.395810236483065,1.0
72,Q-Learning,V3,"(67, 34)",15.242713057140882,False,0.0,5.0
72,Q-Learning,V4,"(99, 42)",2.270583827712702,False,0.0,20.0
72,Q-Learning,V5,"(61, 72)",4.428505316840109,True,2.170679286326198,1.0
72,Q-Learning,V6,"(30, 36)",5.328175714732726,False,0.0,5.0
72,Q-Learning,V7,"(53, 81)",1.0698374786380551,True,2.5656854249492387,15.0
72,Q-Learning,V8,"(65, 57)",16.26820256838733,True,10.7987067523716,1.0
72,Q-Learning,V9,"(53, 99)",23.178520634187336,True,0.2489023802551671,1.0
72,Q-Learning,V10,"(86, 30)",5.6836564169778185,False,0.0,17.0
73,Greedy,V1,"(85, 63)",6.1194787099685755,True,9.005049346146116,1.0
73,Greedy,V2,"(60, 57)",10.237761341508381,True,18.1401237904198,1.0
73,Greedy,V3,"(90, 4)",3.4480576817923527,True,6.758187445536301,1.0
73,Greedy,V4,"(78, 27)",0.5276265390075672,False,0.0,19.0
73,Greedy,V5,"(70, 44)",2.397884773469933,True,4.105735008989498,1.0
73,Greedy,V6,"(44, 38)",7.533928145551229,False,0.0,10.0
73,Greedy,V7,"(5, 21)",0.9900110864881277,False,0.0,13.0
73,Greedy,V8,"(72, 28)",0.13604408300999182,True,26.25819451966713,1.0
73,Greedy,V9,"(91, 0)",21.35753000145411,True,1.20848886648929,1.0
73,Greedy,V10,"(91, 29)",0.5931187905087292,False,0.0,14.0
73,Auction,V1,"(53, 99)",8.033594217866174,True,7.609383178178668,1.0
73,Auction,V2,"(85, 23)",16.45392092822271,True,12.950105930301486,1.0
73,Auction,V3,"(30, 36)",15.043984008040038,False,0.0,6.0
73,Auction,V4,"(86, 30)",1.3899120992900933,False,0.0,20.0
73,Auction,V5,"(61, 69)",4.874390619769823,True,0.8963758598266658,1.0
73,Auction,V6,"(61, 72)",8.053604082596845,False,0.0,10.0
73,Auction,V7,"(32, 12)",0.18550843649422788,False,0.0,11.0
73,Auction,V8,"(3, 79)",15.061703148613965,True,11.259601202601324,1.0
73,Auction,V9,"(65, 57)",0.8643959480124224,True,22.228964600958975,1.0
73,Auction,V10,"(67, 34)",2.1380426009096,False,0.0,15.0
73,Q-Learning,V1,"(96, 60)",8.197904061483214,True,8.781745019952503,1.0
73,Q-Learning,V2,"(85, 23)",4.956850422105163,True,22.395810236483065,1.0
73,Q-Learning,V3,"(67, 34)",15.242713057140882,False,0.0,6.0
73,Q-Learning,V4,"(99, 42)",2.270583827712702,False,0.0,21.0
73,Q-Learning,V5,"(61, 72)",4.428505316840109,True,1.170679286326198,1.0
73,Q-Learning,V6,"(30, 36)",5.328175714732726,False,0.0,6.0
73,Q-Learning,V7,"(53, 81)",1.0698374786380551,True,1.5656854249492387,15.0
73,Q-Learning,V8,"(65, 57)",16.26820256838733,True,9.7987067523716,1.0
73,Q-Learning,V9,"(61, 69)",0.9688507556833272,True,22.20966987850401,1.0
73,Q-Learning,V10,"(86, 30)",5.6836564169778185,False,0.0,18.0
74,Greedy,V1,"(85, 63)",6.1194787099685755,True,8.005049346146116,1.0
74,Greedy,V2,"(60, 57)",10.237761341508381,True,17.1401237904198,1.0
74,Greedy,V3,"(90, 4)",3.4480576817923527,True,5.758187445536301,1.0
74,Greedy,V4,"(78, 27)",0.5276265390075672,False,0.0,20.0
74,Greedy,V5,"(70, 44)",2.397884773469933,True,3.105735008989498,1.0
74,Greedy,V6,"(44, 38)",7.533928145551229,False,0.0,11.0
74,Greedy,V7,"(5, 21)",0.9900110864881277,False,0.0,14.0
74,Greedy,V8,"(72, 28)",0.13604408300999182,True,25.25819451966713,1.0
74,Greedy,V9,"(91, 0)",21.35753000145411,True,0.2084888664892901,1.0
74,Greedy,V10,"(91, 29)",0.5931187905087292,False,0.0,15.0
74,Auction,V1,"(53, 99)",8.033594217866174,True,6.609383178178668,1.0
74,Auction,V2,"(85, 23)",16.45392092822271,True,11.950105930301486,1.0
74,Auction,V3,"(30, 36)",15.043984008040038,False,0.0,7.0
74,Auction,V4,"(86, 30)",1.3899120992900933,False,0.0,21.0
74,Auction,V5,"(61, 69)",4.874390619769823,False,0.0,1.0
74,Auction,V6,"(61, 72)",8.053604082596845,False,0.0,11.0
74,Auction,V7,"(32, 12)",0.18550843649422788,False,0.0,12.0
74,Auction,V8,"(3, 79)",15.061703148613965,True,10.259601202601324,1.0
74,Auction,V9,"(65, 57)",0.8643959480124224,True,21.228964600958975,1.0
74,Auction,V10,"(67, 34)",2.1380426009096,False,0.0,16.0
74,Q-Learning,V1,"(96, 60)",8.197904061483214,True,7.781745019952503,1.0
74,Q-Learning,V2,"(85, 23)",4.956850422105163,True,21.395810236483065,1.0
74,Q-Learning,V3,"(67, 34)",15.242713057140882,False,0.0,7.0
74,Q-Learning,V4,"(99, 42)",2.270583827712702,False,0.0,22.0
74,Q-Learning,V5,"(61, 72)",4.428505316840109,True,0.1706792863261981,1.0
74,Q-Learning,V6,"(30, 36)",5.328175714732726,False,0.0,7.0
74,Q-Learning,V7,"(53, 81)",1.0698374786380551,True,0.5656854249492387,15.0
74,Q-Learning,V8,"(65, 57)",16.26820256838733,True,8.7987067523716,1.0
74,Q-Learning,V9,"(61, 69)",0.9688507556833272,True,21.20966987850401,1.0
74,Q-Learning,V10,"(86, 30)",5.6836564169778185,False,0.0,19.0
75,Greedy,V1,"(85, 63)",6.1194787099685755,True,7.005049346146116,1.0
75,Greedy,V2,"(60, 57)",10.237761341508381,True,16.1401237904198,1.0
75,Greedy,V3,"(90, 4)",3.4480576817923527,True,4.758187445536301,1.0
75,Greedy,V4,"(78, 27)",0.5276265390075672,False,0.0,21.0
75,Greedy,V5,"(70, 44)",2.397884773469933,True,2.105735008989498,1.0
75,Greedy,V6,"(44, 38)",7.533928145551229,False,0.0,12.0
75,Greedy,V7,"(5, 21)",0.9900110864881277,False,0.0,15.0
75,Greedy,V8,"(72, 28)",0.13604408300999182,True,24.25819451966713,1.0
75,Greedy,V9,"(91, 0)",1.4482153203764447,True,19.909314681077664,1.0
75,Greedy,V10,"(91, 29)",0.5931187905087292,False,0.0,16.0
75,Auction,V1,"(53, 99)",8.033594217866174,True,5.609383178178668,1.0
75,Auction,V2,"(85, 23)",16.45392092822271,True,10.950105930301486,1.0
75,Auction,V3,"(30, 36)",15.043984008040038,False,0.0,8.0
75,Auction,V4,"(86, 30)",1.3899120992900933,False,0.0,22.0
75,Auction,V5,"(61, 69)",4.874390619769823,False,0.0,2.0
75,Auction,V6,"(61, 72)",8.053604082596845,False,0.0,12.0
75,Auction,V7,"(32, 12)",0.18550843649422788,False,0.0,13.0
75,Auction,V8,"(3, 79)",15.061703148613965,True,9.259601202601324,1.0
75,Auction,V9,"(65, 57)",0.8643959480124224,True,20.228964600958975,1.0
75,Auction,V10,"(67, 34)",2.1380426009096,False,0.0,17.0
75,Q-Learning,V1,"(96, 60)",8.197904061483214,True,6.781745019952503,1.0
75,Q-Learning,V2,"(85, 23)",4.956850422105163,True,20.395810236483065,1.0
75,Q-Learning,V3,"(67, 34)",15.242713057140882,False,0.0,8.0
75,Q-Learning,V4,"(99, 42)",2.270583827712702,False,0.0,23.0
75,Q-Learning,V5,"(61, 72)",4.428505316840109,False,0.0,1.0
75,Q-Learning,V6,"(30, 36)",5.328175714732726,False,0.0,8.0
75,Q-Learning,V7,"(53, 81)",1.0698374786380551,False,0.0,15.0
75,Q-Learning,V8,"(65, 57)",16.26820256838733,True,7.798706752371601,1.0
75,Q-Learning,V9,"(61, 69)",0.9688507556833272,True,20.20966987850401,1.0
75,Q-Learning,V10,"(86, 30)",5.6836564169778185,False,0.0,20.0
76,Greedy,V1,"(85, 63)",6.1194787099685755,True,6.005049346146116,1.0
76,Greedy,V2,"(60, 57)",10.237761341508381,True,15.1401237904198,1.0
76,Greedy,V3,"(90, 4)",3.4480576817923527,True,3.7581874455363007,1.0
76,Greedy,V4,"(78, 27)",0.5276265390075672,False,0.0,22.0
76,Greedy,V5,"(70, 44)",2.397884773469933,True,1.1057350089894982,1.0
76,Greedy,V6,"(44, 38)",7.533928145551229,False,0.0,13.0
76,Greedy,V7,"(5, 21)",0.9900110864881277,False,0.0,16.0
76,Greedy,V8,"(72, 28)",0.13604408300999182,True,23.25819451966713,1.0
76,Greedy,V9,"(91, 0)",1.4482153203764447,True,18.909314681077664,1.0
76,Greedy,V10,"(91, 29)",0.5931187905087292,False,0.0,17.0
76,Auction,V1,"(53, 99)",8.033594217866174,True,4.609383178178668,1.0
76,Auction,V2,"(85, 23)",16.45392092822271,True,9.950105930301486,1.0
76,Auction,V3,"(30, 36)",15.043984008040038,False,0.0,9.0
76,Auction,V4,"(86, 30)",1.3899120992900933,False,0.0,23.0
76,Auction,V5,"(61, 69)",4.874390619769823,False,0.0,3.0
76,Auction,V6,"(61, 72)",8.053604082596845,False,0.0,13.0
76,Auction,V7,"(32, 12)",0.18550843649422788,False,0.0,14.0
76,Auction,V8,"(3, 79)",15.061703148613965,True,8.259601202601324,1.0
76,Auction,V9,"(65, 57)",0.8643959480124224,True,19.228964600958975,1.0
76,Auction,V10,"(67, 34)",2.1380426009096,False,0.0,18.0
76,Q-Learning,V1,"(96, 60)",8.197904061483214,True,5.781745019952503,1.0
76,Q-Learning,V2,"(85, 23)",4.956850422105163,True,19.395810236483065,1.0
76,Q-Learning,V3,"(67, 34)",15.242713057140882,False,0.0,9.0
76,Q-Learning,V4,"(99, 42)",2.270583827712702,False,0.0,24.0
76,Q-Learning,V5,"(61, 72)",4.428505316840109,False,0.0,2.0
76,Q-Learning,V6,"(30, 36)",5.328175714732726,False,0.0,9.0
76,Q-Learning,V7,"(53, 81)",1.0698374786380551,False,0.0,16.0
76,Q-Learning,V8,"(65, 57)",16.26820256838733,True,6.798706752371601,1.0
76,Q-Learning,V9,"(61, 69)",0.9688507556833272,True,19.20966987850401,1.0
76,Q-Learning,V10,"(86, 30)",5.6836564169778185,False,0.0,21.0
77,Greedy,V1,"(85, 63)",6.1194787099685755,True,5.005049346146116,1.0
77,Greedy,V2,"(60, 57)",10.237761341508381,True,14.1401237904198,1.0
77,Greedy,V3,"(90, 4)",3.4480576817923527,True,2.7581874455363007,1.0
77,Greedy,V4,"(78, 27)",0.5276265390075672,False,0.0,23.0
77,Greedy,V5,"(70, 44)",2.397884773469933,True,0.10573500898949817,1.0
77,Greedy,V6,"(44, 38)",7.533928145551229,False,0.0,14.0
77,Greedy,V7,"(5, 21)",0.9900110864881277,False,0.0,17.0
77,Greedy,V8,"(72, 28)",0.13604408300999182,True,22.25819451966713,1.0
77,Greedy,V9,"(91, 0)",1.4482153203764447,True,17.909314681077664,1.0
77,Greedy,V10,"(91, 29)",0.5931187905087292,False,0.0,18.0
77,Auction,V1,"(53, 99)",8.033594217866174,True,3.6093831781786676,1.0
77,Auction,V2,"(85, 23)",16.45392092822271,True,8.950105930301486,1.0
77,Auction,V3,"(30, 36)",15.043984008040038,False,0.0,10.0
77,Auction,V4,"(86, 30)",1.3899120992900933,False,0.0,24.0
77,Auction,V5,"(61, 69)",4.874390619769823,False,0.0,4.0
77,Auction,V6,"(61, 72)",8.053604082596845,False,0.0,14.0
77,Auction,V7,"(32, 12)",0.18550843649422788,False,0.0,15.0
77,Auction,V8,"(3, 79)",15.061703148613965,True,7.259601202601324,1.0
77,Auction,V9,"(65, 57)",0.8643959480124224,True,18.228964600958975,1.0
77,Auction,V10,"(67, 34)",2.1380426009096,False,0.0,19.0
77,Q-Learning,V1,"(96, 60)",8.197904061483214,True,4.781745019952503,1.0
77,Q-Learning,V2,"(85, 23)",4.956850422105163,True,18.395810236483065,1.0
77,Q-Learning,V3,"(67, 34)",15.242713057140882,False,0.0,10.0
77,Q-Learning,V4,"(99, 42)",2.270583827712702,False,0.0,25.0
77,Q-Learning,V5,"(61, 72)",4.428505316840109,False,0.0,3.0
77,Q-Learning,V6,"(30, 36)",5.328175714732726,False,0.0,10.0
77,Q-Learning,V7,"(53, 81)",1.0698374786380551,False,0.0,17.0
77,Q-Learning,V8,"(65, 57)",16.26820256838733,True,5.798706752371601,1.0
77,Q-Learning,V9,"(61, 69)",0.9688507556833272,True,18.20966987850401,1.0
77,Q-Learning,V10,"(86, 30)",5.6836564169778185,False,0.0,22.0
78,Greedy,V1,"(85, 63)",6.1194787099685755,True,4.005049346146116,1.0
78,Greedy,V2,"(60, 57)",10.237761341508381,True,13.1401237904198,1.0
78,Greedy,V3,"(90, 4)",3.4480576817923527,True,1.7581874455363007,1.0
78,Greedy,V4,"(78, 27)",0.5276265390075672,False,0.0,24.0
78,Greedy,V5,"(70, 44)",2.397884773469933,False,0.0,1.0
78,Greedy,V6,"(44, 38)",7.533928145551229,False,0.0,15.0
78,Greedy,V7,"(5, 21)",0.9900110864881277,False,0.0,18.0
78,Greedy,V8,"(72, 28)",0.13604408300999182,True,21.25819451966713,1.0
78,Greedy,V9,"(91, 0)",1.4482153203764447,True,16.909314681077664,1.0
78,Greedy,V10,"(91, 29)",0.5931187905087292,False,0.0,19.0
78,Auction,V1,"(53, 99)",8.033594217866174,True,2.6093831781786676,1.0
78,Auction,V2,"(85, 23)",16.45392092822271,True,7.950105930301486,1.0
78,Auction,V3,"(30, 36)",15.043984008040038,False,0.0,11.0
78,Auction,V4,"(86, 30)",1.3899120992900933,False,0.0,25.0
78,Auction,V5,"(61, 69)",4.874390619769823,False,0.0,5.0
78,Auction,V6,"(61, 72)",8.053604082596845,False,0.0,15.0
78,Auction,V7,"(32, 12)",0.18550843649422788,False,0.0,16.0
78,Auction,V8,"(3, 79)",15.061703148613965,True,6.259601202601324,1.0
78,Auction,V9,"(65, 57)",0.8643959480124224,True,17.228964600958975,1.0
78,Auction,V10,"(67, 34)",2.1380426009096,False,0.0,20.0
78,Q-Learning,V1,"(96, 60)",8.197904061483214,True,3.7817450199525027,1.0
78,Q-Learning,V2,"(85, 23)",4.956850422105163,True,17.395810236483065,1.0
78,Q-Learning,V3,"(67, 34)",15.242713057140882,False,0.0,11.0
78,Q-Learning,V4,"(99, 42)",2.270583827712702,False,0.0,26.0
78,Q-Learning,V5,"(61, 72)",4.428505316840109,False,0.0,4.0
78,Q-Learning,V6,"(30, 36)",5.328175714732726,False,0.0,11.0
78,Q-Learning,V7,"(53, 81)",1.0698374786380551,False,0.0,18.0
78,Q-Learning,V8,"(65, 57)",16.26820256838733,True,4.798706752371601,1.0
78,Q-Learning,V9,"(61, 69)",0.9688507556833272,True,17.20966987850401,1.0
78,Q-Learning,V10,"(86, 30)",5.6836564169778185,False,0.0,23.0
79,Greedy,V1,"(85, 63)",6.1194787099685755,True,3.005049346146116,1.0
79,Greedy,V2,"(60, 57)",10.237761341508381,True,12.1401237904198,1.0
79,Greedy,V3,"(90, 4)",3.4480576817923527,True,0.7581874455363007,1.0
79,Greedy,V4,"(78, 27)",0.5276265390075672,False,0.0,25.0
79,Greedy,V5,"(70, 44)",2.397884773469933,False,0.0,2.0
79,Greedy,V6,"(44, 38)",7.533928145551229,False,0.0,16.0
79,Greedy,V7,"(5, 21)",0.9900110864881277,False,0.0,19.0
79,Greedy,V8,"(72, 28)",0.13604408300999182,True,20.25819451966713,1.0
79,Greedy,V9,"(91, 0)",1.4482153203764447,True,15.909314681077664,1.0
79,Greedy,V10,"(91, 29)",0.5931187905087292,False,0.0,20.0
79,Auction,V1,"(53, 99)",8.033594217866174,True,1.6093831781786676,1.0
79,Auction,V2,"(85, 23)",16.45392092822271,True,6.950105930301486,1.0
79,Auction,V3,"(30, 36)",15.043984008040038,False,0.0,12.0
79,Auction,V4,"(86, 30)",1.3899120992900933,False,0.0,26.0
79,Auction,V5,"(61, 69)",4.874390619769823,False,0.0,6.0
79,Auction,V6,"(61, 72)",8.053604082596845,False,0.0,16.0
79,Auction,V7,"(32, 12)",0.18550843649422788,False,0.0,17.0
79,Auction,V8,"(3, 79)",15.061703148613965,True,5.259601202601324,1.0
79,Auction,V9,"(65, 57)",0.8643959480124224,True,16.228964600958975,1.0
79,Auction,V10,"(67, 34)",2.1380426009096,False,0.0,21.0
79,Q-Learning,V1,"(96, 60)",8.197904061483214,True,2.7817450199525027,1.0
79,Q-Learning,V2,"(85, 23)",4.956850422105163,True,16.395810236483065,1.0
79,Q-Learning,V3,"(67, 34)",15.242713057140882,False,0.0,12.0
79,Q-Learning,V4,"(99, 42)",2.270583827712702,False,0.0,27.0
79,Q-Learning,V5,"(61, 72)",4.428505316840109,False,0.0,5.0
79,Q-Learning,V6,"(30, 36)",5.328175714732726,False,0.0,12.0
79,Q-Learning,V7,"(53, 81)",1.0698374786380551,False,0.0,19.0
79,Q-Learning,V8,"(65, 57)",16.26820256838733,True,3.7987067523716007,1.0
79,Q-Learning,V9,"(61, 69)",0.9688507556833272,True,16.20966987850401,1.0
79,Q-Learning,V10,"(86, 30)",5.6836564169778185,False,0.0,24.0
80,Greedy,V1,"(85, 63)",6.1194787099685755,True,2.005049346146116,1.0
80,Greedy,V2,"(60, 57)",10.237761341508381,True,11.1401237904198,1.0
80,Greedy,V3,"(90, 4)",3.4480576817923527,False,0.0,1.0
80,Greedy,V4,"(78, 27)",0.5276265390075672,False,0.0,26.0
80,Greedy,V5,"(70, 44)",2.397884773469933,False,0.0,3.0
80,Greedy,V6,"(44, 38)",7.533928145551229,False,0.0,17.0
80,Greedy,V7,"(5, 21)",0.9900110864881277,False,0.0,20.0
80,Greedy,V8,"(72, 28)",0.13604408300999182,True,19.25819451966713,1.0
80,Greedy,V9,"(91, 0)",1.4482153203764447,True,14.909314681077664,1.0
80,Greedy,V10,"(91, 29)",0.5931187905087292,False,0.0,21.0
80,Auction,V1,"(53, 99)",8.033594217866174,True,0.6093831781786676,1.0
80,Auction,V2,"(85, 23)",16.45392092822271,True,5.950105930301486,1.0
80,Auction,V3,"(30, 36)",15.043984008040038,False,0.0,13.0
80,Auction,V4,"(86, 30)",1.3899120992900933,False,0.0,27.0
80,Auction,V5,"(61, 69)",4.874390619769823,False,0.0,7.0
80,Auction,V6,"(61, 72)",8.053604082596845,False,0.0,17.0
80,Auction,V7,"(32, 12)",0.18550843649422788,False,0.0,18.0
80,Auction,V8,"(3, 79)",15.061703148613965,True,4.259601202601324,1.0
80,Auction,V9,"(65, 57)",0.8643959480124224,True,15.228964600958975,1.0
80,Auction,V10,"(67, 34)",2.1380426009096,False,0.0,22.0
80,Q-Learning,V1,"(96, 60)",8.197904061483214,True,1.7817450199525027,1.0
80,Q-Learning,V2,"(85, 23)",4.956850422105163,True,15.395810236483065,1.0
80,Q-Learning,V3,"(67, 34)",15.242713057140882,False,0.0,13.0
80,Q-Learning,V4,"(99, 42)",2.270583827712702,False,0.0,28.0
80,Q-Learning,V5,"(61, 72)",4.428505316840109,False,0.0,6.0
80,Q-Learning,V6,"(30, 36)",5.328175714732726,False,0.0,13.0
80,Q-Learning,V7,"(53, 81)",1.0698374786380551,False,0.0,20.0
80,Q-Learning,V8,"(65, 57)",16.26820256838733,True,2.7987067523716007,1.0
80,Q-Learning,V9,"(61, 69)",0.9688507556833272,True,15.209669878504009,1.0
80,Q-Learning,V10,"(86, 30)",5.6836564169778185,False,0.0,25.0
81,Greedy,V1,"(85, 63)",6.1194787099685755,True,1.0050493461461159,1.0
81,Greedy,V2,"(60, 57)",10.237761341508381,True,10.1401237904198,1.0
81,Greedy,V3,"(90, 4)",3.4480576817923527,False,0.0,2.0
81,Greedy,V4,"(78, 27)",0.5276265390075672,False,0.0,27.0
81,Greedy,V5,"(70, 44)",2.397884773469933,False,0.0,4.0
81,Greedy,V6,"(44, 38)",7.533928145551229,False,0.0,18.0
81,Greedy,V7,"(5, 21)",0.9900110864881277,False,0.0,21.0
81,Greedy,V8,"(72, 28)",0.13604408300999182,True,18.25819451966713,1.0
81,Greedy,V9,"(91, 0)",1.4482153203764447,True,13.909314681077664,1.0
81,Greedy,V10,"(91, 29)",0.5931187905087292,False,0.0,22.0
81,Auction,V1,"(53, 99)",8.033594217866174,False,0.0,1.0
81,Auction,V2,"(85, 23)",16.45392092822271,True,4.950105930301486,1.0
81,Auction,V3,"(30, 36)",15.043984008040038,False,0.0,14.0
81,Auction,V4,"(86, 30)",1.3899120992900933,False,0.0,28.0
81,Auction,V5,"(61, 69)",4.874390619769823,False,0.0,8.0
81,Auction,V6,"(61, 72)",8.053604082596845,False,0.0,18.0
81,Auction,V7,"(32, 12)",0.18550843649422788,False,0.0,19.0
81,Auction,V8,"(3, 79)",15.061703148613965,True,3.259601202601324,1.0
81,Auction,V9,"(65, 57)",0.8643959480124224,True,14.228964600958975,1.0
81,Auction,V10,"(67, 34)",2.1380426009096,False,0.0,23.0
81,Q-Learning,V1,"(96, 60)",8.197904061483214,True,0.7817450199525027,1.0
81,Q-Learning,V2,"(85, 23)",4.956850422105163,True,14.395810236483065,1.0
81,Q-Learning,V3,"(67, 34)",15.242713057140882,False,0.0,14.0
81,Q-Learning,V4,"(99, 42)",2.270583827712702,False,0.0,29.0
81,Q-Learning,V5,"(61, 72)",4.428505316840109,False,0.0,7.0
81,Q-Learning,V6,"(30, 36)",5.328175714732726,False,0.0,14.0
81,Q-Learning,V7,"(53, 81)",1.0698374786380551,False,0.0,21.0
81,Q-Learning,V8,"(65, 57)",16.26820256838733,True,1.7987067523716007,1.0
81,Q-Learning,V9,"(61, 69)",0.9688507556833272,True,14.209669878504009,1.0
81,Q-Learning,V10,"(86, 30)",5.6836564169778185,False,0.0,26.0
82,Greedy,V1,"(85, 63)",6.1194787099685755,True,0.005049346146115852,1.0
82,Greedy,V2,"(60, 57)",10.237761341508381,True,9.1401237904198,1.0
82,Greedy,V3,"(90, 4)",3.4480576817923527,False,0.0,3.0
82,Greedy,V4,"(78, 27)",0.5276265390075672,False,0.0,28.0
82,Greedy,V5,"(70, 44)",2.397884773469933,False,0.0,5.0
82,Greedy,V6,"(44, 38)",7.533928145551229,False,0.0,19.0
82,Greedy,V7,"(5, 21)",0.9900110864881277,False,0.0,22.0
82,Greedy,V8,"(72, 28)",0.13604408300999182,True,17.25819451966713,1.0
82,Greedy,V9,"(91, 0)",1.4482153203764447,True,12.909314681077664,1.0
82,Greedy,V10,"(91, 29)",0.5931187905087292,False,0.0,23.0
82,Auction,V1,"(53, 99)",8.033594217866174,False,0.0,2.0
82,Auction,V2,"(85, 23)",16.45392092822271,True,3.9501059303014863,1.0
82,Auction,V3,"(30, 36)",15.043984008040038,False,0.0,15.0
82,Auction,V4,"(86, 30)",1.3899120992900933,False,0.0,29.0
82,Auction,V5,"(61, 69)",4.874390619769823,False,0.0,9.0
82,Auction,V6,"(61, 72)",8.053604082596845,False,0.0,19.0
82,Auction,V7,"(32, 12)",0.18550843649422788,False,0.0,20.0
82,Auction,V8,"(3, 79)",15.061703148613965,True,2.259601202601324,1.0
82,Auction,V9,"(65, 57)",0.8643959480124224,True,13.228964600958975,1.0
82,Auction,V10,"(67, 34)",2.1380426009096,False,0.0,24.0
82,Q-Learning,V1,"(96, 60)",8.197904061483214,False,0.0,1.0
82,Q-Learning,V2,"(85, 23)",4.956850422105163,True,13.395810236483065,1.0
82,Q-Learning,V3,"(67, 34)",15.242713057140882,False,0.0,15.0
82,Q-Learning,V4,"(99, 42)",2.270583827712702,False,0.0,30.0
82,Q-Learning,V5,"(61, 72)",4.428505316840109,False,0.0,8.0
82,Q-Learning,V6,"(30, 36)",5.328175714732726,False,0.0,15.0
82,Q-Learning,V7,"(53, 81)",1.0698374786380551,False,0.0,22.0
82,Q-Learning,V8,"(65, 57)",16.26820256838733,True,0.7987067523716007,1.0
82,Q-Learning,V9,"(61, 69)",0.9688507556833272,True,13.209669878504009,1.0
82,Q-Learning,V10,"(86, 30)",5.6836564169778185,False,0.0,27.0
83,Greedy,V1,"(85, 63)",6.1194787099685755,False,0.0,1.0
83,Greedy,V2,"(60, 57)",10.237761341508381,True,8.1401237904198,1.0
83,Greedy,V3,"(90, 4)",3.4480576817923527,False,0.0,4.0
83,Greedy,V4,"(78, 27)",0.5276265390075672,False,0.0,29.0
83,Greedy,V5,"(70, 44)",2.397884773469933,False,0.0,6.0
83,Greedy,V6,"(44, 38)",7.533928145551229,False,0.0,20.0
83,Greedy,V7,"(5, 21)",0.9900110864881277,False,0.0,23.0
83,Greedy,V8,"(72, 28)",0.13604408300999182,True,16.25819451966713,1.0
83,Greedy,V9,"(91, 0)",1.4482153203764447,True,11.909314681077664,1.0
83,Greedy,V10,"(91, 29)",0.5931187905087292,False,0.0,24.0
83,Auction,V1,"(53, 99)",8.033594217866174,False,0.0,3.0
83,Auction,V2,"(85, 23)",16.45392092822271,True,2.9501059303014863,1.0
83,Auction,V3,"(30, 36)",15.043984008040038,False,0.0,16.0
83,Auction,V4,"(86, 30)",1.3899120992900933,False,0.0,30.0
83,Auction,V5,"(61, 69)",4.874390619769823,False,0.0,10.0
83,Auction,V6,"(61, 72)",8.053604082596845,False,0.0,20.0
83,Auction,V7,"(32, 12)",0.18550843649422788,False,0.0,21.0
83,Auction,V8,"(3, 79)",15.061703148613965,True,1.2596012026013241,1.0
83,Auction,V9,"(65, 57)",0.8643959480124224,True,12.228964600958975,1.0
83,Auction,V10,"(67, 34)",2.1380426009096,False,0.0,25.0
83,Q-Learning,V1,"(96, 60)",8.197904061483214,False,0.0,2.0
83,Q-Learning,V2,"(85, 23)",4.956850422105163,True,12.395810236483065,1.0
83,Q-Learning,V3,"(67, 34)",15.242713057140882,False,0.0,16.0
83,Q-Learning,V4,"(99, 42)",2.270583827712702,False,0.0,31.0
83,Q-Learning,V5,"(61, 72)",4.428505316840109,False,0.0,9.0
83,Q-Learning,V6,"(30, 36)",5.328175714732726,False,0.0,16.0
83,Q-Learning,V7,"(53, 81)",1.0698374786380551,False,0.0,23.0
83,Q-Learning,V8,"(65, 57)",16.26820256838733,False,0.0,1.0
83,Q-Learning,V9,"(61, 69)",0.9688507556833272,True,12.209669878504009,1.0
83,Q-Learning,V10,"(86, 30)",5.6836564169778185,False,0.0,28.0
84,Greedy,V1,"(85, 63)",6.1194787099685755,False,0.0,2.0
84,Greedy,V2,"(60, 57)",10.237761341508381,True,7.1401237904198,1.0
84,Greedy,V3,"(90, 4)",3.4480576817923527,False,0.0,5.0
84,Greedy,V4,"(78, 27)",0.5276265390075672,False,0.0,30.0
84,Greedy,V5,"(70, 44)",2.397884773469933,False,0.0,7.0
84,Greedy,V6,"(44, 38)",7.533928145551229,False,0.0,21.0
84,Greedy,V7,"(5, 21)",0.9900110864881277,False,0.0,24.0
84,Greedy,V8,"(72, 28)",0.13604408300999182,True,15.258194519667128,1.0
84,Greedy,V9,"(91, 0)",1.4482153203764447,True,10.909314681077664,1.0
84,Greedy,V10,"(91, 29)",0.5931187905087292,False,0.0,25.0
84,Auction,V1,"(53, 99)",8.033594217866174,False,0.0,4.0
84,Auction,V2,"(85, 23)",16.45392092822271,True,1.9501059303014863,1.0
84,Auction,V3,"(30, 36)",15.043984008040038,False,0.0,17.0
84,Auction,V4,"(86, 30)",1.3899120992900933,False,0.0,31.0
84,Auction,V5,"(61, 69)",4.874390619769823,False,0.0,11.0
84,Auction,V6,"(61, 72)",8.053604082596845,False,0.0,21.0
84,Auction,V7,"(32, 12)",0.18550843649422788,False,0.0,22.0
84,Auction,V8,"(3, 79)",15.061703148613965,True,0.25960120260132413,1.0
84,Auction,V9,"(65, 57)",0.8643959480124224,True,11.228964600958975,1.0
84,Auction,V10,"(67, 34)",2.1380426009096,False,0.0,26.0
84,Q-Learning,V1,"(96, 60)",8.197904061483214,False,0.0,3.0
84,Q-Learning,V2,"(85, 23)",4.956850422105163,True,11.395810236483065,1.0
84,Q-Learning,V3,"(67, 34)",15.242713057140882,False,0.0,17.0
84,Q-Learning,V4,"(99, 42)",2.270583827712702,False,0.0,32.0
84,Q-Learning,V5,"(61, 72)",4.428505316840109,False,0.0,10.0
84,Q-Learning,V6,"(30, 36)",5.328175714732726,False,0.0,17.0
84,Q-Learning,V7,"(53, 81)",1.0698374786380551,False,0.0,24.0
84,Q-Learning,V8,"(65, 57)",16.26820256838733,False,0.0,2.0
84,Q-Learning,V9,"(61, 69)",0.9688507556833272,True,11.209669878504009,1.0
84,Q-Learning,V10,"(86, 30)",5.6836564169778185,False,0.0,29.0
85,Greedy,V1,"(85, 63)",6.1194787099685755,False,0.0,3.0
85,Greedy,V2,"(60, 57)",10.237761341508381,True,6.1401237904198,1.0
85,Greedy,V3,"(90, 4)",3.4480576817923527,False,0.0,6.0
85,Greedy,V4,"(78, 27)",0.5276265390075672,False,0.0,31.0
85,Greedy,V5,"(70, 44)",2.397884773469933,False,0.0,8.0
85,Greedy,V6,"(44, 38)",7.533928145551229,False,0.0,22.0
85,Greedy,V7,"(5, 21)",0.9900110864881277,False,0.0,25.0
85,Greedy,V8,"(72, 28)",0.13604408300999182,True,14.258194519667128,1.0
85,Greedy,V9,"(91, 0)",1.4482153203764447,True,9.909314681077664,1.0
85,Greedy,V10,"(91, 29)",0.5931187905087292,False,0.0,26.0
85,Auction,V1,"(53, 99)",8.033594217866174,False,0.0,5.0
85,Auction,V2,"(85, 23)",16.45392092822271,True,0.9501059303014863,1.0
85,Auction,V3,"(30, 36)",15.043984008040038,False,0.0,18.0
85,Auction,V4,"(86, 30)",1.3899120992900933,False,0.0,32.0
85,Auction,V5,"(61, 69)",4.874390619769823,False,0.0,12.0
85,Auction,V6,"(61, 72)",8.053604082596845,False,0.0,22.0
85,Auction,V7,"(32, 12)",0.18550843649422788,False,0.0,23.0
85,Auction,V8,"(3, 79)",15.061703148613965,False,0.0,1.0
85,Auction,V9,"(65, 57)",0.8643959480124224,True,10.228964600958975,1.0
85,Auction,V10,"(67, 34)",2.1380426009096,False,0.0,27.0
85,Q-Learning,V1,"(96, 60)",8.197904061483214,False,0.0,4.0
85,Q-Learning,V2,"(85, 23)",4.956850422105163,True,10.395810236483065,1.0
85,Q-Learning,V3,"(67, 34)",15.242713057140882,False,0.0,18.0
85,Q-Learning,V4,"(99, 42)",2.270583827712702,False,0.0,33.0
85,Q-Learning,V5,"(61, 72)",4.428505316840109,False,0.0,11.0
85,Q-Learning,V6,"(30, 36)",5.328175714732726,False,0.0,18.0
85,Q-Learning,V7,"(53, 81)",1.0698374786380551,False,0.0,25.0
85,Q-Learning,V8,"(65, 57)",16.26820256838733,False,0.0,3.0
85,Q-Learning,V9,"(61, 69)",0.9688507556833272,True,10.209669878504009,1.0
85,Q-Learning,V10,"(86, 30)",5.6836564169778185,False,0.0,30.0
86,Greedy,V1,"(85, 63)",6.1194787099685755,False,0.0,4.0
86,Greedy,V2,"(60, 57)",10.237761341508381,True,5.1401237904198,1.0
86,Greedy,V3,"(90, 4)",3.4480576817923527,False,0.0,7.0
86,Greedy,V4,"(78, 27)",0.5276265390075672,False,0.0,32.0
86,Greedy,V5,"(70, 44)",2.397884773469933,False,0.0,9.0
86,Greedy,V6,"(44, 38)",7.533928145551229,False,0.0,23.0
86,Greedy,V7,"(5, 21)",0.9900110864881277,False,0.0,26.0
86,Greedy,V8,"(72, 28)",0.13604408300999182,True,13.258194519667128,1.0
86,Greedy,V9,"(91, 0)",1.4482153203764447,True,8.909314681077664,1.0
86,Greedy,V10,"(91, 29)",0.5931187905087292,False,0.0,27.0
86,Auction,V1,"(53, 99)",8.033594217866174,False,0.0,6.0
86,Auction,V2,"(97, 22)",4.948721605873674,True,11.505199322349037,1.0
86,Auction,V3,"(30, 36)",15.043984008040038,False,0.0,19.0
86,Auction,V4,"(86, 30)",1.3899120992900933,False,0.0,33.0
86,Auction,V5,"(61, 69)",4.874390619769823,False,0.0,13.0
86,Auction,V6,"(61, 72)",8.053604082596845,False,0.0,23.0
86,Auction,V7,"(32, 12)",0.18550843649422788,False,0.0,24.0
86,Auction,V8,"(3, 79)",15.061703148613965,False,0.0,2.0
86,Auction,V9,"(65, 57)",0.8643959480124224,True,9.228964600958975,1.0
86,Auction,V10,"(67, 34)",2.1380426009096,False,0.0,28.0
86,Q-Learning,V1,"(96, 60)",8.197904061483214,False,0.0,5.0
86,Q-Learning,V2,"(85, 23)",4.956850422105163,True,9.395810236483065,1.0
86,Q-Learning,V3,"(67, 34)",15.242713057140882,False,0.0,19.0
86,Q-Learning,V4,"(99, 42)",2.270583827712702,False,0.0,34.0
86,Q-Learning,V5,"(61, 72)",4.428505316840109,False,0.0,12.0
86,Q-Learning,V6,"(30, 36)",5.328175714732726,False,0.0,19.0
86,Q-Learning,V7,"(53, 81)",1.0698374786380551,False,0.0,26.0
86,Q-Learning,V8,"(65, 57)",16.26820256838733,False,0.0,4.0
86,Q-Learning,V9,"(61, 69)",0.9688507556833272,True,9.209669878504009,1.0
86,Q-Learning,V10,"(86, 30)",5.6836564169778185,False,0.0,31.0
87,Greedy,V1,"(85, 63)",6.1194787099685755,False,0.0,5.0
87,Greedy,V2,"(60, 57)",10.237761341508381,True,4.1401237904198,1.0
87,Greedy,V3,"(90, 4)",3.4480576817923527,False,0.0,8.0
87,Greedy,V4,"(78, 27)",0.5276265390075672,False,0.0,33.0
87,Greedy,V5,"(70, 44)",2.397884773469933,False,0.0,10.0
87,Greedy,V6,"(44, 38)",7.533928145551229,False,0.0,24.0
87,Greedy,V7,"(5, 21)",0.9900110864881277,False,0.0,27.0
87,Greedy,V8,"(72, 28)",0.13604408300999182,True,12.258194519667128,1.0
87,Greedy,V9,"(91, 0)",1.4482153203764447,True,7.909314681077664,1.0
87,Greedy,V10,"(91, 29)",0.5931187905087292,False,0.0,28.0
87,Auction,V1,"(53, 99)",8.033594217866174,False,0.0,7.0
87,Auction,V2,"(97, 22)",4.948721605873674,True,10.505199322349037,1.0
87,Auction,V3,"(30, 36)",15.043984008040038,False,0.0,20.0
87,Auction,V4,"(86, 30)",1.3899120992900933,False,0.0,34.0
87,Auction,V5,"(61, 69)",4.874390619769823,False,0.0,14.0
87,Auction,V6,"(61, 72)",8.053604082596845,False,0.0,24.0
87,Auction,V7,"(32, 12)",0.18550843649422788,False,0.0,25.0
87,Auction,V8,"(3, 79)",15.061703148613965,False,0.0,3.0
87,Auction,V9,"(65, 57)",0.8643959480124224,True,8.228964600958975,1.0
87,Auction,V10,"(67, 34)",2.1380426009096,False,0.0,29.0
87,Q-Learning,V1,"(96, 60)",8.197904061483214,False,0.0,6.0
87,Q-Learning,V2,"(85, 23)",4.956850422105163,True,8.395810236483065,1.0
87,Q-Learning,V3,"(67, 34)",15.242713057140882,False,0.0,20.0
87,Q-Learning,V4,"(99, 42)",2.270583827712702,False,0.0,35.0
87,Q-Learning,V5,"(61, 72)",4.428505316840109,False,0.0,13.0
87,Q-Learning,V6,"(30, 36)",5.328175714732726,False,0.0,20.0
87,Q-Learning,V7,"(53, 81)",1.0698374786380551,False,0.0,27.0
87,Q-Learning,V8,"(65, 57)",16.26820256838733,False,0.0,5.0
87,Q-Learning,V9,"(61, 69)",0.9688507556833272,True,8.209669878504009,1.0
87,Q-Learning,V10,"(86, 30)",5.6836564169778185,False,0.0,32.0
88,Greedy,V1,"(85, 63)",6.1194787099685755,False,0.0,6.0
88,Greedy,V2,"(60, 57)",10.237761341508381,True,3.1401237904198,1.0
88,Greedy,V3,"(90, 4)",3.4480576817923527,False,0.0,9.0
88,Greedy,V4,"(78, 27)",0.5276265390075672,False,0.0,34.0
88,Greedy,V5,"(70, 44)",2.397884773469933,False,0.0,11.0
88,Greedy,V6,"(44, 38)",7.533928145551229,False,0.0,25.0
88,Greedy,V7,"(5, 21)",0.9900110864881277,False,0.0,28.0
88,Greedy,V8,"(72, 28)",0.13604408300999182,True,11.258194519667128,1.0
88,Greedy,V9,"(91, 0)",1.4482153203764447,True,6.909314681077664,1.0
88,Greedy,V10,"(91, 29)",0.5931187905087292,False,0.0,29.0
88,Auction,V1,"(53, 99)",8.033594217866174,False,0.0,8.0
88,Auction,V2,"(97, 22)",4.948721605873674,True,9.505199322349037,1.0
88,Auction,V3,"(30, 36)",15.043984008040038,False,0.0,21.0
88,Auction,V4,"(86, 30)",1.3899120992900933,False,0.0,35.0
88,Auction,V5,"(61, 69)",4.874390619769823,False,0.0,15.0
88,Auction,V6,"(61, 72)",8.053604082596845,False,0.0,25.0
88,Auction,V7,"(32, 12)",0.18550843649422788,False,0.0,26.0
88,Auction,V8,"(3, 79)",15.061703148613965,False,0.0,4.0
88,Auction,V9,"(65, 57)",0.8643959480124224,True,7.2289646009589745,1.0
88,Auction,V10,"(67, 34)",2.1380426009096,False,0.0,30.0
88,Q-Learning,V1,"(96, 60)",8.197904061483214,False,0.0,7.0
88,Q-Learning,V2,"(85, 23)",4.956850422105163,True,7.395810236483065,1.0
88,Q-Learning,V3,"(67, 34)",15.242713057140882,False,0.0,21.0
88,Q-Learning,V4,"(99, 42)",2.270583827712702,False,0.0,36.0
88,Q-Learning,V5,"(61, 72)",4.428505316840109,False,0.0,14.0
88,Q-Learning,V6,"(30, 36)",5.328175714732726,False,0.0,21.0
88,Q-Learning,V7,"(53, 81)",1.0698374786380551,False,0.0,28.0
88,Q-Learning,V8,"(65, 57)",16.26820256838733,False,0.0,6.0
88,Q-Learning,V9,"(61, 69)",0.9688507556833272,True,7.209669878504009,1.0
88,Q-Learning,V10,"(86, 30)",5.6836564169778185,False,0.0,33.0
89,Greedy,V1,"(85, 63)",6.1194787099685755,False,0.0,7.0
89,Greedy,V2,"(60, 57)",10.237761341508381,True,2.1401237904198,1.0
89,Greedy,V3,"(90, 4)",3.4480576817923527,False,0.0,10.0
89,Greedy,V4,"(78, 27)",0.5276265390075672,False,0.0,35.0
89,Greedy,V5,"(70, 44)",2.397884773469933,False,0.0,12.0
89,Greedy,V6,"(44, 38)",7.533928145551229,False,0.0,26.0
89,Greedy,V7,"(5, 21)",0.9900110864881277,False,0.0,29.0
89,Greedy,V8,"(72, 28)",0.13604408300999182,True,10.258194519667128,1.0
89,Greedy,V9,"(91, 0)",1.4482153203764447,True,5.909314681077664,1.0
89,Greedy,V10,"(91, 29)",0.5931187905087292,False,0.0,30.0
89,Auction,V1,"(53, 99)",8.033594217866174,False,0.0,9.0
89,Auction,V2,"(97, 22)",4.948721605873674,True,8.505199322349037,1.0
89,Auction,V3,"(30, 36)",15.043984008040038,False,0.0,22.0
89,Auction,V4,"(86, 30)",1.3899120992900933,False,0.0,36.0
89,Auction,V5,"(61, 69)",4.874390619769823,False,0.0,16.0
89,Auction,V6,"(61, 72)",8.053604082596845,False,0.0,26.0
89,Auction,V7,"(32, 12)",0.18550843649422788,False,0.0,27.0
89,Auction,V8,"(3, 79)",15.061703148613965,False,0.0,5.0
89,Auction,V9,"(65, 57)",0.8643959480124224,True,6.2289646009589745,1.0
89,Auction,V10,"(67, 34)",2.1380426009096,False,0.0,31.0
89,Q-Learning,V1,"(96, 60)",8.197904061483214,False,0.0,8.0
89,Q-Learning,V2,"(85, 23)",4.956850422105163,True,6.395810236483065,1.0
89,Q-Learning,V3,"(67, 34)",15.242713057140882,False,0.0,22.0
89,Q-Learning,V4,"(99, 42)",2.270583827712702,False,0.0,37.0
89,Q-Learning,V5,"(61, 72)",4.428505316840109,False,0.0,15.0
89,Q-Learning,V6,"(30, 36)",5.328175714732726,False,0.0,22.0
89,Q-Learning,V7,"(53, 81)",1.0698374786380551,False,0.0,29.0
89,Q-Learning,V8,"(65, 57)",16.26820256838733,False,0.0,7.0
89,Q-Learning,V9,"(61, 69)",0.9688507556833272,True,6.209669878504009,1.0
89,Q-Learning,V10,"(86, 30)",5.6836564169778185,False,0.0,34.0
90,Greedy,V1,"(85, 63)",6.1194787099685755,False,0.0,8.0
90,Greedy,V2,"(60, 57)",10.237761341508381,True,1.1401237904197998,1.0
90,Greedy,V3,"(90, 4)",3.4480576817923527,False,0.0,11.0
90,Greedy,V4,"(78, 27)",0.5276265390075672,False,0.0,36.0
90,Greedy,V5,"(70, 44)",2.397884773469933,False,0.0,13.0
90,Greedy,V6,"(44, 38)",7.533928145551229,False,0.0,27.0
90,Greedy,V7,"(5, 21)",0.9900110864881277,False,0.0,30.0
90,Greedy,V8,"(72, 28)",0.13604408300999182,True,9.258194519667128,1.0
90,Greedy,V9,"(91, 0)",1.4482153203764447,True,4.909314681077664,1.0
90,Greedy,V10,"(91, 29)",0.5931187905087292,False,0.0,31.0
90,Auction,V1,"(53, 99)",8.033594217866174,False,0.0,10.0
90,Auction,V2,"(97, 22)",4.948721605873674,True,7.505199322349037,1.0
90,Auction,V3,"(30, 36)",15.043984008040038,False,0.0,23.0
90,Auction,V4,"(86, 30)",1.3899120992900933,False,0.0,37.0
90,Auction,V5,"(61, 69)",4.874390619769823,False,0.0,17.0
90,Auction,V6,"(61, 72)",8.053604082596845,False,0.0,27.0
90,Auction,V7,"(32, 12)",0.18550843649422788,False,0.0,28.0
90,Auction,V8,"(3, 79)",15.061703148613965,False,0.0,6.0
90,Auction,V9,"(65, 57)",0.8643959480124224,True,5.2289646009589745,1.0
90,Auction,V10,"(67, 34)",2.1380426009096,False,0.0,32.0
90,Q-Learning,V1,"(96, 60)",8.197904061483214,False,0.0,9.0
90,Q-Learning,V2,"(85, 23)",4.956850422105163,True,5.395810236483065,1.0
90,Q-Learning,V3,"(67, 34)",15.242713057140882,False,0.0,23.0
90,Q-Learning,V4,"(99, 42)",2.270583827712702,False,0.0,38.0
90,Q-Learning,V5,"(61, 72)",4.428505316840109,False,0.0,16.0
90,Q-Learning,V6,"(30, 36)",5.328175714732726,False,0.0,23.0
90,Q-Learning,V7,"(53, 81)",1.0698374786380551,False,0.0,30.0
90,Q-Learning,V8,"(65, 57)",16.26820256838733,False,0.0,8.0
90,Q-Learning,V9,"(61, 69)",0.9688507556833272,True,5.209669878504009,1.0
90,Q-Learning,V10,"(86, 30)",5.6836564169778185,False,0.0,35.0
91,Greedy,V1,"(85, 63)",6.1194787099685755,False,0.0,9.0
91,Greedy,V2,"(60, 57)",10.237761341508381,True,0.14012379041979983,1.0
91,Greedy,V3,"(90, 4)",3.4480576817923527,False,0.0,12.0
91,Greedy,V4,"(78, 27)",0.5276265390075672,False,0.0,37.0
91,Greedy,V5,"(70, 44)",2.397884773469933,False,0.0,14.0
91,Greedy,V6,"(44, 38)",7.533928145551229,False,0.0,28.0
91,Greedy,V7,"(5, 21)",0.9900110864881277,False,0.0,31.0
91,Greedy,V8,"(72, 28)",0.13604408300999182,True,8.258194519667128,1.0
91,Greedy,V9,"(91, 0)",1.4482153203764447,True,3.9093146810776638,1.0
91,Greedy,V10,"(91, 29)",0.5931187905087292,False,0.0,32.0
91,Auction,V1,"(53, 99)",8.033594217866174,False,0.0,11.0
91,Auction,V2,"(97, 22)",4.948721605873674,True,6.505199322349037,1.0
91,Auction,V3,"(30, 36)",15.043984008040038,False,0.0,24.0
91,Auction,V4,"(86, 30)",1.3899120992900933,False,0.0,38.0
91,Auction,V5,"(61, 69)",4.874390619769823,False,0.0,18.0
91,Auction,V6,"(61, 72)",8.053604082596845,False,0.0,28.0
91,Auction,V7,"(32, 12)",0.18550843649422788,False,0.0,29.0
91,Auction,V8,"(3, 79)",15.061703148613965,False,0.0,7.0
91,Auction,V9,"(65, 57)",0.8643959480124224,True,4.2289646009589745,1.0
91,Auction,V10,"(67, 34)",2.1380426009096,False,0.0,33.0
91,Q-Learning,V1,"(96, 60)",8.197904061483214,False,0.0,10.0
91,Q-Learning,V2,"(85, 23)",4.956850422105163,True,4.395810236483065,1.0
91,Q-Learning,V3,"(67, 34)",15.242713057140882,False,0.0,24.0
91,Q-Learning,V4,"(99, 42)",2.270583827712702,False,0.0,39.0
91,Q-Learning,V5,"(61, 72)",4.428505316840109,False,0.0,17.0
91,Q-Learning,V6,"(30, 36)",5.328175714732726,False,0.0,24.0
91,Q-Learning,V7,"(53, 81)",1.0698374786380551,False,0.0,31.0
91,Q-Learning,V8,"(65, 57)",16.26820256838733,False,0.0,9.0
91,Q-Learning,V9,"(61, 69)",0.9688507556833272,True,4.209669878504009,1.0
91,Q-Learning,V10,"(86, 30)",5.6836564169778185,False,0.0,36.0
92,Greedy,V1,"(85, 63)",6.1194787099685755,False,0.0,10.0
92,Greedy,V2,"(60, 57)",10.237761341508381,False,0.0,1.0
92,Greedy,V3,"(90, 4)",3.4480576817923527,False,0.0,13.0
92,Greedy,V4,"(78, 27)",0.5276265390075672,False,0.0,38.0
92,Greedy,V5,"(70, 44)",2.397884773469933,False,0.0,15.0
92,Greedy,V6,"(44, 38)",7.533928145551229,False,0.0,29.0
92,Greedy,V7,"(5, 21)",0.9900110864881277,False,0.0,32.0
92,Greedy,V8,"(72, 28)",0.13604408300999182,True,7.2581945196671285,1.0
92,Greedy,V9,"(91, 0)",1.4482153203764447,True,2.9093146810776638,1.0
92,Greedy,V10,"(91, 29)",0.5931187905087292,False,0.0,33.0
92,Auction,V1,"(53, 99)",8.033594217866174,False,0.0,12.0
92,Auction,V2,"(97, 22)",4.948721605873674,True,5.505199322349037,1.0
92,Auction,V3,"(30, 36)",15.043984008040038,False,0.0,25.0
92,Auction,V4,"(86, 30)",1.3899120992900933,False,0.0,39.0
92,Auction,V5,"(61, 69)",4.874390619769823,False,0.0,19.0
92,Auction,V6,"(61, 72)",8.053604082596845,False,0.0,29.0
92,Auction,V7,"(32, 12)",0.18550843649422788,False,0.0,30.0
92,Auction,V8,"(3, 79)",15.061703148613965,False,0.0,8.0
92,Auction,V9,"(65, 57)",0.8643959480124224,True,3.2289646009589745,1.0
92,Auction,V10,"(67, 34)",2.1380426009096,False,0.0,34.0
92,Q-Learning,V1,"(96, 60)",8.197904061483214,False,0.0,11.0
92,Q-Learning,V2,"(85, 23)",4.956850422105163,True,3.395810236483065,1.0
92,Q-Learning,V3,"(67, 34)",15.242713057140882,False,0.0,25.0
92,Q-Learning,V4,"(99, 42)",2.270583827712702,False,0.0,40.0
92,Q-Learning,V5,"(61, 72)",4.428505316840109,False,0.0,18.0
92,Q-Learning,V6,"(30, 36)",5.328175714732726,False,0.0,25.0
92,Q-Learning,V7,"(53, 81)",1.0698374786380551,False,0.0,32.0
92,Q-Learning,V8,"(65, 57)",16.26820256838733,False,0.0,10.0
92,Q-Learning,V9,"(61, 69)",0.9688507556833272,True,3.209669878504009,1.0
92,Q-Learning,V10,"(86, 30)",5.6836564169778185,False,0.0,37.0
93,Greedy,V1,"(85, 63)",6.1194787099685755,False,0.0,11.0
93,Greedy,V2,"(60, 57)",10.237761341508381,False,0.0,2.0
93,Greedy,V3,"(90, 4)",3.4480576817923527,False,0.0,14.0
93,Greedy,V4,"(78, 27)",0.5276265390075672,False,0.0,39.0
93,Greedy,V5,"(70, 44)",2.397884773469933,False,0.0,16.0
93,Greedy,V6,"(44, 38)",7.533928145551229,False,0.0,30.0
93,Greedy,V7,"(5, 21)",0.9900110864881277,False,0.0,33.0
93,Greedy,V8,"(72, 28)",0.13604408300999182,True,6.2581945196671285,1.0
93,Greedy,V9,"(91, 0)",1.4482153203764447,True,1.9093146810776638,1.0
93,Greedy,V10,"(91, 29)",0.5931187905087292,False,0.0,34.0
93,Auction,V1,"(53, 99)",8.033594217866174,False,0.0,13.0
93,Auction,V2,"(97, 22)",4.948721605873674,True,4.505199322349037,1.0
93,Auction,V3,"(30, 36)",15.043984008040038,False,0.0,26.0
93,Auction,V4,"(86, 30)",1.3899120992900933,False,0.0,40.0
93,Auction,V5,"(61, 69)",4.874390619769823,False,0.0,20.0
93,Auction,V6,"(61, 72)",8.053604082596845,False,0.0,30.0
93,Auction,V7,"(32, 12)",0.18550843649422788,False,0.0,31.0
93,Auction,V8,"(3, 79)",15.061703148613965,False,0.0,9.0
93,Auction,V9,"(65, 57)",0.8643959480124224,True,2.2289646009589745,1.0
93,Auction,V10,"(67, 34)",2.1380426009096,False,0.0,35.0
93,Q-Learning,V1,"(96, 60)",8.197904061483214,False,0.0,12.0
93,Q-Learning,V2,"(85, 23)",4.956850422105163,True,2.395810236483065,1.0
93,Q-Learning,V3,"(67, 34)",15.242713057140882,False,0.0,26.0
93,Q-Learning,V4,"(99, 42)",2.270583827712702,False,0.0,41.0
93,Q-Learning,V5,"(61, 72)",4.428505316840109,False,0.0,19.0
93,Q-Learning,V6,"(30, 36)",5.328175714732726,False,0.0,26.0
93,Q-Learning,V7,"(53, 81)",1.0698374786380551,False,0.0,33.0
93,Q-Learning,V8,"(65, 57)",16.26820256838733,False,0.0,11.0
93,Q-Learning,V9,"(61, 69)",0.9688507556833272,True,2.209669878504009,1.0
93,Q-Learning,V10,"(86, 30)",5.6836564169778185,False,0.0,38.0
94,Greedy,V1,"(85, 63)",6.1194787099685755,False,0.0,12.0
94,Greedy,V2,"(60, 57)",10.237761341508381,False,0.0,3.0
94,Greedy,V3,"(90, 4)",3.4480576817923527,False,0.0,15.0
94,Greedy,V4,"(78, 27)",0.5276265390075672,False,0.0,40.0
94,Greedy,V5,"(70, 44)",2.397884773469933,False,0.0,17.0
94,Greedy,V6,"(44, 38)",7.533928145551229,False,0.0,31.0
94,Greedy,V7,"(5, 21)",0.9900110864881277,False,0.0,34.0
94,Greedy,V8,"(72, 28)",0.13604408300999182,True,5.2581945196671285,1.0
94,Greedy,V9,"(91, 0)",1.4482153203764447,True,0.9093146810776638,1.0
94,Greedy,V10,"(91, 29)",0.5931187905087292,False,0.0,35.0
94,Auction,V1,"(53, 99)",8.033594217866174,False,0.0,14.0
94,Auction,V2,"(97, 22)",4.948721605873674,True,3.5051993223490374,1.0
94,Auction,V3,"(30, 36)",15.043984008040038,False,0.0,27.0
94,Auction,V4,"(86, 30)",1.3899120992900933,False,0.0,41.0
94,Auction,V5,"(61, 69)",4.874390619769823,False,0.0,21.0
94,Auction,V6,"(61, 72)",8.053604082596845,False,0.0,31.0
94,Auction,V7,"(32, 12)",0.18550843649422788,False,0.0,32.0
94,Auction,V8,"(3, 79)",15.061703148613965,False,0.0,10.0
94,Auction,V9,"(65, 57)",0.8643959480124224,True,1.2289646009589745,1.0
94,Auction,V10,"(67, 34)",2.1380426009096,False,0.0,36.0
94,Q-Learning,V1,"(96, 60)",8.197904061483214,False,0.0,13.0
94,Q-Learning,V2,"(85, 23)",4.956850422105163,True,1.3958102364830651,1.0
94,Q-Learning,V3,"(67, 34)",15.242713057140882,False,0.0,27.0
94,Q-Learning,V4,"(99, 42)",2.270583827712702,False,0.0,42.0
94,Q-Learning,V5,"(61, 72)",4.428505316840109,False,0.0,20.0
94,Q-Learning,V6,"(30, 36)",5.328175714732726,False,0.0,27.0
94,Q-Learning,V7,"(53, 81)",1.0698374786380551,False,0.0,34.0
94,Q-Learning,V8,"(65, 57)",16.26820256838733,False,0.0,12.0
94,Q-Learning,V9,"(61, 69)",0.9688507556833272,True,1.209669878504009,1.0
94,Q-Learning,V10,"(86, 30)",5.6836564169778185,False,0.0,39.0
95,Greedy,V1,"(85, 63)",6.1194787099685755,False,0.0,13.0
95,Greedy,V2,"(60, 57)",10.237761341508381,False,0.0,4.0
95,Greedy,V3,"(90, 4)",3.4480576817923527,False,0.0,16.0
95,Greedy,V4,"(78, 27)",0.5276265390075672,False,0.0,41.0
95,Greedy,V5,"(70, 44)",2.397884773469933,False,0.0,18.0
95,Greedy,V6,"(44, 38)",7.533928145551229,False,0.0,32.0
95,Greedy,V7,"(5, 21)",0.9900110864881277,False,0.0,35.0
95,Greedy,V8,"(72, 28)",0.13604408300999182,True,4.2581945196671285,1.0
95,Greedy,V9,"(91, 0)",1.4482153203764447,False,0.0,1.0
95,Greedy,V10,"(91, 29)",0.5931187905087292,False,0.0,36.0
95,Auction,V1,"(53, 99)",8.033594217866174,False,0.0,15.0
95,Auction,V2,"(97, 22)",4.948721605873674,True,2.5051993223490374,1.0
95,Auction,V3,"(30, 36)",15.043984008040038,False,0.0,28.0
95,Auction,V4,"(86, 30)",1.3899120992900933,False,0.0,42.0
95,Auction,V5,"(61, 69)",4.874390619769823,False,0.0,22.0
95,Auction,V6,"(61, 72)",8.053604082596845,False,0.0,32.0
95,Auction,V7,"(32, 12)",0.18550843649422788,False,0.0,33.0
95,Auction,V8,"(3, 79)",15.061703148613965,False,0.0,11.0
95,Auction,V9,"(65, 57)",0.8643959480124224,True,0.22896460095897453,1.0
95,Auction,V10,"(67, 34)",2.1380426009096,False,0.0,37.0
95,Q-Learning,V1,"(96, 60)",8.197904061483214,False,0.0,14.0
95,Q-Learning,V2,"(85, 23)",4.956850422105163,True,0.3958102364830651,1.0
95,Q-Learning,V3,"(67, 34)",15.242713057140882,False,0.0,28.0
95,Q-Learning,V4,"(99, 42)",2.270583827712702,False,0.0,43.0
95,Q-Learning,V5,"(61, 72)",4.428505316840109,False,0.0,21.0
95,Q-Learning,V6,"(30, 36)",5.328175714732726,False,0.0,28.0
95,Q-Learning,V7,"(53, 81)",1.0698374786380551,False,0.0,35.0
95,Q-Learning,V8,"(65, 57)",16.26820256838733,False,0.0,13.0
95,Q-Learning,V9,"(61, 69)",0.9688507556833272,True,0.20966987850400898,1.0
95,Q-Learning,V10,"(86, 30)",5.6836564169778185,False,0.0,40.0
96,Greedy,V1,"(85, 63)",6.1194787099685755,False,0.0,14.0
96,Greedy,V2,"(60, 57)",10.237761341508381,False,0.0,5.0
96,Greedy,V3,"(90, 4)",3.4480576817923527,False,0.0,17.0
96,Greedy,V4,"(78, 27)",0.5276265390075672,False,0.0,42.0
96,Greedy,V5,"(70, 44)",2.397884773469933,False,0.0,19.0
96,Greedy,V6,"(44, 38)",7.533928145551229,False,0.0,33.0
96,Greedy,V7,"(5, 21)",0.9900110864881277,False,0.0,36.0
96,Greedy,V8,"(72, 28)",0.13604408300999182,True,3.2581945196671285,1.0
96,Greedy,V9,"(91, 0)",1.4482153203764447,False,0.0,2.0
96,Greedy,V10,"(91, 29)",0.5931187905087292,False,0.0,37.0
96,Auction,V1,"(53, 99)",8.033594217866174,False,0.0,16.0
96,Auction,V2,"(97, 22)",4.948721605873674,True,1.5051993223490374,1.0
96,Auction,V3,"(30, 36)",15.043984008040038,False,0.0,29.0
96,Auction,V4,"(86, 30)",1.3899120992900933,False,0.0,43.0
96,Auction,V5,"(61, 69)",4.874390619769823,False,0.0,23.0
96,Auction,V6,"(61, 72)",8.053604082596845,False,0.0,33.0
96,Auction,V7,"(32, 12)",0.18550843649422788,False,0.0,34.0
96,Auction,V8,"(3, 79)",15.061703148613965,False,0.0,12.0
96,Auction,V9,"(65, 57)",0.8643959480124224,False,0.0,1.0
96,Auction,V10,"(67, 34)",2.1380426009096,False,0.0,38.0
96,Q-Learning,V1,"(96, 60)",8.197904061483214,False,0.0,15.0
96,Q-Learning,V2,"(85, 23)",4.956850422105163,False,0.0,1.0
96,Q-Learning,V3,"(67, 34)",15.242713057140882,False,0.0,29.0
96,Q-Learning,V4,"(99, 42)",2.270583827712702,False,0.0,44.0
96,Q-Learning,V5,"(61, 72)",4.428505316840109,False,0.0,22.0
96,Q-Learning,V6,"(30, 36)",5.328175714732726,False,0.0,29.0
96,Q-Learning,V7,"(53, 81)",1.0698374786380551,False,0.0,36.0
96,Q-Learning,V8,"(65, 57)",16.26820256838733,False,0.0,14.0
96,Q-Learning,V9,"(61, 69)",0.9688507556833272,False,0.0,1.0
96,Q-Learning,V10,"(86, 30)",5.6836564169778185,False,0.0,41.0
97,Greedy,V1,"(85, 63)",6.1194787099685755,False,0.0,15.0
97,Greedy,V2,"(60, 57)",10.237761341508381,False,0.0,6.0
97,Greedy,V3,"(90, 4)",3.4480576817923527,False,0.0,18.0
97,Greedy,V4,"(78, 27)",0.5276265390075672,False,0.0,43.0
97,Greedy,V5,"(70, 44)",2.397884773469933,False,0.0,20.0
97,Greedy,V6,"(44, 38)",7.533928145551229,False,0.0,34.0
97,Greedy,V7,"(5, 21)",0.9900110864881277,False,0.0,37.0
97,Greedy,V8,"(72, 28)",0.13604408300999182,True,2.2581945196671285,1.0
97,Greedy,V9,"(91, 0)",1.4482153203764447,False,0.0,3.0
97,Greedy,V10,"(91, 29)",0.5931187905087292,False,0.0,38.0
97,Auction,V1,"(53, 99)",8.033594217866174,False,0.0,17.0
97,Auction,V2,"(97, 22)",4.948721605873674,True,0.5051993223490374,1.0
97,Auction,V3,"(30, 36)",15.043984008040038,False,0.0,30.0
97,Auction,V4,"(86, 30)",1.3899120992900933,False,0.0,44.0
97,Auction,V5,"(61, 69)",4.874390619769823,False,0.0,24.0
97,Auction,V6,"(61, 72)",8.053604082596845,False,0.0,34.0
97,Auction,V7,"(32, 12)",0.18550843649422788,False,0.0,35.0
97,Auction,V8,"(3, 79)",15.061703148613965,False,0.0,13.0
97,Auction,V9,"(65, 57)",0.8643959480124224,False,0.0,2.0
97,Auction,V10,"(67, 34)",2.1380426009096,False,0.0,39.0
97,Q-Learning,V1,"(96, 60)",8.197904061483214,False,0.0,16.0
97,Q-Learning,V2,"(85, 23)",4.956850422105163,False,0.0,2.0
97,Q-Learning,V3,"(67, 34)",15.242713057140882,False,0.0,30.0
97,Q-Learning,V4,"(99, 42)",2.270583827712702,False,0.0,45.0
97,Q-Learning,V5,"(61, 72)",4.428505316840109,False,0.0,23.0
97,Q-Learning,V6,"(30, 36)",5.328175714732726,False,0.0,30.0
97,Q-Learning,V7,"(53, 81)",1.0698374786380551,False,0.0,37.0
97,Q-Learning,V8,"(65, 57)",16.26820256838733,False,0.0,15.0
97,Q-Learning,V9,"(61, 69)",0.9688507556833272,False,0.0,2.0
97,Q-Learning,V10,"(86, 30)",5.6836564169778185,False,0.0,42.0
98,Greedy,V1,"(85, 63)",6.1194787099685755,False,0.0,16.0
98,Greedy,V2,"(60, 57)",10.237761341508381,False,0.0,7.0
98,Greedy,V3,"(90, 4)",3.4480576817923527,False,0.0,19.0
98,Greedy,V4,"(78, 27)",0.5276265390075672,False,0.0,44.0
98,Greedy,V5,"(70, 44)",2.397884773469933,False,0.0,21.0
98,Greedy,V6,"(44, 38)",7.533928145551229,False,0.0,35.0
98,Greedy,V7,"(5, 21)",0.9900110864881277,False,0.0,38.0
98,Greedy,V8,"(72, 28)",0.13604408300999182,True,1.2581945196671285,1.0
98,Greedy,V9,"(91, 0)",1.4482153203764447,False,0.0,4.0
98,Greedy,V10,"(91, 29)",0.5931187905087292,False,0.0,39.0
98,Auction,V1,"(53, 99)",8.033594217866174,False,0.0,18.0
98,Auction,V2,"(97, 22)",4.948721605873674,False,0.0,1.0
98,Auction,V3,"(30, 36)",15.043984008040038,False,0.0,31.0
98,Auction,V4,"(86, 30)",1.3899120992900933,False,0.0,45.0
98,Auction,V5,"(61, 69)",4.874390619769823,False,0.0,25.0
98,Auction,V6,"(61, 72)",8.053604082596845,False,0.0,35.0
98,Auction,V7,"(32, 12)",0.18550843649422788,False,0.0,36.0
98,Auction,V8,"(3, 79)",15.061703148613965,False,0.0,14.0
98,Auction,V9,"(65, 57)",0.8643959480124224,False,0.0,3.0
98,Auction,V10,"(67, 34)",2.1380426009096,False,0.0,40.0
98,Q-Learning,V1,"(96, 60)",8.197904061483214,False,0.0,17.0
98,Q-Learning,V2,"(85, 23)",4.956850422105163,False,0.0,3.0
98,Q-Learning,V3,"(67, 34)",15.242713057140882,False,0.0,31.0
98,Q-Learning,V4,"(99, 42)",2.270583827712702,False,0.0,46.0
98,Q-Learning,V5,"(61, 72)",4.428505316840109,False,0.0,24.0
98,Q-Learning,V6,"(30, 36)",5.328175714732726,False,0.0,31.0
98,Q-Learning,V7,"(53, 81)",1.0698374786380551,False,0.0,38.0
98,Q-Learning,V8,"(65, 57)",16.26820256838733,False,0.0,16.0
98,Q-Learning,V9,"(61, 69)",0.9688507556833272,False,0.0,3.0
98,Q-Learning,V10,"(86, 30)",5.6836564169778185,False,0.0,43.0
99,Greedy,V1,"(85, 63)",6.1194787099685755,False,0.0,17.0
99,Greedy,V2,"(60, 57)",10.237761341508381,False,0.0,8.0
99,Greedy,V3,"(90, 4)",3.4480576817923527,False,0.0,20.0
99,Greedy,V4,"(78, 27)",0.5276265390075672,False,0.0,45.0
99,Greedy,V5,"(70, 44)",2.397884773469933,False,0.0,22.0
99,Greedy,V6,"(44, 38)",7.533928145551229,False,0.0,36.0
99,Greedy,V7,"(5, 21)",0.9900110864881277,False,0.0,39.0
99,Greedy,V8,"(72, 28)",0.13604408300999182,True,0.2581945196671285,1.0
99,Greedy,V9,"(91, 0)",1.4482153203764447,False,0.0,5.0
99,Greedy,V10,"(91, 29)",0.5931187905087292,False,0.0,40.0
99,Auction,V1,"(53, 99)",8.033594217866174,False,0.0,19.0
99,Auction,V2,"(97, 22)",4.948721605873674,False,0.0,2.0
99,Auction,V3,"(30, 36)",15.043984008040038,False,0.0,32.0
99,Auction,V4,"(86, 30)",1.3899120992900933,False,0.0,46.0
99,Auction,V5,"(61, 69)",4.874390619769823,False,0.0,26.0
99,Auction,V6,"(61, 72)",8.053604082596845,False,0.0,36.0
99,Auction,V7,"(32, 12)",0.18550843649422788,False,0.0,37.0
99,Auction,V8,"(3, 79)",15.061703148613965,False,0.0,15.0
99,Auction,V9,"(65, 57)",0.8643959480124224,False,0.0,4.0
99,Auction,V10,"(67, 34)",2.1380426009096,False,0.0,41.0
99,Q-Learning,V1,"(96, 60)",8.197904061483214,False,0.0,18.0
99,Q-Learning,V2,"(85, 23)",4.956850422105163,False,0.0,4.0
99,Q-Learning,V3,"(67, 34)",15.242713057140882,False,0.0,32.0
99,Q-Learning,V4,"(99, 42)",2.270583827712702,False,0.0,47.0
99,Q-Learning,V5,"(61, 72)",4.428505316840109,False,0.0,25.0
99,Q-Learning,V6,"(30, 36)",5.328175714732726,False,0.0,32.0
99,Q-Learning,V7,"(53, 81)",1.0698374786380551,False,0.0,39.0
99,Q-Learning,V8,"(65, 57)",16.26820256838733,False,0.0,17.0
99,Q-Learning,V9,"(61, 69)",0.9688507556833272,False,0.0,4.0
99,Q-Learning,V10,"(86, 30)",5.6836564169778185,False,0.0,44.0
