time_step,method,task_id,position,urgency,duration
0,Greedy,T1,"(75, 66)",3,18.0
0,Greedy,T2,"(45, 88)",8,12.0
0,Greedy,T3,"(30, 9)",8,20.0
0,Greedy,T4,"(35, 16)",3,10.0
0,Greedy,T5,"(39, 51)",6,15.0
0,Greedy,T6,"(5, 3)",6,17.0
0,Greedy,T7,"(25, 95)",5,12.0
0,Greedy,T8,"(28, 84)",7,10.0
0,Greedy,T9,"(20, 20)",2,27.0
0,Greedy,T10,"(80, 15)",3,16.0
0,Auction,T1,"(75, 66)",3,18.0
0,Auction,T2,"(45, 88)",8,12.0
0,Auction,T3,"(30, 9)",8,20.0
0,Auction,T4,"(35, 16)",3,10.0
0,Auction,T5,"(39, 51)",6,15.0
0,Auction,T6,"(5, 3)",6,17.0
0,Auction,T7,"(25, 95)",5,12.0
0,Auction,T8,"(28, 84)",7,10.0
0,Auction,T9,"(20, 20)",2,27.0
0,Auction,T10,"(80, 15)",3,16.0
0,Q-Learning,T1,"(75, 66)",3,18.0
0,Q-Learning,T2,"(45, 88)",8,12.0
0,Q-Learning,T3,"(30, 9)",8,20.0
0,Q-Learning,T4,"(35, 16)",3,10.0
0,Q-Learning,T5,"(39, 51)",6,15.0
0,Q-Learning,T6,"(5, 3)",6,17.0
0,Q-Learning,T7,"(25, 95)",5,12.0
0,Q-Learning,T8,"(28, 84)",7,10.0
0,Q-Learning,T9,"(20, 20)",2,27.0
0,Q-Learning,T10,"(80, 15)",3,16.0
1,Greedy,E1,"(37, 41)",3,23.0
1,Auction,T4,"(35, 16)",4,10.0
1,Q-Learning,T4,"(35, 16)",4,10.0
1,Q-Learning,T5,"(39, 51)",7,15.0
1,Q-Learning,T6,"(5, 3)",7,17.0
1,Q-Learning,T7,"(25, 95)",6,12.0
1,Q-Learning,T8,"(28, 84)",8,10.0
1,Q-Learning,T10,"(80, 15)",4,16.0
1,Q-Learning,E1,"(37, 41)",3,23.0
2,Greedy,E1,"(37, 41)",4,23.0
2,Auction,T4,"(35, 16)",5,10.0
2,Q-Learning,T4,"(35, 16)",5,10.0
2,Q-Learning,T5,"(39, 51)",8,15.0
2,Q-Learning,T6,"(5, 3)",8,17.0
2,Q-Learning,T7,"(25, 95)",7,12.0
2,Q-Learning,T10,"(80, 15)",5,16.0
2,Q-Learning,E1,"(37, 41)",4,23.0
3,Greedy,E1,"(37, 41)",5,23.0
3,Auction,T4,"(35, 16)",6,10.0
3,Q-Learning,T4,"(35, 16)",6,10.0
3,Q-Learning,T6,"(5, 3)",9,17.0
3,Q-Learning,T10,"(80, 15)",6,16.0
3,Q-Learning,E1,"(37, 41)",5,23.0
4,Greedy,E1,"(37, 41)",6,23.0
4,Greedy,E2,"(1, 66)",1,20.0
4,Auction,T4,"(35, 16)",7,10.0
4,Auction,E2,"(1, 66)",1,20.0
4,Q-Learning,T4,"(35, 16)",7,10.0
4,Q-Learning,T10,"(80, 15)",7,16.0
4,Q-Learning,E1,"(37, 41)",6,23.0
4,Q-Learning,E2,"(1, 66)",1,20.0
5,Greedy,E1,"(37, 41)",7,23.0
5,Greedy,E2,"(1, 66)",2,20.0
5,Greedy,E3,"(63, 63)",5,13.0
5,Auction,T4,"(35, 16)",8,10.0
5,Auction,E2,"(1, 66)",2,20.0
5,Auction,E3,"(63, 63)",5,13.0
5,Q-Learning,T4,"(35, 16)",8,10.0
5,Q-Learning,E1,"(37, 41)",7,23.0
5,Q-Learning,E2,"(1, 66)",2,20.0
5,Q-Learning,E3,"(63, 63)",5,13.0
6,Greedy,E1,"(37, 41)",8,23.0
6,Greedy,E2,"(1, 66)",3,20.0
6,Greedy,E3,"(63, 63)",6,13.0
6,Greedy,E4,"(23, 7)",8,27.0
6,Auction,T4,"(35, 16)",9,10.0
6,Auction,E2,"(1, 66)",3,20.0
6,Auction,E3,"(63, 63)",6,13.0
6,Auction,E4,"(23, 7)",8,27.0
6,Q-Learning,E1,"(37, 41)",8,23.0
6,Q-Learning,E2,"(1, 66)",3,20.0
6,Q-Learning,E3,"(63, 63)",6,13.0
6,Q-Learning,E4,"(23, 7)",8,27.0
7,Greedy,E1,"(37, 41)",9,23.0
7,Greedy,E2,"(1, 66)",4,20.0
7,Greedy,E3,"(63, 63)",7,13.0
7,Greedy,E4,"(23, 7)",9,27.0
7,Auction,T4,"(35, 16)",10,10.0
7,Auction,E2,"(1, 66)",4,20.0
7,Auction,E3,"(63, 63)",7,13.0
7,Auction,E4,"(23, 7)",9,27.0
7,Q-Learning,E1,"(37, 41)",9,23.0
7,Q-Learning,E2,"(1, 66)",4,20.0
7,Q-Learning,E3,"(63, 63)",7,13.0
7,Q-Learning,E4,"(23, 7)",9,27.0
8,Greedy,E1,"(37, 41)",10,23.0
8,Greedy,E2,"(1, 66)",5,20.0
8,Greedy,E3,"(63, 63)",8,13.0
8,Greedy,E4,"(23, 7)",10,27.0
8,Auction,T4,"(35, 16)",11,10.0
8,Auction,E2,"(1, 66)",5,20.0
8,Auction,E3,"(63, 63)",8,13.0
8,Auction,E4,"(23, 7)",10,27.0
8,Q-Learning,E1,"(37, 41)",10,23.0
8,Q-Learning,E2,"(1, 66)",5,20.0
8,Q-Learning,E3,"(63, 63)",8,13.0
8,Q-Learning,E4,"(23, 7)",10,27.0
9,Greedy,E1,"(37, 41)",11,23.0
9,Greedy,E2,"(1, 66)",6,20.0
9,Greedy,E3,"(63, 63)",9,13.0
9,Greedy,E4,"(23, 7)",11,27.0
9,Greedy,E5,"(96, 70)",9,10.0
9,Auction,T4,"(35, 16)",12,10.0
9,Auction,E2,"(1, 66)",6,20.0
9,Auction,E3,"(63, 63)",9,13.0
9,Auction,E4,"(23, 7)",11,27.0
9,Auction,E5,"(96, 70)",9,10.0
9,Q-Learning,E1,"(37, 41)",11,23.0
9,Q-Learning,E2,"(1, 66)",6,20.0
9,Q-Learning,E3,"(63, 63)",9,13.0
9,Q-Learning,E4,"(23, 7)",11,27.0
9,Q-Learning,E5,"(96, 70)",9,10.0
10,Greedy,E1,"(37, 41)",12,23.0
10,Greedy,E2,"(1, 66)",7,20.0
10,Greedy,E3,"(63, 63)",10,13.0
10,Greedy,E4,"(23, 7)",12,27.0
10,Greedy,E5,"(96, 70)",10,10.0
10,Auction,T4,"(35, 16)",13,10.0
10,Auction,E2,"(1, 66)",7,20.0
10,Auction,E3,"(63, 63)",10,13.0
10,Auction,E4,"(23, 7)",12,27.0
10,Auction,E5,"(96, 70)",10,10.0
10,Q-Learning,E1,"(37, 41)",12,23.0
10,Q-Learning,E2,"(1, 66)",7,20.0
10,Q-Learning,E3,"(63, 63)",10,13.0
10,Q-Learning,E4,"(23, 7)",12,27.0
10,Q-Learning,E5,"(96, 70)",10,10.0
11,Greedy,E1,"(37, 41)",13,23.0
11,Greedy,E2,"(1, 66)",8,20.0
11,Greedy,E3,"(63, 63)",11,13.0
11,Greedy,E4,"(23, 7)",13,27.0
11,Greedy,E5,"(96, 70)",11,10.0
11,Greedy,E6,"(97, 4)",1,27.0
11,Auction,T4,"(35, 16)",14,10.0
11,Auction,E2,"(1, 66)",8,20.0
11,Auction,E3,"(63, 63)",11,13.0
11,Auction,E4,"(23, 7)",13,27.0
11,Auction,E5,"(96, 70)",11,10.0
11,Auction,E6,"(97, 4)",1,27.0
11,Q-Learning,E1,"(37, 41)",13,23.0
11,Q-Learning,E2,"(1, 66)",8,20.0
11,Q-Learning,E3,"(63, 63)",11,13.0
11,Q-Learning,E4,"(23, 7)",13,27.0
11,Q-Learning,E5,"(96, 70)",11,10.0
11,Q-Learning,E6,"(97, 4)",1,27.0
12,Greedy,E1,"(37, 41)",14,23.0
12,Greedy,E2,"(1, 66)",9,20.0
12,Greedy,E3,"(63, 63)",12,13.0
12,Greedy,E4,"(23, 7)",14,27.0
12,Greedy,E5,"(96, 70)",12,10.0
12,Greedy,E6,"(97, 4)",2,27.0
12,Auction,T4,"(35, 16)",15,10.0
12,Auction,E2,"(1, 66)",9,20.0
12,Auction,E3,"(63, 63)",12,13.0
12,Auction,E4,"(23, 7)",14,27.0
12,Auction,E5,"(96, 70)",12,10.0
12,Auction,E6,"(97, 4)",2,27.0
12,Q-Learning,E1,"(37, 41)",14,23.0
12,Q-Learning,E2,"(1, 66)",9,20.0
12,Q-Learning,E3,"(63, 63)",12,13.0
12,Q-Learning,E4,"(23, 7)",14,27.0
12,Q-Learning,E5,"(96, 70)",12,10.0
12,Q-Learning,E6,"(97, 4)",2,27.0
13,Greedy,E2,"(1, 66)",10,20.0
13,Greedy,E3,"(63, 63)",13,13.0
13,Greedy,E4,"(23, 7)",15,27.0
13,Greedy,E5,"(96, 70)",13,10.0
13,Greedy,E6,"(97, 4)",3,27.0
13,Greedy,E7,"(68, 77)",6,25.0
13,Auction,T4,"(35, 16)",16,10.0
13,Auction,E2,"(1, 66)",10,20.0
13,Auction,E4,"(23, 7)",15,27.0
13,Auction,E5,"(96, 70)",13,10.0
13,Auction,E6,"(97, 4)",3,27.0
13,Auction,E7,"(68, 77)",6,25.0
13,Q-Learning,E1,"(37, 41)",15,23.0
13,Q-Learning,E2,"(1, 66)",10,20.0
13,Q-Learning,E3,"(63, 63)",13,13.0
13,Q-Learning,E4,"(23, 7)",15,27.0
13,Q-Learning,E5,"(96, 70)",13,10.0
13,Q-Learning,E6,"(97, 4)",3,27.0
13,Q-Learning,E7,"(68, 77)",6,25.0
14,Greedy,E2,"(1, 66)",11,20.0
14,Greedy,E3,"(63, 63)",14,13.0
14,Greedy,E4,"(23, 7)",16,27.0
14,Greedy,E5,"(96, 70)",14,10.0
14,Greedy,E6,"(97, 4)",4,27.0
14,Greedy,E7,"(68, 77)",7,25.0
14,Auction,T4,"(35, 16)",17,10.0
14,Auction,E2,"(1, 66)",11,20.0
14,Auction,E4,"(23, 7)",16,27.0
14,Auction,E5,"(96, 70)",14,10.0
14,Auction,E6,"(97, 4)",4,27.0
14,Auction,E7,"(68, 77)",7,25.0
14,Q-Learning,E2,"(1, 66)",11,20.0
14,Q-Learning,E3,"(63, 63)",14,13.0
14,Q-Learning,E4,"(23, 7)",16,27.0
14,Q-Learning,E5,"(96, 70)",14,10.0
14,Q-Learning,E6,"(97, 4)",4,27.0
14,Q-Learning,E7,"(68, 77)",7,25.0
15,Greedy,E2,"(1, 66)",12,20.0
15,Greedy,E3,"(63, 63)",15,13.0
15,Greedy,E5,"(96, 70)",15,10.0
15,Greedy,E6,"(97, 4)",5,27.0
15,Greedy,E7,"(68, 77)",8,25.0
15,Greedy,E8,"(7, 16)",1,28.0
15,Auction,T4,"(35, 16)",18,10.0
15,Auction,E2,"(1, 66)",12,20.0
15,Auction,E5,"(96, 70)",15,10.0
15,Auction,E6,"(97, 4)",5,27.0
15,Auction,E7,"(68, 77)",8,25.0
15,Auction,E8,"(7, 16)",1,28.0
15,Q-Learning,E2,"(1, 66)",12,20.0
15,Q-Learning,E3,"(63, 63)",15,13.0
15,Q-Learning,E4,"(23, 7)",17,27.0
15,Q-Learning,E5,"(96, 70)",15,10.0
15,Q-Learning,E6,"(97, 4)",5,27.0
15,Q-Learning,E8,"(7, 16)",1,28.0
16,Greedy,E2,"(1, 66)",13,20.0
16,Greedy,E3,"(63, 63)",16,13.0
16,Greedy,E5,"(96, 70)",16,10.0
16,Greedy,E6,"(97, 4)",6,27.0
16,Greedy,E7,"(68, 77)",9,25.0
16,Greedy,E8,"(7, 16)",2,28.0
16,Greedy,E9,"(48, 55)",4,14.0
16,Auction,T4,"(35, 16)",19,10.0
16,Auction,E2,"(1, 66)",13,20.0
16,Auction,E5,"(96, 70)",16,10.0
16,Auction,E6,"(97, 4)",6,27.0
16,Auction,E7,"(68, 77)",9,25.0
16,Auction,E8,"(7, 16)",2,28.0
16,Auction,E9,"(48, 55)",4,14.0
16,Q-Learning,E2,"(1, 66)",13,20.0
16,Q-Learning,E3,"(63, 63)",16,13.0
16,Q-Learning,E4,"(23, 7)",18,27.0
16,Q-Learning,E5,"(96, 70)",16,10.0
16,Q-Learning,E6,"(97, 4)",6,27.0
16,Q-Learning,E8,"(7, 16)",2,28.0
16,Q-Learning,E9,"(48, 55)",4,14.0
17,Greedy,E2,"(1, 66)",14,20.0
17,Greedy,E3,"(63, 63)",17,13.0
17,Greedy,E5,"(96, 70)",17,10.0
17,Greedy,E6,"(97, 4)",7,27.0
17,Greedy,E7,"(68, 77)",10,25.0
17,Greedy,E8,"(7, 16)",3,28.0
17,Greedy,E9,"(48, 55)",5,14.0
17,Auction,T4,"(35, 16)",20,10.0
17,Auction,E2,"(1, 66)",14,20.0
17,Auction,E5,"(96, 70)",17,10.0
17,Auction,E6,"(97, 4)",7,27.0
17,Auction,E7,"(68, 77)",10,25.0
17,Auction,E8,"(7, 16)",3,28.0
17,Auction,E9,"(48, 55)",5,14.0
17,Q-Learning,E2,"(1, 66)",14,20.0
17,Q-Learning,E3,"(63, 63)",17,13.0
17,Q-Learning,E4,"(23, 7)",19,27.0
17,Q-Learning,E5,"(96, 70)",17,10.0
17,Q-Learning,E6,"(97, 4)",7,27.0
17,Q-Learning,E8,"(7, 16)",3,28.0
17,Q-Learning,E9,"(48, 55)",5,14.0
18,Greedy,E2,"(1, 66)",15,20.0
18,Greedy,E3,"(63, 63)",18,13.0
18,Greedy,E5,"(96, 70)",18,10.0
18,Greedy,E6,"(97, 4)",8,27.0
18,Greedy,E7,"(68, 77)",11,25.0
18,Greedy,E8,"(7, 16)",4,28.0
18,Greedy,E9,"(48, 55)",6,14.0
18,Auction,T4,"(35, 16)",21,10.0
18,Auction,E2,"(1, 66)",15,20.0
18,Auction,E5,"(96, 70)",18,10.0
18,Auction,E6,"(97, 4)",8,27.0
18,Auction,E7,"(68, 77)",11,25.0
18,Auction,E8,"(7, 16)",4,28.0
18,Auction,E9,"(48, 55)",6,14.0
18,Q-Learning,E2,"(1, 66)",15,20.0
18,Q-Learning,E3,"(63, 63)",18,13.0
18,Q-Learning,E4,"(23, 7)",20,27.0
18,Q-Learning,E5,"(96, 70)",18,10.0
18,Q-Learning,E6,"(97, 4)",8,27.0
18,Q-Learning,E8,"(7, 16)",4,28.0
18,Q-Learning,E9,"(48, 55)",6,14.0
19,Greedy,E2,"(1, 66)",16,20.0
19,Greedy,E6,"(97, 4)",9,27.0
19,Greedy,E7,"(68, 77)",12,25.0
19,Greedy,E8,"(7, 16)",5,28.0
19,Greedy,E9,"(48, 55)",7,14.0
19,Auction,T4,"(35, 16)",22,10.0
19,Auction,E5,"(96, 70)",19,10.0
19,Auction,E6,"(97, 4)",9,27.0
19,Auction,E7,"(68, 77)",12,25.0
19,Auction,E8,"(7, 16)",5,28.0
19,Auction,E9,"(48, 55)",7,14.0
19,Q-Learning,E2,"(1, 66)",16,20.0
19,Q-Learning,E3,"(63, 63)",19,13.0
19,Q-Learning,E4,"(23, 7)",21,27.0
19,Q-Learning,E5,"(96, 70)",19,10.0
19,Q-Learning,E6,"(97, 4)",9,27.0
19,Q-Learning,E8,"(7, 16)",5,28.0
19,Q-Learning,E9,"(48, 55)",7,14.0
20,Greedy,E2,"(1, 66)",17,20.0
20,Greedy,E6,"(97, 4)",10,27.0
20,Greedy,E7,"(68, 77)",13,25.0
20,Greedy,E8,"(7, 16)",6,28.0
20,Greedy,E9,"(48, 55)",8,14.0
20,Greedy,E10,"(58, 38)",8,14.0
20,Auction,T4,"(35, 16)",23,10.0
20,Auction,E5,"(96, 70)",20,10.0
20,Auction,E6,"(97, 4)",10,27.0
20,Auction,E7,"(68, 77)",13,25.0
20,Auction,E8,"(7, 16)",6,28.0
20,Auction,E9,"(48, 55)",8,14.0
20,Auction,E10,"(58, 38)",8,14.0
20,Q-Learning,E2,"(1, 66)",17,20.0
20,Q-Learning,E3,"(63, 63)",20,13.0
20,Q-Learning,E4,"(23, 7)",22,27.0
20,Q-Learning,E5,"(96, 70)",20,10.0
20,Q-Learning,E6,"(97, 4)",10,27.0
20,Q-Learning,E8,"(7, 16)",6,28.0
20,Q-Learning,E9,"(48, 55)",8,14.0
20,Q-Learning,E10,"(58, 38)",8,14.0
21,Greedy,E6,"(97, 4)",11,27.0
21,Greedy,E8,"(7, 16)",7,28.0
21,Greedy,E9,"(48, 55)",9,14.0
21,Greedy,E10,"(58, 38)",9,14.0
21,Greedy,E11,"(25, 27)",6,19.0
21,Auction,E5,"(96, 70)",21,10.0
21,Auction,E6,"(97, 4)",11,27.0
21,Auction,E8,"(7, 16)",7,28.0
21,Auction,E10,"(58, 38)",9,14.0
21,Auction,E11,"(25, 27)",6,19.0
21,Q-Learning,E2,"(1, 66)",18,20.0
21,Q-Learning,E3,"(63, 63)",21,13.0
21,Q-Learning,E5,"(96, 70)",21,10.0
21,Q-Learning,E6,"(97, 4)",11,27.0
21,Q-Learning,E8,"(7, 16)",7,28.0
21,Q-Learning,E9,"(48, 55)",9,14.0
21,Q-Learning,E10,"(58, 38)",9,14.0
21,Q-Learning,E11,"(25, 27)",6,19.0
22,Greedy,E6,"(97, 4)",12,27.0
22,Greedy,E8,"(7, 16)",8,28.0
22,Greedy,E9,"(48, 55)",10,14.0
22,Greedy,E10,"(58, 38)",10,14.0
22,Greedy,E11,"(25, 27)",7,19.0
22,Auction,E5,"(96, 70)",22,10.0
22,Auction,E6,"(97, 4)",12,27.0
22,Auction,E8,"(7, 16)",8,28.0
22,Auction,E10,"(58, 38)",10,14.0
22,Auction,E11,"(25, 27)",7,19.0
22,Q-Learning,E2,"(1, 66)",19,20.0
22,Q-Learning,E3,"(63, 63)",22,13.0
22,Q-Learning,E5,"(96, 70)",22,10.0
22,Q-Learning,E6,"(97, 4)",12,27.0
22,Q-Learning,E8,"(7, 16)",8,28.0
22,Q-Learning,E9,"(48, 55)",10,14.0
22,Q-Learning,E10,"(58, 38)",10,14.0
22,Q-Learning,E11,"(25, 27)",7,19.0
23,Greedy,E8,"(7, 16)",9,28.0
23,Greedy,E10,"(58, 38)",11,14.0
23,Greedy,E11,"(25, 27)",8,19.0
23,Auction,E5,"(96, 70)",23,10.0
23,Auction,E6,"(97, 4)",13,27.0
23,Auction,E8,"(7, 16)",9,28.0
23,Auction,E10,"(58, 38)",11,14.0
23,Q-Learning,E2,"(1, 66)",20,20.0
23,Q-Learning,E5,"(96, 70)",23,10.0
23,Q-Learning,E6,"(97, 4)",13,27.0
23,Q-Learning,E8,"(7, 16)",9,28.0
23,Q-Learning,E9,"(48, 55)",11,14.0
23,Q-Learning,E10,"(58, 38)",11,14.0
24,Greedy,E8,"(7, 16)",10,28.0
24,Greedy,E10,"(58, 38)",12,14.0
24,Greedy,E11,"(25, 27)",9,19.0
24,Auction,E5,"(96, 70)",24,10.0
24,Auction,E6,"(97, 4)",14,27.0
24,Auction,E8,"(7, 16)",10,28.0
24,Auction,E10,"(58, 38)",12,14.0
24,Q-Learning,E2,"(1, 66)",21,20.0
24,Q-Learning,E5,"(96, 70)",24,10.0
24,Q-Learning,E6,"(97, 4)",14,27.0
24,Q-Learning,E8,"(7, 16)",10,28.0
24,Q-Learning,E9,"(48, 55)",12,14.0
24,Q-Learning,E10,"(58, 38)",12,14.0
25,Greedy,E8,"(7, 16)",11,28.0
25,Greedy,E10,"(58, 38)",13,14.0
25,Greedy,E11,"(25, 27)",10,19.0
25,Greedy,E12,"(19, 30)",4,20.0
25,Auction,E5,"(96, 70)",25,10.0
25,Auction,E6,"(97, 4)",15,27.0
25,Auction,E8,"(7, 16)",11,28.0
25,Auction,E10,"(58, 38)",13,14.0
25,Auction,E12,"(19, 30)",4,20.0
25,Q-Learning,E2,"(1, 66)",22,20.0
25,Q-Learning,E6,"(97, 4)",15,27.0
25,Q-Learning,E8,"(7, 16)",11,28.0
25,Q-Learning,E9,"(48, 55)",13,14.0
25,Q-Learning,E10,"(58, 38)",13,14.0
25,Q-Learning,E12,"(19, 30)",4,20.0
26,Greedy,E8,"(7, 16)",12,28.0
26,Greedy,E10,"(58, 38)",14,14.0
26,Greedy,E11,"(25, 27)",11,19.0
26,Greedy,E12,"(19, 30)",5,20.0
26,Auction,E5,"(96, 70)",26,10.0
26,Auction,E6,"(97, 4)",16,27.0
26,Auction,E8,"(7, 16)",12,28.0
26,Auction,E10,"(58, 38)",14,14.0
26,Auction,E12,"(19, 30)",5,20.0
26,Q-Learning,E2,"(1, 66)",23,20.0
26,Q-Learning,E6,"(97, 4)",16,27.0
26,Q-Learning,E8,"(7, 16)",12,28.0
26,Q-Learning,E9,"(48, 55)",14,14.0
26,Q-Learning,E10,"(58, 38)",14,14.0
26,Q-Learning,E12,"(19, 30)",5,20.0
27,Greedy,E8,"(7, 16)",13,28.0
27,Greedy,E10,"(58, 38)",15,14.0
27,Greedy,E11,"(25, 27)",12,19.0
27,Greedy,E12,"(19, 30)",6,20.0
27,Auction,E5,"(96, 70)",27,10.0
27,Auction,E6,"(97, 4)",17,27.0
27,Auction,E8,"(7, 16)",13,28.0
27,Auction,E10,"(58, 38)",15,14.0
27,Auction,E12,"(19, 30)",6,20.0
27,Q-Learning,E2,"(1, 66)",24,20.0
27,Q-Learning,E6,"(97, 4)",17,27.0
27,Q-Learning,E8,"(7, 16)",13,28.0
27,Q-Learning,E9,"(48, 55)",15,14.0
27,Q-Learning,E10,"(58, 38)",15,14.0
27,Q-Learning,E12,"(19, 30)",6,20.0
28,Greedy,E8,"(7, 16)",14,28.0
28,Greedy,E10,"(58, 38)",16,14.0
28,Greedy,E11,"(25, 27)",13,19.0
28,Greedy,E12,"(19, 30)",7,20.0
28,Auction,E5,"(96, 70)",28,10.0
28,Auction,E6,"(97, 4)",18,27.0
28,Auction,E8,"(7, 16)",14,28.0
28,Auction,E10,"(58, 38)",16,14.0
28,Auction,E12,"(19, 30)",7,20.0
28,Q-Learning,E2,"(1, 66)",25,20.0
28,Q-Learning,E6,"(97, 4)",18,27.0
28,Q-Learning,E8,"(7, 16)",14,28.0
28,Q-Learning,E9,"(48, 55)",16,14.0
28,Q-Learning,E10,"(58, 38)",16,14.0
28,Q-Learning,E12,"(19, 30)",7,20.0
29,Greedy,E8,"(7, 16)",15,28.0
29,Greedy,E11,"(25, 27)",14,19.0
29,Greedy,E12,"(19, 30)",8,20.0
29,Auction,E5,"(96, 70)",29,10.0
29,Auction,E6,"(97, 4)",19,27.0
29,Auction,E10,"(58, 38)",17,14.0
29,Auction,E12,"(19, 30)",8,20.0
29,Q-Learning,E2,"(1, 66)",26,20.0
29,Q-Learning,E6,"(97, 4)",19,27.0
29,Q-Learning,E8,"(7, 16)",15,28.0
29,Q-Learning,E9,"(48, 55)",17,14.0
29,Q-Learning,E10,"(58, 38)",17,14.0
30,Greedy,E8,"(7, 16)",16,28.0
30,Greedy,E11,"(25, 27)",15,19.0
30,Greedy,E12,"(19, 30)",9,20.0
30,Auction,E5,"(96, 70)",30,10.0
30,Auction,E6,"(97, 4)",20,27.0
30,Auction,E10,"(58, 38)",18,14.0
30,Auction,E12,"(19, 30)",9,20.0
30,Q-Learning,E2,"(1, 66)",27,20.0
30,Q-Learning,E6,"(97, 4)",20,27.0
30,Q-Learning,E8,"(7, 16)",16,28.0
30,Q-Learning,E9,"(48, 55)",18,14.0
30,Q-Learning,E10,"(58, 38)",18,14.0
31,Greedy,E8,"(7, 16)",17,28.0
31,Greedy,E11,"(25, 27)",16,19.0
31,Greedy,E12,"(19, 30)",10,20.0
31,Auction,E5,"(96, 70)",31,10.0
31,Auction,E6,"(97, 4)",21,27.0
31,Auction,E10,"(58, 38)",19,14.0
31,Auction,E12,"(19, 30)",10,20.0
31,Q-Learning,E2,"(1, 66)",28,20.0
31,Q-Learning,E6,"(97, 4)",21,27.0
31,Q-Learning,E8,"(7, 16)",17,28.0
31,Q-Learning,E9,"(48, 55)",19,14.0
31,Q-Learning,E10,"(58, 38)",19,14.0
32,Greedy,E8,"(7, 16)",18,28.0
32,Greedy,E11,"(25, 27)",17,19.0
32,Greedy,E12,"(19, 30)",11,20.0
32,Auction,E5,"(96, 70)",32,10.0
32,Auction,E6,"(97, 4)",22,27.0
32,Auction,E10,"(58, 38)",20,14.0
32,Auction,E12,"(19, 30)",11,20.0
32,Q-Learning,E2,"(1, 66)",29,20.0
32,Q-Learning,E6,"(97, 4)",22,27.0
32,Q-Learning,E8,"(7, 16)",18,28.0
32,Q-Learning,E9,"(48, 55)",20,14.0
32,Q-Learning,E10,"(58, 38)",20,14.0
33,Greedy,E8,"(7, 16)",19,28.0
33,Greedy,E11,"(25, 27)",18,19.0
33,Greedy,E12,"(19, 30)",12,20.0
33,Auction,E6,"(97, 4)",23,27.0
33,Auction,E10,"(58, 38)",21,14.0
33,Auction,E12,"(19, 30)",12,20.0
33,Q-Learning,E2,"(1, 66)",30,20.0
33,Q-Learning,E8,"(7, 16)",19,28.0
33,Q-Learning,E9,"(48, 55)",21,14.0
33,Q-Learning,E10,"(58, 38)",21,14.0
34,Greedy,E8,"(7, 16)",20,28.0
34,Greedy,E11,"(25, 27)",19,19.0
34,Greedy,E12,"(19, 30)",13,20.0
34,Greedy,E13,"(91, 81)",4,25.0
34,Auction,E6,"(97, 4)",24,27.0
34,Auction,E10,"(58, 38)",22,14.0
34,Auction,E12,"(19, 30)",13,20.0
34,Auction,E13,"(91, 81)",4,25.0
34,Q-Learning,E8,"(7, 16)",20,28.0
34,Q-Learning,E9,"(48, 55)",22,14.0
34,Q-Learning,E10,"(58, 38)",22,14.0
34,Q-Learning,E13,"(91, 81)",4,25.0
35,Greedy,E8,"(7, 16)",21,28.0
35,Greedy,E11,"(25, 27)",20,19.0
35,Greedy,E12,"(19, 30)",14,20.0
35,Greedy,E13,"(91, 81)",5,25.0
35,Auction,E6,"(97, 4)",25,27.0
35,Auction,E10,"(58, 38)",23,14.0
35,Auction,E12,"(19, 30)",14,20.0
35,Auction,E13,"(91, 81)",5,25.0
35,Q-Learning,E8,"(7, 16)",21,28.0
35,Q-Learning,E9,"(48, 55)",23,14.0
35,Q-Learning,E13,"(91, 81)",5,25.0
36,Greedy,E8,"(7, 16)",22,28.0
36,Greedy,E12,"(19, 30)",15,20.0
36,Greedy,E13,"(91, 81)",6,25.0
36,Auction,E6,"(97, 4)",26,27.0
36,Auction,E10,"(58, 38)",24,14.0
36,Auction,E12,"(19, 30)",15,20.0
36,Auction,E13,"(91, 81)",6,25.0
36,Q-Learning,E8,"(7, 16)",22,28.0
36,Q-Learning,E9,"(48, 55)",24,14.0
36,Q-Learning,E13,"(91, 81)",6,25.0
37,Greedy,E8,"(7, 16)",23,28.0
37,Greedy,E12,"(19, 30)",16,20.0
37,Greedy,E13,"(91, 81)",7,25.0
37,Auction,E6,"(97, 4)",27,27.0
37,Auction,E12,"(19, 30)",16,20.0
37,Auction,E13,"(91, 81)",7,25.0
37,Q-Learning,E8,"(7, 16)",23,28.0
37,Q-Learning,E9,"(48, 55)",25,14.0
37,Q-Learning,E13,"(91, 81)",7,25.0
38,Greedy,E8,"(7, 16)",24,28.0
38,Greedy,E12,"(19, 30)",17,20.0
38,Greedy,E13,"(91, 81)",8,25.0
38,Greedy,E14,"(13, 85)",4,30.0
38,Auction,E13,"(91, 81)",8,25.0
38,Auction,E14,"(13, 85)",4,30.0
38,Q-Learning,E8,"(7, 16)",24,28.0
38,Q-Learning,E9,"(48, 55)",26,14.0
38,Q-Learning,E13,"(91, 81)",8,25.0
38,Q-Learning,E14,"(13, 85)",4,30.0
39,Greedy,E8,"(7, 16)",25,28.0
39,Greedy,E12,"(19, 30)",18,20.0
39,Greedy,E13,"(91, 81)",9,25.0
39,Greedy,E14,"(13, 85)",5,30.0
39,Greedy,E15,"(15, 94)",3,12.0
39,Auction,E14,"(13, 85)",5,30.0
39,Auction,E15,"(15, 94)",3,12.0
39,Q-Learning,E8,"(7, 16)",25,28.0
39,Q-Learning,E13,"(91, 81)",9,25.0
39,Q-Learning,E14,"(13, 85)",5,30.0
39,Q-Learning,E15,"(15, 94)",3,12.0
40,Greedy,E8,"(7, 16)",26,28.0
40,Greedy,E12,"(19, 30)",19,20.0
40,Greedy,E13,"(91, 81)",10,25.0
40,Greedy,E14,"(13, 85)",6,30.0
40,Greedy,E15,"(15, 94)",4,12.0
40,Auction,E14,"(13, 85)",6,30.0
40,Auction,E15,"(15, 94)",4,12.0
40,Q-Learning,E8,"(7, 16)",26,28.0
40,Q-Learning,E13,"(91, 81)",10,25.0
40,Q-Learning,E14,"(13, 85)",6,30.0
40,Q-Learning,E15,"(15, 94)",4,12.0
41,Greedy,E8,"(7, 16)",27,28.0
41,Greedy,E12,"(19, 30)",20,20.0
41,Greedy,E13,"(91, 81)",11,25.0
41,Greedy,E14,"(13, 85)",7,30.0
41,Greedy,E15,"(15, 94)",5,12.0
41,Greedy,E16,"(80, 79)",3,18.0
41,Auction,E14,"(13, 85)",7,30.0
41,Auction,E15,"(15, 94)",5,12.0
41,Auction,E16,"(80, 79)",3,18.0
41,Q-Learning,E8,"(7, 16)",27,28.0
41,Q-Learning,E13,"(91, 81)",11,25.0
41,Q-Learning,E14,"(13, 85)",7,30.0
41,Q-Learning,E15,"(15, 94)",5,12.0
41,Q-Learning,E16,"(80, 79)",3,18.0
42,Greedy,E8,"(7, 16)",28,28.0
42,Greedy,E12,"(19, 30)",21,20.0
42,Greedy,E13,"(91, 81)",12,25.0
42,Greedy,E14,"(13, 85)",8,30.0
42,Greedy,E15,"(15, 94)",6,12.0
42,Greedy,E16,"(80, 79)",4,18.0
42,Greedy,E17,"(56, 25)",9,24.0
42,Auction,E14,"(13, 85)",8,30.0
42,Auction,E15,"(15, 94)",6,12.0
42,Auction,E16,"(80, 79)",4,18.0
42,Auction,E17,"(56, 25)",9,24.0
42,Q-Learning,E8,"(7, 16)",28,28.0
42,Q-Learning,E13,"(91, 81)",12,25.0
42,Q-Learning,E14,"(13, 85)",8,30.0
42,Q-Learning,E15,"(15, 94)",6,12.0
42,Q-Learning,E16,"(80, 79)",4,18.0
42,Q-Learning,E17,"(56, 25)",9,24.0
43,Greedy,E8,"(7, 16)",29,28.0
43,Greedy,E12,"(19, 30)",22,20.0
43,Greedy,E13,"(91, 81)",13,25.0
43,Greedy,E14,"(13, 85)",9,30.0
43,Greedy,E15,"(15, 94)",7,12.0
43,Greedy,E16,"(80, 79)",5,18.0
43,Greedy,E17,"(56, 25)",10,24.0
43,Greedy,E18,"(37, 48)",2,29.0
43,Auction,E14,"(13, 85)",9,30.0
43,Auction,E15,"(15, 94)",7,12.0
43,Auction,E16,"(80, 79)",5,18.0
43,Auction,E17,"(56, 25)",10,24.0
43,Auction,E18,"(37, 48)",2,29.0
43,Q-Learning,E8,"(7, 16)",29,28.0
43,Q-Learning,E13,"(91, 81)",13,25.0
43,Q-Learning,E14,"(13, 85)",9,30.0
43,Q-Learning,E15,"(15, 94)",7,12.0
43,Q-Learning,E16,"(80, 79)",5,18.0
43,Q-Learning,E17,"(56, 25)",10,24.0
43,Q-Learning,E18,"(37, 48)",2,29.0
44,Greedy,E8,"(7, 16)",30,28.0
44,Greedy,E12,"(19, 30)",23,20.0
44,Greedy,E13,"(91, 81)",14,25.0
44,Greedy,E14,"(13, 85)",10,30.0
44,Greedy,E15,"(15, 94)",8,12.0
44,Greedy,E16,"(80, 79)",6,18.0
44,Greedy,E17,"(56, 25)",11,24.0
44,Greedy,E18,"(37, 48)",3,29.0
44,Greedy,E19,"(55, 76)",9,16.0
44,Auction,E14,"(13, 85)",10,30.0
44,Auction,E15,"(15, 94)",8,12.0
44,Auction,E16,"(80, 79)",6,18.0
44,Auction,E17,"(56, 25)",11,24.0
44,Auction,E18,"(37, 48)",3,29.0
44,Auction,E19,"(55, 76)",9,16.0
44,Q-Learning,E8,"(7, 16)",30,28.0
44,Q-Learning,E13,"(91, 81)",14,25.0
44,Q-Learning,E14,"(13, 85)",10,30.0
44,Q-Learning,E15,"(15, 94)",8,12.0
44,Q-Learning,E16,"(80, 79)",6,18.0
44,Q-Learning,E17,"(56, 25)",11,24.0
44,Q-Learning,E18,"(37, 48)",3,29.0
44,Q-Learning,E19,"(55, 76)",9,16.0
45,Greedy,E8,"(7, 16)",31,28.0
45,Greedy,E12,"(19, 30)",24,20.0
45,Greedy,E13,"(91, 81)",15,25.0
45,Greedy,E14,"(13, 85)",11,30.0
45,Greedy,E15,"(15, 94)",9,12.0
45,Greedy,E16,"(80, 79)",7,18.0
45,Greedy,E17,"(56, 25)",12,24.0
45,Greedy,E18,"(37, 48)",4,29.0
45,Greedy,E19,"(55, 76)",10,16.0
45,Auction,E14,"(13, 85)",11,30.0
45,Auction,E15,"(15, 94)",9,12.0
45,Auction,E16,"(80, 79)",7,18.0
45,Auction,E17,"(56, 25)",12,24.0
45,Auction,E18,"(37, 48)",4,29.0
45,Auction,E19,"(55, 76)",10,16.0
45,Q-Learning,E8,"(7, 16)",31,28.0
45,Q-Learning,E13,"(91, 81)",15,25.0
45,Q-Learning,E14,"(13, 85)",11,30.0
45,Q-Learning,E15,"(15, 94)",9,12.0
45,Q-Learning,E16,"(80, 79)",7,18.0
45,Q-Learning,E17,"(56, 25)",12,24.0
45,Q-Learning,E18,"(37, 48)",4,29.0
45,Q-Learning,E19,"(55, 76)",10,16.0
46,Greedy,E8,"(7, 16)",32,28.0
46,Greedy,E12,"(19, 30)",25,20.0
46,Greedy,E13,"(91, 81)",16,25.0
46,Greedy,E14,"(13, 85)",12,30.0
46,Greedy,E15,"(15, 94)",10,12.0
46,Greedy,E16,"(80, 79)",8,18.0
46,Greedy,E17,"(56, 25)",13,24.0
46,Greedy,E18,"(37, 48)",5,29.0
46,Greedy,E19,"(55, 76)",11,16.0
46,Auction,E14,"(13, 85)",12,30.0
46,Auction,E15,"(15, 94)",10,12.0
46,Auction,E16,"(80, 79)",8,18.0
46,Auction,E17,"(56, 25)",13,24.0
46,Auction,E18,"(37, 48)",5,29.0
46,Auction,E19,"(55, 76)",11,16.0
46,Q-Learning,E8,"(7, 16)",32,28.0
46,Q-Learning,E14,"(13, 85)",12,30.0
46,Q-Learning,E15,"(15, 94)",10,12.0
46,Q-Learning,E16,"(80, 79)",8,18.0
46,Q-Learning,E17,"(56, 25)",13,24.0
46,Q-Learning,E18,"(37, 48)",5,29.0
46,Q-Learning,E19,"(55, 76)",11,16.0
47,Greedy,E8,"(7, 16)",33,28.0
47,Greedy,E13,"(91, 81)",17,25.0
47,Greedy,E14,"(13, 85)",13,30.0
47,Greedy,E15,"(15, 94)",11,12.0
47,Greedy,E16,"(80, 79)",9,18.0
47,Greedy,E17,"(56, 25)",14,24.0
47,Greedy,E18,"(37, 48)",6,29.0
47,Greedy,E19,"(55, 76)",12,16.0
47,Greedy,E20,"(60, 63)",7,30.0
47,Auction,E14,"(13, 85)",13,30.0
47,Auction,E15,"(15, 94)",11,12.0
47,Auction,E16,"(80, 79)",9,18.0
47,Auction,E17,"(56, 25)",14,24.0
47,Auction,E18,"(37, 48)",6,29.0
47,Auction,E19,"(55, 76)",12,16.0
47,Auction,E20,"(60, 63)",7,30.0
47,Q-Learning,E8,"(7, 16)",33,28.0
47,Q-Learning,E14,"(13, 85)",13,30.0
47,Q-Learning,E15,"(15, 94)",11,12.0
47,Q-Learning,E16,"(80, 79)",9,18.0
47,Q-Learning,E17,"(56, 25)",14,24.0
47,Q-Learning,E18,"(37, 48)",6,29.0
47,Q-Learning,E19,"(55, 76)",12,16.0
47,Q-Learning,E20,"(60, 63)",7,30.0
48,Greedy,E8,"(7, 16)",34,28.0
48,Greedy,E13,"(91, 81)",18,25.0
48,Greedy,E14,"(13, 85)",14,30.0
48,Greedy,E15,"(15, 94)",12,12.0
48,Greedy,E16,"(80, 79)",10,18.0
48,Greedy,E17,"(56, 25)",15,24.0
48,Greedy,E18,"(37, 48)",7,29.0
48,Greedy,E19,"(55, 76)",13,16.0
48,Greedy,E20,"(60, 63)",8,30.0
48,Greedy,E21,"(78, 50)",6,10.0
48,Auction,E14,"(13, 85)",14,30.0
48,Auction,E15,"(15, 94)",12,12.0
48,Auction,E16,"(80, 79)",10,18.0
48,Auction,E17,"(56, 25)",15,24.0
48,Auction,E18,"(37, 48)",7,29.0
48,Auction,E19,"(55, 76)",13,16.0
48,Auction,E20,"(60, 63)",8,30.0
48,Auction,E21,"(78, 50)",6,10.0
48,Q-Learning,E8,"(7, 16)",34,28.0
48,Q-Learning,E14,"(13, 85)",14,30.0
48,Q-Learning,E15,"(15, 94)",12,12.0
48,Q-Learning,E16,"(80, 79)",10,18.0
48,Q-Learning,E17,"(56, 25)",15,24.0
48,Q-Learning,E18,"(37, 48)",7,29.0
48,Q-Learning,E19,"(55, 76)",13,16.0
48,Q-Learning,E20,"(60, 63)",8,30.0
48,Q-Learning,E21,"(78, 50)",6,10.0
49,Greedy,E8,"(7, 16)",35,28.0
49,Greedy,E13,"(91, 81)",19,25.0
49,Greedy,E14,"(13, 85)",15,30.0
49,Greedy,E15,"(15, 94)",13,12.0
49,Greedy,E16,"(80, 79)",11,18.0
49,Greedy,E17,"(56, 25)",16,24.0
49,Greedy,E18,"(37, 48)",8,29.0
49,Greedy,E19,"(55, 76)",14,16.0
49,Greedy,E20,"(60, 63)",9,30.0
49,Greedy,E21,"(78, 50)",7,10.0
49,Greedy,E22,"(42, 73)",3,13.0
49,Auction,E14,"(13, 85)",15,30.0
49,Auction,E15,"(15, 94)",13,12.0
49,Auction,E16,"(80, 79)",11,18.0
49,Auction,E17,"(56, 25)",16,24.0
49,Auction,E18,"(37, 48)",8,29.0
49,Auction,E19,"(55, 76)",14,16.0
49,Auction,E20,"(60, 63)",9,30.0
49,Auction,E21,"(78, 50)",7,10.0
49,Auction,E22,"(42, 73)",3,13.0
49,Q-Learning,E8,"(7, 16)",35,28.0
49,Q-Learning,E14,"(13, 85)",15,30.0
49,Q-Learning,E15,"(15, 94)",13,12.0
49,Q-Learning,E16,"(80, 79)",11,18.0
49,Q-Learning,E17,"(56, 25)",16,24.0
49,Q-Learning,E18,"(37, 48)",8,29.0
49,Q-Learning,E19,"(55, 76)",14,16.0
49,Q-Learning,E20,"(60, 63)",9,30.0
49,Q-Learning,E21,"(78, 50)",7,10.0
49,Q-Learning,E22,"(42, 73)",3,13.0
50,Greedy,E8,"(7, 16)",36,28.0
50,Greedy,E13,"(91, 81)",20,25.0
50,Greedy,E14,"(13, 85)",16,30.0
50,Greedy,E15,"(15, 94)",14,12.0
50,Greedy,E16,"(80, 79)",12,18.0
50,Greedy,E17,"(56, 25)",17,24.0
50,Greedy,E18,"(37, 48)",9,29.0
50,Greedy,E19,"(55, 76)",15,16.0
50,Greedy,E20,"(60, 63)",10,30.0
50,Greedy,E21,"(78, 50)",8,10.0
50,Greedy,E22,"(42, 73)",4,13.0
50,Auction,E14,"(13, 85)",16,30.0
50,Auction,E15,"(15, 94)",14,12.0
50,Auction,E16,"(80, 79)",12,18.0
50,Auction,E17,"(56, 25)",17,24.0
50,Auction,E18,"(37, 48)",9,29.0
50,Auction,E19,"(55, 76)",15,16.0
50,Auction,E20,"(60, 63)",10,30.0
50,Auction,E21,"(78, 50)",8,10.0
50,Auction,E22,"(42, 73)",4,13.0
50,Q-Learning,E8,"(7, 16)",36,28.0
50,Q-Learning,E14,"(13, 85)",16,30.0
50,Q-Learning,E15,"(15, 94)",14,12.0
50,Q-Learning,E16,"(80, 79)",12,18.0
50,Q-Learning,E17,"(56, 25)",17,24.0
50,Q-Learning,E18,"(37, 48)",9,29.0
50,Q-Learning,E19,"(55, 76)",15,16.0
50,Q-Learning,E20,"(60, 63)",10,30.0
50,Q-Learning,E21,"(78, 50)",8,10.0
50,Q-Learning,E22,"(42, 73)",4,13.0
51,Greedy,E8,"(7, 16)",37,28.0
51,Greedy,E13,"(91, 81)",21,25.0
51,Greedy,E14,"(13, 85)",17,30.0
51,Greedy,E15,"(15, 94)",15,12.0
51,Greedy,E16,"(80, 79)",13,18.0
51,Greedy,E17,"(56, 25)",18,24.0
51,Greedy,E18,"(37, 48)",10,29.0
51,Greedy,E19,"(55, 76)",16,16.0
51,Greedy,E20,"(60, 63)",11,30.0
51,Greedy,E21,"(78, 50)",9,10.0
51,Greedy,E22,"(42, 73)",5,13.0
51,Auction,E14,"(13, 85)",17,30.0
51,Auction,E15,"(15, 94)",15,12.0
51,Auction,E16,"(80, 79)",13,18.0
51,Auction,E17,"(56, 25)",18,24.0
51,Auction,E18,"(37, 48)",10,29.0
51,Auction,E19,"(55, 76)",16,16.0
51,Auction,E20,"(60, 63)",11,30.0
51,Auction,E21,"(78, 50)",9,10.0
51,Auction,E22,"(42, 73)",5,13.0
51,Q-Learning,E8,"(7, 16)",37,28.0
51,Q-Learning,E14,"(13, 85)",17,30.0
51,Q-Learning,E15,"(15, 94)",15,12.0
51,Q-Learning,E16,"(80, 79)",13,18.0
51,Q-Learning,E17,"(56, 25)",18,24.0
51,Q-Learning,E18,"(37, 48)",10,29.0
51,Q-Learning,E19,"(55, 76)",16,16.0
51,Q-Learning,E20,"(60, 63)",11,30.0
51,Q-Learning,E21,"(78, 50)",9,10.0
51,Q-Learning,E22,"(42, 73)",5,13.0
52,Greedy,E8,"(7, 16)",38,28.0
52,Greedy,E13,"(91, 81)",22,25.0
52,Greedy,E14,"(13, 85)",18,30.0
52,Greedy,E15,"(15, 94)",16,12.0
52,Greedy,E16,"(80, 79)",14,18.0
52,Greedy,E17,"(56, 25)",19,24.0
52,Greedy,E18,"(37, 48)",11,29.0
52,Greedy,E19,"(55, 76)",17,16.0
52,Greedy,E20,"(60, 63)",12,30.0
52,Greedy,E21,"(78, 50)",10,10.0
52,Greedy,E22,"(42, 73)",6,13.0
52,Auction,E14,"(13, 85)",18,30.0
52,Auction,E16,"(80, 79)",14,18.0
52,Auction,E17,"(56, 25)",19,24.0
52,Auction,E18,"(37, 48)",11,29.0
52,Auction,E19,"(55, 76)",17,16.0
52,Auction,E20,"(60, 63)",12,30.0
52,Auction,E21,"(78, 50)",10,10.0
52,Auction,E22,"(42, 73)",6,13.0
52,Q-Learning,E8,"(7, 16)",38,28.0
52,Q-Learning,E14,"(13, 85)",18,30.0
52,Q-Learning,E15,"(15, 94)",16,12.0
52,Q-Learning,E16,"(80, 79)",14,18.0
52,Q-Learning,E17,"(56, 25)",19,24.0
52,Q-Learning,E18,"(37, 48)",11,29.0
52,Q-Learning,E19,"(55, 76)",17,16.0
52,Q-Learning,E20,"(60, 63)",12,30.0
52,Q-Learning,E21,"(78, 50)",10,10.0
52,Q-Learning,E22,"(42, 73)",6,13.0
53,Greedy,E8,"(7, 16)",39,28.0
53,Greedy,E14,"(13, 85)",19,30.0
53,Greedy,E15,"(15, 94)",17,12.0
53,Greedy,E16,"(80, 79)",15,18.0
53,Greedy,E17,"(56, 25)",20,24.0
53,Greedy,E18,"(37, 48)",12,29.0
53,Greedy,E20,"(60, 63)",13,30.0
53,Greedy,E21,"(78, 50)",11,10.0
53,Greedy,E22,"(42, 73)",7,13.0
53,Greedy,E23,"(7, 90)",3,13.0
53,Auction,E14,"(13, 85)",19,30.0
53,Auction,E16,"(80, 79)",15,18.0
53,Auction,E17,"(56, 25)",20,24.0
53,Auction,E18,"(37, 48)",12,29.0
53,Auction,E19,"(55, 76)",18,16.0
53,Auction,E20,"(60, 63)",13,30.0
53,Auction,E21,"(78, 50)",11,10.0
53,Auction,E22,"(42, 73)",7,13.0
53,Auction,E23,"(7, 90)",3,13.0
53,Q-Learning,E8,"(7, 16)",39,28.0
53,Q-Learning,E14,"(13, 85)",19,30.0
53,Q-Learning,E15,"(15, 94)",17,12.0
53,Q-Learning,E16,"(80, 79)",15,18.0
53,Q-Learning,E17,"(56, 25)",20,24.0
53,Q-Learning,E18,"(37, 48)",12,29.0
53,Q-Learning,E19,"(55, 76)",18,16.0
53,Q-Learning,E20,"(60, 63)",13,30.0
53,Q-Learning,E21,"(78, 50)",11,10.0
53,Q-Learning,E22,"(42, 73)",7,13.0
53,Q-Learning,E23,"(7, 90)",3,13.0
54,Greedy,E8,"(7, 16)",40,28.0
54,Greedy,E14,"(13, 85)",20,30.0
54,Greedy,E15,"(15, 94)",18,12.0
54,Greedy,E16,"(80, 79)",16,18.0
54,Greedy,E17,"(56, 25)",21,24.0
54,Greedy,E18,"(37, 48)",13,29.0
54,Greedy,E20,"(60, 63)",14,30.0
54,Greedy,E21,"(78, 50)",12,10.0
54,Greedy,E22,"(42, 73)",8,13.0
54,Greedy,E23,"(7, 90)",4,13.0
54,Greedy,E24,"(26, 100)",6,21.0
54,Auction,E14,"(13, 85)",20,30.0
54,Auction,E16,"(80, 79)",16,18.0
54,Auction,E17,"(56, 25)",21,24.0
54,Auction,E18,"(37, 48)",13,29.0
54,Auction,E19,"(55, 76)",19,16.0
54,Auction,E20,"(60, 63)",14,30.0
54,Auction,E21,"(78, 50)",12,10.0
54,Auction,E22,"(42, 73)",8,13.0
54,Auction,E23,"(7, 90)",4,13.0
54,Auction,E24,"(26, 100)",6,21.0
54,Q-Learning,E8,"(7, 16)",40,28.0
54,Q-Learning,E14,"(13, 85)",20,30.0
54,Q-Learning,E15,"(15, 94)",18,12.0
54,Q-Learning,E16,"(80, 79)",16,18.0
54,Q-Learning,E17,"(56, 25)",21,24.0
54,Q-Learning,E18,"(37, 48)",13,29.0
54,Q-Learning,E19,"(55, 76)",19,16.0
54,Q-Learning,E20,"(60, 63)",14,30.0
54,Q-Learning,E21,"(78, 50)",12,10.0
54,Q-Learning,E22,"(42, 73)",8,13.0
54,Q-Learning,E23,"(7, 90)",4,13.0
54,Q-Learning,E24,"(26, 100)",6,21.0
55,Greedy,E8,"(7, 16)",41,28.0
55,Greedy,E14,"(13, 85)",21,30.0
55,Greedy,E15,"(15, 94)",19,12.0
55,Greedy,E16,"(80, 79)",17,18.0
55,Greedy,E17,"(56, 25)",22,24.0
55,Greedy,E18,"(37, 48)",14,29.0
55,Greedy,E20,"(60, 63)",15,30.0
55,Greedy,E21,"(78, 50)",13,10.0
55,Greedy,E22,"(42, 73)",9,13.0
55,Greedy,E23,"(7, 90)",5,13.0
55,Greedy,E24,"(26, 100)",7,21.0
55,Auction,E14,"(13, 85)",21,30.0
55,Auction,E16,"(80, 79)",17,18.0
55,Auction,E17,"(56, 25)",22,24.0
55,Auction,E18,"(37, 48)",14,29.0
55,Auction,E20,"(60, 63)",15,30.0
55,Auction,E21,"(78, 50)",13,10.0
55,Auction,E22,"(42, 73)",9,13.0
55,Auction,E23,"(7, 90)",5,13.0
55,Auction,E24,"(26, 100)",7,21.0
55,Q-Learning,E8,"(7, 16)",41,28.0
55,Q-Learning,E14,"(13, 85)",21,30.0
55,Q-Learning,E15,"(15, 94)",19,12.0
55,Q-Learning,E16,"(80, 79)",17,18.0
55,Q-Learning,E17,"(56, 25)",22,24.0
55,Q-Learning,E18,"(37, 48)",14,29.0
55,Q-Learning,E19,"(55, 76)",20,16.0
55,Q-Learning,E20,"(60, 63)",15,30.0
55,Q-Learning,E21,"(78, 50)",13,10.0
55,Q-Learning,E22,"(42, 73)",9,13.0
55,Q-Learning,E23,"(7, 90)",5,13.0
55,Q-Learning,E24,"(26, 100)",7,21.0
56,Greedy,E8,"(7, 16)",42,28.0
56,Greedy,E14,"(13, 85)",22,30.0
56,Greedy,E15,"(15, 94)",20,12.0
56,Greedy,E16,"(80, 79)",18,18.0
56,Greedy,E17,"(56, 25)",23,24.0
56,Greedy,E18,"(37, 48)",15,29.0
56,Greedy,E20,"(60, 63)",16,30.0
56,Greedy,E21,"(78, 50)",14,10.0
56,Greedy,E22,"(42, 73)",10,13.0
56,Greedy,E23,"(7, 90)",6,13.0
56,Greedy,E24,"(26, 100)",8,21.0
56,Greedy,E25,"(84, 47)",10,19.0
56,Auction,E14,"(13, 85)",22,30.0
56,Auction,E16,"(80, 79)",18,18.0
56,Auction,E17,"(56, 25)",23,24.0
56,Auction,E18,"(37, 48)",15,29.0
56,Auction,E20,"(60, 63)",16,30.0
56,Auction,E21,"(78, 50)",14,10.0
56,Auction,E22,"(42, 73)",10,13.0
56,Auction,E23,"(7, 90)",6,13.0
56,Auction,E24,"(26, 100)",8,21.0
56,Auction,E25,"(84, 47)",10,19.0
56,Q-Learning,E8,"(7, 16)",42,28.0
56,Q-Learning,E14,"(13, 85)",22,30.0
56,Q-Learning,E15,"(15, 94)",20,12.0
56,Q-Learning,E16,"(80, 79)",18,18.0
56,Q-Learning,E17,"(56, 25)",23,24.0
56,Q-Learning,E18,"(37, 48)",15,29.0
56,Q-Learning,E19,"(55, 76)",21,16.0
56,Q-Learning,E20,"(60, 63)",16,30.0
56,Q-Learning,E21,"(78, 50)",14,10.0
56,Q-Learning,E22,"(42, 73)",10,13.0
56,Q-Learning,E23,"(7, 90)",6,13.0
56,Q-Learning,E24,"(26, 100)",8,21.0
56,Q-Learning,E25,"(84, 47)",10,19.0
57,Greedy,E8,"(7, 16)",43,28.0
57,Greedy,E14,"(13, 85)",23,30.0
57,Greedy,E15,"(15, 94)",21,12.0
57,Greedy,E16,"(80, 79)",19,18.0
57,Greedy,E17,"(56, 25)",24,24.0
57,Greedy,E18,"(37, 48)",16,29.0
57,Greedy,E20,"(60, 63)",17,30.0
57,Greedy,E21,"(78, 50)",15,10.0
57,Greedy,E22,"(42, 73)",11,13.0
57,Greedy,E23,"(7, 90)",7,13.0
57,Greedy,E24,"(26, 100)",9,21.0
57,Greedy,E25,"(84, 47)",11,19.0
57,Auction,E14,"(13, 85)",23,30.0
57,Auction,E16,"(80, 79)",19,18.0
57,Auction,E17,"(56, 25)",24,24.0
57,Auction,E18,"(37, 48)",16,29.0
57,Auction,E20,"(60, 63)",17,30.0
57,Auction,E21,"(78, 50)",15,10.0
57,Auction,E22,"(42, 73)",11,13.0
57,Auction,E23,"(7, 90)",7,13.0
57,Auction,E24,"(26, 100)",9,21.0
57,Auction,E25,"(84, 47)",11,19.0
57,Q-Learning,E8,"(7, 16)",43,28.0
57,Q-Learning,E14,"(13, 85)",23,30.0
57,Q-Learning,E15,"(15, 94)",21,12.0
57,Q-Learning,E16,"(80, 79)",19,18.0
57,Q-Learning,E17,"(56, 25)",24,24.0
57,Q-Learning,E18,"(37, 48)",16,29.0
57,Q-Learning,E20,"(60, 63)",17,30.0
57,Q-Learning,E21,"(78, 50)",15,10.0
57,Q-Learning,E22,"(42, 73)",11,13.0
57,Q-Learning,E23,"(7, 90)",7,13.0
57,Q-Learning,E24,"(26, 100)",9,21.0
57,Q-Learning,E25,"(84, 47)",11,19.0
58,Greedy,E8,"(7, 16)",44,28.0
58,Greedy,E14,"(13, 85)",24,30.0
58,Greedy,E15,"(15, 94)",22,12.0
58,Greedy,E16,"(80, 79)",20,18.0
58,Greedy,E17,"(56, 25)",25,24.0
58,Greedy,E18,"(37, 48)",17,29.0
58,Greedy,E20,"(60, 63)",18,30.0
58,Greedy,E21,"(78, 50)",16,10.0
58,Greedy,E22,"(42, 73)",12,13.0
58,Greedy,E23,"(7, 90)",8,13.0
58,Greedy,E24,"(26, 100)",10,21.0
58,Greedy,E25,"(84, 47)",12,19.0
58,Greedy,E26,"(86, 60)",6,29.0
58,Auction,E14,"(13, 85)",24,30.0
58,Auction,E16,"(80, 79)",20,18.0
58,Auction,E17,"(56, 25)",25,24.0
58,Auction,E18,"(37, 48)",17,29.0
58,Auction,E20,"(60, 63)",18,30.0
58,Auction,E21,"(78, 50)",16,10.0
58,Auction,E22,"(42, 73)",12,13.0
58,Auction,E23,"(7, 90)",8,13.0
58,Auction,E24,"(26, 100)",10,21.0
58,Auction,E25,"(84, 47)",12,19.0
58,Auction,E26,"(86, 60)",6,29.0
58,Q-Learning,E8,"(7, 16)",44,28.0
58,Q-Learning,E14,"(13, 85)",24,30.0
58,Q-Learning,E15,"(15, 94)",22,12.0
58,Q-Learning,E16,"(80, 79)",20,18.0
58,Q-Learning,E17,"(56, 25)",25,24.0
58,Q-Learning,E18,"(37, 48)",17,29.0
58,Q-Learning,E20,"(60, 63)",18,30.0
58,Q-Learning,E21,"(78, 50)",16,10.0
58,Q-Learning,E22,"(42, 73)",12,13.0
58,Q-Learning,E23,"(7, 90)",8,13.0
58,Q-Learning,E24,"(26, 100)",10,21.0
58,Q-Learning,E25,"(84, 47)",12,19.0
58,Q-Learning,E26,"(86, 60)",6,29.0
59,Greedy,E8,"(7, 16)",45,28.0
59,Greedy,E15,"(15, 94)",23,12.0
59,Greedy,E16,"(80, 79)",21,18.0
59,Greedy,E17,"(56, 25)",26,24.0
59,Greedy,E18,"(37, 48)",18,29.0
59,Greedy,E20,"(60, 63)",19,30.0
59,Greedy,E21,"(78, 50)",17,10.0
59,Greedy,E22,"(42, 73)",13,13.0
59,Greedy,E23,"(7, 90)",9,13.0
59,Greedy,E24,"(26, 100)",11,21.0
59,Greedy,E25,"(84, 47)",13,19.0
59,Greedy,E26,"(86, 60)",7,29.0
59,Greedy,E27,"(18, 48)",5,29.0
59,Auction,E14,"(13, 85)",25,30.0
59,Auction,E16,"(80, 79)",21,18.0
59,Auction,E17,"(56, 25)",26,24.0
59,Auction,E18,"(37, 48)",18,29.0
59,Auction,E20,"(60, 63)",19,30.0
59,Auction,E21,"(78, 50)",17,10.0
59,Auction,E22,"(42, 73)",13,13.0
59,Auction,E23,"(7, 90)",9,13.0
59,Auction,E24,"(26, 100)",11,21.0
59,Auction,E25,"(84, 47)",13,19.0
59,Auction,E26,"(86, 60)",7,29.0
59,Auction,E27,"(18, 48)",5,29.0
59,Q-Learning,E8,"(7, 16)",45,28.0
59,Q-Learning,E14,"(13, 85)",25,30.0
59,Q-Learning,E15,"(15, 94)",23,12.0
59,Q-Learning,E16,"(80, 79)",21,18.0
59,Q-Learning,E17,"(56, 25)",26,24.0
59,Q-Learning,E18,"(37, 48)",18,29.0
59,Q-Learning,E20,"(60, 63)",19,30.0
59,Q-Learning,E22,"(42, 73)",13,13.0
59,Q-Learning,E23,"(7, 90)",9,13.0
59,Q-Learning,E24,"(26, 100)",11,21.0
59,Q-Learning,E25,"(84, 47)",13,19.0
59,Q-Learning,E26,"(86, 60)",7,29.0
59,Q-Learning,E27,"(18, 48)",5,29.0
60,Greedy,E8,"(7, 16)",46,28.0
60,Greedy,E15,"(15, 94)",24,12.0
60,Greedy,E16,"(80, 79)",22,18.0
60,Greedy,E17,"(56, 25)",27,24.0
60,Greedy,E18,"(37, 48)",19,29.0
60,Greedy,E20,"(60, 63)",20,30.0
60,Greedy,E21,"(78, 50)",18,10.0
60,Greedy,E22,"(42, 73)",14,13.0
60,Greedy,E23,"(7, 90)",10,13.0
60,Greedy,E24,"(26, 100)",12,21.0
60,Greedy,E25,"(84, 47)",14,19.0
60,Greedy,E26,"(86, 60)",8,29.0
60,Greedy,E27,"(18, 48)",6,29.0
60,Auction,E14,"(13, 85)",26,30.0
60,Auction,E16,"(80, 79)",22,18.0
60,Auction,E17,"(56, 25)",27,24.0
60,Auction,E18,"(37, 48)",19,29.0
60,Auction,E20,"(60, 63)",20,30.0
60,Auction,E21,"(78, 50)",18,10.0
60,Auction,E22,"(42, 73)",14,13.0
60,Auction,E23,"(7, 90)",10,13.0
60,Auction,E24,"(26, 100)",12,21.0
60,Auction,E25,"(84, 47)",14,19.0
60,Auction,E26,"(86, 60)",8,29.0
60,Auction,E27,"(18, 48)",6,29.0
60,Q-Learning,E8,"(7, 16)",46,28.0
60,Q-Learning,E14,"(13, 85)",26,30.0
60,Q-Learning,E15,"(15, 94)",24,12.0
60,Q-Learning,E16,"(80, 79)",22,18.0
60,Q-Learning,E17,"(56, 25)",27,24.0
60,Q-Learning,E18,"(37, 48)",19,29.0
60,Q-Learning,E20,"(60, 63)",20,30.0
60,Q-Learning,E22,"(42, 73)",14,13.0
60,Q-Learning,E23,"(7, 90)",10,13.0
60,Q-Learning,E24,"(26, 100)",12,21.0
60,Q-Learning,E25,"(84, 47)",14,19.0
60,Q-Learning,E26,"(86, 60)",8,29.0
60,Q-Learning,E27,"(18, 48)",6,29.0
61,Greedy,E8,"(7, 16)",47,28.0
61,Greedy,E16,"(80, 79)",23,18.0
61,Greedy,E17,"(56, 25)",28,24.0
61,Greedy,E18,"(37, 48)",20,29.0
61,Greedy,E20,"(60, 63)",21,30.0
61,Greedy,E21,"(78, 50)",19,10.0
61,Greedy,E22,"(42, 73)",15,13.0
61,Greedy,E23,"(7, 90)",11,13.0
61,Greedy,E24,"(26, 100)",13,21.0
61,Greedy,E25,"(84, 47)",15,19.0
61,Greedy,E26,"(86, 60)",9,29.0
61,Greedy,E27,"(18, 48)",7,29.0
61,Auction,E14,"(13, 85)",27,30.0
61,Auction,E16,"(80, 79)",23,18.0
61,Auction,E17,"(56, 25)",28,24.0
61,Auction,E18,"(37, 48)",20,29.0
61,Auction,E20,"(60, 63)",21,30.0
61,Auction,E21,"(78, 50)",19,10.0
61,Auction,E22,"(42, 73)",15,13.0
61,Auction,E23,"(7, 90)",11,13.0
61,Auction,E24,"(26, 100)",13,21.0
61,Auction,E25,"(84, 47)",15,19.0
61,Auction,E26,"(86, 60)",9,29.0
61,Auction,E27,"(18, 48)",7,29.0
61,Q-Learning,E8,"(7, 16)",47,28.0
61,Q-Learning,E14,"(13, 85)",27,30.0
61,Q-Learning,E15,"(15, 94)",25,12.0
61,Q-Learning,E16,"(80, 79)",23,18.0
61,Q-Learning,E17,"(56, 25)",28,24.0
61,Q-Learning,E18,"(37, 48)",20,29.0
61,Q-Learning,E20,"(60, 63)",21,30.0
61,Q-Learning,E22,"(42, 73)",15,13.0
61,Q-Learning,E23,"(7, 90)",11,13.0
61,Q-Learning,E24,"(26, 100)",13,21.0
61,Q-Learning,E25,"(84, 47)",15,19.0
61,Q-Learning,E26,"(86, 60)",9,29.0
61,Q-Learning,E27,"(18, 48)",7,29.0
62,Greedy,E8,"(7, 16)",48,28.0
62,Greedy,E16,"(80, 79)",24,18.0
62,Greedy,E17,"(56, 25)",29,24.0
62,Greedy,E18,"(37, 48)",21,29.0
62,Greedy,E20,"(60, 63)",22,30.0
62,Greedy,E21,"(78, 50)",20,10.0
62,Greedy,E22,"(42, 73)",16,13.0
62,Greedy,E23,"(7, 90)",12,13.0
62,Greedy,E24,"(26, 100)",14,21.0
62,Greedy,E25,"(84, 47)",16,19.0
62,Greedy,E26,"(86, 60)",10,29.0
62,Greedy,E27,"(18, 48)",8,29.0
62,Auction,E14,"(13, 85)",28,30.0
62,Auction,E16,"(80, 79)",24,18.0
62,Auction,E17,"(56, 25)",29,24.0
62,Auction,E18,"(37, 48)",21,29.0
62,Auction,E20,"(60, 63)",22,30.0
62,Auction,E21,"(78, 50)",20,10.0
62,Auction,E22,"(42, 73)",16,13.0
62,Auction,E23,"(7, 90)",12,13.0
62,Auction,E24,"(26, 100)",14,21.0
62,Auction,E25,"(84, 47)",16,19.0
62,Auction,E26,"(86, 60)",10,29.0
62,Auction,E27,"(18, 48)",8,29.0
62,Q-Learning,E8,"(7, 16)",48,28.0
62,Q-Learning,E14,"(13, 85)",28,30.0
62,Q-Learning,E15,"(15, 94)",26,12.0
62,Q-Learning,E16,"(80, 79)",24,18.0
62,Q-Learning,E17,"(56, 25)",29,24.0
62,Q-Learning,E18,"(37, 48)",21,29.0
62,Q-Learning,E20,"(60, 63)",22,30.0
62,Q-Learning,E22,"(42, 73)",16,13.0
62,Q-Learning,E23,"(7, 90)",12,13.0
62,Q-Learning,E24,"(26, 100)",14,21.0
62,Q-Learning,E25,"(84, 47)",16,19.0
62,Q-Learning,E26,"(86, 60)",10,29.0
62,Q-Learning,E27,"(18, 48)",8,29.0
63,Greedy,E8,"(7, 16)",49,28.0
63,Greedy,E16,"(80, 79)",25,18.0
63,Greedy,E17,"(56, 25)",30,24.0
63,Greedy,E18,"(37, 48)",22,29.0
63,Greedy,E20,"(60, 63)",23,30.0
63,Greedy,E21,"(78, 50)",21,10.0
63,Greedy,E22,"(42, 73)",17,13.0
63,Greedy,E23,"(7, 90)",13,13.0
63,Greedy,E24,"(26, 100)",15,21.0
63,Greedy,E25,"(84, 47)",17,19.0
63,Greedy,E26,"(86, 60)",11,29.0
63,Greedy,E27,"(18, 48)",9,29.0
63,Auction,E14,"(13, 85)",29,30.0
63,Auction,E16,"(80, 79)",25,18.0
63,Auction,E17,"(56, 25)",30,24.0
63,Auction,E18,"(37, 48)",22,29.0
63,Auction,E20,"(60, 63)",23,30.0
63,Auction,E21,"(78, 50)",21,10.0
63,Auction,E22,"(42, 73)",17,13.0
63,Auction,E23,"(7, 90)",13,13.0
63,Auction,E24,"(26, 100)",15,21.0
63,Auction,E25,"(84, 47)",17,19.0
63,Auction,E26,"(86, 60)",11,29.0
63,Auction,E27,"(18, 48)",9,29.0
63,Q-Learning,E8,"(7, 16)",49,28.0
63,Q-Learning,E14,"(13, 85)",29,30.0
63,Q-Learning,E15,"(15, 94)",27,12.0
63,Q-Learning,E16,"(80, 79)",25,18.0
63,Q-Learning,E17,"(56, 25)",30,24.0
63,Q-Learning,E18,"(37, 48)",22,29.0
63,Q-Learning,E20,"(60, 63)",23,30.0
63,Q-Learning,E22,"(42, 73)",17,13.0
63,Q-Learning,E23,"(7, 90)",13,13.0
63,Q-Learning,E24,"(26, 100)",15,21.0
63,Q-Learning,E25,"(84, 47)",17,19.0
63,Q-Learning,E26,"(86, 60)",11,29.0
63,Q-Learning,E27,"(18, 48)",9,29.0
64,Greedy,E8,"(7, 16)",50,28.0
64,Greedy,E16,"(80, 79)",26,18.0
64,Greedy,E17,"(56, 25)",31,24.0
64,Greedy,E18,"(37, 48)",23,29.0
64,Greedy,E20,"(60, 63)",24,30.0
64,Greedy,E21,"(78, 50)",22,10.0
64,Greedy,E22,"(42, 73)",18,13.0
64,Greedy,E23,"(7, 90)",14,13.0
64,Greedy,E24,"(26, 100)",16,21.0
64,Greedy,E25,"(84, 47)",18,19.0
64,Greedy,E26,"(86, 60)",12,29.0
64,Greedy,E27,"(18, 48)",10,29.0
64,Auction,E14,"(13, 85)",30,30.0
64,Auction,E16,"(80, 79)",26,18.0
64,Auction,E17,"(56, 25)",31,24.0
64,Auction,E18,"(37, 48)",23,29.0
64,Auction,E20,"(60, 63)",24,30.0
64,Auction,E21,"(78, 50)",22,10.0
64,Auction,E22,"(42, 73)",18,13.0
64,Auction,E23,"(7, 90)",14,13.0
64,Auction,E24,"(26, 100)",16,21.0
64,Auction,E25,"(84, 47)",18,19.0
64,Auction,E26,"(86, 60)",12,29.0
64,Auction,E27,"(18, 48)",10,29.0
64,Q-Learning,E8,"(7, 16)",50,28.0
64,Q-Learning,E14,"(13, 85)",30,30.0
64,Q-Learning,E15,"(15, 94)",28,12.0
64,Q-Learning,E16,"(80, 79)",26,18.0
64,Q-Learning,E18,"(37, 48)",23,29.0
64,Q-Learning,E20,"(60, 63)",24,30.0
64,Q-Learning,E22,"(42, 73)",18,13.0
64,Q-Learning,E23,"(7, 90)",14,13.0
64,Q-Learning,E24,"(26, 100)",16,21.0
64,Q-Learning,E25,"(84, 47)",18,19.0
64,Q-Learning,E26,"(86, 60)",12,29.0
64,Q-Learning,E27,"(18, 48)",10,29.0
65,Greedy,E8,"(7, 16)",51,28.0
65,Greedy,E16,"(80, 79)",27,18.0
65,Greedy,E17,"(56, 25)",32,24.0
65,Greedy,E18,"(37, 48)",24,29.0
65,Greedy,E20,"(60, 63)",25,30.0
65,Greedy,E21,"(78, 50)",23,10.0
65,Greedy,E22,"(42, 73)",19,13.0
65,Greedy,E23,"(7, 90)",15,13.0
65,Greedy,E24,"(26, 100)",17,21.0
65,Greedy,E25,"(84, 47)",19,19.0
65,Greedy,E26,"(86, 60)",13,29.0
65,Greedy,E27,"(18, 48)",11,29.0
65,Greedy,E28,"(82, 79)",5,22.0
65,Auction,E14,"(13, 85)",31,30.0
65,Auction,E16,"(80, 79)",27,18.0
65,Auction,E17,"(56, 25)",32,24.0
65,Auction,E18,"(37, 48)",24,29.0
65,Auction,E20,"(60, 63)",25,30.0
65,Auction,E21,"(78, 50)",23,10.0
65,Auction,E22,"(42, 73)",19,13.0
65,Auction,E23,"(7, 90)",15,13.0
65,Auction,E24,"(26, 100)",17,21.0
65,Auction,E25,"(84, 47)",19,19.0
65,Auction,E26,"(86, 60)",13,29.0
65,Auction,E27,"(18, 48)",11,29.0
65,Auction,E28,"(82, 79)",5,22.0
65,Q-Learning,E8,"(7, 16)",51,28.0
65,Q-Learning,E14,"(13, 85)",31,30.0
65,Q-Learning,E16,"(80, 79)",27,18.0
65,Q-Learning,E18,"(37, 48)",24,29.0
65,Q-Learning,E20,"(60, 63)",25,30.0
65,Q-Learning,E22,"(42, 73)",19,13.0
65,Q-Learning,E23,"(7, 90)",15,13.0
65,Q-Learning,E24,"(26, 100)",17,21.0
65,Q-Learning,E25,"(84, 47)",19,19.0
65,Q-Learning,E26,"(86, 60)",13,29.0
65,Q-Learning,E27,"(18, 48)",11,29.0
65,Q-Learning,E28,"(82, 79)",5,22.0
66,Greedy,E8,"(7, 16)",52,28.0
66,Greedy,E16,"(80, 79)",28,18.0
66,Greedy,E17,"(56, 25)",33,24.0
66,Greedy,E18,"(37, 48)",25,29.0
66,Greedy,E20,"(60, 63)",26,30.0
66,Greedy,E21,"(78, 50)",24,10.0
66,Greedy,E22,"(42, 73)",20,13.0
66,Greedy,E23,"(7, 90)",16,13.0
66,Greedy,E24,"(26, 100)",18,21.0
66,Greedy,E25,"(84, 47)",20,19.0
66,Greedy,E26,"(86, 60)",14,29.0
66,Greedy,E27,"(18, 48)",12,29.0
66,Greedy,E28,"(82, 79)",6,22.0
66,Greedy,E29,"(7, 83)",5,19.0
66,Auction,E14,"(13, 85)",32,30.0
66,Auction,E16,"(80, 79)",28,18.0
66,Auction,E17,"(56, 25)",33,24.0
66,Auction,E18,"(37, 48)",25,29.0
66,Auction,E20,"(60, 63)",26,30.0
66,Auction,E21,"(78, 50)",24,10.0
66,Auction,E22,"(42, 73)",20,13.0
66,Auction,E23,"(7, 90)",16,13.0
66,Auction,E24,"(26, 100)",18,21.0
66,Auction,E25,"(84, 47)",20,19.0
66,Auction,E26,"(86, 60)",14,29.0
66,Auction,E27,"(18, 48)",12,29.0
66,Auction,E28,"(82, 79)",6,22.0
66,Auction,E29,"(7, 83)",5,19.0
66,Q-Learning,E8,"(7, 16)",52,28.0
66,Q-Learning,E14,"(13, 85)",32,30.0
66,Q-Learning,E16,"(80, 79)",28,18.0
66,Q-Learning,E18,"(37, 48)",25,29.0
66,Q-Learning,E20,"(60, 63)",26,30.0
66,Q-Learning,E22,"(42, 73)",20,13.0
66,Q-Learning,E23,"(7, 90)",16,13.0
66,Q-Learning,E24,"(26, 100)",18,21.0
66,Q-Learning,E25,"(84, 47)",20,19.0
66,Q-Learning,E26,"(86, 60)",14,29.0
66,Q-Learning,E27,"(18, 48)",12,29.0
66,Q-Learning,E28,"(82, 79)",6,22.0
66,Q-Learning,E29,"(7, 83)",5,19.0
67,Greedy,E8,"(7, 16)",53,28.0
67,Greedy,E16,"(80, 79)",29,18.0
67,Greedy,E17,"(56, 25)",34,24.0
67,Greedy,E18,"(37, 48)",26,29.0
67,Greedy,E20,"(60, 63)",27,30.0
67,Greedy,E21,"(78, 50)",25,10.0
67,Greedy,E22,"(42, 73)",21,13.0
67,Greedy,E23,"(7, 90)",17,13.0
67,Greedy,E24,"(26, 100)",19,21.0
67,Greedy,E25,"(84, 47)",21,19.0
67,Greedy,E26,"(86, 60)",15,29.0
67,Greedy,E27,"(18, 48)",13,29.0
67,Greedy,E28,"(82, 79)",7,22.0
67,Greedy,E29,"(7, 83)",6,19.0
67,Auction,E14,"(13, 85)",33,30.0
67,Auction,E16,"(80, 79)",29,18.0
67,Auction,E17,"(56, 25)",34,24.0
67,Auction,E18,"(37, 48)",26,29.0
67,Auction,E20,"(60, 63)",27,30.0
67,Auction,E21,"(78, 50)",25,10.0
67,Auction,E22,"(42, 73)",21,13.0
67,Auction,E23,"(7, 90)",17,13.0
67,Auction,E24,"(26, 100)",19,21.0
67,Auction,E25,"(84, 47)",21,19.0
67,Auction,E26,"(86, 60)",15,29.0
67,Auction,E27,"(18, 48)",13,29.0
67,Auction,E28,"(82, 79)",7,22.0
67,Auction,E29,"(7, 83)",6,19.0
67,Q-Learning,E8,"(7, 16)",53,28.0
67,Q-Learning,E14,"(13, 85)",33,30.0
67,Q-Learning,E16,"(80, 79)",29,18.0
67,Q-Learning,E18,"(37, 48)",26,29.0
67,Q-Learning,E20,"(60, 63)",27,30.0
67,Q-Learning,E22,"(42, 73)",21,13.0
67,Q-Learning,E23,"(7, 90)",17,13.0
67,Q-Learning,E24,"(26, 100)",19,21.0
67,Q-Learning,E25,"(84, 47)",21,19.0
67,Q-Learning,E26,"(86, 60)",15,29.0
67,Q-Learning,E27,"(18, 48)",13,29.0
67,Q-Learning,E28,"(82, 79)",7,22.0
67,Q-Learning,E29,"(7, 83)",6,19.0
68,Greedy,E8,"(7, 16)",54,28.0
68,Greedy,E16,"(80, 79)",30,18.0
68,Greedy,E17,"(56, 25)",35,24.0
68,Greedy,E18,"(37, 48)",27,29.0
68,Greedy,E20,"(60, 63)",28,30.0
68,Greedy,E21,"(78, 50)",26,10.0
68,Greedy,E22,"(42, 73)",22,13.0
68,Greedy,E23,"(7, 90)",18,13.0
68,Greedy,E24,"(26, 100)",20,21.0
68,Greedy,E25,"(84, 47)",22,19.0
68,Greedy,E26,"(86, 60)",16,29.0
68,Greedy,E27,"(18, 48)",14,29.0
68,Greedy,E28,"(82, 79)",8,22.0
68,Greedy,E29,"(7, 83)",7,19.0
68,Greedy,E30,"(71, 75)",5,21.0
68,Auction,E14,"(13, 85)",34,30.0
68,Auction,E16,"(80, 79)",30,18.0
68,Auction,E17,"(56, 25)",35,24.0
68,Auction,E18,"(37, 48)",27,29.0
68,Auction,E20,"(60, 63)",28,30.0
68,Auction,E21,"(78, 50)",26,10.0
68,Auction,E22,"(42, 73)",22,13.0
68,Auction,E23,"(7, 90)",18,13.0
68,Auction,E24,"(26, 100)",20,21.0
68,Auction,E25,"(84, 47)",22,19.0
68,Auction,E26,"(86, 60)",16,29.0
68,Auction,E27,"(18, 48)",14,29.0
68,Auction,E28,"(82, 79)",8,22.0
68,Auction,E29,"(7, 83)",7,19.0
68,Auction,E30,"(71, 75)",5,21.0
68,Q-Learning,E8,"(7, 16)",54,28.0
68,Q-Learning,E14,"(13, 85)",34,30.0
68,Q-Learning,E16,"(80, 79)",30,18.0
68,Q-Learning,E18,"(37, 48)",27,29.0
68,Q-Learning,E20,"(60, 63)",28,30.0
68,Q-Learning,E22,"(42, 73)",22,13.0
68,Q-Learning,E23,"(7, 90)",18,13.0
68,Q-Learning,E24,"(26, 100)",20,21.0
68,Q-Learning,E25,"(84, 47)",22,19.0
68,Q-Learning,E26,"(86, 60)",16,29.0
68,Q-Learning,E27,"(18, 48)",14,29.0
68,Q-Learning,E28,"(82, 79)",8,22.0
68,Q-Learning,E29,"(7, 83)",7,19.0
68,Q-Learning,E30,"(71, 75)",5,21.0
69,Greedy,E8,"(7, 16)",55,28.0
69,Greedy,E16,"(80, 79)",31,18.0
69,Greedy,E17,"(56, 25)",36,24.0
69,Greedy,E18,"(37, 48)",28,29.0
69,Greedy,E20,"(60, 63)",29,30.0
69,Greedy,E21,"(78, 50)",27,10.0
69,Greedy,E22,"(42, 73)",23,13.0
69,Greedy,E23,"(7, 90)",19,13.0
69,Greedy,E24,"(26, 100)",21,21.0
69,Greedy,E25,"(84, 47)",23,19.0
69,Greedy,E26,"(86, 60)",17,29.0
69,Greedy,E27,"(18, 48)",15,29.0
69,Greedy,E28,"(82, 79)",9,22.0
69,Greedy,E29,"(7, 83)",8,19.0
69,Greedy,E30,"(71, 75)",6,21.0
69,Greedy,E31,"(35, 98)",1,17.0
69,Auction,E14,"(13, 85)",35,30.0
69,Auction,E16,"(80, 79)",31,18.0
69,Auction,E17,"(56, 25)",36,24.0
69,Auction,E18,"(37, 48)",28,29.0
69,Auction,E20,"(60, 63)",29,30.0
69,Auction,E21,"(78, 50)",27,10.0
69,Auction,E22,"(42, 73)",23,13.0
69,Auction,E23,"(7, 90)",19,13.0
69,Auction,E24,"(26, 100)",21,21.0
69,Auction,E25,"(84, 47)",23,19.0
69,Auction,E26,"(86, 60)",17,29.0
69,Auction,E27,"(18, 48)",15,29.0
69,Auction,E28,"(82, 79)",9,22.0
69,Auction,E29,"(7, 83)",8,19.0
69,Auction,E30,"(71, 75)",6,21.0
69,Auction,E31,"(35, 98)",1,17.0
69,Q-Learning,E8,"(7, 16)",55,28.0
69,Q-Learning,E14,"(13, 85)",35,30.0
69,Q-Learning,E16,"(80, 79)",31,18.0
69,Q-Learning,E18,"(37, 48)",28,29.0
69,Q-Learning,E20,"(60, 63)",29,30.0
69,Q-Learning,E22,"(42, 73)",23,13.0
69,Q-Learning,E23,"(7, 90)",19,13.0
69,Q-Learning,E24,"(26, 100)",21,21.0
69,Q-Learning,E25,"(84, 47)",23,19.0
69,Q-Learning,E26,"(86, 60)",17,29.0
69,Q-Learning,E27,"(18, 48)",15,29.0
69,Q-Learning,E28,"(82, 79)",9,22.0
69,Q-Learning,E29,"(7, 83)",8,19.0
69,Q-Learning,E30,"(71, 75)",6,21.0
69,Q-Learning,E31,"(35, 98)",1,17.0
70,Greedy,E8,"(7, 16)",56,28.0
70,Greedy,E16,"(80, 79)",32,18.0
70,Greedy,E17,"(56, 25)",37,24.0
70,Greedy,E18,"(37, 48)",29,29.0
70,Greedy,E20,"(60, 63)",30,30.0
70,Greedy,E21,"(78, 50)",28,10.0
70,Greedy,E22,"(42, 73)",24,13.0
70,Greedy,E23,"(7, 90)",20,13.0
70,Greedy,E24,"(26, 100)",22,21.0
70,Greedy,E25,"(84, 47)",24,19.0
70,Greedy,E26,"(86, 60)",18,29.0
70,Greedy,E27,"(18, 48)",16,29.0
70,Greedy,E28,"(82, 79)",10,22.0
70,Greedy,E29,"(7, 83)",9,19.0
70,Greedy,E30,"(71, 75)",7,21.0
70,Greedy,E31,"(35, 98)",2,17.0
70,Auction,E14,"(13, 85)",36,30.0
70,Auction,E16,"(80, 79)",32,18.0
70,Auction,E17,"(56, 25)",37,24.0
70,Auction,E18,"(37, 48)",29,29.0
70,Auction,E20,"(60, 63)",30,30.0
70,Auction,E21,"(78, 50)",28,10.0
70,Auction,E22,"(42, 73)",24,13.0
70,Auction,E23,"(7, 90)",20,13.0
70,Auction,E24,"(26, 100)",22,21.0
70,Auction,E25,"(84, 47)",24,19.0
70,Auction,E26,"(86, 60)",18,29.0
70,Auction,E27,"(18, 48)",16,29.0
70,Auction,E28,"(82, 79)",10,22.0
70,Auction,E29,"(7, 83)",9,19.0
70,Auction,E30,"(71, 75)",7,21.0
70,Auction,E31,"(35, 98)",2,17.0
70,Q-Learning,E8,"(7, 16)",56,28.0
70,Q-Learning,E14,"(13, 85)",36,30.0
70,Q-Learning,E16,"(80, 79)",32,18.0
70,Q-Learning,E18,"(37, 48)",29,29.0
70,Q-Learning,E20,"(60, 63)",30,30.0
70,Q-Learning,E22,"(42, 73)",24,13.0
70,Q-Learning,E23,"(7, 90)",20,13.0
70,Q-Learning,E24,"(26, 100)",22,21.0
70,Q-Learning,E25,"(84, 47)",24,19.0
70,Q-Learning,E26,"(86, 60)",18,29.0
70,Q-Learning,E27,"(18, 48)",16,29.0
70,Q-Learning,E28,"(82, 79)",10,22.0
70,Q-Learning,E29,"(7, 83)",9,19.0
70,Q-Learning,E30,"(71, 75)",7,21.0
70,Q-Learning,E31,"(35, 98)",2,17.0
71,Greedy,E8,"(7, 16)",57,28.0
71,Greedy,E16,"(80, 79)",33,18.0
71,Greedy,E17,"(56, 25)",38,24.0
71,Greedy,E18,"(37, 48)",30,29.0
71,Greedy,E20,"(60, 63)",31,30.0
71,Greedy,E21,"(78, 50)",29,10.0
71,Greedy,E22,"(42, 73)",25,13.0
71,Greedy,E23,"(7, 90)",21,13.0
71,Greedy,E24,"(26, 100)",23,21.0
71,Greedy,E25,"(84, 47)",25,19.0
71,Greedy,E26,"(86, 60)",19,29.0
71,Greedy,E27,"(18, 48)",17,29.0
71,Greedy,E28,"(82, 79)",11,22.0
71,Greedy,E29,"(7, 83)",10,19.0
71,Greedy,E30,"(71, 75)",8,21.0
71,Greedy,E31,"(35, 98)",3,17.0
71,Auction,E14,"(13, 85)",37,30.0
71,Auction,E16,"(80, 79)",33,18.0
71,Auction,E17,"(56, 25)",38,24.0
71,Auction,E18,"(37, 48)",30,29.0
71,Auction,E20,"(60, 63)",31,30.0
71,Auction,E21,"(78, 50)",29,10.0
71,Auction,E22,"(42, 73)",25,13.0
71,Auction,E23,"(7, 90)",21,13.0
71,Auction,E24,"(26, 100)",23,21.0
71,Auction,E25,"(84, 47)",25,19.0
71,Auction,E26,"(86, 60)",19,29.0
71,Auction,E27,"(18, 48)",17,29.0
71,Auction,E28,"(82, 79)",11,22.0
71,Auction,E29,"(7, 83)",10,19.0
71,Auction,E30,"(71, 75)",8,21.0
71,Auction,E31,"(35, 98)",3,17.0
71,Q-Learning,E8,"(7, 16)",57,28.0
71,Q-Learning,E14,"(13, 85)",37,30.0
71,Q-Learning,E16,"(80, 79)",33,18.0
71,Q-Learning,E18,"(37, 48)",30,29.0
71,Q-Learning,E20,"(60, 63)",31,30.0
71,Q-Learning,E22,"(42, 73)",25,13.0
71,Q-Learning,E23,"(7, 90)",21,13.0
71,Q-Learning,E24,"(26, 100)",23,21.0
71,Q-Learning,E25,"(84, 47)",25,19.0
71,Q-Learning,E26,"(86, 60)",19,29.0
71,Q-Learning,E27,"(18, 48)",17,29.0
71,Q-Learning,E28,"(82, 79)",11,22.0
71,Q-Learning,E29,"(7, 83)",10,19.0
71,Q-Learning,E30,"(71, 75)",8,21.0
71,Q-Learning,E31,"(35, 98)",3,17.0
72,Greedy,E8,"(7, 16)",58,28.0
72,Greedy,E16,"(80, 79)",34,18.0
72,Greedy,E17,"(56, 25)",39,24.0
72,Greedy,E18,"(37, 48)",31,29.0
72,Greedy,E20,"(60, 63)",32,30.0
72,Greedy,E21,"(78, 50)",30,10.0
72,Greedy,E22,"(42, 73)",26,13.0
72,Greedy,E23,"(7, 90)",22,13.0
72,Greedy,E24,"(26, 100)",24,21.0
72,Greedy,E25,"(84, 47)",26,19.0
72,Greedy,E26,"(86, 60)",20,29.0
72,Greedy,E27,"(18, 48)",18,29.0
72,Greedy,E28,"(82, 79)",12,22.0
72,Greedy,E29,"(7, 83)",11,19.0
72,Greedy,E30,"(71, 75)",9,21.0
72,Greedy,E31,"(35, 98)",4,17.0
72,Greedy,E32,"(33, 78)",7,19.0
72,Auction,E14,"(13, 85)",38,30.0
72,Auction,E16,"(80, 79)",34,18.0
72,Auction,E17,"(56, 25)",39,24.0
72,Auction,E18,"(37, 48)",31,29.0
72,Auction,E20,"(60, 63)",32,30.0
72,Auction,E21,"(78, 50)",30,10.0
72,Auction,E22,"(42, 73)",26,13.0
72,Auction,E23,"(7, 90)",22,13.0
72,Auction,E24,"(26, 100)",24,21.0
72,Auction,E25,"(84, 47)",26,19.0
72,Auction,E26,"(86, 60)",20,29.0
72,Auction,E27,"(18, 48)",18,29.0
72,Auction,E28,"(82, 79)",12,22.0
72,Auction,E29,"(7, 83)",11,19.0
72,Auction,E30,"(71, 75)",9,21.0
72,Auction,E31,"(35, 98)",4,17.0
72,Auction,E32,"(33, 78)",7,19.0
72,Q-Learning,E8,"(7, 16)",58,28.0
72,Q-Learning,E14,"(13, 85)",38,30.0
72,Q-Learning,E16,"(80, 79)",34,18.0
72,Q-Learning,E18,"(37, 48)",31,29.0
72,Q-Learning,E20,"(60, 63)",32,30.0
72,Q-Learning,E22,"(42, 73)",26,13.0
72,Q-Learning,E23,"(7, 90)",22,13.0
72,Q-Learning,E24,"(26, 100)",24,21.0
72,Q-Learning,E25,"(84, 47)",26,19.0
72,Q-Learning,E26,"(86, 60)",20,29.0
72,Q-Learning,E27,"(18, 48)",18,29.0
72,Q-Learning,E28,"(82, 79)",12,22.0
72,Q-Learning,E29,"(7, 83)",11,19.0
72,Q-Learning,E30,"(71, 75)",9,21.0
72,Q-Learning,E31,"(35, 98)",4,17.0
72,Q-Learning,E32,"(33, 78)",7,19.0
73,Greedy,E8,"(7, 16)",59,28.0
73,Greedy,E16,"(80, 79)",35,18.0
73,Greedy,E17,"(56, 25)",40,24.0
73,Greedy,E18,"(37, 48)",32,29.0
73,Greedy,E20,"(60, 63)",33,30.0
73,Greedy,E21,"(78, 50)",31,10.0
73,Greedy,E22,"(42, 73)",27,13.0
73,Greedy,E23,"(7, 90)",23,13.0
73,Greedy,E24,"(26, 100)",25,21.0
73,Greedy,E25,"(84, 47)",27,19.0
73,Greedy,E26,"(86, 60)",21,29.0
73,Greedy,E27,"(18, 48)",19,29.0
73,Greedy,E28,"(82, 79)",13,22.0
73,Greedy,E29,"(7, 83)",12,19.0
73,Greedy,E30,"(71, 75)",10,21.0
73,Greedy,E31,"(35, 98)",5,17.0
73,Greedy,E32,"(33, 78)",8,19.0
73,Auction,E14,"(13, 85)",39,30.0
73,Auction,E16,"(80, 79)",35,18.0
73,Auction,E17,"(56, 25)",40,24.0
73,Auction,E18,"(37, 48)",32,29.0
73,Auction,E20,"(60, 63)",33,30.0
73,Auction,E21,"(78, 50)",31,10.0
73,Auction,E22,"(42, 73)",27,13.0
73,Auction,E23,"(7, 90)",23,13.0
73,Auction,E24,"(26, 100)",25,21.0
73,Auction,E25,"(84, 47)",27,19.0
73,Auction,E26,"(86, 60)",21,29.0
73,Auction,E27,"(18, 48)",19,29.0
73,Auction,E28,"(82, 79)",13,22.0
73,Auction,E29,"(7, 83)",12,19.0
73,Auction,E30,"(71, 75)",10,21.0
73,Auction,E31,"(35, 98)",5,17.0
73,Auction,E32,"(33, 78)",8,19.0
73,Q-Learning,E8,"(7, 16)",59,28.0
73,Q-Learning,E14,"(13, 85)",39,30.0
73,Q-Learning,E16,"(80, 79)",35,18.0
73,Q-Learning,E18,"(37, 48)",32,29.0
73,Q-Learning,E20,"(60, 63)",33,30.0
73,Q-Learning,E22,"(42, 73)",27,13.0
73,Q-Learning,E23,"(7, 90)",23,13.0
73,Q-Learning,E24,"(26, 100)",25,21.0
73,Q-Learning,E25,"(84, 47)",27,19.0
73,Q-Learning,E26,"(86, 60)",21,29.0
73,Q-Learning,E27,"(18, 48)",19,29.0
73,Q-Learning,E28,"(82, 79)",13,22.0
73,Q-Learning,E29,"(7, 83)",12,19.0
73,Q-Learning,E30,"(71, 75)",10,21.0
73,Q-Learning,E31,"(35, 98)",5,17.0
73,Q-Learning,E32,"(33, 78)",8,19.0
74,Greedy,E8,"(7, 16)",60,28.0
74,Greedy,E16,"(80, 79)",36,18.0
74,Greedy,E17,"(56, 25)",41,24.0
74,Greedy,E18,"(37, 48)",33,29.0
74,Greedy,E20,"(60, 63)",34,30.0
74,Greedy,E21,"(78, 50)",32,10.0
74,Greedy,E22,"(42, 73)",28,13.0
74,Greedy,E23,"(7, 90)",24,13.0
74,Greedy,E24,"(26, 100)",26,21.0
74,Greedy,E25,"(84, 47)",28,19.0
74,Greedy,E26,"(86, 60)",22,29.0
74,Greedy,E27,"(18, 48)",20,29.0
74,Greedy,E28,"(82, 79)",14,22.0
74,Greedy,E29,"(7, 83)",13,19.0
74,Greedy,E30,"(71, 75)",11,21.0
74,Greedy,E31,"(35, 98)",6,17.0
74,Greedy,E32,"(33, 78)",9,19.0
74,Greedy,E33,"(15, 39)",7,28.0
74,Auction,E14,"(13, 85)",40,30.0
74,Auction,E16,"(80, 79)",36,18.0
74,Auction,E17,"(56, 25)",41,24.0
74,Auction,E18,"(37, 48)",33,29.0
74,Auction,E20,"(60, 63)",34,30.0
74,Auction,E21,"(78, 50)",32,10.0
74,Auction,E22,"(42, 73)",28,13.0
74,Auction,E23,"(7, 90)",24,13.0
74,Auction,E24,"(26, 100)",26,21.0
74,Auction,E25,"(84, 47)",28,19.0
74,Auction,E26,"(86, 60)",22,29.0
74,Auction,E27,"(18, 48)",20,29.0
74,Auction,E28,"(82, 79)",14,22.0
74,Auction,E29,"(7, 83)",13,19.0
74,Auction,E30,"(71, 75)",11,21.0
74,Auction,E31,"(35, 98)",6,17.0
74,Auction,E32,"(33, 78)",9,19.0
74,Auction,E33,"(15, 39)",7,28.0
74,Q-Learning,E8,"(7, 16)",60,28.0
74,Q-Learning,E14,"(13, 85)",40,30.0
74,Q-Learning,E16,"(80, 79)",36,18.0
74,Q-Learning,E18,"(37, 48)",33,29.0
74,Q-Learning,E20,"(60, 63)",34,30.0
74,Q-Learning,E22,"(42, 73)",28,13.0
74,Q-Learning,E23,"(7, 90)",24,13.0
74,Q-Learning,E24,"(26, 100)",26,21.0
74,Q-Learning,E25,"(84, 47)",28,19.0
74,Q-Learning,E26,"(86, 60)",22,29.0
74,Q-Learning,E27,"(18, 48)",20,29.0
74,Q-Learning,E28,"(82, 79)",14,22.0
74,Q-Learning,E29,"(7, 83)",13,19.0
74,Q-Learning,E30,"(71, 75)",11,21.0
74,Q-Learning,E31,"(35, 98)",6,17.0
74,Q-Learning,E32,"(33, 78)",9,19.0
74,Q-Learning,E33,"(15, 39)",7,28.0
75,Greedy,E8,"(7, 16)",61,28.0
75,Greedy,E16,"(80, 79)",37,18.0
75,Greedy,E17,"(56, 25)",42,24.0
75,Greedy,E18,"(37, 48)",34,29.0
75,Greedy,E20,"(60, 63)",35,30.0
75,Greedy,E21,"(78, 50)",33,10.0
75,Greedy,E22,"(42, 73)",29,13.0
75,Greedy,E23,"(7, 90)",25,13.0
75,Greedy,E24,"(26, 100)",27,21.0
75,Greedy,E25,"(84, 47)",29,19.0
75,Greedy,E26,"(86, 60)",23,29.0
75,Greedy,E27,"(18, 48)",21,29.0
75,Greedy,E28,"(82, 79)",15,22.0
75,Greedy,E29,"(7, 83)",14,19.0
75,Greedy,E30,"(71, 75)",12,21.0
75,Greedy,E31,"(35, 98)",7,17.0
75,Greedy,E32,"(33, 78)",10,19.0
75,Greedy,E33,"(15, 39)",8,28.0
75,Auction,E14,"(13, 85)",41,30.0
75,Auction,E16,"(80, 79)",37,18.0
75,Auction,E17,"(56, 25)",42,24.0
75,Auction,E18,"(37, 48)",34,29.0
75,Auction,E20,"(60, 63)",35,30.0
75,Auction,E21,"(78, 50)",33,10.0
75,Auction,E22,"(42, 73)",29,13.0
75,Auction,E24,"(26, 100)",27,21.0
75,Auction,E25,"(84, 47)",29,19.0
75,Auction,E26,"(86, 60)",23,29.0
75,Auction,E27,"(18, 48)",21,29.0
75,Auction,E28,"(82, 79)",15,22.0
75,Auction,E29,"(7, 83)",14,19.0
75,Auction,E30,"(71, 75)",12,21.0
75,Auction,E31,"(35, 98)",7,17.0
75,Auction,E32,"(33, 78)",10,19.0
75,Auction,E33,"(15, 39)",8,28.0
75,Q-Learning,E8,"(7, 16)",61,28.0
75,Q-Learning,E14,"(13, 85)",41,30.0
75,Q-Learning,E16,"(80, 79)",37,18.0
75,Q-Learning,E18,"(37, 48)",34,29.0
75,Q-Learning,E20,"(60, 63)",35,30.0
75,Q-Learning,E22,"(42, 73)",29,13.0
75,Q-Learning,E23,"(7, 90)",25,13.0
75,Q-Learning,E24,"(26, 100)",27,21.0
75,Q-Learning,E25,"(84, 47)",29,19.0
75,Q-Learning,E26,"(86, 60)",23,29.0
75,Q-Learning,E27,"(18, 48)",21,29.0
75,Q-Learning,E28,"(82, 79)",15,22.0
75,Q-Learning,E29,"(7, 83)",14,19.0
75,Q-Learning,E30,"(71, 75)",12,21.0
75,Q-Learning,E31,"(35, 98)",7,17.0
75,Q-Learning,E32,"(33, 78)",10,19.0
75,Q-Learning,E33,"(15, 39)",8,28.0
76,Greedy,E8,"(7, 16)",62,28.0
76,Greedy,E16,"(80, 79)",38,18.0
76,Greedy,E17,"(56, 25)",43,24.0
76,Greedy,E18,"(37, 48)",35,29.0
76,Greedy,E20,"(60, 63)",36,30.0
76,Greedy,E21,"(78, 50)",34,10.0
76,Greedy,E22,"(42, 73)",30,13.0
76,Greedy,E23,"(7, 90)",26,13.0
76,Greedy,E24,"(26, 100)",28,21.0
76,Greedy,E25,"(84, 47)",30,19.0
76,Greedy,E26,"(86, 60)",24,29.0
76,Greedy,E27,"(18, 48)",22,29.0
76,Greedy,E28,"(82, 79)",16,22.0
76,Greedy,E29,"(7, 83)",15,19.0
76,Greedy,E30,"(71, 75)",13,21.0
76,Greedy,E31,"(35, 98)",8,17.0
76,Greedy,E32,"(33, 78)",11,19.0
76,Greedy,E33,"(15, 39)",9,28.0
76,Auction,E14,"(13, 85)",42,30.0
76,Auction,E16,"(80, 79)",38,18.0
76,Auction,E17,"(56, 25)",43,24.0
76,Auction,E18,"(37, 48)",35,29.0
76,Auction,E20,"(60, 63)",36,30.0
76,Auction,E21,"(78, 50)",34,10.0
76,Auction,E22,"(42, 73)",30,13.0
76,Auction,E24,"(26, 100)",28,21.0
76,Auction,E25,"(84, 47)",30,19.0
76,Auction,E26,"(86, 60)",24,29.0
76,Auction,E27,"(18, 48)",22,29.0
76,Auction,E28,"(82, 79)",16,22.0
76,Auction,E29,"(7, 83)",15,19.0
76,Auction,E30,"(71, 75)",13,21.0
76,Auction,E31,"(35, 98)",8,17.0
76,Auction,E32,"(33, 78)",11,19.0
76,Auction,E33,"(15, 39)",9,28.0
76,Q-Learning,E8,"(7, 16)",62,28.0
76,Q-Learning,E14,"(13, 85)",42,30.0
76,Q-Learning,E16,"(80, 79)",38,18.0
76,Q-Learning,E18,"(37, 48)",35,29.0
76,Q-Learning,E20,"(60, 63)",36,30.0
76,Q-Learning,E22,"(42, 73)",30,13.0
76,Q-Learning,E23,"(7, 90)",26,13.0
76,Q-Learning,E24,"(26, 100)",28,21.0
76,Q-Learning,E25,"(84, 47)",30,19.0
76,Q-Learning,E26,"(86, 60)",24,29.0
76,Q-Learning,E27,"(18, 48)",22,29.0
76,Q-Learning,E28,"(82, 79)",16,22.0
76,Q-Learning,E29,"(7, 83)",15,19.0
76,Q-Learning,E30,"(71, 75)",13,21.0
76,Q-Learning,E31,"(35, 98)",8,17.0
76,Q-Learning,E32,"(33, 78)",11,19.0
76,Q-Learning,E33,"(15, 39)",9,28.0
77,Greedy,E8,"(7, 16)",63,28.0
77,Greedy,E16,"(80, 79)",39,18.0
77,Greedy,E17,"(56, 25)",44,24.0
77,Greedy,E18,"(37, 48)",36,29.0
77,Greedy,E20,"(60, 63)",37,30.0
77,Greedy,E21,"(78, 50)",35,10.0
77,Greedy,E22,"(42, 73)",31,13.0
77,Greedy,E23,"(7, 90)",27,13.0
77,Greedy,E24,"(26, 100)",29,21.0
77,Greedy,E25,"(84, 47)",31,19.0
77,Greedy,E26,"(86, 60)",25,29.0
77,Greedy,E27,"(18, 48)",23,29.0
77,Greedy,E28,"(82, 79)",17,22.0
77,Greedy,E29,"(7, 83)",16,19.0
77,Greedy,E30,"(71, 75)",14,21.0
77,Greedy,E31,"(35, 98)",9,17.0
77,Greedy,E32,"(33, 78)",12,19.0
77,Greedy,E33,"(15, 39)",10,28.0
77,Auction,E14,"(13, 85)",43,30.0
77,Auction,E16,"(80, 79)",39,18.0
77,Auction,E17,"(56, 25)",44,24.0
77,Auction,E18,"(37, 48)",36,29.0
77,Auction,E20,"(60, 63)",37,30.0
77,Auction,E21,"(78, 50)",35,10.0
77,Auction,E22,"(42, 73)",31,13.0
77,Auction,E24,"(26, 100)",29,21.0
77,Auction,E25,"(84, 47)",31,19.0
77,Auction,E26,"(86, 60)",25,29.0
77,Auction,E27,"(18, 48)",23,29.0
77,Auction,E28,"(82, 79)",17,22.0
77,Auction,E29,"(7, 83)",16,19.0
77,Auction,E30,"(71, 75)",14,21.0
77,Auction,E31,"(35, 98)",9,17.0
77,Auction,E32,"(33, 78)",12,19.0
77,Auction,E33,"(15, 39)",10,28.0
77,Q-Learning,E8,"(7, 16)",63,28.0
77,Q-Learning,E14,"(13, 85)",43,30.0
77,Q-Learning,E16,"(80, 79)",39,18.0
77,Q-Learning,E18,"(37, 48)",36,29.0
77,Q-Learning,E20,"(60, 63)",37,30.0
77,Q-Learning,E22,"(42, 73)",31,13.0
77,Q-Learning,E23,"(7, 90)",27,13.0
77,Q-Learning,E24,"(26, 100)",29,21.0
77,Q-Learning,E25,"(84, 47)",31,19.0
77,Q-Learning,E26,"(86, 60)",25,29.0
77,Q-Learning,E27,"(18, 48)",23,29.0
77,Q-Learning,E28,"(82, 79)",17,22.0
77,Q-Learning,E29,"(7, 83)",16,19.0
77,Q-Learning,E30,"(71, 75)",14,21.0
77,Q-Learning,E31,"(35, 98)",9,17.0
77,Q-Learning,E32,"(33, 78)",12,19.0
77,Q-Learning,E33,"(15, 39)",10,28.0
78,Greedy,E8,"(7, 16)",64,28.0
78,Greedy,E16,"(80, 79)",40,18.0
78,Greedy,E17,"(56, 25)",45,24.0
78,Greedy,E18,"(37, 48)",37,29.0
78,Greedy,E20,"(60, 63)",38,30.0
78,Greedy,E21,"(78, 50)",36,10.0
78,Greedy,E22,"(42, 73)",32,13.0
78,Greedy,E23,"(7, 90)",28,13.0
78,Greedy,E24,"(26, 100)",30,21.0
78,Greedy,E25,"(84, 47)",32,19.0
78,Greedy,E26,"(86, 60)",26,29.0
78,Greedy,E27,"(18, 48)",24,29.0
78,Greedy,E28,"(82, 79)",18,22.0
78,Greedy,E29,"(7, 83)",17,19.0
78,Greedy,E30,"(71, 75)",15,21.0
78,Greedy,E31,"(35, 98)",10,17.0
78,Greedy,E32,"(33, 78)",13,19.0
78,Greedy,E33,"(15, 39)",11,28.0
78,Auction,E14,"(13, 85)",44,30.0
78,Auction,E16,"(80, 79)",40,18.0
78,Auction,E17,"(56, 25)",45,24.0
78,Auction,E18,"(37, 48)",37,29.0
78,Auction,E20,"(60, 63)",38,30.0
78,Auction,E21,"(78, 50)",36,10.0
78,Auction,E22,"(42, 73)",32,13.0
78,Auction,E24,"(26, 100)",30,21.0
78,Auction,E25,"(84, 47)",32,19.0
78,Auction,E26,"(86, 60)",26,29.0
78,Auction,E27,"(18, 48)",24,29.0
78,Auction,E28,"(82, 79)",18,22.0
78,Auction,E29,"(7, 83)",17,19.0
78,Auction,E30,"(71, 75)",15,21.0
78,Auction,E31,"(35, 98)",10,17.0
78,Auction,E32,"(33, 78)",13,19.0
78,Auction,E33,"(15, 39)",11,28.0
78,Q-Learning,E8,"(7, 16)",64,28.0
78,Q-Learning,E14,"(13, 85)",44,30.0
78,Q-Learning,E16,"(80, 79)",40,18.0
78,Q-Learning,E18,"(37, 48)",37,29.0
78,Q-Learning,E20,"(60, 63)",38,30.0
78,Q-Learning,E22,"(42, 73)",32,13.0
78,Q-Learning,E23,"(7, 90)",28,13.0
78,Q-Learning,E24,"(26, 100)",30,21.0
78,Q-Learning,E25,"(84, 47)",32,19.0
78,Q-Learning,E26,"(86, 60)",26,29.0
78,Q-Learning,E27,"(18, 48)",24,29.0
78,Q-Learning,E28,"(82, 79)",18,22.0
78,Q-Learning,E29,"(7, 83)",17,19.0
78,Q-Learning,E30,"(71, 75)",15,21.0
78,Q-Learning,E31,"(35, 98)",10,17.0
78,Q-Learning,E32,"(33, 78)",13,19.0
78,Q-Learning,E33,"(15, 39)",11,28.0
79,Greedy,E8,"(7, 16)",65,28.0
79,Greedy,E16,"(80, 79)",41,18.0
79,Greedy,E17,"(56, 25)",46,24.0
79,Greedy,E18,"(37, 48)",38,29.0
79,Greedy,E20,"(60, 63)",39,30.0
79,Greedy,E22,"(42, 73)",33,13.0
79,Greedy,E23,"(7, 90)",29,13.0
79,Greedy,E24,"(26, 100)",31,21.0
79,Greedy,E25,"(84, 47)",33,19.0
79,Greedy,E26,"(86, 60)",27,29.0
79,Greedy,E27,"(18, 48)",25,29.0
79,Greedy,E28,"(82, 79)",19,22.0
79,Greedy,E29,"(7, 83)",18,19.0
79,Greedy,E30,"(71, 75)",16,21.0
79,Greedy,E31,"(35, 98)",11,17.0
79,Greedy,E32,"(33, 78)",14,19.0
79,Greedy,E33,"(15, 39)",12,28.0
79,Greedy,E34,"(78, 37)",4,11.0
79,Auction,E14,"(13, 85)",45,30.0
79,Auction,E16,"(80, 79)",41,18.0
79,Auction,E17,"(56, 25)",46,24.0
79,Auction,E18,"(37, 48)",38,29.0
79,Auction,E20,"(60, 63)",39,30.0
79,Auction,E21,"(78, 50)",37,10.0
79,Auction,E22,"(42, 73)",33,13.0
79,Auction,E24,"(26, 100)",31,21.0
79,Auction,E25,"(84, 47)",33,19.0
79,Auction,E26,"(86, 60)",27,29.0
79,Auction,E27,"(18, 48)",25,29.0
79,Auction,E28,"(82, 79)",19,22.0
79,Auction,E29,"(7, 83)",18,19.0
79,Auction,E30,"(71, 75)",16,21.0
79,Auction,E31,"(35, 98)",11,17.0
79,Auction,E32,"(33, 78)",14,19.0
79,Auction,E33,"(15, 39)",12,28.0
79,Auction,E34,"(78, 37)",4,11.0
79,Q-Learning,E8,"(7, 16)",65,28.0
79,Q-Learning,E14,"(13, 85)",45,30.0
79,Q-Learning,E16,"(80, 79)",41,18.0
79,Q-Learning,E18,"(37, 48)",38,29.0
79,Q-Learning,E20,"(60, 63)",39,30.0
79,Q-Learning,E22,"(42, 73)",33,13.0
79,Q-Learning,E23,"(7, 90)",29,13.0
79,Q-Learning,E24,"(26, 100)",31,21.0
79,Q-Learning,E25,"(84, 47)",33,19.0
79,Q-Learning,E26,"(86, 60)",27,29.0
79,Q-Learning,E27,"(18, 48)",25,29.0
79,Q-Learning,E28,"(82, 79)",19,22.0
79,Q-Learning,E29,"(7, 83)",18,19.0
79,Q-Learning,E30,"(71, 75)",16,21.0
79,Q-Learning,E31,"(35, 98)",11,17.0
79,Q-Learning,E32,"(33, 78)",14,19.0
79,Q-Learning,E33,"(15, 39)",12,28.0
79,Q-Learning,E34,"(78, 37)",4,11.0
80,Greedy,E8,"(7, 16)",66,28.0
80,Greedy,E16,"(80, 79)",42,18.0
80,Greedy,E17,"(56, 25)",47,24.0
80,Greedy,E18,"(37, 48)",39,29.0
80,Greedy,E20,"(60, 63)",40,30.0
80,Greedy,E22,"(42, 73)",34,13.0
80,Greedy,E23,"(7, 90)",30,13.0
80,Greedy,E24,"(26, 100)",32,21.0
80,Greedy,E25,"(84, 47)",34,19.0
80,Greedy,E26,"(86, 60)",28,29.0
80,Greedy,E27,"(18, 48)",26,29.0
80,Greedy,E28,"(82, 79)",20,22.0
80,Greedy,E29,"(7, 83)",19,19.0
80,Greedy,E30,"(71, 75)",17,21.0
80,Greedy,E31,"(35, 98)",12,17.0
80,Greedy,E32,"(33, 78)",15,19.0
80,Greedy,E33,"(15, 39)",13,28.0
80,Greedy,E34,"(78, 37)",5,11.0
80,Auction,E14,"(13, 85)",46,30.0
80,Auction,E16,"(80, 79)",42,18.0
80,Auction,E17,"(56, 25)",47,24.0
80,Auction,E18,"(37, 48)",39,29.0
80,Auction,E20,"(60, 63)",40,30.0
80,Auction,E21,"(78, 50)",38,10.0
80,Auction,E22,"(42, 73)",34,13.0
80,Auction,E24,"(26, 100)",32,21.0
80,Auction,E25,"(84, 47)",34,19.0
80,Auction,E26,"(86, 60)",28,29.0
80,Auction,E27,"(18, 48)",26,29.0
80,Auction,E28,"(82, 79)",20,22.0
80,Auction,E29,"(7, 83)",19,19.0
80,Auction,E30,"(71, 75)",17,21.0
80,Auction,E31,"(35, 98)",12,17.0
80,Auction,E32,"(33, 78)",15,19.0
80,Auction,E33,"(15, 39)",13,28.0
80,Auction,E34,"(78, 37)",5,11.0
80,Q-Learning,E8,"(7, 16)",66,28.0
80,Q-Learning,E14,"(13, 85)",46,30.0
80,Q-Learning,E16,"(80, 79)",42,18.0
80,Q-Learning,E18,"(37, 48)",39,29.0
80,Q-Learning,E20,"(60, 63)",40,30.0
80,Q-Learning,E22,"(42, 73)",34,13.0
80,Q-Learning,E23,"(7, 90)",30,13.0
80,Q-Learning,E24,"(26, 100)",32,21.0
80,Q-Learning,E25,"(84, 47)",34,19.0
80,Q-Learning,E26,"(86, 60)",28,29.0
80,Q-Learning,E27,"(18, 48)",26,29.0
80,Q-Learning,E28,"(82, 79)",20,22.0
80,Q-Learning,E29,"(7, 83)",19,19.0
80,Q-Learning,E30,"(71, 75)",17,21.0
80,Q-Learning,E31,"(35, 98)",12,17.0
80,Q-Learning,E32,"(33, 78)",15,19.0
80,Q-Learning,E33,"(15, 39)",13,28.0
80,Q-Learning,E34,"(78, 37)",5,11.0
81,Greedy,E8,"(7, 16)",67,28.0
81,Greedy,E16,"(80, 79)",43,18.0
81,Greedy,E17,"(56, 25)",48,24.0
81,Greedy,E18,"(37, 48)",40,29.0
81,Greedy,E20,"(60, 63)",41,30.0
81,Greedy,E22,"(42, 73)",35,13.0
81,Greedy,E23,"(7, 90)",31,13.0
81,Greedy,E24,"(26, 100)",33,21.0
81,Greedy,E25,"(84, 47)",35,19.0
81,Greedy,E26,"(86, 60)",29,29.0
81,Greedy,E27,"(18, 48)",27,29.0
81,Greedy,E28,"(82, 79)",21,22.0
81,Greedy,E29,"(7, 83)",20,19.0
81,Greedy,E30,"(71, 75)",18,21.0
81,Greedy,E31,"(35, 98)",13,17.0
81,Greedy,E32,"(33, 78)",16,19.0
81,Greedy,E33,"(15, 39)",14,28.0
81,Greedy,E34,"(78, 37)",6,11.0
81,Auction,E14,"(13, 85)",47,30.0
81,Auction,E16,"(80, 79)",43,18.0
81,Auction,E17,"(56, 25)",48,24.0
81,Auction,E18,"(37, 48)",40,29.0
81,Auction,E20,"(60, 63)",41,30.0
81,Auction,E21,"(78, 50)",39,10.0
81,Auction,E22,"(42, 73)",35,13.0
81,Auction,E24,"(26, 100)",33,21.0
81,Auction,E25,"(84, 47)",35,19.0
81,Auction,E26,"(86, 60)",29,29.0
81,Auction,E27,"(18, 48)",27,29.0
81,Auction,E28,"(82, 79)",21,22.0
81,Auction,E29,"(7, 83)",20,19.0
81,Auction,E30,"(71, 75)",18,21.0
81,Auction,E31,"(35, 98)",13,17.0
81,Auction,E32,"(33, 78)",16,19.0
81,Auction,E33,"(15, 39)",14,28.0
81,Auction,E34,"(78, 37)",6,11.0
81,Q-Learning,E8,"(7, 16)",67,28.0
81,Q-Learning,E14,"(13, 85)",47,30.0
81,Q-Learning,E16,"(80, 79)",43,18.0
81,Q-Learning,E18,"(37, 48)",40,29.0
81,Q-Learning,E20,"(60, 63)",41,30.0
81,Q-Learning,E22,"(42, 73)",35,13.0
81,Q-Learning,E23,"(7, 90)",31,13.0
81,Q-Learning,E24,"(26, 100)",33,21.0
81,Q-Learning,E25,"(84, 47)",35,19.0
81,Q-Learning,E26,"(86, 60)",29,29.0
81,Q-Learning,E27,"(18, 48)",27,29.0
81,Q-Learning,E28,"(82, 79)",21,22.0
81,Q-Learning,E29,"(7, 83)",20,19.0
81,Q-Learning,E30,"(71, 75)",18,21.0
81,Q-Learning,E31,"(35, 98)",13,17.0
81,Q-Learning,E32,"(33, 78)",16,19.0
81,Q-Learning,E33,"(15, 39)",14,28.0
81,Q-Learning,E34,"(78, 37)",6,11.0
82,Greedy,E8,"(7, 16)",68,28.0
82,Greedy,E16,"(80, 79)",44,18.0
82,Greedy,E17,"(56, 25)",49,24.0
82,Greedy,E18,"(37, 48)",41,29.0
82,Greedy,E20,"(60, 63)",42,30.0
82,Greedy,E22,"(42, 73)",36,13.0
82,Greedy,E23,"(7, 90)",32,13.0
82,Greedy,E24,"(26, 100)",34,21.0
82,Greedy,E25,"(84, 47)",36,19.0
82,Greedy,E26,"(86, 60)",30,29.0
82,Greedy,E27,"(18, 48)",28,29.0
82,Greedy,E28,"(82, 79)",22,22.0
82,Greedy,E29,"(7, 83)",21,19.0
82,Greedy,E30,"(71, 75)",19,21.0
82,Greedy,E31,"(35, 98)",14,17.0
82,Greedy,E32,"(33, 78)",17,19.0
82,Greedy,E33,"(15, 39)",15,28.0
82,Greedy,E34,"(78, 37)",7,11.0
82,Auction,E14,"(13, 85)",48,30.0
82,Auction,E16,"(80, 79)",44,18.0
82,Auction,E17,"(56, 25)",49,24.0
82,Auction,E18,"(37, 48)",41,29.0
82,Auction,E20,"(60, 63)",42,30.0
82,Auction,E21,"(78, 50)",40,10.0
82,Auction,E22,"(42, 73)",36,13.0
82,Auction,E24,"(26, 100)",34,21.0
82,Auction,E25,"(84, 47)",36,19.0
82,Auction,E26,"(86, 60)",30,29.0
82,Auction,E27,"(18, 48)",28,29.0
82,Auction,E28,"(82, 79)",22,22.0
82,Auction,E29,"(7, 83)",21,19.0
82,Auction,E30,"(71, 75)",19,21.0
82,Auction,E31,"(35, 98)",14,17.0
82,Auction,E32,"(33, 78)",17,19.0
82,Auction,E33,"(15, 39)",15,28.0
82,Auction,E34,"(78, 37)",7,11.0
82,Q-Learning,E8,"(7, 16)",68,28.0
82,Q-Learning,E14,"(13, 85)",48,30.0
82,Q-Learning,E16,"(80, 79)",44,18.0
82,Q-Learning,E18,"(37, 48)",41,29.0
82,Q-Learning,E20,"(60, 63)",42,30.0
82,Q-Learning,E22,"(42, 73)",36,13.0
82,Q-Learning,E23,"(7, 90)",32,13.0
82,Q-Learning,E24,"(26, 100)",34,21.0
82,Q-Learning,E25,"(84, 47)",36,19.0
82,Q-Learning,E26,"(86, 60)",30,29.0
82,Q-Learning,E27,"(18, 48)",28,29.0
82,Q-Learning,E28,"(82, 79)",22,22.0
82,Q-Learning,E29,"(7, 83)",21,19.0
82,Q-Learning,E30,"(71, 75)",19,21.0
82,Q-Learning,E31,"(35, 98)",14,17.0
82,Q-Learning,E32,"(33, 78)",17,19.0
82,Q-Learning,E33,"(15, 39)",15,28.0
82,Q-Learning,E34,"(78, 37)",7,11.0
83,Greedy,E8,"(7, 16)",69,28.0
83,Greedy,E16,"(80, 79)",45,18.0
83,Greedy,E17,"(56, 25)",50,24.0
83,Greedy,E18,"(37, 48)",42,29.0
83,Greedy,E20,"(60, 63)",43,30.0
83,Greedy,E22,"(42, 73)",37,13.0
83,Greedy,E23,"(7, 90)",33,13.0
83,Greedy,E24,"(26, 100)",35,21.0
83,Greedy,E25,"(84, 47)",37,19.0
83,Greedy,E26,"(86, 60)",31,29.0
83,Greedy,E27,"(18, 48)",29,29.0
83,Greedy,E28,"(82, 79)",23,22.0
83,Greedy,E29,"(7, 83)",22,19.0
83,Greedy,E30,"(71, 75)",20,21.0
83,Greedy,E31,"(35, 98)",15,17.0
83,Greedy,E32,"(33, 78)",18,19.0
83,Greedy,E33,"(15, 39)",16,28.0
83,Greedy,E34,"(78, 37)",8,11.0
83,Greedy,E35,"(67, 3)",3,20.0
83,Auction,E14,"(13, 85)",49,30.0
83,Auction,E16,"(80, 79)",45,18.0
83,Auction,E17,"(56, 25)",50,24.0
83,Auction,E18,"(37, 48)",42,29.0
83,Auction,E20,"(60, 63)",43,30.0
83,Auction,E21,"(78, 50)",41,10.0
83,Auction,E22,"(42, 73)",37,13.0
83,Auction,E24,"(26, 100)",35,21.0
83,Auction,E25,"(84, 47)",37,19.0
83,Auction,E26,"(86, 60)",31,29.0
83,Auction,E27,"(18, 48)",29,29.0
83,Auction,E28,"(82, 79)",23,22.0
83,Auction,E29,"(7, 83)",22,19.0
83,Auction,E30,"(71, 75)",20,21.0
83,Auction,E31,"(35, 98)",15,17.0
83,Auction,E32,"(33, 78)",18,19.0
83,Auction,E33,"(15, 39)",16,28.0
83,Auction,E34,"(78, 37)",8,11.0
83,Auction,E35,"(67, 3)",3,20.0
83,Q-Learning,E8,"(7, 16)",69,28.0
83,Q-Learning,E14,"(13, 85)",49,30.0
83,Q-Learning,E16,"(80, 79)",45,18.0
83,Q-Learning,E18,"(37, 48)",42,29.0
83,Q-Learning,E20,"(60, 63)",43,30.0
83,Q-Learning,E22,"(42, 73)",37,13.0
83,Q-Learning,E23,"(7, 90)",33,13.0
83,Q-Learning,E24,"(26, 100)",35,21.0
83,Q-Learning,E25,"(84, 47)",37,19.0
83,Q-Learning,E26,"(86, 60)",31,29.0
83,Q-Learning,E27,"(18, 48)",29,29.0
83,Q-Learning,E28,"(82, 79)",23,22.0
83,Q-Learning,E29,"(7, 83)",22,19.0
83,Q-Learning,E30,"(71, 75)",20,21.0
83,Q-Learning,E31,"(35, 98)",15,17.0
83,Q-Learning,E32,"(33, 78)",18,19.0
83,Q-Learning,E33,"(15, 39)",16,28.0
83,Q-Learning,E34,"(78, 37)",8,11.0
83,Q-Learning,E35,"(67, 3)",3,20.0
84,Greedy,E8,"(7, 16)",70,28.0
84,Greedy,E16,"(80, 79)",46,18.0
84,Greedy,E17,"(56, 25)",51,24.0
84,Greedy,E18,"(37, 48)",43,29.0
84,Greedy,E20,"(60, 63)",44,30.0
84,Greedy,E22,"(42, 73)",38,13.0
84,Greedy,E23,"(7, 90)",34,13.0
84,Greedy,E24,"(26, 100)",36,21.0
84,Greedy,E25,"(84, 47)",38,19.0
84,Greedy,E26,"(86, 60)",32,29.0
84,Greedy,E27,"(18, 48)",30,29.0
84,Greedy,E28,"(82, 79)",24,22.0
84,Greedy,E29,"(7, 83)",23,19.0
84,Greedy,E30,"(71, 75)",21,21.0
84,Greedy,E31,"(35, 98)",16,17.0
84,Greedy,E32,"(33, 78)",19,19.0
84,Greedy,E33,"(15, 39)",17,28.0
84,Greedy,E34,"(78, 37)",9,11.0
84,Greedy,E35,"(67, 3)",4,20.0
84,Auction,E14,"(13, 85)",50,30.0
84,Auction,E16,"(80, 79)",46,18.0
84,Auction,E17,"(56, 25)",51,24.0
84,Auction,E18,"(37, 48)",43,29.0
84,Auction,E20,"(60, 63)",44,30.0
84,Auction,E21,"(78, 50)",42,10.0
84,Auction,E22,"(42, 73)",38,13.0
84,Auction,E24,"(26, 100)",36,21.0
84,Auction,E25,"(84, 47)",38,19.0
84,Auction,E26,"(86, 60)",32,29.0
84,Auction,E27,"(18, 48)",30,29.0
84,Auction,E28,"(82, 79)",24,22.0
84,Auction,E29,"(7, 83)",23,19.0
84,Auction,E30,"(71, 75)",21,21.0
84,Auction,E31,"(35, 98)",16,17.0
84,Auction,E32,"(33, 78)",19,19.0
84,Auction,E33,"(15, 39)",17,28.0
84,Auction,E34,"(78, 37)",9,11.0
84,Auction,E35,"(67, 3)",4,20.0
84,Q-Learning,E8,"(7, 16)",70,28.0
84,Q-Learning,E14,"(13, 85)",50,30.0
84,Q-Learning,E16,"(80, 79)",46,18.0
84,Q-Learning,E18,"(37, 48)",43,29.0
84,Q-Learning,E20,"(60, 63)",44,30.0
84,Q-Learning,E22,"(42, 73)",38,13.0
84,Q-Learning,E23,"(7, 90)",34,13.0
84,Q-Learning,E24,"(26, 100)",36,21.0
84,Q-Learning,E25,"(84, 47)",38,19.0
84,Q-Learning,E26,"(86, 60)",32,29.0
84,Q-Learning,E27,"(18, 48)",30,29.0
84,Q-Learning,E28,"(82, 79)",24,22.0
84,Q-Learning,E29,"(7, 83)",23,19.0
84,Q-Learning,E30,"(71, 75)",21,21.0
84,Q-Learning,E31,"(35, 98)",16,17.0
84,Q-Learning,E32,"(33, 78)",19,19.0
84,Q-Learning,E33,"(15, 39)",17,28.0
84,Q-Learning,E34,"(78, 37)",9,11.0
84,Q-Learning,E35,"(67, 3)",4,20.0
85,Greedy,E8,"(7, 16)",71,28.0
85,Greedy,E16,"(80, 79)",47,18.0
85,Greedy,E17,"(56, 25)",52,24.0
85,Greedy,E18,"(37, 48)",44,29.0
85,Greedy,E20,"(60, 63)",45,30.0
85,Greedy,E22,"(42, 73)",39,13.0
85,Greedy,E23,"(7, 90)",35,13.0
85,Greedy,E24,"(26, 100)",37,21.0
85,Greedy,E25,"(84, 47)",39,19.0
85,Greedy,E26,"(86, 60)",33,29.0
85,Greedy,E27,"(18, 48)",31,29.0
85,Greedy,E28,"(82, 79)",25,22.0
85,Greedy,E29,"(7, 83)",24,19.0
85,Greedy,E30,"(71, 75)",22,21.0
85,Greedy,E31,"(35, 98)",17,17.0
85,Greedy,E32,"(33, 78)",20,19.0
85,Greedy,E33,"(15, 39)",18,28.0
85,Greedy,E34,"(78, 37)",10,11.0
85,Greedy,E35,"(67, 3)",5,20.0
85,Auction,E14,"(13, 85)",51,30.0
85,Auction,E16,"(80, 79)",47,18.0
85,Auction,E17,"(56, 25)",52,24.0
85,Auction,E18,"(37, 48)",44,29.0
85,Auction,E20,"(60, 63)",45,30.0
85,Auction,E21,"(78, 50)",43,10.0
85,Auction,E22,"(42, 73)",39,13.0
85,Auction,E24,"(26, 100)",37,21.0
85,Auction,E25,"(84, 47)",39,19.0
85,Auction,E26,"(86, 60)",33,29.0
85,Auction,E27,"(18, 48)",31,29.0
85,Auction,E28,"(82, 79)",25,22.0
85,Auction,E29,"(7, 83)",24,19.0
85,Auction,E30,"(71, 75)",22,21.0
85,Auction,E31,"(35, 98)",17,17.0
85,Auction,E32,"(33, 78)",20,19.0
85,Auction,E33,"(15, 39)",18,28.0
85,Auction,E34,"(78, 37)",10,11.0
85,Auction,E35,"(67, 3)",5,20.0
85,Q-Learning,E8,"(7, 16)",71,28.0
85,Q-Learning,E14,"(13, 85)",51,30.0
85,Q-Learning,E16,"(80, 79)",47,18.0
85,Q-Learning,E18,"(37, 48)",44,29.0
85,Q-Learning,E20,"(60, 63)",45,30.0
85,Q-Learning,E22,"(42, 73)",39,13.0
85,Q-Learning,E23,"(7, 90)",35,13.0
85,Q-Learning,E24,"(26, 100)",37,21.0
85,Q-Learning,E25,"(84, 47)",39,19.0
85,Q-Learning,E26,"(86, 60)",33,29.0
85,Q-Learning,E27,"(18, 48)",31,29.0
85,Q-Learning,E28,"(82, 79)",25,22.0
85,Q-Learning,E29,"(7, 83)",24,19.0
85,Q-Learning,E30,"(71, 75)",22,21.0
85,Q-Learning,E31,"(35, 98)",17,17.0
85,Q-Learning,E32,"(33, 78)",20,19.0
85,Q-Learning,E33,"(15, 39)",18,28.0
85,Q-Learning,E34,"(78, 37)",10,11.0
85,Q-Learning,E35,"(67, 3)",5,20.0
86,Greedy,E8,"(7, 16)",72,28.0
86,Greedy,E16,"(80, 79)",48,18.0
86,Greedy,E17,"(56, 25)",53,24.0
86,Greedy,E18,"(37, 48)",45,29.0
86,Greedy,E20,"(60, 63)",46,30.0
86,Greedy,E22,"(42, 73)",40,13.0
86,Greedy,E23,"(7, 90)",36,13.0
86,Greedy,E24,"(26, 100)",38,21.0
86,Greedy,E25,"(84, 47)",40,19.0
86,Greedy,E26,"(86, 60)",34,29.0
86,Greedy,E27,"(18, 48)",32,29.0
86,Greedy,E28,"(82, 79)",26,22.0
86,Greedy,E29,"(7, 83)",25,19.0
86,Greedy,E30,"(71, 75)",23,21.0
86,Greedy,E31,"(35, 98)",18,17.0
86,Greedy,E32,"(33, 78)",21,19.0
86,Greedy,E33,"(15, 39)",19,28.0
86,Greedy,E34,"(78, 37)",11,11.0
86,Greedy,E35,"(67, 3)",6,20.0
86,Auction,E14,"(13, 85)",52,30.0
86,Auction,E16,"(80, 79)",48,18.0
86,Auction,E17,"(56, 25)",53,24.0
86,Auction,E18,"(37, 48)",45,29.0
86,Auction,E20,"(60, 63)",46,30.0
86,Auction,E21,"(78, 50)",44,10.0
86,Auction,E22,"(42, 73)",40,13.0
86,Auction,E24,"(26, 100)",38,21.0
86,Auction,E25,"(84, 47)",40,19.0
86,Auction,E26,"(86, 60)",34,29.0
86,Auction,E27,"(18, 48)",32,29.0
86,Auction,E28,"(82, 79)",26,22.0
86,Auction,E29,"(7, 83)",25,19.0
86,Auction,E30,"(71, 75)",23,21.0
86,Auction,E31,"(35, 98)",18,17.0
86,Auction,E32,"(33, 78)",21,19.0
86,Auction,E33,"(15, 39)",19,28.0
86,Auction,E34,"(78, 37)",11,11.0
86,Auction,E35,"(67, 3)",6,20.0
86,Q-Learning,E8,"(7, 16)",72,28.0
86,Q-Learning,E14,"(13, 85)",52,30.0
86,Q-Learning,E16,"(80, 79)",48,18.0
86,Q-Learning,E18,"(37, 48)",45,29.0
86,Q-Learning,E20,"(60, 63)",46,30.0
86,Q-Learning,E22,"(42, 73)",40,13.0
86,Q-Learning,E23,"(7, 90)",36,13.0
86,Q-Learning,E24,"(26, 100)",38,21.0
86,Q-Learning,E25,"(84, 47)",40,19.0
86,Q-Learning,E26,"(86, 60)",34,29.0
86,Q-Learning,E27,"(18, 48)",32,29.0
86,Q-Learning,E28,"(82, 79)",26,22.0
86,Q-Learning,E29,"(7, 83)",25,19.0
86,Q-Learning,E30,"(71, 75)",23,21.0
86,Q-Learning,E31,"(35, 98)",18,17.0
86,Q-Learning,E32,"(33, 78)",21,19.0
86,Q-Learning,E33,"(15, 39)",19,28.0
86,Q-Learning,E34,"(78, 37)",11,11.0
86,Q-Learning,E35,"(67, 3)",6,20.0
87,Greedy,E8,"(7, 16)",73,28.0
87,Greedy,E16,"(80, 79)",49,18.0
87,Greedy,E17,"(56, 25)",54,24.0
87,Greedy,E18,"(37, 48)",46,29.0
87,Greedy,E20,"(60, 63)",47,30.0
87,Greedy,E22,"(42, 73)",41,13.0
87,Greedy,E23,"(7, 90)",37,13.0
87,Greedy,E24,"(26, 100)",39,21.0
87,Greedy,E25,"(84, 47)",41,19.0
87,Greedy,E26,"(86, 60)",35,29.0
87,Greedy,E27,"(18, 48)",33,29.0
87,Greedy,E28,"(82, 79)",27,22.0
87,Greedy,E29,"(7, 83)",26,19.0
87,Greedy,E30,"(71, 75)",24,21.0
87,Greedy,E31,"(35, 98)",19,17.0
87,Greedy,E32,"(33, 78)",22,19.0
87,Greedy,E33,"(15, 39)",20,28.0
87,Greedy,E34,"(78, 37)",12,11.0
87,Greedy,E35,"(67, 3)",7,20.0
87,Auction,E14,"(13, 85)",53,30.0
87,Auction,E16,"(80, 79)",49,18.0
87,Auction,E17,"(56, 25)",54,24.0
87,Auction,E18,"(37, 48)",46,29.0
87,Auction,E20,"(60, 63)",47,30.0
87,Auction,E21,"(78, 50)",45,10.0
87,Auction,E22,"(42, 73)",41,13.0
87,Auction,E24,"(26, 100)",39,21.0
87,Auction,E25,"(84, 47)",41,19.0
87,Auction,E26,"(86, 60)",35,29.0
87,Auction,E27,"(18, 48)",33,29.0
87,Auction,E28,"(82, 79)",27,22.0
87,Auction,E29,"(7, 83)",26,19.0
87,Auction,E30,"(71, 75)",24,21.0
87,Auction,E31,"(35, 98)",19,17.0
87,Auction,E32,"(33, 78)",22,19.0
87,Auction,E33,"(15, 39)",20,28.0
87,Auction,E34,"(78, 37)",12,11.0
87,Auction,E35,"(67, 3)",7,20.0
87,Q-Learning,E8,"(7, 16)",73,28.0
87,Q-Learning,E14,"(13, 85)",53,30.0
87,Q-Learning,E16,"(80, 79)",49,18.0
87,Q-Learning,E18,"(37, 48)",46,29.0
87,Q-Learning,E20,"(60, 63)",47,30.0
87,Q-Learning,E22,"(42, 73)",41,13.0
87,Q-Learning,E23,"(7, 90)",37,13.0
87,Q-Learning,E24,"(26, 100)",39,21.0
87,Q-Learning,E25,"(84, 47)",41,19.0
87,Q-Learning,E26,"(86, 60)",35,29.0
87,Q-Learning,E27,"(18, 48)",33,29.0
87,Q-Learning,E28,"(82, 79)",27,22.0
87,Q-Learning,E29,"(7, 83)",26,19.0
87,Q-Learning,E30,"(71, 75)",24,21.0
87,Q-Learning,E31,"(35, 98)",19,17.0
87,Q-Learning,E32,"(33, 78)",22,19.0
87,Q-Learning,E33,"(15, 39)",20,28.0
87,Q-Learning,E34,"(78, 37)",12,11.0
87,Q-Learning,E35,"(67, 3)",7,20.0
88,Greedy,E8,"(7, 16)",74,28.0
88,Greedy,E16,"(80, 79)",50,18.0
88,Greedy,E17,"(56, 25)",55,24.0
88,Greedy,E18,"(37, 48)",47,29.0
88,Greedy,E20,"(60, 63)",48,30.0
88,Greedy,E22,"(42, 73)",42,13.0
88,Greedy,E23,"(7, 90)",38,13.0
88,Greedy,E24,"(26, 100)",40,21.0
88,Greedy,E25,"(84, 47)",42,19.0
88,Greedy,E26,"(86, 60)",36,29.0
88,Greedy,E27,"(18, 48)",34,29.0
88,Greedy,E28,"(82, 79)",28,22.0
88,Greedy,E29,"(7, 83)",27,19.0
88,Greedy,E30,"(71, 75)",25,21.0
88,Greedy,E31,"(35, 98)",20,17.0
88,Greedy,E32,"(33, 78)",23,19.0
88,Greedy,E33,"(15, 39)",21,28.0
88,Greedy,E34,"(78, 37)",13,11.0
88,Greedy,E35,"(67, 3)",8,20.0
88,Auction,E14,"(13, 85)",54,30.0
88,Auction,E16,"(80, 79)",50,18.0
88,Auction,E17,"(56, 25)",55,24.0
88,Auction,E18,"(37, 48)",47,29.0
88,Auction,E20,"(60, 63)",48,30.0
88,Auction,E21,"(78, 50)",46,10.0
88,Auction,E22,"(42, 73)",42,13.0
88,Auction,E24,"(26, 100)",40,21.0
88,Auction,E25,"(84, 47)",42,19.0
88,Auction,E26,"(86, 60)",36,29.0
88,Auction,E27,"(18, 48)",34,29.0
88,Auction,E28,"(82, 79)",28,22.0
88,Auction,E29,"(7, 83)",27,19.0
88,Auction,E30,"(71, 75)",25,21.0
88,Auction,E31,"(35, 98)",20,17.0
88,Auction,E32,"(33, 78)",23,19.0
88,Auction,E33,"(15, 39)",21,28.0
88,Auction,E34,"(78, 37)",13,11.0
88,Auction,E35,"(67, 3)",8,20.0
88,Q-Learning,E8,"(7, 16)",74,28.0
88,Q-Learning,E14,"(13, 85)",54,30.0
88,Q-Learning,E16,"(80, 79)",50,18.0
88,Q-Learning,E18,"(37, 48)",47,29.0
88,Q-Learning,E20,"(60, 63)",48,30.0
88,Q-Learning,E22,"(42, 73)",42,13.0
88,Q-Learning,E23,"(7, 90)",38,13.0
88,Q-Learning,E24,"(26, 100)",40,21.0
88,Q-Learning,E25,"(84, 47)",42,19.0
88,Q-Learning,E26,"(86, 60)",36,29.0
88,Q-Learning,E27,"(18, 48)",34,29.0
88,Q-Learning,E28,"(82, 79)",28,22.0
88,Q-Learning,E29,"(7, 83)",27,19.0
88,Q-Learning,E30,"(71, 75)",25,21.0
88,Q-Learning,E31,"(35, 98)",20,17.0
88,Q-Learning,E32,"(33, 78)",23,19.0
88,Q-Learning,E33,"(15, 39)",21,28.0
88,Q-Learning,E34,"(78, 37)",13,11.0
88,Q-Learning,E35,"(67, 3)",8,20.0
89,Greedy,E8,"(7, 16)",75,28.0
89,Greedy,E16,"(80, 79)",51,18.0
89,Greedy,E17,"(56, 25)",56,24.0
89,Greedy,E18,"(37, 48)",48,29.0
89,Greedy,E20,"(60, 63)",49,30.0
89,Greedy,E22,"(42, 73)",43,13.0
89,Greedy,E23,"(7, 90)",39,13.0
89,Greedy,E24,"(26, 100)",41,21.0
89,Greedy,E25,"(84, 47)",43,19.0
89,Greedy,E26,"(86, 60)",37,29.0
89,Greedy,E27,"(18, 48)",35,29.0
89,Greedy,E28,"(82, 79)",29,22.0
89,Greedy,E29,"(7, 83)",28,19.0
89,Greedy,E30,"(71, 75)",26,21.0
89,Greedy,E31,"(35, 98)",21,17.0
89,Greedy,E32,"(33, 78)",24,19.0
89,Greedy,E33,"(15, 39)",22,28.0
89,Greedy,E34,"(78, 37)",14,11.0
89,Greedy,E35,"(67, 3)",9,20.0
89,Greedy,E36,"(8, 10)",5,10.0
89,Auction,E14,"(13, 85)",55,30.0
89,Auction,E16,"(80, 79)",51,18.0
89,Auction,E17,"(56, 25)",56,24.0
89,Auction,E18,"(37, 48)",48,29.0
89,Auction,E20,"(60, 63)",49,30.0
89,Auction,E21,"(78, 50)",47,10.0
89,Auction,E22,"(42, 73)",43,13.0
89,Auction,E24,"(26, 100)",41,21.0
89,Auction,E25,"(84, 47)",43,19.0
89,Auction,E26,"(86, 60)",37,29.0
89,Auction,E27,"(18, 48)",35,29.0
89,Auction,E28,"(82, 79)",29,22.0
89,Auction,E29,"(7, 83)",28,19.0
89,Auction,E30,"(71, 75)",26,21.0
89,Auction,E31,"(35, 98)",21,17.0
89,Auction,E32,"(33, 78)",24,19.0
89,Auction,E33,"(15, 39)",22,28.0
89,Auction,E34,"(78, 37)",14,11.0
89,Auction,E35,"(67, 3)",9,20.0
89,Q-Learning,E8,"(7, 16)",75,28.0
89,Q-Learning,E14,"(13, 85)",55,30.0
89,Q-Learning,E16,"(80, 79)",51,18.0
89,Q-Learning,E18,"(37, 48)",48,29.0
89,Q-Learning,E20,"(60, 63)",49,30.0
89,Q-Learning,E22,"(42, 73)",43,13.0
89,Q-Learning,E23,"(7, 90)",39,13.0
89,Q-Learning,E24,"(26, 100)",41,21.0
89,Q-Learning,E25,"(84, 47)",43,19.0
89,Q-Learning,E26,"(86, 60)",37,29.0
89,Q-Learning,E27,"(18, 48)",35,29.0
89,Q-Learning,E28,"(82, 79)",29,22.0
89,Q-Learning,E29,"(7, 83)",28,19.0
89,Q-Learning,E30,"(71, 75)",26,21.0
89,Q-Learning,E31,"(35, 98)",21,17.0
89,Q-Learning,E32,"(33, 78)",24,19.0
89,Q-Learning,E33,"(15, 39)",22,28.0
89,Q-Learning,E34,"(78, 37)",14,11.0
89,Q-Learning,E35,"(67, 3)",9,20.0
90,Greedy,E8,"(7, 16)",76,28.0
90,Greedy,E16,"(80, 79)",52,18.0
90,Greedy,E17,"(56, 25)",57,24.0
90,Greedy,E18,"(37, 48)",49,29.0
90,Greedy,E20,"(60, 63)",50,30.0
90,Greedy,E22,"(42, 73)",44,13.0
90,Greedy,E23,"(7, 90)",40,13.0
90,Greedy,E24,"(26, 100)",42,21.0
90,Greedy,E25,"(84, 47)",44,19.0
90,Greedy,E26,"(86, 60)",38,29.0
90,Greedy,E27,"(18, 48)",36,29.0
90,Greedy,E28,"(82, 79)",30,22.0
90,Greedy,E29,"(7, 83)",29,19.0
90,Greedy,E30,"(71, 75)",27,21.0
90,Greedy,E31,"(35, 98)",22,17.0
90,Greedy,E32,"(33, 78)",25,19.0
90,Greedy,E33,"(15, 39)",23,28.0
90,Greedy,E34,"(78, 37)",15,11.0
90,Greedy,E35,"(67, 3)",10,20.0
90,Greedy,E36,"(8, 10)",6,10.0
90,Auction,E14,"(13, 85)",56,30.0
90,Auction,E16,"(80, 79)",52,18.0
90,Auction,E17,"(56, 25)",57,24.0
90,Auction,E18,"(37, 48)",49,29.0
90,Auction,E20,"(60, 63)",50,30.0
90,Auction,E21,"(78, 50)",48,10.0
90,Auction,E22,"(42, 73)",44,13.0
90,Auction,E24,"(26, 100)",42,21.0
90,Auction,E25,"(84, 47)",44,19.0
90,Auction,E26,"(86, 60)",38,29.0
90,Auction,E27,"(18, 48)",36,29.0
90,Auction,E28,"(82, 79)",30,22.0
90,Auction,E29,"(7, 83)",29,19.0
90,Auction,E30,"(71, 75)",27,21.0
90,Auction,E31,"(35, 98)",22,17.0
90,Auction,E32,"(33, 78)",25,19.0
90,Auction,E33,"(15, 39)",23,28.0
90,Auction,E34,"(78, 37)",15,11.0
90,Auction,E35,"(67, 3)",10,20.0
90,Q-Learning,E8,"(7, 16)",76,28.0
90,Q-Learning,E14,"(13, 85)",56,30.0
90,Q-Learning,E16,"(80, 79)",52,18.0
90,Q-Learning,E18,"(37, 48)",49,29.0
90,Q-Learning,E20,"(60, 63)",50,30.0
90,Q-Learning,E22,"(42, 73)",44,13.0
90,Q-Learning,E23,"(7, 90)",40,13.0
90,Q-Learning,E24,"(26, 100)",42,21.0
90,Q-Learning,E25,"(84, 47)",44,19.0
90,Q-Learning,E26,"(86, 60)",38,29.0
90,Q-Learning,E27,"(18, 48)",36,29.0
90,Q-Learning,E28,"(82, 79)",30,22.0
90,Q-Learning,E29,"(7, 83)",29,19.0
90,Q-Learning,E30,"(71, 75)",27,21.0
90,Q-Learning,E31,"(35, 98)",22,17.0
90,Q-Learning,E32,"(33, 78)",25,19.0
90,Q-Learning,E33,"(15, 39)",23,28.0
90,Q-Learning,E34,"(78, 37)",15,11.0
90,Q-Learning,E35,"(67, 3)",10,20.0
91,Greedy,E8,"(7, 16)",77,28.0
91,Greedy,E16,"(80, 79)",53,18.0
91,Greedy,E17,"(56, 25)",58,24.0
91,Greedy,E18,"(37, 48)",50,29.0
91,Greedy,E20,"(60, 63)",51,30.0
91,Greedy,E22,"(42, 73)",45,13.0
91,Greedy,E23,"(7, 90)",41,13.0
91,Greedy,E24,"(26, 100)",43,21.0
91,Greedy,E25,"(84, 47)",45,19.0
91,Greedy,E26,"(86, 60)",39,29.0
91,Greedy,E27,"(18, 48)",37,29.0
91,Greedy,E28,"(82, 79)",31,22.0
91,Greedy,E29,"(7, 83)",30,19.0
91,Greedy,E30,"(71, 75)",28,21.0
91,Greedy,E31,"(35, 98)",23,17.0
91,Greedy,E32,"(33, 78)",26,19.0
91,Greedy,E33,"(15, 39)",24,28.0
91,Greedy,E34,"(78, 37)",16,11.0
91,Greedy,E35,"(67, 3)",11,20.0
91,Greedy,E36,"(8, 10)",7,10.0
91,Auction,E14,"(13, 85)",57,30.0
91,Auction,E16,"(80, 79)",53,18.0
91,Auction,E17,"(56, 25)",58,24.0
91,Auction,E18,"(37, 48)",50,29.0
91,Auction,E20,"(60, 63)",51,30.0
91,Auction,E21,"(78, 50)",49,10.0
91,Auction,E22,"(42, 73)",45,13.0
91,Auction,E24,"(26, 100)",43,21.0
91,Auction,E25,"(84, 47)",45,19.0
91,Auction,E26,"(86, 60)",39,29.0
91,Auction,E27,"(18, 48)",37,29.0
91,Auction,E28,"(82, 79)",31,22.0
91,Auction,E29,"(7, 83)",30,19.0
91,Auction,E30,"(71, 75)",28,21.0
91,Auction,E31,"(35, 98)",23,17.0
91,Auction,E32,"(33, 78)",26,19.0
91,Auction,E33,"(15, 39)",24,28.0
91,Auction,E34,"(78, 37)",16,11.0
91,Auction,E35,"(67, 3)",11,20.0
91,Q-Learning,E8,"(7, 16)",77,28.0
91,Q-Learning,E14,"(13, 85)",57,30.0
91,Q-Learning,E16,"(80, 79)",53,18.0
91,Q-Learning,E18,"(37, 48)",50,29.0
91,Q-Learning,E20,"(60, 63)",51,30.0
91,Q-Learning,E22,"(42, 73)",45,13.0
91,Q-Learning,E23,"(7, 90)",41,13.0
91,Q-Learning,E24,"(26, 100)",43,21.0
91,Q-Learning,E25,"(84, 47)",45,19.0
91,Q-Learning,E26,"(86, 60)",39,29.0
91,Q-Learning,E27,"(18, 48)",37,29.0
91,Q-Learning,E28,"(82, 79)",31,22.0
91,Q-Learning,E29,"(7, 83)",30,19.0
91,Q-Learning,E30,"(71, 75)",28,21.0
91,Q-Learning,E31,"(35, 98)",23,17.0
91,Q-Learning,E32,"(33, 78)",26,19.0
91,Q-Learning,E33,"(15, 39)",24,28.0
91,Q-Learning,E34,"(78, 37)",16,11.0
91,Q-Learning,E35,"(67, 3)",11,20.0
92,Greedy,E8,"(7, 16)",78,28.0
92,Greedy,E16,"(80, 79)",54,18.0
92,Greedy,E17,"(56, 25)",59,24.0
92,Greedy,E18,"(37, 48)",51,29.0
92,Greedy,E20,"(60, 63)",52,30.0
92,Greedy,E22,"(42, 73)",46,13.0
92,Greedy,E23,"(7, 90)",42,13.0
92,Greedy,E24,"(26, 100)",44,21.0
92,Greedy,E25,"(84, 47)",46,19.0
92,Greedy,E26,"(86, 60)",40,29.0
92,Greedy,E27,"(18, 48)",38,29.0
92,Greedy,E28,"(82, 79)",32,22.0
92,Greedy,E29,"(7, 83)",31,19.0
92,Greedy,E30,"(71, 75)",29,21.0
92,Greedy,E31,"(35, 98)",24,17.0
92,Greedy,E32,"(33, 78)",27,19.0
92,Greedy,E33,"(15, 39)",25,28.0
92,Greedy,E34,"(78, 37)",17,11.0
92,Greedy,E35,"(67, 3)",12,20.0
92,Greedy,E36,"(8, 10)",8,10.0
92,Auction,E14,"(13, 85)",58,30.0
92,Auction,E16,"(80, 79)",54,18.0
92,Auction,E17,"(56, 25)",59,24.0
92,Auction,E18,"(37, 48)",51,29.0
92,Auction,E20,"(60, 63)",52,30.0
92,Auction,E21,"(78, 50)",50,10.0
92,Auction,E22,"(42, 73)",46,13.0
92,Auction,E24,"(26, 100)",44,21.0
92,Auction,E25,"(84, 47)",46,19.0
92,Auction,E26,"(86, 60)",40,29.0
92,Auction,E27,"(18, 48)",38,29.0
92,Auction,E28,"(82, 79)",32,22.0
92,Auction,E29,"(7, 83)",31,19.0
92,Auction,E30,"(71, 75)",29,21.0
92,Auction,E31,"(35, 98)",24,17.0
92,Auction,E32,"(33, 78)",27,19.0
92,Auction,E33,"(15, 39)",25,28.0
92,Auction,E34,"(78, 37)",17,11.0
92,Auction,E35,"(67, 3)",12,20.0
92,Q-Learning,E8,"(7, 16)",78,28.0
92,Q-Learning,E14,"(13, 85)",58,30.0
92,Q-Learning,E16,"(80, 79)",54,18.0
92,Q-Learning,E18,"(37, 48)",51,29.0
92,Q-Learning,E20,"(60, 63)",52,30.0
92,Q-Learning,E22,"(42, 73)",46,13.0
92,Q-Learning,E23,"(7, 90)",42,13.0
92,Q-Learning,E24,"(26, 100)",44,21.0
92,Q-Learning,E25,"(84, 47)",46,19.0
92,Q-Learning,E26,"(86, 60)",40,29.0
92,Q-Learning,E27,"(18, 48)",38,29.0
92,Q-Learning,E28,"(82, 79)",32,22.0
92,Q-Learning,E29,"(7, 83)",31,19.0
92,Q-Learning,E30,"(71, 75)",29,21.0
92,Q-Learning,E31,"(35, 98)",24,17.0
92,Q-Learning,E32,"(33, 78)",27,19.0
92,Q-Learning,E33,"(15, 39)",25,28.0
92,Q-Learning,E34,"(78, 37)",17,11.0
92,Q-Learning,E35,"(67, 3)",12,20.0
93,Greedy,E8,"(7, 16)",79,28.0
93,Greedy,E16,"(80, 79)",55,18.0
93,Greedy,E17,"(56, 25)",60,24.0
93,Greedy,E18,"(37, 48)",52,29.0
93,Greedy,E20,"(60, 63)",53,30.0
93,Greedy,E22,"(42, 73)",47,13.0
93,Greedy,E23,"(7, 90)",43,13.0
93,Greedy,E24,"(26, 100)",45,21.0
93,Greedy,E25,"(84, 47)",47,19.0
93,Greedy,E26,"(86, 60)",41,29.0
93,Greedy,E27,"(18, 48)",39,29.0
93,Greedy,E28,"(82, 79)",33,22.0
93,Greedy,E29,"(7, 83)",32,19.0
93,Greedy,E30,"(71, 75)",30,21.0
93,Greedy,E31,"(35, 98)",25,17.0
93,Greedy,E32,"(33, 78)",28,19.0
93,Greedy,E33,"(15, 39)",26,28.0
93,Greedy,E34,"(78, 37)",18,11.0
93,Greedy,E35,"(67, 3)",13,20.0
93,Greedy,E36,"(8, 10)",9,10.0
93,Auction,E14,"(13, 85)",59,30.0
93,Auction,E16,"(80, 79)",55,18.0
93,Auction,E17,"(56, 25)",60,24.0
93,Auction,E18,"(37, 48)",52,29.0
93,Auction,E20,"(60, 63)",53,30.0
93,Auction,E21,"(78, 50)",51,10.0
93,Auction,E22,"(42, 73)",47,13.0
93,Auction,E24,"(26, 100)",45,21.0
93,Auction,E25,"(84, 47)",47,19.0
93,Auction,E26,"(86, 60)",41,29.0
93,Auction,E27,"(18, 48)",39,29.0
93,Auction,E28,"(82, 79)",33,22.0
93,Auction,E29,"(7, 83)",32,19.0
93,Auction,E30,"(71, 75)",30,21.0
93,Auction,E31,"(35, 98)",25,17.0
93,Auction,E32,"(33, 78)",28,19.0
93,Auction,E33,"(15, 39)",26,28.0
93,Auction,E34,"(78, 37)",18,11.0
93,Auction,E35,"(67, 3)",13,20.0
93,Q-Learning,E8,"(7, 16)",79,28.0
93,Q-Learning,E14,"(13, 85)",59,30.0
93,Q-Learning,E16,"(80, 79)",55,18.0
93,Q-Learning,E18,"(37, 48)",52,29.0
93,Q-Learning,E20,"(60, 63)",53,30.0
93,Q-Learning,E22,"(42, 73)",47,13.0
93,Q-Learning,E23,"(7, 90)",43,13.0
93,Q-Learning,E24,"(26, 100)",45,21.0
93,Q-Learning,E25,"(84, 47)",47,19.0
93,Q-Learning,E26,"(86, 60)",41,29.0
93,Q-Learning,E27,"(18, 48)",39,29.0
93,Q-Learning,E28,"(82, 79)",33,22.0
93,Q-Learning,E29,"(7, 83)",32,19.0
93,Q-Learning,E30,"(71, 75)",30,21.0
93,Q-Learning,E31,"(35, 98)",25,17.0
93,Q-Learning,E32,"(33, 78)",28,19.0
93,Q-Learning,E33,"(15, 39)",26,28.0
93,Q-Learning,E34,"(78, 37)",18,11.0
93,Q-Learning,E35,"(67, 3)",13,20.0
94,Greedy,E8,"(7, 16)",80,28.0
94,Greedy,E16,"(80, 79)",56,18.0
94,Greedy,E17,"(56, 25)",61,24.0
94,Greedy,E18,"(37, 48)",53,29.0
94,Greedy,E20,"(60, 63)",54,30.0
94,Greedy,E22,"(42, 73)",48,13.0
94,Greedy,E23,"(7, 90)",44,13.0
94,Greedy,E24,"(26, 100)",46,21.0
94,Greedy,E25,"(84, 47)",48,19.0
94,Greedy,E26,"(86, 60)",42,29.0
94,Greedy,E27,"(18, 48)",40,29.0
94,Greedy,E28,"(82, 79)",34,22.0
94,Greedy,E29,"(7, 83)",33,19.0
94,Greedy,E30,"(71, 75)",31,21.0
94,Greedy,E31,"(35, 98)",26,17.0
94,Greedy,E32,"(33, 78)",29,19.0
94,Greedy,E33,"(15, 39)",27,28.0
94,Greedy,E34,"(78, 37)",19,11.0
94,Greedy,E35,"(67, 3)",14,20.0
94,Greedy,E36,"(8, 10)",10,10.0
94,Auction,E14,"(13, 85)",60,30.0
94,Auction,E16,"(80, 79)",56,18.0
94,Auction,E17,"(56, 25)",61,24.0
94,Auction,E18,"(37, 48)",53,29.0
94,Auction,E20,"(60, 63)",54,30.0
94,Auction,E21,"(78, 50)",52,10.0
94,Auction,E22,"(42, 73)",48,13.0
94,Auction,E24,"(26, 100)",46,21.0
94,Auction,E25,"(84, 47)",48,19.0
94,Auction,E26,"(86, 60)",42,29.0
94,Auction,E27,"(18, 48)",40,29.0
94,Auction,E28,"(82, 79)",34,22.0
94,Auction,E29,"(7, 83)",33,19.0
94,Auction,E30,"(71, 75)",31,21.0
94,Auction,E31,"(35, 98)",26,17.0
94,Auction,E32,"(33, 78)",29,19.0
94,Auction,E33,"(15, 39)",27,28.0
94,Auction,E34,"(78, 37)",19,11.0
94,Auction,E35,"(67, 3)",14,20.0
94,Q-Learning,E8,"(7, 16)",80,28.0
94,Q-Learning,E14,"(13, 85)",60,30.0
94,Q-Learning,E16,"(80, 79)",56,18.0
94,Q-Learning,E18,"(37, 48)",53,29.0
94,Q-Learning,E20,"(60, 63)",54,30.0
94,Q-Learning,E22,"(42, 73)",48,13.0
94,Q-Learning,E23,"(7, 90)",44,13.0
94,Q-Learning,E24,"(26, 100)",46,21.0
94,Q-Learning,E25,"(84, 47)",48,19.0
94,Q-Learning,E26,"(86, 60)",42,29.0
94,Q-Learning,E27,"(18, 48)",40,29.0
94,Q-Learning,E28,"(82, 79)",34,22.0
94,Q-Learning,E29,"(7, 83)",33,19.0
94,Q-Learning,E30,"(71, 75)",31,21.0
94,Q-Learning,E31,"(35, 98)",26,17.0
94,Q-Learning,E32,"(33, 78)",29,19.0
94,Q-Learning,E33,"(15, 39)",27,28.0
94,Q-Learning,E34,"(78, 37)",19,11.0
94,Q-Learning,E35,"(67, 3)",14,20.0
95,Greedy,E8,"(7, 16)",81,28.0
95,Greedy,E16,"(80, 79)",57,18.0
95,Greedy,E17,"(56, 25)",62,24.0
95,Greedy,E18,"(37, 48)",54,29.0
95,Greedy,E20,"(60, 63)",55,30.0
95,Greedy,E22,"(42, 73)",49,13.0
95,Greedy,E23,"(7, 90)",45,13.0
95,Greedy,E24,"(26, 100)",47,21.0
95,Greedy,E25,"(84, 47)",49,19.0
95,Greedy,E26,"(86, 60)",43,29.0
95,Greedy,E27,"(18, 48)",41,29.0
95,Greedy,E28,"(82, 79)",35,22.0
95,Greedy,E29,"(7, 83)",34,19.0
95,Greedy,E30,"(71, 75)",32,21.0
95,Greedy,E31,"(35, 98)",27,17.0
95,Greedy,E32,"(33, 78)",30,19.0
95,Greedy,E33,"(15, 39)",28,28.0
95,Greedy,E34,"(78, 37)",20,11.0
95,Greedy,E35,"(67, 3)",15,20.0
95,Greedy,E36,"(8, 10)",11,10.0
95,Auction,E14,"(13, 85)",61,30.0
95,Auction,E16,"(80, 79)",57,18.0
95,Auction,E17,"(56, 25)",62,24.0
95,Auction,E18,"(37, 48)",54,29.0
95,Auction,E20,"(60, 63)",55,30.0
95,Auction,E21,"(78, 50)",53,10.0
95,Auction,E22,"(42, 73)",49,13.0
95,Auction,E24,"(26, 100)",47,21.0
95,Auction,E25,"(84, 47)",49,19.0
95,Auction,E26,"(86, 60)",43,29.0
95,Auction,E27,"(18, 48)",41,29.0
95,Auction,E28,"(82, 79)",35,22.0
95,Auction,E29,"(7, 83)",34,19.0
95,Auction,E30,"(71, 75)",32,21.0
95,Auction,E31,"(35, 98)",27,17.0
95,Auction,E32,"(33, 78)",30,19.0
95,Auction,E33,"(15, 39)",28,28.0
95,Auction,E34,"(78, 37)",20,11.0
95,Auction,E35,"(67, 3)",15,20.0
95,Q-Learning,E8,"(7, 16)",81,28.0
95,Q-Learning,E14,"(13, 85)",61,30.0
95,Q-Learning,E16,"(80, 79)",57,18.0
95,Q-Learning,E18,"(37, 48)",54,29.0
95,Q-Learning,E20,"(60, 63)",55,30.0
95,Q-Learning,E22,"(42, 73)",49,13.0
95,Q-Learning,E23,"(7, 90)",45,13.0
95,Q-Learning,E24,"(26, 100)",47,21.0
95,Q-Learning,E25,"(84, 47)",49,19.0
95,Q-Learning,E26,"(86, 60)",43,29.0
95,Q-Learning,E27,"(18, 48)",41,29.0
95,Q-Learning,E28,"(82, 79)",35,22.0
95,Q-Learning,E29,"(7, 83)",34,19.0
95,Q-Learning,E30,"(71, 75)",32,21.0
95,Q-Learning,E31,"(35, 98)",27,17.0
95,Q-Learning,E32,"(33, 78)",30,19.0
95,Q-Learning,E33,"(15, 39)",28,28.0
95,Q-Learning,E34,"(78, 37)",20,11.0
95,Q-Learning,E35,"(67, 3)",15,20.0
96,Greedy,E8,"(7, 16)",82,28.0
96,Greedy,E16,"(80, 79)",58,18.0
96,Greedy,E17,"(56, 25)",63,24.0
96,Greedy,E18,"(37, 48)",55,29.0
96,Greedy,E20,"(60, 63)",56,30.0
96,Greedy,E22,"(42, 73)",50,13.0
96,Greedy,E23,"(7, 90)",46,13.0
96,Greedy,E24,"(26, 100)",48,21.0
96,Greedy,E25,"(84, 47)",50,19.0
96,Greedy,E26,"(86, 60)",44,29.0
96,Greedy,E27,"(18, 48)",42,29.0
96,Greedy,E28,"(82, 79)",36,22.0
96,Greedy,E29,"(7, 83)",35,19.0
96,Greedy,E30,"(71, 75)",33,21.0
96,Greedy,E31,"(35, 98)",28,17.0
96,Greedy,E32,"(33, 78)",31,19.0
96,Greedy,E33,"(15, 39)",29,28.0
96,Greedy,E34,"(78, 37)",21,11.0
96,Greedy,E35,"(67, 3)",16,20.0
96,Greedy,E36,"(8, 10)",12,10.0
96,Auction,E14,"(13, 85)",62,30.0
96,Auction,E16,"(80, 79)",58,18.0
96,Auction,E17,"(56, 25)",63,24.0
96,Auction,E18,"(37, 48)",55,29.0
96,Auction,E20,"(60, 63)",56,30.0
96,Auction,E21,"(78, 50)",54,10.0
96,Auction,E22,"(42, 73)",50,13.0
96,Auction,E24,"(26, 100)",48,21.0
96,Auction,E25,"(84, 47)",50,19.0
96,Auction,E26,"(86, 60)",44,29.0
96,Auction,E27,"(18, 48)",42,29.0
96,Auction,E28,"(82, 79)",36,22.0
96,Auction,E29,"(7, 83)",35,19.0
96,Auction,E30,"(71, 75)",33,21.0
96,Auction,E31,"(35, 98)",28,17.0
96,Auction,E32,"(33, 78)",31,19.0
96,Auction,E33,"(15, 39)",29,28.0
96,Auction,E34,"(78, 37)",21,11.0
96,Auction,E35,"(67, 3)",16,20.0
96,Q-Learning,E8,"(7, 16)",82,28.0
96,Q-Learning,E14,"(13, 85)",62,30.0
96,Q-Learning,E16,"(80, 79)",58,18.0
96,Q-Learning,E18,"(37, 48)",55,29.0
96,Q-Learning,E20,"(60, 63)",56,30.0
96,Q-Learning,E22,"(42, 73)",50,13.0
96,Q-Learning,E23,"(7, 90)",46,13.0
96,Q-Learning,E24,"(26, 100)",48,21.0
96,Q-Learning,E25,"(84, 47)",50,19.0
96,Q-Learning,E26,"(86, 60)",44,29.0
96,Q-Learning,E27,"(18, 48)",42,29.0
96,Q-Learning,E28,"(82, 79)",36,22.0
96,Q-Learning,E29,"(7, 83)",35,19.0
96,Q-Learning,E30,"(71, 75)",33,21.0
96,Q-Learning,E31,"(35, 98)",28,17.0
96,Q-Learning,E32,"(33, 78)",31,19.0
96,Q-Learning,E33,"(15, 39)",29,28.0
96,Q-Learning,E34,"(78, 37)",21,11.0
96,Q-Learning,E35,"(67, 3)",16,20.0
97,Greedy,E8,"(7, 16)",83,28.0
97,Greedy,E16,"(80, 79)",59,18.0
97,Greedy,E17,"(56, 25)",64,24.0
97,Greedy,E18,"(37, 48)",56,29.0
97,Greedy,E20,"(60, 63)",57,30.0
97,Greedy,E22,"(42, 73)",51,13.0
97,Greedy,E23,"(7, 90)",47,13.0
97,Greedy,E24,"(26, 100)",49,21.0
97,Greedy,E25,"(84, 47)",51,19.0
97,Greedy,E26,"(86, 60)",45,29.0
97,Greedy,E27,"(18, 48)",43,29.0
97,Greedy,E28,"(82, 79)",37,22.0
97,Greedy,E29,"(7, 83)",36,19.0
97,Greedy,E30,"(71, 75)",34,21.0
97,Greedy,E31,"(35, 98)",29,17.0
97,Greedy,E32,"(33, 78)",32,19.0
97,Greedy,E33,"(15, 39)",30,28.0
97,Greedy,E34,"(78, 37)",22,11.0
97,Greedy,E35,"(67, 3)",17,20.0
97,Greedy,E36,"(8, 10)",13,10.0
97,Auction,E14,"(13, 85)",63,30.0
97,Auction,E16,"(80, 79)",59,18.0
97,Auction,E17,"(56, 25)",64,24.0
97,Auction,E18,"(37, 48)",56,29.0
97,Auction,E20,"(60, 63)",57,30.0
97,Auction,E21,"(78, 50)",55,10.0
97,Auction,E22,"(42, 73)",51,13.0
97,Auction,E24,"(26, 100)",49,21.0
97,Auction,E25,"(84, 47)",51,19.0
97,Auction,E26,"(86, 60)",45,29.0
97,Auction,E27,"(18, 48)",43,29.0
97,Auction,E28,"(82, 79)",37,22.0
97,Auction,E29,"(7, 83)",36,19.0
97,Auction,E30,"(71, 75)",34,21.0
97,Auction,E31,"(35, 98)",29,17.0
97,Auction,E32,"(33, 78)",32,19.0
97,Auction,E33,"(15, 39)",30,28.0
97,Auction,E34,"(78, 37)",22,11.0
97,Auction,E35,"(67, 3)",17,20.0
97,Q-Learning,E8,"(7, 16)",83,28.0
97,Q-Learning,E14,"(13, 85)",63,30.0
97,Q-Learning,E16,"(80, 79)",59,18.0
97,Q-Learning,E18,"(37, 48)",56,29.0
97,Q-Learning,E20,"(60, 63)",57,30.0
97,Q-Learning,E22,"(42, 73)",51,13.0
97,Q-Learning,E23,"(7, 90)",47,13.0
97,Q-Learning,E24,"(26, 100)",49,21.0
97,Q-Learning,E25,"(84, 47)",51,19.0
97,Q-Learning,E26,"(86, 60)",45,29.0
97,Q-Learning,E27,"(18, 48)",43,29.0
97,Q-Learning,E28,"(82, 79)",37,22.0
97,Q-Learning,E29,"(7, 83)",36,19.0
97,Q-Learning,E30,"(71, 75)",34,21.0
97,Q-Learning,E31,"(35, 98)",29,17.0
97,Q-Learning,E32,"(33, 78)",32,19.0
97,Q-Learning,E33,"(15, 39)",30,28.0
97,Q-Learning,E34,"(78, 37)",22,11.0
97,Q-Learning,E35,"(67, 3)",17,20.0
98,Greedy,E8,"(7, 16)",84,28.0
98,Greedy,E16,"(80, 79)",60,18.0
98,Greedy,E17,"(56, 25)",65,24.0
98,Greedy,E18,"(37, 48)",57,29.0
98,Greedy,E20,"(60, 63)",58,30.0
98,Greedy,E22,"(42, 73)",52,13.0
98,Greedy,E23,"(7, 90)",48,13.0
98,Greedy,E24,"(26, 100)",50,21.0
98,Greedy,E25,"(84, 47)",52,19.0
98,Greedy,E26,"(86, 60)",46,29.0
98,Greedy,E27,"(18, 48)",44,29.0
98,Greedy,E28,"(82, 79)",38,22.0
98,Greedy,E29,"(7, 83)",37,19.0
98,Greedy,E30,"(71, 75)",35,21.0
98,Greedy,E31,"(35, 98)",30,17.0
98,Greedy,E32,"(33, 78)",33,19.0
98,Greedy,E33,"(15, 39)",31,28.0
98,Greedy,E34,"(78, 37)",23,11.0
98,Greedy,E35,"(67, 3)",18,20.0
98,Greedy,E36,"(8, 10)",14,10.0
98,Auction,E14,"(13, 85)",64,30.0
98,Auction,E16,"(80, 79)",60,18.0
98,Auction,E17,"(56, 25)",65,24.0
98,Auction,E18,"(37, 48)",57,29.0
98,Auction,E20,"(60, 63)",58,30.0
98,Auction,E21,"(78, 50)",56,10.0
98,Auction,E22,"(42, 73)",52,13.0
98,Auction,E24,"(26, 100)",50,21.0
98,Auction,E25,"(84, 47)",52,19.0
98,Auction,E26,"(86, 60)",46,29.0
98,Auction,E27,"(18, 48)",44,29.0
98,Auction,E28,"(82, 79)",38,22.0
98,Auction,E29,"(7, 83)",37,19.0
98,Auction,E30,"(71, 75)",35,21.0
98,Auction,E31,"(35, 98)",30,17.0
98,Auction,E32,"(33, 78)",33,19.0
98,Auction,E33,"(15, 39)",31,28.0
98,Auction,E34,"(78, 37)",23,11.0
98,Auction,E35,"(67, 3)",18,20.0
98,Q-Learning,E8,"(7, 16)",84,28.0
98,Q-Learning,E14,"(13, 85)",64,30.0
98,Q-Learning,E16,"(80, 79)",60,18.0
98,Q-Learning,E18,"(37, 48)",57,29.0
98,Q-Learning,E20,"(60, 63)",58,30.0
98,Q-Learning,E22,"(42, 73)",52,13.0
98,Q-Learning,E23,"(7, 90)",48,13.0
98,Q-Learning,E24,"(26, 100)",50,21.0
98,Q-Learning,E25,"(84, 47)",52,19.0
98,Q-Learning,E26,"(86, 60)",46,29.0
98,Q-Learning,E27,"(18, 48)",44,29.0
98,Q-Learning,E28,"(82, 79)",38,22.0
98,Q-Learning,E29,"(7, 83)",37,19.0
98,Q-Learning,E30,"(71, 75)",35,21.0
98,Q-Learning,E31,"(35, 98)",30,17.0
98,Q-Learning,E32,"(33, 78)",33,19.0
98,Q-Learning,E33,"(15, 39)",31,28.0
98,Q-Learning,E34,"(78, 37)",23,11.0
98,Q-Learning,E35,"(67, 3)",18,20.0
99,Greedy,E8,"(7, 16)",85,28.0
99,Greedy,E16,"(80, 79)",61,18.0
99,Greedy,E17,"(56, 25)",66,24.0
99,Greedy,E18,"(37, 48)",58,29.0
99,Greedy,E20,"(60, 63)",59,30.0
99,Greedy,E22,"(42, 73)",53,13.0
99,Greedy,E23,"(7, 90)",49,13.0
99,Greedy,E24,"(26, 100)",51,21.0
99,Greedy,E25,"(84, 47)",53,19.0
99,Greedy,E26,"(86, 60)",47,29.0
99,Greedy,E27,"(18, 48)",45,29.0
99,Greedy,E28,"(82, 79)",39,22.0
99,Greedy,E29,"(7, 83)",38,19.0
99,Greedy,E30,"(71, 75)",36,21.0
99,Greedy,E31,"(35, 98)",31,17.0
99,Greedy,E32,"(33, 78)",34,19.0
99,Greedy,E33,"(15, 39)",32,28.0
99,Greedy,E34,"(78, 37)",24,11.0
99,Greedy,E35,"(67, 3)",19,20.0
99,Greedy,E36,"(8, 10)",15,10.0
99,Greedy,E37,"(7, 86)",2,14.0
99,Auction,E14,"(13, 85)",65,30.0
99,Auction,E16,"(80, 79)",61,18.0
99,Auction,E17,"(56, 25)",66,24.0
99,Auction,E18,"(37, 48)",58,29.0
99,Auction,E20,"(60, 63)",59,30.0
99,Auction,E21,"(78, 50)",57,10.0
99,Auction,E22,"(42, 73)",53,13.0
99,Auction,E24,"(26, 100)",51,21.0
99,Auction,E25,"(84, 47)",53,19.0
99,Auction,E26,"(86, 60)",47,29.0
99,Auction,E27,"(18, 48)",45,29.0
99,Auction,E28,"(82, 79)",39,22.0
99,Auction,E29,"(7, 83)",38,19.0
99,Auction,E30,"(71, 75)",36,21.0
99,Auction,E31,"(35, 98)",31,17.0
99,Auction,E32,"(33, 78)",34,19.0
99,Auction,E33,"(15, 39)",32,28.0
99,Auction,E34,"(78, 37)",24,11.0
99,Auction,E35,"(67, 3)",19,20.0
99,Auction,E37,"(7, 86)",2,14.0
99,Q-Learning,E8,"(7, 16)",85,28.0
99,Q-Learning,E14,"(13, 85)",65,30.0
99,Q-Learning,E16,"(80, 79)",61,18.0
99,Q-Learning,E18,"(37, 48)",58,29.0
99,Q-Learning,E20,"(60, 63)",59,30.0
99,Q-Learning,E22,"(42, 73)",53,13.0
99,Q-Learning,E23,"(7, 90)",49,13.0
99,Q-Learning,E24,"(26, 100)",51,21.0
99,Q-Learning,E25,"(84, 47)",53,19.0
99,Q-Learning,E26,"(86, 60)",47,29.0
99,Q-Learning,E27,"(18, 48)",45,29.0
99,Q-Learning,E28,"(82, 79)",39,22.0
99,Q-Learning,E29,"(7, 83)",38,19.0
99,Q-Learning,E30,"(71, 75)",36,21.0
99,Q-Learning,E31,"(35, 98)",31,17.0
99,Q-Learning,E32,"(33, 78)",34,19.0
99,Q-Learning,E33,"(15, 39)",32,28.0
99,Q-Learning,E34,"(78, 37)",24,11.0
99,Q-Learning,E35,"(67, 3)",19,20.0
99,Q-Learning,E37,"(7, 86)",2,14.0
