time_step,method,vehicle_id,position,battery,busy,remaining_duration,idle_time
0,Greedy,V1,"(33, 76)",100.0,False,0.0,1.0
0,Greedy,V2,"(53, 60)",54.0,False,0.0,1.0
0,Greedy,V3,"(17, 81)",92.0,False,0.0,1.0
0,Greedy,V4,"(10, 9)",96.0,False,0.0,1.0
0,Greedy,V5,"(47, 64)",50.0,False,0.0,1.0
0,Greedy,V6,"(85, 46)",65.0,False,0.0,1.0
0,Greedy,V7,"(54, 78)",65.0,False,0.0,1.0
0,Greedy,V8,"(75, 26)",71.0,False,0.0,1.0
0,Greedy,V9,"(77, 20)",82.0,False,0.0,1.0
0,Greedy,V10,"(62, 8)",51.0,False,0.0,1.0
0,Auction,V1,"(33, 76)",100.0,False,0.0,1.0
0,Auction,V2,"(53, 60)",54.0,False,0.0,1.0
0,Auction,V3,"(17, 81)",92.0,False,0.0,1.0
0,Auction,V4,"(10, 9)",96.0,False,0.0,1.0
0,Auction,V5,"(47, 64)",50.0,False,0.0,1.0
0,Auction,V6,"(85, 46)",65.0,False,0.0,1.0
0,Auction,V7,"(54, 78)",65.0,False,0.0,1.0
0,Auction,V8,"(75, 26)",71.0,False,0.0,1.0
0,Auction,V9,"(77, 20)",82.0,False,0.0,1.0
0,Auction,V10,"(62, 8)",51.0,False,0.0,1.0
0,Q-Learning,V1,"(33, 76)",100.0,False,0.0,1.0
0,Q-Learning,V2,"(53, 60)",54.0,False,0.0,1.0
0,Q-Learning,V3,"(17, 81)",92.0,False,0.0,1.0
0,Q-Learning,V4,"(10, 9)",96.0,False,0.0,1.0
0,Q-Learning,V5,"(47, 64)",50.0,False,0.0,1.0
0,Q-Learning,V6,"(85, 46)",65.0,False,0.0,1.0
0,Q-Learning,V7,"(54, 78)",65.0,False,0.0,1.0
0,Q-Learning,V8,"(75, 26)",71.0,False,0.0,1.0
0,Q-Learning,V9,"(77, 20)",82.0,False,0.0,1.0
0,Q-Learning,V10,"(62, 8)",51.0,False,0.0,1.0
1,Greedy,V1,"(33, 76)",85.5,True,13.5,1.0
1,Greedy,V2,"(53, 60)",40.662045046800856,True,12.337954953199144,1.0
1,Greedy,V3,"(17, 81)",72.49826422365773,True,18.501735776342276,1.0
1,Greedy,V4,"(10, 9)",66.27953494659147,True,28.720465053408525,1.0
1,Greedy,V5,"(47, 64)",31.71892820883702,True,17.28107179116298,1.0
1,Greedy,V6,"(85, 46)",24.260674913646852,True,39.73932508635315,1.0
1,Greedy,V7,"(54, 78)",26.618392331735045,True,37.381607668264955,1.0
1,Greedy,V8,"(75, 26)",33.64138274640385,True,36.35861725359615,1.0
1,Greedy,V9,"(77, 20)",61.11006298635619,True,19.88993701364381,1.0
1,Greedy,V10,"(62, 8)",30.666069312367625,True,19.333930687632375,1.0
1,Auction,V1,"(33, 78)",85.5,True,13.5,1.0
1,Auction,V2,"(21, 50)",35.274876752391066,True,17.725123247608934,1.0
1,Auction,V3,"(16, 45)",72.49826422365773,True,18.501735776342276,1.0
1,Auction,V4,"(5, 2)",66.27953494659147,True,28.720465053408525,1.0
1,Auction,V5,"(46, 63)",34.84286515973632,True,14.157134840263677,1.0
1,Auction,V6,"(35, 97)",31.19290488577454,True,32.80709511422546,1.0
1,Auction,V7,"(61, 69)",49.19941524966954,True,14.80058475033046,1.0
1,Auction,V8,"(12, 95)",33.64138274640385,True,36.35861725359615,1.0
1,Auction,V9,"(85, 81)",47.16418292654576,True,33.83581707345424,1.0
1,Auction,V10,"(29, 90)",24.1787582188678,True,25.8212417811322,1.0
1,Q-Learning,V1,"(33, 78)",85.5,True,13.5,1.0
1,Q-Learning,V2,"(53, 60)",54.0,False,0.0,2.0
1,Q-Learning,V3,"(12, 95)",76.14174140658518,True,14.858258593414813,1.0
1,Q-Learning,V4,"(16, 45)",73.70068496364213,True,21.299315036357864,1.0
1,Q-Learning,V5,"(46, 63)",34.84286515973632,True,14.157134840263677,1.0
1,Q-Learning,V6,"(85, 46)",65.0,False,0.0,2.0
1,Q-Learning,V7,"(61, 69)",49.19941524966954,True,14.80058475033046,1.0
1,Q-Learning,V8,"(75, 26)",71.0,False,0.0,2.0
1,Q-Learning,V9,"(77, 20)",82.0,False,0.0,2.0
1,Q-Learning,V10,"(62, 8)",51.0,False,0.0,2.0
2,Greedy,V1,"(33, 76)",85.5,True,12.5,1.0
2,Greedy,V2,"(53, 60)",40.662045046800856,True,11.337954953199144,1.0
2,Greedy,V3,"(17, 81)",72.49826422365773,True,17.501735776342276,1.0
2,Greedy,V4,"(10, 9)",66.27953494659147,True,27.720465053408525,1.0
2,Greedy,V5,"(47, 64)",31.71892820883702,True,16.28107179116298,1.0
2,Greedy,V6,"(85, 46)",24.260674913646852,True,38.73932508635315,1.0
2,Greedy,V7,"(54, 78)",26.618392331735045,True,36.381607668264955,1.0
2,Greedy,V8,"(75, 26)",33.64138274640385,True,35.35861725359615,1.0
2,Greedy,V9,"(77, 20)",61.11006298635619,True,18.88993701364381,1.0
2,Greedy,V10,"(62, 8)",30.666069312367625,True,18.333930687632375,1.0
2,Auction,V1,"(33, 78)",85.5,True,12.5,1.0
2,Auction,V2,"(21, 50)",35.274876752391066,True,16.725123247608934,1.0
2,Auction,V3,"(16, 45)",72.49826422365773,True,17.501735776342276,1.0
2,Auction,V4,"(5, 2)",66.27953494659147,True,27.720465053408525,1.0
2,Auction,V5,"(46, 63)",34.84286515973632,True,13.157134840263677,1.0
2,Auction,V6,"(35, 97)",31.19290488577454,True,31.80709511422546,1.0
2,Auction,V7,"(61, 69)",49.19941524966954,True,13.80058475033046,1.0
2,Auction,V8,"(12, 95)",33.64138274640385,True,35.35861725359615,1.0
2,Auction,V9,"(85, 81)",47.16418292654576,True,32.83581707345424,1.0
2,Auction,V10,"(29, 90)",24.1787582188678,True,24.8212417811322,1.0
2,Q-Learning,V1,"(33, 78)",85.5,True,12.5,1.0
2,Q-Learning,V2,"(21, 50)",35.274876752391066,True,17.725123247608934,2.0
2,Q-Learning,V3,"(12, 95)",76.14174140658518,True,13.858258593414813,1.0
2,Q-Learning,V4,"(16, 45)",73.70068496364213,True,20.299315036357864,1.0
2,Q-Learning,V5,"(46, 63)",34.84286515973632,True,13.157134840263677,1.0
2,Q-Learning,V6,"(85, 46)",65.0,False,0.0,3.0
2,Q-Learning,V7,"(61, 69)",49.19941524966954,True,13.80058475033046,1.0
2,Q-Learning,V8,"(72, 12)",49.42054473418091,True,20.57945526581909,2.0
2,Q-Learning,V9,"(77, 20)",82.0,False,0.0,3.0
2,Q-Learning,V10,"(62, 8)",51.0,False,0.0,3.0
3,Greedy,V1,"(33, 76)",85.5,True,11.5,1.0
3,Greedy,V2,"(53, 60)",40.662045046800856,True,10.337954953199144,1.0
3,Greedy,V3,"(17, 81)",72.49826422365773,True,16.501735776342276,1.0
3,Greedy,V4,"(10, 9)",66.27953494659147,True,26.720465053408525,1.0
3,Greedy,V5,"(47, 64)",31.71892820883702,True,15.28107179116298,1.0
3,Greedy,V6,"(85, 46)",24.260674913646852,True,37.73932508635315,1.0
3,Greedy,V7,"(54, 78)",26.618392331735045,True,35.381607668264955,1.0
3,Greedy,V8,"(75, 26)",33.64138274640385,True,34.35861725359615,1.0
3,Greedy,V9,"(77, 20)",61.11006298635619,True,17.88993701364381,1.0
3,Greedy,V10,"(62, 8)",30.666069312367625,True,17.333930687632375,1.0
3,Auction,V1,"(33, 78)",85.5,True,11.5,1.0
3,Auction,V2,"(21, 50)",35.274876752391066,True,15.725123247608934,1.0
3,Auction,V3,"(16, 45)",72.49826422365773,True,16.501735776342276,1.0
3,Auction,V4,"(5, 2)",66.27953494659147,True,26.720465053408525,1.0
3,Auction,V5,"(46, 63)",34.84286515973632,True,12.157134840263677,1.0
3,Auction,V6,"(35, 97)",31.19290488577454,True,30.80709511422546,1.0
3,Auction,V7,"(61, 69)",49.19941524966954,True,12.80058475033046,1.0
3,Auction,V8,"(12, 95)",33.64138274640385,True,34.35861725359615,1.0
3,Auction,V9,"(85, 81)",47.16418292654576,True,31.835817073454237,1.0
3,Auction,V10,"(29, 90)",24.1787582188678,True,23.8212417811322,1.0
3,Q-Learning,V1,"(33, 78)",85.5,True,11.5,1.0
3,Q-Learning,V2,"(21, 50)",35.274876752391066,True,16.725123247608934,2.0
3,Q-Learning,V3,"(12, 95)",76.14174140658518,True,12.858258593414813,1.0
3,Q-Learning,V4,"(16, 45)",73.70068496364213,True,19.299315036357864,1.0
3,Q-Learning,V5,"(46, 63)",34.84286515973632,True,12.157134840263677,1.0
3,Q-Learning,V6,"(85, 81)",25.333333333333336,True,38.666666666666664,3.0
3,Q-Learning,V7,"(61, 69)",49.19941524966954,True,12.80058475033046,1.0
3,Q-Learning,V8,"(72, 12)",49.42054473418091,True,19.57945526581909,2.0
3,Q-Learning,V9,"(77, 20)",82.0,False,0.0,4.0
3,Q-Learning,V10,"(62, 8)",51.0,False,0.0,4.0
4,Greedy,V1,"(33, 76)",85.5,True,10.5,1.0
4,Greedy,V2,"(53, 60)",40.662045046800856,True,9.337954953199144,1.0
4,Greedy,V3,"(17, 81)",72.49826422365773,True,15.501735776342276,1.0
4,Greedy,V4,"(10, 9)",66.27953494659147,True,25.720465053408525,1.0
4,Greedy,V5,"(47, 64)",31.71892820883702,True,14.28107179116298,1.0
4,Greedy,V6,"(85, 46)",24.260674913646852,True,36.73932508635315,1.0
4,Greedy,V7,"(54, 78)",26.618392331735045,True,34.381607668264955,1.0
4,Greedy,V8,"(75, 26)",33.64138274640385,True,33.35861725359615,1.0
4,Greedy,V9,"(77, 20)",61.11006298635619,True,16.88993701364381,1.0
4,Greedy,V10,"(62, 8)",30.666069312367625,True,16.333930687632375,1.0
4,Auction,V1,"(33, 78)",85.5,True,10.5,1.0
4,Auction,V2,"(21, 50)",35.274876752391066,True,14.725123247608934,1.0
4,Auction,V3,"(16, 45)",72.49826422365773,True,15.501735776342276,1.0
4,Auction,V4,"(5, 2)",66.27953494659147,True,25.720465053408525,1.0
4,Auction,V5,"(46, 63)",34.84286515973632,True,11.157134840263677,1.0
4,Auction,V6,"(35, 97)",31.19290488577454,True,29.80709511422546,1.0
4,Auction,V7,"(61, 69)",49.19941524966954,True,11.80058475033046,1.0
4,Auction,V8,"(12, 95)",33.64138274640385,True,33.35861725359615,1.0
4,Auction,V9,"(85, 81)",47.16418292654576,True,30.835817073454237,1.0
4,Auction,V10,"(29, 90)",24.1787582188678,True,22.8212417811322,1.0
4,Q-Learning,V1,"(33, 78)",85.5,True,10.5,1.0
4,Q-Learning,V2,"(21, 50)",35.274876752391066,True,15.725123247608934,2.0
4,Q-Learning,V3,"(12, 95)",76.14174140658518,True,11.858258593414813,1.0
4,Q-Learning,V4,"(16, 45)",73.70068496364213,True,18.299315036357864,1.0
4,Q-Learning,V5,"(46, 63)",34.84286515973632,True,11.157134840263677,1.0
4,Q-Learning,V6,"(85, 81)",25.333333333333336,True,37.666666666666664,3.0
4,Q-Learning,V7,"(61, 69)",49.19941524966954,True,11.80058475033046,1.0
4,Q-Learning,V8,"(72, 12)",49.42054473418091,True,18.57945526581909,2.0
4,Q-Learning,V9,"(77, 20)",82.0,False,0.0,5.0
4,Q-Learning,V10,"(5, 2)",16.631675608485736,True,33.368324391514264,4.0
5,Greedy,V1,"(33, 76)",85.5,True,9.5,1.0
5,Greedy,V2,"(53, 60)",40.662045046800856,True,8.337954953199144,1.0
5,Greedy,V3,"(17, 81)",72.49826422365773,True,14.501735776342276,1.0
5,Greedy,V4,"(10, 9)",66.27953494659147,True,24.720465053408525,1.0
5,Greedy,V5,"(47, 64)",31.71892820883702,True,13.28107179116298,1.0
5,Greedy,V6,"(85, 46)",24.260674913646852,True,35.73932508635315,1.0
5,Greedy,V7,"(54, 78)",26.618392331735045,True,33.381607668264955,1.0
5,Greedy,V8,"(75, 26)",33.64138274640385,True,32.35861725359615,1.0
5,Greedy,V9,"(77, 20)",61.11006298635619,True,15.88993701364381,1.0
5,Greedy,V10,"(62, 8)",30.666069312367625,True,15.333930687632375,1.0
5,Auction,V1,"(33, 78)",85.5,True,9.5,1.0
5,Auction,V2,"(21, 50)",35.274876752391066,True,13.725123247608934,1.0
5,Auction,V3,"(16, 45)",72.49826422365773,True,14.501735776342276,1.0
5,Auction,V4,"(5, 2)",66.27953494659147,True,24.720465053408525,1.0
5,Auction,V5,"(46, 63)",34.84286515973632,True,10.157134840263677,1.0
5,Auction,V6,"(35, 97)",31.19290488577454,True,28.80709511422546,1.0
5,Auction,V7,"(61, 69)",49.19941524966954,True,10.80058475033046,1.0
5,Auction,V8,"(12, 95)",33.64138274640385,True,32.35861725359615,1.0
5,Auction,V9,"(85, 81)",47.16418292654576,True,29.835817073454237,1.0
5,Auction,V10,"(29, 90)",24.1787582188678,True,21.8212417811322,1.0
5,Q-Learning,V1,"(33, 78)",85.5,True,9.5,1.0
5,Q-Learning,V2,"(21, 50)",35.274876752391066,True,14.725123247608934,2.0
5,Q-Learning,V3,"(12, 95)",76.14174140658518,True,10.858258593414813,1.0
5,Q-Learning,V4,"(16, 45)",73.70068496364213,True,17.299315036357864,1.0
5,Q-Learning,V5,"(46, 63)",34.84286515973632,True,10.157134840263677,1.0
5,Q-Learning,V6,"(85, 81)",25.333333333333336,True,36.666666666666664,3.0
5,Q-Learning,V7,"(61, 69)",49.19941524966954,True,10.80058475033046,1.0
5,Q-Learning,V8,"(72, 12)",49.42054473418091,True,17.57945526581909,2.0
5,Q-Learning,V9,"(87, 19)",62.88334715320879,True,18.11665284679121,5.0
5,Q-Learning,V10,"(5, 2)",16.631675608485736,True,32.368324391514264,4.0
6,Greedy,V1,"(33, 76)",85.5,True,8.5,1.0
6,Greedy,V2,"(53, 60)",40.662045046800856,True,7.337954953199144,1.0
6,Greedy,V3,"(17, 81)",72.49826422365773,True,13.501735776342276,1.0
6,Greedy,V4,"(10, 9)",66.27953494659147,True,23.720465053408525,1.0
6,Greedy,V5,"(47, 64)",31.71892820883702,True,12.28107179116298,1.0
6,Greedy,V6,"(85, 46)",24.260674913646852,True,34.73932508635315,1.0
6,Greedy,V7,"(54, 78)",26.618392331735045,True,32.381607668264955,1.0
6,Greedy,V8,"(75, 26)",33.64138274640385,True,31.35861725359615,1.0
6,Greedy,V9,"(77, 20)",61.11006298635619,True,14.88993701364381,1.0
6,Greedy,V10,"(62, 8)",30.666069312367625,True,14.333930687632375,1.0
6,Auction,V1,"(33, 78)",85.5,True,8.5,1.0
6,Auction,V2,"(21, 50)",35.274876752391066,True,12.725123247608934,1.0
6,Auction,V3,"(16, 45)",72.49826422365773,True,13.501735776342276,1.0
6,Auction,V4,"(5, 2)",66.27953494659147,True,23.720465053408525,1.0
6,Auction,V5,"(46, 63)",34.84286515973632,True,9.157134840263677,1.0
6,Auction,V6,"(35, 97)",31.19290488577454,True,27.80709511422546,1.0
6,Auction,V7,"(61, 69)",49.19941524966954,True,9.80058475033046,1.0
6,Auction,V8,"(12, 95)",33.64138274640385,True,31.35861725359615,1.0
6,Auction,V9,"(85, 81)",47.16418292654576,True,28.835817073454237,1.0
6,Auction,V10,"(29, 90)",24.1787582188678,True,20.8212417811322,1.0
6,Q-Learning,V1,"(33, 78)",85.5,True,8.5,1.0
6,Q-Learning,V2,"(21, 50)",35.274876752391066,True,13.725123247608934,2.0
6,Q-Learning,V3,"(12, 95)",76.14174140658518,True,9.858258593414813,1.0
6,Q-Learning,V4,"(16, 45)",73.70068496364213,True,16.299315036357864,1.0
6,Q-Learning,V5,"(46, 63)",34.84286515973632,True,9.157134840263677,1.0
6,Q-Learning,V6,"(85, 81)",25.333333333333336,True,35.666666666666664,3.0
6,Q-Learning,V7,"(61, 69)",49.19941524966954,True,9.80058475033046,1.0
6,Q-Learning,V8,"(72, 12)",49.42054473418091,True,16.57945526581909,2.0
6,Q-Learning,V9,"(87, 19)",62.88334715320879,True,17.11665284679121,5.0
6,Q-Learning,V10,"(5, 2)",16.631675608485736,True,31.368324391514264,4.0
7,Greedy,V1,"(33, 76)",85.5,True,7.5,1.0
7,Greedy,V2,"(53, 60)",40.662045046800856,True,6.337954953199144,1.0
7,Greedy,V3,"(17, 81)",72.49826422365773,True,12.501735776342276,1.0
7,Greedy,V4,"(10, 9)",66.27953494659147,True,22.720465053408525,1.0
7,Greedy,V5,"(47, 64)",31.71892820883702,True,11.28107179116298,1.0
7,Greedy,V6,"(85, 46)",24.260674913646852,True,33.73932508635315,1.0
7,Greedy,V7,"(54, 78)",26.618392331735045,True,31.381607668264955,1.0
7,Greedy,V8,"(75, 26)",33.64138274640385,True,30.35861725359615,1.0
7,Greedy,V9,"(77, 20)",61.11006298635619,True,13.88993701364381,1.0
7,Greedy,V10,"(62, 8)",30.666069312367625,True,13.333930687632375,1.0
7,Auction,V1,"(33, 78)",85.5,True,7.5,1.0
7,Auction,V2,"(21, 50)",35.274876752391066,True,11.725123247608934,1.0
7,Auction,V3,"(16, 45)",72.49826422365773,True,12.501735776342276,1.0
7,Auction,V4,"(5, 2)",66.27953494659147,True,22.720465053408525,1.0
7,Auction,V5,"(46, 63)",34.84286515973632,True,8.157134840263677,1.0
7,Auction,V6,"(35, 97)",31.19290488577454,True,26.80709511422546,1.0
7,Auction,V7,"(61, 69)",49.19941524966954,True,8.80058475033046,1.0
7,Auction,V8,"(12, 95)",33.64138274640385,True,30.35861725359615,1.0
7,Auction,V9,"(85, 81)",47.16418292654576,True,27.835817073454237,1.0
7,Auction,V10,"(29, 90)",24.1787582188678,True,19.8212417811322,1.0
7,Q-Learning,V1,"(33, 78)",85.5,True,7.5,1.0
7,Q-Learning,V2,"(21, 50)",35.274876752391066,True,12.725123247608934,2.0
7,Q-Learning,V3,"(12, 95)",76.14174140658518,True,8.858258593414813,1.0
7,Q-Learning,V4,"(16, 45)",73.70068496364213,True,15.299315036357864,1.0
7,Q-Learning,V5,"(46, 63)",34.84286515973632,True,8.157134840263677,1.0
7,Q-Learning,V6,"(85, 81)",25.333333333333336,True,34.666666666666664,3.0
7,Q-Learning,V7,"(61, 69)",49.19941524966954,True,8.80058475033046,1.0
7,Q-Learning,V8,"(72, 12)",49.42054473418091,True,15.579455265819089,2.0
7,Q-Learning,V9,"(87, 19)",62.88334715320879,True,16.11665284679121,5.0
7,Q-Learning,V10,"(5, 2)",16.631675608485736,True,30.368324391514264,4.0
8,Greedy,V1,"(33, 76)",85.5,True,6.5,1.0
8,Greedy,V2,"(53, 60)",40.662045046800856,True,5.337954953199144,1.0
8,Greedy,V3,"(17, 81)",72.49826422365773,True,11.501735776342276,1.0
8,Greedy,V4,"(10, 9)",66.27953494659147,True,21.720465053408525,1.0
8,Greedy,V5,"(47, 64)",31.71892820883702,True,10.28107179116298,1.0
8,Greedy,V6,"(85, 46)",24.260674913646852,True,32.73932508635315,1.0
8,Greedy,V7,"(54, 78)",26.618392331735045,True,30.381607668264955,1.0
8,Greedy,V8,"(75, 26)",33.64138274640385,True,29.35861725359615,1.0
8,Greedy,V9,"(77, 20)",61.11006298635619,True,12.88993701364381,1.0
8,Greedy,V10,"(62, 8)",30.666069312367625,True,12.333930687632375,1.0
8,Auction,V1,"(33, 78)",85.5,True,6.5,1.0
8,Auction,V2,"(21, 50)",35.274876752391066,True,10.725123247608934,1.0
8,Auction,V3,"(16, 45)",72.49826422365773,True,11.501735776342276,1.0
8,Auction,V4,"(5, 2)",66.27953494659147,True,21.720465053408525,1.0
8,Auction,V5,"(46, 63)",34.84286515973632,True,7.1571348402636765,1.0
8,Auction,V6,"(35, 97)",31.19290488577454,True,25.80709511422546,1.0
8,Auction,V7,"(61, 69)",49.19941524966954,True,7.80058475033046,1.0
8,Auction,V8,"(12, 95)",33.64138274640385,True,29.35861725359615,1.0
8,Auction,V9,"(85, 81)",47.16418292654576,True,26.835817073454237,1.0
8,Auction,V10,"(29, 90)",24.1787582188678,True,18.8212417811322,1.0
8,Q-Learning,V1,"(33, 78)",85.5,True,6.5,1.0
8,Q-Learning,V2,"(21, 50)",35.274876752391066,True,11.725123247608934,2.0
8,Q-Learning,V3,"(12, 95)",76.14174140658518,True,7.8582585934148135,1.0
8,Q-Learning,V4,"(16, 45)",73.70068496364213,True,14.299315036357864,1.0
8,Q-Learning,V5,"(46, 63)",34.84286515973632,True,7.1571348402636765,1.0
8,Q-Learning,V6,"(85, 81)",25.333333333333336,True,33.666666666666664,3.0
8,Q-Learning,V7,"(61, 69)",49.19941524966954,True,7.80058475033046,1.0
8,Q-Learning,V8,"(72, 12)",49.42054473418091,True,14.579455265819089,2.0
8,Q-Learning,V9,"(87, 19)",62.88334715320879,True,15.116652846791212,5.0
8,Q-Learning,V10,"(5, 2)",16.631675608485736,True,29.368324391514264,4.0
9,Greedy,V1,"(33, 76)",85.5,True,5.5,1.0
9,Greedy,V2,"(53, 60)",40.662045046800856,True,4.337954953199144,1.0
9,Greedy,V3,"(17, 81)",72.49826422365773,True,10.501735776342276,1.0
9,Greedy,V4,"(10, 9)",66.27953494659147,True,20.720465053408525,1.0
9,Greedy,V5,"(47, 64)",31.71892820883702,True,9.28107179116298,1.0
9,Greedy,V6,"(85, 46)",24.260674913646852,True,31.739325086353148,1.0
9,Greedy,V7,"(54, 78)",26.618392331735045,True,29.381607668264955,1.0
9,Greedy,V8,"(75, 26)",33.64138274640385,True,28.35861725359615,1.0
9,Greedy,V9,"(77, 20)",61.11006298635619,True,11.88993701364381,1.0
9,Greedy,V10,"(62, 8)",30.666069312367625,True,11.333930687632375,1.0
9,Auction,V1,"(33, 78)",85.5,True,5.5,1.0
9,Auction,V2,"(21, 50)",35.274876752391066,True,9.725123247608934,1.0
9,Auction,V3,"(16, 45)",72.49826422365773,True,10.501735776342276,1.0
9,Auction,V4,"(5, 2)",66.27953494659147,True,20.720465053408525,1.0
9,Auction,V5,"(46, 63)",34.84286515973632,True,6.1571348402636765,1.0
9,Auction,V6,"(35, 97)",31.19290488577454,True,24.80709511422546,1.0
9,Auction,V7,"(61, 69)",49.19941524966954,True,6.80058475033046,1.0
9,Auction,V8,"(12, 95)",33.64138274640385,True,28.35861725359615,1.0
9,Auction,V9,"(85, 81)",47.16418292654576,True,25.835817073454237,1.0
9,Auction,V10,"(29, 90)",24.1787582188678,True,17.8212417811322,1.0
9,Q-Learning,V1,"(33, 78)",85.5,True,5.5,1.0
9,Q-Learning,V2,"(21, 50)",35.274876752391066,True,10.725123247608934,2.0
9,Q-Learning,V3,"(12, 95)",76.14174140658518,True,6.8582585934148135,1.0
9,Q-Learning,V4,"(16, 45)",73.70068496364213,True,13.299315036357864,1.0
9,Q-Learning,V5,"(46, 63)",34.84286515973632,True,6.1571348402636765,1.0
9,Q-Learning,V6,"(85, 81)",25.333333333333336,True,32.666666666666664,3.0
9,Q-Learning,V7,"(61, 69)",49.19941524966954,True,6.80058475033046,1.0
9,Q-Learning,V8,"(72, 12)",49.42054473418091,True,13.579455265819089,2.0
9,Q-Learning,V9,"(87, 19)",62.88334715320879,True,14.116652846791212,5.0
9,Q-Learning,V10,"(5, 2)",16.631675608485736,True,28.368324391514264,4.0
10,Greedy,V1,"(33, 76)",85.5,True,4.5,1.0
10,Greedy,V2,"(53, 60)",40.662045046800856,True,3.3379549531991444,1.0
10,Greedy,V3,"(17, 81)",72.49826422365773,True,9.501735776342276,1.0
10,Greedy,V4,"(10, 9)",66.27953494659147,True,19.720465053408525,1.0
10,Greedy,V5,"(47, 64)",31.71892820883702,True,8.28107179116298,1.0
10,Greedy,V6,"(85, 46)",24.260674913646852,True,30.739325086353148,1.0
10,Greedy,V7,"(54, 78)",26.618392331735045,True,28.381607668264955,1.0
10,Greedy,V8,"(75, 26)",33.64138274640385,True,27.35861725359615,1.0
10,Greedy,V9,"(77, 20)",61.11006298635619,True,10.88993701364381,1.0
10,Greedy,V10,"(62, 8)",30.666069312367625,True,10.333930687632375,1.0
10,Auction,V1,"(33, 78)",85.5,True,4.5,1.0
10,Auction,V2,"(21, 50)",35.274876752391066,True,8.725123247608934,1.0
10,Auction,V3,"(16, 45)",72.49826422365773,True,9.501735776342276,1.0
10,Auction,V4,"(5, 2)",66.27953494659147,True,19.720465053408525,1.0
10,Auction,V5,"(46, 63)",34.84286515973632,True,5.1571348402636765,1.0
10,Auction,V6,"(35, 97)",31.19290488577454,True,23.80709511422546,1.0
10,Auction,V7,"(61, 69)",49.19941524966954,True,5.80058475033046,1.0
10,Auction,V8,"(12, 95)",33.64138274640385,True,27.35861725359615,1.0
10,Auction,V9,"(85, 81)",47.16418292654576,True,24.835817073454237,1.0
10,Auction,V10,"(29, 90)",24.1787582188678,True,16.8212417811322,1.0
10,Q-Learning,V1,"(33, 78)",85.5,True,4.5,1.0
10,Q-Learning,V2,"(21, 50)",35.274876752391066,True,9.725123247608934,2.0
10,Q-Learning,V3,"(12, 95)",76.14174140658518,True,5.8582585934148135,1.0
10,Q-Learning,V4,"(16, 45)",73.70068496364213,True,12.299315036357864,1.0
10,Q-Learning,V5,"(46, 63)",34.84286515973632,True,5.1571348402636765,1.0
10,Q-Learning,V6,"(85, 81)",25.333333333333336,True,31.666666666666664,3.0
10,Q-Learning,V7,"(61, 69)",49.19941524966954,True,5.80058475033046,1.0
10,Q-Learning,V8,"(72, 12)",49.42054473418091,True,12.579455265819089,2.0
10,Q-Learning,V9,"(87, 19)",62.88334715320879,True,13.116652846791212,5.0
10,Q-Learning,V10,"(5, 2)",16.631675608485736,True,27.368324391514264,4.0
11,Greedy,V1,"(33, 76)",85.5,True,3.5,1.0
11,Greedy,V2,"(53, 60)",40.662045046800856,True,2.3379549531991444,1.0
11,Greedy,V3,"(17, 81)",72.49826422365773,True,8.501735776342276,1.0
11,Greedy,V4,"(10, 9)",66.27953494659147,True,18.720465053408525,1.0
11,Greedy,V5,"(47, 64)",31.71892820883702,True,7.281071791162979,1.0
11,Greedy,V6,"(85, 46)",24.260674913646852,True,29.739325086353148,1.0
11,Greedy,V7,"(54, 78)",26.618392331735045,True,27.381607668264955,1.0
11,Greedy,V8,"(75, 26)",33.64138274640385,True,26.35861725359615,1.0
11,Greedy,V9,"(77, 20)",61.11006298635619,True,9.88993701364381,1.0
11,Greedy,V10,"(62, 8)",30.666069312367625,True,9.333930687632375,1.0
11,Auction,V1,"(33, 78)",85.5,True,3.5,1.0
11,Auction,V2,"(21, 50)",35.274876752391066,True,7.725123247608934,1.0
11,Auction,V3,"(16, 45)",72.49826422365773,True,8.501735776342276,1.0
11,Auction,V4,"(5, 2)",66.27953494659147,True,18.720465053408525,1.0
11,Auction,V5,"(46, 63)",34.84286515973632,True,4.1571348402636765,1.0
11,Auction,V6,"(35, 97)",31.19290488577454,True,22.80709511422546,1.0
11,Auction,V7,"(61, 69)",49.19941524966954,True,4.80058475033046,1.0
11,Auction,V8,"(12, 95)",33.64138274640385,True,26.35861725359615,1.0
11,Auction,V9,"(85, 81)",47.16418292654576,True,23.835817073454237,1.0
11,Auction,V10,"(29, 90)",24.1787582188678,True,15.821241781132201,1.0
11,Q-Learning,V1,"(33, 78)",85.5,True,3.5,1.0
11,Q-Learning,V2,"(21, 50)",35.274876752391066,True,8.725123247608934,2.0
11,Q-Learning,V3,"(12, 95)",76.14174140658518,True,4.8582585934148135,1.0
11,Q-Learning,V4,"(16, 45)",73.70068496364213,True,11.299315036357864,1.0
11,Q-Learning,V5,"(46, 63)",34.84286515973632,True,4.1571348402636765,1.0
11,Q-Learning,V6,"(85, 81)",25.333333333333336,True,30.666666666666664,3.0
11,Q-Learning,V7,"(61, 69)",49.19941524966954,True,4.80058475033046,1.0
11,Q-Learning,V8,"(72, 12)",49.42054473418091,True,11.579455265819089,2.0
11,Q-Learning,V9,"(87, 19)",62.88334715320879,True,12.116652846791212,5.0
11,Q-Learning,V10,"(5, 2)",16.631675608485736,True,26.368324391514264,4.0
12,Greedy,V1,"(33, 76)",85.5,True,2.5,1.0
12,Greedy,V2,"(53, 60)",40.662045046800856,True,1.3379549531991444,1.0
12,Greedy,V3,"(17, 81)",72.49826422365773,True,7.501735776342276,1.0
12,Greedy,V4,"(10, 9)",66.27953494659147,True,17.720465053408525,1.0
12,Greedy,V5,"(47, 64)",31.71892820883702,True,6.281071791162979,1.0
12,Greedy,V6,"(85, 46)",24.260674913646852,True,28.739325086353148,1.0
12,Greedy,V7,"(54, 78)",26.618392331735045,True,26.381607668264955,1.0
12,Greedy,V8,"(75, 26)",33.64138274640385,True,25.35861725359615,1.0
12,Greedy,V9,"(77, 20)",61.11006298635619,True,8.88993701364381,1.0
12,Greedy,V10,"(62, 8)",30.666069312367625,True,8.333930687632375,1.0
12,Auction,V1,"(33, 78)",85.5,True,2.5,1.0
12,Auction,V2,"(21, 50)",35.274876752391066,True,6.725123247608934,1.0
12,Auction,V3,"(16, 45)",72.49826422365773,True,7.501735776342276,1.0
12,Auction,V4,"(5, 2)",66.27953494659147,True,17.720465053408525,1.0
12,Auction,V5,"(46, 63)",34.84286515973632,True,3.1571348402636765,1.0
12,Auction,V6,"(35, 97)",31.19290488577454,True,21.80709511422546,1.0
12,Auction,V7,"(61, 69)",49.19941524966954,True,3.8005847503304597,1.0
12,Auction,V8,"(12, 95)",33.64138274640385,True,25.35861725359615,1.0
12,Auction,V9,"(85, 81)",47.16418292654576,True,22.835817073454237,1.0
12,Auction,V10,"(29, 90)",24.1787582188678,True,14.821241781132201,1.0
12,Q-Learning,V1,"(33, 78)",85.5,True,2.5,1.0
12,Q-Learning,V2,"(21, 50)",35.274876752391066,True,7.725123247608934,2.0
12,Q-Learning,V3,"(12, 95)",76.14174140658518,True,3.8582585934148135,1.0
12,Q-Learning,V4,"(16, 45)",73.70068496364213,True,10.299315036357864,1.0
12,Q-Learning,V5,"(46, 63)",34.84286515973632,True,3.1571348402636765,1.0
12,Q-Learning,V6,"(85, 81)",25.333333333333336,True,29.666666666666664,3.0
12,Q-Learning,V7,"(61, 69)",49.19941524966954,True,3.8005847503304597,1.0
12,Q-Learning,V8,"(72, 12)",49.42054473418091,True,10.579455265819089,2.0
12,Q-Learning,V9,"(87, 19)",62.88334715320879,True,11.116652846791212,5.0
12,Q-Learning,V10,"(5, 2)",16.631675608485736,True,25.368324391514264,4.0
13,Greedy,V1,"(33, 76)",85.5,True,1.5,1.0
13,Greedy,V2,"(53, 60)",40.662045046800856,True,0.33795495319914437,1.0
13,Greedy,V3,"(17, 81)",72.49826422365773,True,6.501735776342276,1.0
13,Greedy,V4,"(10, 9)",66.27953494659147,True,16.720465053408525,1.0
13,Greedy,V5,"(47, 64)",31.71892820883702,True,5.281071791162979,1.0
13,Greedy,V6,"(85, 46)",24.260674913646852,True,27.739325086353148,1.0
13,Greedy,V7,"(54, 78)",26.618392331735045,True,25.381607668264955,1.0
13,Greedy,V8,"(75, 26)",33.64138274640385,True,24.35861725359615,1.0
13,Greedy,V9,"(77, 20)",61.11006298635619,True,7.889937013643809,1.0
13,Greedy,V10,"(62, 8)",30.666069312367625,True,7.333930687632375,1.0
13,Auction,V1,"(33, 78)",85.5,True,1.5,1.0
13,Auction,V2,"(21, 50)",35.274876752391066,True,5.725123247608934,1.0
13,Auction,V3,"(16, 45)",72.49826422365773,True,6.501735776342276,1.0
13,Auction,V4,"(5, 2)",66.27953494659147,True,16.720465053408525,1.0
13,Auction,V5,"(46, 63)",34.84286515973632,True,2.1571348402636765,1.0
13,Auction,V6,"(35, 97)",31.19290488577454,True,20.80709511422546,1.0
13,Auction,V7,"(61, 69)",49.19941524966954,True,2.8005847503304597,1.0
13,Auction,V8,"(12, 95)",33.64138274640385,True,24.35861725359615,1.0
13,Auction,V9,"(85, 81)",47.16418292654576,True,21.835817073454237,1.0
13,Auction,V10,"(29, 90)",24.1787582188678,True,13.821241781132201,1.0
13,Q-Learning,V1,"(33, 78)",85.5,True,1.5,1.0
13,Q-Learning,V2,"(21, 50)",35.274876752391066,True,6.725123247608934,2.0
13,Q-Learning,V3,"(12, 95)",76.14174140658518,True,2.8582585934148135,1.0
13,Q-Learning,V4,"(16, 45)",73.70068496364213,True,9.299315036357864,1.0
13,Q-Learning,V5,"(46, 63)",34.84286515973632,True,2.1571348402636765,1.0
13,Q-Learning,V6,"(85, 81)",25.333333333333336,True,28.666666666666664,3.0
13,Q-Learning,V7,"(61, 69)",49.19941524966954,True,2.8005847503304597,1.0
13,Q-Learning,V8,"(72, 12)",49.42054473418091,True,9.579455265819089,2.0
13,Q-Learning,V9,"(87, 19)",62.88334715320879,True,10.116652846791212,5.0
13,Q-Learning,V10,"(5, 2)",16.631675608485736,True,24.368324391514264,4.0
14,Greedy,V1,"(33, 76)",85.5,True,0.5,1.0
14,Greedy,V2,"(53, 60)",40.662045046800856,True,0.0,1.0
14,Greedy,V3,"(17, 81)",72.49826422365773,True,5.501735776342276,1.0
14,Greedy,V4,"(10, 9)",66.27953494659147,True,15.720465053408525,1.0
14,Greedy,V5,"(47, 64)",31.71892820883702,True,4.281071791162979,1.0
14,Greedy,V6,"(85, 46)",24.260674913646852,True,26.739325086353148,1.0
14,Greedy,V7,"(54, 78)",26.618392331735045,True,24.381607668264955,1.0
14,Greedy,V8,"(75, 26)",33.64138274640385,True,23.35861725359615,1.0
14,Greedy,V9,"(77, 20)",61.11006298635619,True,6.889937013643809,1.0
14,Greedy,V10,"(62, 8)",30.666069312367625,True,6.333930687632375,1.0
14,Auction,V1,"(33, 78)",85.5,True,0.5,1.0
14,Auction,V2,"(21, 50)",35.274876752391066,True,4.725123247608934,1.0
14,Auction,V3,"(16, 45)",72.49826422365773,True,5.501735776342276,1.0
14,Auction,V4,"(5, 2)",66.27953494659147,True,15.720465053408525,1.0
14,Auction,V5,"(46, 63)",34.84286515973632,True,1.1571348402636765,1.0
14,Auction,V6,"(35, 97)",31.19290488577454,True,19.80709511422546,1.0
14,Auction,V7,"(61, 69)",49.19941524966954,True,1.8005847503304597,1.0
14,Auction,V8,"(12, 95)",33.64138274640385,True,23.35861725359615,1.0
14,Auction,V9,"(85, 81)",47.16418292654576,True,20.835817073454237,1.0
14,Auction,V10,"(29, 90)",24.1787582188678,True,12.821241781132201,1.0
14,Q-Learning,V1,"(33, 78)",85.5,True,0.5,1.0
14,Q-Learning,V2,"(21, 50)",35.274876752391066,True,5.725123247608934,2.0
14,Q-Learning,V3,"(12, 95)",76.14174140658518,True,1.8582585934148135,1.0
14,Q-Learning,V4,"(16, 45)",73.70068496364213,True,8.299315036357864,1.0
14,Q-Learning,V5,"(46, 63)",34.84286515973632,True,1.1571348402636765,1.0
14,Q-Learning,V6,"(85, 81)",25.333333333333336,True,27.666666666666664,3.0
14,Q-Learning,V7,"(61, 69)",49.19941524966954,True,1.8005847503304597,1.0
14,Q-Learning,V8,"(72, 12)",49.42054473418091,True,8.579455265819089,2.0
14,Q-Learning,V9,"(87, 19)",62.88334715320879,True,9.116652846791212,5.0
14,Q-Learning,V10,"(5, 2)",16.631675608485736,True,23.368324391514264,4.0
15,Greedy,V1,"(33, 76)",85.5,True,0.0,1.0
15,Greedy,V2,"(53, 60)",16.926085269405164,True,22.735959777395692,1.0
15,Greedy,V3,"(17, 81)",72.49826422365773,True,4.501735776342276,1.0
15,Greedy,V4,"(10, 9)",66.27953494659147,True,14.720465053408525,1.0
15,Greedy,V5,"(47, 64)",31.71892820883702,True,3.2810717911629794,1.0
15,Greedy,V6,"(85, 46)",24.260674913646852,True,25.739325086353148,1.0
15,Greedy,V7,"(54, 78)",26.618392331735045,True,23.381607668264955,1.0
15,Greedy,V8,"(75, 26)",33.64138274640385,True,22.35861725359615,1.0
15,Greedy,V9,"(77, 20)",61.11006298635619,True,5.889937013643809,1.0
15,Greedy,V10,"(62, 8)",30.666069312367625,True,5.333930687632375,1.0
15,Auction,V1,"(33, 78)",85.5,True,0.0,1.0
15,Auction,V2,"(21, 50)",35.274876752391066,True,3.725123247608934,1.0
15,Auction,V3,"(16, 45)",72.49826422365773,True,4.501735776342276,1.0
15,Auction,V4,"(5, 2)",66.27953494659147,True,14.720465053408525,1.0
15,Auction,V5,"(46, 63)",34.84286515973632,True,0.15713484026367652,1.0
15,Auction,V6,"(35, 97)",31.19290488577454,True,18.80709511422546,1.0
15,Auction,V7,"(61, 69)",49.19941524966954,True,0.8005847503304597,1.0
15,Auction,V8,"(12, 95)",33.64138274640385,True,22.35861725359615,1.0
15,Auction,V9,"(85, 81)",47.16418292654576,True,19.835817073454237,1.0
15,Auction,V10,"(29, 90)",24.1787582188678,True,11.821241781132201,1.0
15,Q-Learning,V1,"(33, 78)",85.5,True,0.0,1.0
15,Q-Learning,V2,"(21, 50)",35.274876752391066,True,4.725123247608934,2.0
15,Q-Learning,V3,"(12, 95)",76.14174140658518,True,0.8582585934148135,1.0
15,Q-Learning,V4,"(16, 45)",73.70068496364213,True,7.299315036357864,1.0
15,Q-Learning,V5,"(46, 63)",34.84286515973632,True,0.15713484026367652,1.0
15,Q-Learning,V6,"(85, 81)",25.333333333333336,True,26.666666666666664,3.0
15,Q-Learning,V7,"(61, 69)",49.19941524966954,True,0.8005847503304597,1.0
15,Q-Learning,V8,"(72, 12)",49.42054473418091,True,7.579455265819089,2.0
15,Q-Learning,V9,"(87, 19)",62.88334715320879,True,8.116652846791212,5.0
15,Q-Learning,V10,"(5, 2)",16.631675608485736,True,22.368324391514264,4.0
16,Greedy,V1,"(33, 76)",40.73576462394763,True,43.76423537605237,1.0
16,Greedy,V2,"(53, 60)",16.926085269405164,True,21.735959777395692,1.0
16,Greedy,V3,"(17, 81)",72.49826422365773,True,3.501735776342276,1.0
16,Greedy,V4,"(10, 9)",66.27953494659147,True,13.720465053408525,1.0
16,Greedy,V5,"(47, 64)",31.71892820883702,True,2.2810717911629794,1.0
16,Greedy,V6,"(85, 46)",24.260674913646852,True,24.739325086353148,1.0
16,Greedy,V7,"(54, 78)",26.618392331735045,True,22.381607668264955,1.0
16,Greedy,V8,"(75, 26)",33.64138274640385,True,21.35861725359615,1.0
16,Greedy,V9,"(77, 20)",61.11006298635619,True,4.889937013643809,1.0
16,Greedy,V10,"(62, 8)",30.666069312367625,True,4.333930687632375,1.0
16,Auction,V1,"(23, 75)",56.88992337277236,True,27.610076627227638,1.0
16,Auction,V2,"(21, 50)",35.274876752391066,True,2.725123247608934,1.0
16,Auction,V3,"(16, 45)",72.49826422365773,True,3.501735776342276,1.0
16,Auction,V4,"(5, 2)",66.27953494659147,True,13.720465053408525,1.0
16,Auction,V5,"(46, 63)",34.84286515973632,True,0.0,1.0
16,Auction,V6,"(35, 97)",31.19290488577454,True,17.80709511422546,1.0
16,Auction,V7,"(61, 69)",49.19941524966954,True,0.0,1.0
16,Auction,V8,"(12, 95)",33.64138274640385,True,21.35861725359615,1.0
16,Auction,V9,"(85, 81)",47.16418292654576,True,18.835817073454237,1.0
16,Auction,V10,"(29, 90)",24.1787582188678,True,10.821241781132201,1.0
16,Q-Learning,V1,"(29, 90)",65.33772233983163,True,19.162277660168378,1.0
16,Q-Learning,V2,"(21, 50)",35.274876752391066,True,3.725123247608934,2.0
16,Q-Learning,V3,"(12, 95)",76.14174140658518,True,0.0,1.0
16,Q-Learning,V4,"(16, 45)",73.70068496364213,True,6.299315036357864,1.0
16,Q-Learning,V5,"(46, 63)",34.84286515973632,True,0.0,1.0
16,Q-Learning,V6,"(85, 81)",25.333333333333336,True,25.666666666666664,3.0
16,Q-Learning,V7,"(61, 69)",49.19941524966954,True,0.0,1.0
16,Q-Learning,V8,"(72, 12)",49.42054473418091,True,6.579455265819089,2.0
16,Q-Learning,V9,"(87, 19)",62.88334715320879,True,7.116652846791212,5.0
16,Q-Learning,V10,"(5, 2)",16.631675608485736,True,21.368324391514264,4.0
17,Greedy,V1,"(33, 76)",40.73576462394763,True,42.76423537605237,1.0
17,Greedy,V2,"(53, 60)",16.926085269405164,True,20.735959777395692,1.0
17,Greedy,V3,"(17, 81)",72.49826422365773,True,2.501735776342276,1.0
17,Greedy,V4,"(10, 9)",66.27953494659147,True,12.720465053408525,1.0
17,Greedy,V5,"(47, 64)",31.71892820883702,True,1.2810717911629794,1.0
17,Greedy,V6,"(85, 46)",24.260674913646852,True,23.739325086353148,1.0
17,Greedy,V7,"(54, 78)",26.618392331735045,True,21.381607668264955,1.0
17,Greedy,V8,"(75, 26)",33.64138274640385,True,20.35861725359615,1.0
17,Greedy,V9,"(77, 20)",61.11006298635619,True,3.8899370136438094,1.0
17,Greedy,V10,"(62, 8)",30.666069312367625,True,3.3339306876323747,1.0
17,Auction,V1,"(23, 75)",56.88992337277236,True,26.610076627227638,1.0
17,Auction,V2,"(21, 50)",35.274876752391066,True,1.7251232476089342,1.0
17,Auction,V3,"(16, 45)",72.49826422365773,True,2.501735776342276,1.0
17,Auction,V4,"(5, 2)",66.27953494659147,True,12.720465053408525,1.0
17,Auction,V5,"(72, 12)",10.48229992357556,True,23.36056523616076,1.0
17,Auction,V6,"(35, 97)",31.19290488577454,True,16.80709511422546,1.0
17,Auction,V7,"(77, 76)",24.37799885081188,True,23.82141639885766,1.0
17,Auction,V8,"(12, 95)",33.64138274640385,True,20.35861725359615,1.0
17,Auction,V9,"(85, 81)",47.16418292654576,True,17.835817073454237,1.0
17,Auction,V10,"(29, 90)",24.1787582188678,True,9.821241781132201,1.0
17,Q-Learning,V1,"(29, 90)",65.33772233983163,True,18.162277660168378,1.0
17,Q-Learning,V2,"(21, 50)",35.274876752391066,True,2.725123247608934,2.0
17,Q-Learning,V3,"(11, 99)",58.626353203382976,True,16.515388203202207,1.0
17,Q-Learning,V4,"(16, 45)",73.70068496364213,True,5.299315036357864,1.0
17,Q-Learning,V5,"(98, 31)",3.0587151497479894,True,30.78415000998833,1.0
17,Q-Learning,V6,"(85, 81)",25.333333333333336,True,24.666666666666664,3.0
17,Q-Learning,V7,"(77, 76)",24.37799885081188,True,23.82141639885766,1.0
17,Q-Learning,V8,"(72, 12)",49.42054473418091,True,5.579455265819089,2.0
17,Q-Learning,V9,"(87, 19)",62.88334715320879,True,6.116652846791212,5.0
17,Q-Learning,V10,"(5, 2)",16.631675608485736,True,20.368324391514264,4.0
18,Greedy,V1,"(33, 76)",40.73576462394763,True,41.76423537605237,1.0
18,Greedy,V2,"(53, 60)",16.926085269405164,True,19.735959777395692,1.0
18,Greedy,V3,"(17, 81)",72.49826422365773,True,1.5017357763422758,1.0
18,Greedy,V4,"(10, 9)",66.27953494659147,True,11.720465053408525,1.0
18,Greedy,V5,"(47, 64)",31.71892820883702,True,0.2810717911629794,1.0
18,Greedy,V6,"(85, 46)",24.260674913646852,True,22.739325086353148,1.0
18,Greedy,V7,"(54, 78)",26.618392331735045,True,20.381607668264955,1.0
18,Greedy,V8,"(75, 26)",33.64138274640385,True,19.35861725359615,1.0
18,Greedy,V9,"(77, 20)",61.11006298635619,True,2.8899370136438094,1.0
18,Greedy,V10,"(62, 8)",30.666069312367625,True,2.3339306876323747,1.0
18,Auction,V1,"(23, 75)",56.88992337277236,True,25.610076627227638,1.0
18,Auction,V2,"(21, 50)",35.274876752391066,True,0.7251232476089342,1.0
18,Auction,V3,"(16, 45)",72.49826422365773,True,1.5017357763422758,1.0
18,Auction,V4,"(5, 2)",66.27953494659147,True,11.720465053408525,1.0
18,Auction,V5,"(72, 12)",10.48229992357556,True,22.36056523616076,1.0
18,Auction,V6,"(35, 97)",31.19290488577454,True,15.807095114225461,1.0
18,Auction,V7,"(77, 76)",24.37799885081188,True,22.82141639885766,1.0
18,Auction,V8,"(12, 95)",33.64138274640385,True,19.35861725359615,1.0
18,Auction,V9,"(85, 81)",47.16418292654576,True,16.835817073454237,1.0
18,Auction,V10,"(29, 90)",24.1787582188678,True,8.821241781132201,1.0
18,Q-Learning,V1,"(29, 90)",65.33772233983163,True,17.162277660168378,1.0
18,Q-Learning,V2,"(21, 50)",35.274876752391066,True,1.7251232476089342,2.0
18,Q-Learning,V3,"(11, 99)",58.626353203382976,True,15.515388203202207,1.0
18,Q-Learning,V4,"(16, 45)",73.70068496364213,True,4.299315036357864,1.0
18,Q-Learning,V5,"(98, 31)",3.0587151497479894,True,29.78415000998833,1.0
18,Q-Learning,V6,"(85, 81)",25.333333333333336,True,23.666666666666664,3.0
18,Q-Learning,V7,"(77, 76)",24.37799885081188,True,22.82141639885766,1.0
18,Q-Learning,V8,"(72, 12)",49.42054473418091,True,4.579455265819089,2.0
18,Q-Learning,V9,"(87, 19)",62.88334715320879,True,5.116652846791212,5.0
18,Q-Learning,V10,"(5, 2)",16.631675608485736,True,19.368324391514264,4.0
19,Greedy,V1,"(33, 76)",40.73576462394763,True,40.76423537605237,1.0
19,Greedy,V2,"(53, 60)",16.926085269405164,True,18.735959777395692,1.0
19,Greedy,V3,"(17, 81)",72.49826422365773,True,0.5017357763422758,1.0
19,Greedy,V4,"(10, 9)",66.27953494659147,True,10.720465053408525,1.0
19,Greedy,V5,"(47, 64)",31.71892820883702,True,0.0,1.0
19,Greedy,V6,"(85, 46)",24.260674913646852,True,21.739325086353148,1.0
19,Greedy,V7,"(54, 78)",26.618392331735045,True,19.381607668264955,1.0
19,Greedy,V8,"(75, 26)",33.64138274640385,True,18.35861725359615,1.0
19,Greedy,V9,"(77, 20)",61.11006298635619,True,1.8899370136438094,1.0
19,Greedy,V10,"(62, 8)",30.666069312367625,True,1.3339306876323747,1.0
19,Auction,V1,"(23, 75)",56.88992337277236,True,24.610076627227638,1.0
19,Auction,V2,"(21, 50)",35.274876752391066,True,0.0,1.0
19,Auction,V3,"(16, 45)",72.49826422365773,True,0.5017357763422758,1.0
19,Auction,V4,"(5, 2)",66.27953494659147,True,10.720465053408525,1.0
19,Auction,V5,"(72, 12)",10.48229992357556,True,21.36056523616076,1.0
19,Auction,V6,"(35, 97)",31.19290488577454,True,14.807095114225461,1.0
19,Auction,V7,"(77, 76)",24.37799885081188,True,21.82141639885766,1.0
19,Auction,V8,"(12, 95)",33.64138274640385,True,18.35861725359615,1.0
19,Auction,V9,"(85, 81)",47.16418292654576,True,15.835817073454237,1.0
19,Auction,V10,"(29, 90)",24.1787582188678,True,7.821241781132201,1.0
19,Q-Learning,V1,"(29, 90)",65.33772233983163,True,16.162277660168378,1.0
19,Q-Learning,V2,"(21, 50)",35.274876752391066,True,0.7251232476089342,2.0
19,Q-Learning,V3,"(11, 99)",58.626353203382976,True,14.515388203202207,1.0
19,Q-Learning,V4,"(16, 45)",73.70068496364213,True,3.2993150363578643,1.0
19,Q-Learning,V5,"(98, 31)",3.0587151497479894,True,28.78415000998833,1.0
19,Q-Learning,V6,"(85, 81)",25.333333333333336,True,22.666666666666664,3.0
19,Q-Learning,V7,"(77, 76)",24.37799885081188,True,21.82141639885766,1.0
19,Q-Learning,V8,"(72, 12)",49.42054473418091,True,3.579455265819089,2.0
19,Q-Learning,V9,"(87, 19)",62.88334715320879,True,4.116652846791212,5.0
19,Q-Learning,V10,"(5, 2)",16.631675608485736,True,18.368324391514264,4.0
20,Greedy,V1,"(33, 76)",40.73576462394763,True,39.76423537605237,1.0
20,Greedy,V2,"(53, 60)",16.926085269405164,True,17.735959777395692,1.0
20,Greedy,V3,"(17, 81)",72.49826422365773,True,0.0,1.0
20,Greedy,V4,"(10, 9)",66.27953494659147,True,9.720465053408525,1.0
20,Greedy,V5,"(47, 64)",9.128818337414017,True,21.590109871423003,1.0
20,Greedy,V6,"(85, 46)",24.260674913646852,True,20.739325086353148,1.0
20,Greedy,V7,"(54, 78)",26.618392331735045,True,18.381607668264955,1.0
20,Greedy,V8,"(75, 26)",33.64138274640385,True,17.35861725359615,1.0
20,Greedy,V9,"(77, 20)",61.11006298635619,True,0.8899370136438094,1.0
20,Greedy,V10,"(62, 8)",30.666069312367625,True,0.33393068763237466,1.0
20,Auction,V1,"(23, 75)",56.88992337277236,True,23.610076627227638,1.0
20,Auction,V2,"(0, 34)",16.34145924518127,True,17.933417507209796,1.0
20,Auction,V3,"(16, 45)",72.49826422365773,True,0.0,1.0
20,Auction,V4,"(5, 2)",66.27953494659147,True,9.720465053408525,1.0
20,Auction,V5,"(72, 12)",10.48229992357556,True,20.36056523616076,1.0
20,Auction,V6,"(35, 97)",31.19290488577454,True,13.807095114225461,1.0
20,Auction,V7,"(77, 76)",24.37799885081188,True,20.82141639885766,1.0
20,Auction,V8,"(12, 95)",33.64138274640385,True,17.35861725359615,1.0
20,Auction,V9,"(85, 81)",47.16418292654576,True,14.835817073454237,1.0
20,Auction,V10,"(29, 90)",24.1787582188678,True,6.821241781132201,1.0
20,Q-Learning,V1,"(29, 90)",65.33772233983163,True,15.162277660168378,1.0
20,Q-Learning,V2,"(21, 50)",35.274876752391066,True,0.0,2.0
20,Q-Learning,V3,"(11, 99)",58.626353203382976,True,13.515388203202207,1.0
20,Q-Learning,V4,"(16, 45)",73.70068496364213,True,2.2993150363578643,1.0
20,Q-Learning,V5,"(98, 31)",3.0587151497479894,True,27.78415000998833,1.0
20,Q-Learning,V6,"(85, 81)",25.333333333333336,True,21.666666666666664,3.0
20,Q-Learning,V7,"(77, 76)",24.37799885081188,True,20.82141639885766,1.0
20,Q-Learning,V8,"(72, 12)",49.42054473418091,True,2.579455265819089,2.0
20,Q-Learning,V9,"(87, 19)",62.88334715320879,True,3.1166528467912116,5.0
20,Q-Learning,V10,"(5, 2)",16.631675608485736,True,17.368324391514264,4.0
21,Greedy,V1,"(33, 76)",40.73576462394763,True,38.76423537605237,1.0
21,Greedy,V2,"(53, 60)",16.926085269405164,True,16.735959777395692,1.0
21,Greedy,V3,"(17, 81)",42.809594496096764,True,28.68866972756096,1.0
21,Greedy,V4,"(10, 9)",66.27953494659147,True,8.720465053408525,1.0
21,Greedy,V5,"(47, 64)",9.128818337414017,True,20.590109871423003,1.0
21,Greedy,V6,"(85, 46)",24.260674913646852,True,19.739325086353148,1.0
21,Greedy,V7,"(54, 78)",26.618392331735045,True,17.381607668264955,1.0
21,Greedy,V8,"(75, 26)",33.64138274640385,True,16.35861725359615,1.0
21,Greedy,V9,"(77, 20)",61.11006298635619,True,0.0,1.0
21,Greedy,V10,"(62, 8)",30.666069312367625,True,0.0,1.0
21,Auction,V1,"(23, 75)",56.88992337277236,True,22.610076627227638,1.0
21,Auction,V2,"(0, 34)",16.34145924518127,True,16.933417507209796,1.0
21,Auction,V3,"(0, 47)",56.48269978658309,True,15.015564437074637,1.0
21,Auction,V4,"(5, 2)",66.27953494659147,True,8.720465053408525,1.0
21,Auction,V5,"(72, 12)",10.48229992357556,True,19.36056523616076,1.0
21,Auction,V6,"(35, 97)",31.19290488577454,True,12.807095114225461,1.0
21,Auction,V7,"(77, 76)",24.37799885081188,True,19.82141639885766,1.0
21,Auction,V8,"(12, 95)",33.64138274640385,True,16.35861725359615,1.0
21,Auction,V9,"(85, 81)",47.16418292654576,True,13.835817073454237,1.0
21,Auction,V10,"(29, 90)",24.1787582188678,True,5.821241781132201,1.0
21,Q-Learning,V1,"(29, 90)",65.33772233983163,True,14.162277660168378,1.0
21,Q-Learning,V2,"(35, 97)",19.8258990478403,True,14.448977704550767,2.0
21,Q-Learning,V3,"(11, 99)",58.626353203382976,True,12.515388203202207,1.0
21,Q-Learning,V4,"(16, 45)",73.70068496364213,True,1.2993150363578643,1.0
21,Q-Learning,V5,"(98, 31)",3.0587151497479894,True,26.78415000998833,1.0
21,Q-Learning,V6,"(85, 81)",25.333333333333336,True,20.666666666666664,3.0
21,Q-Learning,V7,"(77, 76)",24.37799885081188,True,19.82141639885766,1.0
21,Q-Learning,V8,"(72, 12)",49.42054473418091,True,1.5794552658190888,2.0
21,Q-Learning,V9,"(87, 19)",62.88334715320879,True,2.1166528467912116,5.0
21,Q-Learning,V10,"(5, 2)",16.631675608485736,True,16.368324391514264,4.0
22,Greedy,V1,"(33, 76)",40.73576462394763,True,37.76423537605237,1.0
22,Greedy,V2,"(53, 60)",16.926085269405164,True,15.735959777395692,1.0
22,Greedy,V3,"(17, 81)",42.809594496096764,True,27.68866972756096,1.0
22,Greedy,V4,"(10, 9)",66.27953494659147,True,7.720465053408525,1.0
22,Greedy,V5,"(47, 64)",9.128818337414017,True,19.590109871423003,1.0
22,Greedy,V6,"(85, 46)",24.260674913646852,True,18.739325086353148,1.0
22,Greedy,V7,"(54, 78)",26.618392331735045,True,16.381607668264955,1.0
22,Greedy,V8,"(75, 26)",33.64138274640385,True,15.358617253596151,1.0
22,Greedy,V9,"(77, 20)",26.545853798559243,True,33.56420918779695,1.0
22,Greedy,V10,"(62, 8)",7.195964283935798,True,22.470105028431828,1.0
22,Auction,V1,"(23, 75)",56.88992337277236,True,21.610076627227638,1.0
22,Auction,V2,"(0, 34)",16.34145924518127,True,15.933417507209796,1.0
22,Auction,V3,"(0, 47)",56.48269978658309,True,14.015564437074637,1.0
22,Auction,V4,"(5, 2)",66.27953494659147,True,7.720465053408525,1.0
22,Auction,V5,"(72, 12)",10.48229992357556,True,18.36056523616076,1.0
22,Auction,V6,"(35, 97)",31.19290488577454,True,11.807095114225461,1.0
22,Auction,V7,"(77, 76)",24.37799885081188,True,18.82141639885766,1.0
22,Auction,V8,"(12, 95)",33.64138274640385,True,15.358617253596151,1.0
22,Auction,V9,"(85, 81)",47.16418292654576,True,12.835817073454237,1.0
22,Auction,V10,"(29, 90)",24.1787582188678,True,4.821241781132201,1.0
22,Q-Learning,V1,"(29, 90)",65.33772233983163,True,13.162277660168378,1.0
22,Q-Learning,V2,"(35, 97)",19.8258990478403,True,13.448977704550767,2.0
22,Q-Learning,V3,"(11, 99)",58.626353203382976,True,11.515388203202207,1.0
22,Q-Learning,V4,"(16, 45)",73.70068496364213,True,0.2993150363578643,1.0
22,Q-Learning,V5,"(98, 31)",3.0587151497479894,True,25.78415000998833,1.0
22,Q-Learning,V6,"(85, 81)",25.333333333333336,True,19.666666666666664,3.0
22,Q-Learning,V7,"(77, 76)",24.37799885081188,True,18.82141639885766,1.0
22,Q-Learning,V8,"(72, 12)",49.42054473418091,True,0.5794552658190888,2.0
22,Q-Learning,V9,"(87, 19)",62.88334715320879,True,1.1166528467912116,5.0
22,Q-Learning,V10,"(5, 2)",16.631675608485736,True,15.368324391514264,4.0
23,Greedy,V1,"(33, 76)",40.73576462394763,True,36.76423537605237,1.0
23,Greedy,V2,"(53, 60)",16.926085269405164,True,14.735959777395692,1.0
23,Greedy,V3,"(17, 81)",42.809594496096764,True,26.68866972756096,1.0
23,Greedy,V4,"(10, 9)",66.27953494659147,True,6.720465053408525,1.0
23,Greedy,V5,"(47, 64)",9.128818337414017,True,18.590109871423003,1.0
23,Greedy,V6,"(85, 46)",24.260674913646852,True,17.739325086353148,1.0
23,Greedy,V7,"(54, 78)",26.618392331735045,True,15.381607668264955,1.0
23,Greedy,V8,"(75, 26)",33.64138274640385,True,14.358617253596151,1.0
23,Greedy,V9,"(77, 20)",26.545853798559243,True,32.56420918779695,1.0
23,Greedy,V10,"(62, 8)",7.195964283935798,True,21.470105028431828,1.0
23,Auction,V1,"(23, 75)",56.88992337277236,True,20.610076627227638,1.0
23,Auction,V2,"(0, 34)",16.34145924518127,True,14.933417507209796,1.0
23,Auction,V3,"(0, 47)",56.48269978658309,True,13.015564437074637,1.0
23,Auction,V4,"(5, 2)",66.27953494659147,True,6.720465053408525,1.0
23,Auction,V5,"(72, 12)",10.48229992357556,True,17.36056523616076,1.0
23,Auction,V6,"(35, 97)",31.19290488577454,True,10.807095114225461,1.0
23,Auction,V7,"(77, 76)",24.37799885081188,True,17.82141639885766,1.0
23,Auction,V8,"(12, 95)",33.64138274640385,True,14.358617253596151,1.0
23,Auction,V9,"(85, 81)",47.16418292654576,True,11.835817073454237,1.0
23,Auction,V10,"(29, 90)",24.1787582188678,True,3.8212417811322013,1.0
23,Q-Learning,V1,"(29, 90)",65.33772233983163,True,12.162277660168378,1.0
23,Q-Learning,V2,"(35, 97)",19.8258990478403,True,12.448977704550767,2.0
23,Q-Learning,V3,"(11, 99)",58.626353203382976,True,10.515388203202207,1.0
23,Q-Learning,V4,"(16, 45)",73.70068496364213,True,0.0,1.0
23,Q-Learning,V5,"(98, 31)",3.0587151497479894,True,24.78415000998833,1.0
23,Q-Learning,V6,"(85, 81)",25.333333333333336,True,18.666666666666664,3.0
23,Q-Learning,V7,"(77, 76)",24.37799885081188,True,17.82141639885766,1.0
23,Q-Learning,V8,"(72, 12)",49.42054473418091,True,0.0,2.0
23,Q-Learning,V9,"(87, 19)",62.88334715320879,True,0.11665284679121157,5.0
23,Q-Learning,V10,"(5, 2)",16.631675608485736,True,14.368324391514264,4.0
24,Greedy,V1,"(33, 76)",40.73576462394763,True,35.76423537605237,1.0
24,Greedy,V2,"(53, 60)",16.926085269405164,True,13.735959777395692,1.0
24,Greedy,V3,"(17, 81)",42.809594496096764,True,25.68866972756096,1.0
24,Greedy,V4,"(10, 9)",66.27953494659147,True,5.720465053408525,1.0
24,Greedy,V5,"(47, 64)",9.128818337414017,True,17.590109871423003,1.0
24,Greedy,V6,"(85, 46)",24.260674913646852,True,16.739325086353148,1.0
24,Greedy,V7,"(54, 78)",26.618392331735045,True,14.381607668264955,1.0
24,Greedy,V8,"(75, 26)",33.64138274640385,True,13.358617253596151,1.0
24,Greedy,V9,"(77, 20)",26.545853798559243,True,31.564209187796948,1.0
24,Greedy,V10,"(62, 8)",7.195964283935798,True,20.470105028431828,1.0
24,Auction,V1,"(23, 75)",56.88992337277236,True,19.610076627227638,1.0
24,Auction,V2,"(0, 34)",16.34145924518127,True,13.933417507209796,1.0
24,Auction,V3,"(0, 47)",56.48269978658309,True,12.015564437074637,1.0
24,Auction,V4,"(5, 2)",66.27953494659147,True,5.720465053408525,1.0
24,Auction,V5,"(72, 12)",10.48229992357556,True,16.36056523616076,1.0
24,Auction,V6,"(35, 97)",31.19290488577454,True,9.807095114225461,1.0
24,Auction,V7,"(77, 76)",24.37799885081188,True,16.82141639885766,1.0
24,Auction,V8,"(12, 95)",33.64138274640385,True,13.358617253596151,1.0
24,Auction,V9,"(85, 81)",47.16418292654576,True,10.835817073454237,1.0
24,Auction,V10,"(29, 90)",24.1787582188678,True,2.8212417811322013,1.0
24,Q-Learning,V1,"(29, 90)",65.33772233983163,True,11.162277660168378,1.0
24,Q-Learning,V2,"(35, 97)",19.8258990478403,True,11.448977704550767,2.0
24,Q-Learning,V3,"(11, 99)",58.626353203382976,True,9.515388203202207,1.0
24,Q-Learning,V4,"(23, 75)",41.53951624334239,True,31.16116872029974,1.0
24,Q-Learning,V5,"(98, 31)",3.0587151497479894,True,23.78415000998833,1.0
24,Q-Learning,V6,"(85, 81)",25.333333333333336,True,17.666666666666664,3.0
24,Q-Learning,V7,"(77, 76)",24.37799885081188,True,16.82141639885766,1.0
24,Q-Learning,V8,"(72, 12)",49.42054473418091,False,0.0,3.0
24,Q-Learning,V9,"(87, 19)",62.88334715320879,True,0.0,5.0
24,Q-Learning,V10,"(5, 2)",16.631675608485736,True,13.368324391514264,4.0
25,Greedy,V1,"(33, 76)",40.73576462394763,True,34.76423537605237,1.0
25,Greedy,V2,"(53, 60)",16.926085269405164,True,12.735959777395692,1.0
25,Greedy,V3,"(17, 81)",42.809594496096764,True,24.68866972756096,1.0
25,Greedy,V4,"(10, 9)",66.27953494659147,True,4.720465053408525,1.0
25,Greedy,V5,"(47, 64)",9.128818337414017,True,16.590109871423003,1.0
25,Greedy,V6,"(85, 46)",24.260674913646852,True,15.739325086353148,1.0
25,Greedy,V7,"(54, 78)",26.618392331735045,True,13.381607668264955,1.0
25,Greedy,V8,"(75, 26)",33.64138274640385,True,12.358617253596151,1.0
25,Greedy,V9,"(77, 20)",26.545853798559243,True,30.564209187796948,1.0
25,Greedy,V10,"(62, 8)",7.195964283935798,True,19.470105028431828,1.0
25,Auction,V1,"(23, 75)",56.88992337277236,True,18.610076627227638,1.0
25,Auction,V2,"(0, 34)",16.34145924518127,True,12.933417507209796,1.0
25,Auction,V3,"(0, 47)",56.48269978658309,True,11.015564437074637,1.0
25,Auction,V4,"(5, 2)",66.27953494659147,True,4.720465053408525,1.0
25,Auction,V5,"(72, 12)",10.48229992357556,True,15.36056523616076,1.0
25,Auction,V6,"(35, 97)",31.19290488577454,True,8.807095114225461,1.0
25,Auction,V7,"(77, 76)",24.37799885081188,True,15.82141639885766,1.0
25,Auction,V8,"(12, 95)",33.64138274640385,True,12.358617253596151,1.0
25,Auction,V9,"(85, 81)",47.16418292654576,True,9.835817073454237,1.0
25,Auction,V10,"(29, 90)",24.1787582188678,True,1.8212417811322013,1.0
25,Q-Learning,V1,"(29, 90)",65.33772233983163,True,10.162277660168378,1.0
25,Q-Learning,V2,"(35, 97)",19.8258990478403,True,10.448977704550767,2.0
25,Q-Learning,V3,"(11, 99)",58.626353203382976,True,8.515388203202207,1.0
25,Q-Learning,V4,"(23, 75)",41.53951624334239,True,30.16116872029974,1.0
25,Q-Learning,V5,"(98, 31)",3.0587151497479894,True,22.78415000998833,1.0
25,Q-Learning,V6,"(85, 81)",25.333333333333336,True,16.666666666666664,3.0
25,Q-Learning,V7,"(77, 76)",24.37799885081188,True,15.82141639885766,1.0
25,Q-Learning,V8,"(0, 34)",14.599014509462194,True,33.821530224718714,3.0
25,Q-Learning,V9,"(87, 19)",62.88334715320879,False,0.0,6.0
25,Q-Learning,V10,"(5, 2)",16.631675608485736,True,12.368324391514264,4.0
26,Greedy,V1,"(33, 76)",40.73576462394763,True,33.76423537605237,1.0
26,Greedy,V2,"(53, 60)",16.926085269405164,True,11.735959777395692,1.0
26,Greedy,V3,"(17, 81)",42.809594496096764,True,23.68866972756096,1.0
26,Greedy,V4,"(10, 9)",66.27953494659147,True,3.7204650534085246,1.0
26,Greedy,V5,"(47, 64)",9.128818337414017,True,15.590109871423003,1.0
26,Greedy,V6,"(85, 46)",24.260674913646852,True,14.739325086353148,1.0
26,Greedy,V7,"(54, 78)",26.618392331735045,True,12.381607668264955,1.0
26,Greedy,V8,"(75, 26)",33.64138274640385,True,11.358617253596151,1.0
26,Greedy,V9,"(77, 20)",26.545853798559243,True,29.564209187796948,1.0
26,Greedy,V10,"(62, 8)",7.195964283935798,True,18.470105028431828,1.0
26,Auction,V1,"(23, 75)",56.88992337277236,True,17.610076627227638,1.0
26,Auction,V2,"(0, 34)",16.34145924518127,True,11.933417507209796,1.0
26,Auction,V3,"(0, 47)",56.48269978658309,True,10.015564437074637,1.0
26,Auction,V4,"(5, 2)",66.27953494659147,True,3.7204650534085246,1.0
26,Auction,V5,"(72, 12)",10.48229992357556,True,14.36056523616076,1.0
26,Auction,V6,"(35, 97)",31.19290488577454,True,7.807095114225461,1.0
26,Auction,V7,"(77, 76)",24.37799885081188,True,14.82141639885766,1.0
26,Auction,V8,"(12, 95)",33.64138274640385,True,11.358617253596151,1.0
26,Auction,V9,"(85, 81)",47.16418292654576,True,8.835817073454237,1.0
26,Auction,V10,"(29, 90)",24.1787582188678,True,0.8212417811322013,1.0
26,Q-Learning,V1,"(29, 90)",65.33772233983163,True,9.162277660168378,1.0
26,Q-Learning,V2,"(35, 97)",19.8258990478403,True,9.448977704550767,2.0
26,Q-Learning,V3,"(11, 99)",58.626353203382976,True,7.515388203202207,1.0
26,Q-Learning,V4,"(23, 75)",41.53951624334239,True,29.16116872029974,1.0
26,Q-Learning,V5,"(98, 31)",3.0587151497479894,True,21.78415000998833,1.0
26,Q-Learning,V6,"(85, 81)",25.333333333333336,True,15.666666666666664,3.0
26,Q-Learning,V7,"(77, 76)",24.37799885081188,True,14.82141639885766,1.0
26,Q-Learning,V8,"(0, 34)",14.599014509462194,True,32.821530224718714,3.0
26,Q-Learning,V9,"(99, 76)",43.41118454022626,True,18.472162612982533,6.0
26,Q-Learning,V10,"(5, 2)",16.631675608485736,True,11.368324391514264,4.0
27,Greedy,V1,"(33, 76)",40.73576462394763,True,32.76423537605237,1.0
27,Greedy,V2,"(53, 60)",16.926085269405164,True,10.735959777395692,1.0
27,Greedy,V3,"(17, 81)",42.809594496096764,True,22.68866972756096,1.0
27,Greedy,V4,"(10, 9)",66.27953494659147,True,2.7204650534085246,1.0
27,Greedy,V5,"(47, 64)",9.128818337414017,True,14.590109871423003,1.0
27,Greedy,V6,"(85, 46)",24.260674913646852,True,13.739325086353148,1.0
27,Greedy,V7,"(54, 78)",26.618392331735045,True,11.381607668264955,1.0
27,Greedy,V8,"(75, 26)",33.64138274640385,True,10.358617253596151,1.0
27,Greedy,V9,"(77, 20)",26.545853798559243,True,28.564209187796948,1.0
27,Greedy,V10,"(62, 8)",7.195964283935798,True,17.470105028431828,1.0
27,Auction,V1,"(23, 75)",56.88992337277236,True,16.610076627227638,1.0
27,Auction,V2,"(0, 34)",16.34145924518127,True,10.933417507209796,1.0
27,Auction,V3,"(0, 47)",56.48269978658309,True,9.015564437074637,1.0
27,Auction,V4,"(5, 2)",66.27953494659147,True,2.7204650534085246,1.0
27,Auction,V5,"(72, 12)",10.48229992357556,True,13.36056523616076,1.0
27,Auction,V6,"(35, 97)",31.19290488577454,True,6.807095114225461,1.0
27,Auction,V7,"(77, 76)",24.37799885081188,True,13.82141639885766,1.0
27,Auction,V8,"(12, 95)",33.64138274640385,True,10.358617253596151,1.0
27,Auction,V9,"(85, 81)",47.16418292654576,True,7.835817073454237,1.0
27,Auction,V10,"(29, 90)",24.1787582188678,True,0.0,1.0
27,Q-Learning,V1,"(29, 90)",65.33772233983163,True,8.162277660168378,1.0
27,Q-Learning,V2,"(35, 97)",19.8258990478403,True,8.448977704550767,2.0
27,Q-Learning,V3,"(11, 99)",58.626353203382976,True,6.515388203202207,1.0
27,Q-Learning,V4,"(23, 75)",41.53951624334239,True,28.16116872029974,1.0
27,Q-Learning,V5,"(98, 31)",3.0587151497479894,True,20.78415000998833,1.0
27,Q-Learning,V6,"(85, 81)",25.333333333333336,True,14.666666666666664,3.0
27,Q-Learning,V7,"(77, 76)",24.37799885081188,True,13.82141639885766,1.0
27,Q-Learning,V8,"(0, 34)",14.599014509462194,True,31.821530224718714,3.0
27,Q-Learning,V9,"(99, 76)",43.41118454022626,True,17.472162612982533,6.0
27,Q-Learning,V10,"(5, 2)",16.631675608485736,True,10.368324391514264,4.0
28,Greedy,V1,"(33, 76)",40.73576462394763,True,31.76423537605237,1.0
28,Greedy,V2,"(53, 60)",16.926085269405164,True,9.735959777395692,1.0
28,Greedy,V3,"(17, 81)",42.809594496096764,True,21.68866972756096,1.0
28,Greedy,V4,"(10, 9)",66.27953494659147,True,1.7204650534085246,1.0
28,Greedy,V5,"(47, 64)",9.128818337414017,True,13.590109871423003,1.0
28,Greedy,V6,"(85, 46)",24.260674913646852,True,12.739325086353148,1.0
28,Greedy,V7,"(54, 78)",26.618392331735045,True,10.381607668264955,1.0
28,Greedy,V8,"(75, 26)",33.64138274640385,True,9.358617253596151,1.0
28,Greedy,V9,"(77, 20)",26.545853798559243,True,27.564209187796948,1.0
28,Greedy,V10,"(62, 8)",7.195964283935798,True,16.470105028431828,1.0
28,Auction,V1,"(23, 75)",56.88992337277236,True,15.610076627227638,1.0
28,Auction,V2,"(0, 34)",16.34145924518127,True,9.933417507209796,1.0
28,Auction,V3,"(0, 47)",56.48269978658309,True,8.015564437074637,1.0
28,Auction,V4,"(5, 2)",66.27953494659147,True,1.7204650534085246,1.0
28,Auction,V5,"(72, 12)",10.48229992357556,True,12.36056523616076,1.0
28,Auction,V6,"(35, 97)",31.19290488577454,True,5.807095114225461,1.0
28,Auction,V7,"(77, 76)",24.37799885081188,True,12.82141639885766,1.0
28,Auction,V8,"(12, 95)",33.64138274640385,True,9.358617253596151,1.0
28,Auction,V9,"(85, 81)",47.16418292654576,True,6.835817073454237,1.0
28,Auction,V10,"(11, 99)",4.942690241368009,True,18.23606797749979,1.0
28,Q-Learning,V1,"(29, 90)",65.33772233983163,True,7.162277660168378,1.0
28,Q-Learning,V2,"(35, 97)",19.8258990478403,True,7.448977704550767,2.0
28,Q-Learning,V3,"(11, 99)",58.626353203382976,True,5.515388203202207,1.0
28,Q-Learning,V4,"(23, 75)",41.53951624334239,True,27.16116872029974,1.0
28,Q-Learning,V5,"(98, 31)",3.0587151497479894,True,19.78415000998833,1.0
28,Q-Learning,V6,"(85, 81)",25.333333333333336,True,13.666666666666664,3.0
28,Q-Learning,V7,"(77, 76)",24.37799885081188,True,12.82141639885766,1.0
28,Q-Learning,V8,"(0, 34)",14.599014509462194,True,30.821530224718714,3.0
28,Q-Learning,V9,"(99, 76)",43.41118454022626,True,16.472162612982533,6.0
28,Q-Learning,V10,"(5, 2)",16.631675608485736,True,9.368324391514264,4.0
29,Greedy,V1,"(33, 76)",40.73576462394763,True,30.76423537605237,1.0
29,Greedy,V2,"(53, 60)",16.926085269405164,True,8.735959777395692,1.0
29,Greedy,V3,"(17, 81)",42.809594496096764,True,20.68866972756096,1.0
29,Greedy,V4,"(10, 9)",66.27953494659147,True,0.7204650534085246,1.0
29,Greedy,V5,"(47, 64)",9.128818337414017,True,12.590109871423003,1.0
29,Greedy,V6,"(85, 46)",24.260674913646852,True,11.739325086353148,1.0
29,Greedy,V7,"(54, 78)",26.618392331735045,True,9.381607668264955,1.0
29,Greedy,V8,"(75, 26)",33.64138274640385,True,8.358617253596151,1.0
29,Greedy,V9,"(77, 20)",26.545853798559243,True,26.564209187796948,1.0
29,Greedy,V10,"(62, 8)",7.195964283935798,True,15.470105028431828,1.0
29,Auction,V1,"(23, 75)",56.88992337277236,True,14.610076627227638,1.0
29,Auction,V2,"(0, 34)",16.34145924518127,True,8.933417507209796,1.0
29,Auction,V3,"(0, 47)",56.48269978658309,True,7.015564437074637,1.0
29,Auction,V4,"(5, 2)",66.27953494659147,True,0.7204650534085246,1.0
29,Auction,V5,"(72, 12)",10.48229992357556,True,11.36056523616076,1.0
29,Auction,V6,"(35, 97)",31.19290488577454,True,4.807095114225461,1.0
29,Auction,V7,"(77, 76)",24.37799885081188,True,11.82141639885766,1.0
29,Auction,V8,"(12, 95)",33.64138274640385,True,8.358617253596151,1.0
29,Auction,V9,"(85, 81)",47.16418292654576,True,5.835817073454237,1.0
29,Auction,V10,"(11, 99)",4.942690241368009,True,17.23606797749979,1.0
29,Q-Learning,V1,"(29, 90)",65.33772233983163,True,6.162277660168378,1.0
29,Q-Learning,V2,"(35, 97)",19.8258990478403,True,6.448977704550767,2.0
29,Q-Learning,V3,"(11, 99)",58.626353203382976,True,4.515388203202207,1.0
29,Q-Learning,V4,"(23, 75)",41.53951624334239,True,26.16116872029974,1.0
29,Q-Learning,V5,"(98, 31)",3.0587151497479894,True,18.78415000998833,1.0
29,Q-Learning,V6,"(85, 81)",25.333333333333336,True,12.666666666666664,3.0
29,Q-Learning,V7,"(77, 76)",24.37799885081188,True,11.82141639885766,1.0
29,Q-Learning,V8,"(0, 34)",14.599014509462194,True,29.821530224718714,3.0
29,Q-Learning,V9,"(99, 76)",43.41118454022626,True,15.472162612982533,6.0
29,Q-Learning,V10,"(5, 2)",16.631675608485736,True,8.368324391514264,4.0
30,Greedy,V1,"(33, 76)",40.73576462394763,True,29.76423537605237,1.0
30,Greedy,V2,"(53, 60)",16.926085269405164,True,7.735959777395692,1.0
30,Greedy,V3,"(17, 81)",42.809594496096764,True,19.68866972756096,1.0
30,Greedy,V4,"(10, 9)",66.27953494659147,True,0.0,1.0
30,Greedy,V5,"(47, 64)",9.128818337414017,True,11.590109871423003,1.0
30,Greedy,V6,"(85, 46)",24.260674913646852,True,10.739325086353148,1.0
30,Greedy,V7,"(54, 78)",26.618392331735045,True,8.381607668264955,1.0
30,Greedy,V8,"(75, 26)",33.64138274640385,True,7.358617253596151,1.0
30,Greedy,V9,"(77, 20)",26.545853798559243,True,25.564209187796948,1.0
30,Greedy,V10,"(62, 8)",7.195964283935798,True,14.470105028431828,1.0
30,Auction,V1,"(23, 75)",56.88992337277236,True,13.610076627227638,1.0
30,Auction,V2,"(0, 34)",16.34145924518127,True,7.933417507209796,1.0
30,Auction,V3,"(0, 47)",56.48269978658309,True,6.015564437074637,1.0
30,Auction,V4,"(5, 2)",66.27953494659147,True,0.0,1.0
30,Auction,V5,"(72, 12)",10.48229992357556,True,10.36056523616076,1.0
30,Auction,V6,"(35, 97)",31.19290488577454,True,3.8070951142254614,1.0
30,Auction,V7,"(77, 76)",24.37799885081188,True,10.82141639885766,1.0
30,Auction,V8,"(12, 95)",33.64138274640385,True,7.358617253596151,1.0
30,Auction,V9,"(85, 81)",47.16418292654576,True,4.835817073454237,1.0
30,Auction,V10,"(11, 99)",4.942690241368009,True,16.23606797749979,1.0
30,Q-Learning,V1,"(29, 90)",65.33772233983163,True,5.162277660168378,1.0
30,Q-Learning,V2,"(35, 97)",19.8258990478403,True,5.448977704550767,2.0
30,Q-Learning,V3,"(11, 99)",58.626353203382976,True,3.515388203202207,1.0
30,Q-Learning,V4,"(23, 75)",41.53951624334239,True,25.16116872029974,1.0
30,Q-Learning,V5,"(98, 31)",3.0587151497479894,True,17.78415000998833,1.0
30,Q-Learning,V6,"(85, 81)",25.333333333333336,True,11.666666666666664,3.0
30,Q-Learning,V7,"(77, 76)",24.37799885081188,True,10.82141639885766,1.0
30,Q-Learning,V8,"(0, 34)",14.599014509462194,True,28.821530224718714,3.0
30,Q-Learning,V9,"(99, 76)",43.41118454022626,True,14.472162612982533,6.0
30,Q-Learning,V10,"(5, 2)",16.631675608485736,True,7.368324391514264,4.0
31,Greedy,V1,"(33, 76)",40.73576462394763,True,28.76423537605237,1.0
31,Greedy,V2,"(53, 60)",16.926085269405164,True,6.735959777395692,1.0
31,Greedy,V3,"(17, 81)",42.809594496096764,True,18.68866972756096,1.0
31,Greedy,V4,"(10, 9)",30.99949903997767,True,34.2800359066138,1.0
31,Greedy,V5,"(47, 64)",9.128818337414017,True,10.590109871423003,1.0
31,Greedy,V6,"(85, 46)",24.260674913646852,True,9.739325086353148,1.0
31,Greedy,V7,"(54, 78)",26.618392331735045,True,7.381607668264955,1.0
31,Greedy,V8,"(75, 26)",33.64138274640385,True,6.358617253596151,1.0
31,Greedy,V9,"(77, 20)",26.545853798559243,True,24.564209187796948,1.0
31,Greedy,V10,"(62, 8)",7.195964283935798,True,13.470105028431828,1.0
31,Auction,V1,"(23, 75)",56.88992337277236,True,12.610076627227638,1.0
31,Auction,V2,"(0, 34)",16.34145924518127,True,6.933417507209796,1.0
31,Auction,V3,"(0, 47)",56.48269978658309,True,5.015564437074637,1.0
31,Auction,V4,"(87, 19)",31.530803651355995,True,33.74873129523547,1.0
31,Auction,V5,"(72, 12)",10.48229992357556,True,9.36056523616076,1.0
31,Auction,V6,"(35, 97)",31.19290488577454,True,2.8070951142254614,1.0
31,Auction,V7,"(77, 76)",24.37799885081188,True,9.82141639885766,1.0
31,Auction,V8,"(12, 95)",33.64138274640385,True,6.358617253596151,1.0
31,Auction,V9,"(85, 81)",47.16418292654576,True,3.835817073454237,1.0
31,Auction,V10,"(11, 99)",4.942690241368009,True,15.23606797749979,1.0
31,Q-Learning,V1,"(29, 90)",65.33772233983163,True,4.162277660168378,1.0
31,Q-Learning,V2,"(35, 97)",19.8258990478403,True,4.448977704550767,2.0
31,Q-Learning,V3,"(11, 99)",58.626353203382976,True,2.515388203202207,1.0
31,Q-Learning,V4,"(23, 75)",41.53951624334239,True,24.16116872029974,1.0
31,Q-Learning,V5,"(98, 31)",3.0587151497479894,True,16.78415000998833,1.0
31,Q-Learning,V6,"(85, 81)",25.333333333333336,True,10.666666666666664,3.0
31,Q-Learning,V7,"(77, 76)",24.37799885081188,True,9.82141639885766,1.0
31,Q-Learning,V8,"(0, 34)",14.599014509462194,True,27.821530224718714,3.0
31,Q-Learning,V9,"(99, 76)",43.41118454022626,True,13.472162612982533,6.0
31,Q-Learning,V10,"(5, 2)",16.631675608485736,True,6.368324391514264,4.0
32,Greedy,V1,"(33, 76)",40.73576462394763,True,27.76423537605237,1.0
32,Greedy,V2,"(53, 60)",16.926085269405164,True,5.735959777395692,1.0
32,Greedy,V3,"(17, 81)",42.809594496096764,True,17.68866972756096,1.0
32,Greedy,V4,"(10, 9)",30.99949903997767,True,33.2800359066138,1.0
32,Greedy,V5,"(47, 64)",9.128818337414017,True,9.590109871423003,1.0
32,Greedy,V6,"(85, 46)",24.260674913646852,True,8.739325086353148,1.0
32,Greedy,V7,"(54, 78)",26.618392331735045,True,6.381607668264955,1.0
32,Greedy,V8,"(75, 26)",33.64138274640385,True,5.358617253596151,1.0
32,Greedy,V9,"(77, 20)",26.545853798559243,True,23.564209187796948,1.0
32,Greedy,V10,"(62, 8)",7.195964283935798,True,12.470105028431828,1.0
32,Auction,V1,"(23, 75)",56.88992337277236,True,11.610076627227638,1.0
32,Auction,V2,"(0, 34)",16.34145924518127,True,5.933417507209796,1.0
32,Auction,V3,"(0, 47)",56.48269978658309,True,4.015564437074637,1.0
32,Auction,V4,"(87, 19)",31.530803651355995,True,32.74873129523547,1.0
32,Auction,V5,"(72, 12)",10.48229992357556,True,8.36056523616076,1.0
32,Auction,V6,"(35, 97)",31.19290488577454,True,1.8070951142254614,1.0
32,Auction,V7,"(77, 76)",24.37799885081188,True,8.82141639885766,1.0
32,Auction,V8,"(12, 95)",33.64138274640385,True,5.358617253596151,1.0
32,Auction,V9,"(85, 81)",47.16418292654576,True,2.835817073454237,1.0
32,Auction,V10,"(11, 99)",4.942690241368009,True,14.23606797749979,1.0
32,Q-Learning,V1,"(29, 90)",65.33772233983163,True,3.162277660168378,1.0
32,Q-Learning,V2,"(35, 97)",19.8258990478403,True,3.4489777045507672,2.0
32,Q-Learning,V3,"(11, 99)",58.626353203382976,True,1.5153882032022068,1.0
32,Q-Learning,V4,"(23, 75)",41.53951624334239,True,23.16116872029974,1.0
32,Q-Learning,V5,"(98, 31)",3.0587151497479894,True,15.78415000998833,1.0
32,Q-Learning,V6,"(85, 81)",25.333333333333336,True,9.666666666666664,3.0
32,Q-Learning,V7,"(77, 76)",24.37799885081188,True,8.82141639885766,1.0
32,Q-Learning,V8,"(0, 34)",14.599014509462194,True,26.821530224718714,3.0
32,Q-Learning,V9,"(99, 76)",43.41118454022626,True,12.472162612982533,6.0
32,Q-Learning,V10,"(5, 2)",16.631675608485736,True,5.368324391514264,4.0
33,Greedy,V1,"(33, 76)",40.73576462394763,True,26.76423537605237,1.0
33,Greedy,V2,"(53, 60)",16.926085269405164,True,4.735959777395692,1.0
33,Greedy,V3,"(17, 81)",42.809594496096764,True,16.68866972756096,1.0
33,Greedy,V4,"(10, 9)",30.99949903997767,True,32.2800359066138,1.0
33,Greedy,V5,"(47, 64)",9.128818337414017,True,8.590109871423003,1.0
33,Greedy,V6,"(85, 46)",24.260674913646852,True,7.739325086353148,1.0
33,Greedy,V7,"(54, 78)",26.618392331735045,True,5.381607668264955,1.0
33,Greedy,V8,"(75, 26)",33.64138274640385,True,4.358617253596151,1.0
33,Greedy,V9,"(77, 20)",26.545853798559243,True,22.564209187796948,1.0
33,Greedy,V10,"(62, 8)",7.195964283935798,True,11.470105028431828,1.0
33,Auction,V1,"(23, 75)",56.88992337277236,True,10.610076627227638,1.0
33,Auction,V2,"(0, 34)",16.34145924518127,True,4.933417507209796,1.0
33,Auction,V3,"(0, 47)",56.48269978658309,True,3.0155644370746373,1.0
33,Auction,V4,"(87, 19)",31.530803651355995,True,31.748731295235473,1.0
33,Auction,V5,"(72, 12)",10.48229992357556,True,7.36056523616076,1.0
33,Auction,V6,"(35, 97)",31.19290488577454,True,0.8070951142254614,1.0
33,Auction,V7,"(77, 76)",24.37799885081188,True,7.821416398857661,1.0
33,Auction,V8,"(12, 95)",33.64138274640385,True,4.358617253596151,1.0
33,Auction,V9,"(85, 81)",47.16418292654576,True,1.835817073454237,1.0
33,Auction,V10,"(11, 99)",4.942690241368009,True,13.23606797749979,1.0
33,Q-Learning,V1,"(29, 90)",65.33772233983163,True,2.162277660168378,1.0
33,Q-Learning,V2,"(35, 97)",19.8258990478403,True,2.4489777045507672,2.0
33,Q-Learning,V3,"(11, 99)",58.626353203382976,True,0.5153882032022068,1.0
33,Q-Learning,V4,"(23, 75)",41.53951624334239,True,22.16116872029974,1.0
33,Q-Learning,V5,"(98, 31)",3.0587151497479894,True,14.78415000998833,1.0
33,Q-Learning,V6,"(85, 81)",25.333333333333336,True,8.666666666666664,3.0
33,Q-Learning,V7,"(77, 76)",24.37799885081188,True,7.821416398857661,1.0
33,Q-Learning,V8,"(0, 34)",14.599014509462194,True,25.821530224718714,3.0
33,Q-Learning,V9,"(99, 76)",43.41118454022626,True,11.472162612982533,6.0
33,Q-Learning,V10,"(5, 2)",16.631675608485736,True,4.368324391514264,4.0
34,Greedy,V1,"(33, 76)",40.73576462394763,True,25.76423537605237,1.0
34,Greedy,V2,"(53, 60)",16.926085269405164,True,3.735959777395692,1.0
34,Greedy,V3,"(17, 81)",42.809594496096764,True,15.68866972756096,1.0
34,Greedy,V4,"(10, 9)",30.99949903997767,True,31.280035906613797,1.0
34,Greedy,V5,"(47, 64)",9.128818337414017,True,7.590109871423003,1.0
34,Greedy,V6,"(85, 46)",24.260674913646852,True,6.739325086353148,1.0
34,Greedy,V7,"(54, 78)",26.618392331735045,True,4.381607668264955,1.0
34,Greedy,V8,"(75, 26)",33.64138274640385,True,3.358617253596151,1.0
34,Greedy,V9,"(77, 20)",26.545853798559243,True,21.564209187796948,1.0
34,Greedy,V10,"(62, 8)",7.195964283935798,True,10.470105028431828,1.0
34,Auction,V1,"(23, 75)",56.88992337277236,True,9.610076627227638,1.0
34,Auction,V2,"(0, 34)",16.34145924518127,True,3.9334175072097963,1.0
34,Auction,V3,"(0, 47)",56.48269978658309,True,2.0155644370746373,1.0
34,Auction,V4,"(87, 19)",31.530803651355995,True,30.748731295235473,1.0
34,Auction,V5,"(72, 12)",10.48229992357556,True,6.36056523616076,1.0
34,Auction,V6,"(35, 97)",31.19290488577454,True,0.0,1.0
34,Auction,V7,"(77, 76)",24.37799885081188,True,6.821416398857661,1.0
34,Auction,V8,"(12, 95)",33.64138274640385,True,3.358617253596151,1.0
34,Auction,V9,"(85, 81)",47.16418292654576,True,0.835817073454237,1.0
34,Auction,V10,"(11, 99)",4.942690241368009,True,12.23606797749979,1.0
34,Q-Learning,V1,"(29, 90)",65.33772233983163,True,1.1622776601683782,1.0
34,Q-Learning,V2,"(35, 97)",19.8258990478403,True,1.4489777045507672,2.0
34,Q-Learning,V3,"(11, 99)",58.626353203382976,True,0.0,1.0
34,Q-Learning,V4,"(23, 75)",41.53951624334239,True,21.16116872029974,1.0
34,Q-Learning,V5,"(98, 31)",3.0587151497479894,True,13.78415000998833,1.0
34,Q-Learning,V6,"(85, 81)",25.333333333333336,True,7.666666666666664,3.0
34,Q-Learning,V7,"(77, 76)",24.37799885081188,True,6.821416398857661,1.0
34,Q-Learning,V8,"(0, 34)",14.599014509462194,True,24.821530224718714,3.0
34,Q-Learning,V9,"(99, 76)",43.41118454022626,True,10.472162612982533,6.0
34,Q-Learning,V10,"(5, 2)",16.631675608485736,True,3.368324391514264,4.0
35,Greedy,V1,"(33, 76)",40.73576462394763,True,24.76423537605237,1.0
35,Greedy,V2,"(53, 60)",16.926085269405164,True,2.735959777395692,1.0
35,Greedy,V3,"(17, 81)",42.809594496096764,True,14.68866972756096,1.0
35,Greedy,V4,"(10, 9)",30.99949903997767,True,30.280035906613797,1.0
35,Greedy,V5,"(47, 64)",9.128818337414017,True,6.590109871423003,1.0
35,Greedy,V6,"(85, 46)",24.260674913646852,True,5.739325086353148,1.0
35,Greedy,V7,"(54, 78)",26.618392331735045,True,3.381607668264955,1.0
35,Greedy,V8,"(75, 26)",33.64138274640385,True,2.358617253596151,1.0
35,Greedy,V9,"(77, 20)",26.545853798559243,True,20.564209187796948,1.0
35,Greedy,V10,"(62, 8)",7.195964283935798,True,9.470105028431828,1.0
35,Auction,V1,"(23, 75)",56.88992337277236,True,8.610076627227638,1.0
35,Auction,V2,"(0, 34)",16.34145924518127,True,2.9334175072097963,1.0
35,Auction,V3,"(0, 47)",56.48269978658309,True,1.0155644370746373,1.0
35,Auction,V4,"(87, 19)",31.530803651355995,True,29.748731295235473,1.0
35,Auction,V5,"(72, 12)",10.48229992357556,True,5.36056523616076,1.0
35,Auction,V6,"(35, 97)",31.19290488577454,False,0.0,2.0
35,Auction,V7,"(77, 76)",24.37799885081188,True,5.821416398857661,1.0
35,Auction,V8,"(12, 95)",33.64138274640385,True,2.358617253596151,1.0
35,Auction,V9,"(85, 81)",47.16418292654576,True,0.0,1.0
35,Auction,V10,"(11, 99)",4.942690241368009,True,11.23606797749979,1.0
35,Q-Learning,V1,"(29, 90)",65.33772233983163,True,0.1622776601683782,1.0
35,Q-Learning,V2,"(35, 97)",19.8258990478403,True,0.44897770455076724,2.0
35,Q-Learning,V3,"(0, 47)",37.98251207042382,True,19.643841132959157,1.0
35,Q-Learning,V4,"(23, 75)",41.53951624334239,True,20.16116872029974,1.0
35,Q-Learning,V5,"(98, 31)",3.0587151497479894,True,12.78415000998833,1.0
35,Q-Learning,V6,"(85, 81)",25.333333333333336,True,6.666666666666664,3.0
35,Q-Learning,V7,"(77, 76)",24.37799885081188,True,5.821416398857661,1.0
35,Q-Learning,V8,"(0, 34)",14.599014509462194,True,23.821530224718714,3.0
35,Q-Learning,V9,"(99, 76)",43.41118454022626,True,9.472162612982533,6.0
35,Q-Learning,V10,"(5, 2)",16.631675608485736,True,2.368324391514264,4.0
36,Greedy,V1,"(33, 76)",40.73576462394763,True,23.76423537605237,1.0
36,Greedy,V2,"(53, 60)",16.926085269405164,True,1.735959777395692,1.0
36,Greedy,V3,"(17, 81)",42.809594496096764,True,13.68866972756096,1.0
36,Greedy,V4,"(10, 9)",30.99949903997767,True,29.280035906613797,1.0
36,Greedy,V5,"(47, 64)",9.128818337414017,True,5.590109871423003,1.0
36,Greedy,V6,"(85, 46)",24.260674913646852,True,4.739325086353148,1.0
36,Greedy,V7,"(54, 78)",26.618392331735045,True,2.381607668264955,1.0
36,Greedy,V8,"(75, 26)",33.64138274640385,True,1.358617253596151,1.0
36,Greedy,V9,"(77, 20)",26.545853798559243,True,19.564209187796948,1.0
36,Greedy,V10,"(62, 8)",7.195964283935798,True,8.470105028431828,1.0
36,Auction,V1,"(23, 75)",56.88992337277236,True,7.610076627227638,1.0
36,Auction,V2,"(0, 34)",16.34145924518127,True,1.9334175072097963,1.0
36,Auction,V3,"(0, 47)",56.48269978658309,True,0.015564437074637283,1.0
36,Auction,V4,"(87, 19)",31.530803651355995,True,28.748731295235473,1.0
36,Auction,V5,"(72, 12)",10.48229992357556,True,4.36056523616076,1.0
36,Auction,V6,"(20, 99)",16.14865623563402,True,14.044248650140519,2.0
36,Auction,V7,"(77, 76)",24.37799885081188,True,4.821416398857661,1.0
36,Auction,V8,"(12, 95)",33.64138274640385,True,1.358617253596151,1.0
36,Auction,V9,"(94, 83)",23.139789097957664,True,23.0243938285881,1.0
36,Auction,V10,"(11, 99)",4.942690241368009,True,10.23606797749979,1.0
36,Q-Learning,V1,"(29, 90)",65.33772233983163,True,0.0,1.0
36,Q-Learning,V2,"(35, 97)",19.8258990478403,True,0.0,2.0
36,Q-Learning,V3,"(0, 47)",37.98251207042382,True,18.643841132959157,1.0
36,Q-Learning,V4,"(23, 75)",41.53951624334239,True,19.16116872029974,1.0
36,Q-Learning,V5,"(98, 31)",3.0587151497479894,True,11.78415000998833,1.0
36,Q-Learning,V6,"(85, 81)",25.333333333333336,True,5.666666666666664,3.0
36,Q-Learning,V7,"(77, 76)",24.37799885081188,True,4.821416398857661,1.0
36,Q-Learning,V8,"(0, 34)",14.599014509462194,True,22.821530224718714,3.0
36,Q-Learning,V9,"(99, 76)",43.41118454022626,True,8.472162612982533,6.0
36,Q-Learning,V10,"(5, 2)",16.631675608485736,True,1.368324391514264,4.0
37,Greedy,V1,"(33, 76)",40.73576462394763,True,22.76423537605237,1.0
37,Greedy,V2,"(53, 60)",16.926085269405164,True,0.7359597773956921,1.0
37,Greedy,V3,"(17, 81)",42.809594496096764,True,12.68866972756096,1.0
37,Greedy,V4,"(10, 9)",30.99949903997767,True,28.280035906613797,1.0
37,Greedy,V5,"(47, 64)",9.128818337414017,True,4.590109871423003,1.0
37,Greedy,V6,"(85, 46)",24.260674913646852,True,3.7393250863531478,1.0
37,Greedy,V7,"(54, 78)",26.618392331735045,True,1.3816076682649552,1.0
37,Greedy,V8,"(75, 26)",33.64138274640385,True,0.35861725359615093,1.0
37,Greedy,V9,"(77, 20)",26.545853798559243,True,18.564209187796948,1.0
37,Greedy,V10,"(62, 8)",7.195964283935798,True,7.470105028431828,1.0
37,Auction,V1,"(23, 75)",56.88992337277236,True,6.610076627227638,1.0
37,Auction,V2,"(0, 34)",16.34145924518127,True,0.9334175072097963,1.0
37,Auction,V3,"(0, 47)",56.48269978658309,True,0.0,1.0
37,Auction,V4,"(87, 19)",31.530803651355995,True,27.748731295235473,1.0
37,Auction,V5,"(72, 12)",10.48229992357556,True,3.3605652361607596,1.0
37,Auction,V6,"(20, 99)",16.14865623563402,True,13.044248650140519,2.0
37,Auction,V7,"(77, 76)",24.37799885081188,True,3.821416398857661,1.0
37,Auction,V8,"(12, 95)",33.64138274640385,True,0.35861725359615093,1.0
37,Auction,V9,"(94, 83)",23.139789097957664,True,22.0243938285881,1.0
37,Auction,V10,"(11, 99)",4.942690241368009,True,9.23606797749979,1.0
37,Q-Learning,V1,"(94, 83)",25.99376321115048,True,38.34395912868115,1.0
37,Q-Learning,V2,"(20, 99)",8.144482831126792,True,10.681416216713506,2.0
37,Q-Learning,V3,"(0, 47)",37.98251207042382,True,17.643841132959157,1.0
37,Q-Learning,V4,"(23, 75)",41.53951624334239,True,18.16116872029974,1.0
37,Q-Learning,V5,"(98, 31)",3.0587151497479894,True,10.78415000998833,1.0
37,Q-Learning,V6,"(85, 81)",25.333333333333336,True,4.666666666666664,3.0
37,Q-Learning,V7,"(77, 76)",24.37799885081188,True,3.821416398857661,1.0
37,Q-Learning,V8,"(0, 34)",14.599014509462194,True,21.821530224718714,3.0
37,Q-Learning,V9,"(99, 76)",43.41118454022626,True,7.472162612982533,6.0
37,Q-Learning,V10,"(5, 2)",16.631675608485736,True,0.368324391514264,4.0
38,Greedy,V1,"(33, 76)",40.73576462394763,True,21.76423537605237,1.0
38,Greedy,V2,"(53, 60)",16.926085269405164,True,0.0,1.0
38,Greedy,V3,"(17, 81)",42.809594496096764,True,11.68866972756096,1.0
38,Greedy,V4,"(10, 9)",30.99949903997767,True,27.280035906613797,1.0
38,Greedy,V5,"(47, 64)",9.128818337414017,True,3.590109871423003,1.0
38,Greedy,V6,"(85, 46)",24.260674913646852,True,2.7393250863531478,1.0
38,Greedy,V7,"(54, 78)",26.618392331735045,True,0.3816076682649552,1.0
38,Greedy,V8,"(75, 26)",33.64138274640385,True,0.0,1.0
38,Greedy,V9,"(77, 20)",26.545853798559243,True,17.564209187796948,1.0
38,Greedy,V10,"(62, 8)",7.195964283935798,True,6.470105028431828,1.0
38,Auction,V1,"(23, 75)",56.88992337277236,True,5.610076627227638,1.0
38,Auction,V2,"(0, 34)",16.34145924518127,True,0.0,1.0
38,Auction,V3,"(0, 42)",31.85769978658309,True,23.625,1.0
38,Auction,V4,"(87, 19)",31.530803651355995,True,26.748731295235473,1.0
38,Auction,V5,"(72, 12)",10.48229992357556,True,2.3605652361607596,1.0
38,Auction,V6,"(20, 99)",16.14865623563402,True,12.044248650140519,2.0
38,Auction,V7,"(77, 76)",24.37799885081188,True,2.821416398857661,1.0
38,Auction,V8,"(12, 95)",33.64138274640385,True,0.0,1.0
38,Auction,V9,"(94, 83)",23.139789097957664,True,21.0243938285881,1.0
38,Auction,V10,"(11, 99)",4.942690241368009,True,8.23606797749979,1.0
38,Q-Learning,V1,"(94, 83)",25.99376321115048,True,37.34395912868115,1.0
38,Q-Learning,V2,"(20, 99)",8.144482831126792,True,9.681416216713506,2.0
38,Q-Learning,V3,"(0, 47)",37.98251207042382,True,16.643841132959157,1.0
38,Q-Learning,V4,"(23, 75)",41.53951624334239,True,17.16116872029974,1.0
38,Q-Learning,V5,"(98, 31)",3.0587151497479894,True,9.78415000998833,1.0
38,Q-Learning,V6,"(85, 81)",25.333333333333336,True,3.6666666666666643,3.0
38,Q-Learning,V7,"(77, 76)",24.37799885081188,True,2.821416398857661,1.0
38,Q-Learning,V8,"(0, 34)",14.599014509462194,True,20.821530224718714,3.0
38,Q-Learning,V9,"(99, 76)",43.41118454022626,True,6.472162612982533,6.0
38,Q-Learning,V10,"(5, 2)",16.631675608485736,True,0.0,4.0
39,Greedy,V1,"(33, 76)",40.73576462394763,True,20.76423537605237,1.0
39,Greedy,V2,"(53, 60)",2.0371963805162743,True,13.88888888888889,1.0
39,Greedy,V3,"(17, 81)",42.809594496096764,True,10.68866972756096,1.0
39,Greedy,V4,"(10, 9)",30.99949903997767,True,26.280035906613797,1.0
39,Greedy,V5,"(47, 64)",9.128818337414017,True,2.590109871423003,1.0
39,Greedy,V6,"(85, 46)",24.260674913646852,True,1.7393250863531478,1.0
39,Greedy,V7,"(54, 78)",26.618392331735045,True,0.0,1.0
39,Greedy,V8,"(75, 26)",0.17025026778309638,True,32.47113247862075,1.0
39,Greedy,V9,"(77, 20)",26.545853798559243,True,16.564209187796948,1.0
39,Greedy,V10,"(62, 8)",7.195964283935798,True,5.470105028431828,1.0
39,Auction,V1,"(23, 75)",56.88992337277236,True,4.610076627227638,1.0
39,Auction,V2,"(9, 60)",3.284388913581802,True,12.057070331599467,1.0
39,Auction,V3,"(0, 42)",31.85769978658309,True,22.625,1.0
39,Auction,V4,"(87, 19)",31.530803651355995,True,25.748731295235473,1.0
39,Auction,V5,"(72, 12)",10.48229992357556,True,1.3605652361607596,1.0
39,Auction,V6,"(20, 99)",16.14865623563402,True,11.044248650140519,2.0
39,Auction,V7,"(77, 76)",24.37799885081188,True,1.8214163988576608,1.0
39,Auction,V8,"(26, 47)",6.141382746403849,True,26.5,1.0
39,Auction,V9,"(94, 83)",23.139789097957664,True,20.0243938285881,1.0
39,Auction,V10,"(11, 99)",4.942690241368009,True,7.23606797749979,1.0
39,Q-Learning,V1,"(94, 83)",25.99376321115048,True,36.34395912868115,1.0
39,Q-Learning,V2,"(20, 99)",8.144482831126792,True,8.681416216713506,2.0
39,Q-Learning,V3,"(0, 47)",37.98251207042382,True,15.643841132959157,1.0
39,Q-Learning,V4,"(23, 75)",41.53951624334239,True,16.16116872029974,1.0
39,Q-Learning,V5,"(98, 31)",3.0587151497479894,True,8.78415000998833,1.0
39,Q-Learning,V6,"(85, 81)",25.333333333333336,True,2.6666666666666643,3.0
39,Q-Learning,V7,"(77, 76)",24.37799885081188,True,1.8214163988576608,1.0
39,Q-Learning,V8,"(0, 34)",14.599014509462194,True,19.821530224718714,3.0
39,Q-Learning,V9,"(99, 76)",43.41118454022626,True,5.472162612982533,6.0
39,Q-Learning,V10,"(9, 60)",0.17192367348634363,True,15.459751934999392,4.0
40,Greedy,V1,"(33, 76)",40.73576462394763,True,19.76423537605237,1.0
40,Greedy,V2,"(53, 60)",2.0371963805162743,True,12.88888888888889,1.0
40,Greedy,V3,"(17, 81)",42.809594496096764,True,9.68866972756096,1.0
40,Greedy,V4,"(10, 9)",30.99949903997767,True,25.280035906613797,1.0
40,Greedy,V5,"(47, 64)",9.128818337414017,True,1.590109871423003,1.0
40,Greedy,V6,"(85, 46)",24.260674913646852,True,0.7393250863531478,1.0
40,Greedy,V7,"(54, 78)",0.8332793119592523,True,24.785113019775793,1.0
40,Greedy,V8,"(75, 26)",0.17025026778309638,True,31.471132478620753,1.0
40,Greedy,V9,"(77, 20)",26.545853798559243,True,15.564209187796948,1.0
40,Greedy,V10,"(62, 8)",7.195964283935798,True,4.470105028431828,1.0
40,Auction,V1,"(23, 75)",56.88992337277236,True,3.610076627227638,1.0
40,Auction,V2,"(9, 60)",3.284388913581802,True,11.057070331599467,1.0
40,Auction,V3,"(0, 42)",31.85769978658309,True,21.625,1.0
40,Auction,V4,"(87, 19)",31.530803651355995,True,24.748731295235473,1.0
40,Auction,V5,"(72, 12)",10.48229992357556,True,0.36056523616075964,1.0
40,Auction,V6,"(20, 99)",16.14865623563402,True,10.044248650140519,2.0
40,Auction,V7,"(77, 76)",24.37799885081188,True,0.8214163988576608,1.0
40,Auction,V8,"(26, 47)",6.141382746403849,True,25.5,1.0
40,Auction,V9,"(94, 83)",23.139789097957664,True,19.0243938285881,1.0
40,Auction,V10,"(11, 99)",4.942690241368009,True,6.23606797749979,1.0
40,Q-Learning,V1,"(94, 83)",25.99376321115048,True,35.34395912868115,1.0
40,Q-Learning,V2,"(20, 99)",8.144482831126792,True,7.681416216713506,2.0
40,Q-Learning,V3,"(0, 47)",37.98251207042382,True,14.643841132959157,1.0
40,Q-Learning,V4,"(23, 75)",41.53951624334239,True,15.161168720299742,1.0
40,Q-Learning,V5,"(98, 31)",3.0587151497479894,True,7.7841500099883305,1.0
40,Q-Learning,V6,"(85, 81)",25.333333333333336,True,1.6666666666666643,3.0
40,Q-Learning,V7,"(77, 76)",24.37799885081188,True,0.8214163988576608,1.0
40,Q-Learning,V8,"(0, 34)",14.599014509462194,True,18.821530224718714,3.0
40,Q-Learning,V9,"(99, 76)",43.41118454022626,True,4.472162612982533,6.0
40,Q-Learning,V10,"(9, 60)",0.17192367348634363,True,14.459751934999392,4.0
41,Greedy,V1,"(33, 76)",40.73576462394763,True,18.76423537605237,1.0
41,Greedy,V2,"(53, 60)",2.0371963805162743,True,11.88888888888889,1.0
41,Greedy,V3,"(17, 81)",42.809594496096764,True,8.68866972756096,1.0
41,Greedy,V4,"(10, 9)",30.99949903997767,True,24.280035906613797,1.0
41,Greedy,V5,"(47, 64)",9.128818337414017,True,0.5901098714230031,1.0
41,Greedy,V6,"(85, 46)",24.260674913646852,True,0.0,1.0
41,Greedy,V7,"(54, 78)",0.8332793119592523,True,23.785113019775793,1.0
41,Greedy,V8,"(75, 26)",0.17025026778309638,True,30.471132478620753,1.0
41,Greedy,V9,"(77, 20)",26.545853798559243,True,14.564209187796948,1.0
41,Greedy,V10,"(62, 8)",7.195964283935798,True,3.4701050284318278,1.0
41,Auction,V1,"(23, 75)",56.88992337277236,True,2.610076627227638,1.0
41,Auction,V2,"(9, 60)",3.284388913581802,True,10.057070331599467,1.0
41,Auction,V3,"(0, 42)",31.85769978658309,True,20.625,1.0
41,Auction,V4,"(87, 19)",31.530803651355995,True,23.748731295235473,1.0
41,Auction,V5,"(72, 12)",10.48229992357556,True,0.0,1.0
41,Auction,V6,"(20, 99)",16.14865623563402,True,9.044248650140519,2.0
41,Auction,V7,"(77, 76)",24.37799885081188,True,0.0,1.0
41,Auction,V8,"(26, 47)",6.141382746403849,True,24.5,1.0
41,Auction,V9,"(94, 83)",23.139789097957664,True,18.0243938285881,1.0
41,Auction,V10,"(11, 99)",4.942690241368009,True,5.23606797749979,1.0
41,Q-Learning,V1,"(94, 83)",25.99376321115048,True,34.34395912868115,1.0
41,Q-Learning,V2,"(20, 99)",8.144482831126792,True,6.681416216713506,2.0
41,Q-Learning,V3,"(0, 47)",37.98251207042382,True,13.643841132959157,1.0
41,Q-Learning,V4,"(23, 75)",41.53951624334239,True,14.161168720299742,1.0
41,Q-Learning,V5,"(98, 31)",3.0587151497479894,True,6.7841500099883305,1.0
41,Q-Learning,V6,"(85, 81)",25.333333333333336,True,0.6666666666666643,3.0
41,Q-Learning,V7,"(77, 76)",24.37799885081188,True,0.0,1.0
41,Q-Learning,V8,"(0, 34)",14.599014509462194,True,17.821530224718714,3.0
41,Q-Learning,V9,"(99, 76)",43.41118454022626,True,3.472162612982533,6.0
41,Q-Learning,V10,"(9, 60)",0.17192367348634363,True,13.459751934999392,4.0
42,Greedy,V1,"(33, 76)",40.73576462394763,True,17.76423537605237,1.0
42,Greedy,V2,"(53, 60)",2.0371963805162743,True,10.88888888888889,1.0
42,Greedy,V3,"(17, 81)",42.809594496096764,True,7.68866972756096,1.0
42,Greedy,V4,"(10, 9)",30.99949903997767,True,23.280035906613797,1.0
42,Greedy,V5,"(47, 64)",9.128818337414017,True,0.0,1.0
42,Greedy,V6,"(85, 46)",24.260674913646852,False,0.0,2.0
42,Greedy,V7,"(54, 78)",0.8332793119592523,True,22.785113019775793,1.0
42,Greedy,V8,"(75, 26)",0.17025026778309638,True,29.471132478620753,1.0
42,Greedy,V9,"(77, 20)",26.545853798559243,True,13.564209187796948,1.0
42,Greedy,V10,"(62, 8)",7.195964283935798,True,2.4701050284318278,1.0
42,Auction,V1,"(23, 75)",56.88992337277236,True,1.6100766272276381,1.0
42,Auction,V2,"(9, 60)",3.284388913581802,True,9.057070331599467,1.0
42,Auction,V3,"(0, 42)",31.85769978658309,True,19.625,1.0
42,Auction,V4,"(87, 19)",31.530803651355995,True,22.748731295235473,1.0
42,Auction,V5,"(72, 12)",10.48229992357556,False,0.0,2.0
42,Auction,V6,"(20, 99)",16.14865623563402,True,8.044248650140519,2.0
42,Auction,V7,"(99, 76)",4.044665517478549,True,19.333333333333332,1.0
42,Auction,V8,"(26, 47)",6.141382746403849,True,23.5,1.0
42,Auction,V9,"(94, 83)",23.139789097957664,True,17.0243938285881,1.0
42,Auction,V10,"(11, 99)",4.942690241368009,True,4.23606797749979,1.0
42,Q-Learning,V1,"(94, 83)",25.99376321115048,True,33.34395912868115,1.0
42,Q-Learning,V2,"(20, 99)",8.144482831126792,True,5.681416216713506,2.0
42,Q-Learning,V3,"(0, 47)",37.98251207042382,True,12.643841132959157,1.0
42,Q-Learning,V4,"(23, 75)",41.53951624334239,True,13.161168720299742,1.0
42,Q-Learning,V5,"(98, 31)",3.0587151497479894,True,5.7841500099883305,1.0
42,Q-Learning,V6,"(85, 81)",25.333333333333336,True,0.0,3.0
42,Q-Learning,V7,"(77, 76)",24.37799885081188,False,0.0,2.0
42,Q-Learning,V8,"(0, 34)",14.599014509462194,True,16.821530224718714,3.0
42,Q-Learning,V9,"(99, 76)",43.41118454022626,True,2.472162612982533,6.0
42,Q-Learning,V10,"(9, 60)",0.17192367348634363,True,12.459751934999392,4.0
43,Greedy,V1,"(33, 76)",40.73576462394763,True,16.76423537605237,1.0
43,Greedy,V2,"(53, 60)",2.0371963805162743,True,9.88888888888889,1.0
43,Greedy,V3,"(17, 81)",42.809594496096764,True,6.68866972756096,1.0
43,Greedy,V4,"(10, 9)",30.99949903997767,True,22.280035906613797,1.0
43,Greedy,V5,"(47, 64)",9.128818337414017,False,0.0,2.0
43,Greedy,V6,"(85, 46)",24.260674913646852,False,0.0,3.0
43,Greedy,V7,"(54, 78)",0.8332793119592523,True,21.785113019775793,1.0
43,Greedy,V8,"(75, 26)",0.17025026778309638,True,28.471132478620753,1.0
43,Greedy,V9,"(77, 20)",26.545853798559243,True,12.564209187796948,1.0
43,Greedy,V10,"(62, 8)",7.195964283935798,True,1.4701050284318278,1.0
43,Auction,V1,"(23, 75)",56.88992337277236,True,0.6100766272276381,1.0
43,Auction,V2,"(9, 60)",3.284388913581802,True,8.057070331599467,1.0
43,Auction,V3,"(0, 42)",31.85769978658309,True,18.625,1.0
43,Auction,V4,"(87, 19)",31.530803651355995,True,21.748731295235473,1.0
43,Auction,V5,"(72, 12)",10.48229992357556,False,0.0,3.0
43,Auction,V6,"(20, 99)",16.14865623563402,True,7.044248650140519,2.0
43,Auction,V7,"(99, 76)",4.044665517478549,True,18.333333333333332,1.0
43,Auction,V8,"(26, 47)",6.141382746403849,True,22.5,1.0
43,Auction,V9,"(94, 83)",23.139789097957664,True,16.0243938285881,1.0
43,Auction,V10,"(11, 99)",4.942690241368009,True,3.23606797749979,1.0
43,Q-Learning,V1,"(94, 83)",25.99376321115048,True,32.34395912868115,1.0
43,Q-Learning,V2,"(20, 99)",8.144482831126792,True,4.681416216713506,2.0
43,Q-Learning,V3,"(0, 47)",37.98251207042382,True,11.643841132959157,1.0
43,Q-Learning,V4,"(23, 75)",41.53951624334239,True,12.161168720299742,1.0
43,Q-Learning,V5,"(98, 31)",3.0587151497479894,True,4.7841500099883305,1.0
43,Q-Learning,V6,"(85, 81)",25.333333333333336,False,0.0,4.0
43,Q-Learning,V7,"(77, 76)",24.37799885081188,False,0.0,3.0
43,Q-Learning,V8,"(0, 34)",14.599014509462194,True,15.821530224718714,3.0
43,Q-Learning,V9,"(99, 76)",43.41118454022626,True,1.4721626129825331,6.0
43,Q-Learning,V10,"(9, 60)",0.17192367348634363,True,11.459751934999392,4.0
44,Greedy,V1,"(33, 76)",40.73576462394763,True,15.764235376052369,1.0
44,Greedy,V2,"(53, 60)",2.0371963805162743,True,8.88888888888889,1.0
44,Greedy,V3,"(17, 81)",42.809594496096764,True,5.68866972756096,1.0
44,Greedy,V4,"(10, 9)",30.99949903997767,True,21.280035906613797,1.0
44,Greedy,V5,"(47, 64)",9.128818337414017,False,0.0,3.0
44,Greedy,V6,"(85, 46)",24.260674913646852,False,0.0,4.0
44,Greedy,V7,"(54, 78)",0.8332793119592523,True,20.785113019775793,1.0
44,Greedy,V8,"(75, 26)",0.17025026778309638,True,27.471132478620753,1.0
44,Greedy,V9,"(77, 20)",26.545853798559243,True,11.564209187796948,1.0
44,Greedy,V10,"(62, 8)",7.195964283935798,True,0.4701050284318278,1.0
44,Auction,V1,"(23, 75)",56.88992337277236,True,0.0,1.0
44,Auction,V2,"(9, 60)",3.284388913581802,True,7.057070331599467,1.0
44,Auction,V3,"(0, 42)",31.85769978658309,True,17.625,1.0
44,Auction,V4,"(87, 19)",31.530803651355995,True,20.748731295235473,1.0
44,Auction,V5,"(72, 12)",10.48229992357556,False,0.0,4.0
44,Auction,V6,"(20, 99)",16.14865623563402,True,6.044248650140519,2.0
44,Auction,V7,"(99, 76)",4.044665517478549,True,17.333333333333332,1.0
44,Auction,V8,"(26, 47)",6.141382746403849,True,21.5,1.0
44,Auction,V9,"(94, 83)",23.139789097957664,True,15.0243938285881,1.0
44,Auction,V10,"(11, 99)",4.942690241368009,True,2.23606797749979,1.0
44,Q-Learning,V1,"(94, 83)",25.99376321115048,True,31.34395912868115,1.0
44,Q-Learning,V2,"(20, 99)",8.144482831126792,True,3.6814162167135063,2.0
44,Q-Learning,V3,"(0, 47)",37.98251207042382,True,10.643841132959157,1.0
44,Q-Learning,V4,"(23, 75)",41.53951624334239,True,11.161168720299742,1.0
44,Q-Learning,V5,"(98, 31)",3.0587151497479894,True,3.7841500099883305,1.0
44,Q-Learning,V6,"(85, 81)",25.333333333333336,False,0.0,5.0
44,Q-Learning,V7,"(77, 76)",24.37799885081188,False,0.0,4.0
44,Q-Learning,V8,"(0, 34)",14.599014509462194,True,14.821530224718714,3.0
44,Q-Learning,V9,"(99, 76)",43.41118454022626,True,0.47216261298253315,6.0
44,Q-Learning,V10,"(9, 60)",0.17192367348634363,True,10.459751934999392,4.0
45,Greedy,V1,"(33, 76)",40.73576462394763,True,14.764235376052369,1.0
45,Greedy,V2,"(53, 60)",2.0371963805162743,True,7.888888888888889,1.0
45,Greedy,V3,"(17, 81)",42.809594496096764,True,4.68866972756096,1.0
45,Greedy,V4,"(10, 9)",30.99949903997767,True,20.280035906613797,1.0
45,Greedy,V5,"(47, 64)",9.128818337414017,False,0.0,4.0
45,Greedy,V6,"(85, 46)",24.260674913646852,False,0.0,5.0
45,Greedy,V7,"(54, 78)",0.8332793119592523,True,19.785113019775793,1.0
45,Greedy,V8,"(75, 26)",0.17025026778309638,True,26.471132478620753,1.0
45,Greedy,V9,"(77, 20)",26.545853798559243,True,10.564209187796948,1.0
45,Greedy,V10,"(62, 8)",7.195964283935798,True,0.0,1.0
45,Auction,V1,"(27, 80)",30.289142313414146,True,25.600781059358212,1.0
45,Auction,V2,"(9, 60)",3.284388913581802,True,6.057070331599467,1.0
45,Auction,V3,"(0, 42)",31.85769978658309,True,16.625,1.0
45,Auction,V4,"(87, 19)",31.530803651355995,True,19.748731295235473,1.0
45,Auction,V5,"(72, 12)",10.48229992357556,False,0.0,5.0
45,Auction,V6,"(20, 99)",16.14865623563402,True,5.044248650140519,2.0
45,Auction,V7,"(99, 76)",4.044665517478549,True,16.333333333333332,1.0
45,Auction,V8,"(26, 47)",6.141382746403849,True,20.5,1.0
45,Auction,V9,"(94, 83)",23.139789097957664,True,14.0243938285881,1.0
45,Auction,V10,"(11, 99)",4.942690241368009,True,1.2360679774997898,1.0
45,Q-Learning,V1,"(94, 83)",25.99376321115048,True,30.34395912868115,1.0
45,Q-Learning,V2,"(20, 99)",8.144482831126792,True,2.6814162167135063,2.0
45,Q-Learning,V3,"(0, 47)",37.98251207042382,True,9.643841132959157,1.0
45,Q-Learning,V4,"(23, 75)",41.53951624334239,True,10.161168720299742,1.0
45,Q-Learning,V5,"(98, 31)",3.0587151497479894,True,2.7841500099883305,1.0
45,Q-Learning,V6,"(85, 81)",25.333333333333336,False,0.0,6.0
45,Q-Learning,V7,"(77, 76)",24.37799885081188,False,0.0,5.0
45,Q-Learning,V8,"(0, 34)",14.599014509462194,True,13.821530224718714,3.0
45,Q-Learning,V9,"(99, 76)",43.41118454022626,True,0.0,6.0
45,Q-Learning,V10,"(9, 60)",0.17192367348634363,True,9.459751934999392,4.0
46,Greedy,V1,"(33, 76)",40.73576462394763,True,13.764235376052369,1.0
46,Greedy,V2,"(53, 60)",2.0371963805162743,True,6.888888888888889,1.0
46,Greedy,V3,"(17, 81)",42.809594496096764,True,3.68866972756096,1.0
46,Greedy,V4,"(10, 9)",30.99949903997767,True,19.280035906613797,1.0
46,Greedy,V5,"(47, 64)",9.128818337414017,False,0.0,5.0
46,Greedy,V6,"(85, 46)",24.260674913646852,False,0.0,6.0
46,Greedy,V7,"(54, 78)",0.8332793119592523,True,18.785113019775793,1.0
46,Greedy,V8,"(75, 26)",0.17025026778309638,True,25.471132478620753,1.0
46,Greedy,V9,"(77, 20)",26.545853798559243,True,9.564209187796948,1.0
46,Greedy,V10,"(62, 8)",7.195964283935798,False,0.0,2.0
46,Auction,V1,"(27, 80)",30.289142313414146,True,24.600781059358212,1.0
46,Auction,V2,"(9, 60)",3.284388913581802,True,5.057070331599467,1.0
46,Auction,V3,"(0, 42)",31.85769978658309,True,15.625,1.0
46,Auction,V4,"(87, 19)",31.530803651355995,True,18.748731295235473,1.0
46,Auction,V5,"(72, 12)",10.48229992357556,False,0.0,6.0
46,Auction,V6,"(20, 99)",16.14865623563402,True,4.044248650140519,2.0
46,Auction,V7,"(99, 76)",4.044665517478549,True,15.333333333333332,1.0
46,Auction,V8,"(26, 47)",6.141382746403849,True,19.5,1.0
46,Auction,V9,"(94, 83)",23.139789097957664,True,13.0243938285881,1.0
46,Auction,V10,"(11, 99)",4.942690241368009,True,0.2360679774997898,1.0
46,Q-Learning,V1,"(94, 83)",25.99376321115048,True,29.34395912868115,1.0
46,Q-Learning,V2,"(20, 99)",8.144482831126792,True,1.6814162167135063,2.0
46,Q-Learning,V3,"(0, 47)",37.98251207042382,True,8.643841132959157,1.0
46,Q-Learning,V4,"(23, 75)",41.53951624334239,True,9.161168720299742,1.0
46,Q-Learning,V5,"(98, 31)",3.0587151497479894,True,1.7841500099883305,1.0
46,Q-Learning,V6,"(85, 81)",25.333333333333336,False,0.0,7.0
46,Q-Learning,V7,"(77, 76)",24.37799885081188,False,0.0,6.0
46,Q-Learning,V8,"(0, 34)",14.599014509462194,True,12.821530224718714,3.0
46,Q-Learning,V9,"(26, 47)",19.683479257268267,True,22.72770528295799,6.0
46,Q-Learning,V10,"(9, 60)",0.17192367348634363,True,8.459751934999392,4.0
47,Greedy,V1,"(33, 76)",40.73576462394763,True,12.764235376052369,1.0
47,Greedy,V2,"(53, 60)",2.0371963805162743,True,5.888888888888889,1.0
47,Greedy,V3,"(17, 81)",42.809594496096764,True,2.68866972756096,1.0
47,Greedy,V4,"(10, 9)",30.99949903997767,True,18.280035906613797,1.0
47,Greedy,V5,"(47, 64)",9.128818337414017,False,0.0,6.0
47,Greedy,V6,"(85, 46)",24.260674913646852,False,0.0,7.0
47,Greedy,V7,"(54, 78)",0.8332793119592523,True,17.785113019775793,1.0
47,Greedy,V8,"(75, 26)",0.17025026778309638,True,24.471132478620753,1.0
47,Greedy,V9,"(77, 20)",26.545853798559243,True,8.564209187796948,1.0
47,Greedy,V10,"(62, 8)",7.195964283935798,False,0.0,3.0
47,Auction,V1,"(27, 80)",30.289142313414146,True,23.600781059358212,1.0
47,Auction,V2,"(9, 60)",3.284388913581802,True,4.057070331599467,1.0
47,Auction,V3,"(0, 42)",31.85769978658309,True,14.625,1.0
47,Auction,V4,"(87, 19)",31.530803651355995,True,17.748731295235473,1.0
47,Auction,V5,"(72, 12)",10.48229992357556,False,0.0,7.0
47,Auction,V6,"(20, 99)",16.14865623563402,True,3.044248650140519,2.0
47,Auction,V7,"(99, 76)",4.044665517478549,True,14.333333333333332,1.0
47,Auction,V8,"(26, 47)",6.141382746403849,True,18.5,1.0
47,Auction,V9,"(94, 83)",23.139789097957664,True,12.0243938285881,1.0
47,Auction,V10,"(11, 99)",4.942690241368009,True,0.0,1.0
47,Q-Learning,V1,"(94, 83)",25.99376321115048,True,28.34395912868115,1.0
47,Q-Learning,V2,"(20, 99)",8.144482831126792,True,0.6814162167135063,2.0
47,Q-Learning,V3,"(0, 47)",37.98251207042382,True,7.643841132959157,1.0
47,Q-Learning,V4,"(23, 75)",41.53951624334239,True,8.161168720299742,1.0
47,Q-Learning,V5,"(98, 31)",3.0587151497479894,True,0.7841500099883305,1.0
47,Q-Learning,V6,"(85, 81)",25.333333333333336,False,0.0,8.0
47,Q-Learning,V7,"(77, 76)",24.37799885081188,False,0.0,7.0
47,Q-Learning,V8,"(0, 34)",14.599014509462194,True,11.821530224718714,3.0
47,Q-Learning,V9,"(26, 47)",19.683479257268267,True,21.72770528295799,6.0
47,Q-Learning,V10,"(9, 60)",0.17192367348634363,True,7.459751934999392,4.0
48,Greedy,V1,"(33, 76)",40.73576462394763,True,11.764235376052369,1.0
48,Greedy,V2,"(53, 60)",2.0371963805162743,True,4.888888888888889,1.0
48,Greedy,V3,"(17, 81)",42.809594496096764,True,1.68866972756096,1.0
48,Greedy,V4,"(10, 9)",30.99949903997767,True,17.280035906613797,1.0
48,Greedy,V5,"(47, 64)",9.128818337414017,False,0.0,7.0
48,Greedy,V6,"(85, 46)",24.260674913646852,False,0.0,8.0
48,Greedy,V7,"(54, 78)",0.8332793119592523,True,16.785113019775793,1.0
48,Greedy,V8,"(75, 26)",0.17025026778309638,True,23.471132478620753,1.0
48,Greedy,V9,"(77, 20)",26.545853798559243,True,7.564209187796948,1.0
48,Greedy,V10,"(62, 8)",7.195964283935798,False,0.0,4.0
48,Auction,V1,"(27, 80)",30.289142313414146,True,22.600781059358212,1.0
48,Auction,V2,"(9, 60)",3.284388913581802,True,3.0570703315994674,1.0
48,Auction,V3,"(0, 42)",31.85769978658309,True,13.625,1.0
48,Auction,V4,"(87, 19)",31.530803651355995,True,16.748731295235473,1.0
48,Auction,V5,"(72, 12)",10.48229992357556,False,0.0,8.0
48,Auction,V6,"(20, 99)",16.14865623563402,True,2.044248650140519,2.0
48,Auction,V7,"(99, 76)",4.044665517478549,True,13.333333333333332,1.0
48,Auction,V8,"(26, 47)",6.141382746403849,True,17.5,1.0
48,Auction,V9,"(94, 83)",23.139789097957664,True,11.0243938285881,1.0
48,Auction,V10,"(11, 99)",4.942690241368009,False,0.0,2.0
48,Q-Learning,V1,"(94, 83)",25.99376321115048,True,27.34395912868115,1.0
48,Q-Learning,V2,"(20, 99)",8.144482831126792,True,0.0,2.0
48,Q-Learning,V3,"(0, 47)",37.98251207042382,True,6.643841132959157,1.0
48,Q-Learning,V4,"(23, 75)",41.53951624334239,True,7.161168720299742,1.0
48,Q-Learning,V5,"(98, 31)",3.0587151497479894,True,0.0,1.0
48,Q-Learning,V6,"(85, 81)",25.333333333333336,False,0.0,9.0
48,Q-Learning,V7,"(77, 76)",24.37799885081188,False,0.0,8.0
48,Q-Learning,V8,"(0, 34)",14.599014509462194,True,10.821530224718714,3.0
48,Q-Learning,V9,"(26, 47)",19.683479257268267,True,20.72770528295799,6.0
48,Q-Learning,V10,"(9, 60)",0.17192367348634363,True,6.459751934999392,4.0
49,Greedy,V1,"(33, 76)",40.73576462394763,True,10.764235376052369,1.0
49,Greedy,V2,"(53, 60)",2.0371963805162743,True,3.8888888888888893,1.0
49,Greedy,V3,"(17, 81)",42.809594496096764,True,0.6886697275609599,1.0
49,Greedy,V4,"(10, 9)",30.99949903997767,True,16.280035906613797,1.0
49,Greedy,V5,"(47, 64)",9.128818337414017,False,0.0,8.0
49,Greedy,V6,"(85, 46)",24.260674913646852,False,0.0,9.0
49,Greedy,V7,"(54, 78)",0.8332793119592523,True,15.785113019775793,1.0
49,Greedy,V8,"(75, 26)",0.17025026778309638,True,22.471132478620753,1.0
49,Greedy,V9,"(77, 20)",26.545853798559243,True,6.564209187796948,1.0
49,Greedy,V10,"(62, 8)",7.195964283935798,False,0.0,5.0
49,Auction,V1,"(27, 80)",30.289142313414146,True,21.600781059358212,1.0
49,Auction,V2,"(9, 60)",3.284388913581802,True,2.0570703315994674,1.0
49,Auction,V3,"(0, 42)",31.85769978658309,True,12.625,1.0
49,Auction,V4,"(87, 19)",31.530803651355995,True,15.748731295235473,1.0
49,Auction,V5,"(72, 12)",10.48229992357556,False,0.0,9.0
49,Auction,V6,"(20, 99)",16.14865623563402,True,1.0442486501405188,2.0
49,Auction,V7,"(99, 76)",4.044665517478549,True,12.333333333333332,1.0
49,Auction,V8,"(26, 47)",6.141382746403849,True,16.5,1.0
49,Auction,V9,"(94, 83)",23.139789097957664,True,10.0243938285881,1.0
49,Auction,V10,"(11, 99)",4.942690241368009,False,0.0,3.0
49,Q-Learning,V1,"(94, 83)",25.99376321115048,True,26.34395912868115,1.0
49,Q-Learning,V2,"(20, 99)",8.144482831126792,False,0.0,3.0
49,Q-Learning,V3,"(0, 47)",37.98251207042382,True,5.643841132959157,1.0
49,Q-Learning,V4,"(23, 75)",41.53951624334239,True,6.161168720299742,1.0
49,Q-Learning,V5,"(98, 31)",3.0587151497479894,False,0.0,2.0
49,Q-Learning,V6,"(85, 81)",25.333333333333336,False,0.0,10.0
49,Q-Learning,V7,"(77, 76)",24.37799885081188,False,0.0,9.0
49,Q-Learning,V8,"(0, 34)",14.599014509462194,True,9.821530224718714,3.0
49,Q-Learning,V9,"(26, 47)",19.683479257268267,True,19.72770528295799,6.0
49,Q-Learning,V10,"(9, 60)",0.17192367348634363,True,5.459751934999392,4.0
50,Greedy,V1,"(33, 76)",40.73576462394763,True,9.764235376052369,1.0
50,Greedy,V2,"(53, 60)",2.0371963805162743,True,2.8888888888888893,1.0
50,Greedy,V3,"(17, 81)",42.809594496096764,True,0.0,1.0
50,Greedy,V4,"(10, 9)",30.99949903997767,True,15.280035906613797,1.0
50,Greedy,V5,"(47, 64)",9.128818337414017,False,0.0,9.0
50,Greedy,V6,"(85, 46)",24.260674913646852,False,0.0,10.0
50,Greedy,V7,"(54, 78)",0.8332793119592523,True,14.785113019775793,1.0
50,Greedy,V8,"(75, 26)",0.17025026778309638,True,21.471132478620753,1.0
50,Greedy,V9,"(77, 20)",26.545853798559243,True,5.564209187796948,1.0
50,Greedy,V10,"(62, 8)",7.195964283935798,False,0.0,6.0
50,Auction,V1,"(27, 80)",30.289142313414146,True,20.600781059358212,1.0
50,Auction,V2,"(9, 60)",3.284388913581802,True,1.0570703315994674,1.0
50,Auction,V3,"(0, 42)",31.85769978658309,True,11.625,1.0
50,Auction,V4,"(87, 19)",31.530803651355995,True,14.748731295235473,1.0
50,Auction,V5,"(72, 12)",10.48229992357556,False,0.0,10.0
50,Auction,V6,"(20, 99)",16.14865623563402,True,0.04424865014051882,2.0
50,Auction,V7,"(99, 76)",4.044665517478549,True,11.333333333333332,1.0
50,Auction,V8,"(26, 47)",6.141382746403849,True,15.5,1.0
50,Auction,V9,"(94, 83)",23.139789097957664,True,9.0243938285881,1.0
50,Auction,V10,"(11, 99)",4.942690241368009,False,0.0,4.0
50,Q-Learning,V1,"(94, 83)",25.99376321115048,True,25.34395912868115,1.0
50,Q-Learning,V2,"(20, 99)",8.144482831126792,False,0.0,4.0
50,Q-Learning,V3,"(0, 47)",37.98251207042382,True,4.643841132959157,1.0
50,Q-Learning,V4,"(23, 75)",41.53951624334239,True,5.161168720299742,1.0
50,Q-Learning,V5,"(98, 31)",3.0587151497479894,False,0.0,3.0
50,Q-Learning,V6,"(85, 81)",25.333333333333336,False,0.0,11.0
50,Q-Learning,V7,"(77, 76)",24.37799885081188,False,0.0,10.0
50,Q-Learning,V8,"(0, 34)",14.599014509462194,True,8.821530224718714,3.0
50,Q-Learning,V9,"(26, 47)",19.683479257268267,True,18.72770528295799,6.0
50,Q-Learning,V10,"(9, 60)",0.17192367348634363,True,4.459751934999392,4.0
51,Greedy,V1,"(33, 76)",40.73576462394763,True,8.764235376052369,1.0
51,Greedy,V2,"(53, 60)",2.0371963805162743,True,1.8888888888888893,1.0
51,Greedy,V3,"(17, 81)",23.43788625097048,True,18.371708245126285,1.0
51,Greedy,V4,"(10, 9)",30.99949903997767,True,14.280035906613797,1.0
51,Greedy,V5,"(47, 64)",9.128818337414017,False,0.0,10.0
51,Greedy,V6,"(85, 46)",24.260674913646852,False,0.0,11.0
51,Greedy,V7,"(54, 78)",0.8332793119592523,True,13.785113019775793,1.0
51,Greedy,V8,"(75, 26)",0.17025026778309638,True,20.471132478620753,1.0
51,Greedy,V9,"(77, 20)",26.545853798559243,True,4.564209187796948,1.0
51,Greedy,V10,"(62, 8)",7.195964283935798,False,0.0,7.0
51,Auction,V1,"(27, 80)",30.289142313414146,True,19.600781059358212,1.0
51,Auction,V2,"(9, 60)",3.284388913581802,True,0.057070331599467394,1.0
51,Auction,V3,"(0, 42)",31.85769978658309,True,10.625,1.0
51,Auction,V4,"(87, 19)",31.530803651355995,True,13.748731295235473,1.0
51,Auction,V5,"(72, 12)",10.48229992357556,False,0.0,11.0
51,Auction,V6,"(20, 99)",16.14865623563402,True,0.0,2.0
51,Auction,V7,"(99, 76)",4.044665517478549,True,10.333333333333332,1.0
51,Auction,V8,"(26, 47)",6.141382746403849,True,14.5,1.0
51,Auction,V9,"(94, 83)",23.139789097957664,True,8.0243938285881,1.0
51,Auction,V10,"(11, 99)",4.942690241368009,False,0.0,5.0
51,Q-Learning,V1,"(94, 83)",25.99376321115048,True,24.34395912868115,1.0
51,Q-Learning,V2,"(20, 99)",8.144482831126792,False,0.0,5.0
51,Q-Learning,V3,"(0, 47)",37.98251207042382,True,3.6438411329591567,1.0
51,Q-Learning,V4,"(23, 75)",41.53951624334239,True,4.161168720299742,1.0
51,Q-Learning,V5,"(98, 31)",3.0587151497479894,False,0.0,4.0
51,Q-Learning,V6,"(85, 81)",25.333333333333336,False,0.0,12.0
51,Q-Learning,V7,"(77, 76)",24.37799885081188,False,0.0,11.0
51,Q-Learning,V8,"(0, 34)",14.599014509462194,True,7.821530224718714,3.0
51,Q-Learning,V9,"(26, 47)",19.683479257268267,True,17.72770528295799,6.0
51,Q-Learning,V10,"(9, 60)",0.17192367348634363,True,3.4597519349993924,4.0
52,Greedy,V1,"(33, 76)",40.73576462394763,True,7.764235376052369,1.0
52,Greedy,V2,"(53, 60)",2.0371963805162743,True,0.8888888888888893,1.0
52,Greedy,V3,"(17, 81)",23.43788625097048,True,17.371708245126285,1.0
52,Greedy,V4,"(10, 9)",30.99949903997767,True,13.280035906613797,1.0
52,Greedy,V5,"(47, 64)",9.128818337414017,False,0.0,11.0
52,Greedy,V6,"(85, 46)",24.260674913646852,False,0.0,12.0
52,Greedy,V7,"(54, 78)",0.8332793119592523,True,12.785113019775793,1.0
52,Greedy,V8,"(75, 26)",0.17025026778309638,True,19.471132478620753,1.0
52,Greedy,V9,"(77, 20)",26.545853798559243,True,3.5642091877969477,1.0
52,Greedy,V10,"(62, 8)",7.195964283935798,False,0.0,8.0
52,Auction,V1,"(27, 80)",30.289142313414146,True,18.600781059358212,1.0
52,Auction,V2,"(9, 60)",3.284388913581802,True,0.0,1.0
52,Auction,V3,"(0, 42)",31.85769978658309,True,9.625,1.0
52,Auction,V4,"(87, 19)",31.530803651355995,True,12.748731295235473,1.0
52,Auction,V5,"(72, 12)",10.48229992357556,False,0.0,12.0
52,Auction,V6,"(7, 98)",0.8025212988322554,True,14.346134936801766,2.0
52,Auction,V7,"(99, 76)",4.044665517478549,True,9.333333333333332,1.0
52,Auction,V8,"(26, 47)",6.141382746403849,True,13.5,1.0
52,Auction,V9,"(94, 83)",23.139789097957664,True,7.024393828588099,1.0
52,Auction,V10,"(11, 99)",4.942690241368009,False,0.0,6.0
52,Q-Learning,V1,"(94, 83)",25.99376321115048,True,23.34395912868115,1.0
52,Q-Learning,V2,"(20, 99)",8.144482831126792,False,0.0,6.0
52,Q-Learning,V3,"(0, 47)",37.98251207042382,True,2.6438411329591567,1.0
52,Q-Learning,V4,"(23, 75)",41.53951624334239,True,3.1611687202997416,1.0
52,Q-Learning,V5,"(98, 31)",3.0587151497479894,False,0.0,5.0
52,Q-Learning,V6,"(85, 81)",25.333333333333336,False,0.0,13.0
52,Q-Learning,V7,"(77, 76)",24.37799885081188,False,0.0,12.0
52,Q-Learning,V8,"(0, 34)",14.599014509462194,True,6.821530224718714,3.0
52,Q-Learning,V9,"(26, 47)",19.683479257268267,True,16.72770528295799,6.0
52,Q-Learning,V10,"(9, 60)",0.17192367348634363,True,2.4597519349993924,4.0
53,Greedy,V1,"(33, 76)",40.73576462394763,True,6.764235376052369,1.0
53,Greedy,V2,"(53, 60)",2.0371963805162743,True,0.0,1.0
53,Greedy,V3,"(17, 81)",23.43788625097048,True,16.371708245126285,1.0
53,Greedy,V4,"(10, 9)",30.99949903997767,True,12.280035906613797,1.0
53,Greedy,V5,"(47, 64)",9.128818337414017,False,0.0,12.0
53,Greedy,V6,"(85, 46)",24.260674913646852,False,0.0,13.0
53,Greedy,V7,"(54, 78)",0.8332793119592523,True,11.785113019775793,1.0
53,Greedy,V8,"(75, 26)",0.17025026778309638,True,18.471132478620753,1.0
53,Greedy,V9,"(77, 20)",26.545853798559243,True,2.5642091877969477,1.0
53,Greedy,V10,"(62, 8)",7.195964283935798,False,0.0,9.0
53,Auction,V1,"(27, 80)",30.289142313414146,True,17.600781059358212,1.0
53,Auction,V2,"(9, 60)",3.284388913581802,False,0.0,2.0
53,Auction,V3,"(0, 42)",31.85769978658309,True,8.625,1.0
53,Auction,V4,"(87, 19)",31.530803651355995,True,11.748731295235473,1.0
53,Auction,V5,"(72, 12)",10.48229992357556,False,0.0,13.0
53,Auction,V6,"(7, 98)",0.8025212988322554,True,13.346134936801766,2.0
53,Auction,V7,"(99, 76)",4.044665517478549,True,8.333333333333332,1.0
53,Auction,V8,"(26, 47)",6.141382746403849,True,12.5,1.0
53,Auction,V9,"(94, 83)",23.139789097957664,True,6.024393828588099,1.0
53,Auction,V10,"(11, 99)",4.942690241368009,False,0.0,7.0
53,Q-Learning,V1,"(94, 83)",25.99376321115048,True,22.34395912868115,1.0
53,Q-Learning,V2,"(20, 99)",8.144482831126792,False,0.0,7.0
53,Q-Learning,V3,"(0, 47)",37.98251207042382,True,1.6438411329591567,1.0
53,Q-Learning,V4,"(23, 75)",41.53951624334239,True,2.1611687202997416,1.0
53,Q-Learning,V5,"(98, 31)",3.0587151497479894,False,0.0,6.0
53,Q-Learning,V6,"(85, 81)",25.333333333333336,False,0.0,14.0
53,Q-Learning,V7,"(77, 76)",24.37799885081188,False,0.0,13.0
53,Q-Learning,V8,"(0, 34)",14.599014509462194,True,5.821530224718714,3.0
53,Q-Learning,V9,"(26, 47)",19.683479257268267,True,15.727705282957992,6.0
53,Q-Learning,V10,"(9, 60)",0.17192367348634363,True,1.4597519349993924,4.0
54,Greedy,V1,"(33, 76)",40.73576462394763,True,5.764235376052369,1.0
54,Greedy,V2,"(53, 60)",2.0371963805162743,False,0.0,2.0
54,Greedy,V3,"(17, 81)",23.43788625097048,True,15.371708245126285,1.0
54,Greedy,V4,"(10, 9)",30.99949903997767,True,11.280035906613797,1.0
54,Greedy,V5,"(47, 64)",9.128818337414017,False,0.0,13.0
54,Greedy,V6,"(85, 46)",24.260674913646852,False,0.0,14.0
54,Greedy,V7,"(54, 78)",0.8332793119592523,True,10.785113019775793,1.0
54,Greedy,V8,"(75, 26)",0.17025026778309638,True,17.471132478620753,1.0
54,Greedy,V9,"(77, 20)",26.545853798559243,True,1.5642091877969477,1.0
54,Greedy,V10,"(62, 8)",7.195964283935798,False,0.0,10.0
54,Auction,V1,"(27, 80)",30.289142313414146,True,16.600781059358212,1.0
54,Auction,V2,"(9, 60)",3.284388913581802,False,0.0,3.0
54,Auction,V3,"(0, 42)",31.85769978658309,True,7.625,1.0
54,Auction,V4,"(87, 19)",31.530803651355995,True,10.748731295235473,1.0
54,Auction,V5,"(72, 12)",10.48229992357556,False,0.0,14.0
54,Auction,V6,"(7, 98)",0.8025212988322554,True,12.346134936801766,2.0
54,Auction,V7,"(99, 76)",4.044665517478549,True,7.333333333333332,1.0
54,Auction,V8,"(26, 47)",6.141382746403849,True,11.5,1.0
54,Auction,V9,"(94, 83)",23.139789097957664,True,5.024393828588099,1.0
54,Auction,V10,"(11, 99)",4.942690241368009,False,0.0,8.0
54,Q-Learning,V1,"(94, 83)",25.99376321115048,True,21.34395912868115,1.0
54,Q-Learning,V2,"(20, 99)",8.144482831126792,False,0.0,8.0
54,Q-Learning,V3,"(0, 47)",37.98251207042382,True,0.6438411329591567,1.0
54,Q-Learning,V4,"(23, 75)",41.53951624334239,True,1.1611687202997416,1.0
54,Q-Learning,V5,"(98, 31)",3.0587151497479894,False,0.0,7.0
54,Q-Learning,V6,"(85, 81)",25.333333333333336,False,0.0,15.0
54,Q-Learning,V7,"(77, 76)",24.37799885081188,False,0.0,14.0
54,Q-Learning,V8,"(0, 34)",14.599014509462194,True,4.821530224718714,3.0
54,Q-Learning,V9,"(26, 47)",19.683479257268267,True,14.727705282957992,6.0
54,Q-Learning,V10,"(9, 60)",0.17192367348634363,True,0.4597519349993924,4.0
55,Greedy,V1,"(33, 76)",40.73576462394763,True,4.764235376052369,1.0
55,Greedy,V2,"(53, 60)",2.0371963805162743,False,0.0,3.0
55,Greedy,V3,"(17, 81)",23.43788625097048,True,14.371708245126285,1.0
55,Greedy,V4,"(10, 9)",30.99949903997767,True,10.280035906613797,1.0
55,Greedy,V5,"(47, 64)",9.128818337414017,False,0.0,14.0
55,Greedy,V6,"(85, 46)",24.260674913646852,False,0.0,15.0
55,Greedy,V7,"(54, 78)",0.8332793119592523,True,9.785113019775793,1.0
55,Greedy,V8,"(75, 26)",0.17025026778309638,True,16.471132478620753,1.0
55,Greedy,V9,"(77, 20)",26.545853798559243,True,0.5642091877969477,1.0
55,Greedy,V10,"(62, 8)",7.195964283935798,False,0.0,11.0
55,Auction,V1,"(27, 80)",30.289142313414146,True,15.600781059358212,1.0
55,Auction,V2,"(9, 60)",3.284388913581802,False,0.0,4.0
55,Auction,V3,"(0, 42)",31.85769978658309,True,6.625,1.0
55,Auction,V4,"(87, 19)",31.530803651355995,True,9.748731295235473,1.0
55,Auction,V5,"(72, 12)",10.48229992357556,False,0.0,15.0
55,Auction,V6,"(7, 98)",0.8025212988322554,True,11.346134936801766,2.0
55,Auction,V7,"(99, 76)",4.044665517478549,True,6.333333333333332,1.0
55,Auction,V8,"(26, 47)",6.141382746403849,True,10.5,1.0
55,Auction,V9,"(94, 83)",23.139789097957664,True,4.024393828588099,1.0
55,Auction,V10,"(11, 99)",4.942690241368009,False,0.0,9.0
55,Q-Learning,V1,"(94, 83)",25.99376321115048,True,20.34395912868115,1.0
55,Q-Learning,V2,"(20, 99)",8.144482831126792,False,0.0,9.0
55,Q-Learning,V3,"(0, 47)",37.98251207042382,True,0.0,1.0
55,Q-Learning,V4,"(23, 75)",41.53951624334239,True,0.1611687202997416,1.0
55,Q-Learning,V5,"(98, 31)",3.0587151497479894,False,0.0,8.0
55,Q-Learning,V6,"(85, 81)",25.333333333333336,False,0.0,16.0
55,Q-Learning,V7,"(77, 76)",24.37799885081188,False,0.0,15.0
55,Q-Learning,V8,"(0, 34)",14.599014509462194,True,3.821530224718714,3.0
55,Q-Learning,V9,"(26, 47)",19.683479257268267,True,13.727705282957992,6.0
55,Q-Learning,V10,"(9, 60)",0.17192367348634363,True,0.0,4.0
56,Greedy,V1,"(33, 76)",40.73576462394763,True,3.764235376052369,1.0
56,Greedy,V2,"(53, 60)",2.0371963805162743,False,0.0,4.0
56,Greedy,V3,"(17, 81)",23.43788625097048,True,13.371708245126285,1.0
56,Greedy,V4,"(10, 9)",30.99949903997767,True,9.280035906613797,1.0
56,Greedy,V5,"(47, 64)",9.128818337414017,False,0.0,15.0
56,Greedy,V6,"(85, 46)",24.260674913646852,False,0.0,16.0
56,Greedy,V7,"(54, 78)",0.8332793119592523,True,8.785113019775793,1.0
56,Greedy,V8,"(75, 26)",0.17025026778309638,True,15.471132478620753,1.0
56,Greedy,V9,"(77, 20)",26.545853798559243,True,0.0,1.0
56,Greedy,V10,"(62, 8)",7.195964283935798,False,0.0,12.0
56,Auction,V1,"(27, 80)",30.289142313414146,True,14.600781059358212,1.0
56,Auction,V2,"(9, 60)",3.284388913581802,False,0.0,5.0
56,Auction,V3,"(0, 42)",31.85769978658309,True,5.625,1.0
56,Auction,V4,"(87, 19)",31.530803651355995,True,8.748731295235473,1.0
56,Auction,V5,"(72, 12)",10.48229992357556,False,0.0,16.0
56,Auction,V6,"(7, 98)",0.8025212988322554,True,10.346134936801766,2.0
56,Auction,V7,"(99, 76)",4.044665517478549,True,5.333333333333332,1.0
56,Auction,V8,"(26, 47)",6.141382746403849,True,9.5,1.0
56,Auction,V9,"(94, 83)",23.139789097957664,True,3.0243938285880994,1.0
56,Auction,V10,"(11, 99)",4.942690241368009,False,0.0,10.0
56,Q-Learning,V1,"(94, 83)",25.99376321115048,True,19.34395912868115,1.0
56,Q-Learning,V2,"(20, 99)",8.144482831126792,False,0.0,10.0
56,Q-Learning,V3,"(74, 64)",7.491562434059716,True,29.490949636364107,1.0
56,Q-Learning,V4,"(23, 75)",41.53951624334239,True,0.0,1.0
56,Q-Learning,V5,"(98, 31)",3.0587151497479894,False,0.0,9.0
56,Q-Learning,V6,"(85, 81)",25.333333333333336,False,0.0,17.0
56,Q-Learning,V7,"(77, 76)",24.37799885081188,False,0.0,16.0
56,Q-Learning,V8,"(0, 34)",14.599014509462194,True,2.821530224718714,3.0
56,Q-Learning,V9,"(26, 47)",19.683479257268267,True,12.727705282957992,6.0
56,Q-Learning,V10,"(9, 60)",0.17192367348634363,False,0.0,5.0
57,Greedy,V1,"(33, 76)",40.73576462394763,True,2.764235376052369,1.0
57,Greedy,V2,"(53, 60)",2.0371963805162743,False,0.0,5.0
57,Greedy,V3,"(17, 81)",23.43788625097048,True,12.371708245126285,1.0
57,Greedy,V4,"(10, 9)",30.99949903997767,True,8.280035906613797,1.0
57,Greedy,V5,"(47, 64)",9.128818337414017,False,0.0,16.0
57,Greedy,V6,"(85, 46)",24.260674913646852,False,0.0,17.0
57,Greedy,V7,"(54, 78)",0.8332793119592523,True,7.7851130197757925,1.0
57,Greedy,V8,"(75, 26)",0.17025026778309638,True,14.471132478620753,1.0
57,Greedy,V9,"(77, 20)",5.134059111335461,True,20.411794687223782,1.0
57,Greedy,V10,"(62, 8)",7.195964283935798,False,0.0,13.0
57,Auction,V1,"(27, 80)",30.289142313414146,True,13.600781059358212,1.0
57,Auction,V2,"(9, 60)",3.284388913581802,False,0.0,6.0
57,Auction,V3,"(0, 42)",31.85769978658309,True,4.625,1.0
57,Auction,V4,"(87, 19)",31.530803651355995,True,7.748731295235473,1.0
57,Auction,V5,"(72, 12)",10.48229992357556,False,0.0,17.0
57,Auction,V6,"(7, 98)",0.8025212988322554,True,9.346134936801766,2.0
57,Auction,V7,"(99, 76)",4.044665517478549,True,4.333333333333332,1.0
57,Auction,V8,"(26, 47)",6.141382746403849,True,8.5,1.0
57,Auction,V9,"(94, 83)",23.139789097957664,True,2.0243938285880994,1.0
57,Auction,V10,"(11, 99)",4.942690241368009,False,0.0,11.0
57,Q-Learning,V1,"(94, 83)",25.99376321115048,True,18.34395912868115,1.0
57,Q-Learning,V2,"(20, 99)",8.144482831126792,False,0.0,11.0
57,Q-Learning,V3,"(74, 64)",7.491562434059716,True,28.490949636364107,1.0
57,Q-Learning,V4,"(27, 80)",15.25889139585582,True,25.28062484748657,1.0
57,Q-Learning,V5,"(98, 31)",3.0587151497479894,False,0.0,10.0
57,Q-Learning,V6,"(85, 81)",25.333333333333336,False,0.0,18.0
57,Q-Learning,V7,"(77, 76)",24.37799885081188,False,0.0,17.0
57,Q-Learning,V8,"(0, 34)",14.599014509462194,True,1.821530224718714,3.0
57,Q-Learning,V9,"(26, 47)",19.683479257268267,True,11.727705282957992,6.0
57,Q-Learning,V10,"(9, 60)",0.17192367348634363,False,0.0,6.0
58,Greedy,V1,"(33, 76)",40.73576462394763,True,1.764235376052369,1.0
58,Greedy,V2,"(53, 60)",2.0371963805162743,False,0.0,6.0
58,Greedy,V3,"(17, 81)",23.43788625097048,True,11.371708245126285,1.0
58,Greedy,V4,"(10, 9)",30.99949903997767,True,7.280035906613797,1.0
58,Greedy,V5,"(47, 64)",9.128818337414017,False,0.0,17.0
58,Greedy,V6,"(85, 46)",24.260674913646852,False,0.0,18.0
58,Greedy,V7,"(54, 78)",0.8332793119592523,True,6.7851130197757925,1.0
58,Greedy,V8,"(75, 26)",0.17025026778309638,True,13.471132478620753,1.0
58,Greedy,V9,"(77, 20)",5.134059111335461,True,19.411794687223782,1.0
58,Greedy,V10,"(62, 8)",7.195964283935798,False,0.0,14.0
58,Auction,V1,"(27, 80)",30.289142313414146,True,12.600781059358212,1.0
58,Auction,V2,"(9, 60)",3.284388913581802,False,0.0,7.0
58,Auction,V3,"(0, 42)",31.85769978658309,True,3.625,1.0
58,Auction,V4,"(87, 19)",31.530803651355995,True,6.748731295235473,1.0
58,Auction,V5,"(72, 12)",10.48229992357556,False,0.0,18.0
58,Auction,V6,"(7, 98)",0.8025212988322554,True,8.346134936801766,2.0
58,Auction,V7,"(99, 76)",4.044665517478549,True,3.333333333333332,1.0
58,Auction,V8,"(26, 47)",6.141382746403849,True,7.5,1.0
58,Auction,V9,"(94, 83)",23.139789097957664,True,1.0243938285880994,1.0
58,Auction,V10,"(11, 99)",4.942690241368009,False,0.0,12.0
58,Q-Learning,V1,"(94, 83)",25.99376321115048,True,17.34395912868115,1.0
58,Q-Learning,V2,"(20, 99)",8.144482831126792,False,0.0,12.0
58,Q-Learning,V3,"(74, 64)",7.491562434059716,True,27.490949636364107,1.0
58,Q-Learning,V4,"(27, 80)",15.25889139585582,True,24.28062484748657,1.0
58,Q-Learning,V5,"(98, 31)",3.0587151497479894,False,0.0,11.0
58,Q-Learning,V6,"(85, 81)",25.333333333333336,False,0.0,19.0
58,Q-Learning,V7,"(77, 76)",24.37799885081188,False,0.0,18.0
58,Q-Learning,V8,"(0, 34)",14.599014509462194,True,0.821530224718714,3.0
58,Q-Learning,V9,"(26, 47)",19.683479257268267,True,10.727705282957992,6.0
58,Q-Learning,V10,"(9, 60)",0.17192367348634363,False,0.0,7.0
59,Greedy,V1,"(33, 76)",40.73576462394763,True,0.764235376052369,1.0
59,Greedy,V2,"(53, 60)",2.0371963805162743,False,0.0,7.0
59,Greedy,V3,"(17, 81)",23.43788625097048,True,10.371708245126285,1.0
59,Greedy,V4,"(10, 9)",30.99949903997767,True,6.280035906613797,1.0
59,Greedy,V5,"(47, 64)",9.128818337414017,False,0.0,18.0
59,Greedy,V6,"(85, 46)",24.260674913646852,False,0.0,19.0
59,Greedy,V7,"(54, 78)",0.8332793119592523,True,5.7851130197757925,1.0
59,Greedy,V8,"(75, 26)",0.17025026778309638,True,12.471132478620753,1.0
59,Greedy,V9,"(77, 20)",5.134059111335461,True,18.411794687223782,1.0
59,Greedy,V10,"(62, 8)",7.195964283935798,False,0.0,15.0
59,Auction,V1,"(27, 80)",30.289142313414146,True,11.600781059358212,1.0
59,Auction,V2,"(9, 60)",3.284388913581802,False,0.0,8.0
59,Auction,V3,"(0, 42)",31.85769978658309,True,2.625,1.0
59,Auction,V4,"(87, 19)",31.530803651355995,True,5.748731295235473,1.0
59,Auction,V5,"(72, 12)",10.48229992357556,False,0.0,19.0
59,Auction,V6,"(7, 98)",0.8025212988322554,True,7.346134936801766,2.0
59,Auction,V7,"(99, 76)",4.044665517478549,True,2.333333333333332,1.0
59,Auction,V8,"(26, 47)",6.141382746403849,True,6.5,1.0
59,Auction,V9,"(94, 83)",23.139789097957664,True,0.024393828588099353,1.0
59,Auction,V10,"(11, 99)",4.942690241368009,False,0.0,13.0
59,Q-Learning,V1,"(94, 83)",25.99376321115048,True,16.34395912868115,1.0
59,Q-Learning,V2,"(20, 99)",8.144482831126792,False,0.0,13.0
59,Q-Learning,V3,"(74, 64)",7.491562434059716,True,26.490949636364107,1.0
59,Q-Learning,V4,"(27, 80)",15.25889139585582,True,23.28062484748657,1.0
59,Q-Learning,V5,"(98, 31)",3.0587151497479894,False,0.0,12.0
59,Q-Learning,V6,"(85, 81)",25.333333333333336,False,0.0,20.0
59,Q-Learning,V7,"(77, 76)",24.37799885081188,False,0.0,19.0
59,Q-Learning,V8,"(0, 34)",14.599014509462194,True,0.0,3.0
59,Q-Learning,V9,"(26, 47)",19.683479257268267,True,9.727705282957992,6.0
59,Q-Learning,V10,"(9, 60)",0.17192367348634363,False,0.0,8.0
60,Greedy,V1,"(33, 76)",40.73576462394763,True,0.0,1.0
60,Greedy,V2,"(53, 60)",2.0371963805162743,False,0.0,8.0
60,Greedy,V3,"(17, 81)",23.43788625097048,True,9.371708245126285,1.0
60,Greedy,V4,"(10, 9)",30.99949903997767,True,5.280035906613797,1.0
60,Greedy,V5,"(47, 64)",9.128818337414017,False,0.0,19.0
60,Greedy,V6,"(85, 46)",24.260674913646852,False,0.0,20.0
60,Greedy,V7,"(54, 78)",0.8332793119592523,True,4.7851130197757925,1.0
60,Greedy,V8,"(75, 26)",0.17025026778309638,True,11.471132478620753,1.0
60,Greedy,V9,"(77, 20)",5.134059111335461,True,17.411794687223782,1.0
60,Greedy,V10,"(62, 8)",7.195964283935798,False,0.0,16.0
60,Auction,V1,"(27, 80)",30.289142313414146,True,10.600781059358212,1.0
60,Auction,V2,"(9, 60)",3.284388913581802,False,0.0,9.0
60,Auction,V3,"(0, 42)",31.85769978658309,True,1.625,1.0
60,Auction,V4,"(87, 19)",31.530803651355995,True,4.748731295235473,1.0
60,Auction,V5,"(72, 12)",10.48229992357556,False,0.0,20.0
60,Auction,V6,"(7, 98)",0.8025212988322554,True,6.346134936801766,2.0
60,Auction,V7,"(99, 76)",4.044665517478549,True,1.3333333333333321,1.0
60,Auction,V8,"(26, 47)",6.141382746403849,True,5.5,1.0
60,Auction,V9,"(94, 83)",23.139789097957664,True,0.0,1.0
60,Auction,V10,"(11, 99)",4.942690241368009,False,0.0,14.0
60,Q-Learning,V1,"(94, 83)",25.99376321115048,True,15.34395912868115,1.0
60,Q-Learning,V2,"(20, 99)",8.144482831126792,False,0.0,14.0
60,Q-Learning,V3,"(74, 64)",7.491562434059716,True,25.490949636364107,1.0
60,Q-Learning,V4,"(27, 80)",15.25889139585582,True,22.28062484748657,1.0
60,Q-Learning,V5,"(98, 31)",3.0587151497479894,False,0.0,13.0
60,Q-Learning,V6,"(85, 81)",25.333333333333336,False,0.0,21.0
60,Q-Learning,V7,"(77, 76)",24.37799885081188,False,0.0,20.0
60,Q-Learning,V8,"(0, 34)",14.599014509462194,False,0.0,4.0
60,Q-Learning,V9,"(26, 47)",19.683479257268267,True,8.727705282957992,6.0
60,Q-Learning,V10,"(9, 60)",0.17192367348634363,False,0.0,9.0
61,Greedy,V1,"(33, 76)",2.3856831909388774,True,37.350081433008754,1.0
61,Greedy,V2,"(53, 60)",2.0371963805162743,False,0.0,9.0
61,Greedy,V3,"(17, 81)",23.43788625097048,True,8.371708245126285,1.0
61,Greedy,V4,"(10, 9)",30.99949903997767,True,4.280035906613797,1.0
61,Greedy,V5,"(47, 64)",9.128818337414017,False,0.0,20.0
61,Greedy,V6,"(85, 46)",24.260674913646852,False,0.0,21.0
61,Greedy,V7,"(54, 78)",0.8332793119592523,True,3.7851130197757925,1.0
61,Greedy,V8,"(75, 26)",0.17025026778309638,True,10.471132478620753,1.0
61,Greedy,V9,"(77, 20)",5.134059111335461,True,16.411794687223782,1.0
61,Greedy,V10,"(62, 8)",7.195964283935798,False,0.0,17.0
61,Auction,V1,"(27, 80)",30.289142313414146,True,9.600781059358212,1.0
61,Auction,V2,"(9, 60)",3.284388913581802,False,0.0,10.0
61,Auction,V3,"(0, 42)",31.85769978658309,True,0.625,1.0
61,Auction,V4,"(87, 19)",31.530803651355995,True,3.7487312952354728,1.0
61,Auction,V5,"(72, 12)",10.48229992357556,False,0.0,21.0
61,Auction,V6,"(7, 98)",0.8025212988322554,True,5.346134936801766,2.0
61,Auction,V7,"(99, 76)",4.044665517478549,True,0.33333333333333215,1.0
61,Auction,V8,"(26, 47)",6.141382746403849,True,4.5,1.0
61,Auction,V9,"(49, 43)",2.4500143319619454,True,19.68977476599572,1.0
61,Auction,V10,"(11, 99)",4.942690241368009,False,0.0,15.0
61,Q-Learning,V1,"(94, 83)",25.99376321115048,True,14.34395912868115,1.0
61,Q-Learning,V2,"(20, 99)",8.144482831126792,False,0.0,15.0
61,Q-Learning,V3,"(74, 64)",7.491562434059716,True,24.490949636364107,1.0
61,Q-Learning,V4,"(27, 80)",15.25889139585582,True,21.28062484748657,1.0
61,Q-Learning,V5,"(98, 31)",3.0587151497479894,False,0.0,14.0
61,Q-Learning,V6,"(85, 81)",25.333333333333336,False,0.0,22.0
61,Q-Learning,V7,"(77, 76)",24.37799885081188,False,0.0,21.0
61,Q-Learning,V8,"(0, 34)",14.599014509462194,False,0.0,5.0
61,Q-Learning,V9,"(26, 47)",19.683479257268267,True,7.7277052829579915,6.0
61,Q-Learning,V10,"(9, 60)",0.17192367348634363,False,0.0,10.0
62,Greedy,V1,"(33, 76)",2.3856831909388774,True,36.350081433008754,1.0
62,Greedy,V2,"(53, 60)",2.0371963805162743,False,0.0,10.0
62,Greedy,V3,"(17, 81)",23.43788625097048,True,7.371708245126285,1.0
62,Greedy,V4,"(10, 9)",30.99949903997767,True,3.280035906613797,1.0
62,Greedy,V5,"(47, 64)",9.128818337414017,False,0.0,21.0
62,Greedy,V6,"(85, 46)",24.260674913646852,False,0.0,22.0
62,Greedy,V7,"(54, 78)",0.8332793119592523,True,2.7851130197757925,1.0
62,Greedy,V8,"(75, 26)",0.17025026778309638,True,9.471132478620753,1.0
62,Greedy,V9,"(77, 20)",5.134059111335461,True,15.411794687223782,1.0
62,Greedy,V10,"(62, 8)",7.195964283935798,False,0.0,18.0
62,Auction,V1,"(27, 80)",30.289142313414146,True,8.600781059358212,1.0
62,Auction,V2,"(9, 60)",3.284388913581802,False,0.0,11.0
62,Auction,V3,"(0, 42)",31.85769978658309,True,0.0,1.0
62,Auction,V4,"(87, 19)",31.530803651355995,True,2.7487312952354728,1.0
62,Auction,V5,"(72, 12)",10.48229992357556,False,0.0,22.0
62,Auction,V6,"(7, 98)",0.8025212988322554,True,4.346134936801766,2.0
62,Auction,V7,"(99, 76)",4.044665517478549,True,0.0,1.0
62,Auction,V8,"(26, 47)",6.141382746403849,True,3.5,1.0
62,Auction,V9,"(49, 43)",2.4500143319619454,True,18.68977476599572,1.0
62,Auction,V10,"(11, 99)",4.942690241368009,False,0.0,16.0
62,Q-Learning,V1,"(94, 83)",25.99376321115048,True,13.34395912868115,1.0
62,Q-Learning,V2,"(20, 99)",8.144482831126792,False,0.0,16.0
62,Q-Learning,V3,"(74, 64)",7.491562434059716,True,23.490949636364107,1.0
62,Q-Learning,V4,"(27, 80)",15.25889139585582,True,20.28062484748657,1.0
62,Q-Learning,V5,"(98, 31)",3.0587151497479894,False,0.0,15.0
62,Q-Learning,V6,"(85, 81)",25.333333333333336,False,0.0,23.0
62,Q-Learning,V7,"(77, 76)",24.37799885081188,False,0.0,22.0
62,Q-Learning,V8,"(0, 34)",14.599014509462194,False,0.0,6.0
62,Q-Learning,V9,"(26, 47)",19.683479257268267,True,6.7277052829579915,6.0
62,Q-Learning,V10,"(9, 60)",0.17192367348634363,False,0.0,11.0
63,Greedy,V1,"(33, 76)",2.3856831909388774,True,35.350081433008754,1.0
63,Greedy,V2,"(53, 60)",2.0371963805162743,False,0.0,11.0
63,Greedy,V3,"(17, 81)",23.43788625097048,True,6.371708245126285,1.0
63,Greedy,V4,"(10, 9)",30.99949903997767,True,2.280035906613797,1.0
63,Greedy,V5,"(47, 64)",9.128818337414017,False,0.0,22.0
63,Greedy,V6,"(85, 46)",24.260674913646852,False,0.0,23.0
63,Greedy,V7,"(54, 78)",0.8332793119592523,True,1.7851130197757925,1.0
63,Greedy,V8,"(75, 26)",0.17025026778309638,True,8.471132478620753,1.0
63,Greedy,V9,"(77, 20)",5.134059111335461,True,14.411794687223782,1.0
63,Greedy,V10,"(62, 8)",7.195964283935798,False,0.0,19.0
63,Auction,V1,"(27, 80)",30.289142313414146,True,7.600781059358212,1.0
63,Auction,V2,"(9, 60)",3.284388913581802,False,0.0,12.0
63,Auction,V3,"(17, 3)",1.5396879400374281,True,29.318011846545662,1.0
63,Auction,V4,"(87, 19)",31.530803651355995,True,1.7487312952354728,1.0
63,Auction,V5,"(72, 12)",10.48229992357556,False,0.0,23.0
63,Auction,V6,"(7, 98)",0.8025212988322554,True,3.346134936801766,2.0
63,Auction,V7,"(99, 76)",4.044665517478549,False,0.0,2.0
63,Auction,V8,"(26, 47)",6.141382746403849,True,2.5,1.0
63,Auction,V9,"(49, 43)",2.4500143319619454,True,17.68977476599572,1.0
63,Auction,V10,"(11, 99)",4.942690241368009,False,0.0,17.0
63,Q-Learning,V1,"(94, 83)",25.99376321115048,True,12.34395912868115,1.0
63,Q-Learning,V2,"(20, 99)",8.144482831126792,False,0.0,17.0
63,Q-Learning,V3,"(74, 64)",7.491562434059716,True,22.490949636364107,1.0
63,Q-Learning,V4,"(27, 80)",15.25889139585582,True,19.28062484748657,1.0
63,Q-Learning,V5,"(98, 31)",3.0587151497479894,False,0.0,16.0
63,Q-Learning,V6,"(85, 81)",25.333333333333336,False,0.0,24.0
63,Q-Learning,V7,"(77, 76)",24.37799885081188,False,0.0,23.0
63,Q-Learning,V8,"(0, 34)",14.599014509462194,False,0.0,7.0
63,Q-Learning,V9,"(26, 47)",19.683479257268267,True,5.7277052829579915,6.0
63,Q-Learning,V10,"(9, 60)",0.17192367348634363,False,0.0,12.0
64,Greedy,V1,"(33, 76)",2.3856831909388774,True,34.350081433008754,1.0
64,Greedy,V2,"(53, 60)",2.0371963805162743,False,0.0,12.0
64,Greedy,V3,"(17, 81)",23.43788625097048,True,5.371708245126285,1.0
64,Greedy,V4,"(10, 9)",30.99949903997767,True,1.2800359066137972,1.0
64,Greedy,V5,"(47, 64)",9.128818337414017,False,0.0,23.0
64,Greedy,V6,"(85, 46)",24.260674913646852,False,0.0,24.0
64,Greedy,V7,"(54, 78)",0.8332793119592523,True,0.7851130197757925,1.0
64,Greedy,V8,"(75, 26)",0.17025026778309638,True,7.471132478620753,1.0
64,Greedy,V9,"(77, 20)",5.134059111335461,True,13.411794687223782,1.0
64,Greedy,V10,"(62, 8)",7.195964283935798,False,0.0,20.0
64,Auction,V1,"(27, 80)",30.289142313414146,True,6.600781059358212,1.0
64,Auction,V2,"(9, 60)",3.284388913581802,False,0.0,13.0
64,Auction,V3,"(17, 3)",1.5396879400374281,True,28.318011846545662,1.0
64,Auction,V4,"(87, 19)",31.530803651355995,True,0.7487312952354728,1.0
64,Auction,V5,"(72, 12)",10.48229992357556,False,0.0,24.0
64,Auction,V6,"(7, 98)",0.8025212988322554,True,2.346134936801766,2.0
64,Auction,V7,"(99, 76)",4.044665517478549,False,0.0,3.0
64,Auction,V8,"(26, 47)",6.141382746403849,True,1.5,1.0
64,Auction,V9,"(49, 43)",2.4500143319619454,True,16.68977476599572,1.0
64,Auction,V10,"(11, 99)",4.942690241368009,False,0.0,18.0
64,Q-Learning,V1,"(94, 83)",25.99376321115048,True,11.34395912868115,1.0
64,Q-Learning,V2,"(20, 99)",8.144482831126792,False,0.0,18.0
64,Q-Learning,V3,"(74, 64)",7.491562434059716,True,21.490949636364107,1.0
64,Q-Learning,V4,"(27, 80)",15.25889139585582,True,18.28062484748657,1.0
64,Q-Learning,V5,"(98, 31)",3.0587151497479894,False,0.0,17.0
64,Q-Learning,V6,"(85, 81)",25.333333333333336,False,0.0,25.0
64,Q-Learning,V7,"(77, 76)",24.37799885081188,False,0.0,24.0
64,Q-Learning,V8,"(0, 34)",14.599014509462194,False,0.0,8.0
64,Q-Learning,V9,"(26, 47)",19.683479257268267,True,4.7277052829579915,6.0
64,Q-Learning,V10,"(9, 60)",0.17192367348634363,False,0.0,13.0
65,Greedy,V1,"(33, 76)",2.3856831909388774,True,33.350081433008754,1.0
65,Greedy,V2,"(53, 60)",2.0371963805162743,False,0.0,13.0
65,Greedy,V3,"(17, 81)",23.43788625097048,True,4.371708245126285,1.0
65,Greedy,V4,"(10, 9)",30.99949903997767,True,0.2800359066137972,1.0
65,Greedy,V5,"(47, 64)",9.128818337414017,False,0.0,24.0
65,Greedy,V6,"(85, 46)",24.260674913646852,False,0.0,25.0
65,Greedy,V7,"(54, 78)",0.8332793119592523,True,0.0,1.0
65,Greedy,V8,"(75, 26)",0.17025026778309638,True,6.471132478620753,1.0
65,Greedy,V9,"(77, 20)",5.134059111335461,True,12.411794687223782,1.0
65,Greedy,V10,"(62, 8)",7.195964283935798,False,0.0,21.0
65,Auction,V1,"(27, 80)",30.289142313414146,True,5.600781059358212,1.0
65,Auction,V2,"(9, 60)",3.284388913581802,False,0.0,14.0
65,Auction,V3,"(17, 3)",1.5396879400374281,True,27.318011846545662,1.0
65,Auction,V4,"(87, 19)",31.530803651355995,True,0.0,1.0
65,Auction,V5,"(72, 12)",10.48229992357556,False,0.0,25.0
65,Auction,V6,"(7, 98)",0.8025212988322554,True,1.346134936801766,2.0
65,Auction,V7,"(99, 76)",4.044665517478549,False,0.0,4.0
65,Auction,V8,"(26, 47)",6.141382746403849,True,0.5,1.0
65,Auction,V9,"(49, 43)",2.4500143319619454,True,15.689774765995718,1.0
65,Auction,V10,"(11, 99)",4.942690241368009,False,0.0,19.0
65,Q-Learning,V1,"(94, 83)",25.99376321115048,True,10.34395912868115,1.0
65,Q-Learning,V2,"(20, 99)",8.144482831126792,False,0.0,19.0
65,Q-Learning,V3,"(74, 64)",7.491562434059716,True,20.490949636364107,1.0
65,Q-Learning,V4,"(27, 80)",15.25889139585582,True,17.28062484748657,1.0
65,Q-Learning,V5,"(98, 31)",3.0587151497479894,False,0.0,18.0
65,Q-Learning,V6,"(85, 81)",25.333333333333336,False,0.0,26.0
65,Q-Learning,V7,"(77, 76)",24.37799885081188,False,0.0,25.0
65,Q-Learning,V8,"(0, 34)",14.599014509462194,False,0.0,9.0
65,Q-Learning,V9,"(26, 47)",19.683479257268267,True,3.7277052829579915,6.0
65,Q-Learning,V10,"(9, 60)",0.17192367348634363,False,0.0,14.0
66,Greedy,V1,"(33, 76)",2.3856831909388774,True,32.350081433008754,1.0
66,Greedy,V2,"(53, 60)",2.0371963805162743,False,0.0,14.0
66,Greedy,V3,"(17, 81)",23.43788625097048,True,3.3717082451262854,1.0
66,Greedy,V4,"(10, 9)",30.99949903997767,True,0.0,1.0
66,Greedy,V5,"(47, 64)",9.128818337414017,False,0.0,25.0
66,Greedy,V6,"(85, 46)",24.260674913646852,False,0.0,26.0
66,Greedy,V7,"(54, 78)",0.8332793119592523,False,0.0,2.0
66,Greedy,V8,"(75, 26)",0.17025026778309638,True,5.471132478620753,1.0
66,Greedy,V9,"(77, 20)",5.134059111335461,True,11.411794687223782,1.0
66,Greedy,V10,"(62, 8)",7.195964283935798,False,0.0,22.0
66,Auction,V1,"(27, 80)",30.289142313414146,True,4.600781059358212,1.0
66,Auction,V2,"(9, 60)",3.284388913581802,False,0.0,15.0
66,Auction,V3,"(17, 3)",1.5396879400374281,True,26.318011846545662,1.0
66,Auction,V4,"(90, 24)",8.364613272386936,True,22.16619037896906,1.0
66,Auction,V5,"(72, 12)",10.48229992357556,False,0.0,26.0
66,Auction,V6,"(7, 98)",0.8025212988322554,True,0.3461349368017661,2.0
66,Auction,V7,"(99, 76)",4.044665517478549,False,0.0,5.0
66,Auction,V8,"(26, 47)",6.141382746403849,True,0.0,1.0
66,Auction,V9,"(49, 43)",2.4500143319619454,True,14.689774765995718,1.0
66,Auction,V10,"(11, 99)",4.942690241368009,False,0.0,20.0
66,Q-Learning,V1,"(94, 83)",25.99376321115048,True,9.34395912868115,1.0
66,Q-Learning,V2,"(20, 99)",8.144482831126792,False,0.0,20.0
66,Q-Learning,V3,"(74, 64)",7.491562434059716,True,19.490949636364107,1.0
66,Q-Learning,V4,"(27, 80)",15.25889139585582,True,16.28062484748657,1.0
66,Q-Learning,V5,"(98, 31)",3.0587151497479894,False,0.0,19.0
66,Q-Learning,V6,"(85, 81)",25.333333333333336,False,0.0,27.0
66,Q-Learning,V7,"(77, 76)",24.37799885081188,False,0.0,26.0
66,Q-Learning,V8,"(0, 34)",14.599014509462194,False,0.0,10.0
66,Q-Learning,V9,"(26, 47)",19.683479257268267,True,2.7277052829579915,6.0
66,Q-Learning,V10,"(9, 60)",0.17192367348634363,False,0.0,15.0
67,Greedy,V1,"(33, 76)",2.3856831909388774,True,31.350081433008754,1.0
67,Greedy,V2,"(53, 60)",2.0371963805162743,False,0.0,15.0
67,Greedy,V3,"(17, 81)",23.43788625097048,True,2.3717082451262854,1.0
67,Greedy,V4,"(10, 9)",0.1031231801510053,True,29.896375859826666,1.0
67,Greedy,V5,"(47, 64)",9.128818337414017,False,0.0,26.0
67,Greedy,V6,"(85, 46)",24.260674913646852,False,0.0,27.0
67,Greedy,V7,"(54, 78)",0.8332793119592523,False,0.0,3.0
67,Greedy,V8,"(75, 26)",0.17025026778309638,True,4.471132478620753,1.0
67,Greedy,V9,"(77, 20)",5.134059111335461,True,10.411794687223782,1.0
67,Greedy,V10,"(62, 8)",7.195964283935798,False,0.0,23.0
67,Auction,V1,"(27, 80)",30.289142313414146,True,3.600781059358212,1.0
67,Auction,V2,"(9, 60)",3.284388913581802,False,0.0,16.0
67,Auction,V3,"(17, 3)",1.5396879400374281,True,25.318011846545662,1.0
67,Auction,V4,"(90, 24)",8.364613272386936,True,21.16619037896906,1.0
67,Auction,V5,"(72, 12)",10.48229992357556,False,0.0,27.0
67,Auction,V6,"(7, 98)",0.8025212988322554,True,0.0,2.0
67,Auction,V7,"(99, 76)",4.044665517478549,False,0.0,6.0
67,Auction,V8,"(26, 47)",6.141382746403849,False,0.0,2.0
67,Auction,V9,"(49, 43)",2.4500143319619454,True,13.689774765995718,1.0
67,Auction,V10,"(11, 99)",4.942690241368009,False,0.0,21.0
67,Q-Learning,V1,"(94, 83)",25.99376321115048,True,8.34395912868115,1.0
67,Q-Learning,V2,"(20, 99)",8.144482831126792,False,0.0,21.0
67,Q-Learning,V3,"(74, 64)",7.491562434059716,True,18.490949636364107,1.0
67,Q-Learning,V4,"(27, 80)",15.25889139585582,True,15.280624847486571,1.0
67,Q-Learning,V5,"(98, 31)",3.0587151497479894,False,0.0,20.0
67,Q-Learning,V6,"(85, 81)",25.333333333333336,False,0.0,28.0
67,Q-Learning,V7,"(77, 76)",24.37799885081188,False,0.0,27.0
67,Q-Learning,V8,"(0, 34)",14.599014509462194,False,0.0,11.0
67,Q-Learning,V9,"(26, 47)",19.683479257268267,True,1.7277052829579915,6.0
67,Q-Learning,V10,"(9, 60)",0.17192367348634363,False,0.0,16.0
68,Greedy,V1,"(33, 76)",2.3856831909388774,True,30.350081433008754,1.0
68,Greedy,V2,"(53, 60)",2.0371963805162743,False,0.0,16.0
68,Greedy,V3,"(17, 81)",23.43788625097048,True,1.3717082451262854,1.0
68,Greedy,V4,"(10, 9)",0.1031231801510053,True,28.896375859826666,1.0
68,Greedy,V5,"(47, 64)",9.128818337414017,False,0.0,27.0
68,Greedy,V6,"(85, 46)",24.260674913646852,False,0.0,28.0
68,Greedy,V7,"(54, 78)",0.8332793119592523,False,0.0,4.0
68,Greedy,V8,"(75, 26)",0.17025026778309638,True,3.4711324786207527,1.0
68,Greedy,V9,"(77, 20)",5.134059111335461,True,9.411794687223782,1.0
68,Greedy,V10,"(62, 8)",7.195964283935798,False,0.0,24.0
68,Auction,V1,"(27, 80)",30.289142313414146,True,2.600781059358212,1.0
68,Auction,V2,"(9, 60)",3.284388913581802,False,0.0,17.0
68,Auction,V3,"(17, 3)",1.5396879400374281,True,24.318011846545662,1.0
68,Auction,V4,"(90, 24)",8.364613272386936,True,20.16619037896906,1.0
68,Auction,V5,"(72, 12)",10.48229992357556,False,0.0,28.0
68,Auction,V6,"(7, 98)",0.8025212988322554,False,0.0,3.0
68,Auction,V7,"(99, 76)",4.044665517478549,False,0.0,7.0
68,Auction,V8,"(26, 47)",6.141382746403849,False,0.0,3.0
68,Auction,V9,"(49, 43)",2.4500143319619454,True,12.689774765995718,1.0
68,Auction,V10,"(11, 99)",4.942690241368009,False,0.0,22.0
68,Q-Learning,V1,"(94, 83)",25.99376321115048,True,7.343959128681149,1.0
68,Q-Learning,V2,"(20, 99)",8.144482831126792,False,0.0,22.0
68,Q-Learning,V3,"(74, 64)",7.491562434059716,True,17.490949636364107,1.0
68,Q-Learning,V4,"(27, 80)",15.25889139585582,True,14.280624847486571,1.0
68,Q-Learning,V5,"(98, 31)",3.0587151497479894,False,0.0,21.0
68,Q-Learning,V6,"(85, 81)",25.333333333333336,False,0.0,29.0
68,Q-Learning,V7,"(77, 76)",24.37799885081188,False,0.0,28.0
68,Q-Learning,V8,"(0, 34)",14.599014509462194,False,0.0,12.0
68,Q-Learning,V9,"(26, 47)",19.683479257268267,True,0.7277052829579915,6.0
68,Q-Learning,V10,"(9, 60)",0.17192367348634363,False,0.0,17.0
69,Greedy,V1,"(33, 76)",2.3856831909388774,True,29.350081433008754,1.0
69,Greedy,V2,"(53, 60)",2.0371963805162743,False,0.0,17.0
69,Greedy,V3,"(17, 81)",23.43788625097048,True,0.3717082451262854,1.0
69,Greedy,V4,"(10, 9)",0.1031231801510053,True,27.896375859826666,1.0
69,Greedy,V5,"(47, 64)",9.128818337414017,False,0.0,28.0
69,Greedy,V6,"(85, 46)",24.260674913646852,False,0.0,29.0
69,Greedy,V7,"(54, 78)",0.8332793119592523,False,0.0,5.0
69,Greedy,V8,"(75, 26)",0.17025026778309638,True,2.4711324786207527,1.0
69,Greedy,V9,"(77, 20)",5.134059111335461,True,8.411794687223782,1.0
69,Greedy,V10,"(62, 8)",7.195964283935798,False,0.0,25.0
69,Auction,V1,"(27, 80)",30.289142313414146,True,1.6007810593582121,1.0
69,Auction,V2,"(9, 60)",3.284388913581802,False,0.0,18.0
69,Auction,V3,"(17, 3)",1.5396879400374281,True,23.318011846545662,1.0
69,Auction,V4,"(90, 24)",8.364613272386936,True,19.16619037896906,1.0
69,Auction,V5,"(72, 12)",10.48229992357556,False,0.0,29.0
69,Auction,V6,"(7, 98)",0.8025212988322554,False,0.0,4.0
69,Auction,V7,"(99, 76)",4.044665517478549,False,0.0,8.0
69,Auction,V8,"(26, 47)",6.141382746403849,False,0.0,4.0
69,Auction,V9,"(49, 43)",2.4500143319619454,True,11.689774765995718,1.0
69,Auction,V10,"(11, 99)",4.942690241368009,False,0.0,23.0
69,Q-Learning,V1,"(94, 83)",25.99376321115048,True,6.343959128681149,1.0
69,Q-Learning,V2,"(20, 99)",8.144482831126792,False,0.0,23.0
69,Q-Learning,V3,"(74, 64)",7.491562434059716,True,16.490949636364107,1.0
69,Q-Learning,V4,"(27, 80)",15.25889139585582,True,13.280624847486571,1.0
69,Q-Learning,V5,"(98, 31)",3.0587151497479894,False,0.0,22.0
69,Q-Learning,V6,"(85, 81)",25.333333333333336,False,0.0,30.0
69,Q-Learning,V7,"(77, 76)",24.37799885081188,False,0.0,29.0
69,Q-Learning,V8,"(0, 34)",14.599014509462194,False,0.0,13.0
69,Q-Learning,V9,"(26, 47)",19.683479257268267,True,0.0,6.0
69,Q-Learning,V10,"(9, 60)",0.17192367348634363,False,0.0,18.0
70,Greedy,V1,"(33, 76)",2.3856831909388774,True,28.350081433008754,1.0
70,Greedy,V2,"(53, 60)",2.0371963805162743,False,0.0,18.0
70,Greedy,V3,"(17, 81)",23.43788625097048,True,0.0,1.0
70,Greedy,V4,"(10, 9)",0.1031231801510053,True,26.896375859826666,1.0
70,Greedy,V5,"(47, 64)",9.128818337414017,False,0.0,29.0
70,Greedy,V6,"(85, 46)",24.260674913646852,False,0.0,30.0
70,Greedy,V7,"(54, 78)",0.8332793119592523,False,0.0,6.0
70,Greedy,V8,"(75, 26)",0.17025026778309638,True,1.4711324786207527,1.0
70,Greedy,V9,"(77, 20)",5.134059111335461,True,7.411794687223782,1.0
70,Greedy,V10,"(62, 8)",7.195964283935798,False,0.0,26.0
70,Auction,V1,"(27, 80)",30.289142313414146,True,0.6007810593582121,1.0
70,Auction,V2,"(9, 60)",3.284388913581802,False,0.0,19.0
70,Auction,V3,"(17, 3)",1.5396879400374281,True,22.318011846545662,1.0
70,Auction,V4,"(90, 24)",8.364613272386936,True,18.16619037896906,1.0
70,Auction,V5,"(72, 12)",10.48229992357556,False,0.0,30.0
70,Auction,V6,"(7, 98)",0.8025212988322554,False,0.0,5.0
70,Auction,V7,"(99, 76)",4.044665517478549,False,0.0,9.0
70,Auction,V8,"(26, 47)",6.141382746403849,False,0.0,5.0
70,Auction,V9,"(49, 43)",2.4500143319619454,True,10.689774765995718,1.0
70,Auction,V10,"(11, 99)",4.942690241368009,False,0.0,24.0
70,Q-Learning,V1,"(94, 83)",25.99376321115048,True,5.343959128681149,1.0
70,Q-Learning,V2,"(20, 99)",8.144482831126792,False,0.0,24.0
70,Q-Learning,V3,"(74, 64)",7.491562434059716,True,15.490949636364107,1.0
70,Q-Learning,V4,"(27, 80)",15.25889139585582,True,12.280624847486571,1.0
70,Q-Learning,V5,"(98, 31)",3.0587151497479894,False,0.0,23.0
70,Q-Learning,V6,"(85, 81)",25.333333333333336,False,0.0,31.0
70,Q-Learning,V7,"(77, 76)",24.37799885081188,False,0.0,30.0
70,Q-Learning,V8,"(0, 34)",14.599014509462194,False,0.0,14.0
70,Q-Learning,V9,"(49, 43)",3.0895642506174354,True,15.593915006650832,6.0
70,Q-Learning,V10,"(9, 60)",0.17192367348634363,False,0.0,19.0
71,Greedy,V1,"(33, 76)",2.3856831909388774,True,27.350081433008754,1.0
71,Greedy,V2,"(53, 60)",2.0371963805162743,False,0.0,19.0
71,Greedy,V3,"(17, 81)",11.156850302108646,True,11.281035948861833,1.0
71,Greedy,V4,"(10, 9)",0.1031231801510053,True,25.896375859826666,1.0
71,Greedy,V5,"(47, 64)",9.128818337414017,False,0.0,30.0
71,Greedy,V6,"(85, 46)",24.260674913646852,False,0.0,31.0
71,Greedy,V7,"(54, 78)",0.8332793119592523,False,0.0,7.0
71,Greedy,V8,"(75, 26)",0.17025026778309638,True,0.4711324786207527,1.0
71,Greedy,V9,"(77, 20)",5.134059111335461,True,6.411794687223782,1.0
71,Greedy,V10,"(62, 8)",7.195964283935798,False,0.0,27.0
71,Auction,V1,"(27, 80)",30.289142313414146,True,0.0,1.0
71,Auction,V2,"(9, 60)",3.284388913581802,False,0.0,20.0
71,Auction,V3,"(17, 3)",1.5396879400374281,True,21.318011846545662,1.0
71,Auction,V4,"(90, 24)",8.364613272386936,True,17.16619037896906,1.0
71,Auction,V5,"(72, 12)",10.48229992357556,False,0.0,31.0
71,Auction,V6,"(7, 98)",0.8025212988322554,False,0.0,6.0
71,Auction,V7,"(99, 76)",4.044665517478549,False,0.0,10.0
71,Auction,V8,"(26, 47)",6.141382746403849,False,0.0,6.0
71,Auction,V9,"(49, 43)",2.4500143319619454,True,9.689774765995718,1.0
71,Auction,V10,"(11, 99)",4.942690241368009,False,0.0,25.0
71,Q-Learning,V1,"(94, 83)",25.99376321115048,True,4.343959128681149,1.0
71,Q-Learning,V2,"(20, 99)",8.144482831126792,False,0.0,25.0
71,Q-Learning,V3,"(74, 64)",7.491562434059716,True,14.490949636364107,1.0
71,Q-Learning,V4,"(27, 80)",15.25889139585582,True,11.280624847486571,1.0
71,Q-Learning,V5,"(98, 31)",3.0587151497479894,False,0.0,24.0
71,Q-Learning,V6,"(85, 81)",25.333333333333336,False,0.0,32.0
71,Q-Learning,V7,"(77, 76)",24.37799885081188,False,0.0,31.0
71,Q-Learning,V8,"(0, 34)",14.599014509462194,False,0.0,15.0
71,Q-Learning,V9,"(49, 43)",3.0895642506174354,True,14.593915006650832,6.0
71,Q-Learning,V10,"(9, 60)",0.17192367348634363,False,0.0,20.0
72,Greedy,V1,"(33, 76)",2.3856831909388774,True,26.350081433008754,1.0
72,Greedy,V2,"(53, 60)",2.0371963805162743,False,0.0,20.0
72,Greedy,V3,"(17, 81)",11.156850302108646,True,10.281035948861833,1.0
72,Greedy,V4,"(10, 9)",0.1031231801510053,True,24.896375859826666,1.0
72,Greedy,V5,"(47, 64)",9.128818337414017,False,0.0,31.0
72,Greedy,V6,"(85, 46)",24.260674913646852,False,0.0,32.0
72,Greedy,V7,"(54, 78)",0.8332793119592523,False,0.0,8.0
72,Greedy,V8,"(75, 26)",0.17025026778309638,True,0.0,1.0
72,Greedy,V9,"(77, 20)",5.134059111335461,True,5.411794687223782,1.0
72,Greedy,V10,"(62, 8)",7.195964283935798,False,0.0,28.0
72,Auction,V1,"(26, 76)",5.258365907009733,True,24.030776406404414,1.0
72,Auction,V2,"(9, 60)",3.284388913581802,False,0.0,21.0
72,Auction,V3,"(17, 3)",1.5396879400374281,True,20.318011846545662,1.0
72,Auction,V4,"(90, 24)",8.364613272386936,True,16.16619037896906,1.0
72,Auction,V5,"(72, 12)",10.48229992357556,False,0.0,32.0
72,Auction,V6,"(7, 98)",0.8025212988322554,False,0.0,7.0
72,Auction,V7,"(99, 76)",4.044665517478549,False,0.0,11.0
72,Auction,V8,"(26, 47)",6.141382746403849,False,0.0,7.0
72,Auction,V9,"(49, 43)",2.4500143319619454,True,8.689774765995718,1.0
72,Auction,V10,"(11, 99)",4.942690241368009,False,0.0,26.0
72,Q-Learning,V1,"(94, 83)",25.99376321115048,True,3.343959128681149,1.0
72,Q-Learning,V2,"(20, 99)",8.144482831126792,False,0.0,26.0
72,Q-Learning,V3,"(74, 64)",7.491562434059716,True,13.490949636364107,1.0
72,Q-Learning,V4,"(27, 80)",15.25889139585582,True,10.280624847486571,1.0
72,Q-Learning,V5,"(98, 31)",3.0587151497479894,False,0.0,25.0
72,Q-Learning,V6,"(85, 81)",25.333333333333336,False,0.0,33.0
72,Q-Learning,V7,"(77, 76)",24.37799885081188,False,0.0,32.0
72,Q-Learning,V8,"(0, 34)",14.599014509462194,False,0.0,16.0
72,Q-Learning,V9,"(49, 43)",3.0895642506174354,True,13.593915006650832,6.0
72,Q-Learning,V10,"(9, 60)",0.17192367348634363,False,0.0,21.0
73,Greedy,V1,"(33, 76)",2.3856831909388774,True,25.350081433008754,1.0
73,Greedy,V2,"(53, 60)",2.0371963805162743,False,0.0,21.0
73,Greedy,V3,"(17, 81)",11.156850302108646,True,9.281035948861833,1.0
73,Greedy,V4,"(10, 9)",0.1031231801510053,True,23.896375859826666,1.0
73,Greedy,V5,"(47, 64)",9.128818337414017,False,0.0,32.0
73,Greedy,V6,"(85, 46)",24.260674913646852,False,0.0,33.0
73,Greedy,V7,"(54, 78)",0.8332793119592523,False,0.0,9.0
73,Greedy,V8,"(75, 26)",0.17025026778309638,False,0.0,2.0
73,Greedy,V9,"(77, 20)",5.134059111335461,True,4.411794687223782,1.0
73,Greedy,V10,"(62, 8)",7.195964283935798,False,0.0,29.0
73,Auction,V1,"(26, 76)",5.258365907009733,True,23.030776406404414,1.0
73,Auction,V2,"(9, 60)",3.284388913581802,False,0.0,22.0
73,Auction,V3,"(17, 3)",1.5396879400374281,True,19.318011846545662,1.0
73,Auction,V4,"(90, 24)",8.364613272386936,True,15.166190378969059,1.0
73,Auction,V5,"(72, 12)",10.48229992357556,False,0.0,33.0
73,Auction,V6,"(7, 98)",0.8025212988322554,False,0.0,8.0
73,Auction,V7,"(99, 76)",4.044665517478549,False,0.0,12.0
73,Auction,V8,"(26, 47)",6.141382746403849,False,0.0,8.0
73,Auction,V9,"(49, 43)",2.4500143319619454,True,7.689774765995718,1.0
73,Auction,V10,"(11, 99)",4.942690241368009,False,0.0,27.0
73,Q-Learning,V1,"(94, 83)",25.99376321115048,True,2.343959128681149,1.0
73,Q-Learning,V2,"(20, 99)",8.144482831126792,False,0.0,27.0
73,Q-Learning,V3,"(74, 64)",7.491562434059716,True,12.490949636364107,1.0
73,Q-Learning,V4,"(27, 80)",15.25889139585582,True,9.280624847486571,1.0
73,Q-Learning,V5,"(98, 31)",3.0587151497479894,False,0.0,26.0
73,Q-Learning,V6,"(85, 81)",25.333333333333336,False,0.0,34.0
73,Q-Learning,V7,"(77, 76)",24.37799885081188,False,0.0,33.0
73,Q-Learning,V8,"(0, 34)",14.599014509462194,False,0.0,17.0
73,Q-Learning,V9,"(49, 43)",3.0895642506174354,True,12.593915006650832,6.0
73,Q-Learning,V10,"(9, 60)",0.17192367348634363,False,0.0,22.0
74,Greedy,V1,"(33, 76)",2.3856831909388774,True,24.350081433008754,1.0
74,Greedy,V2,"(53, 60)",2.0371963805162743,False,0.0,22.0
74,Greedy,V3,"(17, 81)",11.156850302108646,True,8.281035948861833,1.0
74,Greedy,V4,"(10, 9)",0.1031231801510053,True,22.896375859826666,1.0
74,Greedy,V5,"(47, 64)",9.128818337414017,False,0.0,33.0
74,Greedy,V6,"(85, 46)",24.260674913646852,False,0.0,34.0
74,Greedy,V7,"(54, 78)",0.8332793119592523,False,0.0,10.0
74,Greedy,V8,"(75, 26)",0.17025026778309638,False,0.0,3.0
74,Greedy,V9,"(77, 20)",5.134059111335461,True,3.4117946872237823,1.0
74,Greedy,V10,"(62, 8)",7.195964283935798,False,0.0,30.0
74,Auction,V1,"(26, 76)",5.258365907009733,True,22.030776406404414,1.0
74,Auction,V2,"(9, 60)",3.284388913581802,False,0.0,23.0
74,Auction,V3,"(17, 3)",1.5396879400374281,True,18.318011846545662,1.0
74,Auction,V4,"(90, 24)",8.364613272386936,True,14.166190378969059,1.0
74,Auction,V5,"(72, 12)",10.48229992357556,False,0.0,34.0
74,Auction,V6,"(7, 98)",0.8025212988322554,False,0.0,9.0
74,Auction,V7,"(99, 76)",4.044665517478549,False,0.0,13.0
74,Auction,V8,"(26, 47)",6.141382746403849,False,0.0,9.0
74,Auction,V9,"(49, 43)",2.4500143319619454,True,6.689774765995718,1.0
74,Auction,V10,"(11, 99)",4.942690241368009,False,0.0,28.0
74,Q-Learning,V1,"(94, 83)",25.99376321115048,True,1.3439591286811492,1.0
74,Q-Learning,V2,"(20, 99)",8.144482831126792,False,0.0,28.0
74,Q-Learning,V3,"(74, 64)",7.491562434059716,True,11.490949636364107,1.0
74,Q-Learning,V4,"(27, 80)",15.25889139585582,True,8.280624847486571,1.0
74,Q-Learning,V5,"(98, 31)",3.0587151497479894,False,0.0,27.0
74,Q-Learning,V6,"(85, 81)",25.333333333333336,False,0.0,35.0
74,Q-Learning,V7,"(77, 76)",24.37799885081188,False,0.0,34.0
74,Q-Learning,V8,"(0, 34)",14.599014509462194,False,0.0,18.0
74,Q-Learning,V9,"(49, 43)",3.0895642506174354,True,11.593915006650832,6.0
74,Q-Learning,V10,"(9, 60)",0.17192367348634363,False,0.0,23.0
75,Greedy,V1,"(33, 76)",2.3856831909388774,True,23.350081433008754,1.0
75,Greedy,V2,"(53, 60)",2.0371963805162743,False,0.0,23.0
75,Greedy,V3,"(17, 81)",11.156850302108646,True,7.281035948861833,1.0
75,Greedy,V4,"(10, 9)",0.1031231801510053,True,21.896375859826666,1.0
75,Greedy,V5,"(47, 64)",9.128818337414017,False,0.0,34.0
75,Greedy,V6,"(85, 46)",24.260674913646852,False,0.0,35.0
75,Greedy,V7,"(54, 78)",0.8332793119592523,False,0.0,11.0
75,Greedy,V8,"(75, 26)",0.17025026778309638,False,0.0,4.0
75,Greedy,V9,"(77, 20)",5.134059111335461,True,2.4117946872237823,1.0
75,Greedy,V10,"(62, 8)",7.195964283935798,False,0.0,31.0
75,Auction,V1,"(26, 76)",5.258365907009733,True,21.030776406404414,1.0
75,Auction,V2,"(9, 60)",3.284388913581802,False,0.0,24.0
75,Auction,V3,"(17, 3)",1.5396879400374281,True,17.318011846545662,1.0
75,Auction,V4,"(90, 24)",8.364613272386936,True,13.166190378969059,1.0
75,Auction,V5,"(72, 12)",10.48229992357556,False,0.0,35.0
75,Auction,V6,"(7, 98)",0.8025212988322554,False,0.0,10.0
75,Auction,V7,"(99, 76)",4.044665517478549,False,0.0,14.0
75,Auction,V8,"(26, 47)",6.141382746403849,False,0.0,10.0
75,Auction,V9,"(49, 43)",2.4500143319619454,True,5.689774765995718,1.0
75,Auction,V10,"(11, 99)",4.942690241368009,False,0.0,29.0
75,Q-Learning,V1,"(94, 83)",25.99376321115048,True,0.3439591286811492,1.0
75,Q-Learning,V2,"(20, 99)",8.144482831126792,False,0.0,29.0
75,Q-Learning,V3,"(74, 64)",7.491562434059716,True,10.490949636364107,1.0
75,Q-Learning,V4,"(27, 80)",15.25889139585582,True,7.280624847486571,1.0
75,Q-Learning,V5,"(98, 31)",3.0587151497479894,False,0.0,28.0
75,Q-Learning,V6,"(85, 81)",25.333333333333336,False,0.0,36.0
75,Q-Learning,V7,"(77, 76)",24.37799885081188,False,0.0,35.0
75,Q-Learning,V8,"(0, 34)",14.599014509462194,False,0.0,19.0
75,Q-Learning,V9,"(49, 43)",3.0895642506174354,True,10.593915006650832,6.0
75,Q-Learning,V10,"(9, 60)",0.17192367348634363,False,0.0,24.0
76,Greedy,V1,"(33, 76)",2.3856831909388774,True,22.350081433008754,1.0
76,Greedy,V2,"(53, 60)",2.0371963805162743,False,0.0,24.0
76,Greedy,V3,"(17, 81)",11.156850302108646,True,6.281035948861833,1.0
76,Greedy,V4,"(10, 9)",0.1031231801510053,True,20.896375859826666,1.0
76,Greedy,V5,"(47, 64)",9.128818337414017,False,0.0,35.0
76,Greedy,V6,"(85, 46)",24.260674913646852,False,0.0,36.0
76,Greedy,V7,"(54, 78)",0.8332793119592523,False,0.0,12.0
76,Greedy,V8,"(75, 26)",0.17025026778309638,False,0.0,5.0
76,Greedy,V9,"(77, 20)",5.134059111335461,True,1.4117946872237823,1.0
76,Greedy,V10,"(62, 8)",7.195964283935798,False,0.0,32.0
76,Auction,V1,"(26, 76)",5.258365907009733,True,20.030776406404414,1.0
76,Auction,V2,"(9, 60)",3.284388913581802,False,0.0,25.0
76,Auction,V3,"(17, 3)",1.5396879400374281,True,16.318011846545662,1.0
76,Auction,V4,"(90, 24)",8.364613272386936,True,12.166190378969059,1.0
76,Auction,V5,"(72, 12)",10.48229992357556,False,0.0,36.0
76,Auction,V6,"(7, 98)",0.8025212988322554,False,0.0,11.0
76,Auction,V7,"(99, 76)",4.044665517478549,False,0.0,15.0
76,Auction,V8,"(26, 47)",6.141382746403849,False,0.0,11.0
76,Auction,V9,"(49, 43)",2.4500143319619454,True,4.689774765995718,1.0
76,Auction,V10,"(11, 99)",4.942690241368009,False,0.0,30.0
76,Q-Learning,V1,"(94, 83)",25.99376321115048,True,0.0,1.0
76,Q-Learning,V2,"(20, 99)",8.144482831126792,False,0.0,30.0
76,Q-Learning,V3,"(74, 64)",7.491562434059716,True,9.490949636364107,1.0
76,Q-Learning,V4,"(27, 80)",15.25889139585582,True,6.280624847486571,1.0
76,Q-Learning,V5,"(98, 31)",3.0587151497479894,False,0.0,29.0
76,Q-Learning,V6,"(85, 81)",25.333333333333336,False,0.0,37.0
76,Q-Learning,V7,"(77, 76)",24.37799885081188,False,0.0,36.0
76,Q-Learning,V8,"(0, 34)",14.599014509462194,False,0.0,20.0
76,Q-Learning,V9,"(49, 43)",3.0895642506174354,True,9.593915006650832,6.0
76,Q-Learning,V10,"(9, 60)",0.17192367348634363,False,0.0,25.0
77,Greedy,V1,"(33, 76)",2.3856831909388774,True,21.350081433008754,1.0
77,Greedy,V2,"(53, 60)",2.0371963805162743,False,0.0,25.0
77,Greedy,V3,"(17, 81)",11.156850302108646,True,5.281035948861833,1.0
77,Greedy,V4,"(10, 9)",0.1031231801510053,True,19.896375859826666,1.0
77,Greedy,V5,"(47, 64)",9.128818337414017,False,0.0,36.0
77,Greedy,V6,"(85, 46)",24.260674913646852,False,0.0,37.0
77,Greedy,V7,"(54, 78)",0.8332793119592523,False,0.0,13.0
77,Greedy,V8,"(75, 26)",0.17025026778309638,False,0.0,6.0
77,Greedy,V9,"(77, 20)",5.134059111335461,True,0.4117946872237823,1.0
77,Greedy,V10,"(62, 8)",7.195964283935798,False,0.0,33.0
77,Auction,V1,"(26, 76)",5.258365907009733,True,19.030776406404414,1.0
77,Auction,V2,"(9, 60)",3.284388913581802,False,0.0,26.0
77,Auction,V3,"(17, 3)",1.5396879400374281,True,15.318011846545662,1.0
77,Auction,V4,"(90, 24)",8.364613272386936,True,11.166190378969059,1.0
77,Auction,V5,"(72, 12)",10.48229992357556,False,0.0,37.0
77,Auction,V6,"(7, 98)",0.8025212988322554,False,0.0,12.0
77,Auction,V7,"(99, 76)",4.044665517478549,False,0.0,16.0
77,Auction,V8,"(26, 47)",6.141382746403849,False,0.0,12.0
77,Auction,V9,"(49, 43)",2.4500143319619454,True,3.6897747659957183,1.0
77,Auction,V10,"(11, 99)",4.942690241368009,False,0.0,31.0
77,Q-Learning,V1,"(99, 88)",0.22599625818411084,True,24.76776695296637,1.0
77,Q-Learning,V2,"(20, 99)",8.144482831126792,False,0.0,31.0
77,Q-Learning,V3,"(74, 64)",7.491562434059716,True,8.490949636364107,1.0
77,Q-Learning,V4,"(27, 80)",15.25889139585582,True,5.280624847486571,1.0
77,Q-Learning,V5,"(98, 31)",3.0587151497479894,False,0.0,30.0
77,Q-Learning,V6,"(85, 81)",25.333333333333336,False,0.0,38.0
77,Q-Learning,V7,"(77, 76)",24.37799885081188,False,0.0,37.0
77,Q-Learning,V8,"(0, 34)",14.599014509462194,False,0.0,21.0
77,Q-Learning,V9,"(49, 43)",3.0895642506174354,True,8.593915006650832,6.0
77,Q-Learning,V10,"(9, 60)",0.17192367348634363,False,0.0,26.0
78,Greedy,V1,"(33, 76)",2.3856831909388774,True,20.350081433008754,1.0
78,Greedy,V2,"(53, 60)",2.0371963805162743,False,0.0,26.0
78,Greedy,V3,"(17, 81)",11.156850302108646,True,4.281035948861833,1.0
78,Greedy,V4,"(10, 9)",0.1031231801510053,True,18.896375859826666,1.0
78,Greedy,V5,"(47, 64)",9.128818337414017,False,0.0,37.0
78,Greedy,V6,"(85, 46)",24.260674913646852,False,0.0,38.0
78,Greedy,V7,"(54, 78)",0.8332793119592523,False,0.0,14.0
78,Greedy,V8,"(75, 26)",0.17025026778309638,False,0.0,7.0
78,Greedy,V9,"(77, 20)",5.134059111335461,True,0.0,1.0
78,Greedy,V10,"(62, 8)",7.195964283935798,False,0.0,34.0
78,Auction,V1,"(26, 76)",5.258365907009733,True,18.030776406404414,1.0
78,Auction,V2,"(9, 60)",3.284388913581802,False,0.0,27.0
78,Auction,V3,"(17, 3)",1.5396879400374281,True,14.318011846545662,1.0
78,Auction,V4,"(90, 24)",8.364613272386936,True,10.166190378969059,1.0
78,Auction,V5,"(72, 12)",10.48229992357556,False,0.0,38.0
78,Auction,V6,"(7, 98)",0.8025212988322554,False,0.0,13.0
78,Auction,V7,"(99, 76)",4.044665517478549,False,0.0,17.0
78,Auction,V8,"(26, 47)",6.141382746403849,False,0.0,13.0
78,Auction,V9,"(49, 43)",2.4500143319619454,True,2.6897747659957183,1.0
78,Auction,V10,"(11, 99)",4.942690241368009,False,0.0,32.0
78,Q-Learning,V1,"(99, 88)",0.22599625818411084,True,23.76776695296637,1.0
78,Q-Learning,V2,"(20, 99)",8.144482831126792,False,0.0,32.0
78,Q-Learning,V3,"(74, 64)",7.491562434059716,True,7.490949636364107,1.0
78,Q-Learning,V4,"(27, 80)",15.25889139585582,True,4.280624847486571,1.0
78,Q-Learning,V5,"(98, 31)",3.0587151497479894,False,0.0,31.0
78,Q-Learning,V6,"(85, 81)",25.333333333333336,False,0.0,39.0
78,Q-Learning,V7,"(77, 76)",24.37799885081188,False,0.0,38.0
78,Q-Learning,V8,"(0, 34)",14.599014509462194,False,0.0,22.0
78,Q-Learning,V9,"(49, 43)",3.0895642506174354,True,7.593915006650832,6.0
78,Q-Learning,V10,"(9, 60)",0.17192367348634363,False,0.0,27.0
79,Greedy,V1,"(33, 76)",2.3856831909388774,True,19.350081433008754,1.0
79,Greedy,V2,"(53, 60)",2.0371963805162743,False,0.0,27.0
79,Greedy,V3,"(17, 81)",11.156850302108646,True,3.281035948861833,1.0
79,Greedy,V4,"(10, 9)",0.1031231801510053,True,17.896375859826666,1.0
79,Greedy,V5,"(47, 64)",9.128818337414017,False,0.0,38.0
79,Greedy,V6,"(85, 46)",24.260674913646852,False,0.0,39.0
79,Greedy,V7,"(54, 78)",0.8332793119592523,False,0.0,15.0
79,Greedy,V8,"(75, 26)",0.17025026778309638,False,0.0,8.0
79,Greedy,V9,"(77, 20)",5.134059111335461,False,0.0,2.0
79,Greedy,V10,"(62, 8)",7.195964283935798,False,0.0,35.0
79,Auction,V1,"(26, 76)",5.258365907009733,True,17.030776406404414,1.0
79,Auction,V2,"(9, 60)",3.284388913581802,False,0.0,28.0
79,Auction,V3,"(17, 3)",1.5396879400374281,True,13.318011846545662,1.0
79,Auction,V4,"(90, 24)",8.364613272386936,True,9.166190378969059,1.0
79,Auction,V5,"(72, 12)",10.48229992357556,False,0.0,39.0
79,Auction,V6,"(7, 98)",0.8025212988322554,False,0.0,14.0
79,Auction,V7,"(99, 76)",4.044665517478549,False,0.0,18.0
79,Auction,V8,"(26, 47)",6.141382746403849,False,0.0,14.0
79,Auction,V9,"(49, 43)",2.4500143319619454,True,1.6897747659957183,1.0
79,Auction,V10,"(11, 99)",4.942690241368009,False,0.0,33.0
79,Q-Learning,V1,"(99, 88)",0.22599625818411084,True,22.76776695296637,1.0
79,Q-Learning,V2,"(20, 99)",8.144482831126792,False,0.0,33.0
79,Q-Learning,V3,"(74, 64)",7.491562434059716,True,6.490949636364107,1.0
79,Q-Learning,V4,"(27, 80)",15.25889139585582,True,3.280624847486571,1.0
79,Q-Learning,V5,"(98, 31)",3.0587151497479894,False,0.0,32.0
79,Q-Learning,V6,"(85, 81)",25.333333333333336,False,0.0,40.0
79,Q-Learning,V7,"(77, 76)",24.37799885081188,False,0.0,39.0
79,Q-Learning,V8,"(0, 34)",14.599014509462194,False,0.0,23.0
79,Q-Learning,V9,"(49, 43)",3.0895642506174354,True,6.593915006650832,6.0
79,Q-Learning,V10,"(9, 60)",0.17192367348634363,False,0.0,28.0
80,Greedy,V1,"(33, 76)",2.3856831909388774,True,18.350081433008754,1.0
80,Greedy,V2,"(53, 60)",2.0371963805162743,False,0.0,28.0
80,Greedy,V3,"(17, 81)",11.156850302108646,True,2.281035948861833,1.0
80,Greedy,V4,"(10, 9)",0.1031231801510053,True,16.896375859826666,1.0
80,Greedy,V5,"(47, 64)",9.128818337414017,False,0.0,39.0
80,Greedy,V6,"(85, 46)",24.260674913646852,False,0.0,40.0
80,Greedy,V7,"(54, 78)",0.8332793119592523,False,0.0,16.0
80,Greedy,V8,"(75, 26)",0.17025026778309638,False,0.0,9.0
80,Greedy,V9,"(77, 20)",5.134059111335461,False,0.0,3.0
80,Greedy,V10,"(62, 8)",7.195964283935798,False,0.0,36.0
80,Auction,V1,"(26, 76)",5.258365907009733,True,16.030776406404414,1.0
80,Auction,V2,"(9, 60)",3.284388913581802,False,0.0,29.0
80,Auction,V3,"(17, 3)",1.5396879400374281,True,12.318011846545662,1.0
80,Auction,V4,"(90, 24)",8.364613272386936,True,8.166190378969059,1.0
80,Auction,V5,"(72, 12)",10.48229992357556,False,0.0,40.0
80,Auction,V6,"(7, 98)",0.8025212988322554,False,0.0,15.0
80,Auction,V7,"(99, 76)",4.044665517478549,False,0.0,19.0
80,Auction,V8,"(26, 47)",6.141382746403849,False,0.0,15.0
80,Auction,V9,"(49, 43)",2.4500143319619454,True,0.6897747659957183,1.0
80,Auction,V10,"(11, 99)",4.942690241368009,False,0.0,34.0
80,Q-Learning,V1,"(99, 88)",0.22599625818411084,True,21.76776695296637,1.0
80,Q-Learning,V2,"(20, 99)",8.144482831126792,False,0.0,34.0
80,Q-Learning,V3,"(74, 64)",7.491562434059716,True,5.490949636364107,1.0
80,Q-Learning,V4,"(27, 80)",15.25889139585582,True,2.280624847486571,1.0
80,Q-Learning,V5,"(98, 31)",3.0587151497479894,False,0.0,33.0
80,Q-Learning,V6,"(85, 81)",25.333333333333336,False,0.0,41.0
80,Q-Learning,V7,"(77, 76)",24.37799885081188,False,0.0,40.0
80,Q-Learning,V8,"(0, 34)",14.599014509462194,False,0.0,24.0
80,Q-Learning,V9,"(49, 43)",3.0895642506174354,True,5.593915006650832,6.0
80,Q-Learning,V10,"(9, 60)",0.17192367348634363,False,0.0,29.0
81,Greedy,V1,"(33, 76)",2.3856831909388774,True,17.350081433008754,1.0
81,Greedy,V2,"(53, 60)",2.0371963805162743,False,0.0,29.0
81,Greedy,V3,"(17, 81)",11.156850302108646,True,1.2810359488618328,1.0
81,Greedy,V4,"(10, 9)",0.1031231801510053,True,15.896375859826666,1.0
81,Greedy,V5,"(47, 64)",9.128818337414017,False,0.0,40.0
81,Greedy,V6,"(85, 46)",24.260674913646852,False,0.0,41.0
81,Greedy,V7,"(54, 78)",0.8332793119592523,False,0.0,17.0
81,Greedy,V8,"(75, 26)",0.17025026778309638,False,0.0,10.0
81,Greedy,V9,"(77, 20)",5.134059111335461,False,0.0,4.0
81,Greedy,V10,"(62, 8)",7.195964283935798,False,0.0,37.0
81,Auction,V1,"(26, 76)",5.258365907009733,True,15.030776406404414,1.0
81,Auction,V2,"(9, 60)",3.284388913581802,False,0.0,30.0
81,Auction,V3,"(17, 3)",1.5396879400374281,True,11.318011846545662,1.0
81,Auction,V4,"(90, 24)",8.364613272386936,True,7.166190378969059,1.0
81,Auction,V5,"(72, 12)",10.48229992357556,False,0.0,41.0
81,Auction,V6,"(7, 98)",0.8025212988322554,False,0.0,16.0
81,Auction,V7,"(99, 76)",4.044665517478549,False,0.0,20.0
81,Auction,V8,"(26, 47)",6.141382746403849,False,0.0,16.0
81,Auction,V9,"(49, 43)",2.4500143319619454,True,0.0,1.0
81,Auction,V10,"(11, 99)",4.942690241368009,False,0.0,35.0
81,Q-Learning,V1,"(99, 88)",0.22599625818411084,True,20.76776695296637,1.0
81,Q-Learning,V2,"(20, 99)",8.144482831126792,False,0.0,35.0
81,Q-Learning,V3,"(74, 64)",7.491562434059716,True,4.490949636364107,1.0
81,Q-Learning,V4,"(27, 80)",15.25889139585582,True,1.2806248474865711,1.0
81,Q-Learning,V5,"(98, 31)",3.0587151497479894,False,0.0,34.0
81,Q-Learning,V6,"(85, 81)",25.333333333333336,False,0.0,42.0
81,Q-Learning,V7,"(77, 76)",24.37799885081188,False,0.0,41.0
81,Q-Learning,V8,"(0, 34)",14.599014509462194,False,0.0,25.0
81,Q-Learning,V9,"(49, 43)",3.0895642506174354,True,4.593915006650832,6.0
81,Q-Learning,V10,"(9, 60)",0.17192367348634363,False,0.0,30.0
82,Greedy,V1,"(33, 76)",2.3856831909388774,True,16.350081433008754,1.0
82,Greedy,V2,"(53, 60)",2.0371963805162743,False,0.0,30.0
82,Greedy,V3,"(17, 81)",11.156850302108646,True,0.2810359488618328,1.0
82,Greedy,V4,"(10, 9)",0.1031231801510053,True,14.896375859826666,1.0
82,Greedy,V5,"(47, 64)",9.128818337414017,False,0.0,41.0
82,Greedy,V6,"(85, 46)",24.260674913646852,False,0.0,42.0
82,Greedy,V7,"(54, 78)",0.8332793119592523,False,0.0,18.0
82,Greedy,V8,"(75, 26)",0.17025026778309638,False,0.0,11.0
82,Greedy,V9,"(77, 20)",5.134059111335461,False,0.0,5.0
82,Greedy,V10,"(62, 8)",7.195964283935798,False,0.0,38.0
82,Auction,V1,"(26, 76)",5.258365907009733,True,14.030776406404414,1.0
82,Auction,V2,"(9, 60)",3.284388913581802,False,0.0,31.0
82,Auction,V3,"(17, 3)",1.5396879400374281,True,10.318011846545662,1.0
82,Auction,V4,"(90, 24)",8.364613272386936,True,6.166190378969059,1.0
82,Auction,V5,"(72, 12)",10.48229992357556,False,0.0,42.0
82,Auction,V6,"(7, 98)",0.8025212988322554,False,0.0,17.0
82,Auction,V7,"(99, 76)",4.044665517478549,False,0.0,21.0
82,Auction,V8,"(26, 47)",6.141382746403849,False,0.0,17.0
82,Auction,V9,"(49, 43)",2.4500143319619454,False,0.0,2.0
82,Auction,V10,"(11, 99)",4.942690241368009,False,0.0,36.0
82,Q-Learning,V1,"(99, 88)",0.22599625818411084,True,19.76776695296637,1.0
82,Q-Learning,V2,"(20, 99)",8.144482831126792,False,0.0,36.0
82,Q-Learning,V3,"(74, 64)",7.491562434059716,True,3.490949636364107,1.0
82,Q-Learning,V4,"(27, 80)",15.25889139585582,True,0.2806248474865711,1.0
82,Q-Learning,V5,"(98, 31)",3.0587151497479894,False,0.0,35.0
82,Q-Learning,V6,"(85, 81)",25.333333333333336,False,0.0,43.0
82,Q-Learning,V7,"(77, 76)",24.37799885081188,False,0.0,42.0
82,Q-Learning,V8,"(0, 34)",14.599014509462194,False,0.0,26.0
82,Q-Learning,V9,"(49, 43)",3.0895642506174354,True,3.593915006650832,6.0
82,Q-Learning,V10,"(9, 60)",0.17192367348634363,False,0.0,31.0
83,Greedy,V1,"(33, 76)",2.3856831909388774,True,15.350081433008754,1.0
83,Greedy,V2,"(53, 60)",2.0371963805162743,False,0.0,31.0
83,Greedy,V3,"(17, 81)",11.156850302108646,True,0.0,1.0
83,Greedy,V4,"(10, 9)",0.1031231801510053,True,13.896375859826666,1.0
83,Greedy,V5,"(47, 64)",9.128818337414017,False,0.0,42.0
83,Greedy,V6,"(85, 46)",24.260674913646852,False,0.0,43.0
83,Greedy,V7,"(54, 78)",0.8332793119592523,False,0.0,19.0
83,Greedy,V8,"(75, 26)",0.17025026778309638,False,0.0,12.0
83,Greedy,V9,"(77, 20)",5.134059111335461,False,0.0,6.0
83,Greedy,V10,"(62, 8)",7.195964283935798,False,0.0,39.0
83,Auction,V1,"(26, 76)",5.258365907009733,True,13.030776406404414,1.0
83,Auction,V2,"(9, 60)",3.284388913581802,False,0.0,32.0
83,Auction,V3,"(17, 3)",1.5396879400374281,True,9.318011846545662,1.0
83,Auction,V4,"(90, 24)",8.364613272386936,True,5.166190378969059,1.0
83,Auction,V5,"(72, 12)",10.48229992357556,False,0.0,43.0
83,Auction,V6,"(7, 98)",0.8025212988322554,False,0.0,18.0
83,Auction,V7,"(99, 76)",4.044665517478549,False,0.0,22.0
83,Auction,V8,"(26, 47)",6.141382746403849,False,0.0,18.0
83,Auction,V9,"(49, 43)",2.4500143319619454,False,0.0,3.0
83,Auction,V10,"(11, 99)",4.942690241368009,False,0.0,37.0
83,Q-Learning,V1,"(99, 88)",0.22599625818411084,True,18.76776695296637,1.0
83,Q-Learning,V2,"(20, 99)",8.144482831126792,False,0.0,37.0
83,Q-Learning,V3,"(74, 64)",7.491562434059716,True,2.490949636364107,1.0
83,Q-Learning,V4,"(27, 80)",15.25889139585582,True,0.0,1.0
83,Q-Learning,V5,"(98, 31)",3.0587151497479894,False,0.0,36.0
83,Q-Learning,V6,"(85, 81)",25.333333333333336,False,0.0,44.0
83,Q-Learning,V7,"(77, 76)",24.37799885081188,False,0.0,43.0
83,Q-Learning,V8,"(0, 34)",14.599014509462194,False,0.0,27.0
83,Q-Learning,V9,"(49, 43)",3.0895642506174354,True,2.593915006650832,6.0
83,Q-Learning,V10,"(9, 60)",0.17192367348634363,False,0.0,32.0
84,Greedy,V1,"(33, 76)",2.3856831909388774,True,14.350081433008754,1.0
84,Greedy,V2,"(53, 60)",2.0371963805162743,False,0.0,32.0
84,Greedy,V3,"(17, 81)",11.156850302108646,False,0.0,2.0
84,Greedy,V4,"(10, 9)",0.1031231801510053,True,12.896375859826666,1.0
84,Greedy,V5,"(47, 64)",9.128818337414017,False,0.0,43.0
84,Greedy,V6,"(85, 46)",24.260674913646852,False,0.0,44.0
84,Greedy,V7,"(54, 78)",0.8332793119592523,False,0.0,20.0
84,Greedy,V8,"(75, 26)",0.17025026778309638,False,0.0,13.0
84,Greedy,V9,"(77, 20)",5.134059111335461,False,0.0,7.0
84,Greedy,V10,"(62, 8)",7.195964283935798,False,0.0,40.0
84,Auction,V1,"(26, 76)",5.258365907009733,True,12.030776406404414,1.0
84,Auction,V2,"(9, 60)",3.284388913581802,False,0.0,33.0
84,Auction,V3,"(17, 3)",1.5396879400374281,True,8.318011846545662,1.0
84,Auction,V4,"(90, 24)",8.364613272386936,True,4.166190378969059,1.0
84,Auction,V5,"(72, 12)",10.48229992357556,False,0.0,44.0
84,Auction,V6,"(7, 98)",0.8025212988322554,False,0.0,19.0
84,Auction,V7,"(99, 76)",4.044665517478549,False,0.0,23.0
84,Auction,V8,"(26, 47)",6.141382746403849,False,0.0,19.0
84,Auction,V9,"(49, 43)",2.4500143319619454,False,0.0,4.0
84,Auction,V10,"(11, 99)",4.942690241368009,False,0.0,38.0
84,Q-Learning,V1,"(99, 88)",0.22599625818411084,True,17.76776695296637,1.0
84,Q-Learning,V2,"(20, 99)",8.144482831126792,False,0.0,38.0
84,Q-Learning,V3,"(74, 64)",7.491562434059716,True,1.4909496363641068,1.0
84,Q-Learning,V4,"(21, 95)",0.027792511575118084,True,14.231098884280701,1.0
84,Q-Learning,V5,"(98, 31)",3.0587151497479894,False,0.0,37.0
84,Q-Learning,V6,"(85, 81)",25.333333333333336,False,0.0,45.0
84,Q-Learning,V7,"(77, 76)",24.37799885081188,False,0.0,44.0
84,Q-Learning,V8,"(0, 34)",14.599014509462194,False,0.0,28.0
84,Q-Learning,V9,"(49, 43)",3.0895642506174354,True,1.5939150066508319,6.0
84,Q-Learning,V10,"(9, 60)",0.17192367348634363,False,0.0,33.0
85,Greedy,V1,"(33, 76)",2.3856831909388774,True,13.350081433008754,1.0
85,Greedy,V2,"(53, 60)",2.0371963805162743,False,0.0,33.0
85,Greedy,V3,"(17, 81)",11.156850302108646,False,0.0,3.0
85,Greedy,V4,"(10, 9)",0.1031231801510053,True,11.896375859826666,1.0
85,Greedy,V5,"(47, 64)",9.128818337414017,False,0.0,44.0
85,Greedy,V6,"(85, 46)",24.260674913646852,False,0.0,45.0
85,Greedy,V7,"(54, 78)",0.8332793119592523,False,0.0,21.0
85,Greedy,V8,"(75, 26)",0.17025026778309638,False,0.0,14.0
85,Greedy,V9,"(77, 20)",5.134059111335461,False,0.0,8.0
85,Greedy,V10,"(62, 8)",7.195964283935798,False,0.0,41.0
85,Auction,V1,"(26, 76)",5.258365907009733,True,11.030776406404414,1.0
85,Auction,V2,"(9, 60)",3.284388913581802,False,0.0,34.0
85,Auction,V3,"(17, 3)",1.5396879400374281,True,7.318011846545662,1.0
85,Auction,V4,"(90, 24)",8.364613272386936,True,3.166190378969059,1.0
85,Auction,V5,"(72, 12)",10.48229992357556,False,0.0,45.0
85,Auction,V6,"(7, 98)",0.8025212988322554,False,0.0,20.0
85,Auction,V7,"(99, 76)",4.044665517478549,False,0.0,24.0
85,Auction,V8,"(26, 47)",6.141382746403849,False,0.0,20.0
85,Auction,V9,"(49, 43)",2.4500143319619454,False,0.0,5.0
85,Auction,V10,"(11, 99)",4.942690241368009,False,0.0,39.0
85,Q-Learning,V1,"(99, 88)",0.22599625818411084,True,16.76776695296637,1.0
85,Q-Learning,V2,"(20, 99)",8.144482831126792,False,0.0,39.0
85,Q-Learning,V3,"(74, 64)",7.491562434059716,True,0.4909496363641068,1.0
85,Q-Learning,V4,"(21, 95)",0.027792511575118084,True,13.231098884280701,1.0
85,Q-Learning,V5,"(98, 31)",3.0587151497479894,False,0.0,38.0
85,Q-Learning,V6,"(85, 81)",25.333333333333336,False,0.0,46.0
85,Q-Learning,V7,"(77, 76)",24.37799885081188,False,0.0,45.0
85,Q-Learning,V8,"(0, 34)",14.599014509462194,False,0.0,29.0
85,Q-Learning,V9,"(49, 43)",3.0895642506174354,True,0.5939150066508319,6.0
85,Q-Learning,V10,"(9, 60)",0.17192367348634363,False,0.0,34.0
86,Greedy,V1,"(33, 76)",2.3856831909388774,True,12.350081433008754,1.0
86,Greedy,V2,"(53, 60)",2.0371963805162743,False,0.0,34.0
86,Greedy,V3,"(17, 81)",11.156850302108646,False,0.0,4.0
86,Greedy,V4,"(10, 9)",0.1031231801510053,True,10.896375859826666,1.0
86,Greedy,V5,"(47, 64)",9.128818337414017,False,0.0,45.0
86,Greedy,V6,"(85, 46)",3.6551236381828645,True,19.605551275463988,45.0
86,Greedy,V7,"(54, 78)",0.8332793119592523,False,0.0,22.0
86,Greedy,V8,"(75, 26)",0.17025026778309638,False,0.0,15.0
86,Greedy,V9,"(77, 20)",5.134059111335461,False,0.0,9.0
86,Greedy,V10,"(62, 8)",7.195964283935798,False,0.0,42.0
86,Auction,V1,"(26, 76)",5.258365907009733,True,10.030776406404414,1.0
86,Auction,V2,"(9, 60)",3.284388913581802,False,0.0,35.0
86,Auction,V3,"(17, 3)",1.5396879400374281,True,6.318011846545662,1.0
86,Auction,V4,"(90, 24)",8.364613272386936,True,2.166190378969059,1.0
86,Auction,V5,"(72, 12)",10.48229992357556,False,0.0,46.0
86,Auction,V6,"(7, 98)",0.8025212988322554,False,0.0,21.0
86,Auction,V7,"(99, 76)",4.044665517478549,False,0.0,25.0
86,Auction,V8,"(26, 47)",6.141382746403849,False,0.0,21.0
86,Auction,V9,"(49, 43)",2.4500143319619454,False,0.0,6.0
86,Auction,V10,"(11, 99)",4.942690241368009,False,0.0,40.0
86,Q-Learning,V1,"(99, 88)",0.22599625818411084,True,15.767766952966369,1.0
86,Q-Learning,V2,"(20, 99)",8.144482831126792,False,0.0,40.0
86,Q-Learning,V3,"(74, 64)",7.491562434059716,True,0.0,1.0
86,Q-Learning,V4,"(21, 95)",0.027792511575118084,True,12.231098884280701,1.0
86,Q-Learning,V5,"(98, 31)",3.0587151497479894,False,0.0,39.0
86,Q-Learning,V6,"(85, 81)",25.333333333333336,False,0.0,47.0
86,Q-Learning,V7,"(77, 76)",24.37799885081188,False,0.0,46.0
86,Q-Learning,V8,"(0, 34)",14.599014509462194,False,0.0,30.0
86,Q-Learning,V9,"(49, 43)",3.0895642506174354,True,0.0,6.0
86,Q-Learning,V10,"(9, 60)",0.17192367348634363,False,0.0,35.0
87,Greedy,V1,"(33, 76)",2.3856831909388774,True,11.350081433008754,1.0
87,Greedy,V2,"(53, 60)",2.0371963805162743,False,0.0,35.0
87,Greedy,V3,"(17, 81)",11.156850302108646,False,0.0,5.0
87,Greedy,V4,"(10, 9)",0.1031231801510053,True,9.896375859826666,1.0
87,Greedy,V5,"(47, 64)",9.128818337414017,False,0.0,46.0
87,Greedy,V6,"(85, 46)",3.6551236381828645,True,18.605551275463988,45.0
87,Greedy,V7,"(54, 78)",0.8332793119592523,False,0.0,23.0
87,Greedy,V8,"(75, 26)",0.17025026778309638,False,0.0,16.0
87,Greedy,V9,"(77, 20)",5.134059111335461,False,0.0,10.0
87,Greedy,V10,"(62, 8)",7.195964283935798,False,0.0,43.0
87,Auction,V1,"(26, 76)",5.258365907009733,True,9.030776406404414,1.0
87,Auction,V2,"(9, 60)",3.284388913581802,False,0.0,36.0
87,Auction,V3,"(17, 3)",1.5396879400374281,True,5.318011846545662,1.0
87,Auction,V4,"(90, 24)",8.364613272386936,True,1.166190378969059,1.0
87,Auction,V5,"(72, 12)",10.48229992357556,False,0.0,47.0
87,Auction,V6,"(7, 98)",0.8025212988322554,False,0.0,22.0
87,Auction,V7,"(99, 76)",4.044665517478549,False,0.0,26.0
87,Auction,V8,"(26, 47)",6.141382746403849,False,0.0,22.0
87,Auction,V9,"(49, 43)",2.4500143319619454,False,0.0,7.0
87,Auction,V10,"(11, 99)",4.942690241368009,False,0.0,41.0
87,Q-Learning,V1,"(99, 88)",0.22599625818411084,True,14.767766952966369,1.0
87,Q-Learning,V2,"(20, 99)",8.144482831126792,False,0.0,41.0
87,Q-Learning,V3,"(74, 64)",7.491562434059716,False,0.0,2.0
87,Q-Learning,V4,"(21, 95)",0.027792511575118084,True,11.231098884280701,1.0
87,Q-Learning,V5,"(98, 31)",3.0587151497479894,False,0.0,40.0
87,Q-Learning,V6,"(85, 81)",25.333333333333336,False,0.0,48.0
87,Q-Learning,V7,"(77, 76)",24.37799885081188,False,0.0,47.0
87,Q-Learning,V8,"(0, 34)",14.599014509462194,False,0.0,31.0
87,Q-Learning,V9,"(49, 43)",3.0895642506174354,False,0.0,7.0
87,Q-Learning,V10,"(9, 60)",0.17192367348634363,False,0.0,36.0
88,Greedy,V1,"(33, 76)",2.3856831909388774,True,10.350081433008754,1.0
88,Greedy,V2,"(53, 60)",2.0371963805162743,False,0.0,36.0
88,Greedy,V3,"(17, 81)",11.156850302108646,False,0.0,6.0
88,Greedy,V4,"(10, 9)",0.1031231801510053,True,8.896375859826666,1.0
88,Greedy,V5,"(47, 64)",9.128818337414017,False,0.0,47.0
88,Greedy,V6,"(85, 46)",3.6551236381828645,True,17.605551275463988,45.0
88,Greedy,V7,"(54, 78)",0.8332793119592523,False,0.0,24.0
88,Greedy,V8,"(75, 26)",0.17025026778309638,False,0.0,17.0
88,Greedy,V9,"(77, 20)",5.134059111335461,False,0.0,11.0
88,Greedy,V10,"(62, 8)",7.195964283935798,False,0.0,44.0
88,Auction,V1,"(26, 76)",5.258365907009733,True,8.030776406404414,1.0
88,Auction,V2,"(9, 60)",3.284388913581802,False,0.0,37.0
88,Auction,V3,"(17, 3)",1.5396879400374281,True,4.318011846545662,1.0
88,Auction,V4,"(90, 24)",8.364613272386936,True,0.16619037896905908,1.0
88,Auction,V5,"(72, 12)",10.48229992357556,False,0.0,48.0
88,Auction,V6,"(7, 98)",0.8025212988322554,False,0.0,23.0
88,Auction,V7,"(99, 76)",4.044665517478549,False,0.0,27.0
88,Auction,V8,"(26, 47)",6.141382746403849,False,0.0,23.0
88,Auction,V9,"(49, 43)",2.4500143319619454,False,0.0,8.0
88,Auction,V10,"(11, 99)",4.942690241368009,False,0.0,42.0
88,Q-Learning,V1,"(99, 88)",0.22599625818411084,True,13.767766952966369,1.0
88,Q-Learning,V2,"(20, 99)",8.144482831126792,False,0.0,42.0
88,Q-Learning,V3,"(74, 64)",7.491562434059716,False,0.0,3.0
88,Q-Learning,V4,"(21, 95)",0.027792511575118084,True,10.231098884280701,1.0
88,Q-Learning,V5,"(98, 31)",3.0587151497479894,False,0.0,41.0
88,Q-Learning,V6,"(85, 81)",25.333333333333336,False,0.0,49.0
88,Q-Learning,V7,"(77, 76)",24.37799885081188,False,0.0,48.0
88,Q-Learning,V8,"(0, 34)",14.599014509462194,False,0.0,32.0
88,Q-Learning,V9,"(49, 43)",3.0895642506174354,False,0.0,8.0
88,Q-Learning,V10,"(9, 60)",0.17192367348634363,False,0.0,37.0
89,Greedy,V1,"(33, 76)",2.3856831909388774,True,9.350081433008754,1.0
89,Greedy,V2,"(53, 60)",2.0371963805162743,False,0.0,37.0
89,Greedy,V3,"(17, 81)",11.156850302108646,False,0.0,7.0
89,Greedy,V4,"(10, 9)",0.1031231801510053,True,7.896375859826666,1.0
89,Greedy,V5,"(47, 64)",9.128818337414017,False,0.0,48.0
89,Greedy,V6,"(85, 46)",3.6551236381828645,True,16.605551275463988,45.0
89,Greedy,V7,"(54, 78)",0.8332793119592523,False,0.0,25.0
89,Greedy,V8,"(75, 26)",0.17025026778309638,False,0.0,18.0
89,Greedy,V9,"(77, 20)",5.134059111335461,False,0.0,12.0
89,Greedy,V10,"(62, 8)",7.195964283935798,False,0.0,45.0
89,Auction,V1,"(26, 76)",5.258365907009733,True,7.030776406404414,1.0
89,Auction,V2,"(9, 60)",3.284388913581802,False,0.0,38.0
89,Auction,V3,"(17, 3)",1.5396879400374281,True,3.3180118465456623,1.0
89,Auction,V4,"(90, 24)",8.364613272386936,True,0.0,1.0
89,Auction,V5,"(72, 12)",10.48229992357556,False,0.0,49.0
89,Auction,V6,"(7, 98)",0.8025212988322554,False,0.0,24.0
89,Auction,V7,"(99, 76)",4.044665517478549,False,0.0,28.0
89,Auction,V8,"(26, 47)",6.141382746403849,False,0.0,24.0
89,Auction,V9,"(49, 43)",2.4500143319619454,False,0.0,9.0
89,Auction,V10,"(11, 99)",4.942690241368009,False,0.0,43.0
89,Q-Learning,V1,"(99, 88)",0.22599625818411084,True,12.767766952966369,1.0
89,Q-Learning,V2,"(20, 99)",8.144482831126792,False,0.0,43.0
89,Q-Learning,V3,"(74, 64)",7.491562434059716,False,0.0,4.0
89,Q-Learning,V4,"(21, 95)",0.027792511575118084,True,9.231098884280701,1.0
89,Q-Learning,V5,"(98, 31)",3.0587151497479894,False,0.0,42.0
89,Q-Learning,V6,"(85, 81)",25.333333333333336,False,0.0,50.0
89,Q-Learning,V7,"(77, 76)",24.37799885081188,False,0.0,49.0
89,Q-Learning,V8,"(0, 34)",14.599014509462194,False,0.0,33.0
89,Q-Learning,V9,"(49, 43)",3.0895642506174354,False,0.0,9.0
89,Q-Learning,V10,"(9, 60)",0.17192367348634363,False,0.0,38.0
90,Greedy,V1,"(33, 76)",2.3856831909388774,True,8.350081433008754,1.0
90,Greedy,V2,"(53, 60)",2.0371963805162743,False,0.0,38.0
90,Greedy,V3,"(17, 81)",11.156850302108646,False,0.0,8.0
90,Greedy,V4,"(10, 9)",0.1031231801510053,True,6.896375859826666,1.0
90,Greedy,V5,"(47, 64)",9.128818337414017,False,0.0,49.0
90,Greedy,V6,"(85, 46)",3.6551236381828645,True,15.605551275463988,45.0
90,Greedy,V7,"(54, 78)",0.8332793119592523,False,0.0,26.0
90,Greedy,V8,"(75, 26)",0.17025026778309638,False,0.0,19.0
90,Greedy,V9,"(77, 20)",5.134059111335461,False,0.0,13.0
90,Greedy,V10,"(62, 8)",7.195964283935798,False,0.0,46.0
90,Auction,V1,"(26, 76)",5.258365907009733,True,6.030776406404414,1.0
90,Auction,V2,"(9, 60)",3.284388913581802,False,0.0,39.0
90,Auction,V3,"(17, 3)",1.5396879400374281,True,2.3180118465456623,1.0
90,Auction,V4,"(90, 24)",8.364613272386936,False,0.0,2.0
90,Auction,V5,"(72, 12)",10.48229992357556,False,0.0,50.0
90,Auction,V6,"(7, 98)",0.8025212988322554,False,0.0,25.0
90,Auction,V7,"(99, 76)",4.044665517478549,False,0.0,29.0
90,Auction,V8,"(26, 47)",6.141382746403849,False,0.0,25.0
90,Auction,V9,"(49, 43)",2.4500143319619454,False,0.0,10.0
90,Auction,V10,"(11, 99)",4.942690241368009,False,0.0,44.0
90,Q-Learning,V1,"(99, 88)",0.22599625818411084,True,11.767766952966369,1.0
90,Q-Learning,V2,"(20, 99)",8.144482831126792,False,0.0,44.0
90,Q-Learning,V3,"(74, 64)",7.491562434059716,False,0.0,5.0
90,Q-Learning,V4,"(21, 95)",0.027792511575118084,True,8.231098884280701,1.0
90,Q-Learning,V5,"(98, 31)",3.0587151497479894,False,0.0,43.0
90,Q-Learning,V6,"(85, 81)",25.333333333333336,False,0.0,51.0
90,Q-Learning,V7,"(77, 76)",24.37799885081188,False,0.0,50.0
90,Q-Learning,V8,"(0, 34)",14.599014509462194,False,0.0,34.0
90,Q-Learning,V9,"(49, 43)",3.0895642506174354,False,0.0,10.0
90,Q-Learning,V10,"(9, 60)",0.17192367348634363,False,0.0,39.0
91,Greedy,V1,"(33, 76)",2.3856831909388774,True,7.350081433008754,1.0
91,Greedy,V2,"(53, 60)",2.0371963805162743,False,0.0,39.0
91,Greedy,V3,"(17, 81)",11.156850302108646,False,0.0,9.0
91,Greedy,V4,"(10, 9)",0.1031231801510053,True,5.896375859826666,1.0
91,Greedy,V5,"(47, 64)",9.128818337414017,False,0.0,50.0
91,Greedy,V6,"(85, 46)",3.6551236381828645,True,14.605551275463988,45.0
91,Greedy,V7,"(54, 78)",0.8332793119592523,False,0.0,27.0
91,Greedy,V8,"(75, 26)",0.17025026778309638,False,0.0,20.0
91,Greedy,V9,"(77, 20)",5.134059111335461,False,0.0,14.0
91,Greedy,V10,"(62, 8)",7.195964283935798,False,0.0,47.0
91,Auction,V1,"(26, 76)",5.258365907009733,True,5.030776406404414,1.0
91,Auction,V2,"(9, 60)",3.284388913581802,False,0.0,40.0
91,Auction,V3,"(17, 3)",1.5396879400374281,True,1.3180118465456623,1.0
91,Auction,V4,"(90, 24)",8.364613272386936,False,0.0,3.0
91,Auction,V5,"(72, 12)",10.48229992357556,False,0.0,51.0
91,Auction,V6,"(7, 98)",0.8025212988322554,False,0.0,26.0
91,Auction,V7,"(99, 76)",4.044665517478549,False,0.0,30.0
91,Auction,V8,"(26, 47)",6.141382746403849,False,0.0,26.0
91,Auction,V9,"(49, 43)",2.4500143319619454,False,0.0,11.0
91,Auction,V10,"(11, 99)",4.942690241368009,False,0.0,45.0
91,Q-Learning,V1,"(99, 88)",0.22599625818411084,True,10.767766952966369,1.0
91,Q-Learning,V2,"(20, 99)",8.144482831126792,False,0.0,45.0
91,Q-Learning,V3,"(74, 64)",7.491562434059716,False,0.0,6.0
91,Q-Learning,V4,"(21, 95)",0.027792511575118084,True,7.231098884280701,1.0
91,Q-Learning,V5,"(98, 31)",3.0587151497479894,False,0.0,44.0
91,Q-Learning,V6,"(85, 81)",25.333333333333336,False,0.0,52.0
91,Q-Learning,V7,"(77, 76)",24.37799885081188,False,0.0,51.0
91,Q-Learning,V8,"(0, 34)",14.599014509462194,False,0.0,35.0
91,Q-Learning,V9,"(49, 43)",3.0895642506174354,False,0.0,11.0
91,Q-Learning,V10,"(9, 60)",0.17192367348634363,False,0.0,40.0
92,Greedy,V1,"(33, 76)",2.3856831909388774,True,6.350081433008754,1.0
92,Greedy,V2,"(53, 60)",2.0371963805162743,False,0.0,40.0
92,Greedy,V3,"(17, 81)",11.156850302108646,False,0.0,10.0
92,Greedy,V4,"(10, 9)",0.1031231801510053,True,4.896375859826666,1.0
92,Greedy,V5,"(47, 64)",9.128818337414017,False,0.0,51.0
92,Greedy,V6,"(85, 46)",3.6551236381828645,True,13.605551275463988,45.0
92,Greedy,V7,"(54, 78)",0.8332793119592523,False,0.0,28.0
92,Greedy,V8,"(75, 26)",0.17025026778309638,False,0.0,21.0
92,Greedy,V9,"(77, 20)",5.134059111335461,False,0.0,15.0
92,Greedy,V10,"(62, 8)",7.195964283935798,False,0.0,48.0
92,Auction,V1,"(26, 76)",5.258365907009733,True,4.030776406404414,1.0
92,Auction,V2,"(9, 60)",3.284388913581802,False,0.0,41.0
92,Auction,V3,"(17, 3)",1.5396879400374281,True,0.3180118465456623,1.0
92,Auction,V4,"(90, 24)",8.364613272386936,False,0.0,4.0
92,Auction,V5,"(72, 12)",10.48229992357556,False,0.0,52.0
92,Auction,V6,"(7, 98)",0.8025212988322554,False,0.0,27.0
92,Auction,V7,"(99, 76)",4.044665517478549,False,0.0,31.0
92,Auction,V8,"(26, 47)",6.141382746403849,False,0.0,27.0
92,Auction,V9,"(49, 43)",2.4500143319619454,False,0.0,12.0
92,Auction,V10,"(11, 99)",4.942690241368009,False,0.0,46.0
92,Q-Learning,V1,"(99, 88)",0.22599625818411084,True,9.767766952966369,1.0
92,Q-Learning,V2,"(20, 99)",8.144482831126792,False,0.0,46.0
92,Q-Learning,V3,"(74, 64)",7.491562434059716,False,0.0,7.0
92,Q-Learning,V4,"(21, 95)",0.027792511575118084,True,6.231098884280701,1.0
92,Q-Learning,V5,"(98, 31)",3.0587151497479894,False,0.0,45.0
92,Q-Learning,V6,"(85, 81)",25.333333333333336,False,0.0,53.0
92,Q-Learning,V7,"(77, 76)",24.37799885081188,False,0.0,52.0
92,Q-Learning,V8,"(0, 34)",14.599014509462194,False,0.0,36.0
92,Q-Learning,V9,"(49, 43)",3.0895642506174354,False,0.0,12.0
92,Q-Learning,V10,"(9, 60)",0.17192367348634363,False,0.0,41.0
93,Greedy,V1,"(33, 76)",2.3856831909388774,True,5.350081433008754,1.0
93,Greedy,V2,"(53, 60)",2.0371963805162743,False,0.0,41.0
93,Greedy,V3,"(17, 81)",11.156850302108646,False,0.0,11.0
93,Greedy,V4,"(10, 9)",0.1031231801510053,True,3.896375859826666,1.0
93,Greedy,V5,"(47, 64)",9.128818337414017,False,0.0,52.0
93,Greedy,V6,"(85, 46)",3.6551236381828645,True,12.605551275463988,45.0
93,Greedy,V7,"(54, 78)",0.8332793119592523,False,0.0,29.0
93,Greedy,V8,"(75, 26)",0.17025026778309638,False,0.0,22.0
93,Greedy,V9,"(77, 20)",5.134059111335461,False,0.0,16.0
93,Greedy,V10,"(62, 8)",7.195964283935798,False,0.0,49.0
93,Auction,V1,"(26, 76)",5.258365907009733,True,3.0307764064044136,1.0
93,Auction,V2,"(9, 60)",3.284388913581802,False,0.0,42.0
93,Auction,V3,"(17, 3)",1.5396879400374281,True,0.0,1.0
93,Auction,V4,"(90, 24)",8.364613272386936,False,0.0,5.0
93,Auction,V5,"(72, 12)",10.48229992357556,False,0.0,53.0
93,Auction,V6,"(7, 98)",0.8025212988322554,False,0.0,28.0
93,Auction,V7,"(99, 76)",4.044665517478549,False,0.0,32.0
93,Auction,V8,"(26, 47)",6.141382746403849,False,0.0,28.0
93,Auction,V9,"(49, 43)",2.4500143319619454,False,0.0,13.0
93,Auction,V10,"(11, 99)",4.942690241368009,False,0.0,47.0
93,Q-Learning,V1,"(99, 88)",0.22599625818411084,True,8.767766952966369,1.0
93,Q-Learning,V2,"(20, 99)",8.144482831126792,False,0.0,47.0
93,Q-Learning,V3,"(74, 64)",7.491562434059716,False,0.0,8.0
93,Q-Learning,V4,"(21, 95)",0.027792511575118084,True,5.231098884280701,1.0
93,Q-Learning,V5,"(98, 31)",3.0587151497479894,False,0.0,46.0
93,Q-Learning,V6,"(85, 81)",25.333333333333336,False,0.0,54.0
93,Q-Learning,V7,"(77, 76)",24.37799885081188,False,0.0,53.0
93,Q-Learning,V8,"(0, 34)",14.599014509462194,False,0.0,37.0
93,Q-Learning,V9,"(49, 43)",3.0895642506174354,False,0.0,13.0
93,Q-Learning,V10,"(9, 60)",0.17192367348634363,False,0.0,42.0
94,Greedy,V1,"(33, 76)",2.3856831909388774,True,4.350081433008754,1.0
94,Greedy,V2,"(53, 60)",2.0371963805162743,False,0.0,42.0
94,Greedy,V3,"(17, 81)",11.156850302108646,False,0.0,12.0
94,Greedy,V4,"(10, 9)",0.1031231801510053,True,2.896375859826666,1.0
94,Greedy,V5,"(47, 64)",9.128818337414017,False,0.0,53.0
94,Greedy,V6,"(85, 46)",3.6551236381828645,True,11.605551275463988,45.0
94,Greedy,V7,"(54, 78)",0.8332793119592523,False,0.0,30.0
94,Greedy,V8,"(75, 26)",0.17025026778309638,False,0.0,23.0
94,Greedy,V9,"(77, 20)",5.134059111335461,False,0.0,17.0
94,Greedy,V10,"(62, 8)",7.195964283935798,False,0.0,50.0
94,Auction,V1,"(26, 76)",5.258365907009733,True,2.0307764064044136,1.0
94,Auction,V2,"(9, 60)",3.284388913581802,False,0.0,43.0
94,Auction,V3,"(17, 3)",1.5396879400374281,False,0.0,2.0
94,Auction,V4,"(90, 24)",8.364613272386936,False,0.0,6.0
94,Auction,V5,"(72, 12)",10.48229992357556,False,0.0,54.0
94,Auction,V6,"(7, 98)",0.8025212988322554,False,0.0,29.0
94,Auction,V7,"(99, 76)",4.044665517478549,False,0.0,33.0
94,Auction,V8,"(26, 47)",6.141382746403849,False,0.0,29.0
94,Auction,V9,"(49, 43)",2.4500143319619454,False,0.0,14.0
94,Auction,V10,"(11, 99)",4.942690241368009,False,0.0,48.0
94,Q-Learning,V1,"(99, 88)",0.22599625818411084,True,7.767766952966369,1.0
94,Q-Learning,V2,"(20, 99)",8.144482831126792,False,0.0,48.0
94,Q-Learning,V3,"(74, 64)",7.491562434059716,False,0.0,9.0
94,Q-Learning,V4,"(21, 95)",0.027792511575118084,True,4.231098884280701,1.0
94,Q-Learning,V5,"(98, 31)",3.0587151497479894,False,0.0,47.0
94,Q-Learning,V6,"(85, 81)",25.333333333333336,False,0.0,55.0
94,Q-Learning,V7,"(77, 76)",24.37799885081188,False,0.0,54.0
94,Q-Learning,V8,"(0, 34)",14.599014509462194,False,0.0,38.0
94,Q-Learning,V9,"(49, 43)",3.0895642506174354,False,0.0,14.0
94,Q-Learning,V10,"(9, 60)",0.17192367348634363,False,0.0,43.0
95,Greedy,V1,"(33, 76)",2.3856831909388774,True,3.3500814330087536,1.0
95,Greedy,V2,"(53, 60)",2.0371963805162743,False,0.0,43.0
95,Greedy,V3,"(17, 81)",11.156850302108646,False,0.0,13.0
95,Greedy,V4,"(10, 9)",0.1031231801510053,True,1.8963758598266658,1.0
95,Greedy,V5,"(47, 64)",9.128818337414017,False,0.0,54.0
95,Greedy,V6,"(85, 46)",3.6551236381828645,True,10.605551275463988,45.0
95,Greedy,V7,"(54, 78)",0.8332793119592523,False,0.0,31.0
95,Greedy,V8,"(75, 26)",0.17025026778309638,False,0.0,24.0
95,Greedy,V9,"(77, 20)",5.134059111335461,False,0.0,18.0
95,Greedy,V10,"(62, 8)",7.195964283935798,False,0.0,51.0
95,Auction,V1,"(26, 76)",5.258365907009733,True,1.0307764064044136,1.0
95,Auction,V2,"(9, 60)",3.284388913581802,False,0.0,44.0
95,Auction,V3,"(17, 3)",1.5396879400374281,False,0.0,3.0
95,Auction,V4,"(90, 24)",8.364613272386936,False,0.0,7.0
95,Auction,V5,"(72, 12)",10.48229992357556,False,0.0,55.0
95,Auction,V6,"(7, 98)",0.8025212988322554,False,0.0,30.0
95,Auction,V7,"(99, 76)",4.044665517478549,False,0.0,34.0
95,Auction,V8,"(26, 47)",6.141382746403849,False,0.0,30.0
95,Auction,V9,"(49, 43)",2.4500143319619454,False,0.0,15.0
95,Auction,V10,"(11, 99)",4.942690241368009,False,0.0,49.0
95,Q-Learning,V1,"(99, 88)",0.22599625818411084,True,6.767766952966369,1.0
95,Q-Learning,V2,"(20, 99)",8.144482831126792,False,0.0,49.0
95,Q-Learning,V3,"(74, 64)",7.491562434059716,False,0.0,10.0
95,Q-Learning,V4,"(21, 95)",0.027792511575118084,True,3.2310988842807014,1.0
95,Q-Learning,V5,"(98, 31)",3.0587151497479894,False,0.0,48.0
95,Q-Learning,V6,"(85, 81)",25.333333333333336,False,0.0,56.0
95,Q-Learning,V7,"(77, 76)",24.37799885081188,False,0.0,55.0
95,Q-Learning,V8,"(0, 34)",14.599014509462194,False,0.0,39.0
95,Q-Learning,V9,"(49, 43)",3.0895642506174354,False,0.0,15.0
95,Q-Learning,V10,"(9, 60)",0.17192367348634363,False,0.0,44.0
96,Greedy,V1,"(33, 76)",2.3856831909388774,True,2.3500814330087536,1.0
96,Greedy,V2,"(53, 60)",2.0371963805162743,False,0.0,44.0
96,Greedy,V3,"(17, 81)",11.156850302108646,False,0.0,14.0
96,Greedy,V4,"(10, 9)",0.1031231801510053,True,0.8963758598266658,1.0
96,Greedy,V5,"(47, 64)",9.128818337414017,False,0.0,55.0
96,Greedy,V6,"(85, 46)",3.6551236381828645,True,9.605551275463988,45.0
96,Greedy,V7,"(54, 78)",0.8332793119592523,False,0.0,32.0
96,Greedy,V8,"(75, 26)",0.17025026778309638,False,0.0,25.0
96,Greedy,V9,"(77, 20)",5.134059111335461,False,0.0,19.0
96,Greedy,V10,"(62, 8)",7.195964283935798,False,0.0,52.0
96,Auction,V1,"(26, 76)",5.258365907009733,True,0.030776406404413592,1.0
96,Auction,V2,"(9, 60)",3.284388913581802,False,0.0,45.0
96,Auction,V3,"(17, 3)",1.5396879400374281,False,0.0,4.0
96,Auction,V4,"(90, 24)",8.364613272386936,False,0.0,8.0
96,Auction,V5,"(72, 12)",10.48229992357556,False,0.0,56.0
96,Auction,V6,"(7, 98)",0.8025212988322554,False,0.0,31.0
96,Auction,V7,"(99, 76)",4.044665517478549,False,0.0,35.0
96,Auction,V8,"(26, 47)",6.141382746403849,False,0.0,31.0
96,Auction,V9,"(49, 43)",2.4500143319619454,False,0.0,16.0
96,Auction,V10,"(11, 99)",4.942690241368009,False,0.0,50.0
96,Q-Learning,V1,"(99, 88)",0.22599625818411084,True,5.767766952966369,1.0
96,Q-Learning,V2,"(20, 99)",8.144482831126792,False,0.0,50.0
96,Q-Learning,V3,"(74, 64)",7.491562434059716,False,0.0,11.0
96,Q-Learning,V4,"(21, 95)",0.027792511575118084,True,2.2310988842807014,1.0
96,Q-Learning,V5,"(98, 31)",3.0587151497479894,False,0.0,49.0
96,Q-Learning,V6,"(85, 81)",25.333333333333336,False,0.0,57.0
96,Q-Learning,V7,"(77, 76)",24.37799885081188,False,0.0,56.0
96,Q-Learning,V8,"(0, 34)",14.599014509462194,False,0.0,40.0
96,Q-Learning,V9,"(49, 43)",3.0895642506174354,False,0.0,16.0
96,Q-Learning,V10,"(9, 60)",0.17192367348634363,False,0.0,45.0
97,Greedy,V1,"(33, 76)",2.3856831909388774,True,1.3500814330087536,1.0
97,Greedy,V2,"(53, 60)",2.0371963805162743,False,0.0,45.0
97,Greedy,V3,"(17, 81)",11.156850302108646,False,0.0,15.0
97,Greedy,V4,"(10, 9)",0.1031231801510053,True,0.0,1.0
97,Greedy,V5,"(47, 64)",9.128818337414017,False,0.0,56.0
97,Greedy,V6,"(85, 46)",3.6551236381828645,True,8.605551275463988,45.0
97,Greedy,V7,"(54, 78)",0.8332793119592523,False,0.0,33.0
97,Greedy,V8,"(75, 26)",0.17025026778309638,False,0.0,26.0
97,Greedy,V9,"(77, 20)",5.134059111335461,False,0.0,20.0
97,Greedy,V10,"(62, 8)",7.195964283935798,False,0.0,53.0
97,Auction,V1,"(26, 76)",5.258365907009733,True,0.0,1.0
97,Auction,V2,"(9, 60)",3.284388913581802,False,0.0,46.0
97,Auction,V3,"(17, 3)",1.5396879400374281,False,0.0,5.0
97,Auction,V4,"(90, 24)",8.364613272386936,False,0.0,9.0
97,Auction,V5,"(72, 12)",10.48229992357556,False,0.0,57.0
97,Auction,V6,"(7, 98)",0.8025212988322554,False,0.0,32.0
97,Auction,V7,"(99, 76)",4.044665517478549,False,0.0,36.0
97,Auction,V8,"(26, 47)",6.141382746403849,False,0.0,32.0
97,Auction,V9,"(49, 43)",2.4500143319619454,False,0.0,17.0
97,Auction,V10,"(11, 99)",4.942690241368009,False,0.0,51.0
97,Q-Learning,V1,"(99, 88)",0.22599625818411084,True,4.767766952966369,1.0
97,Q-Learning,V2,"(20, 99)",8.144482831126792,False,0.0,51.0
97,Q-Learning,V3,"(74, 64)",7.491562434059716,False,0.0,12.0
97,Q-Learning,V4,"(21, 95)",0.027792511575118084,True,1.2310988842807014,1.0
97,Q-Learning,V5,"(98, 31)",3.0587151497479894,False,0.0,50.0
97,Q-Learning,V6,"(85, 81)",25.333333333333336,False,0.0,58.0
97,Q-Learning,V7,"(77, 76)",24.37799885081188,False,0.0,57.0
97,Q-Learning,V8,"(0, 34)",14.599014509462194,False,0.0,41.0
97,Q-Learning,V9,"(49, 43)",3.0895642506174354,False,0.0,17.0
97,Q-Learning,V10,"(9, 60)",0.17192367348634363,False,0.0,46.0
98,Greedy,V1,"(33, 76)",2.3856831909388774,True,0.3500814330087536,1.0
98,Greedy,V2,"(53, 60)",2.0371963805162743,False,0.0,46.0
98,Greedy,V3,"(17, 81)",11.156850302108646,False,0.0,16.0
98,Greedy,V4,"(10, 9)",0.1031231801510053,False,0.0,2.0
98,Greedy,V5,"(47, 64)",9.128818337414017,False,0.0,57.0
98,Greedy,V6,"(85, 46)",3.6551236381828645,True,7.605551275463988,45.0
98,Greedy,V7,"(54, 78)",0.8332793119592523,False,0.0,34.0
98,Greedy,V8,"(75, 26)",0.17025026778309638,False,0.0,27.0
98,Greedy,V9,"(77, 20)",5.134059111335461,False,0.0,21.0
98,Greedy,V10,"(62, 8)",7.195964283935798,False,0.0,54.0
98,Auction,V1,"(26, 76)",5.258365907009733,False,0.0,2.0
98,Auction,V2,"(9, 60)",3.284388913581802,False,0.0,47.0
98,Auction,V3,"(17, 3)",1.5396879400374281,False,0.0,6.0
98,Auction,V4,"(90, 24)",8.364613272386936,False,0.0,10.0
98,Auction,V5,"(72, 12)",10.48229992357556,False,0.0,58.0
98,Auction,V6,"(7, 98)",0.8025212988322554,False,0.0,33.0
98,Auction,V7,"(99, 76)",4.044665517478549,False,0.0,37.0
98,Auction,V8,"(26, 47)",6.141382746403849,False,0.0,33.0
98,Auction,V9,"(49, 43)",2.4500143319619454,False,0.0,18.0
98,Auction,V10,"(11, 99)",4.942690241368009,False,0.0,52.0
98,Q-Learning,V1,"(99, 88)",0.22599625818411084,True,3.767766952966369,1.0
98,Q-Learning,V2,"(20, 99)",8.144482831126792,False,0.0,52.0
98,Q-Learning,V3,"(74, 64)",7.491562434059716,False,0.0,13.0
98,Q-Learning,V4,"(21, 95)",0.027792511575118084,True,0.23109888428070136,1.0
98,Q-Learning,V5,"(98, 31)",3.0587151497479894,False,0.0,51.0
98,Q-Learning,V6,"(85, 81)",25.333333333333336,False,0.0,59.0
98,Q-Learning,V7,"(77, 76)",24.37799885081188,False,0.0,58.0
98,Q-Learning,V8,"(0, 34)",14.599014509462194,False,0.0,42.0
98,Q-Learning,V9,"(49, 43)",3.0895642506174354,False,0.0,18.0
98,Q-Learning,V10,"(9, 60)",0.17192367348634363,False,0.0,47.0
99,Greedy,V1,"(33, 76)",2.3856831909388774,True,0.0,1.0
99,Greedy,V2,"(53, 60)",2.0371963805162743,False,0.0,47.0
99,Greedy,V3,"(17, 81)",11.156850302108646,False,0.0,17.0
99,Greedy,V4,"(10, 9)",0.1031231801510053,False,0.0,3.0
99,Greedy,V5,"(47, 64)",9.128818337414017,False,0.0,58.0
99,Greedy,V6,"(85, 46)",3.6551236381828645,True,6.605551275463988,45.0
99,Greedy,V7,"(54, 78)",0.8332793119592523,False,0.0,35.0
99,Greedy,V8,"(75, 26)",0.17025026778309638,False,0.0,28.0
99,Greedy,V9,"(77, 20)",5.134059111335461,False,0.0,22.0
99,Greedy,V10,"(62, 8)",7.195964283935798,False,0.0,55.0
99,Auction,V1,"(26, 76)",5.258365907009733,False,0.0,3.0
99,Auction,V2,"(9, 60)",3.284388913581802,False,0.0,48.0
99,Auction,V3,"(17, 3)",1.5396879400374281,False,0.0,7.0
99,Auction,V4,"(90, 24)",8.364613272386936,False,0.0,11.0
99,Auction,V5,"(72, 12)",10.48229992357556,False,0.0,59.0
99,Auction,V6,"(7, 98)",0.8025212988322554,False,0.0,34.0
99,Auction,V7,"(99, 76)",4.044665517478549,False,0.0,38.0
99,Auction,V8,"(26, 47)",6.141382746403849,False,0.0,34.0
99,Auction,V9,"(49, 43)",2.4500143319619454,False,0.0,19.0
99,Auction,V10,"(11, 99)",4.942690241368009,False,0.0,53.0
99,Q-Learning,V1,"(99, 88)",0.22599625818411084,True,2.767766952966369,1.0
99,Q-Learning,V2,"(20, 99)",8.144482831126792,False,0.0,53.0
99,Q-Learning,V3,"(74, 64)",7.491562434059716,False,0.0,14.0
99,Q-Learning,V4,"(21, 95)",0.027792511575118084,True,0.0,1.0
99,Q-Learning,V5,"(98, 31)",3.0587151497479894,False,0.0,52.0
99,Q-Learning,V6,"(85, 81)",25.333333333333336,False,0.0,60.0
99,Q-Learning,V7,"(77, 76)",24.37799885081188,False,0.0,59.0
99,Q-Learning,V8,"(0, 34)",14.599014509462194,False,0.0,43.0
99,Q-Learning,V9,"(49, 43)",3.0895642506174354,False,0.0,19.0
99,Q-Learning,V10,"(9, 60)",0.17192367348634363,False,0.0,48.0
