time_step,method,vehicle_id,position,battery,busy,remaining_duration,idle_time
0,Greedy,V1,"(62, 49)",89.0,False,0.0,1.0
0,Greedy,V2,"(10, 66)",52.0,False,0.0,1.0
0,Greedy,V3,"(61, 6)",85.0,False,0.0,1.0
0,Greedy,V4,"(71, 92)",68.0,False,0.0,1.0
0,Greedy,V5,"(41, 59)",52.0,False,0.0,1.0
0,Greedy,V6,"(14, 69)",68.0,False,0.0,1.0
0,Greedy,V7,"(42, 30)",60.0,False,0.0,1.0
0,Greedy,V8,"(4, 87)",66.0,False,0.0,1.0
0,Greedy,V9,"(58, 83)",56.0,False,0.0,1.0
0,Greedy,V10,"(4, 24)",91.0,False,0.0,1.0
0,Auction,V1,"(62, 49)",89.0,False,0.0,1.0
0,Auction,V2,"(10, 66)",52.0,False,0.0,1.0
0,Auction,V3,"(61, 6)",85.0,False,0.0,1.0
0,Auction,V4,"(71, 92)",68.0,False,0.0,1.0
0,Auction,V5,"(41, 59)",52.0,False,0.0,1.0
0,Auction,V6,"(14, 69)",68.0,False,0.0,1.0
0,Auction,V7,"(42, 30)",60.0,False,0.0,1.0
0,Auction,V8,"(4, 87)",66.0,False,0.0,1.0
0,Auction,V9,"(58, 83)",56.0,False,0.0,1.0
0,Auction,V10,"(4, 24)",91.0,False,0.0,1.0
0,Q-Learning,V1,"(62, 49)",89.0,False,0.0,1.0
0,Q-Learning,V2,"(10, 66)",52.0,False,0.0,1.0
0,Q-Learning,V3,"(61, 6)",85.0,False,0.0,1.0
0,Q-Learning,V4,"(71, 92)",68.0,False,0.0,1.0
0,Q-Learning,V5,"(41, 59)",52.0,False,0.0,1.0
0,Q-Learning,V6,"(14, 69)",68.0,False,0.0,1.0
0,Q-Learning,V7,"(42, 30)",60.0,False,0.0,1.0
0,Q-Learning,V8,"(4, 87)",66.0,False,0.0,1.0
0,Q-Learning,V9,"(58, 83)",56.0,False,0.0,1.0
0,Q-Learning,V10,"(4, 24)",91.0,False,0.0,1.0
1,Greedy,V1,"(62, 49)",70.06430236834638,True,17.935697631653618,1.0
1,Greedy,V2,"(10, 66)",26.4,True,24.6,1.0
1,Greedy,V3,"(61, 6)",66.99609755726482,True,17.003902442735175,1.0
1,Greedy,V4,"(71, 92)",44.98019609728144,True,22.019803902718557,1.0
1,Greedy,V5,"(41, 59)",34.66666666666667,True,16.333333333333332,1.0
1,Greedy,V6,"(14, 69)",49.744050989592836,True,17.25594901040716,1.0
1,Greedy,V7,"(42, 30)",41.98613514040257,True,17.013864859597433,1.0
1,Greedy,V8,"(4, 87)",35.00824177381416,True,29.991758226185837,1.0
1,Greedy,V9,"(58, 83)",17.420603842585635,True,37.579396157414365,1.0
1,Greedy,V10,"(4, 24)",70.85081306187558,True,19.149186938124423,1.0
1,Auction,V1,"(51, 59)",72.52232187544692,True,15.477678124553083,1.0
1,Auction,V2,"(9, 36)",20.996667592078545,True,30.003332407921455,1.0
1,Auction,V3,"(68, 20)",69.04344051968768,True,14.956559480312317,1.0
1,Auction,V4,"(72, 87)",44.98019609728144,True,22.019803902718557,1.0
1,Auction,V5,"(33, 60)",36.31258075056715,True,14.68741924943285,1.0
1,Auction,V6,"(45, 7)",34.670473174376625,True,32.329526825623375,1.0
1,Auction,V7,"(50, 39)",41.98613514040257,True,17.013864859597433,1.0
1,Auction,V8,"(5, 78)",41.99384609576251,True,23.00615390423749,1.0
1,Auction,V9,"(29, 97)",21.55950312475815,True,33.44049687524185,1.0
1,Auction,V10,"(15, 2)",70.85081306187558,True,19.149186938124423,1.0
1,Q-Learning,V1,"(51, 59)",72.52232187544692,True,15.477678124553083,1.0
1,Q-Learning,V2,"(10, 66)",52.0,False,0.0,2.0
1,Q-Learning,V3,"(61, 6)",85.0,False,0.0,2.0
1,Q-Learning,V4,"(72, 87)",44.98019609728144,True,22.019803902718557,1.0
1,Q-Learning,V5,"(41, 59)",52.0,False,0.0,2.0
1,Q-Learning,V6,"(14, 69)",68.0,False,0.0,2.0
1,Q-Learning,V7,"(50, 39)",41.98613514040257,True,17.013864859597433,1.0
1,Q-Learning,V8,"(5, 78)",41.99384609576251,True,23.00615390423749,1.0
1,Q-Learning,V9,"(58, 83)",56.0,False,0.0,2.0
1,Q-Learning,V10,"(9, 36)",62.75,True,27.25,1.0
2,Greedy,V1,"(62, 49)",70.06430236834638,True,16.935697631653618,1.0
2,Greedy,V2,"(10, 66)",26.4,True,23.6,1.0
2,Greedy,V3,"(61, 6)",66.99609755726482,True,16.003902442735175,1.0
2,Greedy,V4,"(71, 92)",44.98019609728144,True,21.019803902718557,1.0
2,Greedy,V5,"(41, 59)",34.66666666666667,True,15.333333333333332,1.0
2,Greedy,V6,"(14, 69)",49.744050989592836,True,16.25594901040716,1.0
2,Greedy,V7,"(42, 30)",41.98613514040257,True,16.013864859597433,1.0
2,Greedy,V8,"(4, 87)",35.00824177381416,True,28.991758226185837,1.0
2,Greedy,V9,"(58, 83)",17.420603842585635,True,36.579396157414365,1.0
2,Greedy,V10,"(4, 24)",70.85081306187558,True,18.149186938124423,1.0
2,Auction,V1,"(51, 59)",72.52232187544692,True,14.477678124553083,1.0
2,Auction,V2,"(9, 36)",20.996667592078545,True,29.003332407921455,1.0
2,Auction,V3,"(68, 20)",69.04344051968768,True,13.956559480312317,1.0
2,Auction,V4,"(72, 87)",44.98019609728144,True,21.019803902718557,1.0
2,Auction,V5,"(33, 60)",36.31258075056715,True,13.68741924943285,1.0
2,Auction,V6,"(45, 7)",34.670473174376625,True,31.329526825623375,1.0
2,Auction,V7,"(50, 39)",41.98613514040257,True,16.013864859597433,1.0
2,Auction,V8,"(5, 78)",41.99384609576251,True,22.00615390423749,1.0
2,Auction,V9,"(29, 97)",21.55950312475815,True,32.44049687524185,1.0
2,Auction,V10,"(15, 2)",70.85081306187558,True,18.149186938124423,1.0
2,Q-Learning,V1,"(51, 59)",72.52232187544692,True,14.477678124553083,1.0
2,Q-Learning,V2,"(10, 66)",52.0,False,0.0,3.0
2,Q-Learning,V3,"(15, 2)",65.2283018096924,True,18.771698190307596,2.0
2,Q-Learning,V4,"(72, 87)",44.98019609728144,True,21.019803902718557,1.0
2,Q-Learning,V5,"(33, 60)",36.31258075056715,True,14.68741924943285,2.0
2,Q-Learning,V6,"(14, 69)",68.0,False,0.0,3.0
2,Q-Learning,V7,"(50, 39)",41.98613514040257,True,16.013864859597433,1.0
2,Q-Learning,V8,"(5, 78)",41.99384609576251,True,22.00615390423749,1.0
2,Q-Learning,V9,"(58, 83)",56.0,False,0.0,3.0
2,Q-Learning,V10,"(9, 36)",62.75,True,26.25,1.0
3,Greedy,V1,"(62, 49)",70.06430236834638,True,15.935697631653618,1.0
3,Greedy,V2,"(10, 66)",26.4,True,22.6,1.0
3,Greedy,V3,"(61, 6)",66.99609755726482,True,15.003902442735175,1.0
3,Greedy,V4,"(71, 92)",44.98019609728144,True,20.019803902718557,1.0
3,Greedy,V5,"(41, 59)",34.66666666666667,True,14.333333333333332,1.0
3,Greedy,V6,"(14, 69)",49.744050989592836,True,15.25594901040716,1.0
3,Greedy,V7,"(42, 30)",41.98613514040257,True,15.013864859597433,1.0
3,Greedy,V8,"(4, 87)",35.00824177381416,True,27.991758226185837,1.0
3,Greedy,V9,"(58, 83)",17.420603842585635,True,35.579396157414365,1.0
3,Greedy,V10,"(4, 24)",70.85081306187558,True,17.149186938124423,1.0
3,Auction,V1,"(51, 59)",72.52232187544692,True,13.477678124553083,1.0
3,Auction,V2,"(9, 36)",20.996667592078545,True,28.003332407921455,1.0
3,Auction,V3,"(68, 20)",69.04344051968768,True,12.956559480312317,1.0
3,Auction,V4,"(72, 87)",44.98019609728144,True,20.019803902718557,1.0
3,Auction,V5,"(33, 60)",36.31258075056715,True,12.68741924943285,1.0
3,Auction,V6,"(45, 7)",34.670473174376625,True,30.329526825623375,1.0
3,Auction,V7,"(50, 39)",41.98613514040257,True,15.013864859597433,1.0
3,Auction,V8,"(5, 78)",41.99384609576251,True,21.00615390423749,1.0
3,Auction,V9,"(29, 97)",21.55950312475815,True,31.44049687524185,1.0
3,Auction,V10,"(15, 2)",70.85081306187558,True,17.149186938124423,1.0
3,Q-Learning,V1,"(51, 59)",72.52232187544692,True,13.477678124553083,1.0
3,Q-Learning,V2,"(10, 66)",52.0,False,0.0,4.0
3,Q-Learning,V3,"(15, 2)",65.2283018096924,True,17.771698190307596,2.0
3,Q-Learning,V4,"(72, 87)",44.98019609728144,True,20.019803902718557,1.0
3,Q-Learning,V5,"(33, 60)",36.31258075056715,True,13.68741924943285,2.0
3,Q-Learning,V6,"(29, 97)",32.058809912865705,True,34.941190087134295,3.0
3,Q-Learning,V7,"(50, 39)",41.98613514040257,True,15.013864859597433,1.0
3,Q-Learning,V8,"(5, 78)",41.99384609576251,True,21.00615390423749,1.0
3,Q-Learning,V9,"(58, 83)",56.0,False,0.0,4.0
3,Q-Learning,V10,"(9, 36)",62.75,True,25.25,1.0
4,Greedy,V1,"(62, 49)",70.06430236834638,True,14.935697631653618,1.0
4,Greedy,V2,"(10, 66)",26.4,True,21.6,1.0
4,Greedy,V3,"(61, 6)",66.99609755726482,True,14.003902442735175,1.0
4,Greedy,V4,"(71, 92)",44.98019609728144,True,19.019803902718557,1.0
4,Greedy,V5,"(41, 59)",34.66666666666667,True,13.333333333333332,1.0
4,Greedy,V6,"(14, 69)",49.744050989592836,True,14.25594901040716,1.0
4,Greedy,V7,"(42, 30)",41.98613514040257,True,14.013864859597433,1.0
4,Greedy,V8,"(4, 87)",35.00824177381416,True,26.991758226185837,1.0
4,Greedy,V9,"(58, 83)",17.420603842585635,True,34.579396157414365,1.0
4,Greedy,V10,"(4, 24)",70.85081306187558,True,16.149186938124423,1.0
4,Auction,V1,"(51, 59)",72.52232187544692,True,12.477678124553083,1.0
4,Auction,V2,"(9, 36)",20.996667592078545,True,27.003332407921455,1.0
4,Auction,V3,"(68, 20)",69.04344051968768,True,11.956559480312317,1.0
4,Auction,V4,"(72, 87)",44.98019609728144,True,19.019803902718557,1.0
4,Auction,V5,"(33, 60)",36.31258075056715,True,11.68741924943285,1.0
4,Auction,V6,"(45, 7)",34.670473174376625,True,29.329526825623375,1.0
4,Auction,V7,"(50, 39)",41.98613514040257,True,14.013864859597433,1.0
4,Auction,V8,"(5, 78)",41.99384609576251,True,20.00615390423749,1.0
4,Auction,V9,"(29, 97)",21.55950312475815,True,30.44049687524185,1.0
4,Auction,V10,"(15, 2)",70.85081306187558,True,16.149186938124423,1.0
4,Q-Learning,V1,"(51, 59)",72.52232187544692,True,12.477678124553083,1.0
4,Q-Learning,V2,"(45, 7)",22.279941691086,True,28.720058308914,4.0
4,Q-Learning,V3,"(15, 2)",65.2283018096924,True,16.771698190307596,2.0
4,Q-Learning,V4,"(72, 87)",44.98019609728144,True,19.019803902718557,1.0
4,Q-Learning,V5,"(33, 60)",36.31258075056715,True,12.68741924943285,2.0
4,Q-Learning,V6,"(29, 97)",32.058809912865705,True,33.941190087134295,3.0
4,Q-Learning,V7,"(50, 39)",41.98613514040257,True,14.013864859597433,1.0
4,Q-Learning,V8,"(5, 78)",41.99384609576251,True,20.00615390423749,1.0
4,Q-Learning,V9,"(68, 20)",29.242257252946352,True,25.757742747053648,4.0
4,Q-Learning,V10,"(9, 36)",62.75,True,24.25,1.0
5,Greedy,V1,"(62, 49)",70.06430236834638,True,13.935697631653618,1.0
5,Greedy,V2,"(10, 66)",26.4,True,20.6,1.0
5,Greedy,V3,"(61, 6)",66.99609755726482,True,13.003902442735175,1.0
5,Greedy,V4,"(71, 92)",44.98019609728144,True,18.019803902718557,1.0
5,Greedy,V5,"(41, 59)",34.66666666666667,True,12.333333333333332,1.0
5,Greedy,V6,"(14, 69)",49.744050989592836,True,13.25594901040716,1.0
5,Greedy,V7,"(42, 30)",41.98613514040257,True,13.013864859597433,1.0
5,Greedy,V8,"(4, 87)",35.00824177381416,True,25.991758226185837,1.0
5,Greedy,V9,"(58, 83)",17.420603842585635,True,33.579396157414365,1.0
5,Greedy,V10,"(4, 24)",70.85081306187558,True,15.149186938124423,1.0
5,Auction,V1,"(51, 59)",72.52232187544692,True,11.477678124553083,1.0
5,Auction,V2,"(9, 36)",20.996667592078545,True,26.003332407921455,1.0
5,Auction,V3,"(68, 20)",69.04344051968768,True,10.956559480312317,1.0
5,Auction,V4,"(72, 87)",44.98019609728144,True,18.019803902718557,1.0
5,Auction,V5,"(33, 60)",36.31258075056715,True,10.68741924943285,1.0
5,Auction,V6,"(45, 7)",34.670473174376625,True,28.329526825623375,1.0
5,Auction,V7,"(50, 39)",41.98613514040257,True,13.013864859597433,1.0
5,Auction,V8,"(5, 78)",41.99384609576251,True,19.00615390423749,1.0
5,Auction,V9,"(29, 97)",21.55950312475815,True,29.44049687524185,1.0
5,Auction,V10,"(15, 2)",70.85081306187558,True,15.149186938124423,1.0
5,Q-Learning,V1,"(51, 59)",72.52232187544692,True,11.477678124553083,1.0
5,Q-Learning,V2,"(45, 7)",22.279941691086,True,27.720058308914,4.0
5,Q-Learning,V3,"(15, 2)",65.2283018096924,True,15.771698190307596,2.0
5,Q-Learning,V4,"(72, 87)",44.98019609728144,True,18.019803902718557,1.0
5,Q-Learning,V5,"(33, 60)",36.31258075056715,True,11.68741924943285,2.0
5,Q-Learning,V6,"(29, 97)",32.058809912865705,True,32.941190087134295,3.0
5,Q-Learning,V7,"(50, 39)",41.98613514040257,True,13.013864859597433,1.0
5,Q-Learning,V8,"(5, 78)",41.99384609576251,True,19.00615390423749,1.0
5,Q-Learning,V9,"(68, 20)",29.242257252946352,True,24.757742747053648,4.0
5,Q-Learning,V10,"(9, 36)",62.75,True,23.25,1.0
6,Greedy,V1,"(62, 49)",70.06430236834638,True,12.935697631653618,1.0
6,Greedy,V2,"(10, 66)",26.4,True,19.6,1.0
6,Greedy,V3,"(61, 6)",66.99609755726482,True,12.003902442735175,1.0
6,Greedy,V4,"(71, 92)",44.98019609728144,True,17.019803902718557,1.0
6,Greedy,V5,"(41, 59)",34.66666666666667,True,11.333333333333332,1.0
6,Greedy,V6,"(14, 69)",49.744050989592836,True,12.25594901040716,1.0
6,Greedy,V7,"(42, 30)",41.98613514040257,True,12.013864859597433,1.0
6,Greedy,V8,"(4, 87)",35.00824177381416,True,24.991758226185837,1.0
6,Greedy,V9,"(58, 83)",17.420603842585635,True,32.579396157414365,1.0
6,Greedy,V10,"(4, 24)",70.85081306187558,True,14.149186938124423,1.0
6,Auction,V1,"(51, 59)",72.52232187544692,True,10.477678124553083,1.0
6,Auction,V2,"(9, 36)",20.996667592078545,True,25.003332407921455,1.0
6,Auction,V3,"(68, 20)",69.04344051968768,True,9.956559480312317,1.0
6,Auction,V4,"(72, 87)",44.98019609728144,True,17.019803902718557,1.0
6,Auction,V5,"(33, 60)",36.31258075056715,True,9.68741924943285,1.0
6,Auction,V6,"(45, 7)",34.670473174376625,True,27.329526825623375,1.0
6,Auction,V7,"(50, 39)",41.98613514040257,True,12.013864859597433,1.0
6,Auction,V8,"(5, 78)",41.99384609576251,True,18.00615390423749,1.0
6,Auction,V9,"(29, 97)",21.55950312475815,True,28.44049687524185,1.0
6,Auction,V10,"(15, 2)",70.85081306187558,True,14.149186938124423,1.0
6,Q-Learning,V1,"(51, 59)",72.52232187544692,True,10.477678124553083,1.0
6,Q-Learning,V2,"(45, 7)",22.279941691086,True,26.720058308914,4.0
6,Q-Learning,V3,"(15, 2)",65.2283018096924,True,14.771698190307596,2.0
6,Q-Learning,V4,"(72, 87)",44.98019609728144,True,17.019803902718557,1.0
6,Q-Learning,V5,"(33, 60)",36.31258075056715,True,10.68741924943285,2.0
6,Q-Learning,V6,"(29, 97)",32.058809912865705,True,31.941190087134295,3.0
6,Q-Learning,V7,"(50, 39)",41.98613514040257,True,12.013864859597433,1.0
6,Q-Learning,V8,"(5, 78)",41.99384609576251,True,18.00615390423749,1.0
6,Q-Learning,V9,"(68, 20)",29.242257252946352,True,23.757742747053648,4.0
6,Q-Learning,V10,"(9, 36)",62.75,True,22.25,1.0
7,Greedy,V1,"(62, 49)",70.06430236834638,True,11.935697631653618,1.0
7,Greedy,V2,"(10, 66)",26.4,True,18.6,1.0
7,Greedy,V3,"(61, 6)",66.99609755726482,True,11.003902442735175,1.0
7,Greedy,V4,"(71, 92)",44.98019609728144,True,16.019803902718557,1.0
7,Greedy,V5,"(41, 59)",34.66666666666667,True,10.333333333333332,1.0
7,Greedy,V6,"(14, 69)",49.744050989592836,True,11.25594901040716,1.0
7,Greedy,V7,"(42, 30)",41.98613514040257,True,11.013864859597433,1.0
7,Greedy,V8,"(4, 87)",35.00824177381416,True,23.991758226185837,1.0
7,Greedy,V9,"(58, 83)",17.420603842585635,True,31.579396157414365,1.0
7,Greedy,V10,"(4, 24)",70.85081306187558,True,13.149186938124423,1.0
7,Auction,V1,"(51, 59)",72.52232187544692,True,9.477678124553083,1.0
7,Auction,V2,"(9, 36)",20.996667592078545,True,24.003332407921455,1.0
7,Auction,V3,"(68, 20)",69.04344051968768,True,8.956559480312317,1.0
7,Auction,V4,"(72, 87)",44.98019609728144,True,16.019803902718557,1.0
7,Auction,V5,"(33, 60)",36.31258075056715,True,8.68741924943285,1.0
7,Auction,V6,"(45, 7)",34.670473174376625,True,26.329526825623375,1.0
7,Auction,V7,"(50, 39)",41.98613514040257,True,11.013864859597433,1.0
7,Auction,V8,"(5, 78)",41.99384609576251,True,17.00615390423749,1.0
7,Auction,V9,"(29, 97)",21.55950312475815,True,27.44049687524185,1.0
7,Auction,V10,"(15, 2)",70.85081306187558,True,13.149186938124423,1.0
7,Q-Learning,V1,"(51, 59)",72.52232187544692,True,9.477678124553083,1.0
7,Q-Learning,V2,"(45, 7)",22.279941691086,True,25.720058308914,4.0
7,Q-Learning,V3,"(15, 2)",65.2283018096924,True,13.771698190307596,2.0
7,Q-Learning,V4,"(72, 87)",44.98019609728144,True,16.019803902718557,1.0
7,Q-Learning,V5,"(33, 60)",36.31258075056715,True,9.68741924943285,2.0
7,Q-Learning,V6,"(29, 97)",32.058809912865705,True,30.941190087134295,3.0
7,Q-Learning,V7,"(50, 39)",41.98613514040257,True,11.013864859597433,1.0
7,Q-Learning,V8,"(5, 78)",41.99384609576251,True,17.00615390423749,1.0
7,Q-Learning,V9,"(68, 20)",29.242257252946352,True,22.757742747053648,4.0
7,Q-Learning,V10,"(9, 36)",62.75,True,21.25,1.0
8,Greedy,V1,"(62, 49)",70.06430236834638,True,10.935697631653618,1.0
8,Greedy,V2,"(10, 66)",26.4,True,17.6,1.0
8,Greedy,V3,"(61, 6)",66.99609755726482,True,10.003902442735175,1.0
8,Greedy,V4,"(71, 92)",44.98019609728144,True,15.019803902718557,1.0
8,Greedy,V5,"(41, 59)",34.66666666666667,True,9.333333333333332,1.0
8,Greedy,V6,"(14, 69)",49.744050989592836,True,10.25594901040716,1.0
8,Greedy,V7,"(42, 30)",41.98613514040257,True,10.013864859597433,1.0
8,Greedy,V8,"(4, 87)",35.00824177381416,True,22.991758226185837,1.0
8,Greedy,V9,"(58, 83)",17.420603842585635,True,30.579396157414365,1.0
8,Greedy,V10,"(4, 24)",70.85081306187558,True,12.149186938124423,1.0
8,Auction,V1,"(51, 59)",72.52232187544692,True,8.477678124553083,1.0
8,Auction,V2,"(9, 36)",20.996667592078545,True,23.003332407921455,1.0
8,Auction,V3,"(68, 20)",69.04344051968768,True,7.9565594803123165,1.0
8,Auction,V4,"(72, 87)",44.98019609728144,True,15.019803902718557,1.0
8,Auction,V5,"(33, 60)",36.31258075056715,True,7.68741924943285,1.0
8,Auction,V6,"(45, 7)",34.670473174376625,True,25.329526825623375,1.0
8,Auction,V7,"(50, 39)",41.98613514040257,True,10.013864859597433,1.0
8,Auction,V8,"(5, 78)",41.99384609576251,True,16.00615390423749,1.0
8,Auction,V9,"(29, 97)",21.55950312475815,True,26.44049687524185,1.0
8,Auction,V10,"(15, 2)",70.85081306187558,True,12.149186938124423,1.0
8,Q-Learning,V1,"(51, 59)",72.52232187544692,True,8.477678124553083,1.0
8,Q-Learning,V2,"(45, 7)",22.279941691086,True,24.720058308914,4.0
8,Q-Learning,V3,"(15, 2)",65.2283018096924,True,12.771698190307596,2.0
8,Q-Learning,V4,"(72, 87)",44.98019609728144,True,15.019803902718557,1.0
8,Q-Learning,V5,"(33, 60)",36.31258075056715,True,8.68741924943285,2.0
8,Q-Learning,V6,"(29, 97)",32.058809912865705,True,29.941190087134295,3.0
8,Q-Learning,V7,"(50, 39)",41.98613514040257,True,10.013864859597433,1.0
8,Q-Learning,V8,"(5, 78)",41.99384609576251,True,16.00615390423749,1.0
8,Q-Learning,V9,"(68, 20)",29.242257252946352,True,21.757742747053648,4.0
8,Q-Learning,V10,"(9, 36)",62.75,True,20.25,1.0
9,Greedy,V1,"(62, 49)",70.06430236834638,True,9.935697631653618,1.0
9,Greedy,V2,"(10, 66)",26.4,True,16.6,1.0
9,Greedy,V3,"(61, 6)",66.99609755726482,True,9.003902442735175,1.0
9,Greedy,V4,"(71, 92)",44.98019609728144,True,14.019803902718557,1.0
9,Greedy,V5,"(41, 59)",34.66666666666667,True,8.333333333333332,1.0
9,Greedy,V6,"(14, 69)",49.744050989592836,True,9.25594901040716,1.0
9,Greedy,V7,"(42, 30)",41.98613514040257,True,9.013864859597433,1.0
9,Greedy,V8,"(4, 87)",35.00824177381416,True,21.991758226185837,1.0
9,Greedy,V9,"(58, 83)",17.420603842585635,True,29.579396157414365,1.0
9,Greedy,V10,"(4, 24)",70.85081306187558,True,11.149186938124423,1.0
9,Auction,V1,"(51, 59)",72.52232187544692,True,7.4776781245530834,1.0
9,Auction,V2,"(9, 36)",20.996667592078545,True,22.003332407921455,1.0
9,Auction,V3,"(68, 20)",69.04344051968768,True,6.9565594803123165,1.0
9,Auction,V4,"(72, 87)",44.98019609728144,True,14.019803902718557,1.0
9,Auction,V5,"(33, 60)",36.31258075056715,True,6.68741924943285,1.0
9,Auction,V6,"(45, 7)",34.670473174376625,True,24.329526825623375,1.0
9,Auction,V7,"(50, 39)",41.98613514040257,True,9.013864859597433,1.0
9,Auction,V8,"(5, 78)",41.99384609576251,True,15.00615390423749,1.0
9,Auction,V9,"(29, 97)",21.55950312475815,True,25.44049687524185,1.0
9,Auction,V10,"(15, 2)",70.85081306187558,True,11.149186938124423,1.0
9,Q-Learning,V1,"(51, 59)",72.52232187544692,True,7.4776781245530834,1.0
9,Q-Learning,V2,"(45, 7)",22.279941691086,True,23.720058308914,4.0
9,Q-Learning,V3,"(15, 2)",65.2283018096924,True,11.771698190307596,2.0
9,Q-Learning,V4,"(72, 87)",44.98019609728144,True,14.019803902718557,1.0
9,Q-Learning,V5,"(33, 60)",36.31258075056715,True,7.68741924943285,2.0
9,Q-Learning,V6,"(29, 97)",32.058809912865705,True,28.941190087134295,3.0
9,Q-Learning,V7,"(50, 39)",41.98613514040257,True,9.013864859597433,1.0
9,Q-Learning,V8,"(5, 78)",41.99384609576251,True,15.00615390423749,1.0
9,Q-Learning,V9,"(68, 20)",29.242257252946352,True,20.757742747053648,4.0
9,Q-Learning,V10,"(9, 36)",62.75,True,19.25,1.0
10,Greedy,V1,"(62, 49)",70.06430236834638,True,8.935697631653618,1.0
10,Greedy,V2,"(10, 66)",26.4,True,15.600000000000001,1.0
10,Greedy,V3,"(61, 6)",66.99609755726482,True,8.003902442735175,1.0
10,Greedy,V4,"(71, 92)",44.98019609728144,True,13.019803902718557,1.0
10,Greedy,V5,"(41, 59)",34.66666666666667,True,7.333333333333332,1.0
10,Greedy,V6,"(14, 69)",49.744050989592836,True,8.25594901040716,1.0
10,Greedy,V7,"(42, 30)",41.98613514040257,True,8.013864859597433,1.0
10,Greedy,V8,"(4, 87)",35.00824177381416,True,20.991758226185837,1.0
10,Greedy,V9,"(58, 83)",17.420603842585635,True,28.579396157414365,1.0
10,Greedy,V10,"(4, 24)",70.85081306187558,True,10.149186938124423,1.0
10,Auction,V1,"(51, 59)",72.52232187544692,True,6.4776781245530834,1.0
10,Auction,V2,"(9, 36)",20.996667592078545,True,21.003332407921455,1.0
10,Auction,V3,"(68, 20)",69.04344051968768,True,5.9565594803123165,1.0
10,Auction,V4,"(72, 87)",44.98019609728144,True,13.019803902718557,1.0
10,Auction,V5,"(33, 60)",36.31258075056715,True,5.68741924943285,1.0
10,Auction,V6,"(45, 7)",34.670473174376625,True,23.329526825623375,1.0
10,Auction,V7,"(50, 39)",41.98613514040257,True,8.013864859597433,1.0
10,Auction,V8,"(5, 78)",41.99384609576251,True,14.00615390423749,1.0
10,Auction,V9,"(29, 97)",21.55950312475815,True,24.44049687524185,1.0
10,Auction,V10,"(15, 2)",70.85081306187558,True,10.149186938124423,1.0
10,Q-Learning,V1,"(51, 59)",72.52232187544692,True,6.4776781245530834,1.0
10,Q-Learning,V2,"(45, 7)",22.279941691086,True,22.720058308914,4.0
10,Q-Learning,V3,"(15, 2)",65.2283018096924,True,10.771698190307596,2.0
10,Q-Learning,V4,"(72, 87)",44.98019609728144,True,13.019803902718557,1.0
10,Q-Learning,V5,"(33, 60)",36.31258075056715,True,6.68741924943285,2.0
10,Q-Learning,V6,"(29, 97)",32.058809912865705,True,27.941190087134295,3.0
10,Q-Learning,V7,"(50, 39)",41.98613514040257,True,8.013864859597433,1.0
10,Q-Learning,V8,"(5, 78)",41.99384609576251,True,14.00615390423749,1.0
10,Q-Learning,V9,"(68, 20)",29.242257252946352,True,19.757742747053648,4.0
10,Q-Learning,V10,"(9, 36)",62.75,True,18.25,1.0
11,Greedy,V1,"(62, 49)",70.06430236834638,True,7.935697631653618,1.0
11,Greedy,V2,"(10, 66)",26.4,True,14.600000000000001,1.0
11,Greedy,V3,"(61, 6)",66.99609755726482,True,7.003902442735175,1.0
11,Greedy,V4,"(71, 92)",44.98019609728144,True,12.019803902718557,1.0
11,Greedy,V5,"(41, 59)",34.66666666666667,True,6.333333333333332,1.0
11,Greedy,V6,"(14, 69)",49.744050989592836,True,7.255949010407161,1.0
11,Greedy,V7,"(42, 30)",41.98613514040257,True,7.013864859597433,1.0
11,Greedy,V8,"(4, 87)",35.00824177381416,True,19.991758226185837,1.0
11,Greedy,V9,"(58, 83)",17.420603842585635,True,27.579396157414365,1.0
11,Greedy,V10,"(4, 24)",70.85081306187558,True,9.149186938124423,1.0
11,Auction,V1,"(51, 59)",72.52232187544692,True,5.4776781245530834,1.0
11,Auction,V2,"(9, 36)",20.996667592078545,True,20.003332407921455,1.0
11,Auction,V3,"(68, 20)",69.04344051968768,True,4.9565594803123165,1.0
11,Auction,V4,"(72, 87)",44.98019609728144,True,12.019803902718557,1.0
11,Auction,V5,"(33, 60)",36.31258075056715,True,4.68741924943285,1.0
11,Auction,V6,"(45, 7)",34.670473174376625,True,22.329526825623375,1.0
11,Auction,V7,"(50, 39)",41.98613514040257,True,7.013864859597433,1.0
11,Auction,V8,"(5, 78)",41.99384609576251,True,13.00615390423749,1.0
11,Auction,V9,"(29, 97)",21.55950312475815,True,23.44049687524185,1.0
11,Auction,V10,"(15, 2)",70.85081306187558,True,9.149186938124423,1.0
11,Q-Learning,V1,"(51, 59)",72.52232187544692,True,5.4776781245530834,1.0
11,Q-Learning,V2,"(45, 7)",22.279941691086,True,21.720058308914,4.0
11,Q-Learning,V3,"(15, 2)",65.2283018096924,True,9.771698190307596,2.0
11,Q-Learning,V4,"(72, 87)",44.98019609728144,True,12.019803902718557,1.0
11,Q-Learning,V5,"(33, 60)",36.31258075056715,True,5.68741924943285,2.0
11,Q-Learning,V6,"(29, 97)",32.058809912865705,True,26.941190087134295,3.0
11,Q-Learning,V7,"(50, 39)",41.98613514040257,True,7.013864859597433,1.0
11,Q-Learning,V8,"(5, 78)",41.99384609576251,True,13.00615390423749,1.0
11,Q-Learning,V9,"(68, 20)",29.242257252946352,True,18.757742747053648,4.0
11,Q-Learning,V10,"(9, 36)",62.75,True,17.25,1.0
12,Greedy,V1,"(62, 49)",70.06430236834638,True,6.935697631653618,1.0
12,Greedy,V2,"(10, 66)",26.4,True,13.600000000000001,1.0
12,Greedy,V3,"(61, 6)",66.99609755726482,True,6.003902442735175,1.0
12,Greedy,V4,"(71, 92)",44.98019609728144,True,11.019803902718557,1.0
12,Greedy,V5,"(41, 59)",34.66666666666667,True,5.333333333333332,1.0
12,Greedy,V6,"(14, 69)",49.744050989592836,True,6.255949010407161,1.0
12,Greedy,V7,"(42, 30)",41.98613514040257,True,6.013864859597433,1.0
12,Greedy,V8,"(4, 87)",35.00824177381416,True,18.991758226185837,1.0
12,Greedy,V9,"(58, 83)",17.420603842585635,True,26.579396157414365,1.0
12,Greedy,V10,"(4, 24)",70.85081306187558,True,8.149186938124423,1.0
12,Auction,V1,"(51, 59)",72.52232187544692,True,4.4776781245530834,1.0
12,Auction,V2,"(9, 36)",20.996667592078545,True,19.003332407921455,1.0
12,Auction,V3,"(68, 20)",69.04344051968768,True,3.9565594803123165,1.0
12,Auction,V4,"(72, 87)",44.98019609728144,True,11.019803902718557,1.0
12,Auction,V5,"(33, 60)",36.31258075056715,True,3.6874192494328497,1.0
12,Auction,V6,"(45, 7)",34.670473174376625,True,21.329526825623375,1.0
12,Auction,V7,"(50, 39)",41.98613514040257,True,6.013864859597433,1.0
12,Auction,V8,"(5, 78)",41.99384609576251,True,12.00615390423749,1.0
12,Auction,V9,"(29, 97)",21.55950312475815,True,22.44049687524185,1.0
12,Auction,V10,"(15, 2)",70.85081306187558,True,8.149186938124423,1.0
12,Q-Learning,V1,"(51, 59)",72.52232187544692,True,4.4776781245530834,1.0
12,Q-Learning,V2,"(45, 7)",22.279941691086,True,20.720058308914,4.0
12,Q-Learning,V3,"(15, 2)",65.2283018096924,True,8.771698190307596,2.0
12,Q-Learning,V4,"(72, 87)",44.98019609728144,True,11.019803902718557,1.0
12,Q-Learning,V5,"(33, 60)",36.31258075056715,True,4.68741924943285,2.0
12,Q-Learning,V6,"(29, 97)",32.058809912865705,True,25.941190087134295,3.0
12,Q-Learning,V7,"(50, 39)",41.98613514040257,True,6.013864859597433,1.0
12,Q-Learning,V8,"(5, 78)",41.99384609576251,True,12.00615390423749,1.0
12,Q-Learning,V9,"(68, 20)",29.242257252946352,True,17.757742747053648,4.0
12,Q-Learning,V10,"(9, 36)",62.75,True,16.25,1.0
13,Greedy,V1,"(62, 49)",70.06430236834638,True,5.935697631653618,1.0
13,Greedy,V2,"(10, 66)",26.4,True,12.600000000000001,1.0
13,Greedy,V3,"(61, 6)",66.99609755726482,True,5.003902442735175,1.0
13,Greedy,V4,"(71, 92)",44.98019609728144,True,10.019803902718557,1.0
13,Greedy,V5,"(41, 59)",34.66666666666667,True,4.333333333333332,1.0
13,Greedy,V6,"(14, 69)",49.744050989592836,True,5.255949010407161,1.0
13,Greedy,V7,"(42, 30)",41.98613514040257,True,5.013864859597433,1.0
13,Greedy,V8,"(4, 87)",35.00824177381416,True,17.991758226185837,1.0
13,Greedy,V9,"(58, 83)",17.420603842585635,True,25.579396157414365,1.0
13,Greedy,V10,"(4, 24)",70.85081306187558,True,7.149186938124423,1.0
13,Auction,V1,"(51, 59)",72.52232187544692,True,3.4776781245530834,1.0
13,Auction,V2,"(9, 36)",20.996667592078545,True,18.003332407921455,1.0
13,Auction,V3,"(68, 20)",69.04344051968768,True,2.9565594803123165,1.0
13,Auction,V4,"(72, 87)",44.98019609728144,True,10.019803902718557,1.0
13,Auction,V5,"(33, 60)",36.31258075056715,True,2.6874192494328497,1.0
13,Auction,V6,"(45, 7)",34.670473174376625,True,20.329526825623375,1.0
13,Auction,V7,"(50, 39)",41.98613514040257,True,5.013864859597433,1.0
13,Auction,V8,"(5, 78)",41.99384609576251,True,11.00615390423749,1.0
13,Auction,V9,"(29, 97)",21.55950312475815,True,21.44049687524185,1.0
13,Auction,V10,"(15, 2)",70.85081306187558,True,7.149186938124423,1.0
13,Q-Learning,V1,"(51, 59)",72.52232187544692,True,3.4776781245530834,1.0
13,Q-Learning,V2,"(45, 7)",22.279941691086,True,19.720058308914,4.0
13,Q-Learning,V3,"(15, 2)",65.2283018096924,True,7.771698190307596,2.0
13,Q-Learning,V4,"(72, 87)",44.98019609728144,True,10.019803902718557,1.0
13,Q-Learning,V5,"(33, 60)",36.31258075056715,True,3.6874192494328497,2.0
13,Q-Learning,V6,"(29, 97)",32.058809912865705,True,24.941190087134295,3.0
13,Q-Learning,V7,"(50, 39)",41.98613514040257,True,5.013864859597433,1.0
13,Q-Learning,V8,"(5, 78)",41.99384609576251,True,11.00615390423749,1.0
13,Q-Learning,V9,"(68, 20)",29.242257252946352,True,16.757742747053648,4.0
13,Q-Learning,V10,"(9, 36)",62.75,True,15.25,1.0
14,Greedy,V1,"(62, 49)",70.06430236834638,True,4.935697631653618,1.0
14,Greedy,V2,"(10, 66)",26.4,True,11.600000000000001,1.0
14,Greedy,V3,"(61, 6)",66.99609755726482,True,4.003902442735175,1.0
14,Greedy,V4,"(71, 92)",44.98019609728144,True,9.019803902718557,1.0
14,Greedy,V5,"(41, 59)",34.66666666666667,True,3.333333333333332,1.0
14,Greedy,V6,"(14, 69)",49.744050989592836,True,4.255949010407161,1.0
14,Greedy,V7,"(42, 30)",41.98613514040257,True,4.013864859597433,1.0
14,Greedy,V8,"(4, 87)",35.00824177381416,True,16.991758226185837,1.0
14,Greedy,V9,"(58, 83)",17.420603842585635,True,24.579396157414365,1.0
14,Greedy,V10,"(4, 24)",70.85081306187558,True,6.149186938124423,1.0
14,Auction,V1,"(51, 59)",72.52232187544692,True,2.4776781245530834,1.0
14,Auction,V2,"(9, 36)",20.996667592078545,True,17.003332407921455,1.0
14,Auction,V3,"(68, 20)",69.04344051968768,True,1.9565594803123165,1.0
14,Auction,V4,"(72, 87)",44.98019609728144,True,9.019803902718557,1.0
14,Auction,V5,"(33, 60)",36.31258075056715,True,1.6874192494328497,1.0
14,Auction,V6,"(45, 7)",34.670473174376625,True,19.329526825623375,1.0
14,Auction,V7,"(50, 39)",41.98613514040257,True,4.013864859597433,1.0
14,Auction,V8,"(5, 78)",41.99384609576251,True,10.00615390423749,1.0
14,Auction,V9,"(29, 97)",21.55950312475815,True,20.44049687524185,1.0
14,Auction,V10,"(15, 2)",70.85081306187558,True,6.149186938124423,1.0
14,Q-Learning,V1,"(51, 59)",72.52232187544692,True,2.4776781245530834,1.0
14,Q-Learning,V2,"(45, 7)",22.279941691086,True,18.720058308914,4.0
14,Q-Learning,V3,"(15, 2)",65.2283018096924,True,6.771698190307596,2.0
14,Q-Learning,V4,"(72, 87)",44.98019609728144,True,9.019803902718557,1.0
14,Q-Learning,V5,"(33, 60)",36.31258075056715,True,2.6874192494328497,2.0
14,Q-Learning,V6,"(29, 97)",32.058809912865705,True,23.941190087134295,3.0
14,Q-Learning,V7,"(50, 39)",41.98613514040257,True,4.013864859597433,1.0
14,Q-Learning,V8,"(5, 78)",41.99384609576251,True,10.00615390423749,1.0
14,Q-Learning,V9,"(68, 20)",29.242257252946352,True,15.757742747053648,4.0
14,Q-Learning,V10,"(9, 36)",62.75,True,14.25,1.0
15,Greedy,V1,"(62, 49)",70.06430236834638,True,3.9356976316536176,1.0
15,Greedy,V2,"(10, 66)",26.4,True,10.600000000000001,1.0
15,Greedy,V3,"(61, 6)",66.99609755726482,True,3.003902442735175,1.0
15,Greedy,V4,"(71, 92)",44.98019609728144,True,8.019803902718557,1.0
15,Greedy,V5,"(41, 59)",34.66666666666667,True,2.333333333333332,1.0
15,Greedy,V6,"(14, 69)",49.744050989592836,True,3.2559490104071607,1.0
15,Greedy,V7,"(42, 30)",41.98613514040257,True,3.013864859597433,1.0
15,Greedy,V8,"(4, 87)",35.00824177381416,True,15.991758226185837,1.0
15,Greedy,V9,"(58, 83)",17.420603842585635,True,23.579396157414365,1.0
15,Greedy,V10,"(4, 24)",70.85081306187558,True,5.149186938124423,1.0
15,Auction,V1,"(51, 59)",72.52232187544692,True,1.4776781245530834,1.0
15,Auction,V2,"(9, 36)",20.996667592078545,True,16.003332407921455,1.0
15,Auction,V3,"(68, 20)",69.04344051968768,True,0.9565594803123165,1.0
15,Auction,V4,"(72, 87)",44.98019609728144,True,8.019803902718557,1.0
15,Auction,V5,"(33, 60)",36.31258075056715,True,0.6874192494328497,1.0
15,Auction,V6,"(45, 7)",34.670473174376625,True,18.329526825623375,1.0
15,Auction,V7,"(50, 39)",41.98613514040257,True,3.013864859597433,1.0
15,Auction,V8,"(5, 78)",41.99384609576251,True,9.00615390423749,1.0
15,Auction,V9,"(29, 97)",21.55950312475815,True,19.44049687524185,1.0
15,Auction,V10,"(15, 2)",70.85081306187558,True,5.149186938124423,1.0
15,Q-Learning,V1,"(51, 59)",72.52232187544692,True,1.4776781245530834,1.0
15,Q-Learning,V2,"(45, 7)",22.279941691086,True,17.720058308914,4.0
15,Q-Learning,V3,"(15, 2)",65.2283018096924,True,5.771698190307596,2.0
15,Q-Learning,V4,"(72, 87)",44.98019609728144,True,8.019803902718557,1.0
15,Q-Learning,V5,"(33, 60)",36.31258075056715,True,1.6874192494328497,2.0
15,Q-Learning,V6,"(29, 97)",32.058809912865705,True,22.941190087134295,3.0
15,Q-Learning,V7,"(50, 39)",41.98613514040257,True,3.013864859597433,1.0
15,Q-Learning,V8,"(5, 78)",41.99384609576251,True,9.00615390423749,1.0
15,Q-Learning,V9,"(68, 20)",29.242257252946352,True,14.757742747053648,4.0
15,Q-Learning,V10,"(9, 36)",62.75,True,13.25,1.0
16,Greedy,V1,"(62, 49)",70.06430236834638,True,2.9356976316536176,1.0
16,Greedy,V2,"(10, 66)",26.4,True,9.600000000000001,1.0
16,Greedy,V3,"(61, 6)",66.99609755726482,True,2.003902442735175,1.0
16,Greedy,V4,"(71, 92)",44.98019609728144,True,7.019803902718557,1.0
16,Greedy,V5,"(41, 59)",34.66666666666667,True,1.3333333333333321,1.0
16,Greedy,V6,"(14, 69)",49.744050989592836,True,2.2559490104071607,1.0
16,Greedy,V7,"(42, 30)",41.98613514040257,True,2.013864859597433,1.0
16,Greedy,V8,"(4, 87)",35.00824177381416,True,14.991758226185837,1.0
16,Greedy,V9,"(58, 83)",17.420603842585635,True,22.579396157414365,1.0
16,Greedy,V10,"(4, 24)",70.85081306187558,True,4.149186938124423,1.0
16,Auction,V1,"(51, 59)",72.52232187544692,True,0.47767812455308345,1.0
16,Auction,V2,"(9, 36)",20.996667592078545,True,15.003332407921455,1.0
16,Auction,V3,"(68, 20)",69.04344051968768,True,0.0,1.0
16,Auction,V4,"(72, 87)",44.98019609728144,True,7.019803902718557,1.0
16,Auction,V5,"(33, 60)",36.31258075056715,True,0.0,1.0
16,Auction,V6,"(45, 7)",34.670473174376625,True,17.329526825623375,1.0
16,Auction,V7,"(50, 39)",41.98613514040257,True,2.013864859597433,1.0
16,Auction,V8,"(5, 78)",41.99384609576251,True,8.00615390423749,1.0
16,Auction,V9,"(29, 97)",21.55950312475815,True,18.44049687524185,1.0
16,Auction,V10,"(15, 2)",70.85081306187558,True,4.149186938124423,1.0
16,Q-Learning,V1,"(51, 59)",72.52232187544692,True,0.47767812455308345,1.0
16,Q-Learning,V2,"(45, 7)",22.279941691086,True,16.720058308914,4.0
16,Q-Learning,V3,"(15, 2)",65.2283018096924,True,4.771698190307596,2.0
16,Q-Learning,V4,"(72, 87)",44.98019609728144,True,7.019803902718557,1.0
16,Q-Learning,V5,"(33, 60)",36.31258075056715,True,0.6874192494328497,2.0
16,Q-Learning,V6,"(29, 97)",32.058809912865705,True,21.941190087134295,3.0
16,Q-Learning,V7,"(50, 39)",41.98613514040257,True,2.013864859597433,1.0
16,Q-Learning,V8,"(5, 78)",41.99384609576251,True,8.00615390423749,1.0
16,Q-Learning,V9,"(68, 20)",29.242257252946352,True,13.757742747053648,4.0
16,Q-Learning,V10,"(9, 36)",62.75,True,12.25,1.0
17,Greedy,V1,"(62, 49)",70.06430236834638,True,1.9356976316536176,1.0
17,Greedy,V2,"(10, 66)",26.4,True,8.600000000000001,1.0
17,Greedy,V3,"(61, 6)",66.99609755726482,True,1.0039024427351748,1.0
17,Greedy,V4,"(71, 92)",44.98019609728144,True,6.019803902718557,1.0
17,Greedy,V5,"(41, 59)",34.66666666666667,True,0.33333333333333215,1.0
17,Greedy,V6,"(14, 69)",49.744050989592836,True,1.2559490104071607,1.0
17,Greedy,V7,"(42, 30)",41.98613514040257,True,1.013864859597433,1.0
17,Greedy,V8,"(4, 87)",35.00824177381416,True,13.991758226185837,1.0
17,Greedy,V9,"(58, 83)",17.420603842585635,True,21.579396157414365,1.0
17,Greedy,V10,"(4, 24)",70.85081306187558,True,3.149186938124423,1.0
17,Auction,V1,"(51, 59)",72.52232187544692,True,0.0,1.0
17,Auction,V2,"(9, 36)",20.996667592078545,True,14.003332407921455,1.0
17,Auction,V3,"(69, 14)",46.2830952034004,True,21.760345316287278,1.0
17,Auction,V4,"(72, 87)",44.98019609728144,True,6.019803902718557,1.0
17,Auction,V5,"(27, 73)",10.539973729475033,True,24.772607021092117,1.0
17,Auction,V6,"(45, 7)",34.670473174376625,True,16.329526825623375,1.0
17,Auction,V7,"(50, 39)",41.98613514040257,True,1.013864859597433,1.0
17,Auction,V8,"(5, 78)",41.99384609576251,True,7.00615390423749,1.0
17,Auction,V9,"(29, 97)",21.55950312475815,True,17.44049687524185,1.0
17,Auction,V10,"(15, 2)",70.85081306187558,True,3.149186938124423,1.0
17,Q-Learning,V1,"(51, 59)",72.52232187544692,True,0.0,1.0
17,Q-Learning,V2,"(45, 7)",22.279941691086,True,15.720058308913998,4.0
17,Q-Learning,V3,"(15, 2)",65.2283018096924,True,3.771698190307596,2.0
17,Q-Learning,V4,"(72, 87)",44.98019609728144,True,6.019803902718557,1.0
17,Q-Learning,V5,"(33, 60)",36.31258075056715,True,0.0,2.0
17,Q-Learning,V6,"(29, 97)",32.058809912865705,True,20.941190087134295,3.0
17,Q-Learning,V7,"(50, 39)",41.98613514040257,True,1.013864859597433,1.0
17,Q-Learning,V8,"(5, 78)",41.99384609576251,True,7.00615390423749,1.0
17,Q-Learning,V9,"(68, 20)",29.242257252946352,True,12.757742747053648,4.0
17,Q-Learning,V10,"(9, 36)",62.75,True,11.25,1.0
18,Greedy,V1,"(62, 49)",70.06430236834638,True,0.9356976316536176,1.0
18,Greedy,V2,"(10, 66)",26.4,True,7.600000000000001,1.0
18,Greedy,V3,"(61, 6)",66.99609755726482,True,0.003902442735174816,1.0
18,Greedy,V4,"(71, 92)",44.98019609728144,True,5.019803902718557,1.0
18,Greedy,V5,"(41, 59)",34.66666666666667,True,0.0,1.0
18,Greedy,V6,"(14, 69)",49.744050989592836,True,0.25594901040716067,1.0
18,Greedy,V7,"(42, 30)",41.98613514040257,True,0.01386485959743311,1.0
18,Greedy,V8,"(4, 87)",35.00824177381416,True,12.991758226185837,1.0
18,Greedy,V9,"(58, 83)",17.420603842585635,True,20.579396157414365,1.0
18,Greedy,V10,"(4, 24)",70.85081306187558,True,2.149186938124423,1.0
18,Auction,V1,"(17, 30)",50.07435421827881,True,21.44796765716811,1.0
18,Auction,V2,"(9, 36)",20.996667592078545,True,13.003332407921455,1.0
18,Auction,V3,"(69, 14)",46.2830952034004,True,20.760345316287278,1.0
18,Auction,V4,"(72, 87)",44.98019609728144,True,5.019803902718557,1.0
18,Auction,V5,"(27, 73)",10.539973729475033,True,23.772607021092117,1.0
18,Auction,V6,"(45, 7)",34.670473174376625,True,15.329526825623375,1.0
18,Auction,V7,"(50, 39)",41.98613514040257,True,0.01386485959743311,1.0
18,Auction,V8,"(5, 78)",41.99384609576251,True,6.00615390423749,1.0
18,Auction,V9,"(29, 97)",21.55950312475815,True,16.44049687524185,1.0
18,Auction,V10,"(15, 2)",70.85081306187558,True,2.149186938124423,1.0
18,Q-Learning,V1,"(51, 59)",72.52232187544692,False,0.0,2.0
18,Q-Learning,V2,"(45, 7)",22.279941691086,True,14.720058308913998,4.0
18,Q-Learning,V3,"(15, 2)",65.2283018096924,True,2.771698190307596,2.0
18,Q-Learning,V4,"(72, 87)",44.98019609728144,True,5.019803902718557,1.0
18,Q-Learning,V5,"(17, 30)",9.979247417233815,True,25.333333333333336,2.0
18,Q-Learning,V6,"(29, 97)",32.058809912865705,True,19.941190087134295,3.0
18,Q-Learning,V7,"(50, 39)",41.98613514040257,True,0.01386485959743311,1.0
18,Q-Learning,V8,"(5, 78)",41.99384609576251,True,6.00615390423749,1.0
18,Q-Learning,V9,"(68, 20)",29.242257252946352,True,11.757742747053648,4.0
18,Q-Learning,V10,"(9, 36)",62.75,True,10.25,1.0
19,Greedy,V1,"(62, 49)",70.06430236834638,True,0.0,1.0
19,Greedy,V2,"(10, 66)",26.4,True,6.600000000000001,1.0
19,Greedy,V3,"(61, 6)",66.99609755726482,True,0.0,1.0
19,Greedy,V4,"(71, 92)",44.98019609728144,True,4.019803902718557,1.0
19,Greedy,V5,"(41, 59)",7.118979850187529,True,26.547686816479143,1.0
19,Greedy,V6,"(14, 69)",49.744050989592836,True,0.0,1.0
19,Greedy,V7,"(42, 30)",41.98613514040257,True,0.0,1.0
19,Greedy,V8,"(4, 87)",35.00824177381416,True,11.991758226185837,1.0
19,Greedy,V9,"(58, 83)",17.420603842585635,True,19.579396157414365,1.0
19,Greedy,V10,"(4, 24)",70.85081306187558,True,1.1491869381244229,1.0
19,Auction,V1,"(17, 30)",50.07435421827881,True,20.44796765716811,1.0
19,Auction,V2,"(9, 36)",20.996667592078545,True,12.003332407921455,1.0
19,Auction,V3,"(69, 14)",46.2830952034004,True,19.760345316287278,1.0
19,Auction,V4,"(72, 87)",44.98019609728144,True,4.019803902718557,1.0
19,Auction,V5,"(27, 73)",10.539973729475033,True,22.772607021092117,1.0
19,Auction,V6,"(45, 7)",34.670473174376625,True,14.329526825623375,1.0
19,Auction,V7,"(50, 39)",41.98613514040257,True,0.0,1.0
19,Auction,V8,"(5, 78)",41.99384609576251,True,5.00615390423749,1.0
19,Auction,V9,"(29, 97)",21.55950312475815,True,15.440496875241848,1.0
19,Auction,V10,"(15, 2)",70.85081306187558,True,1.1491869381244229,1.0
19,Q-Learning,V1,"(3, 88)",34.17560528024028,True,37.34671659520664,2.0
19,Q-Learning,V2,"(45, 7)",22.279941691086,True,13.720058308913998,4.0
19,Q-Learning,V3,"(15, 2)",65.2283018096924,True,1.7716981903075961,2.0
19,Q-Learning,V4,"(72, 87)",44.98019609728144,True,4.019803902718557,1.0
19,Q-Learning,V5,"(17, 30)",9.979247417233815,True,24.333333333333336,2.0
19,Q-Learning,V6,"(29, 97)",32.058809912865705,True,18.941190087134295,3.0
19,Q-Learning,V7,"(50, 39)",41.98613514040257,True,0.0,1.0
19,Q-Learning,V8,"(5, 78)",41.99384609576251,True,5.00615390423749,1.0
19,Q-Learning,V9,"(68, 20)",29.242257252946352,True,10.757742747053648,4.0
19,Q-Learning,V10,"(9, 36)",62.75,True,9.25,1.0
20,Greedy,V1,"(62, 49)",41.99127064370539,True,27.07303172464098,1.0
20,Greedy,V2,"(10, 66)",26.4,True,5.600000000000001,1.0
20,Greedy,V3,"(61, 6)",43.581883994891726,True,22.414213562373096,1.0
20,Greedy,V4,"(71, 92)",44.98019609728144,True,3.0198039027185573,1.0
20,Greedy,V5,"(41, 59)",7.118979850187529,True,25.547686816479143,1.0
20,Greedy,V6,"(14, 69)",15.255426389567802,True,33.488624600025034,1.0
20,Greedy,V7,"(42, 30)",13.871756408729723,True,27.114378731672844,1.0
20,Greedy,V8,"(4, 87)",35.00824177381416,True,10.991758226185837,1.0
20,Greedy,V9,"(58, 83)",17.420603842585635,True,18.579396157414365,1.0
20,Greedy,V10,"(4, 24)",70.85081306187558,True,0.14918693812442285,1.0
20,Auction,V1,"(17, 30)",50.07435421827881,True,19.44796765716811,1.0
20,Auction,V2,"(9, 36)",20.996667592078545,True,11.003332407921455,1.0
20,Auction,V3,"(69, 14)",46.2830952034004,True,18.760345316287278,1.0
20,Auction,V4,"(72, 87)",44.98019609728144,True,3.0198039027185573,1.0
20,Auction,V5,"(27, 73)",10.539973729475033,True,21.772607021092117,1.0
20,Auction,V6,"(45, 7)",34.670473174376625,True,13.329526825623375,1.0
20,Auction,V7,"(25, 39)",23.65280180706923,True,17.333333333333336,1.0
20,Auction,V8,"(5, 78)",41.99384609576251,True,4.00615390423749,1.0
20,Auction,V9,"(29, 97)",21.55950312475815,True,14.440496875241848,1.0
20,Auction,V10,"(15, 2)",70.85081306187558,True,0.14918693812442285,1.0
20,Q-Learning,V1,"(3, 88)",34.17560528024028,True,36.34671659520664,2.0
20,Q-Learning,V2,"(45, 7)",22.279941691086,True,12.720058308913998,4.0
20,Q-Learning,V3,"(15, 2)",65.2283018096924,True,0.7716981903075961,2.0
20,Q-Learning,V4,"(72, 87)",44.98019609728144,True,3.0198039027185573,1.0
20,Q-Learning,V5,"(17, 30)",9.979247417233815,True,23.333333333333336,2.0
20,Q-Learning,V6,"(29, 97)",32.058809912865705,True,17.941190087134295,3.0
20,Q-Learning,V7,"(12, 64)",13.824047919677021,True,27.162087220725546,1.0
20,Q-Learning,V8,"(5, 78)",41.99384609576251,True,4.00615390423749,1.0
20,Q-Learning,V9,"(68, 20)",29.242257252946352,True,9.757742747053648,4.0
20,Q-Learning,V10,"(9, 36)",62.75,True,8.25,1.0
21,Greedy,V1,"(62, 49)",41.99127064370539,True,26.07303172464098,1.0
21,Greedy,V2,"(10, 66)",26.4,True,4.600000000000001,1.0
21,Greedy,V3,"(61, 6)",43.581883994891726,True,21.414213562373096,1.0
21,Greedy,V4,"(71, 92)",44.98019609728144,True,2.0198039027185573,1.0
21,Greedy,V5,"(41, 59)",7.118979850187529,True,24.547686816479143,1.0
21,Greedy,V6,"(14, 69)",15.255426389567802,True,32.488624600025034,1.0
21,Greedy,V7,"(42, 30)",13.871756408729723,True,26.114378731672844,1.0
21,Greedy,V8,"(4, 87)",35.00824177381416,True,9.991758226185837,1.0
21,Greedy,V9,"(58, 83)",17.420603842585635,True,17.579396157414365,1.0
21,Greedy,V10,"(4, 24)",70.85081306187558,True,0.0,1.0
21,Auction,V1,"(17, 30)",50.07435421827881,True,18.44796765716811,1.0
21,Auction,V2,"(9, 36)",20.996667592078545,True,10.003332407921455,1.0
21,Auction,V3,"(69, 14)",46.2830952034004,True,17.760345316287278,1.0
21,Auction,V4,"(72, 87)",44.98019609728144,True,2.0198039027185573,1.0
21,Auction,V5,"(27, 73)",10.539973729475033,True,20.772607021092117,1.0
21,Auction,V6,"(45, 7)",34.670473174376625,True,12.329526825623375,1.0
21,Auction,V7,"(25, 39)",23.65280180706923,True,16.333333333333336,1.0
21,Auction,V8,"(5, 78)",41.99384609576251,True,3.0061539042374896,1.0
21,Auction,V9,"(29, 97)",21.55950312475815,True,13.440496875241848,1.0
21,Auction,V10,"(15, 2)",70.85081306187558,True,0.0,1.0
21,Q-Learning,V1,"(3, 88)",34.17560528024028,True,35.34671659520664,2.0
21,Q-Learning,V2,"(45, 7)",22.279941691086,True,11.720058308913998,4.0
21,Q-Learning,V3,"(15, 2)",65.2283018096924,True,0.0,2.0
21,Q-Learning,V4,"(72, 87)",44.98019609728144,True,2.0198039027185573,1.0
21,Q-Learning,V5,"(17, 30)",9.979247417233815,True,22.333333333333336,2.0
21,Q-Learning,V6,"(29, 97)",32.058809912865705,True,16.941190087134295,3.0
21,Q-Learning,V7,"(12, 64)",13.824047919677021,True,26.162087220725546,1.0
21,Q-Learning,V8,"(5, 78)",41.99384609576251,True,3.0061539042374896,1.0
21,Q-Learning,V9,"(68, 20)",29.242257252946352,True,8.757742747053648,4.0
21,Q-Learning,V10,"(9, 36)",62.75,True,7.25,1.0
22,Greedy,V1,"(62, 49)",41.99127064370539,True,25.07303172464098,1.0
22,Greedy,V2,"(10, 66)",26.4,True,3.6000000000000014,1.0
22,Greedy,V3,"(61, 6)",43.581883994891726,True,20.414213562373096,1.0
22,Greedy,V4,"(71, 92)",44.98019609728144,True,1.0198039027185573,1.0
22,Greedy,V5,"(41, 59)",7.118979850187529,True,23.547686816479143,1.0
22,Greedy,V6,"(14, 69)",15.255426389567802,True,31.488624600025034,1.0
22,Greedy,V7,"(42, 30)",13.871756408729723,True,25.114378731672844,1.0
22,Greedy,V8,"(4, 87)",35.00824177381416,True,8.991758226185837,1.0
22,Greedy,V9,"(58, 83)",17.420603842585635,True,16.579396157414365,1.0
22,Greedy,V10,"(4, 24)",29.568372863601923,True,40.28244019827366,1.0
22,Auction,V1,"(17, 30)",50.07435421827881,True,17.44796765716811,1.0
22,Auction,V2,"(9, 36)",20.996667592078545,True,9.003332407921455,1.0
22,Auction,V3,"(69, 14)",46.2830952034004,True,16.760345316287278,1.0
22,Auction,V4,"(72, 87)",44.98019609728144,True,1.0198039027185573,1.0
22,Auction,V5,"(27, 73)",10.539973729475033,True,19.772607021092117,1.0
22,Auction,V6,"(45, 7)",34.670473174376625,True,11.329526825623375,1.0
22,Auction,V7,"(25, 39)",23.65280180706923,True,15.333333333333336,1.0
22,Auction,V8,"(5, 78)",41.99384609576251,True,2.0061539042374896,1.0
22,Auction,V9,"(29, 97)",21.55950312475815,True,12.440496875241848,1.0
22,Auction,V10,"(12, 64)",42.33267850903709,True,27.518134552838497,1.0
22,Q-Learning,V1,"(3, 88)",34.17560528024028,True,34.34671659520664,2.0
22,Q-Learning,V2,"(45, 7)",22.279941691086,True,10.720058308913998,4.0
22,Q-Learning,V3,"(69, 14)",36.31364346672273,True,27.914658342969666,2.0
22,Q-Learning,V4,"(72, 87)",44.98019609728144,True,1.0198039027185573,1.0
22,Q-Learning,V5,"(17, 30)",9.979247417233815,True,21.333333333333336,2.0
22,Q-Learning,V6,"(29, 97)",32.058809912865705,True,15.941190087134295,3.0
22,Q-Learning,V7,"(12, 64)",13.824047919677021,True,25.162087220725546,1.0
22,Q-Learning,V8,"(5, 78)",41.99384609576251,True,2.0061539042374896,1.0
22,Q-Learning,V9,"(68, 20)",29.242257252946352,True,7.757742747053648,4.0
22,Q-Learning,V10,"(9, 36)",62.75,True,6.25,1.0
23,Greedy,V1,"(62, 49)",41.99127064370539,True,24.07303172464098,1.0
23,Greedy,V2,"(10, 66)",26.4,True,2.6000000000000014,1.0
23,Greedy,V3,"(61, 6)",43.581883994891726,True,19.414213562373096,1.0
23,Greedy,V4,"(71, 92)",44.98019609728144,True,0.019803902718557254,1.0
23,Greedy,V5,"(41, 59)",7.118979850187529,True,22.547686816479143,1.0
23,Greedy,V6,"(14, 69)",15.255426389567802,True,30.488624600025034,1.0
23,Greedy,V7,"(42, 30)",13.871756408729723,True,24.114378731672844,1.0
23,Greedy,V8,"(4, 87)",35.00824177381416,True,7.991758226185837,1.0
23,Greedy,V9,"(58, 83)",17.420603842585635,True,15.579396157414365,1.0
23,Greedy,V10,"(4, 24)",29.568372863601923,True,39.28244019827366,1.0
23,Auction,V1,"(17, 30)",50.07435421827881,True,16.44796765716811,1.0
23,Auction,V2,"(9, 36)",20.996667592078545,True,8.003332407921455,1.0
23,Auction,V3,"(69, 14)",46.2830952034004,True,15.760345316287278,1.0
23,Auction,V4,"(72, 87)",44.98019609728144,True,0.019803902718557254,1.0
23,Auction,V5,"(27, 73)",10.539973729475033,True,18.772607021092117,1.0
23,Auction,V6,"(45, 7)",34.670473174376625,True,10.329526825623375,1.0
23,Auction,V7,"(25, 39)",23.65280180706923,True,14.333333333333336,1.0
23,Auction,V8,"(5, 78)",41.99384609576251,True,1.0061539042374896,1.0
23,Auction,V9,"(29, 97)",21.55950312475815,True,11.440496875241848,1.0
23,Auction,V10,"(12, 64)",42.33267850903709,True,26.518134552838497,1.0
23,Q-Learning,V1,"(3, 88)",34.17560528024028,True,33.34671659520664,2.0
23,Q-Learning,V2,"(45, 7)",22.279941691086,True,9.720058308913998,4.0
23,Q-Learning,V3,"(69, 14)",36.31364346672273,True,26.914658342969666,2.0
23,Q-Learning,V4,"(72, 87)",44.98019609728144,True,0.019803902718557254,1.0
23,Q-Learning,V5,"(17, 30)",9.979247417233815,True,20.333333333333336,2.0
23,Q-Learning,V6,"(29, 97)",32.058809912865705,True,14.941190087134295,3.0
23,Q-Learning,V7,"(12, 64)",13.824047919677021,True,24.162087220725546,1.0
23,Q-Learning,V8,"(5, 78)",41.99384609576251,True,1.0061539042374896,1.0
23,Q-Learning,V9,"(68, 20)",29.242257252946352,True,6.757742747053648,4.0
23,Q-Learning,V10,"(9, 36)",62.75,True,5.25,1.0
24,Greedy,V1,"(62, 49)",41.99127064370539,True,23.07303172464098,1.0
24,Greedy,V2,"(10, 66)",26.4,True,1.6000000000000014,1.0
24,Greedy,V3,"(61, 6)",43.581883994891726,True,18.414213562373096,1.0
24,Greedy,V4,"(71, 92)",44.98019609728144,True,0.0,1.0
24,Greedy,V5,"(41, 59)",7.118979850187529,True,21.547686816479143,1.0
24,Greedy,V6,"(14, 69)",15.255426389567802,True,29.488624600025034,1.0
24,Greedy,V7,"(42, 30)",13.871756408729723,True,23.114378731672844,1.0
24,Greedy,V8,"(4, 87)",35.00824177381416,True,6.991758226185837,1.0
24,Greedy,V9,"(58, 83)",17.420603842585635,True,14.579396157414365,1.0
24,Greedy,V10,"(4, 24)",29.568372863601923,True,38.28244019827366,1.0
24,Auction,V1,"(17, 30)",50.07435421827881,True,15.44796765716811,1.0
24,Auction,V2,"(9, 36)",20.996667592078545,True,7.003332407921455,1.0
24,Auction,V3,"(69, 14)",46.2830952034004,True,14.760345316287278,1.0
24,Auction,V4,"(72, 87)",44.98019609728144,True,0.0,1.0
24,Auction,V5,"(27, 73)",10.539973729475033,True,17.772607021092117,1.0
24,Auction,V6,"(45, 7)",34.670473174376625,True,9.329526825623375,1.0
24,Auction,V7,"(25, 39)",23.65280180706923,True,13.333333333333336,1.0
24,Auction,V8,"(5, 78)",41.99384609576251,True,0.006153904237489627,1.0
24,Auction,V9,"(29, 97)",21.55950312475815,True,10.440496875241848,1.0
24,Auction,V10,"(12, 64)",42.33267850903709,True,25.518134552838497,1.0
24,Q-Learning,V1,"(3, 88)",34.17560528024028,True,32.34671659520664,2.0
24,Q-Learning,V2,"(45, 7)",22.279941691086,True,8.720058308913998,4.0
24,Q-Learning,V3,"(69, 14)",36.31364346672273,True,25.914658342969666,2.0
24,Q-Learning,V4,"(72, 87)",44.98019609728144,True,0.0,1.0
24,Q-Learning,V5,"(17, 30)",9.979247417233815,True,19.333333333333336,2.0
24,Q-Learning,V6,"(29, 97)",32.058809912865705,True,13.941190087134295,3.0
24,Q-Learning,V7,"(12, 64)",13.824047919677021,True,23.162087220725546,1.0
24,Q-Learning,V8,"(5, 78)",41.99384609576251,True,0.006153904237489627,1.0
24,Q-Learning,V9,"(68, 20)",29.242257252946352,True,5.757742747053648,4.0
24,Q-Learning,V10,"(9, 36)",62.75,True,4.25,1.0
25,Greedy,V1,"(62, 49)",41.99127064370539,True,22.07303172464098,1.0
25,Greedy,V2,"(10, 66)",26.4,True,0.6000000000000014,1.0
25,Greedy,V3,"(61, 6)",43.581883994891726,True,17.414213562373096,1.0
25,Greedy,V4,"(71, 92)",20.944527249663242,True,23.0356688476182,1.0
25,Greedy,V5,"(41, 59)",7.118979850187529,True,20.547686816479143,1.0
25,Greedy,V6,"(14, 69)",15.255426389567802,True,28.488624600025034,1.0
25,Greedy,V7,"(42, 30)",13.871756408729723,True,22.114378731672844,1.0
25,Greedy,V8,"(4, 87)",35.00824177381416,True,5.991758226185837,1.0
25,Greedy,V9,"(58, 83)",17.420603842585635,True,13.579396157414365,1.0
25,Greedy,V10,"(4, 24)",29.568372863601923,True,37.28244019827366,1.0
25,Auction,V1,"(17, 30)",50.07435421827881,True,14.44796765716811,1.0
25,Auction,V2,"(9, 36)",20.996667592078545,True,6.003332407921455,1.0
25,Auction,V3,"(69, 14)",46.2830952034004,True,13.760345316287278,1.0
25,Auction,V4,"(64, 95)",20.71745439748449,True,23.26274169979695,1.0
25,Auction,V5,"(27, 73)",10.539973729475033,True,16.772607021092117,1.0
25,Auction,V6,"(45, 7)",34.670473174376625,True,8.329526825623375,1.0
25,Auction,V7,"(25, 39)",23.65280180706923,True,12.333333333333336,1.0
25,Auction,V8,"(5, 78)",41.99384609576251,True,0.0,1.0
25,Auction,V9,"(29, 97)",21.55950312475815,True,9.440496875241848,1.0
25,Auction,V10,"(12, 64)",42.33267850903709,True,24.518134552838497,1.0
25,Q-Learning,V1,"(3, 88)",34.17560528024028,True,31.346716595206637,2.0
25,Q-Learning,V2,"(45, 7)",22.279941691086,True,7.720058308913998,4.0
25,Q-Learning,V3,"(69, 14)",36.31364346672273,True,24.914658342969666,2.0
25,Q-Learning,V4,"(64, 95)",20.71745439748449,True,23.26274169979695,1.0
25,Q-Learning,V5,"(17, 30)",9.979247417233815,True,18.333333333333336,2.0
25,Q-Learning,V6,"(29, 97)",32.058809912865705,True,12.941190087134295,3.0
25,Q-Learning,V7,"(12, 64)",13.824047919677021,True,22.162087220725546,1.0
25,Q-Learning,V8,"(5, 78)",41.99384609576251,True,0.0,1.0
25,Q-Learning,V9,"(68, 20)",29.242257252946352,True,4.757742747053648,4.0
25,Q-Learning,V10,"(9, 36)",62.75,True,3.25,1.0
26,Greedy,V1,"(62, 49)",41.99127064370539,True,21.07303172464098,1.0
26,Greedy,V2,"(10, 66)",26.4,True,0.0,1.0
26,Greedy,V3,"(61, 6)",43.581883994891726,True,16.414213562373096,1.0
26,Greedy,V4,"(71, 92)",20.944527249663242,True,22.0356688476182,1.0
26,Greedy,V5,"(41, 59)",7.118979850187529,True,19.547686816479143,1.0
26,Greedy,V6,"(14, 69)",15.255426389567802,True,27.488624600025034,1.0
26,Greedy,V7,"(42, 30)",13.871756408729723,True,21.114378731672844,1.0
26,Greedy,V8,"(4, 87)",35.00824177381416,True,4.991758226185837,1.0
26,Greedy,V9,"(58, 83)",17.420603842585635,True,12.579396157414365,1.0
26,Greedy,V10,"(4, 24)",29.568372863601923,True,36.28244019827366,1.0
26,Auction,V1,"(17, 30)",50.07435421827881,True,13.44796765716811,1.0
26,Auction,V2,"(9, 36)",20.996667592078545,True,5.003332407921455,1.0
26,Auction,V3,"(69, 14)",46.2830952034004,True,12.760345316287278,1.0
26,Auction,V4,"(64, 95)",20.71745439748449,True,22.26274169979695,1.0
26,Auction,V5,"(27, 73)",10.539973729475033,True,15.772607021092117,1.0
26,Auction,V6,"(45, 7)",34.670473174376625,True,7.329526825623375,1.0
26,Auction,V7,"(25, 39)",23.65280180706923,True,11.333333333333336,1.0
26,Auction,V8,"(3, 88)",11.860730648297444,True,29.133115447465062,1.0
26,Auction,V9,"(29, 97)",21.55950312475815,True,8.440496875241848,1.0
26,Auction,V10,"(12, 64)",42.33267850903709,True,23.518134552838497,1.0
26,Q-Learning,V1,"(3, 88)",34.17560528024028,True,30.346716595206637,2.0
26,Q-Learning,V2,"(45, 7)",22.279941691086,True,6.720058308913998,4.0
26,Q-Learning,V3,"(69, 14)",36.31364346672273,True,23.914658342969666,2.0
26,Q-Learning,V4,"(64, 95)",20.71745439748449,True,22.26274169979695,1.0
26,Q-Learning,V5,"(17, 30)",9.979247417233815,True,17.333333333333336,2.0
26,Q-Learning,V6,"(29, 97)",32.058809912865705,True,11.941190087134295,3.0
26,Q-Learning,V7,"(12, 64)",13.824047919677021,True,21.162087220725546,1.0
26,Q-Learning,V8,"(27, 73)",18.48706516850062,True,22.506780927261886,1.0
26,Q-Learning,V9,"(68, 20)",29.242257252946352,True,3.7577427470536477,4.0
26,Q-Learning,V10,"(9, 36)",62.75,True,2.25,1.0
27,Greedy,V1,"(62, 49)",41.99127064370539,True,20.07303172464098,1.0
27,Greedy,V2,"(10, 66)",4.017754646268713,True,21.382245353731285,1.0
27,Greedy,V3,"(61, 6)",43.581883994891726,True,15.414213562373096,1.0
27,Greedy,V4,"(71, 92)",20.944527249663242,True,21.0356688476182,1.0
27,Greedy,V5,"(41, 59)",7.118979850187529,True,18.547686816479143,1.0
27,Greedy,V6,"(14, 69)",15.255426389567802,True,26.488624600025034,1.0
27,Greedy,V7,"(42, 30)",13.871756408729723,True,20.114378731672844,1.0
27,Greedy,V8,"(4, 87)",35.00824177381416,True,3.991758226185837,1.0
27,Greedy,V9,"(58, 83)",17.420603842585635,True,11.579396157414365,1.0
27,Greedy,V10,"(4, 24)",29.568372863601923,True,35.28244019827366,1.0
27,Auction,V1,"(17, 30)",50.07435421827881,True,12.44796765716811,1.0
27,Auction,V2,"(9, 36)",20.996667592078545,True,4.003332407921455,1.0
27,Auction,V3,"(69, 14)",46.2830952034004,True,11.760345316287278,1.0
27,Auction,V4,"(64, 95)",20.71745439748449,True,21.26274169979695,1.0
27,Auction,V5,"(27, 73)",10.539973729475033,True,14.772607021092117,1.0
27,Auction,V6,"(45, 7)",34.670473174376625,True,6.329526825623375,1.0
27,Auction,V7,"(25, 39)",23.65280180706923,True,10.333333333333336,1.0
27,Auction,V8,"(3, 88)",11.860730648297444,True,28.133115447465062,1.0
27,Auction,V9,"(29, 97)",21.55950312475815,True,7.440496875241848,1.0
27,Auction,V10,"(12, 64)",42.33267850903709,True,22.518134552838497,1.0
27,Q-Learning,V1,"(3, 88)",34.17560528024028,True,29.346716595206637,2.0
27,Q-Learning,V2,"(45, 7)",22.279941691086,True,5.720058308913998,4.0
27,Q-Learning,V3,"(69, 14)",36.31364346672273,True,22.914658342969666,2.0
27,Q-Learning,V4,"(64, 95)",20.71745439748449,True,21.26274169979695,1.0
27,Q-Learning,V5,"(17, 30)",9.979247417233815,True,16.333333333333336,2.0
27,Q-Learning,V6,"(29, 97)",32.058809912865705,True,10.941190087134295,3.0
27,Q-Learning,V7,"(12, 64)",13.824047919677021,True,20.162087220725546,1.0
27,Q-Learning,V8,"(27, 73)",18.48706516850062,True,21.506780927261886,1.0
27,Q-Learning,V9,"(68, 20)",29.242257252946352,True,2.7577427470536477,4.0
27,Q-Learning,V10,"(9, 36)",62.75,True,1.25,1.0
28,Greedy,V1,"(62, 49)",41.99127064370539,True,19.07303172464098,1.0
28,Greedy,V2,"(10, 66)",4.017754646268713,True,20.382245353731285,1.0
28,Greedy,V3,"(61, 6)",43.581883994891726,True,14.414213562373096,1.0
28,Greedy,V4,"(71, 92)",20.944527249663242,True,20.0356688476182,1.0
28,Greedy,V5,"(41, 59)",7.118979850187529,True,17.547686816479143,1.0
28,Greedy,V6,"(14, 69)",15.255426389567802,True,25.488624600025034,1.0
28,Greedy,V7,"(42, 30)",13.871756408729723,True,19.114378731672844,1.0
28,Greedy,V8,"(4, 87)",35.00824177381416,True,2.991758226185837,1.0
28,Greedy,V9,"(58, 83)",17.420603842585635,True,10.579396157414365,1.0
28,Greedy,V10,"(4, 24)",29.568372863601923,True,34.28244019827366,1.0
28,Auction,V1,"(17, 30)",50.07435421827881,True,11.44796765716811,1.0
28,Auction,V2,"(9, 36)",20.996667592078545,True,3.003332407921455,1.0
28,Auction,V3,"(69, 14)",46.2830952034004,True,10.760345316287278,1.0
28,Auction,V4,"(64, 95)",20.71745439748449,True,20.26274169979695,1.0
28,Auction,V5,"(27, 73)",10.539973729475033,True,13.772607021092117,1.0
28,Auction,V6,"(45, 7)",34.670473174376625,True,5.329526825623375,1.0
28,Auction,V7,"(25, 39)",23.65280180706923,True,9.333333333333336,1.0
28,Auction,V8,"(3, 88)",11.860730648297444,True,27.133115447465062,1.0
28,Auction,V9,"(29, 97)",21.55950312475815,True,6.440496875241848,1.0
28,Auction,V10,"(12, 64)",42.33267850903709,True,21.518134552838497,1.0
28,Q-Learning,V1,"(3, 88)",34.17560528024028,True,28.346716595206637,2.0
28,Q-Learning,V2,"(45, 7)",22.279941691086,True,4.720058308913998,4.0
28,Q-Learning,V3,"(69, 14)",36.31364346672273,True,21.914658342969666,2.0
28,Q-Learning,V4,"(64, 95)",20.71745439748449,True,20.26274169979695,1.0
28,Q-Learning,V5,"(17, 30)",9.979247417233815,True,15.333333333333336,2.0
28,Q-Learning,V6,"(29, 97)",32.058809912865705,True,9.941190087134295,3.0
28,Q-Learning,V7,"(12, 64)",13.824047919677021,True,19.162087220725546,1.0
28,Q-Learning,V8,"(27, 73)",18.48706516850062,True,20.506780927261886,1.0
28,Q-Learning,V9,"(68, 20)",29.242257252946352,True,1.7577427470536477,4.0
28,Q-Learning,V10,"(9, 36)",62.75,True,0.25,1.0
29,Greedy,V1,"(62, 49)",41.99127064370539,True,18.07303172464098,1.0
29,Greedy,V2,"(10, 66)",4.017754646268713,True,19.382245353731285,1.0
29,Greedy,V3,"(61, 6)",43.581883994891726,True,13.414213562373096,1.0
29,Greedy,V4,"(71, 92)",20.944527249663242,True,19.0356688476182,1.0
29,Greedy,V5,"(41, 59)",7.118979850187529,True,16.547686816479143,1.0
29,Greedy,V6,"(14, 69)",15.255426389567802,True,24.488624600025034,1.0
29,Greedy,V7,"(42, 30)",13.871756408729723,True,18.114378731672844,1.0
29,Greedy,V8,"(4, 87)",35.00824177381416,True,1.991758226185837,1.0
29,Greedy,V9,"(58, 83)",17.420603842585635,True,9.579396157414365,1.0
29,Greedy,V10,"(4, 24)",29.568372863601923,True,33.28244019827366,1.0
29,Auction,V1,"(17, 30)",50.07435421827881,True,10.44796765716811,1.0
29,Auction,V2,"(9, 36)",20.996667592078545,True,2.003332407921455,1.0
29,Auction,V3,"(69, 14)",46.2830952034004,True,9.760345316287278,1.0
29,Auction,V4,"(64, 95)",20.71745439748449,True,19.26274169979695,1.0
29,Auction,V5,"(27, 73)",10.539973729475033,True,12.772607021092117,1.0
29,Auction,V6,"(45, 7)",34.670473174376625,True,4.329526825623375,1.0
29,Auction,V7,"(25, 39)",23.65280180706923,True,8.333333333333336,1.0
29,Auction,V8,"(3, 88)",11.860730648297444,True,26.133115447465062,1.0
29,Auction,V9,"(29, 97)",21.55950312475815,True,5.440496875241848,1.0
29,Auction,V10,"(12, 64)",42.33267850903709,True,20.518134552838497,1.0
29,Q-Learning,V1,"(3, 88)",34.17560528024028,True,27.346716595206637,2.0
29,Q-Learning,V2,"(45, 7)",22.279941691086,True,3.7200583089139982,4.0
29,Q-Learning,V3,"(69, 14)",36.31364346672273,True,20.914658342969666,2.0
29,Q-Learning,V4,"(64, 95)",20.71745439748449,True,19.26274169979695,1.0
29,Q-Learning,V5,"(17, 30)",9.979247417233815,True,14.333333333333336,2.0
29,Q-Learning,V6,"(29, 97)",32.058809912865705,True,8.941190087134295,3.0
29,Q-Learning,V7,"(12, 64)",13.824047919677021,True,18.162087220725546,1.0
29,Q-Learning,V8,"(27, 73)",18.48706516850062,True,19.506780927261886,1.0
29,Q-Learning,V9,"(68, 20)",29.242257252946352,True,0.7577427470536477,4.0
29,Q-Learning,V10,"(9, 36)",62.75,True,0.0,1.0
30,Greedy,V1,"(62, 49)",41.99127064370539,True,17.07303172464098,1.0
30,Greedy,V2,"(10, 66)",4.017754646268713,True,18.382245353731285,1.0
30,Greedy,V3,"(61, 6)",43.581883994891726,True,12.414213562373096,1.0
30,Greedy,V4,"(71, 92)",20.944527249663242,True,18.0356688476182,1.0
30,Greedy,V5,"(41, 59)",7.118979850187529,True,15.547686816479143,1.0
30,Greedy,V6,"(14, 69)",15.255426389567802,True,23.488624600025034,1.0
30,Greedy,V7,"(42, 30)",13.871756408729723,True,17.114378731672844,1.0
30,Greedy,V8,"(4, 87)",35.00824177381416,True,0.9917582261858371,1.0
30,Greedy,V9,"(58, 83)",17.420603842585635,True,8.579396157414365,1.0
30,Greedy,V10,"(4, 24)",29.568372863601923,True,32.28244019827366,1.0
30,Auction,V1,"(17, 30)",50.07435421827881,True,9.44796765716811,1.0
30,Auction,V2,"(9, 36)",20.996667592078545,True,1.0033324079214552,1.0
30,Auction,V3,"(69, 14)",46.2830952034004,True,8.760345316287278,1.0
30,Auction,V4,"(64, 95)",20.71745439748449,True,18.26274169979695,1.0
30,Auction,V5,"(27, 73)",10.539973729475033,True,11.772607021092117,1.0
30,Auction,V6,"(45, 7)",34.670473174376625,True,3.3295268256233754,1.0
30,Auction,V7,"(25, 39)",23.65280180706923,True,7.333333333333336,1.0
30,Auction,V8,"(3, 88)",11.860730648297444,True,25.133115447465062,1.0
30,Auction,V9,"(29, 97)",21.55950312475815,True,4.440496875241848,1.0
30,Auction,V10,"(12, 64)",42.33267850903709,True,19.518134552838497,1.0
30,Q-Learning,V1,"(3, 88)",34.17560528024028,True,26.346716595206637,2.0
30,Q-Learning,V2,"(45, 7)",22.279941691086,True,2.7200583089139982,4.0
30,Q-Learning,V3,"(69, 14)",36.31364346672273,True,19.914658342969666,2.0
30,Q-Learning,V4,"(64, 95)",20.71745439748449,True,18.26274169979695,1.0
30,Q-Learning,V5,"(17, 30)",9.979247417233815,True,13.333333333333336,2.0
30,Q-Learning,V6,"(29, 97)",32.058809912865705,True,7.941190087134295,3.0
30,Q-Learning,V7,"(12, 64)",13.824047919677021,True,17.162087220725546,1.0
30,Q-Learning,V8,"(27, 73)",18.48706516850062,True,18.506780927261886,1.0
30,Q-Learning,V9,"(68, 20)",29.242257252946352,True,0.0,4.0
30,Q-Learning,V10,"(25, 39)",48.68029485097507,True,13.069705149024927,1.0
31,Greedy,V1,"(62, 49)",41.99127064370539,True,16.07303172464098,1.0
31,Greedy,V2,"(10, 66)",4.017754646268713,True,17.382245353731285,1.0
31,Greedy,V3,"(61, 6)",43.581883994891726,True,11.414213562373096,1.0
31,Greedy,V4,"(71, 92)",20.944527249663242,True,17.0356688476182,1.0
31,Greedy,V5,"(41, 59)",7.118979850187529,True,14.547686816479143,1.0
31,Greedy,V6,"(14, 69)",15.255426389567802,True,22.488624600025034,1.0
31,Greedy,V7,"(42, 30)",13.871756408729723,True,16.114378731672844,1.0
31,Greedy,V8,"(4, 87)",35.00824177381416,True,0.0,1.0
31,Greedy,V9,"(58, 83)",17.420603842585635,True,7.579396157414365,1.0
31,Greedy,V10,"(4, 24)",29.568372863601923,True,31.28244019827366,1.0
31,Auction,V1,"(17, 30)",50.07435421827881,True,8.44796765716811,1.0
31,Auction,V2,"(9, 36)",20.996667592078545,True,0.0033324079214551716,1.0
31,Auction,V3,"(69, 14)",46.2830952034004,True,7.760345316287278,1.0
31,Auction,V4,"(64, 95)",20.71745439748449,True,17.26274169979695,1.0
31,Auction,V5,"(27, 73)",10.539973729475033,True,10.772607021092117,1.0
31,Auction,V6,"(45, 7)",34.670473174376625,True,2.3295268256233754,1.0
31,Auction,V7,"(25, 39)",23.65280180706923,True,6.333333333333336,1.0
31,Auction,V8,"(3, 88)",11.860730648297444,True,24.133115447465062,1.0
31,Auction,V9,"(29, 97)",21.55950312475815,True,3.4404968752418483,1.0
31,Auction,V10,"(12, 64)",42.33267850903709,True,18.518134552838497,1.0
31,Q-Learning,V1,"(3, 88)",34.17560528024028,True,25.346716595206637,2.0
31,Q-Learning,V2,"(45, 7)",22.279941691086,True,1.7200583089139982,4.0
31,Q-Learning,V3,"(69, 14)",36.31364346672273,True,18.914658342969666,2.0
31,Q-Learning,V4,"(64, 95)",20.71745439748449,True,17.26274169979695,1.0
31,Q-Learning,V5,"(17, 30)",9.979247417233815,True,12.333333333333336,2.0
31,Q-Learning,V6,"(29, 97)",32.058809912865705,True,6.941190087134295,3.0
31,Q-Learning,V7,"(12, 64)",13.824047919677021,True,16.162087220725546,1.0
31,Q-Learning,V8,"(27, 73)",18.48706516850062,True,17.506780927261886,1.0
31,Q-Learning,V9,"(65, 12)",4.533456503882846,True,23.708800749063506,4.0
31,Q-Learning,V10,"(25, 39)",48.68029485097507,True,12.069705149024927,1.0
32,Greedy,V1,"(62, 49)",41.99127064370539,True,15.07303172464098,1.0
32,Greedy,V2,"(10, 66)",4.017754646268713,True,16.382245353731285,1.0
32,Greedy,V3,"(61, 6)",43.581883994891726,True,10.414213562373096,1.0
32,Greedy,V4,"(71, 92)",20.944527249663242,True,16.0356688476182,1.0
32,Greedy,V5,"(41, 59)",7.118979850187529,True,13.547686816479143,1.0
32,Greedy,V6,"(14, 69)",15.255426389567802,True,21.488624600025034,1.0
32,Greedy,V7,"(42, 30)",13.871756408729723,True,15.114378731672844,1.0
32,Greedy,V8,"(4, 87)",3.7944771566751427,True,30.21376461713902,1.0
32,Greedy,V9,"(58, 83)",17.420603842585635,True,6.579396157414365,1.0
32,Greedy,V10,"(4, 24)",29.568372863601923,True,30.28244019827366,1.0
32,Auction,V1,"(17, 30)",50.07435421827881,True,7.44796765716811,1.0
32,Auction,V2,"(9, 36)",20.996667592078545,True,0.0,1.0
32,Auction,V3,"(69, 14)",46.2830952034004,True,6.760345316287278,1.0
32,Auction,V4,"(64, 95)",20.71745439748449,True,16.26274169979695,1.0
32,Auction,V5,"(27, 73)",10.539973729475033,True,9.772607021092117,1.0
32,Auction,V6,"(45, 7)",34.670473174376625,True,1.3295268256233754,1.0
32,Auction,V7,"(25, 39)",23.65280180706923,True,5.333333333333336,1.0
32,Auction,V8,"(3, 88)",11.860730648297444,True,23.133115447465062,1.0
32,Auction,V9,"(29, 97)",21.55950312475815,True,2.4404968752418483,1.0
32,Auction,V10,"(12, 64)",42.33267850903709,True,17.518134552838497,1.0
32,Q-Learning,V1,"(3, 88)",34.17560528024028,True,24.346716595206637,2.0
32,Q-Learning,V2,"(45, 7)",22.279941691086,True,0.7200583089139982,4.0
32,Q-Learning,V3,"(69, 14)",36.31364346672273,True,17.914658342969666,2.0
32,Q-Learning,V4,"(64, 95)",20.71745439748449,True,16.26274169979695,1.0
32,Q-Learning,V5,"(17, 30)",9.979247417233815,True,11.333333333333336,2.0
32,Q-Learning,V6,"(29, 97)",32.058809912865705,True,5.941190087134295,3.0
32,Q-Learning,V7,"(12, 64)",13.824047919677021,True,15.162087220725546,1.0
32,Q-Learning,V8,"(27, 73)",18.48706516850062,True,16.506780927261886,1.0
32,Q-Learning,V9,"(65, 12)",4.533456503882846,True,22.708800749063506,4.0
32,Q-Learning,V10,"(25, 39)",48.68029485097507,True,11.069705149024927,1.0
33,Greedy,V1,"(62, 49)",41.99127064370539,True,14.07303172464098,1.0
33,Greedy,V2,"(10, 66)",4.017754646268713,True,15.382245353731285,1.0
33,Greedy,V3,"(61, 6)",43.581883994891726,True,9.414213562373096,1.0
33,Greedy,V4,"(71, 92)",20.944527249663242,True,15.0356688476182,1.0
33,Greedy,V5,"(41, 59)",7.118979850187529,True,12.547686816479143,1.0
33,Greedy,V6,"(14, 69)",15.255426389567802,True,20.488624600025034,1.0
33,Greedy,V7,"(42, 30)",13.871756408729723,True,14.114378731672844,1.0
33,Greedy,V8,"(4, 87)",3.7944771566751427,True,29.21376461713902,1.0
33,Greedy,V9,"(58, 83)",17.420603842585635,True,5.579396157414365,1.0
33,Greedy,V10,"(4, 24)",29.568372863601923,True,29.28244019827366,1.0
33,Auction,V1,"(17, 30)",50.07435421827881,True,6.44796765716811,1.0
33,Auction,V2,"(63, 34)",0.189262723193508,True,19.807404868885037,1.0
33,Auction,V3,"(69, 14)",46.2830952034004,True,5.760345316287278,1.0
33,Auction,V4,"(64, 95)",20.71745439748449,True,15.262741699796951,1.0
33,Auction,V5,"(27, 73)",10.539973729475033,True,8.772607021092117,1.0
33,Auction,V6,"(45, 7)",34.670473174376625,True,0.32952682562337543,1.0
33,Auction,V7,"(25, 39)",23.65280180706923,True,4.333333333333336,1.0
33,Auction,V8,"(3, 88)",11.860730648297444,True,22.133115447465062,1.0
33,Auction,V9,"(29, 97)",21.55950312475815,True,1.4404968752418483,1.0
33,Auction,V10,"(12, 64)",42.33267850903709,True,16.518134552838497,1.0
33,Q-Learning,V1,"(3, 88)",34.17560528024028,True,23.346716595206637,2.0
33,Q-Learning,V2,"(45, 7)",22.279941691086,True,0.0,4.0
33,Q-Learning,V3,"(69, 14)",36.31364346672273,True,16.914658342969666,2.0
33,Q-Learning,V4,"(64, 95)",20.71745439748449,True,15.262741699796951,1.0
33,Q-Learning,V5,"(17, 30)",9.979247417233815,True,10.333333333333336,2.0
33,Q-Learning,V6,"(29, 97)",32.058809912865705,True,4.941190087134295,3.0
33,Q-Learning,V7,"(12, 64)",13.824047919677021,True,14.162087220725546,1.0
33,Q-Learning,V8,"(27, 73)",18.48706516850062,True,15.506780927261886,1.0
33,Q-Learning,V9,"(65, 12)",4.533456503882846,True,21.708800749063506,4.0
33,Q-Learning,V10,"(25, 39)",48.68029485097507,True,10.069705149024927,1.0
34,Greedy,V1,"(62, 49)",41.99127064370539,True,13.07303172464098,1.0
34,Greedy,V2,"(10, 66)",4.017754646268713,True,14.382245353731285,1.0
34,Greedy,V3,"(61, 6)",43.581883994891726,True,8.414213562373096,1.0
34,Greedy,V4,"(71, 92)",20.944527249663242,True,14.0356688476182,1.0
34,Greedy,V5,"(41, 59)",7.118979850187529,True,11.547686816479143,1.0
34,Greedy,V6,"(14, 69)",15.255426389567802,True,19.488624600025034,1.0
34,Greedy,V7,"(42, 30)",13.871756408729723,True,13.114378731672844,1.0
34,Greedy,V8,"(4, 87)",3.7944771566751427,True,28.21376461713902,1.0
34,Greedy,V9,"(58, 83)",17.420603842585635,True,4.579396157414365,1.0
34,Greedy,V10,"(4, 24)",29.568372863601923,True,28.28244019827366,1.0
34,Auction,V1,"(17, 30)",50.07435421827881,True,5.44796765716811,1.0
34,Auction,V2,"(63, 34)",0.189262723193508,True,18.807404868885037,1.0
34,Auction,V3,"(69, 14)",46.2830952034004,True,4.760345316287278,1.0
34,Auction,V4,"(64, 95)",20.71745439748449,True,14.262741699796951,1.0
34,Auction,V5,"(27, 73)",10.539973729475033,True,7.772607021092117,1.0
34,Auction,V6,"(45, 7)",34.670473174376625,True,0.0,1.0
34,Auction,V7,"(25, 39)",23.65280180706923,True,3.3333333333333357,1.0
34,Auction,V8,"(3, 88)",11.860730648297444,True,21.133115447465062,1.0
34,Auction,V9,"(29, 97)",21.55950312475815,True,0.44049687524184833,1.0
34,Auction,V10,"(12, 64)",42.33267850903709,True,15.518134552838497,1.0
34,Q-Learning,V1,"(3, 88)",34.17560528024028,True,22.346716595206637,2.0
34,Q-Learning,V2,"(63, 34)",5.789949395250822,True,15.48999229583518,4.0
34,Q-Learning,V3,"(69, 14)",36.31364346672273,True,15.914658342969666,2.0
34,Q-Learning,V4,"(64, 95)",20.71745439748449,True,14.262741699796951,1.0
34,Q-Learning,V5,"(17, 30)",9.979247417233815,True,9.333333333333336,2.0
34,Q-Learning,V6,"(29, 97)",32.058809912865705,True,3.941190087134295,3.0
34,Q-Learning,V7,"(12, 64)",13.824047919677021,True,13.162087220725546,1.0
34,Q-Learning,V8,"(27, 73)",18.48706516850062,True,14.506780927261886,1.0
34,Q-Learning,V9,"(65, 12)",4.533456503882846,True,20.708800749063506,4.0
34,Q-Learning,V10,"(25, 39)",48.68029485097507,True,9.069705149024927,1.0
35,Greedy,V1,"(62, 49)",41.99127064370539,True,12.07303172464098,1.0
35,Greedy,V2,"(10, 66)",4.017754646268713,True,13.382245353731285,1.0
35,Greedy,V3,"(61, 6)",43.581883994891726,True,7.414213562373096,1.0
35,Greedy,V4,"(71, 92)",20.944527249663242,True,13.0356688476182,1.0
35,Greedy,V5,"(41, 59)",7.118979850187529,True,10.547686816479143,1.0
35,Greedy,V6,"(14, 69)",15.255426389567802,True,18.488624600025034,1.0
35,Greedy,V7,"(42, 30)",13.871756408729723,True,12.114378731672844,1.0
35,Greedy,V8,"(4, 87)",3.7944771566751427,True,27.21376461713902,1.0
35,Greedy,V9,"(58, 83)",17.420603842585635,True,3.579396157414365,1.0
35,Greedy,V10,"(4, 24)",29.568372863601923,True,27.28244019827366,1.0
35,Auction,V1,"(17, 30)",50.07435421827881,True,4.44796765716811,1.0
35,Auction,V2,"(63, 34)",0.189262723193508,True,17.807404868885037,1.0
35,Auction,V3,"(69, 14)",46.2830952034004,True,3.760345316287278,1.0
35,Auction,V4,"(64, 95)",20.71745439748449,True,13.262741699796951,1.0
35,Auction,V5,"(27, 73)",10.539973729475033,True,6.772607021092117,1.0
35,Auction,V6,"(65, 12)",6.5165911423545495,True,27.153882032022075,1.0
35,Auction,V7,"(25, 39)",23.65280180706923,True,2.3333333333333357,1.0
35,Auction,V8,"(3, 88)",11.860730648297444,True,20.133115447465062,1.0
35,Auction,V9,"(29, 97)",21.55950312475815,True,0.0,1.0
35,Auction,V10,"(12, 64)",42.33267850903709,True,14.518134552838497,1.0
35,Q-Learning,V1,"(3, 88)",34.17560528024028,True,21.346716595206637,2.0
35,Q-Learning,V2,"(63, 34)",5.789949395250822,True,14.48999229583518,4.0
35,Q-Learning,V3,"(69, 14)",36.31364346672273,True,14.914658342969666,2.0
35,Q-Learning,V4,"(64, 95)",20.71745439748449,True,13.262741699796951,1.0
35,Q-Learning,V5,"(17, 30)",9.979247417233815,True,8.333333333333336,2.0
35,Q-Learning,V6,"(29, 97)",32.058809912865705,True,2.941190087134295,3.0
35,Q-Learning,V7,"(12, 64)",13.824047919677021,True,12.162087220725546,1.0
35,Q-Learning,V8,"(27, 73)",18.48706516850062,True,13.506780927261886,1.0
35,Q-Learning,V9,"(65, 12)",4.533456503882846,True,19.708800749063506,4.0
35,Q-Learning,V10,"(25, 39)",48.68029485097507,True,8.069705149024927,1.0
36,Greedy,V1,"(62, 49)",41.99127064370539,True,11.07303172464098,1.0
36,Greedy,V2,"(10, 66)",4.017754646268713,True,12.382245353731285,1.0
36,Greedy,V3,"(61, 6)",43.581883994891726,True,6.414213562373096,1.0
36,Greedy,V4,"(71, 92)",20.944527249663242,True,12.0356688476182,1.0
36,Greedy,V5,"(41, 59)",7.118979850187529,True,9.547686816479143,1.0
36,Greedy,V6,"(14, 69)",15.255426389567802,True,17.488624600025034,1.0
36,Greedy,V7,"(42, 30)",13.871756408729723,True,11.114378731672844,1.0
36,Greedy,V8,"(4, 87)",3.7944771566751427,True,26.21376461713902,1.0
36,Greedy,V9,"(58, 83)",17.420603842585635,True,2.579396157414365,1.0
36,Greedy,V10,"(4, 24)",29.568372863601923,True,26.28244019827366,1.0
36,Auction,V1,"(17, 30)",50.07435421827881,True,3.4479676571681104,1.0
36,Auction,V2,"(63, 34)",0.189262723193508,True,16.807404868885037,1.0
36,Auction,V3,"(69, 14)",46.2830952034004,True,2.760345316287278,1.0
36,Auction,V4,"(64, 95)",20.71745439748449,True,12.262741699796951,1.0
36,Auction,V5,"(27, 73)",10.539973729475033,True,5.772607021092117,1.0
36,Auction,V6,"(65, 12)",6.5165911423545495,True,26.153882032022075,1.0
36,Auction,V7,"(25, 39)",23.65280180706923,True,1.3333333333333357,1.0
36,Auction,V8,"(3, 88)",11.860730648297444,True,19.133115447465062,1.0
36,Auction,V9,"(29, 97)",21.55950312475815,False,0.0,2.0
36,Auction,V10,"(12, 64)",42.33267850903709,True,13.518134552838497,1.0
36,Q-Learning,V1,"(3, 88)",34.17560528024028,True,20.346716595206637,2.0
36,Q-Learning,V2,"(63, 34)",5.789949395250822,True,13.48999229583518,4.0
36,Q-Learning,V3,"(69, 14)",36.31364346672273,True,13.914658342969666,2.0
36,Q-Learning,V4,"(64, 95)",20.71745439748449,True,12.262741699796951,1.0
36,Q-Learning,V5,"(17, 30)",9.979247417233815,True,7.333333333333336,2.0
36,Q-Learning,V6,"(29, 97)",32.058809912865705,True,1.941190087134295,3.0
36,Q-Learning,V7,"(12, 64)",13.824047919677021,True,11.162087220725546,1.0
36,Q-Learning,V8,"(27, 73)",18.48706516850062,True,12.506780927261886,1.0
36,Q-Learning,V9,"(65, 12)",4.533456503882846,True,18.708800749063506,4.0
36,Q-Learning,V10,"(25, 39)",48.68029485097507,True,7.0697051490249265,1.0
37,Greedy,V1,"(62, 49)",41.99127064370539,True,10.07303172464098,1.0
37,Greedy,V2,"(10, 66)",4.017754646268713,True,11.382245353731285,1.0
37,Greedy,V3,"(61, 6)",43.581883994891726,True,5.414213562373096,1.0
37,Greedy,V4,"(71, 92)",20.944527249663242,True,11.0356688476182,1.0
37,Greedy,V5,"(41, 59)",7.118979850187529,True,8.547686816479143,1.0
37,Greedy,V6,"(14, 69)",15.255426389567802,True,16.488624600025034,1.0
37,Greedy,V7,"(42, 30)",13.871756408729723,True,10.114378731672844,1.0
37,Greedy,V8,"(4, 87)",3.7944771566751427,True,25.21376461713902,1.0
37,Greedy,V9,"(58, 83)",17.420603842585635,True,1.5793961574143651,1.0
37,Greedy,V10,"(4, 24)",29.568372863601923,True,25.28244019827366,1.0
37,Auction,V1,"(17, 30)",50.07435421827881,True,2.4479676571681104,1.0
37,Auction,V2,"(63, 34)",0.189262723193508,True,15.807404868885037,1.0
37,Auction,V3,"(69, 14)",46.2830952034004,True,1.7603453162872782,1.0
37,Auction,V4,"(64, 95)",20.71745439748449,True,11.262741699796951,1.0
37,Auction,V5,"(27, 73)",10.539973729475033,True,4.772607021092117,1.0
37,Auction,V6,"(65, 12)",6.5165911423545495,True,25.153882032022075,1.0
37,Auction,V7,"(25, 39)",23.65280180706923,True,0.3333333333333357,1.0
37,Auction,V8,"(3, 88)",11.860730648297444,True,18.133115447465062,1.0
37,Auction,V9,"(29, 97)",21.55950312475815,False,0.0,3.0
37,Auction,V10,"(12, 64)",42.33267850903709,True,12.518134552838497,1.0
37,Q-Learning,V1,"(3, 88)",34.17560528024028,True,19.346716595206637,2.0
37,Q-Learning,V2,"(63, 34)",5.789949395250822,True,12.48999229583518,4.0
37,Q-Learning,V3,"(69, 14)",36.31364346672273,True,12.914658342969666,2.0
37,Q-Learning,V4,"(64, 95)",20.71745439748449,True,11.262741699796951,1.0
37,Q-Learning,V5,"(17, 30)",9.979247417233815,True,6.333333333333336,2.0
37,Q-Learning,V6,"(29, 97)",32.058809912865705,True,0.9411900871342951,3.0
37,Q-Learning,V7,"(12, 64)",13.824047919677021,True,10.162087220725546,1.0
37,Q-Learning,V8,"(27, 73)",18.48706516850062,True,11.506780927261886,1.0
37,Q-Learning,V9,"(65, 12)",4.533456503882846,True,17.708800749063506,4.0
37,Q-Learning,V10,"(25, 39)",48.68029485097507,True,6.0697051490249265,1.0
38,Greedy,V1,"(62, 49)",41.99127064370539,True,9.07303172464098,1.0
38,Greedy,V2,"(10, 66)",4.017754646268713,True,10.382245353731285,1.0
38,Greedy,V3,"(61, 6)",43.581883994891726,True,4.414213562373096,1.0
38,Greedy,V4,"(71, 92)",20.944527249663242,True,10.0356688476182,1.0
38,Greedy,V5,"(41, 59)",7.118979850187529,True,7.547686816479143,1.0
38,Greedy,V6,"(14, 69)",15.255426389567802,True,15.488624600025034,1.0
38,Greedy,V7,"(42, 30)",13.871756408729723,True,9.114378731672844,1.0
38,Greedy,V8,"(4, 87)",3.7944771566751427,True,24.21376461713902,1.0
38,Greedy,V9,"(58, 83)",17.420603842585635,True,0.5793961574143651,1.0
38,Greedy,V10,"(4, 24)",29.568372863601923,True,24.28244019827366,1.0
38,Auction,V1,"(17, 30)",50.07435421827881,True,1.4479676571681104,1.0
38,Auction,V2,"(63, 34)",0.189262723193508,True,14.807404868885037,1.0
38,Auction,V3,"(69, 14)",46.2830952034004,True,0.7603453162872782,1.0
38,Auction,V4,"(64, 95)",20.71745439748449,True,10.262741699796951,1.0
38,Auction,V5,"(27, 73)",10.539973729475033,True,3.772607021092117,1.0
38,Auction,V6,"(65, 12)",6.5165911423545495,True,24.153882032022075,1.0
38,Auction,V7,"(25, 39)",23.65280180706923,True,0.0,1.0
38,Auction,V8,"(3, 88)",11.860730648297444,True,17.133115447465062,1.0
38,Auction,V9,"(29, 97)",21.55950312475815,False,0.0,4.0
38,Auction,V10,"(12, 64)",42.33267850903709,True,11.518134552838497,1.0
38,Q-Learning,V1,"(3, 88)",34.17560528024028,True,18.346716595206637,2.0
38,Q-Learning,V2,"(63, 34)",5.789949395250822,True,11.48999229583518,4.0
38,Q-Learning,V3,"(69, 14)",36.31364346672273,True,11.914658342969666,2.0
38,Q-Learning,V4,"(64, 95)",20.71745439748449,True,10.262741699796951,1.0
38,Q-Learning,V5,"(17, 30)",9.979247417233815,True,5.333333333333336,2.0
38,Q-Learning,V6,"(29, 97)",32.058809912865705,True,0.0,3.0
38,Q-Learning,V7,"(12, 64)",13.824047919677021,True,9.162087220725546,1.0
38,Q-Learning,V8,"(27, 73)",18.48706516850062,True,10.506780927261886,1.0
38,Q-Learning,V9,"(65, 12)",4.533456503882846,True,16.708800749063506,4.0
38,Q-Learning,V10,"(25, 39)",48.68029485097507,True,5.0697051490249265,1.0
39,Greedy,V1,"(62, 49)",41.99127064370539,True,8.07303172464098,1.0
39,Greedy,V2,"(10, 66)",4.017754646268713,True,9.382245353731285,1.0
39,Greedy,V3,"(61, 6)",43.581883994891726,True,3.414213562373096,1.0
39,Greedy,V4,"(71, 92)",20.944527249663242,True,9.0356688476182,1.0
39,Greedy,V5,"(41, 59)",7.118979850187529,True,6.547686816479143,1.0
39,Greedy,V6,"(14, 69)",15.255426389567802,True,14.488624600025034,1.0
39,Greedy,V7,"(42, 30)",13.871756408729723,True,8.114378731672844,1.0
39,Greedy,V8,"(4, 87)",3.7944771566751427,True,23.21376461713902,1.0
39,Greedy,V9,"(58, 83)",17.420603842585635,True,0.0,1.0
39,Greedy,V10,"(4, 24)",29.568372863601923,True,23.28244019827366,1.0
39,Auction,V1,"(17, 30)",50.07435421827881,True,0.4479676571681104,1.0
39,Auction,V2,"(63, 34)",0.189262723193508,True,13.807404868885037,1.0
39,Auction,V3,"(69, 14)",46.2830952034004,True,0.0,1.0
39,Auction,V4,"(64, 95)",20.71745439748449,True,9.262741699796951,1.0
39,Auction,V5,"(27, 73)",10.539973729475033,True,2.772607021092117,1.0
39,Auction,V6,"(65, 12)",6.5165911423545495,True,23.153882032022075,1.0
39,Auction,V7,"(25, 39)",23.65280180706923,False,0.0,2.0
39,Auction,V8,"(3, 88)",11.860730648297444,True,16.133115447465062,1.0
39,Auction,V9,"(29, 97)",21.55950312475815,False,0.0,5.0
39,Auction,V10,"(12, 64)",42.33267850903709,True,10.518134552838497,1.0
39,Q-Learning,V1,"(3, 88)",34.17560528024028,True,17.346716595206637,2.0
39,Q-Learning,V2,"(63, 34)",5.789949395250822,True,10.48999229583518,4.0
39,Q-Learning,V3,"(69, 14)",36.31364346672273,True,10.914658342969666,2.0
39,Q-Learning,V4,"(64, 95)",20.71745439748449,True,9.262741699796951,1.0
39,Q-Learning,V5,"(17, 30)",9.979247417233815,True,4.333333333333336,2.0
39,Q-Learning,V6,"(22, 99)",8.238782440545574,True,22.82002747232013,3.0
39,Q-Learning,V7,"(12, 64)",13.824047919677021,True,8.162087220725546,1.0
39,Q-Learning,V8,"(27, 73)",18.48706516850062,True,9.506780927261886,1.0
39,Q-Learning,V9,"(65, 12)",4.533456503882846,True,15.708800749063506,4.0
39,Q-Learning,V10,"(25, 39)",48.68029485097507,True,4.0697051490249265,1.0
40,Greedy,V1,"(62, 49)",41.99127064370539,True,7.07303172464098,1.0
40,Greedy,V2,"(10, 66)",4.017754646268713,True,8.382245353731285,1.0
40,Greedy,V3,"(61, 6)",43.581883994891726,True,2.414213562373096,1.0
40,Greedy,V4,"(71, 92)",20.944527249663242,True,8.0356688476182,1.0
40,Greedy,V5,"(41, 59)",7.118979850187529,True,5.547686816479143,1.0
40,Greedy,V6,"(14, 69)",15.255426389567802,True,13.488624600025034,1.0
40,Greedy,V7,"(42, 30)",13.871756408729723,True,7.1143787316728435,1.0
40,Greedy,V8,"(4, 87)",3.7944771566751427,True,22.21376461713902,1.0
40,Greedy,V9,"(58, 83)",1.7743661571883926,True,14.646237685397242,1.0
40,Greedy,V10,"(4, 24)",29.568372863601923,True,22.28244019827366,1.0
40,Auction,V1,"(17, 30)",50.07435421827881,True,0.0,1.0
40,Auction,V2,"(63, 34)",0.189262723193508,True,12.807404868885037,1.0
40,Auction,V3,"(97, 10)",19.747561297467662,True,25.535533905932738,1.0
40,Auction,V4,"(64, 95)",20.71745439748449,True,8.262741699796951,1.0
40,Auction,V5,"(27, 73)",10.539973729475033,True,1.7726070210921172,1.0
40,Auction,V6,"(65, 12)",6.5165911423545495,True,22.153882032022075,1.0
40,Auction,V7,"(25, 39)",23.65280180706923,False,0.0,3.0
40,Auction,V8,"(3, 88)",11.860730648297444,True,15.133115447465062,1.0
40,Auction,V9,"(29, 97)",21.55950312475815,False,0.0,6.0
40,Auction,V10,"(12, 64)",42.33267850903709,True,9.518134552838497,1.0
40,Q-Learning,V1,"(3, 88)",34.17560528024028,True,16.346716595206637,2.0
40,Q-Learning,V2,"(63, 34)",5.789949395250822,True,9.48999229583518,4.0
40,Q-Learning,V3,"(69, 14)",36.31364346672273,True,9.914658342969666,2.0
40,Q-Learning,V4,"(64, 95)",20.71745439748449,True,8.262741699796951,1.0
40,Q-Learning,V5,"(17, 30)",9.979247417233815,True,3.3333333333333357,2.0
40,Q-Learning,V6,"(22, 99)",8.238782440545574,True,21.82002747232013,3.0
40,Q-Learning,V7,"(12, 64)",13.824047919677021,True,7.162087220725546,1.0
40,Q-Learning,V8,"(27, 73)",18.48706516850062,True,8.506780927261886,1.0
40,Q-Learning,V9,"(65, 12)",4.533456503882846,True,14.708800749063506,4.0
40,Q-Learning,V10,"(25, 39)",48.68029485097507,True,3.0697051490249265,1.0
41,Greedy,V1,"(62, 49)",41.99127064370539,True,6.07303172464098,1.0
41,Greedy,V2,"(10, 66)",4.017754646268713,True,7.382245353731285,1.0
41,Greedy,V3,"(61, 6)",43.581883994891726,True,1.4142135623730958,1.0
41,Greedy,V4,"(71, 92)",20.944527249663242,True,7.035668847618201,1.0
41,Greedy,V5,"(41, 59)",7.118979850187529,True,4.547686816479143,1.0
41,Greedy,V6,"(14, 69)",15.255426389567802,True,12.488624600025034,1.0
41,Greedy,V7,"(42, 30)",13.871756408729723,True,6.1143787316728435,1.0
41,Greedy,V8,"(4, 87)",3.7944771566751427,True,21.21376461713902,1.0
41,Greedy,V9,"(58, 83)",1.7743661571883926,True,13.646237685397242,1.0
41,Greedy,V10,"(4, 24)",29.568372863601923,True,21.28244019827366,1.0
41,Auction,V1,"(51, 32)",14.397892096303345,True,34.67646212197547,1.0
41,Auction,V2,"(63, 34)",0.189262723193508,True,11.807404868885037,1.0
41,Auction,V3,"(97, 10)",19.747561297467662,True,24.535533905932738,1.0
41,Auction,V4,"(64, 95)",20.71745439748449,True,7.262741699796951,1.0
41,Auction,V5,"(27, 73)",10.539973729475033,True,0.7726070210921172,1.0
41,Auction,V6,"(65, 12)",6.5165911423545495,True,21.153882032022075,1.0
41,Auction,V7,"(25, 39)",23.65280180706923,False,0.0,4.0
41,Auction,V8,"(3, 88)",11.860730648297444,True,14.133115447465062,1.0
41,Auction,V9,"(29, 97)",21.55950312475815,False,0.0,7.0
41,Auction,V10,"(12, 64)",42.33267850903709,True,8.518134552838497,1.0
41,Q-Learning,V1,"(3, 88)",34.17560528024028,True,15.346716595206637,2.0
41,Q-Learning,V2,"(63, 34)",5.789949395250822,True,8.48999229583518,4.0
41,Q-Learning,V3,"(69, 14)",36.31364346672273,True,8.914658342969666,2.0
41,Q-Learning,V4,"(64, 95)",20.71745439748449,True,7.262741699796951,1.0
41,Q-Learning,V5,"(17, 30)",9.979247417233815,True,2.3333333333333357,2.0
41,Q-Learning,V6,"(22, 99)",8.238782440545574,True,20.82002747232013,3.0
41,Q-Learning,V7,"(12, 64)",13.824047919677021,True,6.162087220725546,1.0
41,Q-Learning,V8,"(27, 73)",18.48706516850062,True,7.506780927261886,1.0
41,Q-Learning,V9,"(65, 12)",4.533456503882846,True,13.708800749063506,4.0
41,Q-Learning,V10,"(25, 39)",48.68029485097507,True,2.0697051490249265,1.0
42,Greedy,V1,"(62, 49)",41.99127064370539,True,5.07303172464098,1.0
42,Greedy,V2,"(10, 66)",4.017754646268713,True,6.382245353731285,1.0
42,Greedy,V3,"(61, 6)",43.581883994891726,True,0.4142135623730958,1.0
42,Greedy,V4,"(71, 92)",20.944527249663242,True,6.035668847618201,1.0
42,Greedy,V5,"(41, 59)",7.118979850187529,True,3.5476868164791426,1.0
42,Greedy,V6,"(14, 69)",15.255426389567802,True,11.488624600025034,1.0
42,Greedy,V7,"(42, 30)",13.871756408729723,True,5.1143787316728435,1.0
42,Greedy,V8,"(4, 87)",3.7944771566751427,True,20.21376461713902,1.0
42,Greedy,V9,"(58, 83)",1.7743661571883926,True,12.646237685397242,1.0
42,Greedy,V10,"(4, 24)",29.568372863601923,True,20.28244019827366,1.0
42,Auction,V1,"(51, 32)",14.397892096303345,True,33.67646212197547,1.0
42,Auction,V2,"(63, 34)",0.189262723193508,True,10.807404868885037,1.0
42,Auction,V3,"(97, 10)",19.747561297467662,True,23.535533905932738,1.0
42,Auction,V4,"(64, 95)",20.71745439748449,True,6.262741699796951,1.0
42,Auction,V5,"(27, 73)",10.539973729475033,True,0.0,1.0
42,Auction,V6,"(65, 12)",6.5165911423545495,True,20.153882032022075,1.0
42,Auction,V7,"(25, 39)",23.65280180706923,False,0.0,5.0
42,Auction,V8,"(3, 88)",11.860730648297444,True,13.133115447465062,1.0
42,Auction,V9,"(29, 97)",21.55950312475815,False,0.0,8.0
42,Auction,V10,"(12, 64)",42.33267850903709,True,7.518134552838497,1.0
42,Q-Learning,V1,"(3, 88)",34.17560528024028,True,14.346716595206637,2.0
42,Q-Learning,V2,"(63, 34)",5.789949395250822,True,7.4899922958351794,4.0
42,Q-Learning,V3,"(69, 14)",36.31364346672273,True,7.914658342969666,2.0
42,Q-Learning,V4,"(64, 95)",20.71745439748449,True,6.262741699796951,1.0
42,Q-Learning,V5,"(17, 30)",9.979247417233815,True,1.3333333333333357,2.0
42,Q-Learning,V6,"(22, 99)",8.238782440545574,True,19.82002747232013,3.0
42,Q-Learning,V7,"(12, 64)",13.824047919677021,True,5.162087220725546,1.0
42,Q-Learning,V8,"(27, 73)",18.48706516850062,True,6.506780927261886,1.0
42,Q-Learning,V9,"(65, 12)",4.533456503882846,True,12.708800749063506,4.0
42,Q-Learning,V10,"(25, 39)",48.68029485097507,True,1.0697051490249265,1.0
43,Greedy,V1,"(62, 49)",41.99127064370539,True,4.07303172464098,1.0
43,Greedy,V2,"(10, 66)",4.017754646268713,True,5.382245353731285,1.0
43,Greedy,V3,"(61, 6)",43.581883994891726,True,0.0,1.0
43,Greedy,V4,"(71, 92)",20.944527249663242,True,5.035668847618201,1.0
43,Greedy,V5,"(41, 59)",7.118979850187529,True,2.5476868164791426,1.0
43,Greedy,V6,"(14, 69)",15.255426389567802,True,10.488624600025034,1.0
43,Greedy,V7,"(42, 30)",13.871756408729723,True,4.1143787316728435,1.0
43,Greedy,V8,"(4, 87)",3.7944771566751427,True,19.21376461713902,1.0
43,Greedy,V9,"(58, 83)",1.7743661571883926,True,11.646237685397242,1.0
43,Greedy,V10,"(4, 24)",29.568372863601923,True,19.28244019827366,1.0
43,Auction,V1,"(51, 32)",14.397892096303345,True,32.67646212197547,1.0
43,Auction,V2,"(63, 34)",0.189262723193508,True,9.807404868885037,1.0
43,Auction,V3,"(97, 10)",19.747561297467662,True,22.535533905932738,1.0
43,Auction,V4,"(64, 95)",20.71745439748449,True,5.262741699796951,1.0
43,Auction,V5,"(27, 73)",10.539973729475033,False,0.0,2.0
43,Auction,V6,"(65, 12)",6.5165911423545495,True,19.153882032022075,1.0
43,Auction,V7,"(25, 39)",23.65280180706923,False,0.0,6.0
43,Auction,V8,"(3, 88)",11.860730648297444,True,12.133115447465062,1.0
43,Auction,V9,"(29, 97)",21.55950312475815,False,0.0,9.0
43,Auction,V10,"(12, 64)",42.33267850903709,True,6.518134552838497,1.0
43,Q-Learning,V1,"(3, 88)",34.17560528024028,True,13.346716595206637,2.0
43,Q-Learning,V2,"(63, 34)",5.789949395250822,True,6.4899922958351794,4.0
43,Q-Learning,V3,"(69, 14)",36.31364346672273,True,6.914658342969666,2.0
43,Q-Learning,V4,"(64, 95)",20.71745439748449,True,5.262741699796951,1.0
43,Q-Learning,V5,"(17, 30)",9.979247417233815,True,0.3333333333333357,2.0
43,Q-Learning,V6,"(22, 99)",8.238782440545574,True,18.82002747232013,3.0
43,Q-Learning,V7,"(12, 64)",13.824047919677021,True,4.162087220725546,1.0
43,Q-Learning,V8,"(27, 73)",18.48706516850062,True,5.506780927261886,1.0
43,Q-Learning,V9,"(65, 12)",4.533456503882846,True,11.708800749063506,4.0
43,Q-Learning,V10,"(25, 39)",48.68029485097507,True,0.06970514902492653,1.0
44,Greedy,V1,"(62, 49)",41.99127064370539,True,3.0730317246409804,1.0
44,Greedy,V2,"(10, 66)",4.017754646268713,True,4.382245353731285,1.0
44,Greedy,V3,"(61, 6)",16.054191425823017,True,26.52769256906871,1.0
44,Greedy,V4,"(71, 92)",20.944527249663242,True,4.035668847618201,1.0
44,Greedy,V5,"(41, 59)",7.118979850187529,True,1.5476868164791426,1.0
44,Greedy,V6,"(14, 69)",15.255426389567802,True,9.488624600025034,1.0
44,Greedy,V7,"(42, 30)",13.871756408729723,True,3.1143787316728435,1.0
44,Greedy,V8,"(4, 87)",3.7944771566751427,True,18.21376461713902,1.0
44,Greedy,V9,"(58, 83)",1.7743661571883926,True,10.646237685397242,1.0
44,Greedy,V10,"(4, 24)",29.568372863601923,True,18.28244019827366,1.0
44,Auction,V1,"(51, 32)",14.397892096303345,True,31.67646212197547,1.0
44,Auction,V2,"(63, 34)",0.189262723193508,True,8.807404868885037,1.0
44,Auction,V3,"(97, 10)",19.747561297467662,True,21.535533905932738,1.0
44,Auction,V4,"(64, 95)",20.71745439748449,True,4.262741699796951,1.0
44,Auction,V5,"(27, 73)",10.539973729475033,False,0.0,3.0
44,Auction,V6,"(65, 12)",6.5165911423545495,True,18.153882032022075,1.0
44,Auction,V7,"(25, 39)",23.65280180706923,False,0.0,7.0
44,Auction,V8,"(3, 88)",11.860730648297444,True,11.133115447465062,1.0
44,Auction,V9,"(29, 97)",21.55950312475815,False,0.0,10.0
44,Auction,V10,"(12, 64)",42.33267850903709,True,5.518134552838497,1.0
44,Q-Learning,V1,"(3, 88)",34.17560528024028,True,12.346716595206637,2.0
44,Q-Learning,V2,"(63, 34)",5.789949395250822,True,5.4899922958351794,4.0
44,Q-Learning,V3,"(69, 14)",36.31364346672273,True,5.914658342969666,2.0
44,Q-Learning,V4,"(64, 95)",20.71745439748449,True,4.262741699796951,1.0
44,Q-Learning,V5,"(17, 30)",9.979247417233815,True,0.0,2.0
44,Q-Learning,V6,"(22, 99)",8.238782440545574,True,17.82002747232013,3.0
44,Q-Learning,V7,"(12, 64)",13.824047919677021,True,3.162087220725546,1.0
44,Q-Learning,V8,"(27, 73)",18.48706516850062,True,4.506780927261886,1.0
44,Q-Learning,V9,"(65, 12)",4.533456503882846,True,10.708800749063506,4.0
44,Q-Learning,V10,"(25, 39)",48.68029485097507,True,0.0,1.0
45,Greedy,V1,"(62, 49)",41.99127064370539,True,2.0730317246409804,1.0
45,Greedy,V2,"(10, 66)",4.017754646268713,True,3.3822453537312853,1.0
45,Greedy,V3,"(61, 6)",16.054191425823017,True,25.52769256906871,1.0
45,Greedy,V4,"(71, 92)",20.944527249663242,True,3.0356688476182008,1.0
45,Greedy,V5,"(41, 59)",7.118979850187529,True,0.5476868164791426,1.0
45,Greedy,V6,"(14, 69)",15.255426389567802,True,8.488624600025034,1.0
45,Greedy,V7,"(42, 30)",13.871756408729723,True,2.1143787316728435,1.0
45,Greedy,V8,"(4, 87)",3.7944771566751427,True,17.21376461713902,1.0
45,Greedy,V9,"(58, 83)",1.7743661571883926,True,9.646237685397242,1.0
45,Greedy,V10,"(4, 24)",29.568372863601923,True,17.28244019827366,1.0
45,Auction,V1,"(51, 32)",14.397892096303345,True,30.67646212197547,1.0
45,Auction,V2,"(63, 34)",0.189262723193508,True,7.807404868885037,1.0
45,Auction,V3,"(97, 10)",19.747561297467662,True,20.535533905932738,1.0
45,Auction,V4,"(64, 95)",20.71745439748449,True,3.262741699796951,1.0
45,Auction,V5,"(27, 73)",10.539973729475033,False,0.0,4.0
45,Auction,V6,"(65, 12)",6.5165911423545495,True,17.153882032022075,1.0
45,Auction,V7,"(25, 39)",23.65280180706923,False,0.0,8.0
45,Auction,V8,"(3, 88)",11.860730648297444,True,10.133115447465062,1.0
45,Auction,V9,"(29, 97)",21.55950312475815,False,0.0,11.0
45,Auction,V10,"(12, 64)",42.33267850903709,True,4.518134552838497,1.0
45,Q-Learning,V1,"(3, 88)",34.17560528024028,True,11.346716595206637,2.0
45,Q-Learning,V2,"(63, 34)",5.789949395250822,True,4.4899922958351794,4.0
45,Q-Learning,V3,"(69, 14)",36.31364346672273,True,4.914658342969666,2.0
45,Q-Learning,V4,"(64, 95)",20.71745439748449,True,3.262741699796951,1.0
45,Q-Learning,V5,"(17, 30)",9.979247417233815,False,0.0,3.0
45,Q-Learning,V6,"(22, 99)",8.238782440545574,True,16.82002747232013,3.0
45,Q-Learning,V7,"(12, 64)",13.824047919677021,True,2.162087220725546,1.0
45,Q-Learning,V8,"(27, 73)",18.48706516850062,True,3.506780927261886,1.0
45,Q-Learning,V9,"(65, 12)",4.533456503882846,True,9.708800749063506,4.0
45,Q-Learning,V10,"(95, 100)",4.467959768092953,True,43.21233508288212,1.0
46,Greedy,V1,"(62, 49)",41.99127064370539,True,1.0730317246409804,1.0
46,Greedy,V2,"(10, 66)",4.017754646268713,True,2.3822453537312853,1.0
46,Greedy,V3,"(61, 6)",16.054191425823017,True,24.52769256906871,1.0
46,Greedy,V4,"(71, 92)",20.944527249663242,True,2.0356688476182008,1.0
46,Greedy,V5,"(41, 59)",7.118979850187529,True,0.0,1.0
46,Greedy,V6,"(14, 69)",15.255426389567802,True,7.488624600025034,1.0
46,Greedy,V7,"(42, 30)",13.871756408729723,True,1.1143787316728435,1.0
46,Greedy,V8,"(4, 87)",3.7944771566751427,True,16.21376461713902,1.0
46,Greedy,V9,"(58, 83)",1.7743661571883926,True,8.646237685397242,1.0
46,Greedy,V10,"(4, 24)",29.568372863601923,True,16.28244019827366,1.0
46,Auction,V1,"(51, 32)",14.397892096303345,True,29.67646212197547,1.0
46,Auction,V2,"(63, 34)",0.189262723193508,True,6.807404868885037,1.0
46,Auction,V3,"(97, 10)",19.747561297467662,True,19.535533905932738,1.0
46,Auction,V4,"(64, 95)",20.71745439748449,True,2.262741699796951,1.0
46,Auction,V5,"(27, 73)",10.539973729475033,False,0.0,5.0
46,Auction,V6,"(65, 12)",6.5165911423545495,True,16.153882032022075,1.0
46,Auction,V7,"(25, 39)",23.65280180706923,False,0.0,9.0
46,Auction,V8,"(3, 88)",11.860730648297444,True,9.133115447465062,1.0
46,Auction,V9,"(29, 97)",21.55950312475815,False,0.0,12.0
46,Auction,V10,"(12, 64)",42.33267850903709,True,3.5181345528384966,1.0
46,Q-Learning,V1,"(3, 88)",34.17560528024028,True,10.346716595206637,2.0
46,Q-Learning,V2,"(63, 34)",5.789949395250822,True,3.4899922958351794,4.0
46,Q-Learning,V3,"(69, 14)",36.31364346672273,True,3.914658342969666,2.0
46,Q-Learning,V4,"(64, 95)",20.71745439748449,True,2.262741699796951,1.0
46,Q-Learning,V5,"(17, 30)",9.979247417233815,False,0.0,4.0
46,Q-Learning,V6,"(22, 99)",8.238782440545574,True,15.820027472320131,3.0
46,Q-Learning,V7,"(12, 64)",13.824047919677021,True,1.162087220725546,1.0
46,Q-Learning,V8,"(27, 73)",18.48706516850062,True,2.506780927261886,1.0
46,Q-Learning,V9,"(65, 12)",4.533456503882846,True,8.708800749063506,4.0
46,Q-Learning,V10,"(95, 100)",4.467959768092953,True,42.21233508288212,1.0
47,Greedy,V1,"(62, 49)",41.99127064370539,True,0.0730317246409804,1.0
47,Greedy,V2,"(10, 66)",4.017754646268713,True,1.3822453537312853,1.0
47,Greedy,V3,"(61, 6)",16.054191425823017,True,23.52769256906871,1.0
47,Greedy,V4,"(71, 92)",20.944527249663242,True,1.0356688476182008,1.0
47,Greedy,V5,"(41, 59)",7.118979850187529,False,0.0,2.0
47,Greedy,V6,"(14, 69)",15.255426389567802,True,6.488624600025034,1.0
47,Greedy,V7,"(42, 30)",13.871756408729723,True,0.11437873167284351,1.0
47,Greedy,V8,"(4, 87)",3.7944771566751427,True,15.21376461713902,1.0
47,Greedy,V9,"(58, 83)",1.7743661571883926,True,7.646237685397242,1.0
47,Greedy,V10,"(4, 24)",29.568372863601923,True,15.282440198273662,1.0
47,Auction,V1,"(51, 32)",14.397892096303345,True,28.67646212197547,1.0
47,Auction,V2,"(63, 34)",0.189262723193508,True,5.807404868885037,1.0
47,Auction,V3,"(97, 10)",19.747561297467662,True,18.535533905932738,1.0
47,Auction,V4,"(64, 95)",20.71745439748449,True,1.2627416997969512,1.0
47,Auction,V5,"(27, 73)",10.539973729475033,False,0.0,6.0
47,Auction,V6,"(65, 12)",6.5165911423545495,True,15.153882032022075,1.0
47,Auction,V7,"(25, 39)",23.65280180706923,False,0.0,10.0
47,Auction,V8,"(3, 88)",11.860730648297444,True,8.133115447465062,1.0
47,Auction,V9,"(29, 97)",21.55950312475815,False,0.0,13.0
47,Auction,V10,"(12, 64)",42.33267850903709,True,2.5181345528384966,1.0
47,Q-Learning,V1,"(3, 88)",34.17560528024028,True,9.346716595206637,2.0
47,Q-Learning,V2,"(63, 34)",5.789949395250822,True,2.4899922958351794,4.0
47,Q-Learning,V3,"(69, 14)",36.31364346672273,True,2.914658342969666,2.0
47,Q-Learning,V4,"(64, 95)",20.71745439748449,True,1.2627416997969512,1.0
47,Q-Learning,V5,"(17, 30)",9.979247417233815,False,0.0,5.0
47,Q-Learning,V6,"(22, 99)",8.238782440545574,True,14.820027472320131,3.0
47,Q-Learning,V7,"(12, 64)",13.824047919677021,True,0.16208722072554593,1.0
47,Q-Learning,V8,"(27, 73)",18.48706516850062,True,1.506780927261886,1.0
47,Q-Learning,V9,"(65, 12)",4.533456503882846,True,7.708800749063506,4.0
47,Q-Learning,V10,"(95, 100)",4.467959768092953,True,41.21233508288212,1.0
48,Greedy,V1,"(62, 49)",41.99127064370539,True,0.0,1.0
48,Greedy,V2,"(10, 66)",4.017754646268713,True,0.3822453537312853,1.0
48,Greedy,V3,"(61, 6)",16.054191425823017,True,22.52769256906871,1.0
48,Greedy,V4,"(71, 92)",20.944527249663242,True,0.03566884761820077,1.0
48,Greedy,V5,"(41, 59)",7.118979850187529,False,0.0,3.0
48,Greedy,V6,"(14, 69)",15.255426389567802,True,5.488624600025034,1.0
48,Greedy,V7,"(42, 30)",13.871756408729723,True,0.0,1.0
48,Greedy,V8,"(4, 87)",3.7944771566751427,True,14.21376461713902,1.0
48,Greedy,V9,"(58, 83)",1.7743661571883926,True,6.646237685397242,1.0
48,Greedy,V10,"(4, 24)",29.568372863601923,True,14.282440198273662,1.0
48,Auction,V1,"(51, 32)",14.397892096303345,True,27.67646212197547,1.0
48,Auction,V2,"(63, 34)",0.189262723193508,True,4.807404868885037,1.0
48,Auction,V3,"(97, 10)",19.747561297467662,True,17.535533905932738,1.0
48,Auction,V4,"(64, 95)",20.71745439748449,True,0.26274169979695117,1.0
48,Auction,V5,"(27, 73)",10.539973729475033,False,0.0,7.0
48,Auction,V6,"(65, 12)",6.5165911423545495,True,14.153882032022075,1.0
48,Auction,V7,"(25, 39)",23.65280180706923,False,0.0,11.0
48,Auction,V8,"(3, 88)",11.860730648297444,True,7.133115447465062,1.0
48,Auction,V9,"(29, 97)",21.55950312475815,False,0.0,14.0
48,Auction,V10,"(12, 64)",42.33267850903709,True,1.5181345528384966,1.0
48,Q-Learning,V1,"(3, 88)",34.17560528024028,True,8.346716595206637,2.0
48,Q-Learning,V2,"(63, 34)",5.789949395250822,True,1.4899922958351794,4.0
48,Q-Learning,V3,"(69, 14)",36.31364346672273,True,1.9146583429696662,2.0
48,Q-Learning,V4,"(64, 95)",20.71745439748449,True,0.26274169979695117,1.0
48,Q-Learning,V5,"(17, 30)",9.979247417233815,False,0.0,6.0
48,Q-Learning,V6,"(22, 99)",8.238782440545574,True,13.820027472320131,3.0
48,Q-Learning,V7,"(12, 64)",13.824047919677021,True,0.0,1.0
48,Q-Learning,V8,"(27, 73)",18.48706516850062,True,0.506780927261886,1.0
48,Q-Learning,V9,"(65, 12)",4.533456503882846,True,6.708800749063506,4.0
48,Q-Learning,V10,"(95, 100)",4.467959768092953,True,40.21233508288212,1.0
49,Greedy,V1,"(62, 49)",12.317361021557833,True,28.67390962214756,1.0
49,Greedy,V2,"(10, 66)",4.017754646268713,True,0.0,1.0
49,Greedy,V3,"(61, 6)",16.054191425823017,True,21.52769256906871,1.0
49,Greedy,V4,"(71, 92)",20.944527249663242,True,0.0,1.0
49,Greedy,V5,"(41, 59)",7.118979850187529,False,0.0,4.0
49,Greedy,V6,"(14, 69)",15.255426389567802,True,4.488624600025034,1.0
49,Greedy,V7,"(42, 30)",13.871756408729723,False,0.0,2.0
49,Greedy,V8,"(4, 87)",3.7944771566751427,True,13.21376461713902,1.0
49,Greedy,V9,"(58, 83)",1.7743661571883926,True,5.646237685397242,1.0
49,Greedy,V10,"(4, 24)",29.568372863601923,True,13.282440198273662,1.0
49,Auction,V1,"(51, 32)",14.397892096303345,True,26.67646212197547,1.0
49,Auction,V2,"(63, 34)",0.189262723193508,True,3.807404868885037,1.0
49,Auction,V3,"(97, 10)",19.747561297467662,True,16.535533905932738,1.0
49,Auction,V4,"(64, 95)",20.71745439748449,True,0.0,1.0
49,Auction,V5,"(27, 73)",10.539973729475033,False,0.0,8.0
49,Auction,V6,"(65, 12)",6.5165911423545495,True,13.153882032022075,1.0
49,Auction,V7,"(25, 39)",23.65280180706923,False,0.0,12.0
49,Auction,V8,"(3, 88)",11.860730648297444,True,6.133115447465062,1.0
49,Auction,V9,"(29, 97)",21.55950312475815,False,0.0,15.0
49,Auction,V10,"(12, 64)",42.33267850903709,True,0.5181345528384966,1.0
49,Q-Learning,V1,"(3, 88)",34.17560528024028,True,7.346716595206637,2.0
49,Q-Learning,V2,"(63, 34)",5.789949395250822,True,0.48999229583517945,4.0
49,Q-Learning,V3,"(69, 14)",36.31364346672273,True,0.9146583429696662,2.0
49,Q-Learning,V4,"(64, 95)",20.71745439748449,True,0.0,1.0
49,Q-Learning,V5,"(17, 30)",9.979247417233815,False,0.0,7.0
49,Q-Learning,V6,"(22, 99)",8.238782440545574,True,12.820027472320131,3.0
49,Q-Learning,V7,"(12, 64)",13.824047919677021,False,0.0,2.0
49,Q-Learning,V8,"(27, 73)",18.48706516850062,True,0.0,1.0
49,Q-Learning,V9,"(65, 12)",4.533456503882846,True,5.708800749063506,4.0
49,Q-Learning,V10,"(95, 100)",4.467959768092953,True,39.21233508288212,1.0
50,Greedy,V1,"(62, 49)",12.317361021557833,True,27.67390962214756,1.0
50,Greedy,V2,"(10, 66)",4.017754646268713,False,0.0,2.0
50,Greedy,V3,"(61, 6)",16.054191425823017,True,20.52769256906871,1.0
50,Greedy,V4,"(71, 92)",20.944527249663242,False,0.0,2.0
50,Greedy,V5,"(41, 59)",7.118979850187529,False,0.0,5.0
50,Greedy,V6,"(14, 69)",15.255426389567802,True,3.488624600025034,1.0
50,Greedy,V7,"(42, 30)",13.871756408729723,False,0.0,3.0
50,Greedy,V8,"(4, 87)",3.7944771566751427,True,12.21376461713902,1.0
50,Greedy,V9,"(58, 83)",1.7743661571883926,True,4.646237685397242,1.0
50,Greedy,V10,"(4, 24)",29.568372863601923,True,12.282440198273662,1.0
50,Auction,V1,"(51, 32)",14.397892096303345,True,25.67646212197547,1.0
50,Auction,V2,"(63, 34)",0.189262723193508,True,2.807404868885037,1.0
50,Auction,V3,"(97, 10)",19.747561297467662,True,15.535533905932738,1.0
50,Auction,V4,"(84, 72)",4.621554135833225,True,15.095900261651266,1.0
50,Auction,V5,"(27, 73)",10.539973729475033,False,0.0,9.0
50,Auction,V6,"(65, 12)",6.5165911423545495,True,12.153882032022075,1.0
50,Auction,V7,"(25, 39)",23.65280180706923,False,0.0,13.0
50,Auction,V8,"(3, 88)",11.860730648297444,True,5.133115447465062,1.0
50,Auction,V9,"(29, 97)",21.55950312475815,False,0.0,16.0
50,Auction,V10,"(12, 64)",42.33267850903709,True,0.0,1.0
50,Q-Learning,V1,"(3, 88)",34.17560528024028,True,6.346716595206637,2.0
50,Q-Learning,V2,"(63, 34)",5.789949395250822,True,0.0,4.0
50,Q-Learning,V3,"(69, 14)",36.31364346672273,True,0.0,2.0
50,Q-Learning,V4,"(84, 72)",4.621554135833225,True,15.095900261651266,1.0
50,Q-Learning,V5,"(17, 30)",9.979247417233815,False,0.0,8.0
50,Q-Learning,V6,"(22, 99)",8.238782440545574,True,11.820027472320131,3.0
50,Q-Learning,V7,"(12, 64)",13.824047919677021,False,0.0,3.0
50,Q-Learning,V8,"(36, 65)",0.1491102153014765,True,17.337954953199144,1.0
50,Q-Learning,V9,"(65, 12)",4.533456503882846,True,4.708800749063506,4.0
50,Q-Learning,V10,"(95, 100)",4.467959768092953,True,38.21233508288212,1.0
51,Greedy,V1,"(62, 49)",12.317361021557833,True,26.67390962214756,1.0
51,Greedy,V2,"(10, 66)",4.017754646268713,False,0.0,3.0
51,Greedy,V3,"(61, 6)",16.054191425823017,True,19.52769256906871,1.0
51,Greedy,V4,"(71, 92)",20.944527249663242,False,0.0,3.0
51,Greedy,V5,"(41, 59)",7.118979850187529,False,0.0,6.0
51,Greedy,V6,"(14, 69)",15.255426389567802,True,2.488624600025034,1.0
51,Greedy,V7,"(42, 30)",13.871756408729723,False,0.0,4.0
51,Greedy,V8,"(4, 87)",3.7944771566751427,True,11.21376461713902,1.0
51,Greedy,V9,"(58, 83)",1.7743661571883926,True,3.6462376853972422,1.0
51,Greedy,V10,"(4, 24)",29.568372863601923,True,11.282440198273662,1.0
51,Auction,V1,"(51, 32)",14.397892096303345,True,24.67646212197547,1.0
51,Auction,V2,"(63, 34)",0.189262723193508,True,1.8074048688850368,1.0
51,Auction,V3,"(97, 10)",19.747561297467662,True,14.535533905932738,1.0
51,Auction,V4,"(84, 72)",4.621554135833225,True,14.095900261651266,1.0
51,Auction,V5,"(27, 73)",10.539973729475033,False,0.0,10.0
51,Auction,V6,"(65, 12)",6.5165911423545495,True,11.153882032022075,1.0
51,Auction,V7,"(25, 39)",23.65280180706923,False,0.0,14.0
51,Auction,V8,"(3, 88)",11.860730648297444,True,4.133115447465062,1.0
51,Auction,V9,"(29, 97)",21.55950312475815,False,0.0,17.0
51,Auction,V10,"(36, 65)",19.32747243430493,True,22.005206074732158,1.0
51,Q-Learning,V1,"(3, 88)",34.17560528024028,True,5.346716595206637,2.0
51,Q-Learning,V2,"(63, 34)",5.789949395250822,False,0.0,5.0
51,Q-Learning,V3,"(97, 10)",9.778109560789993,True,25.535533905932738,2.0
51,Q-Learning,V4,"(84, 72)",4.621554135833225,True,14.095900261651266,1.0
51,Q-Learning,V5,"(17, 30)",9.979247417233815,False,0.0,9.0
51,Q-Learning,V6,"(22, 99)",8.238782440545574,True,10.820027472320131,3.0
51,Q-Learning,V7,"(12, 64)",13.824047919677021,False,0.0,4.0
51,Q-Learning,V8,"(36, 65)",0.1491102153014765,True,16.337954953199144,1.0
51,Q-Learning,V9,"(65, 12)",4.533456503882846,True,3.7088007490635064,4.0
51,Q-Learning,V10,"(95, 100)",4.467959768092953,True,37.21233508288212,1.0
52,Greedy,V1,"(62, 49)",12.317361021557833,True,25.67390962214756,1.0
52,Greedy,V2,"(10, 66)",4.017754646268713,False,0.0,4.0
52,Greedy,V3,"(61, 6)",16.054191425823017,True,18.52769256906871,1.0
52,Greedy,V4,"(71, 92)",20.944527249663242,False,0.0,4.0
52,Greedy,V5,"(41, 59)",7.118979850187529,False,0.0,7.0
52,Greedy,V6,"(14, 69)",15.255426389567802,True,1.4886246000250338,1.0
52,Greedy,V7,"(42, 30)",13.871756408729723,False,0.0,5.0
52,Greedy,V8,"(4, 87)",3.7944771566751427,True,10.21376461713902,1.0
52,Greedy,V9,"(58, 83)",1.7743661571883926,True,2.6462376853972422,1.0
52,Greedy,V10,"(4, 24)",29.568372863601923,True,10.282440198273662,1.0
52,Auction,V1,"(51, 32)",14.397892096303345,True,23.67646212197547,1.0
52,Auction,V2,"(63, 34)",0.189262723193508,True,0.8074048688850368,1.0
52,Auction,V3,"(97, 10)",19.747561297467662,True,13.535533905932738,1.0
52,Auction,V4,"(84, 72)",4.621554135833225,True,13.095900261651266,1.0
52,Auction,V5,"(27, 73)",10.539973729475033,False,0.0,11.0
52,Auction,V6,"(65, 12)",6.5165911423545495,True,10.153882032022075,1.0
52,Auction,V7,"(25, 39)",23.65280180706923,False,0.0,15.0
52,Auction,V8,"(3, 88)",11.860730648297444,True,3.1331154474650624,1.0
52,Auction,V9,"(29, 97)",21.55950312475815,False,0.0,18.0
52,Auction,V10,"(36, 65)",19.32747243430493,True,21.005206074732158,1.0
52,Q-Learning,V1,"(3, 88)",34.17560528024028,True,4.346716595206637,2.0
52,Q-Learning,V2,"(63, 34)",5.789949395250822,False,0.0,6.0
52,Q-Learning,V3,"(97, 10)",9.778109560789993,True,24.535533905932738,2.0
52,Q-Learning,V4,"(84, 72)",4.621554135833225,True,13.095900261651266,1.0
52,Q-Learning,V5,"(17, 30)",9.979247417233815,False,0.0,10.0
52,Q-Learning,V6,"(22, 99)",8.238782440545574,True,9.820027472320131,3.0
52,Q-Learning,V7,"(12, 64)",13.824047919677021,False,0.0,5.0
52,Q-Learning,V8,"(36, 65)",0.1491102153014765,True,15.337954953199144,1.0
52,Q-Learning,V9,"(65, 12)",4.533456503882846,True,2.7088007490635064,4.0
52,Q-Learning,V10,"(95, 100)",4.467959768092953,True,36.21233508288212,1.0
53,Greedy,V1,"(62, 49)",12.317361021557833,True,24.67390962214756,1.0
53,Greedy,V2,"(10, 66)",4.017754646268713,False,0.0,5.0
53,Greedy,V3,"(61, 6)",16.054191425823017,True,17.52769256906871,1.0
53,Greedy,V4,"(71, 92)",20.944527249663242,False,0.0,5.0
53,Greedy,V5,"(41, 59)",7.118979850187529,False,0.0,8.0
53,Greedy,V6,"(14, 69)",15.255426389567802,True,0.48862460002503383,1.0
53,Greedy,V7,"(42, 30)",13.871756408729723,False,0.0,6.0
53,Greedy,V8,"(4, 87)",3.7944771566751427,True,9.21376461713902,1.0
53,Greedy,V9,"(58, 83)",1.7743661571883926,True,1.6462376853972422,1.0
53,Greedy,V10,"(4, 24)",29.568372863601923,True,9.282440198273662,1.0
53,Auction,V1,"(51, 32)",14.397892096303345,True,22.67646212197547,1.0
53,Auction,V2,"(63, 34)",0.189262723193508,True,0.0,1.0
53,Auction,V3,"(97, 10)",19.747561297467662,True,12.535533905932738,1.0
53,Auction,V4,"(84, 72)",4.621554135833225,True,12.095900261651266,1.0
53,Auction,V5,"(27, 73)",10.539973729475033,False,0.0,12.0
53,Auction,V6,"(65, 12)",6.5165911423545495,True,9.153882032022075,1.0
53,Auction,V7,"(38, 40)",5.306666870267463,True,17.346134936801768,15.0
53,Auction,V8,"(3, 88)",11.860730648297444,True,2.1331154474650624,1.0
53,Auction,V9,"(29, 97)",21.55950312475815,False,0.0,19.0
53,Auction,V10,"(36, 65)",19.32747243430493,True,20.005206074732158,1.0
53,Q-Learning,V1,"(3, 88)",34.17560528024028,True,3.3467165952066367,2.0
53,Q-Learning,V2,"(63, 34)",5.789949395250822,False,0.0,7.0
53,Q-Learning,V3,"(97, 10)",9.778109560789993,True,23.535533905932738,2.0
53,Q-Learning,V4,"(84, 72)",4.621554135833225,True,12.095900261651266,1.0
53,Q-Learning,V5,"(17, 30)",9.979247417233815,False,0.0,11.0
53,Q-Learning,V6,"(22, 99)",8.238782440545574,True,8.820027472320131,3.0
53,Q-Learning,V7,"(12, 64)",13.824047919677021,False,0.0,6.0
53,Q-Learning,V8,"(36, 65)",0.1491102153014765,True,14.337954953199144,1.0
53,Q-Learning,V9,"(65, 12)",4.533456503882846,True,1.7088007490635064,4.0
53,Q-Learning,V10,"(95, 100)",4.467959768092953,True,35.21233508288212,1.0
54,Greedy,V1,"(62, 49)",12.317361021557833,True,23.67390962214756,1.0
54,Greedy,V2,"(10, 66)",4.017754646268713,False,0.0,6.0
54,Greedy,V3,"(61, 6)",16.054191425823017,True,16.52769256906871,1.0
54,Greedy,V4,"(71, 92)",20.944527249663242,False,0.0,6.0
54,Greedy,V5,"(41, 59)",7.118979850187529,False,0.0,9.0
54,Greedy,V6,"(14, 69)",15.255426389567802,True,0.0,1.0
54,Greedy,V7,"(42, 30)",13.871756408729723,False,0.0,7.0
54,Greedy,V8,"(4, 87)",3.7944771566751427,True,8.21376461713902,1.0
54,Greedy,V9,"(58, 83)",1.7743661571883926,True,0.6462376853972422,1.0
54,Greedy,V10,"(4, 24)",29.568372863601923,True,8.282440198273662,1.0
54,Auction,V1,"(51, 32)",14.397892096303345,True,21.67646212197547,1.0
54,Auction,V2,"(63, 34)",0.189262723193508,False,0.0,2.0
54,Auction,V3,"(97, 10)",19.747561297467662,True,11.535533905932738,1.0
54,Auction,V4,"(84, 72)",4.621554135833225,True,11.095900261651266,1.0
54,Auction,V5,"(27, 73)",10.539973729475033,False,0.0,13.0
54,Auction,V6,"(65, 12)",6.5165911423545495,True,8.153882032022075,1.0
54,Auction,V7,"(38, 40)",5.306666870267463,True,16.346134936801768,15.0
54,Auction,V8,"(3, 88)",11.860730648297444,True,1.1331154474650624,1.0
54,Auction,V9,"(29, 97)",21.55950312475815,False,0.0,20.0
54,Auction,V10,"(36, 65)",19.32747243430493,True,19.005206074732158,1.0
54,Q-Learning,V1,"(3, 88)",34.17560528024028,True,2.3467165952066367,2.0
54,Q-Learning,V2,"(63, 34)",5.789949395250822,False,0.0,8.0
54,Q-Learning,V3,"(97, 10)",9.778109560789993,True,22.535533905932738,2.0
54,Q-Learning,V4,"(84, 72)",4.621554135833225,True,11.095900261651266,1.0
54,Q-Learning,V5,"(17, 30)",9.979247417233815,False,0.0,12.0
54,Q-Learning,V6,"(22, 99)",8.238782440545574,True,7.820027472320131,3.0
54,Q-Learning,V7,"(12, 64)",13.824047919677021,False,0.0,7.0
54,Q-Learning,V8,"(36, 65)",0.1491102153014765,True,13.337954953199144,1.0
54,Q-Learning,V9,"(65, 12)",4.533456503882846,True,0.7088007490635064,4.0
54,Q-Learning,V10,"(95, 100)",4.467959768092953,True,34.21233508288212,1.0
55,Greedy,V1,"(62, 49)",12.317361021557833,True,22.67390962214756,1.0
55,Greedy,V2,"(10, 66)",4.017754646268713,False,0.0,7.0
55,Greedy,V3,"(61, 6)",16.054191425823017,True,15.527692569068709,1.0
55,Greedy,V4,"(71, 92)",20.944527249663242,False,0.0,7.0
55,Greedy,V5,"(41, 59)",7.118979850187529,False,0.0,10.0
55,Greedy,V6,"(14, 69)",15.255426389567802,False,0.0,2.0
55,Greedy,V7,"(42, 30)",13.871756408729723,False,0.0,8.0
55,Greedy,V8,"(4, 87)",3.7944771566751427,True,7.21376461713902,1.0
55,Greedy,V9,"(58, 83)",1.7743661571883926,True,0.0,1.0
55,Greedy,V10,"(4, 24)",29.568372863601923,True,7.282440198273662,1.0
55,Auction,V1,"(51, 32)",14.397892096303345,True,20.67646212197547,1.0
55,Auction,V2,"(63, 34)",0.189262723193508,False,0.0,3.0
55,Auction,V3,"(97, 10)",19.747561297467662,True,10.535533905932738,1.0
55,Auction,V4,"(84, 72)",4.621554135833225,True,10.095900261651266,1.0
55,Auction,V5,"(27, 73)",10.539973729475033,False,0.0,14.0
55,Auction,V6,"(65, 12)",6.5165911423545495,True,7.153882032022075,1.0
55,Auction,V7,"(38, 40)",5.306666870267463,True,15.346134936801768,15.0
55,Auction,V8,"(3, 88)",11.860730648297444,True,0.13311544746506243,1.0
55,Auction,V9,"(29, 97)",21.55950312475815,False,0.0,21.0
55,Auction,V10,"(36, 65)",19.32747243430493,True,18.005206074732158,1.0
55,Q-Learning,V1,"(3, 88)",34.17560528024028,True,1.3467165952066367,2.0
55,Q-Learning,V2,"(63, 34)",5.789949395250822,False,0.0,9.0
55,Q-Learning,V3,"(97, 10)",9.778109560789993,True,21.535533905932738,2.0
55,Q-Learning,V4,"(84, 72)",4.621554135833225,True,10.095900261651266,1.0
55,Q-Learning,V5,"(17, 30)",9.979247417233815,False,0.0,13.0
55,Q-Learning,V6,"(22, 99)",8.238782440545574,True,6.820027472320131,3.0
55,Q-Learning,V7,"(12, 64)",13.824047919677021,False,0.0,8.0
55,Q-Learning,V8,"(36, 65)",0.1491102153014765,True,12.337954953199144,1.0
55,Q-Learning,V9,"(65, 12)",4.533456503882846,True,0.0,4.0
55,Q-Learning,V10,"(95, 100)",4.467959768092953,True,33.21233508288212,1.0
56,Greedy,V1,"(62, 49)",12.317361021557833,True,21.67390962214756,1.0
56,Greedy,V2,"(10, 66)",4.017754646268713,False,0.0,8.0
56,Greedy,V3,"(61, 6)",16.054191425823017,True,14.527692569068709,1.0
56,Greedy,V4,"(71, 92)",20.944527249663242,False,0.0,8.0
56,Greedy,V5,"(41, 59)",7.118979850187529,False,0.0,11.0
56,Greedy,V6,"(14, 69)",15.255426389567802,False,0.0,3.0
56,Greedy,V7,"(42, 30)",13.871756408729723,False,0.0,9.0
56,Greedy,V8,"(4, 87)",3.7944771566751427,True,6.21376461713902,1.0
56,Greedy,V9,"(58, 83)",1.7743661571883926,False,0.0,2.0
56,Greedy,V10,"(4, 24)",29.568372863601923,True,6.282440198273662,1.0
56,Auction,V1,"(51, 32)",14.397892096303345,True,19.67646212197547,1.0
56,Auction,V2,"(63, 34)",0.189262723193508,False,0.0,4.0
56,Auction,V3,"(97, 10)",19.747561297467662,True,9.535533905932738,1.0
56,Auction,V4,"(84, 72)",4.621554135833225,True,9.095900261651266,1.0
56,Auction,V5,"(27, 73)",10.539973729475033,False,0.0,15.0
56,Auction,V6,"(65, 12)",6.5165911423545495,True,6.153882032022075,1.0
56,Auction,V7,"(38, 40)",5.306666870267463,True,14.346134936801768,15.0
56,Auction,V8,"(3, 88)",11.860730648297444,True,0.0,1.0
56,Auction,V9,"(29, 97)",21.55950312475815,False,0.0,22.0
56,Auction,V10,"(36, 65)",19.32747243430493,True,17.005206074732158,1.0
56,Q-Learning,V1,"(3, 88)",34.17560528024028,True,0.34671659520663667,2.0
56,Q-Learning,V2,"(63, 34)",5.789949395250822,False,0.0,10.0
56,Q-Learning,V3,"(97, 10)",9.778109560789993,True,20.535533905932738,2.0
56,Q-Learning,V4,"(84, 72)",4.621554135833225,True,9.095900261651266,1.0
56,Q-Learning,V5,"(17, 30)",9.979247417233815,False,0.0,14.0
56,Q-Learning,V6,"(22, 99)",8.238782440545574,True,5.820027472320131,3.0
56,Q-Learning,V7,"(12, 64)",13.824047919677021,False,0.0,9.0
56,Q-Learning,V8,"(36, 65)",0.1491102153014765,True,11.337954953199144,1.0
56,Q-Learning,V9,"(65, 12)",4.533456503882846,False,0.0,5.0
56,Q-Learning,V10,"(95, 100)",4.467959768092953,True,32.21233508288212,1.0
57,Greedy,V1,"(62, 49)",12.317361021557833,True,20.67390962214756,1.0
57,Greedy,V2,"(10, 66)",4.017754646268713,False,0.0,9.0
57,Greedy,V3,"(61, 6)",16.054191425823017,True,13.527692569068709,1.0
57,Greedy,V4,"(71, 92)",20.944527249663242,False,0.0,9.0
57,Greedy,V5,"(41, 59)",7.118979850187529,False,0.0,12.0
57,Greedy,V6,"(14, 69)",15.255426389567802,False,0.0,4.0
57,Greedy,V7,"(42, 30)",13.871756408729723,False,0.0,10.0
57,Greedy,V8,"(4, 87)",3.7944771566751427,True,5.21376461713902,1.0
57,Greedy,V9,"(58, 83)",1.7743661571883926,False,0.0,3.0
57,Greedy,V10,"(4, 24)",29.568372863601923,True,5.282440198273662,1.0
57,Auction,V1,"(51, 32)",14.397892096303345,True,18.67646212197547,1.0
57,Auction,V2,"(63, 34)",0.189262723193508,False,0.0,5.0
57,Auction,V3,"(97, 10)",19.747561297467662,True,8.535533905932738,1.0
57,Auction,V4,"(84, 72)",4.621554135833225,True,8.095900261651266,1.0
57,Auction,V5,"(27, 73)",10.539973729475033,False,0.0,16.0
57,Auction,V6,"(65, 12)",6.5165911423545495,True,5.153882032022075,1.0
57,Auction,V7,"(38, 40)",5.306666870267463,True,13.346134936801768,15.0
57,Auction,V8,"(3, 88)",11.860730648297444,False,0.0,2.0
57,Auction,V9,"(29, 97)",21.55950312475815,False,0.0,23.0
57,Auction,V10,"(36, 65)",19.32747243430493,True,16.005206074732158,1.0
57,Q-Learning,V1,"(3, 88)",34.17560528024028,True,0.0,2.0
57,Q-Learning,V2,"(63, 34)",5.789949395250822,False,0.0,11.0
57,Q-Learning,V3,"(97, 10)",9.778109560789993,True,19.535533905932738,2.0
57,Q-Learning,V4,"(84, 72)",4.621554135833225,True,8.095900261651266,1.0
57,Q-Learning,V5,"(17, 30)",9.979247417233815,False,0.0,15.0
57,Q-Learning,V6,"(22, 99)",8.238782440545574,True,4.820027472320131,3.0
57,Q-Learning,V7,"(12, 64)",13.824047919677021,False,0.0,10.0
57,Q-Learning,V8,"(36, 65)",0.1491102153014765,True,10.337954953199144,1.0
57,Q-Learning,V9,"(65, 12)",4.533456503882846,False,0.0,6.0
57,Q-Learning,V10,"(95, 100)",4.467959768092953,True,31.21233508288212,1.0
58,Greedy,V1,"(62, 49)",12.317361021557833,True,19.67390962214756,1.0
58,Greedy,V2,"(10, 66)",4.017754646268713,False,0.0,10.0
58,Greedy,V3,"(61, 6)",16.054191425823017,True,12.527692569068709,1.0
58,Greedy,V4,"(71, 92)",20.944527249663242,False,0.0,10.0
58,Greedy,V5,"(41, 59)",7.118979850187529,False,0.0,13.0
58,Greedy,V6,"(14, 69)",15.255426389567802,False,0.0,5.0
58,Greedy,V7,"(42, 30)",13.871756408729723,False,0.0,11.0
58,Greedy,V8,"(4, 87)",3.7944771566751427,True,4.21376461713902,1.0
58,Greedy,V9,"(58, 83)",1.7743661571883926,False,0.0,4.0
58,Greedy,V10,"(4, 24)",29.568372863601923,True,4.282440198273662,1.0
58,Auction,V1,"(51, 32)",14.397892096303345,True,17.67646212197547,1.0
58,Auction,V2,"(63, 34)",0.189262723193508,False,0.0,6.0
58,Auction,V3,"(97, 10)",19.747561297467662,True,7.535533905932738,1.0
58,Auction,V4,"(84, 72)",4.621554135833225,True,7.095900261651266,1.0
58,Auction,V5,"(27, 73)",10.539973729475033,False,0.0,17.0
58,Auction,V6,"(65, 12)",6.5165911423545495,True,4.153882032022075,1.0
58,Auction,V7,"(38, 40)",5.306666870267463,True,12.346134936801768,15.0
58,Auction,V8,"(3, 88)",11.860730648297444,False,0.0,3.0
58,Auction,V9,"(29, 97)",21.55950312475815,False,0.0,24.0
58,Auction,V10,"(36, 65)",19.32747243430493,True,15.005206074732158,1.0
58,Q-Learning,V1,"(31, 75)",0.03048893342923975,True,33.145116346811044,2.0
58,Q-Learning,V2,"(63, 34)",5.789949395250822,False,0.0,12.0
58,Q-Learning,V3,"(97, 10)",9.778109560789993,True,18.535533905932738,2.0
58,Q-Learning,V4,"(84, 72)",4.621554135833225,True,7.095900261651266,1.0
58,Q-Learning,V5,"(17, 30)",9.979247417233815,False,0.0,16.0
58,Q-Learning,V6,"(22, 99)",8.238782440545574,True,3.820027472320131,3.0
58,Q-Learning,V7,"(12, 64)",13.824047919677021,False,0.0,11.0
58,Q-Learning,V8,"(36, 65)",0.1491102153014765,True,9.337954953199144,1.0
58,Q-Learning,V9,"(65, 12)",4.533456503882846,False,0.0,7.0
58,Q-Learning,V10,"(95, 100)",4.467959768092953,True,30.21233508288212,1.0
59,Greedy,V1,"(62, 49)",12.317361021557833,True,18.67390962214756,1.0
59,Greedy,V2,"(10, 66)",4.017754646268713,False,0.0,11.0
59,Greedy,V3,"(61, 6)",16.054191425823017,True,11.527692569068709,1.0
59,Greedy,V4,"(71, 92)",20.944527249663242,False,0.0,11.0
59,Greedy,V5,"(41, 59)",7.118979850187529,False,0.0,14.0
59,Greedy,V6,"(14, 69)",15.255426389567802,False,0.0,6.0
59,Greedy,V7,"(42, 30)",13.871756408729723,False,0.0,12.0
59,Greedy,V8,"(4, 87)",3.7944771566751427,True,3.21376461713902,1.0
59,Greedy,V9,"(58, 83)",1.7743661571883926,False,0.0,5.0
59,Greedy,V10,"(4, 24)",29.568372863601923,True,3.2824401982736617,1.0
59,Auction,V1,"(51, 32)",14.397892096303345,True,16.67646212197547,1.0
59,Auction,V2,"(63, 34)",0.189262723193508,False,0.0,7.0
59,Auction,V3,"(97, 10)",19.747561297467662,True,6.535533905932738,1.0
59,Auction,V4,"(84, 72)",4.621554135833225,True,6.095900261651266,1.0
59,Auction,V5,"(27, 73)",10.539973729475033,False,0.0,18.0
59,Auction,V6,"(65, 12)",6.5165911423545495,True,3.153882032022075,1.0
59,Auction,V7,"(38, 40)",5.306666870267463,True,11.346134936801768,15.0
59,Auction,V8,"(3, 88)",11.860730648297444,False,0.0,4.0
59,Auction,V9,"(29, 97)",21.55950312475815,False,0.0,25.0
59,Auction,V10,"(36, 65)",19.32747243430493,True,14.005206074732158,1.0
59,Q-Learning,V1,"(31, 75)",0.03048893342923975,True,32.145116346811044,2.0
59,Q-Learning,V2,"(63, 34)",5.789949395250822,False,0.0,13.0
59,Q-Learning,V3,"(97, 10)",9.778109560789993,True,17.535533905932738,2.0
59,Q-Learning,V4,"(84, 72)",4.621554135833225,True,6.095900261651266,1.0
59,Q-Learning,V5,"(17, 30)",9.979247417233815,False,0.0,17.0
59,Q-Learning,V6,"(22, 99)",8.238782440545574,True,2.820027472320131,3.0
59,Q-Learning,V7,"(12, 64)",13.824047919677021,False,0.0,12.0
59,Q-Learning,V8,"(36, 65)",0.1491102153014765,True,8.337954953199144,1.0
59,Q-Learning,V9,"(65, 12)",4.533456503882846,False,0.0,8.0
59,Q-Learning,V10,"(95, 100)",4.467959768092953,True,29.21233508288212,1.0
60,Greedy,V1,"(62, 49)",12.317361021557833,True,17.67390962214756,1.0
60,Greedy,V2,"(10, 66)",4.017754646268713,False,0.0,12.0
60,Greedy,V3,"(61, 6)",16.054191425823017,True,10.527692569068709,1.0
60,Greedy,V4,"(71, 92)",20.944527249663242,False,0.0,12.0
60,Greedy,V5,"(41, 59)",7.118979850187529,False,0.0,15.0
60,Greedy,V6,"(14, 69)",15.255426389567802,False,0.0,7.0
60,Greedy,V7,"(42, 30)",13.871756408729723,False,0.0,13.0
60,Greedy,V8,"(4, 87)",3.7944771566751427,True,2.21376461713902,1.0
60,Greedy,V9,"(58, 83)",1.7743661571883926,False,0.0,6.0
60,Greedy,V10,"(4, 24)",29.568372863601923,True,2.2824401982736617,1.0
60,Auction,V1,"(51, 32)",14.397892096303345,True,15.676462121975469,1.0
60,Auction,V2,"(63, 34)",0.189262723193508,False,0.0,8.0
60,Auction,V3,"(97, 10)",19.747561297467662,True,5.535533905932738,1.0
60,Auction,V4,"(84, 72)",4.621554135833225,True,5.095900261651266,1.0
60,Auction,V5,"(27, 73)",10.539973729475033,False,0.0,19.0
60,Auction,V6,"(65, 12)",6.5165911423545495,True,2.153882032022075,1.0
60,Auction,V7,"(38, 40)",5.306666870267463,True,10.346134936801768,15.0
60,Auction,V8,"(3, 88)",11.860730648297444,False,0.0,5.0
60,Auction,V9,"(29, 97)",21.55950312475815,False,0.0,26.0
60,Auction,V10,"(36, 65)",19.32747243430493,True,13.005206074732158,1.0
60,Q-Learning,V1,"(31, 75)",0.03048893342923975,True,31.145116346811044,2.0
60,Q-Learning,V2,"(63, 34)",5.789949395250822,False,0.0,14.0
60,Q-Learning,V3,"(97, 10)",9.778109560789993,True,16.535533905932738,2.0
60,Q-Learning,V4,"(84, 72)",4.621554135833225,True,5.095900261651266,1.0
60,Q-Learning,V5,"(17, 30)",9.979247417233815,False,0.0,18.0
60,Q-Learning,V6,"(22, 99)",8.238782440545574,True,1.820027472320131,3.0
60,Q-Learning,V7,"(12, 64)",13.824047919677021,False,0.0,13.0
60,Q-Learning,V8,"(36, 65)",0.1491102153014765,True,7.337954953199144,1.0
60,Q-Learning,V9,"(65, 12)",4.533456503882846,False,0.0,9.0
60,Q-Learning,V10,"(95, 100)",4.467959768092953,True,28.21233508288212,1.0
61,Greedy,V1,"(62, 49)",12.317361021557833,True,16.67390962214756,1.0
61,Greedy,V2,"(10, 66)",4.017754646268713,False,0.0,13.0
61,Greedy,V3,"(61, 6)",16.054191425823017,True,9.527692569068709,1.0
61,Greedy,V4,"(71, 92)",20.944527249663242,False,0.0,13.0
61,Greedy,V5,"(41, 59)",7.118979850187529,False,0.0,16.0
61,Greedy,V6,"(14, 69)",15.255426389567802,False,0.0,8.0
61,Greedy,V7,"(42, 30)",13.871756408729723,False,0.0,14.0
61,Greedy,V8,"(4, 87)",3.7944771566751427,True,1.2137646171390202,1.0
61,Greedy,V9,"(58, 83)",1.7743661571883926,False,0.0,7.0
61,Greedy,V10,"(4, 24)",29.568372863601923,True,1.2824401982736617,1.0
61,Auction,V1,"(51, 32)",14.397892096303345,True,14.676462121975469,1.0
61,Auction,V2,"(63, 34)",0.189262723193508,False,0.0,9.0
61,Auction,V3,"(97, 10)",19.747561297467662,True,4.535533905932738,1.0
61,Auction,V4,"(84, 72)",4.621554135833225,True,4.095900261651266,1.0
61,Auction,V5,"(27, 73)",10.539973729475033,False,0.0,20.0
61,Auction,V6,"(65, 12)",6.5165911423545495,True,1.153882032022075,1.0
61,Auction,V7,"(38, 40)",5.306666870267463,True,9.346134936801768,15.0
61,Auction,V8,"(3, 88)",11.860730648297444,False,0.0,6.0
61,Auction,V9,"(29, 97)",21.55950312475815,False,0.0,27.0
61,Auction,V10,"(36, 65)",19.32747243430493,True,12.005206074732158,1.0
61,Q-Learning,V1,"(31, 75)",0.03048893342923975,True,30.145116346811044,2.0
61,Q-Learning,V2,"(63, 34)",5.789949395250822,False,0.0,15.0
61,Q-Learning,V3,"(97, 10)",9.778109560789993,True,15.535533905932738,2.0
61,Q-Learning,V4,"(84, 72)",4.621554135833225,True,4.095900261651266,1.0
61,Q-Learning,V5,"(17, 30)",9.979247417233815,False,0.0,19.0
61,Q-Learning,V6,"(22, 99)",8.238782440545574,True,0.8200274723201311,3.0
61,Q-Learning,V7,"(12, 64)",13.824047919677021,False,0.0,14.0
61,Q-Learning,V8,"(36, 65)",0.1491102153014765,True,6.337954953199144,1.0
61,Q-Learning,V9,"(65, 12)",4.533456503882846,False,0.0,10.0
61,Q-Learning,V10,"(95, 100)",4.467959768092953,True,27.21233508288212,1.0
62,Greedy,V1,"(62, 49)",12.317361021557833,True,15.673909622147558,1.0
62,Greedy,V2,"(10, 66)",4.017754646268713,False,0.0,14.0
62,Greedy,V3,"(61, 6)",16.054191425823017,True,8.527692569068709,1.0
62,Greedy,V4,"(71, 92)",20.944527249663242,False,0.0,14.0
62,Greedy,V5,"(41, 59)",7.118979850187529,False,0.0,17.0
62,Greedy,V6,"(14, 69)",15.255426389567802,False,0.0,9.0
62,Greedy,V7,"(42, 30)",13.871756408729723,False,0.0,15.0
62,Greedy,V8,"(4, 87)",3.7944771566751427,True,0.21376461713902017,1.0
62,Greedy,V9,"(58, 83)",1.7743661571883926,False,0.0,8.0
62,Greedy,V10,"(4, 24)",29.568372863601923,True,0.28244019827366174,1.0
62,Auction,V1,"(51, 32)",14.397892096303345,True,13.676462121975469,1.0
62,Auction,V2,"(63, 34)",0.189262723193508,False,0.0,10.0
62,Auction,V3,"(97, 10)",19.747561297467662,True,3.5355339059327378,1.0
62,Auction,V4,"(84, 72)",4.621554135833225,True,3.0959002616512663,1.0
62,Auction,V5,"(27, 73)",10.539973729475033,False,0.0,21.0
62,Auction,V6,"(65, 12)",6.5165911423545495,True,0.15388203202207507,1.0
62,Auction,V7,"(38, 40)",5.306666870267463,True,8.346134936801768,15.0
62,Auction,V8,"(3, 88)",11.860730648297444,False,0.0,7.0
62,Auction,V9,"(29, 97)",21.55950312475815,False,0.0,28.0
62,Auction,V10,"(36, 65)",19.32747243430493,True,11.005206074732158,1.0
62,Q-Learning,V1,"(31, 75)",0.03048893342923975,True,29.145116346811044,2.0
62,Q-Learning,V2,"(63, 34)",5.789949395250822,False,0.0,16.0
62,Q-Learning,V3,"(97, 10)",9.778109560789993,True,14.535533905932738,2.0
62,Q-Learning,V4,"(84, 72)",4.621554135833225,True,3.0959002616512663,1.0
62,Q-Learning,V5,"(17, 30)",9.979247417233815,False,0.0,20.0
62,Q-Learning,V6,"(22, 99)",8.238782440545574,True,0.0,3.0
62,Q-Learning,V7,"(12, 64)",13.824047919677021,False,0.0,15.0
62,Q-Learning,V8,"(36, 65)",0.1491102153014765,True,5.337954953199144,1.0
62,Q-Learning,V9,"(65, 12)",4.533456503882846,False,0.0,11.0
62,Q-Learning,V10,"(95, 100)",4.467959768092953,True,26.21233508288212,1.0
63,Greedy,V1,"(62, 49)",12.317361021557833,True,14.673909622147558,1.0
63,Greedy,V2,"(10, 66)",4.017754646268713,False,0.0,15.0
63,Greedy,V3,"(61, 6)",16.054191425823017,True,7.527692569068709,1.0
63,Greedy,V4,"(71, 92)",20.944527249663242,False,0.0,15.0
63,Greedy,V5,"(41, 59)",7.118979850187529,False,0.0,18.0
63,Greedy,V6,"(14, 69)",15.255426389567802,False,0.0,10.0
63,Greedy,V7,"(42, 30)",13.871756408729723,False,0.0,16.0
63,Greedy,V8,"(4, 87)",3.7944771566751427,True,0.0,1.0
63,Greedy,V9,"(58, 83)",1.7743661571883926,False,0.0,9.0
63,Greedy,V10,"(4, 24)",29.568372863601923,True,0.0,1.0
63,Auction,V1,"(51, 32)",14.397892096303345,True,12.676462121975469,1.0
63,Auction,V2,"(63, 34)",0.189262723193508,False,0.0,11.0
63,Auction,V3,"(97, 10)",19.747561297467662,True,2.5355339059327378,1.0
63,Auction,V4,"(84, 72)",4.621554135833225,True,2.0959002616512663,1.0
63,Auction,V5,"(27, 73)",10.539973729475033,False,0.0,22.0
63,Auction,V6,"(65, 12)",6.5165911423545495,True,0.0,1.0
63,Auction,V7,"(38, 40)",5.306666870267463,True,7.346134936801768,15.0
63,Auction,V8,"(3, 88)",11.860730648297444,False,0.0,8.0
63,Auction,V9,"(29, 97)",21.55950312475815,False,0.0,29.0
63,Auction,V10,"(36, 65)",19.32747243430493,True,10.005206074732158,1.0
63,Q-Learning,V1,"(31, 75)",0.03048893342923975,True,28.145116346811044,2.0
63,Q-Learning,V2,"(63, 34)",5.789949395250822,False,0.0,17.0
63,Q-Learning,V3,"(97, 10)",9.778109560789993,True,13.535533905932738,2.0
63,Q-Learning,V4,"(84, 72)",4.621554135833225,True,2.0959002616512663,1.0
63,Q-Learning,V5,"(17, 30)",9.979247417233815,False,0.0,21.0
63,Q-Learning,V6,"(22, 99)",8.238782440545574,False,0.0,4.0
63,Q-Learning,V7,"(12, 64)",13.824047919677021,False,0.0,16.0
63,Q-Learning,V8,"(36, 65)",0.1491102153014765,True,4.337954953199144,1.0
63,Q-Learning,V9,"(65, 12)",4.533456503882846,False,0.0,12.0
63,Q-Learning,V10,"(95, 100)",4.467959768092953,True,25.21233508288212,1.0
64,Greedy,V1,"(62, 49)",12.317361021557833,True,13.673909622147558,1.0
64,Greedy,V2,"(10, 66)",4.017754646268713,False,0.0,16.0
64,Greedy,V3,"(61, 6)",16.054191425823017,True,6.527692569068709,1.0
64,Greedy,V4,"(71, 92)",20.944527249663242,False,0.0,16.0
64,Greedy,V5,"(41, 59)",7.118979850187529,False,0.0,19.0
64,Greedy,V6,"(14, 69)",15.255426389567802,False,0.0,11.0
64,Greedy,V7,"(42, 30)",13.871756408729723,False,0.0,17.0
64,Greedy,V8,"(4, 87)",3.7944771566751427,False,0.0,2.0
64,Greedy,V9,"(58, 83)",1.7743661571883926,False,0.0,10.0
64,Greedy,V10,"(4, 24)",3.0061704893985777,True,25.562202374203345,1.0
64,Auction,V1,"(51, 32)",14.397892096303345,True,11.676462121975469,1.0
64,Auction,V2,"(63, 34)",0.189262723193508,False,0.0,12.0
64,Auction,V3,"(97, 10)",19.747561297467662,True,1.5355339059327378,1.0
64,Auction,V4,"(84, 72)",4.621554135833225,True,1.0959002616512663,1.0
64,Auction,V5,"(27, 73)",10.539973729475033,False,0.0,23.0
64,Auction,V6,"(65, 12)",6.5165911423545495,False,0.0,2.0
64,Auction,V7,"(38, 40)",5.306666870267463,True,6.346134936801768,15.0
64,Auction,V8,"(3, 88)",11.860730648297444,False,0.0,9.0
64,Auction,V9,"(29, 97)",21.55950312475815,False,0.0,30.0
64,Auction,V10,"(36, 65)",19.32747243430493,True,9.005206074732158,1.0
64,Q-Learning,V1,"(31, 75)",0.03048893342923975,True,27.145116346811044,2.0
64,Q-Learning,V2,"(63, 34)",5.789949395250822,False,0.0,18.0
64,Q-Learning,V3,"(97, 10)",9.778109560789993,True,12.535533905932738,2.0
64,Q-Learning,V4,"(84, 72)",4.621554135833225,True,1.0959002616512663,1.0
64,Q-Learning,V5,"(17, 30)",9.979247417233815,False,0.0,22.0
64,Q-Learning,V6,"(22, 99)",8.238782440545574,False,0.0,5.0
64,Q-Learning,V7,"(12, 64)",13.824047919677021,False,0.0,17.0
64,Q-Learning,V8,"(36, 65)",0.1491102153014765,True,3.3379549531991444,1.0
64,Q-Learning,V9,"(65, 12)",4.533456503882846,False,0.0,13.0
64,Q-Learning,V10,"(95, 100)",4.467959768092953,True,24.21233508288212,1.0
65,Greedy,V1,"(62, 49)",12.317361021557833,True,12.673909622147558,1.0
65,Greedy,V2,"(10, 66)",4.017754646268713,False,0.0,17.0
65,Greedy,V3,"(61, 6)",16.054191425823017,True,5.527692569068709,1.0
65,Greedy,V4,"(71, 92)",20.944527249663242,False,0.0,17.0
65,Greedy,V5,"(41, 59)",7.118979850187529,False,0.0,20.0
65,Greedy,V6,"(14, 69)",15.255426389567802,False,0.0,12.0
65,Greedy,V7,"(42, 30)",13.871756408729723,False,0.0,18.0
65,Greedy,V8,"(4, 87)",3.7944771566751427,False,0.0,3.0
65,Greedy,V9,"(58, 83)",1.7743661571883926,False,0.0,11.0
65,Greedy,V10,"(4, 24)",3.0061704893985777,True,24.562202374203345,1.0
65,Auction,V1,"(51, 32)",14.397892096303345,True,10.676462121975469,1.0
65,Auction,V2,"(63, 34)",0.189262723193508,False,0.0,13.0
65,Auction,V3,"(97, 10)",19.747561297467662,True,0.5355339059327378,1.0
65,Auction,V4,"(84, 72)",4.621554135833225,True,0.0959002616512663,1.0
65,Auction,V5,"(27, 73)",10.539973729475033,False,0.0,24.0
65,Auction,V6,"(65, 12)",6.5165911423545495,False,0.0,3.0
65,Auction,V7,"(38, 40)",5.306666870267463,True,5.346134936801768,15.0
65,Auction,V8,"(3, 88)",11.860730648297444,False,0.0,10.0
65,Auction,V9,"(29, 97)",21.55950312475815,False,0.0,31.0
65,Auction,V10,"(36, 65)",19.32747243430493,True,8.005206074732158,1.0
65,Q-Learning,V1,"(31, 75)",0.03048893342923975,True,26.145116346811044,2.0
65,Q-Learning,V2,"(63, 34)",5.789949395250822,False,0.0,19.0
65,Q-Learning,V3,"(97, 10)",9.778109560789993,True,11.535533905932738,2.0
65,Q-Learning,V4,"(84, 72)",4.621554135833225,True,0.0959002616512663,1.0
65,Q-Learning,V5,"(17, 30)",9.979247417233815,False,0.0,23.0
65,Q-Learning,V6,"(22, 99)",8.238782440545574,False,0.0,6.0
65,Q-Learning,V7,"(12, 64)",13.824047919677021,False,0.0,18.0
65,Q-Learning,V8,"(36, 65)",0.1491102153014765,True,2.3379549531991444,1.0
65,Q-Learning,V9,"(65, 12)",4.533456503882846,False,0.0,14.0
65,Q-Learning,V10,"(95, 100)",4.467959768092953,True,23.21233508288212,1.0
66,Greedy,V1,"(62, 49)",12.317361021557833,True,11.673909622147558,1.0
66,Greedy,V2,"(10, 66)",4.017754646268713,False,0.0,18.0
66,Greedy,V3,"(61, 6)",16.054191425823017,True,4.527692569068709,1.0
66,Greedy,V4,"(71, 92)",20.944527249663242,False,0.0,18.0
66,Greedy,V5,"(41, 59)",7.118979850187529,False,0.0,21.0
66,Greedy,V6,"(14, 69)",15.255426389567802,False,0.0,13.0
66,Greedy,V7,"(42, 30)",13.871756408729723,False,0.0,19.0
66,Greedy,V8,"(4, 87)",3.7944771566751427,False,0.0,4.0
66,Greedy,V9,"(58, 83)",1.7743661571883926,False,0.0,12.0
66,Greedy,V10,"(4, 24)",3.0061704893985777,True,23.562202374203345,1.0
66,Auction,V1,"(51, 32)",14.397892096303345,True,9.676462121975469,1.0
66,Auction,V2,"(63, 34)",0.189262723193508,False,0.0,14.0
66,Auction,V3,"(97, 10)",19.747561297467662,True,0.0,1.0
66,Auction,V4,"(84, 72)",4.621554135833225,True,0.0,1.0
66,Auction,V5,"(27, 73)",10.539973729475033,False,0.0,25.0
66,Auction,V6,"(65, 12)",6.5165911423545495,False,0.0,4.0
66,Auction,V7,"(38, 40)",5.306666870267463,True,4.346134936801768,15.0
66,Auction,V8,"(3, 88)",11.860730648297444,False,0.0,11.0
66,Auction,V9,"(29, 97)",21.55950312475815,False,0.0,32.0
66,Auction,V10,"(36, 65)",19.32747243430493,True,7.005206074732158,1.0
66,Q-Learning,V1,"(31, 75)",0.03048893342923975,True,25.145116346811044,2.0
66,Q-Learning,V2,"(63, 34)",5.789949395250822,False,0.0,20.0
66,Q-Learning,V3,"(97, 10)",9.778109560789993,True,10.535533905932738,2.0
66,Q-Learning,V4,"(84, 72)",4.621554135833225,True,0.0,1.0
66,Q-Learning,V5,"(17, 30)",9.979247417233815,False,0.0,24.0
66,Q-Learning,V6,"(22, 99)",8.238782440545574,False,0.0,7.0
66,Q-Learning,V7,"(12, 64)",13.824047919677021,False,0.0,19.0
66,Q-Learning,V8,"(36, 65)",0.1491102153014765,True,1.3379549531991444,1.0
66,Q-Learning,V9,"(65, 12)",4.533456503882846,False,0.0,15.0
66,Q-Learning,V10,"(95, 100)",4.467959768092953,True,22.21233508288212,1.0
67,Greedy,V1,"(62, 49)",12.317361021557833,True,10.673909622147558,1.0
67,Greedy,V2,"(10, 66)",4.017754646268713,False,0.0,19.0
67,Greedy,V3,"(61, 6)",16.054191425823017,True,3.5276925690687087,1.0
67,Greedy,V4,"(71, 92)",20.944527249663242,False,0.0,19.0
67,Greedy,V5,"(41, 59)",7.118979850187529,False,0.0,22.0
67,Greedy,V6,"(14, 69)",1.950540275244581,True,12.30488611432322,13.0
67,Greedy,V7,"(42, 30)",13.871756408729723,False,0.0,20.0
67,Greedy,V8,"(4, 87)",3.7944771566751427,False,0.0,5.0
67,Greedy,V9,"(58, 83)",1.7743661571883926,False,0.0,13.0
67,Greedy,V10,"(4, 24)",3.0061704893985777,True,22.562202374203345,1.0
67,Auction,V1,"(51, 32)",14.397892096303345,True,8.676462121975469,1.0
67,Auction,V2,"(63, 34)",0.189262723193508,False,0.0,15.0
67,Auction,V3,"(82, 8)",2.8559680536649665,True,15.891593243802696,1.0
67,Auction,V4,"(84, 72)",4.621554135833225,False,0.0,2.0
67,Auction,V5,"(27, 73)",10.539973729475033,False,0.0,26.0
67,Auction,V6,"(65, 12)",6.5165911423545495,False,0.0,5.0
67,Auction,V7,"(38, 40)",5.306666870267463,True,3.346134936801768,15.0
67,Auction,V8,"(3, 88)",11.860730648297444,False,0.0,12.0
67,Auction,V9,"(5, 67)",2.875754039838732,True,17.68374908491942,32.0
67,Auction,V10,"(36, 65)",19.32747243430493,True,6.005206074732158,1.0
67,Q-Learning,V1,"(31, 75)",0.03048893342923975,True,24.145116346811044,2.0
67,Q-Learning,V2,"(63, 34)",5.789949395250822,False,0.0,21.0
67,Q-Learning,V3,"(97, 10)",9.778109560789993,True,9.535533905932738,2.0
67,Q-Learning,V4,"(84, 72)",4.621554135833225,False,0.0,2.0
67,Q-Learning,V5,"(17, 30)",9.979247417233815,False,0.0,25.0
67,Q-Learning,V6,"(22, 99)",8.238782440545574,False,0.0,8.0
67,Q-Learning,V7,"(5, 67)",0.2854568843890508,True,12.53859103528797,19.0
67,Q-Learning,V8,"(36, 65)",0.1491102153014765,True,0.33795495319914437,1.0
67,Q-Learning,V9,"(65, 12)",4.533456503882846,False,0.0,16.0
67,Q-Learning,V10,"(95, 100)",4.467959768092953,True,21.21233508288212,1.0
68,Greedy,V1,"(62, 49)",12.317361021557833,True,9.673909622147558,1.0
68,Greedy,V2,"(10, 66)",4.017754646268713,False,0.0,20.0
68,Greedy,V3,"(61, 6)",16.054191425823017,True,2.5276925690687087,1.0
68,Greedy,V4,"(71, 92)",20.944527249663242,False,0.0,20.0
68,Greedy,V5,"(41, 59)",7.118979850187529,False,0.0,23.0
68,Greedy,V6,"(14, 69)",1.950540275244581,True,11.30488611432322,13.0
68,Greedy,V7,"(42, 30)",13.871756408729723,False,0.0,21.0
68,Greedy,V8,"(4, 87)",3.7944771566751427,False,0.0,6.0
68,Greedy,V9,"(58, 83)",1.7743661571883926,False,0.0,14.0
68,Greedy,V10,"(4, 24)",3.0061704893985777,True,21.562202374203345,1.0
68,Auction,V1,"(51, 32)",14.397892096303345,True,7.676462121975469,1.0
68,Auction,V2,"(63, 34)",0.189262723193508,False,0.0,16.0
68,Auction,V3,"(82, 8)",2.8559680536649665,True,14.891593243802696,1.0
68,Auction,V4,"(84, 72)",4.621554135833225,False,0.0,3.0
68,Auction,V5,"(27, 73)",10.539973729475033,False,0.0,27.0
68,Auction,V6,"(65, 12)",6.5165911423545495,False,0.0,6.0
68,Auction,V7,"(38, 40)",5.306666870267463,True,2.346134936801768,15.0
68,Auction,V8,"(3, 88)",11.860730648297444,False,0.0,13.0
68,Auction,V9,"(5, 67)",2.875754039838732,True,16.68374908491942,32.0
68,Auction,V10,"(36, 65)",19.32747243430493,True,5.005206074732158,1.0
68,Q-Learning,V1,"(31, 75)",0.03048893342923975,True,23.145116346811044,2.0
68,Q-Learning,V2,"(63, 34)",5.789949395250822,False,0.0,22.0
68,Q-Learning,V3,"(97, 10)",9.778109560789993,True,8.535533905932738,2.0
68,Q-Learning,V4,"(84, 72)",4.621554135833225,False,0.0,3.0
68,Q-Learning,V5,"(17, 30)",9.979247417233815,False,0.0,26.0
68,Q-Learning,V6,"(22, 99)",8.238782440545574,False,0.0,9.0
68,Q-Learning,V7,"(5, 67)",0.2854568843890508,True,11.53859103528797,19.0
68,Q-Learning,V8,"(36, 65)",0.1491102153014765,True,0.0,1.0
68,Q-Learning,V9,"(65, 12)",4.533456503882846,False,0.0,17.0
68,Q-Learning,V10,"(95, 100)",4.467959768092953,True,20.21233508288212,1.0
69,Greedy,V1,"(62, 49)",12.317361021557833,True,8.673909622147558,1.0
69,Greedy,V2,"(10, 66)",4.017754646268713,False,0.0,21.0
69,Greedy,V3,"(61, 6)",16.054191425823017,True,1.5276925690687087,1.0
69,Greedy,V4,"(71, 92)",20.944527249663242,False,0.0,21.0
69,Greedy,V5,"(41, 59)",7.118979850187529,False,0.0,24.0
69,Greedy,V6,"(14, 69)",1.950540275244581,True,10.30488611432322,13.0
69,Greedy,V7,"(42, 30)",13.871756408729723,False,0.0,22.0
69,Greedy,V8,"(4, 87)",3.7944771566751427,False,0.0,7.0
69,Greedy,V9,"(58, 83)",1.7743661571883926,False,0.0,15.0
69,Greedy,V10,"(4, 24)",3.0061704893985777,True,20.562202374203345,1.0
69,Auction,V1,"(51, 32)",14.397892096303345,True,6.676462121975469,1.0
69,Auction,V2,"(63, 34)",0.189262723193508,False,0.0,17.0
69,Auction,V3,"(82, 8)",2.8559680536649665,True,13.891593243802696,1.0
69,Auction,V4,"(84, 72)",4.621554135833225,False,0.0,4.0
69,Auction,V5,"(27, 73)",10.539973729475033,False,0.0,28.0
69,Auction,V6,"(65, 12)",6.5165911423545495,False,0.0,7.0
69,Auction,V7,"(38, 40)",5.306666870267463,True,1.3461349368017679,15.0
69,Auction,V8,"(3, 88)",11.860730648297444,False,0.0,14.0
69,Auction,V9,"(5, 67)",2.875754039838732,True,15.68374908491942,32.0
69,Auction,V10,"(36, 65)",19.32747243430493,True,4.005206074732158,1.0
69,Q-Learning,V1,"(31, 75)",0.03048893342923975,True,22.145116346811044,2.0
69,Q-Learning,V2,"(63, 34)",5.789949395250822,False,0.0,23.0
69,Q-Learning,V3,"(97, 10)",9.778109560789993,True,7.535533905932738,2.0
69,Q-Learning,V4,"(84, 72)",4.621554135833225,False,0.0,4.0
69,Q-Learning,V5,"(17, 30)",9.979247417233815,False,0.0,27.0
69,Q-Learning,V6,"(22, 99)",8.238782440545574,False,0.0,10.0
69,Q-Learning,V7,"(5, 67)",0.2854568843890508,True,10.53859103528797,19.0
69,Q-Learning,V8,"(36, 65)",0.1491102153014765,False,0.0,2.0
69,Q-Learning,V9,"(65, 12)",4.533456503882846,False,0.0,18.0
69,Q-Learning,V10,"(95, 100)",4.467959768092953,True,19.21233508288212,1.0
70,Greedy,V1,"(62, 49)",12.317361021557833,True,7.6739096221475585,1.0
70,Greedy,V2,"(10, 66)",4.017754646268713,False,0.0,22.0
70,Greedy,V3,"(61, 6)",16.054191425823017,True,0.5276925690687087,1.0
70,Greedy,V4,"(71, 92)",20.944527249663242,False,0.0,22.0
70,Greedy,V5,"(41, 59)",7.118979850187529,False,0.0,25.0
70,Greedy,V6,"(14, 69)",1.950540275244581,True,9.30488611432322,13.0
70,Greedy,V7,"(42, 30)",13.871756408729723,False,0.0,23.0
70,Greedy,V8,"(4, 87)",3.7944771566751427,False,0.0,8.0
70,Greedy,V9,"(58, 83)",1.7743661571883926,False,0.0,16.0
70,Greedy,V10,"(4, 24)",3.0061704893985777,True,19.562202374203345,1.0
70,Auction,V1,"(51, 32)",14.397892096303345,True,5.676462121975469,1.0
70,Auction,V2,"(63, 34)",0.189262723193508,False,0.0,18.0
70,Auction,V3,"(82, 8)",2.8559680536649665,True,12.891593243802696,1.0
70,Auction,V4,"(84, 72)",4.621554135833225,False,0.0,5.0
70,Auction,V5,"(27, 73)",10.539973729475033,False,0.0,29.0
70,Auction,V6,"(65, 12)",6.5165911423545495,False,0.0,8.0
70,Auction,V7,"(38, 40)",5.306666870267463,True,0.3461349368017679,15.0
70,Auction,V8,"(3, 88)",11.860730648297444,False,0.0,15.0
70,Auction,V9,"(5, 67)",2.875754039838732,True,14.68374908491942,32.0
70,Auction,V10,"(36, 65)",19.32747243430493,True,3.0052060747321576,1.0
70,Q-Learning,V1,"(31, 75)",0.03048893342923975,True,21.145116346811044,2.0
70,Q-Learning,V2,"(63, 34)",5.789949395250822,False,0.0,24.0
70,Q-Learning,V3,"(97, 10)",9.778109560789993,True,6.535533905932738,2.0
70,Q-Learning,V4,"(84, 72)",4.621554135833225,False,0.0,5.0
70,Q-Learning,V5,"(17, 30)",9.979247417233815,False,0.0,28.0
70,Q-Learning,V6,"(22, 99)",8.238782440545574,False,0.0,11.0
70,Q-Learning,V7,"(5, 67)",0.2854568843890508,True,9.53859103528797,19.0
70,Q-Learning,V8,"(36, 65)",0.1491102153014765,False,0.0,3.0
70,Q-Learning,V9,"(65, 12)",4.533456503882846,False,0.0,19.0
70,Q-Learning,V10,"(95, 100)",4.467959768092953,True,18.21233508288212,1.0
71,Greedy,V1,"(62, 49)",12.317361021557833,True,6.6739096221475585,1.0
71,Greedy,V2,"(10, 66)",4.017754646268713,False,0.0,23.0
71,Greedy,V3,"(61, 6)",16.054191425823017,True,0.0,1.0
71,Greedy,V4,"(71, 92)",20.944527249663242,False,0.0,23.0
71,Greedy,V5,"(41, 59)",7.118979850187529,False,0.0,26.0
71,Greedy,V6,"(14, 69)",1.950540275244581,True,8.30488611432322,13.0
71,Greedy,V7,"(42, 30)",13.871756408729723,False,0.0,24.0
71,Greedy,V8,"(4, 87)",3.7944771566751427,False,0.0,9.0
71,Greedy,V9,"(58, 83)",1.7743661571883926,False,0.0,17.0
71,Greedy,V10,"(4, 24)",3.0061704893985777,True,18.562202374203345,1.0
71,Auction,V1,"(51, 32)",14.397892096303345,True,4.676462121975469,1.0
71,Auction,V2,"(63, 34)",0.189262723193508,False,0.0,19.0
71,Auction,V3,"(82, 8)",2.8559680536649665,True,11.891593243802696,1.0
71,Auction,V4,"(84, 72)",4.621554135833225,False,0.0,6.0
71,Auction,V5,"(27, 73)",10.539973729475033,False,0.0,30.0
71,Auction,V6,"(65, 12)",6.5165911423545495,False,0.0,9.0
71,Auction,V7,"(38, 40)",5.306666870267463,True,0.0,15.0
71,Auction,V8,"(3, 88)",11.860730648297444,False,0.0,16.0
71,Auction,V9,"(5, 67)",2.875754039838732,True,13.68374908491942,32.0
71,Auction,V10,"(36, 65)",19.32747243430493,True,2.0052060747321576,1.0
71,Q-Learning,V1,"(31, 75)",0.03048893342923975,True,20.145116346811044,2.0
71,Q-Learning,V2,"(63, 34)",5.789949395250822,False,0.0,25.0
71,Q-Learning,V3,"(97, 10)",9.778109560789993,True,5.535533905932738,2.0
71,Q-Learning,V4,"(84, 72)",4.621554135833225,False,0.0,6.0
71,Q-Learning,V5,"(17, 30)",9.979247417233815,False,0.0,29.0
71,Q-Learning,V6,"(22, 99)",8.238782440545574,False,0.0,12.0
71,Q-Learning,V7,"(5, 67)",0.2854568843890508,True,8.53859103528797,19.0
71,Q-Learning,V8,"(36, 65)",0.1491102153014765,False,0.0,4.0
71,Q-Learning,V9,"(65, 12)",4.533456503882846,False,0.0,20.0
71,Q-Learning,V10,"(95, 100)",4.467959768092953,True,17.21233508288212,1.0
72,Greedy,V1,"(62, 49)",12.317361021557833,True,5.6739096221475585,1.0
72,Greedy,V2,"(10, 66)",4.017754646268713,False,0.0,24.0
72,Greedy,V3,"(61, 6)",16.054191425823017,False,0.0,2.0
72,Greedy,V4,"(71, 92)",20.944527249663242,False,0.0,24.0
72,Greedy,V5,"(41, 59)",7.118979850187529,False,0.0,27.0
72,Greedy,V6,"(14, 69)",1.950540275244581,True,7.304886114323221,13.0
72,Greedy,V7,"(42, 30)",13.871756408729723,False,0.0,25.0
72,Greedy,V8,"(4, 87)",3.7944771566751427,False,0.0,10.0
72,Greedy,V9,"(58, 83)",1.7743661571883926,False,0.0,18.0
72,Greedy,V10,"(4, 24)",3.0061704893985777,True,17.562202374203345,1.0
72,Auction,V1,"(51, 32)",14.397892096303345,True,3.6764621219754687,1.0
72,Auction,V2,"(63, 34)",0.189262723193508,False,0.0,20.0
72,Auction,V3,"(82, 8)",2.8559680536649665,True,10.891593243802696,1.0
72,Auction,V4,"(84, 72)",4.621554135833225,False,0.0,7.0
72,Auction,V5,"(27, 73)",10.539973729475033,False,0.0,31.0
72,Auction,V6,"(65, 12)",6.5165911423545495,False,0.0,10.0
72,Auction,V7,"(38, 40)",5.306666870267463,False,0.0,16.0
72,Auction,V8,"(3, 88)",11.860730648297444,False,0.0,17.0
72,Auction,V9,"(5, 67)",2.875754039838732,True,12.68374908491942,32.0
72,Auction,V10,"(36, 65)",19.32747243430493,True,1.0052060747321576,1.0
72,Q-Learning,V1,"(31, 75)",0.03048893342923975,True,19.145116346811044,2.0
72,Q-Learning,V2,"(63, 34)",5.789949395250822,False,0.0,26.0
72,Q-Learning,V3,"(97, 10)",9.778109560789993,True,4.535533905932738,2.0
72,Q-Learning,V4,"(84, 72)",4.621554135833225,False,0.0,7.0
72,Q-Learning,V5,"(17, 30)",9.979247417233815,False,0.0,30.0
72,Q-Learning,V6,"(22, 99)",8.238782440545574,False,0.0,13.0
72,Q-Learning,V7,"(5, 67)",0.2854568843890508,True,7.53859103528797,19.0
72,Q-Learning,V8,"(36, 65)",0.1491102153014765,False,0.0,5.0
72,Q-Learning,V9,"(65, 12)",4.533456503882846,False,0.0,21.0
72,Q-Learning,V10,"(95, 100)",4.467959768092953,True,16.21233508288212,1.0
73,Greedy,V1,"(62, 49)",12.317361021557833,True,4.6739096221475585,1.0
73,Greedy,V2,"(10, 66)",4.017754646268713,False,0.0,25.0
73,Greedy,V3,"(61, 6)",16.054191425823017,False,0.0,3.0
73,Greedy,V4,"(71, 92)",20.944527249663242,False,0.0,25.0
73,Greedy,V5,"(41, 59)",7.118979850187529,False,0.0,28.0
73,Greedy,V6,"(14, 69)",1.950540275244581,True,6.304886114323221,13.0
73,Greedy,V7,"(42, 30)",13.871756408729723,False,0.0,26.0
73,Greedy,V8,"(4, 87)",3.7944771566751427,False,0.0,11.0
73,Greedy,V9,"(58, 83)",1.7743661571883926,False,0.0,19.0
73,Greedy,V10,"(4, 24)",3.0061704893985777,True,16.562202374203345,1.0
73,Auction,V1,"(51, 32)",14.397892096303345,True,2.6764621219754687,1.0
73,Auction,V2,"(63, 34)",0.189262723193508,False,0.0,21.0
73,Auction,V3,"(82, 8)",2.8559680536649665,True,9.891593243802696,1.0
73,Auction,V4,"(84, 72)",4.621554135833225,False,0.0,8.0
73,Auction,V5,"(27, 73)",10.539973729475033,False,0.0,32.0
73,Auction,V6,"(65, 12)",6.5165911423545495,False,0.0,11.0
73,Auction,V7,"(38, 40)",5.306666870267463,False,0.0,17.0
73,Auction,V8,"(3, 88)",11.860730648297444,False,0.0,18.0
73,Auction,V9,"(5, 67)",2.875754039838732,True,11.68374908491942,32.0
73,Auction,V10,"(36, 65)",19.32747243430493,True,0.005206074732157617,1.0
73,Q-Learning,V1,"(31, 75)",0.03048893342923975,True,18.145116346811044,2.0
73,Q-Learning,V2,"(63, 34)",5.789949395250822,False,0.0,27.0
73,Q-Learning,V3,"(97, 10)",9.778109560789993,True,3.5355339059327378,2.0
73,Q-Learning,V4,"(84, 72)",4.621554135833225,False,0.0,8.0
73,Q-Learning,V5,"(17, 30)",9.979247417233815,False,0.0,31.0
73,Q-Learning,V6,"(22, 99)",8.238782440545574,False,0.0,14.0
73,Q-Learning,V7,"(5, 67)",0.2854568843890508,True,6.53859103528797,19.0
73,Q-Learning,V8,"(36, 65)",0.1491102153014765,False,0.0,6.0
73,Q-Learning,V9,"(65, 12)",4.533456503882846,False,0.0,22.0
73,Q-Learning,V10,"(95, 100)",4.467959768092953,True,15.21233508288212,1.0
74,Greedy,V1,"(62, 49)",12.317361021557833,True,3.6739096221475585,1.0
74,Greedy,V2,"(10, 66)",4.017754646268713,False,0.0,26.0
74,Greedy,V3,"(61, 6)",16.054191425823017,False,0.0,4.0
74,Greedy,V4,"(71, 92)",6.526382842788337,True,13.418144406874905,25.0
74,Greedy,V5,"(41, 59)",7.118979850187529,False,0.0,29.0
74,Greedy,V6,"(14, 69)",1.950540275244581,True,5.304886114323221,13.0
74,Greedy,V7,"(42, 30)",13.871756408729723,False,0.0,27.0
74,Greedy,V8,"(4, 87)",3.7944771566751427,False,0.0,12.0
74,Greedy,V9,"(58, 83)",1.7743661571883926,False,0.0,20.0
74,Greedy,V10,"(4, 24)",3.0061704893985777,True,15.562202374203345,1.0
74,Auction,V1,"(51, 32)",14.397892096303345,True,1.6764621219754687,1.0
74,Auction,V2,"(63, 34)",0.189262723193508,False,0.0,22.0
74,Auction,V3,"(82, 8)",2.8559680536649665,True,8.891593243802696,1.0
74,Auction,V4,"(84, 72)",4.621554135833225,False,0.0,9.0
74,Auction,V5,"(27, 73)",10.539973729475033,False,0.0,33.0
74,Auction,V6,"(65, 12)",6.5165911423545495,False,0.0,12.0
74,Auction,V7,"(38, 40)",5.306666870267463,False,0.0,18.0
74,Auction,V8,"(3, 88)",11.860730648297444,False,0.0,19.0
74,Auction,V9,"(5, 67)",2.875754039838732,True,10.68374908491942,32.0
74,Auction,V10,"(36, 65)",19.32747243430493,True,0.0,1.0
74,Q-Learning,V1,"(31, 75)",0.03048893342923975,True,17.145116346811044,2.0
74,Q-Learning,V2,"(63, 34)",5.789949395250822,False,0.0,28.0
74,Q-Learning,V3,"(97, 10)",9.778109560789993,True,2.5355339059327378,2.0
74,Q-Learning,V4,"(84, 72)",4.621554135833225,False,0.0,9.0
74,Q-Learning,V5,"(17, 30)",9.979247417233815,False,0.0,32.0
74,Q-Learning,V6,"(22, 99)",8.238782440545574,False,0.0,15.0
74,Q-Learning,V7,"(5, 67)",0.2854568843890508,True,5.53859103528797,19.0
74,Q-Learning,V8,"(36, 65)",0.1491102153014765,False,0.0,7.0
74,Q-Learning,V9,"(65, 12)",4.533456503882846,False,0.0,23.0
74,Q-Learning,V10,"(95, 100)",4.467959768092953,True,14.21233508288212,1.0
75,Greedy,V1,"(62, 49)",12.317361021557833,True,2.6739096221475585,1.0
75,Greedy,V2,"(10, 66)",4.017754646268713,False,0.0,27.0
75,Greedy,V3,"(61, 6)",16.054191425823017,False,0.0,5.0
75,Greedy,V4,"(71, 92)",6.526382842788337,True,12.418144406874905,25.0
75,Greedy,V5,"(41, 59)",7.118979850187529,False,0.0,30.0
75,Greedy,V6,"(14, 69)",1.950540275244581,True,4.304886114323221,13.0
75,Greedy,V7,"(42, 30)",13.871756408729723,False,0.0,28.0
75,Greedy,V8,"(4, 87)",3.7944771566751427,False,0.0,13.0
75,Greedy,V9,"(58, 83)",1.7743661571883926,False,0.0,21.0
75,Greedy,V10,"(4, 24)",3.0061704893985777,True,14.562202374203345,1.0
75,Auction,V1,"(51, 32)",14.397892096303345,True,0.6764621219754687,1.0
75,Auction,V2,"(63, 34)",0.189262723193508,False,0.0,23.0
75,Auction,V3,"(82, 8)",2.8559680536649665,True,7.891593243802696,1.0
75,Auction,V4,"(84, 72)",4.621554135833225,False,0.0,10.0
75,Auction,V5,"(27, 73)",10.539973729475033,False,0.0,34.0
75,Auction,V6,"(65, 12)",6.5165911423545495,False,0.0,13.0
75,Auction,V7,"(38, 40)",5.306666870267463,False,0.0,19.0
75,Auction,V8,"(3, 88)",11.860730648297444,False,0.0,20.0
75,Auction,V9,"(5, 67)",2.875754039838732,True,9.68374908491942,32.0
75,Auction,V10,"(36, 65)",19.32747243430493,False,0.0,2.0
75,Q-Learning,V1,"(31, 75)",0.03048893342923975,True,16.145116346811044,2.0
75,Q-Learning,V2,"(63, 34)",5.789949395250822,False,0.0,29.0
75,Q-Learning,V3,"(97, 10)",9.778109560789993,True,1.5355339059327378,2.0
75,Q-Learning,V4,"(84, 72)",4.621554135833225,False,0.0,10.0
75,Q-Learning,V5,"(17, 30)",9.979247417233815,False,0.0,33.0
75,Q-Learning,V6,"(22, 99)",8.238782440545574,False,0.0,16.0
75,Q-Learning,V7,"(5, 67)",0.2854568843890508,True,4.53859103528797,19.0
75,Q-Learning,V8,"(36, 65)",0.1491102153014765,False,0.0,8.0
75,Q-Learning,V9,"(65, 12)",4.533456503882846,False,0.0,24.0
75,Q-Learning,V10,"(95, 100)",4.467959768092953,True,13.21233508288212,1.0
76,Greedy,V1,"(62, 49)",12.317361021557833,True,1.6739096221475585,1.0
76,Greedy,V2,"(10, 66)",4.017754646268713,False,0.0,28.0
76,Greedy,V3,"(61, 6)",16.054191425823017,False,0.0,6.0
76,Greedy,V4,"(71, 92)",6.526382842788337,True,11.418144406874905,25.0
76,Greedy,V5,"(41, 59)",7.118979850187529,False,0.0,31.0
76,Greedy,V6,"(14, 69)",1.950540275244581,True,3.304886114323221,13.0
76,Greedy,V7,"(42, 30)",13.871756408729723,False,0.0,29.0
76,Greedy,V8,"(4, 87)",3.7944771566751427,False,0.0,14.0
76,Greedy,V9,"(58, 83)",1.7743661571883926,False,0.0,22.0
76,Greedy,V10,"(4, 24)",3.0061704893985777,True,13.562202374203345,1.0
76,Auction,V1,"(51, 32)",14.397892096303345,True,0.0,1.0
76,Auction,V2,"(63, 34)",0.189262723193508,False,0.0,24.0
76,Auction,V3,"(82, 8)",2.8559680536649665,True,6.891593243802696,1.0
76,Auction,V4,"(84, 72)",4.621554135833225,False,0.0,11.0
76,Auction,V5,"(27, 73)",10.539973729475033,False,0.0,35.0
76,Auction,V6,"(65, 12)",6.5165911423545495,False,0.0,14.0
76,Auction,V7,"(38, 40)",5.306666870267463,False,0.0,20.0
76,Auction,V8,"(3, 88)",11.860730648297444,False,0.0,21.0
76,Auction,V9,"(5, 67)",2.875754039838732,True,8.68374908491942,32.0
76,Auction,V10,"(36, 65)",19.32747243430493,False,0.0,3.0
76,Q-Learning,V1,"(31, 75)",0.03048893342923975,True,15.145116346811044,2.0
76,Q-Learning,V2,"(63, 34)",5.789949395250822,False,0.0,30.0
76,Q-Learning,V3,"(97, 10)",9.778109560789993,True,0.5355339059327378,2.0
76,Q-Learning,V4,"(84, 72)",4.621554135833225,False,0.0,11.0
76,Q-Learning,V5,"(17, 30)",9.979247417233815,False,0.0,34.0
76,Q-Learning,V6,"(22, 99)",8.238782440545574,False,0.0,17.0
76,Q-Learning,V7,"(5, 67)",0.2854568843890508,True,3.53859103528797,19.0
76,Q-Learning,V8,"(36, 65)",0.1491102153014765,False,0.0,9.0
76,Q-Learning,V9,"(65, 12)",4.533456503882846,False,0.0,25.0
76,Q-Learning,V10,"(95, 100)",4.467959768092953,True,12.21233508288212,1.0
77,Greedy,V1,"(62, 49)",12.317361021557833,True,0.6739096221475585,1.0
77,Greedy,V2,"(10, 66)",4.017754646268713,False,0.0,29.0
77,Greedy,V3,"(61, 6)",16.054191425823017,False,0.0,7.0
77,Greedy,V4,"(71, 92)",6.526382842788337,True,10.418144406874905,25.0
77,Greedy,V5,"(41, 59)",7.118979850187529,False,0.0,32.0
77,Greedy,V6,"(14, 69)",1.950540275244581,True,2.304886114323221,13.0
77,Greedy,V7,"(42, 30)",13.871756408729723,False,0.0,30.0
77,Greedy,V8,"(4, 87)",3.7944771566751427,False,0.0,15.0
77,Greedy,V9,"(58, 83)",1.7743661571883926,False,0.0,23.0
77,Greedy,V10,"(4, 24)",3.0061704893985777,True,12.562202374203345,1.0
77,Auction,V1,"(51, 32)",14.397892096303345,False,0.0,2.0
77,Auction,V2,"(63, 34)",0.189262723193508,False,0.0,25.0
77,Auction,V3,"(82, 8)",2.8559680536649665,True,5.891593243802696,1.0
77,Auction,V4,"(84, 72)",4.621554135833225,False,0.0,12.0
77,Auction,V5,"(27, 73)",10.539973729475033,False,0.0,36.0
77,Auction,V6,"(65, 12)",6.5165911423545495,False,0.0,15.0
77,Auction,V7,"(38, 40)",5.306666870267463,False,0.0,21.0
77,Auction,V8,"(3, 88)",11.860730648297444,False,0.0,22.0
77,Auction,V9,"(5, 67)",2.875754039838732,True,7.68374908491942,32.0
77,Auction,V10,"(36, 65)",19.32747243430493,False,0.0,4.0
77,Q-Learning,V1,"(31, 75)",0.03048893342923975,True,14.145116346811044,2.0
77,Q-Learning,V2,"(63, 34)",5.789949395250822,False,0.0,31.0
77,Q-Learning,V3,"(97, 10)",9.778109560789993,True,0.0,2.0
77,Q-Learning,V4,"(84, 72)",4.621554135833225,False,0.0,12.0
77,Q-Learning,V5,"(17, 30)",9.979247417233815,False,0.0,35.0
77,Q-Learning,V6,"(22, 99)",8.238782440545574,False,0.0,18.0
77,Q-Learning,V7,"(5, 67)",0.2854568843890508,True,2.53859103528797,19.0
77,Q-Learning,V8,"(36, 65)",0.1491102153014765,False,0.0,10.0
77,Q-Learning,V9,"(65, 12)",4.533456503882846,False,0.0,26.0
77,Q-Learning,V10,"(95, 100)",4.467959768092953,True,11.21233508288212,1.0
78,Greedy,V1,"(62, 49)",12.317361021557833,True,0.0,1.0
78,Greedy,V2,"(10, 66)",4.017754646268713,False,0.0,30.0
78,Greedy,V3,"(61, 6)",16.054191425823017,False,0.0,8.0
78,Greedy,V4,"(71, 92)",6.526382842788337,True,9.418144406874905,25.0
78,Greedy,V5,"(41, 59)",7.118979850187529,False,0.0,33.0
78,Greedy,V6,"(14, 69)",1.950540275244581,True,1.3048861143232209,13.0
78,Greedy,V7,"(42, 30)",13.871756408729723,False,0.0,31.0
78,Greedy,V8,"(4, 87)",3.7944771566751427,False,0.0,16.0
78,Greedy,V9,"(58, 83)",1.7743661571883926,False,0.0,24.0
78,Greedy,V10,"(4, 24)",3.0061704893985777,True,11.562202374203345,1.0
78,Auction,V1,"(51, 32)",14.397892096303345,False,0.0,3.0
78,Auction,V2,"(63, 34)",0.189262723193508,False,0.0,26.0
78,Auction,V3,"(82, 8)",2.8559680536649665,True,4.891593243802696,1.0
78,Auction,V4,"(84, 72)",4.621554135833225,False,0.0,13.0
78,Auction,V5,"(27, 73)",10.539973729475033,False,0.0,37.0
78,Auction,V6,"(65, 12)",6.5165911423545495,False,0.0,16.0
78,Auction,V7,"(38, 40)",5.306666870267463,False,0.0,22.0
78,Auction,V8,"(3, 88)",11.860730648297444,False,0.0,23.0
78,Auction,V9,"(5, 67)",2.875754039838732,True,6.68374908491942,32.0
78,Auction,V10,"(36, 65)",19.32747243430493,False,0.0,5.0
78,Q-Learning,V1,"(31, 75)",0.03048893342923975,True,13.145116346811044,2.0
78,Q-Learning,V2,"(63, 34)",5.789949395250822,False,0.0,32.0
78,Q-Learning,V3,"(97, 10)",9.778109560789993,False,0.0,3.0
78,Q-Learning,V4,"(84, 72)",4.621554135833225,False,0.0,13.0
78,Q-Learning,V5,"(17, 30)",9.979247417233815,False,0.0,36.0
78,Q-Learning,V6,"(22, 99)",8.238782440545574,False,0.0,19.0
78,Q-Learning,V7,"(5, 67)",0.2854568843890508,True,1.5385910352879701,19.0
78,Q-Learning,V8,"(36, 65)",0.1491102153014765,False,0.0,11.0
78,Q-Learning,V9,"(65, 12)",4.533456503882846,False,0.0,27.0
78,Q-Learning,V10,"(95, 100)",4.467959768092953,True,10.21233508288212,1.0
79,Greedy,V1,"(62, 49)",12.317361021557833,False,0.0,2.0
79,Greedy,V2,"(10, 66)",4.017754646268713,False,0.0,31.0
79,Greedy,V3,"(61, 6)",16.054191425823017,False,0.0,9.0
79,Greedy,V4,"(71, 92)",6.526382842788337,True,8.418144406874905,25.0
79,Greedy,V5,"(41, 59)",7.118979850187529,False,0.0,34.0
79,Greedy,V6,"(14, 69)",1.950540275244581,True,0.3048861143232209,13.0
79,Greedy,V7,"(42, 30)",13.871756408729723,False,0.0,32.0
79,Greedy,V8,"(4, 87)",3.7944771566751427,False,0.0,17.0
79,Greedy,V9,"(58, 83)",1.7743661571883926,False,0.0,25.0
79,Greedy,V10,"(4, 24)",3.0061704893985777,True,10.562202374203345,1.0
79,Auction,V1,"(51, 32)",14.397892096303345,False,0.0,4.0
79,Auction,V2,"(63, 34)",0.189262723193508,False,0.0,27.0
79,Auction,V3,"(82, 8)",2.8559680536649665,True,3.8915932438026957,1.0
79,Auction,V4,"(84, 72)",4.621554135833225,False,0.0,14.0
79,Auction,V5,"(27, 73)",10.539973729475033,False,0.0,38.0
79,Auction,V6,"(65, 12)",6.5165911423545495,False,0.0,17.0
79,Auction,V7,"(38, 40)",5.306666870267463,False,0.0,23.0
79,Auction,V8,"(3, 88)",11.860730648297444,False,0.0,24.0
79,Auction,V9,"(5, 67)",2.875754039838732,True,5.68374908491942,32.0
79,Auction,V10,"(36, 65)",19.32747243430493,False,0.0,6.0
79,Q-Learning,V1,"(31, 75)",0.03048893342923975,True,12.145116346811044,2.0
79,Q-Learning,V2,"(63, 34)",5.789949395250822,False,0.0,33.0
79,Q-Learning,V3,"(97, 10)",9.778109560789993,False,0.0,4.0
79,Q-Learning,V4,"(84, 72)",4.621554135833225,False,0.0,14.0
79,Q-Learning,V5,"(17, 30)",9.979247417233815,False,0.0,37.0
79,Q-Learning,V6,"(22, 99)",8.238782440545574,False,0.0,20.0
79,Q-Learning,V7,"(5, 67)",0.2854568843890508,True,0.5385910352879701,19.0
79,Q-Learning,V8,"(36, 65)",0.1491102153014765,False,0.0,12.0
79,Q-Learning,V9,"(65, 12)",4.533456503882846,False,0.0,28.0
79,Q-Learning,V10,"(95, 100)",4.467959768092953,True,9.21233508288212,1.0
80,Greedy,V1,"(62, 49)",12.317361021557833,False,0.0,3.0
80,Greedy,V2,"(10, 66)",4.017754646268713,False,0.0,32.0
80,Greedy,V3,"(61, 6)",16.054191425823017,False,0.0,10.0
80,Greedy,V4,"(71, 92)",6.526382842788337,True,7.418144406874905,25.0
80,Greedy,V5,"(41, 59)",7.118979850187529,False,0.0,35.0
80,Greedy,V6,"(14, 69)",1.950540275244581,True,0.0,13.0
80,Greedy,V7,"(42, 30)",13.871756408729723,False,0.0,33.0
80,Greedy,V8,"(4, 87)",3.7944771566751427,False,0.0,18.0
80,Greedy,V9,"(58, 83)",1.7743661571883926,False,0.0,26.0
80,Greedy,V10,"(4, 24)",3.0061704893985777,True,9.562202374203345,1.0
80,Auction,V1,"(51, 32)",14.397892096303345,False,0.0,5.0
80,Auction,V2,"(63, 34)",0.189262723193508,False,0.0,28.0
80,Auction,V3,"(82, 8)",2.8559680536649665,True,2.8915932438026957,1.0
80,Auction,V4,"(84, 72)",4.621554135833225,False,0.0,15.0
80,Auction,V5,"(27, 73)",10.539973729475033,False,0.0,39.0
80,Auction,V6,"(65, 12)",6.5165911423545495,False,0.0,18.0
80,Auction,V7,"(38, 40)",5.306666870267463,False,0.0,24.0
80,Auction,V8,"(3, 88)",11.860730648297444,False,0.0,25.0
80,Auction,V9,"(5, 67)",2.875754039838732,True,4.68374908491942,32.0
80,Auction,V10,"(36, 65)",19.32747243430493,False,0.0,7.0
80,Q-Learning,V1,"(31, 75)",0.03048893342923975,True,11.145116346811044,2.0
80,Q-Learning,V2,"(63, 34)",5.789949395250822,False,0.0,34.0
80,Q-Learning,V3,"(97, 10)",9.778109560789993,False,0.0,5.0
80,Q-Learning,V4,"(84, 72)",4.621554135833225,False,0.0,15.0
80,Q-Learning,V5,"(17, 30)",9.979247417233815,False,0.0,38.0
80,Q-Learning,V6,"(22, 99)",8.238782440545574,False,0.0,21.0
80,Q-Learning,V7,"(5, 67)",0.2854568843890508,True,0.0,19.0
80,Q-Learning,V8,"(36, 65)",0.1491102153014765,False,0.0,13.0
80,Q-Learning,V9,"(65, 12)",4.533456503882846,False,0.0,29.0
80,Q-Learning,V10,"(95, 100)",4.467959768092953,True,8.21233508288212,1.0
81,Greedy,V1,"(62, 49)",12.317361021557833,False,0.0,4.0
81,Greedy,V2,"(10, 66)",4.017754646268713,False,0.0,33.0
81,Greedy,V3,"(61, 6)",16.054191425823017,False,0.0,11.0
81,Greedy,V4,"(71, 92)",6.526382842788337,True,6.418144406874905,25.0
81,Greedy,V5,"(41, 59)",7.118979850187529,False,0.0,36.0
81,Greedy,V6,"(14, 69)",1.950540275244581,False,0.0,14.0
81,Greedy,V7,"(42, 30)",13.871756408729723,False,0.0,34.0
81,Greedy,V8,"(4, 87)",3.7944771566751427,False,0.0,19.0
81,Greedy,V9,"(58, 83)",1.7743661571883926,False,0.0,27.0
81,Greedy,V10,"(4, 24)",3.0061704893985777,True,8.562202374203345,1.0
81,Auction,V1,"(51, 32)",14.397892096303345,False,0.0,6.0
81,Auction,V2,"(63, 34)",0.189262723193508,False,0.0,29.0
81,Auction,V3,"(82, 8)",2.8559680536649665,True,1.8915932438026957,1.0
81,Auction,V4,"(84, 72)",4.621554135833225,False,0.0,16.0
81,Auction,V5,"(27, 73)",10.539973729475033,False,0.0,40.0
81,Auction,V6,"(65, 12)",6.5165911423545495,False,0.0,19.0
81,Auction,V7,"(38, 40)",5.306666870267463,False,0.0,25.0
81,Auction,V8,"(3, 88)",11.860730648297444,False,0.0,26.0
81,Auction,V9,"(5, 67)",2.875754039838732,True,3.6837490849194197,32.0
81,Auction,V10,"(36, 65)",19.32747243430493,False,0.0,8.0
81,Q-Learning,V1,"(31, 75)",0.03048893342923975,True,10.145116346811044,2.0
81,Q-Learning,V2,"(63, 34)",5.789949395250822,False,0.0,35.0
81,Q-Learning,V3,"(97, 10)",9.778109560789993,False,0.0,6.0
81,Q-Learning,V4,"(84, 72)",4.621554135833225,False,0.0,16.0
81,Q-Learning,V5,"(17, 30)",9.979247417233815,False,0.0,39.0
81,Q-Learning,V6,"(22, 99)",8.238782440545574,False,0.0,22.0
81,Q-Learning,V7,"(5, 67)",0.2854568843890508,False,0.0,20.0
81,Q-Learning,V8,"(36, 65)",0.1491102153014765,False,0.0,14.0
81,Q-Learning,V9,"(65, 12)",4.533456503882846,False,0.0,30.0
81,Q-Learning,V10,"(95, 100)",4.467959768092953,True,7.21233508288212,1.0
82,Greedy,V1,"(62, 49)",12.317361021557833,False,0.0,5.0
82,Greedy,V2,"(10, 66)",4.017754646268713,False,0.0,34.0
82,Greedy,V3,"(61, 6)",16.054191425823017,False,0.0,12.0
82,Greedy,V4,"(71, 92)",6.526382842788337,True,5.418144406874905,25.0
82,Greedy,V5,"(41, 59)",7.118979850187529,False,0.0,37.0
82,Greedy,V6,"(14, 69)",1.950540275244581,False,0.0,15.0
82,Greedy,V7,"(42, 30)",13.871756408729723,False,0.0,35.0
82,Greedy,V8,"(4, 87)",3.7944771566751427,False,0.0,20.0
82,Greedy,V9,"(58, 83)",1.7743661571883926,False,0.0,28.0
82,Greedy,V10,"(4, 24)",3.0061704893985777,True,7.562202374203345,1.0
82,Auction,V1,"(51, 32)",14.397892096303345,False,0.0,7.0
82,Auction,V2,"(63, 34)",0.189262723193508,False,0.0,30.0
82,Auction,V3,"(82, 8)",2.8559680536649665,True,0.8915932438026957,1.0
82,Auction,V4,"(84, 72)",4.621554135833225,False,0.0,17.0
82,Auction,V5,"(27, 73)",10.539973729475033,False,0.0,41.0
82,Auction,V6,"(65, 12)",6.5165911423545495,False,0.0,20.0
82,Auction,V7,"(38, 40)",5.306666870267463,False,0.0,26.0
82,Auction,V8,"(3, 88)",11.860730648297444,False,0.0,27.0
82,Auction,V9,"(5, 67)",2.875754039838732,True,2.6837490849194197,32.0
82,Auction,V10,"(36, 65)",19.32747243430493,False,0.0,9.0
82,Q-Learning,V1,"(31, 75)",0.03048893342923975,True,9.145116346811044,2.0
82,Q-Learning,V2,"(63, 34)",5.789949395250822,False,0.0,36.0
82,Q-Learning,V3,"(97, 10)",9.778109560789993,False,0.0,7.0
82,Q-Learning,V4,"(84, 72)",4.621554135833225,False,0.0,17.0
82,Q-Learning,V5,"(17, 30)",9.979247417233815,False,0.0,40.0
82,Q-Learning,V6,"(22, 99)",8.238782440545574,False,0.0,23.0
82,Q-Learning,V7,"(5, 67)",0.2854568843890508,False,0.0,21.0
82,Q-Learning,V8,"(36, 65)",0.1491102153014765,False,0.0,15.0
82,Q-Learning,V9,"(65, 12)",4.533456503882846,False,0.0,31.0
82,Q-Learning,V10,"(95, 100)",4.467959768092953,True,6.21233508288212,1.0
83,Greedy,V1,"(62, 49)",12.317361021557833,False,0.0,6.0
83,Greedy,V2,"(10, 66)",4.017754646268713,False,0.0,35.0
83,Greedy,V3,"(61, 6)",16.054191425823017,False,0.0,13.0
83,Greedy,V4,"(71, 92)",6.526382842788337,True,4.418144406874905,25.0
83,Greedy,V5,"(41, 59)",7.118979850187529,False,0.0,38.0
83,Greedy,V6,"(14, 69)",1.950540275244581,False,0.0,16.0
83,Greedy,V7,"(42, 30)",13.871756408729723,False,0.0,36.0
83,Greedy,V8,"(4, 87)",3.7944771566751427,False,0.0,21.0
83,Greedy,V9,"(58, 83)",1.7743661571883926,False,0.0,29.0
83,Greedy,V10,"(4, 24)",3.0061704893985777,True,6.562202374203345,1.0
83,Auction,V1,"(51, 32)",14.397892096303345,False,0.0,8.0
83,Auction,V2,"(63, 34)",0.189262723193508,False,0.0,31.0
83,Auction,V3,"(82, 8)",2.8559680536649665,True,0.0,1.0
83,Auction,V4,"(84, 72)",4.621554135833225,False,0.0,18.0
83,Auction,V5,"(27, 73)",10.539973729475033,False,0.0,42.0
83,Auction,V6,"(65, 12)",6.5165911423545495,False,0.0,21.0
83,Auction,V7,"(38, 40)",5.306666870267463,False,0.0,27.0
83,Auction,V8,"(3, 88)",11.860730648297444,False,0.0,28.0
83,Auction,V9,"(5, 67)",2.875754039838732,True,1.6837490849194197,32.0
83,Auction,V10,"(36, 65)",19.32747243430493,False,0.0,10.0
83,Q-Learning,V1,"(31, 75)",0.03048893342923975,True,8.145116346811044,2.0
83,Q-Learning,V2,"(63, 34)",5.789949395250822,False,0.0,37.0
83,Q-Learning,V3,"(97, 10)",9.778109560789993,False,0.0,8.0
83,Q-Learning,V4,"(84, 72)",4.621554135833225,False,0.0,18.0
83,Q-Learning,V5,"(17, 30)",9.979247417233815,False,0.0,41.0
83,Q-Learning,V6,"(22, 99)",8.238782440545574,False,0.0,24.0
83,Q-Learning,V7,"(5, 67)",0.2854568843890508,False,0.0,22.0
83,Q-Learning,V8,"(36, 65)",0.1491102153014765,False,0.0,16.0
83,Q-Learning,V9,"(65, 12)",4.533456503882846,False,0.0,32.0
83,Q-Learning,V10,"(95, 100)",4.467959768092953,True,5.21233508288212,1.0
84,Greedy,V1,"(62, 49)",12.317361021557833,False,0.0,7.0
84,Greedy,V2,"(10, 66)",4.017754646268713,False,0.0,36.0
84,Greedy,V3,"(61, 6)",16.054191425823017,False,0.0,14.0
84,Greedy,V4,"(71, 92)",6.526382842788337,True,3.418144406874905,25.0
84,Greedy,V5,"(41, 59)",7.118979850187529,False,0.0,39.0
84,Greedy,V6,"(14, 69)",1.950540275244581,False,0.0,17.0
84,Greedy,V7,"(42, 30)",13.871756408729723,False,0.0,37.0
84,Greedy,V8,"(4, 87)",3.7944771566751427,False,0.0,22.0
84,Greedy,V9,"(58, 83)",1.7743661571883926,False,0.0,30.0
84,Greedy,V10,"(4, 24)",3.0061704893985777,True,5.562202374203345,1.0
84,Auction,V1,"(51, 32)",14.397892096303345,False,0.0,9.0
84,Auction,V2,"(63, 34)",0.189262723193508,False,0.0,32.0
84,Auction,V3,"(82, 8)",2.8559680536649665,False,0.0,2.0
84,Auction,V4,"(84, 72)",4.621554135833225,False,0.0,19.0
84,Auction,V5,"(27, 73)",10.539973729475033,False,0.0,43.0
84,Auction,V6,"(65, 12)",6.5165911423545495,False,0.0,22.0
84,Auction,V7,"(38, 40)",5.306666870267463,False,0.0,28.0
84,Auction,V8,"(3, 88)",11.860730648297444,False,0.0,29.0
84,Auction,V9,"(5, 67)",2.875754039838732,True,0.6837490849194197,32.0
84,Auction,V10,"(36, 65)",19.32747243430493,False,0.0,11.0
84,Q-Learning,V1,"(31, 75)",0.03048893342923975,True,7.145116346811044,2.0
84,Q-Learning,V2,"(63, 34)",5.789949395250822,False,0.0,38.0
84,Q-Learning,V3,"(97, 10)",9.778109560789993,False,0.0,9.0
84,Q-Learning,V4,"(84, 72)",4.621554135833225,False,0.0,19.0
84,Q-Learning,V5,"(17, 30)",9.979247417233815,False,0.0,42.0
84,Q-Learning,V6,"(22, 99)",8.238782440545574,False,0.0,25.0
84,Q-Learning,V7,"(5, 67)",0.2854568843890508,False,0.0,23.0
84,Q-Learning,V8,"(36, 65)",0.1491102153014765,False,0.0,17.0
84,Q-Learning,V9,"(65, 12)",4.533456503882846,False,0.0,33.0
84,Q-Learning,V10,"(95, 100)",4.467959768092953,True,4.21233508288212,1.0
85,Greedy,V1,"(62, 49)",12.317361021557833,False,0.0,8.0
85,Greedy,V2,"(10, 66)",4.017754646268713,False,0.0,37.0
85,Greedy,V3,"(61, 6)",16.054191425823017,False,0.0,15.0
85,Greedy,V4,"(71, 92)",6.526382842788337,True,2.418144406874905,25.0
85,Greedy,V5,"(41, 59)",7.118979850187529,False,0.0,40.0
85,Greedy,V6,"(14, 69)",1.950540275244581,False,0.0,18.0
85,Greedy,V7,"(42, 30)",13.871756408729723,False,0.0,38.0
85,Greedy,V8,"(4, 87)",3.7944771566751427,False,0.0,23.0
85,Greedy,V9,"(58, 83)",1.7743661571883926,False,0.0,31.0
85,Greedy,V10,"(4, 24)",3.0061704893985777,True,4.562202374203345,1.0
85,Auction,V1,"(51, 32)",14.397892096303345,False,0.0,10.0
85,Auction,V2,"(63, 34)",0.189262723193508,False,0.0,33.0
85,Auction,V3,"(82, 8)",2.8559680536649665,False,0.0,3.0
85,Auction,V4,"(84, 72)",4.621554135833225,False,0.0,20.0
85,Auction,V5,"(27, 73)",10.539973729475033,False,0.0,44.0
85,Auction,V6,"(65, 12)",6.5165911423545495,False,0.0,23.0
85,Auction,V7,"(38, 40)",5.306666870267463,False,0.0,29.0
85,Auction,V8,"(3, 88)",11.860730648297444,False,0.0,30.0
85,Auction,V9,"(5, 67)",2.875754039838732,True,0.0,32.0
85,Auction,V10,"(36, 65)",19.32747243430493,False,0.0,12.0
85,Q-Learning,V1,"(31, 75)",0.03048893342923975,True,6.145116346811044,2.0
85,Q-Learning,V2,"(63, 34)",5.789949395250822,False,0.0,39.0
85,Q-Learning,V3,"(97, 10)",9.778109560789993,False,0.0,10.0
85,Q-Learning,V4,"(84, 72)",4.621554135833225,False,0.0,20.0
85,Q-Learning,V5,"(17, 30)",9.979247417233815,False,0.0,43.0
85,Q-Learning,V6,"(22, 99)",8.238782440545574,False,0.0,26.0
85,Q-Learning,V7,"(5, 67)",0.2854568843890508,False,0.0,24.0
85,Q-Learning,V8,"(36, 65)",0.1491102153014765,False,0.0,18.0
85,Q-Learning,V9,"(65, 12)",4.533456503882846,False,0.0,34.0
85,Q-Learning,V10,"(95, 100)",4.467959768092953,True,3.21233508288212,1.0
86,Greedy,V1,"(62, 49)",12.317361021557833,False,0.0,9.0
86,Greedy,V2,"(10, 66)",4.017754646268713,False,0.0,38.0
86,Greedy,V3,"(61, 6)",16.054191425823017,False,0.0,16.0
86,Greedy,V4,"(71, 92)",6.526382842788337,True,1.4181444068749052,25.0
86,Greedy,V5,"(41, 59)",7.118979850187529,False,0.0,41.0
86,Greedy,V6,"(14, 69)",1.950540275244581,False,0.0,19.0
86,Greedy,V7,"(42, 30)",13.871756408729723,False,0.0,39.0
86,Greedy,V8,"(4, 87)",3.7944771566751427,False,0.0,24.0
86,Greedy,V9,"(58, 83)",1.7743661571883926,False,0.0,32.0
86,Greedy,V10,"(4, 24)",3.0061704893985777,True,3.562202374203345,1.0
86,Auction,V1,"(51, 32)",14.397892096303345,False,0.0,11.0
86,Auction,V2,"(63, 34)",0.189262723193508,False,0.0,34.0
86,Auction,V3,"(82, 8)",2.8559680536649665,False,0.0,4.0
86,Auction,V4,"(84, 72)",4.621554135833225,False,0.0,21.0
86,Auction,V5,"(27, 73)",10.539973729475033,False,0.0,45.0
86,Auction,V6,"(65, 12)",6.5165911423545495,False,0.0,24.0
86,Auction,V7,"(38, 40)",5.306666870267463,False,0.0,30.0
86,Auction,V8,"(3, 88)",11.860730648297444,False,0.0,31.0
86,Auction,V9,"(5, 67)",2.875754039838732,False,0.0,33.0
86,Auction,V10,"(36, 65)",19.32747243430493,False,0.0,13.0
86,Q-Learning,V1,"(31, 75)",0.03048893342923975,True,5.145116346811044,2.0
86,Q-Learning,V2,"(63, 34)",5.789949395250822,False,0.0,40.0
86,Q-Learning,V3,"(97, 10)",9.778109560789993,False,0.0,11.0
86,Q-Learning,V4,"(84, 72)",4.621554135833225,False,0.0,21.0
86,Q-Learning,V5,"(17, 30)",9.979247417233815,False,0.0,44.0
86,Q-Learning,V6,"(22, 99)",8.238782440545574,False,0.0,27.0
86,Q-Learning,V7,"(5, 67)",0.2854568843890508,False,0.0,25.0
86,Q-Learning,V8,"(36, 65)",0.1491102153014765,False,0.0,19.0
86,Q-Learning,V9,"(65, 12)",4.533456503882846,False,0.0,35.0
86,Q-Learning,V10,"(95, 100)",4.467959768092953,True,2.21233508288212,1.0
87,Greedy,V1,"(62, 49)",12.317361021557833,False,0.0,10.0
87,Greedy,V2,"(10, 66)",4.017754646268713,False,0.0,39.0
87,Greedy,V3,"(61, 6)",16.054191425823017,False,0.0,17.0
87,Greedy,V4,"(71, 92)",6.526382842788337,True,0.4181444068749052,25.0
87,Greedy,V5,"(41, 59)",7.118979850187529,False,0.0,42.0
87,Greedy,V6,"(14, 69)",1.950540275244581,False,0.0,20.0
87,Greedy,V7,"(42, 30)",13.871756408729723,False,0.0,40.0
87,Greedy,V8,"(4, 87)",3.7944771566751427,False,0.0,25.0
87,Greedy,V9,"(58, 83)",1.7743661571883926,False,0.0,33.0
87,Greedy,V10,"(4, 24)",3.0061704893985777,True,2.562202374203345,1.0
87,Auction,V1,"(51, 32)",14.397892096303345,False,0.0,12.0
87,Auction,V2,"(63, 34)",0.189262723193508,False,0.0,35.0
87,Auction,V3,"(82, 8)",2.8559680536649665,False,0.0,5.0
87,Auction,V4,"(84, 72)",4.621554135833225,False,0.0,22.0
87,Auction,V5,"(27, 73)",10.539973729475033,False,0.0,46.0
87,Auction,V6,"(65, 12)",6.5165911423545495,False,0.0,25.0
87,Auction,V7,"(38, 40)",5.306666870267463,False,0.0,31.0
87,Auction,V8,"(3, 88)",11.860730648297444,False,0.0,32.0
87,Auction,V9,"(5, 67)",2.875754039838732,False,0.0,34.0
87,Auction,V10,"(36, 65)",19.32747243430493,False,0.0,14.0
87,Q-Learning,V1,"(31, 75)",0.03048893342923975,True,4.145116346811044,2.0
87,Q-Learning,V2,"(63, 34)",5.789949395250822,False,0.0,41.0
87,Q-Learning,V3,"(97, 10)",9.778109560789993,False,0.0,12.0
87,Q-Learning,V4,"(84, 72)",4.621554135833225,False,0.0,22.0
87,Q-Learning,V5,"(17, 30)",9.979247417233815,False,0.0,45.0
87,Q-Learning,V6,"(22, 99)",8.238782440545574,False,0.0,28.0
87,Q-Learning,V7,"(5, 67)",0.2854568843890508,False,0.0,26.0
87,Q-Learning,V8,"(36, 65)",0.1491102153014765,False,0.0,20.0
87,Q-Learning,V9,"(65, 12)",4.533456503882846,False,0.0,36.0
87,Q-Learning,V10,"(95, 100)",4.467959768092953,True,1.2123350828821202,1.0
88,Greedy,V1,"(62, 49)",12.317361021557833,False,0.0,11.0
88,Greedy,V2,"(10, 66)",4.017754646268713,False,0.0,40.0
88,Greedy,V3,"(61, 6)",16.054191425823017,False,0.0,18.0
88,Greedy,V4,"(71, 92)",6.526382842788337,True,0.0,25.0
88,Greedy,V5,"(41, 59)",7.118979850187529,False,0.0,43.0
88,Greedy,V6,"(14, 69)",1.950540275244581,False,0.0,21.0
88,Greedy,V7,"(42, 30)",13.871756408729723,False,0.0,41.0
88,Greedy,V8,"(4, 87)",3.7944771566751427,False,0.0,26.0
88,Greedy,V9,"(58, 83)",1.7743661571883926,False,0.0,34.0
88,Greedy,V10,"(4, 24)",3.0061704893985777,True,1.5622023742033448,1.0
88,Auction,V1,"(51, 32)",14.397892096303345,False,0.0,13.0
88,Auction,V2,"(63, 34)",0.189262723193508,False,0.0,36.0
88,Auction,V3,"(82, 8)",2.8559680536649665,False,0.0,6.0
88,Auction,V4,"(84, 72)",4.621554135833225,False,0.0,23.0
88,Auction,V5,"(27, 73)",10.539973729475033,False,0.0,47.0
88,Auction,V6,"(65, 12)",6.5165911423545495,False,0.0,26.0
88,Auction,V7,"(38, 40)",5.306666870267463,False,0.0,32.0
88,Auction,V8,"(3, 88)",11.860730648297444,False,0.0,33.0
88,Auction,V9,"(5, 67)",2.875754039838732,False,0.0,35.0
88,Auction,V10,"(36, 65)",19.32747243430493,False,0.0,15.0
88,Q-Learning,V1,"(31, 75)",0.03048893342923975,True,3.1451163468110437,2.0
88,Q-Learning,V2,"(63, 34)",5.789949395250822,False,0.0,42.0
88,Q-Learning,V3,"(97, 10)",9.778109560789993,False,0.0,13.0
88,Q-Learning,V4,"(84, 72)",4.621554135833225,False,0.0,23.0
88,Q-Learning,V5,"(17, 30)",9.979247417233815,False,0.0,46.0
88,Q-Learning,V6,"(22, 99)",8.238782440545574,False,0.0,29.0
88,Q-Learning,V7,"(5, 67)",0.2854568843890508,False,0.0,27.0
88,Q-Learning,V8,"(36, 65)",0.1491102153014765,False,0.0,21.0
88,Q-Learning,V9,"(65, 12)",4.533456503882846,False,0.0,37.0
88,Q-Learning,V10,"(95, 100)",4.467959768092953,True,0.21233508288212022,1.0
89,Greedy,V1,"(62, 49)",12.317361021557833,False,0.0,12.0
89,Greedy,V2,"(10, 66)",4.017754646268713,False,0.0,41.0
89,Greedy,V3,"(61, 6)",16.054191425823017,False,0.0,19.0
89,Greedy,V4,"(71, 92)",6.526382842788337,False,0.0,26.0
89,Greedy,V5,"(41, 59)",7.118979850187529,False,0.0,44.0
89,Greedy,V6,"(14, 69)",1.950540275244581,False,0.0,22.0
89,Greedy,V7,"(42, 30)",13.871756408729723,False,0.0,42.0
89,Greedy,V8,"(4, 87)",3.7944771566751427,False,0.0,27.0
89,Greedy,V9,"(58, 83)",1.7743661571883926,False,0.0,35.0
89,Greedy,V10,"(4, 24)",3.0061704893985777,True,0.5622023742033448,1.0
89,Auction,V1,"(51, 32)",14.397892096303345,False,0.0,14.0
89,Auction,V2,"(63, 34)",0.189262723193508,False,0.0,37.0
89,Auction,V3,"(82, 8)",2.8559680536649665,False,0.0,7.0
89,Auction,V4,"(84, 72)",4.621554135833225,False,0.0,24.0
89,Auction,V5,"(27, 73)",10.539973729475033,False,0.0,48.0
89,Auction,V6,"(65, 12)",6.5165911423545495,False,0.0,27.0
89,Auction,V7,"(38, 40)",5.306666870267463,False,0.0,33.0
89,Auction,V8,"(3, 88)",11.860730648297444,False,0.0,34.0
89,Auction,V9,"(5, 67)",2.875754039838732,False,0.0,36.0
89,Auction,V10,"(36, 65)",19.32747243430493,False,0.0,16.0
89,Q-Learning,V1,"(31, 75)",0.03048893342923975,True,2.1451163468110437,2.0
89,Q-Learning,V2,"(63, 34)",5.789949395250822,False,0.0,43.0
89,Q-Learning,V3,"(97, 10)",9.778109560789993,False,0.0,14.0
89,Q-Learning,V4,"(84, 72)",4.621554135833225,False,0.0,24.0
89,Q-Learning,V5,"(17, 30)",9.979247417233815,False,0.0,47.0
89,Q-Learning,V6,"(22, 99)",8.238782440545574,False,0.0,30.0
89,Q-Learning,V7,"(5, 67)",0.2854568843890508,False,0.0,28.0
89,Q-Learning,V8,"(36, 65)",0.1491102153014765,False,0.0,22.0
89,Q-Learning,V9,"(65, 12)",4.533456503882846,False,0.0,38.0
89,Q-Learning,V10,"(95, 100)",4.467959768092953,True,0.0,1.0
90,Greedy,V1,"(62, 49)",12.317361021557833,False,0.0,13.0
90,Greedy,V2,"(10, 66)",4.017754646268713,False,0.0,42.0
90,Greedy,V3,"(61, 6)",16.054191425823017,False,0.0,20.0
90,Greedy,V4,"(71, 92)",6.526382842788337,False,0.0,27.0
90,Greedy,V5,"(41, 59)",7.118979850187529,False,0.0,45.0
90,Greedy,V6,"(14, 69)",1.950540275244581,False,0.0,23.0
90,Greedy,V7,"(42, 30)",13.871756408729723,False,0.0,43.0
90,Greedy,V8,"(4, 87)",3.7944771566751427,False,0.0,28.0
90,Greedy,V9,"(58, 83)",1.7743661571883926,False,0.0,36.0
90,Greedy,V10,"(4, 24)",3.0061704893985777,True,0.0,1.0
90,Auction,V1,"(51, 32)",14.397892096303345,False,0.0,15.0
90,Auction,V2,"(63, 34)",0.189262723193508,False,0.0,38.0
90,Auction,V3,"(82, 8)",2.8559680536649665,False,0.0,8.0
90,Auction,V4,"(84, 72)",4.621554135833225,False,0.0,25.0
90,Auction,V5,"(27, 73)",10.539973729475033,False,0.0,49.0
90,Auction,V6,"(65, 12)",6.5165911423545495,False,0.0,28.0
90,Auction,V7,"(38, 40)",5.306666870267463,False,0.0,34.0
90,Auction,V8,"(3, 88)",11.860730648297444,False,0.0,35.0
90,Auction,V9,"(5, 67)",2.875754039838732,False,0.0,37.0
90,Auction,V10,"(36, 65)",19.32747243430493,False,0.0,17.0
90,Q-Learning,V1,"(31, 75)",0.03048893342923975,True,1.1451163468110437,2.0
90,Q-Learning,V2,"(63, 34)",5.789949395250822,False,0.0,44.0
90,Q-Learning,V3,"(97, 10)",9.778109560789993,False,0.0,15.0
90,Q-Learning,V4,"(84, 72)",4.621554135833225,False,0.0,25.0
90,Q-Learning,V5,"(17, 30)",9.979247417233815,False,0.0,48.0
90,Q-Learning,V6,"(22, 99)",8.238782440545574,False,0.0,31.0
90,Q-Learning,V7,"(5, 67)",0.2854568843890508,False,0.0,29.0
90,Q-Learning,V8,"(36, 65)",0.1491102153014765,False,0.0,23.0
90,Q-Learning,V9,"(65, 12)",4.533456503882846,False,0.0,39.0
90,Q-Learning,V10,"(95, 100)",4.467959768092953,False,0.0,2.0
91,Greedy,V1,"(62, 49)",12.317361021557833,False,0.0,14.0
91,Greedy,V2,"(10, 66)",4.017754646268713,False,0.0,43.0
91,Greedy,V3,"(61, 6)",16.054191425823017,False,0.0,21.0
91,Greedy,V4,"(71, 92)",6.526382842788337,False,0.0,28.0
91,Greedy,V5,"(41, 59)",7.118979850187529,False,0.0,46.0
91,Greedy,V6,"(14, 69)",1.950540275244581,False,0.0,24.0
91,Greedy,V7,"(42, 30)",13.871756408729723,False,0.0,44.0
91,Greedy,V8,"(4, 87)",3.7944771566751427,False,0.0,29.0
91,Greedy,V9,"(58, 83)",1.7743661571883926,False,0.0,37.0
91,Greedy,V10,"(4, 24)",3.0061704893985777,False,0.0,2.0
91,Auction,V1,"(51, 32)",14.397892096303345,False,0.0,16.0
91,Auction,V2,"(63, 34)",0.189262723193508,False,0.0,39.0
91,Auction,V3,"(82, 8)",2.8559680536649665,False,0.0,9.0
91,Auction,V4,"(84, 72)",4.621554135833225,False,0.0,26.0
91,Auction,V5,"(27, 73)",10.539973729475033,False,0.0,50.0
91,Auction,V6,"(65, 12)",6.5165911423545495,False,0.0,29.0
91,Auction,V7,"(38, 40)",5.306666870267463,False,0.0,35.0
91,Auction,V8,"(3, 88)",11.860730648297444,False,0.0,36.0
91,Auction,V9,"(5, 67)",2.875754039838732,False,0.0,38.0
91,Auction,V10,"(36, 65)",19.32747243430493,False,0.0,18.0
91,Q-Learning,V1,"(31, 75)",0.03048893342923975,True,0.14511634681104368,2.0
91,Q-Learning,V2,"(63, 34)",5.789949395250822,False,0.0,45.0
91,Q-Learning,V3,"(97, 10)",9.778109560789993,False,0.0,16.0
91,Q-Learning,V4,"(84, 72)",4.621554135833225,False,0.0,26.0
91,Q-Learning,V5,"(17, 30)",9.979247417233815,False,0.0,49.0
91,Q-Learning,V6,"(22, 99)",8.238782440545574,False,0.0,32.0
91,Q-Learning,V7,"(5, 67)",0.2854568843890508,False,0.0,30.0
91,Q-Learning,V8,"(36, 65)",0.1491102153014765,False,0.0,24.0
91,Q-Learning,V9,"(65, 12)",4.533456503882846,False,0.0,40.0
91,Q-Learning,V10,"(95, 100)",4.467959768092953,False,0.0,3.0
92,Greedy,V1,"(62, 49)",12.317361021557833,False,0.0,15.0
92,Greedy,V2,"(10, 66)",4.017754646268713,False,0.0,44.0
92,Greedy,V3,"(61, 6)",16.054191425823017,False,0.0,22.0
92,Greedy,V4,"(71, 92)",6.526382842788337,False,0.0,29.0
92,Greedy,V5,"(41, 59)",7.118979850187529,False,0.0,47.0
92,Greedy,V6,"(14, 69)",1.950540275244581,False,0.0,25.0
92,Greedy,V7,"(42, 30)",13.871756408729723,False,0.0,45.0
92,Greedy,V8,"(4, 87)",3.7944771566751427,False,0.0,30.0
92,Greedy,V9,"(58, 83)",1.7743661571883926,False,0.0,38.0
92,Greedy,V10,"(4, 24)",3.0061704893985777,False,0.0,3.0
92,Auction,V1,"(51, 32)",14.397892096303345,False,0.0,17.0
92,Auction,V2,"(63, 34)",0.189262723193508,False,0.0,40.0
92,Auction,V3,"(82, 8)",2.8559680536649665,False,0.0,10.0
92,Auction,V4,"(84, 72)",4.621554135833225,False,0.0,27.0
92,Auction,V5,"(27, 73)",10.539973729475033,False,0.0,51.0
92,Auction,V6,"(65, 12)",6.5165911423545495,False,0.0,30.0
92,Auction,V7,"(38, 40)",5.306666870267463,False,0.0,36.0
92,Auction,V8,"(3, 88)",11.860730648297444,False,0.0,37.0
92,Auction,V9,"(5, 67)",2.875754039838732,False,0.0,39.0
92,Auction,V10,"(36, 65)",19.32747243430493,False,0.0,19.0
92,Q-Learning,V1,"(31, 75)",0.03048893342923975,True,0.0,2.0
92,Q-Learning,V2,"(63, 34)",5.789949395250822,False,0.0,46.0
92,Q-Learning,V3,"(97, 10)",9.778109560789993,False,0.0,17.0
92,Q-Learning,V4,"(84, 72)",4.621554135833225,False,0.0,27.0
92,Q-Learning,V5,"(17, 30)",9.979247417233815,False,0.0,50.0
92,Q-Learning,V6,"(22, 99)",8.238782440545574,False,0.0,33.0
92,Q-Learning,V7,"(5, 67)",0.2854568843890508,False,0.0,31.0
92,Q-Learning,V8,"(36, 65)",0.1491102153014765,False,0.0,25.0
92,Q-Learning,V9,"(65, 12)",4.533456503882846,False,0.0,41.0
92,Q-Learning,V10,"(95, 100)",4.467959768092953,False,0.0,4.0
93,Greedy,V1,"(62, 49)",12.317361021557833,False,0.0,16.0
93,Greedy,V2,"(10, 66)",4.017754646268713,False,0.0,45.0
93,Greedy,V3,"(61, 6)",16.054191425823017,False,0.0,23.0
93,Greedy,V4,"(71, 92)",6.526382842788337,False,0.0,30.0
93,Greedy,V5,"(41, 59)",7.118979850187529,False,0.0,48.0
93,Greedy,V6,"(14, 69)",1.950540275244581,False,0.0,26.0
93,Greedy,V7,"(42, 30)",13.871756408729723,False,0.0,46.0
93,Greedy,V8,"(4, 87)",3.7944771566751427,False,0.0,31.0
93,Greedy,V9,"(58, 83)",1.7743661571883926,False,0.0,39.0
93,Greedy,V10,"(4, 24)",3.0061704893985777,False,0.0,4.0
93,Auction,V1,"(51, 32)",14.397892096303345,False,0.0,18.0
93,Auction,V2,"(63, 34)",0.189262723193508,False,0.0,41.0
93,Auction,V3,"(82, 8)",2.8559680536649665,False,0.0,11.0
93,Auction,V4,"(84, 72)",4.621554135833225,False,0.0,28.0
93,Auction,V5,"(27, 73)",10.539973729475033,False,0.0,52.0
93,Auction,V6,"(65, 12)",6.5165911423545495,False,0.0,31.0
93,Auction,V7,"(38, 40)",5.306666870267463,False,0.0,37.0
93,Auction,V8,"(3, 88)",11.860730648297444,False,0.0,38.0
93,Auction,V9,"(5, 67)",2.875754039838732,False,0.0,40.0
93,Auction,V10,"(36, 65)",19.32747243430493,False,0.0,20.0
93,Q-Learning,V1,"(31, 75)",0.03048893342923975,False,0.0,3.0
93,Q-Learning,V2,"(63, 34)",5.789949395250822,False,0.0,47.0
93,Q-Learning,V3,"(97, 10)",9.778109560789993,False,0.0,18.0
93,Q-Learning,V4,"(84, 72)",4.621554135833225,False,0.0,28.0
93,Q-Learning,V5,"(17, 30)",9.979247417233815,False,0.0,51.0
93,Q-Learning,V6,"(22, 99)",8.238782440545574,False,0.0,34.0
93,Q-Learning,V7,"(5, 67)",0.2854568843890508,False,0.0,32.0
93,Q-Learning,V8,"(36, 65)",0.1491102153014765,False,0.0,26.0
93,Q-Learning,V9,"(65, 12)",4.533456503882846,False,0.0,42.0
93,Q-Learning,V10,"(95, 100)",4.467959768092953,False,0.0,5.0
94,Greedy,V1,"(62, 49)",12.317361021557833,False,0.0,17.0
94,Greedy,V2,"(10, 66)",4.017754646268713,False,0.0,46.0
94,Greedy,V3,"(61, 6)",16.054191425823017,False,0.0,24.0
94,Greedy,V4,"(71, 92)",6.526382842788337,False,0.0,31.0
94,Greedy,V5,"(41, 59)",7.118979850187529,False,0.0,49.0
94,Greedy,V6,"(14, 69)",1.950540275244581,False,0.0,27.0
94,Greedy,V7,"(42, 30)",13.871756408729723,False,0.0,47.0
94,Greedy,V8,"(4, 87)",3.7944771566751427,False,0.0,32.0
94,Greedy,V9,"(58, 83)",1.7743661571883926,False,0.0,40.0
94,Greedy,V10,"(4, 24)",3.0061704893985777,False,0.0,5.0
94,Auction,V1,"(51, 32)",14.397892096303345,False,0.0,19.0
94,Auction,V2,"(63, 34)",0.189262723193508,False,0.0,42.0
94,Auction,V3,"(82, 8)",2.8559680536649665,False,0.0,12.0
94,Auction,V4,"(84, 72)",4.621554135833225,False,0.0,29.0
94,Auction,V5,"(27, 73)",10.539973729475033,False,0.0,53.0
94,Auction,V6,"(65, 12)",6.5165911423545495,False,0.0,32.0
94,Auction,V7,"(38, 40)",5.306666870267463,False,0.0,38.0
94,Auction,V8,"(3, 88)",11.860730648297444,False,0.0,39.0
94,Auction,V9,"(5, 67)",2.875754039838732,False,0.0,41.0
94,Auction,V10,"(36, 65)",19.32747243430493,False,0.0,21.0
94,Q-Learning,V1,"(31, 75)",0.03048893342923975,False,0.0,4.0
94,Q-Learning,V2,"(63, 34)",5.789949395250822,False,0.0,48.0
94,Q-Learning,V3,"(97, 10)",9.778109560789993,False,0.0,19.0
94,Q-Learning,V4,"(84, 72)",4.621554135833225,False,0.0,29.0
94,Q-Learning,V5,"(17, 30)",9.979247417233815,False,0.0,52.0
94,Q-Learning,V6,"(22, 99)",8.238782440545574,False,0.0,35.0
94,Q-Learning,V7,"(5, 67)",0.2854568843890508,False,0.0,33.0
94,Q-Learning,V8,"(36, 65)",0.1491102153014765,False,0.0,27.0
94,Q-Learning,V9,"(65, 12)",4.533456503882846,False,0.0,43.0
94,Q-Learning,V10,"(95, 100)",4.467959768092953,False,0.0,6.0
95,Greedy,V1,"(62, 49)",12.317361021557833,False,0.0,18.0
95,Greedy,V2,"(10, 66)",4.017754646268713,False,0.0,47.0
95,Greedy,V3,"(61, 6)",16.054191425823017,False,0.0,25.0
95,Greedy,V4,"(71, 92)",6.526382842788337,False,0.0,32.0
95,Greedy,V5,"(41, 59)",7.118979850187529,False,0.0,50.0
95,Greedy,V6,"(14, 69)",1.950540275244581,False,0.0,28.0
95,Greedy,V7,"(42, 30)",13.871756408729723,False,0.0,48.0
95,Greedy,V8,"(4, 87)",3.7944771566751427,False,0.0,33.0
95,Greedy,V9,"(58, 83)",1.7743661571883926,False,0.0,41.0
95,Greedy,V10,"(4, 24)",3.0061704893985777,False,0.0,6.0
95,Auction,V1,"(51, 32)",14.397892096303345,False,0.0,20.0
95,Auction,V2,"(63, 34)",0.189262723193508,False,0.0,43.0
95,Auction,V3,"(82, 8)",2.8559680536649665,False,0.0,13.0
95,Auction,V4,"(84, 72)",4.621554135833225,False,0.0,30.0
95,Auction,V5,"(27, 73)",10.539973729475033,False,0.0,54.0
95,Auction,V6,"(65, 12)",6.5165911423545495,False,0.0,33.0
95,Auction,V7,"(38, 40)",5.306666870267463,False,0.0,39.0
95,Auction,V8,"(3, 88)",11.860730648297444,False,0.0,40.0
95,Auction,V9,"(5, 67)",2.875754039838732,False,0.0,42.0
95,Auction,V10,"(36, 65)",19.32747243430493,False,0.0,22.0
95,Q-Learning,V1,"(31, 75)",0.03048893342923975,False,0.0,5.0
95,Q-Learning,V2,"(63, 34)",5.789949395250822,False,0.0,49.0
95,Q-Learning,V3,"(97, 10)",9.778109560789993,False,0.0,20.0
95,Q-Learning,V4,"(84, 72)",4.621554135833225,False,0.0,30.0
95,Q-Learning,V5,"(17, 30)",9.979247417233815,False,0.0,53.0
95,Q-Learning,V6,"(22, 99)",8.238782440545574,False,0.0,36.0
95,Q-Learning,V7,"(5, 67)",0.2854568843890508,False,0.0,34.0
95,Q-Learning,V8,"(36, 65)",0.1491102153014765,False,0.0,28.0
95,Q-Learning,V9,"(65, 12)",4.533456503882846,False,0.0,44.0
95,Q-Learning,V10,"(95, 100)",4.467959768092953,False,0.0,7.0
96,Greedy,V1,"(62, 49)",12.317361021557833,False,0.0,19.0
96,Greedy,V2,"(10, 66)",4.017754646268713,False,0.0,48.0
96,Greedy,V3,"(61, 6)",16.054191425823017,False,0.0,26.0
96,Greedy,V4,"(71, 92)",6.526382842788337,False,0.0,33.0
96,Greedy,V5,"(41, 59)",7.118979850187529,False,0.0,51.0
96,Greedy,V6,"(14, 69)",1.950540275244581,False,0.0,29.0
96,Greedy,V7,"(42, 30)",13.871756408729723,False,0.0,49.0
96,Greedy,V8,"(4, 87)",3.7944771566751427,False,0.0,34.0
96,Greedy,V9,"(58, 83)",1.7743661571883926,False,0.0,42.0
96,Greedy,V10,"(4, 24)",3.0061704893985777,False,0.0,7.0
96,Auction,V1,"(51, 32)",14.397892096303345,False,0.0,21.0
96,Auction,V2,"(63, 34)",0.189262723193508,False,0.0,44.0
96,Auction,V3,"(82, 8)",2.8559680536649665,False,0.0,14.0
96,Auction,V4,"(84, 72)",4.621554135833225,False,0.0,31.0
96,Auction,V5,"(27, 73)",10.539973729475033,False,0.0,55.0
96,Auction,V6,"(65, 12)",6.5165911423545495,False,0.0,34.0
96,Auction,V7,"(38, 40)",5.306666870267463,False,0.0,40.0
96,Auction,V8,"(3, 88)",11.860730648297444,False,0.0,41.0
96,Auction,V9,"(5, 67)",2.875754039838732,False,0.0,43.0
96,Auction,V10,"(36, 65)",19.32747243430493,False,0.0,23.0
96,Q-Learning,V1,"(31, 75)",0.03048893342923975,False,0.0,6.0
96,Q-Learning,V2,"(63, 34)",5.789949395250822,False,0.0,50.0
96,Q-Learning,V3,"(97, 10)",9.778109560789993,False,0.0,21.0
96,Q-Learning,V4,"(84, 72)",4.621554135833225,False,0.0,31.0
96,Q-Learning,V5,"(17, 30)",9.979247417233815,False,0.0,54.0
96,Q-Learning,V6,"(22, 99)",8.238782440545574,False,0.0,37.0
96,Q-Learning,V7,"(5, 67)",0.2854568843890508,False,0.0,35.0
96,Q-Learning,V8,"(36, 65)",0.1491102153014765,False,0.0,29.0
96,Q-Learning,V9,"(65, 12)",4.533456503882846,False,0.0,45.0
96,Q-Learning,V10,"(95, 100)",4.467959768092953,False,0.0,8.0
97,Greedy,V1,"(62, 49)",12.317361021557833,False,0.0,20.0
97,Greedy,V2,"(10, 66)",4.017754646268713,False,0.0,49.0
97,Greedy,V3,"(61, 6)",16.054191425823017,False,0.0,27.0
97,Greedy,V4,"(71, 92)",6.526382842788337,False,0.0,34.0
97,Greedy,V5,"(41, 59)",7.118979850187529,False,0.0,52.0
97,Greedy,V6,"(14, 69)",1.950540275244581,False,0.0,30.0
97,Greedy,V7,"(42, 30)",13.871756408729723,False,0.0,50.0
97,Greedy,V8,"(4, 87)",3.7944771566751427,False,0.0,35.0
97,Greedy,V9,"(58, 83)",1.7743661571883926,False,0.0,43.0
97,Greedy,V10,"(4, 24)",3.0061704893985777,False,0.0,8.0
97,Auction,V1,"(51, 32)",14.397892096303345,False,0.0,22.0
97,Auction,V2,"(63, 34)",0.189262723193508,False,0.0,45.0
97,Auction,V3,"(82, 8)",2.8559680536649665,False,0.0,15.0
97,Auction,V4,"(84, 72)",4.621554135833225,False,0.0,32.0
97,Auction,V5,"(27, 73)",10.539973729475033,False,0.0,56.0
97,Auction,V6,"(65, 12)",6.5165911423545495,False,0.0,35.0
97,Auction,V7,"(38, 40)",5.306666870267463,False,0.0,41.0
97,Auction,V8,"(3, 88)",11.860730648297444,False,0.0,42.0
97,Auction,V9,"(5, 67)",2.875754039838732,False,0.0,44.0
97,Auction,V10,"(36, 65)",19.32747243430493,False,0.0,24.0
97,Q-Learning,V1,"(31, 75)",0.03048893342923975,False,0.0,7.0
97,Q-Learning,V2,"(63, 34)",5.789949395250822,False,0.0,51.0
97,Q-Learning,V3,"(97, 10)",9.778109560789993,False,0.0,22.0
97,Q-Learning,V4,"(84, 72)",4.621554135833225,False,0.0,32.0
97,Q-Learning,V5,"(17, 30)",9.979247417233815,False,0.0,55.0
97,Q-Learning,V6,"(22, 99)",8.238782440545574,False,0.0,38.0
97,Q-Learning,V7,"(5, 67)",0.2854568843890508,False,0.0,36.0
97,Q-Learning,V8,"(36, 65)",0.1491102153014765,False,0.0,30.0
97,Q-Learning,V9,"(65, 12)",4.533456503882846,False,0.0,46.0
97,Q-Learning,V10,"(95, 100)",4.467959768092953,False,0.0,9.0
98,Greedy,V1,"(62, 49)",12.317361021557833,False,0.0,21.0
98,Greedy,V2,"(10, 66)",4.017754646268713,False,0.0,50.0
98,Greedy,V3,"(61, 6)",16.054191425823017,False,0.0,28.0
98,Greedy,V4,"(71, 92)",6.526382842788337,False,0.0,35.0
98,Greedy,V5,"(41, 59)",7.118979850187529,False,0.0,53.0
98,Greedy,V6,"(14, 69)",1.950540275244581,False,0.0,31.0
98,Greedy,V7,"(42, 30)",13.871756408729723,False,0.0,51.0
98,Greedy,V8,"(4, 87)",3.7944771566751427,False,0.0,36.0
98,Greedy,V9,"(58, 83)",1.7743661571883926,False,0.0,44.0
98,Greedy,V10,"(4, 24)",3.0061704893985777,False,0.0,9.0
98,Auction,V1,"(51, 32)",14.397892096303345,False,0.0,23.0
98,Auction,V2,"(63, 34)",0.189262723193508,False,0.0,46.0
98,Auction,V3,"(82, 8)",2.8559680536649665,False,0.0,16.0
98,Auction,V4,"(84, 72)",4.621554135833225,False,0.0,33.0
98,Auction,V5,"(27, 73)",10.539973729475033,False,0.0,57.0
98,Auction,V6,"(65, 12)",6.5165911423545495,False,0.0,36.0
98,Auction,V7,"(38, 40)",5.306666870267463,False,0.0,42.0
98,Auction,V8,"(3, 88)",11.860730648297444,False,0.0,43.0
98,Auction,V9,"(5, 67)",2.875754039838732,False,0.0,45.0
98,Auction,V10,"(36, 65)",19.32747243430493,False,0.0,25.0
98,Q-Learning,V1,"(31, 75)",0.03048893342923975,False,0.0,8.0
98,Q-Learning,V2,"(63, 34)",5.789949395250822,False,0.0,52.0
98,Q-Learning,V3,"(97, 10)",9.778109560789993,False,0.0,23.0
98,Q-Learning,V4,"(84, 72)",4.621554135833225,False,0.0,33.0
98,Q-Learning,V5,"(17, 30)",9.979247417233815,False,0.0,56.0
98,Q-Learning,V6,"(22, 99)",8.238782440545574,False,0.0,39.0
98,Q-Learning,V7,"(5, 67)",0.2854568843890508,False,0.0,37.0
98,Q-Learning,V8,"(36, 65)",0.1491102153014765,False,0.0,31.0
98,Q-Learning,V9,"(65, 12)",4.533456503882846,False,0.0,47.0
98,Q-Learning,V10,"(95, 100)",4.467959768092953,False,0.0,10.0
99,Greedy,V1,"(62, 49)",12.317361021557833,False,0.0,22.0
99,Greedy,V2,"(10, 66)",4.017754646268713,False,0.0,51.0
99,Greedy,V3,"(61, 6)",16.054191425823017,False,0.0,29.0
99,Greedy,V4,"(71, 92)",6.526382842788337,False,0.0,36.0
99,Greedy,V5,"(41, 59)",7.118979850187529,False,0.0,54.0
99,Greedy,V6,"(14, 69)",1.950540275244581,False,0.0,32.0
99,Greedy,V7,"(42, 30)",13.871756408729723,False,0.0,52.0
99,Greedy,V8,"(4, 87)",3.7944771566751427,False,0.0,37.0
99,Greedy,V9,"(58, 83)",1.7743661571883926,False,0.0,45.0
99,Greedy,V10,"(4, 24)",3.0061704893985777,False,0.0,10.0
99,Auction,V1,"(51, 32)",14.397892096303345,False,0.0,24.0
99,Auction,V2,"(63, 34)",0.189262723193508,False,0.0,47.0
99,Auction,V3,"(82, 8)",2.8559680536649665,False,0.0,17.0
99,Auction,V4,"(84, 72)",4.621554135833225,False,0.0,34.0
99,Auction,V5,"(27, 73)",10.539973729475033,False,0.0,58.0
99,Auction,V6,"(65, 12)",6.5165911423545495,False,0.0,37.0
99,Auction,V7,"(38, 40)",5.306666870267463,False,0.0,43.0
99,Auction,V8,"(3, 88)",11.860730648297444,False,0.0,44.0
99,Auction,V9,"(5, 67)",2.875754039838732,False,0.0,46.0
99,Auction,V10,"(36, 65)",19.32747243430493,False,0.0,26.0
99,Q-Learning,V1,"(31, 75)",0.03048893342923975,False,0.0,9.0
99,Q-Learning,V2,"(63, 34)",5.789949395250822,False,0.0,53.0
99,Q-Learning,V3,"(97, 10)",9.778109560789993,False,0.0,24.0
99,Q-Learning,V4,"(84, 72)",4.621554135833225,False,0.0,34.0
99,Q-Learning,V5,"(17, 30)",9.979247417233815,False,0.0,57.0
99,Q-Learning,V6,"(22, 99)",8.238782440545574,False,0.0,40.0
99,Q-Learning,V7,"(5, 67)",0.2854568843890508,False,0.0,38.0
99,Q-Learning,V8,"(36, 65)",0.1491102153014765,False,0.0,32.0
99,Q-Learning,V9,"(65, 12)",4.533456503882846,False,0.0,48.0
99,Q-Learning,V10,"(95, 100)",4.467959768092953,False,0.0,11.0
