time_step,method,task_id,position,urgency,duration
0,Greedy,T1,"(72, 87)",10,22.0
0,Greedy,T2,"(29, 97)",5,28.0
0,Greedy,T3,"(45, 7)",3,16.0
0,Greedy,T4,"(51, 59)",8,14.0
0,Greedy,T5,"(9, 36)",1,25.0
0,Greedy,T6,"(15, 2)",7,14.0
0,Greedy,T7,"(68, 20)",3,14.0
0,Greedy,T8,"(50, 39)",10,14.0
0,Greedy,T9,"(33, 60)",6,13.0
0,Greedy,T10,"(5, 78)",4,23.0
0,Auction,T1,"(72, 87)",10,22.0
0,Auction,T2,"(29, 97)",5,28.0
0,Auction,T3,"(45, 7)",3,16.0
0,Auction,T4,"(51, 59)",8,14.0
0,Auction,T5,"(9, 36)",1,25.0
0,Auction,T6,"(15, 2)",7,14.0
0,Auction,T7,"(68, 20)",3,14.0
0,Auction,T8,"(50, 39)",10,14.0
0,Auction,T9,"(33, 60)",6,13.0
0,Auction,T10,"(5, 78)",4,23.0
0,Q-Learning,T1,"(72, 87)",10,22.0
0,Q-Learning,T2,"(29, 97)",5,28.0
0,Q-Learning,T3,"(45, 7)",3,16.0
0,Q-Learning,T4,"(51, 59)",8,14.0
0,Q-Learning,T5,"(9, 36)",1,25.0
0,Q-Learning,T6,"(15, 2)",7,14.0
0,Q-Learning,T7,"(68, 20)",3,14.0
0,Q-Learning,T8,"(50, 39)",10,14.0
0,Q-Learning,T9,"(33, 60)",6,13.0
0,Q-Learning,T10,"(5, 78)",4,23.0
1,Greedy,E1,"(12, 64)",1,13.0
1,Auction,E1,"(12, 64)",1,13.0
1,Q-Learning,T2,"(29, 97)",6,28.0
1,Q-Learning,T3,"(45, 7)",4,16.0
1,Q-Learning,T6,"(15, 2)",8,14.0
1,Q-Learning,T7,"(68, 20)",4,14.0
1,Q-Learning,T9,"(33, 60)",7,13.0
1,Q-Learning,E1,"(12, 64)",1,13.0
2,Greedy,E1,"(12, 64)",2,13.0
2,Greedy,E2,"(3, 88)",4,29.0
2,Auction,E1,"(12, 64)",2,13.0
2,Auction,E2,"(3, 88)",4,29.0
2,Q-Learning,T2,"(29, 97)",7,28.0
2,Q-Learning,T3,"(45, 7)",5,16.0
2,Q-Learning,T7,"(68, 20)",5,14.0
2,Q-Learning,E1,"(12, 64)",2,13.0
2,Q-Learning,E2,"(3, 88)",4,29.0
3,Greedy,E1,"(12, 64)",3,13.0
3,Greedy,E2,"(3, 88)",5,29.0
3,Auction,E1,"(12, 64)",3,13.0
3,Auction,E2,"(3, 88)",5,29.0
3,Q-Learning,T3,"(45, 7)",6,16.0
3,Q-Learning,T7,"(68, 20)",6,14.0
3,Q-Learning,E1,"(12, 64)",3,13.0
3,Q-Learning,E2,"(3, 88)",5,29.0
4,Greedy,E1,"(12, 64)",4,13.0
4,Greedy,E2,"(3, 88)",6,29.0
4,Auction,E1,"(12, 64)",4,13.0
4,Auction,E2,"(3, 88)",6,29.0
4,Q-Learning,E1,"(12, 64)",4,13.0
4,Q-Learning,E2,"(3, 88)",6,29.0
5,Greedy,E1,"(12, 64)",5,13.0
5,Greedy,E2,"(3, 88)",7,29.0
5,Greedy,E3,"(17, 30)",10,15.0
5,Auction,E1,"(12, 64)",5,13.0
5,Auction,E2,"(3, 88)",7,29.0
5,Auction,E3,"(17, 30)",10,15.0
5,Q-Learning,E1,"(12, 64)",5,13.0
5,Q-Learning,E2,"(3, 88)",7,29.0
5,Q-Learning,E3,"(17, 30)",10,15.0
6,Greedy,E1,"(12, 64)",6,13.0
6,Greedy,E2,"(3, 88)",8,29.0
6,Greedy,E3,"(17, 30)",11,15.0
6,Auction,E1,"(12, 64)",6,13.0
6,Auction,E2,"(3, 88)",8,29.0
6,Auction,E3,"(17, 30)",11,15.0
6,Q-Learning,E1,"(12, 64)",6,13.0
6,Q-Learning,E2,"(3, 88)",8,29.0
6,Q-Learning,E3,"(17, 30)",11,15.0
7,Greedy,E1,"(12, 64)",7,13.0
7,Greedy,E2,"(3, 88)",9,29.0
7,Greedy,E3,"(17, 30)",12,15.0
7,Greedy,E4,"(69, 14)",6,22.0
7,Auction,E1,"(12, 64)",7,13.0
7,Auction,E2,"(3, 88)",9,29.0
7,Auction,E3,"(17, 30)",12,15.0
7,Auction,E4,"(69, 14)",6,22.0
7,Q-Learning,E1,"(12, 64)",7,13.0
7,Q-Learning,E2,"(3, 88)",9,29.0
7,Q-Learning,E3,"(17, 30)",12,15.0
7,Q-Learning,E4,"(69, 14)",6,22.0
8,Greedy,E1,"(12, 64)",8,13.0
8,Greedy,E2,"(3, 88)",10,29.0
8,Greedy,E3,"(17, 30)",13,15.0
8,Greedy,E4,"(69, 14)",7,22.0
8,Greedy,E5,"(27, 73)",6,21.0
8,Auction,E1,"(12, 64)",8,13.0
8,Auction,E2,"(3, 88)",10,29.0
8,Auction,E3,"(17, 30)",13,15.0
8,Auction,E4,"(69, 14)",7,22.0
8,Auction,E5,"(27, 73)",6,21.0
8,Q-Learning,E1,"(12, 64)",8,13.0
8,Q-Learning,E2,"(3, 88)",10,29.0
8,Q-Learning,E3,"(17, 30)",13,15.0
8,Q-Learning,E4,"(69, 14)",7,22.0
8,Q-Learning,E5,"(27, 73)",6,21.0
9,Greedy,E1,"(12, 64)",9,13.0
9,Greedy,E2,"(3, 88)",11,29.0
9,Greedy,E3,"(17, 30)",14,15.0
9,Greedy,E4,"(69, 14)",8,22.0
9,Greedy,E5,"(27, 73)",7,21.0
9,Auction,E1,"(12, 64)",9,13.0
9,Auction,E2,"(3, 88)",11,29.0
9,Auction,E3,"(17, 30)",14,15.0
9,Auction,E4,"(69, 14)",8,22.0
9,Auction,E5,"(27, 73)",7,21.0
9,Q-Learning,E1,"(12, 64)",9,13.0
9,Q-Learning,E2,"(3, 88)",11,29.0
9,Q-Learning,E3,"(17, 30)",14,15.0
9,Q-Learning,E4,"(69, 14)",8,22.0
9,Q-Learning,E5,"(27, 73)",7,21.0
10,Greedy,E1,"(12, 64)",10,13.0
10,Greedy,E2,"(3, 88)",12,29.0
10,Greedy,E3,"(17, 30)",15,15.0
10,Greedy,E4,"(69, 14)",9,22.0
10,Greedy,E5,"(27, 73)",8,21.0
10,Greedy,E6,"(95, 100)",4,21.0
10,Auction,E1,"(12, 64)",10,13.0
10,Auction,E2,"(3, 88)",12,29.0
10,Auction,E3,"(17, 30)",15,15.0
10,Auction,E4,"(69, 14)",9,22.0
10,Auction,E5,"(27, 73)",8,21.0
10,Auction,E6,"(95, 100)",4,21.0
10,Q-Learning,E1,"(12, 64)",10,13.0
10,Q-Learning,E2,"(3, 88)",12,29.0
10,Q-Learning,E3,"(17, 30)",15,15.0
10,Q-Learning,E4,"(69, 14)",9,22.0
10,Q-Learning,E5,"(27, 73)",8,21.0
10,Q-Learning,E6,"(95, 100)",4,21.0
11,Greedy,E1,"(12, 64)",11,13.0
11,Greedy,E2,"(3, 88)",13,29.0
11,Greedy,E3,"(17, 30)",16,15.0
11,Greedy,E4,"(69, 14)",10,22.0
11,Greedy,E5,"(27, 73)",9,21.0
11,Greedy,E6,"(95, 100)",5,21.0
11,Greedy,E7,"(22, 99)",8,22.0
11,Auction,E1,"(12, 64)",11,13.0
11,Auction,E2,"(3, 88)",13,29.0
11,Auction,E3,"(17, 30)",16,15.0
11,Auction,E4,"(69, 14)",10,22.0
11,Auction,E5,"(27, 73)",9,21.0
11,Auction,E6,"(95, 100)",5,21.0
11,Auction,E7,"(22, 99)",8,22.0
11,Q-Learning,E1,"(12, 64)",11,13.0
11,Q-Learning,E2,"(3, 88)",13,29.0
11,Q-Learning,E3,"(17, 30)",16,15.0
11,Q-Learning,E4,"(69, 14)",10,22.0
11,Q-Learning,E5,"(27, 73)",9,21.0
11,Q-Learning,E6,"(95, 100)",5,21.0
11,Q-Learning,E7,"(22, 99)",8,22.0
12,Greedy,E1,"(12, 64)",12,13.0
12,Greedy,E2,"(3, 88)",14,29.0
12,Greedy,E3,"(17, 30)",17,15.0
12,Greedy,E4,"(69, 14)",11,22.0
12,Greedy,E5,"(27, 73)",10,21.0
12,Greedy,E6,"(95, 100)",6,21.0
12,Greedy,E7,"(22, 99)",9,22.0
12,Greedy,E8,"(97, 10)",3,23.0
12,Auction,E1,"(12, 64)",12,13.0
12,Auction,E2,"(3, 88)",14,29.0
12,Auction,E3,"(17, 30)",17,15.0
12,Auction,E4,"(69, 14)",11,22.0
12,Auction,E5,"(27, 73)",10,21.0
12,Auction,E6,"(95, 100)",6,21.0
12,Auction,E7,"(22, 99)",9,22.0
12,Auction,E8,"(97, 10)",3,23.0
12,Q-Learning,E1,"(12, 64)",12,13.0
12,Q-Learning,E2,"(3, 88)",14,29.0
12,Q-Learning,E3,"(17, 30)",17,15.0
12,Q-Learning,E4,"(69, 14)",11,22.0
12,Q-Learning,E5,"(27, 73)",10,21.0
12,Q-Learning,E6,"(95, 100)",6,21.0
12,Q-Learning,E7,"(22, 99)",9,22.0
12,Q-Learning,E8,"(97, 10)",3,23.0
13,Greedy,E1,"(12, 64)",13,13.0
13,Greedy,E2,"(3, 88)",15,29.0
13,Greedy,E3,"(17, 30)",18,15.0
13,Greedy,E4,"(69, 14)",12,22.0
13,Greedy,E5,"(27, 73)",11,21.0
13,Greedy,E6,"(95, 100)",7,21.0
13,Greedy,E7,"(22, 99)",10,22.0
13,Greedy,E8,"(97, 10)",4,23.0
13,Greedy,E9,"(25, 39)",10,10.0
13,Auction,E1,"(12, 64)",13,13.0
13,Auction,E2,"(3, 88)",15,29.0
13,Auction,E3,"(17, 30)",18,15.0
13,Auction,E4,"(69, 14)",12,22.0
13,Auction,E5,"(27, 73)",11,21.0
13,Auction,E6,"(95, 100)",7,21.0
13,Auction,E7,"(22, 99)",10,22.0
13,Auction,E8,"(97, 10)",4,23.0
13,Auction,E9,"(25, 39)",10,10.0
13,Q-Learning,E1,"(12, 64)",13,13.0
13,Q-Learning,E2,"(3, 88)",15,29.0
13,Q-Learning,E3,"(17, 30)",18,15.0
13,Q-Learning,E4,"(69, 14)",12,22.0
13,Q-Learning,E5,"(27, 73)",11,21.0
13,Q-Learning,E6,"(95, 100)",7,21.0
13,Q-Learning,E7,"(22, 99)",10,22.0
13,Q-Learning,E8,"(97, 10)",4,23.0
13,Q-Learning,E9,"(25, 39)",10,10.0
14,Greedy,E1,"(12, 64)",14,13.0
14,Greedy,E2,"(3, 88)",16,29.0
14,Greedy,E3,"(17, 30)",19,15.0
14,Greedy,E4,"(69, 14)",13,22.0
14,Greedy,E5,"(27, 73)",12,21.0
14,Greedy,E6,"(95, 100)",8,21.0
14,Greedy,E7,"(22, 99)",11,22.0
14,Greedy,E8,"(97, 10)",5,23.0
14,Greedy,E9,"(25, 39)",11,10.0
14,Greedy,E10,"(31, 75)",3,29.0
14,Auction,E1,"(12, 64)",14,13.0
14,Auction,E2,"(3, 88)",16,29.0
14,Auction,E3,"(17, 30)",19,15.0
14,Auction,E4,"(69, 14)",13,22.0
14,Auction,E5,"(27, 73)",12,21.0
14,Auction,E6,"(95, 100)",8,21.0
14,Auction,E7,"(22, 99)",11,22.0
14,Auction,E8,"(97, 10)",5,23.0
14,Auction,E9,"(25, 39)",11,10.0
14,Auction,E10,"(31, 75)",3,29.0
14,Q-Learning,E1,"(12, 64)",14,13.0
14,Q-Learning,E2,"(3, 88)",16,29.0
14,Q-Learning,E3,"(17, 30)",19,15.0
14,Q-Learning,E4,"(69, 14)",13,22.0
14,Q-Learning,E5,"(27, 73)",12,21.0
14,Q-Learning,E6,"(95, 100)",8,21.0
14,Q-Learning,E7,"(22, 99)",11,22.0
14,Q-Learning,E8,"(97, 10)",5,23.0
14,Q-Learning,E9,"(25, 39)",11,10.0
14,Q-Learning,E10,"(31, 75)",3,29.0
15,Greedy,E1,"(12, 64)",15,13.0
15,Greedy,E2,"(3, 88)",17,29.0
15,Greedy,E3,"(17, 30)",20,15.0
15,Greedy,E4,"(69, 14)",14,22.0
15,Greedy,E5,"(27, 73)",13,21.0
15,Greedy,E6,"(95, 100)",9,21.0
15,Greedy,E7,"(22, 99)",12,22.0
15,Greedy,E8,"(97, 10)",6,23.0
15,Greedy,E9,"(25, 39)",12,10.0
15,Greedy,E10,"(31, 75)",4,29.0
15,Greedy,E11,"(51, 32)",3,30.0
15,Auction,E1,"(12, 64)",15,13.0
15,Auction,E2,"(3, 88)",17,29.0
15,Auction,E3,"(17, 30)",20,15.0
15,Auction,E4,"(69, 14)",14,22.0
15,Auction,E5,"(27, 73)",13,21.0
15,Auction,E6,"(95, 100)",9,21.0
15,Auction,E7,"(22, 99)",12,22.0
15,Auction,E8,"(97, 10)",6,23.0
15,Auction,E9,"(25, 39)",12,10.0
15,Auction,E10,"(31, 75)",4,29.0
15,Auction,E11,"(51, 32)",3,30.0
15,Q-Learning,E1,"(12, 64)",15,13.0
15,Q-Learning,E2,"(3, 88)",17,29.0
15,Q-Learning,E3,"(17, 30)",20,15.0
15,Q-Learning,E4,"(69, 14)",14,22.0
15,Q-Learning,E5,"(27, 73)",13,21.0
15,Q-Learning,E6,"(95, 100)",9,21.0
15,Q-Learning,E7,"(22, 99)",12,22.0
15,Q-Learning,E8,"(97, 10)",6,23.0
15,Q-Learning,E9,"(25, 39)",12,10.0
15,Q-Learning,E10,"(31, 75)",4,29.0
15,Q-Learning,E11,"(51, 32)",3,30.0
16,Greedy,E1,"(12, 64)",16,13.0
16,Greedy,E2,"(3, 88)",18,29.0
16,Greedy,E3,"(17, 30)",21,15.0
16,Greedy,E4,"(69, 14)",15,22.0
16,Greedy,E5,"(27, 73)",14,21.0
16,Greedy,E6,"(95, 100)",10,21.0
16,Greedy,E7,"(22, 99)",13,22.0
16,Greedy,E8,"(97, 10)",7,23.0
16,Greedy,E9,"(25, 39)",13,10.0
16,Greedy,E10,"(31, 75)",5,29.0
16,Greedy,E11,"(51, 32)",4,30.0
16,Auction,E1,"(12, 64)",16,13.0
16,Auction,E2,"(3, 88)",18,29.0
16,Auction,E3,"(17, 30)",21,15.0
16,Auction,E4,"(69, 14)",15,22.0
16,Auction,E5,"(27, 73)",14,21.0
16,Auction,E6,"(95, 100)",10,21.0
16,Auction,E7,"(22, 99)",13,22.0
16,Auction,E8,"(97, 10)",7,23.0
16,Auction,E9,"(25, 39)",13,10.0
16,Auction,E10,"(31, 75)",5,29.0
16,Auction,E11,"(51, 32)",4,30.0
16,Q-Learning,E1,"(12, 64)",16,13.0
16,Q-Learning,E2,"(3, 88)",18,29.0
16,Q-Learning,E3,"(17, 30)",21,15.0
16,Q-Learning,E4,"(69, 14)",15,22.0
16,Q-Learning,E5,"(27, 73)",14,21.0
16,Q-Learning,E6,"(95, 100)",10,21.0
16,Q-Learning,E7,"(22, 99)",13,22.0
16,Q-Learning,E8,"(97, 10)",7,23.0
16,Q-Learning,E9,"(25, 39)",13,10.0
16,Q-Learning,E10,"(31, 75)",5,29.0
16,Q-Learning,E11,"(51, 32)",4,30.0
17,Greedy,E1,"(12, 64)",17,13.0
17,Greedy,E2,"(3, 88)",19,29.0
17,Greedy,E3,"(17, 30)",22,15.0
17,Greedy,E4,"(69, 14)",16,22.0
17,Greedy,E5,"(27, 73)",15,21.0
17,Greedy,E6,"(95, 100)",11,21.0
17,Greedy,E7,"(22, 99)",14,22.0
17,Greedy,E8,"(97, 10)",8,23.0
17,Greedy,E9,"(25, 39)",14,10.0
17,Greedy,E10,"(31, 75)",6,29.0
17,Greedy,E11,"(51, 32)",5,30.0
17,Auction,E1,"(12, 64)",17,13.0
17,Auction,E2,"(3, 88)",19,29.0
17,Auction,E3,"(17, 30)",22,15.0
17,Auction,E6,"(95, 100)",11,21.0
17,Auction,E7,"(22, 99)",14,22.0
17,Auction,E8,"(97, 10)",8,23.0
17,Auction,E9,"(25, 39)",14,10.0
17,Auction,E10,"(31, 75)",6,29.0
17,Auction,E11,"(51, 32)",5,30.0
17,Q-Learning,E1,"(12, 64)",17,13.0
17,Q-Learning,E2,"(3, 88)",19,29.0
17,Q-Learning,E3,"(17, 30)",22,15.0
17,Q-Learning,E4,"(69, 14)",16,22.0
17,Q-Learning,E5,"(27, 73)",15,21.0
17,Q-Learning,E6,"(95, 100)",11,21.0
17,Q-Learning,E7,"(22, 99)",14,22.0
17,Q-Learning,E8,"(97, 10)",8,23.0
17,Q-Learning,E9,"(25, 39)",14,10.0
17,Q-Learning,E10,"(31, 75)",6,29.0
17,Q-Learning,E11,"(51, 32)",5,30.0
18,Greedy,E1,"(12, 64)",18,13.0
18,Greedy,E2,"(3, 88)",20,29.0
18,Greedy,E3,"(17, 30)",23,15.0
18,Greedy,E4,"(69, 14)",17,22.0
18,Greedy,E5,"(27, 73)",16,21.0
18,Greedy,E6,"(95, 100)",12,21.0
18,Greedy,E7,"(22, 99)",15,22.0
18,Greedy,E8,"(97, 10)",9,23.0
18,Greedy,E9,"(25, 39)",15,10.0
18,Greedy,E10,"(31, 75)",7,29.0
18,Greedy,E11,"(51, 32)",6,30.0
18,Auction,E1,"(12, 64)",18,13.0
18,Auction,E2,"(3, 88)",20,29.0
18,Auction,E6,"(95, 100)",12,21.0
18,Auction,E7,"(22, 99)",15,22.0
18,Auction,E8,"(97, 10)",9,23.0
18,Auction,E9,"(25, 39)",15,10.0
18,Auction,E10,"(31, 75)",7,29.0
18,Auction,E11,"(51, 32)",6,30.0
18,Q-Learning,E1,"(12, 64)",18,13.0
18,Q-Learning,E2,"(3, 88)",20,29.0
18,Q-Learning,E4,"(69, 14)",17,22.0
18,Q-Learning,E5,"(27, 73)",16,21.0
18,Q-Learning,E6,"(95, 100)",12,21.0
18,Q-Learning,E7,"(22, 99)",15,22.0
18,Q-Learning,E8,"(97, 10)",9,23.0
18,Q-Learning,E9,"(25, 39)",15,10.0
18,Q-Learning,E10,"(31, 75)",7,29.0
18,Q-Learning,E11,"(51, 32)",6,30.0
19,Greedy,E1,"(12, 64)",19,13.0
19,Greedy,E2,"(3, 88)",21,29.0
19,Greedy,E4,"(69, 14)",18,22.0
19,Greedy,E5,"(27, 73)",17,21.0
19,Greedy,E6,"(95, 100)",13,21.0
19,Greedy,E7,"(22, 99)",16,22.0
19,Greedy,E8,"(97, 10)",10,23.0
19,Greedy,E9,"(25, 39)",16,10.0
19,Greedy,E10,"(31, 75)",8,29.0
19,Greedy,E11,"(51, 32)",7,30.0
19,Greedy,E12,"(64, 95)",9,22.0
19,Auction,E1,"(12, 64)",19,13.0
19,Auction,E2,"(3, 88)",21,29.0
19,Auction,E6,"(95, 100)",13,21.0
19,Auction,E7,"(22, 99)",16,22.0
19,Auction,E8,"(97, 10)",10,23.0
19,Auction,E9,"(25, 39)",16,10.0
19,Auction,E10,"(31, 75)",8,29.0
19,Auction,E11,"(51, 32)",7,30.0
19,Auction,E12,"(64, 95)",9,22.0
19,Q-Learning,E1,"(12, 64)",19,13.0
19,Q-Learning,E4,"(69, 14)",18,22.0
19,Q-Learning,E5,"(27, 73)",17,21.0
19,Q-Learning,E6,"(95, 100)",13,21.0
19,Q-Learning,E7,"(22, 99)",16,22.0
19,Q-Learning,E8,"(97, 10)",10,23.0
19,Q-Learning,E9,"(25, 39)",16,10.0
19,Q-Learning,E10,"(31, 75)",8,29.0
19,Q-Learning,E11,"(51, 32)",7,30.0
19,Q-Learning,E12,"(64, 95)",9,22.0
20,Greedy,E6,"(95, 100)",14,21.0
20,Greedy,E7,"(22, 99)",17,22.0
20,Greedy,E8,"(97, 10)",11,23.0
20,Greedy,E9,"(25, 39)",17,10.0
20,Greedy,E10,"(31, 75)",9,29.0
20,Greedy,E11,"(51, 32)",8,30.0
20,Greedy,E12,"(64, 95)",10,22.0
20,Greedy,E13,"(85, 97)",6,23.0
20,Auction,E1,"(12, 64)",20,13.0
20,Auction,E2,"(3, 88)",22,29.0
20,Auction,E6,"(95, 100)",14,21.0
20,Auction,E7,"(22, 99)",17,22.0
20,Auction,E8,"(97, 10)",11,23.0
20,Auction,E10,"(31, 75)",9,29.0
20,Auction,E11,"(51, 32)",8,30.0
20,Auction,E12,"(64, 95)",10,22.0
20,Auction,E13,"(85, 97)",6,23.0
20,Q-Learning,E4,"(69, 14)",19,22.0
20,Q-Learning,E5,"(27, 73)",18,21.0
20,Q-Learning,E6,"(95, 100)",14,21.0
20,Q-Learning,E7,"(22, 99)",17,22.0
20,Q-Learning,E8,"(97, 10)",11,23.0
20,Q-Learning,E9,"(25, 39)",17,10.0
20,Q-Learning,E10,"(31, 75)",9,29.0
20,Q-Learning,E11,"(51, 32)",8,30.0
20,Q-Learning,E12,"(64, 95)",10,22.0
20,Q-Learning,E13,"(85, 97)",6,23.0
21,Greedy,E6,"(95, 100)",15,21.0
21,Greedy,E7,"(22, 99)",18,22.0
21,Greedy,E8,"(97, 10)",12,23.0
21,Greedy,E9,"(25, 39)",18,10.0
21,Greedy,E10,"(31, 75)",10,29.0
21,Greedy,E11,"(51, 32)",9,30.0
21,Greedy,E12,"(64, 95)",11,22.0
21,Greedy,E13,"(85, 97)",7,23.0
21,Auction,E1,"(12, 64)",21,13.0
21,Auction,E2,"(3, 88)",23,29.0
21,Auction,E6,"(95, 100)",15,21.0
21,Auction,E7,"(22, 99)",18,22.0
21,Auction,E8,"(97, 10)",12,23.0
21,Auction,E10,"(31, 75)",10,29.0
21,Auction,E11,"(51, 32)",9,30.0
21,Auction,E12,"(64, 95)",11,22.0
21,Auction,E13,"(85, 97)",7,23.0
21,Q-Learning,E4,"(69, 14)",20,22.0
21,Q-Learning,E5,"(27, 73)",19,21.0
21,Q-Learning,E6,"(95, 100)",15,21.0
21,Q-Learning,E7,"(22, 99)",18,22.0
21,Q-Learning,E8,"(97, 10)",12,23.0
21,Q-Learning,E9,"(25, 39)",18,10.0
21,Q-Learning,E10,"(31, 75)",10,29.0
21,Q-Learning,E11,"(51, 32)",9,30.0
21,Q-Learning,E12,"(64, 95)",11,22.0
21,Q-Learning,E13,"(85, 97)",7,23.0
22,Greedy,E6,"(95, 100)",16,21.0
22,Greedy,E8,"(97, 10)",13,23.0
22,Greedy,E9,"(25, 39)",19,10.0
22,Greedy,E10,"(31, 75)",11,29.0
22,Greedy,E11,"(51, 32)",10,30.0
22,Greedy,E12,"(64, 95)",12,22.0
22,Greedy,E13,"(85, 97)",8,23.0
22,Greedy,E14,"(65, 12)",4,23.0
22,Auction,E2,"(3, 88)",24,29.0
22,Auction,E6,"(95, 100)",16,21.0
22,Auction,E7,"(22, 99)",19,22.0
22,Auction,E8,"(97, 10)",13,23.0
22,Auction,E10,"(31, 75)",11,29.0
22,Auction,E11,"(51, 32)",10,30.0
22,Auction,E12,"(64, 95)",12,22.0
22,Auction,E13,"(85, 97)",8,23.0
22,Auction,E14,"(65, 12)",4,23.0
22,Q-Learning,E5,"(27, 73)",20,21.0
22,Q-Learning,E6,"(95, 100)",16,21.0
22,Q-Learning,E7,"(22, 99)",19,22.0
22,Q-Learning,E8,"(97, 10)",13,23.0
22,Q-Learning,E9,"(25, 39)",19,10.0
22,Q-Learning,E10,"(31, 75)",11,29.0
22,Q-Learning,E11,"(51, 32)",10,30.0
22,Q-Learning,E12,"(64, 95)",12,22.0
22,Q-Learning,E13,"(85, 97)",8,23.0
22,Q-Learning,E14,"(65, 12)",4,23.0
23,Greedy,E6,"(95, 100)",17,21.0
23,Greedy,E8,"(97, 10)",14,23.0
23,Greedy,E9,"(25, 39)",20,10.0
23,Greedy,E10,"(31, 75)",12,29.0
23,Greedy,E11,"(51, 32)",11,30.0
23,Greedy,E12,"(64, 95)",13,22.0
23,Greedy,E13,"(85, 97)",9,23.0
23,Greedy,E14,"(65, 12)",5,23.0
23,Greedy,E15,"(63, 34)",10,10.0
23,Auction,E2,"(3, 88)",25,29.0
23,Auction,E6,"(95, 100)",17,21.0
23,Auction,E7,"(22, 99)",20,22.0
23,Auction,E8,"(97, 10)",14,23.0
23,Auction,E10,"(31, 75)",12,29.0
23,Auction,E11,"(51, 32)",11,30.0
23,Auction,E12,"(64, 95)",13,22.0
23,Auction,E13,"(85, 97)",9,23.0
23,Auction,E14,"(65, 12)",5,23.0
23,Auction,E15,"(63, 34)",10,10.0
23,Q-Learning,E5,"(27, 73)",21,21.0
23,Q-Learning,E6,"(95, 100)",17,21.0
23,Q-Learning,E7,"(22, 99)",20,22.0
23,Q-Learning,E8,"(97, 10)",14,23.0
23,Q-Learning,E9,"(25, 39)",20,10.0
23,Q-Learning,E10,"(31, 75)",12,29.0
23,Q-Learning,E11,"(51, 32)",11,30.0
23,Q-Learning,E12,"(64, 95)",13,22.0
23,Q-Learning,E13,"(85, 97)",9,23.0
23,Q-Learning,E14,"(65, 12)",5,23.0
23,Q-Learning,E15,"(63, 34)",10,10.0
24,Greedy,E6,"(95, 100)",18,21.0
24,Greedy,E8,"(97, 10)",15,23.0
24,Greedy,E9,"(25, 39)",21,10.0
24,Greedy,E10,"(31, 75)",13,29.0
24,Greedy,E11,"(51, 32)",12,30.0
24,Greedy,E12,"(64, 95)",14,22.0
24,Greedy,E13,"(85, 97)",10,23.0
24,Greedy,E14,"(65, 12)",6,23.0
24,Greedy,E15,"(63, 34)",11,10.0
24,Greedy,E16,"(36, 65)",4,17.0
24,Auction,E2,"(3, 88)",26,29.0
24,Auction,E6,"(95, 100)",18,21.0
24,Auction,E7,"(22, 99)",21,22.0
24,Auction,E8,"(97, 10)",15,23.0
24,Auction,E10,"(31, 75)",13,29.0
24,Auction,E11,"(51, 32)",12,30.0
24,Auction,E12,"(64, 95)",14,22.0
24,Auction,E13,"(85, 97)",10,23.0
24,Auction,E14,"(65, 12)",6,23.0
24,Auction,E15,"(63, 34)",11,10.0
24,Auction,E16,"(36, 65)",4,17.0
24,Q-Learning,E5,"(27, 73)",22,21.0
24,Q-Learning,E6,"(95, 100)",18,21.0
24,Q-Learning,E7,"(22, 99)",21,22.0
24,Q-Learning,E8,"(97, 10)",15,23.0
24,Q-Learning,E9,"(25, 39)",21,10.0
24,Q-Learning,E10,"(31, 75)",13,29.0
24,Q-Learning,E11,"(51, 32)",12,30.0
24,Q-Learning,E12,"(64, 95)",14,22.0
24,Q-Learning,E13,"(85, 97)",10,23.0
24,Q-Learning,E14,"(65, 12)",6,23.0
24,Q-Learning,E15,"(63, 34)",11,10.0
24,Q-Learning,E16,"(36, 65)",4,17.0
25,Greedy,E6,"(95, 100)",19,21.0
25,Greedy,E8,"(97, 10)",16,23.0
25,Greedy,E10,"(31, 75)",14,29.0
25,Greedy,E11,"(51, 32)",13,30.0
25,Greedy,E12,"(64, 95)",15,22.0
25,Greedy,E13,"(85, 97)",11,23.0
25,Greedy,E14,"(65, 12)",7,23.0
25,Greedy,E15,"(63, 34)",12,10.0
25,Greedy,E16,"(36, 65)",5,17.0
25,Auction,E2,"(3, 88)",27,29.0
25,Auction,E6,"(95, 100)",19,21.0
25,Auction,E7,"(22, 99)",22,22.0
25,Auction,E8,"(97, 10)",16,23.0
25,Auction,E10,"(31, 75)",14,29.0
25,Auction,E11,"(51, 32)",13,30.0
25,Auction,E13,"(85, 97)",11,23.0
25,Auction,E14,"(65, 12)",7,23.0
25,Auction,E15,"(63, 34)",12,10.0
25,Auction,E16,"(36, 65)",5,17.0
25,Q-Learning,E5,"(27, 73)",23,21.0
25,Q-Learning,E6,"(95, 100)",19,21.0
25,Q-Learning,E7,"(22, 99)",22,22.0
25,Q-Learning,E8,"(97, 10)",16,23.0
25,Q-Learning,E9,"(25, 39)",22,10.0
25,Q-Learning,E10,"(31, 75)",14,29.0
25,Q-Learning,E11,"(51, 32)",13,30.0
25,Q-Learning,E13,"(85, 97)",11,23.0
25,Q-Learning,E14,"(65, 12)",7,23.0
25,Q-Learning,E15,"(63, 34)",12,10.0
25,Q-Learning,E16,"(36, 65)",5,17.0
26,Greedy,E6,"(95, 100)",20,21.0
26,Greedy,E8,"(97, 10)",17,23.0
26,Greedy,E10,"(31, 75)",15,29.0
26,Greedy,E11,"(51, 32)",14,30.0
26,Greedy,E12,"(64, 95)",16,22.0
26,Greedy,E13,"(85, 97)",12,23.0
26,Greedy,E14,"(65, 12)",8,23.0
26,Greedy,E15,"(63, 34)",13,10.0
26,Greedy,E16,"(36, 65)",6,17.0
26,Auction,E6,"(95, 100)",20,21.0
26,Auction,E7,"(22, 99)",23,22.0
26,Auction,E8,"(97, 10)",17,23.0
26,Auction,E10,"(31, 75)",15,29.0
26,Auction,E11,"(51, 32)",14,30.0
26,Auction,E13,"(85, 97)",12,23.0
26,Auction,E14,"(65, 12)",8,23.0
26,Auction,E15,"(63, 34)",13,10.0
26,Auction,E16,"(36, 65)",6,17.0
26,Q-Learning,E6,"(95, 100)",20,21.0
26,Q-Learning,E7,"(22, 99)",23,22.0
26,Q-Learning,E8,"(97, 10)",17,23.0
26,Q-Learning,E9,"(25, 39)",23,10.0
26,Q-Learning,E10,"(31, 75)",15,29.0
26,Q-Learning,E11,"(51, 32)",14,30.0
26,Q-Learning,E13,"(85, 97)",12,23.0
26,Q-Learning,E14,"(65, 12)",8,23.0
26,Q-Learning,E15,"(63, 34)",13,10.0
26,Q-Learning,E16,"(36, 65)",6,17.0
27,Greedy,E6,"(95, 100)",21,21.0
27,Greedy,E8,"(97, 10)",18,23.0
27,Greedy,E10,"(31, 75)",16,29.0
27,Greedy,E11,"(51, 32)",15,30.0
27,Greedy,E12,"(64, 95)",17,22.0
27,Greedy,E13,"(85, 97)",13,23.0
27,Greedy,E14,"(65, 12)",9,23.0
27,Greedy,E16,"(36, 65)",7,17.0
27,Greedy,E17,"(84, 72)",2,10.0
27,Auction,E6,"(95, 100)",21,21.0
27,Auction,E7,"(22, 99)",24,22.0
27,Auction,E8,"(97, 10)",18,23.0
27,Auction,E10,"(31, 75)",16,29.0
27,Auction,E11,"(51, 32)",15,30.0
27,Auction,E13,"(85, 97)",13,23.0
27,Auction,E14,"(65, 12)",9,23.0
27,Auction,E15,"(63, 34)",14,10.0
27,Auction,E16,"(36, 65)",7,17.0
27,Auction,E17,"(84, 72)",2,10.0
27,Q-Learning,E6,"(95, 100)",21,21.0
27,Q-Learning,E7,"(22, 99)",24,22.0
27,Q-Learning,E8,"(97, 10)",18,23.0
27,Q-Learning,E9,"(25, 39)",24,10.0
27,Q-Learning,E10,"(31, 75)",16,29.0
27,Q-Learning,E11,"(51, 32)",15,30.0
27,Q-Learning,E13,"(85, 97)",13,23.0
27,Q-Learning,E14,"(65, 12)",9,23.0
27,Q-Learning,E15,"(63, 34)",14,10.0
27,Q-Learning,E16,"(36, 65)",7,17.0
27,Q-Learning,E17,"(84, 72)",2,10.0
28,Greedy,E6,"(95, 100)",22,21.0
28,Greedy,E8,"(97, 10)",19,23.0
28,Greedy,E10,"(31, 75)",17,29.0
28,Greedy,E11,"(51, 32)",16,30.0
28,Greedy,E12,"(64, 95)",18,22.0
28,Greedy,E13,"(85, 97)",14,23.0
28,Greedy,E14,"(65, 12)",10,23.0
28,Greedy,E16,"(36, 65)",8,17.0
28,Greedy,E17,"(84, 72)",3,10.0
28,Greedy,E18,"(28, 72)",2,19.0
28,Auction,E6,"(95, 100)",22,21.0
28,Auction,E7,"(22, 99)",25,22.0
28,Auction,E8,"(97, 10)",19,23.0
28,Auction,E10,"(31, 75)",17,29.0
28,Auction,E11,"(51, 32)",16,30.0
28,Auction,E13,"(85, 97)",14,23.0
28,Auction,E14,"(65, 12)",10,23.0
28,Auction,E15,"(63, 34)",15,10.0
28,Auction,E16,"(36, 65)",8,17.0
28,Auction,E17,"(84, 72)",3,10.0
28,Auction,E18,"(28, 72)",2,19.0
28,Q-Learning,E6,"(95, 100)",22,21.0
28,Q-Learning,E7,"(22, 99)",25,22.0
28,Q-Learning,E8,"(97, 10)",19,23.0
28,Q-Learning,E9,"(25, 39)",25,10.0
28,Q-Learning,E10,"(31, 75)",17,29.0
28,Q-Learning,E11,"(51, 32)",16,30.0
28,Q-Learning,E13,"(85, 97)",14,23.0
28,Q-Learning,E14,"(65, 12)",10,23.0
28,Q-Learning,E15,"(63, 34)",15,10.0
28,Q-Learning,E16,"(36, 65)",8,17.0
28,Q-Learning,E17,"(84, 72)",3,10.0
28,Q-Learning,E18,"(28, 72)",2,19.0
29,Greedy,E6,"(95, 100)",23,21.0
29,Greedy,E8,"(97, 10)",20,23.0
29,Greedy,E10,"(31, 75)",18,29.0
29,Greedy,E11,"(51, 32)",17,30.0
29,Greedy,E12,"(64, 95)",19,22.0
29,Greedy,E13,"(85, 97)",15,23.0
29,Greedy,E14,"(65, 12)",11,23.0
29,Greedy,E16,"(36, 65)",9,17.0
29,Greedy,E17,"(84, 72)",4,10.0
29,Greedy,E18,"(28, 72)",3,19.0
29,Greedy,E19,"(21, 4)",5,20.0
29,Auction,E6,"(95, 100)",23,21.0
29,Auction,E7,"(22, 99)",26,22.0
29,Auction,E8,"(97, 10)",20,23.0
29,Auction,E10,"(31, 75)",18,29.0
29,Auction,E11,"(51, 32)",17,30.0
29,Auction,E13,"(85, 97)",15,23.0
29,Auction,E14,"(65, 12)",11,23.0
29,Auction,E15,"(63, 34)",16,10.0
29,Auction,E16,"(36, 65)",9,17.0
29,Auction,E17,"(84, 72)",4,10.0
29,Auction,E18,"(28, 72)",3,19.0
29,Auction,E19,"(21, 4)",5,20.0
29,Q-Learning,E6,"(95, 100)",23,21.0
29,Q-Learning,E7,"(22, 99)",26,22.0
29,Q-Learning,E8,"(97, 10)",20,23.0
29,Q-Learning,E9,"(25, 39)",26,10.0
29,Q-Learning,E10,"(31, 75)",18,29.0
29,Q-Learning,E11,"(51, 32)",17,30.0
29,Q-Learning,E13,"(85, 97)",15,23.0
29,Q-Learning,E14,"(65, 12)",11,23.0
29,Q-Learning,E15,"(63, 34)",16,10.0
29,Q-Learning,E16,"(36, 65)",9,17.0
29,Q-Learning,E17,"(84, 72)",4,10.0
29,Q-Learning,E18,"(28, 72)",3,19.0
29,Q-Learning,E19,"(21, 4)",5,20.0
30,Greedy,E6,"(95, 100)",24,21.0
30,Greedy,E8,"(97, 10)",21,23.0
30,Greedy,E10,"(31, 75)",19,29.0
30,Greedy,E11,"(51, 32)",18,30.0
30,Greedy,E12,"(64, 95)",20,22.0
30,Greedy,E13,"(85, 97)",16,23.0
30,Greedy,E14,"(65, 12)",12,23.0
30,Greedy,E16,"(36, 65)",10,17.0
30,Greedy,E17,"(84, 72)",5,10.0
30,Greedy,E18,"(28, 72)",4,19.0
30,Greedy,E19,"(21, 4)",6,20.0
30,Greedy,E20,"(86, 62)",10,15.0
30,Auction,E6,"(95, 100)",24,21.0
30,Auction,E7,"(22, 99)",27,22.0
30,Auction,E8,"(97, 10)",21,23.0
30,Auction,E10,"(31, 75)",19,29.0
30,Auction,E11,"(51, 32)",18,30.0
30,Auction,E13,"(85, 97)",16,23.0
30,Auction,E14,"(65, 12)",12,23.0
30,Auction,E15,"(63, 34)",17,10.0
30,Auction,E16,"(36, 65)",10,17.0
30,Auction,E17,"(84, 72)",5,10.0
30,Auction,E18,"(28, 72)",4,19.0
30,Auction,E19,"(21, 4)",6,20.0
30,Auction,E20,"(86, 62)",10,15.0
30,Q-Learning,E6,"(95, 100)",24,21.0
30,Q-Learning,E7,"(22, 99)",27,22.0
30,Q-Learning,E8,"(97, 10)",21,23.0
30,Q-Learning,E10,"(31, 75)",19,29.0
30,Q-Learning,E11,"(51, 32)",18,30.0
30,Q-Learning,E13,"(85, 97)",16,23.0
30,Q-Learning,E14,"(65, 12)",12,23.0
30,Q-Learning,E15,"(63, 34)",17,10.0
30,Q-Learning,E16,"(36, 65)",10,17.0
30,Q-Learning,E17,"(84, 72)",5,10.0
30,Q-Learning,E18,"(28, 72)",4,19.0
30,Q-Learning,E19,"(21, 4)",6,20.0
30,Q-Learning,E20,"(86, 62)",10,15.0
31,Greedy,E6,"(95, 100)",25,21.0
31,Greedy,E8,"(97, 10)",22,23.0
31,Greedy,E10,"(31, 75)",20,29.0
31,Greedy,E11,"(51, 32)",19,30.0
31,Greedy,E12,"(64, 95)",21,22.0
31,Greedy,E13,"(85, 97)",17,23.0
31,Greedy,E14,"(65, 12)",13,23.0
31,Greedy,E16,"(36, 65)",11,17.0
31,Greedy,E17,"(84, 72)",6,10.0
31,Greedy,E18,"(28, 72)",5,19.0
31,Greedy,E19,"(21, 4)",7,20.0
31,Greedy,E20,"(86, 62)",11,15.0
31,Greedy,E21,"(73, 28)",7,19.0
31,Auction,E6,"(95, 100)",25,21.0
31,Auction,E7,"(22, 99)",28,22.0
31,Auction,E8,"(97, 10)",22,23.0
31,Auction,E10,"(31, 75)",20,29.0
31,Auction,E11,"(51, 32)",19,30.0
31,Auction,E13,"(85, 97)",17,23.0
31,Auction,E14,"(65, 12)",13,23.0
31,Auction,E15,"(63, 34)",18,10.0
31,Auction,E16,"(36, 65)",11,17.0
31,Auction,E17,"(84, 72)",6,10.0
31,Auction,E18,"(28, 72)",5,19.0
31,Auction,E19,"(21, 4)",7,20.0
31,Auction,E20,"(86, 62)",11,15.0
31,Auction,E21,"(73, 28)",7,19.0
31,Q-Learning,E6,"(95, 100)",25,21.0
31,Q-Learning,E7,"(22, 99)",28,22.0
31,Q-Learning,E8,"(97, 10)",22,23.0
31,Q-Learning,E10,"(31, 75)",20,29.0
31,Q-Learning,E11,"(51, 32)",19,30.0
31,Q-Learning,E13,"(85, 97)",17,23.0
31,Q-Learning,E15,"(63, 34)",18,10.0
31,Q-Learning,E16,"(36, 65)",11,17.0
31,Q-Learning,E17,"(84, 72)",6,10.0
31,Q-Learning,E18,"(28, 72)",5,19.0
31,Q-Learning,E19,"(21, 4)",7,20.0
31,Q-Learning,E20,"(86, 62)",11,15.0
31,Q-Learning,E21,"(73, 28)",7,19.0
32,Greedy,E8,"(97, 10)",23,23.0
32,Greedy,E10,"(31, 75)",21,29.0
32,Greedy,E11,"(51, 32)",20,30.0
32,Greedy,E12,"(64, 95)",22,22.0
32,Greedy,E13,"(85, 97)",18,23.0
32,Greedy,E14,"(65, 12)",14,23.0
32,Greedy,E16,"(36, 65)",12,17.0
32,Greedy,E17,"(84, 72)",7,10.0
32,Greedy,E18,"(28, 72)",6,19.0
32,Greedy,E19,"(21, 4)",8,20.0
32,Greedy,E20,"(86, 62)",12,15.0
32,Greedy,E21,"(73, 28)",8,19.0
32,Auction,E6,"(95, 100)",26,21.0
32,Auction,E7,"(22, 99)",29,22.0
32,Auction,E8,"(97, 10)",23,23.0
32,Auction,E10,"(31, 75)",21,29.0
32,Auction,E11,"(51, 32)",20,30.0
32,Auction,E13,"(85, 97)",18,23.0
32,Auction,E14,"(65, 12)",14,23.0
32,Auction,E15,"(63, 34)",19,10.0
32,Auction,E16,"(36, 65)",12,17.0
32,Auction,E17,"(84, 72)",7,10.0
32,Auction,E18,"(28, 72)",6,19.0
32,Auction,E19,"(21, 4)",8,20.0
32,Auction,E20,"(86, 62)",12,15.0
32,Auction,E21,"(73, 28)",8,19.0
32,Q-Learning,E6,"(95, 100)",26,21.0
32,Q-Learning,E7,"(22, 99)",29,22.0
32,Q-Learning,E8,"(97, 10)",23,23.0
32,Q-Learning,E10,"(31, 75)",21,29.0
32,Q-Learning,E11,"(51, 32)",20,30.0
32,Q-Learning,E13,"(85, 97)",18,23.0
32,Q-Learning,E15,"(63, 34)",19,10.0
32,Q-Learning,E16,"(36, 65)",12,17.0
32,Q-Learning,E17,"(84, 72)",7,10.0
32,Q-Learning,E18,"(28, 72)",6,19.0
32,Q-Learning,E19,"(21, 4)",8,20.0
32,Q-Learning,E20,"(86, 62)",12,15.0
32,Q-Learning,E21,"(73, 28)",8,19.0
33,Greedy,E8,"(97, 10)",24,23.0
33,Greedy,E10,"(31, 75)",22,29.0
33,Greedy,E11,"(51, 32)",21,30.0
33,Greedy,E12,"(64, 95)",23,22.0
33,Greedy,E13,"(85, 97)",19,23.0
33,Greedy,E14,"(65, 12)",15,23.0
33,Greedy,E16,"(36, 65)",13,17.0
33,Greedy,E17,"(84, 72)",8,10.0
33,Greedy,E18,"(28, 72)",7,19.0
33,Greedy,E19,"(21, 4)",9,20.0
33,Greedy,E20,"(86, 62)",13,15.0
33,Greedy,E21,"(73, 28)",9,19.0
33,Auction,E6,"(95, 100)",27,21.0
33,Auction,E7,"(22, 99)",30,22.0
33,Auction,E8,"(97, 10)",24,23.0
33,Auction,E10,"(31, 75)",22,29.0
33,Auction,E11,"(51, 32)",21,30.0
33,Auction,E13,"(85, 97)",19,23.0
33,Auction,E14,"(65, 12)",15,23.0
33,Auction,E16,"(36, 65)",13,17.0
33,Auction,E17,"(84, 72)",8,10.0
33,Auction,E18,"(28, 72)",7,19.0
33,Auction,E19,"(21, 4)",9,20.0
33,Auction,E20,"(86, 62)",13,15.0
33,Auction,E21,"(73, 28)",9,19.0
33,Q-Learning,E6,"(95, 100)",27,21.0
33,Q-Learning,E7,"(22, 99)",30,22.0
33,Q-Learning,E8,"(97, 10)",24,23.0
33,Q-Learning,E10,"(31, 75)",22,29.0
33,Q-Learning,E11,"(51, 32)",21,30.0
33,Q-Learning,E13,"(85, 97)",19,23.0
33,Q-Learning,E15,"(63, 34)",20,10.0
33,Q-Learning,E16,"(36, 65)",13,17.0
33,Q-Learning,E17,"(84, 72)",8,10.0
33,Q-Learning,E18,"(28, 72)",7,19.0
33,Q-Learning,E19,"(21, 4)",9,20.0
33,Q-Learning,E20,"(86, 62)",13,15.0
33,Q-Learning,E21,"(73, 28)",9,19.0
34,Greedy,E8,"(97, 10)",25,23.0
34,Greedy,E10,"(31, 75)",23,29.0
34,Greedy,E11,"(51, 32)",22,30.0
34,Greedy,E12,"(64, 95)",24,22.0
34,Greedy,E13,"(85, 97)",20,23.0
34,Greedy,E14,"(65, 12)",16,23.0
34,Greedy,E16,"(36, 65)",14,17.0
34,Greedy,E17,"(84, 72)",9,10.0
34,Greedy,E18,"(28, 72)",8,19.0
34,Greedy,E19,"(21, 4)",10,20.0
34,Greedy,E20,"(86, 62)",14,15.0
34,Greedy,E21,"(73, 28)",10,19.0
34,Greedy,E22,"(82, 24)",10,30.0
34,Auction,E6,"(95, 100)",28,21.0
34,Auction,E7,"(22, 99)",31,22.0
34,Auction,E8,"(97, 10)",25,23.0
34,Auction,E10,"(31, 75)",23,29.0
34,Auction,E11,"(51, 32)",22,30.0
34,Auction,E13,"(85, 97)",20,23.0
34,Auction,E14,"(65, 12)",16,23.0
34,Auction,E16,"(36, 65)",14,17.0
34,Auction,E17,"(84, 72)",9,10.0
34,Auction,E18,"(28, 72)",8,19.0
34,Auction,E19,"(21, 4)",10,20.0
34,Auction,E20,"(86, 62)",14,15.0
34,Auction,E21,"(73, 28)",10,19.0
34,Auction,E22,"(82, 24)",10,30.0
34,Q-Learning,E6,"(95, 100)",28,21.0
34,Q-Learning,E7,"(22, 99)",31,22.0
34,Q-Learning,E8,"(97, 10)",25,23.0
34,Q-Learning,E10,"(31, 75)",23,29.0
34,Q-Learning,E11,"(51, 32)",22,30.0
34,Q-Learning,E13,"(85, 97)",20,23.0
34,Q-Learning,E16,"(36, 65)",14,17.0
34,Q-Learning,E17,"(84, 72)",9,10.0
34,Q-Learning,E18,"(28, 72)",8,19.0
34,Q-Learning,E19,"(21, 4)",10,20.0
34,Q-Learning,E20,"(86, 62)",14,15.0
34,Q-Learning,E21,"(73, 28)",10,19.0
34,Q-Learning,E22,"(82, 24)",10,30.0
35,Greedy,E8,"(97, 10)",26,23.0
35,Greedy,E10,"(31, 75)",24,29.0
35,Greedy,E11,"(51, 32)",23,30.0
35,Greedy,E12,"(64, 95)",25,22.0
35,Greedy,E13,"(85, 97)",21,23.0
35,Greedy,E14,"(65, 12)",17,23.0
35,Greedy,E16,"(36, 65)",15,17.0
35,Greedy,E17,"(84, 72)",10,10.0
35,Greedy,E18,"(28, 72)",9,19.0
35,Greedy,E19,"(21, 4)",11,20.0
35,Greedy,E20,"(86, 62)",15,15.0
35,Greedy,E21,"(73, 28)",11,19.0
35,Greedy,E22,"(82, 24)",11,30.0
35,Greedy,E23,"(81, 17)",8,23.0
35,Auction,E6,"(95, 100)",29,21.0
35,Auction,E7,"(22, 99)",32,22.0
35,Auction,E8,"(97, 10)",26,23.0
35,Auction,E10,"(31, 75)",24,29.0
35,Auction,E11,"(51, 32)",23,30.0
35,Auction,E13,"(85, 97)",21,23.0
35,Auction,E16,"(36, 65)",15,17.0
35,Auction,E17,"(84, 72)",10,10.0
35,Auction,E18,"(28, 72)",9,19.0
35,Auction,E19,"(21, 4)",11,20.0
35,Auction,E20,"(86, 62)",15,15.0
35,Auction,E21,"(73, 28)",11,19.0
35,Auction,E22,"(82, 24)",11,30.0
35,Auction,E23,"(81, 17)",8,23.0
35,Q-Learning,E6,"(95, 100)",29,21.0
35,Q-Learning,E7,"(22, 99)",32,22.0
35,Q-Learning,E8,"(97, 10)",26,23.0
35,Q-Learning,E10,"(31, 75)",24,29.0
35,Q-Learning,E11,"(51, 32)",23,30.0
35,Q-Learning,E13,"(85, 97)",21,23.0
35,Q-Learning,E16,"(36, 65)",15,17.0
35,Q-Learning,E17,"(84, 72)",10,10.0
35,Q-Learning,E18,"(28, 72)",9,19.0
35,Q-Learning,E19,"(21, 4)",11,20.0
35,Q-Learning,E20,"(86, 62)",15,15.0
35,Q-Learning,E21,"(73, 28)",11,19.0
35,Q-Learning,E22,"(82, 24)",11,30.0
35,Q-Learning,E23,"(81, 17)",8,23.0
36,Greedy,E8,"(97, 10)",27,23.0
36,Greedy,E10,"(31, 75)",25,29.0
36,Greedy,E11,"(51, 32)",24,30.0
36,Greedy,E12,"(64, 95)",26,22.0
36,Greedy,E13,"(85, 97)",22,23.0
36,Greedy,E14,"(65, 12)",18,23.0
36,Greedy,E16,"(36, 65)",16,17.0
36,Greedy,E17,"(84, 72)",11,10.0
36,Greedy,E18,"(28, 72)",10,19.0
36,Greedy,E19,"(21, 4)",12,20.0
36,Greedy,E20,"(86, 62)",16,15.0
36,Greedy,E21,"(73, 28)",12,19.0
36,Greedy,E22,"(82, 24)",12,30.0
36,Greedy,E23,"(81, 17)",9,23.0
36,Auction,E6,"(95, 100)",30,21.0
36,Auction,E7,"(22, 99)",33,22.0
36,Auction,E8,"(97, 10)",27,23.0
36,Auction,E10,"(31, 75)",25,29.0
36,Auction,E11,"(51, 32)",24,30.0
36,Auction,E13,"(85, 97)",22,23.0
36,Auction,E16,"(36, 65)",16,17.0
36,Auction,E17,"(84, 72)",11,10.0
36,Auction,E18,"(28, 72)",10,19.0
36,Auction,E19,"(21, 4)",12,20.0
36,Auction,E20,"(86, 62)",16,15.0
36,Auction,E21,"(73, 28)",12,19.0
36,Auction,E22,"(82, 24)",12,30.0
36,Auction,E23,"(81, 17)",9,23.0
36,Q-Learning,E6,"(95, 100)",30,21.0
36,Q-Learning,E7,"(22, 99)",33,22.0
36,Q-Learning,E8,"(97, 10)",27,23.0
36,Q-Learning,E10,"(31, 75)",25,29.0
36,Q-Learning,E11,"(51, 32)",24,30.0
36,Q-Learning,E13,"(85, 97)",22,23.0
36,Q-Learning,E16,"(36, 65)",16,17.0
36,Q-Learning,E17,"(84, 72)",11,10.0
36,Q-Learning,E18,"(28, 72)",10,19.0
36,Q-Learning,E19,"(21, 4)",12,20.0
36,Q-Learning,E20,"(86, 62)",16,15.0
36,Q-Learning,E21,"(73, 28)",12,19.0
36,Q-Learning,E22,"(82, 24)",12,30.0
36,Q-Learning,E23,"(81, 17)",9,23.0
37,Greedy,E8,"(97, 10)",28,23.0
37,Greedy,E10,"(31, 75)",26,29.0
37,Greedy,E11,"(51, 32)",25,30.0
37,Greedy,E12,"(64, 95)",27,22.0
37,Greedy,E13,"(85, 97)",23,23.0
37,Greedy,E14,"(65, 12)",19,23.0
37,Greedy,E16,"(36, 65)",17,17.0
37,Greedy,E17,"(84, 72)",12,10.0
37,Greedy,E18,"(28, 72)",11,19.0
37,Greedy,E19,"(21, 4)",13,20.0
37,Greedy,E20,"(86, 62)",17,15.0
37,Greedy,E21,"(73, 28)",13,19.0
37,Greedy,E22,"(82, 24)",13,30.0
37,Greedy,E23,"(81, 17)",10,23.0
37,Auction,E6,"(95, 100)",31,21.0
37,Auction,E7,"(22, 99)",34,22.0
37,Auction,E8,"(97, 10)",28,23.0
37,Auction,E10,"(31, 75)",26,29.0
37,Auction,E11,"(51, 32)",25,30.0
37,Auction,E13,"(85, 97)",23,23.0
37,Auction,E16,"(36, 65)",17,17.0
37,Auction,E17,"(84, 72)",12,10.0
37,Auction,E18,"(28, 72)",11,19.0
37,Auction,E19,"(21, 4)",13,20.0
37,Auction,E20,"(86, 62)",17,15.0
37,Auction,E21,"(73, 28)",13,19.0
37,Auction,E22,"(82, 24)",13,30.0
37,Auction,E23,"(81, 17)",10,23.0
37,Q-Learning,E6,"(95, 100)",31,21.0
37,Q-Learning,E7,"(22, 99)",34,22.0
37,Q-Learning,E8,"(97, 10)",28,23.0
37,Q-Learning,E10,"(31, 75)",26,29.0
37,Q-Learning,E11,"(51, 32)",25,30.0
37,Q-Learning,E13,"(85, 97)",23,23.0
37,Q-Learning,E16,"(36, 65)",17,17.0
37,Q-Learning,E17,"(84, 72)",12,10.0
37,Q-Learning,E18,"(28, 72)",11,19.0
37,Q-Learning,E19,"(21, 4)",13,20.0
37,Q-Learning,E20,"(86, 62)",17,15.0
37,Q-Learning,E21,"(73, 28)",13,19.0
37,Q-Learning,E22,"(82, 24)",13,30.0
37,Q-Learning,E23,"(81, 17)",10,23.0
38,Greedy,E8,"(97, 10)",29,23.0
38,Greedy,E10,"(31, 75)",27,29.0
38,Greedy,E11,"(51, 32)",26,30.0
38,Greedy,E12,"(64, 95)",28,22.0
38,Greedy,E13,"(85, 97)",24,23.0
38,Greedy,E14,"(65, 12)",20,23.0
38,Greedy,E16,"(36, 65)",18,17.0
38,Greedy,E17,"(84, 72)",13,10.0
38,Greedy,E18,"(28, 72)",12,19.0
38,Greedy,E19,"(21, 4)",14,20.0
38,Greedy,E20,"(86, 62)",18,15.0
38,Greedy,E21,"(73, 28)",14,19.0
38,Greedy,E22,"(82, 24)",14,30.0
38,Greedy,E23,"(81, 17)",11,23.0
38,Auction,E6,"(95, 100)",32,21.0
38,Auction,E7,"(22, 99)",35,22.0
38,Auction,E8,"(97, 10)",29,23.0
38,Auction,E10,"(31, 75)",27,29.0
38,Auction,E11,"(51, 32)",26,30.0
38,Auction,E13,"(85, 97)",24,23.0
38,Auction,E16,"(36, 65)",18,17.0
38,Auction,E17,"(84, 72)",13,10.0
38,Auction,E18,"(28, 72)",12,19.0
38,Auction,E19,"(21, 4)",14,20.0
38,Auction,E20,"(86, 62)",18,15.0
38,Auction,E21,"(73, 28)",14,19.0
38,Auction,E22,"(82, 24)",14,30.0
38,Auction,E23,"(81, 17)",11,23.0
38,Q-Learning,E6,"(95, 100)",32,21.0
38,Q-Learning,E7,"(22, 99)",35,22.0
38,Q-Learning,E8,"(97, 10)",29,23.0
38,Q-Learning,E10,"(31, 75)",27,29.0
38,Q-Learning,E11,"(51, 32)",26,30.0
38,Q-Learning,E13,"(85, 97)",24,23.0
38,Q-Learning,E16,"(36, 65)",18,17.0
38,Q-Learning,E17,"(84, 72)",13,10.0
38,Q-Learning,E18,"(28, 72)",12,19.0
38,Q-Learning,E19,"(21, 4)",14,20.0
38,Q-Learning,E20,"(86, 62)",18,15.0
38,Q-Learning,E21,"(73, 28)",14,19.0
38,Q-Learning,E22,"(82, 24)",14,30.0
38,Q-Learning,E23,"(81, 17)",11,23.0
39,Greedy,E8,"(97, 10)",30,23.0
39,Greedy,E10,"(31, 75)",28,29.0
39,Greedy,E11,"(51, 32)",27,30.0
39,Greedy,E12,"(64, 95)",29,22.0
39,Greedy,E13,"(85, 97)",25,23.0
39,Greedy,E14,"(65, 12)",21,23.0
39,Greedy,E16,"(36, 65)",19,17.0
39,Greedy,E17,"(84, 72)",14,10.0
39,Greedy,E18,"(28, 72)",13,19.0
39,Greedy,E19,"(21, 4)",15,20.0
39,Greedy,E20,"(86, 62)",19,15.0
39,Greedy,E21,"(73, 28)",15,19.0
39,Greedy,E22,"(82, 24)",15,30.0
39,Greedy,E23,"(81, 17)",12,23.0
39,Auction,E6,"(95, 100)",33,21.0
39,Auction,E7,"(22, 99)",36,22.0
39,Auction,E8,"(97, 10)",30,23.0
39,Auction,E10,"(31, 75)",28,29.0
39,Auction,E11,"(51, 32)",27,30.0
39,Auction,E13,"(85, 97)",25,23.0
39,Auction,E16,"(36, 65)",19,17.0
39,Auction,E17,"(84, 72)",14,10.0
39,Auction,E18,"(28, 72)",13,19.0
39,Auction,E19,"(21, 4)",15,20.0
39,Auction,E20,"(86, 62)",19,15.0
39,Auction,E21,"(73, 28)",15,19.0
39,Auction,E22,"(82, 24)",15,30.0
39,Auction,E23,"(81, 17)",12,23.0
39,Q-Learning,E6,"(95, 100)",33,21.0
39,Q-Learning,E8,"(97, 10)",30,23.0
39,Q-Learning,E10,"(31, 75)",28,29.0
39,Q-Learning,E11,"(51, 32)",27,30.0
39,Q-Learning,E13,"(85, 97)",25,23.0
39,Q-Learning,E16,"(36, 65)",19,17.0
39,Q-Learning,E17,"(84, 72)",14,10.0
39,Q-Learning,E18,"(28, 72)",13,19.0
39,Q-Learning,E19,"(21, 4)",15,20.0
39,Q-Learning,E20,"(86, 62)",19,15.0
39,Q-Learning,E21,"(73, 28)",15,19.0
39,Q-Learning,E22,"(82, 24)",15,30.0
39,Q-Learning,E23,"(81, 17)",12,23.0
40,Greedy,E8,"(97, 10)",31,23.0
40,Greedy,E10,"(31, 75)",29,29.0
40,Greedy,E11,"(51, 32)",28,30.0
40,Greedy,E12,"(64, 95)",30,22.0
40,Greedy,E13,"(85, 97)",26,23.0
40,Greedy,E14,"(65, 12)",22,23.0
40,Greedy,E16,"(36, 65)",20,17.0
40,Greedy,E18,"(28, 72)",14,19.0
40,Greedy,E19,"(21, 4)",16,20.0
40,Greedy,E20,"(86, 62)",20,15.0
40,Greedy,E21,"(73, 28)",16,19.0
40,Greedy,E22,"(82, 24)",16,30.0
40,Greedy,E23,"(81, 17)",13,23.0
40,Greedy,E24,"(50, 54)",6,20.0
40,Auction,E6,"(95, 100)",34,21.0
40,Auction,E7,"(22, 99)",37,22.0
40,Auction,E10,"(31, 75)",29,29.0
40,Auction,E11,"(51, 32)",28,30.0
40,Auction,E13,"(85, 97)",26,23.0
40,Auction,E16,"(36, 65)",20,17.0
40,Auction,E17,"(84, 72)",15,10.0
40,Auction,E18,"(28, 72)",14,19.0
40,Auction,E19,"(21, 4)",16,20.0
40,Auction,E20,"(86, 62)",20,15.0
40,Auction,E21,"(73, 28)",16,19.0
40,Auction,E22,"(82, 24)",16,30.0
40,Auction,E23,"(81, 17)",13,23.0
40,Auction,E24,"(50, 54)",6,20.0
40,Q-Learning,E6,"(95, 100)",34,21.0
40,Q-Learning,E8,"(97, 10)",31,23.0
40,Q-Learning,E10,"(31, 75)",29,29.0
40,Q-Learning,E11,"(51, 32)",28,30.0
40,Q-Learning,E13,"(85, 97)",26,23.0
40,Q-Learning,E16,"(36, 65)",20,17.0
40,Q-Learning,E17,"(84, 72)",15,10.0
40,Q-Learning,E18,"(28, 72)",14,19.0
40,Q-Learning,E19,"(21, 4)",16,20.0
40,Q-Learning,E20,"(86, 62)",20,15.0
40,Q-Learning,E21,"(73, 28)",16,19.0
40,Q-Learning,E22,"(82, 24)",16,30.0
40,Q-Learning,E23,"(81, 17)",13,23.0
40,Q-Learning,E24,"(50, 54)",6,20.0
41,Greedy,E8,"(97, 10)",32,23.0
41,Greedy,E10,"(31, 75)",30,29.0
41,Greedy,E11,"(51, 32)",29,30.0
41,Greedy,E12,"(64, 95)",31,22.0
41,Greedy,E13,"(85, 97)",27,23.0
41,Greedy,E14,"(65, 12)",23,23.0
41,Greedy,E16,"(36, 65)",21,17.0
41,Greedy,E18,"(28, 72)",15,19.0
41,Greedy,E19,"(21, 4)",17,20.0
41,Greedy,E20,"(86, 62)",21,15.0
41,Greedy,E21,"(73, 28)",17,19.0
41,Greedy,E22,"(82, 24)",17,30.0
41,Greedy,E23,"(81, 17)",14,23.0
41,Greedy,E24,"(50, 54)",7,20.0
41,Auction,E6,"(95, 100)",35,21.0
41,Auction,E7,"(22, 99)",38,22.0
41,Auction,E10,"(31, 75)",30,29.0
41,Auction,E13,"(85, 97)",27,23.0
41,Auction,E16,"(36, 65)",21,17.0
41,Auction,E17,"(84, 72)",16,10.0
41,Auction,E18,"(28, 72)",15,19.0
41,Auction,E19,"(21, 4)",17,20.0
41,Auction,E20,"(86, 62)",21,15.0
41,Auction,E21,"(73, 28)",17,19.0
41,Auction,E22,"(82, 24)",17,30.0
41,Auction,E23,"(81, 17)",14,23.0
41,Auction,E24,"(50, 54)",7,20.0
41,Q-Learning,E6,"(95, 100)",35,21.0
41,Q-Learning,E8,"(97, 10)",32,23.0
41,Q-Learning,E10,"(31, 75)",30,29.0
41,Q-Learning,E11,"(51, 32)",29,30.0
41,Q-Learning,E13,"(85, 97)",27,23.0
41,Q-Learning,E16,"(36, 65)",21,17.0
41,Q-Learning,E17,"(84, 72)",16,10.0
41,Q-Learning,E18,"(28, 72)",15,19.0
41,Q-Learning,E19,"(21, 4)",17,20.0
41,Q-Learning,E20,"(86, 62)",21,15.0
41,Q-Learning,E21,"(73, 28)",17,19.0
41,Q-Learning,E22,"(82, 24)",17,30.0
41,Q-Learning,E23,"(81, 17)",14,23.0
41,Q-Learning,E24,"(50, 54)",7,20.0
42,Greedy,E8,"(97, 10)",33,23.0
42,Greedy,E10,"(31, 75)",31,29.0
42,Greedy,E11,"(51, 32)",30,30.0
42,Greedy,E12,"(64, 95)",32,22.0
42,Greedy,E13,"(85, 97)",28,23.0
42,Greedy,E14,"(65, 12)",24,23.0
42,Greedy,E16,"(36, 65)",22,17.0
42,Greedy,E18,"(28, 72)",16,19.0
42,Greedy,E19,"(21, 4)",18,20.0
42,Greedy,E20,"(86, 62)",22,15.0
42,Greedy,E21,"(73, 28)",18,19.0
42,Greedy,E22,"(82, 24)",18,30.0
42,Greedy,E23,"(81, 17)",15,23.0
42,Greedy,E24,"(50, 54)",8,20.0
42,Auction,E6,"(95, 100)",36,21.0
42,Auction,E7,"(22, 99)",39,22.0
42,Auction,E10,"(31, 75)",31,29.0
42,Auction,E13,"(85, 97)",28,23.0
42,Auction,E16,"(36, 65)",22,17.0
42,Auction,E17,"(84, 72)",17,10.0
42,Auction,E18,"(28, 72)",16,19.0
42,Auction,E19,"(21, 4)",18,20.0
42,Auction,E20,"(86, 62)",22,15.0
42,Auction,E21,"(73, 28)",18,19.0
42,Auction,E22,"(82, 24)",18,30.0
42,Auction,E23,"(81, 17)",15,23.0
42,Auction,E24,"(50, 54)",8,20.0
42,Q-Learning,E6,"(95, 100)",36,21.0
42,Q-Learning,E8,"(97, 10)",33,23.0
42,Q-Learning,E10,"(31, 75)",31,29.0
42,Q-Learning,E11,"(51, 32)",30,30.0
42,Q-Learning,E13,"(85, 97)",28,23.0
42,Q-Learning,E16,"(36, 65)",22,17.0
42,Q-Learning,E17,"(84, 72)",17,10.0
42,Q-Learning,E18,"(28, 72)",16,19.0
42,Q-Learning,E19,"(21, 4)",18,20.0
42,Q-Learning,E20,"(86, 62)",22,15.0
42,Q-Learning,E21,"(73, 28)",18,19.0
42,Q-Learning,E22,"(82, 24)",18,30.0
42,Q-Learning,E23,"(81, 17)",15,23.0
42,Q-Learning,E24,"(50, 54)",8,20.0
43,Greedy,E8,"(97, 10)",34,23.0
43,Greedy,E10,"(31, 75)",32,29.0
43,Greedy,E11,"(51, 32)",31,30.0
43,Greedy,E12,"(64, 95)",33,22.0
43,Greedy,E13,"(85, 97)",29,23.0
43,Greedy,E14,"(65, 12)",25,23.0
43,Greedy,E16,"(36, 65)",23,17.0
43,Greedy,E18,"(28, 72)",17,19.0
43,Greedy,E19,"(21, 4)",19,20.0
43,Greedy,E20,"(86, 62)",23,15.0
43,Greedy,E21,"(73, 28)",19,19.0
43,Greedy,E22,"(82, 24)",19,30.0
43,Greedy,E23,"(81, 17)",16,23.0
43,Greedy,E24,"(50, 54)",9,20.0
43,Greedy,E25,"(81, 2)",1,28.0
43,Auction,E6,"(95, 100)",37,21.0
43,Auction,E7,"(22, 99)",40,22.0
43,Auction,E10,"(31, 75)",32,29.0
43,Auction,E13,"(85, 97)",29,23.0
43,Auction,E16,"(36, 65)",23,17.0
43,Auction,E17,"(84, 72)",18,10.0
43,Auction,E18,"(28, 72)",17,19.0
43,Auction,E19,"(21, 4)",19,20.0
43,Auction,E20,"(86, 62)",23,15.0
43,Auction,E21,"(73, 28)",19,19.0
43,Auction,E22,"(82, 24)",19,30.0
43,Auction,E23,"(81, 17)",16,23.0
43,Auction,E24,"(50, 54)",9,20.0
43,Auction,E25,"(81, 2)",1,28.0
43,Q-Learning,E6,"(95, 100)",37,21.0
43,Q-Learning,E8,"(97, 10)",34,23.0
43,Q-Learning,E10,"(31, 75)",32,29.0
43,Q-Learning,E11,"(51, 32)",31,30.0
43,Q-Learning,E13,"(85, 97)",29,23.0
43,Q-Learning,E16,"(36, 65)",23,17.0
43,Q-Learning,E17,"(84, 72)",18,10.0
43,Q-Learning,E18,"(28, 72)",17,19.0
43,Q-Learning,E19,"(21, 4)",19,20.0
43,Q-Learning,E20,"(86, 62)",23,15.0
43,Q-Learning,E21,"(73, 28)",19,19.0
43,Q-Learning,E22,"(82, 24)",19,30.0
43,Q-Learning,E23,"(81, 17)",16,23.0
43,Q-Learning,E24,"(50, 54)",9,20.0
43,Q-Learning,E25,"(81, 2)",1,28.0
44,Greedy,E10,"(31, 75)",33,29.0
44,Greedy,E11,"(51, 32)",32,30.0
44,Greedy,E12,"(64, 95)",34,22.0
44,Greedy,E13,"(85, 97)",30,23.0
44,Greedy,E14,"(65, 12)",26,23.0
44,Greedy,E16,"(36, 65)",24,17.0
44,Greedy,E18,"(28, 72)",18,19.0
44,Greedy,E19,"(21, 4)",20,20.0
44,Greedy,E20,"(86, 62)",24,15.0
44,Greedy,E21,"(73, 28)",20,19.0
44,Greedy,E22,"(82, 24)",20,30.0
44,Greedy,E23,"(81, 17)",17,23.0
44,Greedy,E24,"(50, 54)",10,20.0
44,Greedy,E25,"(81, 2)",2,28.0
44,Greedy,E26,"(89, 85)",7,20.0
44,Auction,E6,"(95, 100)",38,21.0
44,Auction,E7,"(22, 99)",41,22.0
44,Auction,E10,"(31, 75)",33,29.0
44,Auction,E13,"(85, 97)",30,23.0
44,Auction,E16,"(36, 65)",24,17.0
44,Auction,E17,"(84, 72)",19,10.0
44,Auction,E18,"(28, 72)",18,19.0
44,Auction,E19,"(21, 4)",20,20.0
44,Auction,E20,"(86, 62)",24,15.0
44,Auction,E21,"(73, 28)",20,19.0
44,Auction,E22,"(82, 24)",20,30.0
44,Auction,E23,"(81, 17)",17,23.0
44,Auction,E24,"(50, 54)",10,20.0
44,Auction,E25,"(81, 2)",2,28.0
44,Auction,E26,"(89, 85)",7,20.0
44,Q-Learning,E6,"(95, 100)",38,21.0
44,Q-Learning,E8,"(97, 10)",35,23.0
44,Q-Learning,E10,"(31, 75)",33,29.0
44,Q-Learning,E11,"(51, 32)",32,30.0
44,Q-Learning,E13,"(85, 97)",30,23.0
44,Q-Learning,E16,"(36, 65)",24,17.0
44,Q-Learning,E17,"(84, 72)",19,10.0
44,Q-Learning,E18,"(28, 72)",18,19.0
44,Q-Learning,E19,"(21, 4)",20,20.0
44,Q-Learning,E20,"(86, 62)",24,15.0
44,Q-Learning,E21,"(73, 28)",20,19.0
44,Q-Learning,E22,"(82, 24)",20,30.0
44,Q-Learning,E23,"(81, 17)",17,23.0
44,Q-Learning,E24,"(50, 54)",10,20.0
44,Q-Learning,E25,"(81, 2)",2,28.0
44,Q-Learning,E26,"(89, 85)",7,20.0
45,Greedy,E10,"(31, 75)",34,29.0
45,Greedy,E11,"(51, 32)",33,30.0
45,Greedy,E12,"(64, 95)",35,22.0
45,Greedy,E13,"(85, 97)",31,23.0
45,Greedy,E14,"(65, 12)",27,23.0
45,Greedy,E16,"(36, 65)",25,17.0
45,Greedy,E18,"(28, 72)",19,19.0
45,Greedy,E19,"(21, 4)",21,20.0
45,Greedy,E20,"(86, 62)",25,15.0
45,Greedy,E21,"(73, 28)",21,19.0
45,Greedy,E22,"(82, 24)",21,30.0
45,Greedy,E23,"(81, 17)",18,23.0
45,Greedy,E24,"(50, 54)",11,20.0
45,Greedy,E25,"(81, 2)",3,28.0
45,Greedy,E26,"(89, 85)",8,20.0
45,Auction,E6,"(95, 100)",39,21.0
45,Auction,E7,"(22, 99)",42,22.0
45,Auction,E10,"(31, 75)",34,29.0
45,Auction,E13,"(85, 97)",31,23.0
45,Auction,E16,"(36, 65)",25,17.0
45,Auction,E17,"(84, 72)",20,10.0
45,Auction,E18,"(28, 72)",19,19.0
45,Auction,E19,"(21, 4)",21,20.0
45,Auction,E20,"(86, 62)",25,15.0
45,Auction,E21,"(73, 28)",21,19.0
45,Auction,E22,"(82, 24)",21,30.0
45,Auction,E23,"(81, 17)",18,23.0
45,Auction,E24,"(50, 54)",11,20.0
45,Auction,E25,"(81, 2)",3,28.0
45,Auction,E26,"(89, 85)",8,20.0
45,Q-Learning,E8,"(97, 10)",36,23.0
45,Q-Learning,E10,"(31, 75)",34,29.0
45,Q-Learning,E11,"(51, 32)",33,30.0
45,Q-Learning,E13,"(85, 97)",31,23.0
45,Q-Learning,E16,"(36, 65)",25,17.0
45,Q-Learning,E17,"(84, 72)",20,10.0
45,Q-Learning,E18,"(28, 72)",19,19.0
45,Q-Learning,E19,"(21, 4)",21,20.0
45,Q-Learning,E20,"(86, 62)",25,15.0
45,Q-Learning,E21,"(73, 28)",21,19.0
45,Q-Learning,E22,"(82, 24)",21,30.0
45,Q-Learning,E23,"(81, 17)",18,23.0
45,Q-Learning,E24,"(50, 54)",11,20.0
45,Q-Learning,E25,"(81, 2)",3,28.0
45,Q-Learning,E26,"(89, 85)",8,20.0
46,Greedy,E10,"(31, 75)",35,29.0
46,Greedy,E11,"(51, 32)",34,30.0
46,Greedy,E12,"(64, 95)",36,22.0
46,Greedy,E13,"(85, 97)",32,23.0
46,Greedy,E14,"(65, 12)",28,23.0
46,Greedy,E16,"(36, 65)",26,17.0
46,Greedy,E18,"(28, 72)",20,19.0
46,Greedy,E19,"(21, 4)",22,20.0
46,Greedy,E20,"(86, 62)",26,15.0
46,Greedy,E21,"(73, 28)",22,19.0
46,Greedy,E22,"(82, 24)",22,30.0
46,Greedy,E23,"(81, 17)",19,23.0
46,Greedy,E24,"(50, 54)",12,20.0
46,Greedy,E25,"(81, 2)",4,28.0
46,Greedy,E26,"(89, 85)",9,20.0
46,Greedy,E27,"(48, 43)",5,28.0
46,Auction,E6,"(95, 100)",40,21.0
46,Auction,E7,"(22, 99)",43,22.0
46,Auction,E10,"(31, 75)",35,29.0
46,Auction,E13,"(85, 97)",32,23.0
46,Auction,E16,"(36, 65)",26,17.0
46,Auction,E17,"(84, 72)",21,10.0
46,Auction,E18,"(28, 72)",20,19.0
46,Auction,E19,"(21, 4)",22,20.0
46,Auction,E20,"(86, 62)",26,15.0
46,Auction,E21,"(73, 28)",22,19.0
46,Auction,E22,"(82, 24)",22,30.0
46,Auction,E23,"(81, 17)",19,23.0
46,Auction,E24,"(50, 54)",12,20.0
46,Auction,E25,"(81, 2)",4,28.0
46,Auction,E26,"(89, 85)",9,20.0
46,Auction,E27,"(48, 43)",5,28.0
46,Q-Learning,E8,"(97, 10)",37,23.0
46,Q-Learning,E10,"(31, 75)",35,29.0
46,Q-Learning,E11,"(51, 32)",34,30.0
46,Q-Learning,E13,"(85, 97)",32,23.0
46,Q-Learning,E16,"(36, 65)",26,17.0
46,Q-Learning,E17,"(84, 72)",21,10.0
46,Q-Learning,E18,"(28, 72)",20,19.0
46,Q-Learning,E19,"(21, 4)",22,20.0
46,Q-Learning,E20,"(86, 62)",26,15.0
46,Q-Learning,E21,"(73, 28)",22,19.0
46,Q-Learning,E22,"(82, 24)",22,30.0
46,Q-Learning,E23,"(81, 17)",19,23.0
46,Q-Learning,E24,"(50, 54)",12,20.0
46,Q-Learning,E25,"(81, 2)",4,28.0
46,Q-Learning,E26,"(89, 85)",9,20.0
46,Q-Learning,E27,"(48, 43)",5,28.0
47,Greedy,E10,"(31, 75)",36,29.0
47,Greedy,E11,"(51, 32)",35,30.0
47,Greedy,E12,"(64, 95)",37,22.0
47,Greedy,E13,"(85, 97)",33,23.0
47,Greedy,E14,"(65, 12)",29,23.0
47,Greedy,E16,"(36, 65)",27,17.0
47,Greedy,E18,"(28, 72)",21,19.0
47,Greedy,E19,"(21, 4)",23,20.0
47,Greedy,E20,"(86, 62)",27,15.0
47,Greedy,E21,"(73, 28)",23,19.0
47,Greedy,E22,"(82, 24)",23,30.0
47,Greedy,E23,"(81, 17)",20,23.0
47,Greedy,E24,"(50, 54)",13,20.0
47,Greedy,E25,"(81, 2)",5,28.0
47,Greedy,E26,"(89, 85)",10,20.0
47,Greedy,E27,"(48, 43)",6,28.0
47,Auction,E6,"(95, 100)",41,21.0
47,Auction,E7,"(22, 99)",44,22.0
47,Auction,E10,"(31, 75)",36,29.0
47,Auction,E13,"(85, 97)",33,23.0
47,Auction,E16,"(36, 65)",27,17.0
47,Auction,E17,"(84, 72)",22,10.0
47,Auction,E18,"(28, 72)",21,19.0
47,Auction,E19,"(21, 4)",23,20.0
47,Auction,E20,"(86, 62)",27,15.0
47,Auction,E21,"(73, 28)",23,19.0
47,Auction,E22,"(82, 24)",23,30.0
47,Auction,E23,"(81, 17)",20,23.0
47,Auction,E24,"(50, 54)",13,20.0
47,Auction,E25,"(81, 2)",5,28.0
47,Auction,E26,"(89, 85)",10,20.0
47,Auction,E27,"(48, 43)",6,28.0
47,Q-Learning,E8,"(97, 10)",38,23.0
47,Q-Learning,E10,"(31, 75)",36,29.0
47,Q-Learning,E11,"(51, 32)",35,30.0
47,Q-Learning,E13,"(85, 97)",33,23.0
47,Q-Learning,E16,"(36, 65)",27,17.0
47,Q-Learning,E17,"(84, 72)",22,10.0
47,Q-Learning,E18,"(28, 72)",21,19.0
47,Q-Learning,E19,"(21, 4)",23,20.0
47,Q-Learning,E20,"(86, 62)",27,15.0
47,Q-Learning,E21,"(73, 28)",23,19.0
47,Q-Learning,E22,"(82, 24)",23,30.0
47,Q-Learning,E23,"(81, 17)",20,23.0
47,Q-Learning,E24,"(50, 54)",13,20.0
47,Q-Learning,E25,"(81, 2)",5,28.0
47,Q-Learning,E26,"(89, 85)",10,20.0
47,Q-Learning,E27,"(48, 43)",6,28.0
48,Greedy,E10,"(31, 75)",37,29.0
48,Greedy,E11,"(51, 32)",36,30.0
48,Greedy,E12,"(64, 95)",38,22.0
48,Greedy,E13,"(85, 97)",34,23.0
48,Greedy,E14,"(65, 12)",30,23.0
48,Greedy,E16,"(36, 65)",28,17.0
48,Greedy,E18,"(28, 72)",22,19.0
48,Greedy,E19,"(21, 4)",24,20.0
48,Greedy,E20,"(86, 62)",28,15.0
48,Greedy,E21,"(73, 28)",24,19.0
48,Greedy,E22,"(82, 24)",24,30.0
48,Greedy,E23,"(81, 17)",21,23.0
48,Greedy,E24,"(50, 54)",14,20.0
48,Greedy,E25,"(81, 2)",6,28.0
48,Greedy,E26,"(89, 85)",11,20.0
48,Greedy,E27,"(48, 43)",7,28.0
48,Auction,E6,"(95, 100)",42,21.0
48,Auction,E7,"(22, 99)",45,22.0
48,Auction,E10,"(31, 75)",37,29.0
48,Auction,E13,"(85, 97)",34,23.0
48,Auction,E16,"(36, 65)",28,17.0
48,Auction,E17,"(84, 72)",23,10.0
48,Auction,E18,"(28, 72)",22,19.0
48,Auction,E19,"(21, 4)",24,20.0
48,Auction,E20,"(86, 62)",28,15.0
48,Auction,E21,"(73, 28)",24,19.0
48,Auction,E22,"(82, 24)",24,30.0
48,Auction,E23,"(81, 17)",21,23.0
48,Auction,E24,"(50, 54)",14,20.0
48,Auction,E25,"(81, 2)",6,28.0
48,Auction,E26,"(89, 85)",11,20.0
48,Auction,E27,"(48, 43)",7,28.0
48,Q-Learning,E8,"(97, 10)",39,23.0
48,Q-Learning,E10,"(31, 75)",37,29.0
48,Q-Learning,E11,"(51, 32)",36,30.0
48,Q-Learning,E13,"(85, 97)",34,23.0
48,Q-Learning,E16,"(36, 65)",28,17.0
48,Q-Learning,E17,"(84, 72)",23,10.0
48,Q-Learning,E18,"(28, 72)",22,19.0
48,Q-Learning,E19,"(21, 4)",24,20.0
48,Q-Learning,E20,"(86, 62)",28,15.0
48,Q-Learning,E21,"(73, 28)",24,19.0
48,Q-Learning,E22,"(82, 24)",24,30.0
48,Q-Learning,E23,"(81, 17)",21,23.0
48,Q-Learning,E24,"(50, 54)",14,20.0
48,Q-Learning,E25,"(81, 2)",6,28.0
48,Q-Learning,E26,"(89, 85)",11,20.0
48,Q-Learning,E27,"(48, 43)",7,28.0
49,Greedy,E10,"(31, 75)",38,29.0
49,Greedy,E11,"(51, 32)",37,30.0
49,Greedy,E13,"(85, 97)",35,23.0
49,Greedy,E14,"(65, 12)",31,23.0
49,Greedy,E16,"(36, 65)",29,17.0
49,Greedy,E18,"(28, 72)",23,19.0
49,Greedy,E19,"(21, 4)",25,20.0
49,Greedy,E20,"(86, 62)",29,15.0
49,Greedy,E21,"(73, 28)",25,19.0
49,Greedy,E22,"(82, 24)",25,30.0
49,Greedy,E23,"(81, 17)",22,23.0
49,Greedy,E24,"(50, 54)",15,20.0
49,Greedy,E25,"(81, 2)",7,28.0
49,Greedy,E26,"(89, 85)",12,20.0
49,Greedy,E27,"(48, 43)",8,28.0
49,Auction,E6,"(95, 100)",43,21.0
49,Auction,E7,"(22, 99)",46,22.0
49,Auction,E10,"(31, 75)",38,29.0
49,Auction,E13,"(85, 97)",35,23.0
49,Auction,E16,"(36, 65)",29,17.0
49,Auction,E17,"(84, 72)",24,10.0
49,Auction,E18,"(28, 72)",23,19.0
49,Auction,E19,"(21, 4)",25,20.0
49,Auction,E20,"(86, 62)",29,15.0
49,Auction,E21,"(73, 28)",25,19.0
49,Auction,E22,"(82, 24)",25,30.0
49,Auction,E23,"(81, 17)",22,23.0
49,Auction,E24,"(50, 54)",15,20.0
49,Auction,E25,"(81, 2)",7,28.0
49,Auction,E26,"(89, 85)",12,20.0
49,Auction,E27,"(48, 43)",8,28.0
49,Q-Learning,E8,"(97, 10)",40,23.0
49,Q-Learning,E10,"(31, 75)",38,29.0
49,Q-Learning,E11,"(51, 32)",37,30.0
49,Q-Learning,E13,"(85, 97)",35,23.0
49,Q-Learning,E16,"(36, 65)",29,17.0
49,Q-Learning,E17,"(84, 72)",24,10.0
49,Q-Learning,E18,"(28, 72)",23,19.0
49,Q-Learning,E19,"(21, 4)",25,20.0
49,Q-Learning,E20,"(86, 62)",29,15.0
49,Q-Learning,E21,"(73, 28)",25,19.0
49,Q-Learning,E22,"(82, 24)",25,30.0
49,Q-Learning,E23,"(81, 17)",22,23.0
49,Q-Learning,E24,"(50, 54)",15,20.0
49,Q-Learning,E25,"(81, 2)",7,28.0
49,Q-Learning,E26,"(89, 85)",12,20.0
49,Q-Learning,E27,"(48, 43)",8,28.0
50,Greedy,E10,"(31, 75)",39,29.0
50,Greedy,E11,"(51, 32)",38,30.0
50,Greedy,E13,"(85, 97)",36,23.0
50,Greedy,E14,"(65, 12)",32,23.0
50,Greedy,E16,"(36, 65)",30,17.0
50,Greedy,E18,"(28, 72)",24,19.0
50,Greedy,E19,"(21, 4)",26,20.0
50,Greedy,E20,"(86, 62)",30,15.0
50,Greedy,E21,"(73, 28)",26,19.0
50,Greedy,E22,"(82, 24)",26,30.0
50,Greedy,E23,"(81, 17)",23,23.0
50,Greedy,E24,"(50, 54)",16,20.0
50,Greedy,E25,"(81, 2)",8,28.0
50,Greedy,E26,"(89, 85)",13,20.0
50,Greedy,E27,"(48, 43)",9,28.0
50,Auction,E6,"(95, 100)",44,21.0
50,Auction,E7,"(22, 99)",47,22.0
50,Auction,E10,"(31, 75)",39,29.0
50,Auction,E13,"(85, 97)",36,23.0
50,Auction,E16,"(36, 65)",30,17.0
50,Auction,E18,"(28, 72)",24,19.0
50,Auction,E19,"(21, 4)",26,20.0
50,Auction,E20,"(86, 62)",30,15.0
50,Auction,E21,"(73, 28)",26,19.0
50,Auction,E22,"(82, 24)",26,30.0
50,Auction,E23,"(81, 17)",23,23.0
50,Auction,E24,"(50, 54)",16,20.0
50,Auction,E25,"(81, 2)",8,28.0
50,Auction,E26,"(89, 85)",13,20.0
50,Auction,E27,"(48, 43)",9,28.0
50,Q-Learning,E8,"(97, 10)",41,23.0
50,Q-Learning,E10,"(31, 75)",39,29.0
50,Q-Learning,E11,"(51, 32)",38,30.0
50,Q-Learning,E13,"(85, 97)",36,23.0
50,Q-Learning,E18,"(28, 72)",24,19.0
50,Q-Learning,E19,"(21, 4)",26,20.0
50,Q-Learning,E20,"(86, 62)",30,15.0
50,Q-Learning,E21,"(73, 28)",26,19.0
50,Q-Learning,E22,"(82, 24)",26,30.0
50,Q-Learning,E23,"(81, 17)",23,23.0
50,Q-Learning,E24,"(50, 54)",16,20.0
50,Q-Learning,E25,"(81, 2)",8,28.0
50,Q-Learning,E26,"(89, 85)",13,20.0
50,Q-Learning,E27,"(48, 43)",9,28.0
51,Greedy,E10,"(31, 75)",40,29.0
51,Greedy,E11,"(51, 32)",39,30.0
51,Greedy,E13,"(85, 97)",37,23.0
51,Greedy,E14,"(65, 12)",33,23.0
51,Greedy,E16,"(36, 65)",31,17.0
51,Greedy,E18,"(28, 72)",25,19.0
51,Greedy,E19,"(21, 4)",27,20.0
51,Greedy,E20,"(86, 62)",31,15.0
51,Greedy,E21,"(73, 28)",27,19.0
51,Greedy,E22,"(82, 24)",27,30.0
51,Greedy,E23,"(81, 17)",24,23.0
51,Greedy,E24,"(50, 54)",17,20.0
51,Greedy,E25,"(81, 2)",9,28.0
51,Greedy,E26,"(89, 85)",14,20.0
51,Greedy,E27,"(48, 43)",10,28.0
51,Greedy,E28,"(91, 50)",1,27.0
51,Auction,E6,"(95, 100)",45,21.0
51,Auction,E7,"(22, 99)",48,22.0
51,Auction,E10,"(31, 75)",40,29.0
51,Auction,E13,"(85, 97)",37,23.0
51,Auction,E18,"(28, 72)",25,19.0
51,Auction,E19,"(21, 4)",27,20.0
51,Auction,E20,"(86, 62)",31,15.0
51,Auction,E21,"(73, 28)",27,19.0
51,Auction,E22,"(82, 24)",27,30.0
51,Auction,E23,"(81, 17)",24,23.0
51,Auction,E24,"(50, 54)",17,20.0
51,Auction,E25,"(81, 2)",9,28.0
51,Auction,E26,"(89, 85)",14,20.0
51,Auction,E27,"(48, 43)",10,28.0
51,Auction,E28,"(91, 50)",1,27.0
51,Q-Learning,E10,"(31, 75)",40,29.0
51,Q-Learning,E11,"(51, 32)",39,30.0
51,Q-Learning,E13,"(85, 97)",37,23.0
51,Q-Learning,E18,"(28, 72)",25,19.0
51,Q-Learning,E19,"(21, 4)",27,20.0
51,Q-Learning,E20,"(86, 62)",31,15.0
51,Q-Learning,E21,"(73, 28)",27,19.0
51,Q-Learning,E22,"(82, 24)",27,30.0
51,Q-Learning,E23,"(81, 17)",24,23.0
51,Q-Learning,E24,"(50, 54)",17,20.0
51,Q-Learning,E25,"(81, 2)",9,28.0
51,Q-Learning,E26,"(89, 85)",14,20.0
51,Q-Learning,E27,"(48, 43)",10,28.0
51,Q-Learning,E28,"(91, 50)",1,27.0
52,Greedy,E10,"(31, 75)",41,29.0
52,Greedy,E11,"(51, 32)",40,30.0
52,Greedy,E13,"(85, 97)",38,23.0
52,Greedy,E14,"(65, 12)",34,23.0
52,Greedy,E16,"(36, 65)",32,17.0
52,Greedy,E18,"(28, 72)",26,19.0
52,Greedy,E19,"(21, 4)",28,20.0
52,Greedy,E20,"(86, 62)",32,15.0
52,Greedy,E21,"(73, 28)",28,19.0
52,Greedy,E22,"(82, 24)",28,30.0
52,Greedy,E23,"(81, 17)",25,23.0
52,Greedy,E24,"(50, 54)",18,20.0
52,Greedy,E25,"(81, 2)",10,28.0
52,Greedy,E26,"(89, 85)",15,20.0
52,Greedy,E27,"(48, 43)",11,28.0
52,Greedy,E28,"(91, 50)",2,27.0
52,Auction,E6,"(95, 100)",46,21.0
52,Auction,E7,"(22, 99)",49,22.0
52,Auction,E10,"(31, 75)",41,29.0
52,Auction,E13,"(85, 97)",38,23.0
52,Auction,E18,"(28, 72)",26,19.0
52,Auction,E19,"(21, 4)",28,20.0
52,Auction,E20,"(86, 62)",32,15.0
52,Auction,E21,"(73, 28)",28,19.0
52,Auction,E22,"(82, 24)",28,30.0
52,Auction,E23,"(81, 17)",25,23.0
52,Auction,E24,"(50, 54)",18,20.0
52,Auction,E25,"(81, 2)",10,28.0
52,Auction,E26,"(89, 85)",15,20.0
52,Auction,E27,"(48, 43)",11,28.0
52,Auction,E28,"(91, 50)",2,27.0
52,Q-Learning,E10,"(31, 75)",41,29.0
52,Q-Learning,E11,"(51, 32)",40,30.0
52,Q-Learning,E13,"(85, 97)",38,23.0
52,Q-Learning,E18,"(28, 72)",26,19.0
52,Q-Learning,E19,"(21, 4)",28,20.0
52,Q-Learning,E20,"(86, 62)",32,15.0
52,Q-Learning,E21,"(73, 28)",28,19.0
52,Q-Learning,E22,"(82, 24)",28,30.0
52,Q-Learning,E23,"(81, 17)",25,23.0
52,Q-Learning,E24,"(50, 54)",18,20.0
52,Q-Learning,E25,"(81, 2)",10,28.0
52,Q-Learning,E26,"(89, 85)",15,20.0
52,Q-Learning,E27,"(48, 43)",11,28.0
52,Q-Learning,E28,"(91, 50)",2,27.0
53,Greedy,E10,"(31, 75)",42,29.0
53,Greedy,E11,"(51, 32)",41,30.0
53,Greedy,E13,"(85, 97)",39,23.0
53,Greedy,E14,"(65, 12)",35,23.0
53,Greedy,E16,"(36, 65)",33,17.0
53,Greedy,E18,"(28, 72)",27,19.0
53,Greedy,E19,"(21, 4)",29,20.0
53,Greedy,E20,"(86, 62)",33,15.0
53,Greedy,E21,"(73, 28)",29,19.0
53,Greedy,E22,"(82, 24)",29,30.0
53,Greedy,E23,"(81, 17)",26,23.0
53,Greedy,E24,"(50, 54)",19,20.0
53,Greedy,E25,"(81, 2)",11,28.0
53,Greedy,E26,"(89, 85)",16,20.0
53,Greedy,E27,"(48, 43)",12,28.0
53,Greedy,E28,"(91, 50)",3,27.0
53,Greedy,E29,"(38, 40)",4,14.0
53,Auction,E6,"(95, 100)",47,21.0
53,Auction,E7,"(22, 99)",50,22.0
53,Auction,E10,"(31, 75)",42,29.0
53,Auction,E13,"(85, 97)",39,23.0
53,Auction,E18,"(28, 72)",27,19.0
53,Auction,E19,"(21, 4)",29,20.0
53,Auction,E20,"(86, 62)",33,15.0
53,Auction,E21,"(73, 28)",29,19.0
53,Auction,E22,"(82, 24)",29,30.0
53,Auction,E23,"(81, 17)",26,23.0
53,Auction,E24,"(50, 54)",19,20.0
53,Auction,E25,"(81, 2)",11,28.0
53,Auction,E26,"(89, 85)",16,20.0
53,Auction,E27,"(48, 43)",12,28.0
53,Auction,E28,"(91, 50)",3,27.0
53,Q-Learning,E10,"(31, 75)",42,29.0
53,Q-Learning,E11,"(51, 32)",41,30.0
53,Q-Learning,E13,"(85, 97)",39,23.0
53,Q-Learning,E18,"(28, 72)",27,19.0
53,Q-Learning,E19,"(21, 4)",29,20.0
53,Q-Learning,E20,"(86, 62)",33,15.0
53,Q-Learning,E21,"(73, 28)",29,19.0
53,Q-Learning,E22,"(82, 24)",29,30.0
53,Q-Learning,E23,"(81, 17)",26,23.0
53,Q-Learning,E24,"(50, 54)",19,20.0
53,Q-Learning,E25,"(81, 2)",11,28.0
53,Q-Learning,E26,"(89, 85)",16,20.0
53,Q-Learning,E27,"(48, 43)",12,28.0
53,Q-Learning,E28,"(91, 50)",3,27.0
53,Q-Learning,E29,"(38, 40)",4,14.0
54,Greedy,E10,"(31, 75)",43,29.0
54,Greedy,E11,"(51, 32)",42,30.0
54,Greedy,E13,"(85, 97)",40,23.0
54,Greedy,E14,"(65, 12)",36,23.0
54,Greedy,E16,"(36, 65)",34,17.0
54,Greedy,E18,"(28, 72)",28,19.0
54,Greedy,E19,"(21, 4)",30,20.0
54,Greedy,E20,"(86, 62)",34,15.0
54,Greedy,E21,"(73, 28)",30,19.0
54,Greedy,E22,"(82, 24)",30,30.0
54,Greedy,E23,"(81, 17)",27,23.0
54,Greedy,E24,"(50, 54)",20,20.0
54,Greedy,E25,"(81, 2)",12,28.0
54,Greedy,E26,"(89, 85)",17,20.0
54,Greedy,E27,"(48, 43)",13,28.0
54,Greedy,E28,"(91, 50)",4,27.0
54,Greedy,E29,"(38, 40)",5,14.0
54,Greedy,E30,"(82, 8)",3,15.0
54,Auction,E6,"(95, 100)",48,21.0
54,Auction,E7,"(22, 99)",51,22.0
54,Auction,E10,"(31, 75)",43,29.0
54,Auction,E13,"(85, 97)",40,23.0
54,Auction,E18,"(28, 72)",28,19.0
54,Auction,E19,"(21, 4)",30,20.0
54,Auction,E20,"(86, 62)",34,15.0
54,Auction,E21,"(73, 28)",30,19.0
54,Auction,E22,"(82, 24)",30,30.0
54,Auction,E23,"(81, 17)",27,23.0
54,Auction,E24,"(50, 54)",20,20.0
54,Auction,E25,"(81, 2)",12,28.0
54,Auction,E26,"(89, 85)",17,20.0
54,Auction,E27,"(48, 43)",13,28.0
54,Auction,E28,"(91, 50)",4,27.0
54,Auction,E30,"(82, 8)",3,15.0
54,Q-Learning,E10,"(31, 75)",43,29.0
54,Q-Learning,E11,"(51, 32)",42,30.0
54,Q-Learning,E13,"(85, 97)",40,23.0
54,Q-Learning,E18,"(28, 72)",28,19.0
54,Q-Learning,E19,"(21, 4)",30,20.0
54,Q-Learning,E20,"(86, 62)",34,15.0
54,Q-Learning,E21,"(73, 28)",30,19.0
54,Q-Learning,E22,"(82, 24)",30,30.0
54,Q-Learning,E23,"(81, 17)",27,23.0
54,Q-Learning,E24,"(50, 54)",20,20.0
54,Q-Learning,E25,"(81, 2)",12,28.0
54,Q-Learning,E26,"(89, 85)",17,20.0
54,Q-Learning,E27,"(48, 43)",13,28.0
54,Q-Learning,E28,"(91, 50)",4,27.0
54,Q-Learning,E29,"(38, 40)",5,14.0
54,Q-Learning,E30,"(82, 8)",3,15.0
55,Greedy,E10,"(31, 75)",44,29.0
55,Greedy,E11,"(51, 32)",43,30.0
55,Greedy,E13,"(85, 97)",41,23.0
55,Greedy,E14,"(65, 12)",37,23.0
55,Greedy,E16,"(36, 65)",35,17.0
55,Greedy,E18,"(28, 72)",29,19.0
55,Greedy,E19,"(21, 4)",31,20.0
55,Greedy,E20,"(86, 62)",35,15.0
55,Greedy,E21,"(73, 28)",31,19.0
55,Greedy,E22,"(82, 24)",31,30.0
55,Greedy,E23,"(81, 17)",28,23.0
55,Greedy,E24,"(50, 54)",21,20.0
55,Greedy,E25,"(81, 2)",13,28.0
55,Greedy,E26,"(89, 85)",18,20.0
55,Greedy,E27,"(48, 43)",14,28.0
55,Greedy,E28,"(91, 50)",5,27.0
55,Greedy,E29,"(38, 40)",6,14.0
55,Greedy,E30,"(82, 8)",4,15.0
55,Greedy,E31,"(92, 25)",10,28.0
55,Auction,E6,"(95, 100)",49,21.0
55,Auction,E7,"(22, 99)",52,22.0
55,Auction,E10,"(31, 75)",44,29.0
55,Auction,E13,"(85, 97)",41,23.0
55,Auction,E18,"(28, 72)",29,19.0
55,Auction,E19,"(21, 4)",31,20.0
55,Auction,E20,"(86, 62)",35,15.0
55,Auction,E21,"(73, 28)",31,19.0
55,Auction,E22,"(82, 24)",31,30.0
55,Auction,E23,"(81, 17)",28,23.0
55,Auction,E24,"(50, 54)",21,20.0
55,Auction,E25,"(81, 2)",13,28.0
55,Auction,E26,"(89, 85)",18,20.0
55,Auction,E27,"(48, 43)",14,28.0
55,Auction,E28,"(91, 50)",5,27.0
55,Auction,E30,"(82, 8)",4,15.0
55,Auction,E31,"(92, 25)",10,28.0
55,Q-Learning,E10,"(31, 75)",44,29.0
55,Q-Learning,E11,"(51, 32)",43,30.0
55,Q-Learning,E13,"(85, 97)",41,23.0
55,Q-Learning,E18,"(28, 72)",29,19.0
55,Q-Learning,E19,"(21, 4)",31,20.0
55,Q-Learning,E20,"(86, 62)",35,15.0
55,Q-Learning,E21,"(73, 28)",31,19.0
55,Q-Learning,E22,"(82, 24)",31,30.0
55,Q-Learning,E23,"(81, 17)",28,23.0
55,Q-Learning,E24,"(50, 54)",21,20.0
55,Q-Learning,E25,"(81, 2)",13,28.0
55,Q-Learning,E26,"(89, 85)",18,20.0
55,Q-Learning,E27,"(48, 43)",14,28.0
55,Q-Learning,E28,"(91, 50)",5,27.0
55,Q-Learning,E29,"(38, 40)",6,14.0
55,Q-Learning,E30,"(82, 8)",4,15.0
55,Q-Learning,E31,"(92, 25)",10,28.0
56,Greedy,E10,"(31, 75)",45,29.0
56,Greedy,E11,"(51, 32)",44,30.0
56,Greedy,E13,"(85, 97)",42,23.0
56,Greedy,E14,"(65, 12)",38,23.0
56,Greedy,E16,"(36, 65)",36,17.0
56,Greedy,E18,"(28, 72)",30,19.0
56,Greedy,E19,"(21, 4)",32,20.0
56,Greedy,E20,"(86, 62)",36,15.0
56,Greedy,E21,"(73, 28)",32,19.0
56,Greedy,E22,"(82, 24)",32,30.0
56,Greedy,E23,"(81, 17)",29,23.0
56,Greedy,E24,"(50, 54)",22,20.0
56,Greedy,E25,"(81, 2)",14,28.0
56,Greedy,E26,"(89, 85)",19,20.0
56,Greedy,E27,"(48, 43)",15,28.0
56,Greedy,E28,"(91, 50)",6,27.0
56,Greedy,E29,"(38, 40)",7,14.0
56,Greedy,E30,"(82, 8)",5,15.0
56,Greedy,E31,"(92, 25)",11,28.0
56,Auction,E6,"(95, 100)",50,21.0
56,Auction,E7,"(22, 99)",53,22.0
56,Auction,E10,"(31, 75)",45,29.0
56,Auction,E13,"(85, 97)",42,23.0
56,Auction,E18,"(28, 72)",30,19.0
56,Auction,E19,"(21, 4)",32,20.0
56,Auction,E20,"(86, 62)",36,15.0
56,Auction,E21,"(73, 28)",32,19.0
56,Auction,E22,"(82, 24)",32,30.0
56,Auction,E23,"(81, 17)",29,23.0
56,Auction,E24,"(50, 54)",22,20.0
56,Auction,E25,"(81, 2)",14,28.0
56,Auction,E26,"(89, 85)",19,20.0
56,Auction,E27,"(48, 43)",15,28.0
56,Auction,E28,"(91, 50)",6,27.0
56,Auction,E30,"(82, 8)",5,15.0
56,Auction,E31,"(92, 25)",11,28.0
56,Q-Learning,E10,"(31, 75)",45,29.0
56,Q-Learning,E11,"(51, 32)",44,30.0
56,Q-Learning,E13,"(85, 97)",42,23.0
56,Q-Learning,E18,"(28, 72)",30,19.0
56,Q-Learning,E19,"(21, 4)",32,20.0
56,Q-Learning,E20,"(86, 62)",36,15.0
56,Q-Learning,E21,"(73, 28)",32,19.0
56,Q-Learning,E22,"(82, 24)",32,30.0
56,Q-Learning,E23,"(81, 17)",29,23.0
56,Q-Learning,E24,"(50, 54)",22,20.0
56,Q-Learning,E25,"(81, 2)",14,28.0
56,Q-Learning,E26,"(89, 85)",19,20.0
56,Q-Learning,E27,"(48, 43)",15,28.0
56,Q-Learning,E28,"(91, 50)",6,27.0
56,Q-Learning,E29,"(38, 40)",7,14.0
56,Q-Learning,E30,"(82, 8)",5,15.0
56,Q-Learning,E31,"(92, 25)",11,28.0
57,Greedy,E10,"(31, 75)",46,29.0
57,Greedy,E11,"(51, 32)",45,30.0
57,Greedy,E13,"(85, 97)",43,23.0
57,Greedy,E14,"(65, 12)",39,23.0
57,Greedy,E16,"(36, 65)",37,17.0
57,Greedy,E18,"(28, 72)",31,19.0
57,Greedy,E19,"(21, 4)",33,20.0
57,Greedy,E20,"(86, 62)",37,15.0
57,Greedy,E21,"(73, 28)",33,19.0
57,Greedy,E22,"(82, 24)",33,30.0
57,Greedy,E23,"(81, 17)",30,23.0
57,Greedy,E24,"(50, 54)",23,20.0
57,Greedy,E25,"(81, 2)",15,28.0
57,Greedy,E26,"(89, 85)",20,20.0
57,Greedy,E27,"(48, 43)",16,28.0
57,Greedy,E28,"(91, 50)",7,27.0
57,Greedy,E29,"(38, 40)",8,14.0
57,Greedy,E30,"(82, 8)",6,15.0
57,Greedy,E31,"(92, 25)",12,28.0
57,Auction,E6,"(95, 100)",51,21.0
57,Auction,E7,"(22, 99)",54,22.0
57,Auction,E10,"(31, 75)",46,29.0
57,Auction,E13,"(85, 97)",43,23.0
57,Auction,E18,"(28, 72)",31,19.0
57,Auction,E19,"(21, 4)",33,20.0
57,Auction,E20,"(86, 62)",37,15.0
57,Auction,E21,"(73, 28)",33,19.0
57,Auction,E22,"(82, 24)",33,30.0
57,Auction,E23,"(81, 17)",30,23.0
57,Auction,E24,"(50, 54)",23,20.0
57,Auction,E25,"(81, 2)",15,28.0
57,Auction,E26,"(89, 85)",20,20.0
57,Auction,E27,"(48, 43)",16,28.0
57,Auction,E28,"(91, 50)",7,27.0
57,Auction,E30,"(82, 8)",6,15.0
57,Auction,E31,"(92, 25)",12,28.0
57,Q-Learning,E10,"(31, 75)",46,29.0
57,Q-Learning,E11,"(51, 32)",45,30.0
57,Q-Learning,E13,"(85, 97)",43,23.0
57,Q-Learning,E18,"(28, 72)",31,19.0
57,Q-Learning,E19,"(21, 4)",33,20.0
57,Q-Learning,E20,"(86, 62)",37,15.0
57,Q-Learning,E21,"(73, 28)",33,19.0
57,Q-Learning,E22,"(82, 24)",33,30.0
57,Q-Learning,E23,"(81, 17)",30,23.0
57,Q-Learning,E24,"(50, 54)",23,20.0
57,Q-Learning,E25,"(81, 2)",15,28.0
57,Q-Learning,E26,"(89, 85)",20,20.0
57,Q-Learning,E27,"(48, 43)",16,28.0
57,Q-Learning,E28,"(91, 50)",7,27.0
57,Q-Learning,E29,"(38, 40)",8,14.0
57,Q-Learning,E30,"(82, 8)",6,15.0
57,Q-Learning,E31,"(92, 25)",12,28.0
58,Greedy,E10,"(31, 75)",47,29.0
58,Greedy,E11,"(51, 32)",46,30.0
58,Greedy,E13,"(85, 97)",44,23.0
58,Greedy,E14,"(65, 12)",40,23.0
58,Greedy,E16,"(36, 65)",38,17.0
58,Greedy,E18,"(28, 72)",32,19.0
58,Greedy,E19,"(21, 4)",34,20.0
58,Greedy,E20,"(86, 62)",38,15.0
58,Greedy,E21,"(73, 28)",34,19.0
58,Greedy,E22,"(82, 24)",34,30.0
58,Greedy,E23,"(81, 17)",31,23.0
58,Greedy,E24,"(50, 54)",24,20.0
58,Greedy,E25,"(81, 2)",16,28.0
58,Greedy,E26,"(89, 85)",21,20.0
58,Greedy,E27,"(48, 43)",17,28.0
58,Greedy,E28,"(91, 50)",8,27.0
58,Greedy,E29,"(38, 40)",9,14.0
58,Greedy,E30,"(82, 8)",7,15.0
58,Greedy,E31,"(92, 25)",13,28.0
58,Greedy,E32,"(83, 42)",5,22.0
58,Auction,E6,"(95, 100)",52,21.0
58,Auction,E7,"(22, 99)",55,22.0
58,Auction,E10,"(31, 75)",47,29.0
58,Auction,E13,"(85, 97)",44,23.0
58,Auction,E18,"(28, 72)",32,19.0
58,Auction,E19,"(21, 4)",34,20.0
58,Auction,E20,"(86, 62)",38,15.0
58,Auction,E21,"(73, 28)",34,19.0
58,Auction,E22,"(82, 24)",34,30.0
58,Auction,E23,"(81, 17)",31,23.0
58,Auction,E24,"(50, 54)",24,20.0
58,Auction,E25,"(81, 2)",16,28.0
58,Auction,E26,"(89, 85)",21,20.0
58,Auction,E27,"(48, 43)",17,28.0
58,Auction,E28,"(91, 50)",8,27.0
58,Auction,E30,"(82, 8)",7,15.0
58,Auction,E31,"(92, 25)",13,28.0
58,Auction,E32,"(83, 42)",5,22.0
58,Q-Learning,E11,"(51, 32)",46,30.0
58,Q-Learning,E13,"(85, 97)",44,23.0
58,Q-Learning,E18,"(28, 72)",32,19.0
58,Q-Learning,E19,"(21, 4)",34,20.0
58,Q-Learning,E20,"(86, 62)",38,15.0
58,Q-Learning,E21,"(73, 28)",34,19.0
58,Q-Learning,E22,"(82, 24)",34,30.0
58,Q-Learning,E23,"(81, 17)",31,23.0
58,Q-Learning,E24,"(50, 54)",24,20.0
58,Q-Learning,E25,"(81, 2)",16,28.0
58,Q-Learning,E26,"(89, 85)",21,20.0
58,Q-Learning,E27,"(48, 43)",17,28.0
58,Q-Learning,E28,"(91, 50)",8,27.0
58,Q-Learning,E29,"(38, 40)",9,14.0
58,Q-Learning,E30,"(82, 8)",7,15.0
58,Q-Learning,E31,"(92, 25)",13,28.0
58,Q-Learning,E32,"(83, 42)",5,22.0
59,Greedy,E10,"(31, 75)",48,29.0
59,Greedy,E11,"(51, 32)",47,30.0
59,Greedy,E13,"(85, 97)",45,23.0
59,Greedy,E14,"(65, 12)",41,23.0
59,Greedy,E16,"(36, 65)",39,17.0
59,Greedy,E18,"(28, 72)",33,19.0
59,Greedy,E19,"(21, 4)",35,20.0
59,Greedy,E20,"(86, 62)",39,15.0
59,Greedy,E21,"(73, 28)",35,19.0
59,Greedy,E22,"(82, 24)",35,30.0
59,Greedy,E23,"(81, 17)",32,23.0
59,Greedy,E24,"(50, 54)",25,20.0
59,Greedy,E25,"(81, 2)",17,28.0
59,Greedy,E26,"(89, 85)",22,20.0
59,Greedy,E27,"(48, 43)",18,28.0
59,Greedy,E28,"(91, 50)",9,27.0
59,Greedy,E29,"(38, 40)",10,14.0
59,Greedy,E30,"(82, 8)",8,15.0
59,Greedy,E31,"(92, 25)",14,28.0
59,Greedy,E32,"(83, 42)",6,22.0
59,Greedy,E33,"(28, 32)",5,13.0
59,Auction,E6,"(95, 100)",53,21.0
59,Auction,E7,"(22, 99)",56,22.0
59,Auction,E10,"(31, 75)",48,29.0
59,Auction,E13,"(85, 97)",45,23.0
59,Auction,E18,"(28, 72)",33,19.0
59,Auction,E19,"(21, 4)",35,20.0
59,Auction,E20,"(86, 62)",39,15.0
59,Auction,E21,"(73, 28)",35,19.0
59,Auction,E22,"(82, 24)",35,30.0
59,Auction,E23,"(81, 17)",32,23.0
59,Auction,E24,"(50, 54)",25,20.0
59,Auction,E25,"(81, 2)",17,28.0
59,Auction,E26,"(89, 85)",22,20.0
59,Auction,E27,"(48, 43)",18,28.0
59,Auction,E28,"(91, 50)",9,27.0
59,Auction,E30,"(82, 8)",8,15.0
59,Auction,E31,"(92, 25)",14,28.0
59,Auction,E32,"(83, 42)",6,22.0
59,Auction,E33,"(28, 32)",5,13.0
59,Q-Learning,E11,"(51, 32)",47,30.0
59,Q-Learning,E13,"(85, 97)",45,23.0
59,Q-Learning,E18,"(28, 72)",33,19.0
59,Q-Learning,E19,"(21, 4)",35,20.0
59,Q-Learning,E20,"(86, 62)",39,15.0
59,Q-Learning,E21,"(73, 28)",35,19.0
59,Q-Learning,E22,"(82, 24)",35,30.0
59,Q-Learning,E23,"(81, 17)",32,23.0
59,Q-Learning,E24,"(50, 54)",25,20.0
59,Q-Learning,E25,"(81, 2)",17,28.0
59,Q-Learning,E26,"(89, 85)",22,20.0
59,Q-Learning,E27,"(48, 43)",18,28.0
59,Q-Learning,E28,"(91, 50)",9,27.0
59,Q-Learning,E29,"(38, 40)",10,14.0
59,Q-Learning,E30,"(82, 8)",8,15.0
59,Q-Learning,E31,"(92, 25)",14,28.0
59,Q-Learning,E32,"(83, 42)",6,22.0
59,Q-Learning,E33,"(28, 32)",5,13.0
60,Greedy,E10,"(31, 75)",49,29.0
60,Greedy,E11,"(51, 32)",48,30.0
60,Greedy,E13,"(85, 97)",46,23.0
60,Greedy,E14,"(65, 12)",42,23.0
60,Greedy,E16,"(36, 65)",40,17.0
60,Greedy,E18,"(28, 72)",34,19.0
60,Greedy,E19,"(21, 4)",36,20.0
60,Greedy,E20,"(86, 62)",40,15.0
60,Greedy,E21,"(73, 28)",36,19.0
60,Greedy,E22,"(82, 24)",36,30.0
60,Greedy,E23,"(81, 17)",33,23.0
60,Greedy,E24,"(50, 54)",26,20.0
60,Greedy,E25,"(81, 2)",18,28.0
60,Greedy,E26,"(89, 85)",23,20.0
60,Greedy,E27,"(48, 43)",19,28.0
60,Greedy,E28,"(91, 50)",10,27.0
60,Greedy,E29,"(38, 40)",11,14.0
60,Greedy,E30,"(82, 8)",9,15.0
60,Greedy,E31,"(92, 25)",15,28.0
60,Greedy,E32,"(83, 42)",7,22.0
60,Greedy,E33,"(28, 32)",6,13.0
60,Greedy,E34,"(44, 27)",2,17.0
60,Auction,E6,"(95, 100)",54,21.0
60,Auction,E7,"(22, 99)",57,22.0
60,Auction,E10,"(31, 75)",49,29.0
60,Auction,E13,"(85, 97)",46,23.0
60,Auction,E18,"(28, 72)",34,19.0
60,Auction,E19,"(21, 4)",36,20.0
60,Auction,E20,"(86, 62)",40,15.0
60,Auction,E21,"(73, 28)",36,19.0
60,Auction,E22,"(82, 24)",36,30.0
60,Auction,E23,"(81, 17)",33,23.0
60,Auction,E24,"(50, 54)",26,20.0
60,Auction,E25,"(81, 2)",18,28.0
60,Auction,E26,"(89, 85)",23,20.0
60,Auction,E27,"(48, 43)",19,28.0
60,Auction,E28,"(91, 50)",10,27.0
60,Auction,E30,"(82, 8)",9,15.0
60,Auction,E31,"(92, 25)",15,28.0
60,Auction,E32,"(83, 42)",7,22.0
60,Auction,E33,"(28, 32)",6,13.0
60,Auction,E34,"(44, 27)",2,17.0
60,Q-Learning,E11,"(51, 32)",48,30.0
60,Q-Learning,E13,"(85, 97)",46,23.0
60,Q-Learning,E18,"(28, 72)",34,19.0
60,Q-Learning,E19,"(21, 4)",36,20.0
60,Q-Learning,E20,"(86, 62)",40,15.0
60,Q-Learning,E21,"(73, 28)",36,19.0
60,Q-Learning,E22,"(82, 24)",36,30.0
60,Q-Learning,E23,"(81, 17)",33,23.0
60,Q-Learning,E24,"(50, 54)",26,20.0
60,Q-Learning,E25,"(81, 2)",18,28.0
60,Q-Learning,E26,"(89, 85)",23,20.0
60,Q-Learning,E27,"(48, 43)",19,28.0
60,Q-Learning,E28,"(91, 50)",10,27.0
60,Q-Learning,E29,"(38, 40)",11,14.0
60,Q-Learning,E30,"(82, 8)",9,15.0
60,Q-Learning,E31,"(92, 25)",15,28.0
60,Q-Learning,E32,"(83, 42)",7,22.0
60,Q-Learning,E33,"(28, 32)",6,13.0
60,Q-Learning,E34,"(44, 27)",2,17.0
61,Greedy,E10,"(31, 75)",50,29.0
61,Greedy,E11,"(51, 32)",49,30.0
61,Greedy,E13,"(85, 97)",47,23.0
61,Greedy,E14,"(65, 12)",43,23.0
61,Greedy,E16,"(36, 65)",41,17.0
61,Greedy,E18,"(28, 72)",35,19.0
61,Greedy,E19,"(21, 4)",37,20.0
61,Greedy,E20,"(86, 62)",41,15.0
61,Greedy,E21,"(73, 28)",37,19.0
61,Greedy,E22,"(82, 24)",37,30.0
61,Greedy,E23,"(81, 17)",34,23.0
61,Greedy,E24,"(50, 54)",27,20.0
61,Greedy,E25,"(81, 2)",19,28.0
61,Greedy,E26,"(89, 85)",24,20.0
61,Greedy,E27,"(48, 43)",20,28.0
61,Greedy,E28,"(91, 50)",11,27.0
61,Greedy,E29,"(38, 40)",12,14.0
61,Greedy,E30,"(82, 8)",10,15.0
61,Greedy,E31,"(92, 25)",16,28.0
61,Greedy,E32,"(83, 42)",8,22.0
61,Greedy,E33,"(28, 32)",7,13.0
61,Greedy,E34,"(44, 27)",3,17.0
61,Greedy,E35,"(8, 52)",6,14.0
61,Auction,E6,"(95, 100)",55,21.0
61,Auction,E7,"(22, 99)",58,22.0
61,Auction,E10,"(31, 75)",50,29.0
61,Auction,E13,"(85, 97)",47,23.0
61,Auction,E18,"(28, 72)",35,19.0
61,Auction,E19,"(21, 4)",37,20.0
61,Auction,E20,"(86, 62)",41,15.0
61,Auction,E21,"(73, 28)",37,19.0
61,Auction,E22,"(82, 24)",37,30.0
61,Auction,E23,"(81, 17)",34,23.0
61,Auction,E24,"(50, 54)",27,20.0
61,Auction,E25,"(81, 2)",19,28.0
61,Auction,E26,"(89, 85)",24,20.0
61,Auction,E27,"(48, 43)",20,28.0
61,Auction,E28,"(91, 50)",11,27.0
61,Auction,E30,"(82, 8)",10,15.0
61,Auction,E31,"(92, 25)",16,28.0
61,Auction,E32,"(83, 42)",8,22.0
61,Auction,E33,"(28, 32)",7,13.0
61,Auction,E34,"(44, 27)",3,17.0
61,Auction,E35,"(8, 52)",6,14.0
61,Q-Learning,E11,"(51, 32)",49,30.0
61,Q-Learning,E13,"(85, 97)",47,23.0
61,Q-Learning,E18,"(28, 72)",35,19.0
61,Q-Learning,E19,"(21, 4)",37,20.0
61,Q-Learning,E20,"(86, 62)",41,15.0
61,Q-Learning,E21,"(73, 28)",37,19.0
61,Q-Learning,E22,"(82, 24)",37,30.0
61,Q-Learning,E23,"(81, 17)",34,23.0
61,Q-Learning,E24,"(50, 54)",27,20.0
61,Q-Learning,E25,"(81, 2)",19,28.0
61,Q-Learning,E26,"(89, 85)",24,20.0
61,Q-Learning,E27,"(48, 43)",20,28.0
61,Q-Learning,E28,"(91, 50)",11,27.0
61,Q-Learning,E29,"(38, 40)",12,14.0
61,Q-Learning,E30,"(82, 8)",10,15.0
61,Q-Learning,E31,"(92, 25)",16,28.0
61,Q-Learning,E32,"(83, 42)",8,22.0
61,Q-Learning,E33,"(28, 32)",7,13.0
61,Q-Learning,E34,"(44, 27)",3,17.0
61,Q-Learning,E35,"(8, 52)",6,14.0
62,Greedy,E10,"(31, 75)",51,29.0
62,Greedy,E11,"(51, 32)",50,30.0
62,Greedy,E13,"(85, 97)",48,23.0
62,Greedy,E14,"(65, 12)",44,23.0
62,Greedy,E16,"(36, 65)",42,17.0
62,Greedy,E18,"(28, 72)",36,19.0
62,Greedy,E19,"(21, 4)",38,20.0
62,Greedy,E20,"(86, 62)",42,15.0
62,Greedy,E21,"(73, 28)",38,19.0
62,Greedy,E22,"(82, 24)",38,30.0
62,Greedy,E23,"(81, 17)",35,23.0
62,Greedy,E24,"(50, 54)",28,20.0
62,Greedy,E25,"(81, 2)",20,28.0
62,Greedy,E26,"(89, 85)",25,20.0
62,Greedy,E27,"(48, 43)",21,28.0
62,Greedy,E28,"(91, 50)",12,27.0
62,Greedy,E29,"(38, 40)",13,14.0
62,Greedy,E30,"(82, 8)",11,15.0
62,Greedy,E31,"(92, 25)",17,28.0
62,Greedy,E32,"(83, 42)",9,22.0
62,Greedy,E33,"(28, 32)",8,13.0
62,Greedy,E34,"(44, 27)",4,17.0
62,Greedy,E35,"(8, 52)",7,14.0
62,Greedy,E36,"(42, 76)",2,21.0
62,Auction,E6,"(95, 100)",56,21.0
62,Auction,E7,"(22, 99)",59,22.0
62,Auction,E10,"(31, 75)",51,29.0
62,Auction,E13,"(85, 97)",48,23.0
62,Auction,E18,"(28, 72)",36,19.0
62,Auction,E19,"(21, 4)",38,20.0
62,Auction,E20,"(86, 62)",42,15.0
62,Auction,E21,"(73, 28)",38,19.0
62,Auction,E22,"(82, 24)",38,30.0
62,Auction,E23,"(81, 17)",35,23.0
62,Auction,E24,"(50, 54)",28,20.0
62,Auction,E25,"(81, 2)",20,28.0
62,Auction,E26,"(89, 85)",25,20.0
62,Auction,E27,"(48, 43)",21,28.0
62,Auction,E28,"(91, 50)",12,27.0
62,Auction,E30,"(82, 8)",11,15.0
62,Auction,E31,"(92, 25)",17,28.0
62,Auction,E32,"(83, 42)",9,22.0
62,Auction,E33,"(28, 32)",8,13.0
62,Auction,E34,"(44, 27)",4,17.0
62,Auction,E35,"(8, 52)",7,14.0
62,Auction,E36,"(42, 76)",2,21.0
62,Q-Learning,E11,"(51, 32)",50,30.0
62,Q-Learning,E13,"(85, 97)",48,23.0
62,Q-Learning,E18,"(28, 72)",36,19.0
62,Q-Learning,E19,"(21, 4)",38,20.0
62,Q-Learning,E20,"(86, 62)",42,15.0
62,Q-Learning,E21,"(73, 28)",38,19.0
62,Q-Learning,E22,"(82, 24)",38,30.0
62,Q-Learning,E23,"(81, 17)",35,23.0
62,Q-Learning,E24,"(50, 54)",28,20.0
62,Q-Learning,E25,"(81, 2)",20,28.0
62,Q-Learning,E26,"(89, 85)",25,20.0
62,Q-Learning,E27,"(48, 43)",21,28.0
62,Q-Learning,E28,"(91, 50)",12,27.0
62,Q-Learning,E29,"(38, 40)",13,14.0
62,Q-Learning,E30,"(82, 8)",11,15.0
62,Q-Learning,E31,"(92, 25)",17,28.0
62,Q-Learning,E32,"(83, 42)",9,22.0
62,Q-Learning,E33,"(28, 32)",8,13.0
62,Q-Learning,E34,"(44, 27)",4,17.0
62,Q-Learning,E35,"(8, 52)",7,14.0
62,Q-Learning,E36,"(42, 76)",2,21.0
63,Greedy,E10,"(31, 75)",52,29.0
63,Greedy,E11,"(51, 32)",51,30.0
63,Greedy,E13,"(85, 97)",49,23.0
63,Greedy,E14,"(65, 12)",45,23.0
63,Greedy,E16,"(36, 65)",43,17.0
63,Greedy,E18,"(28, 72)",37,19.0
63,Greedy,E19,"(21, 4)",39,20.0
63,Greedy,E20,"(86, 62)",43,15.0
63,Greedy,E21,"(73, 28)",39,19.0
63,Greedy,E22,"(82, 24)",39,30.0
63,Greedy,E23,"(81, 17)",36,23.0
63,Greedy,E24,"(50, 54)",29,20.0
63,Greedy,E25,"(81, 2)",21,28.0
63,Greedy,E26,"(89, 85)",26,20.0
63,Greedy,E27,"(48, 43)",22,28.0
63,Greedy,E28,"(91, 50)",13,27.0
63,Greedy,E29,"(38, 40)",14,14.0
63,Greedy,E30,"(82, 8)",12,15.0
63,Greedy,E31,"(92, 25)",18,28.0
63,Greedy,E32,"(83, 42)",10,22.0
63,Greedy,E33,"(28, 32)",9,13.0
63,Greedy,E34,"(44, 27)",5,17.0
63,Greedy,E35,"(8, 52)",8,14.0
63,Greedy,E36,"(42, 76)",3,21.0
63,Greedy,E37,"(68, 60)",4,23.0
63,Auction,E6,"(95, 100)",57,21.0
63,Auction,E7,"(22, 99)",60,22.0
63,Auction,E10,"(31, 75)",52,29.0
63,Auction,E13,"(85, 97)",49,23.0
63,Auction,E18,"(28, 72)",37,19.0
63,Auction,E19,"(21, 4)",39,20.0
63,Auction,E20,"(86, 62)",43,15.0
63,Auction,E21,"(73, 28)",39,19.0
63,Auction,E22,"(82, 24)",39,30.0
63,Auction,E23,"(81, 17)",36,23.0
63,Auction,E24,"(50, 54)",29,20.0
63,Auction,E25,"(81, 2)",21,28.0
63,Auction,E26,"(89, 85)",26,20.0
63,Auction,E27,"(48, 43)",22,28.0
63,Auction,E28,"(91, 50)",13,27.0
63,Auction,E30,"(82, 8)",12,15.0
63,Auction,E31,"(92, 25)",18,28.0
63,Auction,E32,"(83, 42)",10,22.0
63,Auction,E33,"(28, 32)",9,13.0
63,Auction,E34,"(44, 27)",5,17.0
63,Auction,E35,"(8, 52)",8,14.0
63,Auction,E36,"(42, 76)",3,21.0
63,Auction,E37,"(68, 60)",4,23.0
63,Q-Learning,E11,"(51, 32)",51,30.0
63,Q-Learning,E13,"(85, 97)",49,23.0
63,Q-Learning,E18,"(28, 72)",37,19.0
63,Q-Learning,E19,"(21, 4)",39,20.0
63,Q-Learning,E20,"(86, 62)",43,15.0
63,Q-Learning,E21,"(73, 28)",39,19.0
63,Q-Learning,E22,"(82, 24)",39,30.0
63,Q-Learning,E23,"(81, 17)",36,23.0
63,Q-Learning,E24,"(50, 54)",29,20.0
63,Q-Learning,E25,"(81, 2)",21,28.0
63,Q-Learning,E26,"(89, 85)",26,20.0
63,Q-Learning,E27,"(48, 43)",22,28.0
63,Q-Learning,E28,"(91, 50)",13,27.0
63,Q-Learning,E29,"(38, 40)",14,14.0
63,Q-Learning,E30,"(82, 8)",12,15.0
63,Q-Learning,E31,"(92, 25)",18,28.0
63,Q-Learning,E32,"(83, 42)",10,22.0
63,Q-Learning,E33,"(28, 32)",9,13.0
63,Q-Learning,E34,"(44, 27)",5,17.0
63,Q-Learning,E35,"(8, 52)",8,14.0
63,Q-Learning,E36,"(42, 76)",3,21.0
63,Q-Learning,E37,"(68, 60)",4,23.0
64,Greedy,E10,"(31, 75)",53,29.0
64,Greedy,E11,"(51, 32)",52,30.0
64,Greedy,E13,"(85, 97)",50,23.0
64,Greedy,E14,"(65, 12)",46,23.0
64,Greedy,E16,"(36, 65)",44,17.0
64,Greedy,E18,"(28, 72)",38,19.0
64,Greedy,E20,"(86, 62)",44,15.0
64,Greedy,E21,"(73, 28)",40,19.0
64,Greedy,E22,"(82, 24)",40,30.0
64,Greedy,E23,"(81, 17)",37,23.0
64,Greedy,E24,"(50, 54)",30,20.0
64,Greedy,E25,"(81, 2)",22,28.0
64,Greedy,E26,"(89, 85)",27,20.0
64,Greedy,E27,"(48, 43)",23,28.0
64,Greedy,E28,"(91, 50)",14,27.0
64,Greedy,E29,"(38, 40)",15,14.0
64,Greedy,E30,"(82, 8)",13,15.0
64,Greedy,E31,"(92, 25)",19,28.0
64,Greedy,E32,"(83, 42)",11,22.0
64,Greedy,E33,"(28, 32)",10,13.0
64,Greedy,E34,"(44, 27)",6,17.0
64,Greedy,E35,"(8, 52)",9,14.0
64,Greedy,E36,"(42, 76)",4,21.0
64,Greedy,E37,"(68, 60)",5,23.0
64,Auction,E6,"(95, 100)",58,21.0
64,Auction,E7,"(22, 99)",61,22.0
64,Auction,E10,"(31, 75)",53,29.0
64,Auction,E13,"(85, 97)",50,23.0
64,Auction,E18,"(28, 72)",38,19.0
64,Auction,E19,"(21, 4)",40,20.0
64,Auction,E20,"(86, 62)",44,15.0
64,Auction,E21,"(73, 28)",40,19.0
64,Auction,E22,"(82, 24)",40,30.0
64,Auction,E23,"(81, 17)",37,23.0
64,Auction,E24,"(50, 54)",30,20.0
64,Auction,E25,"(81, 2)",22,28.0
64,Auction,E26,"(89, 85)",27,20.0
64,Auction,E27,"(48, 43)",23,28.0
64,Auction,E28,"(91, 50)",14,27.0
64,Auction,E30,"(82, 8)",13,15.0
64,Auction,E31,"(92, 25)",19,28.0
64,Auction,E32,"(83, 42)",11,22.0
64,Auction,E33,"(28, 32)",10,13.0
64,Auction,E34,"(44, 27)",6,17.0
64,Auction,E35,"(8, 52)",9,14.0
64,Auction,E36,"(42, 76)",4,21.0
64,Auction,E37,"(68, 60)",5,23.0
64,Q-Learning,E11,"(51, 32)",52,30.0
64,Q-Learning,E13,"(85, 97)",50,23.0
64,Q-Learning,E18,"(28, 72)",38,19.0
64,Q-Learning,E19,"(21, 4)",40,20.0
64,Q-Learning,E20,"(86, 62)",44,15.0
64,Q-Learning,E21,"(73, 28)",40,19.0
64,Q-Learning,E22,"(82, 24)",40,30.0
64,Q-Learning,E23,"(81, 17)",37,23.0
64,Q-Learning,E24,"(50, 54)",30,20.0
64,Q-Learning,E25,"(81, 2)",22,28.0
64,Q-Learning,E26,"(89, 85)",27,20.0
64,Q-Learning,E27,"(48, 43)",23,28.0
64,Q-Learning,E28,"(91, 50)",14,27.0
64,Q-Learning,E29,"(38, 40)",15,14.0
64,Q-Learning,E30,"(82, 8)",13,15.0
64,Q-Learning,E31,"(92, 25)",19,28.0
64,Q-Learning,E32,"(83, 42)",11,22.0
64,Q-Learning,E33,"(28, 32)",10,13.0
64,Q-Learning,E34,"(44, 27)",6,17.0
64,Q-Learning,E35,"(8, 52)",9,14.0
64,Q-Learning,E36,"(42, 76)",4,21.0
64,Q-Learning,E37,"(68, 60)",5,23.0
65,Greedy,E10,"(31, 75)",54,29.0
65,Greedy,E11,"(51, 32)",53,30.0
65,Greedy,E13,"(85, 97)",51,23.0
65,Greedy,E14,"(65, 12)",47,23.0
65,Greedy,E16,"(36, 65)",45,17.0
65,Greedy,E18,"(28, 72)",39,19.0
65,Greedy,E20,"(86, 62)",45,15.0
65,Greedy,E21,"(73, 28)",41,19.0
65,Greedy,E22,"(82, 24)",41,30.0
65,Greedy,E23,"(81, 17)",38,23.0
65,Greedy,E24,"(50, 54)",31,20.0
65,Greedy,E25,"(81, 2)",23,28.0
65,Greedy,E26,"(89, 85)",28,20.0
65,Greedy,E27,"(48, 43)",24,28.0
65,Greedy,E28,"(91, 50)",15,27.0
65,Greedy,E29,"(38, 40)",16,14.0
65,Greedy,E30,"(82, 8)",14,15.0
65,Greedy,E31,"(92, 25)",20,28.0
65,Greedy,E32,"(83, 42)",12,22.0
65,Greedy,E33,"(28, 32)",11,13.0
65,Greedy,E34,"(44, 27)",7,17.0
65,Greedy,E35,"(8, 52)",10,14.0
65,Greedy,E36,"(42, 76)",5,21.0
65,Greedy,E37,"(68, 60)",6,23.0
65,Greedy,E38,"(1, 73)",8,23.0
65,Auction,E6,"(95, 100)",59,21.0
65,Auction,E7,"(22, 99)",62,22.0
65,Auction,E10,"(31, 75)",54,29.0
65,Auction,E13,"(85, 97)",51,23.0
65,Auction,E18,"(28, 72)",39,19.0
65,Auction,E19,"(21, 4)",41,20.0
65,Auction,E20,"(86, 62)",45,15.0
65,Auction,E21,"(73, 28)",41,19.0
65,Auction,E22,"(82, 24)",41,30.0
65,Auction,E23,"(81, 17)",38,23.0
65,Auction,E24,"(50, 54)",31,20.0
65,Auction,E25,"(81, 2)",23,28.0
65,Auction,E26,"(89, 85)",28,20.0
65,Auction,E27,"(48, 43)",24,28.0
65,Auction,E28,"(91, 50)",15,27.0
65,Auction,E30,"(82, 8)",14,15.0
65,Auction,E31,"(92, 25)",20,28.0
65,Auction,E32,"(83, 42)",12,22.0
65,Auction,E33,"(28, 32)",11,13.0
65,Auction,E34,"(44, 27)",7,17.0
65,Auction,E35,"(8, 52)",10,14.0
65,Auction,E36,"(42, 76)",5,21.0
65,Auction,E37,"(68, 60)",6,23.0
65,Auction,E38,"(1, 73)",8,23.0
65,Q-Learning,E11,"(51, 32)",53,30.0
65,Q-Learning,E13,"(85, 97)",51,23.0
65,Q-Learning,E18,"(28, 72)",39,19.0
65,Q-Learning,E19,"(21, 4)",41,20.0
65,Q-Learning,E20,"(86, 62)",45,15.0
65,Q-Learning,E21,"(73, 28)",41,19.0
65,Q-Learning,E22,"(82, 24)",41,30.0
65,Q-Learning,E23,"(81, 17)",38,23.0
65,Q-Learning,E24,"(50, 54)",31,20.0
65,Q-Learning,E25,"(81, 2)",23,28.0
65,Q-Learning,E26,"(89, 85)",28,20.0
65,Q-Learning,E27,"(48, 43)",24,28.0
65,Q-Learning,E28,"(91, 50)",15,27.0
65,Q-Learning,E29,"(38, 40)",16,14.0
65,Q-Learning,E30,"(82, 8)",14,15.0
65,Q-Learning,E31,"(92, 25)",20,28.0
65,Q-Learning,E32,"(83, 42)",12,22.0
65,Q-Learning,E33,"(28, 32)",11,13.0
65,Q-Learning,E34,"(44, 27)",7,17.0
65,Q-Learning,E35,"(8, 52)",10,14.0
65,Q-Learning,E36,"(42, 76)",5,21.0
65,Q-Learning,E37,"(68, 60)",6,23.0
65,Q-Learning,E38,"(1, 73)",8,23.0
66,Greedy,E10,"(31, 75)",55,29.0
66,Greedy,E11,"(51, 32)",54,30.0
66,Greedy,E13,"(85, 97)",52,23.0
66,Greedy,E14,"(65, 12)",48,23.0
66,Greedy,E16,"(36, 65)",46,17.0
66,Greedy,E18,"(28, 72)",40,19.0
66,Greedy,E20,"(86, 62)",46,15.0
66,Greedy,E21,"(73, 28)",42,19.0
66,Greedy,E22,"(82, 24)",42,30.0
66,Greedy,E23,"(81, 17)",39,23.0
66,Greedy,E24,"(50, 54)",32,20.0
66,Greedy,E25,"(81, 2)",24,28.0
66,Greedy,E26,"(89, 85)",29,20.0
66,Greedy,E27,"(48, 43)",25,28.0
66,Greedy,E28,"(91, 50)",16,27.0
66,Greedy,E29,"(38, 40)",17,14.0
66,Greedy,E30,"(82, 8)",15,15.0
66,Greedy,E31,"(92, 25)",21,28.0
66,Greedy,E32,"(83, 42)",13,22.0
66,Greedy,E33,"(28, 32)",12,13.0
66,Greedy,E34,"(44, 27)",8,17.0
66,Greedy,E35,"(8, 52)",11,14.0
66,Greedy,E36,"(42, 76)",6,21.0
66,Greedy,E37,"(68, 60)",7,23.0
66,Greedy,E38,"(1, 73)",9,23.0
66,Greedy,E39,"(1, 90)",9,25.0
66,Auction,E6,"(95, 100)",60,21.0
66,Auction,E7,"(22, 99)",63,22.0
66,Auction,E10,"(31, 75)",55,29.0
66,Auction,E13,"(85, 97)",52,23.0
66,Auction,E18,"(28, 72)",40,19.0
66,Auction,E19,"(21, 4)",42,20.0
66,Auction,E20,"(86, 62)",46,15.0
66,Auction,E21,"(73, 28)",42,19.0
66,Auction,E22,"(82, 24)",42,30.0
66,Auction,E23,"(81, 17)",39,23.0
66,Auction,E24,"(50, 54)",32,20.0
66,Auction,E25,"(81, 2)",24,28.0
66,Auction,E26,"(89, 85)",29,20.0
66,Auction,E27,"(48, 43)",25,28.0
66,Auction,E28,"(91, 50)",16,27.0
66,Auction,E30,"(82, 8)",15,15.0
66,Auction,E31,"(92, 25)",21,28.0
66,Auction,E32,"(83, 42)",13,22.0
66,Auction,E33,"(28, 32)",12,13.0
66,Auction,E34,"(44, 27)",8,17.0
66,Auction,E35,"(8, 52)",11,14.0
66,Auction,E36,"(42, 76)",6,21.0
66,Auction,E37,"(68, 60)",7,23.0
66,Auction,E38,"(1, 73)",9,23.0
66,Auction,E39,"(1, 90)",9,25.0
66,Q-Learning,E11,"(51, 32)",54,30.0
66,Q-Learning,E13,"(85, 97)",52,23.0
66,Q-Learning,E18,"(28, 72)",40,19.0
66,Q-Learning,E19,"(21, 4)",42,20.0
66,Q-Learning,E20,"(86, 62)",46,15.0
66,Q-Learning,E21,"(73, 28)",42,19.0
66,Q-Learning,E22,"(82, 24)",42,30.0
66,Q-Learning,E23,"(81, 17)",39,23.0
66,Q-Learning,E24,"(50, 54)",32,20.0
66,Q-Learning,E25,"(81, 2)",24,28.0
66,Q-Learning,E26,"(89, 85)",29,20.0
66,Q-Learning,E27,"(48, 43)",25,28.0
66,Q-Learning,E28,"(91, 50)",16,27.0
66,Q-Learning,E29,"(38, 40)",17,14.0
66,Q-Learning,E30,"(82, 8)",15,15.0
66,Q-Learning,E31,"(92, 25)",21,28.0
66,Q-Learning,E32,"(83, 42)",13,22.0
66,Q-Learning,E33,"(28, 32)",12,13.0
66,Q-Learning,E34,"(44, 27)",8,17.0
66,Q-Learning,E35,"(8, 52)",11,14.0
66,Q-Learning,E36,"(42, 76)",6,21.0
66,Q-Learning,E37,"(68, 60)",7,23.0
66,Q-Learning,E38,"(1, 73)",9,23.0
66,Q-Learning,E39,"(1, 90)",9,25.0
67,Greedy,E10,"(31, 75)",56,29.0
67,Greedy,E11,"(51, 32)",55,30.0
67,Greedy,E13,"(85, 97)",53,23.0
67,Greedy,E14,"(65, 12)",49,23.0
67,Greedy,E16,"(36, 65)",47,17.0
67,Greedy,E18,"(28, 72)",41,19.0
67,Greedy,E20,"(86, 62)",47,15.0
67,Greedy,E21,"(73, 28)",43,19.0
67,Greedy,E22,"(82, 24)",43,30.0
67,Greedy,E23,"(81, 17)",40,23.0
67,Greedy,E24,"(50, 54)",33,20.0
67,Greedy,E25,"(81, 2)",25,28.0
67,Greedy,E26,"(89, 85)",30,20.0
67,Greedy,E27,"(48, 43)",26,28.0
67,Greedy,E28,"(91, 50)",17,27.0
67,Greedy,E29,"(38, 40)",18,14.0
67,Greedy,E30,"(82, 8)",16,15.0
67,Greedy,E31,"(92, 25)",22,28.0
67,Greedy,E32,"(83, 42)",14,22.0
67,Greedy,E33,"(28, 32)",13,13.0
67,Greedy,E34,"(44, 27)",9,17.0
67,Greedy,E35,"(8, 52)",12,14.0
67,Greedy,E36,"(42, 76)",7,21.0
67,Greedy,E37,"(68, 60)",8,23.0
67,Greedy,E38,"(1, 73)",10,23.0
67,Greedy,E39,"(1, 90)",10,25.0
67,Auction,E6,"(95, 100)",61,21.0
67,Auction,E7,"(22, 99)",64,22.0
67,Auction,E10,"(31, 75)",56,29.0
67,Auction,E13,"(85, 97)",53,23.0
67,Auction,E18,"(28, 72)",41,19.0
67,Auction,E19,"(21, 4)",43,20.0
67,Auction,E20,"(86, 62)",47,15.0
67,Auction,E21,"(73, 28)",43,19.0
67,Auction,E22,"(82, 24)",43,30.0
67,Auction,E23,"(81, 17)",40,23.0
67,Auction,E24,"(50, 54)",33,20.0
67,Auction,E25,"(81, 2)",25,28.0
67,Auction,E26,"(89, 85)",30,20.0
67,Auction,E27,"(48, 43)",26,28.0
67,Auction,E28,"(91, 50)",17,27.0
67,Auction,E31,"(92, 25)",22,28.0
67,Auction,E32,"(83, 42)",14,22.0
67,Auction,E33,"(28, 32)",13,13.0
67,Auction,E34,"(44, 27)",9,17.0
67,Auction,E35,"(8, 52)",12,14.0
67,Auction,E36,"(42, 76)",7,21.0
67,Auction,E37,"(68, 60)",8,23.0
67,Auction,E38,"(1, 73)",10,23.0
67,Auction,E39,"(1, 90)",10,25.0
67,Q-Learning,E11,"(51, 32)",55,30.0
67,Q-Learning,E13,"(85, 97)",53,23.0
67,Q-Learning,E18,"(28, 72)",41,19.0
67,Q-Learning,E19,"(21, 4)",43,20.0
67,Q-Learning,E20,"(86, 62)",47,15.0
67,Q-Learning,E21,"(73, 28)",43,19.0
67,Q-Learning,E22,"(82, 24)",43,30.0
67,Q-Learning,E23,"(81, 17)",40,23.0
67,Q-Learning,E24,"(50, 54)",33,20.0
67,Q-Learning,E25,"(81, 2)",25,28.0
67,Q-Learning,E26,"(89, 85)",30,20.0
67,Q-Learning,E27,"(48, 43)",26,28.0
67,Q-Learning,E28,"(91, 50)",17,27.0
67,Q-Learning,E29,"(38, 40)",18,14.0
67,Q-Learning,E30,"(82, 8)",16,15.0
67,Q-Learning,E31,"(92, 25)",22,28.0
67,Q-Learning,E32,"(83, 42)",14,22.0
67,Q-Learning,E33,"(28, 32)",13,13.0
67,Q-Learning,E34,"(44, 27)",9,17.0
67,Q-Learning,E35,"(8, 52)",12,14.0
67,Q-Learning,E36,"(42, 76)",7,21.0
67,Q-Learning,E37,"(68, 60)",8,23.0
67,Q-Learning,E38,"(1, 73)",10,23.0
67,Q-Learning,E39,"(1, 90)",10,25.0
68,Greedy,E10,"(31, 75)",57,29.0
68,Greedy,E11,"(51, 32)",56,30.0
68,Greedy,E13,"(85, 97)",54,23.0
68,Greedy,E14,"(65, 12)",50,23.0
68,Greedy,E16,"(36, 65)",48,17.0
68,Greedy,E18,"(28, 72)",42,19.0
68,Greedy,E20,"(86, 62)",48,15.0
68,Greedy,E21,"(73, 28)",44,19.0
68,Greedy,E22,"(82, 24)",44,30.0
68,Greedy,E23,"(81, 17)",41,23.0
68,Greedy,E24,"(50, 54)",34,20.0
68,Greedy,E25,"(81, 2)",26,28.0
68,Greedy,E26,"(89, 85)",31,20.0
68,Greedy,E27,"(48, 43)",27,28.0
68,Greedy,E28,"(91, 50)",18,27.0
68,Greedy,E29,"(38, 40)",19,14.0
68,Greedy,E30,"(82, 8)",17,15.0
68,Greedy,E31,"(92, 25)",23,28.0
68,Greedy,E32,"(83, 42)",15,22.0
68,Greedy,E33,"(28, 32)",14,13.0
68,Greedy,E34,"(44, 27)",10,17.0
68,Greedy,E35,"(8, 52)",13,14.0
68,Greedy,E36,"(42, 76)",8,21.0
68,Greedy,E37,"(68, 60)",9,23.0
68,Greedy,E38,"(1, 73)",11,23.0
68,Greedy,E39,"(1, 90)",11,25.0
68,Auction,E6,"(95, 100)",62,21.0
68,Auction,E7,"(22, 99)",65,22.0
68,Auction,E10,"(31, 75)",57,29.0
68,Auction,E13,"(85, 97)",54,23.0
68,Auction,E18,"(28, 72)",42,19.0
68,Auction,E19,"(21, 4)",44,20.0
68,Auction,E20,"(86, 62)",48,15.0
68,Auction,E21,"(73, 28)",44,19.0
68,Auction,E22,"(82, 24)",44,30.0
68,Auction,E23,"(81, 17)",41,23.0
68,Auction,E24,"(50, 54)",34,20.0
68,Auction,E25,"(81, 2)",26,28.0
68,Auction,E26,"(89, 85)",31,20.0
68,Auction,E27,"(48, 43)",27,28.0
68,Auction,E28,"(91, 50)",18,27.0
68,Auction,E31,"(92, 25)",23,28.0
68,Auction,E32,"(83, 42)",15,22.0
68,Auction,E33,"(28, 32)",14,13.0
68,Auction,E34,"(44, 27)",10,17.0
68,Auction,E35,"(8, 52)",13,14.0
68,Auction,E36,"(42, 76)",8,21.0
68,Auction,E37,"(68, 60)",9,23.0
68,Auction,E38,"(1, 73)",11,23.0
68,Auction,E39,"(1, 90)",11,25.0
68,Q-Learning,E11,"(51, 32)",56,30.0
68,Q-Learning,E13,"(85, 97)",54,23.0
68,Q-Learning,E18,"(28, 72)",42,19.0
68,Q-Learning,E19,"(21, 4)",44,20.0
68,Q-Learning,E20,"(86, 62)",48,15.0
68,Q-Learning,E21,"(73, 28)",44,19.0
68,Q-Learning,E22,"(82, 24)",44,30.0
68,Q-Learning,E23,"(81, 17)",41,23.0
68,Q-Learning,E24,"(50, 54)",34,20.0
68,Q-Learning,E25,"(81, 2)",26,28.0
68,Q-Learning,E26,"(89, 85)",31,20.0
68,Q-Learning,E27,"(48, 43)",27,28.0
68,Q-Learning,E28,"(91, 50)",18,27.0
68,Q-Learning,E29,"(38, 40)",19,14.0
68,Q-Learning,E30,"(82, 8)",17,15.0
68,Q-Learning,E31,"(92, 25)",23,28.0
68,Q-Learning,E32,"(83, 42)",15,22.0
68,Q-Learning,E33,"(28, 32)",14,13.0
68,Q-Learning,E34,"(44, 27)",10,17.0
68,Q-Learning,E35,"(8, 52)",13,14.0
68,Q-Learning,E36,"(42, 76)",8,21.0
68,Q-Learning,E37,"(68, 60)",9,23.0
68,Q-Learning,E38,"(1, 73)",11,23.0
68,Q-Learning,E39,"(1, 90)",11,25.0
69,Greedy,E10,"(31, 75)",58,29.0
69,Greedy,E11,"(51, 32)",57,30.0
69,Greedy,E13,"(85, 97)",55,23.0
69,Greedy,E14,"(65, 12)",51,23.0
69,Greedy,E16,"(36, 65)",49,17.0
69,Greedy,E18,"(28, 72)",43,19.0
69,Greedy,E20,"(86, 62)",49,15.0
69,Greedy,E21,"(73, 28)",45,19.0
69,Greedy,E22,"(82, 24)",45,30.0
69,Greedy,E23,"(81, 17)",42,23.0
69,Greedy,E24,"(50, 54)",35,20.0
69,Greedy,E25,"(81, 2)",27,28.0
69,Greedy,E26,"(89, 85)",32,20.0
69,Greedy,E27,"(48, 43)",28,28.0
69,Greedy,E28,"(91, 50)",19,27.0
69,Greedy,E29,"(38, 40)",20,14.0
69,Greedy,E30,"(82, 8)",18,15.0
69,Greedy,E31,"(92, 25)",24,28.0
69,Greedy,E32,"(83, 42)",16,22.0
69,Greedy,E33,"(28, 32)",15,13.0
69,Greedy,E34,"(44, 27)",11,17.0
69,Greedy,E35,"(8, 52)",14,14.0
69,Greedy,E36,"(42, 76)",9,21.0
69,Greedy,E37,"(68, 60)",10,23.0
69,Greedy,E38,"(1, 73)",12,23.0
69,Greedy,E39,"(1, 90)",12,25.0
69,Auction,E6,"(95, 100)",63,21.0
69,Auction,E7,"(22, 99)",66,22.0
69,Auction,E10,"(31, 75)",58,29.0
69,Auction,E13,"(85, 97)",55,23.0
69,Auction,E18,"(28, 72)",43,19.0
69,Auction,E19,"(21, 4)",45,20.0
69,Auction,E20,"(86, 62)",49,15.0
69,Auction,E21,"(73, 28)",45,19.0
69,Auction,E22,"(82, 24)",45,30.0
69,Auction,E23,"(81, 17)",42,23.0
69,Auction,E24,"(50, 54)",35,20.0
69,Auction,E25,"(81, 2)",27,28.0
69,Auction,E26,"(89, 85)",32,20.0
69,Auction,E27,"(48, 43)",28,28.0
69,Auction,E28,"(91, 50)",19,27.0
69,Auction,E31,"(92, 25)",24,28.0
69,Auction,E32,"(83, 42)",16,22.0
69,Auction,E33,"(28, 32)",15,13.0
69,Auction,E34,"(44, 27)",11,17.0
69,Auction,E35,"(8, 52)",14,14.0
69,Auction,E36,"(42, 76)",9,21.0
69,Auction,E37,"(68, 60)",10,23.0
69,Auction,E38,"(1, 73)",12,23.0
69,Auction,E39,"(1, 90)",12,25.0
69,Q-Learning,E11,"(51, 32)",57,30.0
69,Q-Learning,E13,"(85, 97)",55,23.0
69,Q-Learning,E18,"(28, 72)",43,19.0
69,Q-Learning,E19,"(21, 4)",45,20.0
69,Q-Learning,E20,"(86, 62)",49,15.0
69,Q-Learning,E21,"(73, 28)",45,19.0
69,Q-Learning,E22,"(82, 24)",45,30.0
69,Q-Learning,E23,"(81, 17)",42,23.0
69,Q-Learning,E24,"(50, 54)",35,20.0
69,Q-Learning,E25,"(81, 2)",27,28.0
69,Q-Learning,E26,"(89, 85)",32,20.0
69,Q-Learning,E27,"(48, 43)",28,28.0
69,Q-Learning,E28,"(91, 50)",19,27.0
69,Q-Learning,E29,"(38, 40)",20,14.0
69,Q-Learning,E30,"(82, 8)",18,15.0
69,Q-Learning,E31,"(92, 25)",24,28.0
69,Q-Learning,E32,"(83, 42)",16,22.0
69,Q-Learning,E33,"(28, 32)",15,13.0
69,Q-Learning,E34,"(44, 27)",11,17.0
69,Q-Learning,E35,"(8, 52)",14,14.0
69,Q-Learning,E36,"(42, 76)",9,21.0
69,Q-Learning,E37,"(68, 60)",10,23.0
69,Q-Learning,E38,"(1, 73)",12,23.0
69,Q-Learning,E39,"(1, 90)",12,25.0
70,Greedy,E10,"(31, 75)",59,29.0
70,Greedy,E11,"(51, 32)",58,30.0
70,Greedy,E13,"(85, 97)",56,23.0
70,Greedy,E14,"(65, 12)",52,23.0
70,Greedy,E16,"(36, 65)",50,17.0
70,Greedy,E18,"(28, 72)",44,19.0
70,Greedy,E20,"(86, 62)",50,15.0
70,Greedy,E21,"(73, 28)",46,19.0
70,Greedy,E22,"(82, 24)",46,30.0
70,Greedy,E23,"(81, 17)",43,23.0
70,Greedy,E24,"(50, 54)",36,20.0
70,Greedy,E25,"(81, 2)",28,28.0
70,Greedy,E26,"(89, 85)",33,20.0
70,Greedy,E27,"(48, 43)",29,28.0
70,Greedy,E28,"(91, 50)",20,27.0
70,Greedy,E29,"(38, 40)",21,14.0
70,Greedy,E30,"(82, 8)",19,15.0
70,Greedy,E31,"(92, 25)",25,28.0
70,Greedy,E32,"(83, 42)",17,22.0
70,Greedy,E33,"(28, 32)",16,13.0
70,Greedy,E34,"(44, 27)",12,17.0
70,Greedy,E35,"(8, 52)",15,14.0
70,Greedy,E36,"(42, 76)",10,21.0
70,Greedy,E37,"(68, 60)",11,23.0
70,Greedy,E38,"(1, 73)",13,23.0
70,Greedy,E39,"(1, 90)",13,25.0
70,Greedy,E41,"(1, 32)",5,27.0
70,Auction,E6,"(95, 100)",64,21.0
70,Auction,E7,"(22, 99)",67,22.0
70,Auction,E10,"(31, 75)",59,29.0
70,Auction,E13,"(85, 97)",56,23.0
70,Auction,E18,"(28, 72)",44,19.0
70,Auction,E19,"(21, 4)",46,20.0
70,Auction,E20,"(86, 62)",50,15.0
70,Auction,E21,"(73, 28)",46,19.0
70,Auction,E22,"(82, 24)",46,30.0
70,Auction,E23,"(81, 17)",43,23.0
70,Auction,E24,"(50, 54)",36,20.0
70,Auction,E25,"(81, 2)",28,28.0
70,Auction,E26,"(89, 85)",33,20.0
70,Auction,E27,"(48, 43)",29,28.0
70,Auction,E28,"(91, 50)",20,27.0
70,Auction,E31,"(92, 25)",25,28.0
70,Auction,E32,"(83, 42)",17,22.0
70,Auction,E33,"(28, 32)",16,13.0
70,Auction,E34,"(44, 27)",12,17.0
70,Auction,E35,"(8, 52)",15,14.0
70,Auction,E36,"(42, 76)",10,21.0
70,Auction,E37,"(68, 60)",11,23.0
70,Auction,E38,"(1, 73)",13,23.0
70,Auction,E39,"(1, 90)",13,25.0
70,Auction,E41,"(1, 32)",5,27.0
70,Q-Learning,E11,"(51, 32)",58,30.0
70,Q-Learning,E13,"(85, 97)",56,23.0
70,Q-Learning,E18,"(28, 72)",44,19.0
70,Q-Learning,E19,"(21, 4)",46,20.0
70,Q-Learning,E20,"(86, 62)",50,15.0
70,Q-Learning,E21,"(73, 28)",46,19.0
70,Q-Learning,E22,"(82, 24)",46,30.0
70,Q-Learning,E23,"(81, 17)",43,23.0
70,Q-Learning,E24,"(50, 54)",36,20.0
70,Q-Learning,E25,"(81, 2)",28,28.0
70,Q-Learning,E26,"(89, 85)",33,20.0
70,Q-Learning,E27,"(48, 43)",29,28.0
70,Q-Learning,E28,"(91, 50)",20,27.0
70,Q-Learning,E29,"(38, 40)",21,14.0
70,Q-Learning,E30,"(82, 8)",19,15.0
70,Q-Learning,E31,"(92, 25)",25,28.0
70,Q-Learning,E32,"(83, 42)",17,22.0
70,Q-Learning,E33,"(28, 32)",16,13.0
70,Q-Learning,E34,"(44, 27)",12,17.0
70,Q-Learning,E35,"(8, 52)",15,14.0
70,Q-Learning,E36,"(42, 76)",10,21.0
70,Q-Learning,E37,"(68, 60)",11,23.0
70,Q-Learning,E38,"(1, 73)",13,23.0
70,Q-Learning,E39,"(1, 90)",13,25.0
70,Q-Learning,E41,"(1, 32)",5,27.0
71,Greedy,E10,"(31, 75)",60,29.0
71,Greedy,E11,"(51, 32)",59,30.0
71,Greedy,E13,"(85, 97)",57,23.0
71,Greedy,E14,"(65, 12)",53,23.0
71,Greedy,E16,"(36, 65)",51,17.0
71,Greedy,E18,"(28, 72)",45,19.0
71,Greedy,E20,"(86, 62)",51,15.0
71,Greedy,E21,"(73, 28)",47,19.0
71,Greedy,E22,"(82, 24)",47,30.0
71,Greedy,E23,"(81, 17)",44,23.0
71,Greedy,E24,"(50, 54)",37,20.0
71,Greedy,E25,"(81, 2)",29,28.0
71,Greedy,E26,"(89, 85)",34,20.0
71,Greedy,E27,"(48, 43)",30,28.0
71,Greedy,E28,"(91, 50)",21,27.0
71,Greedy,E29,"(38, 40)",22,14.0
71,Greedy,E30,"(82, 8)",20,15.0
71,Greedy,E31,"(92, 25)",26,28.0
71,Greedy,E32,"(83, 42)",18,22.0
71,Greedy,E33,"(28, 32)",17,13.0
71,Greedy,E34,"(44, 27)",13,17.0
71,Greedy,E35,"(8, 52)",16,14.0
71,Greedy,E36,"(42, 76)",11,21.0
71,Greedy,E37,"(68, 60)",12,23.0
71,Greedy,E38,"(1, 73)",14,23.0
71,Greedy,E39,"(1, 90)",14,25.0
71,Greedy,E41,"(1, 32)",6,27.0
71,Greedy,E42,"(93, 30)",4,18.0
71,Auction,E6,"(95, 100)",65,21.0
71,Auction,E7,"(22, 99)",68,22.0
71,Auction,E10,"(31, 75)",60,29.0
71,Auction,E13,"(85, 97)",57,23.0
71,Auction,E18,"(28, 72)",45,19.0
71,Auction,E19,"(21, 4)",47,20.0
71,Auction,E20,"(86, 62)",51,15.0
71,Auction,E21,"(73, 28)",47,19.0
71,Auction,E22,"(82, 24)",47,30.0
71,Auction,E23,"(81, 17)",44,23.0
71,Auction,E24,"(50, 54)",37,20.0
71,Auction,E25,"(81, 2)",29,28.0
71,Auction,E26,"(89, 85)",34,20.0
71,Auction,E27,"(48, 43)",30,28.0
71,Auction,E28,"(91, 50)",21,27.0
71,Auction,E31,"(92, 25)",26,28.0
71,Auction,E32,"(83, 42)",18,22.0
71,Auction,E33,"(28, 32)",17,13.0
71,Auction,E34,"(44, 27)",13,17.0
71,Auction,E35,"(8, 52)",16,14.0
71,Auction,E36,"(42, 76)",11,21.0
71,Auction,E37,"(68, 60)",12,23.0
71,Auction,E38,"(1, 73)",14,23.0
71,Auction,E39,"(1, 90)",14,25.0
71,Auction,E41,"(1, 32)",6,27.0
71,Auction,E42,"(93, 30)",4,18.0
71,Q-Learning,E11,"(51, 32)",59,30.0
71,Q-Learning,E13,"(85, 97)",57,23.0
71,Q-Learning,E18,"(28, 72)",45,19.0
71,Q-Learning,E19,"(21, 4)",47,20.0
71,Q-Learning,E20,"(86, 62)",51,15.0
71,Q-Learning,E21,"(73, 28)",47,19.0
71,Q-Learning,E22,"(82, 24)",47,30.0
71,Q-Learning,E23,"(81, 17)",44,23.0
71,Q-Learning,E24,"(50, 54)",37,20.0
71,Q-Learning,E25,"(81, 2)",29,28.0
71,Q-Learning,E26,"(89, 85)",34,20.0
71,Q-Learning,E27,"(48, 43)",30,28.0
71,Q-Learning,E28,"(91, 50)",21,27.0
71,Q-Learning,E29,"(38, 40)",22,14.0
71,Q-Learning,E30,"(82, 8)",20,15.0
71,Q-Learning,E31,"(92, 25)",26,28.0
71,Q-Learning,E32,"(83, 42)",18,22.0
71,Q-Learning,E33,"(28, 32)",17,13.0
71,Q-Learning,E34,"(44, 27)",13,17.0
71,Q-Learning,E35,"(8, 52)",16,14.0
71,Q-Learning,E36,"(42, 76)",11,21.0
71,Q-Learning,E37,"(68, 60)",12,23.0
71,Q-Learning,E38,"(1, 73)",14,23.0
71,Q-Learning,E39,"(1, 90)",14,25.0
71,Q-Learning,E41,"(1, 32)",6,27.0
71,Q-Learning,E42,"(93, 30)",4,18.0
72,Greedy,E10,"(31, 75)",61,29.0
72,Greedy,E11,"(51, 32)",60,30.0
72,Greedy,E13,"(85, 97)",58,23.0
72,Greedy,E14,"(65, 12)",54,23.0
72,Greedy,E16,"(36, 65)",52,17.0
72,Greedy,E18,"(28, 72)",46,19.0
72,Greedy,E20,"(86, 62)",52,15.0
72,Greedy,E21,"(73, 28)",48,19.0
72,Greedy,E22,"(82, 24)",48,30.0
72,Greedy,E23,"(81, 17)",45,23.0
72,Greedy,E24,"(50, 54)",38,20.0
72,Greedy,E25,"(81, 2)",30,28.0
72,Greedy,E26,"(89, 85)",35,20.0
72,Greedy,E27,"(48, 43)",31,28.0
72,Greedy,E28,"(91, 50)",22,27.0
72,Greedy,E29,"(38, 40)",23,14.0
72,Greedy,E30,"(82, 8)",21,15.0
72,Greedy,E31,"(92, 25)",27,28.0
72,Greedy,E32,"(83, 42)",19,22.0
72,Greedy,E33,"(28, 32)",18,13.0
72,Greedy,E34,"(44, 27)",14,17.0
72,Greedy,E35,"(8, 52)",17,14.0
72,Greedy,E36,"(42, 76)",12,21.0
72,Greedy,E37,"(68, 60)",13,23.0
72,Greedy,E38,"(1, 73)",15,23.0
72,Greedy,E39,"(1, 90)",15,25.0
72,Greedy,E41,"(1, 32)",7,27.0
72,Greedy,E42,"(93, 30)",5,18.0
72,Greedy,E43,"(98, 34)",10,11.0
72,Auction,E6,"(95, 100)",66,21.0
72,Auction,E7,"(22, 99)",69,22.0
72,Auction,E10,"(31, 75)",61,29.0
72,Auction,E13,"(85, 97)",58,23.0
72,Auction,E18,"(28, 72)",46,19.0
72,Auction,E19,"(21, 4)",48,20.0
72,Auction,E20,"(86, 62)",52,15.0
72,Auction,E21,"(73, 28)",48,19.0
72,Auction,E22,"(82, 24)",48,30.0
72,Auction,E23,"(81, 17)",45,23.0
72,Auction,E24,"(50, 54)",38,20.0
72,Auction,E25,"(81, 2)",30,28.0
72,Auction,E26,"(89, 85)",35,20.0
72,Auction,E27,"(48, 43)",31,28.0
72,Auction,E28,"(91, 50)",22,27.0
72,Auction,E31,"(92, 25)",27,28.0
72,Auction,E32,"(83, 42)",19,22.0
72,Auction,E33,"(28, 32)",18,13.0
72,Auction,E34,"(44, 27)",14,17.0
72,Auction,E35,"(8, 52)",17,14.0
72,Auction,E36,"(42, 76)",12,21.0
72,Auction,E37,"(68, 60)",13,23.0
72,Auction,E38,"(1, 73)",15,23.0
72,Auction,E39,"(1, 90)",15,25.0
72,Auction,E41,"(1, 32)",7,27.0
72,Auction,E42,"(93, 30)",5,18.0
72,Auction,E43,"(98, 34)",10,11.0
72,Q-Learning,E11,"(51, 32)",60,30.0
72,Q-Learning,E13,"(85, 97)",58,23.0
72,Q-Learning,E18,"(28, 72)",46,19.0
72,Q-Learning,E19,"(21, 4)",48,20.0
72,Q-Learning,E20,"(86, 62)",52,15.0
72,Q-Learning,E21,"(73, 28)",48,19.0
72,Q-Learning,E22,"(82, 24)",48,30.0
72,Q-Learning,E23,"(81, 17)",45,23.0
72,Q-Learning,E24,"(50, 54)",38,20.0
72,Q-Learning,E25,"(81, 2)",30,28.0
72,Q-Learning,E26,"(89, 85)",35,20.0
72,Q-Learning,E27,"(48, 43)",31,28.0
72,Q-Learning,E28,"(91, 50)",22,27.0
72,Q-Learning,E29,"(38, 40)",23,14.0
72,Q-Learning,E30,"(82, 8)",21,15.0
72,Q-Learning,E31,"(92, 25)",27,28.0
72,Q-Learning,E32,"(83, 42)",19,22.0
72,Q-Learning,E33,"(28, 32)",18,13.0
72,Q-Learning,E34,"(44, 27)",14,17.0
72,Q-Learning,E35,"(8, 52)",17,14.0
72,Q-Learning,E36,"(42, 76)",12,21.0
72,Q-Learning,E37,"(68, 60)",13,23.0
72,Q-Learning,E38,"(1, 73)",15,23.0
72,Q-Learning,E39,"(1, 90)",15,25.0
72,Q-Learning,E41,"(1, 32)",7,27.0
72,Q-Learning,E42,"(93, 30)",5,18.0
72,Q-Learning,E43,"(98, 34)",10,11.0
73,Greedy,E10,"(31, 75)",62,29.0
73,Greedy,E11,"(51, 32)",61,30.0
73,Greedy,E13,"(85, 97)",59,23.0
73,Greedy,E14,"(65, 12)",55,23.0
73,Greedy,E16,"(36, 65)",53,17.0
73,Greedy,E18,"(28, 72)",47,19.0
73,Greedy,E20,"(86, 62)",53,15.0
73,Greedy,E21,"(73, 28)",49,19.0
73,Greedy,E22,"(82, 24)",49,30.0
73,Greedy,E23,"(81, 17)",46,23.0
73,Greedy,E24,"(50, 54)",39,20.0
73,Greedy,E25,"(81, 2)",31,28.0
73,Greedy,E26,"(89, 85)",36,20.0
73,Greedy,E27,"(48, 43)",32,28.0
73,Greedy,E28,"(91, 50)",23,27.0
73,Greedy,E29,"(38, 40)",24,14.0
73,Greedy,E30,"(82, 8)",22,15.0
73,Greedy,E31,"(92, 25)",28,28.0
73,Greedy,E32,"(83, 42)",20,22.0
73,Greedy,E33,"(28, 32)",19,13.0
73,Greedy,E34,"(44, 27)",15,17.0
73,Greedy,E35,"(8, 52)",18,14.0
73,Greedy,E36,"(42, 76)",13,21.0
73,Greedy,E37,"(68, 60)",14,23.0
73,Greedy,E38,"(1, 73)",16,23.0
73,Greedy,E39,"(1, 90)",16,25.0
73,Greedy,E41,"(1, 32)",8,27.0
73,Greedy,E42,"(93, 30)",6,18.0
73,Greedy,E43,"(98, 34)",11,11.0
73,Auction,E6,"(95, 100)",67,21.0
73,Auction,E7,"(22, 99)",70,22.0
73,Auction,E10,"(31, 75)",62,29.0
73,Auction,E13,"(85, 97)",59,23.0
73,Auction,E18,"(28, 72)",47,19.0
73,Auction,E19,"(21, 4)",49,20.0
73,Auction,E20,"(86, 62)",53,15.0
73,Auction,E21,"(73, 28)",49,19.0
73,Auction,E22,"(82, 24)",49,30.0
73,Auction,E23,"(81, 17)",46,23.0
73,Auction,E24,"(50, 54)",39,20.0
73,Auction,E25,"(81, 2)",31,28.0
73,Auction,E26,"(89, 85)",36,20.0
73,Auction,E27,"(48, 43)",32,28.0
73,Auction,E28,"(91, 50)",23,27.0
73,Auction,E31,"(92, 25)",28,28.0
73,Auction,E32,"(83, 42)",20,22.0
73,Auction,E33,"(28, 32)",19,13.0
73,Auction,E34,"(44, 27)",15,17.0
73,Auction,E35,"(8, 52)",18,14.0
73,Auction,E36,"(42, 76)",13,21.0
73,Auction,E37,"(68, 60)",14,23.0
73,Auction,E38,"(1, 73)",16,23.0
73,Auction,E39,"(1, 90)",16,25.0
73,Auction,E41,"(1, 32)",8,27.0
73,Auction,E42,"(93, 30)",6,18.0
73,Auction,E43,"(98, 34)",11,11.0
73,Q-Learning,E11,"(51, 32)",61,30.0
73,Q-Learning,E13,"(85, 97)",59,23.0
73,Q-Learning,E18,"(28, 72)",47,19.0
73,Q-Learning,E19,"(21, 4)",49,20.0
73,Q-Learning,E20,"(86, 62)",53,15.0
73,Q-Learning,E21,"(73, 28)",49,19.0
73,Q-Learning,E22,"(82, 24)",49,30.0
73,Q-Learning,E23,"(81, 17)",46,23.0
73,Q-Learning,E24,"(50, 54)",39,20.0
73,Q-Learning,E25,"(81, 2)",31,28.0
73,Q-Learning,E26,"(89, 85)",36,20.0
73,Q-Learning,E27,"(48, 43)",32,28.0
73,Q-Learning,E28,"(91, 50)",23,27.0
73,Q-Learning,E29,"(38, 40)",24,14.0
73,Q-Learning,E30,"(82, 8)",22,15.0
73,Q-Learning,E31,"(92, 25)",28,28.0
73,Q-Learning,E32,"(83, 42)",20,22.0
73,Q-Learning,E33,"(28, 32)",19,13.0
73,Q-Learning,E34,"(44, 27)",15,17.0
73,Q-Learning,E35,"(8, 52)",18,14.0
73,Q-Learning,E36,"(42, 76)",13,21.0
73,Q-Learning,E37,"(68, 60)",14,23.0
73,Q-Learning,E38,"(1, 73)",16,23.0
73,Q-Learning,E39,"(1, 90)",16,25.0
73,Q-Learning,E41,"(1, 32)",8,27.0
73,Q-Learning,E42,"(93, 30)",6,18.0
73,Q-Learning,E43,"(98, 34)",11,11.0
74,Greedy,E10,"(31, 75)",63,29.0
74,Greedy,E11,"(51, 32)",62,30.0
74,Greedy,E13,"(85, 97)",60,23.0
74,Greedy,E14,"(65, 12)",56,23.0
74,Greedy,E16,"(36, 65)",54,17.0
74,Greedy,E18,"(28, 72)",48,19.0
74,Greedy,E20,"(86, 62)",54,15.0
74,Greedy,E21,"(73, 28)",50,19.0
74,Greedy,E22,"(82, 24)",50,30.0
74,Greedy,E23,"(81, 17)",47,23.0
74,Greedy,E24,"(50, 54)",40,20.0
74,Greedy,E25,"(81, 2)",32,28.0
74,Greedy,E26,"(89, 85)",37,20.0
74,Greedy,E27,"(48, 43)",33,28.0
74,Greedy,E28,"(91, 50)",24,27.0
74,Greedy,E29,"(38, 40)",25,14.0
74,Greedy,E30,"(82, 8)",23,15.0
74,Greedy,E31,"(92, 25)",29,28.0
74,Greedy,E32,"(83, 42)",21,22.0
74,Greedy,E33,"(28, 32)",20,13.0
74,Greedy,E34,"(44, 27)",16,17.0
74,Greedy,E35,"(8, 52)",19,14.0
74,Greedy,E36,"(42, 76)",14,21.0
74,Greedy,E37,"(68, 60)",15,23.0
74,Greedy,E38,"(1, 73)",17,23.0
74,Greedy,E39,"(1, 90)",17,25.0
74,Greedy,E41,"(1, 32)",9,27.0
74,Greedy,E42,"(93, 30)",7,18.0
74,Greedy,E43,"(98, 34)",12,11.0
74,Auction,E6,"(95, 100)",68,21.0
74,Auction,E7,"(22, 99)",71,22.0
74,Auction,E10,"(31, 75)",63,29.0
74,Auction,E13,"(85, 97)",60,23.0
74,Auction,E18,"(28, 72)",48,19.0
74,Auction,E19,"(21, 4)",50,20.0
74,Auction,E20,"(86, 62)",54,15.0
74,Auction,E21,"(73, 28)",50,19.0
74,Auction,E22,"(82, 24)",50,30.0
74,Auction,E23,"(81, 17)",47,23.0
74,Auction,E24,"(50, 54)",40,20.0
74,Auction,E25,"(81, 2)",32,28.0
74,Auction,E26,"(89, 85)",37,20.0
74,Auction,E27,"(48, 43)",33,28.0
74,Auction,E28,"(91, 50)",24,27.0
74,Auction,E31,"(92, 25)",29,28.0
74,Auction,E32,"(83, 42)",21,22.0
74,Auction,E33,"(28, 32)",20,13.0
74,Auction,E34,"(44, 27)",16,17.0
74,Auction,E35,"(8, 52)",19,14.0
74,Auction,E36,"(42, 76)",14,21.0
74,Auction,E37,"(68, 60)",15,23.0
74,Auction,E38,"(1, 73)",17,23.0
74,Auction,E39,"(1, 90)",17,25.0
74,Auction,E41,"(1, 32)",9,27.0
74,Auction,E42,"(93, 30)",7,18.0
74,Auction,E43,"(98, 34)",12,11.0
74,Auction,E44,"(93, 90)",6,10.0
74,Q-Learning,E11,"(51, 32)",62,30.0
74,Q-Learning,E13,"(85, 97)",60,23.0
74,Q-Learning,E18,"(28, 72)",48,19.0
74,Q-Learning,E19,"(21, 4)",50,20.0
74,Q-Learning,E20,"(86, 62)",54,15.0
74,Q-Learning,E21,"(73, 28)",50,19.0
74,Q-Learning,E22,"(82, 24)",50,30.0
74,Q-Learning,E23,"(81, 17)",47,23.0
74,Q-Learning,E24,"(50, 54)",40,20.0
74,Q-Learning,E25,"(81, 2)",32,28.0
74,Q-Learning,E26,"(89, 85)",37,20.0
74,Q-Learning,E27,"(48, 43)",33,28.0
74,Q-Learning,E28,"(91, 50)",24,27.0
74,Q-Learning,E29,"(38, 40)",25,14.0
74,Q-Learning,E30,"(82, 8)",23,15.0
74,Q-Learning,E31,"(92, 25)",29,28.0
74,Q-Learning,E32,"(83, 42)",21,22.0
74,Q-Learning,E33,"(28, 32)",20,13.0
74,Q-Learning,E34,"(44, 27)",16,17.0
74,Q-Learning,E35,"(8, 52)",19,14.0
74,Q-Learning,E36,"(42, 76)",14,21.0
74,Q-Learning,E37,"(68, 60)",15,23.0
74,Q-Learning,E38,"(1, 73)",17,23.0
74,Q-Learning,E39,"(1, 90)",17,25.0
74,Q-Learning,E41,"(1, 32)",9,27.0
74,Q-Learning,E42,"(93, 30)",7,18.0
74,Q-Learning,E43,"(98, 34)",12,11.0
74,Q-Learning,E44,"(93, 90)",6,10.0
75,Greedy,E10,"(31, 75)",64,29.0
75,Greedy,E11,"(51, 32)",63,30.0
75,Greedy,E13,"(85, 97)",61,23.0
75,Greedy,E14,"(65, 12)",57,23.0
75,Greedy,E16,"(36, 65)",55,17.0
75,Greedy,E18,"(28, 72)",49,19.0
75,Greedy,E20,"(86, 62)",55,15.0
75,Greedy,E21,"(73, 28)",51,19.0
75,Greedy,E22,"(82, 24)",51,30.0
75,Greedy,E23,"(81, 17)",48,23.0
75,Greedy,E24,"(50, 54)",41,20.0
75,Greedy,E25,"(81, 2)",33,28.0
75,Greedy,E26,"(89, 85)",38,20.0
75,Greedy,E27,"(48, 43)",34,28.0
75,Greedy,E28,"(91, 50)",25,27.0
75,Greedy,E29,"(38, 40)",26,14.0
75,Greedy,E30,"(82, 8)",24,15.0
75,Greedy,E31,"(92, 25)",30,28.0
75,Greedy,E32,"(83, 42)",22,22.0
75,Greedy,E33,"(28, 32)",21,13.0
75,Greedy,E34,"(44, 27)",17,17.0
75,Greedy,E35,"(8, 52)",20,14.0
75,Greedy,E36,"(42, 76)",15,21.0
75,Greedy,E37,"(68, 60)",16,23.0
75,Greedy,E38,"(1, 73)",18,23.0
75,Greedy,E39,"(1, 90)",18,25.0
75,Greedy,E41,"(1, 32)",10,27.0
75,Greedy,E42,"(93, 30)",8,18.0
75,Greedy,E43,"(98, 34)",13,11.0
75,Greedy,E45,"(1, 56)",2,24.0
75,Auction,E6,"(95, 100)",69,21.0
75,Auction,E7,"(22, 99)",72,22.0
75,Auction,E10,"(31, 75)",64,29.0
75,Auction,E13,"(85, 97)",61,23.0
75,Auction,E18,"(28, 72)",49,19.0
75,Auction,E19,"(21, 4)",51,20.0
75,Auction,E20,"(86, 62)",55,15.0
75,Auction,E21,"(73, 28)",51,19.0
75,Auction,E22,"(82, 24)",51,30.0
75,Auction,E23,"(81, 17)",48,23.0
75,Auction,E24,"(50, 54)",41,20.0
75,Auction,E25,"(81, 2)",33,28.0
75,Auction,E26,"(89, 85)",38,20.0
75,Auction,E27,"(48, 43)",34,28.0
75,Auction,E28,"(91, 50)",25,27.0
75,Auction,E31,"(92, 25)",30,28.0
75,Auction,E32,"(83, 42)",22,22.0
75,Auction,E33,"(28, 32)",21,13.0
75,Auction,E34,"(44, 27)",17,17.0
75,Auction,E35,"(8, 52)",20,14.0
75,Auction,E36,"(42, 76)",15,21.0
75,Auction,E37,"(68, 60)",16,23.0
75,Auction,E38,"(1, 73)",18,23.0
75,Auction,E39,"(1, 90)",18,25.0
75,Auction,E41,"(1, 32)",10,27.0
75,Auction,E42,"(93, 30)",8,18.0
75,Auction,E43,"(98, 34)",13,11.0
75,Auction,E44,"(93, 90)",7,10.0
75,Auction,E45,"(1, 56)",2,24.0
75,Q-Learning,E11,"(51, 32)",63,30.0
75,Q-Learning,E13,"(85, 97)",61,23.0
75,Q-Learning,E18,"(28, 72)",49,19.0
75,Q-Learning,E19,"(21, 4)",51,20.0
75,Q-Learning,E20,"(86, 62)",55,15.0
75,Q-Learning,E21,"(73, 28)",51,19.0
75,Q-Learning,E22,"(82, 24)",51,30.0
75,Q-Learning,E23,"(81, 17)",48,23.0
75,Q-Learning,E24,"(50, 54)",41,20.0
75,Q-Learning,E25,"(81, 2)",33,28.0
75,Q-Learning,E26,"(89, 85)",38,20.0
75,Q-Learning,E27,"(48, 43)",34,28.0
75,Q-Learning,E28,"(91, 50)",25,27.0
75,Q-Learning,E29,"(38, 40)",26,14.0
75,Q-Learning,E30,"(82, 8)",24,15.0
75,Q-Learning,E31,"(92, 25)",30,28.0
75,Q-Learning,E32,"(83, 42)",22,22.0
75,Q-Learning,E33,"(28, 32)",21,13.0
75,Q-Learning,E34,"(44, 27)",17,17.0
75,Q-Learning,E35,"(8, 52)",20,14.0
75,Q-Learning,E36,"(42, 76)",15,21.0
75,Q-Learning,E37,"(68, 60)",16,23.0
75,Q-Learning,E38,"(1, 73)",18,23.0
75,Q-Learning,E39,"(1, 90)",18,25.0
75,Q-Learning,E41,"(1, 32)",10,27.0
75,Q-Learning,E42,"(93, 30)",8,18.0
75,Q-Learning,E43,"(98, 34)",13,11.0
75,Q-Learning,E44,"(93, 90)",7,10.0
75,Q-Learning,E45,"(1, 56)",2,24.0
76,Greedy,E10,"(31, 75)",65,29.0
76,Greedy,E11,"(51, 32)",64,30.0
76,Greedy,E13,"(85, 97)",62,23.0
76,Greedy,E14,"(65, 12)",58,23.0
76,Greedy,E16,"(36, 65)",56,17.0
76,Greedy,E18,"(28, 72)",50,19.0
76,Greedy,E20,"(86, 62)",56,15.0
76,Greedy,E21,"(73, 28)",52,19.0
76,Greedy,E22,"(82, 24)",52,30.0
76,Greedy,E23,"(81, 17)",49,23.0
76,Greedy,E24,"(50, 54)",42,20.0
76,Greedy,E25,"(81, 2)",34,28.0
76,Greedy,E26,"(89, 85)",39,20.0
76,Greedy,E27,"(48, 43)",35,28.0
76,Greedy,E28,"(91, 50)",26,27.0
76,Greedy,E29,"(38, 40)",27,14.0
76,Greedy,E30,"(82, 8)",25,15.0
76,Greedy,E31,"(92, 25)",31,28.0
76,Greedy,E32,"(83, 42)",23,22.0
76,Greedy,E33,"(28, 32)",22,13.0
76,Greedy,E34,"(44, 27)",18,17.0
76,Greedy,E35,"(8, 52)",21,14.0
76,Greedy,E36,"(42, 76)",16,21.0
76,Greedy,E37,"(68, 60)",17,23.0
76,Greedy,E38,"(1, 73)",19,23.0
76,Greedy,E39,"(1, 90)",19,25.0
76,Greedy,E41,"(1, 32)",11,27.0
76,Greedy,E42,"(93, 30)",9,18.0
76,Greedy,E43,"(98, 34)",14,11.0
76,Greedy,E45,"(1, 56)",3,24.0
76,Auction,E6,"(95, 100)",70,21.0
76,Auction,E7,"(22, 99)",73,22.0
76,Auction,E10,"(31, 75)",65,29.0
76,Auction,E13,"(85, 97)",62,23.0
76,Auction,E18,"(28, 72)",50,19.0
76,Auction,E19,"(21, 4)",52,20.0
76,Auction,E20,"(86, 62)",56,15.0
76,Auction,E21,"(73, 28)",52,19.0
76,Auction,E22,"(82, 24)",52,30.0
76,Auction,E23,"(81, 17)",49,23.0
76,Auction,E24,"(50, 54)",42,20.0
76,Auction,E25,"(81, 2)",34,28.0
76,Auction,E26,"(89, 85)",39,20.0
76,Auction,E27,"(48, 43)",35,28.0
76,Auction,E28,"(91, 50)",26,27.0
76,Auction,E31,"(92, 25)",31,28.0
76,Auction,E32,"(83, 42)",23,22.0
76,Auction,E33,"(28, 32)",22,13.0
76,Auction,E34,"(44, 27)",18,17.0
76,Auction,E35,"(8, 52)",21,14.0
76,Auction,E36,"(42, 76)",16,21.0
76,Auction,E37,"(68, 60)",17,23.0
76,Auction,E38,"(1, 73)",19,23.0
76,Auction,E39,"(1, 90)",19,25.0
76,Auction,E41,"(1, 32)",11,27.0
76,Auction,E42,"(93, 30)",9,18.0
76,Auction,E43,"(98, 34)",14,11.0
76,Auction,E44,"(93, 90)",8,10.0
76,Auction,E45,"(1, 56)",3,24.0
76,Q-Learning,E11,"(51, 32)",64,30.0
76,Q-Learning,E13,"(85, 97)",62,23.0
76,Q-Learning,E18,"(28, 72)",50,19.0
76,Q-Learning,E19,"(21, 4)",52,20.0
76,Q-Learning,E20,"(86, 62)",56,15.0
76,Q-Learning,E21,"(73, 28)",52,19.0
76,Q-Learning,E22,"(82, 24)",52,30.0
76,Q-Learning,E23,"(81, 17)",49,23.0
76,Q-Learning,E24,"(50, 54)",42,20.0
76,Q-Learning,E25,"(81, 2)",34,28.0
76,Q-Learning,E26,"(89, 85)",39,20.0
76,Q-Learning,E27,"(48, 43)",35,28.0
76,Q-Learning,E28,"(91, 50)",26,27.0
76,Q-Learning,E29,"(38, 40)",27,14.0
76,Q-Learning,E30,"(82, 8)",25,15.0
76,Q-Learning,E31,"(92, 25)",31,28.0
76,Q-Learning,E32,"(83, 42)",23,22.0
76,Q-Learning,E33,"(28, 32)",22,13.0
76,Q-Learning,E34,"(44, 27)",18,17.0
76,Q-Learning,E35,"(8, 52)",21,14.0
76,Q-Learning,E36,"(42, 76)",16,21.0
76,Q-Learning,E37,"(68, 60)",17,23.0
76,Q-Learning,E38,"(1, 73)",19,23.0
76,Q-Learning,E39,"(1, 90)",19,25.0
76,Q-Learning,E41,"(1, 32)",11,27.0
76,Q-Learning,E42,"(93, 30)",9,18.0
76,Q-Learning,E43,"(98, 34)",14,11.0
76,Q-Learning,E44,"(93, 90)",8,10.0
76,Q-Learning,E45,"(1, 56)",3,24.0
77,Greedy,E10,"(31, 75)",66,29.0
77,Greedy,E11,"(51, 32)",65,30.0
77,Greedy,E13,"(85, 97)",63,23.0
77,Greedy,E14,"(65, 12)",59,23.0
77,Greedy,E16,"(36, 65)",57,17.0
77,Greedy,E18,"(28, 72)",51,19.0
77,Greedy,E20,"(86, 62)",57,15.0
77,Greedy,E21,"(73, 28)",53,19.0
77,Greedy,E22,"(82, 24)",53,30.0
77,Greedy,E23,"(81, 17)",50,23.0
77,Greedy,E24,"(50, 54)",43,20.0
77,Greedy,E25,"(81, 2)",35,28.0
77,Greedy,E26,"(89, 85)",40,20.0
77,Greedy,E27,"(48, 43)",36,28.0
77,Greedy,E28,"(91, 50)",27,27.0
77,Greedy,E29,"(38, 40)",28,14.0
77,Greedy,E30,"(82, 8)",26,15.0
77,Greedy,E31,"(92, 25)",32,28.0
77,Greedy,E32,"(83, 42)",24,22.0
77,Greedy,E33,"(28, 32)",23,13.0
77,Greedy,E34,"(44, 27)",19,17.0
77,Greedy,E35,"(8, 52)",22,14.0
77,Greedy,E36,"(42, 76)",17,21.0
77,Greedy,E37,"(68, 60)",18,23.0
77,Greedy,E38,"(1, 73)",20,23.0
77,Greedy,E39,"(1, 90)",20,25.0
77,Greedy,E41,"(1, 32)",12,27.0
77,Greedy,E42,"(93, 30)",10,18.0
77,Greedy,E43,"(98, 34)",15,11.0
77,Greedy,E45,"(1, 56)",4,24.0
77,Auction,E6,"(95, 100)",71,21.0
77,Auction,E7,"(22, 99)",74,22.0
77,Auction,E10,"(31, 75)",66,29.0
77,Auction,E13,"(85, 97)",63,23.0
77,Auction,E18,"(28, 72)",51,19.0
77,Auction,E19,"(21, 4)",53,20.0
77,Auction,E20,"(86, 62)",57,15.0
77,Auction,E21,"(73, 28)",53,19.0
77,Auction,E22,"(82, 24)",53,30.0
77,Auction,E23,"(81, 17)",50,23.0
77,Auction,E24,"(50, 54)",43,20.0
77,Auction,E25,"(81, 2)",35,28.0
77,Auction,E26,"(89, 85)",40,20.0
77,Auction,E27,"(48, 43)",36,28.0
77,Auction,E28,"(91, 50)",27,27.0
77,Auction,E31,"(92, 25)",32,28.0
77,Auction,E32,"(83, 42)",24,22.0
77,Auction,E33,"(28, 32)",23,13.0
77,Auction,E34,"(44, 27)",19,17.0
77,Auction,E35,"(8, 52)",22,14.0
77,Auction,E36,"(42, 76)",17,21.0
77,Auction,E37,"(68, 60)",18,23.0
77,Auction,E38,"(1, 73)",20,23.0
77,Auction,E39,"(1, 90)",20,25.0
77,Auction,E41,"(1, 32)",12,27.0
77,Auction,E42,"(93, 30)",10,18.0
77,Auction,E43,"(98, 34)",15,11.0
77,Auction,E44,"(93, 90)",9,10.0
77,Auction,E45,"(1, 56)",4,24.0
77,Q-Learning,E11,"(51, 32)",65,30.0
77,Q-Learning,E13,"(85, 97)",63,23.0
77,Q-Learning,E18,"(28, 72)",51,19.0
77,Q-Learning,E19,"(21, 4)",53,20.0
77,Q-Learning,E20,"(86, 62)",57,15.0
77,Q-Learning,E21,"(73, 28)",53,19.0
77,Q-Learning,E22,"(82, 24)",53,30.0
77,Q-Learning,E23,"(81, 17)",50,23.0
77,Q-Learning,E24,"(50, 54)",43,20.0
77,Q-Learning,E25,"(81, 2)",35,28.0
77,Q-Learning,E26,"(89, 85)",40,20.0
77,Q-Learning,E27,"(48, 43)",36,28.0
77,Q-Learning,E28,"(91, 50)",27,27.0
77,Q-Learning,E29,"(38, 40)",28,14.0
77,Q-Learning,E30,"(82, 8)",26,15.0
77,Q-Learning,E31,"(92, 25)",32,28.0
77,Q-Learning,E32,"(83, 42)",24,22.0
77,Q-Learning,E33,"(28, 32)",23,13.0
77,Q-Learning,E34,"(44, 27)",19,17.0
77,Q-Learning,E35,"(8, 52)",22,14.0
77,Q-Learning,E36,"(42, 76)",17,21.0
77,Q-Learning,E37,"(68, 60)",18,23.0
77,Q-Learning,E38,"(1, 73)",20,23.0
77,Q-Learning,E39,"(1, 90)",20,25.0
77,Q-Learning,E41,"(1, 32)",12,27.0
77,Q-Learning,E42,"(93, 30)",10,18.0
77,Q-Learning,E43,"(98, 34)",15,11.0
77,Q-Learning,E44,"(93, 90)",9,10.0
77,Q-Learning,E45,"(1, 56)",4,24.0
78,Greedy,E10,"(31, 75)",67,29.0
78,Greedy,E11,"(51, 32)",66,30.0
78,Greedy,E13,"(85, 97)",64,23.0
78,Greedy,E14,"(65, 12)",60,23.0
78,Greedy,E16,"(36, 65)",58,17.0
78,Greedy,E18,"(28, 72)",52,19.0
78,Greedy,E20,"(86, 62)",58,15.0
78,Greedy,E21,"(73, 28)",54,19.0
78,Greedy,E22,"(82, 24)",54,30.0
78,Greedy,E23,"(81, 17)",51,23.0
78,Greedy,E24,"(50, 54)",44,20.0
78,Greedy,E25,"(81, 2)",36,28.0
78,Greedy,E26,"(89, 85)",41,20.0
78,Greedy,E27,"(48, 43)",37,28.0
78,Greedy,E28,"(91, 50)",28,27.0
78,Greedy,E29,"(38, 40)",29,14.0
78,Greedy,E30,"(82, 8)",27,15.0
78,Greedy,E31,"(92, 25)",33,28.0
78,Greedy,E32,"(83, 42)",25,22.0
78,Greedy,E33,"(28, 32)",24,13.0
78,Greedy,E34,"(44, 27)",20,17.0
78,Greedy,E35,"(8, 52)",23,14.0
78,Greedy,E36,"(42, 76)",18,21.0
78,Greedy,E37,"(68, 60)",19,23.0
78,Greedy,E38,"(1, 73)",21,23.0
78,Greedy,E39,"(1, 90)",21,25.0
78,Greedy,E41,"(1, 32)",13,27.0
78,Greedy,E42,"(93, 30)",11,18.0
78,Greedy,E43,"(98, 34)",16,11.0
78,Greedy,E45,"(1, 56)",5,24.0
78,Auction,E6,"(95, 100)",72,21.0
78,Auction,E7,"(22, 99)",75,22.0
78,Auction,E10,"(31, 75)",67,29.0
78,Auction,E13,"(85, 97)",64,23.0
78,Auction,E18,"(28, 72)",52,19.0
78,Auction,E19,"(21, 4)",54,20.0
78,Auction,E20,"(86, 62)",58,15.0
78,Auction,E21,"(73, 28)",54,19.0
78,Auction,E22,"(82, 24)",54,30.0
78,Auction,E23,"(81, 17)",51,23.0
78,Auction,E24,"(50, 54)",44,20.0
78,Auction,E25,"(81, 2)",36,28.0
78,Auction,E26,"(89, 85)",41,20.0
78,Auction,E27,"(48, 43)",37,28.0
78,Auction,E28,"(91, 50)",28,27.0
78,Auction,E31,"(92, 25)",33,28.0
78,Auction,E32,"(83, 42)",25,22.0
78,Auction,E33,"(28, 32)",24,13.0
78,Auction,E34,"(44, 27)",20,17.0
78,Auction,E35,"(8, 52)",23,14.0
78,Auction,E36,"(42, 76)",18,21.0
78,Auction,E37,"(68, 60)",19,23.0
78,Auction,E38,"(1, 73)",21,23.0
78,Auction,E39,"(1, 90)",21,25.0
78,Auction,E41,"(1, 32)",13,27.0
78,Auction,E42,"(93, 30)",11,18.0
78,Auction,E43,"(98, 34)",16,11.0
78,Auction,E44,"(93, 90)",10,10.0
78,Auction,E45,"(1, 56)",5,24.0
78,Q-Learning,E11,"(51, 32)",66,30.0
78,Q-Learning,E13,"(85, 97)",64,23.0
78,Q-Learning,E18,"(28, 72)",52,19.0
78,Q-Learning,E19,"(21, 4)",54,20.0
78,Q-Learning,E20,"(86, 62)",58,15.0
78,Q-Learning,E21,"(73, 28)",54,19.0
78,Q-Learning,E22,"(82, 24)",54,30.0
78,Q-Learning,E23,"(81, 17)",51,23.0
78,Q-Learning,E24,"(50, 54)",44,20.0
78,Q-Learning,E25,"(81, 2)",36,28.0
78,Q-Learning,E26,"(89, 85)",41,20.0
78,Q-Learning,E27,"(48, 43)",37,28.0
78,Q-Learning,E28,"(91, 50)",28,27.0
78,Q-Learning,E29,"(38, 40)",29,14.0
78,Q-Learning,E30,"(82, 8)",27,15.0
78,Q-Learning,E31,"(92, 25)",33,28.0
78,Q-Learning,E32,"(83, 42)",25,22.0
78,Q-Learning,E33,"(28, 32)",24,13.0
78,Q-Learning,E34,"(44, 27)",20,17.0
78,Q-Learning,E35,"(8, 52)",23,14.0
78,Q-Learning,E36,"(42, 76)",18,21.0
78,Q-Learning,E37,"(68, 60)",19,23.0
78,Q-Learning,E38,"(1, 73)",21,23.0
78,Q-Learning,E39,"(1, 90)",21,25.0
78,Q-Learning,E41,"(1, 32)",13,27.0
78,Q-Learning,E42,"(93, 30)",11,18.0
78,Q-Learning,E43,"(98, 34)",16,11.0
78,Q-Learning,E44,"(93, 90)",10,10.0
78,Q-Learning,E45,"(1, 56)",5,24.0
79,Greedy,E10,"(31, 75)",68,29.0
79,Greedy,E11,"(51, 32)",67,30.0
79,Greedy,E13,"(85, 97)",65,23.0
79,Greedy,E14,"(65, 12)",61,23.0
79,Greedy,E16,"(36, 65)",59,17.0
79,Greedy,E18,"(28, 72)",53,19.0
79,Greedy,E20,"(86, 62)",59,15.0
79,Greedy,E21,"(73, 28)",55,19.0
79,Greedy,E22,"(82, 24)",55,30.0
79,Greedy,E23,"(81, 17)",52,23.0
79,Greedy,E24,"(50, 54)",45,20.0
79,Greedy,E25,"(81, 2)",37,28.0
79,Greedy,E26,"(89, 85)",42,20.0
79,Greedy,E27,"(48, 43)",38,28.0
79,Greedy,E28,"(91, 50)",29,27.0
79,Greedy,E29,"(38, 40)",30,14.0
79,Greedy,E30,"(82, 8)",28,15.0
79,Greedy,E31,"(92, 25)",34,28.0
79,Greedy,E32,"(83, 42)",26,22.0
79,Greedy,E33,"(28, 32)",25,13.0
79,Greedy,E34,"(44, 27)",21,17.0
79,Greedy,E35,"(8, 52)",24,14.0
79,Greedy,E36,"(42, 76)",19,21.0
79,Greedy,E37,"(68, 60)",20,23.0
79,Greedy,E38,"(1, 73)",22,23.0
79,Greedy,E39,"(1, 90)",22,25.0
79,Greedy,E41,"(1, 32)",14,27.0
79,Greedy,E42,"(93, 30)",12,18.0
79,Greedy,E43,"(98, 34)",17,11.0
79,Greedy,E45,"(1, 56)",6,24.0
79,Greedy,E46,"(46, 45)",3,18.0
79,Auction,E6,"(95, 100)",73,21.0
79,Auction,E7,"(22, 99)",76,22.0
79,Auction,E10,"(31, 75)",68,29.0
79,Auction,E13,"(85, 97)",65,23.0
79,Auction,E18,"(28, 72)",53,19.0
79,Auction,E19,"(21, 4)",55,20.0
79,Auction,E20,"(86, 62)",59,15.0
79,Auction,E21,"(73, 28)",55,19.0
79,Auction,E22,"(82, 24)",55,30.0
79,Auction,E23,"(81, 17)",52,23.0
79,Auction,E24,"(50, 54)",45,20.0
79,Auction,E25,"(81, 2)",37,28.0
79,Auction,E26,"(89, 85)",42,20.0
79,Auction,E27,"(48, 43)",38,28.0
79,Auction,E28,"(91, 50)",29,27.0
79,Auction,E31,"(92, 25)",34,28.0
79,Auction,E32,"(83, 42)",26,22.0
79,Auction,E33,"(28, 32)",25,13.0
79,Auction,E34,"(44, 27)",21,17.0
79,Auction,E35,"(8, 52)",24,14.0
79,Auction,E36,"(42, 76)",19,21.0
79,Auction,E37,"(68, 60)",20,23.0
79,Auction,E38,"(1, 73)",22,23.0
79,Auction,E39,"(1, 90)",22,25.0
79,Auction,E41,"(1, 32)",14,27.0
79,Auction,E42,"(93, 30)",12,18.0
79,Auction,E43,"(98, 34)",17,11.0
79,Auction,E44,"(93, 90)",11,10.0
79,Auction,E45,"(1, 56)",6,24.0
79,Auction,E46,"(46, 45)",3,18.0
79,Q-Learning,E11,"(51, 32)",67,30.0
79,Q-Learning,E13,"(85, 97)",65,23.0
79,Q-Learning,E18,"(28, 72)",53,19.0
79,Q-Learning,E19,"(21, 4)",55,20.0
79,Q-Learning,E20,"(86, 62)",59,15.0
79,Q-Learning,E21,"(73, 28)",55,19.0
79,Q-Learning,E22,"(82, 24)",55,30.0
79,Q-Learning,E23,"(81, 17)",52,23.0
79,Q-Learning,E24,"(50, 54)",45,20.0
79,Q-Learning,E25,"(81, 2)",37,28.0
79,Q-Learning,E26,"(89, 85)",42,20.0
79,Q-Learning,E27,"(48, 43)",38,28.0
79,Q-Learning,E28,"(91, 50)",29,27.0
79,Q-Learning,E29,"(38, 40)",30,14.0
79,Q-Learning,E30,"(82, 8)",28,15.0
79,Q-Learning,E31,"(92, 25)",34,28.0
79,Q-Learning,E32,"(83, 42)",26,22.0
79,Q-Learning,E33,"(28, 32)",25,13.0
79,Q-Learning,E34,"(44, 27)",21,17.0
79,Q-Learning,E35,"(8, 52)",24,14.0
79,Q-Learning,E36,"(42, 76)",19,21.0
79,Q-Learning,E37,"(68, 60)",20,23.0
79,Q-Learning,E38,"(1, 73)",22,23.0
79,Q-Learning,E39,"(1, 90)",22,25.0
79,Q-Learning,E41,"(1, 32)",14,27.0
79,Q-Learning,E42,"(93, 30)",12,18.0
79,Q-Learning,E43,"(98, 34)",17,11.0
79,Q-Learning,E44,"(93, 90)",11,10.0
79,Q-Learning,E45,"(1, 56)",6,24.0
79,Q-Learning,E46,"(46, 45)",3,18.0
80,Greedy,E10,"(31, 75)",69,29.0
80,Greedy,E11,"(51, 32)",68,30.0
80,Greedy,E13,"(85, 97)",66,23.0
80,Greedy,E14,"(65, 12)",62,23.0
80,Greedy,E16,"(36, 65)",60,17.0
80,Greedy,E18,"(28, 72)",54,19.0
80,Greedy,E20,"(86, 62)",60,15.0
80,Greedy,E21,"(73, 28)",56,19.0
80,Greedy,E22,"(82, 24)",56,30.0
80,Greedy,E23,"(81, 17)",53,23.0
80,Greedy,E24,"(50, 54)",46,20.0
80,Greedy,E25,"(81, 2)",38,28.0
80,Greedy,E26,"(89, 85)",43,20.0
80,Greedy,E27,"(48, 43)",39,28.0
80,Greedy,E28,"(91, 50)",30,27.0
80,Greedy,E29,"(38, 40)",31,14.0
80,Greedy,E30,"(82, 8)",29,15.0
80,Greedy,E31,"(92, 25)",35,28.0
80,Greedy,E32,"(83, 42)",27,22.0
80,Greedy,E33,"(28, 32)",26,13.0
80,Greedy,E34,"(44, 27)",22,17.0
80,Greedy,E35,"(8, 52)",25,14.0
80,Greedy,E36,"(42, 76)",20,21.0
80,Greedy,E37,"(68, 60)",21,23.0
80,Greedy,E38,"(1, 73)",23,23.0
80,Greedy,E39,"(1, 90)",23,25.0
80,Greedy,E41,"(1, 32)",15,27.0
80,Greedy,E42,"(93, 30)",13,18.0
80,Greedy,E43,"(98, 34)",18,11.0
80,Greedy,E45,"(1, 56)",7,24.0
80,Greedy,E46,"(46, 45)",4,18.0
80,Greedy,E47,"(3, 30)",7,17.0
80,Auction,E6,"(95, 100)",74,21.0
80,Auction,E7,"(22, 99)",77,22.0
80,Auction,E10,"(31, 75)",69,29.0
80,Auction,E13,"(85, 97)",66,23.0
80,Auction,E18,"(28, 72)",54,19.0
80,Auction,E19,"(21, 4)",56,20.0
80,Auction,E20,"(86, 62)",60,15.0
80,Auction,E21,"(73, 28)",56,19.0
80,Auction,E22,"(82, 24)",56,30.0
80,Auction,E23,"(81, 17)",53,23.0
80,Auction,E24,"(50, 54)",46,20.0
80,Auction,E25,"(81, 2)",38,28.0
80,Auction,E26,"(89, 85)",43,20.0
80,Auction,E27,"(48, 43)",39,28.0
80,Auction,E28,"(91, 50)",30,27.0
80,Auction,E31,"(92, 25)",35,28.0
80,Auction,E32,"(83, 42)",27,22.0
80,Auction,E33,"(28, 32)",26,13.0
80,Auction,E34,"(44, 27)",22,17.0
80,Auction,E35,"(8, 52)",25,14.0
80,Auction,E36,"(42, 76)",20,21.0
80,Auction,E37,"(68, 60)",21,23.0
80,Auction,E38,"(1, 73)",23,23.0
80,Auction,E39,"(1, 90)",23,25.0
80,Auction,E41,"(1, 32)",15,27.0
80,Auction,E42,"(93, 30)",13,18.0
80,Auction,E43,"(98, 34)",18,11.0
80,Auction,E44,"(93, 90)",12,10.0
80,Auction,E45,"(1, 56)",7,24.0
80,Auction,E46,"(46, 45)",4,18.0
80,Auction,E47,"(3, 30)",7,17.0
80,Q-Learning,E11,"(51, 32)",68,30.0
80,Q-Learning,E13,"(85, 97)",66,23.0
80,Q-Learning,E18,"(28, 72)",54,19.0
80,Q-Learning,E19,"(21, 4)",56,20.0
80,Q-Learning,E20,"(86, 62)",60,15.0
80,Q-Learning,E21,"(73, 28)",56,19.0
80,Q-Learning,E22,"(82, 24)",56,30.0
80,Q-Learning,E23,"(81, 17)",53,23.0
80,Q-Learning,E24,"(50, 54)",46,20.0
80,Q-Learning,E25,"(81, 2)",38,28.0
80,Q-Learning,E26,"(89, 85)",43,20.0
80,Q-Learning,E27,"(48, 43)",39,28.0
80,Q-Learning,E28,"(91, 50)",30,27.0
80,Q-Learning,E29,"(38, 40)",31,14.0
80,Q-Learning,E30,"(82, 8)",29,15.0
80,Q-Learning,E31,"(92, 25)",35,28.0
80,Q-Learning,E32,"(83, 42)",27,22.0
80,Q-Learning,E33,"(28, 32)",26,13.0
80,Q-Learning,E34,"(44, 27)",22,17.0
80,Q-Learning,E35,"(8, 52)",25,14.0
80,Q-Learning,E36,"(42, 76)",20,21.0
80,Q-Learning,E37,"(68, 60)",21,23.0
80,Q-Learning,E38,"(1, 73)",23,23.0
80,Q-Learning,E39,"(1, 90)",23,25.0
80,Q-Learning,E41,"(1, 32)",15,27.0
80,Q-Learning,E42,"(93, 30)",13,18.0
80,Q-Learning,E43,"(98, 34)",18,11.0
80,Q-Learning,E44,"(93, 90)",12,10.0
80,Q-Learning,E45,"(1, 56)",7,24.0
80,Q-Learning,E46,"(46, 45)",4,18.0
80,Q-Learning,E47,"(3, 30)",7,17.0
81,Greedy,E10,"(31, 75)",70,29.0
81,Greedy,E11,"(51, 32)",69,30.0
81,Greedy,E13,"(85, 97)",67,23.0
81,Greedy,E14,"(65, 12)",63,23.0
81,Greedy,E16,"(36, 65)",61,17.0
81,Greedy,E18,"(28, 72)",55,19.0
81,Greedy,E20,"(86, 62)",61,15.0
81,Greedy,E21,"(73, 28)",57,19.0
81,Greedy,E22,"(82, 24)",57,30.0
81,Greedy,E23,"(81, 17)",54,23.0
81,Greedy,E24,"(50, 54)",47,20.0
81,Greedy,E25,"(81, 2)",39,28.0
81,Greedy,E26,"(89, 85)",44,20.0
81,Greedy,E27,"(48, 43)",40,28.0
81,Greedy,E28,"(91, 50)",31,27.0
81,Greedy,E29,"(38, 40)",32,14.0
81,Greedy,E30,"(82, 8)",30,15.0
81,Greedy,E31,"(92, 25)",36,28.0
81,Greedy,E32,"(83, 42)",28,22.0
81,Greedy,E33,"(28, 32)",27,13.0
81,Greedy,E34,"(44, 27)",23,17.0
81,Greedy,E35,"(8, 52)",26,14.0
81,Greedy,E36,"(42, 76)",21,21.0
81,Greedy,E37,"(68, 60)",22,23.0
81,Greedy,E38,"(1, 73)",24,23.0
81,Greedy,E39,"(1, 90)",24,25.0
81,Greedy,E41,"(1, 32)",16,27.0
81,Greedy,E42,"(93, 30)",14,18.0
81,Greedy,E43,"(98, 34)",19,11.0
81,Greedy,E45,"(1, 56)",8,24.0
81,Greedy,E46,"(46, 45)",5,18.0
81,Greedy,E47,"(3, 30)",8,17.0
81,Auction,E6,"(95, 100)",75,21.0
81,Auction,E7,"(22, 99)",78,22.0
81,Auction,E10,"(31, 75)",70,29.0
81,Auction,E13,"(85, 97)",67,23.0
81,Auction,E18,"(28, 72)",55,19.0
81,Auction,E19,"(21, 4)",57,20.0
81,Auction,E20,"(86, 62)",61,15.0
81,Auction,E21,"(73, 28)",57,19.0
81,Auction,E22,"(82, 24)",57,30.0
81,Auction,E23,"(81, 17)",54,23.0
81,Auction,E24,"(50, 54)",47,20.0
81,Auction,E25,"(81, 2)",39,28.0
81,Auction,E26,"(89, 85)",44,20.0
81,Auction,E27,"(48, 43)",40,28.0
81,Auction,E28,"(91, 50)",31,27.0
81,Auction,E31,"(92, 25)",36,28.0
81,Auction,E32,"(83, 42)",28,22.0
81,Auction,E33,"(28, 32)",27,13.0
81,Auction,E34,"(44, 27)",23,17.0
81,Auction,E35,"(8, 52)",26,14.0
81,Auction,E36,"(42, 76)",21,21.0
81,Auction,E37,"(68, 60)",22,23.0
81,Auction,E38,"(1, 73)",24,23.0
81,Auction,E39,"(1, 90)",24,25.0
81,Auction,E41,"(1, 32)",16,27.0
81,Auction,E42,"(93, 30)",14,18.0
81,Auction,E43,"(98, 34)",19,11.0
81,Auction,E44,"(93, 90)",13,10.0
81,Auction,E45,"(1, 56)",8,24.0
81,Auction,E46,"(46, 45)",5,18.0
81,Auction,E47,"(3, 30)",8,17.0
81,Q-Learning,E11,"(51, 32)",69,30.0
81,Q-Learning,E13,"(85, 97)",67,23.0
81,Q-Learning,E18,"(28, 72)",55,19.0
81,Q-Learning,E19,"(21, 4)",57,20.0
81,Q-Learning,E20,"(86, 62)",61,15.0
81,Q-Learning,E21,"(73, 28)",57,19.0
81,Q-Learning,E22,"(82, 24)",57,30.0
81,Q-Learning,E23,"(81, 17)",54,23.0
81,Q-Learning,E24,"(50, 54)",47,20.0
81,Q-Learning,E25,"(81, 2)",39,28.0
81,Q-Learning,E26,"(89, 85)",44,20.0
81,Q-Learning,E27,"(48, 43)",40,28.0
81,Q-Learning,E28,"(91, 50)",31,27.0
81,Q-Learning,E29,"(38, 40)",32,14.0
81,Q-Learning,E30,"(82, 8)",30,15.0
81,Q-Learning,E31,"(92, 25)",36,28.0
81,Q-Learning,E32,"(83, 42)",28,22.0
81,Q-Learning,E33,"(28, 32)",27,13.0
81,Q-Learning,E34,"(44, 27)",23,17.0
81,Q-Learning,E35,"(8, 52)",26,14.0
81,Q-Learning,E36,"(42, 76)",21,21.0
81,Q-Learning,E37,"(68, 60)",22,23.0
81,Q-Learning,E38,"(1, 73)",24,23.0
81,Q-Learning,E39,"(1, 90)",24,25.0
81,Q-Learning,E41,"(1, 32)",16,27.0
81,Q-Learning,E42,"(93, 30)",14,18.0
81,Q-Learning,E43,"(98, 34)",19,11.0
81,Q-Learning,E44,"(93, 90)",13,10.0
81,Q-Learning,E45,"(1, 56)",8,24.0
81,Q-Learning,E46,"(46, 45)",5,18.0
81,Q-Learning,E47,"(3, 30)",8,17.0
82,Greedy,E10,"(31, 75)",71,29.0
82,Greedy,E11,"(51, 32)",70,30.0
82,Greedy,E13,"(85, 97)",68,23.0
82,Greedy,E14,"(65, 12)",64,23.0
82,Greedy,E16,"(36, 65)",62,17.0
82,Greedy,E18,"(28, 72)",56,19.0
82,Greedy,E20,"(86, 62)",62,15.0
82,Greedy,E21,"(73, 28)",58,19.0
82,Greedy,E22,"(82, 24)",58,30.0
82,Greedy,E23,"(81, 17)",55,23.0
82,Greedy,E24,"(50, 54)",48,20.0
82,Greedy,E25,"(81, 2)",40,28.0
82,Greedy,E26,"(89, 85)",45,20.0
82,Greedy,E27,"(48, 43)",41,28.0
82,Greedy,E28,"(91, 50)",32,27.0
82,Greedy,E29,"(38, 40)",33,14.0
82,Greedy,E30,"(82, 8)",31,15.0
82,Greedy,E31,"(92, 25)",37,28.0
82,Greedy,E32,"(83, 42)",29,22.0
82,Greedy,E33,"(28, 32)",28,13.0
82,Greedy,E34,"(44, 27)",24,17.0
82,Greedy,E35,"(8, 52)",27,14.0
82,Greedy,E36,"(42, 76)",22,21.0
82,Greedy,E37,"(68, 60)",23,23.0
82,Greedy,E38,"(1, 73)",25,23.0
82,Greedy,E39,"(1, 90)",25,25.0
82,Greedy,E41,"(1, 32)",17,27.0
82,Greedy,E42,"(93, 30)",15,18.0
82,Greedy,E43,"(98, 34)",20,11.0
82,Greedy,E45,"(1, 56)",9,24.0
82,Greedy,E46,"(46, 45)",6,18.0
82,Greedy,E47,"(3, 30)",9,17.0
82,Greedy,E48,"(82, 8)",6,29.0
82,Auction,E6,"(95, 100)",76,21.0
82,Auction,E7,"(22, 99)",79,22.0
82,Auction,E10,"(31, 75)",71,29.0
82,Auction,E13,"(85, 97)",68,23.0
82,Auction,E18,"(28, 72)",56,19.0
82,Auction,E19,"(21, 4)",58,20.0
82,Auction,E20,"(86, 62)",62,15.0
82,Auction,E21,"(73, 28)",58,19.0
82,Auction,E22,"(82, 24)",58,30.0
82,Auction,E23,"(81, 17)",55,23.0
82,Auction,E24,"(50, 54)",48,20.0
82,Auction,E25,"(81, 2)",40,28.0
82,Auction,E26,"(89, 85)",45,20.0
82,Auction,E27,"(48, 43)",41,28.0
82,Auction,E28,"(91, 50)",32,27.0
82,Auction,E31,"(92, 25)",37,28.0
82,Auction,E32,"(83, 42)",29,22.0
82,Auction,E33,"(28, 32)",28,13.0
82,Auction,E34,"(44, 27)",24,17.0
82,Auction,E35,"(8, 52)",27,14.0
82,Auction,E36,"(42, 76)",22,21.0
82,Auction,E37,"(68, 60)",23,23.0
82,Auction,E38,"(1, 73)",25,23.0
82,Auction,E39,"(1, 90)",25,25.0
82,Auction,E41,"(1, 32)",17,27.0
82,Auction,E42,"(93, 30)",15,18.0
82,Auction,E43,"(98, 34)",20,11.0
82,Auction,E44,"(93, 90)",14,10.0
82,Auction,E45,"(1, 56)",9,24.0
82,Auction,E46,"(46, 45)",6,18.0
82,Auction,E47,"(3, 30)",9,17.0
82,Auction,E48,"(82, 8)",6,29.0
82,Q-Learning,E11,"(51, 32)",70,30.0
82,Q-Learning,E13,"(85, 97)",68,23.0
82,Q-Learning,E18,"(28, 72)",56,19.0
82,Q-Learning,E19,"(21, 4)",58,20.0
82,Q-Learning,E20,"(86, 62)",62,15.0
82,Q-Learning,E21,"(73, 28)",58,19.0
82,Q-Learning,E22,"(82, 24)",58,30.0
82,Q-Learning,E23,"(81, 17)",55,23.0
82,Q-Learning,E24,"(50, 54)",48,20.0
82,Q-Learning,E25,"(81, 2)",40,28.0
82,Q-Learning,E26,"(89, 85)",45,20.0
82,Q-Learning,E27,"(48, 43)",41,28.0
82,Q-Learning,E28,"(91, 50)",32,27.0
82,Q-Learning,E29,"(38, 40)",33,14.0
82,Q-Learning,E30,"(82, 8)",31,15.0
82,Q-Learning,E31,"(92, 25)",37,28.0
82,Q-Learning,E32,"(83, 42)",29,22.0
82,Q-Learning,E33,"(28, 32)",28,13.0
82,Q-Learning,E34,"(44, 27)",24,17.0
82,Q-Learning,E35,"(8, 52)",27,14.0
82,Q-Learning,E36,"(42, 76)",22,21.0
82,Q-Learning,E37,"(68, 60)",23,23.0
82,Q-Learning,E38,"(1, 73)",25,23.0
82,Q-Learning,E39,"(1, 90)",25,25.0
82,Q-Learning,E41,"(1, 32)",17,27.0
82,Q-Learning,E42,"(93, 30)",15,18.0
82,Q-Learning,E43,"(98, 34)",20,11.0
82,Q-Learning,E44,"(93, 90)",14,10.0
82,Q-Learning,E45,"(1, 56)",9,24.0
82,Q-Learning,E46,"(46, 45)",6,18.0
82,Q-Learning,E47,"(3, 30)",9,17.0
82,Q-Learning,E48,"(82, 8)",6,29.0
83,Greedy,E10,"(31, 75)",72,29.0
83,Greedy,E11,"(51, 32)",71,30.0
83,Greedy,E13,"(85, 97)",69,23.0
83,Greedy,E14,"(65, 12)",65,23.0
83,Greedy,E16,"(36, 65)",63,17.0
83,Greedy,E18,"(28, 72)",57,19.0
83,Greedy,E20,"(86, 62)",63,15.0
83,Greedy,E21,"(73, 28)",59,19.0
83,Greedy,E22,"(82, 24)",59,30.0
83,Greedy,E23,"(81, 17)",56,23.0
83,Greedy,E24,"(50, 54)",49,20.0
83,Greedy,E25,"(81, 2)",41,28.0
83,Greedy,E26,"(89, 85)",46,20.0
83,Greedy,E27,"(48, 43)",42,28.0
83,Greedy,E28,"(91, 50)",33,27.0
83,Greedy,E29,"(38, 40)",34,14.0
83,Greedy,E30,"(82, 8)",32,15.0
83,Greedy,E31,"(92, 25)",38,28.0
83,Greedy,E32,"(83, 42)",30,22.0
83,Greedy,E33,"(28, 32)",29,13.0
83,Greedy,E34,"(44, 27)",25,17.0
83,Greedy,E35,"(8, 52)",28,14.0
83,Greedy,E36,"(42, 76)",23,21.0
83,Greedy,E37,"(68, 60)",24,23.0
83,Greedy,E38,"(1, 73)",26,23.0
83,Greedy,E39,"(1, 90)",26,25.0
83,Greedy,E41,"(1, 32)",18,27.0
83,Greedy,E42,"(93, 30)",16,18.0
83,Greedy,E43,"(98, 34)",21,11.0
83,Greedy,E45,"(1, 56)",10,24.0
83,Greedy,E46,"(46, 45)",7,18.0
83,Greedy,E47,"(3, 30)",10,17.0
83,Greedy,E48,"(82, 8)",7,29.0
83,Greedy,E49,"(38, 8)",3,14.0
83,Auction,E6,"(95, 100)",77,21.0
83,Auction,E7,"(22, 99)",80,22.0
83,Auction,E10,"(31, 75)",72,29.0
83,Auction,E13,"(85, 97)",69,23.0
83,Auction,E18,"(28, 72)",57,19.0
83,Auction,E19,"(21, 4)",59,20.0
83,Auction,E20,"(86, 62)",63,15.0
83,Auction,E21,"(73, 28)",59,19.0
83,Auction,E22,"(82, 24)",59,30.0
83,Auction,E23,"(81, 17)",56,23.0
83,Auction,E24,"(50, 54)",49,20.0
83,Auction,E25,"(81, 2)",41,28.0
83,Auction,E26,"(89, 85)",46,20.0
83,Auction,E27,"(48, 43)",42,28.0
83,Auction,E28,"(91, 50)",33,27.0
83,Auction,E31,"(92, 25)",38,28.0
83,Auction,E32,"(83, 42)",30,22.0
83,Auction,E33,"(28, 32)",29,13.0
83,Auction,E34,"(44, 27)",25,17.0
83,Auction,E35,"(8, 52)",28,14.0
83,Auction,E36,"(42, 76)",23,21.0
83,Auction,E37,"(68, 60)",24,23.0
83,Auction,E38,"(1, 73)",26,23.0
83,Auction,E39,"(1, 90)",26,25.0
83,Auction,E41,"(1, 32)",18,27.0
83,Auction,E42,"(93, 30)",16,18.0
83,Auction,E43,"(98, 34)",21,11.0
83,Auction,E44,"(93, 90)",15,10.0
83,Auction,E45,"(1, 56)",10,24.0
83,Auction,E46,"(46, 45)",7,18.0
83,Auction,E47,"(3, 30)",10,17.0
83,Auction,E48,"(82, 8)",7,29.0
83,Auction,E49,"(38, 8)",3,14.0
83,Q-Learning,E11,"(51, 32)",71,30.0
83,Q-Learning,E13,"(85, 97)",69,23.0
83,Q-Learning,E18,"(28, 72)",57,19.0
83,Q-Learning,E19,"(21, 4)",59,20.0
83,Q-Learning,E20,"(86, 62)",63,15.0
83,Q-Learning,E21,"(73, 28)",59,19.0
83,Q-Learning,E22,"(82, 24)",59,30.0
83,Q-Learning,E23,"(81, 17)",56,23.0
83,Q-Learning,E24,"(50, 54)",49,20.0
83,Q-Learning,E25,"(81, 2)",41,28.0
83,Q-Learning,E26,"(89, 85)",46,20.0
83,Q-Learning,E27,"(48, 43)",42,28.0
83,Q-Learning,E28,"(91, 50)",33,27.0
83,Q-Learning,E29,"(38, 40)",34,14.0
83,Q-Learning,E30,"(82, 8)",32,15.0
83,Q-Learning,E31,"(92, 25)",38,28.0
83,Q-Learning,E32,"(83, 42)",30,22.0
83,Q-Learning,E33,"(28, 32)",29,13.0
83,Q-Learning,E34,"(44, 27)",25,17.0
83,Q-Learning,E35,"(8, 52)",28,14.0
83,Q-Learning,E36,"(42, 76)",23,21.0
83,Q-Learning,E37,"(68, 60)",24,23.0
83,Q-Learning,E38,"(1, 73)",26,23.0
83,Q-Learning,E39,"(1, 90)",26,25.0
83,Q-Learning,E41,"(1, 32)",18,27.0
83,Q-Learning,E42,"(93, 30)",16,18.0
83,Q-Learning,E43,"(98, 34)",21,11.0
83,Q-Learning,E44,"(93, 90)",15,10.0
83,Q-Learning,E45,"(1, 56)",10,24.0
83,Q-Learning,E46,"(46, 45)",7,18.0
83,Q-Learning,E47,"(3, 30)",10,17.0
83,Q-Learning,E48,"(82, 8)",7,29.0
83,Q-Learning,E49,"(38, 8)",3,14.0
84,Greedy,E10,"(31, 75)",73,29.0
84,Greedy,E11,"(51, 32)",72,30.0
84,Greedy,E13,"(85, 97)",70,23.0
84,Greedy,E14,"(65, 12)",66,23.0
84,Greedy,E16,"(36, 65)",64,17.0
84,Greedy,E18,"(28, 72)",58,19.0
84,Greedy,E20,"(86, 62)",64,15.0
84,Greedy,E21,"(73, 28)",60,19.0
84,Greedy,E22,"(82, 24)",60,30.0
84,Greedy,E23,"(81, 17)",57,23.0
84,Greedy,E24,"(50, 54)",50,20.0
84,Greedy,E25,"(81, 2)",42,28.0
84,Greedy,E26,"(89, 85)",47,20.0
84,Greedy,E27,"(48, 43)",43,28.0
84,Greedy,E28,"(91, 50)",34,27.0
84,Greedy,E29,"(38, 40)",35,14.0
84,Greedy,E30,"(82, 8)",33,15.0
84,Greedy,E31,"(92, 25)",39,28.0
84,Greedy,E32,"(83, 42)",31,22.0
84,Greedy,E33,"(28, 32)",30,13.0
84,Greedy,E34,"(44, 27)",26,17.0
84,Greedy,E35,"(8, 52)",29,14.0
84,Greedy,E36,"(42, 76)",24,21.0
84,Greedy,E37,"(68, 60)",25,23.0
84,Greedy,E38,"(1, 73)",27,23.0
84,Greedy,E39,"(1, 90)",27,25.0
84,Greedy,E41,"(1, 32)",19,27.0
84,Greedy,E42,"(93, 30)",17,18.0
84,Greedy,E43,"(98, 34)",22,11.0
84,Greedy,E45,"(1, 56)",11,24.0
84,Greedy,E46,"(46, 45)",8,18.0
84,Greedy,E47,"(3, 30)",11,17.0
84,Greedy,E48,"(82, 8)",8,29.0
84,Greedy,E49,"(38, 8)",4,14.0
84,Greedy,E50,"(15, 96)",5,13.0
84,Auction,E6,"(95, 100)",78,21.0
84,Auction,E7,"(22, 99)",81,22.0
84,Auction,E10,"(31, 75)",73,29.0
84,Auction,E13,"(85, 97)",70,23.0
84,Auction,E18,"(28, 72)",58,19.0
84,Auction,E19,"(21, 4)",60,20.0
84,Auction,E20,"(86, 62)",64,15.0
84,Auction,E21,"(73, 28)",60,19.0
84,Auction,E22,"(82, 24)",60,30.0
84,Auction,E23,"(81, 17)",57,23.0
84,Auction,E24,"(50, 54)",50,20.0
84,Auction,E25,"(81, 2)",42,28.0
84,Auction,E26,"(89, 85)",47,20.0
84,Auction,E27,"(48, 43)",43,28.0
84,Auction,E28,"(91, 50)",34,27.0
84,Auction,E31,"(92, 25)",39,28.0
84,Auction,E32,"(83, 42)",31,22.0
84,Auction,E33,"(28, 32)",30,13.0
84,Auction,E34,"(44, 27)",26,17.0
84,Auction,E35,"(8, 52)",29,14.0
84,Auction,E36,"(42, 76)",24,21.0
84,Auction,E37,"(68, 60)",25,23.0
84,Auction,E38,"(1, 73)",27,23.0
84,Auction,E39,"(1, 90)",27,25.0
84,Auction,E41,"(1, 32)",19,27.0
84,Auction,E42,"(93, 30)",17,18.0
84,Auction,E43,"(98, 34)",22,11.0
84,Auction,E44,"(93, 90)",16,10.0
84,Auction,E45,"(1, 56)",11,24.0
84,Auction,E46,"(46, 45)",8,18.0
84,Auction,E47,"(3, 30)",11,17.0
84,Auction,E48,"(82, 8)",8,29.0
84,Auction,E49,"(38, 8)",4,14.0
84,Auction,E50,"(15, 96)",5,13.0
84,Q-Learning,E11,"(51, 32)",72,30.0
84,Q-Learning,E13,"(85, 97)",70,23.0
84,Q-Learning,E18,"(28, 72)",58,19.0
84,Q-Learning,E19,"(21, 4)",60,20.0
84,Q-Learning,E20,"(86, 62)",64,15.0
84,Q-Learning,E21,"(73, 28)",60,19.0
84,Q-Learning,E22,"(82, 24)",60,30.0
84,Q-Learning,E23,"(81, 17)",57,23.0
84,Q-Learning,E24,"(50, 54)",50,20.0
84,Q-Learning,E25,"(81, 2)",42,28.0
84,Q-Learning,E26,"(89, 85)",47,20.0
84,Q-Learning,E27,"(48, 43)",43,28.0
84,Q-Learning,E28,"(91, 50)",34,27.0
84,Q-Learning,E29,"(38, 40)",35,14.0
84,Q-Learning,E30,"(82, 8)",33,15.0
84,Q-Learning,E31,"(92, 25)",39,28.0
84,Q-Learning,E32,"(83, 42)",31,22.0
84,Q-Learning,E33,"(28, 32)",30,13.0
84,Q-Learning,E34,"(44, 27)",26,17.0
84,Q-Learning,E35,"(8, 52)",29,14.0
84,Q-Learning,E36,"(42, 76)",24,21.0
84,Q-Learning,E37,"(68, 60)",25,23.0
84,Q-Learning,E38,"(1, 73)",27,23.0
84,Q-Learning,E39,"(1, 90)",27,25.0
84,Q-Learning,E41,"(1, 32)",19,27.0
84,Q-Learning,E42,"(93, 30)",17,18.0
84,Q-Learning,E43,"(98, 34)",22,11.0
84,Q-Learning,E44,"(93, 90)",16,10.0
84,Q-Learning,E45,"(1, 56)",11,24.0
84,Q-Learning,E46,"(46, 45)",8,18.0
84,Q-Learning,E47,"(3, 30)",11,17.0
84,Q-Learning,E48,"(82, 8)",8,29.0
84,Q-Learning,E49,"(38, 8)",4,14.0
84,Q-Learning,E50,"(15, 96)",5,13.0
85,Greedy,E10,"(31, 75)",74,29.0
85,Greedy,E11,"(51, 32)",73,30.0
85,Greedy,E13,"(85, 97)",71,23.0
85,Greedy,E14,"(65, 12)",67,23.0
85,Greedy,E16,"(36, 65)",65,17.0
85,Greedy,E18,"(28, 72)",59,19.0
85,Greedy,E20,"(86, 62)",65,15.0
85,Greedy,E21,"(73, 28)",61,19.0
85,Greedy,E22,"(82, 24)",61,30.0
85,Greedy,E23,"(81, 17)",58,23.0
85,Greedy,E24,"(50, 54)",51,20.0
85,Greedy,E25,"(81, 2)",43,28.0
85,Greedy,E26,"(89, 85)",48,20.0
85,Greedy,E27,"(48, 43)",44,28.0
85,Greedy,E28,"(91, 50)",35,27.0
85,Greedy,E29,"(38, 40)",36,14.0
85,Greedy,E30,"(82, 8)",34,15.0
85,Greedy,E31,"(92, 25)",40,28.0
85,Greedy,E32,"(83, 42)",32,22.0
85,Greedy,E33,"(28, 32)",31,13.0
85,Greedy,E34,"(44, 27)",27,17.0
85,Greedy,E35,"(8, 52)",30,14.0
85,Greedy,E36,"(42, 76)",25,21.0
85,Greedy,E37,"(68, 60)",26,23.0
85,Greedy,E38,"(1, 73)",28,23.0
85,Greedy,E39,"(1, 90)",28,25.0
85,Greedy,E41,"(1, 32)",20,27.0
85,Greedy,E42,"(93, 30)",18,18.0
85,Greedy,E43,"(98, 34)",23,11.0
85,Greedy,E45,"(1, 56)",12,24.0
85,Greedy,E46,"(46, 45)",9,18.0
85,Greedy,E47,"(3, 30)",12,17.0
85,Greedy,E48,"(82, 8)",9,29.0
85,Greedy,E49,"(38, 8)",5,14.0
85,Greedy,E50,"(15, 96)",6,13.0
85,Auction,E6,"(95, 100)",79,21.0
85,Auction,E7,"(22, 99)",82,22.0
85,Auction,E10,"(31, 75)",74,29.0
85,Auction,E13,"(85, 97)",71,23.0
85,Auction,E18,"(28, 72)",59,19.0
85,Auction,E19,"(21, 4)",61,20.0
85,Auction,E20,"(86, 62)",65,15.0
85,Auction,E21,"(73, 28)",61,19.0
85,Auction,E22,"(82, 24)",61,30.0
85,Auction,E23,"(81, 17)",58,23.0
85,Auction,E24,"(50, 54)",51,20.0
85,Auction,E25,"(81, 2)",43,28.0
85,Auction,E26,"(89, 85)",48,20.0
85,Auction,E27,"(48, 43)",44,28.0
85,Auction,E28,"(91, 50)",35,27.0
85,Auction,E31,"(92, 25)",40,28.0
85,Auction,E32,"(83, 42)",32,22.0
85,Auction,E33,"(28, 32)",31,13.0
85,Auction,E34,"(44, 27)",27,17.0
85,Auction,E35,"(8, 52)",30,14.0
85,Auction,E36,"(42, 76)",25,21.0
85,Auction,E37,"(68, 60)",26,23.0
85,Auction,E38,"(1, 73)",28,23.0
85,Auction,E39,"(1, 90)",28,25.0
85,Auction,E41,"(1, 32)",20,27.0
85,Auction,E42,"(93, 30)",18,18.0
85,Auction,E43,"(98, 34)",23,11.0
85,Auction,E44,"(93, 90)",17,10.0
85,Auction,E45,"(1, 56)",12,24.0
85,Auction,E46,"(46, 45)",9,18.0
85,Auction,E47,"(3, 30)",12,17.0
85,Auction,E48,"(82, 8)",9,29.0
85,Auction,E49,"(38, 8)",5,14.0
85,Auction,E50,"(15, 96)",6,13.0
85,Q-Learning,E11,"(51, 32)",73,30.0
85,Q-Learning,E13,"(85, 97)",71,23.0
85,Q-Learning,E18,"(28, 72)",59,19.0
85,Q-Learning,E19,"(21, 4)",61,20.0
85,Q-Learning,E20,"(86, 62)",65,15.0
85,Q-Learning,E21,"(73, 28)",61,19.0
85,Q-Learning,E22,"(82, 24)",61,30.0
85,Q-Learning,E23,"(81, 17)",58,23.0
85,Q-Learning,E24,"(50, 54)",51,20.0
85,Q-Learning,E25,"(81, 2)",43,28.0
85,Q-Learning,E26,"(89, 85)",48,20.0
85,Q-Learning,E27,"(48, 43)",44,28.0
85,Q-Learning,E28,"(91, 50)",35,27.0
85,Q-Learning,E29,"(38, 40)",36,14.0
85,Q-Learning,E30,"(82, 8)",34,15.0
85,Q-Learning,E31,"(92, 25)",40,28.0
85,Q-Learning,E32,"(83, 42)",32,22.0
85,Q-Learning,E33,"(28, 32)",31,13.0
85,Q-Learning,E34,"(44, 27)",27,17.0
85,Q-Learning,E35,"(8, 52)",30,14.0
85,Q-Learning,E36,"(42, 76)",25,21.0
85,Q-Learning,E37,"(68, 60)",26,23.0
85,Q-Learning,E38,"(1, 73)",28,23.0
85,Q-Learning,E39,"(1, 90)",28,25.0
85,Q-Learning,E41,"(1, 32)",20,27.0
85,Q-Learning,E42,"(93, 30)",18,18.0
85,Q-Learning,E43,"(98, 34)",23,11.0
85,Q-Learning,E44,"(93, 90)",17,10.0
85,Q-Learning,E45,"(1, 56)",12,24.0
85,Q-Learning,E46,"(46, 45)",9,18.0
85,Q-Learning,E47,"(3, 30)",12,17.0
85,Q-Learning,E48,"(82, 8)",9,29.0
85,Q-Learning,E49,"(38, 8)",5,14.0
85,Q-Learning,E50,"(15, 96)",6,13.0
86,Greedy,E10,"(31, 75)",75,29.0
86,Greedy,E11,"(51, 32)",74,30.0
86,Greedy,E13,"(85, 97)",72,23.0
86,Greedy,E14,"(65, 12)",68,23.0
86,Greedy,E16,"(36, 65)",66,17.0
86,Greedy,E18,"(28, 72)",60,19.0
86,Greedy,E20,"(86, 62)",66,15.0
86,Greedy,E21,"(73, 28)",62,19.0
86,Greedy,E22,"(82, 24)",62,30.0
86,Greedy,E23,"(81, 17)",59,23.0
86,Greedy,E24,"(50, 54)",52,20.0
86,Greedy,E25,"(81, 2)",44,28.0
86,Greedy,E26,"(89, 85)",49,20.0
86,Greedy,E27,"(48, 43)",45,28.0
86,Greedy,E28,"(91, 50)",36,27.0
86,Greedy,E29,"(38, 40)",37,14.0
86,Greedy,E30,"(82, 8)",35,15.0
86,Greedy,E31,"(92, 25)",41,28.0
86,Greedy,E32,"(83, 42)",33,22.0
86,Greedy,E33,"(28, 32)",32,13.0
86,Greedy,E34,"(44, 27)",28,17.0
86,Greedy,E35,"(8, 52)",31,14.0
86,Greedy,E36,"(42, 76)",26,21.0
86,Greedy,E37,"(68, 60)",27,23.0
86,Greedy,E38,"(1, 73)",29,23.0
86,Greedy,E39,"(1, 90)",29,25.0
86,Greedy,E41,"(1, 32)",21,27.0
86,Greedy,E42,"(93, 30)",19,18.0
86,Greedy,E43,"(98, 34)",24,11.0
86,Greedy,E45,"(1, 56)",13,24.0
86,Greedy,E46,"(46, 45)",10,18.0
86,Greedy,E47,"(3, 30)",13,17.0
86,Greedy,E48,"(82, 8)",10,29.0
86,Greedy,E49,"(38, 8)",6,14.0
86,Greedy,E50,"(15, 96)",7,13.0
86,Auction,E6,"(95, 100)",80,21.0
86,Auction,E7,"(22, 99)",83,22.0
86,Auction,E10,"(31, 75)",75,29.0
86,Auction,E13,"(85, 97)",72,23.0
86,Auction,E18,"(28, 72)",60,19.0
86,Auction,E19,"(21, 4)",62,20.0
86,Auction,E20,"(86, 62)",66,15.0
86,Auction,E21,"(73, 28)",62,19.0
86,Auction,E22,"(82, 24)",62,30.0
86,Auction,E23,"(81, 17)",59,23.0
86,Auction,E24,"(50, 54)",52,20.0
86,Auction,E25,"(81, 2)",44,28.0
86,Auction,E26,"(89, 85)",49,20.0
86,Auction,E27,"(48, 43)",45,28.0
86,Auction,E28,"(91, 50)",36,27.0
86,Auction,E31,"(92, 25)",41,28.0
86,Auction,E32,"(83, 42)",33,22.0
86,Auction,E33,"(28, 32)",32,13.0
86,Auction,E34,"(44, 27)",28,17.0
86,Auction,E35,"(8, 52)",31,14.0
86,Auction,E36,"(42, 76)",26,21.0
86,Auction,E37,"(68, 60)",27,23.0
86,Auction,E38,"(1, 73)",29,23.0
86,Auction,E39,"(1, 90)",29,25.0
86,Auction,E41,"(1, 32)",21,27.0
86,Auction,E42,"(93, 30)",19,18.0
86,Auction,E43,"(98, 34)",24,11.0
86,Auction,E44,"(93, 90)",18,10.0
86,Auction,E45,"(1, 56)",13,24.0
86,Auction,E46,"(46, 45)",10,18.0
86,Auction,E47,"(3, 30)",13,17.0
86,Auction,E48,"(82, 8)",10,29.0
86,Auction,E49,"(38, 8)",6,14.0
86,Auction,E50,"(15, 96)",7,13.0
86,Q-Learning,E11,"(51, 32)",74,30.0
86,Q-Learning,E13,"(85, 97)",72,23.0
86,Q-Learning,E18,"(28, 72)",60,19.0
86,Q-Learning,E19,"(21, 4)",62,20.0
86,Q-Learning,E20,"(86, 62)",66,15.0
86,Q-Learning,E21,"(73, 28)",62,19.0
86,Q-Learning,E22,"(82, 24)",62,30.0
86,Q-Learning,E23,"(81, 17)",59,23.0
86,Q-Learning,E24,"(50, 54)",52,20.0
86,Q-Learning,E25,"(81, 2)",44,28.0
86,Q-Learning,E26,"(89, 85)",49,20.0
86,Q-Learning,E27,"(48, 43)",45,28.0
86,Q-Learning,E28,"(91, 50)",36,27.0
86,Q-Learning,E29,"(38, 40)",37,14.0
86,Q-Learning,E30,"(82, 8)",35,15.0
86,Q-Learning,E31,"(92, 25)",41,28.0
86,Q-Learning,E32,"(83, 42)",33,22.0
86,Q-Learning,E33,"(28, 32)",32,13.0
86,Q-Learning,E34,"(44, 27)",28,17.0
86,Q-Learning,E35,"(8, 52)",31,14.0
86,Q-Learning,E36,"(42, 76)",26,21.0
86,Q-Learning,E37,"(68, 60)",27,23.0
86,Q-Learning,E38,"(1, 73)",29,23.0
86,Q-Learning,E39,"(1, 90)",29,25.0
86,Q-Learning,E41,"(1, 32)",21,27.0
86,Q-Learning,E42,"(93, 30)",19,18.0
86,Q-Learning,E43,"(98, 34)",24,11.0
86,Q-Learning,E44,"(93, 90)",18,10.0
86,Q-Learning,E45,"(1, 56)",13,24.0
86,Q-Learning,E46,"(46, 45)",10,18.0
86,Q-Learning,E47,"(3, 30)",13,17.0
86,Q-Learning,E48,"(82, 8)",10,29.0
86,Q-Learning,E49,"(38, 8)",6,14.0
86,Q-Learning,E50,"(15, 96)",7,13.0
87,Greedy,E10,"(31, 75)",76,29.0
87,Greedy,E11,"(51, 32)",75,30.0
87,Greedy,E13,"(85, 97)",73,23.0
87,Greedy,E14,"(65, 12)",69,23.0
87,Greedy,E16,"(36, 65)",67,17.0
87,Greedy,E18,"(28, 72)",61,19.0
87,Greedy,E20,"(86, 62)",67,15.0
87,Greedy,E21,"(73, 28)",63,19.0
87,Greedy,E22,"(82, 24)",63,30.0
87,Greedy,E23,"(81, 17)",60,23.0
87,Greedy,E24,"(50, 54)",53,20.0
87,Greedy,E25,"(81, 2)",45,28.0
87,Greedy,E26,"(89, 85)",50,20.0
87,Greedy,E27,"(48, 43)",46,28.0
87,Greedy,E28,"(91, 50)",37,27.0
87,Greedy,E29,"(38, 40)",38,14.0
87,Greedy,E30,"(82, 8)",36,15.0
87,Greedy,E31,"(92, 25)",42,28.0
87,Greedy,E32,"(83, 42)",34,22.0
87,Greedy,E33,"(28, 32)",33,13.0
87,Greedy,E34,"(44, 27)",29,17.0
87,Greedy,E35,"(8, 52)",32,14.0
87,Greedy,E36,"(42, 76)",27,21.0
87,Greedy,E37,"(68, 60)",28,23.0
87,Greedy,E38,"(1, 73)",30,23.0
87,Greedy,E39,"(1, 90)",30,25.0
87,Greedy,E41,"(1, 32)",22,27.0
87,Greedy,E42,"(93, 30)",20,18.0
87,Greedy,E43,"(98, 34)",25,11.0
87,Greedy,E45,"(1, 56)",14,24.0
87,Greedy,E46,"(46, 45)",11,18.0
87,Greedy,E47,"(3, 30)",14,17.0
87,Greedy,E48,"(82, 8)",11,29.0
87,Greedy,E49,"(38, 8)",7,14.0
87,Greedy,E50,"(15, 96)",8,13.0
87,Auction,E6,"(95, 100)",81,21.0
87,Auction,E7,"(22, 99)",84,22.0
87,Auction,E10,"(31, 75)",76,29.0
87,Auction,E13,"(85, 97)",73,23.0
87,Auction,E18,"(28, 72)",61,19.0
87,Auction,E19,"(21, 4)",63,20.0
87,Auction,E20,"(86, 62)",67,15.0
87,Auction,E21,"(73, 28)",63,19.0
87,Auction,E22,"(82, 24)",63,30.0
87,Auction,E23,"(81, 17)",60,23.0
87,Auction,E24,"(50, 54)",53,20.0
87,Auction,E25,"(81, 2)",45,28.0
87,Auction,E26,"(89, 85)",50,20.0
87,Auction,E27,"(48, 43)",46,28.0
87,Auction,E28,"(91, 50)",37,27.0
87,Auction,E31,"(92, 25)",42,28.0
87,Auction,E32,"(83, 42)",34,22.0
87,Auction,E33,"(28, 32)",33,13.0
87,Auction,E34,"(44, 27)",29,17.0
87,Auction,E35,"(8, 52)",32,14.0
87,Auction,E36,"(42, 76)",27,21.0
87,Auction,E37,"(68, 60)",28,23.0
87,Auction,E38,"(1, 73)",30,23.0
87,Auction,E39,"(1, 90)",30,25.0
87,Auction,E41,"(1, 32)",22,27.0
87,Auction,E42,"(93, 30)",20,18.0
87,Auction,E43,"(98, 34)",25,11.0
87,Auction,E44,"(93, 90)",19,10.0
87,Auction,E45,"(1, 56)",14,24.0
87,Auction,E46,"(46, 45)",11,18.0
87,Auction,E47,"(3, 30)",14,17.0
87,Auction,E48,"(82, 8)",11,29.0
87,Auction,E49,"(38, 8)",7,14.0
87,Auction,E50,"(15, 96)",8,13.0
87,Q-Learning,E11,"(51, 32)",75,30.0
87,Q-Learning,E13,"(85, 97)",73,23.0
87,Q-Learning,E18,"(28, 72)",61,19.0
87,Q-Learning,E19,"(21, 4)",63,20.0
87,Q-Learning,E20,"(86, 62)",67,15.0
87,Q-Learning,E21,"(73, 28)",63,19.0
87,Q-Learning,E22,"(82, 24)",63,30.0
87,Q-Learning,E23,"(81, 17)",60,23.0
87,Q-Learning,E24,"(50, 54)",53,20.0
87,Q-Learning,E25,"(81, 2)",45,28.0
87,Q-Learning,E26,"(89, 85)",50,20.0
87,Q-Learning,E27,"(48, 43)",46,28.0
87,Q-Learning,E28,"(91, 50)",37,27.0
87,Q-Learning,E29,"(38, 40)",38,14.0
87,Q-Learning,E30,"(82, 8)",36,15.0
87,Q-Learning,E31,"(92, 25)",42,28.0
87,Q-Learning,E32,"(83, 42)",34,22.0
87,Q-Learning,E33,"(28, 32)",33,13.0
87,Q-Learning,E34,"(44, 27)",29,17.0
87,Q-Learning,E35,"(8, 52)",32,14.0
87,Q-Learning,E36,"(42, 76)",27,21.0
87,Q-Learning,E37,"(68, 60)",28,23.0
87,Q-Learning,E38,"(1, 73)",30,23.0
87,Q-Learning,E39,"(1, 90)",30,25.0
87,Q-Learning,E41,"(1, 32)",22,27.0
87,Q-Learning,E42,"(93, 30)",20,18.0
87,Q-Learning,E43,"(98, 34)",25,11.0
87,Q-Learning,E44,"(93, 90)",19,10.0
87,Q-Learning,E45,"(1, 56)",14,24.0
87,Q-Learning,E46,"(46, 45)",11,18.0
87,Q-Learning,E47,"(3, 30)",14,17.0
87,Q-Learning,E48,"(82, 8)",11,29.0
87,Q-Learning,E49,"(38, 8)",7,14.0
87,Q-Learning,E50,"(15, 96)",8,13.0
88,Greedy,E10,"(31, 75)",77,29.0
88,Greedy,E11,"(51, 32)",76,30.0
88,Greedy,E13,"(85, 97)",74,23.0
88,Greedy,E14,"(65, 12)",70,23.0
88,Greedy,E16,"(36, 65)",68,17.0
88,Greedy,E18,"(28, 72)",62,19.0
88,Greedy,E20,"(86, 62)",68,15.0
88,Greedy,E21,"(73, 28)",64,19.0
88,Greedy,E22,"(82, 24)",64,30.0
88,Greedy,E23,"(81, 17)",61,23.0
88,Greedy,E24,"(50, 54)",54,20.0
88,Greedy,E25,"(81, 2)",46,28.0
88,Greedy,E26,"(89, 85)",51,20.0
88,Greedy,E27,"(48, 43)",47,28.0
88,Greedy,E28,"(91, 50)",38,27.0
88,Greedy,E29,"(38, 40)",39,14.0
88,Greedy,E30,"(82, 8)",37,15.0
88,Greedy,E31,"(92, 25)",43,28.0
88,Greedy,E32,"(83, 42)",35,22.0
88,Greedy,E33,"(28, 32)",34,13.0
88,Greedy,E34,"(44, 27)",30,17.0
88,Greedy,E35,"(8, 52)",33,14.0
88,Greedy,E36,"(42, 76)",28,21.0
88,Greedy,E37,"(68, 60)",29,23.0
88,Greedy,E38,"(1, 73)",31,23.0
88,Greedy,E39,"(1, 90)",31,25.0
88,Greedy,E41,"(1, 32)",23,27.0
88,Greedy,E42,"(93, 30)",21,18.0
88,Greedy,E43,"(98, 34)",26,11.0
88,Greedy,E45,"(1, 56)",15,24.0
88,Greedy,E46,"(46, 45)",12,18.0
88,Greedy,E47,"(3, 30)",15,17.0
88,Greedy,E48,"(82, 8)",12,29.0
88,Greedy,E49,"(38, 8)",8,14.0
88,Greedy,E50,"(15, 96)",9,13.0
88,Greedy,E51,"(57, 61)",3,23.0
88,Auction,E6,"(95, 100)",82,21.0
88,Auction,E7,"(22, 99)",85,22.0
88,Auction,E10,"(31, 75)",77,29.0
88,Auction,E13,"(85, 97)",74,23.0
88,Auction,E18,"(28, 72)",62,19.0
88,Auction,E19,"(21, 4)",64,20.0
88,Auction,E20,"(86, 62)",68,15.0
88,Auction,E21,"(73, 28)",64,19.0
88,Auction,E22,"(82, 24)",64,30.0
88,Auction,E23,"(81, 17)",61,23.0
88,Auction,E24,"(50, 54)",54,20.0
88,Auction,E25,"(81, 2)",46,28.0
88,Auction,E26,"(89, 85)",51,20.0
88,Auction,E27,"(48, 43)",47,28.0
88,Auction,E28,"(91, 50)",38,27.0
88,Auction,E31,"(92, 25)",43,28.0
88,Auction,E32,"(83, 42)",35,22.0
88,Auction,E33,"(28, 32)",34,13.0
88,Auction,E34,"(44, 27)",30,17.0
88,Auction,E35,"(8, 52)",33,14.0
88,Auction,E36,"(42, 76)",28,21.0
88,Auction,E37,"(68, 60)",29,23.0
88,Auction,E38,"(1, 73)",31,23.0
88,Auction,E39,"(1, 90)",31,25.0
88,Auction,E41,"(1, 32)",23,27.0
88,Auction,E42,"(93, 30)",21,18.0
88,Auction,E43,"(98, 34)",26,11.0
88,Auction,E44,"(93, 90)",20,10.0
88,Auction,E45,"(1, 56)",15,24.0
88,Auction,E46,"(46, 45)",12,18.0
88,Auction,E47,"(3, 30)",15,17.0
88,Auction,E48,"(82, 8)",12,29.0
88,Auction,E49,"(38, 8)",8,14.0
88,Auction,E50,"(15, 96)",9,13.0
88,Auction,E51,"(57, 61)",3,23.0
88,Q-Learning,E11,"(51, 32)",76,30.0
88,Q-Learning,E13,"(85, 97)",74,23.0
88,Q-Learning,E18,"(28, 72)",62,19.0
88,Q-Learning,E19,"(21, 4)",64,20.0
88,Q-Learning,E20,"(86, 62)",68,15.0
88,Q-Learning,E21,"(73, 28)",64,19.0
88,Q-Learning,E22,"(82, 24)",64,30.0
88,Q-Learning,E23,"(81, 17)",61,23.0
88,Q-Learning,E24,"(50, 54)",54,20.0
88,Q-Learning,E25,"(81, 2)",46,28.0
88,Q-Learning,E26,"(89, 85)",51,20.0
88,Q-Learning,E27,"(48, 43)",47,28.0
88,Q-Learning,E28,"(91, 50)",38,27.0
88,Q-Learning,E29,"(38, 40)",39,14.0
88,Q-Learning,E30,"(82, 8)",37,15.0
88,Q-Learning,E31,"(92, 25)",43,28.0
88,Q-Learning,E32,"(83, 42)",35,22.0
88,Q-Learning,E33,"(28, 32)",34,13.0
88,Q-Learning,E34,"(44, 27)",30,17.0
88,Q-Learning,E35,"(8, 52)",33,14.0
88,Q-Learning,E36,"(42, 76)",28,21.0
88,Q-Learning,E37,"(68, 60)",29,23.0
88,Q-Learning,E38,"(1, 73)",31,23.0
88,Q-Learning,E39,"(1, 90)",31,25.0
88,Q-Learning,E41,"(1, 32)",23,27.0
88,Q-Learning,E42,"(93, 30)",21,18.0
88,Q-Learning,E43,"(98, 34)",26,11.0
88,Q-Learning,E44,"(93, 90)",20,10.0
88,Q-Learning,E45,"(1, 56)",15,24.0
88,Q-Learning,E46,"(46, 45)",12,18.0
88,Q-Learning,E47,"(3, 30)",15,17.0
88,Q-Learning,E48,"(82, 8)",12,29.0
88,Q-Learning,E49,"(38, 8)",8,14.0
88,Q-Learning,E50,"(15, 96)",9,13.0
88,Q-Learning,E51,"(57, 61)",3,23.0
89,Greedy,E10,"(31, 75)",78,29.0
89,Greedy,E11,"(51, 32)",77,30.0
89,Greedy,E13,"(85, 97)",75,23.0
89,Greedy,E14,"(65, 12)",71,23.0
89,Greedy,E16,"(36, 65)",69,17.0
89,Greedy,E18,"(28, 72)",63,19.0
89,Greedy,E20,"(86, 62)",69,15.0
89,Greedy,E21,"(73, 28)",65,19.0
89,Greedy,E22,"(82, 24)",65,30.0
89,Greedy,E23,"(81, 17)",62,23.0
89,Greedy,E24,"(50, 54)",55,20.0
89,Greedy,E25,"(81, 2)",47,28.0
89,Greedy,E26,"(89, 85)",52,20.0
89,Greedy,E27,"(48, 43)",48,28.0
89,Greedy,E28,"(91, 50)",39,27.0
89,Greedy,E29,"(38, 40)",40,14.0
89,Greedy,E30,"(82, 8)",38,15.0
89,Greedy,E31,"(92, 25)",44,28.0
89,Greedy,E32,"(83, 42)",36,22.0
89,Greedy,E33,"(28, 32)",35,13.0
89,Greedy,E34,"(44, 27)",31,17.0
89,Greedy,E35,"(8, 52)",34,14.0
89,Greedy,E36,"(42, 76)",29,21.0
89,Greedy,E37,"(68, 60)",30,23.0
89,Greedy,E38,"(1, 73)",32,23.0
89,Greedy,E39,"(1, 90)",32,25.0
89,Greedy,E41,"(1, 32)",24,27.0
89,Greedy,E42,"(93, 30)",22,18.0
89,Greedy,E43,"(98, 34)",27,11.0
89,Greedy,E45,"(1, 56)",16,24.0
89,Greedy,E46,"(46, 45)",13,18.0
89,Greedy,E47,"(3, 30)",16,17.0
89,Greedy,E48,"(82, 8)",13,29.0
89,Greedy,E49,"(38, 8)",9,14.0
89,Greedy,E50,"(15, 96)",10,13.0
89,Greedy,E51,"(57, 61)",4,23.0
89,Auction,E6,"(95, 100)",83,21.0
89,Auction,E7,"(22, 99)",86,22.0
89,Auction,E10,"(31, 75)",78,29.0
89,Auction,E13,"(85, 97)",75,23.0
89,Auction,E18,"(28, 72)",63,19.0
89,Auction,E19,"(21, 4)",65,20.0
89,Auction,E20,"(86, 62)",69,15.0
89,Auction,E21,"(73, 28)",65,19.0
89,Auction,E22,"(82, 24)",65,30.0
89,Auction,E23,"(81, 17)",62,23.0
89,Auction,E24,"(50, 54)",55,20.0
89,Auction,E25,"(81, 2)",47,28.0
89,Auction,E26,"(89, 85)",52,20.0
89,Auction,E27,"(48, 43)",48,28.0
89,Auction,E28,"(91, 50)",39,27.0
89,Auction,E31,"(92, 25)",44,28.0
89,Auction,E32,"(83, 42)",36,22.0
89,Auction,E33,"(28, 32)",35,13.0
89,Auction,E34,"(44, 27)",31,17.0
89,Auction,E35,"(8, 52)",34,14.0
89,Auction,E36,"(42, 76)",29,21.0
89,Auction,E37,"(68, 60)",30,23.0
89,Auction,E38,"(1, 73)",32,23.0
89,Auction,E39,"(1, 90)",32,25.0
89,Auction,E41,"(1, 32)",24,27.0
89,Auction,E42,"(93, 30)",22,18.0
89,Auction,E43,"(98, 34)",27,11.0
89,Auction,E44,"(93, 90)",21,10.0
89,Auction,E45,"(1, 56)",16,24.0
89,Auction,E46,"(46, 45)",13,18.0
89,Auction,E47,"(3, 30)",16,17.0
89,Auction,E48,"(82, 8)",13,29.0
89,Auction,E49,"(38, 8)",9,14.0
89,Auction,E50,"(15, 96)",10,13.0
89,Auction,E51,"(57, 61)",4,23.0
89,Q-Learning,E11,"(51, 32)",77,30.0
89,Q-Learning,E13,"(85, 97)",75,23.0
89,Q-Learning,E18,"(28, 72)",63,19.0
89,Q-Learning,E19,"(21, 4)",65,20.0
89,Q-Learning,E20,"(86, 62)",69,15.0
89,Q-Learning,E21,"(73, 28)",65,19.0
89,Q-Learning,E22,"(82, 24)",65,30.0
89,Q-Learning,E23,"(81, 17)",62,23.0
89,Q-Learning,E24,"(50, 54)",55,20.0
89,Q-Learning,E25,"(81, 2)",47,28.0
89,Q-Learning,E26,"(89, 85)",52,20.0
89,Q-Learning,E27,"(48, 43)",48,28.0
89,Q-Learning,E28,"(91, 50)",39,27.0
89,Q-Learning,E29,"(38, 40)",40,14.0
89,Q-Learning,E30,"(82, 8)",38,15.0
89,Q-Learning,E31,"(92, 25)",44,28.0
89,Q-Learning,E32,"(83, 42)",36,22.0
89,Q-Learning,E33,"(28, 32)",35,13.0
89,Q-Learning,E34,"(44, 27)",31,17.0
89,Q-Learning,E35,"(8, 52)",34,14.0
89,Q-Learning,E36,"(42, 76)",29,21.0
89,Q-Learning,E37,"(68, 60)",30,23.0
89,Q-Learning,E38,"(1, 73)",32,23.0
89,Q-Learning,E39,"(1, 90)",32,25.0
89,Q-Learning,E41,"(1, 32)",24,27.0
89,Q-Learning,E42,"(93, 30)",22,18.0
89,Q-Learning,E43,"(98, 34)",27,11.0
89,Q-Learning,E44,"(93, 90)",21,10.0
89,Q-Learning,E45,"(1, 56)",16,24.0
89,Q-Learning,E46,"(46, 45)",13,18.0
89,Q-Learning,E47,"(3, 30)",16,17.0
89,Q-Learning,E48,"(82, 8)",13,29.0
89,Q-Learning,E49,"(38, 8)",9,14.0
89,Q-Learning,E50,"(15, 96)",10,13.0
89,Q-Learning,E51,"(57, 61)",4,23.0
90,Greedy,E10,"(31, 75)",79,29.0
90,Greedy,E11,"(51, 32)",78,30.0
90,Greedy,E13,"(85, 97)",76,23.0
90,Greedy,E14,"(65, 12)",72,23.0
90,Greedy,E16,"(36, 65)",70,17.0
90,Greedy,E18,"(28, 72)",64,19.0
90,Greedy,E20,"(86, 62)",70,15.0
90,Greedy,E21,"(73, 28)",66,19.0
90,Greedy,E22,"(82, 24)",66,30.0
90,Greedy,E23,"(81, 17)",63,23.0
90,Greedy,E24,"(50, 54)",56,20.0
90,Greedy,E25,"(81, 2)",48,28.0
90,Greedy,E26,"(89, 85)",53,20.0
90,Greedy,E27,"(48, 43)",49,28.0
90,Greedy,E28,"(91, 50)",40,27.0
90,Greedy,E29,"(38, 40)",41,14.0
90,Greedy,E30,"(82, 8)",39,15.0
90,Greedy,E31,"(92, 25)",45,28.0
90,Greedy,E32,"(83, 42)",37,22.0
90,Greedy,E33,"(28, 32)",36,13.0
90,Greedy,E34,"(44, 27)",32,17.0
90,Greedy,E35,"(8, 52)",35,14.0
90,Greedy,E36,"(42, 76)",30,21.0
90,Greedy,E37,"(68, 60)",31,23.0
90,Greedy,E38,"(1, 73)",33,23.0
90,Greedy,E39,"(1, 90)",33,25.0
90,Greedy,E41,"(1, 32)",25,27.0
90,Greedy,E42,"(93, 30)",23,18.0
90,Greedy,E43,"(98, 34)",28,11.0
90,Greedy,E45,"(1, 56)",17,24.0
90,Greedy,E46,"(46, 45)",14,18.0
90,Greedy,E47,"(3, 30)",17,17.0
90,Greedy,E48,"(82, 8)",14,29.0
90,Greedy,E49,"(38, 8)",10,14.0
90,Greedy,E50,"(15, 96)",11,13.0
90,Greedy,E51,"(57, 61)",5,23.0
90,Auction,E6,"(95, 100)",84,21.0
90,Auction,E7,"(22, 99)",87,22.0
90,Auction,E10,"(31, 75)",79,29.0
90,Auction,E13,"(85, 97)",76,23.0
90,Auction,E18,"(28, 72)",64,19.0
90,Auction,E19,"(21, 4)",66,20.0
90,Auction,E20,"(86, 62)",70,15.0
90,Auction,E21,"(73, 28)",66,19.0
90,Auction,E22,"(82, 24)",66,30.0
90,Auction,E23,"(81, 17)",63,23.0
90,Auction,E24,"(50, 54)",56,20.0
90,Auction,E25,"(81, 2)",48,28.0
90,Auction,E26,"(89, 85)",53,20.0
90,Auction,E27,"(48, 43)",49,28.0
90,Auction,E28,"(91, 50)",40,27.0
90,Auction,E31,"(92, 25)",45,28.0
90,Auction,E32,"(83, 42)",37,22.0
90,Auction,E33,"(28, 32)",36,13.0
90,Auction,E34,"(44, 27)",32,17.0
90,Auction,E35,"(8, 52)",35,14.0
90,Auction,E36,"(42, 76)",30,21.0
90,Auction,E37,"(68, 60)",31,23.0
90,Auction,E38,"(1, 73)",33,23.0
90,Auction,E39,"(1, 90)",33,25.0
90,Auction,E41,"(1, 32)",25,27.0
90,Auction,E42,"(93, 30)",23,18.0
90,Auction,E43,"(98, 34)",28,11.0
90,Auction,E44,"(93, 90)",22,10.0
90,Auction,E45,"(1, 56)",17,24.0
90,Auction,E46,"(46, 45)",14,18.0
90,Auction,E47,"(3, 30)",17,17.0
90,Auction,E48,"(82, 8)",14,29.0
90,Auction,E49,"(38, 8)",10,14.0
90,Auction,E50,"(15, 96)",11,13.0
90,Auction,E51,"(57, 61)",5,23.0
90,Q-Learning,E11,"(51, 32)",78,30.0
90,Q-Learning,E13,"(85, 97)",76,23.0
90,Q-Learning,E18,"(28, 72)",64,19.0
90,Q-Learning,E19,"(21, 4)",66,20.0
90,Q-Learning,E20,"(86, 62)",70,15.0
90,Q-Learning,E21,"(73, 28)",66,19.0
90,Q-Learning,E22,"(82, 24)",66,30.0
90,Q-Learning,E23,"(81, 17)",63,23.0
90,Q-Learning,E24,"(50, 54)",56,20.0
90,Q-Learning,E25,"(81, 2)",48,28.0
90,Q-Learning,E26,"(89, 85)",53,20.0
90,Q-Learning,E27,"(48, 43)",49,28.0
90,Q-Learning,E28,"(91, 50)",40,27.0
90,Q-Learning,E29,"(38, 40)",41,14.0
90,Q-Learning,E30,"(82, 8)",39,15.0
90,Q-Learning,E31,"(92, 25)",45,28.0
90,Q-Learning,E32,"(83, 42)",37,22.0
90,Q-Learning,E33,"(28, 32)",36,13.0
90,Q-Learning,E34,"(44, 27)",32,17.0
90,Q-Learning,E35,"(8, 52)",35,14.0
90,Q-Learning,E36,"(42, 76)",30,21.0
90,Q-Learning,E37,"(68, 60)",31,23.0
90,Q-Learning,E38,"(1, 73)",33,23.0
90,Q-Learning,E39,"(1, 90)",33,25.0
90,Q-Learning,E41,"(1, 32)",25,27.0
90,Q-Learning,E42,"(93, 30)",23,18.0
90,Q-Learning,E43,"(98, 34)",28,11.0
90,Q-Learning,E44,"(93, 90)",22,10.0
90,Q-Learning,E45,"(1, 56)",17,24.0
90,Q-Learning,E46,"(46, 45)",14,18.0
90,Q-Learning,E47,"(3, 30)",17,17.0
90,Q-Learning,E48,"(82, 8)",14,29.0
90,Q-Learning,E49,"(38, 8)",10,14.0
90,Q-Learning,E50,"(15, 96)",11,13.0
90,Q-Learning,E51,"(57, 61)",5,23.0
91,Greedy,E10,"(31, 75)",80,29.0
91,Greedy,E11,"(51, 32)",79,30.0
91,Greedy,E13,"(85, 97)",77,23.0
91,Greedy,E14,"(65, 12)",73,23.0
91,Greedy,E16,"(36, 65)",71,17.0
91,Greedy,E18,"(28, 72)",65,19.0
91,Greedy,E20,"(86, 62)",71,15.0
91,Greedy,E21,"(73, 28)",67,19.0
91,Greedy,E22,"(82, 24)",67,30.0
91,Greedy,E23,"(81, 17)",64,23.0
91,Greedy,E24,"(50, 54)",57,20.0
91,Greedy,E25,"(81, 2)",49,28.0
91,Greedy,E26,"(89, 85)",54,20.0
91,Greedy,E27,"(48, 43)",50,28.0
91,Greedy,E28,"(91, 50)",41,27.0
91,Greedy,E29,"(38, 40)",42,14.0
91,Greedy,E30,"(82, 8)",40,15.0
91,Greedy,E31,"(92, 25)",46,28.0
91,Greedy,E32,"(83, 42)",38,22.0
91,Greedy,E33,"(28, 32)",37,13.0
91,Greedy,E34,"(44, 27)",33,17.0
91,Greedy,E35,"(8, 52)",36,14.0
91,Greedy,E36,"(42, 76)",31,21.0
91,Greedy,E37,"(68, 60)",32,23.0
91,Greedy,E38,"(1, 73)",34,23.0
91,Greedy,E39,"(1, 90)",34,25.0
91,Greedy,E41,"(1, 32)",26,27.0
91,Greedy,E42,"(93, 30)",24,18.0
91,Greedy,E43,"(98, 34)",29,11.0
91,Greedy,E45,"(1, 56)",18,24.0
91,Greedy,E46,"(46, 45)",15,18.0
91,Greedy,E47,"(3, 30)",18,17.0
91,Greedy,E48,"(82, 8)",15,29.0
91,Greedy,E49,"(38, 8)",11,14.0
91,Greedy,E50,"(15, 96)",12,13.0
91,Greedy,E51,"(57, 61)",6,23.0
91,Greedy,E52,"(35, 13)",4,25.0
91,Auction,E6,"(95, 100)",85,21.0
91,Auction,E7,"(22, 99)",88,22.0
91,Auction,E10,"(31, 75)",80,29.0
91,Auction,E13,"(85, 97)",77,23.0
91,Auction,E18,"(28, 72)",65,19.0
91,Auction,E19,"(21, 4)",67,20.0
91,Auction,E20,"(86, 62)",71,15.0
91,Auction,E21,"(73, 28)",67,19.0
91,Auction,E22,"(82, 24)",67,30.0
91,Auction,E23,"(81, 17)",64,23.0
91,Auction,E24,"(50, 54)",57,20.0
91,Auction,E25,"(81, 2)",49,28.0
91,Auction,E26,"(89, 85)",54,20.0
91,Auction,E27,"(48, 43)",50,28.0
91,Auction,E28,"(91, 50)",41,27.0
91,Auction,E31,"(92, 25)",46,28.0
91,Auction,E32,"(83, 42)",38,22.0
91,Auction,E33,"(28, 32)",37,13.0
91,Auction,E34,"(44, 27)",33,17.0
91,Auction,E35,"(8, 52)",36,14.0
91,Auction,E36,"(42, 76)",31,21.0
91,Auction,E37,"(68, 60)",32,23.0
91,Auction,E38,"(1, 73)",34,23.0
91,Auction,E39,"(1, 90)",34,25.0
91,Auction,E41,"(1, 32)",26,27.0
91,Auction,E42,"(93, 30)",24,18.0
91,Auction,E43,"(98, 34)",29,11.0
91,Auction,E44,"(93, 90)",23,10.0
91,Auction,E45,"(1, 56)",18,24.0
91,Auction,E46,"(46, 45)",15,18.0
91,Auction,E47,"(3, 30)",18,17.0
91,Auction,E48,"(82, 8)",15,29.0
91,Auction,E49,"(38, 8)",11,14.0
91,Auction,E50,"(15, 96)",12,13.0
91,Auction,E51,"(57, 61)",6,23.0
91,Auction,E52,"(35, 13)",4,25.0
91,Q-Learning,E11,"(51, 32)",79,30.0
91,Q-Learning,E13,"(85, 97)",77,23.0
91,Q-Learning,E18,"(28, 72)",65,19.0
91,Q-Learning,E19,"(21, 4)",67,20.0
91,Q-Learning,E20,"(86, 62)",71,15.0
91,Q-Learning,E21,"(73, 28)",67,19.0
91,Q-Learning,E22,"(82, 24)",67,30.0
91,Q-Learning,E23,"(81, 17)",64,23.0
91,Q-Learning,E24,"(50, 54)",57,20.0
91,Q-Learning,E25,"(81, 2)",49,28.0
91,Q-Learning,E26,"(89, 85)",54,20.0
91,Q-Learning,E27,"(48, 43)",50,28.0
91,Q-Learning,E28,"(91, 50)",41,27.0
91,Q-Learning,E29,"(38, 40)",42,14.0
91,Q-Learning,E30,"(82, 8)",40,15.0
91,Q-Learning,E31,"(92, 25)",46,28.0
91,Q-Learning,E32,"(83, 42)",38,22.0
91,Q-Learning,E33,"(28, 32)",37,13.0
91,Q-Learning,E34,"(44, 27)",33,17.0
91,Q-Learning,E35,"(8, 52)",36,14.0
91,Q-Learning,E36,"(42, 76)",31,21.0
91,Q-Learning,E37,"(68, 60)",32,23.0
91,Q-Learning,E38,"(1, 73)",34,23.0
91,Q-Learning,E39,"(1, 90)",34,25.0
91,Q-Learning,E41,"(1, 32)",26,27.0
91,Q-Learning,E42,"(93, 30)",24,18.0
91,Q-Learning,E43,"(98, 34)",29,11.0
91,Q-Learning,E44,"(93, 90)",23,10.0
91,Q-Learning,E45,"(1, 56)",18,24.0
91,Q-Learning,E46,"(46, 45)",15,18.0
91,Q-Learning,E47,"(3, 30)",18,17.0
91,Q-Learning,E48,"(82, 8)",15,29.0
91,Q-Learning,E49,"(38, 8)",11,14.0
91,Q-Learning,E50,"(15, 96)",12,13.0
91,Q-Learning,E51,"(57, 61)",6,23.0
91,Q-Learning,E52,"(35, 13)",4,25.0
92,Greedy,E10,"(31, 75)",81,29.0
92,Greedy,E11,"(51, 32)",80,30.0
92,Greedy,E13,"(85, 97)",78,23.0
92,Greedy,E14,"(65, 12)",74,23.0
92,Greedy,E16,"(36, 65)",72,17.0
92,Greedy,E18,"(28, 72)",66,19.0
92,Greedy,E20,"(86, 62)",72,15.0
92,Greedy,E21,"(73, 28)",68,19.0
92,Greedy,E22,"(82, 24)",68,30.0
92,Greedy,E23,"(81, 17)",65,23.0
92,Greedy,E24,"(50, 54)",58,20.0
92,Greedy,E25,"(81, 2)",50,28.0
92,Greedy,E26,"(89, 85)",55,20.0
92,Greedy,E27,"(48, 43)",51,28.0
92,Greedy,E28,"(91, 50)",42,27.0
92,Greedy,E29,"(38, 40)",43,14.0
92,Greedy,E30,"(82, 8)",41,15.0
92,Greedy,E31,"(92, 25)",47,28.0
92,Greedy,E32,"(83, 42)",39,22.0
92,Greedy,E33,"(28, 32)",38,13.0
92,Greedy,E34,"(44, 27)",34,17.0
92,Greedy,E35,"(8, 52)",37,14.0
92,Greedy,E36,"(42, 76)",32,21.0
92,Greedy,E37,"(68, 60)",33,23.0
92,Greedy,E38,"(1, 73)",35,23.0
92,Greedy,E39,"(1, 90)",35,25.0
92,Greedy,E41,"(1, 32)",27,27.0
92,Greedy,E42,"(93, 30)",25,18.0
92,Greedy,E43,"(98, 34)",30,11.0
92,Greedy,E45,"(1, 56)",19,24.0
92,Greedy,E46,"(46, 45)",16,18.0
92,Greedy,E47,"(3, 30)",19,17.0
92,Greedy,E48,"(82, 8)",16,29.0
92,Greedy,E49,"(38, 8)",12,14.0
92,Greedy,E50,"(15, 96)",13,13.0
92,Greedy,E51,"(57, 61)",7,23.0
92,Greedy,E52,"(35, 13)",5,25.0
92,Greedy,E53,"(99, 49)",9,18.0
92,Auction,E6,"(95, 100)",86,21.0
92,Auction,E7,"(22, 99)",89,22.0
92,Auction,E10,"(31, 75)",81,29.0
92,Auction,E13,"(85, 97)",78,23.0
92,Auction,E18,"(28, 72)",66,19.0
92,Auction,E19,"(21, 4)",68,20.0
92,Auction,E20,"(86, 62)",72,15.0
92,Auction,E21,"(73, 28)",68,19.0
92,Auction,E22,"(82, 24)",68,30.0
92,Auction,E23,"(81, 17)",65,23.0
92,Auction,E24,"(50, 54)",58,20.0
92,Auction,E25,"(81, 2)",50,28.0
92,Auction,E26,"(89, 85)",55,20.0
92,Auction,E27,"(48, 43)",51,28.0
92,Auction,E28,"(91, 50)",42,27.0
92,Auction,E31,"(92, 25)",47,28.0
92,Auction,E32,"(83, 42)",39,22.0
92,Auction,E33,"(28, 32)",38,13.0
92,Auction,E34,"(44, 27)",34,17.0
92,Auction,E35,"(8, 52)",37,14.0
92,Auction,E36,"(42, 76)",32,21.0
92,Auction,E37,"(68, 60)",33,23.0
92,Auction,E38,"(1, 73)",35,23.0
92,Auction,E39,"(1, 90)",35,25.0
92,Auction,E41,"(1, 32)",27,27.0
92,Auction,E42,"(93, 30)",25,18.0
92,Auction,E43,"(98, 34)",30,11.0
92,Auction,E44,"(93, 90)",24,10.0
92,Auction,E45,"(1, 56)",19,24.0
92,Auction,E46,"(46, 45)",16,18.0
92,Auction,E47,"(3, 30)",19,17.0
92,Auction,E48,"(82, 8)",16,29.0
92,Auction,E49,"(38, 8)",12,14.0
92,Auction,E50,"(15, 96)",13,13.0
92,Auction,E51,"(57, 61)",7,23.0
92,Auction,E52,"(35, 13)",5,25.0
92,Auction,E53,"(99, 49)",9,18.0
92,Q-Learning,E11,"(51, 32)",80,30.0
92,Q-Learning,E13,"(85, 97)",78,23.0
92,Q-Learning,E18,"(28, 72)",66,19.0
92,Q-Learning,E19,"(21, 4)",68,20.0
92,Q-Learning,E20,"(86, 62)",72,15.0
92,Q-Learning,E21,"(73, 28)",68,19.0
92,Q-Learning,E22,"(82, 24)",68,30.0
92,Q-Learning,E23,"(81, 17)",65,23.0
92,Q-Learning,E24,"(50, 54)",58,20.0
92,Q-Learning,E25,"(81, 2)",50,28.0
92,Q-Learning,E26,"(89, 85)",55,20.0
92,Q-Learning,E27,"(48, 43)",51,28.0
92,Q-Learning,E28,"(91, 50)",42,27.0
92,Q-Learning,E29,"(38, 40)",43,14.0
92,Q-Learning,E30,"(82, 8)",41,15.0
92,Q-Learning,E31,"(92, 25)",47,28.0
92,Q-Learning,E32,"(83, 42)",39,22.0
92,Q-Learning,E33,"(28, 32)",38,13.0
92,Q-Learning,E34,"(44, 27)",34,17.0
92,Q-Learning,E35,"(8, 52)",37,14.0
92,Q-Learning,E36,"(42, 76)",32,21.0
92,Q-Learning,E37,"(68, 60)",33,23.0
92,Q-Learning,E38,"(1, 73)",35,23.0
92,Q-Learning,E39,"(1, 90)",35,25.0
92,Q-Learning,E41,"(1, 32)",27,27.0
92,Q-Learning,E42,"(93, 30)",25,18.0
92,Q-Learning,E43,"(98, 34)",30,11.0
92,Q-Learning,E44,"(93, 90)",24,10.0
92,Q-Learning,E45,"(1, 56)",19,24.0
92,Q-Learning,E46,"(46, 45)",16,18.0
92,Q-Learning,E47,"(3, 30)",19,17.0
92,Q-Learning,E48,"(82, 8)",16,29.0
92,Q-Learning,E49,"(38, 8)",12,14.0
92,Q-Learning,E50,"(15, 96)",13,13.0
92,Q-Learning,E51,"(57, 61)",7,23.0
92,Q-Learning,E52,"(35, 13)",5,25.0
92,Q-Learning,E53,"(99, 49)",9,18.0
93,Greedy,E10,"(31, 75)",82,29.0
93,Greedy,E11,"(51, 32)",81,30.0
93,Greedy,E13,"(85, 97)",79,23.0
93,Greedy,E14,"(65, 12)",75,23.0
93,Greedy,E16,"(36, 65)",73,17.0
93,Greedy,E18,"(28, 72)",67,19.0
93,Greedy,E20,"(86, 62)",73,15.0
93,Greedy,E21,"(73, 28)",69,19.0
93,Greedy,E22,"(82, 24)",69,30.0
93,Greedy,E23,"(81, 17)",66,23.0
93,Greedy,E24,"(50, 54)",59,20.0
93,Greedy,E25,"(81, 2)",51,28.0
93,Greedy,E26,"(89, 85)",56,20.0
93,Greedy,E27,"(48, 43)",52,28.0
93,Greedy,E28,"(91, 50)",43,27.0
93,Greedy,E29,"(38, 40)",44,14.0
93,Greedy,E30,"(82, 8)",42,15.0
93,Greedy,E31,"(92, 25)",48,28.0
93,Greedy,E32,"(83, 42)",40,22.0
93,Greedy,E33,"(28, 32)",39,13.0
93,Greedy,E34,"(44, 27)",35,17.0
93,Greedy,E35,"(8, 52)",38,14.0
93,Greedy,E36,"(42, 76)",33,21.0
93,Greedy,E37,"(68, 60)",34,23.0
93,Greedy,E38,"(1, 73)",36,23.0
93,Greedy,E39,"(1, 90)",36,25.0
93,Greedy,E41,"(1, 32)",28,27.0
93,Greedy,E42,"(93, 30)",26,18.0
93,Greedy,E43,"(98, 34)",31,11.0
93,Greedy,E45,"(1, 56)",20,24.0
93,Greedy,E46,"(46, 45)",17,18.0
93,Greedy,E47,"(3, 30)",20,17.0
93,Greedy,E48,"(82, 8)",17,29.0
93,Greedy,E49,"(38, 8)",13,14.0
93,Greedy,E50,"(15, 96)",14,13.0
93,Greedy,E51,"(57, 61)",8,23.0
93,Greedy,E52,"(35, 13)",6,25.0
93,Greedy,E53,"(99, 49)",10,18.0
93,Greedy,E54,"(90, 53)",1,23.0
93,Auction,E6,"(95, 100)",87,21.0
93,Auction,E7,"(22, 99)",90,22.0
93,Auction,E10,"(31, 75)",82,29.0
93,Auction,E13,"(85, 97)",79,23.0
93,Auction,E18,"(28, 72)",67,19.0
93,Auction,E19,"(21, 4)",69,20.0
93,Auction,E20,"(86, 62)",73,15.0
93,Auction,E21,"(73, 28)",69,19.0
93,Auction,E22,"(82, 24)",69,30.0
93,Auction,E23,"(81, 17)",66,23.0
93,Auction,E24,"(50, 54)",59,20.0
93,Auction,E25,"(81, 2)",51,28.0
93,Auction,E26,"(89, 85)",56,20.0
93,Auction,E27,"(48, 43)",52,28.0
93,Auction,E28,"(91, 50)",43,27.0
93,Auction,E31,"(92, 25)",48,28.0
93,Auction,E32,"(83, 42)",40,22.0
93,Auction,E33,"(28, 32)",39,13.0
93,Auction,E34,"(44, 27)",35,17.0
93,Auction,E35,"(8, 52)",38,14.0
93,Auction,E36,"(42, 76)",33,21.0
93,Auction,E37,"(68, 60)",34,23.0
93,Auction,E38,"(1, 73)",36,23.0
93,Auction,E39,"(1, 90)",36,25.0
93,Auction,E41,"(1, 32)",28,27.0
93,Auction,E42,"(93, 30)",26,18.0
93,Auction,E43,"(98, 34)",31,11.0
93,Auction,E44,"(93, 90)",25,10.0
93,Auction,E45,"(1, 56)",20,24.0
93,Auction,E46,"(46, 45)",17,18.0
93,Auction,E47,"(3, 30)",20,17.0
93,Auction,E48,"(82, 8)",17,29.0
93,Auction,E49,"(38, 8)",13,14.0
93,Auction,E50,"(15, 96)",14,13.0
93,Auction,E51,"(57, 61)",8,23.0
93,Auction,E52,"(35, 13)",6,25.0
93,Auction,E53,"(99, 49)",10,18.0
93,Auction,E54,"(90, 53)",1,23.0
93,Q-Learning,E11,"(51, 32)",81,30.0
93,Q-Learning,E13,"(85, 97)",79,23.0
93,Q-Learning,E18,"(28, 72)",67,19.0
93,Q-Learning,E19,"(21, 4)",69,20.0
93,Q-Learning,E20,"(86, 62)",73,15.0
93,Q-Learning,E21,"(73, 28)",69,19.0
93,Q-Learning,E22,"(82, 24)",69,30.0
93,Q-Learning,E23,"(81, 17)",66,23.0
93,Q-Learning,E24,"(50, 54)",59,20.0
93,Q-Learning,E25,"(81, 2)",51,28.0
93,Q-Learning,E26,"(89, 85)",56,20.0
93,Q-Learning,E27,"(48, 43)",52,28.0
93,Q-Learning,E28,"(91, 50)",43,27.0
93,Q-Learning,E29,"(38, 40)",44,14.0
93,Q-Learning,E30,"(82, 8)",42,15.0
93,Q-Learning,E31,"(92, 25)",48,28.0
93,Q-Learning,E32,"(83, 42)",40,22.0
93,Q-Learning,E33,"(28, 32)",39,13.0
93,Q-Learning,E34,"(44, 27)",35,17.0
93,Q-Learning,E35,"(8, 52)",38,14.0
93,Q-Learning,E36,"(42, 76)",33,21.0
93,Q-Learning,E37,"(68, 60)",34,23.0
93,Q-Learning,E38,"(1, 73)",36,23.0
93,Q-Learning,E39,"(1, 90)",36,25.0
93,Q-Learning,E41,"(1, 32)",28,27.0
93,Q-Learning,E42,"(93, 30)",26,18.0
93,Q-Learning,E43,"(98, 34)",31,11.0
93,Q-Learning,E44,"(93, 90)",25,10.0
93,Q-Learning,E45,"(1, 56)",20,24.0
93,Q-Learning,E46,"(46, 45)",17,18.0
93,Q-Learning,E47,"(3, 30)",20,17.0
93,Q-Learning,E48,"(82, 8)",17,29.0
93,Q-Learning,E49,"(38, 8)",13,14.0
93,Q-Learning,E50,"(15, 96)",14,13.0
93,Q-Learning,E51,"(57, 61)",8,23.0
93,Q-Learning,E52,"(35, 13)",6,25.0
93,Q-Learning,E53,"(99, 49)",10,18.0
93,Q-Learning,E54,"(90, 53)",1,23.0
94,Greedy,E10,"(31, 75)",83,29.0
94,Greedy,E11,"(51, 32)",82,30.0
94,Greedy,E13,"(85, 97)",80,23.0
94,Greedy,E14,"(65, 12)",76,23.0
94,Greedy,E16,"(36, 65)",74,17.0
94,Greedy,E18,"(28, 72)",68,19.0
94,Greedy,E20,"(86, 62)",74,15.0
94,Greedy,E21,"(73, 28)",70,19.0
94,Greedy,E22,"(82, 24)",70,30.0
94,Greedy,E23,"(81, 17)",67,23.0
94,Greedy,E24,"(50, 54)",60,20.0
94,Greedy,E25,"(81, 2)",52,28.0
94,Greedy,E26,"(89, 85)",57,20.0
94,Greedy,E27,"(48, 43)",53,28.0
94,Greedy,E28,"(91, 50)",44,27.0
94,Greedy,E29,"(38, 40)",45,14.0
94,Greedy,E30,"(82, 8)",43,15.0
94,Greedy,E31,"(92, 25)",49,28.0
94,Greedy,E32,"(83, 42)",41,22.0
94,Greedy,E33,"(28, 32)",40,13.0
94,Greedy,E34,"(44, 27)",36,17.0
94,Greedy,E35,"(8, 52)",39,14.0
94,Greedy,E36,"(42, 76)",34,21.0
94,Greedy,E37,"(68, 60)",35,23.0
94,Greedy,E38,"(1, 73)",37,23.0
94,Greedy,E39,"(1, 90)",37,25.0
94,Greedy,E41,"(1, 32)",29,27.0
94,Greedy,E42,"(93, 30)",27,18.0
94,Greedy,E43,"(98, 34)",32,11.0
94,Greedy,E45,"(1, 56)",21,24.0
94,Greedy,E46,"(46, 45)",18,18.0
94,Greedy,E47,"(3, 30)",21,17.0
94,Greedy,E48,"(82, 8)",18,29.0
94,Greedy,E49,"(38, 8)",14,14.0
94,Greedy,E50,"(15, 96)",15,13.0
94,Greedy,E51,"(57, 61)",9,23.0
94,Greedy,E52,"(35, 13)",7,25.0
94,Greedy,E53,"(99, 49)",11,18.0
94,Greedy,E54,"(90, 53)",2,23.0
94,Greedy,E55,"(72, 17)",2,26.0
94,Auction,E6,"(95, 100)",88,21.0
94,Auction,E7,"(22, 99)",91,22.0
94,Auction,E10,"(31, 75)",83,29.0
94,Auction,E13,"(85, 97)",80,23.0
94,Auction,E18,"(28, 72)",68,19.0
94,Auction,E19,"(21, 4)",70,20.0
94,Auction,E20,"(86, 62)",74,15.0
94,Auction,E21,"(73, 28)",70,19.0
94,Auction,E22,"(82, 24)",70,30.0
94,Auction,E23,"(81, 17)",67,23.0
94,Auction,E24,"(50, 54)",60,20.0
94,Auction,E25,"(81, 2)",52,28.0
94,Auction,E26,"(89, 85)",57,20.0
94,Auction,E27,"(48, 43)",53,28.0
94,Auction,E28,"(91, 50)",44,27.0
94,Auction,E31,"(92, 25)",49,28.0
94,Auction,E32,"(83, 42)",41,22.0
94,Auction,E33,"(28, 32)",40,13.0
94,Auction,E34,"(44, 27)",36,17.0
94,Auction,E35,"(8, 52)",39,14.0
94,Auction,E36,"(42, 76)",34,21.0
94,Auction,E37,"(68, 60)",35,23.0
94,Auction,E38,"(1, 73)",37,23.0
94,Auction,E39,"(1, 90)",37,25.0
94,Auction,E41,"(1, 32)",29,27.0
94,Auction,E42,"(93, 30)",27,18.0
94,Auction,E43,"(98, 34)",32,11.0
94,Auction,E44,"(93, 90)",26,10.0
94,Auction,E45,"(1, 56)",21,24.0
94,Auction,E46,"(46, 45)",18,18.0
94,Auction,E47,"(3, 30)",21,17.0
94,Auction,E48,"(82, 8)",18,29.0
94,Auction,E49,"(38, 8)",14,14.0
94,Auction,E50,"(15, 96)",15,13.0
94,Auction,E51,"(57, 61)",9,23.0
94,Auction,E52,"(35, 13)",7,25.0
94,Auction,E53,"(99, 49)",11,18.0
94,Auction,E54,"(90, 53)",2,23.0
94,Auction,E55,"(72, 17)",2,26.0
94,Q-Learning,E11,"(51, 32)",82,30.0
94,Q-Learning,E13,"(85, 97)",80,23.0
94,Q-Learning,E18,"(28, 72)",68,19.0
94,Q-Learning,E19,"(21, 4)",70,20.0
94,Q-Learning,E20,"(86, 62)",74,15.0
94,Q-Learning,E21,"(73, 28)",70,19.0
94,Q-Learning,E22,"(82, 24)",70,30.0
94,Q-Learning,E23,"(81, 17)",67,23.0
94,Q-Learning,E24,"(50, 54)",60,20.0
94,Q-Learning,E25,"(81, 2)",52,28.0
94,Q-Learning,E26,"(89, 85)",57,20.0
94,Q-Learning,E27,"(48, 43)",53,28.0
94,Q-Learning,E28,"(91, 50)",44,27.0
94,Q-Learning,E29,"(38, 40)",45,14.0
94,Q-Learning,E30,"(82, 8)",43,15.0
94,Q-Learning,E31,"(92, 25)",49,28.0
94,Q-Learning,E32,"(83, 42)",41,22.0
94,Q-Learning,E33,"(28, 32)",40,13.0
94,Q-Learning,E34,"(44, 27)",36,17.0
94,Q-Learning,E35,"(8, 52)",39,14.0
94,Q-Learning,E36,"(42, 76)",34,21.0
94,Q-Learning,E37,"(68, 60)",35,23.0
94,Q-Learning,E38,"(1, 73)",37,23.0
94,Q-Learning,E39,"(1, 90)",37,25.0
94,Q-Learning,E41,"(1, 32)",29,27.0
94,Q-Learning,E42,"(93, 30)",27,18.0
94,Q-Learning,E43,"(98, 34)",32,11.0
94,Q-Learning,E44,"(93, 90)",26,10.0
94,Q-Learning,E45,"(1, 56)",21,24.0
94,Q-Learning,E46,"(46, 45)",18,18.0
94,Q-Learning,E47,"(3, 30)",21,17.0
94,Q-Learning,E48,"(82, 8)",18,29.0
94,Q-Learning,E49,"(38, 8)",14,14.0
94,Q-Learning,E50,"(15, 96)",15,13.0
94,Q-Learning,E51,"(57, 61)",9,23.0
94,Q-Learning,E52,"(35, 13)",7,25.0
94,Q-Learning,E53,"(99, 49)",11,18.0
94,Q-Learning,E54,"(90, 53)",2,23.0
94,Q-Learning,E55,"(72, 17)",2,26.0
95,Greedy,E10,"(31, 75)",84,29.0
95,Greedy,E11,"(51, 32)",83,30.0
95,Greedy,E13,"(85, 97)",81,23.0
95,Greedy,E14,"(65, 12)",77,23.0
95,Greedy,E16,"(36, 65)",75,17.0
95,Greedy,E18,"(28, 72)",69,19.0
95,Greedy,E20,"(86, 62)",75,15.0
95,Greedy,E21,"(73, 28)",71,19.0
95,Greedy,E22,"(82, 24)",71,30.0
95,Greedy,E23,"(81, 17)",68,23.0
95,Greedy,E24,"(50, 54)",61,20.0
95,Greedy,E25,"(81, 2)",53,28.0
95,Greedy,E26,"(89, 85)",58,20.0
95,Greedy,E27,"(48, 43)",54,28.0
95,Greedy,E28,"(91, 50)",45,27.0
95,Greedy,E29,"(38, 40)",46,14.0
95,Greedy,E30,"(82, 8)",44,15.0
95,Greedy,E31,"(92, 25)",50,28.0
95,Greedy,E32,"(83, 42)",42,22.0
95,Greedy,E33,"(28, 32)",41,13.0
95,Greedy,E34,"(44, 27)",37,17.0
95,Greedy,E35,"(8, 52)",40,14.0
95,Greedy,E36,"(42, 76)",35,21.0
95,Greedy,E37,"(68, 60)",36,23.0
95,Greedy,E38,"(1, 73)",38,23.0
95,Greedy,E39,"(1, 90)",38,25.0
95,Greedy,E41,"(1, 32)",30,27.0
95,Greedy,E42,"(93, 30)",28,18.0
95,Greedy,E43,"(98, 34)",33,11.0
95,Greedy,E45,"(1, 56)",22,24.0
95,Greedy,E46,"(46, 45)",19,18.0
95,Greedy,E47,"(3, 30)",22,17.0
95,Greedy,E48,"(82, 8)",19,29.0
95,Greedy,E49,"(38, 8)",15,14.0
95,Greedy,E50,"(15, 96)",16,13.0
95,Greedy,E51,"(57, 61)",10,23.0
95,Greedy,E52,"(35, 13)",8,25.0
95,Greedy,E53,"(99, 49)",12,18.0
95,Greedy,E54,"(90, 53)",3,23.0
95,Greedy,E55,"(72, 17)",3,26.0
95,Auction,E6,"(95, 100)",89,21.0
95,Auction,E7,"(22, 99)",92,22.0
95,Auction,E10,"(31, 75)",84,29.0
95,Auction,E13,"(85, 97)",81,23.0
95,Auction,E18,"(28, 72)",69,19.0
95,Auction,E19,"(21, 4)",71,20.0
95,Auction,E20,"(86, 62)",75,15.0
95,Auction,E21,"(73, 28)",71,19.0
95,Auction,E22,"(82, 24)",71,30.0
95,Auction,E23,"(81, 17)",68,23.0
95,Auction,E24,"(50, 54)",61,20.0
95,Auction,E25,"(81, 2)",53,28.0
95,Auction,E26,"(89, 85)",58,20.0
95,Auction,E27,"(48, 43)",54,28.0
95,Auction,E28,"(91, 50)",45,27.0
95,Auction,E31,"(92, 25)",50,28.0
95,Auction,E32,"(83, 42)",42,22.0
95,Auction,E33,"(28, 32)",41,13.0
95,Auction,E34,"(44, 27)",37,17.0
95,Auction,E35,"(8, 52)",40,14.0
95,Auction,E36,"(42, 76)",35,21.0
95,Auction,E37,"(68, 60)",36,23.0
95,Auction,E38,"(1, 73)",38,23.0
95,Auction,E39,"(1, 90)",38,25.0
95,Auction,E41,"(1, 32)",30,27.0
95,Auction,E42,"(93, 30)",28,18.0
95,Auction,E43,"(98, 34)",33,11.0
95,Auction,E44,"(93, 90)",27,10.0
95,Auction,E45,"(1, 56)",22,24.0
95,Auction,E46,"(46, 45)",19,18.0
95,Auction,E47,"(3, 30)",22,17.0
95,Auction,E48,"(82, 8)",19,29.0
95,Auction,E49,"(38, 8)",15,14.0
95,Auction,E50,"(15, 96)",16,13.0
95,Auction,E51,"(57, 61)",10,23.0
95,Auction,E52,"(35, 13)",8,25.0
95,Auction,E53,"(99, 49)",12,18.0
95,Auction,E54,"(90, 53)",3,23.0
95,Auction,E55,"(72, 17)",3,26.0
95,Q-Learning,E11,"(51, 32)",83,30.0
95,Q-Learning,E13,"(85, 97)",81,23.0
95,Q-Learning,E18,"(28, 72)",69,19.0
95,Q-Learning,E19,"(21, 4)",71,20.0
95,Q-Learning,E20,"(86, 62)",75,15.0
95,Q-Learning,E21,"(73, 28)",71,19.0
95,Q-Learning,E22,"(82, 24)",71,30.0
95,Q-Learning,E23,"(81, 17)",68,23.0
95,Q-Learning,E24,"(50, 54)",61,20.0
95,Q-Learning,E25,"(81, 2)",53,28.0
95,Q-Learning,E26,"(89, 85)",58,20.0
95,Q-Learning,E27,"(48, 43)",54,28.0
95,Q-Learning,E28,"(91, 50)",45,27.0
95,Q-Learning,E29,"(38, 40)",46,14.0
95,Q-Learning,E30,"(82, 8)",44,15.0
95,Q-Learning,E31,"(92, 25)",50,28.0
95,Q-Learning,E32,"(83, 42)",42,22.0
95,Q-Learning,E33,"(28, 32)",41,13.0
95,Q-Learning,E34,"(44, 27)",37,17.0
95,Q-Learning,E35,"(8, 52)",40,14.0
95,Q-Learning,E36,"(42, 76)",35,21.0
95,Q-Learning,E37,"(68, 60)",36,23.0
95,Q-Learning,E38,"(1, 73)",38,23.0
95,Q-Learning,E39,"(1, 90)",38,25.0
95,Q-Learning,E41,"(1, 32)",30,27.0
95,Q-Learning,E42,"(93, 30)",28,18.0
95,Q-Learning,E43,"(98, 34)",33,11.0
95,Q-Learning,E44,"(93, 90)",27,10.0
95,Q-Learning,E45,"(1, 56)",22,24.0
95,Q-Learning,E46,"(46, 45)",19,18.0
95,Q-Learning,E47,"(3, 30)",22,17.0
95,Q-Learning,E48,"(82, 8)",19,29.0
95,Q-Learning,E49,"(38, 8)",15,14.0
95,Q-Learning,E50,"(15, 96)",16,13.0
95,Q-Learning,E51,"(57, 61)",10,23.0
95,Q-Learning,E52,"(35, 13)",8,25.0
95,Q-Learning,E53,"(99, 49)",12,18.0
95,Q-Learning,E54,"(90, 53)",3,23.0
95,Q-Learning,E55,"(72, 17)",3,26.0
96,Greedy,E10,"(31, 75)",85,29.0
96,Greedy,E11,"(51, 32)",84,30.0
96,Greedy,E13,"(85, 97)",82,23.0
96,Greedy,E14,"(65, 12)",78,23.0
96,Greedy,E16,"(36, 65)",76,17.0
96,Greedy,E18,"(28, 72)",70,19.0
96,Greedy,E20,"(86, 62)",76,15.0
96,Greedy,E21,"(73, 28)",72,19.0
96,Greedy,E22,"(82, 24)",72,30.0
96,Greedy,E23,"(81, 17)",69,23.0
96,Greedy,E24,"(50, 54)",62,20.0
96,Greedy,E25,"(81, 2)",54,28.0
96,Greedy,E26,"(89, 85)",59,20.0
96,Greedy,E27,"(48, 43)",55,28.0
96,Greedy,E28,"(91, 50)",46,27.0
96,Greedy,E29,"(38, 40)",47,14.0
96,Greedy,E30,"(82, 8)",45,15.0
96,Greedy,E31,"(92, 25)",51,28.0
96,Greedy,E32,"(83, 42)",43,22.0
96,Greedy,E33,"(28, 32)",42,13.0
96,Greedy,E34,"(44, 27)",38,17.0
96,Greedy,E35,"(8, 52)",41,14.0
96,Greedy,E36,"(42, 76)",36,21.0
96,Greedy,E37,"(68, 60)",37,23.0
96,Greedy,E38,"(1, 73)",39,23.0
96,Greedy,E39,"(1, 90)",39,25.0
96,Greedy,E41,"(1, 32)",31,27.0
96,Greedy,E42,"(93, 30)",29,18.0
96,Greedy,E43,"(98, 34)",34,11.0
96,Greedy,E45,"(1, 56)",23,24.0
96,Greedy,E46,"(46, 45)",20,18.0
96,Greedy,E47,"(3, 30)",23,17.0
96,Greedy,E48,"(82, 8)",20,29.0
96,Greedy,E49,"(38, 8)",16,14.0
96,Greedy,E50,"(15, 96)",17,13.0
96,Greedy,E51,"(57, 61)",11,23.0
96,Greedy,E52,"(35, 13)",9,25.0
96,Greedy,E53,"(99, 49)",13,18.0
96,Greedy,E54,"(90, 53)",4,23.0
96,Greedy,E55,"(72, 17)",4,26.0
96,Auction,E6,"(95, 100)",90,21.0
96,Auction,E7,"(22, 99)",93,22.0
96,Auction,E10,"(31, 75)",85,29.0
96,Auction,E13,"(85, 97)",82,23.0
96,Auction,E18,"(28, 72)",70,19.0
96,Auction,E19,"(21, 4)",72,20.0
96,Auction,E20,"(86, 62)",76,15.0
96,Auction,E21,"(73, 28)",72,19.0
96,Auction,E22,"(82, 24)",72,30.0
96,Auction,E23,"(81, 17)",69,23.0
96,Auction,E24,"(50, 54)",62,20.0
96,Auction,E25,"(81, 2)",54,28.0
96,Auction,E26,"(89, 85)",59,20.0
96,Auction,E27,"(48, 43)",55,28.0
96,Auction,E28,"(91, 50)",46,27.0
96,Auction,E31,"(92, 25)",51,28.0
96,Auction,E32,"(83, 42)",43,22.0
96,Auction,E33,"(28, 32)",42,13.0
96,Auction,E34,"(44, 27)",38,17.0
96,Auction,E35,"(8, 52)",41,14.0
96,Auction,E36,"(42, 76)",36,21.0
96,Auction,E37,"(68, 60)",37,23.0
96,Auction,E38,"(1, 73)",39,23.0
96,Auction,E39,"(1, 90)",39,25.0
96,Auction,E41,"(1, 32)",31,27.0
96,Auction,E42,"(93, 30)",29,18.0
96,Auction,E43,"(98, 34)",34,11.0
96,Auction,E44,"(93, 90)",28,10.0
96,Auction,E45,"(1, 56)",23,24.0
96,Auction,E46,"(46, 45)",20,18.0
96,Auction,E47,"(3, 30)",23,17.0
96,Auction,E48,"(82, 8)",20,29.0
96,Auction,E49,"(38, 8)",16,14.0
96,Auction,E50,"(15, 96)",17,13.0
96,Auction,E51,"(57, 61)",11,23.0
96,Auction,E52,"(35, 13)",9,25.0
96,Auction,E53,"(99, 49)",13,18.0
96,Auction,E54,"(90, 53)",4,23.0
96,Auction,E55,"(72, 17)",4,26.0
96,Q-Learning,E11,"(51, 32)",84,30.0
96,Q-Learning,E13,"(85, 97)",82,23.0
96,Q-Learning,E18,"(28, 72)",70,19.0
96,Q-Learning,E19,"(21, 4)",72,20.0
96,Q-Learning,E20,"(86, 62)",76,15.0
96,Q-Learning,E21,"(73, 28)",72,19.0
96,Q-Learning,E22,"(82, 24)",72,30.0
96,Q-Learning,E23,"(81, 17)",69,23.0
96,Q-Learning,E24,"(50, 54)",62,20.0
96,Q-Learning,E25,"(81, 2)",54,28.0
96,Q-Learning,E26,"(89, 85)",59,20.0
96,Q-Learning,E27,"(48, 43)",55,28.0
96,Q-Learning,E28,"(91, 50)",46,27.0
96,Q-Learning,E29,"(38, 40)",47,14.0
96,Q-Learning,E30,"(82, 8)",45,15.0
96,Q-Learning,E31,"(92, 25)",51,28.0
96,Q-Learning,E32,"(83, 42)",43,22.0
96,Q-Learning,E33,"(28, 32)",42,13.0
96,Q-Learning,E34,"(44, 27)",38,17.0
96,Q-Learning,E35,"(8, 52)",41,14.0
96,Q-Learning,E36,"(42, 76)",36,21.0
96,Q-Learning,E37,"(68, 60)",37,23.0
96,Q-Learning,E38,"(1, 73)",39,23.0
96,Q-Learning,E39,"(1, 90)",39,25.0
96,Q-Learning,E41,"(1, 32)",31,27.0
96,Q-Learning,E42,"(93, 30)",29,18.0
96,Q-Learning,E43,"(98, 34)",34,11.0
96,Q-Learning,E44,"(93, 90)",28,10.0
96,Q-Learning,E45,"(1, 56)",23,24.0
96,Q-Learning,E46,"(46, 45)",20,18.0
96,Q-Learning,E47,"(3, 30)",23,17.0
96,Q-Learning,E48,"(82, 8)",20,29.0
96,Q-Learning,E49,"(38, 8)",16,14.0
96,Q-Learning,E50,"(15, 96)",17,13.0
96,Q-Learning,E51,"(57, 61)",11,23.0
96,Q-Learning,E52,"(35, 13)",9,25.0
96,Q-Learning,E53,"(99, 49)",13,18.0
96,Q-Learning,E54,"(90, 53)",4,23.0
96,Q-Learning,E55,"(72, 17)",4,26.0
97,Greedy,E10,"(31, 75)",86,29.0
97,Greedy,E11,"(51, 32)",85,30.0
97,Greedy,E13,"(85, 97)",83,23.0
97,Greedy,E14,"(65, 12)",79,23.0
97,Greedy,E16,"(36, 65)",77,17.0
97,Greedy,E18,"(28, 72)",71,19.0
97,Greedy,E20,"(86, 62)",77,15.0
97,Greedy,E21,"(73, 28)",73,19.0
97,Greedy,E22,"(82, 24)",73,30.0
97,Greedy,E23,"(81, 17)",70,23.0
97,Greedy,E24,"(50, 54)",63,20.0
97,Greedy,E25,"(81, 2)",55,28.0
97,Greedy,E26,"(89, 85)",60,20.0
97,Greedy,E27,"(48, 43)",56,28.0
97,Greedy,E28,"(91, 50)",47,27.0
97,Greedy,E29,"(38, 40)",48,14.0
97,Greedy,E30,"(82, 8)",46,15.0
97,Greedy,E31,"(92, 25)",52,28.0
97,Greedy,E32,"(83, 42)",44,22.0
97,Greedy,E33,"(28, 32)",43,13.0
97,Greedy,E34,"(44, 27)",39,17.0
97,Greedy,E35,"(8, 52)",42,14.0
97,Greedy,E36,"(42, 76)",37,21.0
97,Greedy,E37,"(68, 60)",38,23.0
97,Greedy,E38,"(1, 73)",40,23.0
97,Greedy,E39,"(1, 90)",40,25.0
97,Greedy,E41,"(1, 32)",32,27.0
97,Greedy,E42,"(93, 30)",30,18.0
97,Greedy,E43,"(98, 34)",35,11.0
97,Greedy,E45,"(1, 56)",24,24.0
97,Greedy,E46,"(46, 45)",21,18.0
97,Greedy,E47,"(3, 30)",24,17.0
97,Greedy,E48,"(82, 8)",21,29.0
97,Greedy,E49,"(38, 8)",17,14.0
97,Greedy,E50,"(15, 96)",18,13.0
97,Greedy,E51,"(57, 61)",12,23.0
97,Greedy,E52,"(35, 13)",10,25.0
97,Greedy,E53,"(99, 49)",14,18.0
97,Greedy,E54,"(90, 53)",5,23.0
97,Greedy,E55,"(72, 17)",5,26.0
97,Auction,E6,"(95, 100)",91,21.0
97,Auction,E7,"(22, 99)",94,22.0
97,Auction,E10,"(31, 75)",86,29.0
97,Auction,E13,"(85, 97)",83,23.0
97,Auction,E18,"(28, 72)",71,19.0
97,Auction,E19,"(21, 4)",73,20.0
97,Auction,E20,"(86, 62)",77,15.0
97,Auction,E21,"(73, 28)",73,19.0
97,Auction,E22,"(82, 24)",73,30.0
97,Auction,E23,"(81, 17)",70,23.0
97,Auction,E24,"(50, 54)",63,20.0
97,Auction,E25,"(81, 2)",55,28.0
97,Auction,E26,"(89, 85)",60,20.0
97,Auction,E27,"(48, 43)",56,28.0
97,Auction,E28,"(91, 50)",47,27.0
97,Auction,E31,"(92, 25)",52,28.0
97,Auction,E32,"(83, 42)",44,22.0
97,Auction,E33,"(28, 32)",43,13.0
97,Auction,E34,"(44, 27)",39,17.0
97,Auction,E35,"(8, 52)",42,14.0
97,Auction,E36,"(42, 76)",37,21.0
97,Auction,E37,"(68, 60)",38,23.0
97,Auction,E38,"(1, 73)",40,23.0
97,Auction,E39,"(1, 90)",40,25.0
97,Auction,E41,"(1, 32)",32,27.0
97,Auction,E42,"(93, 30)",30,18.0
97,Auction,E43,"(98, 34)",35,11.0
97,Auction,E44,"(93, 90)",29,10.0
97,Auction,E45,"(1, 56)",24,24.0
97,Auction,E46,"(46, 45)",21,18.0
97,Auction,E47,"(3, 30)",24,17.0
97,Auction,E48,"(82, 8)",21,29.0
97,Auction,E49,"(38, 8)",17,14.0
97,Auction,E50,"(15, 96)",18,13.0
97,Auction,E51,"(57, 61)",12,23.0
97,Auction,E52,"(35, 13)",10,25.0
97,Auction,E53,"(99, 49)",14,18.0
97,Auction,E54,"(90, 53)",5,23.0
97,Auction,E55,"(72, 17)",5,26.0
97,Q-Learning,E11,"(51, 32)",85,30.0
97,Q-Learning,E13,"(85, 97)",83,23.0
97,Q-Learning,E18,"(28, 72)",71,19.0
97,Q-Learning,E19,"(21, 4)",73,20.0
97,Q-Learning,E20,"(86, 62)",77,15.0
97,Q-Learning,E21,"(73, 28)",73,19.0
97,Q-Learning,E22,"(82, 24)",73,30.0
97,Q-Learning,E23,"(81, 17)",70,23.0
97,Q-Learning,E24,"(50, 54)",63,20.0
97,Q-Learning,E25,"(81, 2)",55,28.0
97,Q-Learning,E26,"(89, 85)",60,20.0
97,Q-Learning,E27,"(48, 43)",56,28.0
97,Q-Learning,E28,"(91, 50)",47,27.0
97,Q-Learning,E29,"(38, 40)",48,14.0
97,Q-Learning,E30,"(82, 8)",46,15.0
97,Q-Learning,E31,"(92, 25)",52,28.0
97,Q-Learning,E32,"(83, 42)",44,22.0
97,Q-Learning,E33,"(28, 32)",43,13.0
97,Q-Learning,E34,"(44, 27)",39,17.0
97,Q-Learning,E35,"(8, 52)",42,14.0
97,Q-Learning,E36,"(42, 76)",37,21.0
97,Q-Learning,E37,"(68, 60)",38,23.0
97,Q-Learning,E38,"(1, 73)",40,23.0
97,Q-Learning,E39,"(1, 90)",40,25.0
97,Q-Learning,E41,"(1, 32)",32,27.0
97,Q-Learning,E42,"(93, 30)",30,18.0
97,Q-Learning,E43,"(98, 34)",35,11.0
97,Q-Learning,E44,"(93, 90)",29,10.0
97,Q-Learning,E45,"(1, 56)",24,24.0
97,Q-Learning,E46,"(46, 45)",21,18.0
97,Q-Learning,E47,"(3, 30)",24,17.0
97,Q-Learning,E48,"(82, 8)",21,29.0
97,Q-Learning,E49,"(38, 8)",17,14.0
97,Q-Learning,E50,"(15, 96)",18,13.0
97,Q-Learning,E51,"(57, 61)",12,23.0
97,Q-Learning,E52,"(35, 13)",10,25.0
97,Q-Learning,E53,"(99, 49)",14,18.0
97,Q-Learning,E54,"(90, 53)",5,23.0
97,Q-Learning,E55,"(72, 17)",5,26.0
98,Greedy,E10,"(31, 75)",87,29.0
98,Greedy,E11,"(51, 32)",86,30.0
98,Greedy,E13,"(85, 97)",84,23.0
98,Greedy,E14,"(65, 12)",80,23.0
98,Greedy,E16,"(36, 65)",78,17.0
98,Greedy,E18,"(28, 72)",72,19.0
98,Greedy,E20,"(86, 62)",78,15.0
98,Greedy,E21,"(73, 28)",74,19.0
98,Greedy,E22,"(82, 24)",74,30.0
98,Greedy,E23,"(81, 17)",71,23.0
98,Greedy,E24,"(50, 54)",64,20.0
98,Greedy,E25,"(81, 2)",56,28.0
98,Greedy,E26,"(89, 85)",61,20.0
98,Greedy,E27,"(48, 43)",57,28.0
98,Greedy,E28,"(91, 50)",48,27.0
98,Greedy,E29,"(38, 40)",49,14.0
98,Greedy,E30,"(82, 8)",47,15.0
98,Greedy,E31,"(92, 25)",53,28.0
98,Greedy,E32,"(83, 42)",45,22.0
98,Greedy,E33,"(28, 32)",44,13.0
98,Greedy,E34,"(44, 27)",40,17.0
98,Greedy,E35,"(8, 52)",43,14.0
98,Greedy,E36,"(42, 76)",38,21.0
98,Greedy,E37,"(68, 60)",39,23.0
98,Greedy,E38,"(1, 73)",41,23.0
98,Greedy,E39,"(1, 90)",41,25.0
98,Greedy,E41,"(1, 32)",33,27.0
98,Greedy,E42,"(93, 30)",31,18.0
98,Greedy,E43,"(98, 34)",36,11.0
98,Greedy,E45,"(1, 56)",25,24.0
98,Greedy,E46,"(46, 45)",22,18.0
98,Greedy,E47,"(3, 30)",25,17.0
98,Greedy,E48,"(82, 8)",22,29.0
98,Greedy,E49,"(38, 8)",18,14.0
98,Greedy,E50,"(15, 96)",19,13.0
98,Greedy,E51,"(57, 61)",13,23.0
98,Greedy,E52,"(35, 13)",11,25.0
98,Greedy,E53,"(99, 49)",15,18.0
98,Greedy,E54,"(90, 53)",6,23.0
98,Greedy,E55,"(72, 17)",6,26.0
98,Greedy,E56,"(9, 65)",9,22.0
98,Auction,E6,"(95, 100)",92,21.0
98,Auction,E7,"(22, 99)",95,22.0
98,Auction,E10,"(31, 75)",87,29.0
98,Auction,E13,"(85, 97)",84,23.0
98,Auction,E18,"(28, 72)",72,19.0
98,Auction,E19,"(21, 4)",74,20.0
98,Auction,E20,"(86, 62)",78,15.0
98,Auction,E21,"(73, 28)",74,19.0
98,Auction,E22,"(82, 24)",74,30.0
98,Auction,E23,"(81, 17)",71,23.0
98,Auction,E24,"(50, 54)",64,20.0
98,Auction,E25,"(81, 2)",56,28.0
98,Auction,E26,"(89, 85)",61,20.0
98,Auction,E27,"(48, 43)",57,28.0
98,Auction,E28,"(91, 50)",48,27.0
98,Auction,E31,"(92, 25)",53,28.0
98,Auction,E32,"(83, 42)",45,22.0
98,Auction,E33,"(28, 32)",44,13.0
98,Auction,E34,"(44, 27)",40,17.0
98,Auction,E35,"(8, 52)",43,14.0
98,Auction,E36,"(42, 76)",38,21.0
98,Auction,E37,"(68, 60)",39,23.0
98,Auction,E38,"(1, 73)",41,23.0
98,Auction,E39,"(1, 90)",41,25.0
98,Auction,E41,"(1, 32)",33,27.0
98,Auction,E42,"(93, 30)",31,18.0
98,Auction,E43,"(98, 34)",36,11.0
98,Auction,E44,"(93, 90)",30,10.0
98,Auction,E45,"(1, 56)",25,24.0
98,Auction,E46,"(46, 45)",22,18.0
98,Auction,E47,"(3, 30)",25,17.0
98,Auction,E48,"(82, 8)",22,29.0
98,Auction,E49,"(38, 8)",18,14.0
98,Auction,E50,"(15, 96)",19,13.0
98,Auction,E51,"(57, 61)",13,23.0
98,Auction,E52,"(35, 13)",11,25.0
98,Auction,E53,"(99, 49)",15,18.0
98,Auction,E54,"(90, 53)",6,23.0
98,Auction,E55,"(72, 17)",6,26.0
98,Auction,E56,"(9, 65)",9,22.0
98,Q-Learning,E11,"(51, 32)",86,30.0
98,Q-Learning,E13,"(85, 97)",84,23.0
98,Q-Learning,E18,"(28, 72)",72,19.0
98,Q-Learning,E19,"(21, 4)",74,20.0
98,Q-Learning,E20,"(86, 62)",78,15.0
98,Q-Learning,E21,"(73, 28)",74,19.0
98,Q-Learning,E22,"(82, 24)",74,30.0
98,Q-Learning,E23,"(81, 17)",71,23.0
98,Q-Learning,E24,"(50, 54)",64,20.0
98,Q-Learning,E25,"(81, 2)",56,28.0
98,Q-Learning,E26,"(89, 85)",61,20.0
98,Q-Learning,E27,"(48, 43)",57,28.0
98,Q-Learning,E28,"(91, 50)",48,27.0
98,Q-Learning,E29,"(38, 40)",49,14.0
98,Q-Learning,E30,"(82, 8)",47,15.0
98,Q-Learning,E31,"(92, 25)",53,28.0
98,Q-Learning,E32,"(83, 42)",45,22.0
98,Q-Learning,E33,"(28, 32)",44,13.0
98,Q-Learning,E34,"(44, 27)",40,17.0
98,Q-Learning,E35,"(8, 52)",43,14.0
98,Q-Learning,E36,"(42, 76)",38,21.0
98,Q-Learning,E37,"(68, 60)",39,23.0
98,Q-Learning,E38,"(1, 73)",41,23.0
98,Q-Learning,E39,"(1, 90)",41,25.0
98,Q-Learning,E41,"(1, 32)",33,27.0
98,Q-Learning,E42,"(93, 30)",31,18.0
98,Q-Learning,E43,"(98, 34)",36,11.0
98,Q-Learning,E44,"(93, 90)",30,10.0
98,Q-Learning,E45,"(1, 56)",25,24.0
98,Q-Learning,E46,"(46, 45)",22,18.0
98,Q-Learning,E47,"(3, 30)",25,17.0
98,Q-Learning,E48,"(82, 8)",22,29.0
98,Q-Learning,E49,"(38, 8)",18,14.0
98,Q-Learning,E50,"(15, 96)",19,13.0
98,Q-Learning,E51,"(57, 61)",13,23.0
98,Q-Learning,E52,"(35, 13)",11,25.0
98,Q-Learning,E53,"(99, 49)",15,18.0
98,Q-Learning,E54,"(90, 53)",6,23.0
98,Q-Learning,E55,"(72, 17)",6,26.0
98,Q-Learning,E56,"(9, 65)",9,22.0
99,Greedy,E10,"(31, 75)",88,29.0
99,Greedy,E11,"(51, 32)",87,30.0
99,Greedy,E13,"(85, 97)",85,23.0
99,Greedy,E14,"(65, 12)",81,23.0
99,Greedy,E16,"(36, 65)",79,17.0
99,Greedy,E18,"(28, 72)",73,19.0
99,Greedy,E20,"(86, 62)",79,15.0
99,Greedy,E21,"(73, 28)",75,19.0
99,Greedy,E22,"(82, 24)",75,30.0
99,Greedy,E23,"(81, 17)",72,23.0
99,Greedy,E24,"(50, 54)",65,20.0
99,Greedy,E25,"(81, 2)",57,28.0
99,Greedy,E26,"(89, 85)",62,20.0
99,Greedy,E27,"(48, 43)",58,28.0
99,Greedy,E28,"(91, 50)",49,27.0
99,Greedy,E29,"(38, 40)",50,14.0
99,Greedy,E30,"(82, 8)",48,15.0
99,Greedy,E31,"(92, 25)",54,28.0
99,Greedy,E32,"(83, 42)",46,22.0
99,Greedy,E33,"(28, 32)",45,13.0
99,Greedy,E34,"(44, 27)",41,17.0
99,Greedy,E35,"(8, 52)",44,14.0
99,Greedy,E36,"(42, 76)",39,21.0
99,Greedy,E37,"(68, 60)",40,23.0
99,Greedy,E38,"(1, 73)",42,23.0
99,Greedy,E39,"(1, 90)",42,25.0
99,Greedy,E41,"(1, 32)",34,27.0
99,Greedy,E42,"(93, 30)",32,18.0
99,Greedy,E43,"(98, 34)",37,11.0
99,Greedy,E45,"(1, 56)",26,24.0
99,Greedy,E46,"(46, 45)",23,18.0
99,Greedy,E47,"(3, 30)",26,17.0
99,Greedy,E48,"(82, 8)",23,29.0
99,Greedy,E49,"(38, 8)",19,14.0
99,Greedy,E50,"(15, 96)",20,13.0
99,Greedy,E51,"(57, 61)",14,23.0
99,Greedy,E52,"(35, 13)",12,25.0
99,Greedy,E53,"(99, 49)",16,18.0
99,Greedy,E54,"(90, 53)",7,23.0
99,Greedy,E55,"(72, 17)",7,26.0
99,Greedy,E56,"(9, 65)",10,22.0
99,Auction,E6,"(95, 100)",93,21.0
99,Auction,E7,"(22, 99)",96,22.0
99,Auction,E10,"(31, 75)",88,29.0
99,Auction,E13,"(85, 97)",85,23.0
99,Auction,E18,"(28, 72)",73,19.0
99,Auction,E19,"(21, 4)",75,20.0
99,Auction,E20,"(86, 62)",79,15.0
99,Auction,E21,"(73, 28)",75,19.0
99,Auction,E22,"(82, 24)",75,30.0
99,Auction,E23,"(81, 17)",72,23.0
99,Auction,E24,"(50, 54)",65,20.0
99,Auction,E25,"(81, 2)",57,28.0
99,Auction,E26,"(89, 85)",62,20.0
99,Auction,E27,"(48, 43)",58,28.0
99,Auction,E28,"(91, 50)",49,27.0
99,Auction,E31,"(92, 25)",54,28.0
99,Auction,E32,"(83, 42)",46,22.0
99,Auction,E33,"(28, 32)",45,13.0
99,Auction,E34,"(44, 27)",41,17.0
99,Auction,E35,"(8, 52)",44,14.0
99,Auction,E36,"(42, 76)",39,21.0
99,Auction,E37,"(68, 60)",40,23.0
99,Auction,E38,"(1, 73)",42,23.0
99,Auction,E39,"(1, 90)",42,25.0
99,Auction,E41,"(1, 32)",34,27.0
99,Auction,E42,"(93, 30)",32,18.0
99,Auction,E43,"(98, 34)",37,11.0
99,Auction,E44,"(93, 90)",31,10.0
99,Auction,E45,"(1, 56)",26,24.0
99,Auction,E46,"(46, 45)",23,18.0
99,Auction,E47,"(3, 30)",26,17.0
99,Auction,E48,"(82, 8)",23,29.0
99,Auction,E49,"(38, 8)",19,14.0
99,Auction,E50,"(15, 96)",20,13.0
99,Auction,E51,"(57, 61)",14,23.0
99,Auction,E52,"(35, 13)",12,25.0
99,Auction,E53,"(99, 49)",16,18.0
99,Auction,E54,"(90, 53)",7,23.0
99,Auction,E55,"(72, 17)",7,26.0
99,Auction,E56,"(9, 65)",10,22.0
99,Q-Learning,E11,"(51, 32)",87,30.0
99,Q-Learning,E13,"(85, 97)",85,23.0
99,Q-Learning,E18,"(28, 72)",73,19.0
99,Q-Learning,E19,"(21, 4)",75,20.0
99,Q-Learning,E20,"(86, 62)",79,15.0
99,Q-Learning,E21,"(73, 28)",75,19.0
99,Q-Learning,E22,"(82, 24)",75,30.0
99,Q-Learning,E23,"(81, 17)",72,23.0
99,Q-Learning,E24,"(50, 54)",65,20.0
99,Q-Learning,E25,"(81, 2)",57,28.0
99,Q-Learning,E26,"(89, 85)",62,20.0
99,Q-Learning,E27,"(48, 43)",58,28.0
99,Q-Learning,E28,"(91, 50)",49,27.0
99,Q-Learning,E29,"(38, 40)",50,14.0
99,Q-Learning,E30,"(82, 8)",48,15.0
99,Q-Learning,E31,"(92, 25)",54,28.0
99,Q-Learning,E32,"(83, 42)",46,22.0
99,Q-Learning,E33,"(28, 32)",45,13.0
99,Q-Learning,E34,"(44, 27)",41,17.0
99,Q-Learning,E35,"(8, 52)",44,14.0
99,Q-Learning,E36,"(42, 76)",39,21.0
99,Q-Learning,E37,"(68, 60)",40,23.0
99,Q-Learning,E38,"(1, 73)",42,23.0
99,Q-Learning,E39,"(1, 90)",42,25.0
99,Q-Learning,E41,"(1, 32)",34,27.0
99,Q-Learning,E42,"(93, 30)",32,18.0
99,Q-Learning,E43,"(98, 34)",37,11.0
99,Q-Learning,E44,"(93, 90)",31,10.0
99,Q-Learning,E45,"(1, 56)",26,24.0
99,Q-Learning,E46,"(46, 45)",23,18.0
99,Q-Learning,E47,"(3, 30)",26,17.0
99,Q-Learning,E48,"(82, 8)",23,29.0
99,Q-Learning,E49,"(38, 8)",19,14.0
99,Q-Learning,E50,"(15, 96)",20,13.0
99,Q-Learning,E51,"(57, 61)",14,23.0
99,Q-Learning,E52,"(35, 13)",12,25.0
99,Q-Learning,E53,"(99, 49)",16,18.0
99,Q-Learning,E54,"(90, 53)",7,23.0
99,Q-Learning,E55,"(72, 17)",7,26.0
99,Q-Learning,E56,"(9, 65)",10,22.0
