time_step,method,vehicle_id,position,battery,busy,remaining_duration,idle_time
0,Greedy,V1,"(39, 76)",76.0,False,0.0,0.0
0,Greedy,V2,"(78, 12)",65.0,False,0.0,0.0
0,Greedy,V3,"(97, 6)",63.0,False,0.0,0.0
0,Greedy,V4,"(96, 79)",97.0,False,0.0,0.0
0,Greedy,V5,"(75, 0)",57.0,False,0.0,0.0
0,Greedy,V6,"(90, 25)",98.0,False,0.0,0.0
0,Greedy,V7,"(6, 74)",82.0,False,0.0,0.0
0,Greedy,V8,"(28, 9)",97.0,False,0.0,0.0
0,Greedy,V9,"(89, 88)",91.0,False,0.0,0.0
0,Greedy,V10,"(78, 46)",56.0,False,0.0,0.0
0,Auction,V1,"(39, 76)",76.0,False,0.0,0.0
0,Auction,V2,"(78, 12)",65.0,False,0.0,0.0
0,Auction,V3,"(97, 6)",63.0,False,0.0,0.0
0,Auction,V4,"(96, 79)",97.0,False,0.0,0.0
0,Auction,V5,"(75, 0)",57.0,False,0.0,0.0
0,Auction,V6,"(90, 25)",98.0,False,0.0,0.0
0,Auction,V7,"(6, 74)",82.0,False,0.0,0.0
0,Auction,V8,"(28, 9)",97.0,False,0.0,0.0
0,Auction,V9,"(89, 88)",91.0,False,0.0,0.0
0,Auction,V10,"(78, 46)",56.0,False,0.0,0.0
0,Q-Learning,V1,"(39, 76)",76.0,False,0.0,0.0
0,Q-Learning,V2,"(78, 12)",65.0,False,0.0,0.0
0,Q-Learning,V3,"(97, 6)",63.0,False,0.0,0.0
0,Q-Learning,V4,"(96, 79)",97.0,False,0.0,0.0
0,Q-Learning,V5,"(75, 0)",57.0,False,0.0,0.0
0,Q-Learning,V6,"(90, 25)",98.0,False,0.0,0.0
0,Q-Learning,V7,"(6, 74)",82.0,False,0.0,0.0
0,Q-Learning,V8,"(28, 9)",97.0,False,0.0,0.0
0,Q-Learning,V9,"(89, 88)",91.0,False,0.0,0.0
0,Q-Learning,V10,"(78, 46)",56.0,False,0.0,0.0
1,Greedy,V1,"(39, 76)",59.97241248990059,True,16.02758751009941,1.0
1,Greedy,V2,"(78, 12)",35.36312211128387,True,29.636877888716125,1.0
1,Greedy,V3,"(97, 6)",42.16666666666667,True,20.833333333333332,1.0
1,Greedy,V4,"(96, 79)",76.84713940984705,True,20.15286059015295,1.0
1,Greedy,V5,"(75, 0)",22.799999999999997,True,34.2,1.0
1,Greedy,V6,"(90, 25)",79.8904976890271,True,18.1095023109729,1.0
1,Greedy,V7,"(6, 74)",70.25994891518158,True,11.740051084818425,1.0
1,Greedy,V8,"(28, 9)",76.16666666666667,True,20.833333333333332,1.0
1,Greedy,V9,"(89, 88)",69.27053118720876,True,21.729468812791236,1.0
1,Greedy,V10,"(78, 46)",33.470177871865296,True,22.529822128134704,1.0
1,Auction,V1,"(42, 58)",59.97241248990059,True,16.02758751009941,1.0
1,Auction,V2,"(74, 9)",52.375,True,12.625,1.0
1,Auction,V3,"(62, 92)",28.525109944745253,True,34.47489005525475,1.0
1,Auction,V4,"(5, 9)",67.24349597022254,True,29.756504029777453,1.0
1,Auction,V5,"(57, 14)",25.43929829960345,True,31.56070170039655,1.0
1,Auction,V6,"(97, 29)",80.19377422517015,True,17.806225774829855,1.0
1,Auction,V7,"(9, 84)",70.25994891518158,True,11.740051084818425,1.0
1,Auction,V8,"(35, 9)",69.83333333333333,True,27.166666666666668,1.0
1,Auction,V9,"(66, 42)",65.85704365175049,True,25.142956348249516,1.0
1,Auction,V10,"(88, 46)",38.0,True,18.0,1.0
1,Q-Learning,V1,"(42, 58)",59.97241248990059,True,16.02758751009941,1.0
1,Q-Learning,V2,"(62, 92)",35.80196097281443,True,29.19803902718557,1.0
1,Q-Learning,V3,"(57, 14)",29.20130731520962,True,33.79869268479038,1.0
1,Q-Learning,V4,"(88, 46)",77.22712736747786,True,19.772872632522144,1.0
1,Q-Learning,V5,"(74, 9)",43.18892297237252,True,13.811077027627483,1.0
1,Q-Learning,V6,"(66, 42)",75.05891176602945,True,22.941088233970547,1.0
1,Q-Learning,V7,"(5, 9)",54.16538469123666,True,27.83461530876334,1.0
1,Q-Learning,V8,"(9, 84)",74.10512591074354,True,22.89487408925647,1.0
1,Q-Learning,V9,"(35, 9)",55.43077850606435,True,35.56922149393565,1.0
1,Q-Learning,V10,"(97, 29)",33.900980486407214,True,22.099019513592786,1.0
2,Greedy,V1,"(39, 76)",59.97241248990059,True,15.027587510099409,1.0
2,Greedy,V2,"(78, 12)",35.36312211128387,True,28.636877888716125,1.0
2,Greedy,V3,"(97, 6)",42.16666666666667,True,19.833333333333332,1.0
2,Greedy,V4,"(96, 79)",76.84713940984705,True,19.15286059015295,1.0
2,Greedy,V5,"(75, 0)",22.799999999999997,True,33.2,1.0
2,Greedy,V6,"(90, 25)",79.8904976890271,True,17.1095023109729,1.0
2,Greedy,V7,"(6, 74)",70.25994891518158,True,10.740051084818425,1.0
2,Greedy,V8,"(28, 9)",76.16666666666667,True,19.833333333333332,1.0
2,Greedy,V9,"(89, 88)",69.27053118720876,True,20.729468812791236,1.0
2,Greedy,V10,"(78, 46)",33.470177871865296,True,21.529822128134704,1.0
2,Auction,V1,"(42, 58)",59.97241248990059,True,15.027587510099409,1.0
2,Auction,V2,"(74, 9)",52.375,True,11.625,1.0
2,Auction,V3,"(62, 92)",28.525109944745253,True,33.47489005525475,1.0
2,Auction,V4,"(5, 9)",67.24349597022254,True,28.756504029777453,1.0
2,Auction,V5,"(57, 14)",25.43929829960345,True,30.56070170039655,1.0
2,Auction,V6,"(97, 29)",80.19377422517015,True,16.806225774829855,1.0
2,Auction,V7,"(9, 84)",70.25994891518158,True,10.740051084818425,1.0
2,Auction,V8,"(35, 9)",69.83333333333333,True,26.166666666666668,1.0
2,Auction,V9,"(66, 42)",65.85704365175049,True,24.142956348249516,1.0
2,Auction,V10,"(88, 46)",38.0,True,17.0,1.0
2,Q-Learning,V1,"(42, 58)",59.97241248990059,True,15.027587510099409,1.0
2,Q-Learning,V2,"(62, 92)",35.80196097281443,True,28.19803902718557,1.0
2,Q-Learning,V3,"(57, 14)",29.20130731520962,True,32.79869268479038,1.0
2,Q-Learning,V4,"(88, 46)",77.22712736747786,True,18.772872632522144,1.0
2,Q-Learning,V5,"(74, 9)",43.18892297237252,True,12.811077027627483,1.0
2,Q-Learning,V6,"(66, 42)",75.05891176602945,True,21.941088233970547,1.0
2,Q-Learning,V7,"(5, 9)",54.16538469123666,True,26.83461530876334,1.0
2,Q-Learning,V8,"(9, 84)",74.10512591074354,True,21.89487408925647,1.0
2,Q-Learning,V9,"(35, 9)",55.43077850606435,True,34.56922149393565,1.0
2,Q-Learning,V10,"(97, 29)",33.900980486407214,True,21.099019513592786,1.0
3,Greedy,V1,"(39, 76)",59.97241248990059,True,14.027587510099409,1.0
3,Greedy,V2,"(78, 12)",35.36312211128387,True,27.636877888716125,1.0
3,Greedy,V3,"(97, 6)",42.16666666666667,True,18.833333333333332,1.0
3,Greedy,V4,"(96, 79)",76.84713940984705,True,18.15286059015295,1.0
3,Greedy,V5,"(75, 0)",22.799999999999997,True,32.2,1.0
3,Greedy,V6,"(90, 25)",79.8904976890271,True,16.1095023109729,1.0
3,Greedy,V7,"(6, 74)",70.25994891518158,True,9.740051084818425,1.0
3,Greedy,V8,"(28, 9)",76.16666666666667,True,18.833333333333332,1.0
3,Greedy,V9,"(89, 88)",69.27053118720876,True,19.729468812791236,1.0
3,Greedy,V10,"(78, 46)",33.470177871865296,True,20.529822128134704,1.0
3,Auction,V1,"(42, 58)",59.97241248990059,True,14.027587510099409,1.0
3,Auction,V2,"(74, 9)",52.375,True,10.625,1.0
3,Auction,V3,"(62, 92)",28.525109944745253,True,32.47489005525475,1.0
3,Auction,V4,"(5, 9)",67.24349597022254,True,27.756504029777453,1.0
3,Auction,V5,"(57, 14)",25.43929829960345,True,29.56070170039655,1.0
3,Auction,V6,"(97, 29)",80.19377422517015,True,15.806225774829855,1.0
3,Auction,V7,"(9, 84)",70.25994891518158,True,9.740051084818425,1.0
3,Auction,V8,"(35, 9)",69.83333333333333,True,25.166666666666668,1.0
3,Auction,V9,"(66, 42)",65.85704365175049,True,23.142956348249516,1.0
3,Auction,V10,"(88, 46)",38.0,True,16.0,1.0
3,Q-Learning,V1,"(42, 58)",59.97241248990059,True,14.027587510099409,1.0
3,Q-Learning,V2,"(62, 92)",35.80196097281443,True,27.19803902718557,1.0
3,Q-Learning,V3,"(57, 14)",29.20130731520962,True,31.79869268479038,1.0
3,Q-Learning,V4,"(88, 46)",77.22712736747786,True,17.772872632522144,1.0
3,Q-Learning,V5,"(74, 9)",43.18892297237252,True,11.811077027627483,1.0
3,Q-Learning,V6,"(66, 42)",75.05891176602945,True,20.941088233970547,1.0
3,Q-Learning,V7,"(5, 9)",54.16538469123666,True,25.83461530876334,1.0
3,Q-Learning,V8,"(9, 84)",74.10512591074354,True,20.89487408925647,1.0
3,Q-Learning,V9,"(35, 9)",55.43077850606435,True,33.56922149393565,1.0
3,Q-Learning,V10,"(97, 29)",33.900980486407214,True,20.099019513592786,1.0
4,Greedy,V1,"(39, 76)",59.97241248990059,True,13.027587510099409,1.0
4,Greedy,V2,"(78, 12)",35.36312211128387,True,26.636877888716125,1.0
4,Greedy,V3,"(97, 6)",42.16666666666667,True,17.833333333333332,1.0
4,Greedy,V4,"(96, 79)",76.84713940984705,True,17.15286059015295,1.0
4,Greedy,V5,"(75, 0)",22.799999999999997,True,31.200000000000003,1.0
4,Greedy,V6,"(90, 25)",79.8904976890271,True,15.1095023109729,1.0
4,Greedy,V7,"(6, 74)",70.25994891518158,True,8.740051084818425,1.0
4,Greedy,V8,"(28, 9)",76.16666666666667,True,17.833333333333332,1.0
4,Greedy,V9,"(89, 88)",69.27053118720876,True,18.729468812791236,1.0
4,Greedy,V10,"(78, 46)",33.470177871865296,True,19.529822128134704,1.0
4,Auction,V1,"(42, 58)",59.97241248990059,True,13.027587510099409,1.0
4,Auction,V2,"(74, 9)",52.375,True,9.625,1.0
4,Auction,V3,"(62, 92)",28.525109944745253,True,31.474890055254747,1.0
4,Auction,V4,"(5, 9)",67.24349597022254,True,26.756504029777453,1.0
4,Auction,V5,"(57, 14)",25.43929829960345,True,28.56070170039655,1.0
4,Auction,V6,"(97, 29)",80.19377422517015,True,14.806225774829855,1.0
4,Auction,V7,"(9, 84)",70.25994891518158,True,8.740051084818425,1.0
4,Auction,V8,"(35, 9)",69.83333333333333,True,24.166666666666668,1.0
4,Auction,V9,"(66, 42)",65.85704365175049,True,22.142956348249516,1.0
4,Auction,V10,"(88, 46)",38.0,True,15.0,1.0
4,Q-Learning,V1,"(42, 58)",59.97241248990059,True,13.027587510099409,1.0
4,Q-Learning,V2,"(62, 92)",35.80196097281443,True,26.19803902718557,1.0
4,Q-Learning,V3,"(57, 14)",29.20130731520962,True,30.79869268479038,1.0
4,Q-Learning,V4,"(88, 46)",77.22712736747786,True,16.772872632522144,1.0
4,Q-Learning,V5,"(74, 9)",43.18892297237252,True,10.811077027627483,1.0
4,Q-Learning,V6,"(66, 42)",75.05891176602945,True,19.941088233970547,1.0
4,Q-Learning,V7,"(5, 9)",54.16538469123666,True,24.83461530876334,1.0
4,Q-Learning,V8,"(9, 84)",74.10512591074354,True,19.89487408925647,1.0
4,Q-Learning,V9,"(35, 9)",55.43077850606435,True,32.56922149393565,1.0
4,Q-Learning,V10,"(97, 29)",33.900980486407214,True,19.099019513592786,1.0
5,Greedy,V1,"(39, 76)",59.97241248990059,True,12.027587510099409,1.0
5,Greedy,V2,"(78, 12)",35.36312211128387,True,25.636877888716125,1.0
5,Greedy,V3,"(97, 6)",42.16666666666667,True,16.833333333333332,1.0
5,Greedy,V4,"(96, 79)",76.84713940984705,True,16.15286059015295,1.0
5,Greedy,V5,"(75, 0)",22.799999999999997,True,30.200000000000003,1.0
5,Greedy,V6,"(90, 25)",79.8904976890271,True,14.1095023109729,1.0
5,Greedy,V7,"(6, 74)",70.25994891518158,True,7.740051084818425,1.0
5,Greedy,V8,"(28, 9)",76.16666666666667,True,16.833333333333332,1.0
5,Greedy,V9,"(89, 88)",69.27053118720876,True,17.729468812791236,1.0
5,Greedy,V10,"(78, 46)",33.470177871865296,True,18.529822128134704,1.0
5,Auction,V1,"(42, 58)",59.97241248990059,True,12.027587510099409,1.0
5,Auction,V2,"(74, 9)",52.375,True,8.625,1.0
5,Auction,V3,"(62, 92)",28.525109944745253,True,30.474890055254747,1.0
5,Auction,V4,"(5, 9)",67.24349597022254,True,25.756504029777453,1.0
5,Auction,V5,"(57, 14)",25.43929829960345,True,27.56070170039655,1.0
5,Auction,V6,"(97, 29)",80.19377422517015,True,13.806225774829855,1.0
5,Auction,V7,"(9, 84)",70.25994891518158,True,7.740051084818425,1.0
5,Auction,V8,"(35, 9)",69.83333333333333,True,23.166666666666668,1.0
5,Auction,V9,"(66, 42)",65.85704365175049,True,21.142956348249516,1.0
5,Auction,V10,"(88, 46)",38.0,True,14.0,1.0
5,Q-Learning,V1,"(42, 58)",59.97241248990059,True,12.027587510099409,1.0
5,Q-Learning,V2,"(62, 92)",35.80196097281443,True,25.19803902718557,1.0
5,Q-Learning,V3,"(57, 14)",29.20130731520962,True,29.79869268479038,1.0
5,Q-Learning,V4,"(88, 46)",77.22712736747786,True,15.772872632522144,1.0
5,Q-Learning,V5,"(74, 9)",43.18892297237252,True,9.811077027627483,1.0
5,Q-Learning,V6,"(66, 42)",75.05891176602945,True,18.941088233970547,1.0
5,Q-Learning,V7,"(5, 9)",54.16538469123666,True,23.83461530876334,1.0
5,Q-Learning,V8,"(9, 84)",74.10512591074354,True,18.89487408925647,1.0
5,Q-Learning,V9,"(35, 9)",55.43077850606435,True,31.56922149393565,1.0
5,Q-Learning,V10,"(97, 29)",33.900980486407214,True,18.099019513592786,1.0
6,Greedy,V1,"(39, 76)",59.97241248990059,True,11.027587510099409,1.0
6,Greedy,V2,"(78, 12)",35.36312211128387,True,24.636877888716125,1.0
6,Greedy,V3,"(97, 6)",42.16666666666667,True,15.833333333333332,1.0
6,Greedy,V4,"(96, 79)",76.84713940984705,True,15.152860590152951,1.0
6,Greedy,V5,"(75, 0)",22.799999999999997,True,29.200000000000003,1.0
6,Greedy,V6,"(90, 25)",79.8904976890271,True,13.1095023109729,1.0
6,Greedy,V7,"(6, 74)",70.25994891518158,True,6.740051084818425,1.0
6,Greedy,V8,"(28, 9)",76.16666666666667,True,15.833333333333332,1.0
6,Greedy,V9,"(89, 88)",69.27053118720876,True,16.729468812791236,1.0
6,Greedy,V10,"(78, 46)",33.470177871865296,True,17.529822128134704,1.0
6,Auction,V1,"(42, 58)",59.97241248990059,True,11.027587510099409,1.0
6,Auction,V2,"(74, 9)",52.375,True,7.625,1.0
6,Auction,V3,"(62, 92)",28.525109944745253,True,29.474890055254747,1.0
6,Auction,V4,"(5, 9)",67.24349597022254,True,24.756504029777453,1.0
6,Auction,V5,"(57, 14)",25.43929829960345,True,26.56070170039655,1.0
6,Auction,V6,"(97, 29)",80.19377422517015,True,12.806225774829855,1.0
6,Auction,V7,"(9, 84)",70.25994891518158,True,6.740051084818425,1.0
6,Auction,V8,"(35, 9)",69.83333333333333,True,22.166666666666668,1.0
6,Auction,V9,"(66, 42)",65.85704365175049,True,20.142956348249516,1.0
6,Auction,V10,"(88, 46)",38.0,True,13.0,1.0
6,Q-Learning,V1,"(42, 58)",59.97241248990059,True,11.027587510099409,1.0
6,Q-Learning,V2,"(62, 92)",35.80196097281443,True,24.19803902718557,1.0
6,Q-Learning,V3,"(57, 14)",29.20130731520962,True,28.79869268479038,1.0
6,Q-Learning,V4,"(88, 46)",77.22712736747786,True,14.772872632522144,1.0
6,Q-Learning,V5,"(74, 9)",43.18892297237252,True,8.811077027627483,1.0
6,Q-Learning,V6,"(66, 42)",75.05891176602945,True,17.941088233970547,1.0
6,Q-Learning,V7,"(5, 9)",54.16538469123666,True,22.83461530876334,1.0
6,Q-Learning,V8,"(9, 84)",74.10512591074354,True,17.89487408925647,1.0
6,Q-Learning,V9,"(35, 9)",55.43077850606435,True,30.56922149393565,1.0
6,Q-Learning,V10,"(97, 29)",33.900980486407214,True,17.099019513592786,1.0
7,Greedy,V1,"(39, 76)",59.97241248990059,True,10.027587510099409,1.0
7,Greedy,V2,"(78, 12)",35.36312211128387,True,23.636877888716125,1.0
7,Greedy,V3,"(97, 6)",42.16666666666667,True,14.833333333333332,1.0
7,Greedy,V4,"(96, 79)",76.84713940984705,True,14.152860590152951,1.0
7,Greedy,V5,"(75, 0)",22.799999999999997,True,28.200000000000003,1.0
7,Greedy,V6,"(90, 25)",79.8904976890271,True,12.1095023109729,1.0
7,Greedy,V7,"(6, 74)",70.25994891518158,True,5.740051084818425,1.0
7,Greedy,V8,"(28, 9)",76.16666666666667,True,14.833333333333332,1.0
7,Greedy,V9,"(89, 88)",69.27053118720876,True,15.729468812791236,1.0
7,Greedy,V10,"(78, 46)",33.470177871865296,True,16.529822128134704,1.0
7,Auction,V1,"(42, 58)",59.97241248990059,True,10.027587510099409,1.0
7,Auction,V2,"(74, 9)",52.375,True,6.625,1.0
7,Auction,V3,"(62, 92)",28.525109944745253,True,28.474890055254747,1.0
7,Auction,V4,"(5, 9)",67.24349597022254,True,23.756504029777453,1.0
7,Auction,V5,"(57, 14)",25.43929829960345,True,25.56070170039655,1.0
7,Auction,V6,"(97, 29)",80.19377422517015,True,11.806225774829855,1.0
7,Auction,V7,"(9, 84)",70.25994891518158,True,5.740051084818425,1.0
7,Auction,V8,"(35, 9)",69.83333333333333,True,21.166666666666668,1.0
7,Auction,V9,"(66, 42)",65.85704365175049,True,19.142956348249516,1.0
7,Auction,V10,"(88, 46)",38.0,True,12.0,1.0
7,Q-Learning,V1,"(42, 58)",59.97241248990059,True,10.027587510099409,1.0
7,Q-Learning,V2,"(62, 92)",35.80196097281443,True,23.19803902718557,1.0
7,Q-Learning,V3,"(57, 14)",29.20130731520962,True,27.79869268479038,1.0
7,Q-Learning,V4,"(88, 46)",77.22712736747786,True,13.772872632522144,1.0
7,Q-Learning,V5,"(74, 9)",43.18892297237252,True,7.8110770276274835,1.0
7,Q-Learning,V6,"(66, 42)",75.05891176602945,True,16.941088233970547,1.0
7,Q-Learning,V7,"(5, 9)",54.16538469123666,True,21.83461530876334,1.0
7,Q-Learning,V8,"(9, 84)",74.10512591074354,True,16.89487408925647,1.0
7,Q-Learning,V9,"(35, 9)",55.43077850606435,True,29.56922149393565,1.0
7,Q-Learning,V10,"(97, 29)",33.900980486407214,True,16.099019513592786,1.0
8,Greedy,V1,"(39, 76)",59.97241248990059,True,9.027587510099409,1.0
8,Greedy,V2,"(78, 12)",35.36312211128387,True,22.636877888716125,1.0
8,Greedy,V3,"(97, 6)",42.16666666666667,True,13.833333333333332,1.0
8,Greedy,V4,"(96, 79)",76.84713940984705,True,13.152860590152951,1.0
8,Greedy,V5,"(75, 0)",22.799999999999997,True,27.200000000000003,1.0
8,Greedy,V6,"(90, 25)",79.8904976890271,True,11.1095023109729,1.0
8,Greedy,V7,"(6, 74)",70.25994891518158,True,4.740051084818425,1.0
8,Greedy,V8,"(28, 9)",76.16666666666667,True,13.833333333333332,1.0
8,Greedy,V9,"(89, 88)",69.27053118720876,True,14.729468812791236,1.0
8,Greedy,V10,"(78, 46)",33.470177871865296,True,15.529822128134704,1.0
8,Auction,V1,"(42, 58)",59.97241248990059,True,9.027587510099409,1.0
8,Auction,V2,"(74, 9)",52.375,True,5.625,1.0
8,Auction,V3,"(62, 92)",28.525109944745253,True,27.474890055254747,1.0
8,Auction,V4,"(5, 9)",67.24349597022254,True,22.756504029777453,1.0
8,Auction,V5,"(57, 14)",25.43929829960345,True,24.56070170039655,1.0
8,Auction,V6,"(97, 29)",80.19377422517015,True,10.806225774829855,1.0
8,Auction,V7,"(9, 84)",70.25994891518158,True,4.740051084818425,1.0
8,Auction,V8,"(35, 9)",69.83333333333333,True,20.166666666666668,1.0
8,Auction,V9,"(66, 42)",65.85704365175049,True,18.142956348249516,1.0
8,Auction,V10,"(88, 46)",38.0,True,11.0,1.0
8,Q-Learning,V1,"(42, 58)",59.97241248990059,True,9.027587510099409,1.0
8,Q-Learning,V2,"(62, 92)",35.80196097281443,True,22.19803902718557,1.0
8,Q-Learning,V3,"(57, 14)",29.20130731520962,True,26.79869268479038,1.0
8,Q-Learning,V4,"(88, 46)",77.22712736747786,True,12.772872632522144,1.0
8,Q-Learning,V5,"(74, 9)",43.18892297237252,True,6.8110770276274835,1.0
8,Q-Learning,V6,"(66, 42)",75.05891176602945,True,15.941088233970547,1.0
8,Q-Learning,V7,"(5, 9)",54.16538469123666,True,20.83461530876334,1.0
8,Q-Learning,V8,"(9, 84)",74.10512591074354,True,15.894874089256469,1.0
8,Q-Learning,V9,"(35, 9)",55.43077850606435,True,28.56922149393565,1.0
8,Q-Learning,V10,"(97, 29)",33.900980486407214,True,15.099019513592786,1.0
9,Greedy,V1,"(39, 76)",59.97241248990059,True,8.027587510099409,1.0
9,Greedy,V2,"(78, 12)",35.36312211128387,True,21.636877888716125,1.0
9,Greedy,V3,"(97, 6)",42.16666666666667,True,12.833333333333332,1.0
9,Greedy,V4,"(96, 79)",76.84713940984705,True,12.152860590152951,1.0
9,Greedy,V5,"(75, 0)",22.799999999999997,True,26.200000000000003,1.0
9,Greedy,V6,"(90, 25)",79.8904976890271,True,10.1095023109729,1.0
9,Greedy,V7,"(6, 74)",70.25994891518158,True,3.7400510848184254,1.0
9,Greedy,V8,"(28, 9)",76.16666666666667,True,12.833333333333332,1.0
9,Greedy,V9,"(89, 88)",69.27053118720876,True,13.729468812791236,1.0
9,Greedy,V10,"(78, 46)",33.470177871865296,True,14.529822128134704,1.0
9,Auction,V1,"(42, 58)",59.97241248990059,True,8.027587510099409,1.0
9,Auction,V2,"(74, 9)",52.375,True,4.625,1.0
9,Auction,V3,"(62, 92)",28.525109944745253,True,26.474890055254747,1.0
9,Auction,V4,"(5, 9)",67.24349597022254,True,21.756504029777453,1.0
9,Auction,V5,"(57, 14)",25.43929829960345,True,23.56070170039655,1.0
9,Auction,V6,"(97, 29)",80.19377422517015,True,9.806225774829855,1.0
9,Auction,V7,"(9, 84)",70.25994891518158,True,3.7400510848184254,1.0
9,Auction,V8,"(35, 9)",69.83333333333333,True,19.166666666666668,1.0
9,Auction,V9,"(66, 42)",65.85704365175049,True,17.142956348249516,1.0
9,Auction,V10,"(88, 46)",38.0,True,10.0,1.0
9,Q-Learning,V1,"(42, 58)",59.97241248990059,True,8.027587510099409,1.0
9,Q-Learning,V2,"(62, 92)",35.80196097281443,True,21.19803902718557,1.0
9,Q-Learning,V3,"(57, 14)",29.20130731520962,True,25.79869268479038,1.0
9,Q-Learning,V4,"(88, 46)",77.22712736747786,True,11.772872632522144,1.0
9,Q-Learning,V5,"(74, 9)",43.18892297237252,True,5.8110770276274835,1.0
9,Q-Learning,V6,"(66, 42)",75.05891176602945,True,14.941088233970547,1.0
9,Q-Learning,V7,"(5, 9)",54.16538469123666,True,19.83461530876334,1.0
9,Q-Learning,V8,"(9, 84)",74.10512591074354,True,14.894874089256469,1.0
9,Q-Learning,V9,"(35, 9)",55.43077850606435,True,27.56922149393565,1.0
9,Q-Learning,V10,"(97, 29)",33.900980486407214,True,14.099019513592786,1.0
10,Greedy,V1,"(39, 76)",59.97241248990059,True,7.0275875100994085,1.0
10,Greedy,V2,"(78, 12)",35.36312211128387,True,20.636877888716125,1.0
10,Greedy,V3,"(97, 6)",42.16666666666667,True,11.833333333333332,1.0
10,Greedy,V4,"(96, 79)",76.84713940984705,True,11.152860590152951,1.0
10,Greedy,V5,"(75, 0)",22.799999999999997,True,25.200000000000003,1.0
10,Greedy,V6,"(90, 25)",79.8904976890271,True,9.1095023109729,1.0
10,Greedy,V7,"(6, 74)",70.25994891518158,True,2.7400510848184254,1.0
10,Greedy,V8,"(28, 9)",76.16666666666667,True,11.833333333333332,1.0
10,Greedy,V9,"(89, 88)",69.27053118720876,True,12.729468812791236,1.0
10,Greedy,V10,"(78, 46)",33.470177871865296,True,13.529822128134704,1.0
10,Auction,V1,"(42, 58)",59.97241248990059,True,7.0275875100994085,1.0
10,Auction,V2,"(74, 9)",52.375,True,3.625,1.0
10,Auction,V3,"(62, 92)",28.525109944745253,True,25.474890055254747,1.0
10,Auction,V4,"(5, 9)",67.24349597022254,True,20.756504029777453,1.0
10,Auction,V5,"(57, 14)",25.43929829960345,True,22.56070170039655,1.0
10,Auction,V6,"(97, 29)",80.19377422517015,True,8.806225774829855,1.0
10,Auction,V7,"(9, 84)",70.25994891518158,True,2.7400510848184254,1.0
10,Auction,V8,"(35, 9)",69.83333333333333,True,18.166666666666668,1.0
10,Auction,V9,"(66, 42)",65.85704365175049,True,16.142956348249516,1.0
10,Auction,V10,"(88, 46)",38.0,True,9.0,1.0
10,Q-Learning,V1,"(42, 58)",59.97241248990059,True,7.0275875100994085,1.0
10,Q-Learning,V2,"(62, 92)",35.80196097281443,True,20.19803902718557,1.0
10,Q-Learning,V3,"(57, 14)",29.20130731520962,True,24.79869268479038,1.0
10,Q-Learning,V4,"(88, 46)",77.22712736747786,True,10.772872632522144,1.0
10,Q-Learning,V5,"(74, 9)",43.18892297237252,True,4.8110770276274835,1.0
10,Q-Learning,V6,"(66, 42)",75.05891176602945,True,13.941088233970547,1.0
10,Q-Learning,V7,"(5, 9)",54.16538469123666,True,18.83461530876334,1.0
10,Q-Learning,V8,"(9, 84)",74.10512591074354,True,13.894874089256469,1.0
10,Q-Learning,V9,"(35, 9)",55.43077850606435,True,26.56922149393565,1.0
10,Q-Learning,V10,"(97, 29)",33.900980486407214,True,13.099019513592786,1.0
11,Greedy,V1,"(39, 76)",59.97241248990059,True,6.0275875100994085,1.0
11,Greedy,V2,"(78, 12)",35.36312211128387,True,19.636877888716125,1.0
11,Greedy,V3,"(97, 6)",42.16666666666667,True,10.833333333333332,1.0
11,Greedy,V4,"(96, 79)",76.84713940984705,True,10.152860590152951,1.0
11,Greedy,V5,"(75, 0)",22.799999999999997,True,24.200000000000003,1.0
11,Greedy,V6,"(90, 25)",79.8904976890271,True,8.1095023109729,1.0
11,Greedy,V7,"(6, 74)",70.25994891518158,True,1.7400510848184254,1.0
11,Greedy,V8,"(28, 9)",76.16666666666667,True,10.833333333333332,1.0
11,Greedy,V9,"(89, 88)",69.27053118720876,True,11.729468812791236,1.0
11,Greedy,V10,"(78, 46)",33.470177871865296,True,12.529822128134704,1.0
11,Auction,V1,"(42, 58)",59.97241248990059,True,6.0275875100994085,1.0
11,Auction,V2,"(74, 9)",52.375,True,2.625,1.0
11,Auction,V3,"(62, 92)",28.525109944745253,True,24.474890055254747,1.0
11,Auction,V4,"(5, 9)",67.24349597022254,True,19.756504029777453,1.0
11,Auction,V5,"(57, 14)",25.43929829960345,True,21.56070170039655,1.0
11,Auction,V6,"(97, 29)",80.19377422517015,True,7.806225774829855,1.0
11,Auction,V7,"(9, 84)",70.25994891518158,True,1.7400510848184254,1.0
11,Auction,V8,"(35, 9)",69.83333333333333,True,17.166666666666668,1.0
11,Auction,V9,"(66, 42)",65.85704365175049,True,15.142956348249516,1.0
11,Auction,V10,"(88, 46)",38.0,True,8.0,1.0
11,Q-Learning,V1,"(42, 58)",59.97241248990059,True,6.0275875100994085,1.0
11,Q-Learning,V2,"(62, 92)",35.80196097281443,True,19.19803902718557,1.0
11,Q-Learning,V3,"(57, 14)",29.20130731520962,True,23.79869268479038,1.0
11,Q-Learning,V4,"(88, 46)",77.22712736747786,True,9.772872632522144,1.0
11,Q-Learning,V5,"(74, 9)",43.18892297237252,True,3.8110770276274835,1.0
11,Q-Learning,V6,"(66, 42)",75.05891176602945,True,12.941088233970547,1.0
11,Q-Learning,V7,"(5, 9)",54.16538469123666,True,17.83461530876334,1.0
11,Q-Learning,V8,"(9, 84)",74.10512591074354,True,12.894874089256469,1.0
11,Q-Learning,V9,"(35, 9)",55.43077850606435,True,25.56922149393565,1.0
11,Q-Learning,V10,"(97, 29)",33.900980486407214,True,12.099019513592786,1.0
12,Greedy,V1,"(39, 76)",59.97241248990059,True,5.0275875100994085,1.0
12,Greedy,V2,"(78, 12)",35.36312211128387,True,18.636877888716125,1.0
12,Greedy,V3,"(97, 6)",42.16666666666667,True,9.833333333333332,1.0
12,Greedy,V4,"(96, 79)",76.84713940984705,True,9.152860590152951,1.0
12,Greedy,V5,"(75, 0)",22.799999999999997,True,23.200000000000003,1.0
12,Greedy,V6,"(90, 25)",79.8904976890271,True,7.1095023109729,1.0
12,Greedy,V7,"(6, 74)",70.25994891518158,True,0.7400510848184254,1.0
12,Greedy,V8,"(28, 9)",76.16666666666667,True,9.833333333333332,1.0
12,Greedy,V9,"(89, 88)",69.27053118720876,True,10.729468812791236,1.0
12,Greedy,V10,"(78, 46)",33.470177871865296,True,11.529822128134704,1.0
12,Auction,V1,"(42, 58)",59.97241248990059,True,5.0275875100994085,1.0
12,Auction,V2,"(74, 9)",52.375,True,1.625,1.0
12,Auction,V3,"(62, 92)",28.525109944745253,True,23.474890055254747,1.0
12,Auction,V4,"(5, 9)",67.24349597022254,True,18.756504029777453,1.0
12,Auction,V5,"(57, 14)",25.43929829960345,True,20.56070170039655,1.0
12,Auction,V6,"(97, 29)",80.19377422517015,True,6.806225774829855,1.0
12,Auction,V7,"(9, 84)",70.25994891518158,True,0.7400510848184254,1.0
12,Auction,V8,"(35, 9)",69.83333333333333,True,16.166666666666668,1.0
12,Auction,V9,"(66, 42)",65.85704365175049,True,14.142956348249516,1.0
12,Auction,V10,"(88, 46)",38.0,True,7.0,1.0
12,Q-Learning,V1,"(42, 58)",59.97241248990059,True,5.0275875100994085,1.0
12,Q-Learning,V2,"(62, 92)",35.80196097281443,True,18.19803902718557,1.0
12,Q-Learning,V3,"(57, 14)",29.20130731520962,True,22.79869268479038,1.0
12,Q-Learning,V4,"(88, 46)",77.22712736747786,True,8.772872632522144,1.0
12,Q-Learning,V5,"(74, 9)",43.18892297237252,True,2.8110770276274835,1.0
12,Q-Learning,V6,"(66, 42)",75.05891176602945,True,11.941088233970547,1.0
12,Q-Learning,V7,"(5, 9)",54.16538469123666,True,16.83461530876334,1.0
12,Q-Learning,V8,"(9, 84)",74.10512591074354,True,11.894874089256469,1.0
12,Q-Learning,V9,"(35, 9)",55.43077850606435,True,24.56922149393565,1.0
12,Q-Learning,V10,"(97, 29)",33.900980486407214,True,11.099019513592786,1.0
13,Greedy,V1,"(39, 76)",59.97241248990059,True,4.0275875100994085,1.0
13,Greedy,V2,"(78, 12)",35.36312211128387,True,17.636877888716125,1.0
13,Greedy,V3,"(97, 6)",42.16666666666667,True,8.833333333333332,1.0
13,Greedy,V4,"(96, 79)",76.84713940984705,True,8.152860590152951,1.0
13,Greedy,V5,"(75, 0)",22.799999999999997,True,22.200000000000003,1.0
13,Greedy,V6,"(90, 25)",79.8904976890271,True,6.1095023109729,1.0
13,Greedy,V7,"(6, 74)",30.593282248514917,True,39.666666666666664,1.0
13,Greedy,V8,"(28, 9)",76.16666666666667,True,8.833333333333332,1.0
13,Greedy,V9,"(89, 88)",69.27053118720876,True,9.729468812791236,1.0
13,Greedy,V10,"(78, 46)",33.470177871865296,True,10.529822128134704,1.0
13,Auction,V1,"(42, 58)",59.97241248990059,True,4.0275875100994085,1.0
13,Auction,V2,"(74, 9)",52.375,True,0.625,1.0
13,Auction,V3,"(62, 92)",28.525109944745253,True,22.474890055254747,1.0
13,Auction,V4,"(5, 9)",67.24349597022254,True,17.756504029777453,1.0
13,Auction,V5,"(57, 14)",25.43929829960345,True,19.56070170039655,1.0
13,Auction,V6,"(97, 29)",80.19377422517015,True,5.806225774829855,1.0
13,Auction,V7,"(55, 57)",38.370192013118526,True,31.889756902063056,1.0
13,Auction,V8,"(35, 9)",69.83333333333333,True,15.166666666666668,1.0
13,Auction,V9,"(66, 42)",65.85704365175049,True,13.142956348249516,1.0
13,Auction,V10,"(88, 46)",38.0,True,6.0,1.0
13,Q-Learning,V1,"(42, 58)",59.97241248990059,True,4.0275875100994085,1.0
13,Q-Learning,V2,"(62, 92)",35.80196097281443,True,17.19803902718557,1.0
13,Q-Learning,V3,"(57, 14)",29.20130731520962,True,21.79869268479038,1.0
13,Q-Learning,V4,"(88, 46)",77.22712736747786,True,7.772872632522144,1.0
13,Q-Learning,V5,"(74, 9)",43.18892297237252,True,1.8110770276274835,1.0
13,Q-Learning,V6,"(66, 42)",75.05891176602945,True,10.941088233970547,1.0
13,Q-Learning,V7,"(5, 9)",54.16538469123666,True,15.83461530876334,1.0
13,Q-Learning,V8,"(9, 84)",74.10512591074354,True,10.894874089256469,1.0
13,Q-Learning,V9,"(35, 9)",55.43077850606435,True,23.56922149393565,1.0
13,Q-Learning,V10,"(97, 29)",33.900980486407214,True,10.099019513592786,1.0
14,Greedy,V1,"(39, 76)",59.97241248990059,True,3.0275875100994085,1.0
14,Greedy,V2,"(78, 12)",35.36312211128387,True,16.636877888716125,1.0
14,Greedy,V3,"(97, 6)",42.16666666666667,True,7.833333333333332,1.0
14,Greedy,V4,"(96, 79)",76.84713940984705,True,7.152860590152951,1.0
14,Greedy,V5,"(75, 0)",22.799999999999997,True,21.200000000000003,1.0
14,Greedy,V6,"(90, 25)",79.8904976890271,True,5.1095023109729,1.0
14,Greedy,V7,"(6, 74)",30.593282248514917,True,38.666666666666664,1.0
14,Greedy,V8,"(28, 9)",76.16666666666667,True,7.833333333333332,1.0
14,Greedy,V9,"(89, 88)",69.27053118720876,True,8.729468812791236,1.0
14,Greedy,V10,"(78, 46)",33.470177871865296,True,9.529822128134704,1.0
14,Auction,V1,"(42, 58)",59.97241248990059,True,3.0275875100994085,1.0
14,Auction,V2,"(62, 32)",21.13221955723179,True,31.24278044276821,1.0
14,Auction,V3,"(62, 92)",28.525109944745253,True,21.474890055254747,1.0
14,Auction,V4,"(5, 9)",67.24349597022254,True,16.756504029777453,1.0
14,Auction,V5,"(57, 14)",25.43929829960345,True,18.56070170039655,1.0
14,Auction,V6,"(97, 29)",80.19377422517015,True,4.806225774829855,1.0
14,Auction,V7,"(55, 57)",38.370192013118526,True,30.889756902063056,1.0
14,Auction,V8,"(35, 9)",69.83333333333333,True,14.166666666666668,1.0
14,Auction,V9,"(66, 42)",65.85704365175049,True,12.142956348249516,1.0
14,Auction,V10,"(88, 46)",38.0,True,5.0,1.0
14,Q-Learning,V1,"(42, 58)",59.97241248990059,True,3.0275875100994085,1.0
14,Q-Learning,V2,"(62, 92)",35.80196097281443,True,16.19803902718557,1.0
14,Q-Learning,V3,"(57, 14)",29.20130731520962,True,20.79869268479038,1.0
14,Q-Learning,V4,"(88, 46)",77.22712736747786,True,6.772872632522144,1.0
14,Q-Learning,V5,"(74, 9)",43.18892297237252,True,0.8110770276274835,1.0
14,Q-Learning,V6,"(66, 42)",75.05891176602945,True,9.941088233970547,1.0
14,Q-Learning,V7,"(5, 9)",54.16538469123666,True,14.83461530876334,1.0
14,Q-Learning,V8,"(9, 84)",74.10512591074354,True,9.894874089256469,1.0
14,Q-Learning,V9,"(35, 9)",55.43077850606435,True,22.56922149393565,1.0
14,Q-Learning,V10,"(97, 29)",33.900980486407214,True,9.099019513592786,1.0
15,Greedy,V1,"(39, 76)",59.97241248990059,True,2.0275875100994085,1.0
15,Greedy,V2,"(78, 12)",35.36312211128387,True,15.636877888716125,1.0
15,Greedy,V3,"(97, 6)",42.16666666666667,True,6.833333333333332,1.0
15,Greedy,V4,"(96, 79)",76.84713940984705,True,6.152860590152951,1.0
15,Greedy,V5,"(75, 0)",22.799999999999997,True,20.200000000000003,1.0
15,Greedy,V6,"(90, 25)",79.8904976890271,True,4.1095023109729,1.0
15,Greedy,V7,"(6, 74)",30.593282248514917,True,37.666666666666664,1.0
15,Greedy,V8,"(28, 9)",76.16666666666667,True,6.833333333333332,1.0
15,Greedy,V9,"(89, 88)",69.27053118720876,True,7.729468812791236,1.0
15,Greedy,V10,"(78, 46)",33.470177871865296,True,8.529822128134704,1.0
15,Auction,V1,"(42, 58)",59.97241248990059,True,2.0275875100994085,1.0
15,Auction,V2,"(62, 32)",21.13221955723179,True,30.24278044276821,1.0
15,Auction,V3,"(62, 92)",28.525109944745253,True,20.474890055254747,1.0
15,Auction,V4,"(5, 9)",67.24349597022254,True,15.756504029777453,1.0
15,Auction,V5,"(57, 14)",25.43929829960345,True,17.56070170039655,1.0
15,Auction,V6,"(97, 29)",80.19377422517015,True,3.806225774829855,1.0
15,Auction,V7,"(55, 57)",38.370192013118526,True,29.889756902063056,1.0
15,Auction,V8,"(35, 9)",69.83333333333333,True,13.166666666666668,1.0
15,Auction,V9,"(66, 42)",65.85704365175049,True,11.142956348249516,1.0
15,Auction,V10,"(88, 46)",38.0,True,4.0,1.0
15,Q-Learning,V1,"(42, 58)",59.97241248990059,True,2.0275875100994085,1.0
15,Q-Learning,V2,"(62, 92)",35.80196097281443,True,15.198039027185569,1.0
15,Q-Learning,V3,"(57, 14)",29.20130731520962,True,19.79869268479038,1.0
15,Q-Learning,V4,"(88, 46)",77.22712736747786,True,5.772872632522144,1.0
15,Q-Learning,V5,"(62, 32)",10.000474263943381,True,33.188448708429135,1.0
15,Q-Learning,V6,"(66, 42)",75.05891176602945,True,8.941088233970547,1.0
15,Q-Learning,V7,"(5, 9)",54.16538469123666,True,13.83461530876334,1.0
15,Q-Learning,V8,"(9, 84)",74.10512591074354,True,8.894874089256469,1.0
15,Q-Learning,V9,"(35, 9)",55.43077850606435,True,21.56922149393565,1.0
15,Q-Learning,V10,"(97, 29)",33.900980486407214,True,8.099019513592786,1.0
16,Greedy,V1,"(39, 76)",59.97241248990059,True,1.0275875100994085,1.0
16,Greedy,V2,"(78, 12)",35.36312211128387,True,14.636877888716125,1.0
16,Greedy,V3,"(97, 6)",42.16666666666667,True,5.833333333333332,1.0
16,Greedy,V4,"(96, 79)",76.84713940984705,True,5.152860590152951,1.0
16,Greedy,V5,"(75, 0)",22.799999999999997,True,19.200000000000003,1.0
16,Greedy,V6,"(90, 25)",79.8904976890271,True,3.1095023109729,1.0
16,Greedy,V7,"(6, 74)",30.593282248514917,True,36.666666666666664,1.0
16,Greedy,V8,"(28, 9)",76.16666666666667,True,5.833333333333332,1.0
16,Greedy,V9,"(89, 88)",69.27053118720876,True,6.729468812791236,1.0
16,Greedy,V10,"(78, 46)",33.470177871865296,True,7.529822128134704,1.0
16,Auction,V1,"(42, 58)",59.97241248990059,True,1.0275875100994085,1.0
16,Auction,V2,"(62, 32)",21.13221955723179,True,29.24278044276821,1.0
16,Auction,V3,"(62, 92)",28.525109944745253,True,19.474890055254747,1.0
16,Auction,V4,"(5, 9)",67.24349597022254,True,14.756504029777453,1.0
16,Auction,V5,"(57, 14)",25.43929829960345,True,16.56070170039655,1.0
16,Auction,V6,"(97, 29)",80.19377422517015,True,2.806225774829855,1.0
16,Auction,V7,"(55, 57)",38.370192013118526,True,28.889756902063056,1.0
16,Auction,V8,"(35, 9)",69.83333333333333,True,12.166666666666668,1.0
16,Auction,V9,"(66, 42)",65.85704365175049,True,10.142956348249516,1.0
16,Auction,V10,"(88, 46)",38.0,True,3.0,1.0
16,Q-Learning,V1,"(42, 58)",59.97241248990059,True,1.0275875100994085,1.0
16,Q-Learning,V2,"(62, 92)",35.80196097281443,True,14.198039027185569,1.0
16,Q-Learning,V3,"(57, 14)",29.20130731520962,True,18.79869268479038,1.0
16,Q-Learning,V4,"(88, 46)",77.22712736747786,True,4.772872632522144,1.0
16,Q-Learning,V5,"(62, 32)",10.000474263943381,True,32.188448708429135,1.0
16,Q-Learning,V6,"(66, 42)",75.05891176602945,True,7.941088233970547,1.0
16,Q-Learning,V7,"(5, 9)",54.16538469123666,True,12.83461530876334,1.0
16,Q-Learning,V8,"(9, 84)",74.10512591074354,True,7.894874089256469,1.0
16,Q-Learning,V9,"(35, 9)",55.43077850606435,True,20.56922149393565,1.0
16,Q-Learning,V10,"(97, 29)",33.900980486407214,True,7.099019513592786,1.0
17,Greedy,V1,"(39, 76)",59.97241248990059,True,0.02758751009940852,1.0
17,Greedy,V2,"(78, 12)",35.36312211128387,True,13.636877888716125,1.0
17,Greedy,V3,"(97, 6)",42.16666666666667,True,4.833333333333332,1.0
17,Greedy,V4,"(96, 79)",76.84713940984705,True,4.152860590152951,1.0
17,Greedy,V5,"(75, 0)",22.799999999999997,True,18.200000000000003,1.0
17,Greedy,V6,"(90, 25)",79.8904976890271,True,2.1095023109729,1.0
17,Greedy,V7,"(6, 74)",30.593282248514917,True,35.666666666666664,1.0
17,Greedy,V8,"(28, 9)",76.16666666666667,True,4.833333333333332,1.0
17,Greedy,V9,"(89, 88)",69.27053118720876,True,5.729468812791236,1.0
17,Greedy,V10,"(78, 46)",33.470177871865296,True,6.529822128134704,1.0
17,Auction,V1,"(42, 58)",59.97241248990059,True,0.02758751009940852,1.0
17,Auction,V2,"(62, 32)",21.13221955723179,True,28.24278044276821,1.0
17,Auction,V3,"(62, 92)",28.525109944745253,True,18.474890055254747,1.0
17,Auction,V4,"(5, 9)",67.24349597022254,True,13.756504029777453,1.0
17,Auction,V5,"(57, 14)",25.43929829960345,True,15.56070170039655,1.0
17,Auction,V6,"(97, 29)",80.19377422517015,True,1.806225774829855,1.0
17,Auction,V7,"(55, 57)",38.370192013118526,True,27.889756902063056,1.0
17,Auction,V8,"(35, 9)",69.83333333333333,True,11.166666666666668,1.0
17,Auction,V9,"(66, 42)",65.85704365175049,True,9.142956348249516,1.0
17,Auction,V10,"(88, 46)",38.0,True,2.0,1.0
17,Q-Learning,V1,"(42, 58)",59.97241248990059,True,0.02758751009940852,1.0
17,Q-Learning,V2,"(62, 92)",35.80196097281443,True,13.198039027185569,1.0
17,Q-Learning,V3,"(57, 14)",29.20130731520962,True,17.79869268479038,1.0
17,Q-Learning,V4,"(88, 46)",77.22712736747786,True,3.7728726325221444,1.0
17,Q-Learning,V5,"(62, 32)",10.000474263943381,True,31.188448708429135,1.0
17,Q-Learning,V6,"(66, 42)",75.05891176602945,True,6.941088233970547,1.0
17,Q-Learning,V7,"(5, 9)",54.16538469123666,True,11.83461530876334,1.0
17,Q-Learning,V8,"(9, 84)",74.10512591074354,True,6.894874089256469,1.0
17,Q-Learning,V9,"(35, 9)",55.43077850606435,True,19.56922149393565,1.0
17,Q-Learning,V10,"(97, 29)",33.900980486407214,True,6.099019513592786,1.0
18,Greedy,V1,"(39, 76)",34.21246974581743,True,25.759942744083162,1.0
18,Greedy,V2,"(78, 12)",35.36312211128387,True,12.636877888716125,1.0
18,Greedy,V3,"(97, 6)",42.16666666666667,True,3.833333333333332,1.0
18,Greedy,V4,"(96, 79)",76.84713940984705,True,3.152860590152951,1.0
18,Greedy,V5,"(75, 0)",22.799999999999997,True,17.200000000000003,1.0
18,Greedy,V6,"(90, 25)",79.8904976890271,True,1.1095023109728999,1.0
18,Greedy,V7,"(6, 74)",30.593282248514917,True,34.666666666666664,1.0
18,Greedy,V8,"(28, 9)",76.16666666666667,True,3.833333333333332,1.0
18,Greedy,V9,"(89, 88)",69.27053118720876,True,4.729468812791236,1.0
18,Greedy,V10,"(78, 46)",33.470177871865296,True,5.529822128134704,1.0
18,Auction,V1,"(37, 45)",43.424813792435685,True,16.547598697464903,1.0
18,Auction,V2,"(62, 32)",21.13221955723179,True,27.24278044276821,1.0
18,Auction,V3,"(62, 92)",28.525109944745253,True,17.474890055254747,1.0
18,Auction,V4,"(5, 9)",67.24349597022254,True,12.756504029777453,1.0
18,Auction,V5,"(57, 14)",25.43929829960345,True,14.56070170039655,1.0
18,Auction,V6,"(97, 29)",80.19377422517015,True,0.8062257748298549,1.0
18,Auction,V7,"(55, 57)",38.370192013118526,True,26.889756902063056,1.0
18,Auction,V8,"(35, 9)",69.83333333333333,True,10.166666666666668,1.0
18,Auction,V9,"(66, 42)",65.85704365175049,True,8.142956348249516,1.0
18,Auction,V10,"(88, 46)",38.0,True,1.0,1.0
18,Q-Learning,V1,"(55, 57)",35.5237008443,True,24.44871164560059,1.0
18,Q-Learning,V2,"(62, 92)",35.80196097281443,True,12.198039027185569,1.0
18,Q-Learning,V3,"(57, 14)",29.20130731520962,True,16.79869268479038,1.0
18,Q-Learning,V4,"(88, 46)",77.22712736747786,True,2.7728726325221444,1.0
18,Q-Learning,V5,"(62, 32)",10.000474263943381,True,30.188448708429135,1.0
18,Q-Learning,V6,"(66, 42)",75.05891176602945,True,5.941088233970547,1.0
18,Q-Learning,V7,"(5, 9)",54.16538469123666,True,10.83461530876334,1.0
18,Q-Learning,V8,"(9, 84)",74.10512591074354,True,5.894874089256469,1.0
18,Q-Learning,V9,"(35, 9)",55.43077850606435,True,18.56922149393565,1.0
18,Q-Learning,V10,"(97, 29)",33.900980486407214,True,5.099019513592786,1.0
19,Greedy,V1,"(39, 76)",34.21246974581743,True,24.759942744083162,1.0
19,Greedy,V2,"(78, 12)",35.36312211128387,True,11.636877888716125,1.0
19,Greedy,V3,"(97, 6)",42.16666666666667,True,2.833333333333332,1.0
19,Greedy,V4,"(96, 79)",76.84713940984705,True,2.152860590152951,1.0
19,Greedy,V5,"(75, 0)",22.799999999999997,True,16.200000000000003,1.0
19,Greedy,V6,"(90, 25)",79.8904976890271,True,0.10950231097289986,1.0
19,Greedy,V7,"(6, 74)",30.593282248514917,True,33.666666666666664,1.0
19,Greedy,V8,"(28, 9)",76.16666666666667,True,2.833333333333332,1.0
19,Greedy,V9,"(89, 88)",69.27053118720876,True,3.729468812791236,1.0
19,Greedy,V10,"(78, 46)",33.470177871865296,True,4.529822128134704,1.0
19,Auction,V1,"(37, 45)",43.424813792435685,True,15.547598697464903,1.0
19,Auction,V2,"(62, 32)",21.13221955723179,True,26.24278044276821,1.0
19,Auction,V3,"(62, 92)",28.525109944745253,True,16.474890055254747,1.0
19,Auction,V4,"(5, 9)",67.24349597022254,True,11.756504029777453,1.0
19,Auction,V5,"(57, 14)",25.43929829960345,True,13.56070170039655,1.0
19,Auction,V6,"(51, 1)",63.808609418035644,True,16.385164807134505,1.0
19,Auction,V7,"(55, 57)",38.370192013118526,True,25.889756902063056,1.0
19,Auction,V8,"(35, 9)",69.83333333333333,True,9.166666666666668,1.0
19,Auction,V9,"(66, 42)",65.85704365175049,True,7.142956348249516,1.0
19,Auction,V10,"(54, 48)",2.188245453629442,True,35.81175454637056,1.0
19,Q-Learning,V1,"(55, 57)",35.5237008443,True,23.44871164560059,1.0
19,Q-Learning,V2,"(62, 92)",35.80196097281443,True,11.198039027185569,1.0
19,Q-Learning,V3,"(57, 14)",29.20130731520962,True,15.798692684790382,1.0
19,Q-Learning,V4,"(88, 46)",77.22712736747786,True,1.7728726325221444,1.0
19,Q-Learning,V5,"(62, 32)",10.000474263943381,True,29.188448708429135,1.0
19,Q-Learning,V6,"(66, 42)",75.05891176602945,True,4.941088233970547,1.0
19,Q-Learning,V7,"(5, 9)",54.16538469123666,True,9.83461530876334,1.0
19,Q-Learning,V8,"(9, 84)",74.10512591074354,True,4.894874089256469,1.0
19,Q-Learning,V9,"(35, 9)",55.43077850606435,True,17.56922149393565,1.0
19,Q-Learning,V10,"(97, 29)",33.900980486407214,True,4.099019513592786,1.0
20,Greedy,V1,"(39, 76)",34.21246974581743,True,23.759942744083162,1.0
20,Greedy,V2,"(78, 12)",35.36312211128387,True,10.636877888716125,1.0
20,Greedy,V3,"(97, 6)",42.16666666666667,True,1.8333333333333321,1.0
20,Greedy,V4,"(96, 79)",76.84713940984705,True,1.152860590152951,1.0
20,Greedy,V5,"(75, 0)",22.799999999999997,True,15.200000000000003,1.0
20,Greedy,V6,"(90, 25)",64.31119643228497,True,15.579301256742124,1.0
20,Greedy,V7,"(6, 74)",30.593282248514917,True,32.666666666666664,1.0
20,Greedy,V8,"(28, 9)",76.16666666666667,True,1.8333333333333321,1.0
20,Greedy,V9,"(89, 88)",69.27053118720876,True,2.729468812791236,1.0
20,Greedy,V10,"(78, 46)",33.470177871865296,True,3.529822128134704,1.0
20,Auction,V1,"(37, 45)",43.424813792435685,True,14.547598697464903,1.0
20,Auction,V2,"(62, 32)",21.13221955723179,True,25.24278044276821,1.0
20,Auction,V3,"(62, 92)",28.525109944745253,True,15.474890055254747,1.0
20,Auction,V4,"(5, 9)",67.24349597022254,True,10.756504029777453,1.0
20,Auction,V5,"(57, 14)",25.43929829960345,True,12.56070170039655,1.0
20,Auction,V6,"(51, 1)",63.808609418035644,True,15.385164807134505,1.0
20,Auction,V7,"(55, 57)",38.370192013118526,True,24.889756902063056,1.0
20,Auction,V8,"(35, 9)",69.83333333333333,True,8.166666666666668,1.0
20,Auction,V9,"(66, 42)",65.85704365175049,True,6.142956348249516,1.0
20,Auction,V10,"(54, 48)",2.188245453629442,True,34.81175454637056,1.0
20,Q-Learning,V1,"(55, 57)",35.5237008443,True,22.44871164560059,1.0
20,Q-Learning,V2,"(62, 92)",35.80196097281443,True,10.198039027185569,1.0
20,Q-Learning,V3,"(57, 14)",29.20130731520962,True,14.798692684790382,1.0
20,Q-Learning,V4,"(88, 46)",77.22712736747786,True,0.7728726325221444,1.0
20,Q-Learning,V5,"(62, 32)",10.000474263943381,True,28.188448708429135,1.0
20,Q-Learning,V6,"(66, 42)",75.05891176602945,True,3.9410882339705466,1.0
20,Q-Learning,V7,"(5, 9)",54.16538469123666,True,8.83461530876334,1.0
20,Q-Learning,V8,"(9, 84)",74.10512591074354,True,3.8948740892564686,1.0
20,Q-Learning,V9,"(35, 9)",55.43077850606435,True,16.56922149393565,1.0
20,Q-Learning,V10,"(97, 29)",33.900980486407214,True,3.0990195135927863,1.0
21,Greedy,V1,"(39, 76)",34.21246974581743,True,22.759942744083162,1.0
21,Greedy,V2,"(78, 12)",35.36312211128387,True,9.636877888716125,1.0
21,Greedy,V3,"(97, 6)",42.16666666666667,True,0.8333333333333321,1.0
21,Greedy,V4,"(96, 79)",76.84713940984705,True,0.15286059015295095,1.0
21,Greedy,V5,"(75, 0)",22.799999999999997,True,14.200000000000003,1.0
21,Greedy,V6,"(90, 25)",64.31119643228497,True,14.579301256742124,1.0
21,Greedy,V7,"(6, 74)",30.593282248514917,True,31.666666666666664,1.0
21,Greedy,V8,"(28, 9)",76.16666666666667,True,0.8333333333333321,1.0
21,Greedy,V9,"(89, 88)",69.27053118720876,True,1.7294688127912359,1.0
21,Greedy,V10,"(78, 46)",33.470177871865296,True,2.529822128134704,1.0
21,Auction,V1,"(37, 45)",43.424813792435685,True,13.547598697464903,1.0
21,Auction,V2,"(62, 32)",21.13221955723179,True,24.24278044276821,1.0
21,Auction,V3,"(62, 92)",28.525109944745253,True,14.474890055254747,1.0
21,Auction,V4,"(5, 9)",67.24349597022254,True,9.756504029777453,1.0
21,Auction,V5,"(57, 14)",25.43929829960345,True,11.56070170039655,1.0
21,Auction,V6,"(51, 1)",63.808609418035644,True,14.385164807134505,1.0
21,Auction,V7,"(55, 57)",38.370192013118526,True,23.889756902063056,1.0
21,Auction,V8,"(35, 9)",69.83333333333333,True,7.166666666666668,1.0
21,Auction,V9,"(66, 42)",65.85704365175049,True,5.142956348249516,1.0
21,Auction,V10,"(54, 48)",2.188245453629442,True,33.81175454637056,1.0
21,Q-Learning,V1,"(55, 57)",35.5237008443,True,21.44871164560059,1.0
21,Q-Learning,V2,"(62, 92)",35.80196097281443,True,9.198039027185569,1.0
21,Q-Learning,V3,"(57, 14)",29.20130731520962,True,13.798692684790382,1.0
21,Q-Learning,V4,"(51, 1)",59.75401107253141,True,17.473116294946447,1.0
21,Q-Learning,V5,"(62, 32)",10.000474263943381,True,27.188448708429135,1.0
21,Q-Learning,V6,"(66, 42)",75.05891176602945,True,2.9410882339705466,1.0
21,Q-Learning,V7,"(5, 9)",54.16538469123666,True,7.83461530876334,1.0
21,Q-Learning,V8,"(9, 84)",74.10512591074354,True,2.8948740892564686,1.0
21,Q-Learning,V9,"(35, 9)",55.43077850606435,True,15.56922149393565,1.0
21,Q-Learning,V10,"(97, 29)",33.900980486407214,True,2.0990195135927863,1.0
22,Greedy,V1,"(39, 76)",34.21246974581743,True,21.759942744083162,1.0
22,Greedy,V2,"(78, 12)",35.36312211128387,True,8.636877888716125,1.0
22,Greedy,V3,"(97, 6)",7.957293954368126,True,34.209372712298546,1.0
22,Greedy,V4,"(96, 79)",54.28097039374339,True,22.566169016103654,1.0
22,Greedy,V5,"(75, 0)",22.799999999999997,True,13.200000000000003,1.0
22,Greedy,V6,"(90, 25)",64.31119643228497,True,13.579301256742124,1.0
22,Greedy,V7,"(6, 74)",30.593282248514917,True,30.666666666666664,1.0
22,Greedy,V8,"(28, 9)",39.35463890316136,True,36.81202776350531,1.0
22,Greedy,V9,"(89, 88)",69.27053118720876,True,0.7294688127912359,1.0
22,Greedy,V10,"(78, 46)",33.470177871865296,True,1.529822128134704,1.0
22,Auction,V1,"(37, 45)",43.424813792435685,True,12.547598697464903,1.0
22,Auction,V2,"(62, 32)",21.13221955723179,True,23.24278044276821,1.0
22,Auction,V3,"(62, 92)",28.525109944745253,True,13.474890055254747,1.0
22,Auction,V4,"(5, 9)",67.24349597022254,True,8.756504029777453,1.0
22,Auction,V5,"(57, 14)",25.43929829960345,True,10.56070170039655,1.0
22,Auction,V6,"(51, 1)",63.808609418035644,True,13.385164807134505,1.0
22,Auction,V7,"(55, 57)",38.370192013118526,True,22.889756902063056,1.0
22,Auction,V8,"(35, 9)",69.83333333333333,True,6.166666666666668,1.0
22,Auction,V9,"(66, 42)",65.85704365175049,True,4.142956348249516,1.0
22,Auction,V10,"(54, 48)",2.188245453629442,True,32.81175454637056,1.0
22,Q-Learning,V1,"(55, 57)",35.5237008443,True,20.44871164560059,1.0
22,Q-Learning,V2,"(62, 92)",35.80196097281443,True,8.198039027185569,1.0
22,Q-Learning,V3,"(57, 14)",29.20130731520962,True,12.798692684790382,1.0
22,Q-Learning,V4,"(51, 1)",59.75401107253141,True,16.473116294946447,1.0
22,Q-Learning,V5,"(62, 32)",10.000474263943381,True,26.188448708429135,1.0
22,Q-Learning,V6,"(66, 42)",75.05891176602945,True,1.9410882339705466,1.0
22,Q-Learning,V7,"(5, 9)",54.16538469123666,True,6.83461530876334,1.0
22,Q-Learning,V8,"(9, 84)",74.10512591074354,True,1.8948740892564686,1.0
22,Q-Learning,V9,"(35, 9)",55.43077850606435,True,14.56922149393565,1.0
22,Q-Learning,V10,"(97, 29)",33.900980486407214,True,1.0990195135927863,1.0
23,Greedy,V1,"(39, 76)",34.21246974581743,True,20.759942744083162,1.0
23,Greedy,V2,"(78, 12)",35.36312211128387,True,7.636877888716125,1.0
23,Greedy,V3,"(97, 6)",7.957293954368126,True,33.209372712298546,1.0
23,Greedy,V4,"(96, 79)",54.28097039374339,True,21.566169016103654,1.0
23,Greedy,V5,"(75, 0)",22.799999999999997,True,12.200000000000003,1.0
23,Greedy,V6,"(90, 25)",64.31119643228497,True,12.579301256742124,1.0
23,Greedy,V7,"(6, 74)",30.593282248514917,True,29.666666666666664,1.0
23,Greedy,V8,"(28, 9)",39.35463890316136,True,35.81202776350531,1.0
23,Greedy,V9,"(89, 88)",38.17053118720876,True,31.1,1.0
23,Greedy,V10,"(78, 46)",33.470177871865296,True,0.529822128134704,1.0
23,Auction,V1,"(37, 45)",43.424813792435685,True,11.547598697464903,1.0
23,Auction,V2,"(62, 32)",21.13221955723179,True,22.24278044276821,1.0
23,Auction,V3,"(62, 92)",28.525109944745253,True,12.474890055254747,1.0
23,Auction,V4,"(5, 9)",67.24349597022254,True,7.756504029777453,1.0
23,Auction,V5,"(57, 14)",25.43929829960345,True,9.56070170039655,1.0
23,Auction,V6,"(51, 1)",63.808609418035644,True,12.385164807134505,1.0
23,Auction,V7,"(55, 57)",38.370192013118526,True,21.889756902063056,1.0
23,Auction,V8,"(35, 9)",69.83333333333333,True,5.166666666666668,1.0
23,Auction,V9,"(66, 42)",65.85704365175049,True,3.142956348249516,1.0
23,Auction,V10,"(54, 48)",2.188245453629442,True,31.811754546370558,1.0
23,Q-Learning,V1,"(55, 57)",35.5237008443,True,19.44871164560059,1.0
23,Q-Learning,V2,"(62, 92)",35.80196097281443,True,7.198039027185569,1.0
23,Q-Learning,V3,"(57, 14)",29.20130731520962,True,11.798692684790382,1.0
23,Q-Learning,V4,"(51, 1)",59.75401107253141,True,15.473116294946447,1.0
23,Q-Learning,V5,"(62, 32)",10.000474263943381,True,25.188448708429135,1.0
23,Q-Learning,V6,"(66, 42)",75.05891176602945,True,0.9410882339705466,1.0
23,Q-Learning,V7,"(5, 9)",54.16538469123666,True,5.83461530876334,1.0
23,Q-Learning,V8,"(9, 84)",74.10512591074354,True,0.8948740892564686,1.0
23,Q-Learning,V9,"(35, 9)",55.43077850606435,True,13.56922149393565,1.0
23,Q-Learning,V10,"(97, 29)",33.900980486407214,True,0.09901951359278627,1.0
24,Greedy,V1,"(39, 76)",34.21246974581743,True,19.759942744083162,1.0
24,Greedy,V2,"(78, 12)",35.36312211128387,True,6.636877888716125,1.0
24,Greedy,V3,"(97, 6)",7.957293954368126,True,32.209372712298546,1.0
24,Greedy,V4,"(96, 79)",54.28097039374339,True,20.566169016103654,1.0
24,Greedy,V5,"(75, 0)",22.799999999999997,True,11.200000000000003,1.0
24,Greedy,V6,"(90, 25)",64.31119643228497,True,11.579301256742124,1.0
24,Greedy,V7,"(6, 74)",30.593282248514917,True,28.666666666666664,1.0
24,Greedy,V8,"(28, 9)",39.35463890316136,True,34.81202776350531,1.0
24,Greedy,V9,"(89, 88)",38.17053118720876,True,30.1,1.0
24,Greedy,V10,"(78, 46)",1.1456225515285396,True,32.324555320336756,1.0
24,Auction,V1,"(37, 45)",43.424813792435685,True,10.547598697464903,1.0
24,Auction,V2,"(62, 32)",21.13221955723179,True,21.24278044276821,1.0
24,Auction,V3,"(62, 92)",28.525109944745253,True,11.474890055254747,1.0
24,Auction,V4,"(5, 9)",67.24349597022254,True,6.756504029777453,1.0
24,Auction,V5,"(57, 14)",25.43929829960345,True,8.56070170039655,1.0
24,Auction,V6,"(51, 1)",63.808609418035644,True,11.385164807134505,1.0
24,Auction,V7,"(55, 57)",38.370192013118526,True,20.889756902063056,1.0
24,Auction,V8,"(35, 9)",69.83333333333333,True,4.166666666666668,1.0
24,Auction,V9,"(66, 42)",65.85704365175049,True,2.142956348249516,1.0
24,Auction,V10,"(54, 48)",2.188245453629442,True,30.811754546370558,1.0
24,Q-Learning,V1,"(55, 57)",35.5237008443,True,18.44871164560059,1.0
24,Q-Learning,V2,"(62, 92)",35.80196097281443,True,6.198039027185569,1.0
24,Q-Learning,V3,"(57, 14)",29.20130731520962,True,10.798692684790382,1.0
24,Q-Learning,V4,"(51, 1)",59.75401107253141,True,14.473116294946447,1.0
24,Q-Learning,V5,"(62, 32)",10.000474263943381,True,24.188448708429135,1.0
24,Q-Learning,V6,"(54, 48)",44.71727097952958,True,30.341640786499873,1.0
24,Q-Learning,V7,"(5, 9)",54.16538469123666,True,4.83461530876334,1.0
24,Q-Learning,V8,"(25, 96)",55.77179257741021,True,18.333333333333332,1.0
24,Q-Learning,V9,"(35, 9)",55.43077850606435,True,12.56922149393565,1.0
24,Q-Learning,V10,"(76, 12)",0.49727805196469177,True,33.40370243444252,1.0
25,Greedy,V1,"(39, 76)",34.21246974581743,True,18.759942744083162,1.0
25,Greedy,V2,"(78, 12)",35.36312211128387,True,5.636877888716125,1.0
25,Greedy,V3,"(97, 6)",7.957293954368126,True,31.209372712298546,1.0
25,Greedy,V4,"(96, 79)",54.28097039374339,True,19.566169016103654,1.0
25,Greedy,V5,"(75, 0)",22.799999999999997,True,10.200000000000003,1.0
25,Greedy,V6,"(90, 25)",64.31119643228497,True,10.579301256742124,1.0
25,Greedy,V7,"(6, 74)",30.593282248514917,True,27.666666666666664,1.0
25,Greedy,V8,"(28, 9)",39.35463890316136,True,33.81202776350531,1.0
25,Greedy,V9,"(89, 88)",38.17053118720876,True,29.1,1.0
25,Greedy,V10,"(78, 46)",1.1456225515285396,True,31.324555320336756,1.0
25,Auction,V1,"(37, 45)",43.424813792435685,True,9.547598697464903,1.0
25,Auction,V2,"(62, 32)",21.13221955723179,True,20.24278044276821,1.0
25,Auction,V3,"(62, 92)",28.525109944745253,True,10.474890055254747,1.0
25,Auction,V4,"(5, 9)",67.24349597022254,True,5.756504029777453,1.0
25,Auction,V5,"(57, 14)",25.43929829960345,True,7.5607017003965495,1.0
25,Auction,V6,"(51, 1)",63.808609418035644,True,10.385164807134505,1.0
25,Auction,V7,"(55, 57)",38.370192013118526,True,19.889756902063056,1.0
25,Auction,V8,"(35, 9)",69.83333333333333,True,3.166666666666668,1.0
25,Auction,V9,"(66, 42)",65.85704365175049,True,1.1429563482495162,1.0
25,Auction,V10,"(54, 48)",2.188245453629442,True,29.811754546370558,1.0
25,Q-Learning,V1,"(55, 57)",35.5237008443,True,17.44871164560059,1.0
25,Q-Learning,V2,"(62, 92)",35.80196097281443,True,5.198039027185569,1.0
25,Q-Learning,V3,"(57, 14)",29.20130731520962,True,9.798692684790382,1.0
25,Q-Learning,V4,"(51, 1)",59.75401107253141,True,13.473116294946447,1.0
25,Q-Learning,V5,"(62, 32)",10.000474263943381,True,23.188448708429135,1.0
25,Q-Learning,V6,"(54, 48)",44.71727097952958,True,29.341640786499873,1.0
25,Q-Learning,V7,"(5, 9)",54.16538469123666,True,3.8346153087633397,1.0
25,Q-Learning,V8,"(25, 96)",55.77179257741021,True,17.333333333333332,1.0
25,Q-Learning,V9,"(35, 9)",55.43077850606435,True,11.56922149393565,1.0
25,Q-Learning,V10,"(76, 12)",0.49727805196469177,True,32.40370243444252,1.0
26,Greedy,V1,"(39, 76)",34.21246974581743,True,17.759942744083162,1.0
26,Greedy,V2,"(78, 12)",35.36312211128387,True,4.636877888716125,1.0
26,Greedy,V3,"(97, 6)",7.957293954368126,True,30.209372712298546,1.0
26,Greedy,V4,"(96, 79)",54.28097039374339,True,18.566169016103654,1.0
26,Greedy,V5,"(75, 0)",22.799999999999997,True,9.200000000000003,1.0
26,Greedy,V6,"(90, 25)",64.31119643228497,True,9.579301256742124,1.0
26,Greedy,V7,"(6, 74)",30.593282248514917,True,26.666666666666664,1.0
26,Greedy,V8,"(28, 9)",39.35463890316136,True,32.81202776350531,1.0
26,Greedy,V9,"(89, 88)",38.17053118720876,True,28.1,1.0
26,Greedy,V10,"(78, 46)",1.1456225515285396,True,30.324555320336756,1.0
26,Auction,V1,"(37, 45)",43.424813792435685,True,8.547598697464903,1.0
26,Auction,V2,"(62, 32)",21.13221955723179,True,19.24278044276821,1.0
26,Auction,V3,"(62, 92)",28.525109944745253,True,9.474890055254747,1.0
26,Auction,V4,"(5, 9)",67.24349597022254,True,4.756504029777453,1.0
26,Auction,V5,"(57, 14)",25.43929829960345,True,6.5607017003965495,1.0
26,Auction,V6,"(51, 1)",63.808609418035644,True,9.385164807134505,1.0
26,Auction,V7,"(55, 57)",38.370192013118526,True,18.889756902063056,1.0
26,Auction,V8,"(35, 9)",69.83333333333333,True,2.166666666666668,1.0
26,Auction,V9,"(66, 42)",65.85704365175049,True,0.1429563482495162,1.0
26,Auction,V10,"(54, 48)",2.188245453629442,True,28.811754546370558,1.0
26,Q-Learning,V1,"(55, 57)",35.5237008443,True,16.44871164560059,1.0
26,Q-Learning,V2,"(62, 92)",35.80196097281443,True,4.198039027185569,1.0
26,Q-Learning,V3,"(57, 14)",29.20130731520962,True,8.798692684790382,1.0
26,Q-Learning,V4,"(51, 1)",59.75401107253141,True,12.473116294946447,1.0
26,Q-Learning,V5,"(62, 32)",10.000474263943381,True,22.188448708429135,1.0
26,Q-Learning,V6,"(54, 48)",44.71727097952958,True,28.341640786499873,1.0
26,Q-Learning,V7,"(5, 9)",54.16538469123666,True,2.8346153087633397,1.0
26,Q-Learning,V8,"(25, 96)",55.77179257741021,True,16.333333333333332,1.0
26,Q-Learning,V9,"(35, 9)",55.43077850606435,True,10.56922149393565,1.0
26,Q-Learning,V10,"(76, 12)",0.49727805196469177,True,31.403702434442522,1.0
27,Greedy,V1,"(39, 76)",34.21246974581743,True,16.759942744083162,1.0
27,Greedy,V2,"(78, 12)",35.36312211128387,True,3.636877888716125,1.0
27,Greedy,V3,"(97, 6)",7.957293954368126,True,29.209372712298546,1.0
27,Greedy,V4,"(96, 79)",54.28097039374339,True,17.566169016103654,1.0
27,Greedy,V5,"(75, 0)",22.799999999999997,True,8.200000000000003,1.0
27,Greedy,V6,"(90, 25)",64.31119643228497,True,8.579301256742124,1.0
27,Greedy,V7,"(6, 74)",30.593282248514917,True,25.666666666666664,1.0
27,Greedy,V8,"(28, 9)",39.35463890316136,True,31.812027763505313,1.0
27,Greedy,V9,"(89, 88)",38.17053118720876,True,27.1,1.0
27,Greedy,V10,"(78, 46)",1.1456225515285396,True,29.324555320336756,1.0
27,Auction,V1,"(37, 45)",43.424813792435685,True,7.5475986974649025,1.0
27,Auction,V2,"(62, 32)",21.13221955723179,True,18.24278044276821,1.0
27,Auction,V3,"(62, 92)",28.525109944745253,True,8.474890055254747,1.0
27,Auction,V4,"(5, 9)",67.24349597022254,True,3.756504029777453,1.0
27,Auction,V5,"(57, 14)",25.43929829960345,True,5.5607017003965495,1.0
27,Auction,V6,"(51, 1)",63.808609418035644,True,8.385164807134505,1.0
27,Auction,V7,"(55, 57)",38.370192013118526,True,17.889756902063056,1.0
27,Auction,V8,"(35, 9)",69.83333333333333,True,1.1666666666666679,1.0
27,Auction,V9,"(68, 76)",36.451166378565205,True,29.40587727318528,1.0
27,Auction,V10,"(54, 48)",2.188245453629442,True,27.811754546370558,1.0
27,Q-Learning,V1,"(55, 57)",35.5237008443,True,15.44871164560059,1.0
27,Q-Learning,V2,"(62, 92)",35.80196097281443,True,3.198039027185569,1.0
27,Q-Learning,V3,"(57, 14)",29.20130731520962,True,7.798692684790382,1.0
27,Q-Learning,V4,"(51, 1)",59.75401107253141,True,11.473116294946447,1.0
27,Q-Learning,V5,"(62, 32)",10.000474263943381,True,21.188448708429135,1.0
27,Q-Learning,V6,"(54, 48)",44.71727097952958,True,27.341640786499873,1.0
27,Q-Learning,V7,"(5, 9)",54.16538469123666,True,1.8346153087633397,1.0
27,Q-Learning,V8,"(25, 96)",55.77179257741021,True,15.333333333333332,1.0
27,Q-Learning,V9,"(35, 9)",55.43077850606435,True,9.56922149393565,1.0
27,Q-Learning,V10,"(76, 12)",0.49727805196469177,True,30.403702434442522,1.0
28,Greedy,V1,"(39, 76)",34.21246974581743,True,15.759942744083162,1.0
28,Greedy,V2,"(78, 12)",35.36312211128387,True,2.636877888716125,1.0
28,Greedy,V3,"(97, 6)",7.957293954368126,True,28.209372712298546,1.0
28,Greedy,V4,"(96, 79)",54.28097039374339,True,16.566169016103654,1.0
28,Greedy,V5,"(75, 0)",22.799999999999997,True,7.200000000000003,1.0
28,Greedy,V6,"(90, 25)",64.31119643228497,True,7.579301256742124,1.0
28,Greedy,V7,"(6, 74)",30.593282248514917,True,24.666666666666664,1.0
28,Greedy,V8,"(28, 9)",39.35463890316136,True,30.812027763505313,1.0
28,Greedy,V9,"(89, 88)",38.17053118720876,True,26.1,1.0
28,Greedy,V10,"(78, 46)",1.1456225515285396,True,28.324555320336756,1.0
28,Auction,V1,"(37, 45)",43.424813792435685,True,6.5475986974649025,1.0
28,Auction,V2,"(62, 32)",21.13221955723179,True,17.24278044276821,1.0
28,Auction,V3,"(62, 92)",28.525109944745253,True,7.474890055254747,1.0
28,Auction,V4,"(5, 9)",67.24349597022254,True,2.756504029777453,1.0
28,Auction,V5,"(57, 14)",25.43929829960345,True,4.5607017003965495,1.0
28,Auction,V6,"(51, 1)",63.808609418035644,True,7.385164807134505,1.0
28,Auction,V7,"(55, 57)",38.370192013118526,True,16.889756902063056,1.0
28,Auction,V8,"(35, 9)",69.83333333333333,True,0.16666666666666785,1.0
28,Auction,V9,"(68, 76)",36.451166378565205,True,28.40587727318528,1.0
28,Auction,V10,"(54, 48)",2.188245453629442,True,26.811754546370558,1.0
28,Q-Learning,V1,"(55, 57)",35.5237008443,True,14.44871164560059,1.0
28,Q-Learning,V2,"(62, 92)",35.80196097281443,True,2.198039027185569,1.0
28,Q-Learning,V3,"(57, 14)",29.20130731520962,True,6.798692684790382,1.0
28,Q-Learning,V4,"(51, 1)",59.75401107253141,True,10.473116294946447,1.0
28,Q-Learning,V5,"(62, 32)",10.000474263943381,True,20.188448708429135,1.0
28,Q-Learning,V6,"(54, 48)",44.71727097952958,True,26.341640786499873,1.0
28,Q-Learning,V7,"(5, 9)",54.16538469123666,True,0.8346153087633397,1.0
28,Q-Learning,V8,"(25, 96)",55.77179257741021,True,14.333333333333332,1.0
28,Q-Learning,V9,"(35, 9)",55.43077850606435,True,8.56922149393565,1.0
28,Q-Learning,V10,"(76, 12)",0.49727805196469177,True,29.403702434442522,1.0
29,Greedy,V1,"(39, 76)",34.21246974581743,True,14.759942744083162,1.0
29,Greedy,V2,"(78, 12)",35.36312211128387,True,1.6368778887161248,1.0
29,Greedy,V3,"(97, 6)",7.957293954368126,True,27.209372712298546,1.0
29,Greedy,V4,"(96, 79)",54.28097039374339,True,15.566169016103654,1.0
29,Greedy,V5,"(75, 0)",22.799999999999997,True,6.200000000000003,1.0
29,Greedy,V6,"(90, 25)",64.31119643228497,True,6.579301256742124,1.0
29,Greedy,V7,"(6, 74)",30.593282248514917,True,23.666666666666664,1.0
29,Greedy,V8,"(28, 9)",39.35463890316136,True,29.812027763505313,1.0
29,Greedy,V9,"(89, 88)",38.17053118720876,True,25.1,1.0
29,Greedy,V10,"(78, 46)",1.1456225515285396,True,27.324555320336756,1.0
29,Auction,V1,"(37, 45)",43.424813792435685,True,5.5475986974649025,1.0
29,Auction,V2,"(62, 32)",21.13221955723179,True,16.24278044276821,1.0
29,Auction,V3,"(62, 92)",28.525109944745253,True,6.474890055254747,1.0
29,Auction,V4,"(5, 9)",67.24349597022254,True,1.756504029777453,1.0
29,Auction,V5,"(57, 14)",25.43929829960345,True,3.5607017003965495,1.0
29,Auction,V6,"(51, 1)",63.808609418035644,True,6.385164807134505,1.0
29,Auction,V7,"(55, 57)",38.370192013118526,True,15.889756902063056,1.0
29,Auction,V8,"(17, 26)",39.70686053228668,True,30.12647280104665,1.0
29,Auction,V9,"(68, 76)",36.451166378565205,True,27.40587727318528,1.0
29,Auction,V10,"(54, 48)",2.188245453629442,True,25.811754546370558,1.0
29,Q-Learning,V1,"(55, 57)",35.5237008443,True,13.44871164560059,1.0
29,Q-Learning,V2,"(62, 92)",35.80196097281443,True,1.198039027185569,1.0
29,Q-Learning,V3,"(57, 14)",29.20130731520962,True,5.798692684790382,1.0
29,Q-Learning,V4,"(51, 1)",59.75401107253141,True,9.473116294946447,1.0
29,Q-Learning,V5,"(62, 32)",10.000474263943381,True,19.188448708429135,1.0
29,Q-Learning,V6,"(54, 48)",44.71727097952958,True,25.341640786499873,1.0
29,Q-Learning,V7,"(37, 45)",31.137654972041794,True,23.027729719194866,1.0
29,Q-Learning,V8,"(25, 96)",55.77179257741021,True,13.333333333333332,1.0
29,Q-Learning,V9,"(35, 9)",55.43077850606435,True,7.56922149393565,1.0
29,Q-Learning,V10,"(76, 12)",0.49727805196469177,True,28.403702434442522,1.0
30,Greedy,V1,"(39, 76)",34.21246974581743,True,13.759942744083162,1.0
30,Greedy,V2,"(78, 12)",35.36312211128387,True,0.6368778887161248,1.0
30,Greedy,V3,"(97, 6)",7.957293954368126,True,26.209372712298546,1.0
30,Greedy,V4,"(96, 79)",54.28097039374339,True,14.566169016103654,1.0
30,Greedy,V5,"(75, 0)",22.799999999999997,True,5.200000000000003,1.0
30,Greedy,V6,"(90, 25)",64.31119643228497,True,5.579301256742124,1.0
30,Greedy,V7,"(6, 74)",30.593282248514917,True,22.666666666666664,1.0
30,Greedy,V8,"(28, 9)",39.35463890316136,True,28.812027763505313,1.0
30,Greedy,V9,"(89, 88)",38.17053118720876,True,24.1,1.0
30,Greedy,V10,"(78, 46)",1.1456225515285396,True,26.324555320336756,1.0
30,Auction,V1,"(37, 45)",43.424813792435685,True,4.5475986974649025,1.0
30,Auction,V2,"(62, 32)",21.13221955723179,True,15.242780442768211,1.0
30,Auction,V3,"(62, 92)",28.525109944745253,True,5.474890055254747,1.0
30,Auction,V4,"(5, 9)",67.24349597022254,True,0.756504029777453,1.0
30,Auction,V5,"(57, 14)",25.43929829960345,True,2.5607017003965495,1.0
30,Auction,V6,"(51, 1)",63.808609418035644,True,5.385164807134505,1.0
30,Auction,V7,"(55, 57)",38.370192013118526,True,14.889756902063056,1.0
30,Auction,V8,"(17, 26)",39.70686053228668,True,29.12647280104665,1.0
30,Auction,V9,"(68, 76)",36.451166378565205,True,26.40587727318528,1.0
30,Auction,V10,"(54, 48)",2.188245453629442,True,24.811754546370558,1.0
30,Q-Learning,V1,"(55, 57)",35.5237008443,True,12.44871164560059,1.0
30,Q-Learning,V2,"(62, 92)",35.80196097281443,True,0.19803902718556898,1.0
30,Q-Learning,V3,"(57, 14)",29.20130731520962,True,4.798692684790382,1.0
30,Q-Learning,V4,"(51, 1)",59.75401107253141,True,8.473116294946447,1.0
30,Q-Learning,V5,"(62, 32)",10.000474263943381,True,18.188448708429135,1.0
30,Q-Learning,V6,"(54, 48)",44.71727097952958,True,24.341640786499873,1.0
30,Q-Learning,V7,"(37, 45)",31.137654972041794,True,22.027729719194866,1.0
30,Q-Learning,V8,"(25, 96)",55.77179257741021,True,12.333333333333332,1.0
30,Q-Learning,V9,"(35, 9)",55.43077850606435,True,6.56922149393565,1.0
30,Q-Learning,V10,"(76, 12)",0.49727805196469177,True,27.403702434442522,1.0
31,Greedy,V1,"(39, 76)",34.21246974581743,True,12.759942744083162,1.0
31,Greedy,V2,"(78, 12)",14.985110500189961,True,20.37801161109391,1.0
31,Greedy,V3,"(97, 6)",7.957293954368126,True,25.209372712298546,1.0
31,Greedy,V4,"(96, 79)",54.28097039374339,True,13.566169016103654,1.0
31,Greedy,V5,"(75, 0)",22.799999999999997,True,4.200000000000003,1.0
31,Greedy,V6,"(90, 25)",64.31119643228497,True,4.579301256742124,1.0
31,Greedy,V7,"(6, 74)",30.593282248514917,True,21.666666666666664,1.0
31,Greedy,V8,"(28, 9)",39.35463890316136,True,27.812027763505313,1.0
31,Greedy,V9,"(89, 88)",38.17053118720876,True,23.1,1.0
31,Greedy,V10,"(78, 46)",1.1456225515285396,True,25.324555320336756,1.0
31,Auction,V1,"(37, 45)",43.424813792435685,True,3.5475986974649025,1.0
31,Auction,V2,"(62, 32)",21.13221955723179,True,14.242780442768211,1.0
31,Auction,V3,"(62, 92)",28.525109944745253,True,4.474890055254747,1.0
31,Auction,V4,"(78, 88)",25.291947695089334,True,41.951548275133206,1.0
31,Auction,V5,"(57, 14)",25.43929829960345,True,1.5607017003965495,1.0
31,Auction,V6,"(51, 1)",63.808609418035644,True,4.385164807134505,1.0
31,Auction,V7,"(55, 57)",38.370192013118526,True,13.889756902063056,1.0
31,Auction,V8,"(17, 26)",39.70686053228668,True,28.12647280104665,1.0
31,Auction,V9,"(68, 76)",36.451166378565205,True,25.40587727318528,1.0
31,Auction,V10,"(54, 48)",2.188245453629442,True,23.811754546370558,1.0
31,Q-Learning,V1,"(55, 57)",35.5237008443,True,11.44871164560059,1.0
31,Q-Learning,V2,"(78, 88)",3.7404081600056003,True,32.06155281280883,1.0
31,Q-Learning,V3,"(57, 14)",29.20130731520962,True,3.7986926847903817,1.0
31,Q-Learning,V4,"(51, 1)",59.75401107253141,True,7.473116294946447,1.0
31,Q-Learning,V5,"(62, 32)",10.000474263943381,True,17.188448708429135,1.0
31,Q-Learning,V6,"(54, 48)",44.71727097952958,True,23.341640786499873,1.0
31,Q-Learning,V7,"(37, 45)",31.137654972041794,True,21.027729719194866,1.0
31,Q-Learning,V8,"(25, 96)",55.77179257741021,True,11.333333333333332,1.0
31,Q-Learning,V9,"(35, 9)",55.43077850606435,True,5.56922149393565,1.0
31,Q-Learning,V10,"(76, 12)",0.49727805196469177,True,26.403702434442522,1.0
32,Greedy,V1,"(39, 76)",34.21246974581743,True,11.759942744083162,1.0
32,Greedy,V2,"(78, 12)",14.985110500189961,True,19.37801161109391,1.0
32,Greedy,V3,"(97, 6)",7.957293954368126,True,24.209372712298546,1.0
32,Greedy,V4,"(96, 79)",54.28097039374339,True,12.566169016103654,1.0
32,Greedy,V5,"(75, 0)",22.799999999999997,True,3.200000000000003,1.0
32,Greedy,V6,"(90, 25)",64.31119643228497,True,3.5793012567421236,1.0
32,Greedy,V7,"(6, 74)",30.593282248514917,True,20.666666666666664,1.0
32,Greedy,V8,"(28, 9)",39.35463890316136,True,26.812027763505313,1.0
32,Greedy,V9,"(89, 88)",38.17053118720876,True,22.1,1.0
32,Greedy,V10,"(78, 46)",1.1456225515285396,True,24.324555320336756,1.0
32,Auction,V1,"(37, 45)",43.424813792435685,True,2.5475986974649025,1.0
32,Auction,V2,"(62, 32)",21.13221955723179,True,13.242780442768211,1.0
32,Auction,V3,"(62, 92)",28.525109944745253,True,3.474890055254747,1.0
32,Auction,V4,"(78, 88)",25.291947695089334,True,40.951548275133206,1.0
32,Auction,V5,"(57, 14)",25.43929829960345,True,0.5607017003965495,1.0
32,Auction,V6,"(51, 1)",63.808609418035644,True,3.3851648071345046,1.0
32,Auction,V7,"(55, 57)",38.370192013118526,True,12.889756902063056,1.0
32,Auction,V8,"(17, 26)",39.70686053228668,True,27.12647280104665,1.0
32,Auction,V9,"(68, 76)",36.451166378565205,True,24.40587727318528,1.0
32,Auction,V10,"(54, 48)",2.188245453629442,True,22.811754546370558,1.0
32,Q-Learning,V1,"(55, 57)",35.5237008443,True,10.44871164560059,1.0
32,Q-Learning,V2,"(78, 88)",3.7404081600056003,True,31.061552812808827,1.0
32,Q-Learning,V3,"(57, 14)",29.20130731520962,True,2.7986926847903817,1.0
32,Q-Learning,V4,"(51, 1)",59.75401107253141,True,6.473116294946447,1.0
32,Q-Learning,V5,"(62, 32)",10.000474263943381,True,16.188448708429135,1.0
32,Q-Learning,V6,"(54, 48)",44.71727097952958,True,22.341640786499873,1.0
32,Q-Learning,V7,"(37, 45)",31.137654972041794,True,20.027729719194866,1.0
32,Q-Learning,V8,"(25, 96)",55.77179257741021,True,10.333333333333332,1.0
32,Q-Learning,V9,"(35, 9)",55.43077850606435,True,4.56922149393565,1.0
32,Q-Learning,V10,"(76, 12)",0.49727805196469177,True,25.403702434442522,1.0
33,Greedy,V1,"(39, 76)",34.21246974581743,True,10.759942744083162,1.0
33,Greedy,V2,"(78, 12)",14.985110500189961,True,18.37801161109391,1.0
33,Greedy,V3,"(97, 6)",7.957293954368126,True,23.209372712298546,1.0
33,Greedy,V4,"(96, 79)",54.28097039374339,True,11.566169016103654,1.0
33,Greedy,V5,"(75, 0)",22.799999999999997,True,2.200000000000003,1.0
33,Greedy,V6,"(90, 25)",64.31119643228497,True,2.5793012567421236,1.0
33,Greedy,V7,"(6, 74)",30.593282248514917,True,19.666666666666664,1.0
33,Greedy,V8,"(28, 9)",39.35463890316136,True,25.812027763505313,1.0
33,Greedy,V9,"(89, 88)",38.17053118720876,True,21.1,1.0
33,Greedy,V10,"(78, 46)",1.1456225515285396,True,23.324555320336756,1.0
33,Auction,V1,"(37, 45)",43.424813792435685,True,1.5475986974649025,1.0
33,Auction,V2,"(62, 32)",21.13221955723179,True,12.242780442768211,1.0
33,Auction,V3,"(62, 92)",28.525109944745253,True,2.474890055254747,1.0
33,Auction,V4,"(78, 88)",25.291947695089334,True,39.951548275133206,1.0
33,Auction,V5,"(35, 52)",3.6574989395633892,True,21.78179936004006,1.0
33,Auction,V6,"(51, 1)",63.808609418035644,True,2.3851648071345046,1.0
33,Auction,V7,"(55, 57)",38.370192013118526,True,11.889756902063056,1.0
33,Auction,V8,"(17, 26)",39.70686053228668,True,26.12647280104665,1.0
33,Auction,V9,"(68, 76)",36.451166378565205,True,23.40587727318528,1.0
33,Auction,V10,"(54, 48)",2.188245453629442,True,21.811754546370558,1.0
33,Q-Learning,V1,"(55, 57)",35.5237008443,True,9.44871164560059,1.0
33,Q-Learning,V2,"(78, 88)",3.7404081600056003,True,30.061552812808827,1.0
33,Q-Learning,V3,"(57, 14)",29.20130731520962,True,1.7986926847903817,1.0
33,Q-Learning,V4,"(51, 1)",59.75401107253141,True,5.473116294946447,1.0
33,Q-Learning,V5,"(62, 32)",10.000474263943381,True,15.188448708429135,1.0
33,Q-Learning,V6,"(54, 48)",44.71727097952958,True,21.341640786499873,1.0
33,Q-Learning,V7,"(37, 45)",31.137654972041794,True,19.027729719194866,1.0
33,Q-Learning,V8,"(25, 96)",55.77179257741021,True,9.333333333333332,1.0
33,Q-Learning,V9,"(35, 9)",55.43077850606435,True,3.5692214939356504,1.0
33,Q-Learning,V10,"(76, 12)",0.49727805196469177,True,24.403702434442522,1.0
34,Greedy,V1,"(39, 76)",34.21246974581743,True,9.759942744083162,1.0
34,Greedy,V2,"(78, 12)",14.985110500189961,True,17.37801161109391,1.0
34,Greedy,V3,"(97, 6)",7.957293954368126,True,22.209372712298546,1.0
34,Greedy,V4,"(96, 79)",54.28097039374339,True,10.566169016103654,1.0
34,Greedy,V5,"(75, 0)",22.799999999999997,True,1.2000000000000028,1.0
34,Greedy,V6,"(90, 25)",64.31119643228497,True,1.5793012567421236,1.0
34,Greedy,V7,"(6, 74)",30.593282248514917,True,18.666666666666664,1.0
34,Greedy,V8,"(28, 9)",39.35463890316136,True,24.812027763505313,1.0
34,Greedy,V9,"(89, 88)",38.17053118720876,True,20.1,1.0
34,Greedy,V10,"(78, 46)",1.1456225515285396,True,22.324555320336756,1.0
34,Auction,V1,"(37, 45)",43.424813792435685,True,0.5475986974649025,1.0
34,Auction,V2,"(62, 32)",21.13221955723179,True,11.242780442768211,1.0
34,Auction,V3,"(62, 92)",28.525109944745253,True,1.4748900552547468,1.0
34,Auction,V4,"(78, 88)",25.291947695089334,True,38.951548275133206,1.0
34,Auction,V5,"(35, 52)",3.6574989395633892,True,20.78179936004006,1.0
34,Auction,V6,"(51, 1)",63.808609418035644,True,1.3851648071345046,1.0
34,Auction,V7,"(55, 57)",38.370192013118526,True,10.889756902063056,1.0
34,Auction,V8,"(17, 26)",39.70686053228668,True,25.12647280104665,1.0
34,Auction,V9,"(68, 76)",36.451166378565205,True,22.40587727318528,1.0
34,Auction,V10,"(54, 48)",2.188245453629442,True,20.811754546370558,1.0
34,Q-Learning,V1,"(55, 57)",35.5237008443,True,8.44871164560059,1.0
34,Q-Learning,V2,"(78, 88)",3.7404081600056003,True,29.061552812808827,1.0
34,Q-Learning,V3,"(57, 14)",29.20130731520962,True,0.7986926847903817,1.0
34,Q-Learning,V4,"(51, 1)",59.75401107253141,True,4.473116294946447,1.0
34,Q-Learning,V5,"(62, 32)",10.000474263943381,True,14.188448708429135,1.0
34,Q-Learning,V6,"(54, 48)",44.71727097952958,True,20.341640786499873,1.0
34,Q-Learning,V7,"(37, 45)",31.137654972041794,True,18.027729719194866,1.0
34,Q-Learning,V8,"(25, 96)",55.77179257741021,True,8.333333333333332,1.0
34,Q-Learning,V9,"(35, 9)",55.43077850606435,True,2.5692214939356504,1.0
34,Q-Learning,V10,"(76, 12)",0.49727805196469177,True,23.403702434442522,1.0
35,Greedy,V1,"(39, 76)",34.21246974581743,True,8.759942744083162,1.0
35,Greedy,V2,"(78, 12)",14.985110500189961,True,16.37801161109391,1.0
35,Greedy,V3,"(97, 6)",7.957293954368126,True,21.209372712298546,1.0
35,Greedy,V4,"(96, 79)",54.28097039374339,True,9.566169016103654,1.0
35,Greedy,V5,"(75, 0)",22.799999999999997,True,0.20000000000000284,1.0
35,Greedy,V6,"(90, 25)",64.31119643228497,True,0.5793012567421236,1.0
35,Greedy,V7,"(6, 74)",30.593282248514917,True,17.666666666666664,1.0
35,Greedy,V8,"(28, 9)",39.35463890316136,True,23.812027763505313,1.0
35,Greedy,V9,"(89, 88)",38.17053118720876,True,19.1,1.0
35,Greedy,V10,"(78, 46)",1.1456225515285396,True,21.324555320336756,1.0
35,Auction,V1,"(38, 47)",23.17636179493571,True,20.248451997499977,1.0
35,Auction,V2,"(62, 32)",21.13221955723179,True,10.242780442768211,1.0
35,Auction,V3,"(62, 92)",28.525109944745253,True,0.4748900552547468,1.0
35,Auction,V4,"(78, 88)",25.291947695089334,True,37.951548275133206,1.0
35,Auction,V5,"(35, 52)",3.6574989395633892,True,19.78179936004006,1.0
35,Auction,V6,"(51, 1)",63.808609418035644,True,0.3851648071345046,1.0
35,Auction,V7,"(55, 57)",38.370192013118526,True,9.889756902063056,1.0
35,Auction,V8,"(17, 26)",39.70686053228668,True,24.12647280104665,1.0
35,Auction,V9,"(68, 76)",36.451166378565205,True,21.40587727318528,1.0
35,Auction,V10,"(54, 48)",2.188245453629442,True,19.811754546370558,1.0
35,Q-Learning,V1,"(55, 57)",35.5237008443,True,7.448711645600589,1.0
35,Q-Learning,V2,"(78, 88)",3.7404081600056003,True,28.061552812808827,1.0
35,Q-Learning,V3,"(65, 16)",1.8269387733370657,True,27.374368541872553,1.0
35,Q-Learning,V4,"(51, 1)",59.75401107253141,True,3.473116294946447,1.0
35,Q-Learning,V5,"(62, 32)",10.000474263943381,True,13.188448708429135,1.0
35,Q-Learning,V6,"(54, 48)",44.71727097952958,True,19.341640786499873,1.0
35,Q-Learning,V7,"(37, 45)",31.137654972041794,True,17.027729719194866,1.0
35,Q-Learning,V8,"(25, 96)",55.77179257741021,True,7.333333333333332,1.0
35,Q-Learning,V9,"(35, 9)",55.43077850606435,True,1.5692214939356504,1.0
35,Q-Learning,V10,"(76, 12)",0.49727805196469177,True,22.403702434442522,1.0
36,Greedy,V1,"(39, 76)",34.21246974581743,True,7.759942744083162,1.0
36,Greedy,V2,"(78, 12)",14.985110500189961,True,15.37801161109391,1.0
36,Greedy,V3,"(97, 6)",7.957293954368126,True,20.209372712298546,1.0
36,Greedy,V4,"(96, 79)",54.28097039374339,True,8.566169016103654,1.0
36,Greedy,V5,"(75, 0)",1.2292111087956776,True,21.57078889120432,1.0
36,Greedy,V6,"(90, 25)",34.400699114830694,True,29.91049731745428,1.0
36,Greedy,V7,"(6, 74)",30.593282248514917,True,16.666666666666664,1.0
36,Greedy,V8,"(28, 9)",39.35463890316136,True,22.812027763505313,1.0
36,Greedy,V9,"(89, 88)",38.17053118720876,True,18.1,1.0
36,Greedy,V10,"(78, 46)",1.1456225515285396,True,20.324555320336756,1.0
36,Auction,V1,"(38, 47)",23.17636179493571,True,19.248451997499977,1.0
36,Auction,V2,"(62, 32)",21.13221955723179,True,9.242780442768211,1.0
36,Auction,V3,"(76, 95)",16.138806434199196,True,12.386303510546059,1.0
36,Auction,V4,"(78, 88)",25.291947695089334,True,36.951548275133206,1.0
36,Auction,V5,"(35, 52)",3.6574989395633892,True,18.78179936004006,1.0
36,Auction,V6,"(76, 12)",33.07730936128611,True,30.731300056749532,1.0
36,Auction,V7,"(55, 57)",38.370192013118526,True,8.889756902063056,1.0
36,Auction,V8,"(17, 26)",39.70686053228668,True,23.12647280104665,1.0
36,Auction,V9,"(68, 76)",36.451166378565205,True,20.40587727318528,1.0
36,Auction,V10,"(54, 48)",2.188245453629442,True,18.811754546370558,1.0
36,Q-Learning,V1,"(55, 57)",35.5237008443,True,6.448711645600589,1.0
36,Q-Learning,V2,"(78, 88)",3.7404081600056003,True,27.061552812808827,1.0
36,Q-Learning,V3,"(65, 16)",1.8269387733370657,True,26.374368541872553,1.0
36,Q-Learning,V4,"(51, 1)",59.75401107253141,True,2.473116294946447,1.0
36,Q-Learning,V5,"(62, 32)",10.000474263943381,True,12.188448708429135,1.0
36,Q-Learning,V6,"(54, 48)",44.71727097952958,True,18.341640786499873,1.0
36,Q-Learning,V7,"(37, 45)",31.137654972041794,True,16.027729719194866,1.0
36,Q-Learning,V8,"(25, 96)",55.77179257741021,True,6.333333333333332,1.0
36,Q-Learning,V9,"(35, 9)",55.43077850606435,True,0.5692214939356504,1.0
36,Q-Learning,V10,"(76, 12)",0.49727805196469177,True,21.403702434442522,1.0
37,Greedy,V1,"(39, 76)",34.21246974581743,True,6.759942744083162,1.0
37,Greedy,V2,"(78, 12)",14.985110500189961,True,14.37801161109391,1.0
37,Greedy,V3,"(97, 6)",7.957293954368126,True,19.209372712298546,1.0
37,Greedy,V4,"(96, 79)",54.28097039374339,True,7.566169016103654,1.0
37,Greedy,V5,"(75, 0)",1.2292111087956776,True,20.57078889120432,1.0
37,Greedy,V6,"(90, 25)",34.400699114830694,True,28.91049731745428,1.0
37,Greedy,V7,"(6, 74)",30.593282248514917,True,15.666666666666664,1.0
37,Greedy,V8,"(28, 9)",39.35463890316136,True,21.812027763505313,1.0
37,Greedy,V9,"(89, 88)",38.17053118720876,True,17.1,1.0
37,Greedy,V10,"(78, 46)",1.1456225515285396,True,19.324555320336756,1.0
37,Auction,V1,"(38, 47)",23.17636179493571,True,18.248451997499977,1.0
37,Auction,V2,"(62, 32)",21.13221955723179,True,8.242780442768211,1.0
37,Auction,V3,"(76, 95)",16.138806434199196,True,11.386303510546059,1.0
37,Auction,V4,"(78, 88)",25.291947695089334,True,35.951548275133206,1.0
37,Auction,V5,"(35, 52)",3.6574989395633892,True,17.78179936004006,1.0
37,Auction,V6,"(76, 12)",33.07730936128611,True,29.731300056749532,1.0
37,Auction,V7,"(55, 57)",38.370192013118526,True,7.889756902063056,1.0
37,Auction,V8,"(17, 26)",39.70686053228668,True,22.12647280104665,1.0
37,Auction,V9,"(68, 76)",36.451166378565205,True,19.40587727318528,1.0
37,Auction,V10,"(54, 48)",2.188245453629442,True,17.811754546370558,1.0
37,Q-Learning,V1,"(55, 57)",35.5237008443,True,5.448711645600589,1.0
37,Q-Learning,V2,"(78, 88)",3.7404081600056003,True,26.061552812808827,1.0
37,Q-Learning,V3,"(65, 16)",1.8269387733370657,True,25.374368541872553,1.0
37,Q-Learning,V4,"(51, 1)",59.75401107253141,True,1.473116294946447,1.0
37,Q-Learning,V5,"(62, 32)",10.000474263943381,True,11.188448708429135,1.0
37,Q-Learning,V6,"(54, 48)",44.71727097952958,True,17.341640786499873,1.0
37,Q-Learning,V7,"(37, 45)",31.137654972041794,True,15.027729719194866,1.0
37,Q-Learning,V8,"(25, 96)",55.77179257741021,True,5.333333333333332,1.0
37,Q-Learning,V9,"(68, 76)",21.962177566129213,True,33.468600939935136,1.0
37,Q-Learning,V10,"(76, 12)",0.49727805196469177,True,20.403702434442522,1.0
38,Greedy,V1,"(39, 76)",34.21246974581743,True,5.759942744083162,1.0
38,Greedy,V2,"(78, 12)",14.985110500189961,True,13.37801161109391,1.0
38,Greedy,V3,"(97, 6)",7.957293954368126,True,18.209372712298546,1.0
38,Greedy,V4,"(96, 79)",54.28097039374339,True,6.566169016103654,1.0
38,Greedy,V5,"(75, 0)",1.2292111087956776,True,19.57078889120432,1.0
38,Greedy,V6,"(90, 25)",34.400699114830694,True,27.91049731745428,1.0
38,Greedy,V7,"(6, 74)",30.593282248514917,True,14.666666666666664,1.0
38,Greedy,V8,"(28, 9)",39.35463890316136,True,20.812027763505313,1.0
38,Greedy,V9,"(89, 88)",38.17053118720876,True,16.1,1.0
38,Greedy,V10,"(78, 46)",1.1456225515285396,True,18.324555320336756,1.0
38,Auction,V1,"(38, 47)",23.17636179493571,True,17.248451997499977,1.0
38,Auction,V2,"(62, 32)",21.13221955723179,True,7.242780442768211,1.0
38,Auction,V3,"(76, 95)",16.138806434199196,True,10.386303510546059,1.0
38,Auction,V4,"(78, 88)",25.291947695089334,True,34.951548275133206,1.0
38,Auction,V5,"(35, 52)",3.6574989395633892,True,16.78179936004006,1.0
38,Auction,V6,"(76, 12)",33.07730936128611,True,28.731300056749532,1.0
38,Auction,V7,"(55, 57)",38.370192013118526,True,6.889756902063056,1.0
38,Auction,V8,"(17, 26)",39.70686053228668,True,21.12647280104665,1.0
38,Auction,V9,"(68, 76)",36.451166378565205,True,18.40587727318528,1.0
38,Auction,V10,"(54, 48)",2.188245453629442,True,16.811754546370558,1.0
38,Q-Learning,V1,"(55, 57)",35.5237008443,True,4.448711645600589,1.0
38,Q-Learning,V2,"(78, 88)",3.7404081600056003,True,25.061552812808827,1.0
38,Q-Learning,V3,"(65, 16)",1.8269387733370657,True,24.374368541872553,1.0
38,Q-Learning,V4,"(51, 1)",59.75401107253141,True,0.4731162949464469,1.0
38,Q-Learning,V5,"(62, 32)",10.000474263943381,True,10.188448708429135,1.0
38,Q-Learning,V6,"(54, 48)",44.71727097952958,True,16.341640786499873,1.0
38,Q-Learning,V7,"(37, 45)",31.137654972041794,True,14.027729719194866,1.0
38,Q-Learning,V8,"(25, 96)",55.77179257741021,True,4.333333333333332,1.0
38,Q-Learning,V9,"(68, 76)",21.962177566129213,True,32.468600939935136,1.0
38,Q-Learning,V10,"(76, 12)",0.49727805196469177,True,19.403702434442522,1.0
39,Greedy,V1,"(39, 76)",34.21246974581743,True,4.759942744083162,1.0
39,Greedy,V2,"(78, 12)",14.985110500189961,True,12.37801161109391,1.0
39,Greedy,V3,"(97, 6)",7.957293954368126,True,17.209372712298546,1.0
39,Greedy,V4,"(96, 79)",54.28097039374339,True,5.566169016103654,1.0
39,Greedy,V5,"(75, 0)",1.2292111087956776,True,18.57078889120432,1.0
39,Greedy,V6,"(90, 25)",34.400699114830694,True,26.91049731745428,1.0
39,Greedy,V7,"(6, 74)",30.593282248514917,True,13.666666666666664,1.0
39,Greedy,V8,"(28, 9)",39.35463890316136,True,19.812027763505313,1.0
39,Greedy,V9,"(89, 88)",38.17053118720876,True,15.100000000000001,1.0
39,Greedy,V10,"(78, 46)",1.1456225515285396,True,17.324555320336756,1.0
39,Auction,V1,"(38, 47)",23.17636179493571,True,16.248451997499977,1.0
39,Auction,V2,"(62, 32)",21.13221955723179,True,6.242780442768211,1.0
39,Auction,V3,"(76, 95)",16.138806434199196,True,9.386303510546059,1.0
39,Auction,V4,"(78, 88)",25.291947695089334,True,33.951548275133206,1.0
39,Auction,V5,"(35, 52)",3.6574989395633892,True,15.781799360040061,1.0
39,Auction,V6,"(76, 12)",33.07730936128611,True,27.731300056749532,1.0
39,Auction,V7,"(55, 57)",38.370192013118526,True,5.889756902063056,1.0
39,Auction,V8,"(17, 26)",39.70686053228668,True,20.12647280104665,1.0
39,Auction,V9,"(68, 76)",36.451166378565205,True,17.40587727318528,1.0
39,Auction,V10,"(54, 48)",2.188245453629442,True,15.811754546370558,1.0
39,Q-Learning,V1,"(55, 57)",35.5237008443,True,3.4487116456005893,1.0
39,Q-Learning,V2,"(78, 88)",3.7404081600056003,True,24.061552812808827,1.0
39,Q-Learning,V3,"(65, 16)",1.8269387733370657,True,23.374368541872553,1.0
39,Q-Learning,V4,"(72, 33)",25.501197914974824,True,34.25281315755659,1.0
39,Q-Learning,V5,"(62, 32)",10.000474263943381,True,9.188448708429135,1.0
39,Q-Learning,V6,"(54, 48)",44.71727097952958,True,15.341640786499873,1.0
39,Q-Learning,V7,"(37, 45)",31.137654972041794,True,13.027729719194866,1.0
39,Q-Learning,V8,"(25, 96)",55.77179257741021,True,3.333333333333332,1.0
39,Q-Learning,V9,"(68, 76)",21.962177566129213,True,31.468600939935136,1.0
39,Q-Learning,V10,"(76, 12)",0.49727805196469177,True,18.403702434442522,1.0
40,Greedy,V1,"(39, 76)",34.21246974581743,True,3.759942744083162,1.0
40,Greedy,V2,"(78, 12)",14.985110500189961,True,11.37801161109391,1.0
40,Greedy,V3,"(97, 6)",7.957293954368126,True,16.209372712298546,1.0
40,Greedy,V4,"(96, 79)",54.28097039374339,True,4.566169016103654,1.0
40,Greedy,V5,"(75, 0)",1.2292111087956776,True,17.57078889120432,1.0
40,Greedy,V6,"(90, 25)",34.400699114830694,True,25.91049731745428,1.0
40,Greedy,V7,"(6, 74)",30.593282248514917,True,12.666666666666664,1.0
40,Greedy,V8,"(28, 9)",39.35463890316136,True,18.812027763505313,1.0
40,Greedy,V9,"(89, 88)",38.17053118720876,True,14.100000000000001,1.0
40,Greedy,V10,"(78, 46)",1.1456225515285396,True,16.324555320336756,1.0
40,Auction,V1,"(38, 47)",23.17636179493571,True,15.248451997499977,1.0
40,Auction,V2,"(62, 32)",21.13221955723179,True,5.242780442768211,1.0
40,Auction,V3,"(76, 95)",16.138806434199196,True,8.386303510546059,1.0
40,Auction,V4,"(78, 88)",25.291947695089334,True,32.951548275133206,1.0
40,Auction,V5,"(35, 52)",3.6574989395633892,True,14.781799360040061,1.0
40,Auction,V6,"(76, 12)",33.07730936128611,True,26.731300056749532,1.0
40,Auction,V7,"(55, 57)",38.370192013118526,True,4.889756902063056,1.0
40,Auction,V8,"(17, 26)",39.70686053228668,True,19.12647280104665,1.0
40,Auction,V9,"(68, 76)",36.451166378565205,True,16.40587727318528,1.0
40,Auction,V10,"(54, 48)",2.188245453629442,True,14.811754546370558,1.0
40,Q-Learning,V1,"(55, 57)",35.5237008443,True,2.4487116456005893,1.0
40,Q-Learning,V2,"(78, 88)",3.7404081600056003,True,23.061552812808827,1.0
40,Q-Learning,V3,"(65, 16)",1.8269387733370657,True,22.374368541872553,1.0
40,Q-Learning,V4,"(72, 33)",25.501197914974824,True,33.25281315755659,1.0
40,Q-Learning,V5,"(62, 32)",10.000474263943381,True,8.188448708429135,1.0
40,Q-Learning,V6,"(54, 48)",44.71727097952958,True,14.341640786499873,1.0
40,Q-Learning,V7,"(37, 45)",31.137654972041794,True,12.027729719194866,1.0
40,Q-Learning,V8,"(25, 96)",55.77179257741021,True,2.333333333333332,1.0
40,Q-Learning,V9,"(68, 76)",21.962177566129213,True,30.468600939935136,1.0
40,Q-Learning,V10,"(76, 12)",0.49727805196469177,True,17.403702434442522,1.0
41,Greedy,V1,"(39, 76)",34.21246974581743,True,2.759942744083162,1.0
41,Greedy,V2,"(78, 12)",14.985110500189961,True,10.37801161109391,1.0
41,Greedy,V3,"(97, 6)",7.957293954368126,True,15.209372712298546,1.0
41,Greedy,V4,"(96, 79)",54.28097039374339,True,3.566169016103654,1.0
41,Greedy,V5,"(75, 0)",1.2292111087956776,True,16.57078889120432,1.0
41,Greedy,V6,"(90, 25)",34.400699114830694,True,24.91049731745428,1.0
41,Greedy,V7,"(6, 74)",30.593282248514917,True,11.666666666666664,1.0
41,Greedy,V8,"(28, 9)",39.35463890316136,True,17.812027763505313,1.0
41,Greedy,V9,"(89, 88)",38.17053118720876,True,13.100000000000001,1.0
41,Greedy,V10,"(78, 46)",1.1456225515285396,True,15.324555320336756,1.0
41,Auction,V1,"(38, 47)",23.17636179493571,True,14.248451997499977,1.0
41,Auction,V2,"(62, 32)",21.13221955723179,True,4.242780442768211,1.0
41,Auction,V3,"(76, 95)",16.138806434199196,True,7.386303510546059,1.0
41,Auction,V4,"(78, 88)",25.291947695089334,True,31.951548275133206,1.0
41,Auction,V5,"(35, 52)",3.6574989395633892,True,13.781799360040061,1.0
41,Auction,V6,"(76, 12)",33.07730936128611,True,25.731300056749532,1.0
41,Auction,V7,"(55, 57)",38.370192013118526,True,3.8897569020630556,1.0
41,Auction,V8,"(17, 26)",39.70686053228668,True,18.12647280104665,1.0
41,Auction,V9,"(68, 76)",36.451166378565205,True,15.405877273185279,1.0
41,Auction,V10,"(54, 48)",2.188245453629442,True,13.811754546370558,1.0
41,Q-Learning,V1,"(55, 57)",35.5237008443,True,1.4487116456005893,1.0
41,Q-Learning,V2,"(78, 88)",3.7404081600056003,True,22.061552812808827,1.0
41,Q-Learning,V3,"(65, 16)",1.8269387733370657,True,21.374368541872553,1.0
41,Q-Learning,V4,"(72, 33)",25.501197914974824,True,32.25281315755659,1.0
41,Q-Learning,V5,"(62, 32)",10.000474263943381,True,7.188448708429135,1.0
41,Q-Learning,V6,"(54, 48)",44.71727097952958,True,13.341640786499873,1.0
41,Q-Learning,V7,"(37, 45)",31.137654972041794,True,11.027729719194866,1.0
41,Q-Learning,V8,"(25, 96)",55.77179257741021,True,1.3333333333333321,1.0
41,Q-Learning,V9,"(68, 76)",21.962177566129213,True,29.468600939935136,1.0
41,Q-Learning,V10,"(76, 12)",0.49727805196469177,True,16.403702434442522,1.0
42,Greedy,V1,"(39, 76)",34.21246974581743,True,1.7599427440831619,1.0
42,Greedy,V2,"(78, 12)",14.985110500189961,True,9.37801161109391,1.0
42,Greedy,V3,"(97, 6)",7.957293954368126,True,14.209372712298546,1.0
42,Greedy,V4,"(96, 79)",54.28097039374339,True,2.566169016103654,1.0
42,Greedy,V5,"(75, 0)",1.2292111087956776,True,15.57078889120432,1.0
42,Greedy,V6,"(90, 25)",34.400699114830694,True,23.91049731745428,1.0
42,Greedy,V7,"(6, 74)",30.593282248514917,True,10.666666666666664,1.0
42,Greedy,V8,"(28, 9)",39.35463890316136,True,16.812027763505313,1.0
42,Greedy,V9,"(89, 88)",38.17053118720876,True,12.100000000000001,1.0
42,Greedy,V10,"(78, 46)",1.1456225515285396,True,14.324555320336756,1.0
42,Auction,V1,"(38, 47)",23.17636179493571,True,13.248451997499977,1.0
42,Auction,V2,"(62, 32)",21.13221955723179,True,3.242780442768211,1.0
42,Auction,V3,"(76, 95)",16.138806434199196,True,6.386303510546059,1.0
42,Auction,V4,"(78, 88)",25.291947695089334,True,30.951548275133206,1.0
42,Auction,V5,"(35, 52)",3.6574989395633892,True,12.781799360040061,1.0
42,Auction,V6,"(76, 12)",33.07730936128611,True,24.731300056749532,1.0
42,Auction,V7,"(55, 57)",38.370192013118526,True,2.8897569020630556,1.0
42,Auction,V8,"(17, 26)",39.70686053228668,True,17.12647280104665,1.0
42,Auction,V9,"(68, 76)",36.451166378565205,True,14.405877273185279,1.0
42,Auction,V10,"(54, 48)",2.188245453629442,True,12.811754546370558,1.0
42,Q-Learning,V1,"(55, 57)",35.5237008443,True,0.4487116456005893,1.0
42,Q-Learning,V2,"(78, 88)",3.7404081600056003,True,21.061552812808827,1.0
42,Q-Learning,V3,"(65, 16)",1.8269387733370657,True,20.374368541872553,1.0
42,Q-Learning,V4,"(72, 33)",25.501197914974824,True,31.252813157556588,1.0
42,Q-Learning,V5,"(62, 32)",10.000474263943381,True,6.188448708429135,1.0
42,Q-Learning,V6,"(54, 48)",44.71727097952958,True,12.341640786499873,1.0
42,Q-Learning,V7,"(37, 45)",31.137654972041794,True,10.027729719194866,1.0
42,Q-Learning,V8,"(25, 96)",55.77179257741021,True,0.33333333333333215,1.0
42,Q-Learning,V9,"(68, 76)",21.962177566129213,True,28.468600939935136,1.0
42,Q-Learning,V10,"(76, 12)",0.49727805196469177,True,15.403702434442522,1.0
43,Greedy,V1,"(39, 76)",34.21246974581743,True,0.7599427440831619,1.0
43,Greedy,V2,"(78, 12)",14.985110500189961,True,8.37801161109391,1.0
43,Greedy,V3,"(97, 6)",7.957293954368126,True,13.209372712298546,1.0
43,Greedy,V4,"(96, 79)",54.28097039374339,True,1.5661690161036539,1.0
43,Greedy,V5,"(75, 0)",1.2292111087956776,True,14.57078889120432,1.0
43,Greedy,V6,"(90, 25)",34.400699114830694,True,22.91049731745428,1.0
43,Greedy,V7,"(6, 74)",30.593282248514917,True,9.666666666666664,1.0
43,Greedy,V8,"(28, 9)",39.35463890316136,True,15.812027763505313,1.0
43,Greedy,V9,"(89, 88)",38.17053118720876,True,11.100000000000001,1.0
43,Greedy,V10,"(78, 46)",1.1456225515285396,True,13.324555320336756,1.0
43,Auction,V1,"(38, 47)",23.17636179493571,True,12.248451997499977,1.0
43,Auction,V2,"(62, 32)",21.13221955723179,True,2.242780442768211,1.0
43,Auction,V3,"(76, 95)",16.138806434199196,True,5.386303510546059,1.0
43,Auction,V4,"(78, 88)",25.291947695089334,True,29.951548275133206,1.0
43,Auction,V5,"(35, 52)",3.6574989395633892,True,11.781799360040061,1.0
43,Auction,V6,"(76, 12)",33.07730936128611,True,23.731300056749532,1.0
43,Auction,V7,"(55, 57)",38.370192013118526,True,1.8897569020630556,1.0
43,Auction,V8,"(17, 26)",39.70686053228668,True,16.12647280104665,1.0
43,Auction,V9,"(68, 76)",36.451166378565205,True,13.405877273185279,1.0
43,Auction,V10,"(54, 48)",2.188245453629442,True,11.811754546370558,1.0
43,Q-Learning,V1,"(76, 95)",20.699635656279465,True,14.824065188020537,1.0
43,Q-Learning,V2,"(78, 88)",3.7404081600056003,True,20.061552812808827,1.0
43,Q-Learning,V3,"(65, 16)",1.8269387733370657,True,19.374368541872553,1.0
43,Q-Learning,V4,"(72, 33)",25.501197914974824,True,30.252813157556588,1.0
43,Q-Learning,V5,"(62, 32)",10.000474263943381,True,5.188448708429135,1.0
43,Q-Learning,V6,"(54, 48)",44.71727097952958,True,11.341640786499873,1.0
43,Q-Learning,V7,"(37, 45)",31.137654972041794,True,9.027729719194866,1.0
43,Q-Learning,V8,"(71, 95)",18.103314530525317,True,37.66847804688489,1.0
43,Q-Learning,V9,"(68, 76)",21.962177566129213,True,27.468600939935136,1.0
43,Q-Learning,V10,"(76, 12)",0.49727805196469177,True,14.403702434442522,1.0
44,Greedy,V1,"(39, 76)",23.50101149721378,True,10.71145824860365,1.0
44,Greedy,V2,"(78, 12)",14.985110500189961,True,7.3780116110939105,1.0
44,Greedy,V3,"(97, 6)",7.957293954368126,True,12.209372712298546,1.0
44,Greedy,V4,"(96, 79)",54.28097039374339,True,0.5661690161036539,1.0
44,Greedy,V5,"(75, 0)",1.2292111087956776,True,13.57078889120432,1.0
44,Greedy,V6,"(90, 25)",34.400699114830694,True,21.91049731745428,1.0
44,Greedy,V7,"(6, 74)",30.593282248514917,True,8.666666666666664,1.0
44,Greedy,V8,"(28, 9)",39.35463890316136,True,14.812027763505313,1.0
44,Greedy,V9,"(89, 88)",38.17053118720876,True,10.100000000000001,1.0
44,Greedy,V10,"(78, 46)",1.1456225515285396,True,12.324555320336756,1.0
44,Auction,V1,"(38, 47)",23.17636179493571,True,11.248451997499977,1.0
44,Auction,V2,"(62, 32)",21.13221955723179,True,1.2427804427682112,1.0
44,Auction,V3,"(76, 95)",16.138806434199196,True,4.386303510546059,1.0
44,Auction,V4,"(78, 88)",25.291947695089334,True,28.951548275133206,1.0
44,Auction,V5,"(35, 52)",3.6574989395633892,True,10.781799360040061,1.0
44,Auction,V6,"(76, 12)",33.07730936128611,True,22.731300056749532,1.0
44,Auction,V7,"(55, 57)",38.370192013118526,True,0.8897569020630556,1.0
44,Auction,V8,"(17, 26)",39.70686053228668,True,15.12647280104665,1.0
44,Auction,V9,"(68, 76)",36.451166378565205,True,12.405877273185279,1.0
44,Auction,V10,"(54, 48)",2.188245453629442,True,10.811754546370558,1.0
44,Q-Learning,V1,"(76, 95)",20.699635656279465,True,13.824065188020537,1.0
44,Q-Learning,V2,"(78, 88)",3.7404081600056003,True,19.061552812808827,1.0
44,Q-Learning,V3,"(65, 16)",1.8269387733370657,True,18.374368541872553,1.0
44,Q-Learning,V4,"(72, 33)",25.501197914974824,True,29.252813157556588,1.0
44,Q-Learning,V5,"(62, 32)",10.000474263943381,True,4.188448708429135,1.0
44,Q-Learning,V6,"(54, 48)",44.71727097952958,True,10.341640786499873,1.0
44,Q-Learning,V7,"(37, 45)",31.137654972041794,True,8.027729719194866,1.0
44,Q-Learning,V8,"(71, 95)",18.103314530525317,True,36.66847804688489,1.0
44,Q-Learning,V9,"(68, 76)",21.962177566129213,True,26.468600939935136,1.0
44,Q-Learning,V10,"(76, 12)",0.49727805196469177,True,13.403702434442522,1.0
45,Greedy,V1,"(39, 76)",23.50101149721378,True,9.71145824860365,1.0
45,Greedy,V2,"(78, 12)",14.985110500189961,True,6.3780116110939105,1.0
45,Greedy,V3,"(97, 6)",7.957293954368126,True,11.209372712298546,1.0
45,Greedy,V4,"(96, 79)",17.71080506572092,True,36.57016532802247,1.0
45,Greedy,V5,"(75, 0)",1.2292111087956776,True,12.57078889120432,1.0
45,Greedy,V6,"(90, 25)",34.400699114830694,True,20.91049731745428,1.0
45,Greedy,V7,"(6, 74)",30.593282248514917,True,7.666666666666664,1.0
45,Greedy,V8,"(28, 9)",39.35463890316136,True,13.812027763505313,1.0
45,Greedy,V9,"(89, 88)",38.17053118720876,True,9.100000000000001,1.0
45,Greedy,V10,"(78, 46)",1.1456225515285396,True,11.324555320336756,1.0
45,Auction,V1,"(38, 47)",23.17636179493571,True,10.248451997499977,1.0
45,Auction,V2,"(62, 32)",21.13221955723179,True,0.2427804427682112,1.0
45,Auction,V3,"(76, 95)",16.138806434199196,True,3.3863035105460586,1.0
45,Auction,V4,"(78, 88)",25.291947695089334,True,27.951548275133206,1.0
45,Auction,V5,"(35, 52)",3.6574989395633892,True,9.781799360040061,1.0
45,Auction,V6,"(76, 12)",33.07730936128611,True,21.731300056749532,1.0
45,Auction,V7,"(49, 62)",10.06848373380075,True,28.301708279317776,1.0
45,Auction,V8,"(17, 26)",39.70686053228668,True,14.12647280104665,1.0
45,Auction,V9,"(68, 76)",36.451166378565205,True,11.405877273185279,1.0
45,Auction,V10,"(54, 48)",2.188245453629442,True,9.811754546370558,1.0
45,Q-Learning,V1,"(76, 95)",20.699635656279465,True,12.824065188020537,1.0
45,Q-Learning,V2,"(78, 88)",3.7404081600056003,True,18.061552812808827,1.0
45,Q-Learning,V3,"(65, 16)",1.8269387733370657,True,17.374368541872553,1.0
45,Q-Learning,V4,"(72, 33)",25.501197914974824,True,28.252813157556588,1.0
45,Q-Learning,V5,"(62, 32)",10.000474263943381,True,3.188448708429135,1.0
45,Q-Learning,V6,"(54, 48)",44.71727097952958,True,9.341640786499873,1.0
45,Q-Learning,V7,"(37, 45)",31.137654972041794,True,7.027729719194866,1.0
45,Q-Learning,V8,"(71, 95)",18.103314530525317,True,35.66847804688489,1.0
45,Q-Learning,V9,"(68, 76)",21.962177566129213,True,25.468600939935136,1.0
45,Q-Learning,V10,"(76, 12)",0.49727805196469177,True,12.403702434442522,1.0
46,Greedy,V1,"(39, 76)",23.50101149721378,True,8.71145824860365,1.0
46,Greedy,V2,"(78, 12)",14.985110500189961,True,5.3780116110939105,1.0
46,Greedy,V3,"(97, 6)",7.957293954368126,True,10.209372712298546,1.0
46,Greedy,V4,"(96, 79)",17.71080506572092,True,35.57016532802247,1.0
46,Greedy,V5,"(75, 0)",1.2292111087956776,True,11.57078889120432,1.0
46,Greedy,V6,"(90, 25)",34.400699114830694,True,19.91049731745428,1.0
46,Greedy,V7,"(6, 74)",30.593282248514917,True,6.666666666666664,1.0
46,Greedy,V8,"(28, 9)",39.35463890316136,True,12.812027763505313,1.0
46,Greedy,V9,"(89, 88)",38.17053118720876,True,8.100000000000001,1.0
46,Greedy,V10,"(78, 46)",1.1456225515285396,True,10.324555320336756,1.0
46,Auction,V1,"(38, 47)",23.17636179493571,True,9.248451997499977,1.0
46,Auction,V2,"(44, 80)",4.7242167482436415,True,16.408002808988147,1.0
46,Auction,V3,"(76, 95)",16.138806434199196,True,2.3863035105460586,1.0
46,Auction,V4,"(78, 88)",25.291947695089334,True,26.951548275133206,1.0
46,Auction,V5,"(35, 52)",3.6574989395633892,True,8.781799360040061,1.0
46,Auction,V6,"(76, 12)",33.07730936128611,True,20.731300056749532,1.0
46,Auction,V7,"(49, 62)",10.06848373380075,True,27.301708279317776,1.0
46,Auction,V8,"(17, 26)",39.70686053228668,True,13.12647280104665,1.0
46,Auction,V9,"(68, 76)",36.451166378565205,True,10.405877273185279,1.0
46,Auction,V10,"(54, 48)",2.188245453629442,True,8.811754546370558,1.0
46,Q-Learning,V1,"(76, 95)",20.699635656279465,True,11.824065188020537,1.0
46,Q-Learning,V2,"(78, 88)",3.7404081600056003,True,17.061552812808827,1.0
46,Q-Learning,V3,"(65, 16)",1.8269387733370657,True,16.374368541872553,1.0
46,Q-Learning,V4,"(72, 33)",25.501197914974824,True,27.252813157556588,1.0
46,Q-Learning,V5,"(62, 32)",10.000474263943381,True,2.188448708429135,1.0
46,Q-Learning,V6,"(54, 48)",44.71727097952958,True,8.341640786499873,1.0
46,Q-Learning,V7,"(37, 45)",31.137654972041794,True,6.027729719194866,1.0
46,Q-Learning,V8,"(71, 95)",18.103314530525317,True,34.66847804688489,1.0
46,Q-Learning,V9,"(68, 76)",21.962177566129213,True,24.468600939935136,1.0
46,Q-Learning,V10,"(76, 12)",0.49727805196469177,True,11.403702434442522,1.0
47,Greedy,V1,"(39, 76)",23.50101149721378,True,7.71145824860365,1.0
47,Greedy,V2,"(78, 12)",14.985110500189961,True,4.3780116110939105,1.0
47,Greedy,V3,"(97, 6)",7.957293954368126,True,9.209372712298546,1.0
47,Greedy,V4,"(96, 79)",17.71080506572092,True,34.57016532802247,1.0
47,Greedy,V5,"(75, 0)",1.2292111087956776,True,10.57078889120432,1.0
47,Greedy,V6,"(90, 25)",34.400699114830694,True,18.91049731745428,1.0
47,Greedy,V7,"(6, 74)",30.593282248514917,True,5.666666666666664,1.0
47,Greedy,V8,"(28, 9)",39.35463890316136,True,11.812027763505313,1.0
47,Greedy,V9,"(89, 88)",38.17053118720876,True,7.100000000000001,1.0
47,Greedy,V10,"(78, 46)",1.1456225515285396,True,9.324555320336756,1.0
47,Auction,V1,"(38, 47)",23.17636179493571,True,8.248451997499977,1.0
47,Auction,V2,"(44, 80)",4.7242167482436415,True,15.408002808988147,1.0
47,Auction,V3,"(76, 95)",16.138806434199196,True,1.3863035105460586,1.0
47,Auction,V4,"(78, 88)",25.291947695089334,True,25.951548275133206,1.0
47,Auction,V5,"(35, 52)",3.6574989395633892,True,7.781799360040061,1.0
47,Auction,V6,"(76, 12)",33.07730936128611,True,19.731300056749532,1.0
47,Auction,V7,"(49, 62)",10.06848373380075,True,26.301708279317776,1.0
47,Auction,V8,"(17, 26)",39.70686053228668,True,12.12647280104665,1.0
47,Auction,V9,"(68, 76)",36.451166378565205,True,9.405877273185279,1.0
47,Auction,V10,"(54, 48)",2.188245453629442,True,7.811754546370558,1.0
47,Q-Learning,V1,"(76, 95)",20.699635656279465,True,10.824065188020537,1.0
47,Q-Learning,V2,"(78, 88)",3.7404081600056003,True,16.061552812808827,1.0
47,Q-Learning,V3,"(65, 16)",1.8269387733370657,True,15.374368541872553,1.0
47,Q-Learning,V4,"(72, 33)",25.501197914974824,True,26.252813157556588,1.0
47,Q-Learning,V5,"(62, 32)",10.000474263943381,True,1.188448708429135,1.0
47,Q-Learning,V6,"(54, 48)",44.71727097952958,True,7.341640786499873,1.0
47,Q-Learning,V7,"(37, 45)",31.137654972041794,True,5.027729719194866,1.0
47,Q-Learning,V8,"(71, 95)",18.103314530525317,True,33.66847804688489,1.0
47,Q-Learning,V9,"(68, 76)",21.962177566129213,True,23.468600939935136,1.0
47,Q-Learning,V10,"(76, 12)",0.49727805196469177,True,10.403702434442522,1.0
48,Greedy,V1,"(39, 76)",23.50101149721378,True,6.71145824860365,1.0
48,Greedy,V2,"(78, 12)",14.985110500189961,True,3.3780116110939105,1.0
48,Greedy,V3,"(97, 6)",7.957293954368126,True,8.209372712298546,1.0
48,Greedy,V4,"(96, 79)",17.71080506572092,True,33.57016532802247,1.0
48,Greedy,V5,"(75, 0)",1.2292111087956776,True,9.57078889120432,1.0
48,Greedy,V6,"(90, 25)",34.400699114830694,True,17.91049731745428,1.0
48,Greedy,V7,"(6, 74)",30.593282248514917,True,4.666666666666664,1.0
48,Greedy,V8,"(28, 9)",39.35463890316136,True,10.812027763505313,1.0
48,Greedy,V9,"(89, 88)",38.17053118720876,True,6.100000000000001,1.0
48,Greedy,V10,"(78, 46)",1.1456225515285396,True,8.324555320336756,1.0
48,Auction,V1,"(38, 47)",23.17636179493571,True,7.248451997499977,1.0
48,Auction,V2,"(44, 80)",4.7242167482436415,True,14.408002808988147,1.0
48,Auction,V3,"(76, 95)",16.138806434199196,True,0.3863035105460586,1.0
48,Auction,V4,"(78, 88)",25.291947695089334,True,24.951548275133206,1.0
48,Auction,V5,"(35, 52)",3.6574989395633892,True,6.781799360040061,1.0
48,Auction,V6,"(76, 12)",33.07730936128611,True,18.731300056749532,1.0
48,Auction,V7,"(49, 62)",10.06848373380075,True,25.301708279317776,1.0
48,Auction,V8,"(17, 26)",39.70686053228668,True,11.12647280104665,1.0
48,Auction,V9,"(68, 76)",36.451166378565205,True,8.405877273185279,1.0
48,Auction,V10,"(54, 48)",2.188245453629442,True,6.811754546370558,1.0
48,Q-Learning,V1,"(76, 95)",20.699635656279465,True,9.824065188020537,1.0
48,Q-Learning,V2,"(78, 88)",3.7404081600056003,True,15.061552812808827,1.0
48,Q-Learning,V3,"(65, 16)",1.8269387733370657,True,14.374368541872553,1.0
48,Q-Learning,V4,"(72, 33)",25.501197914974824,True,25.252813157556588,1.0
48,Q-Learning,V5,"(62, 32)",10.000474263943381,True,0.18844870842913508,1.0
48,Q-Learning,V6,"(54, 48)",44.71727097952958,True,6.341640786499873,1.0
48,Q-Learning,V7,"(37, 45)",31.137654972041794,True,4.027729719194866,1.0
48,Q-Learning,V8,"(71, 95)",18.103314530525317,True,32.66847804688489,1.0
48,Q-Learning,V9,"(68, 76)",21.962177566129213,True,22.468600939935136,1.0
48,Q-Learning,V10,"(76, 12)",0.49727805196469177,True,9.403702434442522,1.0
49,Greedy,V1,"(39, 76)",23.50101149721378,True,5.71145824860365,1.0
49,Greedy,V2,"(78, 12)",14.985110500189961,True,2.3780116110939105,1.0
49,Greedy,V3,"(97, 6)",7.957293954368126,True,7.209372712298546,1.0
49,Greedy,V4,"(96, 79)",17.71080506572092,True,32.57016532802247,1.0
49,Greedy,V5,"(75, 0)",1.2292111087956776,True,8.57078889120432,1.0
49,Greedy,V6,"(90, 25)",34.400699114830694,True,16.91049731745428,1.0
49,Greedy,V7,"(6, 74)",30.593282248514917,True,3.6666666666666643,1.0
49,Greedy,V8,"(28, 9)",39.35463890316136,True,9.812027763505313,1.0
49,Greedy,V9,"(89, 88)",38.17053118720876,True,5.100000000000001,1.0
49,Greedy,V10,"(78, 46)",1.1456225515285396,True,7.324555320336756,1.0
49,Auction,V1,"(38, 47)",23.17636179493571,True,6.248451997499977,1.0
49,Auction,V2,"(44, 80)",4.7242167482436415,True,13.408002808988147,1.0
49,Auction,V3,"(76, 95)",16.138806434199196,False,0.0,1.0
49,Auction,V4,"(78, 88)",25.291947695089334,True,23.951548275133206,1.0
49,Auction,V5,"(35, 52)",3.6574989395633892,True,5.781799360040061,1.0
49,Auction,V6,"(76, 12)",33.07730936128611,True,17.731300056749532,1.0
49,Auction,V7,"(49, 62)",10.06848373380075,True,24.301708279317776,1.0
49,Auction,V8,"(17, 26)",39.70686053228668,True,10.12647280104665,1.0
49,Auction,V9,"(68, 76)",36.451166378565205,True,7.405877273185279,1.0
49,Auction,V10,"(54, 48)",2.188245453629442,True,5.811754546370558,1.0
49,Q-Learning,V1,"(76, 95)",20.699635656279465,True,8.824065188020537,1.0
49,Q-Learning,V2,"(78, 88)",3.7404081600056003,True,14.061552812808827,1.0
49,Q-Learning,V3,"(65, 16)",1.8269387733370657,True,13.374368541872553,1.0
49,Q-Learning,V4,"(72, 33)",25.501197914974824,True,24.252813157556588,1.0
49,Q-Learning,V5,"(62, 32)",10.000474263943381,False,0.0,1.0
49,Q-Learning,V6,"(54, 48)",44.71727097952958,True,5.341640786499873,1.0
49,Q-Learning,V7,"(37, 45)",31.137654972041794,True,3.027729719194866,1.0
49,Q-Learning,V8,"(71, 95)",18.103314530525317,True,31.668478046884893,1.0
49,Q-Learning,V9,"(68, 76)",21.962177566129213,True,21.468600939935136,1.0
49,Q-Learning,V10,"(76, 12)",0.49727805196469177,True,8.403702434442522,1.0
50,Greedy,V1,"(39, 76)",23.50101149721378,True,4.71145824860365,1.0
50,Greedy,V2,"(78, 12)",14.985110500189961,True,1.3780116110939105,1.0
50,Greedy,V3,"(97, 6)",7.957293954368126,True,6.209372712298546,1.0
50,Greedy,V4,"(96, 79)",17.71080506572092,True,31.57016532802247,1.0
50,Greedy,V5,"(75, 0)",1.2292111087956776,True,7.5707888912043195,1.0
50,Greedy,V6,"(90, 25)",34.400699114830694,True,15.91049731745428,1.0
50,Greedy,V7,"(6, 74)",30.593282248514917,True,2.6666666666666643,1.0
50,Greedy,V8,"(28, 9)",39.35463890316136,True,8.812027763505313,1.0
50,Greedy,V9,"(89, 88)",38.17053118720876,True,4.100000000000001,1.0
50,Greedy,V10,"(78, 46)",1.1456225515285396,True,6.324555320336756,1.0
50,Auction,V1,"(38, 47)",23.17636179493571,True,5.248451997499977,1.0
50,Auction,V2,"(44, 80)",4.7242167482436415,True,12.408002808988147,1.0
50,Auction,V3,"(76, 95)",16.138806434199196,False,0.0,2.0
50,Auction,V4,"(78, 88)",25.291947695089334,True,22.951548275133206,1.0
50,Auction,V5,"(35, 52)",3.6574989395633892,True,4.781799360040061,1.0
50,Auction,V6,"(76, 12)",33.07730936128611,True,16.731300056749532,1.0
50,Auction,V7,"(49, 62)",10.06848373380075,True,23.301708279317776,1.0
50,Auction,V8,"(17, 26)",39.70686053228668,True,9.12647280104665,1.0
50,Auction,V9,"(68, 76)",36.451166378565205,True,6.405877273185279,1.0
50,Auction,V10,"(54, 48)",2.188245453629442,True,4.811754546370558,1.0
50,Q-Learning,V1,"(76, 95)",20.699635656279465,True,7.824065188020537,1.0
50,Q-Learning,V2,"(78, 88)",3.7404081600056003,True,13.061552812808827,1.0
50,Q-Learning,V3,"(65, 16)",1.8269387733370657,True,12.374368541872553,1.0
50,Q-Learning,V4,"(72, 33)",25.501197914974824,True,23.252813157556588,1.0
50,Q-Learning,V5,"(62, 32)",10.000474263943381,False,0.0,2.0
50,Q-Learning,V6,"(54, 48)",44.71727097952958,True,4.341640786499873,1.0
50,Q-Learning,V7,"(37, 45)",31.137654972041794,True,2.027729719194866,1.0
50,Q-Learning,V8,"(71, 95)",18.103314530525317,True,30.668478046884893,1.0
50,Q-Learning,V9,"(68, 76)",21.962177566129213,True,20.468600939935136,1.0
50,Q-Learning,V10,"(76, 12)",0.49727805196469177,True,7.403702434442522,1.0
51,Greedy,V1,"(39, 76)",23.50101149721378,True,3.71145824860365,1.0
51,Greedy,V2,"(78, 12)",14.985110500189961,True,0.37801161109391046,1.0
51,Greedy,V3,"(97, 6)",7.957293954368126,True,5.209372712298546,1.0
51,Greedy,V4,"(96, 79)",17.71080506572092,True,30.57016532802247,1.0
51,Greedy,V5,"(75, 0)",1.2292111087956776,True,6.5707888912043195,1.0
51,Greedy,V6,"(90, 25)",34.400699114830694,True,14.91049731745428,1.0
51,Greedy,V7,"(6, 74)",30.593282248514917,True,1.6666666666666643,1.0
51,Greedy,V8,"(28, 9)",39.35463890316136,True,7.812027763505313,1.0
51,Greedy,V9,"(89, 88)",38.17053118720876,True,3.1000000000000014,1.0
51,Greedy,V10,"(78, 46)",1.1456225515285396,True,5.324555320336756,1.0
51,Auction,V1,"(38, 47)",23.17636179493571,True,4.248451997499977,1.0
51,Auction,V2,"(44, 80)",4.7242167482436415,True,11.408002808988147,1.0
51,Auction,V3,"(76, 95)",16.138806434199196,False,0.0,3.0
51,Auction,V4,"(78, 88)",25.291947695089334,True,21.951548275133206,1.0
51,Auction,V5,"(35, 52)",3.6574989395633892,True,3.7817993600400612,1.0
51,Auction,V6,"(76, 12)",33.07730936128611,True,15.731300056749532,1.0
51,Auction,V7,"(49, 62)",10.06848373380075,True,22.301708279317776,1.0
51,Auction,V8,"(17, 26)",39.70686053228668,True,8.12647280104665,1.0
51,Auction,V9,"(68, 76)",36.451166378565205,True,5.405877273185279,1.0
51,Auction,V10,"(54, 48)",2.188245453629442,True,3.811754546370558,1.0
51,Q-Learning,V1,"(76, 95)",20.699635656279465,True,6.824065188020537,1.0
51,Q-Learning,V2,"(78, 88)",3.7404081600056003,True,12.061552812808827,1.0
51,Q-Learning,V3,"(65, 16)",1.8269387733370657,True,11.374368541872553,1.0
51,Q-Learning,V4,"(72, 33)",25.501197914974824,True,22.252813157556588,1.0
51,Q-Learning,V5,"(62, 32)",10.000474263943381,False,0.0,3.0
51,Q-Learning,V6,"(54, 48)",44.71727097952958,True,3.341640786499873,1.0
51,Q-Learning,V7,"(37, 45)",31.137654972041794,True,1.0277297191948662,1.0
51,Q-Learning,V8,"(71, 95)",18.103314530525317,True,29.668478046884893,1.0
51,Q-Learning,V9,"(68, 76)",21.962177566129213,True,19.468600939935136,1.0
51,Q-Learning,V10,"(76, 12)",0.49727805196469177,True,6.403702434442522,1.0
52,Greedy,V1,"(39, 76)",23.50101149721378,True,2.71145824860365,1.0
52,Greedy,V2,"(78, 12)",0.27972794401028267,True,14.705382556179678,1.0
52,Greedy,V3,"(97, 6)",7.957293954368126,True,4.209372712298546,1.0
52,Greedy,V4,"(96, 79)",17.71080506572092,True,29.57016532802247,1.0
52,Greedy,V5,"(75, 0)",1.2292111087956776,True,5.5707888912043195,1.0
52,Greedy,V6,"(90, 25)",34.400699114830694,True,13.91049731745428,1.0
52,Greedy,V7,"(6, 74)",30.593282248514917,True,0.6666666666666643,1.0
52,Greedy,V8,"(28, 9)",39.35463890316136,True,6.812027763505313,1.0
52,Greedy,V9,"(89, 88)",38.17053118720876,True,2.1000000000000014,1.0
52,Greedy,V10,"(78, 46)",1.1456225515285396,True,4.324555320336756,1.0
52,Auction,V1,"(38, 47)",23.17636179493571,True,3.248451997499977,1.0
52,Auction,V2,"(44, 80)",4.7242167482436415,True,10.408002808988147,1.0
52,Auction,V3,"(76, 95)",16.138806434199196,False,0.0,4.0
52,Auction,V4,"(78, 88)",25.291947695089334,True,20.951548275133206,1.0
52,Auction,V5,"(35, 52)",3.6574989395633892,True,2.7817993600400612,1.0
52,Auction,V6,"(76, 12)",33.07730936128611,True,14.731300056749532,1.0
52,Auction,V7,"(49, 62)",10.06848373380075,True,21.301708279317776,1.0
52,Auction,V8,"(17, 26)",39.70686053228668,True,7.126472801046649,1.0
52,Auction,V9,"(68, 76)",36.451166378565205,True,4.405877273185279,1.0
52,Auction,V10,"(54, 48)",2.188245453629442,True,2.811754546370558,1.0
52,Q-Learning,V1,"(76, 95)",20.699635656279465,True,5.824065188020537,1.0
52,Q-Learning,V2,"(78, 88)",3.7404081600056003,True,11.061552812808827,1.0
52,Q-Learning,V3,"(65, 16)",1.8269387733370657,True,10.374368541872553,1.0
52,Q-Learning,V4,"(72, 33)",25.501197914974824,True,21.252813157556588,1.0
52,Q-Learning,V5,"(62, 32)",10.000474263943381,False,0.0,4.0
52,Q-Learning,V6,"(54, 48)",44.71727097952958,True,2.341640786499873,1.0
52,Q-Learning,V7,"(37, 45)",31.137654972041794,True,0.02772971919486622,1.0
52,Q-Learning,V8,"(71, 95)",18.103314530525317,True,28.668478046884893,1.0
52,Q-Learning,V9,"(68, 76)",21.962177566129213,True,18.468600939935136,1.0
52,Q-Learning,V10,"(76, 12)",0.49727805196469177,True,5.403702434442522,1.0
53,Greedy,V1,"(39, 76)",23.50101149721378,True,1.71145824860365,1.0
53,Greedy,V2,"(78, 12)",0.27972794401028267,True,13.705382556179678,1.0
53,Greedy,V3,"(97, 6)",7.957293954368126,True,3.2093727122985456,1.0
53,Greedy,V4,"(96, 79)",17.71080506572092,True,28.57016532802247,1.0
53,Greedy,V5,"(75, 0)",1.2292111087956776,True,4.5707888912043195,1.0
53,Greedy,V6,"(90, 25)",34.400699114830694,True,12.91049731745428,1.0
53,Greedy,V7,"(6, 74)",11.526524007447819,True,19.0667582410671,1.0
53,Greedy,V8,"(28, 9)",39.35463890316136,True,5.812027763505313,1.0
53,Greedy,V9,"(89, 88)",38.17053118720876,True,1.1000000000000014,1.0
53,Greedy,V10,"(78, 46)",1.1456225515285396,True,3.3245553203367564,1.0
53,Auction,V1,"(38, 47)",23.17636179493571,True,2.248451997499977,1.0
53,Auction,V2,"(44, 80)",4.7242167482436415,True,9.408002808988147,1.0
53,Auction,V3,"(76, 95)",16.138806434199196,False,0.0,5.0
53,Auction,V4,"(78, 88)",25.291947695089334,True,19.951548275133206,1.0
53,Auction,V5,"(35, 52)",3.6574989395633892,True,1.7817993600400612,1.0
53,Auction,V6,"(76, 12)",33.07730936128611,True,13.731300056749532,1.0
53,Auction,V7,"(49, 62)",10.06848373380075,True,20.301708279317776,1.0
53,Auction,V8,"(17, 26)",39.70686053228668,True,6.126472801046649,1.0
53,Auction,V9,"(68, 76)",36.451166378565205,True,3.405877273185279,1.0
53,Auction,V10,"(54, 48)",2.188245453629442,True,1.8117545463705582,1.0
53,Q-Learning,V1,"(76, 95)",20.699635656279465,True,4.824065188020537,1.0
53,Q-Learning,V2,"(78, 88)",3.7404081600056003,True,10.061552812808827,1.0
53,Q-Learning,V3,"(65, 16)",1.8269387733370657,True,9.374368541872553,1.0
53,Q-Learning,V4,"(72, 33)",25.501197914974824,True,20.252813157556588,1.0
53,Q-Learning,V5,"(62, 32)",10.000474263943381,False,0.0,5.0
53,Q-Learning,V6,"(54, 48)",44.71727097952958,True,1.3416407864998732,1.0
53,Q-Learning,V7,"(38, 47)",10.764976975791829,True,20.372677996249966,1.0
53,Q-Learning,V8,"(71, 95)",18.103314530525317,True,27.668478046884893,1.0
53,Q-Learning,V9,"(68, 76)",21.962177566129213,True,17.468600939935136,1.0
53,Q-Learning,V10,"(76, 12)",0.49727805196469177,True,4.403702434442522,1.0
54,Greedy,V1,"(39, 76)",23.50101149721378,True,0.71145824860365,1.0
54,Greedy,V2,"(78, 12)",0.27972794401028267,True,12.705382556179678,1.0
54,Greedy,V3,"(97, 6)",7.957293954368126,True,2.2093727122985456,1.0
54,Greedy,V4,"(96, 79)",17.71080506572092,True,27.57016532802247,1.0
54,Greedy,V5,"(75, 0)",1.2292111087956776,True,3.5707888912043195,1.0
54,Greedy,V6,"(90, 25)",34.400699114830694,True,11.91049731745428,1.0
54,Greedy,V7,"(6, 74)",11.526524007447819,True,18.0667582410671,1.0
54,Greedy,V8,"(28, 9)",39.35463890316136,True,4.812027763505313,1.0
54,Greedy,V9,"(89, 88)",38.17053118720876,True,0.10000000000000142,1.0
54,Greedy,V10,"(78, 46)",1.1456225515285396,True,2.3245553203367564,1.0
54,Auction,V1,"(38, 47)",23.17636179493571,True,1.248451997499977,1.0
54,Auction,V2,"(44, 80)",4.7242167482436415,True,8.408002808988147,1.0
54,Auction,V3,"(76, 95)",16.138806434199196,False,0.0,6.0
54,Auction,V4,"(78, 88)",25.291947695089334,True,18.951548275133206,1.0
54,Auction,V5,"(35, 52)",3.6574989395633892,True,0.7817993600400612,1.0
54,Auction,V6,"(76, 12)",33.07730936128611,True,12.731300056749532,1.0
54,Auction,V7,"(49, 62)",10.06848373380075,True,19.301708279317776,1.0
54,Auction,V8,"(17, 26)",39.70686053228668,True,5.126472801046649,1.0
54,Auction,V9,"(68, 76)",36.451166378565205,True,2.405877273185279,1.0
54,Auction,V10,"(54, 48)",2.188245453629442,True,0.8117545463705582,1.0
54,Q-Learning,V1,"(76, 95)",20.699635656279465,True,3.824065188020537,1.0
54,Q-Learning,V2,"(78, 88)",3.7404081600056003,True,9.061552812808827,1.0
54,Q-Learning,V3,"(65, 16)",1.8269387733370657,True,8.374368541872553,1.0
54,Q-Learning,V4,"(72, 33)",25.501197914974824,True,19.252813157556588,1.0
54,Q-Learning,V5,"(62, 32)",10.000474263943381,False,0.0,6.0
54,Q-Learning,V6,"(54, 48)",44.71727097952958,True,0.3416407864998732,1.0
54,Q-Learning,V7,"(38, 47)",10.764976975791829,True,19.372677996249966,1.0
54,Q-Learning,V8,"(71, 95)",18.103314530525317,True,26.668478046884893,1.0
54,Q-Learning,V9,"(68, 76)",21.962177566129213,True,16.468600939935136,1.0
54,Q-Learning,V10,"(76, 12)",0.49727805196469177,True,3.403702434442522,1.0
55,Greedy,V1,"(39, 76)",6.8075070219705225,True,16.69350447524326,1.0
55,Greedy,V2,"(78, 12)",0.27972794401028267,True,11.705382556179678,1.0
55,Greedy,V3,"(97, 6)",7.957293954368126,True,1.2093727122985456,1.0
55,Greedy,V4,"(96, 79)",17.71080506572092,True,26.57016532802247,1.0
55,Greedy,V5,"(75, 0)",1.2292111087956776,True,2.5707888912043195,1.0
55,Greedy,V6,"(90, 25)",34.400699114830694,True,10.91049731745428,1.0
55,Greedy,V7,"(6, 74)",11.526524007447819,True,17.0667582410671,1.0
55,Greedy,V8,"(28, 9)",39.35463890316136,True,3.812027763505313,1.0
55,Greedy,V9,"(89, 88)",6.399787010458134,True,31.770744176750625,1.0
55,Greedy,V10,"(78, 46)",1.1456225515285396,True,1.3245553203367564,1.0
55,Auction,V1,"(38, 47)",23.17636179493571,True,0.24845199749997704,1.0
55,Auction,V2,"(44, 80)",4.7242167482436415,True,7.408002808988147,1.0
55,Auction,V3,"(76, 95)",16.138806434199196,False,0.0,7.0
55,Auction,V4,"(78, 88)",25.291947695089334,True,17.951548275133206,1.0
55,Auction,V5,"(35, 52)",3.6574989395633892,False,0.0,1.0
55,Auction,V6,"(76, 12)",33.07730936128611,True,11.731300056749532,1.0
55,Auction,V7,"(49, 62)",10.06848373380075,True,18.301708279317776,1.0
55,Auction,V8,"(17, 26)",39.70686053228668,True,4.126472801046649,1.0
55,Auction,V9,"(68, 76)",36.451166378565205,True,1.405877273185279,1.0
55,Auction,V10,"(54, 48)",2.188245453629442,False,0.0,1.0
55,Q-Learning,V1,"(76, 95)",20.699635656279465,True,2.824065188020537,1.0
55,Q-Learning,V2,"(78, 88)",3.7404081600056003,True,8.061552812808827,1.0
55,Q-Learning,V3,"(65, 16)",1.8269387733370657,True,7.374368541872553,1.0
55,Q-Learning,V4,"(72, 33)",25.501197914974824,True,18.252813157556588,1.0
55,Q-Learning,V5,"(62, 32)",10.000474263943381,False,0.0,7.0
55,Q-Learning,V6,"(44, 80)",31.364660056681537,True,13.352610922848042,1.0
55,Q-Learning,V7,"(38, 47)",10.764976975791829,True,18.372677996249966,1.0
55,Q-Learning,V8,"(71, 95)",18.103314530525317,True,25.668478046884893,1.0
55,Q-Learning,V9,"(68, 76)",21.962177566129213,True,15.468600939935136,1.0
55,Q-Learning,V10,"(76, 12)",0.49727805196469177,True,2.403702434442522,1.0
56,Greedy,V1,"(39, 76)",6.8075070219705225,True,15.693504475243259,1.0
56,Greedy,V2,"(78, 12)",0.27972794401028267,True,10.705382556179678,1.0
56,Greedy,V3,"(97, 6)",7.957293954368126,True,0.2093727122985456,1.0
56,Greedy,V4,"(96, 79)",17.71080506572092,True,25.57016532802247,1.0
56,Greedy,V5,"(75, 0)",1.2292111087956776,True,1.5707888912043195,1.0
56,Greedy,V6,"(90, 25)",34.400699114830694,True,9.91049731745428,1.0
56,Greedy,V7,"(6, 74)",11.526524007447819,True,16.0667582410671,1.0
56,Greedy,V8,"(28, 9)",39.35463890316136,True,2.812027763505313,1.0
56,Greedy,V9,"(89, 88)",6.399787010458134,True,30.770744176750625,1.0
56,Greedy,V10,"(78, 46)",1.1456225515285396,True,0.3245553203367564,1.0
56,Auction,V1,"(45, 46)",10.390687593617322,True,12.785674201318386,1.0
56,Auction,V2,"(44, 80)",4.7242167482436415,True,6.408002808988147,1.0
56,Auction,V3,"(76, 95)",16.138806434199196,False,0.0,8.0
56,Auction,V4,"(78, 88)",25.291947695089334,True,16.951548275133206,1.0
56,Auction,V5,"(35, 52)",3.6574989395633892,False,0.0,2.0
56,Auction,V6,"(76, 12)",33.07730936128611,True,10.731300056749532,1.0
56,Auction,V7,"(49, 62)",10.06848373380075,True,17.301708279317776,1.0
56,Auction,V8,"(17, 26)",39.70686053228668,True,3.126472801046649,1.0
56,Auction,V9,"(68, 76)",36.451166378565205,True,0.4058772731852791,1.0
56,Auction,V10,"(54, 48)",2.188245453629442,False,0.0,2.0
56,Q-Learning,V1,"(76, 95)",20.699635656279465,True,1.824065188020537,1.0
56,Q-Learning,V2,"(78, 88)",3.7404081600056003,True,7.061552812808827,1.0
56,Q-Learning,V3,"(65, 16)",1.8269387733370657,True,6.374368541872553,1.0
56,Q-Learning,V4,"(72, 33)",25.501197914974824,True,17.252813157556588,1.0
56,Q-Learning,V5,"(62, 32)",10.000474263943381,False,0.0,8.0
56,Q-Learning,V6,"(44, 80)",31.364660056681537,True,12.352610922848042,1.0
56,Q-Learning,V7,"(38, 47)",10.764976975791829,True,17.372677996249966,1.0
56,Q-Learning,V8,"(71, 95)",18.103314530525317,True,24.668478046884893,1.0
56,Q-Learning,V9,"(68, 76)",21.962177566129213,True,14.468600939935136,1.0
56,Q-Learning,V10,"(76, 12)",0.49727805196469177,True,1.403702434442522,1.0
57,Greedy,V1,"(39, 76)",6.8075070219705225,True,14.693504475243259,1.0
57,Greedy,V2,"(78, 12)",0.27972794401028267,True,9.705382556179678,1.0
57,Greedy,V3,"(97, 6)",7.957293954368126,False,0.0,1.0
57,Greedy,V4,"(96, 79)",17.71080506572092,True,24.57016532802247,1.0
57,Greedy,V5,"(75, 0)",1.2292111087956776,True,0.5707888912043195,1.0
57,Greedy,V6,"(90, 25)",34.400699114830694,True,8.91049731745428,1.0
57,Greedy,V7,"(6, 74)",11.526524007447819,True,15.066758241067099,1.0
57,Greedy,V8,"(28, 9)",39.35463890316136,True,1.8120277635053128,1.0
57,Greedy,V9,"(89, 88)",6.399787010458134,True,29.770744176750625,1.0
57,Greedy,V10,"(78, 46)",1.1456225515285396,False,0.0,1.0
57,Auction,V1,"(45, 46)",10.390687593617322,True,11.785674201318386,1.0
57,Auction,V2,"(44, 80)",4.7242167482436415,True,5.408002808988147,1.0
57,Auction,V3,"(76, 95)",16.138806434199196,False,0.0,9.0
57,Auction,V4,"(78, 88)",25.291947695089334,True,15.951548275133206,1.0
57,Auction,V5,"(35, 52)",3.6574989395633892,False,0.0,3.0
57,Auction,V6,"(76, 12)",33.07730936128611,True,9.731300056749532,1.0
57,Auction,V7,"(49, 62)",10.06848373380075,True,16.301708279317776,1.0
57,Auction,V8,"(17, 26)",39.70686053228668,True,2.126472801046649,1.0
57,Auction,V9,"(83, 89)",15.466223054437283,True,20.984943324127922,1.0
57,Auction,V10,"(54, 48)",2.188245453629442,False,0.0,3.0
57,Q-Learning,V1,"(76, 95)",20.699635656279465,True,0.824065188020537,1.0
57,Q-Learning,V2,"(78, 88)",3.7404081600056003,True,6.061552812808827,1.0
57,Q-Learning,V3,"(65, 16)",1.8269387733370657,True,5.374368541872553,1.0
57,Q-Learning,V4,"(72, 33)",25.501197914974824,True,16.252813157556588,1.0
57,Q-Learning,V5,"(62, 32)",10.000474263943381,False,0.0,9.0
57,Q-Learning,V6,"(44, 80)",31.364660056681537,True,11.352610922848042,1.0
57,Q-Learning,V7,"(38, 47)",10.764976975791829,True,16.372677996249966,1.0
57,Q-Learning,V8,"(71, 95)",18.103314530525317,True,23.668478046884893,1.0
57,Q-Learning,V9,"(68, 76)",21.962177566129213,True,13.468600939935136,1.0
57,Q-Learning,V10,"(76, 12)",0.49727805196469177,True,0.40370243444252196,1.0
58,Greedy,V1,"(39, 76)",6.8075070219705225,True,13.693504475243259,1.0
58,Greedy,V2,"(78, 12)",0.27972794401028267,True,8.705382556179678,1.0
58,Greedy,V3,"(97, 6)",7.957293954368126,False,0.0,2.0
58,Greedy,V4,"(96, 79)",17.71080506572092,True,23.57016532802247,1.0
58,Greedy,V5,"(75, 0)",1.2292111087956776,False,0.0,1.0
58,Greedy,V6,"(90, 25)",34.400699114830694,True,7.910497317454279,1.0
58,Greedy,V7,"(6, 74)",11.526524007447819,True,14.066758241067099,1.0
58,Greedy,V8,"(28, 9)",39.35463890316136,True,0.8120277635053128,1.0
58,Greedy,V9,"(89, 88)",6.399787010458134,True,28.770744176750625,1.0
58,Greedy,V10,"(78, 46)",1.1456225515285396,False,0.0,2.0
58,Auction,V1,"(45, 46)",10.390687593617322,True,10.785674201318386,1.0
58,Auction,V2,"(44, 80)",4.7242167482436415,True,4.408002808988147,1.0
58,Auction,V3,"(76, 95)",16.138806434199196,False,0.0,10.0
58,Auction,V4,"(78, 88)",25.291947695089334,True,14.951548275133206,1.0
58,Auction,V5,"(35, 52)",3.6574989395633892,False,0.0,4.0
58,Auction,V6,"(76, 12)",33.07730936128611,True,8.731300056749532,1.0
58,Auction,V7,"(49, 62)",10.06848373380075,True,15.301708279317776,1.0
58,Auction,V8,"(17, 26)",39.70686053228668,True,1.1264728010466492,1.0
58,Auction,V9,"(83, 89)",15.466223054437283,True,19.984943324127922,1.0
58,Auction,V10,"(54, 48)",2.188245453629442,False,0.0,4.0
58,Q-Learning,V1,"(83, 89)",0.6752418276913659,True,20.0243938285881,1.0
58,Q-Learning,V2,"(78, 88)",3.7404081600056003,True,5.061552812808827,1.0
58,Q-Learning,V3,"(65, 16)",1.8269387733370657,True,4.374368541872553,1.0
58,Q-Learning,V4,"(72, 33)",25.501197914974824,True,15.252813157556588,1.0
58,Q-Learning,V5,"(62, 32)",10.000474263943381,False,0.0,10.0
58,Q-Learning,V6,"(44, 80)",31.364660056681537,True,10.352610922848042,1.0
58,Q-Learning,V7,"(38, 47)",10.764976975791829,True,15.372677996249966,1.0
58,Q-Learning,V8,"(71, 95)",18.103314530525317,True,22.668478046884893,1.0
58,Q-Learning,V9,"(68, 76)",21.962177566129213,True,12.468600939935136,1.0
58,Q-Learning,V10,"(76, 12)",0.49727805196469177,False,0.0,1.0
59,Greedy,V1,"(39, 76)",6.8075070219705225,True,12.693504475243259,1.0
59,Greedy,V2,"(78, 12)",0.27972794401028267,True,7.7053825561796785,1.0
59,Greedy,V3,"(97, 6)",7.957293954368126,False,0.0,3.0
59,Greedy,V4,"(96, 79)",17.71080506572092,True,22.57016532802247,1.0
59,Greedy,V5,"(75, 0)",1.2292111087956776,False,0.0,2.0
59,Greedy,V6,"(90, 25)",34.400699114830694,True,6.910497317454279,1.0
59,Greedy,V7,"(6, 74)",11.526524007447819,True,13.066758241067099,1.0
59,Greedy,V8,"(28, 9)",4.1742323707050275,True,35.18040653245633,1.0
59,Greedy,V9,"(89, 88)",6.399787010458134,True,27.770744176750625,1.0
59,Greedy,V10,"(78, 46)",1.1456225515285396,False,0.0,3.0
59,Auction,V1,"(45, 46)",10.390687593617322,True,9.785674201318386,1.0
59,Auction,V2,"(44, 80)",4.7242167482436415,True,3.4080028089881473,1.0
59,Auction,V3,"(76, 95)",16.138806434199196,False,0.0,11.0
59,Auction,V4,"(78, 88)",25.291947695089334,True,13.951548275133206,1.0
59,Auction,V5,"(35, 52)",3.6574989395633892,False,0.0,5.0
59,Auction,V6,"(76, 12)",33.07730936128611,True,7.731300056749532,1.0
59,Auction,V7,"(49, 62)",10.06848373380075,True,14.301708279317776,1.0
59,Auction,V8,"(17, 26)",39.70686053228668,True,0.12647280104664915,1.0
59,Auction,V9,"(83, 89)",15.466223054437283,True,18.984943324127922,1.0
59,Auction,V10,"(54, 48)",2.188245453629442,False,0.0,5.0
59,Q-Learning,V1,"(83, 89)",0.6752418276913659,True,19.0243938285881,1.0
59,Q-Learning,V2,"(78, 88)",3.7404081600056003,True,4.061552812808827,1.0
59,Q-Learning,V3,"(65, 16)",1.8269387733370657,True,3.3743685418725526,1.0
59,Q-Learning,V4,"(72, 33)",25.501197914974824,True,14.252813157556588,1.0
59,Q-Learning,V5,"(62, 32)",10.000474263943381,False,0.0,11.0
59,Q-Learning,V6,"(44, 80)",31.364660056681537,True,9.352610922848042,1.0
59,Q-Learning,V7,"(38, 47)",10.764976975791829,True,14.372677996249966,1.0
59,Q-Learning,V8,"(71, 95)",18.103314530525317,True,21.668478046884893,1.0
59,Q-Learning,V9,"(68, 76)",21.962177566129213,True,11.468600939935136,1.0
59,Q-Learning,V10,"(76, 12)",0.49727805196469177,False,0.0,2.0
60,Greedy,V1,"(39, 76)",6.8075070219705225,True,11.693504475243259,1.0
60,Greedy,V2,"(78, 12)",0.27972794401028267,True,6.7053825561796785,1.0
60,Greedy,V3,"(97, 6)",7.957293954368126,False,0.0,4.0
60,Greedy,V4,"(96, 79)",17.71080506572092,True,21.57016532802247,1.0
60,Greedy,V5,"(75, 0)",1.2292111087956776,False,0.0,3.0
60,Greedy,V6,"(90, 25)",34.400699114830694,True,5.910497317454279,1.0
60,Greedy,V7,"(6, 74)",11.526524007447819,True,12.066758241067099,1.0
60,Greedy,V8,"(28, 9)",4.1742323707050275,True,34.18040653245633,1.0
60,Greedy,V9,"(89, 88)",6.399787010458134,True,26.770744176750625,1.0
60,Greedy,V10,"(78, 46)",1.1456225515285396,False,0.0,4.0
60,Auction,V1,"(45, 46)",10.390687593617322,True,8.785674201318386,1.0
60,Auction,V2,"(44, 80)",4.7242167482436415,True,2.4080028089881473,1.0
60,Auction,V3,"(76, 95)",16.138806434199196,False,0.0,12.0
60,Auction,V4,"(78, 88)",25.291947695089334,True,12.951548275133206,1.0
60,Auction,V5,"(35, 52)",3.6574989395633892,False,0.0,6.0
60,Auction,V6,"(76, 12)",33.07730936128611,True,6.731300056749532,1.0
60,Auction,V7,"(49, 62)",10.06848373380075,True,13.301708279317776,1.0
60,Auction,V8,"(11, 2)",11.583754906669022,True,28.12310562561766,1.0
60,Auction,V9,"(83, 89)",15.466223054437283,True,17.984943324127922,1.0
60,Auction,V10,"(54, 48)",2.188245453629442,False,0.0,6.0
60,Q-Learning,V1,"(83, 89)",0.6752418276913659,True,18.0243938285881,1.0
60,Q-Learning,V2,"(78, 88)",3.7404081600056003,True,3.061552812808827,1.0
60,Q-Learning,V3,"(65, 16)",1.8269387733370657,True,2.3743685418725526,1.0
60,Q-Learning,V4,"(72, 33)",25.501197914974824,True,13.252813157556588,1.0
60,Q-Learning,V5,"(62, 32)",10.000474263943381,False,0.0,12.0
60,Q-Learning,V6,"(44, 80)",31.364660056681537,True,8.352610922848042,1.0
60,Q-Learning,V7,"(38, 47)",10.764976975791829,True,13.372677996249966,1.0
60,Q-Learning,V8,"(71, 95)",18.103314530525317,True,20.668478046884893,1.0
60,Q-Learning,V9,"(68, 76)",21.962177566129213,True,10.468600939935136,1.0
60,Q-Learning,V10,"(76, 12)",0.49727805196469177,False,0.0,3.0
61,Greedy,V1,"(39, 76)",6.8075070219705225,True,10.693504475243259,1.0
61,Greedy,V2,"(78, 12)",0.27972794401028267,True,5.7053825561796785,1.0
61,Greedy,V3,"(97, 6)",7.957293954368126,False,0.0,5.0
61,Greedy,V4,"(96, 79)",17.71080506572092,True,20.57016532802247,1.0
61,Greedy,V5,"(75, 0)",1.2292111087956776,False,0.0,4.0
61,Greedy,V6,"(90, 25)",34.400699114830694,True,4.910497317454279,1.0
61,Greedy,V7,"(6, 74)",11.526524007447819,True,11.066758241067099,1.0
61,Greedy,V8,"(28, 9)",4.1742323707050275,True,33.18040653245633,1.0
61,Greedy,V9,"(89, 88)",6.399787010458134,True,25.770744176750625,1.0
61,Greedy,V10,"(78, 46)",1.1456225515285396,False,0.0,5.0
61,Auction,V1,"(45, 46)",10.390687593617322,True,7.785674201318386,1.0
61,Auction,V2,"(44, 80)",4.7242167482436415,True,1.4080028089881473,1.0
61,Auction,V3,"(76, 95)",16.138806434199196,False,0.0,13.0
61,Auction,V4,"(78, 88)",25.291947695089334,True,11.951548275133206,1.0
61,Auction,V5,"(35, 52)",3.6574989395633892,False,0.0,7.0
61,Auction,V6,"(76, 12)",33.07730936128611,True,5.731300056749532,1.0
61,Auction,V7,"(49, 62)",10.06848373380075,True,12.301708279317776,1.0
61,Auction,V8,"(11, 2)",11.583754906669022,True,27.12310562561766,1.0
61,Auction,V9,"(83, 89)",15.466223054437283,True,16.984943324127922,1.0
61,Auction,V10,"(54, 48)",2.188245453629442,False,0.0,7.0
61,Q-Learning,V1,"(83, 89)",0.6752418276913659,True,17.0243938285881,1.0
61,Q-Learning,V2,"(78, 88)",3.7404081600056003,True,2.061552812808827,1.0
61,Q-Learning,V3,"(65, 16)",1.8269387733370657,True,1.3743685418725526,1.0
61,Q-Learning,V4,"(72, 33)",25.501197914974824,True,12.252813157556588,1.0
61,Q-Learning,V5,"(62, 32)",10.000474263943381,False,0.0,13.0
61,Q-Learning,V6,"(44, 80)",31.364660056681537,True,7.352610922848042,1.0
61,Q-Learning,V7,"(38, 47)",10.764976975791829,True,12.372677996249966,1.0
61,Q-Learning,V8,"(71, 95)",18.103314530525317,True,19.668478046884893,1.0
61,Q-Learning,V9,"(68, 76)",21.962177566129213,True,9.468600939935136,1.0
61,Q-Learning,V10,"(76, 12)",0.49727805196469177,False,0.0,4.0
62,Greedy,V1,"(39, 76)",6.8075070219705225,True,9.693504475243259,1.0
62,Greedy,V2,"(78, 12)",0.27972794401028267,True,4.7053825561796785,1.0
62,Greedy,V3,"(97, 6)",7.957293954368126,False,0.0,6.0
62,Greedy,V4,"(96, 79)",17.71080506572092,True,19.57016532802247,1.0
62,Greedy,V5,"(75, 0)",1.2292111087956776,False,0.0,5.0
62,Greedy,V6,"(90, 25)",34.400699114830694,True,3.910497317454279,1.0
62,Greedy,V7,"(6, 74)",11.526524007447819,True,10.066758241067099,1.0
62,Greedy,V8,"(28, 9)",4.1742323707050275,True,32.18040653245633,1.0
62,Greedy,V9,"(89, 88)",6.399787010458134,True,24.770744176750625,1.0
62,Greedy,V10,"(78, 46)",1.1456225515285396,False,0.0,6.0
62,Auction,V1,"(45, 46)",10.390687593617322,True,6.785674201318386,1.0
62,Auction,V2,"(44, 80)",4.7242167482436415,True,0.40800280898814734,1.0
62,Auction,V3,"(76, 95)",16.138806434199196,False,0.0,14.0
62,Auction,V4,"(78, 88)",25.291947695089334,True,10.951548275133206,1.0
62,Auction,V5,"(35, 52)",3.6574989395633892,False,0.0,8.0
62,Auction,V6,"(76, 12)",33.07730936128611,True,4.731300056749532,1.0
62,Auction,V7,"(49, 62)",10.06848373380075,True,11.301708279317776,1.0
62,Auction,V8,"(11, 2)",11.583754906669022,True,26.12310562561766,1.0
62,Auction,V9,"(83, 89)",15.466223054437283,True,15.984943324127922,1.0
62,Auction,V10,"(54, 48)",2.188245453629442,False,0.0,8.0
62,Q-Learning,V1,"(83, 89)",0.6752418276913659,True,16.0243938285881,1.0
62,Q-Learning,V2,"(78, 88)",3.7404081600056003,True,1.0615528128088272,1.0
62,Q-Learning,V3,"(65, 16)",1.8269387733370657,True,0.37436854187255264,1.0
62,Q-Learning,V4,"(72, 33)",25.501197914974824,True,11.252813157556588,1.0
62,Q-Learning,V5,"(62, 32)",10.000474263943381,False,0.0,14.0
62,Q-Learning,V6,"(44, 80)",31.364660056681537,True,6.352610922848042,1.0
62,Q-Learning,V7,"(38, 47)",10.764976975791829,True,11.372677996249966,1.0
62,Q-Learning,V8,"(71, 95)",18.103314530525317,True,18.668478046884893,1.0
62,Q-Learning,V9,"(68, 76)",21.962177566129213,True,8.468600939935136,1.0
62,Q-Learning,V10,"(76, 12)",0.49727805196469177,False,0.0,5.0
63,Greedy,V1,"(39, 76)",6.8075070219705225,True,8.693504475243259,1.0
63,Greedy,V2,"(78, 12)",0.27972794401028267,True,3.7053825561796785,1.0
63,Greedy,V3,"(97, 6)",7.957293954368126,False,0.0,7.0
63,Greedy,V4,"(96, 79)",17.71080506572092,True,18.57016532802247,1.0
63,Greedy,V5,"(75, 0)",1.2292111087956776,False,0.0,6.0
63,Greedy,V6,"(90, 25)",34.400699114830694,True,2.910497317454279,1.0
63,Greedy,V7,"(6, 74)",11.526524007447819,True,9.066758241067099,1.0
63,Greedy,V8,"(28, 9)",4.1742323707050275,True,31.18040653245633,1.0
63,Greedy,V9,"(89, 88)",6.399787010458134,True,23.770744176750625,1.0
63,Greedy,V10,"(78, 46)",1.1456225515285396,False,0.0,7.0
63,Auction,V1,"(45, 46)",10.390687593617322,True,5.785674201318386,1.0
63,Auction,V2,"(44, 80)",4.7242167482436415,False,0.0,1.0
63,Auction,V3,"(76, 95)",16.138806434199196,False,0.0,15.0
63,Auction,V4,"(78, 88)",25.291947695089334,True,9.951548275133206,1.0
63,Auction,V5,"(35, 52)",3.6574989395633892,False,0.0,9.0
63,Auction,V6,"(76, 12)",33.07730936128611,True,3.7313000567495322,1.0
63,Auction,V7,"(49, 62)",10.06848373380075,True,10.301708279317776,1.0
63,Auction,V8,"(11, 2)",11.583754906669022,True,25.12310562561766,1.0
63,Auction,V9,"(83, 89)",15.466223054437283,True,14.984943324127922,1.0
63,Auction,V10,"(54, 48)",2.188245453629442,False,0.0,9.0
63,Q-Learning,V1,"(83, 89)",0.6752418276913659,True,15.0243938285881,1.0
63,Q-Learning,V2,"(78, 88)",3.7404081600056003,True,0.061552812808827184,1.0
63,Q-Learning,V3,"(65, 16)",1.8269387733370657,False,0.0,1.0
63,Q-Learning,V4,"(72, 33)",25.501197914974824,True,10.252813157556588,1.0
63,Q-Learning,V5,"(62, 32)",10.000474263943381,False,0.0,15.0
63,Q-Learning,V6,"(44, 80)",31.364660056681537,True,5.352610922848042,1.0
63,Q-Learning,V7,"(38, 47)",10.764976975791829,True,10.372677996249966,1.0
63,Q-Learning,V8,"(71, 95)",18.103314530525317,True,17.668478046884893,1.0
63,Q-Learning,V9,"(68, 76)",21.962177566129213,True,7.468600939935136,1.0
63,Q-Learning,V10,"(76, 12)",0.49727805196469177,False,0.0,6.0
64,Greedy,V1,"(39, 76)",6.8075070219705225,True,7.693504475243259,1.0
64,Greedy,V2,"(78, 12)",0.27972794401028267,True,2.7053825561796785,1.0
64,Greedy,V3,"(97, 6)",7.957293954368126,False,0.0,8.0
64,Greedy,V4,"(96, 79)",17.71080506572092,True,17.57016532802247,1.0
64,Greedy,V5,"(75, 0)",1.2292111087956776,False,0.0,7.0
64,Greedy,V6,"(90, 25)",34.400699114830694,True,1.9104973174542792,1.0
64,Greedy,V7,"(6, 74)",11.526524007447819,True,8.066758241067099,1.0
64,Greedy,V8,"(28, 9)",4.1742323707050275,True,30.18040653245633,1.0
64,Greedy,V9,"(89, 88)",6.399787010458134,True,22.770744176750625,1.0
64,Greedy,V10,"(78, 46)",1.1456225515285396,False,0.0,8.0
64,Auction,V1,"(45, 46)",10.390687593617322,True,4.785674201318386,1.0
64,Auction,V2,"(44, 80)",4.7242167482436415,False,0.0,2.0
64,Auction,V3,"(76, 95)",16.138806434199196,False,0.0,16.0
64,Auction,V4,"(78, 88)",25.291947695089334,True,8.951548275133206,1.0
64,Auction,V5,"(35, 52)",3.6574989395633892,False,0.0,10.0
64,Auction,V6,"(76, 12)",33.07730936128611,True,2.7313000567495322,1.0
64,Auction,V7,"(49, 62)",10.06848373380075,True,9.301708279317776,1.0
64,Auction,V8,"(11, 2)",11.583754906669022,True,24.12310562561766,1.0
64,Auction,V9,"(83, 89)",15.466223054437283,True,13.984943324127922,1.0
64,Auction,V10,"(54, 48)",2.188245453629442,False,0.0,10.0
64,Q-Learning,V1,"(83, 89)",0.6752418276913659,True,14.0243938285881,1.0
64,Q-Learning,V2,"(78, 88)",3.7404081600056003,False,0.0,1.0
64,Q-Learning,V3,"(65, 16)",1.8269387733370657,False,0.0,2.0
64,Q-Learning,V4,"(72, 33)",25.501197914974824,True,9.252813157556588,1.0
64,Q-Learning,V5,"(62, 32)",10.000474263943381,False,0.0,16.0
64,Q-Learning,V6,"(44, 80)",31.364660056681537,True,4.352610922848042,1.0
64,Q-Learning,V7,"(38, 47)",10.764976975791829,True,9.372677996249966,1.0
64,Q-Learning,V8,"(71, 95)",18.103314530525317,True,16.668478046884893,1.0
64,Q-Learning,V9,"(68, 76)",21.962177566129213,True,6.468600939935136,1.0
64,Q-Learning,V10,"(76, 12)",0.49727805196469177,False,0.0,7.0
65,Greedy,V1,"(39, 76)",6.8075070219705225,True,6.693504475243259,1.0
65,Greedy,V2,"(78, 12)",0.27972794401028267,True,1.7053825561796785,1.0
65,Greedy,V3,"(97, 6)",7.957293954368126,False,0.0,9.0
65,Greedy,V4,"(96, 79)",17.71080506572092,True,16.57016532802247,1.0
65,Greedy,V5,"(75, 0)",1.2292111087956776,False,0.0,8.0
65,Greedy,V6,"(90, 25)",34.400699114830694,True,0.9104973174542792,1.0
65,Greedy,V7,"(6, 74)",11.526524007447819,True,7.066758241067099,1.0
65,Greedy,V8,"(28, 9)",4.1742323707050275,True,29.18040653245633,1.0
65,Greedy,V9,"(89, 88)",6.399787010458134,True,21.770744176750625,1.0
65,Greedy,V10,"(78, 46)",1.1456225515285396,False,0.0,9.0
65,Auction,V1,"(45, 46)",10.390687593617322,True,3.785674201318386,1.0
65,Auction,V2,"(44, 80)",4.7242167482436415,False,0.0,3.0
65,Auction,V3,"(76, 95)",16.138806434199196,False,0.0,17.0
65,Auction,V4,"(78, 88)",25.291947695089334,True,7.951548275133206,1.0
65,Auction,V5,"(35, 52)",3.6574989395633892,False,0.0,11.0
65,Auction,V6,"(76, 12)",33.07730936128611,True,1.7313000567495322,1.0
65,Auction,V7,"(49, 62)",10.06848373380075,True,8.301708279317776,1.0
65,Auction,V8,"(11, 2)",11.583754906669022,True,23.12310562561766,1.0
65,Auction,V9,"(83, 89)",15.466223054437283,True,12.984943324127922,1.0
65,Auction,V10,"(54, 48)",2.188245453629442,False,0.0,11.0
65,Q-Learning,V1,"(83, 89)",0.6752418276913659,True,13.0243938285881,1.0
65,Q-Learning,V2,"(78, 88)",3.7404081600056003,False,0.0,2.0
65,Q-Learning,V3,"(65, 16)",1.8269387733370657,False,0.0,3.0
65,Q-Learning,V4,"(72, 33)",25.501197914974824,True,8.252813157556588,1.0
65,Q-Learning,V5,"(62, 32)",10.000474263943381,False,0.0,17.0
65,Q-Learning,V6,"(44, 80)",31.364660056681537,True,3.352610922848042,1.0
65,Q-Learning,V7,"(38, 47)",10.764976975791829,True,8.372677996249966,1.0
65,Q-Learning,V8,"(71, 95)",18.103314530525317,True,15.668478046884893,1.0
65,Q-Learning,V9,"(68, 76)",21.962177566129213,True,5.468600939935136,1.0
65,Q-Learning,V10,"(76, 12)",0.49727805196469177,False,0.0,8.0
66,Greedy,V1,"(39, 76)",6.8075070219705225,True,5.693504475243259,1.0
66,Greedy,V2,"(78, 12)",0.27972794401028267,True,0.7053825561796785,1.0
66,Greedy,V3,"(97, 6)",7.957293954368126,False,0.0,10.0
66,Greedy,V4,"(96, 79)",17.71080506572092,True,15.570165328022469,1.0
66,Greedy,V5,"(75, 0)",1.2292111087956776,False,0.0,9.0
66,Greedy,V6,"(90, 25)",2.4309275544714737,True,31.96977156035922,1.0
66,Greedy,V7,"(6, 74)",11.526524007447819,True,6.066758241067099,1.0
66,Greedy,V8,"(28, 9)",4.1742323707050275,True,28.18040653245633,1.0
66,Greedy,V9,"(89, 88)",6.399787010458134,True,20.770744176750625,1.0
66,Greedy,V10,"(78, 46)",1.1456225515285396,False,0.0,10.0
66,Auction,V1,"(45, 46)",10.390687593617322,True,2.785674201318386,1.0
66,Auction,V2,"(44, 80)",4.7242167482436415,False,0.0,4.0
66,Auction,V3,"(76, 95)",16.138806434199196,False,0.0,18.0
66,Auction,V4,"(78, 88)",25.291947695089334,True,6.951548275133206,1.0
66,Auction,V5,"(35, 52)",3.6574989395633892,False,0.0,12.0
66,Auction,V6,"(76, 12)",33.07730936128611,True,0.7313000567495322,1.0
66,Auction,V7,"(49, 62)",10.06848373380075,True,7.301708279317776,1.0
66,Auction,V8,"(11, 2)",11.583754906669022,True,22.12310562561766,1.0
66,Auction,V9,"(83, 89)",15.466223054437283,True,11.984943324127922,1.0
66,Auction,V10,"(54, 48)",2.188245453629442,False,0.0,12.0
66,Q-Learning,V1,"(83, 89)",0.6752418276913659,True,12.0243938285881,1.0
66,Q-Learning,V2,"(78, 88)",3.7404081600056003,False,0.0,3.0
66,Q-Learning,V3,"(65, 16)",1.8269387733370657,False,0.0,4.0
66,Q-Learning,V4,"(72, 33)",25.501197914974824,True,7.252813157556588,1.0
66,Q-Learning,V5,"(62, 32)",10.000474263943381,False,0.0,18.0
66,Q-Learning,V6,"(44, 80)",31.364660056681537,True,2.352610922848042,1.0
66,Q-Learning,V7,"(38, 47)",10.764976975791829,True,7.372677996249966,1.0
66,Q-Learning,V8,"(71, 95)",18.103314530525317,True,14.668478046884893,1.0
66,Q-Learning,V9,"(68, 76)",21.962177566129213,True,4.468600939935136,1.0
66,Q-Learning,V10,"(76, 12)",0.49727805196469177,False,0.0,9.0
67,Greedy,V1,"(39, 76)",6.8075070219705225,True,4.693504475243259,1.0
67,Greedy,V2,"(78, 12)",0.27972794401028267,False,0.0,1.0
67,Greedy,V3,"(97, 6)",7.957293954368126,False,0.0,11.0
67,Greedy,V4,"(96, 79)",17.71080506572092,True,14.570165328022469,1.0
67,Greedy,V5,"(75, 0)",1.2292111087956776,False,0.0,10.0
67,Greedy,V6,"(90, 25)",2.4309275544714737,True,30.96977156035922,1.0
67,Greedy,V7,"(6, 74)",11.526524007447819,True,5.066758241067099,1.0
67,Greedy,V8,"(28, 9)",4.1742323707050275,True,27.18040653245633,1.0
67,Greedy,V9,"(89, 88)",6.399787010458134,True,19.770744176750625,1.0
67,Greedy,V10,"(78, 46)",1.1456225515285396,False,0.0,11.0
67,Auction,V1,"(45, 46)",10.390687593617322,True,1.7856742013183862,1.0
67,Auction,V2,"(44, 80)",4.7242167482436415,False,0.0,5.0
67,Auction,V3,"(76, 95)",16.138806434199196,False,0.0,19.0
67,Auction,V4,"(78, 88)",25.291947695089334,True,5.951548275133206,1.0
67,Auction,V5,"(35, 52)",3.6574989395633892,False,0.0,13.0
67,Auction,V6,"(65, 16)",5.906839370214151,True,27.17046999107196,1.0
67,Auction,V7,"(49, 62)",10.06848373380075,True,6.301708279317776,1.0
67,Auction,V8,"(11, 2)",11.583754906669022,True,21.12310562561766,1.0
67,Auction,V9,"(83, 89)",15.466223054437283,True,10.984943324127922,1.0
67,Auction,V10,"(54, 48)",2.188245453629442,False,0.0,13.0
67,Q-Learning,V1,"(83, 89)",0.6752418276913659,True,11.0243938285881,1.0
67,Q-Learning,V2,"(78, 88)",3.7404081600056003,False,0.0,4.0
67,Q-Learning,V3,"(65, 16)",1.8269387733370657,False,0.0,5.0
67,Q-Learning,V4,"(72, 33)",25.501197914974824,True,6.252813157556588,1.0
67,Q-Learning,V5,"(62, 32)",10.000474263943381,False,0.0,19.0
67,Q-Learning,V6,"(44, 80)",31.364660056681537,True,1.3526109228480419,1.0
67,Q-Learning,V7,"(38, 47)",10.764976975791829,True,6.372677996249966,1.0
67,Q-Learning,V8,"(71, 95)",18.103314530525317,True,13.668478046884893,1.0
67,Q-Learning,V9,"(68, 76)",21.962177566129213,True,3.4686009399351363,1.0
67,Q-Learning,V10,"(76, 12)",0.49727805196469177,False,0.0,10.0
68,Greedy,V1,"(39, 76)",6.8075070219705225,True,3.693504475243259,1.0
68,Greedy,V2,"(78, 12)",0.27972794401028267,False,0.0,2.0
68,Greedy,V3,"(97, 6)",7.957293954368126,False,0.0,12.0
68,Greedy,V4,"(96, 79)",17.71080506572092,True,13.570165328022469,1.0
68,Greedy,V5,"(75, 0)",1.2292111087956776,False,0.0,11.0
68,Greedy,V6,"(90, 25)",2.4309275544714737,True,29.96977156035922,1.0
68,Greedy,V7,"(6, 74)",11.526524007447819,True,4.066758241067099,1.0
68,Greedy,V8,"(28, 9)",4.1742323707050275,True,26.18040653245633,1.0
68,Greedy,V9,"(89, 88)",6.399787010458134,True,18.770744176750625,1.0
68,Greedy,V10,"(78, 46)",1.1456225515285396,False,0.0,12.0
68,Auction,V1,"(45, 46)",10.390687593617322,True,0.7856742013183862,1.0
68,Auction,V2,"(44, 80)",4.7242167482436415,False,0.0,6.0
68,Auction,V3,"(76, 95)",16.138806434199196,False,0.0,20.0
68,Auction,V4,"(78, 88)",25.291947695089334,True,4.951548275133206,1.0
68,Auction,V5,"(35, 52)",3.6574989395633892,False,0.0,14.0
68,Auction,V6,"(65, 16)",5.906839370214151,True,26.17046999107196,1.0
68,Auction,V7,"(49, 62)",10.06848373380075,True,5.301708279317776,1.0
68,Auction,V8,"(11, 2)",11.583754906669022,True,20.12310562561766,1.0
68,Auction,V9,"(83, 89)",15.466223054437283,True,9.984943324127922,1.0
68,Auction,V10,"(54, 48)",2.188245453629442,False,0.0,14.0
68,Q-Learning,V1,"(83, 89)",0.6752418276913659,True,10.0243938285881,1.0
68,Q-Learning,V2,"(78, 88)",3.7404081600056003,False,0.0,5.0
68,Q-Learning,V3,"(65, 16)",1.8269387733370657,False,0.0,6.0
68,Q-Learning,V4,"(72, 33)",25.501197914974824,True,5.252813157556588,1.0
68,Q-Learning,V5,"(62, 32)",10.000474263943381,False,0.0,20.0
68,Q-Learning,V6,"(44, 80)",31.364660056681537,True,0.35261092284804185,1.0
68,Q-Learning,V7,"(38, 47)",10.764976975791829,True,5.372677996249966,1.0
68,Q-Learning,V8,"(71, 95)",18.103314530525317,True,12.668478046884893,1.0
68,Q-Learning,V9,"(68, 76)",21.962177566129213,True,2.4686009399351363,1.0
68,Q-Learning,V10,"(76, 12)",0.49727805196469177,False,0.0,11.0
69,Greedy,V1,"(39, 76)",6.8075070219705225,True,2.693504475243259,1.0
69,Greedy,V2,"(78, 12)",0.27972794401028267,False,0.0,3.0
69,Greedy,V3,"(97, 6)",7.957293954368126,False,0.0,13.0
69,Greedy,V4,"(96, 79)",17.71080506572092,True,12.570165328022469,1.0
69,Greedy,V5,"(75, 0)",1.2292111087956776,False,0.0,12.0
69,Greedy,V6,"(90, 25)",2.4309275544714737,True,28.96977156035922,1.0
69,Greedy,V7,"(6, 74)",11.526524007447819,True,3.066758241067099,1.0
69,Greedy,V8,"(28, 9)",4.1742323707050275,True,25.18040653245633,1.0
69,Greedy,V9,"(89, 88)",6.399787010458134,True,17.770744176750625,1.0
69,Greedy,V10,"(78, 46)",1.1456225515285396,False,0.0,13.0
69,Auction,V1,"(45, 46)",10.390687593617322,False,0.0,1.0
69,Auction,V2,"(44, 80)",4.7242167482436415,False,0.0,7.0
69,Auction,V3,"(76, 95)",16.138806434199196,False,0.0,21.0
69,Auction,V4,"(78, 88)",25.291947695089334,True,3.951548275133206,1.0
69,Auction,V5,"(35, 52)",3.6574989395633892,False,0.0,15.0
69,Auction,V6,"(65, 16)",5.906839370214151,True,25.17046999107196,1.0
69,Auction,V7,"(49, 62)",10.06848373380075,True,4.301708279317776,1.0
69,Auction,V8,"(11, 2)",11.583754906669022,True,19.12310562561766,1.0
69,Auction,V9,"(83, 89)",15.466223054437283,True,8.984943324127922,1.0
69,Auction,V10,"(54, 48)",2.188245453629442,False,0.0,15.0
69,Q-Learning,V1,"(83, 89)",0.6752418276913659,True,9.0243938285881,1.0
69,Q-Learning,V2,"(78, 88)",3.7404081600056003,False,0.0,6.0
69,Q-Learning,V3,"(65, 16)",1.8269387733370657,False,0.0,7.0
69,Q-Learning,V4,"(72, 33)",25.501197914974824,True,4.252813157556588,1.0
69,Q-Learning,V5,"(62, 32)",10.000474263943381,False,0.0,21.0
69,Q-Learning,V6,"(29, 77)",3.8349542026037007,True,27.529705854077836,1.0
69,Q-Learning,V7,"(38, 47)",10.764976975791829,True,4.372677996249966,1.0
69,Q-Learning,V8,"(71, 95)",18.103314530525317,True,11.668478046884893,1.0
69,Q-Learning,V9,"(68, 76)",21.962177566129213,True,1.4686009399351363,1.0
69,Q-Learning,V10,"(76, 12)",0.49727805196469177,False,0.0,12.0
70,Greedy,V1,"(39, 76)",6.8075070219705225,True,1.6935044752432589,1.0
70,Greedy,V2,"(78, 12)",0.27972794401028267,False,0.0,4.0
70,Greedy,V3,"(97, 6)",7.957293954368126,False,0.0,14.0
70,Greedy,V4,"(96, 79)",17.71080506572092,True,11.570165328022469,1.0
70,Greedy,V5,"(75, 0)",1.2292111087956776,False,0.0,13.0
70,Greedy,V6,"(90, 25)",2.4309275544714737,True,27.96977156035922,1.0
70,Greedy,V7,"(6, 74)",11.526524007447819,True,2.066758241067099,1.0
70,Greedy,V8,"(28, 9)",4.1742323707050275,True,24.18040653245633,1.0
70,Greedy,V9,"(89, 88)",6.399787010458134,True,16.770744176750625,1.0
70,Greedy,V10,"(78, 46)",1.1456225515285396,False,0.0,14.0
70,Auction,V1,"(45, 46)",10.390687593617322,False,0.0,2.0
70,Auction,V2,"(44, 80)",4.7242167482436415,False,0.0,8.0
70,Auction,V3,"(76, 95)",16.138806434199196,False,0.0,22.0
70,Auction,V4,"(78, 88)",25.291947695089334,True,2.951548275133206,1.0
70,Auction,V5,"(35, 52)",3.6574989395633892,False,0.0,16.0
70,Auction,V6,"(65, 16)",5.906839370214151,True,24.17046999107196,1.0
70,Auction,V7,"(49, 62)",10.06848373380075,True,3.3017082793177757,1.0
70,Auction,V8,"(11, 2)",11.583754906669022,True,18.12310562561766,1.0
70,Auction,V9,"(83, 89)",15.466223054437283,True,7.984943324127922,1.0
70,Auction,V10,"(54, 48)",2.188245453629442,False,0.0,16.0
70,Q-Learning,V1,"(83, 89)",0.6752418276913659,True,8.0243938285881,1.0
70,Q-Learning,V2,"(78, 88)",3.7404081600056003,False,0.0,7.0
70,Q-Learning,V3,"(65, 16)",1.8269387733370657,False,0.0,8.0
70,Q-Learning,V4,"(72, 33)",25.501197914974824,True,3.252813157556588,1.0
70,Q-Learning,V5,"(62, 32)",10.000474263943381,False,0.0,22.0
70,Q-Learning,V6,"(29, 77)",3.8349542026037007,True,26.529705854077836,1.0
70,Q-Learning,V7,"(38, 47)",10.764976975791829,True,3.3726779962499656,1.0
70,Q-Learning,V8,"(71, 95)",18.103314530525317,True,10.668478046884893,1.0
70,Q-Learning,V9,"(68, 76)",21.962177566129213,True,0.4686009399351363,1.0
70,Q-Learning,V10,"(76, 12)",0.49727805196469177,False,0.0,13.0
71,Greedy,V1,"(39, 76)",6.8075070219705225,True,0.6935044752432589,1.0
71,Greedy,V2,"(78, 12)",0.27972794401028267,False,0.0,5.0
71,Greedy,V3,"(97, 6)",7.957293954368126,False,0.0,15.0
71,Greedy,V4,"(96, 79)",17.71080506572092,True,10.570165328022469,1.0
71,Greedy,V5,"(75, 0)",1.2292111087956776,False,0.0,14.0
71,Greedy,V6,"(90, 25)",2.4309275544714737,True,26.96977156035922,1.0
71,Greedy,V7,"(6, 74)",11.526524007447819,True,1.0667582410670988,1.0
71,Greedy,V8,"(28, 9)",4.1742323707050275,True,23.18040653245633,1.0
71,Greedy,V9,"(89, 88)",6.399787010458134,True,15.770744176750625,1.0
71,Greedy,V10,"(78, 46)",1.1456225515285396,False,0.0,15.0
71,Auction,V1,"(45, 46)",10.390687593617322,False,0.0,3.0
71,Auction,V2,"(44, 80)",4.7242167482436415,False,0.0,9.0
71,Auction,V3,"(76, 95)",16.138806434199196,False,0.0,23.0
71,Auction,V4,"(78, 88)",25.291947695089334,True,1.9515482751332058,1.0
71,Auction,V5,"(35, 52)",3.6574989395633892,False,0.0,17.0
71,Auction,V6,"(65, 16)",5.906839370214151,True,23.17046999107196,1.0
71,Auction,V7,"(49, 62)",10.06848373380075,True,2.3017082793177757,1.0
71,Auction,V8,"(11, 2)",11.583754906669022,True,17.12310562561766,1.0
71,Auction,V9,"(83, 89)",15.466223054437283,True,6.984943324127922,1.0
71,Auction,V10,"(54, 48)",2.188245453629442,False,0.0,17.0
71,Q-Learning,V1,"(83, 89)",0.6752418276913659,True,7.024393828588099,1.0
71,Q-Learning,V2,"(78, 88)",3.7404081600056003,False,0.0,8.0
71,Q-Learning,V3,"(65, 16)",1.8269387733370657,False,0.0,9.0
71,Q-Learning,V4,"(72, 33)",25.501197914974824,True,2.252813157556588,1.0
71,Q-Learning,V5,"(62, 32)",10.000474263943381,False,0.0,23.0
71,Q-Learning,V6,"(29, 77)",3.8349542026037007,True,25.529705854077836,1.0
71,Q-Learning,V7,"(38, 47)",10.764976975791829,True,2.3726779962499656,1.0
71,Q-Learning,V8,"(71, 95)",18.103314530525317,True,9.668478046884893,1.0
71,Q-Learning,V9,"(74, 78)",4.329722034095539,True,17.632455532033674,1.0
71,Q-Learning,V10,"(76, 12)",0.49727805196469177,False,0.0,14.0
72,Greedy,V1,"(39, 76)",6.8075070219705225,False,0.0,1.0
72,Greedy,V2,"(78, 12)",0.27972794401028267,False,0.0,6.0
72,Greedy,V3,"(97, 6)",7.957293954368126,False,0.0,16.0
72,Greedy,V4,"(96, 79)",17.71080506572092,True,9.570165328022469,1.0
72,Greedy,V5,"(75, 0)",1.2292111087956776,False,0.0,15.0
72,Greedy,V6,"(90, 25)",2.4309275544714737,True,25.96977156035922,1.0
72,Greedy,V7,"(6, 74)",11.526524007447819,True,0.06675824106709882,1.0
72,Greedy,V8,"(28, 9)",4.1742323707050275,True,22.18040653245633,1.0
72,Greedy,V9,"(89, 88)",6.399787010458134,True,14.770744176750625,1.0
72,Greedy,V10,"(78, 46)",1.1456225515285396,False,0.0,16.0
72,Auction,V1,"(45, 46)",10.390687593617322,False,0.0,4.0
72,Auction,V2,"(44, 80)",4.7242167482436415,False,0.0,10.0
72,Auction,V3,"(76, 95)",16.138806434199196,False,0.0,24.0
72,Auction,V4,"(78, 88)",25.291947695089334,True,0.9515482751332058,1.0
72,Auction,V5,"(35, 52)",3.6574989395633892,False,0.0,18.0
72,Auction,V6,"(65, 16)",5.906839370214151,True,22.17046999107196,1.0
72,Auction,V7,"(49, 62)",10.06848373380075,True,1.3017082793177757,1.0
72,Auction,V8,"(11, 2)",11.583754906669022,True,16.12310562561766,1.0
72,Auction,V9,"(83, 89)",15.466223054437283,True,5.984943324127922,1.0
72,Auction,V10,"(54, 48)",2.188245453629442,False,0.0,18.0
72,Q-Learning,V1,"(83, 89)",0.6752418276913659,True,6.024393828588099,1.0
72,Q-Learning,V2,"(78, 88)",3.7404081600056003,False,0.0,9.0
72,Q-Learning,V3,"(65, 16)",1.8269387733370657,False,0.0,10.0
72,Q-Learning,V4,"(72, 33)",25.501197914974824,True,1.252813157556588,1.0
72,Q-Learning,V5,"(62, 32)",10.000474263943381,False,0.0,24.0
72,Q-Learning,V6,"(29, 77)",3.8349542026037007,True,24.529705854077836,1.0
72,Q-Learning,V7,"(38, 47)",10.764976975791829,True,1.3726779962499656,1.0
72,Q-Learning,V8,"(71, 95)",18.103314530525317,True,8.668478046884893,1.0
72,Q-Learning,V9,"(74, 78)",4.329722034095539,True,16.632455532033674,1.0
72,Q-Learning,V10,"(76, 12)",0.49727805196469177,False,0.0,15.0
73,Greedy,V1,"(39, 76)",6.8075070219705225,False,0.0,2.0
73,Greedy,V2,"(78, 12)",0.27972794401028267,False,0.0,7.0
73,Greedy,V3,"(97, 6)",7.957293954368126,False,0.0,17.0
73,Greedy,V4,"(96, 79)",17.71080506572092,True,8.570165328022469,1.0
73,Greedy,V5,"(75, 0)",1.2292111087956776,False,0.0,16.0
73,Greedy,V6,"(90, 25)",2.4309275544714737,True,24.96977156035922,1.0
73,Greedy,V7,"(6, 74)",11.526524007447819,False,0.0,1.0
73,Greedy,V8,"(28, 9)",4.1742323707050275,True,21.18040653245633,1.0
73,Greedy,V9,"(89, 88)",6.399787010458134,True,13.770744176750625,1.0
73,Greedy,V10,"(78, 46)",1.1456225515285396,False,0.0,17.0
73,Auction,V1,"(45, 46)",10.390687593617322,False,0.0,5.0
73,Auction,V2,"(44, 80)",4.7242167482436415,False,0.0,11.0
73,Auction,V3,"(76, 95)",16.138806434199196,False,0.0,25.0
73,Auction,V4,"(75, 100)",4.917579153216781,True,20.374368541872553,1.0
73,Auction,V5,"(35, 52)",3.6574989395633892,False,0.0,19.0
73,Auction,V6,"(65, 16)",5.906839370214151,True,21.17046999107196,1.0
73,Auction,V7,"(49, 62)",10.06848373380075,True,0.30170827931777566,1.0
73,Auction,V8,"(11, 2)",11.583754906669022,True,15.123105625617661,1.0
73,Auction,V9,"(83, 89)",15.466223054437283,True,4.984943324127922,1.0
73,Auction,V10,"(54, 48)",2.188245453629442,False,0.0,19.0
73,Q-Learning,V1,"(83, 89)",0.6752418276913659,True,5.024393828588099,1.0
73,Q-Learning,V2,"(78, 88)",3.7404081600056003,False,0.0,10.0
73,Q-Learning,V3,"(65, 16)",1.8269387733370657,False,0.0,11.0
73,Q-Learning,V4,"(72, 33)",25.501197914974824,True,0.25281315755658795,1.0
73,Q-Learning,V5,"(62, 32)",10.000474263943381,False,0.0,25.0
73,Q-Learning,V6,"(29, 77)",3.8349542026037007,True,23.529705854077836,1.0
73,Q-Learning,V7,"(38, 47)",10.764976975791829,True,0.37267799624996556,1.0
73,Q-Learning,V8,"(71, 95)",18.103314530525317,True,7.668478046884893,1.0
73,Q-Learning,V9,"(74, 78)",4.329722034095539,True,15.632455532033674,1.0
73,Q-Learning,V10,"(76, 12)",0.49727805196469177,False,0.0,16.0
74,Greedy,V1,"(39, 76)",6.8075070219705225,False,0.0,3.0
74,Greedy,V2,"(78, 12)",0.27972794401028267,False,0.0,8.0
74,Greedy,V3,"(97, 6)",7.957293954368126,False,0.0,18.0
74,Greedy,V4,"(96, 79)",17.71080506572092,True,7.570165328022469,1.0
74,Greedy,V5,"(75, 0)",1.2292111087956776,False,0.0,17.0
74,Greedy,V6,"(90, 25)",2.4309275544714737,True,23.96977156035922,1.0
74,Greedy,V7,"(6, 74)",11.526524007447819,False,0.0,2.0
74,Greedy,V8,"(28, 9)",4.1742323707050275,True,20.18040653245633,1.0
74,Greedy,V9,"(89, 88)",6.399787010458134,True,12.770744176750625,1.0
74,Greedy,V10,"(78, 46)",1.1456225515285396,False,0.0,18.0
74,Auction,V1,"(45, 46)",10.390687593617322,False,0.0,6.0
74,Auction,V2,"(44, 80)",4.7242167482436415,False,0.0,12.0
74,Auction,V3,"(76, 95)",16.138806434199196,False,0.0,26.0
74,Auction,V4,"(75, 100)",4.917579153216781,True,19.374368541872553,1.0
74,Auction,V5,"(35, 52)",3.6574989395633892,False,0.0,20.0
74,Auction,V6,"(65, 16)",5.906839370214151,True,20.17046999107196,1.0
74,Auction,V7,"(49, 62)",10.06848373380075,False,0.0,1.0
74,Auction,V8,"(11, 2)",11.583754906669022,True,14.123105625617661,1.0
74,Auction,V9,"(83, 89)",15.466223054437283,True,3.984943324127922,1.0
74,Auction,V10,"(54, 48)",2.188245453629442,False,0.0,20.0
74,Q-Learning,V1,"(83, 89)",0.6752418276913659,True,4.024393828588099,1.0
74,Q-Learning,V2,"(78, 88)",3.7404081600056003,False,0.0,11.0
74,Q-Learning,V3,"(65, 16)",1.8269387733370657,False,0.0,12.0
74,Q-Learning,V4,"(84, 51)",12.097497064665498,True,13.403700850309326,1.0
74,Q-Learning,V5,"(62, 32)",10.000474263943381,False,0.0,26.0
74,Q-Learning,V6,"(29, 77)",3.8349542026037007,True,22.529705854077836,1.0
74,Q-Learning,V7,"(38, 47)",10.764976975791829,False,0.0,1.0
74,Q-Learning,V8,"(71, 95)",18.103314530525317,True,6.668478046884893,1.0
74,Q-Learning,V9,"(74, 78)",4.329722034095539,True,14.632455532033674,1.0
74,Q-Learning,V10,"(76, 12)",0.49727805196469177,False,0.0,17.0
75,Greedy,V1,"(39, 76)",6.8075070219705225,False,0.0,4.0
75,Greedy,V2,"(78, 12)",0.27972794401028267,False,0.0,9.0
75,Greedy,V3,"(97, 6)",7.957293954368126,False,0.0,19.0
75,Greedy,V4,"(96, 79)",17.71080506572092,True,6.570165328022469,1.0
75,Greedy,V5,"(75, 0)",1.2292111087956776,False,0.0,18.0
75,Greedy,V6,"(90, 25)",2.4309275544714737,True,22.96977156035922,1.0
75,Greedy,V7,"(6, 74)",11.526524007447819,False,0.0,3.0
75,Greedy,V8,"(28, 9)",4.1742323707050275,True,19.18040653245633,1.0
75,Greedy,V9,"(89, 88)",6.399787010458134,True,11.770744176750625,1.0
75,Greedy,V10,"(78, 46)",1.1456225515285396,False,0.0,19.0
75,Auction,V1,"(45, 46)",10.390687593617322,False,0.0,7.0
75,Auction,V2,"(44, 80)",4.7242167482436415,False,0.0,13.0
75,Auction,V3,"(76, 95)",16.138806434199196,False,0.0,27.0
75,Auction,V4,"(75, 100)",4.917579153216781,True,18.374368541872553,1.0
75,Auction,V5,"(35, 52)",3.6574989395633892,False,0.0,21.0
75,Auction,V6,"(65, 16)",5.906839370214151,True,19.17046999107196,1.0
75,Auction,V7,"(49, 62)",10.06848373380075,False,0.0,2.0
75,Auction,V8,"(11, 2)",11.583754906669022,True,13.123105625617661,1.0
75,Auction,V9,"(83, 89)",15.466223054437283,True,2.984943324127922,1.0
75,Auction,V10,"(54, 48)",2.188245453629442,False,0.0,21.0
75,Q-Learning,V1,"(83, 89)",0.6752418276913659,True,3.0243938285880994,1.0
75,Q-Learning,V2,"(78, 88)",3.7404081600056003,False,0.0,12.0
75,Q-Learning,V3,"(65, 16)",1.8269387733370657,False,0.0,13.0
75,Q-Learning,V4,"(84, 51)",12.097497064665498,True,12.403700850309326,1.0
75,Q-Learning,V5,"(62, 32)",10.000474263943381,False,0.0,27.0
75,Q-Learning,V6,"(29, 77)",3.8349542026037007,True,21.529705854077836,1.0
75,Q-Learning,V7,"(38, 47)",10.764976975791829,False,0.0,2.0
75,Q-Learning,V8,"(71, 95)",18.103314530525317,True,5.668478046884893,1.0
75,Q-Learning,V9,"(74, 78)",4.329722034095539,True,13.632455532033674,1.0
75,Q-Learning,V10,"(76, 12)",0.49727805196469177,False,0.0,18.0
76,Greedy,V1,"(39, 76)",6.8075070219705225,False,0.0,5.0
76,Greedy,V2,"(78, 12)",0.27972794401028267,False,0.0,10.0
76,Greedy,V3,"(97, 6)",7.957293954368126,False,0.0,20.0
76,Greedy,V4,"(96, 79)",17.71080506572092,True,5.570165328022469,1.0
76,Greedy,V5,"(75, 0)",1.2292111087956776,False,0.0,19.0
76,Greedy,V6,"(90, 25)",2.4309275544714737,True,21.96977156035922,1.0
76,Greedy,V7,"(6, 74)",11.526524007447819,False,0.0,4.0
76,Greedy,V8,"(28, 9)",4.1742323707050275,True,18.18040653245633,1.0
76,Greedy,V9,"(89, 88)",6.399787010458134,True,10.770744176750625,1.0
76,Greedy,V10,"(78, 46)",1.1456225515285396,False,0.0,20.0
76,Auction,V1,"(45, 46)",10.390687593617322,False,0.0,8.0
76,Auction,V2,"(44, 80)",4.7242167482436415,False,0.0,14.0
76,Auction,V3,"(76, 95)",16.138806434199196,False,0.0,28.0
76,Auction,V4,"(75, 100)",4.917579153216781,True,17.374368541872553,1.0
76,Auction,V5,"(35, 52)",3.6574989395633892,False,0.0,22.0
76,Auction,V6,"(65, 16)",5.906839370214151,True,18.17046999107196,1.0
76,Auction,V7,"(49, 62)",10.06848373380075,False,0.0,3.0
76,Auction,V8,"(11, 2)",11.583754906669022,True,12.123105625617661,1.0
76,Auction,V9,"(83, 89)",15.466223054437283,True,1.9849433241279222,1.0
76,Auction,V10,"(54, 48)",2.188245453629442,False,0.0,22.0
76,Q-Learning,V1,"(83, 89)",0.6752418276913659,True,2.0243938285880994,1.0
76,Q-Learning,V2,"(78, 88)",3.7404081600056003,False,0.0,13.0
76,Q-Learning,V3,"(65, 16)",1.8269387733370657,False,0.0,14.0
76,Q-Learning,V4,"(84, 51)",12.097497064665498,True,11.403700850309326,1.0
76,Q-Learning,V5,"(62, 32)",10.000474263943381,False,0.0,28.0
76,Q-Learning,V6,"(29, 77)",3.8349542026037007,True,20.529705854077836,1.0
76,Q-Learning,V7,"(38, 47)",10.764976975791829,False,0.0,3.0
76,Q-Learning,V8,"(71, 95)",18.103314530525317,True,4.668478046884893,1.0
76,Q-Learning,V9,"(74, 78)",4.329722034095539,True,12.632455532033674,1.0
76,Q-Learning,V10,"(76, 12)",0.49727805196469177,False,0.0,19.0
77,Greedy,V1,"(39, 76)",6.8075070219705225,False,0.0,6.0
77,Greedy,V2,"(78, 12)",0.27972794401028267,False,0.0,11.0
77,Greedy,V3,"(97, 6)",7.957293954368126,False,0.0,21.0
77,Greedy,V4,"(96, 79)",17.71080506572092,True,4.570165328022469,1.0
77,Greedy,V5,"(75, 0)",1.2292111087956776,False,0.0,20.0
77,Greedy,V6,"(90, 25)",2.4309275544714737,True,20.96977156035922,1.0
77,Greedy,V7,"(6, 74)",11.526524007447819,False,0.0,5.0
77,Greedy,V8,"(28, 9)",4.1742323707050275,True,17.18040653245633,1.0
77,Greedy,V9,"(89, 88)",6.399787010458134,True,9.770744176750625,1.0
77,Greedy,V10,"(78, 46)",1.1456225515285396,False,0.0,21.0
77,Auction,V1,"(45, 46)",10.390687593617322,False,0.0,9.0
77,Auction,V2,"(44, 80)",4.7242167482436415,False,0.0,15.0
77,Auction,V3,"(76, 95)",16.138806434199196,False,0.0,29.0
77,Auction,V4,"(75, 100)",4.917579153216781,True,16.374368541872553,1.0
77,Auction,V5,"(35, 52)",3.6574989395633892,False,0.0,23.0
77,Auction,V6,"(65, 16)",5.906839370214151,True,17.17046999107196,1.0
77,Auction,V7,"(49, 62)",10.06848373380075,False,0.0,4.0
77,Auction,V8,"(11, 2)",11.583754906669022,True,11.123105625617661,1.0
77,Auction,V9,"(83, 89)",15.466223054437283,True,0.9849433241279222,1.0
77,Auction,V10,"(54, 48)",2.188245453629442,False,0.0,23.0
77,Q-Learning,V1,"(83, 89)",0.6752418276913659,True,1.0243938285880994,1.0
77,Q-Learning,V2,"(78, 88)",3.7404081600056003,False,0.0,14.0
77,Q-Learning,V3,"(65, 16)",1.8269387733370657,False,0.0,15.0
77,Q-Learning,V4,"(84, 51)",12.097497064665498,True,10.403700850309326,1.0
77,Q-Learning,V5,"(62, 32)",10.000474263943381,False,0.0,29.0
77,Q-Learning,V6,"(29, 77)",3.8349542026037007,True,19.529705854077836,1.0
77,Q-Learning,V7,"(38, 47)",10.764976975791829,False,0.0,4.0
77,Q-Learning,V8,"(71, 95)",18.103314530525317,True,3.6684780468848928,1.0
77,Q-Learning,V9,"(74, 78)",4.329722034095539,True,11.632455532033674,1.0
77,Q-Learning,V10,"(76, 12)",0.49727805196469177,False,0.0,20.0
78,Greedy,V1,"(39, 76)",6.8075070219705225,False,0.0,7.0
78,Greedy,V2,"(78, 12)",0.27972794401028267,False,0.0,12.0
78,Greedy,V3,"(97, 6)",7.957293954368126,False,0.0,22.0
78,Greedy,V4,"(96, 79)",17.71080506572092,True,3.570165328022469,1.0
78,Greedy,V5,"(75, 0)",1.2292111087956776,False,0.0,21.0
78,Greedy,V6,"(90, 25)",2.4309275544714737,True,19.96977156035922,1.0
78,Greedy,V7,"(6, 74)",11.526524007447819,False,0.0,6.0
78,Greedy,V8,"(28, 9)",4.1742323707050275,True,16.18040653245633,1.0
78,Greedy,V9,"(89, 88)",6.399787010458134,True,8.770744176750625,1.0
78,Greedy,V10,"(78, 46)",1.1456225515285396,False,0.0,22.0
78,Auction,V1,"(45, 46)",10.390687593617322,False,0.0,10.0
78,Auction,V2,"(44, 80)",4.7242167482436415,False,0.0,16.0
78,Auction,V3,"(76, 95)",16.138806434199196,False,0.0,30.0
78,Auction,V4,"(75, 100)",4.917579153216781,True,15.374368541872553,1.0
78,Auction,V5,"(35, 52)",3.6574989395633892,False,0.0,24.0
78,Auction,V6,"(65, 16)",5.906839370214151,True,16.17046999107196,1.0
78,Auction,V7,"(49, 62)",10.06848373380075,False,0.0,5.0
78,Auction,V8,"(11, 2)",11.583754906669022,True,10.123105625617661,1.0
78,Auction,V9,"(89, 48)",1.322553183417151,True,14.143669871020132,1.0
78,Auction,V10,"(54, 48)",2.188245453629442,False,0.0,24.0
78,Q-Learning,V1,"(83, 89)",0.6752418276913659,True,0.024393828588099353,1.0
78,Q-Learning,V2,"(78, 88)",3.7404081600056003,False,0.0,15.0
78,Q-Learning,V3,"(65, 16)",1.8269387733370657,False,0.0,16.0
78,Q-Learning,V4,"(84, 51)",12.097497064665498,True,9.403700850309326,1.0
78,Q-Learning,V5,"(62, 32)",10.000474263943381,False,0.0,30.0
78,Q-Learning,V6,"(29, 77)",3.8349542026037007,True,18.529705854077836,1.0
78,Q-Learning,V7,"(38, 47)",10.764976975791829,False,0.0,5.0
78,Q-Learning,V8,"(71, 95)",18.103314530525317,True,2.6684780468848928,1.0
78,Q-Learning,V9,"(74, 78)",4.329722034095539,True,10.632455532033674,1.0
78,Q-Learning,V10,"(76, 12)",0.49727805196469177,False,0.0,21.0
79,Greedy,V1,"(39, 76)",6.8075070219705225,False,0.0,8.0
79,Greedy,V2,"(78, 12)",0.27972794401028267,False,0.0,13.0
79,Greedy,V3,"(97, 6)",7.957293954368126,False,0.0,23.0
79,Greedy,V4,"(96, 79)",17.71080506572092,True,2.570165328022469,1.0
79,Greedy,V5,"(75, 0)",1.2292111087956776,False,0.0,22.0
79,Greedy,V6,"(90, 25)",2.4309275544714737,True,18.96977156035922,1.0
79,Greedy,V7,"(6, 74)",11.526524007447819,False,0.0,7.0
79,Greedy,V8,"(28, 9)",4.1742323707050275,True,15.180406532456331,1.0
79,Greedy,V9,"(89, 88)",6.399787010458134,True,7.770744176750625,1.0
79,Greedy,V10,"(78, 46)",1.1456225515285396,False,0.0,23.0
79,Auction,V1,"(45, 46)",10.390687593617322,False,0.0,11.0
79,Auction,V2,"(44, 80)",4.7242167482436415,False,0.0,17.0
79,Auction,V3,"(76, 95)",16.138806434199196,False,0.0,31.0
79,Auction,V4,"(75, 100)",4.917579153216781,True,14.374368541872553,1.0
79,Auction,V5,"(35, 52)",3.6574989395633892,False,0.0,25.0
79,Auction,V6,"(65, 16)",5.906839370214151,True,15.170469991071961,1.0
79,Auction,V7,"(49, 62)",10.06848373380075,False,0.0,6.0
79,Auction,V8,"(11, 2)",11.583754906669022,True,9.123105625617661,1.0
79,Auction,V9,"(89, 48)",1.322553183417151,True,13.143669871020132,1.0
79,Auction,V10,"(54, 48)",2.188245453629442,False,0.0,25.0
79,Q-Learning,V1,"(83, 89)",0.6752418276913659,False,0.0,1.0
79,Q-Learning,V2,"(78, 88)",3.7404081600056003,False,0.0,16.0
79,Q-Learning,V3,"(65, 16)",1.8269387733370657,False,0.0,17.0
79,Q-Learning,V4,"(84, 51)",12.097497064665498,True,8.403700850309326,1.0
79,Q-Learning,V5,"(62, 32)",10.000474263943381,False,0.0,31.0
79,Q-Learning,V6,"(29, 77)",3.8349542026037007,True,17.529705854077836,1.0
79,Q-Learning,V7,"(38, 47)",10.764976975791829,False,0.0,6.0
79,Q-Learning,V8,"(71, 95)",18.103314530525317,True,1.6684780468848928,1.0
79,Q-Learning,V9,"(74, 78)",4.329722034095539,True,9.632455532033674,1.0
79,Q-Learning,V10,"(76, 12)",0.49727805196469177,False,0.0,22.0
80,Greedy,V1,"(39, 76)",6.8075070219705225,False,0.0,9.0
80,Greedy,V2,"(78, 12)",0.27972794401028267,False,0.0,14.0
80,Greedy,V3,"(97, 6)",7.957293954368126,False,0.0,24.0
80,Greedy,V4,"(96, 79)",17.71080506572092,True,1.570165328022469,1.0
80,Greedy,V5,"(75, 0)",1.2292111087956776,False,0.0,23.0
80,Greedy,V6,"(90, 25)",2.4309275544714737,True,17.96977156035922,1.0
80,Greedy,V7,"(6, 74)",11.526524007447819,False,0.0,8.0
80,Greedy,V8,"(28, 9)",4.1742323707050275,True,14.180406532456331,1.0
80,Greedy,V9,"(89, 88)",6.399787010458134,True,6.770744176750625,1.0
80,Greedy,V10,"(78, 46)",1.1456225515285396,False,0.0,24.0
80,Auction,V1,"(45, 46)",10.390687593617322,False,0.0,12.0
80,Auction,V2,"(44, 80)",4.7242167482436415,False,0.0,18.0
80,Auction,V3,"(42, 98)",0.4501237122405257,True,15.68868272195867,32.0
80,Auction,V4,"(75, 100)",4.917579153216781,True,13.374368541872553,1.0
80,Auction,V5,"(35, 52)",3.6574989395633892,False,0.0,26.0
80,Auction,V6,"(65, 16)",5.906839370214151,True,14.170469991071961,1.0
80,Auction,V7,"(49, 62)",10.06848373380075,False,0.0,7.0
80,Auction,V8,"(11, 2)",11.583754906669022,True,8.123105625617661,1.0
80,Auction,V9,"(89, 48)",1.322553183417151,True,12.143669871020132,1.0
80,Auction,V10,"(54, 48)",2.188245453629442,False,0.0,26.0
80,Q-Learning,V1,"(83, 89)",0.6752418276913659,False,0.0,2.0
80,Q-Learning,V2,"(78, 88)",3.7404081600056003,False,0.0,17.0
80,Q-Learning,V3,"(65, 16)",1.8269387733370657,False,0.0,18.0
80,Q-Learning,V4,"(84, 51)",12.097497064665498,True,7.403700850309326,1.0
80,Q-Learning,V5,"(62, 32)",10.000474263943381,False,0.0,32.0
80,Q-Learning,V6,"(29, 77)",3.8349542026037007,True,16.529705854077836,1.0
80,Q-Learning,V7,"(38, 47)",10.764976975791829,False,0.0,7.0
80,Q-Learning,V8,"(71, 95)",18.103314530525317,True,0.6684780468848928,1.0
80,Q-Learning,V9,"(74, 78)",4.329722034095539,True,8.632455532033674,1.0
80,Q-Learning,V10,"(76, 12)",0.49727805196469177,False,0.0,23.0
81,Greedy,V1,"(39, 76)",6.8075070219705225,False,0.0,10.0
81,Greedy,V2,"(78, 12)",0.27972794401028267,False,0.0,15.0
81,Greedy,V3,"(97, 6)",7.957293954368126,False,0.0,25.0
81,Greedy,V4,"(96, 79)",17.71080506572092,True,0.570165328022469,1.0
81,Greedy,V5,"(75, 0)",1.2292111087956776,False,0.0,24.0
81,Greedy,V6,"(90, 25)",2.4309275544714737,True,16.96977156035922,1.0
81,Greedy,V7,"(6, 74)",11.526524007447819,False,0.0,9.0
81,Greedy,V8,"(28, 9)",4.1742323707050275,True,13.180406532456331,1.0
81,Greedy,V9,"(89, 88)",6.399787010458134,True,5.770744176750625,1.0
81,Greedy,V10,"(78, 46)",1.1456225515285396,False,0.0,25.0
81,Auction,V1,"(45, 46)",10.390687593617322,False,0.0,13.0
81,Auction,V2,"(44, 80)",4.7242167482436415,False,0.0,19.0
81,Auction,V3,"(42, 98)",0.4501237122405257,True,14.68868272195867,32.0
81,Auction,V4,"(75, 100)",4.917579153216781,True,12.374368541872553,1.0
81,Auction,V5,"(35, 52)",3.6574989395633892,False,0.0,27.0
81,Auction,V6,"(65, 16)",5.906839370214151,True,13.170469991071961,1.0
81,Auction,V7,"(49, 62)",10.06848373380075,False,0.0,8.0
81,Auction,V8,"(11, 2)",11.583754906669022,True,7.1231056256176615,1.0
81,Auction,V9,"(89, 48)",1.322553183417151,True,11.143669871020132,1.0
81,Auction,V10,"(54, 48)",2.188245453629442,False,0.0,27.0
81,Q-Learning,V1,"(83, 89)",0.6752418276913659,False,0.0,3.0
81,Q-Learning,V2,"(78, 88)",3.7404081600056003,False,0.0,18.0
81,Q-Learning,V3,"(65, 16)",1.8269387733370657,False,0.0,19.0
81,Q-Learning,V4,"(84, 51)",12.097497064665498,True,6.403700850309326,1.0
81,Q-Learning,V5,"(62, 32)",10.000474263943381,False,0.0,33.0
81,Q-Learning,V6,"(29, 77)",3.8349542026037007,True,15.529705854077836,1.0
81,Q-Learning,V7,"(38, 47)",10.764976975791829,False,0.0,8.0
81,Q-Learning,V8,"(42, 98)",3.244187951487568,True,14.85912657903775,1.0
81,Q-Learning,V9,"(74, 78)",4.329722034095539,True,7.632455532033674,1.0
81,Q-Learning,V10,"(76, 12)",0.49727805196469177,False,0.0,24.0
82,Greedy,V1,"(39, 76)",6.8075070219705225,False,0.0,11.0
82,Greedy,V2,"(78, 12)",0.27972794401028267,False,0.0,16.0
82,Greedy,V3,"(97, 6)",7.957293954368126,False,0.0,26.0
82,Greedy,V4,"(96, 79)",3.326017018670292,True,14.384788047050627,1.0
82,Greedy,V5,"(75, 0)",1.2292111087956776,False,0.0,25.0
82,Greedy,V6,"(90, 25)",2.4309275544714737,True,15.96977156035922,1.0
82,Greedy,V7,"(6, 74)",11.526524007447819,False,0.0,10.0
82,Greedy,V8,"(28, 9)",4.1742323707050275,True,12.180406532456331,1.0
82,Greedy,V9,"(89, 88)",6.399787010458134,True,4.770744176750625,1.0
82,Greedy,V10,"(78, 46)",1.1456225515285396,False,0.0,26.0
82,Auction,V1,"(45, 46)",10.390687593617322,False,0.0,14.0
82,Auction,V2,"(44, 80)",4.7242167482436415,False,0.0,20.0
82,Auction,V3,"(42, 98)",0.4501237122405257,True,13.68868272195867,32.0
82,Auction,V4,"(75, 100)",4.917579153216781,True,11.374368541872553,1.0
82,Auction,V5,"(35, 52)",3.6574989395633892,False,0.0,28.0
82,Auction,V6,"(65, 16)",5.906839370214151,True,12.170469991071961,1.0
82,Auction,V7,"(49, 62)",10.06848373380075,False,0.0,9.0
82,Auction,V8,"(11, 2)",11.583754906669022,True,6.1231056256176615,1.0
82,Auction,V9,"(89, 48)",1.322553183417151,True,10.143669871020132,1.0
82,Auction,V10,"(54, 48)",2.188245453629442,False,0.0,28.0
82,Q-Learning,V1,"(83, 89)",0.6752418276913659,False,0.0,4.0
82,Q-Learning,V2,"(78, 88)",3.7404081600056003,False,0.0,19.0
82,Q-Learning,V3,"(65, 16)",1.8269387733370657,False,0.0,20.0
82,Q-Learning,V4,"(84, 51)",12.097497064665498,True,5.403700850309326,1.0
82,Q-Learning,V5,"(62, 32)",10.000474263943381,False,0.0,34.0
82,Q-Learning,V6,"(29, 77)",3.8349542026037007,True,14.529705854077836,1.0
82,Q-Learning,V7,"(38, 47)",10.764976975791829,False,0.0,9.0
82,Q-Learning,V8,"(42, 98)",3.244187951487568,True,13.85912657903775,1.0
82,Q-Learning,V9,"(74, 78)",4.329722034095539,True,6.632455532033674,1.0
82,Q-Learning,V10,"(76, 12)",0.49727805196469177,False,0.0,25.0
83,Greedy,V1,"(39, 76)",6.8075070219705225,False,0.0,12.0
83,Greedy,V2,"(78, 12)",0.27972794401028267,False,0.0,17.0
83,Greedy,V3,"(97, 6)",7.957293954368126,False,0.0,27.0
83,Greedy,V4,"(96, 79)",3.326017018670292,True,13.384788047050627,1.0
83,Greedy,V5,"(75, 0)",1.2292111087956776,False,0.0,26.0
83,Greedy,V6,"(90, 25)",2.4309275544714737,True,14.96977156035922,1.0
83,Greedy,V7,"(6, 74)",11.526524007447819,False,0.0,11.0
83,Greedy,V8,"(28, 9)",4.1742323707050275,True,11.180406532456331,1.0
83,Greedy,V9,"(89, 88)",6.399787010458134,True,3.7707441767506253,1.0
83,Greedy,V10,"(78, 46)",1.1456225515285396,False,0.0,27.0
83,Auction,V1,"(45, 46)",10.390687593617322,False,0.0,15.0
83,Auction,V2,"(44, 80)",4.7242167482436415,False,0.0,21.0
83,Auction,V3,"(42, 98)",0.4501237122405257,True,12.68868272195867,32.0
83,Auction,V4,"(75, 100)",4.917579153216781,True,10.374368541872553,1.0
83,Auction,V5,"(35, 52)",3.6574989395633892,False,0.0,29.0
83,Auction,V6,"(65, 16)",5.906839370214151,True,11.170469991071961,1.0
83,Auction,V7,"(49, 62)",10.06848373380075,False,0.0,10.0
83,Auction,V8,"(11, 2)",11.583754906669022,True,5.1231056256176615,1.0
83,Auction,V9,"(89, 48)",1.322553183417151,True,9.143669871020132,1.0
83,Auction,V10,"(54, 48)",2.188245453629442,False,0.0,29.0
83,Q-Learning,V1,"(83, 89)",0.6752418276913659,False,0.0,5.0
83,Q-Learning,V2,"(78, 88)",3.7404081600056003,False,0.0,20.0
83,Q-Learning,V3,"(65, 16)",1.8269387733370657,False,0.0,21.0
83,Q-Learning,V4,"(84, 51)",12.097497064665498,True,4.403700850309326,1.0
83,Q-Learning,V5,"(62, 32)",10.000474263943381,False,0.0,35.0
83,Q-Learning,V6,"(29, 77)",3.8349542026037007,True,13.529705854077836,1.0
83,Q-Learning,V7,"(38, 47)",10.764976975791829,False,0.0,10.0
83,Q-Learning,V8,"(42, 98)",3.244187951487568,True,12.85912657903775,1.0
83,Q-Learning,V9,"(74, 78)",4.329722034095539,True,5.632455532033674,1.0
83,Q-Learning,V10,"(76, 12)",0.49727805196469177,False,0.0,26.0
84,Greedy,V1,"(39, 76)",6.8075070219705225,False,0.0,13.0
84,Greedy,V2,"(78, 12)",0.27972794401028267,False,0.0,18.0
84,Greedy,V3,"(97, 6)",7.957293954368126,False,0.0,28.0
84,Greedy,V4,"(96, 79)",3.326017018670292,True,12.384788047050627,1.0
84,Greedy,V5,"(75, 0)",1.2292111087956776,False,0.0,27.0
84,Greedy,V6,"(90, 25)",2.4309275544714737,True,13.96977156035922,1.0
84,Greedy,V7,"(6, 74)",11.526524007447819,False,0.0,12.0
84,Greedy,V8,"(28, 9)",4.1742323707050275,True,10.180406532456331,1.0
84,Greedy,V9,"(89, 88)",6.399787010458134,True,2.7707441767506253,1.0
84,Greedy,V10,"(78, 46)",1.1456225515285396,False,0.0,28.0
84,Auction,V1,"(45, 46)",10.390687593617322,False,0.0,16.0
84,Auction,V2,"(44, 80)",4.7242167482436415,False,0.0,22.0
84,Auction,V3,"(42, 98)",0.4501237122405257,True,11.68868272195867,32.0
84,Auction,V4,"(75, 100)",4.917579153216781,True,9.374368541872553,1.0
84,Auction,V5,"(35, 52)",3.6574989395633892,False,0.0,30.0
84,Auction,V6,"(65, 16)",5.906839370214151,True,10.170469991071961,1.0
84,Auction,V7,"(49, 62)",10.06848373380075,False,0.0,11.0
84,Auction,V8,"(11, 2)",11.583754906669022,True,4.1231056256176615,1.0
84,Auction,V9,"(89, 48)",1.322553183417151,True,8.143669871020132,1.0
84,Auction,V10,"(54, 48)",2.188245453629442,False,0.0,30.0
84,Q-Learning,V1,"(83, 89)",0.6752418276913659,False,0.0,6.0
84,Q-Learning,V2,"(78, 88)",3.7404081600056003,False,0.0,21.0
84,Q-Learning,V3,"(65, 16)",1.8269387733370657,False,0.0,22.0
84,Q-Learning,V4,"(84, 51)",12.097497064665498,True,3.403700850309326,1.0
84,Q-Learning,V5,"(62, 32)",10.000474263943381,False,0.0,36.0
84,Q-Learning,V6,"(29, 77)",3.8349542026037007,True,12.529705854077836,1.0
84,Q-Learning,V7,"(38, 47)",10.764976975791829,False,0.0,11.0
84,Q-Learning,V8,"(42, 98)",3.244187951487568,True,11.85912657903775,1.0
84,Q-Learning,V9,"(74, 78)",4.329722034095539,True,4.632455532033674,1.0
84,Q-Learning,V10,"(76, 12)",0.49727805196469177,False,0.0,27.0
85,Greedy,V1,"(39, 76)",6.8075070219705225,False,0.0,14.0
85,Greedy,V2,"(78, 12)",0.27972794401028267,False,0.0,19.0
85,Greedy,V3,"(97, 6)",7.957293954368126,False,0.0,29.0
85,Greedy,V4,"(96, 79)",3.326017018670292,True,11.384788047050627,1.0
85,Greedy,V5,"(75, 0)",1.2292111087956776,False,0.0,28.0
85,Greedy,V6,"(90, 25)",2.4309275544714737,True,12.96977156035922,1.0
85,Greedy,V7,"(6, 74)",11.526524007447819,False,0.0,13.0
85,Greedy,V8,"(28, 9)",4.1742323707050275,True,9.180406532456331,1.0
85,Greedy,V9,"(89, 88)",6.399787010458134,True,1.7707441767506253,1.0
85,Greedy,V10,"(78, 46)",1.1456225515285396,False,0.0,29.0
85,Auction,V1,"(45, 46)",10.390687593617322,False,0.0,17.0
85,Auction,V2,"(44, 80)",4.7242167482436415,False,0.0,23.0
85,Auction,V3,"(42, 98)",0.4501237122405257,True,10.68868272195867,32.0
85,Auction,V4,"(75, 100)",4.917579153216781,True,8.374368541872553,1.0
85,Auction,V5,"(35, 52)",3.6574989395633892,False,0.0,31.0
85,Auction,V6,"(65, 16)",5.906839370214151,True,9.170469991071961,1.0
85,Auction,V7,"(49, 62)",10.06848373380075,False,0.0,12.0
85,Auction,V8,"(11, 2)",11.583754906669022,True,3.1231056256176615,1.0
85,Auction,V9,"(89, 48)",1.322553183417151,True,7.143669871020132,1.0
85,Auction,V10,"(54, 48)",2.188245453629442,False,0.0,31.0
85,Q-Learning,V1,"(83, 89)",0.6752418276913659,False,0.0,7.0
85,Q-Learning,V2,"(78, 88)",3.7404081600056003,False,0.0,22.0
85,Q-Learning,V3,"(65, 16)",1.8269387733370657,False,0.0,23.0
85,Q-Learning,V4,"(84, 51)",12.097497064665498,True,2.403700850309326,1.0
85,Q-Learning,V5,"(62, 32)",10.000474263943381,False,0.0,37.0
85,Q-Learning,V6,"(29, 77)",3.8349542026037007,True,11.529705854077836,1.0
85,Q-Learning,V7,"(38, 47)",10.764976975791829,False,0.0,12.0
85,Q-Learning,V8,"(42, 98)",3.244187951487568,True,10.85912657903775,1.0
85,Q-Learning,V9,"(74, 78)",4.329722034095539,True,3.632455532033674,1.0
85,Q-Learning,V10,"(76, 12)",0.49727805196469177,False,0.0,28.0
86,Greedy,V1,"(39, 76)",6.8075070219705225,False,0.0,15.0
86,Greedy,V2,"(78, 12)",0.27972794401028267,False,0.0,20.0
86,Greedy,V3,"(97, 6)",7.957293954368126,False,0.0,30.0
86,Greedy,V4,"(96, 79)",3.326017018670292,True,10.384788047050627,1.0
86,Greedy,V5,"(75, 0)",1.2292111087956776,False,0.0,29.0
86,Greedy,V6,"(90, 25)",2.4309275544714737,True,11.96977156035922,1.0
86,Greedy,V7,"(6, 74)",11.526524007447819,False,0.0,14.0
86,Greedy,V8,"(28, 9)",4.1742323707050275,True,8.180406532456331,1.0
86,Greedy,V9,"(89, 88)",6.399787010458134,True,0.7707441767506253,1.0
86,Greedy,V10,"(78, 46)",1.1456225515285396,False,0.0,30.0
86,Auction,V1,"(45, 46)",10.390687593617322,False,0.0,18.0
86,Auction,V2,"(44, 80)",4.7242167482436415,False,0.0,24.0
86,Auction,V3,"(42, 98)",0.4501237122405257,True,9.68868272195867,32.0
86,Auction,V4,"(75, 100)",4.917579153216781,True,7.374368541872553,1.0
86,Auction,V5,"(35, 52)",3.6574989395633892,False,0.0,32.0
86,Auction,V6,"(65, 16)",5.906839370214151,True,8.170469991071961,1.0
86,Auction,V7,"(49, 62)",10.06848373380075,False,0.0,13.0
86,Auction,V8,"(11, 2)",11.583754906669022,True,2.1231056256176615,1.0
86,Auction,V9,"(89, 48)",1.322553183417151,True,6.143669871020132,1.0
86,Auction,V10,"(54, 48)",2.188245453629442,False,0.0,32.0
86,Q-Learning,V1,"(83, 89)",0.6752418276913659,False,0.0,8.0
86,Q-Learning,V2,"(78, 88)",3.7404081600056003,False,0.0,23.0
86,Q-Learning,V3,"(65, 16)",1.8269387733370657,False,0.0,24.0
86,Q-Learning,V4,"(84, 51)",12.097497064665498,True,1.4037008503093258,1.0
86,Q-Learning,V5,"(62, 32)",10.000474263943381,False,0.0,38.0
86,Q-Learning,V6,"(29, 77)",3.8349542026037007,True,10.529705854077836,1.0
86,Q-Learning,V7,"(38, 47)",10.764976975791829,False,0.0,13.0
86,Q-Learning,V8,"(42, 98)",3.244187951487568,True,9.85912657903775,1.0
86,Q-Learning,V9,"(74, 78)",4.329722034095539,True,2.632455532033674,1.0
86,Q-Learning,V10,"(76, 12)",0.49727805196469177,False,0.0,29.0
87,Greedy,V1,"(39, 76)",6.8075070219705225,False,0.0,16.0
87,Greedy,V2,"(78, 12)",0.27972794401028267,False,0.0,21.0
87,Greedy,V3,"(97, 6)",7.957293954368126,False,0.0,31.0
87,Greedy,V4,"(96, 79)",3.326017018670292,True,9.384788047050627,1.0
87,Greedy,V5,"(75, 0)",1.2292111087956776,False,0.0,30.0
87,Greedy,V6,"(90, 25)",2.4309275544714737,True,10.96977156035922,1.0
87,Greedy,V7,"(6, 74)",11.526524007447819,False,0.0,15.0
87,Greedy,V8,"(28, 9)",4.1742323707050275,True,7.180406532456331,1.0
87,Greedy,V9,"(89, 88)",6.399787010458134,False,0.0,1.0
87,Greedy,V10,"(78, 46)",1.1456225515285396,False,0.0,31.0
87,Auction,V1,"(45, 46)",10.390687593617322,False,0.0,19.0
87,Auction,V2,"(44, 80)",4.7242167482436415,False,0.0,25.0
87,Auction,V3,"(42, 98)",0.4501237122405257,True,8.68868272195867,32.0
87,Auction,V4,"(75, 100)",4.917579153216781,True,6.374368541872553,1.0
87,Auction,V5,"(35, 52)",3.6574989395633892,False,0.0,33.0
87,Auction,V6,"(65, 16)",5.906839370214151,True,7.170469991071961,1.0
87,Auction,V7,"(49, 62)",10.06848373380075,False,0.0,14.0
87,Auction,V8,"(11, 2)",11.583754906669022,True,1.1231056256176615,1.0
87,Auction,V9,"(89, 48)",1.322553183417151,True,5.143669871020132,1.0
87,Auction,V10,"(54, 48)",2.188245453629442,False,0.0,33.0
87,Q-Learning,V1,"(83, 89)",0.6752418276913659,False,0.0,9.0
87,Q-Learning,V2,"(78, 88)",3.7404081600056003,False,0.0,24.0
87,Q-Learning,V3,"(65, 16)",1.8269387733370657,False,0.0,25.0
87,Q-Learning,V4,"(84, 51)",12.097497064665498,True,0.4037008503093258,1.0
87,Q-Learning,V5,"(62, 32)",10.000474263943381,False,0.0,39.0
87,Q-Learning,V6,"(29, 77)",3.8349542026037007,True,9.529705854077836,1.0
87,Q-Learning,V7,"(38, 47)",10.764976975791829,False,0.0,14.0
87,Q-Learning,V8,"(42, 98)",3.244187951487568,True,8.85912657903775,1.0
87,Q-Learning,V9,"(74, 78)",4.329722034095539,True,1.6324555320336742,1.0
87,Q-Learning,V10,"(76, 12)",0.49727805196469177,False,0.0,30.0
88,Greedy,V1,"(39, 76)",6.8075070219705225,False,0.0,17.0
88,Greedy,V2,"(78, 12)",0.27972794401028267,False,0.0,22.0
88,Greedy,V3,"(97, 6)",7.957293954368126,False,0.0,32.0
88,Greedy,V4,"(96, 79)",3.326017018670292,True,8.384788047050627,1.0
88,Greedy,V5,"(75, 0)",1.2292111087956776,False,0.0,31.0
88,Greedy,V6,"(90, 25)",2.4309275544714737,True,9.96977156035922,1.0
88,Greedy,V7,"(6, 74)",11.526524007447819,False,0.0,16.0
88,Greedy,V8,"(28, 9)",4.1742323707050275,True,6.180406532456331,1.0
88,Greedy,V9,"(89, 88)",6.399787010458134,False,0.0,2.0
88,Greedy,V10,"(78, 46)",1.1456225515285396,False,0.0,32.0
88,Auction,V1,"(45, 46)",10.390687593617322,False,0.0,20.0
88,Auction,V2,"(44, 80)",4.7242167482436415,False,0.0,26.0
88,Auction,V3,"(42, 98)",0.4501237122405257,True,7.688682721958671,32.0
88,Auction,V4,"(75, 100)",4.917579153216781,True,5.374368541872553,1.0
88,Auction,V5,"(35, 52)",3.6574989395633892,False,0.0,34.0
88,Auction,V6,"(65, 16)",5.906839370214151,True,6.170469991071961,1.0
88,Auction,V7,"(49, 62)",10.06848373380075,False,0.0,15.0
88,Auction,V8,"(11, 2)",11.583754906669022,True,0.12310562561766147,1.0
88,Auction,V9,"(89, 48)",1.322553183417151,True,4.143669871020132,1.0
88,Auction,V10,"(54, 48)",2.188245453629442,False,0.0,34.0
88,Q-Learning,V1,"(83, 89)",0.6752418276913659,False,0.0,10.0
88,Q-Learning,V2,"(78, 88)",3.7404081600056003,False,0.0,25.0
88,Q-Learning,V3,"(65, 16)",1.8269387733370657,False,0.0,26.0
88,Q-Learning,V4,"(89, 48)",1.4496135207937986,True,10.6478835438717,1.0
88,Q-Learning,V5,"(62, 32)",10.000474263943381,False,0.0,40.0
88,Q-Learning,V6,"(29, 77)",3.8349542026037007,True,8.529705854077836,1.0
88,Q-Learning,V7,"(38, 47)",10.764976975791829,False,0.0,15.0
88,Q-Learning,V8,"(42, 98)",3.244187951487568,True,7.859126579037749,1.0
88,Q-Learning,V9,"(74, 78)",4.329722034095539,True,0.6324555320336742,1.0
88,Q-Learning,V10,"(76, 12)",0.49727805196469177,False,0.0,31.0
89,Greedy,V1,"(39, 76)",6.8075070219705225,False,0.0,18.0
89,Greedy,V2,"(78, 12)",0.27972794401028267,False,0.0,23.0
89,Greedy,V3,"(97, 6)",7.957293954368126,False,0.0,33.0
89,Greedy,V4,"(96, 79)",3.326017018670292,True,7.384788047050627,1.0
89,Greedy,V5,"(75, 0)",1.2292111087956776,False,0.0,32.0
89,Greedy,V6,"(90, 25)",2.4309275544714737,True,8.96977156035922,1.0
89,Greedy,V7,"(6, 74)",11.526524007447819,False,0.0,17.0
89,Greedy,V8,"(28, 9)",4.1742323707050275,True,5.180406532456331,1.0
89,Greedy,V9,"(89, 88)",6.399787010458134,False,0.0,3.0
89,Greedy,V10,"(78, 46)",1.1456225515285396,False,0.0,33.0
89,Auction,V1,"(45, 46)",10.390687593617322,False,0.0,21.0
89,Auction,V2,"(44, 80)",4.7242167482436415,False,0.0,27.0
89,Auction,V3,"(42, 98)",0.4501237122405257,True,6.688682721958671,32.0
89,Auction,V4,"(75, 100)",4.917579153216781,True,4.374368541872553,1.0
89,Auction,V5,"(35, 52)",3.6574989395633892,False,0.0,35.0
89,Auction,V6,"(65, 16)",5.906839370214151,True,5.170469991071961,1.0
89,Auction,V7,"(49, 62)",10.06848373380075,False,0.0,16.0
89,Auction,V8,"(11, 2)",11.583754906669022,False,0.0,1.0
89,Auction,V9,"(89, 48)",1.322553183417151,True,3.1436698710201316,1.0
89,Auction,V10,"(54, 48)",2.188245453629442,False,0.0,35.0
89,Q-Learning,V1,"(83, 89)",0.6752418276913659,False,0.0,11.0
89,Q-Learning,V2,"(78, 88)",3.7404081600056003,False,0.0,26.0
89,Q-Learning,V3,"(65, 16)",1.8269387733370657,False,0.0,27.0
89,Q-Learning,V4,"(89, 48)",1.4496135207937986,True,9.6478835438717,1.0
89,Q-Learning,V5,"(62, 32)",10.000474263943381,False,0.0,41.0
89,Q-Learning,V6,"(29, 77)",3.8349542026037007,True,7.529705854077836,1.0
89,Q-Learning,V7,"(38, 47)",10.764976975791829,False,0.0,16.0
89,Q-Learning,V8,"(42, 98)",3.244187951487568,True,6.859126579037749,1.0
89,Q-Learning,V9,"(74, 78)",4.329722034095539,False,0.0,1.0
89,Q-Learning,V10,"(76, 12)",0.49727805196469177,False,0.0,32.0
90,Greedy,V1,"(39, 76)",6.8075070219705225,False,0.0,19.0
90,Greedy,V2,"(78, 12)",0.27972794401028267,False,0.0,24.0
90,Greedy,V3,"(97, 6)",7.957293954368126,False,0.0,34.0
90,Greedy,V4,"(96, 79)",3.326017018670292,True,6.384788047050627,1.0
90,Greedy,V5,"(75, 0)",1.2292111087956776,False,0.0,33.0
90,Greedy,V6,"(90, 25)",2.4309275544714737,True,7.96977156035922,1.0
90,Greedy,V7,"(6, 74)",11.526524007447819,False,0.0,18.0
90,Greedy,V8,"(28, 9)",4.1742323707050275,True,4.180406532456331,1.0
90,Greedy,V9,"(89, 88)",6.399787010458134,False,0.0,4.0
90,Greedy,V10,"(78, 46)",1.1456225515285396,False,0.0,34.0
90,Auction,V1,"(45, 46)",10.390687593617322,False,0.0,22.0
90,Auction,V2,"(44, 80)",4.7242167482436415,False,0.0,28.0
90,Auction,V3,"(42, 98)",0.4501237122405257,True,5.688682721958671,32.0
90,Auction,V4,"(75, 100)",4.917579153216781,True,3.3743685418725526,1.0
90,Auction,V5,"(35, 52)",3.6574989395633892,False,0.0,36.0
90,Auction,V6,"(65, 16)",5.906839370214151,True,4.170469991071961,1.0
90,Auction,V7,"(49, 62)",10.06848373380075,False,0.0,17.0
90,Auction,V8,"(11, 2)",11.583754906669022,False,0.0,2.0
90,Auction,V9,"(89, 48)",1.322553183417151,True,2.1436698710201316,1.0
90,Auction,V10,"(54, 48)",2.188245453629442,False,0.0,36.0
90,Q-Learning,V1,"(83, 89)",0.6752418276913659,False,0.0,12.0
90,Q-Learning,V2,"(78, 88)",3.7404081600056003,False,0.0,27.0
90,Q-Learning,V3,"(65, 16)",1.8269387733370657,False,0.0,28.0
90,Q-Learning,V4,"(89, 48)",1.4496135207937986,True,8.6478835438717,1.0
90,Q-Learning,V5,"(62, 32)",10.000474263943381,False,0.0,42.0
90,Q-Learning,V6,"(29, 77)",3.8349542026037007,True,6.529705854077836,1.0
90,Q-Learning,V7,"(38, 47)",10.764976975791829,False,0.0,17.0
90,Q-Learning,V8,"(42, 98)",3.244187951487568,True,5.859126579037749,1.0
90,Q-Learning,V9,"(74, 78)",4.329722034095539,False,0.0,2.0
90,Q-Learning,V10,"(76, 12)",0.49727805196469177,False,0.0,33.0
91,Greedy,V1,"(39, 76)",6.8075070219705225,False,0.0,20.0
91,Greedy,V2,"(78, 12)",0.27972794401028267,False,0.0,25.0
91,Greedy,V3,"(97, 6)",7.957293954368126,False,0.0,35.0
91,Greedy,V4,"(96, 79)",3.326017018670292,True,5.384788047050627,1.0
91,Greedy,V5,"(75, 0)",1.2292111087956776,False,0.0,34.0
91,Greedy,V6,"(90, 25)",2.4309275544714737,True,6.96977156035922,1.0
91,Greedy,V7,"(6, 74)",11.526524007447819,False,0.0,19.0
91,Greedy,V8,"(28, 9)",4.1742323707050275,True,3.180406532456331,1.0
91,Greedy,V9,"(89, 88)",6.399787010458134,False,0.0,5.0
91,Greedy,V10,"(78, 46)",1.1456225515285396,False,0.0,35.0
91,Auction,V1,"(45, 46)",10.390687593617322,False,0.0,23.0
91,Auction,V2,"(44, 80)",4.7242167482436415,False,0.0,29.0
91,Auction,V3,"(42, 98)",0.4501237122405257,True,4.688682721958671,32.0
91,Auction,V4,"(75, 100)",4.917579153216781,True,2.3743685418725526,1.0
91,Auction,V5,"(35, 52)",3.6574989395633892,False,0.0,37.0
91,Auction,V6,"(65, 16)",5.906839370214151,True,3.170469991071961,1.0
91,Auction,V7,"(49, 62)",10.06848373380075,False,0.0,18.0
91,Auction,V8,"(11, 2)",11.583754906669022,False,0.0,3.0
91,Auction,V9,"(89, 48)",1.322553183417151,True,1.1436698710201316,1.0
91,Auction,V10,"(54, 48)",2.188245453629442,False,0.0,37.0
91,Q-Learning,V1,"(83, 89)",0.6752418276913659,False,0.0,13.0
91,Q-Learning,V2,"(78, 88)",3.7404081600056003,False,0.0,28.0
91,Q-Learning,V3,"(65, 16)",1.8269387733370657,False,0.0,29.0
91,Q-Learning,V4,"(89, 48)",1.4496135207937986,True,7.6478835438717,1.0
91,Q-Learning,V5,"(62, 32)",10.000474263943381,False,0.0,43.0
91,Q-Learning,V6,"(29, 77)",3.8349542026037007,True,5.529705854077836,1.0
91,Q-Learning,V7,"(38, 47)",10.764976975791829,False,0.0,18.0
91,Q-Learning,V8,"(42, 98)",3.244187951487568,True,4.859126579037749,1.0
91,Q-Learning,V9,"(74, 78)",4.329722034095539,False,0.0,3.0
91,Q-Learning,V10,"(76, 12)",0.49727805196469177,False,0.0,34.0
92,Greedy,V1,"(39, 76)",6.8075070219705225,False,0.0,21.0
92,Greedy,V2,"(78, 12)",0.27972794401028267,False,0.0,26.0
92,Greedy,V3,"(97, 6)",7.957293954368126,False,0.0,36.0
92,Greedy,V4,"(96, 79)",3.326017018670292,True,4.384788047050627,1.0
92,Greedy,V5,"(75, 0)",1.2292111087956776,False,0.0,35.0
92,Greedy,V6,"(90, 25)",2.4309275544714737,True,5.96977156035922,1.0
92,Greedy,V7,"(6, 74)",11.526524007447819,False,0.0,20.0
92,Greedy,V8,"(28, 9)",4.1742323707050275,True,2.180406532456331,1.0
92,Greedy,V9,"(89, 88)",6.399787010458134,False,0.0,6.0
92,Greedy,V10,"(78, 46)",1.1456225515285396,False,0.0,36.0
92,Auction,V1,"(45, 46)",10.390687593617322,False,0.0,24.0
92,Auction,V2,"(44, 80)",4.7242167482436415,False,0.0,30.0
92,Auction,V3,"(42, 98)",0.4501237122405257,True,3.6886827219586706,32.0
92,Auction,V4,"(75, 100)",4.917579153216781,True,1.3743685418725526,1.0
92,Auction,V5,"(35, 52)",3.6574989395633892,False,0.0,38.0
92,Auction,V6,"(65, 16)",5.906839370214151,True,2.170469991071961,1.0
92,Auction,V7,"(49, 62)",10.06848373380075,False,0.0,19.0
92,Auction,V8,"(11, 2)",11.583754906669022,False,0.0,4.0
92,Auction,V9,"(89, 48)",1.322553183417151,True,0.14366987102013162,1.0
92,Auction,V10,"(54, 48)",2.188245453629442,False,0.0,38.0
92,Q-Learning,V1,"(83, 89)",0.6752418276913659,False,0.0,14.0
92,Q-Learning,V2,"(78, 88)",3.7404081600056003,False,0.0,29.0
92,Q-Learning,V3,"(65, 16)",1.8269387733370657,False,0.0,30.0
92,Q-Learning,V4,"(89, 48)",1.4496135207937986,True,6.6478835438717,1.0
92,Q-Learning,V5,"(62, 32)",10.000474263943381,False,0.0,44.0
92,Q-Learning,V6,"(29, 77)",3.8349542026037007,True,4.529705854077836,1.0
92,Q-Learning,V7,"(38, 47)",10.764976975791829,False,0.0,19.0
92,Q-Learning,V8,"(42, 98)",3.244187951487568,True,3.859126579037749,1.0
92,Q-Learning,V9,"(74, 78)",4.329722034095539,False,0.0,4.0
92,Q-Learning,V10,"(76, 12)",0.49727805196469177,False,0.0,35.0
93,Greedy,V1,"(39, 76)",6.8075070219705225,False,0.0,22.0
93,Greedy,V2,"(78, 12)",0.27972794401028267,False,0.0,27.0
93,Greedy,V3,"(97, 6)",7.957293954368126,False,0.0,37.0
93,Greedy,V4,"(96, 79)",3.326017018670292,True,3.384788047050627,1.0
93,Greedy,V5,"(75, 0)",1.2292111087956776,False,0.0,36.0
93,Greedy,V6,"(90, 25)",2.4309275544714737,True,4.96977156035922,1.0
93,Greedy,V7,"(6, 74)",11.526524007447819,False,0.0,21.0
93,Greedy,V8,"(28, 9)",4.1742323707050275,True,1.180406532456331,1.0
93,Greedy,V9,"(89, 88)",6.399787010458134,False,0.0,7.0
93,Greedy,V10,"(78, 46)",1.1456225515285396,False,0.0,37.0
93,Auction,V1,"(45, 46)",10.390687593617322,False,0.0,25.0
93,Auction,V2,"(44, 80)",4.7242167482436415,False,0.0,31.0
93,Auction,V3,"(42, 98)",0.4501237122405257,True,2.6886827219586706,32.0
93,Auction,V4,"(75, 100)",4.917579153216781,True,0.37436854187255264,1.0
93,Auction,V5,"(35, 52)",3.6574989395633892,False,0.0,39.0
93,Auction,V6,"(65, 16)",5.906839370214151,True,1.1704699910719611,1.0
93,Auction,V7,"(49, 62)",10.06848373380075,False,0.0,20.0
93,Auction,V8,"(11, 2)",11.583754906669022,False,0.0,5.0
93,Auction,V9,"(89, 48)",1.322553183417151,False,0.0,1.0
93,Auction,V10,"(54, 48)",2.188245453629442,False,0.0,39.0
93,Q-Learning,V1,"(83, 89)",0.6752418276913659,False,0.0,15.0
93,Q-Learning,V2,"(78, 88)",3.7404081600056003,False,0.0,30.0
93,Q-Learning,V3,"(65, 16)",1.8269387733370657,False,0.0,31.0
93,Q-Learning,V4,"(89, 48)",1.4496135207937986,True,5.6478835438717,1.0
93,Q-Learning,V5,"(62, 32)",10.000474263943381,False,0.0,45.0
93,Q-Learning,V6,"(29, 77)",3.8349542026037007,True,3.529705854077836,1.0
93,Q-Learning,V7,"(38, 47)",10.764976975791829,False,0.0,20.0
93,Q-Learning,V8,"(42, 98)",3.244187951487568,True,2.859126579037749,1.0
93,Q-Learning,V9,"(74, 78)",4.329722034095539,False,0.0,5.0
93,Q-Learning,V10,"(76, 12)",0.49727805196469177,False,0.0,36.0
94,Greedy,V1,"(39, 76)",6.8075070219705225,False,0.0,23.0
94,Greedy,V2,"(78, 12)",0.27972794401028267,False,0.0,28.0
94,Greedy,V3,"(97, 6)",7.957293954368126,False,0.0,38.0
94,Greedy,V4,"(96, 79)",3.326017018670292,True,2.384788047050627,1.0
94,Greedy,V5,"(75, 0)",1.2292111087956776,False,0.0,37.0
94,Greedy,V6,"(90, 25)",2.4309275544714737,True,3.96977156035922,1.0
94,Greedy,V7,"(6, 74)",11.526524007447819,False,0.0,22.0
94,Greedy,V8,"(28, 9)",4.1742323707050275,True,0.1804065324563311,1.0
94,Greedy,V9,"(89, 88)",6.399787010458134,False,0.0,8.0
94,Greedy,V10,"(78, 46)",1.1456225515285396,False,0.0,38.0
94,Auction,V1,"(45, 46)",10.390687593617322,False,0.0,26.0
94,Auction,V2,"(44, 80)",4.7242167482436415,False,0.0,32.0
94,Auction,V3,"(42, 98)",0.4501237122405257,True,1.6886827219586706,32.0
94,Auction,V4,"(75, 100)",4.917579153216781,False,0.0,1.0
94,Auction,V5,"(35, 52)",3.6574989395633892,False,0.0,40.0
94,Auction,V6,"(65, 16)",5.906839370214151,True,0.17046999107196115,1.0
94,Auction,V7,"(49, 62)",10.06848373380075,False,0.0,21.0
94,Auction,V8,"(11, 2)",11.583754906669022,False,0.0,6.0
94,Auction,V9,"(89, 48)",1.322553183417151,False,0.0,2.0
94,Auction,V10,"(54, 48)",2.188245453629442,False,0.0,40.0
94,Q-Learning,V1,"(83, 89)",0.6752418276913659,False,0.0,16.0
94,Q-Learning,V2,"(78, 88)",3.7404081600056003,False,0.0,31.0
94,Q-Learning,V3,"(65, 16)",1.8269387733370657,False,0.0,32.0
94,Q-Learning,V4,"(89, 48)",1.4496135207937986,True,4.6478835438717,1.0
94,Q-Learning,V5,"(62, 32)",10.000474263943381,False,0.0,46.0
94,Q-Learning,V6,"(29, 77)",3.8349542026037007,True,2.529705854077836,1.0
94,Q-Learning,V7,"(38, 47)",10.764976975791829,False,0.0,21.0
94,Q-Learning,V8,"(42, 98)",3.244187951487568,True,1.8591265790377491,1.0
94,Q-Learning,V9,"(74, 78)",4.329722034095539,False,0.0,6.0
94,Q-Learning,V10,"(76, 12)",0.49727805196469177,False,0.0,37.0
95,Greedy,V1,"(39, 76)",6.8075070219705225,False,0.0,24.0
95,Greedy,V2,"(78, 12)",0.27972794401028267,False,0.0,29.0
95,Greedy,V3,"(97, 6)",7.957293954368126,False,0.0,39.0
95,Greedy,V4,"(96, 79)",3.326017018670292,True,1.3847880470506269,1.0
95,Greedy,V5,"(75, 0)",1.2292111087956776,False,0.0,38.0
95,Greedy,V6,"(90, 25)",2.4309275544714737,True,2.96977156035922,1.0
95,Greedy,V7,"(6, 74)",11.526524007447819,False,0.0,23.0
95,Greedy,V8,"(28, 9)",4.1742323707050275,False,0.0,1.0
95,Greedy,V9,"(89, 88)",6.399787010458134,False,0.0,9.0
95,Greedy,V10,"(78, 46)",1.1456225515285396,False,0.0,39.0
95,Auction,V1,"(45, 46)",10.390687593617322,False,0.0,27.0
95,Auction,V2,"(44, 80)",4.7242167482436415,False,0.0,33.0
95,Auction,V3,"(42, 98)",0.4501237122405257,True,0.6886827219586706,32.0
95,Auction,V4,"(75, 100)",4.917579153216781,False,0.0,2.0
95,Auction,V5,"(35, 52)",3.6574989395633892,False,0.0,41.0
95,Auction,V6,"(65, 16)",5.906839370214151,False,0.0,1.0
95,Auction,V7,"(49, 62)",10.06848373380075,False,0.0,22.0
95,Auction,V8,"(11, 2)",11.583754906669022,False,0.0,7.0
95,Auction,V9,"(89, 48)",1.322553183417151,False,0.0,3.0
95,Auction,V10,"(54, 48)",2.188245453629442,False,0.0,41.0
95,Q-Learning,V1,"(83, 89)",0.6752418276913659,False,0.0,17.0
95,Q-Learning,V2,"(78, 88)",3.7404081600056003,False,0.0,32.0
95,Q-Learning,V3,"(65, 16)",1.8269387733370657,False,0.0,33.0
95,Q-Learning,V4,"(89, 48)",1.4496135207937986,True,3.6478835438717,1.0
95,Q-Learning,V5,"(62, 32)",10.000474263943381,False,0.0,47.0
95,Q-Learning,V6,"(29, 77)",3.8349542026037007,True,1.5297058540778359,1.0
95,Q-Learning,V7,"(38, 47)",10.764976975791829,False,0.0,22.0
95,Q-Learning,V8,"(42, 98)",3.244187951487568,True,0.8591265790377491,1.0
95,Q-Learning,V9,"(74, 78)",4.329722034095539,False,0.0,7.0
95,Q-Learning,V10,"(76, 12)",0.49727805196469177,False,0.0,38.0
96,Greedy,V1,"(39, 76)",6.8075070219705225,False,0.0,25.0
96,Greedy,V2,"(78, 12)",0.27972794401028267,False,0.0,30.0
96,Greedy,V3,"(97, 6)",7.957293954368126,False,0.0,40.0
96,Greedy,V4,"(96, 79)",3.326017018670292,True,0.38478804705062686,1.0
96,Greedy,V5,"(75, 0)",1.2292111087956776,False,0.0,39.0
96,Greedy,V6,"(90, 25)",2.4309275544714737,True,1.96977156035922,1.0
96,Greedy,V7,"(6, 74)",11.526524007447819,False,0.0,24.0
96,Greedy,V8,"(28, 9)",4.1742323707050275,False,0.0,2.0
96,Greedy,V9,"(89, 88)",6.399787010458134,False,0.0,10.0
96,Greedy,V10,"(78, 46)",1.1456225515285396,False,0.0,40.0
96,Auction,V1,"(45, 46)",10.390687593617322,False,0.0,28.0
96,Auction,V2,"(44, 80)",4.7242167482436415,False,0.0,34.0
96,Auction,V3,"(42, 98)",0.4501237122405257,False,0.0,32.0
96,Auction,V4,"(75, 100)",4.917579153216781,False,0.0,3.0
96,Auction,V5,"(35, 52)",3.6574989395633892,False,0.0,42.0
96,Auction,V6,"(65, 16)",5.906839370214151,False,0.0,2.0
96,Auction,V7,"(49, 62)",10.06848373380075,False,0.0,23.0
96,Auction,V8,"(11, 2)",11.583754906669022,False,0.0,8.0
96,Auction,V9,"(89, 48)",1.322553183417151,False,0.0,4.0
96,Auction,V10,"(54, 48)",2.188245453629442,False,0.0,42.0
96,Q-Learning,V1,"(83, 89)",0.6752418276913659,False,0.0,18.0
96,Q-Learning,V2,"(78, 88)",3.7404081600056003,False,0.0,33.0
96,Q-Learning,V3,"(65, 16)",1.8269387733370657,False,0.0,34.0
96,Q-Learning,V4,"(89, 48)",1.4496135207937986,True,2.6478835438717,1.0
96,Q-Learning,V5,"(62, 32)",10.000474263943381,False,0.0,48.0
96,Q-Learning,V6,"(29, 77)",3.8349542026037007,True,0.5297058540778359,1.0
96,Q-Learning,V7,"(38, 47)",10.764976975791829,False,0.0,23.0
96,Q-Learning,V8,"(42, 98)",3.244187951487568,False,0.0,1.0
96,Q-Learning,V9,"(74, 78)",4.329722034095539,False,0.0,8.0
96,Q-Learning,V10,"(76, 12)",0.49727805196469177,False,0.0,39.0
97,Greedy,V1,"(39, 76)",6.8075070219705225,False,0.0,26.0
97,Greedy,V2,"(78, 12)",0.27972794401028267,False,0.0,31.0
97,Greedy,V3,"(97, 6)",7.957293954368126,False,0.0,41.0
97,Greedy,V4,"(96, 79)",3.326017018670292,False,0.0,1.0
97,Greedy,V5,"(75, 0)",1.2292111087956776,False,0.0,40.0
97,Greedy,V6,"(90, 25)",2.4309275544714737,True,0.9697715603592201,1.0
97,Greedy,V7,"(6, 74)",11.526524007447819,False,0.0,25.0
97,Greedy,V8,"(28, 9)",4.1742323707050275,False,0.0,3.0
97,Greedy,V9,"(89, 88)",6.399787010458134,False,0.0,11.0
97,Greedy,V10,"(78, 46)",1.1456225515285396,False,0.0,41.0
97,Auction,V1,"(45, 46)",10.390687593617322,False,0.0,29.0
97,Auction,V2,"(44, 80)",4.7242167482436415,False,0.0,35.0
97,Auction,V3,"(42, 98)",0.4501237122405257,False,0.0,33.0
97,Auction,V4,"(75, 100)",4.917579153216781,False,0.0,4.0
97,Auction,V5,"(35, 52)",3.6574989395633892,False,0.0,43.0
97,Auction,V6,"(65, 16)",5.906839370214151,False,0.0,3.0
97,Auction,V7,"(49, 62)",10.06848373380075,False,0.0,24.0
97,Auction,V8,"(11, 2)",11.583754906669022,False,0.0,9.0
97,Auction,V9,"(89, 48)",1.322553183417151,False,0.0,5.0
97,Auction,V10,"(54, 48)",2.188245453629442,False,0.0,43.0
97,Q-Learning,V1,"(83, 89)",0.6752418276913659,False,0.0,19.0
97,Q-Learning,V2,"(78, 88)",3.7404081600056003,False,0.0,34.0
97,Q-Learning,V3,"(65, 16)",1.8269387733370657,False,0.0,35.0
97,Q-Learning,V4,"(89, 48)",1.4496135207937986,True,1.6478835438716999,1.0
97,Q-Learning,V5,"(62, 32)",10.000474263943381,False,0.0,49.0
97,Q-Learning,V6,"(29, 77)",3.8349542026037007,False,0.0,1.0
97,Q-Learning,V7,"(38, 47)",10.764976975791829,False,0.0,24.0
97,Q-Learning,V8,"(42, 98)",3.244187951487568,False,0.0,2.0
97,Q-Learning,V9,"(74, 78)",4.329722034095539,False,0.0,9.0
97,Q-Learning,V10,"(76, 12)",0.49727805196469177,False,0.0,40.0
98,Greedy,V1,"(39, 76)",6.8075070219705225,False,0.0,27.0
98,Greedy,V2,"(78, 12)",0.27972794401028267,False,0.0,32.0
98,Greedy,V3,"(97, 6)",7.957293954368126,False,0.0,42.0
98,Greedy,V4,"(96, 79)",3.326017018670292,False,0.0,2.0
98,Greedy,V5,"(75, 0)",1.2292111087956776,False,0.0,41.0
98,Greedy,V6,"(90, 25)",2.4309275544714737,False,0.0,1.0
98,Greedy,V7,"(6, 74)",11.526524007447819,False,0.0,26.0
98,Greedy,V8,"(28, 9)",4.1742323707050275,False,0.0,4.0
98,Greedy,V9,"(89, 88)",6.399787010458134,False,0.0,12.0
98,Greedy,V10,"(78, 46)",1.1456225515285396,False,0.0,42.0
98,Auction,V1,"(45, 46)",10.390687593617322,False,0.0,30.0
98,Auction,V2,"(44, 80)",4.7242167482436415,False,0.0,36.0
98,Auction,V3,"(42, 98)",0.4501237122405257,False,0.0,34.0
98,Auction,V4,"(75, 100)",4.917579153216781,False,0.0,5.0
98,Auction,V5,"(35, 52)",3.6574989395633892,False,0.0,44.0
98,Auction,V6,"(65, 16)",5.906839370214151,False,0.0,4.0
98,Auction,V7,"(49, 62)",10.06848373380075,False,0.0,25.0
98,Auction,V8,"(11, 2)",11.583754906669022,False,0.0,10.0
98,Auction,V9,"(89, 48)",1.322553183417151,False,0.0,6.0
98,Auction,V10,"(54, 48)",2.188245453629442,False,0.0,44.0
98,Q-Learning,V1,"(83, 89)",0.6752418276913659,False,0.0,20.0
98,Q-Learning,V2,"(78, 88)",3.7404081600056003,False,0.0,35.0
98,Q-Learning,V3,"(65, 16)",1.8269387733370657,False,0.0,36.0
98,Q-Learning,V4,"(89, 48)",1.4496135207937986,True,0.6478835438716999,1.0
98,Q-Learning,V5,"(62, 32)",10.000474263943381,False,0.0,50.0
98,Q-Learning,V6,"(29, 77)",3.8349542026037007,False,0.0,2.0
98,Q-Learning,V7,"(38, 47)",10.764976975791829,False,0.0,25.0
98,Q-Learning,V8,"(42, 98)",3.244187951487568,False,0.0,3.0
98,Q-Learning,V9,"(74, 78)",4.329722034095539,False,0.0,10.0
98,Q-Learning,V10,"(76, 12)",0.49727805196469177,False,0.0,41.0
99,Greedy,V1,"(39, 76)",6.8075070219705225,False,0.0,28.0
99,Greedy,V2,"(78, 12)",0.27972794401028267,False,0.0,33.0
99,Greedy,V3,"(97, 6)",7.957293954368126,False,0.0,43.0
99,Greedy,V4,"(96, 79)",3.326017018670292,False,0.0,3.0
99,Greedy,V5,"(75, 0)",1.2292111087956776,False,0.0,42.0
99,Greedy,V6,"(90, 25)",2.4309275544714737,False,0.0,2.0
99,Greedy,V7,"(6, 74)",11.526524007447819,False,0.0,27.0
99,Greedy,V8,"(28, 9)",4.1742323707050275,False,0.0,5.0
99,Greedy,V9,"(89, 88)",6.399787010458134,False,0.0,13.0
99,Greedy,V10,"(78, 46)",1.1456225515285396,False,0.0,43.0
99,Auction,V1,"(45, 46)",10.390687593617322,False,0.0,31.0
99,Auction,V2,"(44, 80)",4.7242167482436415,False,0.0,37.0
99,Auction,V3,"(42, 98)",0.4501237122405257,False,0.0,35.0
99,Auction,V4,"(75, 100)",4.917579153216781,False,0.0,6.0
99,Auction,V5,"(35, 52)",3.6574989395633892,False,0.0,45.0
99,Auction,V6,"(65, 16)",5.906839370214151,False,0.0,5.0
99,Auction,V7,"(49, 62)",10.06848373380075,False,0.0,26.0
99,Auction,V8,"(11, 2)",11.583754906669022,False,0.0,11.0
99,Auction,V9,"(89, 48)",1.322553183417151,False,0.0,7.0
99,Auction,V10,"(54, 48)",2.188245453629442,False,0.0,45.0
99,Q-Learning,V1,"(83, 89)",0.6752418276913659,False,0.0,21.0
99,Q-Learning,V2,"(78, 88)",3.7404081600056003,False,0.0,36.0
99,Q-Learning,V3,"(65, 16)",1.8269387733370657,False,0.0,37.0
99,Q-Learning,V4,"(89, 48)",1.4496135207937986,False,0.0,1.0
99,Q-Learning,V5,"(62, 32)",10.000474263943381,False,0.0,51.0
99,Q-Learning,V6,"(29, 77)",3.8349542026037007,False,0.0,3.0
99,Q-Learning,V7,"(38, 47)",10.764976975791829,False,0.0,26.0
99,Q-Learning,V8,"(42, 98)",3.244187951487568,False,0.0,4.0
99,Q-Learning,V9,"(74, 78)",4.329722034095539,False,0.0,11.0
99,Q-Learning,V10,"(76, 12)",0.49727805196469177,False,0.0,42.0
