time_step,method,vehicle_id,position,battery,busy,remaining_duration,idle_time
0,Greedy,V1,"(26, 13)",63.0,False,0.0,1.0
0,Greedy,V2,"(57, 58)",76.0,False,0.0,1.0
0,Greedy,V3,"(82, 48)",74.0,False,0.0,1.0
0,Greedy,V4,"(87, 98)",80.0,False,0.0,1.0
0,Greedy,V5,"(83, 86)",68.0,False,0.0,1.0
0,Greedy,V6,"(67, 87)",79.0,False,0.0,1.0
0,Greedy,V7,"(80, 4)",95.0,False,0.0,1.0
0,Greedy,V8,"(2, 90)",92.0,False,0.0,1.0
0,Greedy,V9,"(59, 71)",65.0,False,0.0,1.0
0,Greedy,V10,"(53, 15)",88.0,False,0.0,1.0
0,Auction,V1,"(26, 13)",63.0,False,0.0,1.0
0,Auction,V2,"(57, 58)",76.0,False,0.0,1.0
0,Auction,V3,"(82, 48)",74.0,False,0.0,1.0
0,Auction,V4,"(87, 98)",80.0,False,0.0,1.0
0,Auction,V5,"(83, 86)",68.0,False,0.0,1.0
0,Auction,V6,"(67, 87)",79.0,False,0.0,1.0
0,Auction,V7,"(80, 4)",95.0,False,0.0,1.0
0,Auction,V8,"(2, 90)",92.0,False,0.0,1.0
0,Auction,V9,"(59, 71)",65.0,False,0.0,1.0
0,Auction,V10,"(53, 15)",88.0,False,0.0,1.0
0,Q-Learning,V1,"(26, 13)",63.0,False,0.0,1.0
0,Q-Learning,V2,"(57, 58)",76.0,False,0.0,1.0
0,Q-Learning,V3,"(82, 48)",74.0,False,0.0,1.0
0,Q-Learning,V4,"(87, 98)",80.0,False,0.0,1.0
0,Q-Learning,V5,"(83, 86)",68.0,False,0.0,1.0
0,Q-Learning,V6,"(67, 87)",79.0,False,0.0,1.0
0,Q-Learning,V7,"(80, 4)",95.0,False,0.0,1.0
0,Q-Learning,V8,"(2, 90)",92.0,False,0.0,1.0
0,Q-Learning,V9,"(59, 71)",65.0,False,0.0,1.0
0,Q-Learning,V10,"(53, 15)",88.0,False,0.0,1.0
1,Greedy,V1,"(26, 13)",40.52859547920897,True,21.471404520791033,1.0
1,Greedy,V2,"(57, 58)",41.512362660721244,True,33.487637339278756,1.0
1,Greedy,V3,"(82, 48)",52.78781694653735,True,20.212183053462653,1.0
1,Greedy,V4,"(87, 98)",50.0,True,29.0,1.0
1,Greedy,V5,"(83, 86)",44.695113885676776,True,22.30488611432322,1.0
1,Greedy,V6,"(67, 87)",58.67420953556,True,19.325790464439997,1.0
1,Greedy,V7,"(80, 4)",72.49781409367678,True,21.502185906323216,1.0
1,Greedy,V8,"(2, 90)",61.421946180421195,True,29.578053819578805,1.0
1,Greedy,V9,"(59, 71)",48.482460485473744,True,15.517539514526256,1.0
1,Greedy,V10,"(53, 15)",58.375801935328326,True,28.624198064671678,1.0
1,Auction,V1,"(27, 14)",40.52859547920897,True,21.471404520791033,1.0
1,Auction,V2,"(31, 51)",41.512362660721244,True,33.487637339278756,1.0
1,Auction,V3,"(88, 54)",52.78781694653735,True,20.212183053462653,1.0
1,Auction,V4,"(96, 98)",50.0,True,29.0,1.0
1,Auction,V5,"(92, 43)",43.0170586817556,True,23.9829413182444,1.0
1,Auction,V6,"(81, 77)",55.84941868323934,True,22.150581316760658,1.0
1,Auction,V7,"(85, 28)",72.49781409367678,True,21.502185906323216,1.0
1,Auction,V8,"(21, 64)",61.421946180421195,True,29.578053819578805,1.0
1,Auction,V9,"(33, 89)",48.482460485473744,True,15.517539514526256,1.0
1,Auction,V10,"(24, 31)",58.375801935328326,True,28.624198064671678,1.0
1,Q-Learning,V1,"(27, 14)",40.52859547920897,True,21.471404520791033,1.0
1,Q-Learning,V2,"(57, 58)",76.0,False,0.0,2.0
1,Q-Learning,V3,"(88, 54)",52.78781694653735,True,20.212183053462653,1.0
1,Q-Learning,V4,"(96, 98)",50.0,True,29.0,1.0
1,Q-Learning,V5,"(83, 86)",68.0,False,0.0,2.0
1,Q-Learning,V6,"(67, 87)",79.0,False,0.0,2.0
1,Q-Learning,V7,"(85, 28)",72.49781409367678,True,21.502185906323216,1.0
1,Q-Learning,V8,"(2, 90)",92.0,False,0.0,2.0
1,Q-Learning,V9,"(59, 71)",65.0,False,0.0,2.0
1,Q-Learning,V10,"(53, 15)",88.0,False,0.0,2.0
2,Greedy,V1,"(26, 13)",40.52859547920897,True,20.471404520791033,1.0
2,Greedy,V2,"(57, 58)",41.512362660721244,True,32.487637339278756,1.0
2,Greedy,V3,"(82, 48)",52.78781694653735,True,19.212183053462653,1.0
2,Greedy,V4,"(87, 98)",50.0,True,28.0,1.0
2,Greedy,V5,"(83, 86)",44.695113885676776,True,21.30488611432322,1.0
2,Greedy,V6,"(67, 87)",58.67420953556,True,18.325790464439997,1.0
2,Greedy,V7,"(80, 4)",72.49781409367678,True,20.502185906323216,1.0
2,Greedy,V8,"(2, 90)",61.421946180421195,True,28.578053819578805,1.0
2,Greedy,V9,"(59, 71)",48.482460485473744,True,14.517539514526256,1.0
2,Greedy,V10,"(53, 15)",58.375801935328326,True,27.624198064671678,1.0
2,Auction,V1,"(27, 14)",40.52859547920897,True,20.471404520791033,1.0
2,Auction,V2,"(31, 51)",41.512362660721244,True,32.487637339278756,1.0
2,Auction,V3,"(88, 54)",52.78781694653735,True,19.212183053462653,1.0
2,Auction,V4,"(96, 98)",50.0,True,28.0,1.0
2,Auction,V5,"(92, 43)",43.0170586817556,True,22.9829413182444,1.0
2,Auction,V6,"(81, 77)",55.84941868323934,True,21.150581316760658,1.0
2,Auction,V7,"(85, 28)",72.49781409367678,True,20.502185906323216,1.0
2,Auction,V8,"(21, 64)",61.421946180421195,True,28.578053819578805,1.0
2,Auction,V9,"(33, 89)",48.482460485473744,True,14.517539514526256,1.0
2,Auction,V10,"(24, 31)",58.375801935328326,True,27.624198064671678,1.0
2,Q-Learning,V1,"(27, 14)",40.52859547920897,True,20.471404520791033,1.0
2,Q-Learning,V2,"(57, 58)",76.0,False,0.0,3.0
2,Q-Learning,V3,"(88, 54)",52.78781694653735,True,19.212183053462653,1.0
2,Q-Learning,V4,"(96, 98)",50.0,True,28.0,1.0
2,Q-Learning,V5,"(81, 77)",44.695113885676776,True,22.30488611432322,2.0
2,Q-Learning,V6,"(67, 87)",79.0,False,0.0,3.0
2,Q-Learning,V7,"(85, 28)",72.49781409367678,True,20.502185906323216,1.0
2,Q-Learning,V8,"(21, 64)",61.421946180421195,True,29.578053819578805,2.0
2,Q-Learning,V9,"(59, 71)",65.0,False,0.0,3.0
2,Q-Learning,V10,"(53, 15)",88.0,False,0.0,3.0
3,Greedy,V1,"(26, 13)",40.52859547920897,True,19.471404520791033,1.0
3,Greedy,V2,"(57, 58)",41.512362660721244,True,31.487637339278756,1.0
3,Greedy,V3,"(82, 48)",52.78781694653735,True,18.212183053462653,1.0
3,Greedy,V4,"(87, 98)",50.0,True,27.0,1.0
3,Greedy,V5,"(83, 86)",44.695113885676776,True,20.30488611432322,1.0
3,Greedy,V6,"(67, 87)",58.67420953556,True,17.325790464439997,1.0
3,Greedy,V7,"(80, 4)",72.49781409367678,True,19.502185906323216,1.0
3,Greedy,V8,"(2, 90)",61.421946180421195,True,27.578053819578805,1.0
3,Greedy,V9,"(59, 71)",48.482460485473744,True,13.517539514526256,1.0
3,Greedy,V10,"(53, 15)",58.375801935328326,True,26.624198064671678,1.0
3,Auction,V1,"(27, 14)",40.52859547920897,True,19.471404520791033,1.0
3,Auction,V2,"(31, 51)",41.512362660721244,True,31.487637339278756,1.0
3,Auction,V3,"(88, 54)",52.78781694653735,True,18.212183053462653,1.0
3,Auction,V4,"(96, 98)",50.0,True,27.0,1.0
3,Auction,V5,"(92, 43)",43.0170586817556,True,21.9829413182444,1.0
3,Auction,V6,"(81, 77)",55.84941868323934,True,20.150581316760658,1.0
3,Auction,V7,"(85, 28)",72.49781409367678,True,19.502185906323216,1.0
3,Auction,V8,"(21, 64)",61.421946180421195,True,27.578053819578805,1.0
3,Auction,V9,"(33, 89)",48.482460485473744,True,13.517539514526256,1.0
3,Auction,V10,"(24, 31)",58.375801935328326,True,26.624198064671678,1.0
3,Q-Learning,V1,"(27, 14)",40.52859547920897,True,19.471404520791033,1.0
3,Q-Learning,V2,"(57, 58)",76.0,False,0.0,4.0
3,Q-Learning,V3,"(88, 54)",52.78781694653735,True,18.212183053462653,1.0
3,Q-Learning,V4,"(96, 98)",50.0,True,27.0,1.0
3,Q-Learning,V5,"(81, 77)",44.695113885676776,True,21.30488611432322,2.0
3,Q-Learning,V6,"(67, 87)",79.0,False,0.0,4.0
3,Q-Learning,V7,"(85, 28)",72.49781409367678,True,19.502185906323216,1.0
3,Q-Learning,V8,"(21, 64)",61.421946180421195,True,28.578053819578805,2.0
3,Q-Learning,V9,"(59, 71)",65.0,False,0.0,4.0
3,Q-Learning,V10,"(24, 31)",58.375801935328326,True,28.624198064671678,3.0
4,Greedy,V1,"(26, 13)",40.52859547920897,True,18.471404520791033,1.0
4,Greedy,V2,"(57, 58)",41.512362660721244,True,30.487637339278756,1.0
4,Greedy,V3,"(82, 48)",52.78781694653735,True,17.212183053462653,1.0
4,Greedy,V4,"(87, 98)",50.0,True,26.0,1.0
4,Greedy,V5,"(83, 86)",44.695113885676776,True,19.30488611432322,1.0
4,Greedy,V6,"(67, 87)",58.67420953556,True,16.325790464439997,1.0
4,Greedy,V7,"(80, 4)",72.49781409367678,True,18.502185906323216,1.0
4,Greedy,V8,"(2, 90)",61.421946180421195,True,26.578053819578805,1.0
4,Greedy,V9,"(59, 71)",48.482460485473744,True,12.517539514526256,1.0
4,Greedy,V10,"(53, 15)",58.375801935328326,True,25.624198064671678,1.0
4,Auction,V1,"(27, 14)",40.52859547920897,True,18.471404520791033,1.0
4,Auction,V2,"(31, 51)",41.512362660721244,True,30.487637339278756,1.0
4,Auction,V3,"(88, 54)",52.78781694653735,True,17.212183053462653,1.0
4,Auction,V4,"(96, 98)",50.0,True,26.0,1.0
4,Auction,V5,"(92, 43)",43.0170586817556,True,20.9829413182444,1.0
4,Auction,V6,"(81, 77)",55.84941868323934,True,19.150581316760658,1.0
4,Auction,V7,"(85, 28)",72.49781409367678,True,18.502185906323216,1.0
4,Auction,V8,"(21, 64)",61.421946180421195,True,26.578053819578805,1.0
4,Auction,V9,"(33, 89)",48.482460485473744,True,12.517539514526256,1.0
4,Auction,V10,"(24, 31)",58.375801935328326,True,25.624198064671678,1.0
4,Q-Learning,V1,"(27, 14)",40.52859547920897,True,18.471404520791033,1.0
4,Q-Learning,V2,"(31, 51)",41.512362660721244,True,33.487637339278756,4.0
4,Q-Learning,V3,"(88, 54)",52.78781694653735,True,17.212183053462653,1.0
4,Q-Learning,V4,"(96, 98)",50.0,True,26.0,1.0
4,Q-Learning,V5,"(81, 77)",44.695113885676776,True,20.30488611432322,2.0
4,Q-Learning,V6,"(67, 87)",79.0,False,0.0,5.0
4,Q-Learning,V7,"(85, 28)",72.49781409367678,True,18.502185906323216,1.0
4,Q-Learning,V8,"(21, 64)",61.421946180421195,True,27.578053819578805,2.0
4,Q-Learning,V9,"(59, 71)",65.0,False,0.0,5.0
4,Q-Learning,V10,"(24, 31)",58.375801935328326,True,27.624198064671678,3.0
5,Greedy,V1,"(26, 13)",40.52859547920897,True,17.471404520791033,1.0
5,Greedy,V2,"(57, 58)",41.512362660721244,True,29.487637339278756,1.0
5,Greedy,V3,"(82, 48)",52.78781694653735,True,16.212183053462653,1.0
5,Greedy,V4,"(87, 98)",50.0,True,25.0,1.0
5,Greedy,V5,"(83, 86)",44.695113885676776,True,18.30488611432322,1.0
5,Greedy,V6,"(67, 87)",58.67420953556,True,15.325790464439997,1.0
5,Greedy,V7,"(80, 4)",72.49781409367678,True,17.502185906323216,1.0
5,Greedy,V8,"(2, 90)",61.421946180421195,True,25.578053819578805,1.0
5,Greedy,V9,"(59, 71)",48.482460485473744,True,11.517539514526256,1.0
5,Greedy,V10,"(53, 15)",58.375801935328326,True,24.624198064671678,1.0
5,Auction,V1,"(27, 14)",40.52859547920897,True,17.471404520791033,1.0
5,Auction,V2,"(31, 51)",41.512362660721244,True,29.487637339278756,1.0
5,Auction,V3,"(88, 54)",52.78781694653735,True,16.212183053462653,1.0
5,Auction,V4,"(96, 98)",50.0,True,25.0,1.0
5,Auction,V5,"(92, 43)",43.0170586817556,True,19.9829413182444,1.0
5,Auction,V6,"(81, 77)",55.84941868323934,True,18.150581316760658,1.0
5,Auction,V7,"(85, 28)",72.49781409367678,True,17.502185906323216,1.0
5,Auction,V8,"(21, 64)",61.421946180421195,True,25.578053819578805,1.0
5,Auction,V9,"(33, 89)",48.482460485473744,True,11.517539514526256,1.0
5,Auction,V10,"(24, 31)",58.375801935328326,True,24.624198064671678,1.0
5,Q-Learning,V1,"(27, 14)",40.52859547920897,True,17.471404520791033,1.0
5,Q-Learning,V2,"(31, 51)",41.512362660721244,True,32.487637339278756,4.0
5,Q-Learning,V3,"(88, 54)",52.78781694653735,True,16.212183053462653,1.0
5,Q-Learning,V4,"(96, 98)",50.0,True,25.0,1.0
5,Q-Learning,V5,"(81, 77)",44.695113885676776,True,19.30488611432322,2.0
5,Q-Learning,V6,"(67, 87)",79.0,False,0.0,6.0
5,Q-Learning,V7,"(85, 28)",72.49781409367678,True,17.502185906323216,1.0
5,Q-Learning,V8,"(21, 64)",61.421946180421195,True,26.578053819578805,2.0
5,Q-Learning,V9,"(33, 89)",48.482460485473744,True,15.517539514526256,5.0
5,Q-Learning,V10,"(24, 31)",58.375801935328326,True,26.624198064671678,3.0
6,Greedy,V1,"(26, 13)",40.52859547920897,True,16.471404520791033,1.0
6,Greedy,V2,"(57, 58)",41.512362660721244,True,28.487637339278756,1.0
6,Greedy,V3,"(82, 48)",52.78781694653735,True,15.212183053462653,1.0
6,Greedy,V4,"(87, 98)",50.0,True,24.0,1.0
6,Greedy,V5,"(83, 86)",44.695113885676776,True,17.30488611432322,1.0
6,Greedy,V6,"(67, 87)",58.67420953556,True,14.325790464439997,1.0
6,Greedy,V7,"(80, 4)",72.49781409367678,True,16.502185906323216,1.0
6,Greedy,V8,"(2, 90)",61.421946180421195,True,24.578053819578805,1.0
6,Greedy,V9,"(59, 71)",48.482460485473744,True,10.517539514526256,1.0
6,Greedy,V10,"(53, 15)",58.375801935328326,True,23.624198064671678,1.0
6,Auction,V1,"(27, 14)",40.52859547920897,True,16.471404520791033,1.0
6,Auction,V2,"(31, 51)",41.512362660721244,True,28.487637339278756,1.0
6,Auction,V3,"(88, 54)",52.78781694653735,True,15.212183053462653,1.0
6,Auction,V4,"(96, 98)",50.0,True,24.0,1.0
6,Auction,V5,"(92, 43)",43.0170586817556,True,18.9829413182444,1.0
6,Auction,V6,"(81, 77)",55.84941868323934,True,17.150581316760658,1.0
6,Auction,V7,"(85, 28)",72.49781409367678,True,16.502185906323216,1.0
6,Auction,V8,"(21, 64)",61.421946180421195,True,24.578053819578805,1.0
6,Auction,V9,"(33, 89)",48.482460485473744,True,10.517539514526256,1.0
6,Auction,V10,"(24, 31)",58.375801935328326,True,23.624198064671678,1.0
6,Q-Learning,V1,"(27, 14)",40.52859547920897,True,16.471404520791033,1.0
6,Q-Learning,V2,"(31, 51)",41.512362660721244,True,31.487637339278756,4.0
6,Q-Learning,V3,"(88, 54)",52.78781694653735,True,15.212183053462653,1.0
6,Q-Learning,V4,"(96, 98)",50.0,True,24.0,1.0
6,Q-Learning,V5,"(81, 77)",44.695113885676776,True,18.30488611432322,2.0
6,Q-Learning,V6,"(7, 30)",42.65516433189971,True,35.34483566810029,6.0
6,Q-Learning,V7,"(85, 28)",72.49781409367678,True,16.502185906323216,1.0
6,Q-Learning,V8,"(21, 64)",61.421946180421195,True,25.578053819578805,2.0
6,Q-Learning,V9,"(33, 89)",48.482460485473744,True,14.517539514526256,5.0
6,Q-Learning,V10,"(24, 31)",58.375801935328326,True,25.624198064671678,3.0
7,Greedy,V1,"(26, 13)",40.52859547920897,True,15.471404520791033,1.0
7,Greedy,V2,"(57, 58)",41.512362660721244,True,27.487637339278756,1.0
7,Greedy,V3,"(82, 48)",52.78781694653735,True,14.212183053462653,1.0
7,Greedy,V4,"(87, 98)",50.0,True,23.0,1.0
7,Greedy,V5,"(83, 86)",44.695113885676776,True,16.30488611432322,1.0
7,Greedy,V6,"(67, 87)",58.67420953556,True,13.325790464439997,1.0
7,Greedy,V7,"(80, 4)",72.49781409367678,True,15.502185906323216,1.0
7,Greedy,V8,"(2, 90)",61.421946180421195,True,23.578053819578805,1.0
7,Greedy,V9,"(59, 71)",48.482460485473744,True,9.517539514526256,1.0
7,Greedy,V10,"(53, 15)",58.375801935328326,True,22.624198064671678,1.0
7,Auction,V1,"(27, 14)",40.52859547920897,True,15.471404520791033,1.0
7,Auction,V2,"(31, 51)",41.512362660721244,True,27.487637339278756,1.0
7,Auction,V3,"(88, 54)",52.78781694653735,True,14.212183053462653,1.0
7,Auction,V4,"(96, 98)",50.0,True,23.0,1.0
7,Auction,V5,"(92, 43)",43.0170586817556,True,17.9829413182444,1.0
7,Auction,V6,"(81, 77)",55.84941868323934,True,16.150581316760658,1.0
7,Auction,V7,"(85, 28)",72.49781409367678,True,15.502185906323216,1.0
7,Auction,V8,"(21, 64)",61.421946180421195,True,23.578053819578805,1.0
7,Auction,V9,"(33, 89)",48.482460485473744,True,9.517539514526256,1.0
7,Auction,V10,"(24, 31)",58.375801935328326,True,22.624198064671678,1.0
7,Q-Learning,V1,"(27, 14)",40.52859547920897,True,15.471404520791033,1.0
7,Q-Learning,V2,"(31, 51)",41.512362660721244,True,30.487637339278756,4.0
7,Q-Learning,V3,"(88, 54)",52.78781694653735,True,14.212183053462653,1.0
7,Q-Learning,V4,"(96, 98)",50.0,True,23.0,1.0
7,Q-Learning,V5,"(81, 77)",44.695113885676776,True,17.30488611432322,2.0
7,Q-Learning,V6,"(7, 30)",42.65516433189971,True,34.34483566810029,6.0
7,Q-Learning,V7,"(85, 28)",72.49781409367678,True,15.502185906323216,1.0
7,Q-Learning,V8,"(21, 64)",61.421946180421195,True,24.578053819578805,2.0
7,Q-Learning,V9,"(33, 89)",48.482460485473744,True,13.517539514526256,5.0
7,Q-Learning,V10,"(24, 31)",58.375801935328326,True,24.624198064671678,3.0
8,Greedy,V1,"(26, 13)",40.52859547920897,True,14.471404520791033,1.0
8,Greedy,V2,"(57, 58)",41.512362660721244,True,26.487637339278756,1.0
8,Greedy,V3,"(82, 48)",52.78781694653735,True,13.212183053462653,1.0
8,Greedy,V4,"(87, 98)",50.0,True,22.0,1.0
8,Greedy,V5,"(83, 86)",44.695113885676776,True,15.30488611432322,1.0
8,Greedy,V6,"(67, 87)",58.67420953556,True,12.325790464439997,1.0
8,Greedy,V7,"(80, 4)",72.49781409367678,True,14.502185906323216,1.0
8,Greedy,V8,"(2, 90)",61.421946180421195,True,22.578053819578805,1.0
8,Greedy,V9,"(59, 71)",48.482460485473744,True,8.517539514526256,1.0
8,Greedy,V10,"(53, 15)",58.375801935328326,True,21.624198064671678,1.0
8,Auction,V1,"(27, 14)",40.52859547920897,True,14.471404520791033,1.0
8,Auction,V2,"(31, 51)",41.512362660721244,True,26.487637339278756,1.0
8,Auction,V3,"(88, 54)",52.78781694653735,True,13.212183053462653,1.0
8,Auction,V4,"(96, 98)",50.0,True,22.0,1.0
8,Auction,V5,"(92, 43)",43.0170586817556,True,16.9829413182444,1.0
8,Auction,V6,"(81, 77)",55.84941868323934,True,15.150581316760658,1.0
8,Auction,V7,"(85, 28)",72.49781409367678,True,14.502185906323216,1.0
8,Auction,V8,"(21, 64)",61.421946180421195,True,22.578053819578805,1.0
8,Auction,V9,"(33, 89)",48.482460485473744,True,8.517539514526256,1.0
8,Auction,V10,"(24, 31)",58.375801935328326,True,21.624198064671678,1.0
8,Q-Learning,V1,"(27, 14)",40.52859547920897,True,14.471404520791033,1.0
8,Q-Learning,V2,"(31, 51)",41.512362660721244,True,29.487637339278756,4.0
8,Q-Learning,V3,"(88, 54)",52.78781694653735,True,13.212183053462653,1.0
8,Q-Learning,V4,"(96, 98)",50.0,True,22.0,1.0
8,Q-Learning,V5,"(81, 77)",44.695113885676776,True,16.30488611432322,2.0
8,Q-Learning,V6,"(7, 30)",42.65516433189971,True,33.34483566810029,6.0
8,Q-Learning,V7,"(85, 28)",72.49781409367678,True,14.502185906323216,1.0
8,Q-Learning,V8,"(21, 64)",61.421946180421195,True,23.578053819578805,2.0
8,Q-Learning,V9,"(33, 89)",48.482460485473744,True,12.517539514526256,5.0
8,Q-Learning,V10,"(24, 31)",58.375801935328326,True,23.624198064671678,3.0
9,Greedy,V1,"(26, 13)",40.52859547920897,True,13.471404520791033,1.0
9,Greedy,V2,"(57, 58)",41.512362660721244,True,25.487637339278756,1.0
9,Greedy,V3,"(82, 48)",52.78781694653735,True,12.212183053462653,1.0
9,Greedy,V4,"(87, 98)",50.0,True,21.0,1.0
9,Greedy,V5,"(83, 86)",44.695113885676776,True,14.30488611432322,1.0
9,Greedy,V6,"(67, 87)",58.67420953556,True,11.325790464439997,1.0
9,Greedy,V7,"(80, 4)",72.49781409367678,True,13.502185906323216,1.0
9,Greedy,V8,"(2, 90)",61.421946180421195,True,21.578053819578805,1.0
9,Greedy,V9,"(59, 71)",48.482460485473744,True,7.517539514526256,1.0
9,Greedy,V10,"(53, 15)",58.375801935328326,True,20.624198064671678,1.0
9,Auction,V1,"(27, 14)",40.52859547920897,True,13.471404520791033,1.0
9,Auction,V2,"(31, 51)",41.512362660721244,True,25.487637339278756,1.0
9,Auction,V3,"(88, 54)",52.78781694653735,True,12.212183053462653,1.0
9,Auction,V4,"(96, 98)",50.0,True,21.0,1.0
9,Auction,V5,"(92, 43)",43.0170586817556,True,15.9829413182444,1.0
9,Auction,V6,"(81, 77)",55.84941868323934,True,14.150581316760658,1.0
9,Auction,V7,"(85, 28)",72.49781409367678,True,13.502185906323216,1.0
9,Auction,V8,"(21, 64)",61.421946180421195,True,21.578053819578805,1.0
9,Auction,V9,"(33, 89)",48.482460485473744,True,7.517539514526256,1.0
9,Auction,V10,"(24, 31)",58.375801935328326,True,20.624198064671678,1.0
9,Q-Learning,V1,"(27, 14)",40.52859547920897,True,13.471404520791033,1.0
9,Q-Learning,V2,"(31, 51)",41.512362660721244,True,28.487637339278756,4.0
9,Q-Learning,V3,"(88, 54)",52.78781694653735,True,12.212183053462653,1.0
9,Q-Learning,V4,"(96, 98)",50.0,True,21.0,1.0
9,Q-Learning,V5,"(81, 77)",44.695113885676776,True,15.30488611432322,2.0
9,Q-Learning,V6,"(7, 30)",42.65516433189971,True,32.34483566810029,6.0
9,Q-Learning,V7,"(85, 28)",72.49781409367678,True,13.502185906323216,1.0
9,Q-Learning,V8,"(21, 64)",61.421946180421195,True,22.578053819578805,2.0
9,Q-Learning,V9,"(33, 89)",48.482460485473744,True,11.517539514526256,5.0
9,Q-Learning,V10,"(24, 31)",58.375801935328326,True,22.624198064671678,3.0
10,Greedy,V1,"(26, 13)",40.52859547920897,True,12.471404520791033,1.0
10,Greedy,V2,"(57, 58)",41.512362660721244,True,24.487637339278756,1.0
10,Greedy,V3,"(82, 48)",52.78781694653735,True,11.212183053462653,1.0
10,Greedy,V4,"(87, 98)",50.0,True,20.0,1.0
10,Greedy,V5,"(83, 86)",44.695113885676776,True,13.30488611432322,1.0
10,Greedy,V6,"(67, 87)",58.67420953556,True,10.325790464439997,1.0
10,Greedy,V7,"(80, 4)",72.49781409367678,True,12.502185906323216,1.0
10,Greedy,V8,"(2, 90)",61.421946180421195,True,20.578053819578805,1.0
10,Greedy,V9,"(59, 71)",48.482460485473744,True,6.517539514526256,1.0
10,Greedy,V10,"(53, 15)",58.375801935328326,True,19.624198064671678,1.0
10,Auction,V1,"(27, 14)",40.52859547920897,True,12.471404520791033,1.0
10,Auction,V2,"(31, 51)",41.512362660721244,True,24.487637339278756,1.0
10,Auction,V3,"(88, 54)",52.78781694653735,True,11.212183053462653,1.0
10,Auction,V4,"(96, 98)",50.0,True,20.0,1.0
10,Auction,V5,"(92, 43)",43.0170586817556,True,14.9829413182444,1.0
10,Auction,V6,"(81, 77)",55.84941868323934,True,13.150581316760658,1.0
10,Auction,V7,"(85, 28)",72.49781409367678,True,12.502185906323216,1.0
10,Auction,V8,"(21, 64)",61.421946180421195,True,20.578053819578805,1.0
10,Auction,V9,"(33, 89)",48.482460485473744,True,6.517539514526256,1.0
10,Auction,V10,"(24, 31)",58.375801935328326,True,19.624198064671678,1.0
10,Q-Learning,V1,"(27, 14)",40.52859547920897,True,12.471404520791033,1.0
10,Q-Learning,V2,"(31, 51)",41.512362660721244,True,27.487637339278756,4.0
10,Q-Learning,V3,"(88, 54)",52.78781694653735,True,11.212183053462653,1.0
10,Q-Learning,V4,"(96, 98)",50.0,True,20.0,1.0
10,Q-Learning,V5,"(81, 77)",44.695113885676776,True,14.30488611432322,2.0
10,Q-Learning,V6,"(7, 30)",42.65516433189971,True,31.344835668100288,6.0
10,Q-Learning,V7,"(85, 28)",72.49781409367678,True,12.502185906323216,1.0
10,Q-Learning,V8,"(21, 64)",61.421946180421195,True,21.578053819578805,2.0
10,Q-Learning,V9,"(33, 89)",48.482460485473744,True,10.517539514526256,5.0
10,Q-Learning,V10,"(24, 31)",58.375801935328326,True,21.624198064671678,3.0
11,Greedy,V1,"(26, 13)",40.52859547920897,True,11.471404520791033,1.0
11,Greedy,V2,"(57, 58)",41.512362660721244,True,23.487637339278756,1.0
11,Greedy,V3,"(82, 48)",52.78781694653735,True,10.212183053462653,1.0
11,Greedy,V4,"(87, 98)",50.0,True,19.0,1.0
11,Greedy,V5,"(83, 86)",44.695113885676776,True,12.30488611432322,1.0
11,Greedy,V6,"(67, 87)",58.67420953556,True,9.325790464439997,1.0
11,Greedy,V7,"(80, 4)",72.49781409367678,True,11.502185906323216,1.0
11,Greedy,V8,"(2, 90)",61.421946180421195,True,19.578053819578805,1.0
11,Greedy,V9,"(59, 71)",48.482460485473744,True,5.517539514526256,1.0
11,Greedy,V10,"(53, 15)",58.375801935328326,True,18.624198064671678,1.0
11,Auction,V1,"(27, 14)",40.52859547920897,True,11.471404520791033,1.0
11,Auction,V2,"(31, 51)",41.512362660721244,True,23.487637339278756,1.0
11,Auction,V3,"(88, 54)",52.78781694653735,True,10.212183053462653,1.0
11,Auction,V4,"(96, 98)",50.0,True,19.0,1.0
11,Auction,V5,"(92, 43)",43.0170586817556,True,13.9829413182444,1.0
11,Auction,V6,"(81, 77)",55.84941868323934,True,12.150581316760658,1.0
11,Auction,V7,"(85, 28)",72.49781409367678,True,11.502185906323216,1.0
11,Auction,V8,"(21, 64)",61.421946180421195,True,19.578053819578805,1.0
11,Auction,V9,"(33, 89)",48.482460485473744,True,5.517539514526256,1.0
11,Auction,V10,"(24, 31)",58.375801935328326,True,18.624198064671678,1.0
11,Q-Learning,V1,"(27, 14)",40.52859547920897,True,11.471404520791033,1.0
11,Q-Learning,V2,"(31, 51)",41.512362660721244,True,26.487637339278756,4.0
11,Q-Learning,V3,"(88, 54)",52.78781694653735,True,10.212183053462653,1.0
11,Q-Learning,V4,"(96, 98)",50.0,True,19.0,1.0
11,Q-Learning,V5,"(81, 77)",44.695113885676776,True,13.30488611432322,2.0
11,Q-Learning,V6,"(7, 30)",42.65516433189971,True,30.344835668100288,6.0
11,Q-Learning,V7,"(85, 28)",72.49781409367678,True,11.502185906323216,1.0
11,Q-Learning,V8,"(21, 64)",61.421946180421195,True,20.578053819578805,2.0
11,Q-Learning,V9,"(33, 89)",48.482460485473744,True,9.517539514526256,5.0
11,Q-Learning,V10,"(24, 31)",58.375801935328326,True,20.624198064671678,3.0
12,Greedy,V1,"(26, 13)",40.52859547920897,True,10.471404520791033,1.0
12,Greedy,V2,"(57, 58)",41.512362660721244,True,22.487637339278756,1.0
12,Greedy,V3,"(82, 48)",52.78781694653735,True,9.212183053462653,1.0
12,Greedy,V4,"(87, 98)",50.0,True,18.0,1.0
12,Greedy,V5,"(83, 86)",44.695113885676776,True,11.30488611432322,1.0
12,Greedy,V6,"(67, 87)",58.67420953556,True,8.325790464439997,1.0
12,Greedy,V7,"(80, 4)",72.49781409367678,True,10.502185906323216,1.0
12,Greedy,V8,"(2, 90)",61.421946180421195,True,18.578053819578805,1.0
12,Greedy,V9,"(59, 71)",48.482460485473744,True,4.517539514526256,1.0
12,Greedy,V10,"(53, 15)",58.375801935328326,True,17.624198064671678,1.0
12,Auction,V1,"(27, 14)",40.52859547920897,True,10.471404520791033,1.0
12,Auction,V2,"(31, 51)",41.512362660721244,True,22.487637339278756,1.0
12,Auction,V3,"(88, 54)",52.78781694653735,True,9.212183053462653,1.0
12,Auction,V4,"(96, 98)",50.0,True,18.0,1.0
12,Auction,V5,"(92, 43)",43.0170586817556,True,12.9829413182444,1.0
12,Auction,V6,"(81, 77)",55.84941868323934,True,11.150581316760658,1.0
12,Auction,V7,"(85, 28)",72.49781409367678,True,10.502185906323216,1.0
12,Auction,V8,"(21, 64)",61.421946180421195,True,18.578053819578805,1.0
12,Auction,V9,"(33, 89)",48.482460485473744,True,4.517539514526256,1.0
12,Auction,V10,"(24, 31)",58.375801935328326,True,17.624198064671678,1.0
12,Q-Learning,V1,"(27, 14)",40.52859547920897,True,10.471404520791033,1.0
12,Q-Learning,V2,"(31, 51)",41.512362660721244,True,25.487637339278756,4.0
12,Q-Learning,V3,"(88, 54)",52.78781694653735,True,9.212183053462653,1.0
12,Q-Learning,V4,"(96, 98)",50.0,True,18.0,1.0
12,Q-Learning,V5,"(81, 77)",44.695113885676776,True,12.30488611432322,2.0
12,Q-Learning,V6,"(7, 30)",42.65516433189971,True,29.344835668100288,6.0
12,Q-Learning,V7,"(85, 28)",72.49781409367678,True,10.502185906323216,1.0
12,Q-Learning,V8,"(21, 64)",61.421946180421195,True,19.578053819578805,2.0
12,Q-Learning,V9,"(33, 89)",48.482460485473744,True,8.517539514526256,5.0
12,Q-Learning,V10,"(24, 31)",58.375801935328326,True,19.624198064671678,3.0
13,Greedy,V1,"(26, 13)",40.52859547920897,True,9.471404520791033,1.0
13,Greedy,V2,"(57, 58)",41.512362660721244,True,21.487637339278756,1.0
13,Greedy,V3,"(82, 48)",52.78781694653735,True,8.212183053462653,1.0
13,Greedy,V4,"(87, 98)",50.0,True,17.0,1.0
13,Greedy,V5,"(83, 86)",44.695113885676776,True,10.30488611432322,1.0
13,Greedy,V6,"(67, 87)",58.67420953556,True,7.325790464439997,1.0
13,Greedy,V7,"(80, 4)",72.49781409367678,True,9.502185906323216,1.0
13,Greedy,V8,"(2, 90)",61.421946180421195,True,17.578053819578805,1.0
13,Greedy,V9,"(59, 71)",48.482460485473744,True,3.5175395145262556,1.0
13,Greedy,V10,"(53, 15)",58.375801935328326,True,16.624198064671678,1.0
13,Auction,V1,"(27, 14)",40.52859547920897,True,9.471404520791033,1.0
13,Auction,V2,"(31, 51)",41.512362660721244,True,21.487637339278756,1.0
13,Auction,V3,"(88, 54)",52.78781694653735,True,8.212183053462653,1.0
13,Auction,V4,"(96, 98)",50.0,True,17.0,1.0
13,Auction,V5,"(92, 43)",43.0170586817556,True,11.9829413182444,1.0
13,Auction,V6,"(81, 77)",55.84941868323934,True,10.150581316760658,1.0
13,Auction,V7,"(85, 28)",72.49781409367678,True,9.502185906323216,1.0
13,Auction,V8,"(21, 64)",61.421946180421195,True,17.578053819578805,1.0
13,Auction,V9,"(33, 89)",48.482460485473744,True,3.5175395145262556,1.0
13,Auction,V10,"(24, 31)",58.375801935328326,True,16.624198064671678,1.0
13,Q-Learning,V1,"(27, 14)",40.52859547920897,True,9.471404520791033,1.0
13,Q-Learning,V2,"(31, 51)",41.512362660721244,True,24.487637339278756,4.0
13,Q-Learning,V3,"(88, 54)",52.78781694653735,True,8.212183053462653,1.0
13,Q-Learning,V4,"(96, 98)",50.0,True,17.0,1.0
13,Q-Learning,V5,"(81, 77)",44.695113885676776,True,11.30488611432322,2.0
13,Q-Learning,V6,"(7, 30)",42.65516433189971,True,28.344835668100288,6.0
13,Q-Learning,V7,"(85, 28)",72.49781409367678,True,9.502185906323216,1.0
13,Q-Learning,V8,"(21, 64)",61.421946180421195,True,18.578053819578805,2.0
13,Q-Learning,V9,"(33, 89)",48.482460485473744,True,7.517539514526256,5.0
13,Q-Learning,V10,"(24, 31)",58.375801935328326,True,18.624198064671678,3.0
14,Greedy,V1,"(26, 13)",40.52859547920897,True,8.471404520791033,1.0
14,Greedy,V2,"(57, 58)",41.512362660721244,True,20.487637339278756,1.0
14,Greedy,V3,"(82, 48)",52.78781694653735,True,7.2121830534626525,1.0
14,Greedy,V4,"(87, 98)",50.0,True,16.0,1.0
14,Greedy,V5,"(83, 86)",44.695113885676776,True,9.30488611432322,1.0
14,Greedy,V6,"(67, 87)",58.67420953556,True,6.325790464439997,1.0
14,Greedy,V7,"(80, 4)",72.49781409367678,True,8.502185906323216,1.0
14,Greedy,V8,"(2, 90)",61.421946180421195,True,16.578053819578805,1.0
14,Greedy,V9,"(59, 71)",48.482460485473744,True,2.5175395145262556,1.0
14,Greedy,V10,"(53, 15)",58.375801935328326,True,15.624198064671678,1.0
14,Auction,V1,"(27, 14)",40.52859547920897,True,8.471404520791033,1.0
14,Auction,V2,"(31, 51)",41.512362660721244,True,20.487637339278756,1.0
14,Auction,V3,"(88, 54)",52.78781694653735,True,7.2121830534626525,1.0
14,Auction,V4,"(96, 98)",50.0,True,16.0,1.0
14,Auction,V5,"(92, 43)",43.0170586817556,True,10.9829413182444,1.0
14,Auction,V6,"(81, 77)",55.84941868323934,True,9.150581316760658,1.0
14,Auction,V7,"(85, 28)",72.49781409367678,True,8.502185906323216,1.0
14,Auction,V8,"(21, 64)",61.421946180421195,True,16.578053819578805,1.0
14,Auction,V9,"(33, 89)",48.482460485473744,True,2.5175395145262556,1.0
14,Auction,V10,"(24, 31)",58.375801935328326,True,15.624198064671678,1.0
14,Q-Learning,V1,"(27, 14)",40.52859547920897,True,8.471404520791033,1.0
14,Q-Learning,V2,"(31, 51)",41.512362660721244,True,23.487637339278756,4.0
14,Q-Learning,V3,"(88, 54)",52.78781694653735,True,7.2121830534626525,1.0
14,Q-Learning,V4,"(96, 98)",50.0,True,16.0,1.0
14,Q-Learning,V5,"(81, 77)",44.695113885676776,True,10.30488611432322,2.0
14,Q-Learning,V6,"(7, 30)",42.65516433189971,True,27.344835668100288,6.0
14,Q-Learning,V7,"(85, 28)",72.49781409367678,True,8.502185906323216,1.0
14,Q-Learning,V8,"(21, 64)",61.421946180421195,True,17.578053819578805,2.0
14,Q-Learning,V9,"(33, 89)",48.482460485473744,True,6.517539514526256,5.0
14,Q-Learning,V10,"(24, 31)",58.375801935328326,True,17.624198064671678,3.0
15,Greedy,V1,"(26, 13)",40.52859547920897,True,7.471404520791033,1.0
15,Greedy,V2,"(57, 58)",41.512362660721244,True,19.487637339278756,1.0
15,Greedy,V3,"(82, 48)",52.78781694653735,True,6.2121830534626525,1.0
15,Greedy,V4,"(87, 98)",50.0,True,15.0,1.0
15,Greedy,V5,"(83, 86)",44.695113885676776,True,8.30488611432322,1.0
15,Greedy,V6,"(67, 87)",58.67420953556,True,5.325790464439997,1.0
15,Greedy,V7,"(80, 4)",72.49781409367678,True,7.502185906323216,1.0
15,Greedy,V8,"(2, 90)",61.421946180421195,True,15.578053819578805,1.0
15,Greedy,V9,"(59, 71)",48.482460485473744,True,1.5175395145262556,1.0
15,Greedy,V10,"(53, 15)",58.375801935328326,True,14.624198064671678,1.0
15,Auction,V1,"(27, 14)",40.52859547920897,True,7.471404520791033,1.0
15,Auction,V2,"(31, 51)",41.512362660721244,True,19.487637339278756,1.0
15,Auction,V3,"(88, 54)",52.78781694653735,True,6.2121830534626525,1.0
15,Auction,V4,"(96, 98)",50.0,True,15.0,1.0
15,Auction,V5,"(92, 43)",43.0170586817556,True,9.9829413182444,1.0
15,Auction,V6,"(81, 77)",55.84941868323934,True,8.150581316760658,1.0
15,Auction,V7,"(85, 28)",72.49781409367678,True,7.502185906323216,1.0
15,Auction,V8,"(21, 64)",61.421946180421195,True,15.578053819578805,1.0
15,Auction,V9,"(33, 89)",48.482460485473744,True,1.5175395145262556,1.0
15,Auction,V10,"(24, 31)",58.375801935328326,True,14.624198064671678,1.0
15,Q-Learning,V1,"(27, 14)",40.52859547920897,True,7.471404520791033,1.0
15,Q-Learning,V2,"(31, 51)",41.512362660721244,True,22.487637339278756,4.0
15,Q-Learning,V3,"(88, 54)",52.78781694653735,True,6.2121830534626525,1.0
15,Q-Learning,V4,"(96, 98)",50.0,True,15.0,1.0
15,Q-Learning,V5,"(81, 77)",44.695113885676776,True,9.30488611432322,2.0
15,Q-Learning,V6,"(7, 30)",42.65516433189971,True,26.344835668100288,6.0
15,Q-Learning,V7,"(85, 28)",72.49781409367678,True,7.502185906323216,1.0
15,Q-Learning,V8,"(21, 64)",61.421946180421195,True,16.578053819578805,2.0
15,Q-Learning,V9,"(33, 89)",48.482460485473744,True,5.517539514526256,5.0
15,Q-Learning,V10,"(24, 31)",58.375801935328326,True,16.624198064671678,3.0
16,Greedy,V1,"(26, 13)",40.52859547920897,True,6.471404520791033,1.0
16,Greedy,V2,"(57, 58)",41.512362660721244,True,18.487637339278756,1.0
16,Greedy,V3,"(82, 48)",52.78781694653735,True,5.2121830534626525,1.0
16,Greedy,V4,"(87, 98)",50.0,True,14.0,1.0
16,Greedy,V5,"(83, 86)",44.695113885676776,True,7.304886114323221,1.0
16,Greedy,V6,"(67, 87)",58.67420953556,True,4.325790464439997,1.0
16,Greedy,V7,"(80, 4)",72.49781409367678,True,6.502185906323216,1.0
16,Greedy,V8,"(2, 90)",61.421946180421195,True,14.578053819578805,1.0
16,Greedy,V9,"(59, 71)",48.482460485473744,True,0.5175395145262556,1.0
16,Greedy,V10,"(53, 15)",58.375801935328326,True,13.624198064671678,1.0
16,Auction,V1,"(27, 14)",40.52859547920897,True,6.471404520791033,1.0
16,Auction,V2,"(31, 51)",41.512362660721244,True,18.487637339278756,1.0
16,Auction,V3,"(88, 54)",52.78781694653735,True,5.2121830534626525,1.0
16,Auction,V4,"(96, 98)",50.0,True,14.0,1.0
16,Auction,V5,"(92, 43)",43.0170586817556,True,8.9829413182444,1.0
16,Auction,V6,"(81, 77)",55.84941868323934,True,7.150581316760658,1.0
16,Auction,V7,"(85, 28)",72.49781409367678,True,6.502185906323216,1.0
16,Auction,V8,"(21, 64)",61.421946180421195,True,14.578053819578805,1.0
16,Auction,V9,"(33, 89)",48.482460485473744,True,0.5175395145262556,1.0
16,Auction,V10,"(24, 31)",58.375801935328326,True,13.624198064671678,1.0
16,Q-Learning,V1,"(27, 14)",40.52859547920897,True,6.471404520791033,1.0
16,Q-Learning,V2,"(31, 51)",41.512362660721244,True,21.487637339278756,4.0
16,Q-Learning,V3,"(88, 54)",52.78781694653735,True,5.2121830534626525,1.0
16,Q-Learning,V4,"(96, 98)",50.0,True,14.0,1.0
16,Q-Learning,V5,"(81, 77)",44.695113885676776,True,8.30488611432322,2.0
16,Q-Learning,V6,"(7, 30)",42.65516433189971,True,25.344835668100288,6.0
16,Q-Learning,V7,"(85, 28)",72.49781409367678,True,6.502185906323216,1.0
16,Q-Learning,V8,"(21, 64)",61.421946180421195,True,15.578053819578805,2.0
16,Q-Learning,V9,"(33, 89)",48.482460485473744,True,4.517539514526256,5.0
16,Q-Learning,V10,"(24, 31)",58.375801935328326,True,15.624198064671678,3.0
17,Greedy,V1,"(26, 13)",40.52859547920897,True,5.471404520791033,1.0
17,Greedy,V2,"(57, 58)",41.512362660721244,True,17.487637339278756,1.0
17,Greedy,V3,"(82, 48)",52.78781694653735,True,4.2121830534626525,1.0
17,Greedy,V4,"(87, 98)",50.0,True,13.0,1.0
17,Greedy,V5,"(83, 86)",44.695113885676776,True,6.304886114323221,1.0
17,Greedy,V6,"(67, 87)",58.67420953556,True,3.325790464439997,1.0
17,Greedy,V7,"(80, 4)",72.49781409367678,True,5.502185906323216,1.0
17,Greedy,V8,"(2, 90)",61.421946180421195,True,13.578053819578805,1.0
17,Greedy,V9,"(59, 71)",48.482460485473744,True,0.0,1.0
17,Greedy,V10,"(53, 15)",58.375801935328326,True,12.624198064671678,1.0
17,Auction,V1,"(27, 14)",40.52859547920897,True,5.471404520791033,1.0
17,Auction,V2,"(31, 51)",41.512362660721244,True,17.487637339278756,1.0
17,Auction,V3,"(88, 54)",52.78781694653735,True,4.2121830534626525,1.0
17,Auction,V4,"(96, 98)",50.0,True,13.0,1.0
17,Auction,V5,"(92, 43)",43.0170586817556,True,7.9829413182444,1.0
17,Auction,V6,"(81, 77)",55.84941868323934,True,6.150581316760658,1.0
17,Auction,V7,"(85, 28)",72.49781409367678,True,5.502185906323216,1.0
17,Auction,V8,"(21, 64)",61.421946180421195,True,13.578053819578805,1.0
17,Auction,V9,"(33, 89)",48.482460485473744,True,0.0,1.0
17,Auction,V10,"(24, 31)",58.375801935328326,True,12.624198064671678,1.0
17,Q-Learning,V1,"(27, 14)",40.52859547920897,True,5.471404520791033,1.0
17,Q-Learning,V2,"(31, 51)",41.512362660721244,True,20.487637339278756,4.0
17,Q-Learning,V3,"(88, 54)",52.78781694653735,True,4.2121830534626525,1.0
17,Q-Learning,V4,"(96, 98)",50.0,True,13.0,1.0
17,Q-Learning,V5,"(81, 77)",44.695113885676776,True,7.304886114323221,2.0
17,Q-Learning,V6,"(7, 30)",42.65516433189971,True,24.344835668100288,6.0
17,Q-Learning,V7,"(85, 28)",72.49781409367678,True,5.502185906323216,1.0
17,Q-Learning,V8,"(21, 64)",61.421946180421195,True,14.578053819578805,2.0
17,Q-Learning,V9,"(33, 89)",48.482460485473744,True,3.5175395145262556,5.0
17,Q-Learning,V10,"(24, 31)",58.375801935328326,True,14.624198064671678,3.0
18,Greedy,V1,"(26, 13)",40.52859547920897,True,4.471404520791033,1.0
18,Greedy,V2,"(57, 58)",41.512362660721244,True,16.487637339278756,1.0
18,Greedy,V3,"(82, 48)",52.78781694653735,True,3.2121830534626525,1.0
18,Greedy,V4,"(87, 98)",50.0,True,12.0,1.0
18,Greedy,V5,"(83, 86)",44.695113885676776,True,5.304886114323221,1.0
18,Greedy,V6,"(67, 87)",58.67420953556,True,2.325790464439997,1.0
18,Greedy,V7,"(80, 4)",72.49781409367678,True,4.502185906323216,1.0
18,Greedy,V8,"(2, 90)",61.421946180421195,True,12.578053819578805,1.0
18,Greedy,V9,"(59, 71)",13.02255583910614,True,34.459904646367605,1.0
18,Greedy,V10,"(53, 15)",58.375801935328326,True,11.624198064671678,1.0
18,Auction,V1,"(27, 14)",40.52859547920897,True,4.471404520791033,1.0
18,Auction,V2,"(31, 51)",41.512362660721244,True,16.487637339278756,1.0
18,Auction,V3,"(88, 54)",52.78781694653735,True,3.2121830534626525,1.0
18,Auction,V4,"(96, 98)",50.0,True,12.0,1.0
18,Auction,V5,"(92, 43)",43.0170586817556,True,6.9829413182444,1.0
18,Auction,V6,"(81, 77)",55.84941868323934,True,5.150581316760658,1.0
18,Auction,V7,"(85, 28)",72.49781409367678,True,4.502185906323216,1.0
18,Auction,V8,"(21, 64)",61.421946180421195,True,12.578053819578805,1.0
18,Auction,V9,"(29, 48)",15.597509078603466,True,31.88495140687028,1.0
18,Auction,V10,"(24, 31)",58.375801935328326,True,11.624198064671678,1.0
18,Q-Learning,V1,"(27, 14)",40.52859547920897,True,4.471404520791033,1.0
18,Q-Learning,V2,"(31, 51)",41.512362660721244,True,19.487637339278756,4.0
18,Q-Learning,V3,"(88, 54)",52.78781694653735,True,3.2121830534626525,1.0
18,Q-Learning,V4,"(96, 98)",50.0,True,12.0,1.0
18,Q-Learning,V5,"(81, 77)",44.695113885676776,True,6.304886114323221,2.0
18,Q-Learning,V6,"(7, 30)",42.65516433189971,True,23.344835668100288,6.0
18,Q-Learning,V7,"(85, 28)",72.49781409367678,True,4.502185906323216,1.0
18,Q-Learning,V8,"(21, 64)",61.421946180421195,True,13.578053819578805,2.0
18,Q-Learning,V9,"(33, 89)",48.482460485473744,True,2.5175395145262556,5.0
18,Q-Learning,V10,"(24, 31)",58.375801935328326,True,13.624198064671678,3.0
19,Greedy,V1,"(26, 13)",40.52859547920897,True,3.471404520791033,1.0
19,Greedy,V2,"(57, 58)",41.512362660721244,True,15.487637339278756,1.0
19,Greedy,V3,"(82, 48)",52.78781694653735,True,2.2121830534626525,1.0
19,Greedy,V4,"(87, 98)",50.0,True,11.0,1.0
19,Greedy,V5,"(83, 86)",44.695113885676776,True,4.304886114323221,1.0
19,Greedy,V6,"(67, 87)",58.67420953556,True,1.3257904644399972,1.0
19,Greedy,V7,"(80, 4)",72.49781409367678,True,3.5021859063232164,1.0
19,Greedy,V8,"(2, 90)",61.421946180421195,True,11.578053819578805,1.0
19,Greedy,V9,"(59, 71)",13.02255583910614,True,33.459904646367605,1.0
19,Greedy,V10,"(53, 15)",58.375801935328326,True,10.624198064671678,1.0
19,Auction,V1,"(27, 14)",40.52859547920897,True,3.471404520791033,1.0
19,Auction,V2,"(31, 51)",41.512362660721244,True,15.487637339278756,1.0
19,Auction,V3,"(88, 54)",52.78781694653735,True,2.2121830534626525,1.0
19,Auction,V4,"(96, 98)",50.0,True,11.0,1.0
19,Auction,V5,"(92, 43)",43.0170586817556,True,5.9829413182444,1.0
19,Auction,V6,"(81, 77)",55.84941868323934,True,4.150581316760658,1.0
19,Auction,V7,"(85, 28)",72.49781409367678,True,3.5021859063232164,1.0
19,Auction,V8,"(21, 64)",61.421946180421195,True,11.578053819578805,1.0
19,Auction,V9,"(29, 48)",15.597509078603466,True,30.88495140687028,1.0
19,Auction,V10,"(24, 31)",58.375801935328326,True,10.624198064671678,1.0
19,Q-Learning,V1,"(27, 14)",40.52859547920897,True,3.471404520791033,1.0
19,Q-Learning,V2,"(31, 51)",41.512362660721244,True,18.487637339278756,4.0
19,Q-Learning,V3,"(88, 54)",52.78781694653735,True,2.2121830534626525,1.0
19,Q-Learning,V4,"(96, 98)",50.0,True,11.0,1.0
19,Q-Learning,V5,"(81, 77)",44.695113885676776,True,5.304886114323221,2.0
19,Q-Learning,V6,"(7, 30)",42.65516433189971,True,22.344835668100288,6.0
19,Q-Learning,V7,"(85, 28)",72.49781409367678,True,3.5021859063232164,1.0
19,Q-Learning,V8,"(21, 64)",61.421946180421195,True,12.578053819578805,2.0
19,Q-Learning,V9,"(33, 89)",48.482460485473744,True,1.5175395145262556,5.0
19,Q-Learning,V10,"(24, 31)",58.375801935328326,True,12.624198064671678,3.0
20,Greedy,V1,"(26, 13)",40.52859547920897,True,2.471404520791033,1.0
20,Greedy,V2,"(57, 58)",41.512362660721244,True,14.487637339278756,1.0
20,Greedy,V3,"(82, 48)",52.78781694653735,True,1.2121830534626525,1.0
20,Greedy,V4,"(87, 98)",50.0,True,10.0,1.0
20,Greedy,V5,"(83, 86)",44.695113885676776,True,3.304886114323221,1.0
20,Greedy,V6,"(67, 87)",58.67420953556,True,0.32579046443999715,1.0
20,Greedy,V7,"(80, 4)",72.49781409367678,True,2.5021859063232164,1.0
20,Greedy,V8,"(2, 90)",61.421946180421195,True,10.578053819578805,1.0
20,Greedy,V9,"(59, 71)",13.02255583910614,True,32.459904646367605,1.0
20,Greedy,V10,"(53, 15)",58.375801935328326,True,9.624198064671678,1.0
20,Auction,V1,"(27, 14)",40.52859547920897,True,2.471404520791033,1.0
20,Auction,V2,"(31, 51)",41.512362660721244,True,14.487637339278756,1.0
20,Auction,V3,"(88, 54)",52.78781694653735,True,1.2121830534626525,1.0
20,Auction,V4,"(96, 98)",50.0,True,10.0,1.0
20,Auction,V5,"(92, 43)",43.0170586817556,True,4.9829413182444,1.0
20,Auction,V6,"(81, 77)",55.84941868323934,True,3.1505813167606576,1.0
20,Auction,V7,"(85, 28)",72.49781409367678,True,2.5021859063232164,1.0
20,Auction,V8,"(21, 64)",61.421946180421195,True,10.578053819578805,1.0
20,Auction,V9,"(29, 48)",15.597509078603466,True,29.88495140687028,1.0
20,Auction,V10,"(24, 31)",58.375801935328326,True,9.624198064671678,1.0
20,Q-Learning,V1,"(27, 14)",40.52859547920897,True,2.471404520791033,1.0
20,Q-Learning,V2,"(31, 51)",41.512362660721244,True,17.487637339278756,4.0
20,Q-Learning,V3,"(88, 54)",52.78781694653735,True,1.2121830534626525,1.0
20,Q-Learning,V4,"(96, 98)",50.0,True,10.0,1.0
20,Q-Learning,V5,"(81, 77)",44.695113885676776,True,4.304886114323221,2.0
20,Q-Learning,V6,"(7, 30)",42.65516433189971,True,21.344835668100288,6.0
20,Q-Learning,V7,"(85, 28)",72.49781409367678,True,2.5021859063232164,1.0
20,Q-Learning,V8,"(21, 64)",61.421946180421195,True,11.578053819578805,2.0
20,Q-Learning,V9,"(33, 89)",48.482460485473744,True,0.5175395145262556,5.0
20,Q-Learning,V10,"(24, 31)",58.375801935328326,True,11.624198064671678,3.0
21,Greedy,V1,"(26, 13)",40.52859547920897,True,1.4714045207910331,1.0
21,Greedy,V2,"(57, 58)",41.512362660721244,True,13.487637339278756,1.0
21,Greedy,V3,"(82, 48)",52.78781694653735,True,0.21218305346265254,1.0
21,Greedy,V4,"(87, 98)",50.0,True,9.0,1.0
21,Greedy,V5,"(83, 86)",44.695113885676776,True,2.304886114323221,1.0
21,Greedy,V6,"(67, 87)",58.67420953556,True,0.0,1.0
21,Greedy,V7,"(80, 4)",72.49781409367678,True,1.5021859063232164,1.0
21,Greedy,V8,"(2, 90)",61.421946180421195,True,9.578053819578805,1.0
21,Greedy,V9,"(59, 71)",13.02255583910614,True,31.459904646367605,1.0
21,Greedy,V10,"(53, 15)",58.375801935328326,True,8.624198064671678,1.0
21,Auction,V1,"(27, 14)",40.52859547920897,True,1.4714045207910331,1.0
21,Auction,V2,"(31, 51)",41.512362660721244,True,13.487637339278756,1.0
21,Auction,V3,"(88, 54)",52.78781694653735,True,0.21218305346265254,1.0
21,Auction,V4,"(96, 98)",50.0,True,9.0,1.0
21,Auction,V5,"(92, 43)",43.0170586817556,True,3.9829413182444,1.0
21,Auction,V6,"(81, 77)",55.84941868323934,True,2.1505813167606576,1.0
21,Auction,V7,"(85, 28)",72.49781409367678,True,1.5021859063232164,1.0
21,Auction,V8,"(21, 64)",61.421946180421195,True,9.578053819578805,1.0
21,Auction,V9,"(29, 48)",15.597509078603466,True,28.88495140687028,1.0
21,Auction,V10,"(24, 31)",58.375801935328326,True,8.624198064671678,1.0
21,Q-Learning,V1,"(27, 14)",40.52859547920897,True,1.4714045207910331,1.0
21,Q-Learning,V2,"(31, 51)",41.512362660721244,True,16.487637339278756,4.0
21,Q-Learning,V3,"(88, 54)",52.78781694653735,True,0.21218305346265254,1.0
21,Q-Learning,V4,"(96, 98)",50.0,True,9.0,1.0
21,Q-Learning,V5,"(81, 77)",44.695113885676776,True,3.304886114323221,2.0
21,Q-Learning,V6,"(7, 30)",42.65516433189971,True,20.344835668100288,6.0
21,Q-Learning,V7,"(85, 28)",72.49781409367678,True,1.5021859063232164,1.0
21,Q-Learning,V8,"(21, 64)",61.421946180421195,True,10.578053819578805,2.0
21,Q-Learning,V9,"(33, 89)",48.482460485473744,True,0.0,5.0
21,Q-Learning,V10,"(24, 31)",58.375801935328326,True,10.624198064671678,3.0
22,Greedy,V1,"(26, 13)",40.52859547920897,True,0.4714045207910331,1.0
22,Greedy,V2,"(57, 58)",41.512362660721244,True,12.487637339278756,1.0
22,Greedy,V3,"(82, 48)",52.78781694653735,True,0.0,1.0
22,Greedy,V4,"(87, 98)",50.0,True,8.0,1.0
22,Greedy,V5,"(83, 86)",44.695113885676776,True,1.3048861143232209,1.0
22,Greedy,V6,"(67, 87)",22.174209535560003,True,35.5,1.0
22,Greedy,V7,"(80, 4)",72.49781409367678,True,0.5021859063232164,1.0
22,Greedy,V8,"(2, 90)",61.421946180421195,True,8.578053819578805,1.0
22,Greedy,V9,"(59, 71)",13.02255583910614,True,30.459904646367605,1.0
22,Greedy,V10,"(53, 15)",58.375801935328326,True,7.624198064671678,1.0
22,Auction,V1,"(27, 14)",40.52859547920897,True,0.4714045207910331,1.0
22,Auction,V2,"(31, 51)",41.512362660721244,True,12.487637339278756,1.0
22,Auction,V3,"(88, 54)",52.78781694653735,True,0.0,1.0
22,Auction,V4,"(96, 98)",50.0,True,8.0,1.0
22,Auction,V5,"(92, 43)",43.0170586817556,True,2.9829413182444,1.0
22,Auction,V6,"(81, 77)",55.84941868323934,True,1.1505813167606576,1.0
22,Auction,V7,"(85, 28)",72.49781409367678,True,0.5021859063232164,1.0
22,Auction,V8,"(21, 64)",61.421946180421195,True,8.578053819578805,1.0
22,Auction,V9,"(29, 48)",15.597509078603466,True,27.88495140687028,1.0
22,Auction,V10,"(24, 31)",58.375801935328326,True,7.624198064671678,1.0
22,Q-Learning,V1,"(27, 14)",40.52859547920897,True,0.4714045207910331,1.0
22,Q-Learning,V2,"(31, 51)",41.512362660721244,True,15.487637339278756,4.0
22,Q-Learning,V3,"(88, 54)",52.78781694653735,True,0.0,1.0
22,Q-Learning,V4,"(96, 98)",50.0,True,8.0,1.0
22,Q-Learning,V5,"(81, 77)",44.695113885676776,True,2.304886114323221,2.0
22,Q-Learning,V6,"(7, 30)",42.65516433189971,True,19.344835668100288,6.0
22,Q-Learning,V7,"(85, 28)",72.49781409367678,True,0.5021859063232164,1.0
22,Q-Learning,V8,"(21, 64)",61.421946180421195,True,9.578053819578805,2.0
22,Q-Learning,V9,"(92, 43)",23.794874705891978,True,23.687585779581767,5.0
22,Q-Learning,V10,"(24, 31)",58.375801935328326,True,9.624198064671678,3.0
23,Greedy,V1,"(26, 13)",40.52859547920897,True,0.0,1.0
23,Greedy,V2,"(57, 58)",41.512362660721244,True,11.487637339278756,1.0
23,Greedy,V3,"(82, 48)",18.216388375108778,True,33.57142857142857,1.0
23,Greedy,V4,"(87, 98)",50.0,True,7.0,1.0
23,Greedy,V5,"(83, 86)",44.695113885676776,True,0.3048861143232209,1.0
23,Greedy,V6,"(67, 87)",22.174209535560003,True,34.5,1.0
23,Greedy,V7,"(80, 4)",72.49781409367678,True,0.0,1.0
23,Greedy,V8,"(2, 90)",61.421946180421195,True,7.578053819578805,1.0
23,Greedy,V9,"(59, 71)",13.02255583910614,True,29.459904646367605,1.0
23,Greedy,V10,"(53, 15)",58.375801935328326,True,6.624198064671678,1.0
23,Auction,V1,"(27, 14)",40.52859547920897,True,0.0,1.0
23,Auction,V2,"(31, 51)",41.512362660721244,True,11.487637339278756,1.0
23,Auction,V3,"(83, 52)",23.018507688375276,True,28.76930925816207,1.0
23,Auction,V4,"(96, 98)",50.0,True,7.0,1.0
23,Auction,V5,"(92, 43)",43.0170586817556,True,1.9829413182444,1.0
23,Auction,V6,"(81, 77)",55.84941868323934,True,0.15058131676065756,1.0
23,Auction,V7,"(85, 28)",72.49781409367678,True,0.0,1.0
23,Auction,V8,"(21, 64)",61.421946180421195,True,7.578053819578805,1.0
23,Auction,V9,"(29, 48)",15.597509078603466,True,26.88495140687028,1.0
23,Auction,V10,"(24, 31)",58.375801935328326,True,6.624198064671678,1.0
23,Q-Learning,V1,"(27, 14)",40.52859547920897,True,0.0,1.0
23,Q-Learning,V2,"(31, 51)",41.512362660721244,True,14.487637339278756,4.0
23,Q-Learning,V3,"(83, 52)",23.018507688375276,True,28.76930925816207,1.0
23,Q-Learning,V4,"(96, 98)",50.0,True,7.0,1.0
23,Q-Learning,V5,"(81, 77)",44.695113885676776,True,1.3048861143232209,2.0
23,Q-Learning,V6,"(7, 30)",42.65516433189971,True,18.344835668100288,6.0
23,Q-Learning,V7,"(85, 28)",72.49781409367678,True,0.0,1.0
23,Q-Learning,V8,"(21, 64)",61.421946180421195,True,8.578053819578805,2.0
23,Q-Learning,V9,"(92, 43)",23.794874705891978,True,22.687585779581767,5.0
23,Q-Learning,V10,"(24, 31)",58.375801935328326,True,8.624198064671678,3.0
24,Greedy,V1,"(26, 13)",15.912822373345058,True,23.61577310586391,1.0
24,Greedy,V2,"(57, 58)",41.512362660721244,True,10.487637339278756,1.0
24,Greedy,V3,"(82, 48)",18.216388375108778,True,32.57142857142857,1.0
24,Greedy,V4,"(87, 98)",50.0,True,6.0,1.0
24,Greedy,V5,"(83, 86)",44.695113885676776,True,0.0,1.0
24,Greedy,V6,"(67, 87)",22.174209535560003,True,33.5,1.0
24,Greedy,V7,"(80, 4)",50.394517190833845,True,21.103296902842935,1.0
24,Greedy,V8,"(2, 90)",61.421946180421195,True,6.578053819578805,1.0
24,Greedy,V9,"(59, 71)",13.02255583910614,True,28.459904646367605,1.0
24,Greedy,V10,"(53, 15)",58.375801935328326,True,5.624198064671678,1.0
24,Auction,V1,"(7, 30)",5.9910964959651665,True,33.5374989832438,1.0
24,Auction,V2,"(31, 51)",41.512362660721244,True,10.487637339278756,1.0
24,Auction,V3,"(83, 52)",23.018507688375276,True,27.76930925816207,1.0
24,Auction,V4,"(96, 98)",50.0,True,6.0,1.0
24,Auction,V5,"(92, 43)",43.0170586817556,True,0.9829413182444,1.0
24,Auction,V6,"(81, 77)",55.84941868323934,True,0.0,1.0
24,Auction,V7,"(80, 1)",38.57509117432078,True,32.922722919356,1.0
24,Auction,V8,"(21, 64)",61.421946180421195,True,6.578053819578805,1.0
24,Auction,V9,"(29, 48)",15.597509078603466,True,25.88495140687028,1.0
24,Auction,V10,"(24, 31)",58.375801935328326,True,5.624198064671678,1.0
24,Q-Learning,V1,"(17, 34)",16.075035554209666,True,23.4535599249993,1.0
24,Q-Learning,V2,"(31, 51)",41.512362660721244,True,13.487637339278756,4.0
24,Q-Learning,V3,"(83, 52)",23.018507688375276,True,27.76930925816207,1.0
24,Q-Learning,V4,"(96, 98)",50.0,True,6.0,1.0
24,Q-Learning,V5,"(81, 77)",44.695113885676776,True,0.3048861143232209,2.0
24,Q-Learning,V6,"(7, 30)",42.65516433189971,True,17.344835668100288,6.0
24,Q-Learning,V7,"(80, 1)",38.57509117432078,True,32.922722919356,1.0
24,Q-Learning,V8,"(21, 64)",61.421946180421195,True,7.578053819578805,2.0
24,Q-Learning,V9,"(92, 43)",23.794874705891978,True,21.687585779581767,5.0
24,Q-Learning,V10,"(24, 31)",58.375801935328326,True,7.624198064671678,3.0
25,Greedy,V1,"(26, 13)",15.912822373345058,True,22.61577310586391,1.0
25,Greedy,V2,"(57, 58)",41.512362660721244,True,9.487637339278756,1.0
25,Greedy,V3,"(82, 48)",18.216388375108778,True,31.57142857142857,1.0
25,Greedy,V4,"(87, 98)",50.0,True,5.0,1.0
25,Greedy,V5,"(83, 86)",28.89233824794478,True,14.802775637731994,1.0
25,Greedy,V6,"(67, 87)",22.174209535560003,True,32.5,1.0
25,Greedy,V7,"(80, 4)",50.394517190833845,True,20.103296902842935,1.0
25,Greedy,V8,"(2, 90)",61.421946180421195,True,5.578053819578805,1.0
25,Greedy,V9,"(59, 71)",13.02255583910614,True,27.459904646367605,1.0
25,Greedy,V10,"(53, 15)",58.375801935328326,True,4.624198064671678,1.0
25,Auction,V1,"(7, 30)",5.9910964959651665,True,32.5374989832438,1.0
25,Auction,V2,"(31, 51)",41.512362660721244,True,9.487637339278756,1.0
25,Auction,V3,"(83, 52)",23.018507688375276,True,26.76930925816207,1.0
25,Auction,V4,"(96, 98)",50.0,True,5.0,1.0
25,Auction,V5,"(92, 43)",43.0170586817556,True,0.0,1.0
25,Auction,V6,"(63, 87)",43.27551114799259,True,11.57390753524675,1.0
25,Auction,V7,"(80, 1)",38.57509117432078,True,31.922722919355998,1.0
25,Auction,V8,"(21, 64)",61.421946180421195,True,5.578053819578805,1.0
25,Auction,V9,"(29, 48)",15.597509078603466,True,24.88495140687028,1.0
25,Auction,V10,"(24, 31)",58.375801935328326,True,4.624198064671678,1.0
25,Q-Learning,V1,"(17, 34)",16.075035554209666,True,22.4535599249993,1.0
25,Q-Learning,V2,"(31, 51)",41.512362660721244,True,12.487637339278756,4.0
25,Q-Learning,V3,"(83, 52)",23.018507688375276,True,26.76930925816207,1.0
25,Q-Learning,V4,"(96, 98)",50.0,True,5.0,1.0
25,Q-Learning,V5,"(81, 77)",44.695113885676776,True,0.0,2.0
25,Q-Learning,V6,"(7, 30)",42.65516433189971,True,16.344835668100288,6.0
25,Q-Learning,V7,"(80, 1)",38.57509117432078,True,31.922722919355998,1.0
25,Q-Learning,V8,"(21, 64)",61.421946180421195,True,6.578053819578805,2.0
25,Q-Learning,V9,"(92, 43)",23.794874705891978,True,20.687585779581767,5.0
25,Q-Learning,V10,"(24, 31)",58.375801935328326,True,6.624198064671678,3.0
26,Greedy,V1,"(26, 13)",15.912822373345058,True,21.61577310586391,1.0
26,Greedy,V2,"(57, 58)",41.512362660721244,True,8.487637339278756,1.0
26,Greedy,V3,"(82, 48)",18.216388375108778,True,30.57142857142857,1.0
26,Greedy,V4,"(87, 98)",50.0,True,4.0,1.0
26,Greedy,V5,"(83, 86)",28.89233824794478,True,13.802775637731994,1.0
26,Greedy,V6,"(67, 87)",22.174209535560003,True,31.5,1.0
26,Greedy,V7,"(80, 4)",50.394517190833845,True,19.103296902842935,1.0
26,Greedy,V8,"(2, 90)",61.421946180421195,True,4.578053819578805,1.0
26,Greedy,V9,"(59, 71)",13.02255583910614,True,26.459904646367605,1.0
26,Greedy,V10,"(53, 15)",58.375801935328326,True,3.6241980646716776,1.0
26,Auction,V1,"(7, 30)",5.9910964959651665,True,31.5374989832438,1.0
26,Auction,V2,"(31, 51)",41.512362660721244,True,8.487637339278756,1.0
26,Auction,V3,"(83, 52)",23.018507688375276,True,25.76930925816207,1.0
26,Auction,V4,"(96, 98)",50.0,True,4.0,1.0
26,Auction,V5,"(17, 34)",7.132541213734342,True,34.88451746802126,1.0
26,Auction,V6,"(63, 87)",43.27551114799259,True,10.57390753524675,1.0
26,Auction,V7,"(80, 1)",38.57509117432078,True,30.922722919355998,1.0
26,Auction,V8,"(21, 64)",61.421946180421195,True,4.578053819578805,1.0
26,Auction,V9,"(29, 48)",15.597509078603466,True,23.88495140687028,1.0
26,Auction,V10,"(24, 31)",58.375801935328326,True,3.6241980646716776,1.0
26,Q-Learning,V1,"(17, 34)",16.075035554209666,True,21.4535599249993,1.0
26,Q-Learning,V2,"(31, 51)",41.512362660721244,True,11.487637339278756,4.0
26,Q-Learning,V3,"(83, 52)",23.018507688375276,True,25.76930925816207,1.0
26,Q-Learning,V4,"(96, 98)",50.0,True,4.0,1.0
26,Q-Learning,V5,"(29, 48)",2.810138239072579,True,40.8849756466042,2.0
26,Q-Learning,V6,"(7, 30)",42.65516433189971,True,15.344835668100288,6.0
26,Q-Learning,V7,"(80, 1)",38.57509117432078,True,30.922722919355998,1.0
26,Q-Learning,V8,"(21, 64)",61.421946180421195,True,5.578053819578805,2.0
26,Q-Learning,V9,"(92, 43)",23.794874705891978,True,19.687585779581767,5.0
26,Q-Learning,V10,"(24, 31)",58.375801935328326,True,5.624198064671678,3.0
27,Greedy,V1,"(26, 13)",15.912822373345058,True,20.61577310586391,1.0
27,Greedy,V2,"(57, 58)",41.512362660721244,True,7.487637339278756,1.0
27,Greedy,V3,"(82, 48)",18.216388375108778,True,29.57142857142857,1.0
27,Greedy,V4,"(87, 98)",50.0,True,3.0,1.0
27,Greedy,V5,"(83, 86)",28.89233824794478,True,12.802775637731994,1.0
27,Greedy,V6,"(67, 87)",22.174209535560003,True,30.5,1.0
27,Greedy,V7,"(80, 4)",50.394517190833845,True,18.103296902842935,1.0
27,Greedy,V8,"(2, 90)",61.421946180421195,True,3.5780538195788054,1.0
27,Greedy,V9,"(59, 71)",13.02255583910614,True,25.459904646367605,1.0
27,Greedy,V10,"(53, 15)",58.375801935328326,True,2.6241980646716776,1.0
27,Auction,V1,"(7, 30)",5.9910964959651665,True,30.5374989832438,1.0
27,Auction,V2,"(31, 51)",41.512362660721244,True,7.487637339278756,1.0
27,Auction,V3,"(83, 52)",23.018507688375276,True,24.76930925816207,1.0
27,Auction,V4,"(96, 98)",50.0,True,3.0,1.0
27,Auction,V5,"(17, 34)",7.132541213734342,True,33.88451746802126,1.0
27,Auction,V6,"(63, 87)",43.27551114799259,True,9.57390753524675,1.0
27,Auction,V7,"(80, 1)",38.57509117432078,True,29.922722919355998,1.0
27,Auction,V8,"(21, 64)",61.421946180421195,True,3.5780538195788054,1.0
27,Auction,V9,"(29, 48)",15.597509078603466,True,22.88495140687028,1.0
27,Auction,V10,"(24, 31)",58.375801935328326,True,2.6241980646716776,1.0
27,Q-Learning,V1,"(17, 34)",16.075035554209666,True,20.4535599249993,1.0
27,Q-Learning,V2,"(31, 51)",41.512362660721244,True,10.487637339278756,4.0
27,Q-Learning,V3,"(83, 52)",23.018507688375276,True,24.76930925816207,1.0
27,Q-Learning,V4,"(96, 98)",50.0,True,3.0,1.0
27,Q-Learning,V5,"(29, 48)",2.810138239072579,True,39.8849756466042,2.0
27,Q-Learning,V6,"(7, 30)",42.65516433189971,True,14.344835668100288,6.0
27,Q-Learning,V7,"(80, 1)",38.57509117432078,True,29.922722919355998,1.0
27,Q-Learning,V8,"(21, 64)",61.421946180421195,True,4.578053819578805,2.0
27,Q-Learning,V9,"(92, 43)",23.794874705891978,True,18.687585779581767,5.0
27,Q-Learning,V10,"(24, 31)",58.375801935328326,True,4.624198064671678,3.0
28,Greedy,V1,"(26, 13)",15.912822373345058,True,19.61577310586391,1.0
28,Greedy,V2,"(57, 58)",41.512362660721244,True,6.487637339278756,1.0
28,Greedy,V3,"(82, 48)",18.216388375108778,True,28.57142857142857,1.0
28,Greedy,V4,"(87, 98)",50.0,True,2.0,1.0
28,Greedy,V5,"(83, 86)",28.89233824794478,True,11.802775637731994,1.0
28,Greedy,V6,"(67, 87)",22.174209535560003,True,29.5,1.0
28,Greedy,V7,"(80, 4)",50.394517190833845,True,17.103296902842935,1.0
28,Greedy,V8,"(2, 90)",61.421946180421195,True,2.5780538195788054,1.0
28,Greedy,V9,"(59, 71)",13.02255583910614,True,24.459904646367605,1.0
28,Greedy,V10,"(53, 15)",58.375801935328326,True,1.6241980646716776,1.0
28,Auction,V1,"(7, 30)",5.9910964959651665,True,29.5374989832438,1.0
28,Auction,V2,"(31, 51)",41.512362660721244,True,6.487637339278756,1.0
28,Auction,V3,"(83, 52)",23.018507688375276,True,23.76930925816207,1.0
28,Auction,V4,"(96, 98)",50.0,True,2.0,1.0
28,Auction,V5,"(17, 34)",7.132541213734342,True,32.88451746802126,1.0
28,Auction,V6,"(63, 87)",43.27551114799259,True,8.57390753524675,1.0
28,Auction,V7,"(80, 1)",38.57509117432078,True,28.922722919355998,1.0
28,Auction,V8,"(21, 64)",61.421946180421195,True,2.5780538195788054,1.0
28,Auction,V9,"(29, 48)",15.597509078603466,True,21.88495140687028,1.0
28,Auction,V10,"(24, 31)",58.375801935328326,True,1.6241980646716776,1.0
28,Q-Learning,V1,"(17, 34)",16.075035554209666,True,19.4535599249993,1.0
28,Q-Learning,V2,"(31, 51)",41.512362660721244,True,9.487637339278756,4.0
28,Q-Learning,V3,"(83, 52)",23.018507688375276,True,23.76930925816207,1.0
28,Q-Learning,V4,"(96, 98)",50.0,True,2.0,1.0
28,Q-Learning,V5,"(29, 48)",2.810138239072579,True,38.8849756466042,2.0
28,Q-Learning,V6,"(7, 30)",42.65516433189971,True,13.344835668100288,6.0
28,Q-Learning,V7,"(80, 1)",38.57509117432078,True,28.922722919355998,1.0
28,Q-Learning,V8,"(21, 64)",61.421946180421195,True,3.5780538195788054,2.0
28,Q-Learning,V9,"(92, 43)",23.794874705891978,True,17.687585779581767,5.0
28,Q-Learning,V10,"(24, 31)",58.375801935328326,True,3.6241980646716776,3.0
29,Greedy,V1,"(26, 13)",15.912822373345058,True,18.61577310586391,1.0
29,Greedy,V2,"(57, 58)",41.512362660721244,True,5.487637339278756,1.0
29,Greedy,V3,"(82, 48)",18.216388375108778,True,27.57142857142857,1.0
29,Greedy,V4,"(87, 98)",50.0,True,1.0,1.0
29,Greedy,V5,"(83, 86)",28.89233824794478,True,10.802775637731994,1.0
29,Greedy,V6,"(67, 87)",22.174209535560003,True,28.5,1.0
29,Greedy,V7,"(80, 4)",50.394517190833845,True,16.103296902842935,1.0
29,Greedy,V8,"(2, 90)",61.421946180421195,True,1.5780538195788054,1.0
29,Greedy,V9,"(59, 71)",13.02255583910614,True,23.459904646367605,1.0
29,Greedy,V10,"(53, 15)",58.375801935328326,True,0.6241980646716776,1.0
29,Auction,V1,"(7, 30)",5.9910964959651665,True,28.5374989832438,1.0
29,Auction,V2,"(31, 51)",41.512362660721244,True,5.487637339278756,1.0
29,Auction,V3,"(83, 52)",23.018507688375276,True,22.76930925816207,1.0
29,Auction,V4,"(96, 98)",50.0,True,1.0,1.0
29,Auction,V5,"(17, 34)",7.132541213734342,True,31.884517468021258,1.0
29,Auction,V6,"(63, 87)",43.27551114799259,True,7.57390753524675,1.0
29,Auction,V7,"(80, 1)",38.57509117432078,True,27.922722919355998,1.0
29,Auction,V8,"(21, 64)",61.421946180421195,True,1.5780538195788054,1.0
29,Auction,V9,"(29, 48)",15.597509078603466,True,20.88495140687028,1.0
29,Auction,V10,"(24, 31)",58.375801935328326,True,0.6241980646716776,1.0
29,Q-Learning,V1,"(17, 34)",16.075035554209666,True,18.4535599249993,1.0
29,Q-Learning,V2,"(31, 51)",41.512362660721244,True,8.487637339278756,4.0
29,Q-Learning,V3,"(83, 52)",23.018507688375276,True,22.76930925816207,1.0
29,Q-Learning,V4,"(96, 98)",50.0,True,1.0,1.0
29,Q-Learning,V5,"(29, 48)",2.810138239072579,True,37.8849756466042,2.0
29,Q-Learning,V6,"(7, 30)",42.65516433189971,True,12.344835668100288,6.0
29,Q-Learning,V7,"(80, 1)",38.57509117432078,True,27.922722919355998,1.0
29,Q-Learning,V8,"(21, 64)",61.421946180421195,True,2.5780538195788054,2.0
29,Q-Learning,V9,"(92, 43)",23.794874705891978,True,16.687585779581767,5.0
29,Q-Learning,V10,"(24, 31)",58.375801935328326,True,2.6241980646716776,3.0
30,Greedy,V1,"(26, 13)",15.912822373345058,True,17.61577310586391,1.0
30,Greedy,V2,"(57, 58)",41.512362660721244,True,4.487637339278756,1.0
30,Greedy,V3,"(82, 48)",18.216388375108778,True,26.57142857142857,1.0
30,Greedy,V4,"(87, 98)",50.0,True,0.0,1.0
30,Greedy,V5,"(83, 86)",28.89233824794478,True,9.802775637731994,1.0
30,Greedy,V6,"(67, 87)",22.174209535560003,True,27.5,1.0
30,Greedy,V7,"(80, 4)",50.394517190833845,True,15.103296902842935,1.0
30,Greedy,V8,"(2, 90)",61.421946180421195,True,0.5780538195788054,1.0
30,Greedy,V9,"(59, 71)",13.02255583910614,True,22.459904646367605,1.0
30,Greedy,V10,"(53, 15)",58.375801935328326,True,0.0,1.0
30,Auction,V1,"(7, 30)",5.9910964959651665,True,27.5374989832438,1.0
30,Auction,V2,"(31, 51)",41.512362660721244,True,4.487637339278756,1.0
30,Auction,V3,"(83, 52)",23.018507688375276,True,21.76930925816207,1.0
30,Auction,V4,"(96, 98)",50.0,True,0.0,1.0
30,Auction,V5,"(17, 34)",7.132541213734342,True,30.884517468021258,1.0
30,Auction,V6,"(63, 87)",43.27551114799259,True,6.57390753524675,1.0
30,Auction,V7,"(80, 1)",38.57509117432078,True,26.922722919355998,1.0
30,Auction,V8,"(21, 64)",61.421946180421195,True,0.5780538195788054,1.0
30,Auction,V9,"(29, 48)",15.597509078603466,True,19.88495140687028,1.0
30,Auction,V10,"(24, 31)",58.375801935328326,True,0.0,1.0
30,Q-Learning,V1,"(17, 34)",16.075035554209666,True,17.4535599249993,1.0
30,Q-Learning,V2,"(31, 51)",41.512362660721244,True,7.487637339278756,4.0
30,Q-Learning,V3,"(83, 52)",23.018507688375276,True,21.76930925816207,1.0
30,Q-Learning,V4,"(96, 98)",50.0,True,0.0,1.0
30,Q-Learning,V5,"(29, 48)",2.810138239072579,True,36.8849756466042,2.0
30,Q-Learning,V6,"(7, 30)",42.65516433189971,True,11.344835668100288,6.0
30,Q-Learning,V7,"(80, 1)",38.57509117432078,True,26.922722919355998,1.0
30,Q-Learning,V8,"(21, 64)",61.421946180421195,True,1.5780538195788054,2.0
30,Q-Learning,V9,"(92, 43)",23.794874705891978,True,15.687585779581767,5.0
30,Q-Learning,V10,"(24, 31)",58.375801935328326,True,1.6241980646716776,3.0
31,Greedy,V1,"(26, 13)",15.912822373345058,True,16.61577310586391,1.0
31,Greedy,V2,"(57, 58)",41.512362660721244,True,3.4876373392787556,1.0
31,Greedy,V3,"(82, 48)",18.216388375108778,True,25.57142857142857,1.0
31,Greedy,V4,"(87, 98)",30.875397512606536,True,18.124602487393464,1.0
31,Greedy,V5,"(83, 86)",28.89233824794478,True,8.802775637731994,1.0
31,Greedy,V6,"(67, 87)",22.174209535560003,True,26.5,1.0
31,Greedy,V7,"(80, 4)",50.394517190833845,True,14.103296902842935,1.0
31,Greedy,V8,"(2, 90)",61.421946180421195,True,0.0,1.0
31,Greedy,V9,"(59, 71)",13.02255583910614,True,21.459904646367605,1.0
31,Greedy,V10,"(53, 15)",22.293039405030108,True,35.08276253029822,1.0
31,Auction,V1,"(7, 30)",5.9910964959651665,True,26.5374989832438,1.0
31,Auction,V2,"(31, 51)",41.512362660721244,True,3.4876373392787556,1.0
31,Auction,V3,"(83, 52)",23.018507688375276,True,20.76930925816207,1.0
31,Auction,V4,"(87, 92)",34.79814957484534,True,14.201850425154664,1.0
31,Auction,V5,"(17, 34)",7.132541213734342,True,29.884517468021258,1.0
31,Auction,V6,"(63, 87)",43.27551114799259,True,5.57390753524675,1.0
31,Auction,V7,"(80, 1)",38.57509117432078,True,25.922722919355998,1.0
31,Auction,V8,"(21, 64)",61.421946180421195,True,0.0,1.0
31,Auction,V9,"(29, 48)",15.597509078603466,True,18.88495140687028,1.0
31,Auction,V10,"(7, 55)",24.493625467387233,True,32.88217646794109,1.0
31,Q-Learning,V1,"(17, 34)",16.075035554209666,True,16.4535599249993,1.0
31,Q-Learning,V2,"(31, 51)",41.512362660721244,True,6.487637339278756,4.0
31,Q-Learning,V3,"(83, 52)",23.018507688375276,True,20.76930925816207,1.0
31,Q-Learning,V4,"(87, 92)",34.79814957484534,True,14.201850425154664,1.0
31,Q-Learning,V5,"(29, 48)",2.810138239072579,True,35.8849756466042,2.0
31,Q-Learning,V6,"(7, 30)",42.65516433189971,True,10.344835668100288,6.0
31,Q-Learning,V7,"(80, 1)",38.57509117432078,True,25.922722919355998,1.0
31,Q-Learning,V8,"(21, 64)",61.421946180421195,True,0.5780538195788054,2.0
31,Q-Learning,V9,"(92, 43)",23.794874705891978,True,14.687585779581767,5.0
31,Q-Learning,V10,"(24, 31)",58.375801935328326,True,0.6241980646716776,3.0
32,Greedy,V1,"(26, 13)",15.912822373345058,True,15.615773105863909,1.0
32,Greedy,V2,"(57, 58)",41.512362660721244,True,2.4876373392787556,1.0
32,Greedy,V3,"(82, 48)",18.216388375108778,True,24.57142857142857,1.0
32,Greedy,V4,"(87, 98)",30.875397512606536,True,17.124602487393464,1.0
32,Greedy,V5,"(83, 86)",28.89233824794478,True,7.802775637731994,1.0
32,Greedy,V6,"(67, 87)",22.174209535560003,True,25.5,1.0
32,Greedy,V7,"(80, 4)",50.394517190833845,True,13.103296902842935,1.0
32,Greedy,V8,"(2, 90)",33.08596884246246,True,27.335977337958738,1.0
32,Greedy,V9,"(59, 71)",13.02255583910614,True,20.459904646367605,1.0
32,Greedy,V10,"(53, 15)",22.293039405030108,True,34.08276253029822,1.0
32,Auction,V1,"(7, 30)",5.9910964959651665,True,25.5374989832438,1.0
32,Auction,V2,"(31, 51)",41.512362660721244,True,2.4876373392787556,1.0
32,Auction,V3,"(83, 52)",23.018507688375276,True,19.76930925816207,1.0
32,Auction,V4,"(87, 92)",34.79814957484534,True,13.201850425154664,1.0
32,Auction,V5,"(17, 34)",7.132541213734342,True,28.884517468021258,1.0
32,Auction,V6,"(63, 87)",43.27551114799259,True,4.57390753524675,1.0
32,Auction,V7,"(80, 1)",38.57509117432078,True,24.922722919355998,1.0
32,Auction,V8,"(23, 89)",32.635293690646876,True,27.786652489774323,1.0
32,Auction,V9,"(29, 48)",15.597509078603466,True,17.88495140687028,1.0
32,Auction,V10,"(7, 55)",24.493625467387233,True,31.882176467941093,1.0
32,Q-Learning,V1,"(17, 34)",16.075035554209666,True,15.4535599249993,1.0
32,Q-Learning,V2,"(31, 51)",41.512362660721244,True,5.487637339278756,4.0
32,Q-Learning,V3,"(83, 52)",23.018507688375276,True,19.76930925816207,1.0
32,Q-Learning,V4,"(87, 92)",34.79814957484534,True,13.201850425154664,1.0
32,Q-Learning,V5,"(29, 48)",2.810138239072579,True,34.8849756466042,2.0
32,Q-Learning,V6,"(7, 30)",42.65516433189971,True,9.344835668100288,6.0
32,Q-Learning,V7,"(80, 1)",38.57509117432078,True,24.922722919355998,1.0
32,Q-Learning,V8,"(21, 64)",61.421946180421195,True,0.0,2.0
32,Q-Learning,V9,"(92, 43)",23.794874705891978,True,13.687585779581767,5.0
32,Q-Learning,V10,"(24, 31)",58.375801935328326,True,0.0,3.0
33,Greedy,V1,"(26, 13)",15.912822373345058,True,14.615773105863909,1.0
33,Greedy,V2,"(57, 58)",41.512362660721244,True,1.4876373392787556,1.0
33,Greedy,V3,"(82, 48)",18.216388375108778,True,23.57142857142857,1.0
33,Greedy,V4,"(87, 98)",30.875397512606536,True,16.124602487393464,1.0
33,Greedy,V5,"(83, 86)",28.89233824794478,True,6.802775637731994,1.0
33,Greedy,V6,"(67, 87)",22.174209535560003,True,24.5,1.0
33,Greedy,V7,"(80, 4)",50.394517190833845,True,12.103296902842935,1.0
33,Greedy,V8,"(2, 90)",33.08596884246246,True,26.335977337958738,1.0
33,Greedy,V9,"(59, 71)",13.02255583910614,True,19.459904646367605,1.0
33,Greedy,V10,"(53, 15)",22.293039405030108,True,33.08276253029822,1.0
33,Auction,V1,"(7, 30)",5.9910964959651665,True,24.5374989832438,1.0
33,Auction,V2,"(31, 51)",41.512362660721244,True,1.4876373392787556,1.0
33,Auction,V3,"(83, 52)",23.018507688375276,True,18.76930925816207,1.0
33,Auction,V4,"(87, 92)",34.79814957484534,True,12.201850425154664,1.0
33,Auction,V5,"(17, 34)",7.132541213734342,True,27.884517468021258,1.0
33,Auction,V6,"(63, 87)",43.27551114799259,True,3.57390753524675,1.0
33,Auction,V7,"(80, 1)",38.57509117432078,True,23.922722919355998,1.0
33,Auction,V8,"(23, 89)",32.635293690646876,True,26.786652489774323,1.0
33,Auction,V9,"(29, 48)",15.597509078603466,True,16.88495140687028,1.0
33,Auction,V10,"(7, 55)",24.493625467387233,True,30.882176467941093,1.0
33,Q-Learning,V1,"(17, 34)",16.075035554209666,True,14.4535599249993,1.0
33,Q-Learning,V2,"(31, 51)",41.512362660721244,True,4.487637339278756,4.0
33,Q-Learning,V3,"(83, 52)",23.018507688375276,True,18.76930925816207,1.0
33,Q-Learning,V4,"(87, 92)",34.79814957484534,True,12.201850425154664,1.0
33,Q-Learning,V5,"(29, 48)",2.810138239072579,True,33.8849756466042,2.0
33,Q-Learning,V6,"(7, 30)",42.65516433189971,True,8.344835668100288,6.0
33,Q-Learning,V7,"(80, 1)",38.57509117432078,True,23.922722919355998,1.0
33,Q-Learning,V8,"(7, 55)",31.572688738521947,True,28.849257441899248,2.0
33,Q-Learning,V9,"(92, 43)",23.794874705891978,True,12.687585779581767,5.0
33,Q-Learning,V10,"(35, 44)",27.969924662143047,True,29.40587727318528,3.0
34,Greedy,V1,"(26, 13)",15.912822373345058,True,13.615773105863909,1.0
34,Greedy,V2,"(57, 58)",41.512362660721244,True,0.48763733927875563,1.0
34,Greedy,V3,"(82, 48)",18.216388375108778,True,22.57142857142857,1.0
34,Greedy,V4,"(87, 98)",30.875397512606536,True,15.124602487393464,1.0
34,Greedy,V5,"(83, 86)",28.89233824794478,True,5.802775637731994,1.0
34,Greedy,V6,"(67, 87)",22.174209535560003,True,23.5,1.0
34,Greedy,V7,"(80, 4)",50.394517190833845,True,11.103296902842935,1.0
34,Greedy,V8,"(2, 90)",33.08596884246246,True,25.335977337958738,1.0
34,Greedy,V9,"(59, 71)",13.02255583910614,True,18.459904646367605,1.0
34,Greedy,V10,"(53, 15)",22.293039405030108,True,32.08276253029822,1.0
34,Auction,V1,"(7, 30)",5.9910964959651665,True,23.5374989832438,1.0
34,Auction,V2,"(31, 51)",41.512362660721244,True,0.48763733927875563,1.0
34,Auction,V3,"(83, 52)",23.018507688375276,True,17.76930925816207,1.0
34,Auction,V4,"(87, 92)",34.79814957484534,True,11.201850425154664,1.0
34,Auction,V5,"(17, 34)",7.132541213734342,True,26.884517468021258,1.0
34,Auction,V6,"(63, 87)",43.27551114799259,True,2.57390753524675,1.0
34,Auction,V7,"(80, 1)",38.57509117432078,True,22.922722919355998,1.0
34,Auction,V8,"(23, 89)",32.635293690646876,True,25.786652489774323,1.0
34,Auction,V9,"(29, 48)",15.597509078603466,True,15.884951406870279,1.0
34,Auction,V10,"(7, 55)",24.493625467387233,True,29.882176467941093,1.0
34,Q-Learning,V1,"(17, 34)",16.075035554209666,True,13.4535599249993,1.0
34,Q-Learning,V2,"(31, 51)",41.512362660721244,True,3.4876373392787556,4.0
34,Q-Learning,V3,"(83, 52)",23.018507688375276,True,17.76930925816207,1.0
34,Q-Learning,V4,"(87, 92)",34.79814957484534,True,11.201850425154664,1.0
34,Q-Learning,V5,"(29, 48)",2.810138239072579,True,32.8849756466042,2.0
34,Q-Learning,V6,"(7, 30)",42.65516433189971,True,7.344835668100288,6.0
34,Q-Learning,V7,"(80, 1)",38.57509117432078,True,22.922722919355998,1.0
34,Q-Learning,V8,"(7, 55)",31.572688738521947,True,27.849257441899248,2.0
34,Q-Learning,V9,"(92, 43)",23.794874705891978,True,11.687585779581767,5.0
34,Q-Learning,V10,"(35, 44)",27.969924662143047,True,28.40587727318528,3.0
35,Greedy,V1,"(26, 13)",15.912822373345058,True,12.615773105863909,1.0
35,Greedy,V2,"(57, 58)",41.512362660721244,True,0.0,1.0
35,Greedy,V3,"(82, 48)",18.216388375108778,True,21.57142857142857,1.0
35,Greedy,V4,"(87, 98)",30.875397512606536,True,14.124602487393464,1.0
35,Greedy,V5,"(83, 86)",28.89233824794478,True,4.802775637731994,1.0
35,Greedy,V6,"(67, 87)",22.174209535560003,True,22.5,1.0
35,Greedy,V7,"(80, 4)",50.394517190833845,True,10.103296902842935,1.0
35,Greedy,V8,"(2, 90)",33.08596884246246,True,24.335977337958738,1.0
35,Greedy,V9,"(59, 71)",13.02255583910614,True,17.459904646367605,1.0
35,Greedy,V10,"(53, 15)",22.293039405030108,True,31.08276253029822,1.0
35,Auction,V1,"(7, 30)",5.9910964959651665,True,22.5374989832438,1.0
35,Auction,V2,"(31, 51)",41.512362660721244,True,0.0,1.0
35,Auction,V3,"(83, 52)",23.018507688375276,True,16.76930925816207,1.0
35,Auction,V4,"(87, 92)",34.79814957484534,True,10.201850425154664,1.0
35,Auction,V5,"(17, 34)",7.132541213734342,True,25.884517468021258,1.0
35,Auction,V6,"(63, 87)",43.27551114799259,True,1.5739075352467502,1.0
35,Auction,V7,"(80, 1)",38.57509117432078,True,21.922722919355998,1.0
35,Auction,V8,"(23, 89)",32.635293690646876,True,24.786652489774323,1.0
35,Auction,V9,"(29, 48)",15.597509078603466,True,14.884951406870279,1.0
35,Auction,V10,"(7, 55)",24.493625467387233,True,28.882176467941093,1.0
35,Q-Learning,V1,"(17, 34)",16.075035554209666,True,12.4535599249993,1.0
35,Q-Learning,V2,"(31, 51)",41.512362660721244,True,2.4876373392787556,4.0
35,Q-Learning,V3,"(83, 52)",23.018507688375276,True,16.76930925816207,1.0
35,Q-Learning,V4,"(87, 92)",34.79814957484534,True,10.201850425154664,1.0
35,Q-Learning,V5,"(29, 48)",2.810138239072579,True,31.884975646604197,2.0
35,Q-Learning,V6,"(7, 30)",42.65516433189971,True,6.344835668100288,6.0
35,Q-Learning,V7,"(80, 1)",38.57509117432078,True,21.922722919355998,1.0
35,Q-Learning,V8,"(7, 55)",31.572688738521947,True,26.849257441899248,2.0
35,Q-Learning,V9,"(92, 43)",23.794874705891978,True,10.687585779581767,5.0
35,Q-Learning,V10,"(35, 44)",27.969924662143047,True,27.40587727318528,3.0
36,Greedy,V1,"(26, 13)",15.912822373345058,True,11.615773105863909,1.0
36,Greedy,V2,"(57, 58)",10.166227723919476,True,30.346134936801768,1.0
36,Greedy,V3,"(82, 48)",18.216388375108778,True,20.57142857142857,1.0
36,Greedy,V4,"(87, 98)",30.875397512606536,True,13.124602487393464,1.0
36,Greedy,V5,"(83, 86)",28.89233824794478,True,3.802775637731994,1.0
36,Greedy,V6,"(67, 87)",22.174209535560003,True,21.5,1.0
36,Greedy,V7,"(80, 4)",50.394517190833845,True,9.103296902842935,1.0
36,Greedy,V8,"(2, 90)",33.08596884246246,True,23.335977337958738,1.0
36,Greedy,V9,"(59, 71)",13.02255583910614,True,16.459904646367605,1.0
36,Greedy,V10,"(53, 15)",22.293039405030108,True,30.08276253029822,1.0
36,Auction,V1,"(7, 30)",5.9910964959651665,True,21.5374989832438,1.0
36,Auction,V2,"(35, 44)",13.16865303600482,True,27.343709624716425,1.0
36,Auction,V3,"(83, 52)",23.018507688375276,True,15.769309258162071,1.0
36,Auction,V4,"(87, 92)",34.79814957484534,True,9.201850425154664,1.0
36,Auction,V5,"(17, 34)",7.132541213734342,True,24.884517468021258,1.0
36,Auction,V6,"(63, 87)",43.27551114799259,True,0.5739075352467502,1.0
36,Auction,V7,"(80, 1)",38.57509117432078,True,20.922722919355998,1.0
36,Auction,V8,"(23, 89)",32.635293690646876,True,23.786652489774323,1.0
36,Auction,V9,"(29, 48)",15.597509078603466,True,13.884951406870279,1.0
36,Auction,V10,"(7, 55)",24.493625467387233,True,27.882176467941093,1.0
36,Q-Learning,V1,"(17, 34)",16.075035554209666,True,11.4535599249993,1.0
36,Q-Learning,V2,"(31, 51)",41.512362660721244,True,1.4876373392787556,4.0
36,Q-Learning,V3,"(83, 52)",23.018507688375276,True,15.769309258162071,1.0
36,Q-Learning,V4,"(87, 92)",34.79814957484534,True,9.201850425154664,1.0
36,Q-Learning,V5,"(29, 48)",2.810138239072579,True,30.884975646604197,2.0
36,Q-Learning,V6,"(7, 30)",42.65516433189971,True,5.344835668100288,6.0
36,Q-Learning,V7,"(80, 1)",38.57509117432078,True,20.922722919355998,1.0
36,Q-Learning,V8,"(7, 55)",31.572688738521947,True,25.849257441899248,2.0
36,Q-Learning,V9,"(92, 43)",23.794874705891978,True,9.687585779581767,5.0
36,Q-Learning,V10,"(35, 44)",27.969924662143047,True,26.40587727318528,3.0
37,Greedy,V1,"(26, 13)",15.912822373345058,True,10.615773105863909,1.0
37,Greedy,V2,"(57, 58)",10.166227723919476,True,29.346134936801768,1.0
37,Greedy,V3,"(82, 48)",18.216388375108778,True,19.57142857142857,1.0
37,Greedy,V4,"(87, 98)",30.875397512606536,True,12.124602487393464,1.0
37,Greedy,V5,"(83, 86)",28.89233824794478,True,2.802775637731994,1.0
37,Greedy,V6,"(67, 87)",22.174209535560003,True,20.5,1.0
37,Greedy,V7,"(80, 4)",50.394517190833845,True,8.103296902842935,1.0
37,Greedy,V8,"(2, 90)",33.08596884246246,True,22.335977337958738,1.0
37,Greedy,V9,"(59, 71)",13.02255583910614,True,15.459904646367605,1.0
37,Greedy,V10,"(53, 15)",22.293039405030108,True,29.08276253029822,1.0
37,Auction,V1,"(7, 30)",5.9910964959651665,True,20.5374989832438,1.0
37,Auction,V2,"(35, 44)",13.16865303600482,True,26.343709624716425,1.0
37,Auction,V3,"(83, 52)",23.018507688375276,True,14.769309258162071,1.0
37,Auction,V4,"(87, 92)",34.79814957484534,True,8.201850425154664,1.0
37,Auction,V5,"(17, 34)",7.132541213734342,True,23.884517468021258,1.0
37,Auction,V6,"(63, 87)",43.27551114799259,True,0.0,1.0
37,Auction,V7,"(80, 1)",38.57509117432078,True,19.922722919355998,1.0
37,Auction,V8,"(23, 89)",32.635293690646876,True,22.786652489774323,1.0
37,Auction,V9,"(29, 48)",15.597509078603466,True,12.884951406870279,1.0
37,Auction,V10,"(7, 55)",24.493625467387233,True,26.882176467941093,1.0
37,Q-Learning,V1,"(17, 34)",16.075035554209666,True,10.4535599249993,1.0
37,Q-Learning,V2,"(31, 51)",41.512362660721244,True,0.48763733927875563,4.0
37,Q-Learning,V3,"(83, 52)",23.018507688375276,True,14.769309258162071,1.0
37,Q-Learning,V4,"(87, 92)",34.79814957484534,True,8.201850425154664,1.0
37,Q-Learning,V5,"(29, 48)",2.810138239072579,True,29.884975646604197,2.0
37,Q-Learning,V6,"(7, 30)",42.65516433189971,True,4.344835668100288,6.0
37,Q-Learning,V7,"(80, 1)",38.57509117432078,True,19.922722919355998,1.0
37,Q-Learning,V8,"(7, 55)",31.572688738521947,True,24.849257441899248,2.0
37,Q-Learning,V9,"(92, 43)",23.794874705891978,True,8.687585779581767,5.0
37,Q-Learning,V10,"(35, 44)",27.969924662143047,True,25.40587727318528,3.0
38,Greedy,V1,"(26, 13)",15.912822373345058,True,9.615773105863909,1.0
38,Greedy,V2,"(57, 58)",10.166227723919476,True,28.346134936801768,1.0
38,Greedy,V3,"(82, 48)",18.216388375108778,True,18.57142857142857,1.0
38,Greedy,V4,"(87, 98)",30.875397512606536,True,11.124602487393464,1.0
38,Greedy,V5,"(83, 86)",28.89233824794478,True,1.802775637731994,1.0
38,Greedy,V6,"(67, 87)",22.174209535560003,True,19.5,1.0
38,Greedy,V7,"(80, 4)",50.394517190833845,True,7.103296902842935,1.0
38,Greedy,V8,"(2, 90)",33.08596884246246,True,21.335977337958738,1.0
38,Greedy,V9,"(59, 71)",13.02255583910614,True,14.459904646367605,1.0
38,Greedy,V10,"(53, 15)",22.293039405030108,True,28.08276253029822,1.0
38,Auction,V1,"(7, 30)",5.9910964959651665,True,19.5374989832438,1.0
38,Auction,V2,"(35, 44)",13.16865303600482,True,25.343709624716425,1.0
38,Auction,V3,"(83, 52)",23.018507688375276,True,13.769309258162071,1.0
38,Auction,V4,"(87, 92)",34.79814957484534,True,7.201850425154664,1.0
38,Auction,V5,"(17, 34)",7.132541213734342,True,22.884517468021258,1.0
38,Auction,V6,"(84, 61)",24.097817406225488,True,18.1776937417671,1.0
38,Auction,V7,"(80, 1)",38.57509117432078,True,18.922722919355998,1.0
38,Auction,V8,"(23, 89)",32.635293690646876,True,21.786652489774323,1.0
38,Auction,V9,"(29, 48)",15.597509078603466,True,11.884951406870279,1.0
38,Auction,V10,"(7, 55)",24.493625467387233,True,25.882176467941093,1.0
38,Q-Learning,V1,"(17, 34)",16.075035554209666,True,9.4535599249993,1.0
38,Q-Learning,V2,"(31, 51)",41.512362660721244,True,0.0,4.0
38,Q-Learning,V3,"(83, 52)",23.018507688375276,True,13.769309258162071,1.0
38,Q-Learning,V4,"(87, 92)",34.79814957484534,True,7.201850425154664,1.0
38,Q-Learning,V5,"(29, 48)",2.810138239072579,True,28.884975646604197,2.0
38,Q-Learning,V6,"(7, 30)",42.65516433189971,True,3.3448356681002878,6.0
38,Q-Learning,V7,"(80, 1)",38.57509117432078,True,18.922722919355998,1.0
38,Q-Learning,V8,"(7, 55)",31.572688738521947,True,23.849257441899248,2.0
38,Q-Learning,V9,"(92, 43)",23.794874705891978,True,7.687585779581767,5.0
38,Q-Learning,V10,"(35, 44)",27.969924662143047,True,24.40587727318528,3.0
39,Greedy,V1,"(26, 13)",15.912822373345058,True,8.615773105863909,1.0
39,Greedy,V2,"(57, 58)",10.166227723919476,True,27.346134936801768,1.0
39,Greedy,V3,"(82, 48)",18.216388375108778,True,17.57142857142857,1.0
39,Greedy,V4,"(87, 98)",30.875397512606536,True,10.124602487393464,1.0
39,Greedy,V5,"(83, 86)",28.89233824794478,True,0.8027756377319939,1.0
39,Greedy,V6,"(67, 87)",22.174209535560003,True,18.5,1.0
39,Greedy,V7,"(80, 4)",50.394517190833845,True,6.103296902842935,1.0
39,Greedy,V8,"(2, 90)",33.08596884246246,True,20.335977337958738,1.0
39,Greedy,V9,"(59, 71)",13.02255583910614,True,13.459904646367605,1.0
39,Greedy,V10,"(53, 15)",22.293039405030108,True,27.08276253029822,1.0
39,Auction,V1,"(7, 30)",5.9910964959651665,True,18.5374989832438,1.0
39,Auction,V2,"(35, 44)",13.16865303600482,True,24.343709624716425,1.0
39,Auction,V3,"(83, 52)",23.018507688375276,True,12.769309258162071,1.0
39,Auction,V4,"(87, 92)",34.79814957484534,True,6.201850425154664,1.0
39,Auction,V5,"(17, 34)",7.132541213734342,True,21.884517468021258,1.0
39,Auction,V6,"(84, 61)",24.097817406225488,True,17.1776937417671,1.0
39,Auction,V7,"(80, 1)",38.57509117432078,True,17.922722919355998,1.0
39,Auction,V8,"(23, 89)",32.635293690646876,True,20.786652489774323,1.0
39,Auction,V9,"(29, 48)",15.597509078603466,True,10.884951406870279,1.0
39,Auction,V10,"(7, 55)",24.493625467387233,True,24.882176467941093,1.0
39,Q-Learning,V1,"(17, 34)",16.075035554209666,True,8.4535599249993,1.0
39,Q-Learning,V2,"(63, 87)",23.484632941526378,True,17.027729719194866,4.0
39,Q-Learning,V3,"(83, 52)",23.018507688375276,True,12.769309258162071,1.0
39,Q-Learning,V4,"(87, 92)",34.79814957484534,True,6.201850425154664,1.0
39,Q-Learning,V5,"(29, 48)",2.810138239072579,True,27.884975646604197,2.0
39,Q-Learning,V6,"(7, 30)",42.65516433189971,True,2.3448356681002878,6.0
39,Q-Learning,V7,"(80, 1)",38.57509117432078,True,17.922722919355998,1.0
39,Q-Learning,V8,"(7, 55)",31.572688738521947,True,22.849257441899248,2.0
39,Q-Learning,V9,"(92, 43)",23.794874705891978,True,6.687585779581767,5.0
39,Q-Learning,V10,"(35, 44)",27.969924662143047,True,23.40587727318528,3.0
40,Greedy,V1,"(26, 13)",15.912822373345058,True,7.615773105863909,1.0
40,Greedy,V2,"(57, 58)",10.166227723919476,True,26.346134936801768,1.0
40,Greedy,V3,"(82, 48)",18.216388375108778,True,16.57142857142857,1.0
40,Greedy,V4,"(87, 98)",30.875397512606536,True,9.124602487393464,1.0
40,Greedy,V5,"(83, 86)",28.89233824794478,True,0.0,1.0
40,Greedy,V6,"(67, 87)",22.174209535560003,True,17.5,1.0
40,Greedy,V7,"(80, 4)",50.394517190833845,True,5.103296902842935,1.0
40,Greedy,V8,"(2, 90)",33.08596884246246,True,19.335977337958738,1.0
40,Greedy,V9,"(59, 71)",13.02255583910614,True,12.459904646367605,1.0
40,Greedy,V10,"(53, 15)",22.293039405030108,True,26.08276253029822,1.0
40,Auction,V1,"(7, 30)",5.9910964959651665,True,17.5374989832438,1.0
40,Auction,V2,"(35, 44)",13.16865303600482,True,23.343709624716425,1.0
40,Auction,V3,"(83, 52)",23.018507688375276,True,11.769309258162071,1.0
40,Auction,V4,"(87, 92)",34.79814957484534,True,5.201850425154664,1.0
40,Auction,V5,"(17, 34)",7.132541213734342,True,20.884517468021258,1.0
40,Auction,V6,"(84, 61)",24.097817406225488,True,16.1776937417671,1.0
40,Auction,V7,"(80, 1)",38.57509117432078,True,16.922722919355998,1.0
40,Auction,V8,"(23, 89)",32.635293690646876,True,19.786652489774323,1.0
40,Auction,V9,"(29, 48)",15.597509078603466,True,9.884951406870279,1.0
40,Auction,V10,"(7, 55)",24.493625467387233,True,23.882176467941093,1.0
40,Q-Learning,V1,"(17, 34)",16.075035554209666,True,7.4535599249993005,1.0
40,Q-Learning,V2,"(63, 87)",23.484632941526378,True,16.027729719194866,4.0
40,Q-Learning,V3,"(83, 52)",23.018507688375276,True,11.769309258162071,1.0
40,Q-Learning,V4,"(87, 92)",34.79814957484534,True,5.201850425154664,1.0
40,Q-Learning,V5,"(29, 48)",2.810138239072579,True,26.884975646604197,2.0
40,Q-Learning,V6,"(7, 30)",42.65516433189971,True,1.3448356681002878,6.0
40,Q-Learning,V7,"(80, 1)",38.57509117432078,True,16.922722919355998,1.0
40,Q-Learning,V8,"(7, 55)",31.572688738521947,True,21.849257441899248,2.0
40,Q-Learning,V9,"(92, 43)",23.794874705891978,True,5.687585779581767,5.0
40,Q-Learning,V10,"(35, 44)",27.969924662143047,True,22.40587727318528,3.0
41,Greedy,V1,"(26, 13)",15.912822373345058,True,6.615773105863909,1.0
41,Greedy,V2,"(57, 58)",10.166227723919476,True,25.346134936801768,1.0
41,Greedy,V3,"(82, 48)",18.216388375108778,True,15.57142857142857,1.0
41,Greedy,V4,"(87, 98)",30.875397512606536,True,8.124602487393464,1.0
41,Greedy,V5,"(83, 86)",6.53695076441058,True,21.3553874835342,1.0
41,Greedy,V6,"(67, 87)",22.174209535560003,True,16.5,1.0
41,Greedy,V7,"(80, 4)",50.394517190833845,True,4.103296902842935,1.0
41,Greedy,V8,"(2, 90)",33.08596884246246,True,18.335977337958738,1.0
41,Greedy,V9,"(59, 71)",13.02255583910614,True,11.459904646367605,1.0
41,Greedy,V10,"(53, 15)",22.293039405030108,True,25.08276253029822,1.0
41,Auction,V1,"(7, 30)",5.9910964959651665,True,16.5374989832438,1.0
41,Auction,V2,"(35, 44)",13.16865303600482,True,22.343709624716425,1.0
41,Auction,V3,"(83, 52)",23.018507688375276,True,10.769309258162071,1.0
41,Auction,V4,"(87, 92)",34.79814957484534,True,4.201850425154664,1.0
41,Auction,V5,"(17, 34)",7.132541213734342,True,19.884517468021258,1.0
41,Auction,V6,"(84, 61)",24.097817406225488,True,15.1776937417671,1.0
41,Auction,V7,"(80, 1)",38.57509117432078,True,15.922722919355998,1.0
41,Auction,V8,"(23, 89)",32.635293690646876,True,18.786652489774323,1.0
41,Auction,V9,"(29, 48)",15.597509078603466,True,8.884951406870279,1.0
41,Auction,V10,"(7, 55)",24.493625467387233,True,22.882176467941093,1.0
41,Q-Learning,V1,"(17, 34)",16.075035554209666,True,6.4535599249993005,1.0
41,Q-Learning,V2,"(63, 87)",23.484632941526378,True,15.027729719194866,4.0
41,Q-Learning,V3,"(83, 52)",23.018507688375276,True,10.769309258162071,1.0
41,Q-Learning,V4,"(87, 92)",34.79814957484534,True,4.201850425154664,1.0
41,Q-Learning,V5,"(29, 48)",2.810138239072579,True,25.884975646604197,2.0
41,Q-Learning,V6,"(7, 30)",42.65516433189971,True,0.34483566810028776,6.0
41,Q-Learning,V7,"(80, 1)",38.57509117432078,True,15.922722919355998,1.0
41,Q-Learning,V8,"(7, 55)",31.572688738521947,True,20.849257441899248,2.0
41,Q-Learning,V9,"(92, 43)",23.794874705891978,True,4.687585779581767,5.0
41,Q-Learning,V10,"(35, 44)",27.969924662143047,True,21.40587727318528,3.0
42,Greedy,V1,"(26, 13)",15.912822373345058,True,5.615773105863909,1.0
42,Greedy,V2,"(57, 58)",10.166227723919476,True,24.346134936801768,1.0
42,Greedy,V3,"(82, 48)",18.216388375108778,True,14.57142857142857,1.0
42,Greedy,V4,"(87, 98)",30.875397512606536,True,7.124602487393464,1.0
42,Greedy,V5,"(83, 86)",6.53695076441058,True,20.3553874835342,1.0
42,Greedy,V6,"(67, 87)",22.174209535560003,True,15.5,1.0
42,Greedy,V7,"(80, 4)",50.394517190833845,True,3.103296902842935,1.0
42,Greedy,V8,"(2, 90)",33.08596884246246,True,17.335977337958738,1.0
42,Greedy,V9,"(59, 71)",13.02255583910614,True,10.459904646367605,1.0
42,Greedy,V10,"(53, 15)",22.293039405030108,True,24.08276253029822,1.0
42,Auction,V1,"(7, 30)",5.9910964959651665,True,15.5374989832438,1.0
42,Auction,V2,"(35, 44)",13.16865303600482,True,21.343709624716425,1.0
42,Auction,V3,"(83, 52)",23.018507688375276,True,9.769309258162071,1.0
42,Auction,V4,"(87, 92)",34.79814957484534,True,3.201850425154664,1.0
42,Auction,V5,"(17, 34)",7.132541213734342,True,18.884517468021258,1.0
42,Auction,V6,"(84, 61)",24.097817406225488,True,14.1776937417671,1.0
42,Auction,V7,"(80, 1)",38.57509117432078,True,14.922722919355998,1.0
42,Auction,V8,"(23, 89)",32.635293690646876,True,17.786652489774323,1.0
42,Auction,V9,"(29, 48)",15.597509078603466,True,7.884951406870279,1.0
42,Auction,V10,"(7, 55)",24.493625467387233,True,21.882176467941093,1.0
42,Q-Learning,V1,"(17, 34)",16.075035554209666,True,5.4535599249993005,1.0
42,Q-Learning,V2,"(63, 87)",23.484632941526378,True,14.027729719194866,4.0
42,Q-Learning,V3,"(83, 52)",23.018507688375276,True,9.769309258162071,1.0
42,Q-Learning,V4,"(87, 92)",34.79814957484534,True,3.201850425154664,1.0
42,Q-Learning,V5,"(29, 48)",2.810138239072579,True,24.884975646604197,2.0
42,Q-Learning,V6,"(7, 30)",42.65516433189971,True,0.0,6.0
42,Q-Learning,V7,"(80, 1)",38.57509117432078,True,14.922722919355998,1.0
42,Q-Learning,V8,"(7, 55)",31.572688738521947,True,19.849257441899248,2.0
42,Q-Learning,V9,"(92, 43)",23.794874705891978,True,3.6875857795817666,5.0
42,Q-Learning,V10,"(35, 44)",27.969924662143047,True,20.40587727318528,3.0
43,Greedy,V1,"(26, 13)",15.912822373345058,True,4.615773105863909,1.0
43,Greedy,V2,"(57, 58)",10.166227723919476,True,23.346134936801768,1.0
43,Greedy,V3,"(82, 48)",18.216388375108778,True,13.57142857142857,1.0
43,Greedy,V4,"(87, 98)",30.875397512606536,True,6.124602487393464,1.0
43,Greedy,V5,"(83, 86)",6.53695076441058,True,19.3553874835342,1.0
43,Greedy,V6,"(67, 87)",22.174209535560003,True,14.5,1.0
43,Greedy,V7,"(80, 4)",50.394517190833845,True,2.103296902842935,1.0
43,Greedy,V8,"(2, 90)",33.08596884246246,True,16.335977337958738,1.0
43,Greedy,V9,"(59, 71)",13.02255583910614,True,9.459904646367605,1.0
43,Greedy,V10,"(53, 15)",22.293039405030108,True,23.08276253029822,1.0
43,Auction,V1,"(7, 30)",5.9910964959651665,True,14.5374989832438,1.0
43,Auction,V2,"(35, 44)",13.16865303600482,True,20.343709624716425,1.0
43,Auction,V3,"(83, 52)",23.018507688375276,True,8.769309258162071,1.0
43,Auction,V4,"(87, 92)",34.79814957484534,True,2.201850425154664,1.0
43,Auction,V5,"(17, 34)",7.132541213734342,True,17.884517468021258,1.0
43,Auction,V6,"(84, 61)",24.097817406225488,True,13.1776937417671,1.0
43,Auction,V7,"(80, 1)",38.57509117432078,True,13.922722919355998,1.0
43,Auction,V8,"(23, 89)",32.635293690646876,True,16.786652489774323,1.0
43,Auction,V9,"(29, 48)",15.597509078603466,True,6.884951406870279,1.0
43,Auction,V10,"(7, 55)",24.493625467387233,True,20.882176467941093,1.0
43,Q-Learning,V1,"(17, 34)",16.075035554209666,True,4.4535599249993005,1.0
43,Q-Learning,V2,"(63, 87)",23.484632941526378,True,13.027729719194866,4.0
43,Q-Learning,V3,"(83, 52)",23.018507688375276,True,8.769309258162071,1.0
43,Q-Learning,V4,"(87, 92)",34.79814957484534,True,2.201850425154664,1.0
43,Q-Learning,V5,"(29, 48)",2.810138239072579,True,23.884975646604197,2.0
43,Q-Learning,V6,"(4, 32)",15.204470422466713,True,26.450693909433,6.0
43,Q-Learning,V7,"(80, 1)",38.57509117432078,True,13.922722919355998,1.0
43,Q-Learning,V8,"(7, 55)",31.572688738521947,True,18.849257441899248,2.0
43,Q-Learning,V9,"(92, 43)",23.794874705891978,True,2.6875857795817666,5.0
43,Q-Learning,V10,"(35, 44)",27.969924662143047,True,19.40587727318528,3.0
44,Greedy,V1,"(26, 13)",15.912822373345058,True,3.6157731058639087,1.0
44,Greedy,V2,"(57, 58)",10.166227723919476,True,22.346134936801768,1.0
44,Greedy,V3,"(82, 48)",18.216388375108778,True,12.57142857142857,1.0
44,Greedy,V4,"(87, 98)",30.875397512606536,True,5.124602487393464,1.0
44,Greedy,V5,"(83, 86)",6.53695076441058,True,18.3553874835342,1.0
44,Greedy,V6,"(67, 87)",22.174209535560003,True,13.5,1.0
44,Greedy,V7,"(80, 4)",50.394517190833845,True,1.103296902842935,1.0
44,Greedy,V8,"(2, 90)",33.08596884246246,True,15.335977337958738,1.0
44,Greedy,V9,"(59, 71)",13.02255583910614,True,8.459904646367605,1.0
44,Greedy,V10,"(53, 15)",22.293039405030108,True,22.08276253029822,1.0
44,Auction,V1,"(7, 30)",5.9910964959651665,True,13.5374989832438,1.0
44,Auction,V2,"(35, 44)",13.16865303600482,True,19.343709624716425,1.0
44,Auction,V3,"(83, 52)",23.018507688375276,True,7.769309258162071,1.0
44,Auction,V4,"(87, 92)",34.79814957484534,True,1.2018504251546638,1.0
44,Auction,V5,"(17, 34)",7.132541213734342,True,16.884517468021258,1.0
44,Auction,V6,"(84, 61)",24.097817406225488,True,12.1776937417671,1.0
44,Auction,V7,"(80, 1)",38.57509117432078,True,12.922722919355998,1.0
44,Auction,V8,"(23, 89)",32.635293690646876,True,15.786652489774323,1.0
44,Auction,V9,"(29, 48)",15.597509078603466,True,5.884951406870279,1.0
44,Auction,V10,"(7, 55)",24.493625467387233,True,19.882176467941093,1.0
44,Q-Learning,V1,"(17, 34)",16.075035554209666,True,3.4535599249993005,1.0
44,Q-Learning,V2,"(63, 87)",23.484632941526378,True,12.027729719194866,4.0
44,Q-Learning,V3,"(83, 52)",23.018507688375276,True,7.769309258162071,1.0
44,Q-Learning,V4,"(87, 92)",34.79814957484534,True,1.2018504251546638,1.0
44,Q-Learning,V5,"(29, 48)",2.810138239072579,True,22.884975646604197,2.0
44,Q-Learning,V6,"(4, 32)",15.204470422466713,True,25.450693909433,6.0
44,Q-Learning,V7,"(80, 1)",38.57509117432078,True,12.922722919355998,1.0
44,Q-Learning,V8,"(7, 55)",31.572688738521947,True,17.849257441899248,2.0
44,Q-Learning,V9,"(92, 43)",23.794874705891978,True,1.6875857795817666,5.0
44,Q-Learning,V10,"(35, 44)",27.969924662143047,True,18.40587727318528,3.0
45,Greedy,V1,"(26, 13)",15.912822373345058,True,2.6157731058639087,1.0
45,Greedy,V2,"(57, 58)",10.166227723919476,True,21.346134936801768,1.0
45,Greedy,V3,"(82, 48)",18.216388375108778,True,11.57142857142857,1.0
45,Greedy,V4,"(87, 98)",30.875397512606536,True,4.124602487393464,1.0
45,Greedy,V5,"(83, 86)",6.53695076441058,True,17.3553874835342,1.0
45,Greedy,V6,"(67, 87)",22.174209535560003,True,12.5,1.0
45,Greedy,V7,"(80, 4)",50.394517190833845,True,0.10329690284293491,1.0
45,Greedy,V8,"(2, 90)",33.08596884246246,True,14.335977337958738,1.0
45,Greedy,V9,"(59, 71)",13.02255583910614,True,7.459904646367605,1.0
45,Greedy,V10,"(53, 15)",22.293039405030108,True,21.08276253029822,1.0
45,Auction,V1,"(7, 30)",5.9910964959651665,True,12.5374989832438,1.0
45,Auction,V2,"(35, 44)",13.16865303600482,True,18.343709624716425,1.0
45,Auction,V3,"(83, 52)",23.018507688375276,True,6.769309258162071,1.0
45,Auction,V4,"(87, 92)",34.79814957484534,True,0.20185042515466378,1.0
45,Auction,V5,"(17, 34)",7.132541213734342,True,15.884517468021258,1.0
45,Auction,V6,"(84, 61)",24.097817406225488,True,11.1776937417671,1.0
45,Auction,V7,"(80, 1)",38.57509117432078,True,11.922722919355998,1.0
45,Auction,V8,"(23, 89)",32.635293690646876,True,14.786652489774323,1.0
45,Auction,V9,"(29, 48)",15.597509078603466,True,4.884951406870279,1.0
45,Auction,V10,"(7, 55)",24.493625467387233,True,18.882176467941093,1.0
45,Q-Learning,V1,"(17, 34)",16.075035554209666,True,2.4535599249993005,1.0
45,Q-Learning,V2,"(63, 87)",23.484632941526378,True,11.027729719194866,4.0
45,Q-Learning,V3,"(83, 52)",23.018507688375276,True,6.769309258162071,1.0
45,Q-Learning,V4,"(87, 92)",34.79814957484534,True,0.20185042515466378,1.0
45,Q-Learning,V5,"(29, 48)",2.810138239072579,True,21.884975646604197,2.0
45,Q-Learning,V6,"(4, 32)",15.204470422466713,True,24.450693909433,6.0
45,Q-Learning,V7,"(80, 1)",38.57509117432078,True,11.922722919355998,1.0
45,Q-Learning,V8,"(7, 55)",31.572688738521947,True,16.849257441899248,2.0
45,Q-Learning,V9,"(92, 43)",23.794874705891978,True,0.6875857795817666,5.0
45,Q-Learning,V10,"(35, 44)",27.969924662143047,True,17.40587727318528,3.0
46,Greedy,V1,"(26, 13)",15.912822373345058,True,1.6157731058639087,1.0
46,Greedy,V2,"(57, 58)",10.166227723919476,True,20.346134936801768,1.0
46,Greedy,V3,"(82, 48)",18.216388375108778,True,10.57142857142857,1.0
46,Greedy,V4,"(87, 98)",30.875397512606536,True,3.1246024873934637,1.0
46,Greedy,V5,"(83, 86)",6.53695076441058,True,16.3553874835342,1.0
46,Greedy,V6,"(67, 87)",22.174209535560003,True,11.5,1.0
46,Greedy,V7,"(80, 4)",50.394517190833845,True,0.0,1.0
46,Greedy,V8,"(2, 90)",33.08596884246246,True,13.335977337958738,1.0
46,Greedy,V9,"(59, 71)",13.02255583910614,True,6.459904646367605,1.0
46,Greedy,V10,"(53, 15)",22.293039405030108,True,20.08276253029822,1.0
46,Auction,V1,"(7, 30)",5.9910964959651665,True,11.5374989832438,1.0
46,Auction,V2,"(35, 44)",13.16865303600482,True,17.343709624716425,1.0
46,Auction,V3,"(83, 52)",23.018507688375276,True,5.769309258162071,1.0
46,Auction,V4,"(87, 92)",34.79814957484534,True,0.0,1.0
46,Auction,V5,"(17, 34)",7.132541213734342,True,14.884517468021258,1.0
46,Auction,V6,"(84, 61)",24.097817406225488,True,10.1776937417671,1.0
46,Auction,V7,"(80, 1)",38.57509117432078,True,10.922722919355998,1.0
46,Auction,V8,"(23, 89)",32.635293690646876,True,13.786652489774323,1.0
46,Auction,V9,"(29, 48)",15.597509078603466,True,3.884951406870279,1.0
46,Auction,V10,"(7, 55)",24.493625467387233,True,17.882176467941093,1.0
46,Q-Learning,V1,"(17, 34)",16.075035554209666,True,1.4535599249993005,1.0
46,Q-Learning,V2,"(63, 87)",23.484632941526378,True,10.027729719194866,4.0
46,Q-Learning,V3,"(83, 52)",23.018507688375276,True,5.769309258162071,1.0
46,Q-Learning,V4,"(87, 92)",34.79814957484534,True,0.0,1.0
46,Q-Learning,V5,"(29, 48)",2.810138239072579,True,20.884975646604197,2.0
46,Q-Learning,V6,"(4, 32)",15.204470422466713,True,23.450693909433,6.0
46,Q-Learning,V7,"(80, 1)",38.57509117432078,True,10.922722919355998,1.0
46,Q-Learning,V8,"(7, 55)",31.572688738521947,True,15.849257441899248,2.0
46,Q-Learning,V9,"(92, 43)",23.794874705891978,True,0.0,5.0
46,Q-Learning,V10,"(35, 44)",27.969924662143047,True,16.40587727318528,3.0
47,Greedy,V1,"(26, 13)",15.912822373345058,True,0.6157731058639087,1.0
47,Greedy,V2,"(57, 58)",10.166227723919476,True,19.346134936801768,1.0
47,Greedy,V3,"(82, 48)",18.216388375108778,True,9.57142857142857,1.0
47,Greedy,V4,"(87, 98)",30.875397512606536,True,2.1246024873934637,1.0
47,Greedy,V5,"(83, 86)",6.53695076441058,True,15.355387483534201,1.0
47,Greedy,V6,"(67, 87)",22.174209535560003,True,10.5,1.0
47,Greedy,V7,"(80, 4)",14.52399453002753,True,34.870522660806316,1.0
47,Greedy,V8,"(2, 90)",33.08596884246246,True,12.335977337958738,1.0
47,Greedy,V9,"(59, 71)",13.02255583910614,True,5.459904646367605,1.0
47,Greedy,V10,"(53, 15)",22.293039405030108,True,19.08276253029822,1.0
47,Auction,V1,"(7, 30)",5.9910964959651665,True,10.5374989832438,1.0
47,Auction,V2,"(35, 44)",13.16865303600482,True,16.343709624716425,1.0
47,Auction,V3,"(83, 52)",23.018507688375276,True,4.769309258162071,1.0
47,Auction,V4,"(57, 65)",16.31360822582077,True,17.48454134902457,1.0
47,Auction,V5,"(17, 34)",7.132541213734342,True,13.884517468021258,1.0
47,Auction,V6,"(84, 61)",24.097817406225488,True,9.1776937417671,1.0
47,Auction,V7,"(80, 1)",38.57509117432078,True,9.922722919355998,1.0
47,Auction,V8,"(23, 89)",32.635293690646876,True,12.786652489774323,1.0
47,Auction,V9,"(29, 48)",15.597509078603466,True,2.884951406870279,1.0
47,Auction,V10,"(7, 55)",24.493625467387233,True,16.882176467941093,1.0
47,Q-Learning,V1,"(17, 34)",16.075035554209666,True,0.45355992499930053,1.0
47,Q-Learning,V2,"(63, 87)",23.484632941526378,True,9.027729719194866,4.0
47,Q-Learning,V3,"(83, 52)",23.018507688375276,True,4.769309258162071,1.0
47,Q-Learning,V4,"(87, 92)",34.79814957484534,False,0.0,2.0
47,Q-Learning,V5,"(29, 48)",2.810138239072579,True,19.884975646604197,2.0
47,Q-Learning,V6,"(4, 32)",15.204470422466713,True,22.450693909433,6.0
47,Q-Learning,V7,"(80, 1)",38.57509117432078,True,9.922722919355998,1.0
47,Q-Learning,V8,"(7, 55)",31.572688738521947,True,14.849257441899248,2.0
47,Q-Learning,V9,"(84, 61)",5.980915333950232,True,16.813959371941746,5.0
47,Q-Learning,V10,"(35, 44)",27.969924662143047,True,15.405877273185279,3.0
48,Greedy,V1,"(26, 13)",15.912822373345058,True,0.0,1.0
48,Greedy,V2,"(57, 58)",10.166227723919476,True,18.346134936801768,1.0
48,Greedy,V3,"(82, 48)",18.216388375108778,True,8.57142857142857,1.0
48,Greedy,V4,"(87, 98)",30.875397512606536,True,1.1246024873934637,1.0
48,Greedy,V5,"(83, 86)",6.53695076441058,True,14.355387483534201,1.0
48,Greedy,V6,"(67, 87)",22.174209535560003,True,9.5,1.0
48,Greedy,V7,"(80, 4)",14.52399453002753,True,33.870522660806316,1.0
48,Greedy,V8,"(2, 90)",33.08596884246246,True,11.335977337958738,1.0
48,Greedy,V9,"(59, 71)",13.02255583910614,True,4.459904646367605,1.0
48,Greedy,V10,"(53, 15)",22.293039405030108,True,18.08276253029822,1.0
48,Auction,V1,"(7, 30)",5.9910964959651665,True,9.5374989832438,1.0
48,Auction,V2,"(35, 44)",13.16865303600482,True,15.343709624716425,1.0
48,Auction,V3,"(83, 52)",23.018507688375276,True,3.769309258162071,1.0
48,Auction,V4,"(57, 65)",16.31360822582077,True,16.48454134902457,1.0
48,Auction,V5,"(17, 34)",7.132541213734342,True,12.884517468021258,1.0
48,Auction,V6,"(84, 61)",24.097817406225488,True,8.1776937417671,1.0
48,Auction,V7,"(80, 1)",38.57509117432078,True,8.922722919355998,1.0
48,Auction,V8,"(23, 89)",32.635293690646876,True,11.786652489774323,1.0
48,Auction,V9,"(29, 48)",15.597509078603466,True,1.8849514068702788,1.0
48,Auction,V10,"(7, 55)",24.493625467387233,True,15.882176467941093,1.0
48,Q-Learning,V1,"(17, 34)",16.075035554209666,True,0.0,1.0
48,Q-Learning,V2,"(63, 87)",23.484632941526378,True,8.027729719194866,4.0
48,Q-Learning,V3,"(83, 52)",23.018507688375276,True,3.769309258162071,1.0
48,Q-Learning,V4,"(23, 89)",1.6792302505602947,True,32.118919324285045,2.0
48,Q-Learning,V5,"(29, 48)",2.810138239072579,True,18.884975646604197,2.0
48,Q-Learning,V6,"(4, 32)",15.204470422466713,True,21.450693909433,6.0
48,Q-Learning,V7,"(80, 1)",38.57509117432078,True,8.922722919355998,1.0
48,Q-Learning,V8,"(7, 55)",31.572688738521947,True,13.849257441899248,2.0
48,Q-Learning,V9,"(84, 61)",5.980915333950232,True,15.813959371941746,5.0
48,Q-Learning,V10,"(35, 44)",27.969924662143047,True,14.405877273185279,3.0
49,Greedy,V1,"(26, 13)",15.912822373345058,False,0.0,2.0
49,Greedy,V2,"(57, 58)",10.166227723919476,True,17.346134936801768,1.0
49,Greedy,V3,"(82, 48)",18.216388375108778,True,7.571428571428569,1.0
49,Greedy,V4,"(87, 98)",30.875397512606536,True,0.12460248739346369,1.0
49,Greedy,V5,"(83, 86)",6.53695076441058,True,13.355387483534201,1.0
49,Greedy,V6,"(67, 87)",22.174209535560003,True,8.5,1.0
49,Greedy,V7,"(80, 4)",14.52399453002753,True,32.870522660806316,1.0
49,Greedy,V8,"(2, 90)",33.08596884246246,True,10.335977337958738,1.0
49,Greedy,V9,"(59, 71)",13.02255583910614,True,3.4599046463676046,1.0
49,Greedy,V10,"(53, 15)",22.293039405030108,True,17.08276253029822,1.0
49,Auction,V1,"(7, 30)",5.9910964959651665,True,8.5374989832438,1.0
49,Auction,V2,"(35, 44)",13.16865303600482,True,14.343709624716425,1.0
49,Auction,V3,"(83, 52)",23.018507688375276,True,2.769309258162071,1.0
49,Auction,V4,"(57, 65)",16.31360822582077,True,15.484541349024571,1.0
49,Auction,V5,"(17, 34)",7.132541213734342,True,11.884517468021258,1.0
49,Auction,V6,"(84, 61)",24.097817406225488,True,7.177693741767101,1.0
49,Auction,V7,"(80, 1)",38.57509117432078,True,7.922722919355998,1.0
49,Auction,V8,"(23, 89)",32.635293690646876,True,10.786652489774323,1.0
49,Auction,V9,"(29, 48)",15.597509078603466,True,0.8849514068702788,1.0
49,Auction,V10,"(7, 55)",24.493625467387233,True,14.882176467941093,1.0
49,Q-Learning,V1,"(17, 34)",16.075035554209666,False,0.0,2.0
49,Q-Learning,V2,"(63, 87)",23.484632941526378,True,7.027729719194866,4.0
49,Q-Learning,V3,"(83, 52)",23.018507688375276,True,2.769309258162071,1.0
49,Q-Learning,V4,"(23, 89)",1.6792302505602947,True,31.118919324285045,2.0
49,Q-Learning,V5,"(29, 48)",2.810138239072579,True,17.884975646604197,2.0
49,Q-Learning,V6,"(4, 32)",15.204470422466713,True,20.450693909433,6.0
49,Q-Learning,V7,"(80, 1)",38.57509117432078,True,7.922722919355998,1.0
49,Q-Learning,V8,"(7, 55)",31.572688738521947,True,12.849257441899248,2.0
49,Q-Learning,V9,"(84, 61)",5.980915333950232,True,14.813959371941746,5.0
49,Q-Learning,V10,"(35, 44)",27.969924662143047,True,13.405877273185279,3.0
50,Greedy,V1,"(26, 13)",15.912822373345058,False,0.0,3.0
50,Greedy,V2,"(57, 58)",10.166227723919476,True,16.346134936801768,1.0
50,Greedy,V3,"(82, 48)",18.216388375108778,True,6.571428571428569,1.0
50,Greedy,V4,"(87, 98)",30.875397512606536,True,0.0,1.0
50,Greedy,V5,"(83, 86)",6.53695076441058,True,12.355387483534201,1.0
50,Greedy,V6,"(67, 87)",22.174209535560003,True,7.5,1.0
50,Greedy,V7,"(80, 4)",14.52399453002753,True,31.870522660806316,1.0
50,Greedy,V8,"(2, 90)",33.08596884246246,True,9.335977337958738,1.0
50,Greedy,V9,"(59, 71)",13.02255583910614,True,2.4599046463676046,1.0
50,Greedy,V10,"(53, 15)",22.293039405030108,True,16.08276253029822,1.0
50,Auction,V1,"(7, 30)",5.9910964959651665,True,7.5374989832438,1.0
50,Auction,V2,"(35, 44)",13.16865303600482,True,13.343709624716425,1.0
50,Auction,V3,"(83, 52)",23.018507688375276,True,1.769309258162071,1.0
50,Auction,V4,"(57, 65)",16.31360822582077,True,14.484541349024571,1.0
50,Auction,V5,"(17, 34)",7.132541213734342,True,10.884517468021258,1.0
50,Auction,V6,"(84, 61)",24.097817406225488,True,6.177693741767101,1.0
50,Auction,V7,"(80, 1)",38.57509117432078,True,6.922722919355998,1.0
50,Auction,V8,"(23, 89)",32.635293690646876,True,9.786652489774323,1.0
50,Auction,V9,"(29, 48)",15.597509078603466,True,0.0,1.0
50,Auction,V10,"(7, 55)",24.493625467387233,True,13.882176467941093,1.0
50,Q-Learning,V1,"(17, 34)",16.075035554209666,False,0.0,3.0
50,Q-Learning,V2,"(63, 87)",23.484632941526378,True,6.027729719194866,4.0
50,Q-Learning,V3,"(83, 52)",23.018507688375276,True,1.769309258162071,1.0
50,Q-Learning,V4,"(23, 89)",1.6792302505602947,True,30.118919324285045,2.0
50,Q-Learning,V5,"(29, 48)",2.810138239072579,True,16.884975646604197,2.0
50,Q-Learning,V6,"(4, 32)",15.204470422466713,True,19.450693909433,6.0
50,Q-Learning,V7,"(80, 1)",38.57509117432078,True,6.922722919355998,1.0
50,Q-Learning,V8,"(7, 55)",31.572688738521947,True,11.849257441899248,2.0
50,Q-Learning,V9,"(84, 61)",5.980915333950232,True,13.813959371941746,5.0
50,Q-Learning,V10,"(35, 44)",27.969924662143047,True,12.405877273185279,3.0
51,Greedy,V1,"(26, 13)",15.912822373345058,False,0.0,4.0
51,Greedy,V2,"(57, 58)",10.166227723919476,True,15.346134936801768,1.0
51,Greedy,V3,"(82, 48)",18.216388375108778,True,5.571428571428569,1.0
51,Greedy,V4,"(87, 98)",2.8190734229456744,True,27.056324089660862,1.0
51,Greedy,V5,"(83, 86)",6.53695076441058,True,11.355387483534201,1.0
51,Greedy,V6,"(67, 87)",22.174209535560003,True,6.5,1.0
51,Greedy,V7,"(80, 4)",14.52399453002753,True,30.870522660806316,1.0
51,Greedy,V8,"(2, 90)",33.08596884246246,True,8.335977337958738,1.0
51,Greedy,V9,"(59, 71)",13.02255583910614,True,1.4599046463676046,1.0
51,Greedy,V10,"(53, 15)",22.293039405030108,True,15.082762530298218,1.0
51,Auction,V1,"(7, 30)",5.9910964959651665,True,6.5374989832438,1.0
51,Auction,V2,"(35, 44)",13.16865303600482,True,12.343709624716425,1.0
51,Auction,V3,"(83, 52)",23.018507688375276,True,0.7693092581620711,1.0
51,Auction,V4,"(57, 65)",16.31360822582077,True,13.484541349024571,1.0
51,Auction,V5,"(17, 34)",7.132541213734342,True,9.884517468021258,1.0
51,Auction,V6,"(84, 61)",24.097817406225488,True,5.177693741767101,1.0
51,Auction,V7,"(80, 1)",38.57509117432078,True,5.922722919355998,1.0
51,Auction,V8,"(23, 89)",32.635293690646876,True,8.786652489774323,1.0
51,Auction,V9,"(29, 48)",15.597509078603466,False,0.0,2.0
51,Auction,V10,"(7, 55)",24.493625467387233,True,12.882176467941093,1.0
51,Q-Learning,V1,"(17, 34)",16.075035554209666,False,0.0,4.0
51,Q-Learning,V2,"(63, 87)",23.484632941526378,True,5.027729719194866,4.0
51,Q-Learning,V3,"(83, 52)",23.018507688375276,True,0.7693092581620711,1.0
51,Q-Learning,V4,"(23, 89)",1.6792302505602947,True,29.118919324285045,2.0
51,Q-Learning,V5,"(29, 48)",2.810138239072579,True,15.884975646604197,2.0
51,Q-Learning,V6,"(4, 32)",15.204470422466713,True,18.450693909433,6.0
51,Q-Learning,V7,"(80, 1)",38.57509117432078,True,5.922722919355998,1.0
51,Q-Learning,V8,"(7, 55)",31.572688738521947,True,10.849257441899248,2.0
51,Q-Learning,V9,"(84, 61)",5.980915333950232,True,12.813959371941746,5.0
51,Q-Learning,V10,"(35, 44)",27.969924662143047,True,11.405877273185279,3.0
52,Greedy,V1,"(26, 13)",15.912822373345058,False,0.0,5.0
52,Greedy,V2,"(57, 58)",10.166227723919476,True,14.346134936801768,1.0
52,Greedy,V3,"(82, 48)",18.216388375108778,True,4.571428571428569,1.0
52,Greedy,V4,"(87, 98)",2.8190734229456744,True,26.056324089660862,1.0
52,Greedy,V5,"(83, 86)",6.53695076441058,True,10.355387483534201,1.0
52,Greedy,V6,"(67, 87)",22.174209535560003,True,5.5,1.0
52,Greedy,V7,"(80, 4)",14.52399453002753,True,29.870522660806316,1.0
52,Greedy,V8,"(2, 90)",33.08596884246246,True,7.335977337958738,1.0
52,Greedy,V9,"(59, 71)",13.02255583910614,True,0.45990464636760464,1.0
52,Greedy,V10,"(53, 15)",22.293039405030108,True,14.082762530298218,1.0
52,Auction,V1,"(7, 30)",5.9910964959651665,True,5.5374989832438,1.0
52,Auction,V2,"(35, 44)",13.16865303600482,True,11.343709624716425,1.0
52,Auction,V3,"(83, 52)",23.018507688375276,True,0.0,1.0
52,Auction,V4,"(57, 65)",16.31360822582077,True,12.484541349024571,1.0
52,Auction,V5,"(17, 34)",7.132541213734342,True,8.884517468021258,1.0
52,Auction,V6,"(84, 61)",24.097817406225488,True,4.177693741767101,1.0
52,Auction,V7,"(80, 1)",38.57509117432078,True,4.922722919355998,1.0
52,Auction,V8,"(23, 89)",32.635293690646876,True,7.786652489774323,1.0
52,Auction,V9,"(29, 48)",15.597509078603466,False,0.0,3.0
52,Auction,V10,"(7, 55)",24.493625467387233,True,11.882176467941093,1.0
52,Q-Learning,V1,"(17, 34)",16.075035554209666,False,0.0,5.0
52,Q-Learning,V2,"(63, 87)",23.484632941526378,True,4.027729719194866,4.0
52,Q-Learning,V3,"(83, 52)",23.018507688375276,True,0.0,1.0
52,Q-Learning,V4,"(23, 89)",1.6792302505602947,True,28.118919324285045,2.0
52,Q-Learning,V5,"(29, 48)",2.810138239072579,True,14.884975646604197,2.0
52,Q-Learning,V6,"(4, 32)",15.204470422466713,True,17.450693909433,6.0
52,Q-Learning,V7,"(80, 1)",38.57509117432078,True,4.922722919355998,1.0
52,Q-Learning,V8,"(7, 55)",31.572688738521947,True,9.849257441899248,2.0
52,Q-Learning,V9,"(84, 61)",5.980915333950232,True,11.813959371941746,5.0
52,Q-Learning,V10,"(35, 44)",27.969924662143047,True,10.405877273185279,3.0
53,Greedy,V1,"(26, 13)",15.912822373345058,False,0.0,6.0
53,Greedy,V2,"(57, 58)",10.166227723919476,True,13.346134936801768,1.0
53,Greedy,V3,"(82, 48)",18.216388375108778,True,3.5714285714285694,1.0
53,Greedy,V4,"(87, 98)",2.8190734229456744,True,25.056324089660862,1.0
53,Greedy,V5,"(83, 86)",6.53695076441058,True,9.355387483534201,1.0
53,Greedy,V6,"(67, 87)",22.174209535560003,True,4.5,1.0
53,Greedy,V7,"(80, 4)",14.52399453002753,True,28.870522660806316,1.0
53,Greedy,V8,"(2, 90)",33.08596884246246,True,6.335977337958738,1.0
53,Greedy,V9,"(59, 71)",13.02255583910614,True,0.0,1.0
53,Greedy,V10,"(53, 15)",22.293039405030108,True,13.082762530298218,1.0
53,Auction,V1,"(7, 30)",5.9910964959651665,True,4.5374989832438,1.0
53,Auction,V2,"(35, 44)",13.16865303600482,True,10.343709624716425,1.0
53,Auction,V3,"(74, 91)",7.300651660892562,True,14.717856027482714,1.0
53,Auction,V4,"(57, 65)",16.31360822582077,True,11.484541349024571,1.0
53,Auction,V5,"(17, 34)",7.132541213734342,True,7.884517468021258,1.0
53,Auction,V6,"(84, 61)",24.097817406225488,True,3.1776937417671007,1.0
53,Auction,V7,"(80, 1)",38.57509117432078,True,3.922722919355998,1.0
53,Auction,V8,"(23, 89)",32.635293690646876,True,6.786652489774323,1.0
53,Auction,V9,"(29, 48)",15.597509078603466,False,0.0,4.0
53,Auction,V10,"(7, 55)",24.493625467387233,True,10.882176467941093,1.0
53,Q-Learning,V1,"(17, 34)",16.075035554209666,False,0.0,6.0
53,Q-Learning,V2,"(63, 87)",23.484632941526378,True,3.027729719194866,4.0
53,Q-Learning,V3,"(57, 65)",4.865810015875667,True,17.15269767249961,1.0
53,Q-Learning,V4,"(23, 89)",1.6792302505602947,True,27.118919324285045,2.0
53,Q-Learning,V5,"(29, 48)",2.810138239072579,True,13.884975646604197,2.0
53,Q-Learning,V6,"(4, 32)",15.204470422466713,True,16.450693909433,6.0
53,Q-Learning,V7,"(80, 1)",38.57509117432078,True,3.922722919355998,1.0
53,Q-Learning,V8,"(7, 55)",31.572688738521947,True,8.849257441899248,2.0
53,Q-Learning,V9,"(84, 61)",5.980915333950232,True,10.813959371941746,5.0
53,Q-Learning,V10,"(35, 44)",27.969924662143047,True,9.405877273185279,3.0
54,Greedy,V1,"(26, 13)",15.912822373345058,False,0.0,7.0
54,Greedy,V2,"(57, 58)",10.166227723919476,True,12.346134936801768,1.0
54,Greedy,V3,"(82, 48)",18.216388375108778,True,2.5714285714285694,1.0
54,Greedy,V4,"(87, 98)",2.8190734229456744,True,24.056324089660862,1.0
54,Greedy,V5,"(83, 86)",6.53695076441058,True,8.355387483534201,1.0
54,Greedy,V6,"(67, 87)",22.174209535560003,True,3.5,1.0
54,Greedy,V7,"(80, 4)",14.52399453002753,True,27.870522660806316,1.0
54,Greedy,V8,"(2, 90)",33.08596884246246,True,5.335977337958738,1.0
54,Greedy,V9,"(59, 71)",13.02255583910614,False,0.0,2.0
54,Greedy,V10,"(53, 15)",22.293039405030108,True,12.082762530298218,1.0
54,Auction,V1,"(7, 30)",5.9910964959651665,True,3.5374989832438004,1.0
54,Auction,V2,"(35, 44)",13.16865303600482,True,9.343709624716425,1.0
54,Auction,V3,"(74, 91)",7.300651660892562,True,13.717856027482714,1.0
54,Auction,V4,"(57, 65)",16.31360822582077,True,10.484541349024571,1.0
54,Auction,V5,"(17, 34)",7.132541213734342,True,6.884517468021258,1.0
54,Auction,V6,"(84, 61)",24.097817406225488,True,2.1776937417671007,1.0
54,Auction,V7,"(80, 1)",38.57509117432078,True,2.922722919355998,1.0
54,Auction,V8,"(23, 89)",32.635293690646876,True,5.786652489774323,1.0
54,Auction,V9,"(29, 48)",15.597509078603466,False,0.0,5.0
54,Auction,V10,"(7, 55)",24.493625467387233,True,9.882176467941093,1.0
54,Q-Learning,V1,"(17, 34)",16.075035554209666,False,0.0,7.0
54,Q-Learning,V2,"(63, 87)",23.484632941526378,True,2.027729719194866,4.0
54,Q-Learning,V3,"(57, 65)",4.865810015875667,True,16.15269767249961,1.0
54,Q-Learning,V4,"(23, 89)",1.6792302505602947,True,26.118919324285045,2.0
54,Q-Learning,V5,"(29, 48)",2.810138239072579,True,12.884975646604197,2.0
54,Q-Learning,V6,"(4, 32)",15.204470422466713,True,15.450693909433,6.0
54,Q-Learning,V7,"(80, 1)",38.57509117432078,True,2.922722919355998,1.0
54,Q-Learning,V8,"(7, 55)",31.572688738521947,True,7.849257441899248,2.0
54,Q-Learning,V9,"(84, 61)",5.980915333950232,True,9.813959371941746,5.0
54,Q-Learning,V10,"(35, 44)",27.969924662143047,True,8.405877273185279,3.0
55,Greedy,V1,"(26, 13)",15.912822373345058,False,0.0,8.0
55,Greedy,V2,"(57, 58)",10.166227723919476,True,11.346134936801768,1.0
55,Greedy,V3,"(82, 48)",18.216388375108778,True,1.5714285714285694,1.0
55,Greedy,V4,"(87, 98)",2.8190734229456744,True,23.056324089660862,1.0
55,Greedy,V5,"(83, 86)",6.53695076441058,True,7.3553874835342015,1.0
55,Greedy,V6,"(67, 87)",22.174209535560003,True,2.5,1.0
55,Greedy,V7,"(80, 4)",14.52399453002753,True,26.870522660806316,1.0
55,Greedy,V8,"(2, 90)",33.08596884246246,True,4.335977337958738,1.0
55,Greedy,V9,"(59, 71)",13.02255583910614,False,0.0,3.0
55,Greedy,V10,"(53, 15)",22.293039405030108,True,11.082762530298218,1.0
55,Auction,V1,"(7, 30)",5.9910964959651665,True,2.5374989832438004,1.0
55,Auction,V2,"(35, 44)",13.16865303600482,True,8.343709624716425,1.0
55,Auction,V3,"(74, 91)",7.300651660892562,True,12.717856027482714,1.0
55,Auction,V4,"(57, 65)",16.31360822582077,True,9.484541349024571,1.0
55,Auction,V5,"(17, 34)",7.132541213734342,True,5.884517468021258,1.0
55,Auction,V6,"(84, 61)",24.097817406225488,True,1.1776937417671007,1.0
55,Auction,V7,"(80, 1)",38.57509117432078,True,1.9227229193559978,1.0
55,Auction,V8,"(23, 89)",32.635293690646876,True,4.786652489774323,1.0
55,Auction,V9,"(0, 47)",0.45218961330434837,True,14.145319465299117,5.0
55,Auction,V10,"(7, 55)",24.493625467387233,True,8.882176467941093,1.0
55,Q-Learning,V1,"(17, 34)",16.075035554209666,False,0.0,8.0
55,Q-Learning,V2,"(63, 87)",23.484632941526378,True,1.0277297191948662,4.0
55,Q-Learning,V3,"(57, 65)",4.865810015875667,True,15.15269767249961,1.0
55,Q-Learning,V4,"(23, 89)",1.6792302505602947,True,25.118919324285045,2.0
55,Q-Learning,V5,"(29, 48)",2.810138239072579,True,11.884975646604197,2.0
55,Q-Learning,V6,"(4, 32)",15.204470422466713,True,14.450693909433,6.0
55,Q-Learning,V7,"(80, 1)",38.57509117432078,True,1.9227229193559978,1.0
55,Q-Learning,V8,"(7, 55)",31.572688738521947,True,6.849257441899248,2.0
55,Q-Learning,V9,"(84, 61)",5.980915333950232,True,8.813959371941746,5.0
55,Q-Learning,V10,"(35, 44)",27.969924662143047,True,7.405877273185279,3.0
56,Greedy,V1,"(26, 13)",15.912822373345058,False,0.0,9.0
56,Greedy,V2,"(57, 58)",10.166227723919476,True,10.346134936801768,1.0
56,Greedy,V3,"(82, 48)",18.216388375108778,True,0.5714285714285694,1.0
56,Greedy,V4,"(87, 98)",2.8190734229456744,True,22.056324089660862,1.0
56,Greedy,V5,"(83, 86)",6.53695076441058,True,6.3553874835342015,1.0
56,Greedy,V6,"(67, 87)",22.174209535560003,True,1.5,1.0
56,Greedy,V7,"(80, 4)",14.52399453002753,True,25.870522660806316,1.0
56,Greedy,V8,"(2, 90)",33.08596884246246,True,3.335977337958738,1.0
56,Greedy,V9,"(59, 71)",13.02255583910614,False,0.0,4.0
56,Greedy,V10,"(53, 15)",22.293039405030108,True,10.082762530298218,1.0
56,Auction,V1,"(7, 30)",5.9910964959651665,True,1.5374989832438004,1.0
56,Auction,V2,"(35, 44)",13.16865303600482,True,7.343709624716425,1.0
56,Auction,V3,"(74, 91)",7.300651660892562,True,11.717856027482714,1.0
56,Auction,V4,"(57, 65)",16.31360822582077,True,8.484541349024571,1.0
56,Auction,V5,"(17, 34)",7.132541213734342,True,4.884517468021258,1.0
56,Auction,V6,"(84, 61)",24.097817406225488,True,0.17769374176710073,1.0
56,Auction,V7,"(80, 1)",38.57509117432078,True,0.9227229193559978,1.0
56,Auction,V8,"(23, 89)",32.635293690646876,True,3.7866524897743226,1.0
56,Auction,V9,"(0, 47)",0.45218961330434837,True,13.145319465299117,5.0
56,Auction,V10,"(7, 55)",24.493625467387233,True,7.882176467941093,1.0
56,Q-Learning,V1,"(17, 34)",16.075035554209666,False,0.0,9.0
56,Q-Learning,V2,"(63, 87)",23.484632941526378,True,0.02772971919486622,4.0
56,Q-Learning,V3,"(57, 65)",4.865810015875667,True,14.15269767249961,1.0
56,Q-Learning,V4,"(23, 89)",1.6792302505602947,True,24.118919324285045,2.0
56,Q-Learning,V5,"(29, 48)",2.810138239072579,True,10.884975646604197,2.0
56,Q-Learning,V6,"(4, 32)",15.204470422466713,True,13.450693909433,6.0
56,Q-Learning,V7,"(80, 1)",38.57509117432078,True,0.9227229193559978,1.0
56,Q-Learning,V8,"(7, 55)",31.572688738521947,True,5.849257441899248,2.0
56,Q-Learning,V9,"(84, 61)",5.980915333950232,True,7.8139593719417455,5.0
56,Q-Learning,V10,"(35, 44)",27.969924662143047,True,6.405877273185279,3.0
57,Greedy,V1,"(26, 13)",15.912822373345058,False,0.0,10.0
57,Greedy,V2,"(57, 58)",10.166227723919476,True,9.346134936801768,1.0
57,Greedy,V3,"(82, 48)",18.216388375108778,True,0.0,1.0
57,Greedy,V4,"(87, 98)",2.8190734229456744,True,21.056324089660862,1.0
57,Greedy,V5,"(83, 86)",6.53695076441058,True,5.3553874835342015,1.0
57,Greedy,V6,"(67, 87)",22.174209535560003,True,0.5,1.0
57,Greedy,V7,"(80, 4)",14.52399453002753,True,24.870522660806316,1.0
57,Greedy,V8,"(2, 90)",33.08596884246246,True,2.335977337958738,1.0
57,Greedy,V9,"(59, 71)",13.02255583910614,False,0.0,5.0
57,Greedy,V10,"(53, 15)",22.293039405030108,True,9.082762530298218,1.0
57,Auction,V1,"(7, 30)",5.9910964959651665,True,0.5374989832438004,1.0
57,Auction,V2,"(35, 44)",13.16865303600482,True,6.343709624716425,1.0
57,Auction,V3,"(74, 91)",7.300651660892562,True,10.717856027482714,1.0
57,Auction,V4,"(57, 65)",16.31360822582077,True,7.484541349024571,1.0
57,Auction,V5,"(17, 34)",7.132541213734342,True,3.884517468021258,1.0
57,Auction,V6,"(84, 61)",24.097817406225488,True,0.0,1.0
57,Auction,V7,"(80, 1)",38.57509117432078,True,0.0,1.0
57,Auction,V8,"(23, 89)",32.635293690646876,True,2.7866524897743226,1.0
57,Auction,V9,"(0, 47)",0.45218961330434837,True,12.145319465299117,5.0
57,Auction,V10,"(7, 55)",24.493625467387233,True,6.882176467941093,1.0
57,Q-Learning,V1,"(17, 34)",16.075035554209666,False,0.0,10.0
57,Q-Learning,V2,"(63, 87)",23.484632941526378,True,0.0,4.0
57,Q-Learning,V3,"(57, 65)",4.865810015875667,True,13.15269767249961,1.0
57,Q-Learning,V4,"(23, 89)",1.6792302505602947,True,23.118919324285045,2.0
57,Q-Learning,V5,"(29, 48)",2.810138239072579,True,9.884975646604197,2.0
57,Q-Learning,V6,"(4, 32)",15.204470422466713,True,12.450693909433,6.0
57,Q-Learning,V7,"(80, 1)",38.57509117432078,True,0.0,1.0
57,Q-Learning,V8,"(7, 55)",31.572688738521947,True,4.849257441899248,2.0
57,Q-Learning,V9,"(84, 61)",5.980915333950232,True,6.8139593719417455,5.0
57,Q-Learning,V10,"(35, 44)",27.969924662143047,True,5.405877273185279,3.0
58,Greedy,V1,"(26, 13)",15.912822373345058,False,0.0,11.0
58,Greedy,V2,"(57, 58)",10.166227723919476,True,8.346134936801768,1.0
58,Greedy,V3,"(82, 48)",1.9681233097861934,True,15.248265065322585,1.0
58,Greedy,V4,"(87, 98)",2.8190734229456744,True,20.056324089660862,1.0
58,Greedy,V5,"(83, 86)",6.53695076441058,True,4.3553874835342015,1.0
58,Greedy,V6,"(67, 87)",22.174209535560003,True,0.0,1.0
58,Greedy,V7,"(80, 4)",14.52399453002753,True,23.870522660806316,1.0
58,Greedy,V8,"(2, 90)",33.08596884246246,True,1.335977337958738,1.0
58,Greedy,V9,"(59, 71)",13.02255583910614,False,0.0,6.0
58,Greedy,V10,"(53, 15)",22.293039405030108,True,8.082762530298218,1.0
58,Auction,V1,"(7, 30)",5.9910964959651665,True,0.0,1.0
58,Auction,V2,"(35, 44)",13.16865303600482,True,5.343709624716425,1.0
58,Auction,V3,"(74, 91)",7.300651660892562,True,9.717856027482714,1.0
58,Auction,V4,"(57, 65)",16.31360822582077,True,6.484541349024571,1.0
58,Auction,V5,"(17, 34)",7.132541213734342,True,2.884517468021258,1.0
58,Auction,V6,"(70, 57)",9.277789933905359,True,13.82002747232013,1.0
58,Auction,V7,"(7, 0)",14.145541318067082,True,23.4295498562537,1.0
58,Auction,V8,"(23, 89)",32.635293690646876,True,1.7866524897743226,1.0
58,Auction,V9,"(0, 47)",0.45218961330434837,True,11.145319465299117,5.0
58,Auction,V10,"(7, 55)",24.493625467387233,True,5.882176467941093,1.0
58,Q-Learning,V1,"(17, 34)",16.075035554209666,False,0.0,11.0
58,Q-Learning,V2,"(74, 91)",11.533849623073108,True,10.95078331845327,4.0
58,Q-Learning,V3,"(57, 65)",4.865810015875667,True,12.15269767249961,1.0
58,Q-Learning,V4,"(23, 89)",1.6792302505602947,True,22.118919324285045,2.0
58,Q-Learning,V5,"(29, 48)",2.810138239072579,True,8.884975646604197,2.0
58,Q-Learning,V6,"(4, 32)",15.204470422466713,True,11.450693909433,6.0
58,Q-Learning,V7,"(7, 0)",14.145541318067082,True,23.4295498562537,1.0
58,Q-Learning,V8,"(7, 55)",31.572688738521947,True,3.8492574418992476,2.0
58,Q-Learning,V9,"(84, 61)",5.980915333950232,True,5.8139593719417455,5.0
58,Q-Learning,V10,"(35, 44)",27.969924662143047,True,4.405877273185279,3.0
59,Greedy,V1,"(26, 13)",15.912822373345058,False,0.0,12.0
59,Greedy,V2,"(57, 58)",10.166227723919476,True,7.346134936801768,1.0
59,Greedy,V3,"(82, 48)",1.9681233097861934,True,14.248265065322585,1.0
59,Greedy,V4,"(87, 98)",2.8190734229456744,True,19.056324089660862,1.0
59,Greedy,V5,"(83, 86)",6.53695076441058,True,3.3553874835342015,1.0
59,Greedy,V6,"(67, 87)",5.405506177639669,True,15.768703357920334,1.0
59,Greedy,V7,"(80, 4)",14.52399453002753,True,22.870522660806316,1.0
59,Greedy,V8,"(2, 90)",33.08596884246246,True,0.3359773379587381,1.0
59,Greedy,V9,"(59, 71)",13.02255583910614,False,0.0,7.0
59,Greedy,V10,"(53, 15)",22.293039405030108,True,7.0827625302982185,1.0
59,Auction,V1,"(7, 30)",5.9910964959651665,False,0.0,2.0
59,Auction,V2,"(35, 44)",13.16865303600482,True,4.343709624716425,1.0
59,Auction,V3,"(74, 91)",7.300651660892562,True,8.717856027482714,1.0
59,Auction,V4,"(57, 65)",16.31360822582077,True,5.484541349024571,1.0
59,Auction,V5,"(17, 34)",7.132541213734342,True,1.884517468021258,1.0
59,Auction,V6,"(70, 57)",9.277789933905359,True,12.82002747232013,1.0
59,Auction,V7,"(7, 0)",14.145541318067082,True,22.4295498562537,1.0
59,Auction,V8,"(23, 89)",32.635293690646876,True,0.7866524897743226,1.0
59,Auction,V9,"(0, 47)",0.45218961330434837,True,10.145319465299117,5.0
59,Auction,V10,"(7, 55)",24.493625467387233,True,4.882176467941093,1.0
59,Q-Learning,V1,"(17, 34)",16.075035554209666,False,0.0,12.0
59,Q-Learning,V2,"(74, 91)",11.533849623073108,True,9.95078331845327,4.0
59,Q-Learning,V3,"(57, 65)",4.865810015875667,True,11.15269767249961,1.0
59,Q-Learning,V4,"(23, 89)",1.6792302505602947,True,21.118919324285045,2.0
59,Q-Learning,V5,"(29, 48)",2.810138239072579,True,7.884975646604197,2.0
59,Q-Learning,V6,"(4, 32)",15.204470422466713,True,10.450693909433,6.0
59,Q-Learning,V7,"(7, 0)",14.145541318067082,True,22.4295498562537,1.0
59,Q-Learning,V8,"(7, 55)",31.572688738521947,True,2.8492574418992476,2.0
59,Q-Learning,V9,"(84, 61)",5.980915333950232,True,4.8139593719417455,5.0
59,Q-Learning,V10,"(35, 44)",27.969924662143047,True,3.405877273185279,3.0
60,Greedy,V1,"(26, 13)",15.912822373345058,False,0.0,13.0
60,Greedy,V2,"(57, 58)",10.166227723919476,True,6.346134936801768,1.0
60,Greedy,V3,"(82, 48)",1.9681233097861934,True,13.248265065322585,1.0
60,Greedy,V4,"(87, 98)",2.8190734229456744,True,18.056324089660862,1.0
60,Greedy,V5,"(83, 86)",6.53695076441058,True,2.3553874835342015,1.0
60,Greedy,V6,"(67, 87)",5.405506177639669,True,14.768703357920334,1.0
60,Greedy,V7,"(80, 4)",14.52399453002753,True,21.870522660806316,1.0
60,Greedy,V8,"(2, 90)",33.08596884246246,True,0.0,1.0
60,Greedy,V9,"(59, 71)",13.02255583910614,False,0.0,8.0
60,Greedy,V10,"(53, 15)",22.293039405030108,True,6.0827625302982185,1.0
60,Auction,V1,"(7, 30)",5.9910964959651665,False,0.0,3.0
60,Auction,V2,"(35, 44)",13.16865303600482,True,3.343709624716425,1.0
60,Auction,V3,"(74, 91)",7.300651660892562,True,7.717856027482714,1.0
60,Auction,V4,"(57, 65)",16.31360822582077,True,4.484541349024571,1.0
60,Auction,V5,"(17, 34)",7.132541213734342,True,0.884517468021258,1.0
60,Auction,V6,"(70, 57)",9.277789933905359,True,11.82002747232013,1.0
60,Auction,V7,"(7, 0)",14.145541318067082,True,21.4295498562537,1.0
60,Auction,V8,"(23, 89)",32.635293690646876,True,0.0,1.0
60,Auction,V9,"(0, 47)",0.45218961330434837,True,9.145319465299117,5.0
60,Auction,V10,"(7, 55)",24.493625467387233,True,3.8821764679410933,1.0
60,Q-Learning,V1,"(17, 34)",16.075035554209666,False,0.0,13.0
60,Q-Learning,V2,"(74, 91)",11.533849623073108,True,8.95078331845327,4.0
60,Q-Learning,V3,"(57, 65)",4.865810015875667,True,10.15269767249961,1.0
60,Q-Learning,V4,"(23, 89)",1.6792302505602947,True,20.118919324285045,2.0
60,Q-Learning,V5,"(29, 48)",2.810138239072579,True,6.884975646604197,2.0
60,Q-Learning,V6,"(4, 32)",15.204470422466713,True,9.450693909433,6.0
60,Q-Learning,V7,"(7, 0)",14.145541318067082,True,21.4295498562537,1.0
60,Q-Learning,V8,"(7, 55)",31.572688738521947,True,1.8492574418992476,2.0
60,Q-Learning,V9,"(84, 61)",5.980915333950232,True,3.8139593719417455,5.0
60,Q-Learning,V10,"(35, 44)",27.969924662143047,True,2.405877273185279,3.0
61,Greedy,V1,"(26, 13)",15.912822373345058,False,0.0,14.0
61,Greedy,V2,"(57, 58)",10.166227723919476,True,5.346134936801768,1.0
61,Greedy,V3,"(82, 48)",1.9681233097861934,True,12.248265065322585,1.0
61,Greedy,V4,"(87, 98)",2.8190734229456744,True,17.056324089660862,1.0
61,Greedy,V5,"(83, 86)",6.53695076441058,True,1.3553874835342015,1.0
61,Greedy,V6,"(67, 87)",5.405506177639669,True,13.768703357920334,1.0
61,Greedy,V7,"(80, 4)",14.52399453002753,True,20.870522660806316,1.0
61,Greedy,V8,"(2, 90)",5.525606594304229,True,26.560362248158228,1.0
61,Greedy,V9,"(59, 71)",13.02255583910614,False,0.0,9.0
61,Greedy,V10,"(53, 15)",22.293039405030108,True,5.0827625302982185,1.0
61,Auction,V1,"(7, 30)",5.9910964959651665,False,0.0,4.0
61,Auction,V2,"(35, 44)",13.16865303600482,True,2.343709624716425,1.0
61,Auction,V3,"(74, 91)",7.300651660892562,True,6.717856027482714,1.0
61,Auction,V4,"(57, 65)",16.31360822582077,True,3.484541349024571,1.0
61,Auction,V5,"(17, 34)",7.132541213734342,True,0.0,1.0
61,Auction,V6,"(70, 57)",9.277789933905359,True,10.82002747232013,1.0
61,Auction,V7,"(7, 0)",14.145541318067082,True,20.4295498562537,1.0
61,Auction,V8,"(8, 75)",5.355484298570964,True,26.27980939207591,1.0
61,Auction,V9,"(0, 47)",0.45218961330434837,True,8.145319465299117,5.0
61,Auction,V10,"(7, 55)",24.493625467387233,True,2.8821764679410933,1.0
61,Q-Learning,V1,"(17, 34)",16.075035554209666,False,0.0,14.0
61,Q-Learning,V2,"(74, 91)",11.533849623073108,True,7.95078331845327,4.0
61,Q-Learning,V3,"(57, 65)",4.865810015875667,True,9.15269767249961,1.0
61,Q-Learning,V4,"(23, 89)",1.6792302505602947,True,19.118919324285045,2.0
61,Q-Learning,V5,"(29, 48)",2.810138239072579,True,5.884975646604197,2.0
61,Q-Learning,V6,"(4, 32)",15.204470422466713,True,8.450693909433,6.0
61,Q-Learning,V7,"(7, 0)",14.145541318067082,True,20.4295498562537,1.0
61,Q-Learning,V8,"(7, 55)",31.572688738521947,True,0.8492574418992476,2.0
61,Q-Learning,V9,"(84, 61)",5.980915333950232,True,2.8139593719417455,5.0
61,Q-Learning,V10,"(35, 44)",27.969924662143047,True,1.405877273185279,3.0
62,Greedy,V1,"(26, 13)",15.912822373345058,False,0.0,15.0
62,Greedy,V2,"(57, 58)",10.166227723919476,True,4.346134936801768,1.0
62,Greedy,V3,"(82, 48)",1.9681233097861934,True,11.248265065322585,1.0
62,Greedy,V4,"(87, 98)",2.8190734229456744,True,16.056324089660862,1.0
62,Greedy,V5,"(83, 86)",6.53695076441058,True,0.35538748353420146,1.0
62,Greedy,V6,"(67, 87)",5.405506177639669,True,12.768703357920334,1.0
62,Greedy,V7,"(80, 4)",14.52399453002753,True,19.870522660806316,1.0
62,Greedy,V8,"(2, 90)",5.525606594304229,True,25.560362248158228,1.0
62,Greedy,V9,"(59, 71)",13.02255583910614,False,0.0,10.0
62,Greedy,V10,"(53, 15)",22.293039405030108,True,4.0827625302982185,1.0
62,Auction,V1,"(7, 30)",5.9910964959651665,False,0.0,5.0
62,Auction,V2,"(35, 44)",13.16865303600482,True,1.3437096247164249,1.0
62,Auction,V3,"(74, 91)",7.300651660892562,True,5.717856027482714,1.0
62,Auction,V4,"(57, 65)",16.31360822582077,True,2.484541349024571,1.0
62,Auction,V5,"(17, 34)",7.132541213734342,False,0.0,2.0
62,Auction,V6,"(70, 57)",9.277789933905359,True,9.82002747232013,1.0
62,Auction,V7,"(7, 0)",14.145541318067082,True,19.4295498562537,1.0
62,Auction,V8,"(8, 75)",5.355484298570964,True,25.27980939207591,1.0
62,Auction,V9,"(0, 47)",0.45218961330434837,True,7.145319465299117,5.0
62,Auction,V10,"(7, 55)",24.493625467387233,True,1.8821764679410933,1.0
62,Q-Learning,V1,"(17, 34)",16.075035554209666,False,0.0,15.0
62,Q-Learning,V2,"(74, 91)",11.533849623073108,True,6.95078331845327,4.0
62,Q-Learning,V3,"(57, 65)",4.865810015875667,True,8.15269767249961,1.0
62,Q-Learning,V4,"(23, 89)",1.6792302505602947,True,18.118919324285045,2.0
62,Q-Learning,V5,"(29, 48)",2.810138239072579,True,4.884975646604197,2.0
62,Q-Learning,V6,"(4, 32)",15.204470422466713,True,7.450693909432999,6.0
62,Q-Learning,V7,"(7, 0)",14.145541318067082,True,19.4295498562537,1.0
62,Q-Learning,V8,"(7, 55)",31.572688738521947,True,0.0,2.0
62,Q-Learning,V9,"(84, 61)",5.980915333950232,True,1.8139593719417455,5.0
62,Q-Learning,V10,"(35, 44)",27.969924662143047,True,0.4058772731852791,3.0
63,Greedy,V1,"(26, 13)",15.912822373345058,False,0.0,16.0
63,Greedy,V2,"(57, 58)",10.166227723919476,True,3.346134936801768,1.0
63,Greedy,V3,"(82, 48)",1.9681233097861934,True,10.248265065322585,1.0
63,Greedy,V4,"(87, 98)",2.8190734229456744,True,15.056324089660862,1.0
63,Greedy,V5,"(83, 86)",6.53695076441058,True,0.0,1.0
63,Greedy,V6,"(67, 87)",5.405506177639669,True,11.768703357920334,1.0
63,Greedy,V7,"(80, 4)",14.52399453002753,True,18.870522660806316,1.0
63,Greedy,V8,"(2, 90)",5.525606594304229,True,24.560362248158228,1.0
63,Greedy,V9,"(59, 71)",13.02255583910614,False,0.0,11.0
63,Greedy,V10,"(53, 15)",22.293039405030108,True,3.0827625302982185,1.0
63,Auction,V1,"(7, 30)",5.9910964959651665,False,0.0,6.0
63,Auction,V2,"(35, 44)",13.16865303600482,True,0.34370962471642486,1.0
63,Auction,V3,"(74, 91)",7.300651660892562,True,4.717856027482714,1.0
63,Auction,V4,"(57, 65)",16.31360822582077,True,1.4845413490245711,1.0
63,Auction,V5,"(17, 34)",7.132541213734342,False,0.0,3.0
63,Auction,V6,"(70, 57)",9.277789933905359,True,8.82002747232013,1.0
63,Auction,V7,"(7, 0)",14.145541318067082,True,18.4295498562537,1.0
63,Auction,V8,"(8, 75)",5.355484298570964,True,24.27980939207591,1.0
63,Auction,V9,"(0, 47)",0.45218961330434837,True,6.145319465299117,5.0
63,Auction,V10,"(7, 55)",24.493625467387233,True,0.8821764679410933,1.0
63,Q-Learning,V1,"(17, 34)",16.075035554209666,False,0.0,16.0
63,Q-Learning,V2,"(74, 91)",11.533849623073108,True,5.95078331845327,4.0
63,Q-Learning,V3,"(57, 65)",4.865810015875667,True,7.15269767249961,1.0
63,Q-Learning,V4,"(23, 89)",1.6792302505602947,True,17.118919324285045,2.0
63,Q-Learning,V5,"(29, 48)",2.810138239072579,True,3.8849756466041967,2.0
63,Q-Learning,V6,"(4, 32)",15.204470422466713,True,6.450693909432999,6.0
63,Q-Learning,V7,"(7, 0)",14.145541318067082,True,18.4295498562537,1.0
63,Q-Learning,V8,"(62, 5)",7.313761656678331,True,23.258927081843616,2.0
63,Q-Learning,V9,"(84, 61)",5.980915333950232,True,0.8139593719417455,5.0
63,Q-Learning,V10,"(35, 44)",27.969924662143047,True,0.0,3.0
64,Greedy,V1,"(26, 13)",15.912822373345058,False,0.0,17.0
64,Greedy,V2,"(57, 58)",10.166227723919476,True,2.346134936801768,1.0
64,Greedy,V3,"(82, 48)",1.9681233097861934,True,9.248265065322585,1.0
64,Greedy,V4,"(87, 98)",2.8190734229456744,True,14.056324089660862,1.0
64,Greedy,V5,"(83, 86)",6.53695076441058,False,0.0,2.0
64,Greedy,V6,"(67, 87)",5.405506177639669,True,10.768703357920334,1.0
64,Greedy,V7,"(80, 4)",14.52399453002753,True,17.870522660806316,1.0
64,Greedy,V8,"(2, 90)",5.525606594304229,True,23.560362248158228,1.0
64,Greedy,V9,"(59, 71)",13.02255583910614,False,0.0,12.0
64,Greedy,V10,"(53, 15)",22.293039405030108,True,2.0827625302982185,1.0
64,Auction,V1,"(7, 30)",5.9910964959651665,False,0.0,7.0
64,Auction,V2,"(35, 44)",13.16865303600482,True,0.0,1.0
64,Auction,V3,"(74, 91)",7.300651660892562,True,3.717856027482714,1.0
64,Auction,V4,"(57, 65)",16.31360822582077,True,0.48454134902457113,1.0
64,Auction,V5,"(17, 34)",7.132541213734342,False,0.0,4.0
64,Auction,V6,"(70, 57)",9.277789933905359,True,7.820027472320129,1.0
64,Auction,V7,"(7, 0)",14.145541318067082,True,17.4295498562537,1.0
64,Auction,V8,"(8, 75)",5.355484298570964,True,23.27980939207591,1.0
64,Auction,V9,"(0, 47)",0.45218961330434837,True,5.145319465299117,5.0
64,Auction,V10,"(7, 55)",24.493625467387233,True,0.0,1.0
64,Q-Learning,V1,"(17, 34)",16.075035554209666,False,0.0,17.0
64,Q-Learning,V2,"(74, 91)",11.533849623073108,True,4.95078331845327,4.0
64,Q-Learning,V3,"(57, 65)",4.865810015875667,True,6.15269767249961,1.0
64,Q-Learning,V4,"(23, 89)",1.6792302505602947,True,16.118919324285045,2.0
64,Q-Learning,V5,"(29, 48)",2.810138239072579,True,2.8849756466041967,2.0
64,Q-Learning,V6,"(4, 32)",15.204470422466713,True,5.450693909432999,6.0
64,Q-Learning,V7,"(7, 0)",14.145541318067082,True,17.4295498562537,1.0
64,Q-Learning,V8,"(62, 5)",7.313761656678331,True,22.258927081843616,2.0
64,Q-Learning,V9,"(84, 61)",5.980915333950232,True,0.0,5.0
64,Q-Learning,V10,"(12, 44)",4.369924662143045,True,22.6,3.0
65,Greedy,V1,"(26, 13)",15.912822373345058,False,0.0,18.0
65,Greedy,V2,"(57, 58)",10.166227723919476,True,1.3461349368017679,1.0
65,Greedy,V3,"(82, 48)",1.9681233097861934,True,8.248265065322585,1.0
65,Greedy,V4,"(87, 98)",2.8190734229456744,True,13.056324089660862,1.0
65,Greedy,V5,"(83, 86)",6.53695076441058,False,0.0,3.0
65,Greedy,V6,"(67, 87)",5.405506177639669,True,9.768703357920334,1.0
65,Greedy,V7,"(80, 4)",14.52399453002753,True,16.870522660806316,1.0
65,Greedy,V8,"(2, 90)",5.525606594304229,True,22.560362248158228,1.0
65,Greedy,V9,"(59, 71)",13.02255583910614,False,0.0,13.0
65,Greedy,V10,"(53, 15)",22.293039405030108,True,1.0827625302982185,1.0
65,Auction,V1,"(7, 30)",5.9910964959651665,False,0.0,8.0
65,Auction,V2,"(35, 44)",13.16865303600482,False,0.0,2.0
65,Auction,V3,"(74, 91)",7.300651660892562,True,2.717856027482714,1.0
65,Auction,V4,"(57, 65)",16.31360822582077,True,0.0,1.0
65,Auction,V5,"(17, 34)",7.132541213734342,False,0.0,5.0
65,Auction,V6,"(70, 57)",9.277789933905359,True,6.820027472320129,1.0
65,Auction,V7,"(7, 0)",14.145541318067082,True,16.4295498562537,1.0
65,Auction,V8,"(8, 75)",5.355484298570964,True,22.27980939207591,1.0
65,Auction,V9,"(0, 47)",0.45218961330434837,True,4.145319465299117,5.0
65,Auction,V10,"(12, 44)",3.077016272668317,True,20.416609194718916,1.0
65,Q-Learning,V1,"(17, 34)",16.075035554209666,False,0.0,18.0
65,Q-Learning,V2,"(74, 91)",11.533849623073108,True,3.9507833184532704,4.0
65,Q-Learning,V3,"(57, 65)",4.865810015875667,True,5.15269767249961,1.0
65,Q-Learning,V4,"(23, 89)",1.6792302505602947,True,15.118919324285045,2.0
65,Q-Learning,V5,"(29, 48)",2.810138239072579,True,1.8849756466041967,2.0
65,Q-Learning,V6,"(4, 32)",15.204470422466713,True,4.450693909432999,6.0
65,Q-Learning,V7,"(7, 0)",14.145541318067082,True,16.4295498562537,1.0
65,Q-Learning,V8,"(62, 5)",7.313761656678331,True,21.258927081843616,2.0
65,Q-Learning,V9,"(84, 61)",5.980915333950232,False,0.0,6.0
65,Q-Learning,V10,"(12, 44)",4.369924662143045,True,21.6,3.0
66,Greedy,V1,"(26, 13)",15.912822373345058,False,0.0,19.0
66,Greedy,V2,"(57, 58)",10.166227723919476,True,0.3461349368017679,1.0
66,Greedy,V3,"(82, 48)",1.9681233097861934,True,7.248265065322585,1.0
66,Greedy,V4,"(87, 98)",2.8190734229456744,True,12.056324089660862,1.0
66,Greedy,V5,"(83, 86)",6.53695076441058,False,0.0,4.0
66,Greedy,V6,"(67, 87)",5.405506177639669,True,8.768703357920334,1.0
66,Greedy,V7,"(80, 4)",14.52399453002753,True,15.870522660806316,1.0
66,Greedy,V8,"(2, 90)",5.525606594304229,True,21.560362248158228,1.0
66,Greedy,V9,"(59, 71)",13.02255583910614,False,0.0,14.0
66,Greedy,V10,"(53, 15)",22.293039405030108,True,0.08276253029821845,1.0
66,Auction,V1,"(7, 30)",5.9910964959651665,False,0.0,9.0
66,Auction,V2,"(35, 44)",13.16865303600482,False,0.0,3.0
66,Auction,V3,"(74, 91)",7.300651660892562,True,1.7178560274827142,1.0
66,Auction,V4,"(57, 65)",16.31360822582077,False,0.0,2.0
66,Auction,V5,"(17, 34)",7.132541213734342,False,0.0,6.0
66,Auction,V6,"(70, 57)",9.277789933905359,True,5.820027472320129,1.0
66,Auction,V7,"(7, 0)",14.145541318067082,True,15.4295498562537,1.0
66,Auction,V8,"(8, 75)",5.355484298570964,True,21.27980939207591,1.0
66,Auction,V9,"(0, 47)",0.45218961330434837,True,3.145319465299117,5.0
66,Auction,V10,"(12, 44)",3.077016272668317,True,19.416609194718916,1.0
66,Q-Learning,V1,"(17, 34)",16.075035554209666,False,0.0,19.0
66,Q-Learning,V2,"(74, 91)",11.533849623073108,True,2.9507833184532704,4.0
66,Q-Learning,V3,"(57, 65)",4.865810015875667,True,4.15269767249961,1.0
66,Q-Learning,V4,"(23, 89)",1.6792302505602947,True,14.118919324285045,2.0
66,Q-Learning,V5,"(29, 48)",2.810138239072579,True,0.8849756466041967,2.0
66,Q-Learning,V6,"(4, 32)",15.204470422466713,True,3.4506939094329994,6.0
66,Q-Learning,V7,"(7, 0)",14.145541318067082,True,15.4295498562537,1.0
66,Q-Learning,V8,"(62, 5)",7.313761656678331,True,20.258927081843616,2.0
66,Q-Learning,V9,"(84, 61)",5.980915333950232,False,0.0,7.0
66,Q-Learning,V10,"(12, 44)",4.369924662143045,True,20.6,3.0
67,Greedy,V1,"(26, 13)",15.912822373345058,False,0.0,20.0
67,Greedy,V2,"(57, 58)",10.166227723919476,True,0.0,1.0
67,Greedy,V3,"(82, 48)",1.9681233097861934,True,6.248265065322585,1.0
67,Greedy,V4,"(87, 98)",2.8190734229456744,True,11.056324089660862,1.0
67,Greedy,V5,"(83, 86)",6.53695076441058,False,0.0,5.0
67,Greedy,V6,"(67, 87)",5.405506177639669,True,7.768703357920334,1.0
67,Greedy,V7,"(80, 4)",14.52399453002753,True,14.870522660806316,1.0
67,Greedy,V8,"(2, 90)",5.525606594304229,True,20.560362248158228,1.0
67,Greedy,V9,"(59, 71)",13.02255583910614,False,0.0,15.0
67,Greedy,V10,"(53, 15)",22.293039405030108,True,0.0,1.0
67,Auction,V1,"(7, 30)",5.9910964959651665,False,0.0,10.0
67,Auction,V2,"(35, 44)",13.16865303600482,False,0.0,4.0
67,Auction,V3,"(74, 91)",7.300651660892562,True,0.7178560274827142,1.0
67,Auction,V4,"(57, 65)",16.31360822582077,False,0.0,3.0
67,Auction,V5,"(17, 34)",7.132541213734342,False,0.0,7.0
67,Auction,V6,"(70, 57)",9.277789933905359,True,4.820027472320129,1.0
67,Auction,V7,"(7, 0)",14.145541318067082,True,14.4295498562537,1.0
67,Auction,V8,"(8, 75)",5.355484298570964,True,20.27980939207591,1.0
67,Auction,V9,"(0, 47)",0.45218961330434837,True,2.145319465299117,5.0
67,Auction,V10,"(12, 44)",3.077016272668317,True,18.416609194718916,1.0
67,Q-Learning,V1,"(17, 34)",16.075035554209666,False,0.0,20.0
67,Q-Learning,V2,"(74, 91)",11.533849623073108,True,1.9507833184532704,4.0
67,Q-Learning,V3,"(57, 65)",4.865810015875667,True,3.1526976724996096,1.0
67,Q-Learning,V4,"(23, 89)",1.6792302505602947,True,13.118919324285045,2.0
67,Q-Learning,V5,"(29, 48)",2.810138239072579,True,0.0,2.0
67,Q-Learning,V6,"(4, 32)",15.204470422466713,True,2.4506939094329994,6.0
67,Q-Learning,V7,"(7, 0)",14.145541318067082,True,14.4295498562537,1.0
67,Q-Learning,V8,"(62, 5)",7.313761656678331,True,19.258927081843616,2.0
67,Q-Learning,V9,"(84, 61)",5.980915333950232,False,0.0,8.0
67,Q-Learning,V10,"(12, 44)",4.369924662143045,True,19.6,3.0
68,Greedy,V1,"(26, 13)",15.912822373345058,False,0.0,21.0
68,Greedy,V2,"(57, 58)",10.166227723919476,False,0.0,2.0
68,Greedy,V3,"(82, 48)",1.9681233097861934,True,5.248265065322585,1.0
68,Greedy,V4,"(87, 98)",2.8190734229456744,True,10.056324089660862,1.0
68,Greedy,V5,"(83, 86)",6.53695076441058,False,0.0,6.0
68,Greedy,V6,"(67, 87)",5.405506177639669,True,6.768703357920334,1.0
68,Greedy,V7,"(80, 4)",14.52399453002753,True,13.870522660806316,1.0
68,Greedy,V8,"(2, 90)",5.525606594304229,True,19.560362248158228,1.0
68,Greedy,V9,"(59, 71)",13.02255583910614,False,0.0,16.0
68,Greedy,V10,"(53, 15)",2.0740347830843078,True,19.2190046219458,1.0
68,Auction,V1,"(7, 30)",5.9910964959651665,False,0.0,11.0
68,Auction,V2,"(35, 44)",13.16865303600482,False,0.0,5.0
68,Auction,V3,"(74, 91)",7.300651660892562,True,0.0,1.0
68,Auction,V4,"(57, 65)",16.31360822582077,False,0.0,4.0
68,Auction,V5,"(17, 34)",7.132541213734342,False,0.0,8.0
68,Auction,V6,"(70, 57)",9.277789933905359,True,3.8200274723201293,1.0
68,Auction,V7,"(7, 0)",14.145541318067082,True,13.4295498562537,1.0
68,Auction,V8,"(8, 75)",5.355484298570964,True,19.27980939207591,1.0
68,Auction,V9,"(0, 47)",0.45218961330434837,True,1.1453194652991172,5.0
68,Auction,V10,"(12, 44)",3.077016272668317,True,17.416609194718916,1.0
68,Q-Learning,V1,"(17, 34)",16.075035554209666,False,0.0,21.0
68,Q-Learning,V2,"(74, 91)",11.533849623073108,True,0.9507833184532704,4.0
68,Q-Learning,V3,"(57, 65)",4.865810015875667,True,2.1526976724996096,1.0
68,Q-Learning,V4,"(23, 89)",1.6792302505602947,True,12.118919324285045,2.0
68,Q-Learning,V5,"(29, 48)",2.810138239072579,False,0.0,3.0
68,Q-Learning,V6,"(4, 32)",15.204470422466713,True,1.4506939094329994,6.0
68,Q-Learning,V7,"(7, 0)",14.145541318067082,True,13.4295498562537,1.0
68,Q-Learning,V8,"(62, 5)",7.313761656678331,True,18.258927081843616,2.0
68,Q-Learning,V9,"(84, 61)",5.980915333950232,False,0.0,9.0
68,Q-Learning,V10,"(12, 44)",4.369924662143045,True,18.6,3.0
69,Greedy,V1,"(26, 13)",15.912822373345058,False,0.0,22.0
69,Greedy,V2,"(57, 58)",10.166227723919476,False,0.0,3.0
69,Greedy,V3,"(82, 48)",1.9681233097861934,True,4.248265065322585,1.0
69,Greedy,V4,"(87, 98)",2.8190734229456744,True,9.056324089660862,1.0
69,Greedy,V5,"(83, 86)",6.53695076441058,False,0.0,7.0
69,Greedy,V6,"(67, 87)",5.405506177639669,True,5.768703357920334,1.0
69,Greedy,V7,"(80, 4)",14.52399453002753,True,12.870522660806316,1.0
69,Greedy,V8,"(2, 90)",5.525606594304229,True,18.560362248158228,1.0
69,Greedy,V9,"(59, 71)",13.02255583910614,False,0.0,17.0
69,Greedy,V10,"(53, 15)",2.0740347830843078,True,18.2190046219458,1.0
69,Auction,V1,"(7, 30)",5.9910964959651665,False,0.0,12.0
69,Auction,V2,"(35, 44)",13.16865303600482,False,0.0,6.0
69,Auction,V3,"(74, 91)",7.300651660892562,False,0.0,2.0
69,Auction,V4,"(57, 65)",16.31360822582077,False,0.0,5.0
69,Auction,V5,"(17, 34)",7.132541213734342,False,0.0,9.0
69,Auction,V6,"(70, 57)",9.277789933905359,True,2.8200274723201293,1.0
69,Auction,V7,"(7, 0)",14.145541318067082,True,12.4295498562537,1.0
69,Auction,V8,"(8, 75)",5.355484298570964,True,18.27980939207591,1.0
69,Auction,V9,"(0, 47)",0.45218961330434837,True,0.1453194652991172,5.0
69,Auction,V10,"(12, 44)",3.077016272668317,True,16.416609194718916,1.0
69,Q-Learning,V1,"(17, 34)",16.075035554209666,False,0.0,22.0
69,Q-Learning,V2,"(74, 91)",11.533849623073108,True,0.0,4.0
69,Q-Learning,V3,"(57, 65)",4.865810015875667,True,1.1526976724996096,1.0
69,Q-Learning,V4,"(23, 89)",1.6792302505602947,True,11.118919324285045,2.0
69,Q-Learning,V5,"(29, 48)",2.810138239072579,False,0.0,4.0
69,Q-Learning,V6,"(4, 32)",15.204470422466713,True,0.45069390943299936,6.0
69,Q-Learning,V7,"(7, 0)",14.145541318067082,True,12.4295498562537,1.0
69,Q-Learning,V8,"(62, 5)",7.313761656678331,True,17.258927081843616,2.0
69,Q-Learning,V9,"(84, 61)",5.980915333950232,False,0.0,10.0
69,Q-Learning,V10,"(12, 44)",4.369924662143045,True,17.6,3.0
70,Greedy,V1,"(26, 13)",15.912822373345058,False,0.0,23.0
70,Greedy,V2,"(57, 58)",10.166227723919476,False,0.0,4.0
70,Greedy,V3,"(82, 48)",1.9681233097861934,True,3.2482650653225846,1.0
70,Greedy,V4,"(87, 98)",2.8190734229456744,True,8.056324089660862,1.0
70,Greedy,V5,"(83, 86)",6.53695076441058,False,0.0,8.0
70,Greedy,V6,"(67, 87)",5.405506177639669,True,4.768703357920334,1.0
70,Greedy,V7,"(80, 4)",14.52399453002753,True,11.870522660806316,1.0
70,Greedy,V8,"(2, 90)",5.525606594304229,True,17.560362248158228,1.0
70,Greedy,V9,"(59, 71)",13.02255583910614,False,0.0,18.0
70,Greedy,V10,"(53, 15)",2.0740347830843078,True,17.2190046219458,1.0
70,Auction,V1,"(7, 30)",5.9910964959651665,False,0.0,13.0
70,Auction,V2,"(35, 44)",13.16865303600482,False,0.0,7.0
70,Auction,V3,"(74, 91)",7.300651660892562,False,0.0,3.0
70,Auction,V4,"(57, 65)",16.31360822582077,False,0.0,6.0
70,Auction,V5,"(17, 34)",7.132541213734342,False,0.0,10.0
70,Auction,V6,"(70, 57)",9.277789933905359,True,1.8200274723201293,1.0
70,Auction,V7,"(7, 0)",14.145541318067082,True,11.4295498562537,1.0
70,Auction,V8,"(8, 75)",5.355484298570964,True,17.27980939207591,1.0
70,Auction,V9,"(0, 47)",0.45218961330434837,True,0.0,5.0
70,Auction,V10,"(12, 44)",3.077016272668317,True,15.416609194718916,1.0
70,Q-Learning,V1,"(17, 34)",16.075035554209666,False,0.0,23.0
70,Q-Learning,V2,"(74, 91)",11.533849623073108,False,0.0,5.0
70,Q-Learning,V3,"(57, 65)",4.865810015875667,True,0.15269767249960964,1.0
70,Q-Learning,V4,"(23, 89)",1.6792302505602947,True,10.118919324285045,2.0
70,Q-Learning,V5,"(29, 48)",2.810138239072579,False,0.0,5.0
70,Q-Learning,V6,"(4, 32)",15.204470422466713,True,0.0,6.0
70,Q-Learning,V7,"(7, 0)",14.145541318067082,True,11.4295498562537,1.0
70,Q-Learning,V8,"(62, 5)",7.313761656678331,True,16.258927081843616,2.0
70,Q-Learning,V9,"(84, 61)",5.980915333950232,False,0.0,11.0
70,Q-Learning,V10,"(12, 44)",4.369924662143045,True,16.6,3.0
71,Greedy,V1,"(26, 13)",15.912822373345058,False,0.0,24.0
71,Greedy,V2,"(57, 58)",10.166227723919476,False,0.0,5.0
71,Greedy,V3,"(82, 48)",1.9681233097861934,True,2.2482650653225846,1.0
71,Greedy,V4,"(87, 98)",2.8190734229456744,True,7.056324089660862,1.0
71,Greedy,V5,"(83, 86)",6.53695076441058,False,0.0,9.0
71,Greedy,V6,"(67, 87)",5.405506177639669,True,3.7687033579203337,1.0
71,Greedy,V7,"(80, 4)",14.52399453002753,True,10.870522660806316,1.0
71,Greedy,V8,"(2, 90)",5.525606594304229,True,16.560362248158228,1.0
71,Greedy,V9,"(59, 71)",13.02255583910614,False,0.0,19.0
71,Greedy,V10,"(53, 15)",2.0740347830843078,True,16.2190046219458,1.0
71,Auction,V1,"(7, 30)",5.9910964959651665,False,0.0,14.0
71,Auction,V2,"(35, 44)",13.16865303600482,False,0.0,8.0
71,Auction,V3,"(74, 91)",7.300651660892562,False,0.0,4.0
71,Auction,V4,"(57, 65)",16.31360822582077,False,0.0,7.0
71,Auction,V5,"(17, 34)",7.132541213734342,False,0.0,11.0
71,Auction,V6,"(70, 57)",9.277789933905359,True,0.8200274723201293,1.0
71,Auction,V7,"(7, 0)",14.145541318067082,True,10.4295498562537,1.0
71,Auction,V8,"(8, 75)",5.355484298570964,True,16.27980939207591,1.0
71,Auction,V9,"(0, 47)",0.45218961330434837,False,0.0,6.0
71,Auction,V10,"(12, 44)",3.077016272668317,True,14.416609194718916,1.0
71,Q-Learning,V1,"(17, 34)",16.075035554209666,False,0.0,24.0
71,Q-Learning,V2,"(74, 91)",11.533849623073108,False,0.0,6.0
71,Q-Learning,V3,"(57, 65)",4.865810015875667,True,0.0,1.0
71,Q-Learning,V4,"(23, 89)",1.6792302505602947,True,9.118919324285045,2.0
71,Q-Learning,V5,"(29, 48)",2.810138239072579,False,0.0,6.0
71,Q-Learning,V6,"(0, 47)",2.2639485854342105,True,11.940521837032502,6.0
71,Q-Learning,V7,"(7, 0)",14.145541318067082,True,10.4295498562537,1.0
71,Q-Learning,V8,"(62, 5)",7.313761656678331,True,15.258927081843616,2.0
71,Q-Learning,V9,"(84, 61)",5.980915333950232,False,0.0,12.0
71,Q-Learning,V10,"(12, 44)",4.369924662143045,True,15.600000000000001,3.0
72,Greedy,V1,"(26, 13)",15.912822373345058,False,0.0,25.0
72,Greedy,V2,"(57, 58)",10.166227723919476,False,0.0,6.0
72,Greedy,V3,"(82, 48)",1.9681233097861934,True,1.2482650653225846,1.0
72,Greedy,V4,"(87, 98)",2.8190734229456744,True,6.056324089660862,1.0
72,Greedy,V5,"(83, 86)",6.53695076441058,False,0.0,10.0
72,Greedy,V6,"(67, 87)",5.405506177639669,True,2.7687033579203337,1.0
72,Greedy,V7,"(80, 4)",14.52399453002753,True,9.870522660806316,1.0
72,Greedy,V8,"(2, 90)",5.525606594304229,True,15.560362248158228,1.0
72,Greedy,V9,"(59, 71)",13.02255583910614,False,0.0,20.0
72,Greedy,V10,"(53, 15)",2.0740347830843078,True,15.2190046219458,1.0
72,Auction,V1,"(7, 30)",5.9910964959651665,False,0.0,15.0
72,Auction,V2,"(35, 44)",13.16865303600482,False,0.0,9.0
72,Auction,V3,"(74, 91)",7.300651660892562,False,0.0,5.0
72,Auction,V4,"(57, 65)",16.31360822582077,False,0.0,8.0
72,Auction,V5,"(17, 34)",7.132541213734342,False,0.0,12.0
72,Auction,V6,"(70, 57)",9.277789933905359,True,0.0,1.0
72,Auction,V7,"(7, 0)",14.145541318067082,True,9.4295498562537,1.0
72,Auction,V8,"(8, 75)",5.355484298570964,True,15.279809392075911,1.0
72,Auction,V9,"(0, 47)",0.45218961330434837,False,0.0,7.0
72,Auction,V10,"(12, 44)",3.077016272668317,True,13.416609194718916,1.0
72,Q-Learning,V1,"(17, 34)",16.075035554209666,False,0.0,25.0
72,Q-Learning,V2,"(74, 91)",11.533849623073108,False,0.0,7.0
72,Q-Learning,V3,"(57, 65)",4.865810015875667,False,0.0,2.0
72,Q-Learning,V4,"(23, 89)",1.6792302505602947,True,8.118919324285045,2.0
72,Q-Learning,V5,"(29, 48)",2.810138239072579,False,0.0,7.0
72,Q-Learning,V6,"(0, 47)",2.2639485854342105,True,10.940521837032502,6.0
72,Q-Learning,V7,"(7, 0)",14.145541318067082,True,9.4295498562537,1.0
72,Q-Learning,V8,"(62, 5)",7.313761656678331,True,14.258927081843616,2.0
72,Q-Learning,V9,"(84, 61)",5.980915333950232,False,0.0,13.0
72,Q-Learning,V10,"(12, 44)",4.369924662143045,True,14.600000000000001,3.0
73,Greedy,V1,"(26, 13)",15.912822373345058,False,0.0,26.0
73,Greedy,V2,"(57, 58)",10.166227723919476,False,0.0,7.0
73,Greedy,V3,"(82, 48)",1.9681233097861934,True,0.24826506532258463,1.0
73,Greedy,V4,"(87, 98)",2.8190734229456744,True,5.056324089660862,1.0
73,Greedy,V5,"(83, 86)",6.53695076441058,False,0.0,11.0
73,Greedy,V6,"(67, 87)",5.405506177639669,True,1.7687033579203337,1.0
73,Greedy,V7,"(80, 4)",14.52399453002753,True,8.870522660806316,1.0
73,Greedy,V8,"(2, 90)",5.525606594304229,True,14.560362248158228,1.0
73,Greedy,V9,"(59, 71)",13.02255583910614,False,0.0,21.0
73,Greedy,V10,"(53, 15)",2.0740347830843078,True,14.2190046219458,1.0
73,Auction,V1,"(7, 30)",5.9910964959651665,False,0.0,16.0
73,Auction,V2,"(35, 44)",13.16865303600482,False,0.0,10.0
73,Auction,V3,"(74, 91)",7.300651660892562,False,0.0,6.0
73,Auction,V4,"(57, 65)",16.31360822582077,False,0.0,9.0
73,Auction,V5,"(17, 34)",7.132541213734342,False,0.0,13.0
73,Auction,V6,"(70, 57)",9.277789933905359,False,0.0,2.0
73,Auction,V7,"(7, 0)",14.145541318067082,True,8.4295498562537,1.0
73,Auction,V8,"(8, 75)",5.355484298570964,True,14.279809392075911,1.0
73,Auction,V9,"(0, 47)",0.45218961330434837,False,0.0,8.0
73,Auction,V10,"(12, 44)",3.077016272668317,True,12.416609194718916,1.0
73,Q-Learning,V1,"(17, 34)",16.075035554209666,False,0.0,26.0
73,Q-Learning,V2,"(74, 91)",11.533849623073108,False,0.0,8.0
73,Q-Learning,V3,"(57, 65)",4.865810015875667,False,0.0,3.0
73,Q-Learning,V4,"(23, 89)",1.6792302505602947,True,7.118919324285045,2.0
73,Q-Learning,V5,"(29, 48)",2.810138239072579,False,0.0,8.0
73,Q-Learning,V6,"(0, 47)",2.2639485854342105,True,9.940521837032502,6.0
73,Q-Learning,V7,"(7, 0)",14.145541318067082,True,8.4295498562537,1.0
73,Q-Learning,V8,"(62, 5)",7.313761656678331,True,13.258927081843616,2.0
73,Q-Learning,V9,"(84, 61)",5.980915333950232,False,0.0,14.0
73,Q-Learning,V10,"(12, 44)",4.369924662143045,True,13.600000000000001,3.0
74,Greedy,V1,"(26, 13)",15.912822373345058,False,0.0,27.0
74,Greedy,V2,"(57, 58)",10.166227723919476,False,0.0,8.0
74,Greedy,V3,"(82, 48)",1.9681233097861934,True,0.0,1.0
74,Greedy,V4,"(87, 98)",2.8190734229456744,True,4.056324089660862,1.0
74,Greedy,V5,"(83, 86)",6.53695076441058,False,0.0,12.0
74,Greedy,V6,"(67, 87)",5.405506177639669,True,0.7687033579203337,1.0
74,Greedy,V7,"(80, 4)",14.52399453002753,True,7.870522660806316,1.0
74,Greedy,V8,"(2, 90)",5.525606594304229,True,13.560362248158228,1.0
74,Greedy,V9,"(59, 71)",13.02255583910614,False,0.0,22.0
74,Greedy,V10,"(53, 15)",2.0740347830843078,True,13.2190046219458,1.0
74,Auction,V1,"(7, 30)",5.9910964959651665,False,0.0,17.0
74,Auction,V2,"(35, 44)",13.16865303600482,False,0.0,11.0
74,Auction,V3,"(74, 91)",7.300651660892562,False,0.0,7.0
74,Auction,V4,"(57, 65)",16.31360822582077,False,0.0,10.0
74,Auction,V5,"(17, 34)",7.132541213734342,False,0.0,14.0
74,Auction,V6,"(70, 57)",9.277789933905359,False,0.0,3.0
74,Auction,V7,"(7, 0)",14.145541318067082,True,7.429549856253701,1.0
74,Auction,V8,"(8, 75)",5.355484298570964,True,13.279809392075911,1.0
74,Auction,V9,"(0, 47)",0.45218961330434837,False,0.0,9.0
74,Auction,V10,"(12, 44)",3.077016272668317,True,11.416609194718916,1.0
74,Q-Learning,V1,"(17, 34)",16.075035554209666,False,0.0,27.0
74,Q-Learning,V2,"(74, 91)",11.533849623073108,False,0.0,9.0
74,Q-Learning,V3,"(57, 65)",4.865810015875667,False,0.0,4.0
74,Q-Learning,V4,"(23, 89)",1.6792302505602947,True,6.118919324285045,2.0
74,Q-Learning,V5,"(29, 48)",2.810138239072579,False,0.0,9.0
74,Q-Learning,V6,"(0, 47)",2.2639485854342105,True,8.940521837032502,6.0
74,Q-Learning,V7,"(7, 0)",14.145541318067082,True,7.429549856253701,1.0
74,Q-Learning,V8,"(62, 5)",7.313761656678331,True,12.258927081843616,2.0
74,Q-Learning,V9,"(84, 61)",5.980915333950232,False,0.0,15.0
74,Q-Learning,V10,"(12, 44)",4.369924662143045,True,12.600000000000001,3.0
75,Greedy,V1,"(26, 13)",15.912822373345058,False,0.0,28.0
75,Greedy,V2,"(57, 58)",10.166227723919476,False,0.0,9.0
75,Greedy,V3,"(82, 48)",1.9681233097861934,False,0.0,2.0
75,Greedy,V4,"(87, 98)",2.8190734229456744,True,3.056324089660862,1.0
75,Greedy,V5,"(83, 86)",6.53695076441058,False,0.0,13.0
75,Greedy,V6,"(67, 87)",5.405506177639669,True,0.0,1.0
75,Greedy,V7,"(80, 4)",14.52399453002753,True,6.870522660806316,1.0
75,Greedy,V8,"(2, 90)",5.525606594304229,True,12.560362248158228,1.0
75,Greedy,V9,"(59, 71)",13.02255583910614,False,0.0,23.0
75,Greedy,V10,"(53, 15)",2.0740347830843078,True,12.2190046219458,1.0
75,Auction,V1,"(7, 30)",5.9910964959651665,False,0.0,18.0
75,Auction,V2,"(35, 44)",13.16865303600482,False,0.0,12.0
75,Auction,V3,"(74, 91)",7.300651660892562,False,0.0,8.0
75,Auction,V4,"(57, 65)",16.31360822582077,False,0.0,11.0
75,Auction,V5,"(17, 34)",7.132541213734342,False,0.0,15.0
75,Auction,V6,"(70, 57)",9.277789933905359,False,0.0,4.0
75,Auction,V7,"(7, 0)",14.145541318067082,True,6.429549856253701,1.0
75,Auction,V8,"(8, 75)",5.355484298570964,True,12.279809392075911,1.0
75,Auction,V9,"(0, 47)",0.45218961330434837,False,0.0,10.0
75,Auction,V10,"(12, 44)",3.077016272668317,True,10.416609194718916,1.0
75,Q-Learning,V1,"(17, 34)",16.075035554209666,False,0.0,28.0
75,Q-Learning,V2,"(74, 91)",11.533849623073108,False,0.0,10.0
75,Q-Learning,V3,"(57, 65)",4.865810015875667,False,0.0,5.0
75,Q-Learning,V4,"(23, 89)",1.6792302505602947,True,5.118919324285045,2.0
75,Q-Learning,V5,"(29, 48)",2.810138239072579,False,0.0,10.0
75,Q-Learning,V6,"(0, 47)",2.2639485854342105,True,7.940521837032502,6.0
75,Q-Learning,V7,"(7, 0)",14.145541318067082,True,6.429549856253701,1.0
75,Q-Learning,V8,"(62, 5)",7.313761656678331,True,11.258927081843616,2.0
75,Q-Learning,V9,"(84, 61)",5.980915333950232,False,0.0,16.0
75,Q-Learning,V10,"(12, 44)",4.369924662143045,True,11.600000000000001,3.0
76,Greedy,V1,"(26, 13)",15.912822373345058,False,0.0,29.0
76,Greedy,V2,"(57, 58)",10.166227723919476,False,0.0,10.0
76,Greedy,V3,"(82, 48)",1.9681233097861934,False,0.0,3.0
76,Greedy,V4,"(87, 98)",2.8190734229456744,True,2.056324089660862,1.0
76,Greedy,V5,"(83, 86)",6.53695076441058,False,0.0,14.0
76,Greedy,V6,"(67, 87)",5.405506177639669,False,0.0,2.0
76,Greedy,V7,"(80, 4)",14.52399453002753,True,5.870522660806316,1.0
76,Greedy,V8,"(2, 90)",5.525606594304229,True,11.560362248158228,1.0
76,Greedy,V9,"(59, 71)",13.02255583910614,False,0.0,24.0
76,Greedy,V10,"(53, 15)",2.0740347830843078,True,11.2190046219458,1.0
76,Auction,V1,"(7, 30)",5.9910964959651665,False,0.0,19.0
76,Auction,V2,"(42, 45)",1.9901417340272403,True,10.17851130197758,12.0
76,Auction,V3,"(74, 91)",7.300651660892562,False,0.0,9.0
76,Auction,V4,"(57, 65)",16.31360822582077,False,0.0,12.0
76,Auction,V5,"(17, 34)",7.132541213734342,False,0.0,16.0
76,Auction,V6,"(70, 57)",9.277789933905359,False,0.0,5.0
76,Auction,V7,"(7, 0)",14.145541318067082,True,5.429549856253701,1.0
76,Auction,V8,"(8, 75)",5.355484298570964,True,11.279809392075911,1.0
76,Auction,V9,"(0, 47)",0.45218961330434837,False,0.0,11.0
76,Auction,V10,"(12, 44)",3.077016272668317,True,9.416609194718916,1.0
76,Q-Learning,V1,"(17, 34)",16.075035554209666,False,0.0,29.0
76,Q-Learning,V2,"(74, 91)",11.533849623073108,False,0.0,11.0
76,Q-Learning,V3,"(57, 65)",4.865810015875667,False,0.0,6.0
76,Q-Learning,V4,"(23, 89)",1.6792302505602947,True,4.118919324285045,2.0
76,Q-Learning,V5,"(29, 48)",2.810138239072579,False,0.0,11.0
76,Q-Learning,V6,"(0, 47)",2.2639485854342105,True,6.940521837032502,6.0
76,Q-Learning,V7,"(7, 0)",14.145541318067082,True,5.429549856253701,1.0
76,Q-Learning,V8,"(62, 5)",7.313761656678331,True,10.258927081843616,2.0
76,Q-Learning,V9,"(84, 61)",5.980915333950232,False,0.0,17.0
76,Q-Learning,V10,"(12, 44)",4.369924662143045,True,10.600000000000001,3.0
77,Greedy,V1,"(26, 13)",15.912822373345058,False,0.0,30.0
77,Greedy,V2,"(57, 58)",10.166227723919476,False,0.0,11.0
77,Greedy,V3,"(82, 48)",1.9681233097861934,False,0.0,4.0
77,Greedy,V4,"(87, 98)",2.8190734229456744,True,1.0563240896608619,1.0
77,Greedy,V5,"(83, 86)",6.53695076441058,False,0.0,15.0
77,Greedy,V6,"(67, 87)",5.405506177639669,False,0.0,3.0
77,Greedy,V7,"(80, 4)",14.52399453002753,True,4.870522660806316,1.0
77,Greedy,V8,"(2, 90)",5.525606594304229,True,10.560362248158228,1.0
77,Greedy,V9,"(59, 71)",13.02255583910614,False,0.0,25.0
77,Greedy,V10,"(53, 15)",2.0740347830843078,True,10.2190046219458,1.0
77,Auction,V1,"(7, 30)",5.9910964959651665,False,0.0,20.0
77,Auction,V2,"(42, 45)",1.9901417340272403,True,9.17851130197758,12.0
77,Auction,V3,"(74, 91)",7.300651660892562,False,0.0,10.0
77,Auction,V4,"(57, 65)",16.31360822582077,False,0.0,13.0
77,Auction,V5,"(17, 34)",7.132541213734342,False,0.0,17.0
77,Auction,V6,"(70, 57)",9.277789933905359,False,0.0,6.0
77,Auction,V7,"(7, 0)",14.145541318067082,True,4.429549856253701,1.0
77,Auction,V8,"(8, 75)",5.355484298570964,True,10.279809392075911,1.0
77,Auction,V9,"(0, 47)",0.45218961330434837,False,0.0,12.0
77,Auction,V10,"(12, 44)",3.077016272668317,True,8.416609194718916,1.0
77,Q-Learning,V1,"(17, 34)",16.075035554209666,False,0.0,30.0
77,Q-Learning,V2,"(74, 91)",11.533849623073108,False,0.0,12.0
77,Q-Learning,V3,"(57, 65)",4.865810015875667,False,0.0,7.0
77,Q-Learning,V4,"(23, 89)",1.6792302505602947,True,3.118919324285045,2.0
77,Q-Learning,V5,"(29, 48)",2.810138239072579,False,0.0,12.0
77,Q-Learning,V6,"(0, 47)",2.2639485854342105,True,5.940521837032502,6.0
77,Q-Learning,V7,"(7, 0)",14.145541318067082,True,4.429549856253701,1.0
77,Q-Learning,V8,"(62, 5)",7.313761656678331,True,9.258927081843616,2.0
77,Q-Learning,V9,"(84, 61)",5.980915333950232,False,0.0,18.0
77,Q-Learning,V10,"(12, 44)",4.369924662143045,True,9.600000000000001,3.0
78,Greedy,V1,"(26, 13)",15.912822373345058,False,0.0,31.0
78,Greedy,V2,"(57, 58)",10.166227723919476,False,0.0,12.0
78,Greedy,V3,"(82, 48)",1.9681233097861934,False,0.0,5.0
78,Greedy,V4,"(87, 98)",2.8190734229456744,True,0.05632408966086189,1.0
78,Greedy,V5,"(83, 86)",6.53695076441058,False,0.0,16.0
78,Greedy,V6,"(67, 87)",5.405506177639669,False,0.0,4.0
78,Greedy,V7,"(80, 4)",14.52399453002753,True,3.8705226608063157,1.0
78,Greedy,V8,"(2, 90)",5.525606594304229,True,9.560362248158228,1.0
78,Greedy,V9,"(59, 71)",13.02255583910614,False,0.0,26.0
78,Greedy,V10,"(53, 15)",2.0740347830843078,True,9.2190046219458,1.0
78,Auction,V1,"(7, 30)",5.9910964959651665,False,0.0,21.0
78,Auction,V2,"(42, 45)",1.9901417340272403,True,8.17851130197758,12.0
78,Auction,V3,"(74, 91)",7.300651660892562,False,0.0,11.0
78,Auction,V4,"(57, 65)",16.31360822582077,False,0.0,14.0
78,Auction,V5,"(17, 34)",7.132541213734342,False,0.0,18.0
78,Auction,V6,"(70, 57)",9.277789933905359,False,0.0,7.0
78,Auction,V7,"(7, 0)",14.145541318067082,True,3.4295498562537006,1.0
78,Auction,V8,"(8, 75)",5.355484298570964,True,9.279809392075911,1.0
78,Auction,V9,"(0, 47)",0.45218961330434837,False,0.0,13.0
78,Auction,V10,"(12, 44)",3.077016272668317,True,7.416609194718916,1.0
78,Q-Learning,V1,"(17, 34)",16.075035554209666,False,0.0,31.0
78,Q-Learning,V2,"(74, 91)",11.533849623073108,False,0.0,13.0
78,Q-Learning,V3,"(57, 65)",4.865810015875667,False,0.0,8.0
78,Q-Learning,V4,"(23, 89)",1.6792302505602947,True,2.118919324285045,2.0
78,Q-Learning,V5,"(29, 48)",2.810138239072579,False,0.0,13.0
78,Q-Learning,V6,"(0, 47)",2.2639485854342105,True,4.940521837032502,6.0
78,Q-Learning,V7,"(7, 0)",14.145541318067082,True,3.4295498562537006,1.0
78,Q-Learning,V8,"(62, 5)",7.313761656678331,True,8.258927081843616,2.0
78,Q-Learning,V9,"(84, 61)",5.980915333950232,False,0.0,19.0
78,Q-Learning,V10,"(12, 44)",4.369924662143045,True,8.600000000000001,3.0
79,Greedy,V1,"(26, 13)",15.912822373345058,False,0.0,32.0
79,Greedy,V2,"(57, 58)",10.166227723919476,False,0.0,13.0
79,Greedy,V3,"(82, 48)",1.9681233097861934,False,0.0,6.0
79,Greedy,V4,"(87, 98)",2.8190734229456744,True,0.0,1.0
79,Greedy,V5,"(83, 86)",6.53695076441058,False,0.0,17.0
79,Greedy,V6,"(67, 87)",5.405506177639669,False,0.0,5.0
79,Greedy,V7,"(80, 4)",14.52399453002753,True,2.8705226608063157,1.0
79,Greedy,V8,"(2, 90)",5.525606594304229,True,8.560362248158228,1.0
79,Greedy,V9,"(59, 71)",13.02255583910614,False,0.0,27.0
79,Greedy,V10,"(53, 15)",2.0740347830843078,True,8.2190046219458,1.0
79,Auction,V1,"(7, 30)",5.9910964959651665,False,0.0,22.0
79,Auction,V2,"(42, 45)",1.9901417340272403,True,7.178511301977579,12.0
79,Auction,V3,"(74, 91)",7.300651660892562,False,0.0,12.0
79,Auction,V4,"(57, 65)",16.31360822582077,False,0.0,15.0
79,Auction,V5,"(17, 34)",7.132541213734342,False,0.0,19.0
79,Auction,V6,"(70, 57)",9.277789933905359,False,0.0,8.0
79,Auction,V7,"(7, 0)",14.145541318067082,True,2.4295498562537006,1.0
79,Auction,V8,"(8, 75)",5.355484298570964,True,8.279809392075911,1.0
79,Auction,V9,"(0, 47)",0.45218961330434837,False,0.0,14.0
79,Auction,V10,"(12, 44)",3.077016272668317,True,6.416609194718916,1.0
79,Q-Learning,V1,"(17, 34)",16.075035554209666,False,0.0,32.0
79,Q-Learning,V2,"(74, 91)",11.533849623073108,False,0.0,14.0
79,Q-Learning,V3,"(57, 65)",4.865810015875667,False,0.0,9.0
79,Q-Learning,V4,"(23, 89)",1.6792302505602947,True,1.118919324285045,2.0
79,Q-Learning,V5,"(29, 48)",2.810138239072579,False,0.0,14.0
79,Q-Learning,V6,"(0, 47)",2.2639485854342105,True,3.9405218370325024,6.0
79,Q-Learning,V7,"(7, 0)",14.145541318067082,True,2.4295498562537006,1.0
79,Q-Learning,V8,"(62, 5)",7.313761656678331,True,7.258927081843616,2.0
79,Q-Learning,V9,"(84, 61)",5.980915333950232,False,0.0,20.0
79,Q-Learning,V10,"(12, 44)",4.369924662143045,True,7.600000000000001,3.0
80,Greedy,V1,"(26, 13)",15.912822373345058,False,0.0,33.0
80,Greedy,V2,"(57, 58)",10.166227723919476,False,0.0,14.0
80,Greedy,V3,"(82, 48)",1.9681233097861934,False,0.0,7.0
80,Greedy,V4,"(87, 98)",2.8190734229456744,False,0.0,2.0
80,Greedy,V5,"(83, 86)",6.53695076441058,False,0.0,18.0
80,Greedy,V6,"(67, 87)",5.405506177639669,False,0.0,6.0
80,Greedy,V7,"(80, 4)",14.52399453002753,True,1.8705226608063157,1.0
80,Greedy,V8,"(2, 90)",5.525606594304229,True,7.560362248158228,1.0
80,Greedy,V9,"(59, 71)",13.02255583910614,False,0.0,28.0
80,Greedy,V10,"(53, 15)",2.0740347830843078,True,7.2190046219458,1.0
80,Auction,V1,"(7, 30)",5.9910964959651665,False,0.0,23.0
80,Auction,V2,"(42, 45)",1.9901417340272403,True,6.178511301977579,12.0
80,Auction,V3,"(74, 91)",7.300651660892562,False,0.0,13.0
80,Auction,V4,"(57, 65)",16.31360822582077,False,0.0,16.0
80,Auction,V5,"(17, 34)",7.132541213734342,False,0.0,20.0
80,Auction,V6,"(70, 57)",9.277789933905359,False,0.0,9.0
80,Auction,V7,"(7, 0)",14.145541318067082,True,1.4295498562537006,1.0
80,Auction,V8,"(8, 75)",5.355484298570964,True,7.2798093920759115,1.0
80,Auction,V9,"(0, 47)",0.45218961330434837,False,0.0,15.0
80,Auction,V10,"(12, 44)",3.077016272668317,True,5.416609194718916,1.0
80,Q-Learning,V1,"(17, 34)",16.075035554209666,False,0.0,33.0
80,Q-Learning,V2,"(74, 91)",11.533849623073108,False,0.0,15.0
80,Q-Learning,V3,"(57, 65)",4.865810015875667,False,0.0,10.0
80,Q-Learning,V4,"(23, 89)",1.6792302505602947,True,0.11891932428504504,2.0
80,Q-Learning,V5,"(29, 48)",2.810138239072579,False,0.0,15.0
80,Q-Learning,V6,"(0, 47)",2.2639485854342105,True,2.9405218370325024,6.0
80,Q-Learning,V7,"(7, 0)",14.145541318067082,True,1.4295498562537006,1.0
80,Q-Learning,V8,"(62, 5)",7.313761656678331,True,6.258927081843616,2.0
80,Q-Learning,V9,"(84, 61)",5.980915333950232,False,0.0,21.0
80,Q-Learning,V10,"(12, 44)",4.369924662143045,True,6.600000000000001,3.0
81,Greedy,V1,"(26, 13)",15.912822373345058,False,0.0,34.0
81,Greedy,V2,"(57, 58)",10.166227723919476,False,0.0,15.0
81,Greedy,V3,"(82, 48)",1.9681233097861934,False,0.0,8.0
81,Greedy,V4,"(87, 98)",2.8190734229456744,False,0.0,3.0
81,Greedy,V5,"(83, 86)",6.53695076441058,False,0.0,19.0
81,Greedy,V6,"(67, 87)",5.405506177639669,False,0.0,7.0
81,Greedy,V7,"(80, 4)",14.52399453002753,True,0.8705226608063157,1.0
81,Greedy,V8,"(2, 90)",5.525606594304229,True,6.560362248158228,1.0
81,Greedy,V9,"(59, 71)",13.02255583910614,False,0.0,29.0
81,Greedy,V10,"(53, 15)",2.0740347830843078,True,6.2190046219458,1.0
81,Auction,V1,"(7, 30)",5.9910964959651665,False,0.0,24.0
81,Auction,V2,"(42, 45)",1.9901417340272403,True,5.178511301977579,12.0
81,Auction,V3,"(74, 91)",7.300651660892562,False,0.0,14.0
81,Auction,V4,"(57, 65)",16.31360822582077,False,0.0,17.0
81,Auction,V5,"(17, 34)",7.132541213734342,False,0.0,21.0
81,Auction,V6,"(70, 57)",9.277789933905359,False,0.0,10.0
81,Auction,V7,"(7, 0)",14.145541318067082,True,0.42954985625370057,1.0
81,Auction,V8,"(8, 75)",5.355484298570964,True,6.2798093920759115,1.0
81,Auction,V9,"(0, 47)",0.45218961330434837,False,0.0,16.0
81,Auction,V10,"(12, 44)",3.077016272668317,True,4.416609194718916,1.0
81,Q-Learning,V1,"(17, 34)",16.075035554209666,False,0.0,34.0
81,Q-Learning,V2,"(74, 91)",11.533849623073108,False,0.0,16.0
81,Q-Learning,V3,"(57, 65)",4.865810015875667,False,0.0,11.0
81,Q-Learning,V4,"(23, 89)",1.6792302505602947,True,0.0,2.0
81,Q-Learning,V5,"(29, 48)",2.810138239072579,False,0.0,16.0
81,Q-Learning,V6,"(0, 47)",2.2639485854342105,True,1.9405218370325024,6.0
81,Q-Learning,V7,"(7, 0)",14.145541318067082,True,0.42954985625370057,1.0
81,Q-Learning,V8,"(62, 5)",7.313761656678331,True,5.258927081843616,2.0
81,Q-Learning,V9,"(84, 61)",5.980915333950232,False,0.0,22.0
81,Q-Learning,V10,"(12, 44)",4.369924662143045,True,5.600000000000001,3.0
82,Greedy,V1,"(26, 13)",15.912822373345058,False,0.0,35.0
82,Greedy,V2,"(57, 58)",10.166227723919476,False,0.0,16.0
82,Greedy,V3,"(82, 48)",1.9681233097861934,False,0.0,9.0
82,Greedy,V4,"(87, 98)",2.8190734229456744,False,0.0,4.0
82,Greedy,V5,"(83, 86)",6.53695076441058,False,0.0,20.0
82,Greedy,V6,"(67, 87)",5.405506177639669,False,0.0,8.0
82,Greedy,V7,"(80, 4)",14.52399453002753,True,0.0,1.0
82,Greedy,V8,"(2, 90)",5.525606594304229,True,5.560362248158228,1.0
82,Greedy,V9,"(59, 71)",13.02255583910614,False,0.0,30.0
82,Greedy,V10,"(53, 15)",2.0740347830843078,True,5.2190046219458,1.0
82,Auction,V1,"(7, 30)",5.9910964959651665,False,0.0,25.0
82,Auction,V2,"(42, 45)",1.9901417340272403,True,4.178511301977579,12.0
82,Auction,V3,"(74, 91)",7.300651660892562,False,0.0,15.0
82,Auction,V4,"(57, 65)",16.31360822582077,False,0.0,18.0
82,Auction,V5,"(17, 34)",7.132541213734342,False,0.0,22.0
82,Auction,V6,"(70, 57)",9.277789933905359,False,0.0,11.0
82,Auction,V7,"(7, 0)",14.145541318067082,True,0.0,1.0
82,Auction,V8,"(8, 75)",5.355484298570964,True,5.2798093920759115,1.0
82,Auction,V9,"(0, 47)",0.45218961330434837,False,0.0,17.0
82,Auction,V10,"(12, 44)",3.077016272668317,True,3.416609194718916,1.0
82,Q-Learning,V1,"(17, 34)",16.075035554209666,False,0.0,35.0
82,Q-Learning,V2,"(74, 91)",11.533849623073108,False,0.0,17.0
82,Q-Learning,V3,"(57, 65)",4.865810015875667,False,0.0,12.0
82,Q-Learning,V4,"(23, 89)",1.6792302505602947,False,0.0,3.0
82,Q-Learning,V5,"(29, 48)",2.810138239072579,False,0.0,17.0
82,Q-Learning,V6,"(0, 47)",2.2639485854342105,True,0.9405218370325024,6.0
82,Q-Learning,V7,"(7, 0)",14.145541318067082,True,0.0,1.0
82,Q-Learning,V8,"(62, 5)",7.313761656678331,True,4.258927081843616,2.0
82,Q-Learning,V9,"(84, 61)",5.980915333950232,False,0.0,23.0
82,Q-Learning,V10,"(12, 44)",4.369924662143045,True,4.600000000000001,3.0
83,Greedy,V1,"(26, 13)",15.912822373345058,False,0.0,36.0
83,Greedy,V2,"(57, 58)",10.166227723919476,False,0.0,17.0
83,Greedy,V3,"(82, 48)",1.9681233097861934,False,0.0,10.0
83,Greedy,V4,"(87, 98)",2.8190734229456744,False,0.0,5.0
83,Greedy,V5,"(83, 86)",6.53695076441058,False,0.0,21.0
83,Greedy,V6,"(67, 87)",5.405506177639669,False,0.0,9.0
83,Greedy,V7,"(80, 4)",14.52399453002753,False,0.0,2.0
83,Greedy,V8,"(2, 90)",5.525606594304229,True,4.560362248158228,1.0
83,Greedy,V9,"(59, 71)",13.02255583910614,False,0.0,31.0
83,Greedy,V10,"(53, 15)",2.0740347830843078,True,4.2190046219458,1.0
83,Auction,V1,"(7, 30)",5.9910964959651665,False,0.0,26.0
83,Auction,V2,"(42, 45)",1.9901417340272403,True,3.1785113019775793,12.0
83,Auction,V3,"(74, 91)",7.300651660892562,False,0.0,16.0
83,Auction,V4,"(57, 65)",16.31360822582077,False,0.0,19.0
83,Auction,V5,"(17, 34)",7.132541213734342,False,0.0,23.0
83,Auction,V6,"(70, 57)",9.277789933905359,False,0.0,12.0
83,Auction,V7,"(7, 0)",14.145541318067082,False,0.0,2.0
83,Auction,V8,"(8, 75)",5.355484298570964,True,4.2798093920759115,1.0
83,Auction,V9,"(0, 47)",0.45218961330434837,False,0.0,18.0
83,Auction,V10,"(12, 44)",3.077016272668317,True,2.416609194718916,1.0
83,Q-Learning,V1,"(17, 34)",16.075035554209666,False,0.0,36.0
83,Q-Learning,V2,"(74, 91)",11.533849623073108,False,0.0,18.0
83,Q-Learning,V3,"(57, 65)",4.865810015875667,False,0.0,13.0
83,Q-Learning,V4,"(23, 89)",1.6792302505602947,False,0.0,4.0
83,Q-Learning,V5,"(29, 48)",2.810138239072579,False,0.0,18.0
83,Q-Learning,V6,"(0, 47)",2.2639485854342105,True,0.0,6.0
83,Q-Learning,V7,"(7, 0)",14.145541318067082,False,0.0,2.0
83,Q-Learning,V8,"(62, 5)",7.313761656678331,True,3.2589270818436162,2.0
83,Q-Learning,V9,"(84, 61)",5.980915333950232,False,0.0,24.0
83,Q-Learning,V10,"(12, 44)",4.369924662143045,True,3.6000000000000014,3.0
84,Greedy,V1,"(26, 13)",15.912822373345058,False,0.0,37.0
84,Greedy,V2,"(57, 58)",10.166227723919476,False,0.0,18.0
84,Greedy,V3,"(82, 48)",1.9681233097861934,False,0.0,11.0
84,Greedy,V4,"(87, 98)",2.8190734229456744,False,0.0,6.0
84,Greedy,V5,"(83, 86)",6.53695076441058,False,0.0,22.0
84,Greedy,V6,"(67, 87)",5.405506177639669,False,0.0,10.0
84,Greedy,V7,"(80, 4)",14.52399453002753,False,0.0,3.0
84,Greedy,V8,"(2, 90)",5.525606594304229,True,3.5603622481582278,1.0
84,Greedy,V9,"(59, 71)",13.02255583910614,False,0.0,32.0
84,Greedy,V10,"(53, 15)",2.0740347830843078,True,3.2190046219457997,1.0
84,Auction,V1,"(7, 30)",5.9910964959651665,False,0.0,27.0
84,Auction,V2,"(42, 45)",1.9901417340272403,True,2.1785113019775793,12.0
84,Auction,V3,"(74, 91)",7.300651660892562,False,0.0,17.0
84,Auction,V4,"(57, 65)",16.31360822582077,False,0.0,20.0
84,Auction,V5,"(17, 34)",7.132541213734342,False,0.0,24.0
84,Auction,V6,"(70, 57)",9.277789933905359,False,0.0,13.0
84,Auction,V7,"(7, 0)",14.145541318067082,False,0.0,3.0
84,Auction,V8,"(8, 75)",5.355484298570964,True,3.2798093920759115,1.0
84,Auction,V9,"(0, 47)",0.45218961330434837,False,0.0,19.0
84,Auction,V10,"(12, 44)",3.077016272668317,True,1.4166091947189159,1.0
84,Q-Learning,V1,"(17, 34)",16.075035554209666,False,0.0,37.0
84,Q-Learning,V2,"(74, 91)",11.533849623073108,False,0.0,19.0
84,Q-Learning,V3,"(57, 65)",4.865810015875667,False,0.0,14.0
84,Q-Learning,V4,"(23, 89)",1.6792302505602947,False,0.0,5.0
84,Q-Learning,V5,"(29, 48)",2.810138239072579,False,0.0,19.0
84,Q-Learning,V6,"(0, 47)",2.2639485854342105,False,0.0,7.0
84,Q-Learning,V7,"(7, 0)",14.145541318067082,False,0.0,3.0
84,Q-Learning,V8,"(62, 5)",7.313761656678331,True,2.2589270818436162,2.0
84,Q-Learning,V9,"(84, 61)",5.980915333950232,False,0.0,25.0
84,Q-Learning,V10,"(12, 44)",4.369924662143045,True,2.6000000000000014,3.0
85,Greedy,V1,"(26, 13)",15.912822373345058,False,0.0,38.0
85,Greedy,V2,"(57, 58)",10.166227723919476,False,0.0,19.0
85,Greedy,V3,"(82, 48)",1.9681233097861934,False,0.0,12.0
85,Greedy,V4,"(87, 98)",2.8190734229456744,False,0.0,7.0
85,Greedy,V5,"(83, 86)",6.53695076441058,False,0.0,23.0
85,Greedy,V6,"(67, 87)",5.405506177639669,False,0.0,11.0
85,Greedy,V7,"(80, 4)",14.52399453002753,False,0.0,4.0
85,Greedy,V8,"(2, 90)",5.525606594304229,True,2.5603622481582278,1.0
85,Greedy,V9,"(59, 71)",13.02255583910614,False,0.0,33.0
85,Greedy,V10,"(53, 15)",2.0740347830843078,True,2.2190046219457997,1.0
85,Auction,V1,"(7, 30)",5.9910964959651665,False,0.0,28.0
85,Auction,V2,"(42, 45)",1.9901417340272403,True,1.1785113019775793,12.0
85,Auction,V3,"(74, 91)",7.300651660892562,False,0.0,18.0
85,Auction,V4,"(57, 65)",16.31360822582077,False,0.0,21.0
85,Auction,V5,"(17, 34)",7.132541213734342,False,0.0,25.0
85,Auction,V6,"(70, 57)",9.277789933905359,False,0.0,14.0
85,Auction,V7,"(7, 0)",14.145541318067082,False,0.0,4.0
85,Auction,V8,"(8, 75)",5.355484298570964,True,2.2798093920759115,1.0
85,Auction,V9,"(0, 47)",0.45218961330434837,False,0.0,20.0
85,Auction,V10,"(12, 44)",3.077016272668317,True,0.4166091947189159,1.0
85,Q-Learning,V1,"(17, 34)",16.075035554209666,False,0.0,38.0
85,Q-Learning,V2,"(74, 91)",11.533849623073108,False,0.0,20.0
85,Q-Learning,V3,"(57, 65)",4.865810015875667,False,0.0,15.0
85,Q-Learning,V4,"(23, 89)",1.6792302505602947,False,0.0,6.0
85,Q-Learning,V5,"(29, 48)",2.810138239072579,False,0.0,20.0
85,Q-Learning,V6,"(0, 47)",2.2639485854342105,False,0.0,8.0
85,Q-Learning,V7,"(7, 0)",14.145541318067082,False,0.0,4.0
85,Q-Learning,V8,"(62, 5)",7.313761656678331,True,1.2589270818436162,2.0
85,Q-Learning,V9,"(84, 61)",5.980915333950232,False,0.0,26.0
85,Q-Learning,V10,"(12, 44)",4.369924662143045,True,1.6000000000000014,3.0
86,Greedy,V1,"(26, 13)",15.912822373345058,False,0.0,39.0
86,Greedy,V2,"(57, 58)",10.166227723919476,False,0.0,20.0
86,Greedy,V3,"(82, 48)",1.9681233097861934,False,0.0,13.0
86,Greedy,V4,"(87, 98)",2.8190734229456744,False,0.0,8.0
86,Greedy,V5,"(83, 86)",6.53695076441058,False,0.0,24.0
86,Greedy,V6,"(67, 87)",5.405506177639669,False,0.0,12.0
86,Greedy,V7,"(80, 4)",14.52399453002753,False,0.0,5.0
86,Greedy,V8,"(2, 90)",5.525606594304229,True,1.5603622481582278,1.0
86,Greedy,V9,"(59, 71)",13.02255583910614,False,0.0,34.0
86,Greedy,V10,"(53, 15)",2.0740347830843078,True,1.2190046219457997,1.0
86,Auction,V1,"(7, 30)",5.9910964959651665,False,0.0,29.0
86,Auction,V2,"(42, 45)",1.9901417340272403,True,0.17851130197757925,12.0
86,Auction,V3,"(74, 91)",7.300651660892562,False,0.0,19.0
86,Auction,V4,"(57, 65)",16.31360822582077,False,0.0,22.0
86,Auction,V5,"(17, 34)",7.132541213734342,False,0.0,26.0
86,Auction,V6,"(70, 57)",9.277789933905359,False,0.0,15.0
86,Auction,V7,"(7, 0)",14.145541318067082,False,0.0,5.0
86,Auction,V8,"(8, 75)",5.355484298570964,True,1.2798093920759115,1.0
86,Auction,V9,"(0, 47)",0.45218961330434837,False,0.0,21.0
86,Auction,V10,"(12, 44)",3.077016272668317,True,0.0,1.0
86,Q-Learning,V1,"(17, 34)",16.075035554209666,False,0.0,39.0
86,Q-Learning,V2,"(74, 91)",11.533849623073108,False,0.0,21.0
86,Q-Learning,V3,"(57, 65)",4.865810015875667,False,0.0,16.0
86,Q-Learning,V4,"(23, 89)",1.6792302505602947,False,0.0,7.0
86,Q-Learning,V5,"(29, 48)",2.810138239072579,False,0.0,21.0
86,Q-Learning,V6,"(0, 47)",2.2639485854342105,False,0.0,9.0
86,Q-Learning,V7,"(7, 0)",14.145541318067082,False,0.0,5.0
86,Q-Learning,V8,"(62, 5)",7.313761656678331,True,0.25892708184361624,2.0
86,Q-Learning,V9,"(84, 61)",5.980915333950232,False,0.0,27.0
86,Q-Learning,V10,"(12, 44)",4.369924662143045,True,0.6000000000000014,3.0
87,Greedy,V1,"(26, 13)",15.912822373345058,False,0.0,40.0
87,Greedy,V2,"(57, 58)",10.166227723919476,False,0.0,21.0
87,Greedy,V3,"(82, 48)",1.9681233097861934,False,0.0,14.0
87,Greedy,V4,"(87, 98)",2.8190734229456744,False,0.0,9.0
87,Greedy,V5,"(83, 86)",6.53695076441058,False,0.0,25.0
87,Greedy,V6,"(67, 87)",5.405506177639669,False,0.0,13.0
87,Greedy,V7,"(80, 4)",14.52399453002753,False,0.0,6.0
87,Greedy,V8,"(2, 90)",5.525606594304229,True,0.5603622481582278,1.0
87,Greedy,V9,"(59, 71)",13.02255583910614,False,0.0,35.0
87,Greedy,V10,"(53, 15)",2.0740347830843078,True,0.21900462194579973,1.0
87,Auction,V1,"(7, 30)",5.9910964959651665,False,0.0,30.0
87,Auction,V2,"(42, 45)",1.9901417340272403,True,0.0,12.0
87,Auction,V3,"(74, 91)",7.300651660892562,False,0.0,20.0
87,Auction,V4,"(57, 65)",16.31360822582077,False,0.0,23.0
87,Auction,V5,"(17, 34)",7.132541213734342,False,0.0,27.0
87,Auction,V6,"(70, 57)",9.277789933905359,False,0.0,16.0
87,Auction,V7,"(7, 0)",14.145541318067082,False,0.0,6.0
87,Auction,V8,"(8, 75)",5.355484298570964,True,0.2798093920759115,1.0
87,Auction,V9,"(0, 47)",0.45218961330434837,False,0.0,22.0
87,Auction,V10,"(12, 44)",3.077016272668317,False,0.0,2.0
87,Q-Learning,V1,"(17, 34)",16.075035554209666,False,0.0,40.0
87,Q-Learning,V2,"(74, 91)",11.533849623073108,False,0.0,22.0
87,Q-Learning,V3,"(57, 65)",4.865810015875667,False,0.0,17.0
87,Q-Learning,V4,"(23, 89)",1.6792302505602947,False,0.0,8.0
87,Q-Learning,V5,"(29, 48)",2.810138239072579,False,0.0,22.0
87,Q-Learning,V6,"(0, 47)",2.2639485854342105,False,0.0,10.0
87,Q-Learning,V7,"(7, 0)",14.145541318067082,False,0.0,6.0
87,Q-Learning,V8,"(62, 5)",7.313761656678331,True,0.0,2.0
87,Q-Learning,V9,"(84, 61)",5.980915333950232,False,0.0,28.0
87,Q-Learning,V10,"(12, 44)",4.369924662143045,True,0.0,3.0
88,Greedy,V1,"(26, 13)",15.912822373345058,False,0.0,41.0
88,Greedy,V2,"(57, 58)",10.166227723919476,False,0.0,22.0
88,Greedy,V3,"(82, 48)",1.9681233097861934,False,0.0,15.0
88,Greedy,V4,"(87, 98)",2.8190734229456744,False,0.0,10.0
88,Greedy,V5,"(83, 86)",6.53695076441058,False,0.0,26.0
88,Greedy,V6,"(67, 87)",5.405506177639669,False,0.0,14.0
88,Greedy,V7,"(80, 4)",14.52399453002753,False,0.0,7.0
88,Greedy,V8,"(2, 90)",5.525606594304229,True,0.0,1.0
88,Greedy,V9,"(59, 71)",13.02255583910614,False,0.0,36.0
88,Greedy,V10,"(53, 15)",2.0740347830843078,True,0.0,1.0
88,Auction,V1,"(7, 30)",5.9910964959651665,False,0.0,31.0
88,Auction,V2,"(42, 45)",1.9901417340272403,False,0.0,13.0
88,Auction,V3,"(74, 91)",7.300651660892562,False,0.0,21.0
88,Auction,V4,"(95, 52)",1.8511447529267233,True,13.462463472894045,23.0
88,Auction,V5,"(17, 34)",7.132541213734342,False,0.0,28.0
88,Auction,V6,"(70, 57)",9.277789933905359,False,0.0,17.0
88,Auction,V7,"(7, 0)",14.145541318067082,False,0.0,7.0
88,Auction,V8,"(8, 75)",5.355484298570964,True,0.0,1.0
88,Auction,V9,"(0, 47)",0.45218961330434837,False,0.0,23.0
88,Auction,V10,"(12, 44)",3.077016272668317,False,0.0,3.0
88,Q-Learning,V1,"(17, 34)",16.075035554209666,False,0.0,41.0
88,Q-Learning,V2,"(74, 91)",11.533849623073108,False,0.0,23.0
88,Q-Learning,V3,"(57, 65)",4.865810015875667,False,0.0,18.0
88,Q-Learning,V4,"(23, 89)",1.6792302505602947,False,0.0,9.0
88,Q-Learning,V5,"(29, 48)",2.810138239072579,False,0.0,23.0
88,Q-Learning,V6,"(0, 47)",2.2639485854342105,False,0.0,11.0
88,Q-Learning,V7,"(7, 0)",14.145541318067082,False,0.0,7.0
88,Q-Learning,V8,"(62, 5)",7.313761656678331,False,0.0,3.0
88,Q-Learning,V9,"(84, 61)",5.980915333950232,False,0.0,29.0
88,Q-Learning,V10,"(12, 44)",4.369924662143045,False,0.0,4.0
89,Greedy,V1,"(26, 13)",15.912822373345058,False,0.0,42.0
89,Greedy,V2,"(57, 58)",10.166227723919476,False,0.0,23.0
89,Greedy,V3,"(82, 48)",1.9681233097861934,False,0.0,16.0
89,Greedy,V4,"(87, 98)",2.8190734229456744,False,0.0,11.0
89,Greedy,V5,"(83, 86)",6.53695076441058,False,0.0,27.0
89,Greedy,V6,"(67, 87)",5.405506177639669,False,0.0,15.0
89,Greedy,V7,"(80, 4)",14.52399453002753,False,0.0,8.0
89,Greedy,V8,"(2, 90)",5.525606594304229,False,0.0,2.0
89,Greedy,V9,"(59, 71)",13.02255583910614,False,0.0,37.0
89,Greedy,V10,"(53, 15)",2.0740347830843078,False,0.0,2.0
89,Auction,V1,"(7, 30)",5.9910964959651665,False,0.0,32.0
89,Auction,V2,"(42, 45)",1.9901417340272403,False,0.0,14.0
89,Auction,V3,"(74, 91)",7.300651660892562,False,0.0,22.0
89,Auction,V4,"(95, 52)",1.8511447529267233,True,12.462463472894045,23.0
89,Auction,V5,"(17, 34)",7.132541213734342,False,0.0,29.0
89,Auction,V6,"(70, 57)",9.277789933905359,False,0.0,18.0
89,Auction,V7,"(7, 0)",14.145541318067082,False,0.0,8.0
89,Auction,V8,"(8, 75)",5.355484298570964,False,0.0,2.0
89,Auction,V9,"(0, 47)",0.45218961330434837,False,0.0,24.0
89,Auction,V10,"(12, 44)",3.077016272668317,False,0.0,4.0
89,Q-Learning,V1,"(17, 34)",16.075035554209666,False,0.0,42.0
89,Q-Learning,V2,"(74, 91)",11.533849623073108,False,0.0,24.0
89,Q-Learning,V3,"(57, 65)",4.865810015875667,False,0.0,19.0
89,Q-Learning,V4,"(23, 89)",1.6792302505602947,False,0.0,10.0
89,Q-Learning,V5,"(29, 48)",2.810138239072579,False,0.0,24.0
89,Q-Learning,V6,"(0, 47)",2.2639485854342105,False,0.0,12.0
89,Q-Learning,V7,"(7, 0)",14.145541318067082,False,0.0,8.0
89,Q-Learning,V8,"(62, 5)",7.313761656678331,False,0.0,4.0
89,Q-Learning,V9,"(84, 61)",5.980915333950232,False,0.0,30.0
89,Q-Learning,V10,"(12, 44)",4.369924662143045,False,0.0,5.0
90,Greedy,V1,"(26, 13)",15.912822373345058,False,0.0,43.0
90,Greedy,V2,"(57, 58)",10.166227723919476,False,0.0,24.0
90,Greedy,V3,"(82, 48)",1.9681233097861934,False,0.0,17.0
90,Greedy,V4,"(87, 98)",2.8190734229456744,False,0.0,12.0
90,Greedy,V5,"(83, 86)",6.53695076441058,False,0.0,28.0
90,Greedy,V6,"(67, 87)",5.405506177639669,False,0.0,16.0
90,Greedy,V7,"(80, 4)",14.52399453002753,False,0.0,9.0
90,Greedy,V8,"(2, 90)",5.525606594304229,False,0.0,3.0
90,Greedy,V9,"(59, 71)",13.02255583910614,False,0.0,38.0
90,Greedy,V10,"(53, 15)",2.0740347830843078,False,0.0,3.0
90,Auction,V1,"(7, 30)",5.9910964959651665,False,0.0,33.0
90,Auction,V2,"(42, 45)",1.9901417340272403,False,0.0,15.0
90,Auction,V3,"(74, 91)",7.300651660892562,False,0.0,23.0
90,Auction,V4,"(95, 52)",1.8511447529267233,True,11.462463472894045,23.0
90,Auction,V5,"(17, 34)",7.132541213734342,False,0.0,30.0
90,Auction,V6,"(70, 57)",9.277789933905359,False,0.0,19.0
90,Auction,V7,"(7, 0)",14.145541318067082,False,0.0,9.0
90,Auction,V8,"(8, 75)",5.355484298570964,False,0.0,3.0
90,Auction,V9,"(0, 47)",0.45218961330434837,False,0.0,25.0
90,Auction,V10,"(12, 44)",3.077016272668317,False,0.0,5.0
90,Q-Learning,V1,"(17, 34)",16.075035554209666,False,0.0,43.0
90,Q-Learning,V2,"(70, 97)",0.331999197918444,True,10.201850425154664,24.0
90,Q-Learning,V3,"(57, 65)",4.865810015875667,False,0.0,20.0
90,Q-Learning,V4,"(23, 89)",1.6792302505602947,False,0.0,11.0
90,Q-Learning,V5,"(29, 48)",2.810138239072579,False,0.0,25.0
90,Q-Learning,V6,"(0, 47)",2.2639485854342105,False,0.0,13.0
90,Q-Learning,V7,"(7, 0)",14.145541318067082,False,0.0,9.0
90,Q-Learning,V8,"(62, 5)",7.313761656678331,False,0.0,5.0
90,Q-Learning,V9,"(84, 61)",5.980915333950232,False,0.0,31.0
90,Q-Learning,V10,"(12, 44)",4.369924662143045,False,0.0,6.0
91,Greedy,V1,"(26, 13)",15.912822373345058,False,0.0,44.0
91,Greedy,V2,"(57, 58)",10.166227723919476,False,0.0,25.0
91,Greedy,V3,"(82, 48)",1.9681233097861934,False,0.0,18.0
91,Greedy,V4,"(87, 98)",2.8190734229456744,False,0.0,13.0
91,Greedy,V5,"(83, 86)",6.53695076441058,False,0.0,29.0
91,Greedy,V6,"(67, 87)",5.405506177639669,False,0.0,17.0
91,Greedy,V7,"(80, 4)",14.52399453002753,False,0.0,10.0
91,Greedy,V8,"(2, 90)",5.525606594304229,False,0.0,4.0
91,Greedy,V9,"(59, 71)",13.02255583910614,False,0.0,39.0
91,Greedy,V10,"(53, 15)",2.0740347830843078,False,0.0,4.0
91,Auction,V1,"(7, 30)",5.9910964959651665,False,0.0,34.0
91,Auction,V2,"(42, 45)",1.9901417340272403,False,0.0,16.0
91,Auction,V3,"(74, 91)",7.300651660892562,False,0.0,24.0
91,Auction,V4,"(95, 52)",1.8511447529267233,True,10.462463472894045,23.0
91,Auction,V5,"(17, 34)",7.132541213734342,False,0.0,31.0
91,Auction,V6,"(70, 57)",9.277789933905359,False,0.0,20.0
91,Auction,V7,"(7, 0)",14.145541318067082,False,0.0,10.0
91,Auction,V8,"(8, 75)",5.355484298570964,False,0.0,4.0
91,Auction,V9,"(0, 47)",0.45218961330434837,False,0.0,26.0
91,Auction,V10,"(12, 44)",3.077016272668317,False,0.0,6.0
91,Q-Learning,V1,"(17, 34)",16.075035554209666,False,0.0,44.0
91,Q-Learning,V2,"(70, 97)",0.331999197918444,True,9.201850425154664,24.0
91,Q-Learning,V3,"(57, 65)",4.865810015875667,False,0.0,21.0
91,Q-Learning,V4,"(23, 89)",1.6792302505602947,False,0.0,12.0
91,Q-Learning,V5,"(29, 48)",2.810138239072579,False,0.0,26.0
91,Q-Learning,V6,"(0, 47)",2.2639485854342105,False,0.0,14.0
91,Q-Learning,V7,"(7, 0)",14.145541318067082,False,0.0,10.0
91,Q-Learning,V8,"(62, 5)",7.313761656678331,False,0.0,6.0
91,Q-Learning,V9,"(84, 61)",5.980915333950232,False,0.0,32.0
91,Q-Learning,V10,"(12, 44)",4.369924662143045,False,0.0,7.0
92,Greedy,V1,"(26, 13)",15.912822373345058,False,0.0,45.0
92,Greedy,V2,"(57, 58)",10.166227723919476,False,0.0,26.0
92,Greedy,V3,"(82, 48)",1.9681233097861934,False,0.0,19.0
92,Greedy,V4,"(87, 98)",2.8190734229456744,False,0.0,14.0
92,Greedy,V5,"(83, 86)",6.53695076441058,False,0.0,30.0
92,Greedy,V6,"(67, 87)",5.405506177639669,False,0.0,18.0
92,Greedy,V7,"(80, 4)",14.52399453002753,False,0.0,11.0
92,Greedy,V8,"(2, 90)",5.525606594304229,False,0.0,5.0
92,Greedy,V9,"(59, 71)",13.02255583910614,False,0.0,40.0
92,Greedy,V10,"(53, 15)",2.0740347830843078,False,0.0,5.0
92,Auction,V1,"(7, 30)",5.9910964959651665,False,0.0,35.0
92,Auction,V2,"(42, 45)",1.9901417340272403,False,0.0,17.0
92,Auction,V3,"(74, 91)",7.300651660892562,False,0.0,25.0
92,Auction,V4,"(95, 52)",1.8511447529267233,True,9.462463472894045,23.0
92,Auction,V5,"(17, 34)",7.132541213734342,False,0.0,32.0
92,Auction,V6,"(70, 57)",9.277789933905359,False,0.0,21.0
92,Auction,V7,"(7, 0)",14.145541318067082,False,0.0,11.0
92,Auction,V8,"(8, 75)",5.355484298570964,False,0.0,5.0
92,Auction,V9,"(0, 47)",0.45218961330434837,False,0.0,27.0
92,Auction,V10,"(12, 44)",3.077016272668317,False,0.0,7.0
92,Q-Learning,V1,"(17, 34)",16.075035554209666,False,0.0,45.0
92,Q-Learning,V2,"(70, 97)",0.331999197918444,True,8.201850425154664,24.0
92,Q-Learning,V3,"(57, 65)",4.865810015875667,False,0.0,22.0
92,Q-Learning,V4,"(23, 89)",1.6792302505602947,False,0.0,13.0
92,Q-Learning,V5,"(29, 48)",2.810138239072579,False,0.0,27.0
92,Q-Learning,V6,"(0, 47)",2.2639485854342105,False,0.0,15.0
92,Q-Learning,V7,"(7, 0)",14.145541318067082,False,0.0,11.0
92,Q-Learning,V8,"(62, 5)",7.313761656678331,False,0.0,7.0
92,Q-Learning,V9,"(84, 61)",5.980915333950232,False,0.0,33.0
92,Q-Learning,V10,"(12, 44)",4.369924662143045,False,0.0,8.0
93,Greedy,V1,"(26, 13)",15.912822373345058,False,0.0,46.0
93,Greedy,V2,"(57, 58)",10.166227723919476,False,0.0,27.0
93,Greedy,V3,"(82, 48)",1.9681233097861934,False,0.0,20.0
93,Greedy,V4,"(87, 98)",2.8190734229456744,False,0.0,15.0
93,Greedy,V5,"(83, 86)",6.53695076441058,False,0.0,31.0
93,Greedy,V6,"(67, 87)",5.405506177639669,False,0.0,19.0
93,Greedy,V7,"(80, 4)",14.52399453002753,False,0.0,12.0
93,Greedy,V8,"(2, 90)",5.525606594304229,False,0.0,6.0
93,Greedy,V9,"(59, 71)",13.02255583910614,False,0.0,41.0
93,Greedy,V10,"(53, 15)",2.0740347830843078,False,0.0,6.0
93,Auction,V1,"(7, 30)",5.9910964959651665,False,0.0,36.0
93,Auction,V2,"(42, 45)",1.9901417340272403,False,0.0,18.0
93,Auction,V3,"(74, 91)",7.300651660892562,False,0.0,26.0
93,Auction,V4,"(95, 52)",1.8511447529267233,True,8.462463472894045,23.0
93,Auction,V5,"(17, 34)",7.132541213734342,False,0.0,33.0
93,Auction,V6,"(70, 57)",9.277789933905359,False,0.0,22.0
93,Auction,V7,"(7, 0)",14.145541318067082,False,0.0,12.0
93,Auction,V8,"(8, 75)",5.355484298570964,False,0.0,6.0
93,Auction,V9,"(0, 47)",0.45218961330434837,False,0.0,28.0
93,Auction,V10,"(12, 44)",3.077016272668317,False,0.0,8.0
93,Q-Learning,V1,"(17, 34)",16.075035554209666,False,0.0,46.0
93,Q-Learning,V2,"(70, 97)",0.331999197918444,True,7.201850425154664,24.0
93,Q-Learning,V3,"(57, 65)",4.865810015875667,False,0.0,23.0
93,Q-Learning,V4,"(23, 89)",1.6792302505602947,False,0.0,14.0
93,Q-Learning,V5,"(29, 48)",2.810138239072579,False,0.0,28.0
93,Q-Learning,V6,"(0, 47)",2.2639485854342105,False,0.0,16.0
93,Q-Learning,V7,"(7, 0)",14.145541318067082,False,0.0,12.0
93,Q-Learning,V8,"(62, 5)",7.313761656678331,False,0.0,8.0
93,Q-Learning,V9,"(84, 61)",5.980915333950232,False,0.0,34.0
93,Q-Learning,V10,"(12, 44)",4.369924662143045,False,0.0,9.0
94,Greedy,V1,"(26, 13)",15.912822373345058,False,0.0,47.0
94,Greedy,V2,"(57, 58)",10.166227723919476,False,0.0,28.0
94,Greedy,V3,"(82, 48)",1.9681233097861934,False,0.0,21.0
94,Greedy,V4,"(87, 98)",2.8190734229456744,False,0.0,16.0
94,Greedy,V5,"(83, 86)",6.53695076441058,False,0.0,32.0
94,Greedy,V6,"(67, 87)",5.405506177639669,False,0.0,20.0
94,Greedy,V7,"(80, 4)",14.52399453002753,False,0.0,13.0
94,Greedy,V8,"(2, 90)",5.525606594304229,False,0.0,7.0
94,Greedy,V9,"(59, 71)",13.02255583910614,False,0.0,42.0
94,Greedy,V10,"(53, 15)",2.0740347830843078,False,0.0,7.0
94,Auction,V1,"(7, 30)",5.9910964959651665,False,0.0,37.0
94,Auction,V2,"(42, 45)",1.9901417340272403,False,0.0,19.0
94,Auction,V3,"(74, 91)",7.300651660892562,False,0.0,27.0
94,Auction,V4,"(95, 52)",1.8511447529267233,True,7.462463472894045,23.0
94,Auction,V5,"(17, 34)",7.132541213734342,False,0.0,34.0
94,Auction,V6,"(70, 57)",9.277789933905359,False,0.0,23.0
94,Auction,V7,"(7, 0)",14.145541318067082,False,0.0,13.0
94,Auction,V8,"(8, 75)",5.355484298570964,False,0.0,7.0
94,Auction,V9,"(0, 47)",0.45218961330434837,False,0.0,29.0
94,Auction,V10,"(12, 44)",3.077016272668317,False,0.0,9.0
94,Q-Learning,V1,"(17, 34)",16.075035554209666,False,0.0,47.0
94,Q-Learning,V2,"(70, 97)",0.331999197918444,True,6.201850425154664,24.0
94,Q-Learning,V3,"(57, 65)",4.865810015875667,False,0.0,24.0
94,Q-Learning,V4,"(23, 89)",1.6792302505602947,False,0.0,15.0
94,Q-Learning,V5,"(29, 48)",2.810138239072579,False,0.0,29.0
94,Q-Learning,V6,"(0, 47)",2.2639485854342105,False,0.0,17.0
94,Q-Learning,V7,"(7, 0)",14.145541318067082,False,0.0,13.0
94,Q-Learning,V8,"(62, 5)",7.313761656678331,False,0.0,9.0
94,Q-Learning,V9,"(84, 61)",5.980915333950232,False,0.0,35.0
94,Q-Learning,V10,"(12, 44)",4.369924662143045,False,0.0,10.0
95,Greedy,V1,"(26, 13)",15.912822373345058,False,0.0,48.0
95,Greedy,V2,"(57, 58)",10.166227723919476,False,0.0,29.0
95,Greedy,V3,"(82, 48)",1.9681233097861934,False,0.0,22.0
95,Greedy,V4,"(87, 98)",2.8190734229456744,False,0.0,17.0
95,Greedy,V5,"(83, 86)",6.53695076441058,False,0.0,33.0
95,Greedy,V6,"(67, 87)",5.405506177639669,False,0.0,21.0
95,Greedy,V7,"(80, 4)",14.52399453002753,False,0.0,14.0
95,Greedy,V8,"(2, 90)",5.525606594304229,False,0.0,8.0
95,Greedy,V9,"(59, 71)",13.02255583910614,False,0.0,43.0
95,Greedy,V10,"(53, 15)",2.0740347830843078,False,0.0,8.0
95,Auction,V1,"(7, 30)",5.9910964959651665,False,0.0,38.0
95,Auction,V2,"(42, 45)",1.9901417340272403,False,0.0,20.0
95,Auction,V3,"(74, 91)",7.300651660892562,False,0.0,28.0
95,Auction,V4,"(95, 52)",1.8511447529267233,True,6.462463472894045,23.0
95,Auction,V5,"(17, 34)",7.132541213734342,False,0.0,35.0
95,Auction,V6,"(70, 57)",9.277789933905359,False,0.0,24.0
95,Auction,V7,"(7, 0)",14.145541318067082,False,0.0,14.0
95,Auction,V8,"(8, 75)",5.355484298570964,False,0.0,8.0
95,Auction,V9,"(0, 47)",0.45218961330434837,False,0.0,30.0
95,Auction,V10,"(12, 44)",3.077016272668317,False,0.0,10.0
95,Q-Learning,V1,"(17, 34)",16.075035554209666,False,0.0,48.0
95,Q-Learning,V2,"(70, 97)",0.331999197918444,True,5.201850425154664,24.0
95,Q-Learning,V3,"(57, 65)",4.865810015875667,False,0.0,25.0
95,Q-Learning,V4,"(23, 89)",1.6792302505602947,False,0.0,16.0
95,Q-Learning,V5,"(29, 48)",2.810138239072579,False,0.0,30.0
95,Q-Learning,V6,"(0, 47)",2.2639485854342105,False,0.0,18.0
95,Q-Learning,V7,"(7, 0)",14.145541318067082,False,0.0,14.0
95,Q-Learning,V8,"(62, 5)",7.313761656678331,False,0.0,10.0
95,Q-Learning,V9,"(84, 61)",5.980915333950232,False,0.0,36.0
95,Q-Learning,V10,"(12, 44)",4.369924662143045,False,0.0,11.0
96,Greedy,V1,"(26, 13)",15.912822373345058,False,0.0,49.0
96,Greedy,V2,"(57, 58)",10.166227723919476,False,0.0,30.0
96,Greedy,V3,"(82, 48)",1.9681233097861934,False,0.0,23.0
96,Greedy,V4,"(87, 98)",2.8190734229456744,False,0.0,18.0
96,Greedy,V5,"(83, 86)",6.53695076441058,False,0.0,34.0
96,Greedy,V6,"(67, 87)",5.405506177639669,False,0.0,22.0
96,Greedy,V7,"(80, 4)",14.52399453002753,False,0.0,15.0
96,Greedy,V8,"(2, 90)",5.525606594304229,False,0.0,9.0
96,Greedy,V9,"(59, 71)",13.02255583910614,False,0.0,44.0
96,Greedy,V10,"(53, 15)",2.0740347830843078,False,0.0,9.0
96,Auction,V1,"(7, 30)",5.9910964959651665,False,0.0,39.0
96,Auction,V2,"(42, 45)",1.9901417340272403,False,0.0,21.0
96,Auction,V3,"(74, 91)",7.300651660892562,False,0.0,29.0
96,Auction,V4,"(95, 52)",1.8511447529267233,True,5.462463472894045,23.0
96,Auction,V5,"(17, 34)",7.132541213734342,False,0.0,36.0
96,Auction,V6,"(70, 57)",9.277789933905359,False,0.0,25.0
96,Auction,V7,"(7, 0)",14.145541318067082,False,0.0,15.0
96,Auction,V8,"(8, 75)",5.355484298570964,False,0.0,9.0
96,Auction,V9,"(0, 47)",0.45218961330434837,False,0.0,31.0
96,Auction,V10,"(12, 44)",3.077016272668317,False,0.0,11.0
96,Q-Learning,V1,"(17, 34)",16.075035554209666,False,0.0,49.0
96,Q-Learning,V2,"(70, 97)",0.331999197918444,True,4.201850425154664,24.0
96,Q-Learning,V3,"(57, 65)",4.865810015875667,False,0.0,26.0
96,Q-Learning,V4,"(23, 89)",1.6792302505602947,False,0.0,17.0
96,Q-Learning,V5,"(29, 48)",2.810138239072579,False,0.0,31.0
96,Q-Learning,V6,"(0, 47)",2.2639485854342105,False,0.0,19.0
96,Q-Learning,V7,"(7, 0)",14.145541318067082,False,0.0,15.0
96,Q-Learning,V8,"(62, 5)",7.313761656678331,False,0.0,11.0
96,Q-Learning,V9,"(84, 61)",5.980915333950232,False,0.0,37.0
96,Q-Learning,V10,"(12, 44)",4.369924662143045,False,0.0,12.0
97,Greedy,V1,"(26, 13)",15.912822373345058,False,0.0,50.0
97,Greedy,V2,"(57, 58)",10.166227723919476,False,0.0,31.0
97,Greedy,V3,"(82, 48)",1.9681233097861934,False,0.0,24.0
97,Greedy,V4,"(87, 98)",2.8190734229456744,False,0.0,19.0
97,Greedy,V5,"(83, 86)",6.53695076441058,False,0.0,35.0
97,Greedy,V6,"(67, 87)",5.405506177639669,False,0.0,23.0
97,Greedy,V7,"(80, 4)",14.52399453002753,False,0.0,16.0
97,Greedy,V8,"(2, 90)",5.525606594304229,False,0.0,10.0
97,Greedy,V9,"(59, 71)",13.02255583910614,False,0.0,45.0
97,Greedy,V10,"(53, 15)",2.0740347830843078,False,0.0,10.0
97,Auction,V1,"(7, 30)",5.9910964959651665,False,0.0,40.0
97,Auction,V2,"(42, 45)",1.9901417340272403,False,0.0,22.0
97,Auction,V3,"(74, 91)",7.300651660892562,False,0.0,30.0
97,Auction,V4,"(95, 52)",1.8511447529267233,True,4.462463472894045,23.0
97,Auction,V5,"(17, 34)",7.132541213734342,False,0.0,37.0
97,Auction,V6,"(70, 57)",9.277789933905359,False,0.0,26.0
97,Auction,V7,"(7, 0)",14.145541318067082,False,0.0,16.0
97,Auction,V8,"(8, 75)",5.355484298570964,False,0.0,10.0
97,Auction,V9,"(0, 47)",0.45218961330434837,False,0.0,32.0
97,Auction,V10,"(12, 44)",3.077016272668317,False,0.0,12.0
97,Q-Learning,V1,"(17, 34)",16.075035554209666,False,0.0,50.0
97,Q-Learning,V2,"(70, 97)",0.331999197918444,True,3.201850425154664,24.0
97,Q-Learning,V3,"(57, 65)",4.865810015875667,False,0.0,27.0
97,Q-Learning,V4,"(23, 89)",1.6792302505602947,False,0.0,18.0
97,Q-Learning,V5,"(29, 48)",2.810138239072579,False,0.0,32.0
97,Q-Learning,V6,"(0, 47)",2.2639485854342105,False,0.0,20.0
97,Q-Learning,V7,"(7, 0)",14.145541318067082,False,0.0,16.0
97,Q-Learning,V8,"(62, 5)",7.313761656678331,False,0.0,12.0
97,Q-Learning,V9,"(84, 61)",5.980915333950232,False,0.0,38.0
97,Q-Learning,V10,"(12, 44)",4.369924662143045,False,0.0,13.0
98,Greedy,V1,"(26, 13)",15.912822373345058,False,0.0,51.0
98,Greedy,V2,"(57, 58)",10.166227723919476,False,0.0,32.0
98,Greedy,V3,"(82, 48)",1.9681233097861934,False,0.0,25.0
98,Greedy,V4,"(87, 98)",2.8190734229456744,False,0.0,20.0
98,Greedy,V5,"(83, 86)",6.53695076441058,False,0.0,36.0
98,Greedy,V6,"(67, 87)",5.405506177639669,False,0.0,24.0
98,Greedy,V7,"(80, 4)",14.52399453002753,False,0.0,17.0
98,Greedy,V8,"(2, 90)",5.525606594304229,False,0.0,11.0
98,Greedy,V9,"(59, 71)",13.02255583910614,False,0.0,46.0
98,Greedy,V10,"(53, 15)",2.0740347830843078,False,0.0,11.0
98,Auction,V1,"(7, 30)",5.9910964959651665,False,0.0,41.0
98,Auction,V2,"(42, 45)",1.9901417340272403,False,0.0,23.0
98,Auction,V3,"(74, 91)",7.300651660892562,False,0.0,31.0
98,Auction,V4,"(95, 52)",1.8511447529267233,True,3.4624634728940453,23.0
98,Auction,V5,"(17, 34)",7.132541213734342,False,0.0,38.0
98,Auction,V6,"(70, 57)",9.277789933905359,False,0.0,27.0
98,Auction,V7,"(7, 0)",14.145541318067082,False,0.0,17.0
98,Auction,V8,"(8, 75)",5.355484298570964,False,0.0,11.0
98,Auction,V9,"(0, 47)",0.45218961330434837,False,0.0,33.0
98,Auction,V10,"(12, 44)",3.077016272668317,False,0.0,13.0
98,Q-Learning,V1,"(17, 34)",16.075035554209666,False,0.0,51.0
98,Q-Learning,V2,"(70, 97)",0.331999197918444,True,2.201850425154664,24.0
98,Q-Learning,V3,"(57, 65)",4.865810015875667,False,0.0,28.0
98,Q-Learning,V4,"(23, 89)",1.6792302505602947,False,0.0,19.0
98,Q-Learning,V5,"(29, 48)",2.810138239072579,False,0.0,33.0
98,Q-Learning,V6,"(0, 47)",2.2639485854342105,False,0.0,21.0
98,Q-Learning,V7,"(7, 0)",14.145541318067082,False,0.0,17.0
98,Q-Learning,V8,"(62, 5)",7.313761656678331,False,0.0,13.0
98,Q-Learning,V9,"(84, 61)",5.980915333950232,False,0.0,39.0
98,Q-Learning,V10,"(12, 44)",4.369924662143045,False,0.0,14.0
99,Greedy,V1,"(26, 13)",15.912822373345058,False,0.0,52.0
99,Greedy,V2,"(57, 58)",10.166227723919476,False,0.0,33.0
99,Greedy,V3,"(82, 48)",1.9681233097861934,False,0.0,26.0
99,Greedy,V4,"(87, 98)",2.8190734229456744,False,0.0,21.0
99,Greedy,V5,"(83, 86)",6.53695076441058,False,0.0,37.0
99,Greedy,V6,"(67, 87)",5.405506177639669,False,0.0,25.0
99,Greedy,V7,"(80, 4)",14.52399453002753,False,0.0,18.0
99,Greedy,V8,"(2, 90)",5.525606594304229,False,0.0,12.0
99,Greedy,V9,"(59, 71)",13.02255583910614,False,0.0,47.0
99,Greedy,V10,"(53, 15)",2.0740347830843078,False,0.0,12.0
99,Auction,V1,"(7, 30)",5.9910964959651665,False,0.0,42.0
99,Auction,V2,"(42, 45)",1.9901417340272403,False,0.0,24.0
99,Auction,V3,"(74, 91)",7.300651660892562,False,0.0,32.0
99,Auction,V4,"(95, 52)",1.8511447529267233,True,2.4624634728940453,23.0
99,Auction,V5,"(17, 34)",7.132541213734342,False,0.0,39.0
99,Auction,V6,"(70, 57)",9.277789933905359,False,0.0,28.0
99,Auction,V7,"(7, 0)",14.145541318067082,False,0.0,18.0
99,Auction,V8,"(8, 75)",5.355484298570964,False,0.0,12.0
99,Auction,V9,"(0, 47)",0.45218961330434837,False,0.0,34.0
99,Auction,V10,"(12, 44)",3.077016272668317,False,0.0,14.0
99,Q-Learning,V1,"(17, 34)",16.075035554209666,False,0.0,52.0
99,Q-Learning,V2,"(70, 97)",0.331999197918444,True,1.2018504251546638,24.0
99,Q-Learning,V3,"(57, 65)",4.865810015875667,False,0.0,29.0
99,Q-Learning,V4,"(23, 89)",1.6792302505602947,False,0.0,20.0
99,Q-Learning,V5,"(29, 48)",2.810138239072579,False,0.0,34.0
99,Q-Learning,V6,"(0, 47)",2.2639485854342105,False,0.0,22.0
99,Q-Learning,V7,"(7, 0)",14.145541318067082,False,0.0,18.0
99,Q-Learning,V8,"(62, 5)",7.313761656678331,False,0.0,14.0
99,Q-Learning,V9,"(84, 61)",5.980915333950232,False,0.0,40.0
99,Q-Learning,V10,"(12, 44)",4.369924662143045,False,0.0,15.0
