time_step,method,vehicle_id,position,battery,busy,remaining_duration,idle_time
0,Greedy,V1,"(56, 52)",69.0,False,0.0,0.0
0,Greedy,V2,"(46, 40)",62.0,False,0.0,0.0
0,Greedy,V3,"(87, 78)",53.0,False,0.0,0.0
0,Greedy,V4,"(0, 28)",67.0,False,0.0,0.0
0,Greedy,V5,"(17, 95)",68.0,False,0.0,0.0
0,Greedy,V6,"(12, 39)",98.0,False,0.0,0.0
0,Greedy,V7,"(30, 32)",51.0,False,0.0,0.0
0,Greedy,V8,"(94, 55)",98.0,False,0.0,0.0
0,Greedy,V9,"(92, 11)",75.0,False,0.0,0.0
0,Greedy,V10,"(23, 5)",78.0,False,0.0,0.0
0,Auction,V1,"(56, 52)",69.0,False,0.0,0.0
0,Auction,V2,"(46, 40)",62.0,False,0.0,0.0
0,Auction,V3,"(87, 78)",53.0,False,0.0,0.0
0,Auction,V4,"(0, 28)",67.0,False,0.0,0.0
0,Auction,V5,"(17, 95)",68.0,False,0.0,0.0
0,Auction,V6,"(12, 39)",98.0,False,0.0,0.0
0,Auction,V7,"(30, 32)",51.0,False,0.0,0.0
0,Auction,V8,"(94, 55)",98.0,False,0.0,0.0
0,Auction,V9,"(92, 11)",75.0,False,0.0,0.0
0,Auction,V10,"(23, 5)",78.0,False,0.0,0.0
0,Q-Learning,V1,"(56, 52)",69.0,False,0.0,0.0
0,Q-Learning,V2,"(46, 40)",62.0,False,0.0,0.0
0,Q-Learning,V3,"(87, 78)",53.0,False,0.0,0.0
0,Q-Learning,V4,"(0, 28)",67.0,False,0.0,0.0
0,Q-Learning,V5,"(17, 95)",68.0,False,0.0,0.0
0,Q-Learning,V6,"(12, 39)",98.0,False,0.0,0.0
0,Q-Learning,V7,"(30, 32)",51.0,False,0.0,0.0
0,Q-Learning,V8,"(94, 55)",98.0,False,0.0,0.0
0,Q-Learning,V9,"(92, 11)",75.0,False,0.0,0.0
0,Q-Learning,V10,"(23, 5)",78.0,False,0.0,0.0
1,Greedy,V1,"(56, 52)",41.422091283258965,True,27.57790871674104,1.0
1,Greedy,V2,"(46, 40)",47.71889881289833,True,14.281101187101672,1.0
1,Greedy,V3,"(87, 78)",25.838831279700255,True,27.161168720299745,1.0
1,Greedy,V4,"(0, 28)",38.82406482689603,True,28.175935173103973,1.0
1,Greedy,V5,"(17, 95)",29.61397676378226,True,38.38602323621774,1.0
1,Greedy,V6,"(12, 39)",68.84480746535134,True,29.155192534648666,1.0
1,Greedy,V7,"(30, 32)",24.52688900263755,True,26.47311099736245,1.0
1,Greedy,V8,"(94, 55)",85.74123024273688,True,12.258769757263128,1.0
1,Greedy,V9,"(92, 11)",46.40336259902062,True,28.596637400979382,1.0
1,Greedy,V10,"(23, 5)",65.5,True,12.5,1.0
1,Auction,V1,"(71, 32)",54.42857142857143,True,14.571428571428571,1.0
1,Auction,V2,"(45, 51)",34.619329872851594,True,27.380670127148406,1.0
1,Auction,V3,"(62, 96)",25.838831279700255,True,27.161168720299745,1.0
1,Auction,V4,"(6, 14)",38.82406482689603,True,28.175935173103973,1.0
1,Auction,V5,"(45, 35)",23.92940619033753,True,44.07059380966247,1.0
1,Auction,V6,"(18, 25)",73.09605672353402,True,24.903943276465977,1.0
1,Auction,V7,"(36, 62)",18.351470729610824,True,32.648529270389176,1.0
1,Auction,V8,"(79, 60)",85.74123024273688,True,12.258769757263128,1.0
1,Auction,V9,"(12, 16)",52.980487786324126,True,22.019512213675874,1.0
1,Auction,V10,"(11, 14)",65.5,True,12.5,1.0
1,Q-Learning,V1,"(45, 35)",44.10736332409763,True,24.89263667590237,1.0
1,Q-Learning,V2,"(18, 25)",35.029404956432856,True,26.970595043567148,1.0
1,Q-Learning,V3,"(79, 60)",39.06045687928156,True,13.939543120718442,1.0
1,Q-Learning,V4,"(6, 14)",38.82406482689603,True,28.175935173103973,1.0
1,Q-Learning,V5,"(62, 96)",31.996296753430798,True,36.0037032465692,1.0
1,Q-Learning,V6,"(11, 14)",84.8725009992008,True,13.127499000799201,1.0
1,Q-Learning,V7,"(45, 51)",18.9481407815449,True,32.0518592184551,1.0
1,Q-Learning,V8,"(36, 62)",64.65415904629799,True,33.345840953702016,1.0
1,Q-Learning,V9,"(71, 32)",60.287689398770624,True,14.712310601229374,1.0
1,Q-Learning,V10,"(12, 16)",63.40727513564933,True,14.592724864350675,1.0
2,Greedy,V1,"(56, 52)",41.422091283258965,True,26.57790871674104,1.0
2,Greedy,V2,"(46, 40)",47.71889881289833,True,13.281101187101672,1.0
2,Greedy,V3,"(87, 78)",25.838831279700255,True,26.161168720299745,1.0
2,Greedy,V4,"(0, 28)",38.82406482689603,True,27.175935173103973,1.0
2,Greedy,V5,"(17, 95)",29.61397676378226,True,37.38602323621774,1.0
2,Greedy,V6,"(12, 39)",68.84480746535134,True,28.155192534648666,1.0
2,Greedy,V7,"(30, 32)",24.52688900263755,True,25.47311099736245,1.0
2,Greedy,V8,"(94, 55)",85.74123024273688,True,11.258769757263128,1.0
2,Greedy,V9,"(92, 11)",46.40336259902062,True,27.596637400979382,1.0
2,Greedy,V10,"(23, 5)",65.5,True,11.5,1.0
2,Auction,V1,"(71, 32)",54.42857142857143,True,13.571428571428571,1.0
2,Auction,V2,"(45, 51)",34.619329872851594,True,26.380670127148406,1.0
2,Auction,V3,"(62, 96)",25.838831279700255,True,26.161168720299745,1.0
2,Auction,V4,"(6, 14)",38.82406482689603,True,27.175935173103973,1.0
2,Auction,V5,"(45, 35)",23.92940619033753,True,43.07059380966247,1.0
2,Auction,V6,"(18, 25)",73.09605672353402,True,23.903943276465977,1.0
2,Auction,V7,"(36, 62)",18.351470729610824,True,31.648529270389176,1.0
2,Auction,V8,"(79, 60)",85.74123024273688,True,11.258769757263128,1.0
2,Auction,V9,"(12, 16)",52.980487786324126,True,21.019512213675874,1.0
2,Auction,V10,"(11, 14)",65.5,True,11.5,1.0
2,Q-Learning,V1,"(45, 35)",44.10736332409763,True,23.89263667590237,1.0
2,Q-Learning,V2,"(18, 25)",35.029404956432856,True,25.970595043567148,1.0
2,Q-Learning,V3,"(79, 60)",39.06045687928156,True,12.939543120718442,1.0
2,Q-Learning,V4,"(6, 14)",38.82406482689603,True,27.175935173103973,1.0
2,Q-Learning,V5,"(62, 96)",31.996296753430798,True,35.0037032465692,1.0
2,Q-Learning,V6,"(11, 14)",84.8725009992008,True,12.127499000799201,1.0
2,Q-Learning,V7,"(45, 51)",18.9481407815449,True,31.0518592184551,1.0
2,Q-Learning,V8,"(36, 62)",64.65415904629799,True,32.345840953702016,1.0
2,Q-Learning,V9,"(71, 32)",60.287689398770624,True,13.712310601229374,1.0
2,Q-Learning,V10,"(12, 16)",63.40727513564933,True,13.592724864350675,1.0
3,Greedy,V1,"(56, 52)",41.422091283258965,True,25.57790871674104,1.0
3,Greedy,V2,"(46, 40)",47.71889881289833,True,12.281101187101672,1.0
3,Greedy,V3,"(87, 78)",25.838831279700255,True,25.161168720299745,1.0
3,Greedy,V4,"(0, 28)",38.82406482689603,True,26.175935173103973,1.0
3,Greedy,V5,"(17, 95)",29.61397676378226,True,36.38602323621774,1.0
3,Greedy,V6,"(12, 39)",68.84480746535134,True,27.155192534648666,1.0
3,Greedy,V7,"(30, 32)",24.52688900263755,True,24.47311099736245,1.0
3,Greedy,V8,"(94, 55)",85.74123024273688,True,10.258769757263128,1.0
3,Greedy,V9,"(92, 11)",46.40336259902062,True,26.596637400979382,1.0
3,Greedy,V10,"(23, 5)",65.5,True,10.5,1.0
3,Auction,V1,"(71, 32)",54.42857142857143,True,12.571428571428571,1.0
3,Auction,V2,"(45, 51)",34.619329872851594,True,25.380670127148406,1.0
3,Auction,V3,"(62, 96)",25.838831279700255,True,25.161168720299745,1.0
3,Auction,V4,"(6, 14)",38.82406482689603,True,26.175935173103973,1.0
3,Auction,V5,"(45, 35)",23.92940619033753,True,42.07059380966247,1.0
3,Auction,V6,"(18, 25)",73.09605672353402,True,22.903943276465977,1.0
3,Auction,V7,"(36, 62)",18.351470729610824,True,30.648529270389176,1.0
3,Auction,V8,"(79, 60)",85.74123024273688,True,10.258769757263128,1.0
3,Auction,V9,"(12, 16)",52.980487786324126,True,20.019512213675874,1.0
3,Auction,V10,"(11, 14)",65.5,True,10.5,1.0
3,Q-Learning,V1,"(45, 35)",44.10736332409763,True,22.89263667590237,1.0
3,Q-Learning,V2,"(18, 25)",35.029404956432856,True,24.970595043567148,1.0
3,Q-Learning,V3,"(79, 60)",39.06045687928156,True,11.939543120718442,1.0
3,Q-Learning,V4,"(6, 14)",38.82406482689603,True,26.175935173103973,1.0
3,Q-Learning,V5,"(62, 96)",31.996296753430798,True,34.0037032465692,1.0
3,Q-Learning,V6,"(11, 14)",84.8725009992008,True,11.127499000799201,1.0
3,Q-Learning,V7,"(45, 51)",18.9481407815449,True,30.0518592184551,1.0
3,Q-Learning,V8,"(36, 62)",64.65415904629799,True,31.345840953702016,1.0
3,Q-Learning,V9,"(71, 32)",60.287689398770624,True,12.712310601229374,1.0
3,Q-Learning,V10,"(12, 16)",63.40727513564933,True,12.592724864350675,1.0
4,Greedy,V1,"(56, 52)",41.422091283258965,True,24.57790871674104,1.0
4,Greedy,V2,"(46, 40)",47.71889881289833,True,11.281101187101672,1.0
4,Greedy,V3,"(87, 78)",25.838831279700255,True,24.161168720299745,1.0
4,Greedy,V4,"(0, 28)",38.82406482689603,True,25.175935173103973,1.0
4,Greedy,V5,"(17, 95)",29.61397676378226,True,35.38602323621774,1.0
4,Greedy,V6,"(12, 39)",68.84480746535134,True,26.155192534648666,1.0
4,Greedy,V7,"(30, 32)",24.52688900263755,True,23.47311099736245,1.0
4,Greedy,V8,"(94, 55)",85.74123024273688,True,9.258769757263128,1.0
4,Greedy,V9,"(92, 11)",46.40336259902062,True,25.596637400979382,1.0
4,Greedy,V10,"(23, 5)",65.5,True,9.5,1.0
4,Auction,V1,"(71, 32)",54.42857142857143,True,11.571428571428571,1.0
4,Auction,V2,"(45, 51)",34.619329872851594,True,24.380670127148406,1.0
4,Auction,V3,"(62, 96)",25.838831279700255,True,24.161168720299745,1.0
4,Auction,V4,"(6, 14)",38.82406482689603,True,25.175935173103973,1.0
4,Auction,V5,"(45, 35)",23.92940619033753,True,41.07059380966247,1.0
4,Auction,V6,"(18, 25)",73.09605672353402,True,21.903943276465977,1.0
4,Auction,V7,"(36, 62)",18.351470729610824,True,29.648529270389176,1.0
4,Auction,V8,"(79, 60)",85.74123024273688,True,9.258769757263128,1.0
4,Auction,V9,"(12, 16)",52.980487786324126,True,19.019512213675874,1.0
4,Auction,V10,"(11, 14)",65.5,True,9.5,1.0
4,Q-Learning,V1,"(45, 35)",44.10736332409763,True,21.89263667590237,1.0
4,Q-Learning,V2,"(18, 25)",35.029404956432856,True,23.970595043567148,1.0
4,Q-Learning,V3,"(79, 60)",39.06045687928156,True,10.939543120718442,1.0
4,Q-Learning,V4,"(6, 14)",38.82406482689603,True,25.175935173103973,1.0
4,Q-Learning,V5,"(62, 96)",31.996296753430798,True,33.0037032465692,1.0
4,Q-Learning,V6,"(11, 14)",84.8725009992008,True,10.127499000799201,1.0
4,Q-Learning,V7,"(45, 51)",18.9481407815449,True,29.0518592184551,1.0
4,Q-Learning,V8,"(36, 62)",64.65415904629799,True,30.345840953702016,1.0
4,Q-Learning,V9,"(71, 32)",60.287689398770624,True,11.712310601229374,1.0
4,Q-Learning,V10,"(12, 16)",63.40727513564933,True,11.592724864350675,1.0
5,Greedy,V1,"(56, 52)",41.422091283258965,True,23.57790871674104,1.0
5,Greedy,V2,"(46, 40)",47.71889881289833,True,10.281101187101672,1.0
5,Greedy,V3,"(87, 78)",25.838831279700255,True,23.161168720299745,1.0
5,Greedy,V4,"(0, 28)",38.82406482689603,True,24.175935173103973,1.0
5,Greedy,V5,"(17, 95)",29.61397676378226,True,34.38602323621774,1.0
5,Greedy,V6,"(12, 39)",68.84480746535134,True,25.155192534648666,1.0
5,Greedy,V7,"(30, 32)",24.52688900263755,True,22.47311099736245,1.0
5,Greedy,V8,"(94, 55)",85.74123024273688,True,8.258769757263128,1.0
5,Greedy,V9,"(92, 11)",46.40336259902062,True,24.596637400979382,1.0
5,Greedy,V10,"(23, 5)",65.5,True,8.5,1.0
5,Auction,V1,"(71, 32)",54.42857142857143,True,10.571428571428571,1.0
5,Auction,V2,"(45, 51)",34.619329872851594,True,23.380670127148406,1.0
5,Auction,V3,"(62, 96)",25.838831279700255,True,23.161168720299745,1.0
5,Auction,V4,"(6, 14)",38.82406482689603,True,24.175935173103973,1.0
5,Auction,V5,"(45, 35)",23.92940619033753,True,40.07059380966247,1.0
5,Auction,V6,"(18, 25)",73.09605672353402,True,20.903943276465977,1.0
5,Auction,V7,"(36, 62)",18.351470729610824,True,28.648529270389176,1.0
5,Auction,V8,"(79, 60)",85.74123024273688,True,8.258769757263128,1.0
5,Auction,V9,"(12, 16)",52.980487786324126,True,18.019512213675874,1.0
5,Auction,V10,"(11, 14)",65.5,True,8.5,1.0
5,Q-Learning,V1,"(45, 35)",44.10736332409763,True,20.89263667590237,1.0
5,Q-Learning,V2,"(18, 25)",35.029404956432856,True,22.970595043567148,1.0
5,Q-Learning,V3,"(79, 60)",39.06045687928156,True,9.939543120718442,1.0
5,Q-Learning,V4,"(6, 14)",38.82406482689603,True,24.175935173103973,1.0
5,Q-Learning,V5,"(62, 96)",31.996296753430798,True,32.0037032465692,1.0
5,Q-Learning,V6,"(11, 14)",84.8725009992008,True,9.127499000799201,1.0
5,Q-Learning,V7,"(45, 51)",18.9481407815449,True,28.0518592184551,1.0
5,Q-Learning,V8,"(36, 62)",64.65415904629799,True,29.345840953702016,1.0
5,Q-Learning,V9,"(71, 32)",60.287689398770624,True,10.712310601229374,1.0
5,Q-Learning,V10,"(12, 16)",63.40727513564933,True,10.592724864350675,1.0
6,Greedy,V1,"(56, 52)",41.422091283258965,True,22.57790871674104,1.0
6,Greedy,V2,"(46, 40)",47.71889881289833,True,9.281101187101672,1.0
6,Greedy,V3,"(87, 78)",25.838831279700255,True,22.161168720299745,1.0
6,Greedy,V4,"(0, 28)",38.82406482689603,True,23.175935173103973,1.0
6,Greedy,V5,"(17, 95)",29.61397676378226,True,33.38602323621774,1.0
6,Greedy,V6,"(12, 39)",68.84480746535134,True,24.155192534648666,1.0
6,Greedy,V7,"(30, 32)",24.52688900263755,True,21.47311099736245,1.0
6,Greedy,V8,"(94, 55)",85.74123024273688,True,7.258769757263128,1.0
6,Greedy,V9,"(92, 11)",46.40336259902062,True,23.596637400979382,1.0
6,Greedy,V10,"(23, 5)",65.5,True,7.5,1.0
6,Auction,V1,"(71, 32)",54.42857142857143,True,9.571428571428571,1.0
6,Auction,V2,"(45, 51)",34.619329872851594,True,22.380670127148406,1.0
6,Auction,V3,"(62, 96)",25.838831279700255,True,22.161168720299745,1.0
6,Auction,V4,"(6, 14)",38.82406482689603,True,23.175935173103973,1.0
6,Auction,V5,"(45, 35)",23.92940619033753,True,39.07059380966247,1.0
6,Auction,V6,"(18, 25)",73.09605672353402,True,19.903943276465977,1.0
6,Auction,V7,"(36, 62)",18.351470729610824,True,27.648529270389176,1.0
6,Auction,V8,"(79, 60)",85.74123024273688,True,7.258769757263128,1.0
6,Auction,V9,"(12, 16)",52.980487786324126,True,17.019512213675874,1.0
6,Auction,V10,"(11, 14)",65.5,True,7.5,1.0
6,Q-Learning,V1,"(45, 35)",44.10736332409763,True,19.89263667590237,1.0
6,Q-Learning,V2,"(18, 25)",35.029404956432856,True,21.970595043567148,1.0
6,Q-Learning,V3,"(79, 60)",39.06045687928156,True,8.939543120718442,1.0
6,Q-Learning,V4,"(6, 14)",38.82406482689603,True,23.175935173103973,1.0
6,Q-Learning,V5,"(62, 96)",31.996296753430798,True,31.003703246569202,1.0
6,Q-Learning,V6,"(11, 14)",84.8725009992008,True,8.127499000799201,1.0
6,Q-Learning,V7,"(45, 51)",18.9481407815449,True,27.0518592184551,1.0
6,Q-Learning,V8,"(36, 62)",64.65415904629799,True,28.345840953702016,1.0
6,Q-Learning,V9,"(71, 32)",60.287689398770624,True,9.712310601229374,1.0
6,Q-Learning,V10,"(12, 16)",63.40727513564933,True,9.592724864350675,1.0
7,Greedy,V1,"(56, 52)",41.422091283258965,True,21.57790871674104,1.0
7,Greedy,V2,"(46, 40)",47.71889881289833,True,8.281101187101672,1.0
7,Greedy,V3,"(87, 78)",25.838831279700255,True,21.161168720299745,1.0
7,Greedy,V4,"(0, 28)",38.82406482689603,True,22.175935173103973,1.0
7,Greedy,V5,"(17, 95)",29.61397676378226,True,32.38602323621774,1.0
7,Greedy,V6,"(12, 39)",68.84480746535134,True,23.155192534648666,1.0
7,Greedy,V7,"(30, 32)",24.52688900263755,True,20.47311099736245,1.0
7,Greedy,V8,"(94, 55)",85.74123024273688,True,6.258769757263128,1.0
7,Greedy,V9,"(92, 11)",46.40336259902062,True,22.596637400979382,1.0
7,Greedy,V10,"(23, 5)",65.5,True,6.5,1.0
7,Auction,V1,"(71, 32)",54.42857142857143,True,8.571428571428571,1.0
7,Auction,V2,"(45, 51)",34.619329872851594,True,21.380670127148406,1.0
7,Auction,V3,"(62, 96)",25.838831279700255,True,21.161168720299745,1.0
7,Auction,V4,"(6, 14)",38.82406482689603,True,22.175935173103973,1.0
7,Auction,V5,"(45, 35)",23.92940619033753,True,38.07059380966247,1.0
7,Auction,V6,"(18, 25)",73.09605672353402,True,18.903943276465977,1.0
7,Auction,V7,"(36, 62)",18.351470729610824,True,26.648529270389176,1.0
7,Auction,V8,"(79, 60)",85.74123024273688,True,6.258769757263128,1.0
7,Auction,V9,"(12, 16)",52.980487786324126,True,16.019512213675874,1.0
7,Auction,V10,"(11, 14)",65.5,True,6.5,1.0
7,Q-Learning,V1,"(45, 35)",44.10736332409763,True,18.89263667590237,1.0
7,Q-Learning,V2,"(18, 25)",35.029404956432856,True,20.970595043567148,1.0
7,Q-Learning,V3,"(79, 60)",39.06045687928156,True,7.939543120718442,1.0
7,Q-Learning,V4,"(6, 14)",38.82406482689603,True,22.175935173103973,1.0
7,Q-Learning,V5,"(62, 96)",31.996296753430798,True,30.003703246569202,1.0
7,Q-Learning,V6,"(11, 14)",84.8725009992008,True,7.127499000799201,1.0
7,Q-Learning,V7,"(45, 51)",18.9481407815449,True,26.0518592184551,1.0
7,Q-Learning,V8,"(36, 62)",64.65415904629799,True,27.345840953702016,1.0
7,Q-Learning,V9,"(71, 32)",60.287689398770624,True,8.712310601229374,1.0
7,Q-Learning,V10,"(12, 16)",63.40727513564933,True,8.592724864350675,1.0
8,Greedy,V1,"(56, 52)",41.422091283258965,True,20.57790871674104,1.0
8,Greedy,V2,"(46, 40)",47.71889881289833,True,7.281101187101672,1.0
8,Greedy,V3,"(87, 78)",25.838831279700255,True,20.161168720299745,1.0
8,Greedy,V4,"(0, 28)",38.82406482689603,True,21.175935173103973,1.0
8,Greedy,V5,"(17, 95)",29.61397676378226,True,31.38602323621774,1.0
8,Greedy,V6,"(12, 39)",68.84480746535134,True,22.155192534648666,1.0
8,Greedy,V7,"(30, 32)",24.52688900263755,True,19.47311099736245,1.0
8,Greedy,V8,"(94, 55)",85.74123024273688,True,5.258769757263128,1.0
8,Greedy,V9,"(92, 11)",46.40336259902062,True,21.596637400979382,1.0
8,Greedy,V10,"(23, 5)",65.5,True,5.5,1.0
8,Auction,V1,"(71, 32)",54.42857142857143,True,7.571428571428571,1.0
8,Auction,V2,"(45, 51)",34.619329872851594,True,20.380670127148406,1.0
8,Auction,V3,"(62, 96)",25.838831279700255,True,20.161168720299745,1.0
8,Auction,V4,"(6, 14)",38.82406482689603,True,21.175935173103973,1.0
8,Auction,V5,"(45, 35)",23.92940619033753,True,37.07059380966247,1.0
8,Auction,V6,"(18, 25)",73.09605672353402,True,17.903943276465977,1.0
8,Auction,V7,"(36, 62)",18.351470729610824,True,25.648529270389176,1.0
8,Auction,V8,"(79, 60)",85.74123024273688,True,5.258769757263128,1.0
8,Auction,V9,"(12, 16)",52.980487786324126,True,15.019512213675874,1.0
8,Auction,V10,"(11, 14)",65.5,True,5.5,1.0
8,Q-Learning,V1,"(45, 35)",44.10736332409763,True,17.89263667590237,1.0
8,Q-Learning,V2,"(18, 25)",35.029404956432856,True,19.970595043567148,1.0
8,Q-Learning,V3,"(79, 60)",39.06045687928156,True,6.939543120718442,1.0
8,Q-Learning,V4,"(6, 14)",38.82406482689603,True,21.175935173103973,1.0
8,Q-Learning,V5,"(62, 96)",31.996296753430798,True,29.003703246569202,1.0
8,Q-Learning,V6,"(11, 14)",84.8725009992008,True,6.127499000799201,1.0
8,Q-Learning,V7,"(45, 51)",18.9481407815449,True,25.0518592184551,1.0
8,Q-Learning,V8,"(36, 62)",64.65415904629799,True,26.345840953702016,1.0
8,Q-Learning,V9,"(71, 32)",60.287689398770624,True,7.712310601229374,1.0
8,Q-Learning,V10,"(12, 16)",63.40727513564933,True,7.592724864350675,1.0
9,Greedy,V1,"(56, 52)",41.422091283258965,True,19.57790871674104,1.0
9,Greedy,V2,"(46, 40)",47.71889881289833,True,6.281101187101672,1.0
9,Greedy,V3,"(87, 78)",25.838831279700255,True,19.161168720299745,1.0
9,Greedy,V4,"(0, 28)",38.82406482689603,True,20.175935173103973,1.0
9,Greedy,V5,"(17, 95)",29.61397676378226,True,30.38602323621774,1.0
9,Greedy,V6,"(12, 39)",68.84480746535134,True,21.155192534648666,1.0
9,Greedy,V7,"(30, 32)",24.52688900263755,True,18.47311099736245,1.0
9,Greedy,V8,"(94, 55)",85.74123024273688,True,4.258769757263128,1.0
9,Greedy,V9,"(92, 11)",46.40336259902062,True,20.596637400979382,1.0
9,Greedy,V10,"(23, 5)",65.5,True,4.5,1.0
9,Auction,V1,"(71, 32)",54.42857142857143,True,6.571428571428571,1.0
9,Auction,V2,"(45, 51)",34.619329872851594,True,19.380670127148406,1.0
9,Auction,V3,"(62, 96)",25.838831279700255,True,19.161168720299745,1.0
9,Auction,V4,"(6, 14)",38.82406482689603,True,20.175935173103973,1.0
9,Auction,V5,"(45, 35)",23.92940619033753,True,36.07059380966247,1.0
9,Auction,V6,"(18, 25)",73.09605672353402,True,16.903943276465977,1.0
9,Auction,V7,"(36, 62)",18.351470729610824,True,24.648529270389176,1.0
9,Auction,V8,"(79, 60)",85.74123024273688,True,4.258769757263128,1.0
9,Auction,V9,"(12, 16)",52.980487786324126,True,14.019512213675874,1.0
9,Auction,V10,"(11, 14)",65.5,True,4.5,1.0
9,Q-Learning,V1,"(45, 35)",44.10736332409763,True,16.89263667590237,1.0
9,Q-Learning,V2,"(18, 25)",35.029404956432856,True,18.970595043567148,1.0
9,Q-Learning,V3,"(79, 60)",39.06045687928156,True,5.939543120718442,1.0
9,Q-Learning,V4,"(6, 14)",38.82406482689603,True,20.175935173103973,1.0
9,Q-Learning,V5,"(62, 96)",31.996296753430798,True,28.003703246569202,1.0
9,Q-Learning,V6,"(11, 14)",84.8725009992008,True,5.127499000799201,1.0
9,Q-Learning,V7,"(45, 51)",18.9481407815449,True,24.0518592184551,1.0
9,Q-Learning,V8,"(36, 62)",64.65415904629799,True,25.345840953702016,1.0
9,Q-Learning,V9,"(71, 32)",60.287689398770624,True,6.712310601229374,1.0
9,Q-Learning,V10,"(12, 16)",63.40727513564933,True,6.592724864350675,1.0
10,Greedy,V1,"(56, 52)",41.422091283258965,True,18.57790871674104,1.0
10,Greedy,V2,"(46, 40)",47.71889881289833,True,5.281101187101672,1.0
10,Greedy,V3,"(87, 78)",25.838831279700255,True,18.161168720299745,1.0
10,Greedy,V4,"(0, 28)",38.82406482689603,True,19.175935173103973,1.0
10,Greedy,V5,"(17, 95)",29.61397676378226,True,29.38602323621774,1.0
10,Greedy,V6,"(12, 39)",68.84480746535134,True,20.155192534648666,1.0
10,Greedy,V7,"(30, 32)",24.52688900263755,True,17.47311099736245,1.0
10,Greedy,V8,"(94, 55)",85.74123024273688,True,3.258769757263128,1.0
10,Greedy,V9,"(92, 11)",46.40336259902062,True,19.596637400979382,1.0
10,Greedy,V10,"(23, 5)",65.5,True,3.5,1.0
10,Auction,V1,"(71, 32)",54.42857142857143,True,5.571428571428571,1.0
10,Auction,V2,"(45, 51)",34.619329872851594,True,18.380670127148406,1.0
10,Auction,V3,"(62, 96)",25.838831279700255,True,18.161168720299745,1.0
10,Auction,V4,"(6, 14)",38.82406482689603,True,19.175935173103973,1.0
10,Auction,V5,"(45, 35)",23.92940619033753,True,35.07059380966247,1.0
10,Auction,V6,"(18, 25)",73.09605672353402,True,15.903943276465977,1.0
10,Auction,V7,"(36, 62)",18.351470729610824,True,23.648529270389176,1.0
10,Auction,V8,"(79, 60)",85.74123024273688,True,3.258769757263128,1.0
10,Auction,V9,"(12, 16)",52.980487786324126,True,13.019512213675874,1.0
10,Auction,V10,"(11, 14)",65.5,True,3.5,1.0
10,Q-Learning,V1,"(45, 35)",44.10736332409763,True,15.89263667590237,1.0
10,Q-Learning,V2,"(18, 25)",35.029404956432856,True,17.970595043567148,1.0
10,Q-Learning,V3,"(79, 60)",39.06045687928156,True,4.939543120718442,1.0
10,Q-Learning,V4,"(6, 14)",38.82406482689603,True,19.175935173103973,1.0
10,Q-Learning,V5,"(62, 96)",31.996296753430798,True,27.003703246569202,1.0
10,Q-Learning,V6,"(11, 14)",84.8725009992008,True,4.127499000799201,1.0
10,Q-Learning,V7,"(45, 51)",18.9481407815449,True,23.0518592184551,1.0
10,Q-Learning,V8,"(36, 62)",64.65415904629799,True,24.345840953702016,1.0
10,Q-Learning,V9,"(71, 32)",60.287689398770624,True,5.712310601229374,1.0
10,Q-Learning,V10,"(12, 16)",63.40727513564933,True,5.592724864350675,1.0
11,Greedy,V1,"(56, 52)",41.422091283258965,True,17.57790871674104,1.0
11,Greedy,V2,"(46, 40)",47.71889881289833,True,4.281101187101672,1.0
11,Greedy,V3,"(87, 78)",25.838831279700255,True,17.161168720299745,1.0
11,Greedy,V4,"(0, 28)",38.82406482689603,True,18.175935173103973,1.0
11,Greedy,V5,"(17, 95)",29.61397676378226,True,28.38602323621774,1.0
11,Greedy,V6,"(12, 39)",68.84480746535134,True,19.155192534648666,1.0
11,Greedy,V7,"(30, 32)",24.52688900263755,True,16.47311099736245,1.0
11,Greedy,V8,"(94, 55)",85.74123024273688,True,2.258769757263128,1.0
11,Greedy,V9,"(92, 11)",46.40336259902062,True,18.596637400979382,1.0
11,Greedy,V10,"(23, 5)",65.5,True,2.5,1.0
11,Auction,V1,"(71, 32)",54.42857142857143,True,4.571428571428571,1.0
11,Auction,V2,"(45, 51)",34.619329872851594,True,17.380670127148406,1.0
11,Auction,V3,"(62, 96)",25.838831279700255,True,17.161168720299745,1.0
11,Auction,V4,"(6, 14)",38.82406482689603,True,18.175935173103973,1.0
11,Auction,V5,"(45, 35)",23.92940619033753,True,34.07059380966247,1.0
11,Auction,V6,"(18, 25)",73.09605672353402,True,14.903943276465977,1.0
11,Auction,V7,"(36, 62)",18.351470729610824,True,22.648529270389176,1.0
11,Auction,V8,"(79, 60)",85.74123024273688,True,2.258769757263128,1.0
11,Auction,V9,"(12, 16)",52.980487786324126,True,12.019512213675874,1.0
11,Auction,V10,"(11, 14)",65.5,True,2.5,1.0
11,Q-Learning,V1,"(45, 35)",44.10736332409763,True,14.89263667590237,1.0
11,Q-Learning,V2,"(18, 25)",35.029404956432856,True,16.970595043567148,1.0
11,Q-Learning,V3,"(79, 60)",39.06045687928156,True,3.939543120718442,1.0
11,Q-Learning,V4,"(6, 14)",38.82406482689603,True,18.175935173103973,1.0
11,Q-Learning,V5,"(62, 96)",31.996296753430798,True,26.003703246569202,1.0
11,Q-Learning,V6,"(11, 14)",84.8725009992008,True,3.127499000799201,1.0
11,Q-Learning,V7,"(45, 51)",18.9481407815449,True,22.0518592184551,1.0
11,Q-Learning,V8,"(36, 62)",64.65415904629799,True,23.345840953702016,1.0
11,Q-Learning,V9,"(71, 32)",60.287689398770624,True,4.712310601229374,1.0
11,Q-Learning,V10,"(12, 16)",63.40727513564933,True,4.592724864350675,1.0
12,Greedy,V1,"(56, 52)",41.422091283258965,True,16.57790871674104,1.0
12,Greedy,V2,"(46, 40)",47.71889881289833,True,3.2811011871016724,1.0
12,Greedy,V3,"(87, 78)",25.838831279700255,True,16.161168720299745,1.0
12,Greedy,V4,"(0, 28)",38.82406482689603,True,17.175935173103973,1.0
12,Greedy,V5,"(17, 95)",29.61397676378226,True,27.38602323621774,1.0
12,Greedy,V6,"(12, 39)",68.84480746535134,True,18.155192534648666,1.0
12,Greedy,V7,"(30, 32)",24.52688900263755,True,15.47311099736245,1.0
12,Greedy,V8,"(94, 55)",85.74123024273688,True,1.2587697572631278,1.0
12,Greedy,V9,"(92, 11)",46.40336259902062,True,17.596637400979382,1.0
12,Greedy,V10,"(23, 5)",65.5,True,1.5,1.0
12,Auction,V1,"(71, 32)",54.42857142857143,True,3.571428571428571,1.0
12,Auction,V2,"(45, 51)",34.619329872851594,True,16.380670127148406,1.0
12,Auction,V3,"(62, 96)",25.838831279700255,True,16.161168720299745,1.0
12,Auction,V4,"(6, 14)",38.82406482689603,True,17.175935173103973,1.0
12,Auction,V5,"(45, 35)",23.92940619033753,True,33.07059380966247,1.0
12,Auction,V6,"(18, 25)",73.09605672353402,True,13.903943276465977,1.0
12,Auction,V7,"(36, 62)",18.351470729610824,True,21.648529270389176,1.0
12,Auction,V8,"(79, 60)",85.74123024273688,True,1.2587697572631278,1.0
12,Auction,V9,"(12, 16)",52.980487786324126,True,11.019512213675874,1.0
12,Auction,V10,"(11, 14)",65.5,True,1.5,1.0
12,Q-Learning,V1,"(45, 35)",44.10736332409763,True,13.89263667590237,1.0
12,Q-Learning,V2,"(18, 25)",35.029404956432856,True,15.970595043567148,1.0
12,Q-Learning,V3,"(79, 60)",39.06045687928156,True,2.939543120718442,1.0
12,Q-Learning,V4,"(6, 14)",38.82406482689603,True,17.175935173103973,1.0
12,Q-Learning,V5,"(62, 96)",31.996296753430798,True,25.003703246569202,1.0
12,Q-Learning,V6,"(11, 14)",84.8725009992008,True,2.127499000799201,1.0
12,Q-Learning,V7,"(45, 51)",18.9481407815449,True,21.0518592184551,1.0
12,Q-Learning,V8,"(36, 62)",64.65415904629799,True,22.345840953702016,1.0
12,Q-Learning,V9,"(71, 32)",60.287689398770624,True,3.7123106012293743,1.0
12,Q-Learning,V10,"(12, 16)",63.40727513564933,True,3.592724864350675,1.0
13,Greedy,V1,"(56, 52)",41.422091283258965,True,15.577908716741039,1.0
13,Greedy,V2,"(46, 40)",47.71889881289833,True,2.2811011871016724,1.0
13,Greedy,V3,"(87, 78)",25.838831279700255,True,15.161168720299745,1.0
13,Greedy,V4,"(0, 28)",38.82406482689603,True,16.175935173103973,1.0
13,Greedy,V5,"(17, 95)",29.61397676378226,True,26.38602323621774,1.0
13,Greedy,V6,"(12, 39)",68.84480746535134,True,17.155192534648666,1.0
13,Greedy,V7,"(30, 32)",24.52688900263755,True,14.47311099736245,1.0
13,Greedy,V8,"(94, 55)",85.74123024273688,True,0.2587697572631278,1.0
13,Greedy,V9,"(92, 11)",46.40336259902062,True,16.596637400979382,1.0
13,Greedy,V10,"(23, 5)",65.5,True,0.5,1.0
13,Auction,V1,"(71, 32)",54.42857142857143,True,2.571428571428571,1.0
13,Auction,V2,"(45, 51)",34.619329872851594,True,15.380670127148406,1.0
13,Auction,V3,"(62, 96)",25.838831279700255,True,15.161168720299745,1.0
13,Auction,V4,"(6, 14)",38.82406482689603,True,16.175935173103973,1.0
13,Auction,V5,"(45, 35)",23.92940619033753,True,32.07059380966247,1.0
13,Auction,V6,"(18, 25)",73.09605672353402,True,12.903943276465977,1.0
13,Auction,V7,"(36, 62)",18.351470729610824,True,20.648529270389176,1.0
13,Auction,V8,"(79, 60)",85.74123024273688,True,0.2587697572631278,1.0
13,Auction,V9,"(12, 16)",52.980487786324126,True,10.019512213675874,1.0
13,Auction,V10,"(11, 14)",65.5,True,0.5,1.0
13,Q-Learning,V1,"(45, 35)",44.10736332409763,True,12.89263667590237,1.0
13,Q-Learning,V2,"(18, 25)",35.029404956432856,True,14.970595043567148,1.0
13,Q-Learning,V3,"(79, 60)",39.06045687928156,True,1.939543120718442,1.0
13,Q-Learning,V4,"(6, 14)",38.82406482689603,True,16.175935173103973,1.0
13,Q-Learning,V5,"(62, 96)",31.996296753430798,True,24.003703246569202,1.0
13,Q-Learning,V6,"(11, 14)",84.8725009992008,True,1.127499000799201,1.0
13,Q-Learning,V7,"(45, 51)",18.9481407815449,True,20.0518592184551,1.0
13,Q-Learning,V8,"(36, 62)",64.65415904629799,True,21.345840953702016,1.0
13,Q-Learning,V9,"(71, 32)",60.287689398770624,True,2.7123106012293743,1.0
13,Q-Learning,V10,"(12, 16)",63.40727513564933,True,2.592724864350675,1.0
14,Greedy,V1,"(56, 52)",41.422091283258965,True,14.577908716741039,1.0
14,Greedy,V2,"(46, 40)",47.71889881289833,True,1.2811011871016724,1.0
14,Greedy,V3,"(87, 78)",25.838831279700255,True,14.161168720299745,1.0
14,Greedy,V4,"(0, 28)",38.82406482689603,True,15.175935173103973,1.0
14,Greedy,V5,"(17, 95)",29.61397676378226,True,25.38602323621774,1.0
14,Greedy,V6,"(12, 39)",68.84480746535134,True,16.155192534648666,1.0
14,Greedy,V7,"(30, 32)",24.52688900263755,True,13.47311099736245,1.0
14,Greedy,V8,"(94, 55)",61.853146687670275,True,23.8880835550666,1.0
14,Greedy,V9,"(92, 11)",46.40336259902062,True,15.596637400979382,1.0
14,Greedy,V10,"(23, 5)",45.768390996837866,True,19.731609003162134,1.0
14,Auction,V1,"(71, 32)",54.42857142857143,True,1.5714285714285712,1.0
14,Auction,V2,"(45, 51)",34.619329872851594,True,14.380670127148406,1.0
14,Auction,V3,"(62, 96)",25.838831279700255,True,14.161168720299745,1.0
14,Auction,V4,"(6, 14)",38.82406482689603,True,15.175935173103973,1.0
14,Auction,V5,"(45, 35)",23.92940619033753,True,31.07059380966247,1.0
14,Auction,V6,"(18, 25)",73.09605672353402,True,11.903943276465977,1.0
14,Auction,V7,"(36, 62)",18.351470729610824,True,19.648529270389176,1.0
14,Auction,V8,"(69, 11)",66.59694467127974,True,19.144285571457136,1.0
14,Auction,V9,"(12, 16)",52.980487786324126,True,9.019512213675874,1.0
14,Auction,V10,"(15, 11)",51.666666666666664,True,13.833333333333334,1.0
14,Q-Learning,V1,"(45, 35)",44.10736332409763,True,11.89263667590237,1.0
14,Q-Learning,V2,"(18, 25)",35.029404956432856,True,13.970595043567148,1.0
14,Q-Learning,V3,"(79, 60)",39.06045687928156,True,0.9395431207184419,1.0
14,Q-Learning,V4,"(6, 14)",38.82406482689603,True,15.175935173103973,1.0
14,Q-Learning,V5,"(62, 96)",31.996296753430798,True,23.003703246569202,1.0
14,Q-Learning,V6,"(11, 14)",84.8725009992008,True,0.12749900079920096,1.0
14,Q-Learning,V7,"(45, 51)",18.9481407815449,True,19.0518592184551,1.0
14,Q-Learning,V8,"(36, 62)",64.65415904629799,True,20.345840953702016,1.0
14,Q-Learning,V9,"(71, 32)",60.287689398770624,True,1.7123106012293743,1.0
14,Q-Learning,V10,"(12, 16)",63.40727513564933,True,1.592724864350675,1.0
15,Greedy,V1,"(56, 52)",41.422091283258965,True,13.577908716741039,1.0
15,Greedy,V2,"(46, 40)",47.71889881289833,True,0.2811011871016724,1.0
15,Greedy,V3,"(87, 78)",25.838831279700255,True,13.161168720299745,1.0
15,Greedy,V4,"(0, 28)",38.82406482689603,True,14.175935173103973,1.0
15,Greedy,V5,"(17, 95)",29.61397676378226,True,24.38602323621774,1.0
15,Greedy,V6,"(12, 39)",68.84480746535134,True,15.155192534648666,1.0
15,Greedy,V7,"(30, 32)",24.52688900263755,True,12.47311099736245,1.0
15,Greedy,V8,"(94, 55)",61.853146687670275,True,22.8880835550666,1.0
15,Greedy,V9,"(92, 11)",46.40336259902062,True,14.596637400979382,1.0
15,Greedy,V10,"(23, 5)",45.768390996837866,True,18.731609003162134,1.0
15,Auction,V1,"(71, 32)",54.42857142857143,True,0.5714285714285712,1.0
15,Auction,V2,"(45, 51)",34.619329872851594,True,13.380670127148406,1.0
15,Auction,V3,"(62, 96)",25.838831279700255,True,13.161168720299745,1.0
15,Auction,V4,"(6, 14)",38.82406482689603,True,14.175935173103973,1.0
15,Auction,V5,"(45, 35)",23.92940619033753,True,30.07059380966247,1.0
15,Auction,V6,"(18, 25)",73.09605672353402,True,10.903943276465977,1.0
15,Auction,V7,"(36, 62)",18.351470729610824,True,18.648529270389176,1.0
15,Auction,V8,"(69, 11)",66.59694467127974,True,18.144285571457136,1.0
15,Auction,V9,"(12, 16)",52.980487786324126,True,8.019512213675874,1.0
15,Auction,V10,"(15, 11)",51.666666666666664,True,12.833333333333334,1.0
15,Q-Learning,V1,"(45, 35)",44.10736332409763,True,10.89263667590237,1.0
15,Q-Learning,V2,"(18, 25)",35.029404956432856,True,12.970595043567148,1.0
15,Q-Learning,V3,"(48, 3)",9.083554321274892,True,29.976902558006667,1.0
15,Q-Learning,V4,"(6, 14)",38.82406482689603,True,14.175935173103973,1.0
15,Q-Learning,V5,"(62, 96)",31.996296753430798,True,22.003703246569202,1.0
15,Q-Learning,V6,"(15, 11)",71.2475009992008,True,13.625,1.0
15,Q-Learning,V7,"(45, 51)",18.9481407815449,True,18.0518592184551,1.0
15,Q-Learning,V8,"(36, 62)",64.65415904629799,True,19.345840953702016,1.0
15,Q-Learning,V9,"(71, 32)",60.287689398770624,True,0.7123106012293743,1.0
15,Q-Learning,V10,"(12, 16)",63.40727513564933,True,0.5927248643506751,1.0
16,Greedy,V1,"(56, 52)",41.422091283258965,True,12.577908716741039,1.0
16,Greedy,V2,"(46, 40)",29.41265249370055,True,18.306246319197783,1.0
16,Greedy,V3,"(87, 78)",25.838831279700255,True,12.161168720299745,1.0
16,Greedy,V4,"(0, 28)",38.82406482689603,True,13.175935173103973,1.0
16,Greedy,V5,"(17, 95)",29.61397676378226,True,23.38602323621774,1.0
16,Greedy,V6,"(12, 39)",68.84480746535134,True,14.155192534648666,1.0
16,Greedy,V7,"(30, 32)",24.52688900263755,True,11.47311099736245,1.0
16,Greedy,V8,"(94, 55)",61.853146687670275,True,21.8880835550666,1.0
16,Greedy,V9,"(92, 11)",46.40336259902062,True,13.596637400979382,1.0
16,Greedy,V10,"(23, 5)",45.768390996837866,True,17.731609003162134,1.0
16,Auction,V1,"(11, 61)",32.90845309625935,True,21.52011833231208,1.0
16,Auction,V2,"(45, 51)",34.619329872851594,True,12.380670127148406,1.0
16,Auction,V3,"(62, 96)",25.838831279700255,True,12.161168720299745,1.0
16,Auction,V4,"(6, 14)",38.82406482689603,True,13.175935173103973,1.0
16,Auction,V5,"(45, 35)",23.92940619033753,True,29.07059380966247,1.0
16,Auction,V6,"(18, 25)",73.09605672353402,True,9.903943276465977,1.0
16,Auction,V7,"(36, 62)",18.351470729610824,True,17.648529270389176,1.0
16,Auction,V8,"(69, 11)",66.59694467127974,True,17.144285571457136,1.0
16,Auction,V9,"(12, 16)",52.980487786324126,True,7.019512213675874,1.0
16,Auction,V10,"(15, 11)",51.666666666666664,True,11.833333333333334,1.0
16,Q-Learning,V1,"(45, 35)",44.10736332409763,True,9.89263667590237,1.0
16,Q-Learning,V2,"(18, 25)",35.029404956432856,True,11.970595043567148,1.0
16,Q-Learning,V3,"(48, 3)",9.083554321274892,True,28.976902558006667,1.0
16,Q-Learning,V4,"(6, 14)",38.82406482689603,True,13.175935173103973,1.0
16,Q-Learning,V5,"(62, 96)",31.996296753430798,True,21.003703246569202,1.0
16,Q-Learning,V6,"(15, 11)",71.2475009992008,True,12.625,1.0
16,Q-Learning,V7,"(45, 51)",18.9481407815449,True,17.0518592184551,1.0
16,Q-Learning,V8,"(36, 62)",64.65415904629799,True,18.345840953702016,1.0
16,Q-Learning,V9,"(69, 11)",45.6508115100545,True,14.636877888716123,1.0
16,Q-Learning,V10,"(11, 61)",43.90542351236473,True,19.5018516232846,1.0
17,Greedy,V1,"(56, 52)",41.422091283258965,True,11.577908716741039,1.0
17,Greedy,V2,"(46, 40)",29.41265249370055,True,17.306246319197783,1.0
17,Greedy,V3,"(87, 78)",25.838831279700255,True,11.161168720299745,1.0
17,Greedy,V4,"(0, 28)",38.82406482689603,True,12.175935173103973,1.0
17,Greedy,V5,"(17, 95)",29.61397676378226,True,22.38602323621774,1.0
17,Greedy,V6,"(12, 39)",68.84480746535134,True,13.155192534648666,1.0
17,Greedy,V7,"(30, 32)",24.52688900263755,True,10.47311099736245,1.0
17,Greedy,V8,"(94, 55)",61.853146687670275,True,20.8880835550666,1.0
17,Greedy,V9,"(92, 11)",46.40336259902062,True,12.596637400979382,1.0
17,Greedy,V10,"(23, 5)",45.768390996837866,True,16.731609003162134,1.0
17,Auction,V1,"(11, 61)",32.90845309625935,True,20.52011833231208,1.0
17,Auction,V2,"(45, 51)",34.619329872851594,True,11.380670127148406,1.0
17,Auction,V3,"(62, 96)",25.838831279700255,True,11.161168720299745,1.0
17,Auction,V4,"(6, 14)",38.82406482689603,True,12.175935173103973,1.0
17,Auction,V5,"(45, 35)",23.92940619033753,True,28.07059380966247,1.0
17,Auction,V6,"(18, 25)",73.09605672353402,True,8.903943276465977,1.0
17,Auction,V7,"(36, 62)",18.351470729610824,True,16.648529270389176,1.0
17,Auction,V8,"(69, 11)",66.59694467127974,True,16.144285571457136,1.0
17,Auction,V9,"(12, 16)",52.980487786324126,True,6.019512213675874,1.0
17,Auction,V10,"(15, 11)",51.666666666666664,True,10.833333333333334,1.0
17,Q-Learning,V1,"(45, 35)",44.10736332409763,True,8.89263667590237,1.0
17,Q-Learning,V2,"(18, 25)",35.029404956432856,True,10.970595043567148,1.0
17,Q-Learning,V3,"(48, 3)",9.083554321274892,True,27.976902558006667,1.0
17,Q-Learning,V4,"(6, 14)",38.82406482689603,True,12.175935173103973,1.0
17,Q-Learning,V5,"(62, 96)",31.996296753430798,True,20.003703246569202,1.0
17,Q-Learning,V6,"(15, 11)",71.2475009992008,True,11.625,1.0
17,Q-Learning,V7,"(45, 51)",18.9481407815449,True,16.0518592184551,1.0
17,Q-Learning,V8,"(36, 62)",64.65415904629799,True,17.345840953702016,1.0
17,Q-Learning,V9,"(69, 11)",45.6508115100545,True,13.636877888716123,1.0
17,Q-Learning,V10,"(11, 61)",43.90542351236473,True,18.5018516232846,1.0
18,Greedy,V1,"(56, 52)",41.422091283258965,True,10.577908716741039,1.0
18,Greedy,V2,"(46, 40)",29.41265249370055,True,16.306246319197783,1.0
18,Greedy,V3,"(87, 78)",25.838831279700255,True,10.161168720299745,1.0
18,Greedy,V4,"(0, 28)",38.82406482689603,True,11.175935173103973,1.0
18,Greedy,V5,"(17, 95)",29.61397676378226,True,21.38602323621774,1.0
18,Greedy,V6,"(12, 39)",68.84480746535134,True,12.155192534648666,1.0
18,Greedy,V7,"(30, 32)",24.52688900263755,True,9.47311099736245,1.0
18,Greedy,V8,"(94, 55)",61.853146687670275,True,19.8880835550666,1.0
18,Greedy,V9,"(92, 11)",46.40336259902062,True,11.596637400979382,1.0
18,Greedy,V10,"(23, 5)",45.768390996837866,True,15.731609003162134,1.0
18,Auction,V1,"(11, 61)",32.90845309625935,True,19.52011833231208,1.0
18,Auction,V2,"(45, 51)",34.619329872851594,True,10.380670127148406,1.0
18,Auction,V3,"(62, 96)",25.838831279700255,True,10.161168720299745,1.0
18,Auction,V4,"(6, 14)",38.82406482689603,True,11.175935173103973,1.0
18,Auction,V5,"(45, 35)",23.92940619033753,True,27.07059380966247,1.0
18,Auction,V6,"(18, 25)",73.09605672353402,True,7.903943276465977,1.0
18,Auction,V7,"(36, 62)",18.351470729610824,True,15.648529270389176,1.0
18,Auction,V8,"(69, 11)",66.59694467127974,True,15.144285571457136,1.0
18,Auction,V9,"(12, 16)",52.980487786324126,True,5.019512213675874,1.0
18,Auction,V10,"(15, 11)",51.666666666666664,True,9.833333333333334,1.0
18,Q-Learning,V1,"(45, 35)",44.10736332409763,True,7.89263667590237,1.0
18,Q-Learning,V2,"(18, 25)",35.029404956432856,True,9.970595043567148,1.0
18,Q-Learning,V3,"(48, 3)",9.083554321274892,True,26.976902558006667,1.0
18,Q-Learning,V4,"(6, 14)",38.82406482689603,True,11.175935173103973,1.0
18,Q-Learning,V5,"(62, 96)",31.996296753430798,True,19.003703246569202,1.0
18,Q-Learning,V6,"(15, 11)",71.2475009992008,True,10.625,1.0
18,Q-Learning,V7,"(45, 51)",18.9481407815449,True,15.0518592184551,1.0
18,Q-Learning,V8,"(36, 62)",64.65415904629799,True,16.345840953702016,1.0
18,Q-Learning,V9,"(69, 11)",45.6508115100545,True,12.636877888716123,1.0
18,Q-Learning,V10,"(11, 61)",43.90542351236473,True,17.5018516232846,1.0
19,Greedy,V1,"(56, 52)",41.422091283258965,True,9.577908716741039,1.0
19,Greedy,V2,"(46, 40)",29.41265249370055,True,15.306246319197783,1.0
19,Greedy,V3,"(87, 78)",25.838831279700255,True,9.161168720299745,1.0
19,Greedy,V4,"(0, 28)",38.82406482689603,True,10.175935173103973,1.0
19,Greedy,V5,"(17, 95)",29.61397676378226,True,20.38602323621774,1.0
19,Greedy,V6,"(12, 39)",68.84480746535134,True,11.155192534648666,1.0
19,Greedy,V7,"(30, 32)",24.52688900263755,True,8.47311099736245,1.0
19,Greedy,V8,"(94, 55)",61.853146687670275,True,18.8880835550666,1.0
19,Greedy,V9,"(92, 11)",46.40336259902062,True,10.596637400979382,1.0
19,Greedy,V10,"(23, 5)",45.768390996837866,True,14.731609003162134,1.0
19,Auction,V1,"(11, 61)",32.90845309625935,True,18.52011833231208,1.0
19,Auction,V2,"(45, 51)",34.619329872851594,True,9.380670127148406,1.0
19,Auction,V3,"(62, 96)",25.838831279700255,True,9.161168720299745,1.0
19,Auction,V4,"(6, 14)",38.82406482689603,True,10.175935173103973,1.0
19,Auction,V5,"(45, 35)",23.92940619033753,True,26.07059380966247,1.0
19,Auction,V6,"(18, 25)",73.09605672353402,True,6.903943276465977,1.0
19,Auction,V7,"(36, 62)",18.351470729610824,True,14.648529270389176,1.0
19,Auction,V8,"(69, 11)",66.59694467127974,True,14.144285571457136,1.0
19,Auction,V9,"(12, 16)",52.980487786324126,True,4.019512213675874,1.0
19,Auction,V10,"(15, 11)",51.666666666666664,True,8.833333333333334,1.0
19,Q-Learning,V1,"(45, 35)",44.10736332409763,True,6.89263667590237,1.0
19,Q-Learning,V2,"(18, 25)",35.029404956432856,True,8.970595043567148,1.0
19,Q-Learning,V3,"(48, 3)",9.083554321274892,True,25.976902558006667,1.0
19,Q-Learning,V4,"(6, 14)",38.82406482689603,True,10.175935173103973,1.0
19,Q-Learning,V5,"(62, 96)",31.996296753430798,True,18.003703246569202,1.0
19,Q-Learning,V6,"(15, 11)",71.2475009992008,True,9.625,1.0
19,Q-Learning,V7,"(45, 51)",18.9481407815449,True,14.0518592184551,1.0
19,Q-Learning,V8,"(36, 62)",64.65415904629799,True,15.345840953702016,1.0
19,Q-Learning,V9,"(69, 11)",45.6508115100545,True,11.636877888716123,1.0
19,Q-Learning,V10,"(11, 61)",43.90542351236473,True,16.5018516232846,1.0
20,Greedy,V1,"(56, 52)",41.422091283258965,True,8.577908716741039,1.0
20,Greedy,V2,"(46, 40)",29.41265249370055,True,14.306246319197783,1.0
20,Greedy,V3,"(87, 78)",25.838831279700255,True,8.161168720299745,1.0
20,Greedy,V4,"(0, 28)",38.82406482689603,True,9.175935173103973,1.0
20,Greedy,V5,"(17, 95)",29.61397676378226,True,19.38602323621774,1.0
20,Greedy,V6,"(12, 39)",68.84480746535134,True,10.155192534648666,1.0
20,Greedy,V7,"(30, 32)",24.52688900263755,True,7.4731109973624505,1.0
20,Greedy,V8,"(94, 55)",61.853146687670275,True,17.8880835550666,1.0
20,Greedy,V9,"(92, 11)",46.40336259902062,True,9.596637400979382,1.0
20,Greedy,V10,"(23, 5)",45.768390996837866,True,13.731609003162134,1.0
20,Auction,V1,"(11, 61)",32.90845309625935,True,17.52011833231208,1.0
20,Auction,V2,"(45, 51)",34.619329872851594,True,8.380670127148406,1.0
20,Auction,V3,"(62, 96)",25.838831279700255,True,8.161168720299745,1.0
20,Auction,V4,"(6, 14)",38.82406482689603,True,9.175935173103973,1.0
20,Auction,V5,"(45, 35)",23.92940619033753,True,25.07059380966247,1.0
20,Auction,V6,"(18, 25)",73.09605672353402,True,5.903943276465977,1.0
20,Auction,V7,"(36, 62)",18.351470729610824,True,13.648529270389176,1.0
20,Auction,V8,"(69, 11)",66.59694467127974,True,13.144285571457136,1.0
20,Auction,V9,"(12, 16)",52.980487786324126,True,3.019512213675874,1.0
20,Auction,V10,"(15, 11)",51.666666666666664,True,7.833333333333334,1.0
20,Q-Learning,V1,"(45, 35)",44.10736332409763,True,5.89263667590237,1.0
20,Q-Learning,V2,"(18, 25)",35.029404956432856,True,7.9705950435671475,1.0
20,Q-Learning,V3,"(48, 3)",9.083554321274892,True,24.976902558006667,1.0
20,Q-Learning,V4,"(6, 14)",38.82406482689603,True,9.175935173103973,1.0
20,Q-Learning,V5,"(62, 96)",31.996296753430798,True,17.003703246569202,1.0
20,Q-Learning,V6,"(15, 11)",71.2475009992008,True,8.625,1.0
20,Q-Learning,V7,"(45, 51)",18.9481407815449,True,13.0518592184551,1.0
20,Q-Learning,V8,"(36, 62)",64.65415904629799,True,14.345840953702016,1.0
20,Q-Learning,V9,"(69, 11)",45.6508115100545,True,10.636877888716123,1.0
20,Q-Learning,V10,"(11, 61)",43.90542351236473,True,15.501851623284601,1.0
21,Greedy,V1,"(56, 52)",41.422091283258965,True,7.577908716741039,1.0
21,Greedy,V2,"(46, 40)",29.41265249370055,True,13.306246319197783,1.0
21,Greedy,V3,"(87, 78)",25.838831279700255,True,7.161168720299745,1.0
21,Greedy,V4,"(0, 28)",38.82406482689603,True,8.175935173103973,1.0
21,Greedy,V5,"(17, 95)",29.61397676378226,True,18.38602323621774,1.0
21,Greedy,V6,"(12, 39)",68.84480746535134,True,9.155192534648666,1.0
21,Greedy,V7,"(30, 32)",24.52688900263755,True,6.4731109973624505,1.0
21,Greedy,V8,"(94, 55)",61.853146687670275,True,16.8880835550666,1.0
21,Greedy,V9,"(92, 11)",46.40336259902062,True,8.596637400979382,1.0
21,Greedy,V10,"(23, 5)",45.768390996837866,True,12.731609003162134,1.0
21,Auction,V1,"(11, 61)",32.90845309625935,True,16.52011833231208,1.0
21,Auction,V2,"(45, 51)",34.619329872851594,True,7.380670127148406,1.0
21,Auction,V3,"(62, 96)",25.838831279700255,True,7.161168720299745,1.0
21,Auction,V4,"(6, 14)",38.82406482689603,True,8.175935173103973,1.0
21,Auction,V5,"(45, 35)",23.92940619033753,True,24.07059380966247,1.0
21,Auction,V6,"(18, 25)",73.09605672353402,True,4.903943276465977,1.0
21,Auction,V7,"(36, 62)",18.351470729610824,True,12.648529270389176,1.0
21,Auction,V8,"(69, 11)",66.59694467127974,True,12.144285571457136,1.0
21,Auction,V9,"(12, 16)",52.980487786324126,True,2.019512213675874,1.0
21,Auction,V10,"(15, 11)",51.666666666666664,True,6.833333333333334,1.0
21,Q-Learning,V1,"(45, 35)",44.10736332409763,True,4.89263667590237,1.0
21,Q-Learning,V2,"(18, 25)",35.029404956432856,True,6.9705950435671475,1.0
21,Q-Learning,V3,"(48, 3)",9.083554321274892,True,23.976902558006667,1.0
21,Q-Learning,V4,"(6, 14)",38.82406482689603,True,8.175935173103973,1.0
21,Q-Learning,V5,"(62, 96)",31.996296753430798,True,16.003703246569202,1.0
21,Q-Learning,V6,"(15, 11)",71.2475009992008,True,7.625,1.0
21,Q-Learning,V7,"(45, 51)",18.9481407815449,True,12.0518592184551,1.0
21,Q-Learning,V8,"(36, 62)",64.65415904629799,True,13.345840953702016,1.0
21,Q-Learning,V9,"(69, 11)",45.6508115100545,True,9.636877888716123,1.0
21,Q-Learning,V10,"(11, 61)",43.90542351236473,True,14.501851623284601,1.0
22,Greedy,V1,"(56, 52)",41.422091283258965,True,6.577908716741039,1.0
22,Greedy,V2,"(46, 40)",29.41265249370055,True,12.306246319197783,1.0
22,Greedy,V3,"(87, 78)",25.838831279700255,True,6.161168720299745,1.0
22,Greedy,V4,"(0, 28)",38.82406482689603,True,7.175935173103973,1.0
22,Greedy,V5,"(17, 95)",29.61397676378226,True,17.38602323621774,1.0
22,Greedy,V6,"(12, 39)",68.84480746535134,True,8.155192534648666,1.0
22,Greedy,V7,"(30, 32)",24.52688900263755,True,5.4731109973624505,1.0
22,Greedy,V8,"(94, 55)",61.853146687670275,True,15.8880835550666,1.0
22,Greedy,V9,"(92, 11)",46.40336259902062,True,7.5966374009793824,1.0
22,Greedy,V10,"(23, 5)",45.768390996837866,True,11.731609003162134,1.0
22,Auction,V1,"(11, 61)",32.90845309625935,True,15.52011833231208,1.0
22,Auction,V2,"(45, 51)",34.619329872851594,True,6.380670127148406,1.0
22,Auction,V3,"(62, 96)",25.838831279700255,True,6.161168720299745,1.0
22,Auction,V4,"(6, 14)",38.82406482689603,True,7.175935173103973,1.0
22,Auction,V5,"(45, 35)",23.92940619033753,True,23.07059380966247,1.0
22,Auction,V6,"(18, 25)",73.09605672353402,True,3.903943276465977,1.0
22,Auction,V7,"(36, 62)",18.351470729610824,True,11.648529270389176,1.0
22,Auction,V8,"(69, 11)",66.59694467127974,True,11.144285571457136,1.0
22,Auction,V9,"(12, 16)",52.980487786324126,True,1.019512213675874,1.0
22,Auction,V10,"(15, 11)",51.666666666666664,True,5.833333333333334,1.0
22,Q-Learning,V1,"(45, 35)",44.10736332409763,True,3.89263667590237,1.0
22,Q-Learning,V2,"(18, 25)",35.029404956432856,True,5.9705950435671475,1.0
22,Q-Learning,V3,"(48, 3)",9.083554321274892,True,22.976902558006667,1.0
22,Q-Learning,V4,"(6, 14)",38.82406482689603,True,7.175935173103973,1.0
22,Q-Learning,V5,"(62, 96)",31.996296753430798,True,15.003703246569202,1.0
22,Q-Learning,V6,"(15, 11)",71.2475009992008,True,6.625,1.0
22,Q-Learning,V7,"(45, 51)",18.9481407815449,True,11.0518592184551,1.0
22,Q-Learning,V8,"(36, 62)",64.65415904629799,True,12.345840953702016,1.0
22,Q-Learning,V9,"(69, 11)",45.6508115100545,True,8.636877888716123,1.0
22,Q-Learning,V10,"(11, 61)",43.90542351236473,True,13.501851623284601,1.0
23,Greedy,V1,"(56, 52)",41.422091283258965,True,5.577908716741039,1.0
23,Greedy,V2,"(46, 40)",29.41265249370055,True,11.306246319197783,1.0
23,Greedy,V3,"(87, 78)",25.838831279700255,True,5.161168720299745,1.0
23,Greedy,V4,"(0, 28)",38.82406482689603,True,6.175935173103973,1.0
23,Greedy,V5,"(17, 95)",29.61397676378226,True,16.38602323621774,1.0
23,Greedy,V6,"(12, 39)",68.84480746535134,True,7.155192534648666,1.0
23,Greedy,V7,"(30, 32)",24.52688900263755,True,4.4731109973624505,1.0
23,Greedy,V8,"(94, 55)",61.853146687670275,True,14.8880835550666,1.0
23,Greedy,V9,"(92, 11)",46.40336259902062,True,6.5966374009793824,1.0
23,Greedy,V10,"(23, 5)",45.768390996837866,True,10.731609003162134,1.0
23,Auction,V1,"(11, 61)",32.90845309625935,True,14.52011833231208,1.0
23,Auction,V2,"(45, 51)",34.619329872851594,True,5.380670127148406,1.0
23,Auction,V3,"(62, 96)",25.838831279700255,True,5.161168720299745,1.0
23,Auction,V4,"(6, 14)",38.82406482689603,True,6.175935173103973,1.0
23,Auction,V5,"(45, 35)",23.92940619033753,True,22.07059380966247,1.0
23,Auction,V6,"(18, 25)",73.09605672353402,True,2.903943276465977,1.0
23,Auction,V7,"(36, 62)",18.351470729610824,True,10.648529270389176,1.0
23,Auction,V8,"(69, 11)",66.59694467127974,True,10.144285571457136,1.0
23,Auction,V9,"(12, 16)",52.980487786324126,True,0.01951221367587408,1.0
23,Auction,V10,"(15, 11)",51.666666666666664,True,4.833333333333334,1.0
23,Q-Learning,V1,"(45, 35)",44.10736332409763,True,2.89263667590237,1.0
23,Q-Learning,V2,"(18, 25)",35.029404956432856,True,4.9705950435671475,1.0
23,Q-Learning,V3,"(48, 3)",9.083554321274892,True,21.976902558006667,1.0
23,Q-Learning,V4,"(6, 14)",38.82406482689603,True,6.175935173103973,1.0
23,Q-Learning,V5,"(62, 96)",31.996296753430798,True,14.003703246569202,1.0
23,Q-Learning,V6,"(15, 11)",71.2475009992008,True,5.625,1.0
23,Q-Learning,V7,"(45, 51)",18.9481407815449,True,10.0518592184551,1.0
23,Q-Learning,V8,"(36, 62)",64.65415904629799,True,11.345840953702016,1.0
23,Q-Learning,V9,"(69, 11)",45.6508115100545,True,7.636877888716123,1.0
23,Q-Learning,V10,"(11, 61)",43.90542351236473,True,12.501851623284601,1.0
24,Greedy,V1,"(56, 52)",41.422091283258965,True,4.577908716741039,1.0
24,Greedy,V2,"(46, 40)",29.41265249370055,True,10.306246319197783,1.0
24,Greedy,V3,"(87, 78)",25.838831279700255,True,4.161168720299745,1.0
24,Greedy,V4,"(0, 28)",38.82406482689603,True,5.175935173103973,1.0
24,Greedy,V5,"(17, 95)",29.61397676378226,True,15.386023236217738,1.0
24,Greedy,V6,"(12, 39)",68.84480746535134,True,6.155192534648666,1.0
24,Greedy,V7,"(30, 32)",24.52688900263755,True,3.4731109973624505,1.0
24,Greedy,V8,"(94, 55)",61.853146687670275,True,13.8880835550666,1.0
24,Greedy,V9,"(92, 11)",46.40336259902062,True,5.5966374009793824,1.0
24,Greedy,V10,"(23, 5)",45.768390996837866,True,9.731609003162134,1.0
24,Auction,V1,"(11, 61)",32.90845309625935,True,13.52011833231208,1.0
24,Auction,V2,"(45, 51)",34.619329872851594,True,4.380670127148406,1.0
24,Auction,V3,"(62, 96)",25.838831279700255,True,4.161168720299745,1.0
24,Auction,V4,"(6, 14)",38.82406482689603,True,5.175935173103973,1.0
24,Auction,V5,"(45, 35)",23.92940619033753,True,21.07059380966247,1.0
24,Auction,V6,"(18, 25)",73.09605672353402,True,1.9039432764659772,1.0
24,Auction,V7,"(36, 62)",18.351470729610824,True,9.648529270389176,1.0
24,Auction,V8,"(69, 11)",66.59694467127974,True,9.144285571457136,1.0
24,Auction,V9,"(17, 18)",37.30734218543231,True,15.673145600891813,1.0
24,Auction,V10,"(15, 11)",51.666666666666664,True,3.833333333333334,1.0
24,Q-Learning,V1,"(45, 35)",44.10736332409763,True,1.89263667590237,1.0
24,Q-Learning,V2,"(18, 25)",35.029404956432856,True,3.9705950435671475,1.0
24,Q-Learning,V3,"(48, 3)",9.083554321274892,True,20.976902558006667,1.0
24,Q-Learning,V4,"(6, 14)",38.82406482689603,True,5.175935173103973,1.0
24,Q-Learning,V5,"(62, 96)",31.996296753430798,True,13.003703246569202,1.0
24,Q-Learning,V6,"(15, 11)",71.2475009992008,True,4.625,1.0
24,Q-Learning,V7,"(45, 51)",18.9481407815449,True,9.0518592184551,1.0
24,Q-Learning,V8,"(36, 62)",64.65415904629799,True,10.345840953702016,1.0
24,Q-Learning,V9,"(69, 11)",45.6508115100545,True,6.636877888716123,1.0
24,Q-Learning,V10,"(11, 61)",43.90542351236473,True,11.501851623284601,1.0
25,Greedy,V1,"(56, 52)",41.422091283258965,True,3.577908716741039,1.0
25,Greedy,V2,"(46, 40)",29.41265249370055,True,9.306246319197783,1.0
25,Greedy,V3,"(87, 78)",25.838831279700255,True,3.161168720299745,1.0
25,Greedy,V4,"(0, 28)",38.82406482689603,True,4.175935173103973,1.0
25,Greedy,V5,"(17, 95)",29.61397676378226,True,14.386023236217738,1.0
25,Greedy,V6,"(12, 39)",68.84480746535134,True,5.155192534648666,1.0
25,Greedy,V7,"(30, 32)",24.52688900263755,True,2.4731109973624505,1.0
25,Greedy,V8,"(94, 55)",61.853146687670275,True,12.8880835550666,1.0
25,Greedy,V9,"(92, 11)",46.40336259902062,True,4.5966374009793824,1.0
25,Greedy,V10,"(23, 5)",45.768390996837866,True,8.731609003162134,1.0
25,Auction,V1,"(11, 61)",32.90845309625935,True,12.52011833231208,1.0
25,Auction,V2,"(45, 51)",34.619329872851594,True,3.380670127148406,1.0
25,Auction,V3,"(62, 96)",25.838831279700255,True,3.161168720299745,1.0
25,Auction,V4,"(6, 14)",38.82406482689603,True,4.175935173103973,1.0
25,Auction,V5,"(45, 35)",23.92940619033753,True,20.07059380966247,1.0
25,Auction,V6,"(18, 25)",73.09605672353402,True,0.9039432764659772,1.0
25,Auction,V7,"(36, 62)",18.351470729610824,True,8.648529270389176,1.0
25,Auction,V8,"(69, 11)",66.59694467127974,True,8.144285571457136,1.0
25,Auction,V9,"(17, 18)",37.30734218543231,True,14.673145600891813,1.0
25,Auction,V10,"(15, 11)",51.666666666666664,True,2.833333333333334,1.0
25,Q-Learning,V1,"(45, 35)",44.10736332409763,True,0.8926366759023701,1.0
25,Q-Learning,V2,"(18, 25)",35.029404956432856,True,2.9705950435671475,1.0
25,Q-Learning,V3,"(48, 3)",9.083554321274892,True,19.976902558006667,1.0
25,Q-Learning,V4,"(6, 14)",38.82406482689603,True,4.175935173103973,1.0
25,Q-Learning,V5,"(62, 96)",31.996296753430798,True,12.003703246569202,1.0
25,Q-Learning,V6,"(15, 11)",71.2475009992008,True,3.625,1.0
25,Q-Learning,V7,"(45, 51)",18.9481407815449,True,8.0518592184551,1.0
25,Q-Learning,V8,"(36, 62)",64.65415904629799,True,9.345840953702016,1.0
25,Q-Learning,V9,"(69, 11)",45.6508115100545,True,5.636877888716123,1.0
25,Q-Learning,V10,"(11, 61)",43.90542351236473,True,10.501851623284601,1.0
26,Greedy,V1,"(56, 52)",41.422091283258965,True,2.577908716741039,1.0
26,Greedy,V2,"(46, 40)",29.41265249370055,True,8.306246319197783,1.0
26,Greedy,V3,"(87, 78)",25.838831279700255,True,2.161168720299745,1.0
26,Greedy,V4,"(0, 28)",38.82406482689603,True,3.175935173103973,1.0
26,Greedy,V5,"(17, 95)",29.61397676378226,True,13.386023236217738,1.0
26,Greedy,V6,"(12, 39)",68.84480746535134,True,4.155192534648666,1.0
26,Greedy,V7,"(30, 32)",24.52688900263755,True,1.4731109973624505,1.0
26,Greedy,V8,"(94, 55)",61.853146687670275,True,11.8880835550666,1.0
26,Greedy,V9,"(92, 11)",46.40336259902062,True,3.5966374009793824,1.0
26,Greedy,V10,"(23, 5)",45.768390996837866,True,7.731609003162134,1.0
26,Auction,V1,"(11, 61)",32.90845309625935,True,11.52011833231208,1.0
26,Auction,V2,"(45, 51)",34.619329872851594,True,2.380670127148406,1.0
26,Auction,V3,"(62, 96)",25.838831279700255,True,2.161168720299745,1.0
26,Auction,V4,"(6, 14)",38.82406482689603,True,3.175935173103973,1.0
26,Auction,V5,"(45, 35)",23.92940619033753,True,19.07059380966247,1.0
26,Auction,V6,"(1, 38)",44.42093990365493,True,28.675116819879086,1.0
26,Auction,V7,"(36, 62)",18.351470729610824,True,7.648529270389176,1.0
26,Auction,V8,"(69, 11)",66.59694467127974,True,7.144285571457136,1.0
26,Auction,V9,"(17, 18)",37.30734218543231,True,13.673145600891813,1.0
26,Auction,V10,"(15, 11)",51.666666666666664,True,1.833333333333334,1.0
26,Q-Learning,V1,"(15, 71)",26.412863601891928,True,17.694499722205705,1.0
26,Q-Learning,V2,"(18, 25)",35.029404956432856,True,1.9705950435671475,1.0
26,Q-Learning,V3,"(48, 3)",9.083554321274892,True,18.976902558006667,1.0
26,Q-Learning,V4,"(6, 14)",38.82406482689603,True,3.175935173103973,1.0
26,Q-Learning,V5,"(62, 96)",31.996296753430798,True,11.003703246569202,1.0
26,Q-Learning,V6,"(15, 11)",71.2475009992008,True,2.625,1.0
26,Q-Learning,V7,"(45, 51)",18.9481407815449,True,7.0518592184551,1.0
26,Q-Learning,V8,"(36, 62)",64.65415904629799,True,8.345840953702016,1.0
26,Q-Learning,V9,"(69, 11)",45.6508115100545,True,4.636877888716123,1.0
26,Q-Learning,V10,"(11, 61)",43.90542351236473,True,9.501851623284601,1.0
27,Greedy,V1,"(56, 52)",41.422091283258965,True,1.5779087167410388,1.0
27,Greedy,V2,"(46, 40)",29.41265249370055,True,7.306246319197783,1.0
27,Greedy,V3,"(87, 78)",25.838831279700255,True,1.1611687202997452,1.0
27,Greedy,V4,"(0, 28)",38.82406482689603,True,2.175935173103973,1.0
27,Greedy,V5,"(17, 95)",29.61397676378226,True,12.386023236217738,1.0
27,Greedy,V6,"(12, 39)",68.84480746535134,True,3.1551925346486662,1.0
27,Greedy,V7,"(30, 32)",24.52688900263755,True,0.47311099736245055,1.0
27,Greedy,V8,"(94, 55)",61.853146687670275,True,10.8880835550666,1.0
27,Greedy,V9,"(92, 11)",46.40336259902062,True,2.5966374009793824,1.0
27,Greedy,V10,"(23, 5)",45.768390996837866,True,6.731609003162134,1.0
27,Auction,V1,"(11, 61)",32.90845309625935,True,10.52011833231208,1.0
27,Auction,V2,"(45, 51)",34.619329872851594,True,1.3806701271484059,1.0
27,Auction,V3,"(62, 96)",25.838831279700255,True,1.1611687202997452,1.0
27,Auction,V4,"(6, 14)",38.82406482689603,True,2.175935173103973,1.0
27,Auction,V5,"(45, 35)",23.92940619033753,True,18.07059380966247,1.0
27,Auction,V6,"(1, 38)",44.42093990365493,True,27.675116819879086,1.0
27,Auction,V7,"(36, 62)",18.351470729610824,True,6.648529270389176,1.0
27,Auction,V8,"(69, 11)",66.59694467127974,True,6.144285571457136,1.0
27,Auction,V9,"(17, 18)",37.30734218543231,True,12.673145600891813,1.0
27,Auction,V10,"(15, 11)",51.666666666666664,True,0.8333333333333339,1.0
27,Q-Learning,V1,"(15, 71)",26.412863601891928,True,16.694499722205705,1.0
27,Q-Learning,V2,"(18, 25)",35.029404956432856,True,0.9705950435671475,1.0
27,Q-Learning,V3,"(48, 3)",9.083554321274892,True,17.976902558006667,1.0
27,Q-Learning,V4,"(6, 14)",38.82406482689603,True,2.175935173103973,1.0
27,Q-Learning,V5,"(62, 96)",31.996296753430798,True,10.003703246569202,1.0
27,Q-Learning,V6,"(15, 11)",71.2475009992008,True,1.625,1.0
27,Q-Learning,V7,"(45, 51)",18.9481407815449,True,6.0518592184551,1.0
27,Q-Learning,V8,"(36, 62)",64.65415904629799,True,7.345840953702016,1.0
27,Q-Learning,V9,"(69, 11)",45.6508115100545,True,3.636877888716123,1.0
27,Q-Learning,V10,"(11, 61)",43.90542351236473,True,8.501851623284601,1.0
28,Greedy,V1,"(56, 52)",41.422091283258965,True,0.5779087167410388,1.0
28,Greedy,V2,"(46, 40)",29.41265249370055,True,6.306246319197783,1.0
28,Greedy,V3,"(87, 78)",25.838831279700255,True,0.16116872029974516,1.0
28,Greedy,V4,"(0, 28)",38.82406482689603,True,1.1759351731039729,1.0
28,Greedy,V5,"(17, 95)",29.61397676378226,True,11.386023236217738,1.0
28,Greedy,V6,"(12, 39)",68.84480746535134,True,2.1551925346486662,1.0
28,Greedy,V7,"(30, 32)",3.080597794749462,True,21.446291207888088,1.0
28,Greedy,V8,"(94, 55)",61.853146687670275,True,9.8880835550666,1.0
28,Greedy,V9,"(92, 11)",46.40336259902062,True,1.5966374009793824,1.0
28,Greedy,V10,"(23, 5)",45.768390996837866,True,5.731609003162134,1.0
28,Auction,V1,"(11, 61)",32.90845309625935,True,9.52011833231208,1.0
28,Auction,V2,"(45, 51)",34.619329872851594,True,0.38067012714840587,1.0
28,Auction,V3,"(62, 96)",25.838831279700255,True,0.16116872029974516,1.0
28,Auction,V4,"(6, 14)",38.82406482689603,True,1.1759351731039729,1.0
28,Auction,V5,"(45, 35)",23.92940619033753,True,17.07059380966247,1.0
28,Auction,V6,"(1, 38)",44.42093990365493,True,26.675116819879086,1.0
28,Auction,V7,"(36, 62)",18.351470729610824,True,5.648529270389176,1.0
28,Auction,V8,"(69, 11)",66.59694467127974,True,5.144285571457136,1.0
28,Auction,V9,"(17, 18)",37.30734218543231,True,11.673145600891813,1.0
28,Auction,V10,"(48, 3)",29.007357717883448,True,22.659308948783217,1.0
28,Q-Learning,V1,"(15, 71)",26.412863601891928,True,15.694499722205705,1.0
28,Q-Learning,V2,"(1, 38)",6.35428813655377,True,28.675116819879086,1.0
28,Q-Learning,V3,"(48, 3)",9.083554321274892,True,16.976902558006667,1.0
28,Q-Learning,V4,"(6, 14)",38.82406482689603,True,1.1759351731039729,1.0
28,Q-Learning,V5,"(62, 96)",31.996296753430798,True,9.003703246569202,1.0
28,Q-Learning,V6,"(15, 11)",71.2475009992008,True,0.625,1.0
28,Q-Learning,V7,"(45, 51)",18.9481407815449,True,5.0518592184551,1.0
28,Q-Learning,V8,"(36, 62)",64.65415904629799,True,6.345840953702016,1.0
28,Q-Learning,V9,"(69, 11)",45.6508115100545,True,2.636877888716123,1.0
28,Q-Learning,V10,"(11, 61)",43.90542351236473,True,7.501851623284601,1.0
29,Greedy,V1,"(56, 52)",17.329410376226733,True,24.092680907032232,1.0
29,Greedy,V2,"(46, 40)",29.41265249370055,True,5.306246319197783,1.0
29,Greedy,V3,"(87, 78)",0.385207232626545,True,25.45362404707371,1.0
29,Greedy,V4,"(0, 28)",38.82406482689603,True,0.17593517310397289,1.0
29,Greedy,V5,"(17, 95)",29.61397676378226,True,10.386023236217738,1.0
29,Greedy,V6,"(12, 39)",68.84480746535134,True,1.1551925346486662,1.0
29,Greedy,V7,"(30, 32)",3.080597794749462,True,20.446291207888088,1.0
29,Greedy,V8,"(94, 55)",61.853146687670275,True,8.8880835550666,1.0
29,Greedy,V9,"(92, 11)",46.40336259902062,True,0.5966374009793824,1.0
29,Greedy,V10,"(23, 5)",45.768390996837866,True,4.731609003162134,1.0
29,Auction,V1,"(11, 61)",32.90845309625935,True,8.52011833231208,1.0
29,Auction,V2,"(46, 44)",14.73544639636841,True,19.883883476483184,1.0
29,Auction,V3,"(73, 96)",2.6388312797002555,True,23.2,1.0
29,Auction,V4,"(6, 14)",38.82406482689603,True,0.17593517310397289,1.0
29,Auction,V5,"(45, 35)",23.92940619033753,True,16.07059380966247,1.0
29,Auction,V6,"(1, 38)",44.42093990365493,True,25.675116819879086,1.0
29,Auction,V7,"(36, 62)",18.351470729610824,True,4.648529270389176,1.0
29,Auction,V8,"(69, 11)",66.59694467127974,True,4.144285571457136,1.0
29,Auction,V9,"(17, 18)",37.30734218543231,True,10.673145600891813,1.0
29,Auction,V10,"(48, 3)",29.007357717883448,True,21.659308948783217,1.0
29,Q-Learning,V1,"(15, 71)",26.412863601891928,True,14.694499722205705,1.0
29,Q-Learning,V2,"(1, 38)",6.35428813655377,True,27.675116819879086,1.0
29,Q-Learning,V3,"(48, 3)",9.083554321274892,True,15.976902558006667,1.0
29,Q-Learning,V4,"(6, 14)",38.82406482689603,True,0.17593517310397289,1.0
29,Q-Learning,V5,"(62, 96)",31.996296753430798,True,8.003703246569202,1.0
29,Q-Learning,V6,"(46, 44)",46.58788528786491,True,24.659615711335885,1.0
29,Q-Learning,V7,"(45, 51)",18.9481407815449,True,4.0518592184551,1.0
29,Q-Learning,V8,"(36, 62)",64.65415904629799,True,5.345840953702016,1.0
29,Q-Learning,V9,"(69, 11)",45.6508115100545,True,1.636877888716123,1.0
29,Q-Learning,V10,"(11, 61)",43.90542351236473,True,6.501851623284601,1.0
30,Greedy,V1,"(56, 52)",17.329410376226733,True,23.092680907032232,1.0
30,Greedy,V2,"(46, 40)",29.41265249370055,True,4.306246319197783,1.0
30,Greedy,V3,"(87, 78)",0.385207232626545,True,24.45362404707371,1.0
30,Greedy,V4,"(0, 28)",11.388368309593044,True,27.435696517302983,1.0
30,Greedy,V5,"(17, 95)",29.61397676378226,True,9.386023236217738,1.0
30,Greedy,V6,"(12, 39)",68.84480746535134,True,0.15519253464866622,1.0
30,Greedy,V7,"(30, 32)",3.080597794749462,True,19.446291207888088,1.0
30,Greedy,V8,"(94, 55)",61.853146687670275,True,7.888083555066601,1.0
30,Greedy,V9,"(92, 11)",20.326772671661537,True,26.07658992735908,1.0
30,Greedy,V10,"(23, 5)",45.768390996837866,True,3.7316090031621343,1.0
30,Auction,V1,"(11, 61)",32.90845309625935,True,7.52011833231208,1.0
30,Auction,V2,"(46, 44)",14.73544639636841,True,18.883883476483184,1.0
30,Auction,V3,"(73, 96)",2.6388312797002555,True,22.2,1.0
30,Auction,V4,"(15, 71)",19.580328800465452,True,19.243736026430575,1.0
30,Auction,V5,"(45, 35)",23.92940619033753,True,15.07059380966247,1.0
30,Auction,V6,"(1, 38)",44.42093990365493,True,24.675116819879086,1.0
30,Auction,V7,"(36, 62)",18.351470729610824,True,3.648529270389176,1.0
30,Auction,V8,"(69, 11)",66.59694467127974,True,3.144285571457136,1.0
30,Auction,V9,"(17, 18)",37.30734218543231,True,9.673145600891813,1.0
30,Auction,V10,"(48, 3)",29.007357717883448,True,20.659308948783217,1.0
30,Q-Learning,V1,"(15, 71)",26.412863601891928,True,13.694499722205705,1.0
30,Q-Learning,V2,"(1, 38)",6.35428813655377,True,26.675116819879086,1.0
30,Q-Learning,V3,"(48, 3)",9.083554321274892,True,14.976902558006667,1.0
30,Q-Learning,V4,"(17, 18)",22.151964839650365,True,16.672099987245662,1.0
30,Q-Learning,V5,"(62, 96)",31.996296753430798,True,7.003703246569202,1.0
30,Q-Learning,V6,"(46, 44)",46.58788528786491,True,23.659615711335885,1.0
30,Q-Learning,V7,"(45, 51)",18.9481407815449,True,3.0518592184550997,1.0
30,Q-Learning,V8,"(36, 62)",64.65415904629799,True,4.345840953702016,1.0
30,Q-Learning,V9,"(69, 11)",45.6508115100545,True,0.636877888716123,1.0
30,Q-Learning,V10,"(11, 61)",43.90542351236473,True,5.501851623284601,1.0
31,Greedy,V1,"(56, 52)",17.329410376226733,True,22.092680907032232,1.0
31,Greedy,V2,"(46, 40)",29.41265249370055,True,3.3062463191977827,1.0
31,Greedy,V3,"(87, 78)",0.385207232626545,True,23.45362404707371,1.0
31,Greedy,V4,"(0, 28)",11.388368309593044,True,26.435696517302983,1.0
31,Greedy,V5,"(17, 95)",29.61397676378226,True,8.386023236217738,1.0
31,Greedy,V6,"(12, 39)",34.57745972952637,True,34.26734773582497,1.0
31,Greedy,V7,"(30, 32)",3.080597794749462,True,18.446291207888088,1.0
31,Greedy,V8,"(94, 55)",61.853146687670275,True,6.888083555066601,1.0
31,Greedy,V9,"(92, 11)",20.326772671661537,True,25.07658992735908,1.0
31,Greedy,V10,"(23, 5)",45.768390996837866,True,2.7316090031621343,1.0
31,Auction,V1,"(11, 61)",32.90845309625935,True,6.52011833231208,1.0
31,Auction,V2,"(46, 44)",14.73544639636841,True,17.883883476483184,1.0
31,Auction,V3,"(73, 96)",2.6388312797002555,True,21.2,1.0
31,Auction,V4,"(15, 71)",19.580328800465452,True,18.243736026430575,1.0
31,Auction,V5,"(45, 35)",23.92940619033753,True,14.07059380966247,1.0
31,Auction,V6,"(1, 38)",44.42093990365493,True,23.675116819879086,1.0
31,Auction,V7,"(36, 62)",18.351470729610824,True,2.648529270389176,1.0
31,Auction,V8,"(69, 11)",66.59694467127974,True,2.144285571457136,1.0
31,Auction,V9,"(17, 18)",37.30734218543231,True,8.673145600891813,1.0
31,Auction,V10,"(48, 3)",29.007357717883448,True,19.659308948783217,1.0
31,Q-Learning,V1,"(15, 71)",26.412863601891928,True,12.694499722205705,1.0
31,Q-Learning,V2,"(1, 38)",6.35428813655377,True,25.675116819879086,1.0
31,Q-Learning,V3,"(48, 3)",9.083554321274892,True,13.976902558006667,1.0
31,Q-Learning,V4,"(17, 18)",22.151964839650365,True,15.672099987245662,1.0
31,Q-Learning,V5,"(62, 96)",31.996296753430798,True,6.003703246569202,1.0
31,Q-Learning,V6,"(46, 44)",46.58788528786491,True,22.659615711335885,1.0
31,Q-Learning,V7,"(45, 51)",18.9481407815449,True,2.0518592184550997,1.0
31,Q-Learning,V8,"(36, 62)",64.65415904629799,True,3.345840953702016,1.0
31,Q-Learning,V9,"(58, 17)",24.084565999286795,True,21.566245510767708,1.0
31,Q-Learning,V10,"(11, 61)",43.90542351236473,True,4.501851623284601,1.0
32,Greedy,V1,"(56, 52)",17.329410376226733,True,21.092680907032232,1.0
32,Greedy,V2,"(46, 40)",29.41265249370055,True,2.3062463191977827,1.0
32,Greedy,V3,"(87, 78)",0.385207232626545,True,22.45362404707371,1.0
32,Greedy,V4,"(0, 28)",11.388368309593044,True,25.435696517302983,1.0
32,Greedy,V5,"(17, 95)",29.61397676378226,True,7.3860232362177385,1.0
32,Greedy,V6,"(12, 39)",34.57745972952637,True,33.26734773582497,1.0
32,Greedy,V7,"(30, 32)",3.080597794749462,True,17.446291207888088,1.0
32,Greedy,V8,"(94, 55)",61.853146687670275,True,5.888083555066601,1.0
32,Greedy,V9,"(92, 11)",20.326772671661537,True,24.07658992735908,1.0
32,Greedy,V10,"(23, 5)",45.768390996837866,True,1.7316090031621343,1.0
32,Auction,V1,"(11, 61)",32.90845309625935,True,5.52011833231208,1.0
32,Auction,V2,"(46, 44)",14.73544639636841,True,16.883883476483184,1.0
32,Auction,V3,"(73, 96)",2.6388312797002555,True,20.2,1.0
32,Auction,V4,"(15, 71)",19.580328800465452,True,17.243736026430575,1.0
32,Auction,V5,"(45, 35)",23.92940619033753,True,13.07059380966247,1.0
32,Auction,V6,"(1, 38)",44.42093990365493,True,22.675116819879086,1.0
32,Auction,V7,"(36, 62)",18.351470729610824,True,1.6485292703891758,1.0
32,Auction,V8,"(69, 11)",66.59694467127974,True,1.1442855714571358,1.0
32,Auction,V9,"(17, 18)",37.30734218543231,True,7.673145600891813,1.0
32,Auction,V10,"(48, 3)",29.007357717883448,True,18.659308948783217,1.0
32,Q-Learning,V1,"(15, 71)",26.412863601891928,True,11.694499722205705,1.0
32,Q-Learning,V2,"(1, 38)",6.35428813655377,True,24.675116819879086,1.0
32,Q-Learning,V3,"(48, 3)",9.083554321274892,True,12.976902558006667,1.0
32,Q-Learning,V4,"(17, 18)",22.151964839650365,True,14.672099987245662,1.0
32,Q-Learning,V5,"(62, 96)",31.996296753430798,True,5.003703246569202,1.0
32,Q-Learning,V6,"(46, 44)",46.58788528786491,True,21.659615711335885,1.0
32,Q-Learning,V7,"(45, 51)",18.9481407815449,True,1.0518592184550997,1.0
32,Q-Learning,V8,"(36, 62)",64.65415904629799,True,2.345840953702016,1.0
32,Q-Learning,V9,"(58, 17)",24.084565999286795,True,20.566245510767708,1.0
32,Q-Learning,V10,"(11, 61)",43.90542351236473,True,3.501851623284601,1.0
33,Greedy,V1,"(56, 52)",17.329410376226733,True,20.092680907032232,1.0
33,Greedy,V2,"(46, 40)",29.41265249370055,True,1.3062463191977827,1.0
33,Greedy,V3,"(87, 78)",0.385207232626545,True,21.45362404707371,1.0
33,Greedy,V4,"(0, 28)",11.388368309593044,True,24.435696517302983,1.0
33,Greedy,V5,"(17, 95)",29.61397676378226,True,6.3860232362177385,1.0
33,Greedy,V6,"(12, 39)",34.57745972952637,True,32.26734773582497,1.0
33,Greedy,V7,"(30, 32)",3.080597794749462,True,16.446291207888088,1.0
33,Greedy,V8,"(94, 55)",61.853146687670275,True,4.888083555066601,1.0
33,Greedy,V9,"(92, 11)",20.326772671661537,True,23.07658992735908,1.0
33,Greedy,V10,"(23, 5)",45.768390996837866,True,0.7316090031621343,1.0
33,Auction,V1,"(11, 61)",32.90845309625935,True,4.52011833231208,1.0
33,Auction,V2,"(46, 44)",14.73544639636841,True,15.883883476483184,1.0
33,Auction,V3,"(73, 96)",2.6388312797002555,True,19.2,1.0
33,Auction,V4,"(15, 71)",19.580328800465452,True,16.243736026430575,1.0
33,Auction,V5,"(45, 35)",23.92940619033753,True,12.07059380966247,1.0
33,Auction,V6,"(1, 38)",44.42093990365493,True,21.675116819879086,1.0
33,Auction,V7,"(36, 62)",18.351470729610824,True,0.6485292703891758,1.0
33,Auction,V8,"(69, 11)",66.59694467127974,True,0.14428557145713583,1.0
33,Auction,V9,"(17, 18)",37.30734218543231,True,6.673145600891813,1.0
33,Auction,V10,"(48, 3)",29.007357717883448,True,17.659308948783217,1.0
33,Q-Learning,V1,"(15, 71)",26.412863601891928,True,10.694499722205705,1.0
33,Q-Learning,V2,"(1, 38)",6.35428813655377,True,23.675116819879086,1.0
33,Q-Learning,V3,"(48, 3)",9.083554321274892,True,11.976902558006667,1.0
33,Q-Learning,V4,"(17, 18)",22.151964839650365,True,13.672099987245662,1.0
33,Q-Learning,V5,"(62, 96)",31.996296753430798,True,4.003703246569202,1.0
33,Q-Learning,V6,"(46, 44)",46.58788528786491,True,20.659615711335885,1.0
33,Q-Learning,V7,"(45, 51)",18.9481407815449,True,0.051859218455099665,1.0
33,Q-Learning,V8,"(36, 62)",64.65415904629799,True,1.345840953702016,1.0
33,Q-Learning,V9,"(58, 17)",24.084565999286795,True,19.566245510767708,1.0
33,Q-Learning,V10,"(11, 61)",43.90542351236473,True,2.501851623284601,1.0
34,Greedy,V1,"(56, 52)",17.329410376226733,True,19.092680907032232,1.0
34,Greedy,V2,"(46, 40)",29.41265249370055,True,0.30624631919778267,1.0
34,Greedy,V3,"(87, 78)",0.385207232626545,True,20.45362404707371,1.0
34,Greedy,V4,"(0, 28)",11.388368309593044,True,23.435696517302983,1.0
34,Greedy,V5,"(17, 95)",29.61397676378226,True,5.3860232362177385,1.0
34,Greedy,V6,"(12, 39)",34.57745972952637,True,31.26734773582497,1.0
34,Greedy,V7,"(30, 32)",3.080597794749462,True,15.446291207888088,1.0
34,Greedy,V8,"(94, 55)",61.853146687670275,True,3.8880835550666006,1.0
34,Greedy,V9,"(92, 11)",20.326772671661537,True,22.07658992735908,1.0
34,Greedy,V10,"(23, 5)",28.382087486291805,True,17.38630351054606,1.0
34,Auction,V1,"(11, 61)",32.90845309625935,True,3.52011833231208,1.0
34,Auction,V2,"(46, 44)",14.73544639636841,True,14.883883476483184,1.0
34,Auction,V3,"(73, 96)",2.6388312797002555,True,18.2,1.0
34,Auction,V4,"(15, 71)",19.580328800465452,True,15.243736026430575,1.0
34,Auction,V5,"(45, 35)",23.92940619033753,True,11.07059380966247,1.0
34,Auction,V6,"(1, 38)",44.42093990365493,True,20.675116819879086,1.0
34,Auction,V7,"(36, 62)",18.351470729610824,False,0.0,1.0
34,Auction,V8,"(100, 12)",50.166069694345225,True,16.430874976934522,1.0
34,Auction,V9,"(17, 18)",37.30734218543231,True,5.673145600891813,1.0
34,Auction,V10,"(48, 3)",29.007357717883448,True,16.659308948783217,1.0
34,Q-Learning,V1,"(15, 71)",26.412863601891928,True,9.694499722205705,1.0
34,Q-Learning,V2,"(1, 38)",6.35428813655377,True,22.675116819879086,1.0
34,Q-Learning,V3,"(48, 3)",9.083554321274892,True,10.976902558006667,1.0
34,Q-Learning,V4,"(17, 18)",22.151964839650365,True,12.672099987245662,1.0
34,Q-Learning,V5,"(62, 96)",31.996296753430798,True,3.003703246569202,1.0
34,Q-Learning,V6,"(46, 44)",46.58788528786491,True,19.659615711335885,1.0
34,Q-Learning,V7,"(45, 51)",18.9481407815449,False,0.0,1.0
34,Q-Learning,V8,"(36, 62)",64.65415904629799,True,0.34584095370201595,1.0
34,Q-Learning,V9,"(58, 17)",24.084565999286795,True,18.566245510767708,1.0
34,Q-Learning,V10,"(11, 61)",43.90542351236473,True,1.501851623284601,1.0
35,Greedy,V1,"(56, 52)",17.329410376226733,True,18.092680907032232,1.0
35,Greedy,V2,"(46, 40)",0.6415119725157723,True,28.771140521184776,1.0
35,Greedy,V3,"(87, 78)",0.385207232626545,True,19.45362404707371,1.0
35,Greedy,V4,"(0, 28)",11.388368309593044,True,22.435696517302983,1.0
35,Greedy,V5,"(17, 95)",29.61397676378226,True,4.3860232362177385,1.0
35,Greedy,V6,"(12, 39)",34.57745972952637,True,30.26734773582497,1.0
35,Greedy,V7,"(30, 32)",3.080597794749462,True,14.446291207888088,1.0
35,Greedy,V8,"(94, 55)",61.853146687670275,True,2.8880835550666006,1.0
35,Greedy,V9,"(92, 11)",20.326772671661537,True,21.07658992735908,1.0
35,Greedy,V10,"(23, 5)",28.382087486291805,True,16.38630351054606,1.0
35,Auction,V1,"(11, 61)",32.90845309625935,True,2.52011833231208,1.0
35,Auction,V2,"(46, 44)",14.73544639636841,True,13.883883476483184,1.0
35,Auction,V3,"(73, 96)",2.6388312797002555,True,17.2,1.0
35,Auction,V4,"(15, 71)",19.580328800465452,True,14.243736026430575,1.0
35,Auction,V5,"(45, 35)",23.92940619033753,True,10.07059380966247,1.0
35,Auction,V6,"(1, 38)",44.42093990365493,True,19.675116819879086,1.0
35,Auction,V7,"(36, 62)",18.351470729610824,False,0.0,2.0
35,Auction,V8,"(100, 12)",50.166069694345225,True,15.430874976934522,1.0
35,Auction,V9,"(17, 18)",37.30734218543231,True,4.673145600891813,1.0
35,Auction,V10,"(48, 3)",29.007357717883448,True,15.659308948783217,1.0
35,Q-Learning,V1,"(15, 71)",26.412863601891928,True,8.694499722205705,1.0
35,Q-Learning,V2,"(1, 38)",6.35428813655377,True,21.675116819879086,1.0
35,Q-Learning,V3,"(48, 3)",9.083554321274892,True,9.976902558006667,1.0
35,Q-Learning,V4,"(17, 18)",22.151964839650365,True,11.672099987245662,1.0
35,Q-Learning,V5,"(62, 96)",31.996296753430798,True,2.003703246569202,1.0
35,Q-Learning,V6,"(46, 44)",46.58788528786491,True,18.659615711335885,1.0
35,Q-Learning,V7,"(45, 51)",18.9481407815449,False,0.0,2.0
35,Q-Learning,V8,"(100, 12)",41.05190732958545,True,23.602251716712544,1.0
35,Q-Learning,V9,"(58, 17)",24.084565999286795,True,17.566245510767708,1.0
35,Q-Learning,V10,"(11, 61)",43.90542351236473,True,0.5018516232846011,1.0
36,Greedy,V1,"(56, 52)",17.329410376226733,True,17.092680907032232,1.0
36,Greedy,V2,"(46, 40)",0.6415119725157723,True,27.771140521184776,1.0
36,Greedy,V3,"(87, 78)",0.385207232626545,True,18.45362404707371,1.0
36,Greedy,V4,"(0, 28)",11.388368309593044,True,21.435696517302983,1.0
36,Greedy,V5,"(17, 95)",29.61397676378226,True,3.3860232362177385,1.0
36,Greedy,V6,"(12, 39)",34.57745972952637,True,29.26734773582497,1.0
36,Greedy,V7,"(30, 32)",3.080597794749462,True,13.446291207888088,1.0
36,Greedy,V8,"(94, 55)",61.853146687670275,True,1.8880835550666006,1.0
36,Greedy,V9,"(92, 11)",20.326772671661537,True,20.07658992735908,1.0
36,Greedy,V10,"(23, 5)",28.382087486291805,True,15.38630351054606,1.0
36,Auction,V1,"(11, 61)",32.90845309625935,True,1.5201183323120802,1.0
36,Auction,V2,"(46, 44)",14.73544639636841,True,12.883883476483184,1.0
36,Auction,V3,"(73, 96)",2.6388312797002555,True,16.2,1.0
36,Auction,V4,"(15, 71)",19.580328800465452,True,13.243736026430575,1.0
36,Auction,V5,"(45, 35)",23.92940619033753,True,9.07059380966247,1.0
36,Auction,V6,"(1, 38)",44.42093990365493,True,18.675116819879086,1.0
36,Auction,V7,"(36, 62)",18.351470729610824,False,0.0,3.0
36,Auction,V8,"(100, 12)",50.166069694345225,True,14.430874976934522,1.0
36,Auction,V9,"(17, 18)",37.30734218543231,True,3.6731456008918126,1.0
36,Auction,V10,"(48, 3)",29.007357717883448,True,14.659308948783217,1.0
36,Q-Learning,V1,"(15, 71)",26.412863601891928,True,7.694499722205705,1.0
36,Q-Learning,V2,"(1, 38)",6.35428813655377,True,20.675116819879086,1.0
36,Q-Learning,V3,"(48, 3)",9.083554321274892,True,8.976902558006667,1.0
36,Q-Learning,V4,"(17, 18)",22.151964839650365,True,10.672099987245662,1.0
36,Q-Learning,V5,"(62, 96)",31.996296753430798,True,1.0037032465692022,1.0
36,Q-Learning,V6,"(46, 44)",46.58788528786491,True,17.659615711335885,1.0
36,Q-Learning,V7,"(45, 51)",18.9481407815449,False,0.0,3.0
36,Q-Learning,V8,"(100, 12)",41.05190732958545,True,22.602251716712544,1.0
36,Q-Learning,V9,"(58, 17)",24.084565999286795,True,16.566245510767708,1.0
36,Q-Learning,V10,"(73, 96)",11.039271838146355,True,32.86615167421837,1.0
37,Greedy,V1,"(56, 52)",17.329410376226733,True,16.092680907032232,1.0
37,Greedy,V2,"(46, 40)",0.6415119725157723,True,26.771140521184776,1.0
37,Greedy,V3,"(87, 78)",0.385207232626545,True,17.45362404707371,1.0
37,Greedy,V4,"(0, 28)",11.388368309593044,True,20.435696517302983,1.0
37,Greedy,V5,"(17, 95)",29.61397676378226,True,2.3860232362177385,1.0
37,Greedy,V6,"(12, 39)",34.57745972952637,True,28.26734773582497,1.0
37,Greedy,V7,"(30, 32)",3.080597794749462,True,12.446291207888088,1.0
37,Greedy,V8,"(94, 55)",61.853146687670275,True,0.8880835550666006,1.0
37,Greedy,V9,"(92, 11)",20.326772671661537,True,19.07658992735908,1.0
37,Greedy,V10,"(23, 5)",28.382087486291805,True,14.38630351054606,1.0
37,Auction,V1,"(11, 61)",32.90845309625935,True,0.5201183323120802,1.0
37,Auction,V2,"(46, 44)",14.73544639636841,True,11.883883476483184,1.0
37,Auction,V3,"(73, 96)",2.6388312797002555,True,15.2,1.0
37,Auction,V4,"(15, 71)",19.580328800465452,True,12.243736026430575,1.0
37,Auction,V5,"(45, 35)",23.92940619033753,True,8.07059380966247,1.0
37,Auction,V6,"(1, 38)",44.42093990365493,True,17.675116819879086,1.0
37,Auction,V7,"(36, 62)",18.351470729610824,False,0.0,4.0
37,Auction,V8,"(100, 12)",50.166069694345225,True,13.430874976934522,1.0
37,Auction,V9,"(17, 18)",37.30734218543231,True,2.6731456008918126,1.0
37,Auction,V10,"(48, 3)",29.007357717883448,True,13.659308948783217,1.0
37,Q-Learning,V1,"(15, 71)",26.412863601891928,True,6.694499722205705,1.0
37,Q-Learning,V2,"(1, 38)",6.35428813655377,True,19.675116819879086,1.0
37,Q-Learning,V3,"(48, 3)",9.083554321274892,True,7.9769025580066675,1.0
37,Q-Learning,V4,"(17, 18)",22.151964839650365,True,9.672099987245662,1.0
37,Q-Learning,V5,"(62, 96)",31.996296753430798,True,0.0037032465692021788,1.0
37,Q-Learning,V6,"(46, 44)",46.58788528786491,True,16.659615711335885,1.0
37,Q-Learning,V7,"(45, 51)",18.9481407815449,False,0.0,4.0
37,Q-Learning,V8,"(100, 12)",41.05190732958545,True,21.602251716712544,1.0
37,Q-Learning,V9,"(58, 17)",24.084565999286795,True,15.566245510767708,1.0
37,Q-Learning,V10,"(73, 96)",11.039271838146355,True,31.866151674218372,1.0
38,Greedy,V1,"(56, 52)",17.329410376226733,True,15.092680907032232,1.0
38,Greedy,V2,"(46, 40)",0.6415119725157723,True,25.771140521184776,1.0
38,Greedy,V3,"(87, 78)",0.385207232626545,True,16.45362404707371,1.0
38,Greedy,V4,"(0, 28)",11.388368309593044,True,19.435696517302983,1.0
38,Greedy,V5,"(17, 95)",29.61397676378226,True,1.3860232362177385,1.0
38,Greedy,V6,"(12, 39)",34.57745972952637,True,27.26734773582497,1.0
38,Greedy,V7,"(30, 32)",3.080597794749462,True,11.446291207888088,1.0
38,Greedy,V8,"(94, 55)",29.776858570294245,True,32.07628811737603,1.0
38,Greedy,V9,"(92, 11)",20.326772671661537,True,18.07658992735908,1.0
38,Greedy,V10,"(23, 5)",28.382087486291805,True,13.38630351054606,1.0
38,Auction,V1,"(19, 94)",8.057616854445165,True,24.850836241814186,1.0
38,Auction,V2,"(46, 44)",14.73544639636841,True,10.883883476483184,1.0
38,Auction,V3,"(73, 96)",2.6388312797002555,True,14.2,1.0
38,Auction,V4,"(15, 71)",19.580328800465452,True,11.243736026430575,1.0
38,Auction,V5,"(45, 35)",23.92940619033753,True,7.070593809662469,1.0
38,Auction,V6,"(1, 38)",44.42093990365493,True,16.675116819879086,1.0
38,Auction,V7,"(36, 62)",18.351470729610824,False,0.0,5.0
38,Auction,V8,"(100, 12)",50.166069694345225,True,12.430874976934522,1.0
38,Auction,V9,"(17, 18)",37.30734218543231,True,1.6731456008918126,1.0
38,Auction,V10,"(48, 3)",29.007357717883448,True,12.659308948783217,1.0
38,Q-Learning,V1,"(15, 71)",26.412863601891928,True,5.694499722205705,1.0
38,Q-Learning,V2,"(1, 38)",6.35428813655377,True,18.675116819879086,1.0
38,Q-Learning,V3,"(48, 3)",9.083554321274892,True,6.9769025580066675,1.0
38,Q-Learning,V4,"(17, 18)",22.151964839650365,True,8.672099987245662,1.0
38,Q-Learning,V5,"(87, 89)",0.3424600962660165,True,31.65383665716478,1.0
38,Q-Learning,V6,"(46, 44)",46.58788528786491,True,15.659615711335885,1.0
38,Q-Learning,V7,"(74, 58)",0.4899238364567502,True,18.45821694508815,5.0
38,Q-Learning,V8,"(100, 12)",41.05190732958545,True,20.602251716712544,1.0
38,Q-Learning,V9,"(58, 17)",24.084565999286795,True,14.566245510767708,1.0
38,Q-Learning,V10,"(73, 96)",11.039271838146355,True,30.866151674218372,1.0
39,Greedy,V1,"(56, 52)",17.329410376226733,True,14.092680907032232,1.0
39,Greedy,V2,"(46, 40)",0.6415119725157723,True,24.771140521184776,1.0
39,Greedy,V3,"(87, 78)",0.385207232626545,True,15.45362404707371,1.0
39,Greedy,V4,"(0, 28)",11.388368309593044,True,18.435696517302983,1.0
39,Greedy,V5,"(17, 95)",29.61397676378226,True,0.3860232362177385,1.0
39,Greedy,V6,"(12, 39)",34.57745972952637,True,26.26734773582497,1.0
39,Greedy,V7,"(30, 32)",3.080597794749462,True,10.446291207888088,1.0
39,Greedy,V8,"(94, 55)",29.776858570294245,True,31.07628811737603,1.0
39,Greedy,V9,"(92, 11)",20.326772671661537,True,17.07658992735908,1.0
39,Greedy,V10,"(23, 5)",28.382087486291805,True,12.38630351054606,1.0
39,Auction,V1,"(19, 94)",8.057616854445165,True,23.850836241814186,1.0
39,Auction,V2,"(46, 44)",14.73544639636841,True,9.883883476483184,1.0
39,Auction,V3,"(73, 96)",2.6388312797002555,True,13.2,1.0
39,Auction,V4,"(15, 71)",19.580328800465452,True,10.243736026430575,1.0
39,Auction,V5,"(45, 35)",23.92940619033753,True,6.070593809662469,1.0
39,Auction,V6,"(1, 38)",44.42093990365493,True,15.675116819879086,1.0
39,Auction,V7,"(36, 62)",18.351470729610824,False,0.0,6.0
39,Auction,V8,"(100, 12)",50.166069694345225,True,11.430874976934522,1.0
39,Auction,V9,"(17, 18)",37.30734218543231,True,0.6731456008918126,1.0
39,Auction,V10,"(48, 3)",29.007357717883448,True,11.659308948783217,1.0
39,Q-Learning,V1,"(15, 71)",26.412863601891928,True,4.694499722205705,1.0
39,Q-Learning,V2,"(1, 38)",6.35428813655377,True,17.675116819879086,1.0
39,Q-Learning,V3,"(48, 3)",9.083554321274892,True,5.9769025580066675,1.0
39,Q-Learning,V4,"(17, 18)",22.151964839650365,True,7.672099987245662,1.0
39,Q-Learning,V5,"(87, 89)",0.3424600962660165,True,30.65383665716478,1.0
39,Q-Learning,V6,"(46, 44)",46.58788528786491,True,14.659615711335885,1.0
39,Q-Learning,V7,"(74, 58)",0.4899238364567502,True,17.45821694508815,5.0
39,Q-Learning,V8,"(100, 12)",41.05190732958545,True,19.602251716712544,1.0
39,Q-Learning,V9,"(58, 17)",24.084565999286795,True,13.566245510767708,1.0
39,Q-Learning,V10,"(73, 96)",11.039271838146355,True,29.866151674218372,1.0
40,Greedy,V1,"(56, 52)",17.329410376226733,True,13.092680907032232,1.0
40,Greedy,V2,"(46, 40)",0.6415119725157723,True,23.771140521184776,1.0
40,Greedy,V3,"(87, 78)",0.385207232626545,True,14.45362404707371,1.0
40,Greedy,V4,"(0, 28)",11.388368309593044,True,17.435696517302983,1.0
40,Greedy,V5,"(17, 95)",29.61397676378226,False,0.0,1.0
40,Greedy,V6,"(12, 39)",34.57745972952637,True,25.26734773582497,1.0
40,Greedy,V7,"(30, 32)",3.080597794749462,True,9.446291207888088,1.0
40,Greedy,V8,"(94, 55)",29.776858570294245,True,30.07628811737603,1.0
40,Greedy,V9,"(92, 11)",20.326772671661537,True,16.07658992735908,1.0
40,Greedy,V10,"(23, 5)",28.382087486291805,True,11.38630351054606,1.0
40,Auction,V1,"(19, 94)",8.057616854445165,True,22.850836241814186,1.0
40,Auction,V2,"(46, 44)",14.73544639636841,True,8.883883476483184,1.0
40,Auction,V3,"(73, 96)",2.6388312797002555,True,12.2,1.0
40,Auction,V4,"(15, 71)",19.580328800465452,True,9.243736026430575,1.0
40,Auction,V5,"(45, 35)",23.92940619033753,True,5.070593809662469,1.0
40,Auction,V6,"(1, 38)",44.42093990365493,True,14.675116819879086,1.0
40,Auction,V7,"(36, 62)",18.351470729610824,False,0.0,7.0
40,Auction,V8,"(100, 12)",50.166069694345225,True,10.430874976934522,1.0
40,Auction,V9,"(42, 44)",5.798669986214453,True,31.50867219921786,1.0
40,Auction,V10,"(48, 3)",29.007357717883448,True,10.659308948783217,1.0
40,Q-Learning,V1,"(15, 71)",26.412863601891928,True,3.6944997222057054,1.0
40,Q-Learning,V2,"(1, 38)",6.35428813655377,True,16.675116819879086,1.0
40,Q-Learning,V3,"(48, 3)",9.083554321274892,True,4.9769025580066675,1.0
40,Q-Learning,V4,"(17, 18)",22.151964839650365,True,6.672099987245662,1.0
40,Q-Learning,V5,"(87, 89)",0.3424600962660165,True,29.65383665716478,1.0
40,Q-Learning,V6,"(46, 44)",46.58788528786491,True,13.659615711335885,1.0
40,Q-Learning,V7,"(74, 58)",0.4899238364567502,True,16.45821694508815,5.0
40,Q-Learning,V8,"(100, 12)",41.05190732958545,True,18.602251716712544,1.0
40,Q-Learning,V9,"(58, 17)",24.084565999286795,True,12.566245510767708,1.0
40,Q-Learning,V10,"(73, 96)",11.039271838146355,True,28.866151674218372,1.0
41,Greedy,V1,"(56, 52)",17.329410376226733,True,12.092680907032232,1.0
41,Greedy,V2,"(46, 40)",0.6415119725157723,True,22.771140521184776,1.0
41,Greedy,V3,"(87, 78)",0.385207232626545,True,13.45362404707371,1.0
41,Greedy,V4,"(0, 28)",11.388368309593044,True,16.435696517302983,1.0
41,Greedy,V5,"(17, 95)",29.61397676378226,False,0.0,2.0
41,Greedy,V6,"(12, 39)",34.57745972952637,True,24.26734773582497,1.0
41,Greedy,V7,"(30, 32)",3.080597794749462,True,8.446291207888088,1.0
41,Greedy,V8,"(94, 55)",29.776858570294245,True,29.07628811737603,1.0
41,Greedy,V9,"(92, 11)",20.326772671661537,True,15.07658992735908,1.0
41,Greedy,V10,"(23, 5)",28.382087486291805,True,10.38630351054606,1.0
41,Auction,V1,"(19, 94)",8.057616854445165,True,21.850836241814186,1.0
41,Auction,V2,"(46, 44)",14.73544639636841,True,7.883883476483184,1.0
41,Auction,V3,"(73, 96)",2.6388312797002555,True,11.2,1.0
41,Auction,V4,"(15, 71)",19.580328800465452,True,8.243736026430575,1.0
41,Auction,V5,"(45, 35)",23.92940619033753,True,4.070593809662469,1.0
41,Auction,V6,"(1, 38)",44.42093990365493,True,13.675116819879086,1.0
41,Auction,V7,"(36, 62)",18.351470729610824,False,0.0,8.0
41,Auction,V8,"(100, 12)",50.166069694345225,True,9.430874976934522,1.0
41,Auction,V9,"(42, 44)",5.798669986214453,True,30.50867219921786,1.0
41,Auction,V10,"(48, 3)",29.007357717883448,True,9.659308948783217,1.0
41,Q-Learning,V1,"(15, 71)",26.412863601891928,True,2.6944997222057054,1.0
41,Q-Learning,V2,"(1, 38)",6.35428813655377,True,15.675116819879086,1.0
41,Q-Learning,V3,"(48, 3)",9.083554321274892,True,3.9769025580066675,1.0
41,Q-Learning,V4,"(17, 18)",22.151964839650365,True,5.672099987245662,1.0
41,Q-Learning,V5,"(87, 89)",0.3424600962660165,True,28.65383665716478,1.0
41,Q-Learning,V6,"(46, 44)",46.58788528786491,True,12.659615711335885,1.0
41,Q-Learning,V7,"(74, 58)",0.4899238364567502,True,15.45821694508815,5.0
41,Q-Learning,V8,"(100, 12)",41.05190732958545,True,17.602251716712544,1.0
41,Q-Learning,V9,"(58, 17)",24.084565999286795,True,11.566245510767708,1.0
41,Q-Learning,V10,"(73, 96)",11.039271838146355,True,27.866151674218372,1.0
42,Greedy,V1,"(56, 52)",17.329410376226733,True,11.092680907032232,1.0
42,Greedy,V2,"(46, 40)",0.6415119725157723,True,21.771140521184776,1.0
42,Greedy,V3,"(87, 78)",0.385207232626545,True,12.45362404707371,1.0
42,Greedy,V4,"(0, 28)",11.388368309593044,True,15.435696517302983,1.0
42,Greedy,V5,"(17, 95)",29.61397676378226,False,0.0,3.0
42,Greedy,V6,"(12, 39)",34.57745972952637,True,23.26734773582497,1.0
42,Greedy,V7,"(30, 32)",3.080597794749462,True,7.446291207888088,1.0
42,Greedy,V8,"(94, 55)",29.776858570294245,True,28.07628811737603,1.0
42,Greedy,V9,"(92, 11)",20.326772671661537,True,14.07658992735908,1.0
42,Greedy,V10,"(23, 5)",28.382087486291805,True,9.38630351054606,1.0
42,Auction,V1,"(19, 94)",8.057616854445165,True,20.850836241814186,1.0
42,Auction,V2,"(46, 44)",14.73544639636841,True,6.883883476483184,1.0
42,Auction,V3,"(73, 96)",2.6388312797002555,True,10.2,1.0
42,Auction,V4,"(15, 71)",19.580328800465452,True,7.243736026430575,1.0
42,Auction,V5,"(45, 35)",23.92940619033753,True,3.070593809662469,1.0
42,Auction,V6,"(1, 38)",44.42093990365493,True,12.675116819879086,1.0
42,Auction,V7,"(36, 62)",18.351470729610824,False,0.0,9.0
42,Auction,V8,"(100, 12)",50.166069694345225,True,8.430874976934522,1.0
42,Auction,V9,"(42, 44)",5.798669986214453,True,29.50867219921786,1.0
42,Auction,V10,"(48, 3)",29.007357717883448,True,8.659308948783217,1.0
42,Q-Learning,V1,"(15, 71)",26.412863601891928,True,1.6944997222057054,1.0
42,Q-Learning,V2,"(1, 38)",6.35428813655377,True,14.675116819879086,1.0
42,Q-Learning,V3,"(48, 3)",9.083554321274892,True,2.9769025580066675,1.0
42,Q-Learning,V4,"(17, 18)",22.151964839650365,True,4.672099987245662,1.0
42,Q-Learning,V5,"(87, 89)",0.3424600962660165,True,27.65383665716478,1.0
42,Q-Learning,V6,"(46, 44)",46.58788528786491,True,11.659615711335885,1.0
42,Q-Learning,V7,"(74, 58)",0.4899238364567502,True,14.45821694508815,5.0
42,Q-Learning,V8,"(100, 12)",41.05190732958545,True,16.602251716712544,1.0
42,Q-Learning,V9,"(58, 17)",24.084565999286795,True,10.566245510767708,1.0
42,Q-Learning,V10,"(73, 96)",11.039271838146355,True,26.866151674218372,1.0
43,Greedy,V1,"(56, 52)",17.329410376226733,True,10.092680907032232,1.0
43,Greedy,V2,"(46, 40)",0.6415119725157723,True,20.771140521184776,1.0
43,Greedy,V3,"(87, 78)",0.385207232626545,True,11.45362404707371,1.0
43,Greedy,V4,"(0, 28)",11.388368309593044,True,14.435696517302983,1.0
43,Greedy,V5,"(17, 95)",29.61397676378226,False,0.0,4.0
43,Greedy,V6,"(12, 39)",34.57745972952637,True,22.26734773582497,1.0
43,Greedy,V7,"(30, 32)",3.080597794749462,True,6.446291207888088,1.0
43,Greedy,V8,"(94, 55)",29.776858570294245,True,27.07628811737603,1.0
43,Greedy,V9,"(92, 11)",20.326772671661537,True,13.07658992735908,1.0
43,Greedy,V10,"(23, 5)",28.382087486291805,True,8.38630351054606,1.0
43,Auction,V1,"(19, 94)",8.057616854445165,True,19.850836241814186,1.0
43,Auction,V2,"(46, 44)",14.73544639636841,True,5.883883476483184,1.0
43,Auction,V3,"(73, 96)",2.6388312797002555,True,9.2,1.0
43,Auction,V4,"(15, 71)",19.580328800465452,True,6.243736026430575,1.0
43,Auction,V5,"(45, 35)",23.92940619033753,True,2.070593809662469,1.0
43,Auction,V6,"(1, 38)",44.42093990365493,True,11.675116819879086,1.0
43,Auction,V7,"(36, 62)",18.351470729610824,False,0.0,10.0
43,Auction,V8,"(100, 12)",50.166069694345225,True,7.430874976934522,1.0
43,Auction,V9,"(42, 44)",5.798669986214453,True,28.50867219921786,1.0
43,Auction,V10,"(48, 3)",29.007357717883448,True,7.659308948783217,1.0
43,Q-Learning,V1,"(15, 71)",26.412863601891928,True,0.6944997222057054,1.0
43,Q-Learning,V2,"(1, 38)",6.35428813655377,True,13.675116819879086,1.0
43,Q-Learning,V3,"(48, 3)",9.083554321274892,True,1.9769025580066675,1.0
43,Q-Learning,V4,"(17, 18)",22.151964839650365,True,3.6720999872456623,1.0
43,Q-Learning,V5,"(87, 89)",0.3424600962660165,True,26.65383665716478,1.0
43,Q-Learning,V6,"(46, 44)",46.58788528786491,True,10.659615711335885,1.0
43,Q-Learning,V7,"(74, 58)",0.4899238364567502,True,13.45821694508815,5.0
43,Q-Learning,V8,"(100, 12)",41.05190732958545,True,15.602251716712544,1.0
43,Q-Learning,V9,"(58, 17)",24.084565999286795,True,9.566245510767708,1.0
43,Q-Learning,V10,"(73, 96)",11.039271838146355,True,25.866151674218372,1.0
44,Greedy,V1,"(56, 52)",17.329410376226733,True,9.092680907032232,1.0
44,Greedy,V2,"(46, 40)",0.6415119725157723,True,19.771140521184776,1.0
44,Greedy,V3,"(87, 78)",0.385207232626545,True,10.45362404707371,1.0
44,Greedy,V4,"(0, 28)",11.388368309593044,True,13.435696517302983,1.0
44,Greedy,V5,"(17, 95)",29.61397676378226,False,0.0,5.0
44,Greedy,V6,"(12, 39)",34.57745972952637,True,21.26734773582497,1.0
44,Greedy,V7,"(30, 32)",3.080597794749462,True,5.446291207888088,1.0
44,Greedy,V8,"(94, 55)",29.776858570294245,True,26.07628811737603,1.0
44,Greedy,V9,"(92, 11)",20.326772671661537,True,12.07658992735908,1.0
44,Greedy,V10,"(23, 5)",28.382087486291805,True,7.38630351054606,1.0
44,Auction,V1,"(19, 94)",8.057616854445165,True,18.850836241814186,1.0
44,Auction,V2,"(46, 44)",14.73544639636841,True,4.883883476483184,1.0
44,Auction,V3,"(73, 96)",2.6388312797002555,True,8.2,1.0
44,Auction,V4,"(15, 71)",19.580328800465452,True,5.243736026430575,1.0
44,Auction,V5,"(45, 35)",23.92940619033753,True,1.0705938096624692,1.0
44,Auction,V6,"(1, 38)",44.42093990365493,True,10.675116819879086,1.0
44,Auction,V7,"(36, 62)",18.351470729610824,False,0.0,11.0
44,Auction,V8,"(100, 12)",50.166069694345225,True,6.430874976934522,1.0
44,Auction,V9,"(42, 44)",5.798669986214453,True,27.50867219921786,1.0
44,Auction,V10,"(48, 3)",29.007357717883448,True,6.659308948783217,1.0
44,Q-Learning,V1,"(19, 94)",3.077830021912284,True,23.335033579979644,1.0
44,Q-Learning,V2,"(1, 38)",6.35428813655377,True,12.675116819879086,1.0
44,Q-Learning,V3,"(48, 3)",9.083554321274892,True,0.9769025580066675,1.0
44,Q-Learning,V4,"(17, 18)",22.151964839650365,True,2.6720999872456623,1.0
44,Q-Learning,V5,"(87, 89)",0.3424600962660165,True,25.65383665716478,1.0
44,Q-Learning,V6,"(46, 44)",46.58788528786491,True,9.659615711335885,1.0
44,Q-Learning,V7,"(74, 58)",0.4899238364567502,True,12.45821694508815,5.0
44,Q-Learning,V8,"(100, 12)",41.05190732958545,True,14.602251716712544,1.0
44,Q-Learning,V9,"(58, 17)",24.084565999286795,True,8.566245510767708,1.0
44,Q-Learning,V10,"(73, 96)",11.039271838146355,True,24.866151674218372,1.0
45,Greedy,V1,"(56, 52)",17.329410376226733,True,8.092680907032232,1.0
45,Greedy,V2,"(46, 40)",0.6415119725157723,True,18.771140521184776,1.0
45,Greedy,V3,"(87, 78)",0.385207232626545,True,9.45362404707371,1.0
45,Greedy,V4,"(0, 28)",11.388368309593044,True,12.435696517302983,1.0
45,Greedy,V5,"(17, 95)",29.61397676378226,False,0.0,6.0
45,Greedy,V6,"(12, 39)",34.57745972952637,True,20.26734773582497,1.0
45,Greedy,V7,"(30, 32)",3.080597794749462,True,4.446291207888088,1.0
45,Greedy,V8,"(94, 55)",29.776858570294245,True,25.07628811737603,1.0
45,Greedy,V9,"(92, 11)",20.326772671661537,True,11.07658992735908,1.0
45,Greedy,V10,"(23, 5)",28.382087486291805,True,6.38630351054606,1.0
45,Auction,V1,"(19, 94)",8.057616854445165,True,17.850836241814186,1.0
45,Auction,V2,"(46, 44)",14.73544639636841,True,3.8838834764831844,1.0
45,Auction,V3,"(73, 96)",2.6388312797002555,True,7.199999999999999,1.0
45,Auction,V4,"(15, 71)",19.580328800465452,True,4.243736026430575,1.0
45,Auction,V5,"(45, 35)",23.92940619033753,True,0.0705938096624692,1.0
45,Auction,V6,"(1, 38)",44.42093990365493,True,9.675116819879086,1.0
45,Auction,V7,"(36, 62)",18.351470729610824,False,0.0,12.0
45,Auction,V8,"(100, 12)",50.166069694345225,True,5.430874976934522,1.0
45,Auction,V9,"(42, 44)",5.798669986214453,True,26.50867219921786,1.0
45,Auction,V10,"(48, 3)",29.007357717883448,True,5.659308948783217,1.0
45,Q-Learning,V1,"(19, 94)",3.077830021912284,True,22.335033579979644,1.0
45,Q-Learning,V2,"(1, 38)",6.35428813655377,True,11.675116819879086,1.0
45,Q-Learning,V3,"(48, 3)",9.083554321274892,False,0.0,1.0
45,Q-Learning,V4,"(17, 18)",22.151964839650365,True,1.6720999872456623,1.0
45,Q-Learning,V5,"(87, 89)",0.3424600962660165,True,24.65383665716478,1.0
45,Q-Learning,V6,"(46, 44)",46.58788528786491,True,8.659615711335885,1.0
45,Q-Learning,V7,"(74, 58)",0.4899238364567502,True,11.45821694508815,5.0
45,Q-Learning,V8,"(100, 12)",41.05190732958545,True,13.602251716712544,1.0
45,Q-Learning,V9,"(58, 17)",24.084565999286795,True,7.566245510767708,1.0
45,Q-Learning,V10,"(73, 96)",11.039271838146355,True,23.866151674218372,1.0
46,Greedy,V1,"(56, 52)",17.329410376226733,True,7.092680907032232,1.0
46,Greedy,V2,"(46, 40)",0.6415119725157723,True,17.771140521184776,1.0
46,Greedy,V3,"(87, 78)",0.385207232626545,True,8.45362404707371,1.0
46,Greedy,V4,"(0, 28)",11.388368309593044,True,11.435696517302983,1.0
46,Greedy,V5,"(17, 95)",29.61397676378226,False,0.0,7.0
46,Greedy,V6,"(12, 39)",34.57745972952637,True,19.26734773582497,1.0
46,Greedy,V7,"(30, 32)",3.080597794749462,True,3.4462912078880876,1.0
46,Greedy,V8,"(94, 55)",29.776858570294245,True,24.07628811737603,1.0
46,Greedy,V9,"(92, 11)",20.326772671661537,True,10.07658992735908,1.0
46,Greedy,V10,"(23, 5)",28.382087486291805,True,5.38630351054606,1.0
46,Auction,V1,"(19, 94)",8.057616854445165,True,16.850836241814186,1.0
46,Auction,V2,"(46, 44)",14.73544639636841,True,2.8838834764831844,1.0
46,Auction,V3,"(73, 96)",2.6388312797002555,True,6.199999999999999,1.0
46,Auction,V4,"(15, 71)",19.580328800465452,True,3.2437360264305752,1.0
46,Auction,V5,"(74, 58)",0.5915691747896972,True,23.337837015547834,1.0
46,Auction,V6,"(1, 38)",44.42093990365493,True,8.675116819879086,1.0
46,Auction,V7,"(36, 62)",18.351470729610824,False,0.0,13.0
46,Auction,V8,"(100, 12)",50.166069694345225,True,4.430874976934522,1.0
46,Auction,V9,"(42, 44)",5.798669986214453,True,25.50867219921786,1.0
46,Auction,V10,"(48, 3)",29.007357717883448,True,4.659308948783217,1.0
46,Q-Learning,V1,"(19, 94)",3.077830021912284,True,21.335033579979644,1.0
46,Q-Learning,V2,"(1, 38)",6.35428813655377,True,10.675116819879086,1.0
46,Q-Learning,V3,"(48, 3)",9.083554321274892,False,0.0,2.0
46,Q-Learning,V4,"(17, 18)",22.151964839650365,True,0.6720999872456623,1.0
46,Q-Learning,V5,"(87, 89)",0.3424600962660165,True,23.65383665716478,1.0
46,Q-Learning,V6,"(46, 44)",46.58788528786491,True,7.659615711335885,1.0
46,Q-Learning,V7,"(74, 58)",0.4899238364567502,True,10.45821694508815,5.0
46,Q-Learning,V8,"(100, 12)",41.05190732958545,True,12.602251716712544,1.0
46,Q-Learning,V9,"(58, 17)",24.084565999286795,True,6.566245510767708,1.0
46,Q-Learning,V10,"(73, 96)",11.039271838146355,True,22.866151674218372,1.0
47,Greedy,V1,"(56, 52)",17.329410376226733,True,6.092680907032232,1.0
47,Greedy,V2,"(46, 40)",0.6415119725157723,True,16.771140521184776,1.0
47,Greedy,V3,"(87, 78)",0.385207232626545,True,7.45362404707371,1.0
47,Greedy,V4,"(0, 28)",11.388368309593044,True,10.435696517302983,1.0
47,Greedy,V5,"(17, 95)",29.61397676378226,False,0.0,8.0
47,Greedy,V6,"(12, 39)",34.57745972952637,True,18.26734773582497,1.0
47,Greedy,V7,"(30, 32)",3.080597794749462,True,2.4462912078880876,1.0
47,Greedy,V8,"(94, 55)",29.776858570294245,True,23.07628811737603,1.0
47,Greedy,V9,"(92, 11)",20.326772671661537,True,9.07658992735908,1.0
47,Greedy,V10,"(23, 5)",28.382087486291805,True,4.38630351054606,1.0
47,Auction,V1,"(19, 94)",8.057616854445165,True,15.850836241814186,1.0
47,Auction,V2,"(46, 44)",14.73544639636841,True,1.8838834764831844,1.0
47,Auction,V3,"(73, 96)",2.6388312797002555,True,5.199999999999999,1.0
47,Auction,V4,"(15, 71)",19.580328800465452,True,2.2437360264305752,1.0
47,Auction,V5,"(74, 58)",0.5915691747896972,True,22.337837015547834,1.0
47,Auction,V6,"(1, 38)",44.42093990365493,True,7.6751168198790864,1.0
47,Auction,V7,"(36, 62)",18.351470729610824,False,0.0,14.0
47,Auction,V8,"(100, 12)",50.166069694345225,True,3.430874976934522,1.0
47,Auction,V9,"(42, 44)",5.798669986214453,True,24.50867219921786,1.0
47,Auction,V10,"(48, 3)",29.007357717883448,True,3.6593089487832167,1.0
47,Q-Learning,V1,"(19, 94)",3.077830021912284,True,20.335033579979644,1.0
47,Q-Learning,V2,"(1, 38)",6.35428813655377,True,9.675116819879086,1.0
47,Q-Learning,V3,"(48, 3)",9.083554321274892,False,0.0,3.0
47,Q-Learning,V4,"(17, 18)",22.151964839650365,False,0.0,1.0
47,Q-Learning,V5,"(87, 89)",0.3424600962660165,True,22.65383665716478,1.0
47,Q-Learning,V6,"(46, 44)",46.58788528786491,True,6.659615711335885,1.0
47,Q-Learning,V7,"(74, 58)",0.4899238364567502,True,9.45821694508815,5.0
47,Q-Learning,V8,"(100, 12)",41.05190732958545,True,11.602251716712544,1.0
47,Q-Learning,V9,"(58, 17)",24.084565999286795,True,5.566245510767708,1.0
47,Q-Learning,V10,"(73, 96)",11.039271838146355,True,21.866151674218372,1.0
48,Greedy,V1,"(56, 52)",17.329410376226733,True,5.092680907032232,1.0
48,Greedy,V2,"(46, 40)",0.6415119725157723,True,15.771140521184776,1.0
48,Greedy,V3,"(87, 78)",0.385207232626545,True,6.45362404707371,1.0
48,Greedy,V4,"(0, 28)",11.388368309593044,True,9.435696517302983,1.0
48,Greedy,V5,"(17, 95)",29.61397676378226,False,0.0,9.0
48,Greedy,V6,"(12, 39)",34.57745972952637,True,17.26734773582497,1.0
48,Greedy,V7,"(30, 32)",3.080597794749462,True,1.4462912078880876,1.0
48,Greedy,V8,"(94, 55)",29.776858570294245,True,22.07628811737603,1.0
48,Greedy,V9,"(92, 11)",20.326772671661537,True,8.07658992735908,1.0
48,Greedy,V10,"(23, 5)",28.382087486291805,True,3.3863035105460604,1.0
48,Auction,V1,"(19, 94)",8.057616854445165,True,14.850836241814186,1.0
48,Auction,V2,"(46, 44)",14.73544639636841,True,0.8838834764831844,1.0
48,Auction,V3,"(73, 96)",2.6388312797002555,True,4.199999999999999,1.0
48,Auction,V4,"(15, 71)",19.580328800465452,True,1.2437360264305752,1.0
48,Auction,V5,"(74, 58)",0.5915691747896972,True,21.337837015547834,1.0
48,Auction,V6,"(1, 38)",44.42093990365493,True,6.6751168198790864,1.0
48,Auction,V7,"(36, 62)",18.351470729610824,False,0.0,15.0
48,Auction,V8,"(100, 12)",50.166069694345225,True,2.430874976934522,1.0
48,Auction,V9,"(42, 44)",5.798669986214453,True,23.50867219921786,1.0
48,Auction,V10,"(48, 3)",29.007357717883448,True,2.6593089487832167,1.0
48,Q-Learning,V1,"(19, 94)",3.077830021912284,True,19.335033579979644,1.0
48,Q-Learning,V2,"(1, 38)",6.35428813655377,True,8.675116819879086,1.0
48,Q-Learning,V3,"(48, 3)",9.083554321274892,False,0.0,4.0
48,Q-Learning,V4,"(22, 15)",10.318971711815323,True,11.832993127835042,2.0
48,Q-Learning,V5,"(87, 89)",0.3424600962660165,True,21.65383665716478,1.0
48,Q-Learning,V6,"(46, 44)",46.58788528786491,True,5.659615711335885,1.0
48,Q-Learning,V7,"(74, 58)",0.4899238364567502,True,8.45821694508815,5.0
48,Q-Learning,V8,"(100, 12)",41.05190732958545,True,10.602251716712544,1.0
48,Q-Learning,V9,"(58, 17)",24.084565999286795,True,4.566245510767708,1.0
48,Q-Learning,V10,"(73, 96)",11.039271838146355,True,20.866151674218372,1.0
49,Greedy,V1,"(56, 52)",17.329410376226733,True,4.092680907032232,1.0
49,Greedy,V2,"(46, 40)",0.6415119725157723,True,14.771140521184776,1.0
49,Greedy,V3,"(87, 78)",0.385207232626545,True,5.45362404707371,1.0
49,Greedy,V4,"(0, 28)",11.388368309593044,True,8.435696517302983,1.0
49,Greedy,V5,"(17, 95)",29.61397676378226,False,0.0,10.0
49,Greedy,V6,"(12, 39)",34.57745972952637,True,16.26734773582497,1.0
49,Greedy,V7,"(30, 32)",3.080597794749462,True,0.4462912078880876,1.0
49,Greedy,V8,"(94, 55)",29.776858570294245,True,21.07628811737603,1.0
49,Greedy,V9,"(92, 11)",20.326772671661537,True,7.07658992735908,1.0
49,Greedy,V10,"(23, 5)",28.382087486291805,True,2.3863035105460604,1.0
49,Auction,V1,"(19, 94)",8.057616854445165,True,13.850836241814186,1.0
49,Auction,V2,"(46, 44)",14.73544639636841,False,0.0,1.0
49,Auction,V3,"(73, 96)",2.6388312797002555,True,3.1999999999999993,1.0
49,Auction,V4,"(15, 71)",19.580328800465452,True,0.24373602643057524,1.0
49,Auction,V5,"(74, 58)",0.5915691747896972,True,20.337837015547834,1.0
49,Auction,V6,"(1, 38)",44.42093990365493,True,5.6751168198790864,1.0
49,Auction,V7,"(36, 62)",18.351470729610824,False,0.0,16.0
49,Auction,V8,"(100, 12)",50.166069694345225,True,1.430874976934522,1.0
49,Auction,V9,"(42, 44)",5.798669986214453,True,22.50867219921786,1.0
49,Auction,V10,"(48, 3)",29.007357717883448,True,1.6593089487832167,1.0
49,Q-Learning,V1,"(19, 94)",3.077830021912284,True,18.335033579979644,1.0
49,Q-Learning,V2,"(1, 38)",6.35428813655377,True,7.6751168198790864,1.0
49,Q-Learning,V3,"(48, 3)",9.083554321274892,False,0.0,5.0
49,Q-Learning,V4,"(22, 15)",10.318971711815323,True,10.832993127835042,2.0
49,Q-Learning,V5,"(87, 89)",0.3424600962660165,True,20.65383665716478,1.0
49,Q-Learning,V6,"(46, 44)",46.58788528786491,True,4.659615711335885,1.0
49,Q-Learning,V7,"(74, 58)",0.4899238364567502,True,7.45821694508815,5.0
49,Q-Learning,V8,"(100, 12)",41.05190732958545,True,9.602251716712544,1.0
49,Q-Learning,V9,"(58, 17)",24.084565999286795,True,3.5662455107677076,1.0
49,Q-Learning,V10,"(73, 96)",11.039271838146355,True,19.866151674218372,1.0
50,Greedy,V1,"(56, 52)",17.329410376226733,True,3.092680907032232,1.0
50,Greedy,V2,"(46, 40)",0.6415119725157723,True,13.771140521184776,1.0
50,Greedy,V3,"(87, 78)",0.385207232626545,True,4.45362404707371,1.0
50,Greedy,V4,"(0, 28)",11.388368309593044,True,7.435696517302983,1.0
50,Greedy,V5,"(17, 95)",29.61397676378226,False,0.0,11.0
50,Greedy,V6,"(12, 39)",34.57745972952637,True,15.26734773582497,1.0
50,Greedy,V7,"(30, 32)",3.080597794749462,False,0.0,1.0
50,Greedy,V8,"(94, 55)",29.776858570294245,True,20.07628811737603,1.0
50,Greedy,V9,"(92, 11)",20.326772671661537,True,6.07658992735908,1.0
50,Greedy,V10,"(23, 5)",28.382087486291805,True,1.3863035105460604,1.0
50,Auction,V1,"(19, 94)",8.057616854445165,True,12.850836241814186,1.0
50,Auction,V2,"(46, 44)",14.73544639636841,False,0.0,2.0
50,Auction,V3,"(73, 96)",2.6388312797002555,True,2.1999999999999993,1.0
50,Auction,V4,"(22, 15)",0.5180710521669027,True,19.06225774829855,1.0
50,Auction,V5,"(74, 58)",0.5915691747896972,True,19.337837015547834,1.0
50,Auction,V6,"(1, 38)",44.42093990365493,True,4.6751168198790864,1.0
50,Auction,V7,"(36, 62)",18.351470729610824,False,0.0,17.0
50,Auction,V8,"(100, 12)",50.166069694345225,True,0.4308749769345219,1.0
50,Auction,V9,"(42, 44)",5.798669986214453,True,21.50867219921786,1.0
50,Auction,V10,"(48, 3)",29.007357717883448,True,0.6593089487832167,1.0
50,Q-Learning,V1,"(19, 94)",3.077830021912284,True,17.335033579979644,1.0
50,Q-Learning,V2,"(1, 38)",6.35428813655377,True,6.6751168198790864,1.0
50,Q-Learning,V3,"(48, 3)",9.083554321274892,False,0.0,6.0
50,Q-Learning,V4,"(22, 15)",10.318971711815323,True,9.832993127835042,2.0
50,Q-Learning,V5,"(87, 89)",0.3424600962660165,True,19.65383665716478,1.0
50,Q-Learning,V6,"(46, 44)",46.58788528786491,True,3.659615711335885,1.0
50,Q-Learning,V7,"(74, 58)",0.4899238364567502,True,6.45821694508815,5.0
50,Q-Learning,V8,"(100, 12)",41.05190732958545,True,8.602251716712544,1.0
50,Q-Learning,V9,"(58, 17)",24.084565999286795,True,2.5662455107677076,1.0
50,Q-Learning,V10,"(73, 96)",11.039271838146355,True,18.866151674218372,1.0
51,Greedy,V1,"(56, 52)",17.329410376226733,True,2.092680907032232,1.0
51,Greedy,V2,"(46, 40)",0.6415119725157723,True,12.771140521184776,1.0
51,Greedy,V3,"(87, 78)",0.385207232626545,True,3.45362404707371,1.0
51,Greedy,V4,"(0, 28)",11.388368309593044,True,6.435696517302983,1.0
51,Greedy,V5,"(17, 95)",29.61397676378226,False,0.0,12.0
51,Greedy,V6,"(12, 39)",34.57745972952637,True,14.26734773582497,1.0
51,Greedy,V7,"(30, 32)",3.080597794749462,False,0.0,2.0
51,Greedy,V8,"(94, 55)",29.776858570294245,True,19.07628811737603,1.0
51,Greedy,V9,"(92, 11)",20.326772671661537,True,5.07658992735908,1.0
51,Greedy,V10,"(23, 5)",28.382087486291805,True,0.3863035105460604,1.0
51,Auction,V1,"(19, 94)",8.057616854445165,True,11.850836241814186,1.0
51,Auction,V2,"(46, 44)",14.73544639636841,False,0.0,3.0
51,Auction,V3,"(73, 96)",2.6388312797002555,True,1.1999999999999993,1.0
51,Auction,V4,"(22, 15)",0.5180710521669027,True,18.06225774829855,1.0
51,Auction,V5,"(74, 58)",0.5915691747896972,True,18.337837015547834,1.0
51,Auction,V6,"(1, 38)",44.42093990365493,True,3.6751168198790864,1.0
51,Auction,V7,"(36, 62)",18.351470729610824,False,0.0,18.0
51,Auction,V8,"(91, 28)",23.543561158532967,True,26.62250853581226,1.0
51,Auction,V9,"(42, 44)",5.798669986214453,True,20.50867219921786,1.0
51,Auction,V10,"(50, 6)",3.4064325053061175,True,25.60092521257733,1.0
51,Q-Learning,V1,"(19, 94)",3.077830021912284,True,16.335033579979644,1.0
51,Q-Learning,V2,"(1, 38)",6.35428813655377,True,5.6751168198790864,1.0
51,Q-Learning,V3,"(48, 3)",9.083554321274892,False,0.0,7.0
51,Q-Learning,V4,"(22, 15)",10.318971711815323,True,8.832993127835042,2.0
51,Q-Learning,V5,"(87, 89)",0.3424600962660165,True,18.65383665716478,1.0
51,Q-Learning,V6,"(46, 44)",46.58788528786491,True,2.659615711335885,1.0
51,Q-Learning,V7,"(74, 58)",0.4899238364567502,True,5.45821694508815,5.0
51,Q-Learning,V8,"(100, 12)",41.05190732958545,True,7.602251716712544,1.0
51,Q-Learning,V9,"(58, 17)",24.084565999286795,True,1.5662455107677076,1.0
51,Q-Learning,V10,"(73, 96)",11.039271838146355,True,17.866151674218372,1.0
52,Greedy,V1,"(56, 52)",17.329410376226733,True,1.092680907032232,1.0
52,Greedy,V2,"(46, 40)",0.6415119725157723,True,11.771140521184776,1.0
52,Greedy,V3,"(87, 78)",0.385207232626545,True,2.45362404707371,1.0
52,Greedy,V4,"(0, 28)",11.388368309593044,True,5.435696517302983,1.0
52,Greedy,V5,"(17, 95)",29.61397676378226,False,0.0,13.0
52,Greedy,V6,"(12, 39)",34.57745972952637,True,13.26734773582497,1.0
52,Greedy,V7,"(30, 32)",3.080597794749462,False,0.0,3.0
52,Greedy,V8,"(94, 55)",29.776858570294245,True,18.07628811737603,1.0
52,Greedy,V9,"(92, 11)",20.326772671661537,True,4.07658992735908,1.0
52,Greedy,V10,"(23, 5)",2.2154208196251375,True,26.166666666666668,1.0
52,Auction,V1,"(19, 94)",8.057616854445165,True,10.850836241814186,1.0
52,Auction,V2,"(46, 44)",14.73544639636841,False,0.0,4.0
52,Auction,V3,"(73, 96)",2.6388312797002555,True,0.1999999999999993,1.0
52,Auction,V4,"(22, 15)",0.5180710521669027,True,17.06225774829855,1.0
52,Auction,V5,"(74, 58)",0.5915691747896972,True,17.337837015547834,1.0
52,Auction,V6,"(1, 38)",44.42093990365493,True,2.6751168198790864,1.0
52,Auction,V7,"(36, 62)",18.351470729610824,False,0.0,19.0
52,Auction,V8,"(91, 28)",23.543561158532967,True,25.62250853581226,1.0
52,Auction,V9,"(42, 44)",5.798669986214453,True,19.50867219921786,1.0
52,Auction,V10,"(50, 6)",3.4064325053061175,True,24.60092521257733,1.0
52,Q-Learning,V1,"(19, 94)",3.077830021912284,True,15.335033579979644,1.0
52,Q-Learning,V2,"(1, 38)",6.35428813655377,True,4.6751168198790864,1.0
52,Q-Learning,V3,"(48, 3)",9.083554321274892,False,0.0,8.0
52,Q-Learning,V4,"(22, 15)",10.318971711815323,True,7.832993127835042,2.0
52,Q-Learning,V5,"(87, 89)",0.3424600962660165,True,17.65383665716478,1.0
52,Q-Learning,V6,"(46, 44)",46.58788528786491,True,1.659615711335885,1.0
52,Q-Learning,V7,"(74, 58)",0.4899238364567502,True,4.45821694508815,5.0
52,Q-Learning,V8,"(100, 12)",41.05190732958545,True,6.602251716712544,1.0
52,Q-Learning,V9,"(58, 17)",24.084565999286795,True,0.5662455107677076,1.0
52,Q-Learning,V10,"(73, 96)",11.039271838146355,True,16.866151674218372,1.0
53,Greedy,V1,"(56, 52)",17.329410376226733,True,0.09268090703223208,1.0
53,Greedy,V2,"(46, 40)",0.6415119725157723,True,10.771140521184776,1.0
53,Greedy,V3,"(87, 78)",0.385207232626545,True,1.4536240470737098,1.0
53,Greedy,V4,"(0, 28)",11.388368309593044,True,4.435696517302983,1.0
53,Greedy,V5,"(17, 95)",29.61397676378226,False,0.0,14.0
53,Greedy,V6,"(12, 39)",34.57745972952637,True,12.26734773582497,1.0
53,Greedy,V7,"(30, 32)",3.080597794749462,False,0.0,4.0
53,Greedy,V8,"(94, 55)",29.776858570294245,True,17.07628811737603,1.0
53,Greedy,V9,"(92, 11)",20.326772671661537,True,3.0765899273590804,1.0
53,Greedy,V10,"(23, 5)",2.2154208196251375,True,25.166666666666668,1.0
53,Auction,V1,"(19, 94)",8.057616854445165,True,9.850836241814186,1.0
53,Auction,V2,"(46, 44)",14.73544639636841,False,0.0,5.0
53,Auction,V3,"(73, 96)",2.6388312797002555,False,0.0,1.0
53,Auction,V4,"(22, 15)",0.5180710521669027,True,16.06225774829855,1.0
53,Auction,V5,"(74, 58)",0.5915691747896972,True,16.337837015547834,1.0
53,Auction,V6,"(1, 38)",44.42093990365493,True,1.6751168198790864,1.0
53,Auction,V7,"(36, 62)",18.351470729610824,False,0.0,20.0
53,Auction,V8,"(91, 28)",23.543561158532967,True,24.62250853581226,1.0
53,Auction,V9,"(42, 44)",5.798669986214453,True,18.50867219921786,1.0
53,Auction,V10,"(50, 6)",3.4064325053061175,True,23.60092521257733,1.0
53,Q-Learning,V1,"(19, 94)",3.077830021912284,True,14.335033579979644,1.0
53,Q-Learning,V2,"(1, 38)",6.35428813655377,True,3.6751168198790864,1.0
53,Q-Learning,V3,"(48, 3)",9.083554321274892,False,0.0,9.0
53,Q-Learning,V4,"(22, 15)",10.318971711815323,True,6.832993127835042,2.0
53,Q-Learning,V5,"(87, 89)",0.3424600962660165,True,16.65383665716478,1.0
53,Q-Learning,V6,"(46, 44)",46.58788528786491,True,0.6596157113358849,1.0
53,Q-Learning,V7,"(74, 58)",0.4899238364567502,True,3.45821694508815,5.0
53,Q-Learning,V8,"(100, 12)",41.05190732958545,True,5.602251716712544,1.0
53,Q-Learning,V9,"(97, 1)",7.815256272197296,True,16.2693097270895,1.0
53,Q-Learning,V10,"(73, 96)",11.039271838146355,True,15.866151674218372,1.0
54,Greedy,V1,"(56, 52)",3.618886667510978,True,13.710523708715755,1.0
54,Greedy,V2,"(46, 40)",0.6415119725157723,True,9.771140521184776,1.0
54,Greedy,V3,"(87, 78)",0.385207232626545,True,0.45362404707370985,1.0
54,Greedy,V4,"(0, 28)",11.388368309593044,True,3.4356965173029828,1.0
54,Greedy,V5,"(17, 95)",29.61397676378226,False,0.0,15.0
54,Greedy,V6,"(12, 39)",34.57745972952637,True,11.26734773582497,1.0
54,Greedy,V7,"(30, 32)",3.080597794749462,False,0.0,5.0
54,Greedy,V8,"(94, 55)",29.776858570294245,True,16.07628811737603,1.0
54,Greedy,V9,"(92, 11)",20.326772671661537,True,2.0765899273590804,1.0
54,Greedy,V10,"(23, 5)",2.2154208196251375,True,24.166666666666668,1.0
54,Auction,V1,"(19, 94)",8.057616854445165,True,8.850836241814186,1.0
54,Auction,V2,"(46, 44)",14.73544639636841,False,0.0,6.0
54,Auction,V3,"(73, 96)",2.6388312797002555,False,0.0,2.0
54,Auction,V4,"(22, 15)",0.5180710521669027,True,15.06225774829855,1.0
54,Auction,V5,"(74, 58)",0.5915691747896972,True,15.337837015547834,1.0
54,Auction,V6,"(1, 38)",44.42093990365493,True,0.6751168198790864,1.0
54,Auction,V7,"(36, 62)",18.351470729610824,False,0.0,21.0
54,Auction,V8,"(91, 28)",23.543561158532967,True,23.62250853581226,1.0
54,Auction,V9,"(42, 44)",5.798669986214453,True,17.50867219921786,1.0
54,Auction,V10,"(50, 6)",3.4064325053061175,True,22.60092521257733,1.0
54,Q-Learning,V1,"(19, 94)",3.077830021912284,True,13.335033579979644,1.0
54,Q-Learning,V2,"(1, 38)",6.35428813655377,True,2.6751168198790864,1.0
54,Q-Learning,V3,"(48, 3)",9.083554321274892,False,0.0,10.0
54,Q-Learning,V4,"(22, 15)",10.318971711815323,True,5.832993127835042,2.0
54,Q-Learning,V5,"(87, 89)",0.3424600962660165,True,15.653836657164781,1.0
54,Q-Learning,V6,"(42, 44)",19.087885287864907,True,27.5,1.0
54,Q-Learning,V7,"(74, 58)",0.4899238364567502,True,2.45821694508815,5.0
54,Q-Learning,V8,"(100, 12)",41.05190732958545,True,4.602251716712544,1.0
54,Q-Learning,V9,"(97, 1)",7.815256272197296,True,15.2693097270895,1.0
54,Q-Learning,V10,"(73, 96)",11.039271838146355,True,14.866151674218372,1.0
55,Greedy,V1,"(56, 52)",3.618886667510978,True,12.710523708715755,1.0
55,Greedy,V2,"(46, 40)",0.6415119725157723,True,8.771140521184776,1.0
55,Greedy,V3,"(87, 78)",0.385207232626545,False,0.0,1.0
55,Greedy,V4,"(0, 28)",11.388368309593044,True,2.4356965173029828,1.0
55,Greedy,V5,"(17, 95)",29.61397676378226,False,0.0,16.0
55,Greedy,V6,"(12, 39)",34.57745972952637,True,10.26734773582497,1.0
55,Greedy,V7,"(30, 32)",3.080597794749462,False,0.0,6.0
55,Greedy,V8,"(94, 55)",29.776858570294245,True,15.07628811737603,1.0
55,Greedy,V9,"(92, 11)",20.326772671661537,True,1.0765899273590804,1.0
55,Greedy,V10,"(23, 5)",2.2154208196251375,True,23.166666666666668,1.0
55,Auction,V1,"(19, 94)",8.057616854445165,True,7.850836241814186,1.0
55,Auction,V2,"(46, 44)",14.73544639636841,False,0.0,7.0
55,Auction,V3,"(73, 96)",2.6388312797002555,False,0.0,3.0
55,Auction,V4,"(22, 15)",0.5180710521669027,True,14.06225774829855,1.0
55,Auction,V5,"(74, 58)",0.5915691747896972,True,14.337837015547834,1.0
55,Auction,V6,"(11, 43)",15.023397417717565,True,29.397542485937368,1.0
55,Auction,V7,"(36, 62)",18.351470729610824,False,0.0,22.0
55,Auction,V8,"(91, 28)",23.543561158532967,True,22.62250853581226,1.0
55,Auction,V9,"(42, 44)",5.798669986214453,True,16.50867219921786,1.0
55,Auction,V10,"(50, 6)",3.4064325053061175,True,21.60092521257733,1.0
55,Q-Learning,V1,"(19, 94)",3.077830021912284,True,12.335033579979644,1.0
55,Q-Learning,V2,"(1, 38)",6.35428813655377,True,1.6751168198790864,1.0
55,Q-Learning,V3,"(48, 3)",9.083554321274892,False,0.0,11.0
55,Q-Learning,V4,"(22, 15)",10.318971711815323,True,4.832993127835042,2.0
55,Q-Learning,V5,"(87, 89)",0.3424600962660165,True,14.653836657164781,1.0
55,Q-Learning,V6,"(42, 44)",19.087885287864907,True,26.5,1.0
55,Q-Learning,V7,"(74, 58)",0.4899238364567502,True,1.4582169450881501,5.0
55,Q-Learning,V8,"(100, 12)",41.05190732958545,True,3.6022517167125443,1.0
55,Q-Learning,V9,"(97, 1)",7.815256272197296,True,14.2693097270895,1.0
55,Q-Learning,V10,"(73, 96)",11.039271838146355,True,13.866151674218372,1.0
56,Greedy,V1,"(56, 52)",3.618886667510978,True,11.710523708715755,1.0
56,Greedy,V2,"(46, 40)",0.6415119725157723,True,7.771140521184776,1.0
56,Greedy,V3,"(87, 78)",0.385207232626545,False,0.0,2.0
56,Greedy,V4,"(0, 28)",11.388368309593044,True,1.4356965173029828,1.0
56,Greedy,V5,"(17, 95)",29.61397676378226,False,0.0,17.0
56,Greedy,V6,"(12, 39)",34.57745972952637,True,9.26734773582497,1.0
56,Greedy,V7,"(30, 32)",3.080597794749462,False,0.0,7.0
56,Greedy,V8,"(94, 55)",29.776858570294245,True,14.07628811737603,1.0
56,Greedy,V9,"(92, 11)",20.326772671661537,True,0.07658992735908043,1.0
56,Greedy,V10,"(23, 5)",2.2154208196251375,True,22.166666666666668,1.0
56,Auction,V1,"(19, 94)",8.057616854445165,True,6.850836241814186,1.0
56,Auction,V2,"(46, 44)",14.73544639636841,False,0.0,8.0
56,Auction,V3,"(73, 96)",2.6388312797002555,False,0.0,4.0
56,Auction,V4,"(22, 15)",0.5180710521669027,True,13.06225774829855,1.0
56,Auction,V5,"(74, 58)",0.5915691747896972,True,13.337837015547834,1.0
56,Auction,V6,"(11, 43)",15.023397417717565,True,28.397542485937368,1.0
56,Auction,V7,"(36, 62)",18.351470729610824,False,0.0,23.0
56,Auction,V8,"(91, 28)",23.543561158532967,True,21.62250853581226,1.0
56,Auction,V9,"(42, 44)",5.798669986214453,True,15.508672199217859,1.0
56,Auction,V10,"(50, 6)",3.4064325053061175,True,20.60092521257733,1.0
56,Q-Learning,V1,"(19, 94)",3.077830021912284,True,11.335033579979644,1.0
56,Q-Learning,V2,"(1, 38)",6.35428813655377,True,0.6751168198790864,1.0
56,Q-Learning,V3,"(48, 3)",9.083554321274892,False,0.0,12.0
56,Q-Learning,V4,"(22, 15)",10.318971711815323,True,3.832993127835042,2.0
56,Q-Learning,V5,"(87, 89)",0.3424600962660165,True,13.653836657164781,1.0
56,Q-Learning,V6,"(42, 44)",19.087885287864907,True,25.5,1.0
56,Q-Learning,V7,"(74, 58)",0.4899238364567502,True,0.45821694508815014,5.0
56,Q-Learning,V8,"(100, 12)",41.05190732958545,True,2.6022517167125443,1.0
56,Q-Learning,V9,"(97, 1)",7.815256272197296,True,13.2693097270895,1.0
56,Q-Learning,V10,"(73, 96)",11.039271838146355,True,12.866151674218372,1.0
57,Greedy,V1,"(56, 52)",3.618886667510978,True,10.710523708715755,1.0
57,Greedy,V2,"(46, 40)",0.6415119725157723,True,6.771140521184776,1.0
57,Greedy,V3,"(87, 78)",0.385207232626545,False,0.0,3.0
57,Greedy,V4,"(0, 28)",11.388368309593044,True,0.43569651730298276,1.0
57,Greedy,V5,"(17, 95)",29.61397676378226,False,0.0,18.0
57,Greedy,V6,"(12, 39)",34.57745972952637,True,8.26734773582497,1.0
57,Greedy,V7,"(30, 32)",3.080597794749462,False,0.0,8.0
57,Greedy,V8,"(94, 55)",29.776858570294245,True,13.07628811737603,1.0
57,Greedy,V9,"(92, 11)",7.929230185724169,True,12.397542485937368,1.0
57,Greedy,V10,"(23, 5)",2.2154208196251375,True,21.166666666666668,1.0
57,Auction,V1,"(19, 94)",8.057616854445165,True,5.850836241814186,1.0
57,Auction,V2,"(46, 44)",14.73544639636841,False,0.0,9.0
57,Auction,V3,"(73, 96)",2.6388312797002555,False,0.0,5.0
57,Auction,V4,"(22, 15)",0.5180710521669027,True,12.06225774829855,1.0
57,Auction,V5,"(74, 58)",0.5915691747896972,True,12.337837015547834,1.0
57,Auction,V6,"(11, 43)",15.023397417717565,True,27.397542485937368,1.0
57,Auction,V7,"(36, 62)",18.351470729610824,False,0.0,24.0
57,Auction,V8,"(91, 28)",23.543561158532967,True,20.62250853581226,1.0
57,Auction,V9,"(42, 44)",5.798669986214453,True,14.508672199217859,1.0
57,Auction,V10,"(50, 6)",3.4064325053061175,True,19.60092521257733,1.0
57,Q-Learning,V1,"(19, 94)",3.077830021912284,True,10.335033579979644,1.0
57,Q-Learning,V2,"(1, 38)",6.35428813655377,False,0.0,1.0
57,Q-Learning,V3,"(48, 3)",9.083554321274892,False,0.0,13.0
57,Q-Learning,V4,"(22, 15)",10.318971711815323,True,2.832993127835042,2.0
57,Q-Learning,V5,"(87, 89)",0.3424600962660165,True,12.653836657164781,1.0
57,Q-Learning,V6,"(42, 44)",19.087885287864907,True,24.5,1.0
57,Q-Learning,V7,"(74, 58)",0.4899238364567502,False,0.0,5.0
57,Q-Learning,V8,"(100, 12)",41.05190732958545,True,1.6022517167125443,1.0
57,Q-Learning,V9,"(97, 1)",7.815256272197296,True,12.2693097270895,1.0
57,Q-Learning,V10,"(73, 96)",11.039271838146355,True,11.866151674218372,1.0
58,Greedy,V1,"(56, 52)",3.618886667510978,True,9.710523708715755,1.0
58,Greedy,V2,"(46, 40)",0.6415119725157723,True,5.771140521184776,1.0
58,Greedy,V3,"(87, 78)",0.385207232626545,False,0.0,4.0
58,Greedy,V4,"(0, 28)",11.388368309593044,False,0.0,1.0
58,Greedy,V5,"(17, 95)",29.61397676378226,False,0.0,19.0
58,Greedy,V6,"(12, 39)",34.57745972952637,True,7.26734773582497,1.0
58,Greedy,V7,"(30, 32)",3.080597794749462,False,0.0,9.0
58,Greedy,V8,"(94, 55)",29.776858570294245,True,12.07628811737603,1.0
58,Greedy,V9,"(92, 11)",7.929230185724169,True,11.397542485937368,1.0
58,Greedy,V10,"(23, 5)",2.2154208196251375,True,20.166666666666668,1.0
58,Auction,V1,"(19, 94)",8.057616854445165,True,4.850836241814186,1.0
58,Auction,V2,"(46, 44)",14.73544639636841,False,0.0,10.0
58,Auction,V3,"(73, 96)",2.6388312797002555,False,0.0,6.0
58,Auction,V4,"(22, 15)",0.5180710521669027,True,11.06225774829855,1.0
58,Auction,V5,"(74, 58)",0.5915691747896972,True,11.337837015547834,1.0
58,Auction,V6,"(11, 43)",15.023397417717565,True,26.397542485937368,1.0
58,Auction,V7,"(36, 62)",18.351470729610824,False,0.0,25.0
58,Auction,V8,"(91, 28)",23.543561158532967,True,19.62250853581226,1.0
58,Auction,V9,"(42, 44)",5.798669986214453,True,13.508672199217859,1.0
58,Auction,V10,"(50, 6)",3.4064325053061175,True,18.60092521257733,1.0
58,Q-Learning,V1,"(19, 94)",3.077830021912284,True,9.335033579979644,1.0
58,Q-Learning,V2,"(1, 38)",6.35428813655377,False,0.0,2.0
58,Q-Learning,V3,"(48, 3)",9.083554321274892,False,0.0,14.0
58,Q-Learning,V4,"(22, 15)",10.318971711815323,True,1.8329931278350422,2.0
58,Q-Learning,V5,"(87, 89)",0.3424600962660165,True,11.653836657164781,1.0
58,Q-Learning,V6,"(42, 44)",19.087885287864907,True,23.5,1.0
58,Q-Learning,V7,"(74, 58)",0.4899238364567502,False,0.0,6.0
58,Q-Learning,V8,"(100, 12)",41.05190732958545,True,0.6022517167125443,1.0
58,Q-Learning,V9,"(97, 1)",7.815256272197296,True,11.2693097270895,1.0
58,Q-Learning,V10,"(73, 96)",11.039271838146355,True,10.866151674218372,1.0
59,Greedy,V1,"(56, 52)",3.618886667510978,True,8.710523708715755,1.0
59,Greedy,V2,"(46, 40)",0.6415119725157723,True,4.771140521184776,1.0
59,Greedy,V3,"(87, 78)",0.385207232626545,False,0.0,5.0
59,Greedy,V4,"(0, 28)",11.388368309593044,False,0.0,2.0
59,Greedy,V5,"(17, 95)",29.61397676378226,False,0.0,20.0
59,Greedy,V6,"(12, 39)",34.57745972952637,True,6.26734773582497,1.0
59,Greedy,V7,"(30, 32)",3.080597794749462,False,0.0,10.0
59,Greedy,V8,"(94, 55)",29.776858570294245,True,11.07628811737603,1.0
59,Greedy,V9,"(92, 11)",7.929230185724169,True,10.397542485937368,1.0
59,Greedy,V10,"(23, 5)",2.2154208196251375,True,19.166666666666668,1.0
59,Auction,V1,"(19, 94)",8.057616854445165,True,3.8508362418141857,1.0
59,Auction,V2,"(46, 44)",14.73544639636841,False,0.0,11.0
59,Auction,V3,"(73, 96)",2.6388312797002555,False,0.0,7.0
59,Auction,V4,"(22, 15)",0.5180710521669027,True,10.06225774829855,1.0
59,Auction,V5,"(74, 58)",0.5915691747896972,True,10.337837015547834,1.0
59,Auction,V6,"(11, 43)",15.023397417717565,True,25.397542485937368,1.0
59,Auction,V7,"(36, 62)",18.351470729610824,False,0.0,26.0
59,Auction,V8,"(91, 28)",23.543561158532967,True,18.62250853581226,1.0
59,Auction,V9,"(42, 44)",5.798669986214453,True,12.508672199217859,1.0
59,Auction,V10,"(50, 6)",3.4064325053061175,True,17.60092521257733,1.0
59,Q-Learning,V1,"(19, 94)",3.077830021912284,True,8.335033579979644,1.0
59,Q-Learning,V2,"(1, 38)",6.35428813655377,False,0.0,3.0
59,Q-Learning,V3,"(48, 3)",9.083554321274892,False,0.0,15.0
59,Q-Learning,V4,"(22, 15)",10.318971711815323,True,0.8329931278350422,2.0
59,Q-Learning,V5,"(87, 89)",0.3424600962660165,True,10.653836657164781,1.0
59,Q-Learning,V6,"(42, 44)",19.087885287864907,True,22.5,1.0
59,Q-Learning,V7,"(74, 58)",0.4899238364567502,False,0.0,7.0
59,Q-Learning,V8,"(91, 28)",14.429398793773188,True,26.62250853581226,1.0
59,Q-Learning,V9,"(97, 1)",7.815256272197296,True,10.2693097270895,1.0
59,Q-Learning,V10,"(73, 96)",11.039271838146355,True,9.866151674218372,1.0
60,Greedy,V1,"(56, 52)",3.618886667510978,True,7.710523708715755,1.0
60,Greedy,V2,"(46, 40)",0.6415119725157723,True,3.771140521184776,1.0
60,Greedy,V3,"(87, 78)",0.385207232626545,False,0.0,6.0
60,Greedy,V4,"(0, 28)",11.388368309593044,False,0.0,3.0
60,Greedy,V5,"(17, 95)",29.61397676378226,False,0.0,21.0
60,Greedy,V6,"(12, 39)",34.57745972952637,True,5.26734773582497,1.0
60,Greedy,V7,"(30, 32)",3.080597794749462,False,0.0,11.0
60,Greedy,V8,"(94, 55)",29.776858570294245,True,10.07628811737603,1.0
60,Greedy,V9,"(92, 11)",7.929230185724169,True,9.397542485937368,1.0
60,Greedy,V10,"(23, 5)",2.2154208196251375,True,18.166666666666668,1.0
60,Auction,V1,"(19, 94)",8.057616854445165,True,2.8508362418141857,1.0
60,Auction,V2,"(46, 44)",14.73544639636841,False,0.0,12.0
60,Auction,V3,"(73, 96)",2.6388312797002555,False,0.0,8.0
60,Auction,V4,"(22, 15)",0.5180710521669027,True,9.06225774829855,1.0
60,Auction,V5,"(74, 58)",0.5915691747896972,True,9.337837015547834,1.0
60,Auction,V6,"(11, 43)",15.023397417717565,True,24.397542485937368,1.0
60,Auction,V7,"(36, 62)",18.351470729610824,False,0.0,27.0
60,Auction,V8,"(91, 28)",23.543561158532967,True,17.62250853581226,1.0
60,Auction,V9,"(42, 44)",5.798669986214453,True,11.508672199217859,1.0
60,Auction,V10,"(50, 6)",3.4064325053061175,True,16.60092521257733,1.0
60,Q-Learning,V1,"(19, 94)",3.077830021912284,True,7.335033579979644,1.0
60,Q-Learning,V2,"(1, 38)",6.35428813655377,False,0.0,4.0
60,Q-Learning,V3,"(48, 3)",9.083554321274892,False,0.0,16.0
60,Q-Learning,V4,"(22, 15)",10.318971711815323,False,0.0,2.0
60,Q-Learning,V5,"(87, 89)",0.3424600962660165,True,9.653836657164781,1.0
60,Q-Learning,V6,"(42, 44)",19.087885287864907,True,21.5,1.0
60,Q-Learning,V7,"(74, 58)",0.4899238364567502,False,0.0,8.0
60,Q-Learning,V8,"(91, 28)",14.429398793773188,True,25.62250853581226,1.0
60,Q-Learning,V9,"(97, 1)",7.815256272197296,True,9.2693097270895,1.0
60,Q-Learning,V10,"(73, 96)",11.039271838146355,True,8.866151674218372,1.0
61,Greedy,V1,"(56, 52)",3.618886667510978,True,6.710523708715755,1.0
61,Greedy,V2,"(46, 40)",0.6415119725157723,True,2.771140521184776,1.0
61,Greedy,V3,"(87, 78)",0.385207232626545,False,0.0,7.0
61,Greedy,V4,"(0, 28)",11.388368309593044,False,0.0,4.0
61,Greedy,V5,"(17, 95)",29.61397676378226,False,0.0,22.0
61,Greedy,V6,"(12, 39)",34.57745972952637,True,4.26734773582497,1.0
61,Greedy,V7,"(30, 32)",3.080597794749462,False,0.0,12.0
61,Greedy,V8,"(94, 55)",29.776858570294245,True,9.07628811737603,1.0
61,Greedy,V9,"(92, 11)",7.929230185724169,True,8.397542485937368,1.0
61,Greedy,V10,"(23, 5)",2.2154208196251375,True,17.166666666666668,1.0
61,Auction,V1,"(19, 94)",8.057616854445165,True,1.8508362418141857,1.0
61,Auction,V2,"(46, 44)",14.73544639636841,False,0.0,13.0
61,Auction,V3,"(73, 96)",2.6388312797002555,False,0.0,9.0
61,Auction,V4,"(22, 15)",0.5180710521669027,True,8.06225774829855,1.0
61,Auction,V5,"(74, 58)",0.5915691747896972,True,8.337837015547834,1.0
61,Auction,V6,"(11, 43)",15.023397417717565,True,23.397542485937368,1.0
61,Auction,V7,"(36, 62)",18.351470729610824,False,0.0,28.0
61,Auction,V8,"(91, 28)",23.543561158532967,True,16.62250853581226,1.0
61,Auction,V9,"(42, 44)",5.798669986214453,True,10.508672199217859,1.0
61,Auction,V10,"(50, 6)",3.4064325053061175,True,15.60092521257733,1.0
61,Q-Learning,V1,"(19, 94)",3.077830021912284,True,6.335033579979644,1.0
61,Q-Learning,V2,"(1, 38)",6.35428813655377,False,0.0,5.0
61,Q-Learning,V3,"(48, 3)",9.083554321274892,False,0.0,17.0
61,Q-Learning,V4,"(22, 15)",10.318971711815323,False,0.0,3.0
61,Q-Learning,V5,"(87, 89)",0.3424600962660165,True,8.653836657164781,1.0
61,Q-Learning,V6,"(42, 44)",19.087885287864907,True,20.5,1.0
61,Q-Learning,V7,"(74, 58)",0.4899238364567502,False,0.0,9.0
61,Q-Learning,V8,"(91, 28)",14.429398793773188,True,24.62250853581226,1.0
61,Q-Learning,V9,"(97, 1)",7.815256272197296,True,8.2693097270895,1.0
61,Q-Learning,V10,"(73, 96)",11.039271838146355,True,7.866151674218372,1.0
62,Greedy,V1,"(56, 52)",3.618886667510978,True,5.710523708715755,1.0
62,Greedy,V2,"(46, 40)",0.6415119725157723,True,1.7711405211847762,1.0
62,Greedy,V3,"(87, 78)",0.385207232626545,False,0.0,8.0
62,Greedy,V4,"(0, 28)",11.388368309593044,False,0.0,5.0
62,Greedy,V5,"(17, 95)",29.61397676378226,False,0.0,23.0
62,Greedy,V6,"(12, 39)",34.57745972952637,True,3.26734773582497,1.0
62,Greedy,V7,"(30, 32)",3.080597794749462,False,0.0,13.0
62,Greedy,V8,"(94, 55)",29.776858570294245,True,8.07628811737603,1.0
62,Greedy,V9,"(92, 11)",7.929230185724169,True,7.397542485937368,1.0
62,Greedy,V10,"(23, 5)",2.2154208196251375,True,16.166666666666668,1.0
62,Auction,V1,"(19, 94)",8.057616854445165,True,0.8508362418141857,1.0
62,Auction,V2,"(46, 44)",14.73544639636841,False,0.0,14.0
62,Auction,V3,"(73, 96)",2.6388312797002555,False,0.0,10.0
62,Auction,V4,"(22, 15)",0.5180710521669027,True,7.062257748298549,1.0
62,Auction,V5,"(74, 58)",0.5915691747896972,True,7.337837015547834,1.0
62,Auction,V6,"(11, 43)",15.023397417717565,True,22.397542485937368,1.0
62,Auction,V7,"(36, 62)",18.351470729610824,False,0.0,29.0
62,Auction,V8,"(91, 28)",23.543561158532967,True,15.622508535812258,1.0
62,Auction,V9,"(42, 44)",5.798669986214453,True,9.508672199217859,1.0
62,Auction,V10,"(50, 6)",3.4064325053061175,True,14.60092521257733,1.0
62,Q-Learning,V1,"(19, 94)",3.077830021912284,True,5.335033579979644,1.0
62,Q-Learning,V2,"(1, 38)",6.35428813655377,False,0.0,6.0
62,Q-Learning,V3,"(48, 3)",9.083554321274892,False,0.0,18.0
62,Q-Learning,V4,"(22, 15)",10.318971711815323,False,0.0,4.0
62,Q-Learning,V5,"(87, 89)",0.3424600962660165,True,7.653836657164781,1.0
62,Q-Learning,V6,"(42, 44)",19.087885287864907,True,19.5,1.0
62,Q-Learning,V7,"(74, 58)",0.4899238364567502,False,0.0,10.0
62,Q-Learning,V8,"(91, 28)",14.429398793773188,True,23.62250853581226,1.0
62,Q-Learning,V9,"(97, 1)",7.815256272197296,True,7.2693097270894995,1.0
62,Q-Learning,V10,"(73, 96)",11.039271838146355,True,6.866151674218372,1.0
63,Greedy,V1,"(56, 52)",3.618886667510978,True,4.710523708715755,1.0
63,Greedy,V2,"(46, 40)",0.6415119725157723,True,0.7711405211847762,1.0
63,Greedy,V3,"(87, 78)",0.385207232626545,False,0.0,9.0
63,Greedy,V4,"(0, 28)",11.388368309593044,False,0.0,6.0
63,Greedy,V5,"(17, 95)",29.61397676378226,False,0.0,24.0
63,Greedy,V6,"(12, 39)",34.57745972952637,True,2.26734773582497,1.0
63,Greedy,V7,"(30, 32)",3.080597794749462,False,0.0,14.0
63,Greedy,V8,"(94, 55)",29.776858570294245,True,7.076288117376031,1.0
63,Greedy,V9,"(92, 11)",7.929230185724169,True,6.397542485937368,1.0
63,Greedy,V10,"(23, 5)",2.2154208196251375,True,15.166666666666668,1.0
63,Auction,V1,"(19, 94)",8.057616854445165,False,0.0,1.0
63,Auction,V2,"(46, 44)",14.73544639636841,False,0.0,15.0
63,Auction,V3,"(73, 96)",2.6388312797002555,False,0.0,11.0
63,Auction,V4,"(22, 15)",0.5180710521669027,True,6.062257748298549,1.0
63,Auction,V5,"(74, 58)",0.5915691747896972,True,6.337837015547834,1.0
63,Auction,V6,"(11, 43)",15.023397417717565,True,21.397542485937368,1.0
63,Auction,V7,"(36, 62)",18.351470729610824,False,0.0,30.0
63,Auction,V8,"(91, 28)",23.543561158532967,True,14.622508535812258,1.0
63,Auction,V9,"(42, 44)",5.798669986214453,True,8.508672199217859,1.0
63,Auction,V10,"(50, 6)",3.4064325053061175,True,13.60092521257733,1.0
63,Q-Learning,V1,"(19, 94)",3.077830021912284,True,4.335033579979644,1.0
63,Q-Learning,V2,"(1, 38)",6.35428813655377,False,0.0,7.0
63,Q-Learning,V3,"(48, 3)",9.083554321274892,False,0.0,19.0
63,Q-Learning,V4,"(22, 15)",10.318971711815323,False,0.0,5.0
63,Q-Learning,V5,"(87, 89)",0.3424600962660165,True,6.653836657164781,1.0
63,Q-Learning,V6,"(42, 44)",19.087885287864907,True,18.5,1.0
63,Q-Learning,V7,"(74, 58)",0.4899238364567502,False,0.0,11.0
63,Q-Learning,V8,"(91, 28)",14.429398793773188,True,22.62250853581226,1.0
63,Q-Learning,V9,"(97, 1)",7.815256272197296,True,6.2693097270894995,1.0
63,Q-Learning,V10,"(73, 96)",11.039271838146355,True,5.866151674218372,1.0
64,Greedy,V1,"(56, 52)",3.618886667510978,True,3.7105237087157548,1.0
64,Greedy,V2,"(46, 40)",0.6415119725157723,False,0.0,1.0
64,Greedy,V3,"(87, 78)",0.385207232626545,False,0.0,10.0
64,Greedy,V4,"(0, 28)",11.388368309593044,False,0.0,7.0
64,Greedy,V5,"(17, 95)",29.61397676378226,False,0.0,25.0
64,Greedy,V6,"(12, 39)",34.57745972952637,True,1.2673477358249698,1.0
64,Greedy,V7,"(30, 32)",3.080597794749462,False,0.0,15.0
64,Greedy,V8,"(94, 55)",29.776858570294245,True,6.076288117376031,1.0
64,Greedy,V9,"(92, 11)",7.929230185724169,True,5.397542485937368,1.0
64,Greedy,V10,"(23, 5)",2.2154208196251375,True,14.166666666666668,1.0
64,Auction,V1,"(19, 94)",8.057616854445165,False,0.0,2.0
64,Auction,V2,"(46, 44)",14.73544639636841,False,0.0,16.0
64,Auction,V3,"(73, 96)",2.6388312797002555,False,0.0,12.0
64,Auction,V4,"(22, 15)",0.5180710521669027,True,5.062257748298549,1.0
64,Auction,V5,"(74, 58)",0.5915691747896972,True,5.337837015547834,1.0
64,Auction,V6,"(11, 43)",15.023397417717565,True,20.397542485937368,1.0
64,Auction,V7,"(36, 62)",18.351470729610824,False,0.0,31.0
64,Auction,V8,"(91, 28)",23.543561158532967,True,13.622508535812258,1.0
64,Auction,V9,"(42, 44)",5.798669986214453,True,7.508672199217859,1.0
64,Auction,V10,"(50, 6)",3.4064325053061175,True,12.60092521257733,1.0
64,Q-Learning,V1,"(19, 94)",3.077830021912284,True,3.335033579979644,1.0
64,Q-Learning,V2,"(1, 38)",6.35428813655377,False,0.0,8.0
64,Q-Learning,V3,"(48, 3)",9.083554321274892,False,0.0,20.0
64,Q-Learning,V4,"(22, 15)",10.318971711815323,False,0.0,6.0
64,Q-Learning,V5,"(87, 89)",0.3424600962660165,True,5.653836657164781,1.0
64,Q-Learning,V6,"(42, 44)",19.087885287864907,True,17.5,1.0
64,Q-Learning,V7,"(74, 58)",0.4899238364567502,False,0.0,12.0
64,Q-Learning,V8,"(91, 28)",14.429398793773188,True,21.62250853581226,1.0
64,Q-Learning,V9,"(97, 1)",7.815256272197296,True,5.2693097270894995,1.0
64,Q-Learning,V10,"(73, 96)",11.039271838146355,True,4.866151674218372,1.0
65,Greedy,V1,"(56, 52)",3.618886667510978,True,2.7105237087157548,1.0
65,Greedy,V2,"(46, 40)",0.6415119725157723,False,0.0,2.0
65,Greedy,V3,"(87, 78)",0.385207232626545,False,0.0,11.0
65,Greedy,V4,"(0, 28)",11.388368309593044,False,0.0,8.0
65,Greedy,V5,"(17, 95)",29.61397676378226,False,0.0,26.0
65,Greedy,V6,"(12, 39)",34.57745972952637,True,0.26734773582496985,1.0
65,Greedy,V7,"(30, 32)",3.080597794749462,False,0.0,16.0
65,Greedy,V8,"(94, 55)",29.776858570294245,True,5.076288117376031,1.0
65,Greedy,V9,"(92, 11)",7.929230185724169,True,4.397542485937368,1.0
65,Greedy,V10,"(23, 5)",2.2154208196251375,True,13.166666666666668,1.0
65,Auction,V1,"(19, 94)",8.057616854445165,False,0.0,3.0
65,Auction,V2,"(46, 44)",14.73544639636841,False,0.0,17.0
65,Auction,V3,"(73, 96)",2.6388312797002555,False,0.0,13.0
65,Auction,V4,"(22, 15)",0.5180710521669027,True,4.062257748298549,1.0
65,Auction,V5,"(74, 58)",0.5915691747896972,True,4.337837015547834,1.0
65,Auction,V6,"(11, 43)",15.023397417717565,True,19.397542485937368,1.0
65,Auction,V7,"(36, 62)",18.351470729610824,False,0.0,32.0
65,Auction,V8,"(91, 28)",23.543561158532967,True,12.622508535812258,1.0
65,Auction,V9,"(42, 44)",5.798669986214453,True,6.508672199217859,1.0
65,Auction,V10,"(50, 6)",3.4064325053061175,True,11.60092521257733,1.0
65,Q-Learning,V1,"(19, 94)",3.077830021912284,True,2.335033579979644,1.0
65,Q-Learning,V2,"(1, 38)",6.35428813655377,False,0.0,9.0
65,Q-Learning,V3,"(48, 3)",9.083554321274892,False,0.0,21.0
65,Q-Learning,V4,"(22, 15)",10.318971711815323,False,0.0,7.0
65,Q-Learning,V5,"(87, 89)",0.3424600962660165,True,4.653836657164781,1.0
65,Q-Learning,V6,"(42, 44)",19.087885287864907,True,16.5,1.0
65,Q-Learning,V7,"(74, 58)",0.4899238364567502,False,0.0,13.0
65,Q-Learning,V8,"(91, 28)",14.429398793773188,True,20.62250853581226,1.0
65,Q-Learning,V9,"(97, 1)",7.815256272197296,True,4.2693097270894995,1.0
65,Q-Learning,V10,"(73, 96)",11.039271838146355,True,3.866151674218372,1.0
66,Greedy,V1,"(56, 52)",3.618886667510978,True,1.7105237087157548,1.0
66,Greedy,V2,"(46, 40)",0.6415119725157723,False,0.0,3.0
66,Greedy,V3,"(87, 78)",0.385207232626545,False,0.0,12.0
66,Greedy,V4,"(0, 28)",11.388368309593044,False,0.0,9.0
66,Greedy,V5,"(17, 95)",29.61397676378226,False,0.0,27.0
66,Greedy,V6,"(12, 39)",3.77573314808998,True,30.801726581436387,1.0
66,Greedy,V7,"(30, 32)",3.080597794749462,False,0.0,17.0
66,Greedy,V8,"(94, 55)",29.776858570294245,True,4.076288117376031,1.0
66,Greedy,V9,"(92, 11)",7.929230185724169,True,3.397542485937368,1.0
66,Greedy,V10,"(23, 5)",2.2154208196251375,True,12.166666666666668,1.0
66,Auction,V1,"(19, 94)",8.057616854445165,False,0.0,4.0
66,Auction,V2,"(46, 44)",14.73544639636841,False,0.0,18.0
66,Auction,V3,"(73, 96)",2.6388312797002555,False,0.0,14.0
66,Auction,V4,"(22, 15)",0.5180710521669027,True,3.062257748298549,1.0
66,Auction,V5,"(74, 58)",0.5915691747896972,True,3.3378370155478336,1.0
66,Auction,V6,"(11, 43)",15.023397417717565,True,18.397542485937368,1.0
66,Auction,V7,"(36, 62)",18.351470729610824,False,0.0,33.0
66,Auction,V8,"(91, 28)",23.543561158532967,True,11.622508535812258,1.0
66,Auction,V9,"(42, 44)",5.798669986214453,True,5.508672199217859,1.0
66,Auction,V10,"(50, 6)",3.4064325053061175,True,10.60092521257733,1.0
66,Q-Learning,V1,"(19, 94)",3.077830021912284,True,1.335033579979644,1.0
66,Q-Learning,V2,"(1, 38)",6.35428813655377,False,0.0,10.0
66,Q-Learning,V3,"(48, 3)",9.083554321274892,False,0.0,22.0
66,Q-Learning,V4,"(22, 15)",10.318971711815323,False,0.0,8.0
66,Q-Learning,V5,"(87, 89)",0.3424600962660165,True,3.6538366571647813,1.0
66,Q-Learning,V6,"(42, 44)",19.087885287864907,True,15.5,1.0
66,Q-Learning,V7,"(74, 58)",0.4899238364567502,False,0.0,14.0
66,Q-Learning,V8,"(91, 28)",14.429398793773188,True,19.62250853581226,1.0
66,Q-Learning,V9,"(97, 1)",7.815256272197296,True,3.2693097270894995,1.0
66,Q-Learning,V10,"(73, 96)",11.039271838146355,True,2.866151674218372,1.0
67,Greedy,V1,"(56, 52)",3.618886667510978,True,0.7105237087157548,1.0
67,Greedy,V2,"(46, 40)",0.6415119725157723,False,0.0,4.0
67,Greedy,V3,"(87, 78)",0.385207232626545,False,0.0,13.0
67,Greedy,V4,"(0, 28)",11.388368309593044,False,0.0,10.0
67,Greedy,V5,"(17, 95)",29.61397676378226,False,0.0,28.0
67,Greedy,V6,"(12, 39)",3.77573314808998,True,29.801726581436387,1.0
67,Greedy,V7,"(30, 32)",3.080597794749462,False,0.0,18.0
67,Greedy,V8,"(94, 55)",29.776858570294245,True,3.0762881173760306,1.0
67,Greedy,V9,"(92, 11)",7.929230185724169,True,2.397542485937368,1.0
67,Greedy,V10,"(23, 5)",2.2154208196251375,True,11.166666666666668,1.0
67,Auction,V1,"(19, 94)",8.057616854445165,False,0.0,5.0
67,Auction,V2,"(46, 44)",14.73544639636841,False,0.0,19.0
67,Auction,V3,"(73, 96)",2.6388312797002555,False,0.0,15.0
67,Auction,V4,"(22, 15)",0.5180710521669027,True,2.062257748298549,1.0
67,Auction,V5,"(74, 58)",0.5915691747896972,True,2.3378370155478336,1.0
67,Auction,V6,"(11, 43)",15.023397417717565,True,17.397542485937368,1.0
67,Auction,V7,"(36, 62)",18.351470729610824,False,0.0,34.0
67,Auction,V8,"(91, 28)",23.543561158532967,True,10.622508535812258,1.0
67,Auction,V9,"(42, 44)",5.798669986214453,True,4.508672199217859,1.0
67,Auction,V10,"(50, 6)",3.4064325053061175,True,9.60092521257733,1.0
67,Q-Learning,V1,"(19, 94)",3.077830021912284,True,0.335033579979644,1.0
67,Q-Learning,V2,"(1, 38)",6.35428813655377,False,0.0,11.0
67,Q-Learning,V3,"(48, 3)",9.083554321274892,False,0.0,23.0
67,Q-Learning,V4,"(22, 15)",10.318971711815323,False,0.0,9.0
67,Q-Learning,V5,"(87, 89)",0.3424600962660165,True,2.6538366571647813,1.0
67,Q-Learning,V6,"(42, 44)",19.087885287864907,True,14.5,1.0
67,Q-Learning,V7,"(74, 58)",0.4899238364567502,False,0.0,15.0
67,Q-Learning,V8,"(91, 28)",14.429398793773188,True,18.62250853581226,1.0
67,Q-Learning,V9,"(97, 1)",7.815256272197296,True,2.2693097270894995,1.0
67,Q-Learning,V10,"(73, 96)",11.039271838146355,True,1.8661516742183721,1.0
68,Greedy,V1,"(56, 52)",3.618886667510978,False,0.0,1.0
68,Greedy,V2,"(46, 40)",0.6415119725157723,False,0.0,5.0
68,Greedy,V3,"(87, 78)",0.385207232626545,False,0.0,14.0
68,Greedy,V4,"(0, 28)",11.388368309593044,False,0.0,11.0
68,Greedy,V5,"(17, 95)",29.61397676378226,False,0.0,29.0
68,Greedy,V6,"(12, 39)",3.77573314808998,True,28.801726581436387,1.0
68,Greedy,V7,"(30, 32)",3.080597794749462,False,0.0,19.0
68,Greedy,V8,"(94, 55)",29.776858570294245,True,2.0762881173760306,1.0
68,Greedy,V9,"(92, 11)",7.929230185724169,True,1.3975424859373682,1.0
68,Greedy,V10,"(23, 5)",2.2154208196251375,True,10.166666666666668,1.0
68,Auction,V1,"(19, 94)",8.057616854445165,False,0.0,6.0
68,Auction,V2,"(46, 44)",14.73544639636841,False,0.0,20.0
68,Auction,V3,"(73, 96)",2.6388312797002555,False,0.0,16.0
68,Auction,V4,"(22, 15)",0.5180710521669027,True,1.0622577482985491,1.0
68,Auction,V5,"(74, 58)",0.5915691747896972,True,1.3378370155478336,1.0
68,Auction,V6,"(11, 43)",15.023397417717565,True,16.397542485937368,1.0
68,Auction,V7,"(36, 62)",18.351470729610824,False,0.0,35.0
68,Auction,V8,"(91, 28)",23.543561158532967,True,9.622508535812258,1.0
68,Auction,V9,"(42, 44)",5.798669986214453,True,3.508672199217859,1.0
68,Auction,V10,"(50, 6)",3.4064325053061175,True,8.60092521257733,1.0
68,Q-Learning,V1,"(19, 94)",3.077830021912284,False,0.0,1.0
68,Q-Learning,V2,"(1, 38)",6.35428813655377,False,0.0,12.0
68,Q-Learning,V3,"(48, 3)",9.083554321274892,False,0.0,24.0
68,Q-Learning,V4,"(22, 15)",10.318971711815323,False,0.0,10.0
68,Q-Learning,V5,"(87, 89)",0.3424600962660165,True,1.6538366571647813,1.0
68,Q-Learning,V6,"(42, 44)",19.087885287864907,True,13.5,1.0
68,Q-Learning,V7,"(74, 58)",0.4899238364567502,False,0.0,16.0
68,Q-Learning,V8,"(91, 28)",14.429398793773188,True,17.62250853581226,1.0
68,Q-Learning,V9,"(97, 1)",7.815256272197296,True,1.2693097270894995,1.0
68,Q-Learning,V10,"(73, 96)",11.039271838146355,True,0.8661516742183721,1.0
69,Greedy,V1,"(56, 52)",3.618886667510978,False,0.0,2.0
69,Greedy,V2,"(46, 40)",0.6415119725157723,False,0.0,6.0
69,Greedy,V3,"(87, 78)",0.385207232626545,False,0.0,15.0
69,Greedy,V4,"(0, 28)",11.388368309593044,False,0.0,12.0
69,Greedy,V5,"(17, 95)",29.61397676378226,False,0.0,30.0
69,Greedy,V6,"(12, 39)",3.77573314808998,True,27.801726581436387,1.0
69,Greedy,V7,"(30, 32)",3.080597794749462,False,0.0,20.0
69,Greedy,V8,"(94, 55)",29.776858570294245,True,1.0762881173760306,1.0
69,Greedy,V9,"(92, 11)",7.929230185724169,True,0.3975424859373682,1.0
69,Greedy,V10,"(23, 5)",2.2154208196251375,True,9.166666666666668,1.0
69,Auction,V1,"(19, 94)",8.057616854445165,False,0.0,7.0
69,Auction,V2,"(46, 44)",14.73544639636841,False,0.0,21.0
69,Auction,V3,"(73, 96)",2.6388312797002555,False,0.0,17.0
69,Auction,V4,"(22, 15)",0.5180710521669027,True,0.06225774829854913,1.0
69,Auction,V5,"(74, 58)",0.5915691747896972,True,0.33783701554783363,1.0
69,Auction,V6,"(11, 43)",15.023397417717565,True,15.397542485937368,1.0
69,Auction,V7,"(36, 62)",18.351470729610824,False,0.0,36.0
69,Auction,V8,"(91, 28)",23.543561158532967,True,8.622508535812258,1.0
69,Auction,V9,"(42, 44)",5.798669986214453,True,2.508672199217859,1.0
69,Auction,V10,"(50, 6)",3.4064325053061175,True,7.60092521257733,1.0
69,Q-Learning,V1,"(19, 94)",3.077830021912284,False,0.0,2.0
69,Q-Learning,V2,"(1, 38)",6.35428813655377,False,0.0,13.0
69,Q-Learning,V3,"(48, 3)",9.083554321274892,False,0.0,25.0
69,Q-Learning,V4,"(22, 15)",10.318971711815323,False,0.0,11.0
69,Q-Learning,V5,"(87, 89)",0.3424600962660165,True,0.6538366571647813,1.0
69,Q-Learning,V6,"(42, 44)",19.087885287864907,True,12.5,1.0
69,Q-Learning,V7,"(74, 58)",0.4899238364567502,False,0.0,17.0
69,Q-Learning,V8,"(91, 28)",14.429398793773188,True,16.62250853581226,1.0
69,Q-Learning,V9,"(97, 1)",7.815256272197296,True,0.2693097270894995,1.0
69,Q-Learning,V10,"(73, 96)",11.039271838146355,False,0.0,1.0
70,Greedy,V1,"(56, 52)",3.618886667510978,False,0.0,3.0
70,Greedy,V2,"(46, 40)",0.6415119725157723,False,0.0,7.0
70,Greedy,V3,"(87, 78)",0.385207232626545,False,0.0,16.0
70,Greedy,V4,"(0, 28)",11.388368309593044,False,0.0,13.0
70,Greedy,V5,"(17, 95)",29.61397676378226,False,0.0,31.0
70,Greedy,V6,"(12, 39)",3.77573314808998,True,26.801726581436387,1.0
70,Greedy,V7,"(30, 32)",3.080597794749462,False,0.0,21.0
70,Greedy,V8,"(94, 55)",29.776858570294245,True,0.07628811737603058,1.0
70,Greedy,V9,"(92, 11)",7.929230185724169,False,0.0,1.0
70,Greedy,V10,"(23, 5)",2.2154208196251375,True,8.166666666666668,1.0
70,Auction,V1,"(19, 94)",8.057616854445165,False,0.0,8.0
70,Auction,V2,"(46, 44)",14.73544639636841,False,0.0,22.0
70,Auction,V3,"(73, 96)",2.6388312797002555,False,0.0,18.0
70,Auction,V4,"(22, 15)",0.5180710521669027,False,0.0,1.0
70,Auction,V5,"(74, 58)",0.5915691747896972,False,0.0,1.0
70,Auction,V6,"(11, 43)",15.023397417717565,True,14.397542485937368,1.0
70,Auction,V7,"(36, 62)",18.351470729610824,False,0.0,37.0
70,Auction,V8,"(91, 28)",23.543561158532967,True,7.622508535812258,1.0
70,Auction,V9,"(42, 44)",5.798669986214453,True,1.508672199217859,1.0
70,Auction,V10,"(50, 6)",3.4064325053061175,True,6.60092521257733,1.0
70,Q-Learning,V1,"(19, 94)",3.077830021912284,False,0.0,3.0
70,Q-Learning,V2,"(1, 38)",6.35428813655377,False,0.0,14.0
70,Q-Learning,V3,"(48, 3)",9.083554321274892,False,0.0,26.0
70,Q-Learning,V4,"(22, 15)",10.318971711815323,False,0.0,12.0
70,Q-Learning,V5,"(87, 89)",0.3424600962660165,False,0.0,1.0
70,Q-Learning,V6,"(42, 44)",19.087885287864907,True,11.5,1.0
70,Q-Learning,V7,"(74, 58)",0.4899238364567502,False,0.0,18.0
70,Q-Learning,V8,"(91, 28)",14.429398793773188,True,15.622508535812258,1.0
70,Q-Learning,V9,"(97, 1)",7.815256272197296,False,0.0,1.0
70,Q-Learning,V10,"(73, 96)",11.039271838146355,False,0.0,2.0
71,Greedy,V1,"(56, 52)",3.618886667510978,False,0.0,4.0
71,Greedy,V2,"(46, 40)",0.6415119725157723,False,0.0,8.0
71,Greedy,V3,"(87, 78)",0.385207232626545,False,0.0,17.0
71,Greedy,V4,"(0, 28)",11.388368309593044,False,0.0,14.0
71,Greedy,V5,"(17, 95)",29.61397676378226,False,0.0,32.0
71,Greedy,V6,"(12, 39)",3.77573314808998,True,25.801726581436387,1.0
71,Greedy,V7,"(30, 32)",3.080597794749462,False,0.0,22.0
71,Greedy,V8,"(94, 55)",2.907892494537357,True,26.868966075756887,1.0
71,Greedy,V9,"(92, 11)",7.929230185724169,False,0.0,2.0
71,Greedy,V10,"(23, 5)",2.2154208196251375,True,7.166666666666668,1.0
71,Auction,V1,"(19, 94)",8.057616854445165,False,0.0,9.0
71,Auction,V2,"(46, 44)",14.73544639636841,False,0.0,23.0
71,Auction,V3,"(73, 96)",2.6388312797002555,False,0.0,19.0
71,Auction,V4,"(22, 15)",0.5180710521669027,False,0.0,2.0
71,Auction,V5,"(74, 58)",0.5915691747896972,False,0.0,2.0
71,Auction,V6,"(11, 43)",15.023397417717565,True,13.397542485937368,1.0
71,Auction,V7,"(36, 62)",18.351470729610824,False,0.0,38.0
71,Auction,V8,"(91, 28)",23.543561158532967,True,6.622508535812258,1.0
71,Auction,V9,"(42, 44)",5.798669986214453,True,0.5086721992178589,1.0
71,Auction,V10,"(50, 6)",3.4064325053061175,True,5.60092521257733,1.0
71,Q-Learning,V1,"(19, 94)",3.077830021912284,False,0.0,4.0
71,Q-Learning,V2,"(1, 38)",6.35428813655377,False,0.0,15.0
71,Q-Learning,V3,"(48, 3)",9.083554321274892,False,0.0,27.0
71,Q-Learning,V4,"(22, 15)",10.318971711815323,False,0.0,13.0
71,Q-Learning,V5,"(87, 89)",0.3424600962660165,False,0.0,2.0
71,Q-Learning,V6,"(42, 44)",19.087885287864907,True,10.5,1.0
71,Q-Learning,V7,"(74, 58)",0.4899238364567502,False,0.0,19.0
71,Q-Learning,V8,"(91, 28)",14.429398793773188,True,14.622508535812258,1.0
71,Q-Learning,V9,"(97, 1)",7.815256272197296,False,0.0,2.0
71,Q-Learning,V10,"(73, 96)",11.039271838146355,False,0.0,3.0
72,Greedy,V1,"(56, 52)",3.618886667510978,False,0.0,5.0
72,Greedy,V2,"(46, 40)",0.6415119725157723,False,0.0,9.0
72,Greedy,V3,"(87, 78)",0.385207232626545,False,0.0,18.0
72,Greedy,V4,"(0, 28)",11.388368309593044,False,0.0,15.0
72,Greedy,V5,"(17, 95)",29.61397676378226,False,0.0,33.0
72,Greedy,V6,"(12, 39)",3.77573314808998,True,24.801726581436387,1.0
72,Greedy,V7,"(30, 32)",3.080597794749462,False,0.0,23.0
72,Greedy,V8,"(94, 55)",2.907892494537357,True,25.868966075756887,1.0
72,Greedy,V9,"(92, 11)",7.929230185724169,False,0.0,3.0
72,Greedy,V10,"(23, 5)",2.2154208196251375,True,6.166666666666668,1.0
72,Auction,V1,"(19, 94)",8.057616854445165,False,0.0,10.0
72,Auction,V2,"(46, 44)",14.73544639636841,False,0.0,24.0
72,Auction,V3,"(73, 96)",2.6388312797002555,False,0.0,20.0
72,Auction,V4,"(22, 15)",0.5180710521669027,False,0.0,3.0
72,Auction,V5,"(74, 58)",0.5915691747896972,False,0.0,3.0
72,Auction,V6,"(11, 43)",15.023397417717565,True,12.397542485937368,1.0
72,Auction,V7,"(36, 62)",18.351470729610824,False,0.0,39.0
72,Auction,V8,"(91, 28)",23.543561158532967,True,5.622508535812258,1.0
72,Auction,V9,"(42, 44)",5.798669986214453,False,0.0,1.0
72,Auction,V10,"(50, 6)",3.4064325053061175,True,4.60092521257733,1.0
72,Q-Learning,V1,"(19, 94)",3.077830021912284,False,0.0,5.0
72,Q-Learning,V2,"(1, 38)",6.35428813655377,False,0.0,16.0
72,Q-Learning,V3,"(48, 3)",9.083554321274892,False,0.0,28.0
72,Q-Learning,V4,"(22, 15)",10.318971711815323,False,0.0,14.0
72,Q-Learning,V5,"(87, 89)",0.3424600962660165,False,0.0,3.0
72,Q-Learning,V6,"(42, 44)",19.087885287864907,True,9.5,1.0
72,Q-Learning,V7,"(74, 58)",0.4899238364567502,False,0.0,20.0
72,Q-Learning,V8,"(91, 28)",14.429398793773188,True,13.622508535812258,1.0
72,Q-Learning,V9,"(97, 1)",7.815256272197296,False,0.0,3.0
72,Q-Learning,V10,"(73, 96)",11.039271838146355,False,0.0,4.0
73,Greedy,V1,"(56, 52)",3.618886667510978,False,0.0,6.0
73,Greedy,V2,"(46, 40)",0.6415119725157723,False,0.0,10.0
73,Greedy,V3,"(87, 78)",0.385207232626545,False,0.0,19.0
73,Greedy,V4,"(0, 28)",11.388368309593044,False,0.0,16.0
73,Greedy,V5,"(17, 95)",29.61397676378226,False,0.0,34.0
73,Greedy,V6,"(12, 39)",3.77573314808998,True,23.801726581436387,1.0
73,Greedy,V7,"(30, 32)",3.080597794749462,False,0.0,24.0
73,Greedy,V8,"(94, 55)",2.907892494537357,True,24.868966075756887,1.0
73,Greedy,V9,"(92, 11)",7.929230185724169,False,0.0,4.0
73,Greedy,V10,"(23, 5)",2.2154208196251375,True,5.166666666666668,1.0
73,Auction,V1,"(19, 94)",8.057616854445165,False,0.0,11.0
73,Auction,V2,"(46, 44)",14.73544639636841,False,0.0,25.0
73,Auction,V3,"(73, 96)",2.6388312797002555,False,0.0,21.0
73,Auction,V4,"(22, 15)",0.5180710521669027,False,0.0,4.0
73,Auction,V5,"(74, 58)",0.5915691747896972,False,0.0,4.0
73,Auction,V6,"(11, 43)",15.023397417717565,True,11.397542485937368,1.0
73,Auction,V7,"(36, 62)",18.351470729610824,False,0.0,40.0
73,Auction,V8,"(91, 28)",23.543561158532967,True,4.622508535812258,1.0
73,Auction,V9,"(42, 44)",5.798669986214453,False,0.0,2.0
73,Auction,V10,"(50, 6)",3.4064325053061175,True,3.60092521257733,1.0
73,Q-Learning,V1,"(19, 94)",3.077830021912284,False,0.0,6.0
73,Q-Learning,V2,"(1, 38)",6.35428813655377,False,0.0,17.0
73,Q-Learning,V3,"(48, 3)",9.083554321274892,False,0.0,29.0
73,Q-Learning,V4,"(22, 15)",10.318971711815323,False,0.0,15.0
73,Q-Learning,V5,"(87, 89)",0.3424600962660165,False,0.0,4.0
73,Q-Learning,V6,"(42, 44)",19.087885287864907,True,8.5,1.0
73,Q-Learning,V7,"(74, 58)",0.4899238364567502,False,0.0,21.0
73,Q-Learning,V8,"(91, 28)",14.429398793773188,True,12.622508535812258,1.0
73,Q-Learning,V9,"(97, 1)",7.815256272197296,False,0.0,4.0
73,Q-Learning,V10,"(73, 96)",11.039271838146355,False,0.0,5.0
74,Greedy,V1,"(56, 52)",3.618886667510978,False,0.0,7.0
74,Greedy,V2,"(46, 40)",0.6415119725157723,False,0.0,11.0
74,Greedy,V3,"(87, 78)",0.385207232626545,False,0.0,20.0
74,Greedy,V4,"(0, 28)",11.388368309593044,False,0.0,17.0
74,Greedy,V5,"(17, 95)",29.61397676378226,False,0.0,35.0
74,Greedy,V6,"(12, 39)",3.77573314808998,True,22.801726581436387,1.0
74,Greedy,V7,"(30, 32)",3.080597794749462,False,0.0,25.0
74,Greedy,V8,"(94, 55)",2.907892494537357,True,23.868966075756887,1.0
74,Greedy,V9,"(92, 11)",7.929230185724169,False,0.0,5.0
74,Greedy,V10,"(23, 5)",2.2154208196251375,True,4.166666666666668,1.0
74,Auction,V1,"(19, 94)",8.057616854445165,False,0.0,12.0
74,Auction,V2,"(46, 44)",14.73544639636841,False,0.0,26.0
74,Auction,V3,"(73, 96)",2.6388312797002555,False,0.0,22.0
74,Auction,V4,"(22, 15)",0.5180710521669027,False,0.0,5.0
74,Auction,V5,"(74, 58)",0.5915691747896972,False,0.0,5.0
74,Auction,V6,"(11, 43)",15.023397417717565,True,10.397542485937368,1.0
74,Auction,V7,"(36, 62)",18.351470729610824,False,0.0,41.0
74,Auction,V8,"(91, 28)",23.543561158532967,True,3.6225085358122584,1.0
74,Auction,V9,"(42, 44)",5.798669986214453,False,0.0,3.0
74,Auction,V10,"(50, 6)",3.4064325053061175,True,2.60092521257733,1.0
74,Q-Learning,V1,"(19, 94)",3.077830021912284,False,0.0,7.0
74,Q-Learning,V2,"(1, 38)",6.35428813655377,False,0.0,18.0
74,Q-Learning,V3,"(48, 3)",9.083554321274892,False,0.0,30.0
74,Q-Learning,V4,"(22, 15)",10.318971711815323,False,0.0,16.0
74,Q-Learning,V5,"(87, 89)",0.3424600962660165,False,0.0,5.0
74,Q-Learning,V6,"(42, 44)",19.087885287864907,True,7.5,1.0
74,Q-Learning,V7,"(74, 58)",0.4899238364567502,False,0.0,22.0
74,Q-Learning,V8,"(91, 28)",14.429398793773188,True,11.622508535812258,1.0
74,Q-Learning,V9,"(97, 1)",7.815256272197296,False,0.0,5.0
74,Q-Learning,V10,"(73, 96)",11.039271838146355,False,0.0,6.0
75,Greedy,V1,"(56, 52)",3.618886667510978,False,0.0,8.0
75,Greedy,V2,"(46, 40)",0.6415119725157723,False,0.0,12.0
75,Greedy,V3,"(87, 78)",0.385207232626545,False,0.0,21.0
75,Greedy,V4,"(0, 28)",11.388368309593044,False,0.0,18.0
75,Greedy,V5,"(17, 95)",29.61397676378226,False,0.0,36.0
75,Greedy,V6,"(12, 39)",3.77573314808998,True,21.801726581436387,1.0
75,Greedy,V7,"(30, 32)",3.080597794749462,False,0.0,26.0
75,Greedy,V8,"(94, 55)",2.907892494537357,True,22.868966075756887,1.0
75,Greedy,V9,"(92, 11)",7.929230185724169,False,0.0,6.0
75,Greedy,V10,"(23, 5)",2.2154208196251375,True,3.166666666666668,1.0
75,Auction,V1,"(19, 94)",8.057616854445165,False,0.0,13.0
75,Auction,V2,"(46, 44)",14.73544639636841,False,0.0,27.0
75,Auction,V3,"(73, 96)",2.6388312797002555,False,0.0,23.0
75,Auction,V4,"(22, 15)",0.5180710521669027,False,0.0,6.0
75,Auction,V5,"(74, 58)",0.5915691747896972,False,0.0,6.0
75,Auction,V6,"(11, 43)",15.023397417717565,True,9.397542485937368,1.0
75,Auction,V7,"(36, 62)",18.351470729610824,False,0.0,42.0
75,Auction,V8,"(91, 28)",23.543561158532967,True,2.6225085358122584,1.0
75,Auction,V9,"(42, 44)",5.798669986214453,False,0.0,4.0
75,Auction,V10,"(50, 6)",3.4064325053061175,True,1.6009252125773301,1.0
75,Q-Learning,V1,"(19, 94)",3.077830021912284,False,0.0,8.0
75,Q-Learning,V2,"(1, 38)",6.35428813655377,False,0.0,19.0
75,Q-Learning,V3,"(48, 3)",9.083554321274892,False,0.0,31.0
75,Q-Learning,V4,"(22, 15)",10.318971711815323,False,0.0,17.0
75,Q-Learning,V5,"(87, 89)",0.3424600962660165,False,0.0,6.0
75,Q-Learning,V6,"(42, 44)",19.087885287864907,True,6.5,1.0
75,Q-Learning,V7,"(74, 58)",0.4899238364567502,False,0.0,23.0
75,Q-Learning,V8,"(91, 28)",14.429398793773188,True,10.622508535812258,1.0
75,Q-Learning,V9,"(97, 1)",7.815256272197296,False,0.0,6.0
75,Q-Learning,V10,"(73, 96)",11.039271838146355,False,0.0,7.0
76,Greedy,V1,"(56, 52)",3.618886667510978,False,0.0,9.0
76,Greedy,V2,"(46, 40)",0.6415119725157723,False,0.0,13.0
76,Greedy,V3,"(87, 78)",0.385207232626545,False,0.0,22.0
76,Greedy,V4,"(0, 28)",11.388368309593044,False,0.0,19.0
76,Greedy,V5,"(17, 95)",29.61397676378226,False,0.0,37.0
76,Greedy,V6,"(12, 39)",3.77573314808998,True,20.801726581436387,1.0
76,Greedy,V7,"(30, 32)",3.080597794749462,False,0.0,27.0
76,Greedy,V8,"(94, 55)",2.907892494537357,True,21.868966075756887,1.0
76,Greedy,V9,"(92, 11)",7.929230185724169,False,0.0,7.0
76,Greedy,V10,"(23, 5)",2.2154208196251375,True,2.166666666666668,1.0
76,Auction,V1,"(19, 94)",8.057616854445165,False,0.0,14.0
76,Auction,V2,"(46, 44)",14.73544639636841,False,0.0,28.0
76,Auction,V3,"(73, 96)",2.6388312797002555,False,0.0,24.0
76,Auction,V4,"(22, 15)",0.5180710521669027,False,0.0,7.0
76,Auction,V5,"(74, 58)",0.5915691747896972,False,0.0,7.0
76,Auction,V6,"(11, 43)",15.023397417717565,True,8.397542485937368,1.0
76,Auction,V7,"(36, 62)",18.351470729610824,False,0.0,43.0
76,Auction,V8,"(91, 28)",23.543561158532967,True,1.6225085358122584,1.0
76,Auction,V9,"(42, 44)",5.798669986214453,False,0.0,5.0
76,Auction,V10,"(50, 6)",3.4064325053061175,True,0.6009252125773301,1.0
76,Q-Learning,V1,"(19, 94)",3.077830021912284,False,0.0,9.0
76,Q-Learning,V2,"(1, 38)",6.35428813655377,False,0.0,20.0
76,Q-Learning,V3,"(48, 3)",9.083554321274892,False,0.0,32.0
76,Q-Learning,V4,"(22, 15)",10.318971711815323,False,0.0,18.0
76,Q-Learning,V5,"(87, 89)",0.3424600962660165,False,0.0,7.0
76,Q-Learning,V6,"(42, 44)",19.087885287864907,True,5.5,1.0
76,Q-Learning,V7,"(74, 58)",0.4899238364567502,False,0.0,24.0
76,Q-Learning,V8,"(91, 28)",14.429398793773188,True,9.622508535812258,1.0
76,Q-Learning,V9,"(97, 1)",7.815256272197296,False,0.0,7.0
76,Q-Learning,V10,"(73, 96)",11.039271838146355,False,0.0,8.0
77,Greedy,V1,"(56, 52)",3.618886667510978,False,0.0,10.0
77,Greedy,V2,"(46, 40)",0.6415119725157723,False,0.0,14.0
77,Greedy,V3,"(87, 78)",0.385207232626545,False,0.0,23.0
77,Greedy,V4,"(0, 28)",11.388368309593044,False,0.0,20.0
77,Greedy,V5,"(17, 95)",29.61397676378226,False,0.0,38.0
77,Greedy,V6,"(12, 39)",3.77573314808998,True,19.801726581436387,1.0
77,Greedy,V7,"(30, 32)",3.080597794749462,False,0.0,28.0
77,Greedy,V8,"(94, 55)",2.907892494537357,True,20.868966075756887,1.0
77,Greedy,V9,"(92, 11)",7.929230185724169,False,0.0,8.0
77,Greedy,V10,"(23, 5)",2.2154208196251375,True,1.1666666666666679,1.0
77,Auction,V1,"(19, 94)",8.057616854445165,False,0.0,15.0
77,Auction,V2,"(46, 44)",14.73544639636841,False,0.0,29.0
77,Auction,V3,"(73, 96)",2.6388312797002555,False,0.0,25.0
77,Auction,V4,"(22, 15)",0.5180710521669027,False,0.0,8.0
77,Auction,V5,"(74, 58)",0.5915691747896972,False,0.0,8.0
77,Auction,V6,"(11, 43)",15.023397417717565,True,7.397542485937368,1.0
77,Auction,V7,"(36, 62)",18.351470729610824,False,0.0,44.0
77,Auction,V8,"(91, 28)",23.543561158532967,True,0.6225085358122584,1.0
77,Auction,V9,"(42, 44)",5.798669986214453,False,0.0,6.0
77,Auction,V10,"(50, 6)",3.4064325053061175,False,0.0,1.0
77,Q-Learning,V1,"(19, 94)",3.077830021912284,False,0.0,10.0
77,Q-Learning,V2,"(1, 38)",6.35428813655377,False,0.0,21.0
77,Q-Learning,V3,"(48, 3)",9.083554321274892,False,0.0,33.0
77,Q-Learning,V4,"(22, 15)",10.318971711815323,False,0.0,19.0
77,Q-Learning,V5,"(87, 89)",0.3424600962660165,False,0.0,8.0
77,Q-Learning,V6,"(42, 44)",19.087885287864907,True,4.5,1.0
77,Q-Learning,V7,"(74, 58)",0.4899238364567502,False,0.0,25.0
77,Q-Learning,V8,"(91, 28)",14.429398793773188,True,8.622508535812258,1.0
77,Q-Learning,V9,"(97, 1)",7.815256272197296,False,0.0,8.0
77,Q-Learning,V10,"(73, 96)",11.039271838146355,False,0.0,9.0
78,Greedy,V1,"(56, 52)",3.618886667510978,False,0.0,11.0
78,Greedy,V2,"(46, 40)",0.6415119725157723,False,0.0,15.0
78,Greedy,V3,"(87, 78)",0.385207232626545,False,0.0,24.0
78,Greedy,V4,"(0, 28)",11.388368309593044,False,0.0,21.0
78,Greedy,V5,"(17, 95)",29.61397676378226,False,0.0,39.0
78,Greedy,V6,"(12, 39)",3.77573314808998,True,18.801726581436387,1.0
78,Greedy,V7,"(30, 32)",3.080597794749462,False,0.0,29.0
78,Greedy,V8,"(94, 55)",2.907892494537357,True,19.868966075756887,1.0
78,Greedy,V9,"(92, 11)",7.929230185724169,False,0.0,9.0
78,Greedy,V10,"(23, 5)",2.2154208196251375,True,0.16666666666666785,1.0
78,Auction,V1,"(19, 94)",8.057616854445165,False,0.0,16.0
78,Auction,V2,"(46, 44)",14.73544639636841,False,0.0,30.0
78,Auction,V3,"(73, 96)",2.6388312797002555,False,0.0,26.0
78,Auction,V4,"(22, 15)",0.5180710521669027,False,0.0,9.0
78,Auction,V5,"(74, 58)",0.5915691747896972,False,0.0,9.0
78,Auction,V6,"(11, 43)",15.023397417717565,True,6.397542485937368,1.0
78,Auction,V7,"(36, 62)",18.351470729610824,False,0.0,45.0
78,Auction,V8,"(97, 1)",8.592327819693157,True,14.95123333883981,1.0
78,Auction,V9,"(42, 44)",5.798669986214453,False,0.0,7.0
78,Auction,V10,"(50, 6)",3.4064325053061175,False,0.0,2.0
78,Q-Learning,V1,"(19, 94)",3.077830021912284,False,0.0,11.0
78,Q-Learning,V2,"(1, 38)",6.35428813655377,False,0.0,22.0
78,Q-Learning,V3,"(48, 3)",9.083554321274892,False,0.0,34.0
78,Q-Learning,V4,"(22, 15)",10.318971711815323,False,0.0,20.0
78,Q-Learning,V5,"(87, 89)",0.3424600962660165,False,0.0,9.0
78,Q-Learning,V6,"(42, 44)",19.087885287864907,True,3.5,1.0
78,Q-Learning,V7,"(74, 58)",0.4899238364567502,False,0.0,26.0
78,Q-Learning,V8,"(91, 28)",14.429398793773188,True,7.622508535812258,1.0
78,Q-Learning,V9,"(97, 1)",7.815256272197296,False,0.0,9.0
78,Q-Learning,V10,"(73, 96)",11.039271838146355,False,0.0,10.0
79,Greedy,V1,"(56, 52)",3.618886667510978,False,0.0,12.0
79,Greedy,V2,"(46, 40)",0.6415119725157723,False,0.0,16.0
79,Greedy,V3,"(87, 78)",0.385207232626545,False,0.0,25.0
79,Greedy,V4,"(0, 28)",11.388368309593044,False,0.0,22.0
79,Greedy,V5,"(17, 95)",29.61397676378226,False,0.0,40.0
79,Greedy,V6,"(12, 39)",3.77573314808998,True,17.801726581436387,1.0
79,Greedy,V7,"(30, 32)",3.080597794749462,False,0.0,30.0
79,Greedy,V8,"(94, 55)",2.907892494537357,True,18.868966075756887,1.0
79,Greedy,V9,"(92, 11)",7.929230185724169,False,0.0,10.0
79,Greedy,V10,"(23, 5)",2.2154208196251375,False,0.0,1.0
79,Auction,V1,"(19, 94)",8.057616854445165,False,0.0,17.0
79,Auction,V2,"(46, 44)",14.73544639636841,False,0.0,31.0
79,Auction,V3,"(73, 96)",2.6388312797002555,False,0.0,27.0
79,Auction,V4,"(22, 15)",0.5180710521669027,False,0.0,10.0
79,Auction,V5,"(74, 58)",0.5915691747896972,False,0.0,10.0
79,Auction,V6,"(11, 43)",15.023397417717565,True,5.397542485937368,1.0
79,Auction,V7,"(36, 62)",18.351470729610824,False,0.0,46.0
79,Auction,V8,"(97, 1)",8.592327819693157,True,13.95123333883981,1.0
79,Auction,V9,"(42, 44)",5.798669986214453,False,0.0,8.0
79,Auction,V10,"(50, 6)",3.4064325053061175,False,0.0,3.0
79,Q-Learning,V1,"(19, 94)",3.077830021912284,False,0.0,12.0
79,Q-Learning,V2,"(1, 38)",6.35428813655377,False,0.0,23.0
79,Q-Learning,V3,"(48, 3)",9.083554321274892,False,0.0,35.0
79,Q-Learning,V4,"(22, 15)",10.318971711815323,False,0.0,21.0
79,Q-Learning,V5,"(87, 89)",0.3424600962660165,False,0.0,10.0
79,Q-Learning,V6,"(42, 44)",19.087885287864907,True,2.5,1.0
79,Q-Learning,V7,"(74, 58)",0.4899238364567502,False,0.0,27.0
79,Q-Learning,V8,"(91, 28)",14.429398793773188,True,6.622508535812258,1.0
79,Q-Learning,V9,"(97, 1)",7.815256272197296,False,0.0,10.0
79,Q-Learning,V10,"(73, 96)",11.039271838146355,False,0.0,11.0
80,Greedy,V1,"(56, 52)",3.618886667510978,False,0.0,13.0
80,Greedy,V2,"(46, 40)",0.6415119725157723,False,0.0,17.0
80,Greedy,V3,"(87, 78)",0.385207232626545,False,0.0,26.0
80,Greedy,V4,"(0, 28)",11.388368309593044,False,0.0,23.0
80,Greedy,V5,"(17, 95)",29.61397676378226,False,0.0,41.0
80,Greedy,V6,"(12, 39)",3.77573314808998,True,16.801726581436387,1.0
80,Greedy,V7,"(30, 32)",3.080597794749462,False,0.0,31.0
80,Greedy,V8,"(94, 55)",2.907892494537357,True,17.868966075756887,1.0
80,Greedy,V9,"(92, 11)",7.929230185724169,False,0.0,11.0
80,Greedy,V10,"(23, 5)",2.2154208196251375,False,0.0,2.0
80,Auction,V1,"(19, 94)",8.057616854445165,False,0.0,18.0
80,Auction,V2,"(46, 44)",14.73544639636841,False,0.0,32.0
80,Auction,V3,"(73, 96)",2.6388312797002555,False,0.0,28.0
80,Auction,V4,"(22, 15)",0.5180710521669027,False,0.0,11.0
80,Auction,V5,"(74, 58)",0.5915691747896972,False,0.0,11.0
80,Auction,V6,"(11, 43)",15.023397417717565,True,4.397542485937368,1.0
80,Auction,V7,"(36, 62)",18.351470729610824,False,0.0,47.0
80,Auction,V8,"(97, 1)",8.592327819693157,True,12.95123333883981,1.0
80,Auction,V9,"(42, 44)",5.798669986214453,False,0.0,9.0
80,Auction,V10,"(50, 6)",3.4064325053061175,False,0.0,4.0
80,Q-Learning,V1,"(19, 94)",3.077830021912284,False,0.0,13.0
80,Q-Learning,V2,"(1, 38)",6.35428813655377,False,0.0,24.0
80,Q-Learning,V3,"(48, 3)",9.083554321274892,False,0.0,36.0
80,Q-Learning,V4,"(22, 15)",10.318971711815323,False,0.0,22.0
80,Q-Learning,V5,"(87, 89)",0.3424600962660165,False,0.0,11.0
80,Q-Learning,V6,"(42, 44)",19.087885287864907,True,1.5,1.0
80,Q-Learning,V7,"(74, 58)",0.4899238364567502,False,0.0,28.0
80,Q-Learning,V8,"(91, 28)",14.429398793773188,True,5.622508535812258,1.0
80,Q-Learning,V9,"(97, 1)",7.815256272197296,False,0.0,11.0
80,Q-Learning,V10,"(73, 96)",11.039271838146355,False,0.0,12.0
81,Greedy,V1,"(56, 52)",3.618886667510978,False,0.0,14.0
81,Greedy,V2,"(46, 40)",0.6415119725157723,False,0.0,18.0
81,Greedy,V3,"(87, 78)",0.385207232626545,False,0.0,27.0
81,Greedy,V4,"(0, 28)",11.388368309593044,False,0.0,24.0
81,Greedy,V5,"(17, 95)",29.61397676378226,False,0.0,42.0
81,Greedy,V6,"(12, 39)",3.77573314808998,True,15.801726581436387,1.0
81,Greedy,V7,"(30, 32)",3.080597794749462,False,0.0,32.0
81,Greedy,V8,"(94, 55)",2.907892494537357,True,16.868966075756887,1.0
81,Greedy,V9,"(92, 11)",7.929230185724169,False,0.0,12.0
81,Greedy,V10,"(23, 5)",2.2154208196251375,False,0.0,3.0
81,Auction,V1,"(19, 94)",8.057616854445165,False,0.0,19.0
81,Auction,V2,"(46, 44)",14.73544639636841,False,0.0,33.0
81,Auction,V3,"(73, 96)",2.6388312797002555,False,0.0,29.0
81,Auction,V4,"(22, 15)",0.5180710521669027,False,0.0,12.0
81,Auction,V5,"(74, 58)",0.5915691747896972,False,0.0,12.0
81,Auction,V6,"(11, 43)",15.023397417717565,True,3.397542485937368,1.0
81,Auction,V7,"(36, 62)",18.351470729610824,False,0.0,48.0
81,Auction,V8,"(97, 1)",8.592327819693157,True,11.95123333883981,1.0
81,Auction,V9,"(42, 44)",5.798669986214453,False,0.0,10.0
81,Auction,V10,"(50, 6)",3.4064325053061175,False,0.0,5.0
81,Q-Learning,V1,"(19, 94)",3.077830021912284,False,0.0,14.0
81,Q-Learning,V2,"(1, 38)",6.35428813655377,False,0.0,25.0
81,Q-Learning,V3,"(48, 3)",9.083554321274892,False,0.0,37.0
81,Q-Learning,V4,"(22, 15)",10.318971711815323,False,0.0,23.0
81,Q-Learning,V5,"(87, 89)",0.3424600962660165,False,0.0,12.0
81,Q-Learning,V6,"(42, 44)",19.087885287864907,True,0.5,1.0
81,Q-Learning,V7,"(74, 58)",0.4899238364567502,False,0.0,29.0
81,Q-Learning,V8,"(91, 28)",14.429398793773188,True,4.622508535812258,1.0
81,Q-Learning,V9,"(97, 1)",7.815256272197296,False,0.0,12.0
81,Q-Learning,V10,"(73, 96)",11.039271838146355,False,0.0,13.0
82,Greedy,V1,"(56, 52)",3.618886667510978,False,0.0,15.0
82,Greedy,V2,"(46, 40)",0.6415119725157723,False,0.0,19.0
82,Greedy,V3,"(87, 78)",0.385207232626545,False,0.0,28.0
82,Greedy,V4,"(0, 28)",11.388368309593044,False,0.0,25.0
82,Greedy,V5,"(17, 95)",29.61397676378226,False,0.0,43.0
82,Greedy,V6,"(12, 39)",3.77573314808998,True,14.801726581436387,1.0
82,Greedy,V7,"(30, 32)",3.080597794749462,False,0.0,33.0
82,Greedy,V8,"(94, 55)",2.907892494537357,True,15.868966075756887,1.0
82,Greedy,V9,"(92, 11)",7.929230185724169,False,0.0,13.0
82,Greedy,V10,"(23, 5)",2.2154208196251375,False,0.0,4.0
82,Auction,V1,"(19, 94)",8.057616854445165,False,0.0,20.0
82,Auction,V2,"(46, 44)",14.73544639636841,False,0.0,34.0
82,Auction,V3,"(73, 96)",2.6388312797002555,False,0.0,30.0
82,Auction,V4,"(22, 15)",0.5180710521669027,False,0.0,13.0
82,Auction,V5,"(74, 58)",0.5915691747896972,False,0.0,13.0
82,Auction,V6,"(11, 43)",15.023397417717565,True,2.397542485937368,1.0
82,Auction,V7,"(36, 62)",18.351470729610824,False,0.0,49.0
82,Auction,V8,"(97, 1)",8.592327819693157,True,10.95123333883981,1.0
82,Auction,V9,"(42, 44)",5.798669986214453,False,0.0,11.0
82,Auction,V10,"(50, 6)",3.4064325053061175,False,0.0,6.0
82,Q-Learning,V1,"(19, 94)",3.077830021912284,False,0.0,15.0
82,Q-Learning,V2,"(1, 38)",6.35428813655377,False,0.0,26.0
82,Q-Learning,V3,"(48, 3)",9.083554321274892,False,0.0,38.0
82,Q-Learning,V4,"(22, 15)",10.318971711815323,False,0.0,24.0
82,Q-Learning,V5,"(87, 89)",0.3424600962660165,False,0.0,13.0
82,Q-Learning,V6,"(84, 81)",0.09123430328664028,True,18.996650984578267,1.0
82,Q-Learning,V7,"(74, 58)",0.4899238364567502,False,0.0,30.0
82,Q-Learning,V8,"(91, 28)",14.429398793773188,True,3.6225085358122584,1.0
82,Q-Learning,V9,"(97, 1)",7.815256272197296,False,0.0,13.0
82,Q-Learning,V10,"(73, 96)",11.039271838146355,False,0.0,14.0
83,Greedy,V1,"(56, 52)",3.618886667510978,False,0.0,16.0
83,Greedy,V2,"(46, 40)",0.6415119725157723,False,0.0,20.0
83,Greedy,V3,"(87, 78)",0.385207232626545,False,0.0,29.0
83,Greedy,V4,"(0, 28)",11.388368309593044,False,0.0,26.0
83,Greedy,V5,"(17, 95)",29.61397676378226,False,0.0,44.0
83,Greedy,V6,"(12, 39)",3.77573314808998,True,13.801726581436387,1.0
83,Greedy,V7,"(30, 32)",3.080597794749462,False,0.0,34.0
83,Greedy,V8,"(94, 55)",2.907892494537357,True,14.868966075756887,1.0
83,Greedy,V9,"(92, 11)",7.929230185724169,False,0.0,14.0
83,Greedy,V10,"(23, 5)",2.2154208196251375,False,0.0,5.0
83,Auction,V1,"(19, 94)",8.057616854445165,False,0.0,21.0
83,Auction,V2,"(46, 44)",14.73544639636841,False,0.0,35.0
83,Auction,V3,"(73, 96)",2.6388312797002555,False,0.0,31.0
83,Auction,V4,"(22, 15)",0.5180710521669027,False,0.0,14.0
83,Auction,V5,"(74, 58)",0.5915691747896972,False,0.0,14.0
83,Auction,V6,"(11, 43)",15.023397417717565,True,1.3975424859373682,1.0
83,Auction,V7,"(36, 62)",18.351470729610824,False,0.0,50.0
83,Auction,V8,"(97, 1)",8.592327819693157,True,9.95123333883981,1.0
83,Auction,V9,"(42, 44)",5.798669986214453,False,0.0,12.0
83,Auction,V10,"(50, 6)",3.4064325053061175,False,0.0,7.0
83,Q-Learning,V1,"(19, 94)",3.077830021912284,False,0.0,16.0
83,Q-Learning,V2,"(1, 38)",6.35428813655377,False,0.0,27.0
83,Q-Learning,V3,"(48, 3)",9.083554321274892,False,0.0,39.0
83,Q-Learning,V4,"(22, 15)",10.318971711815323,False,0.0,25.0
83,Q-Learning,V5,"(87, 89)",0.3424600962660165,False,0.0,14.0
83,Q-Learning,V6,"(84, 81)",0.09123430328664028,True,17.996650984578267,1.0
83,Q-Learning,V7,"(74, 58)",0.4899238364567502,False,0.0,31.0
83,Q-Learning,V8,"(91, 28)",14.429398793773188,True,2.6225085358122584,1.0
83,Q-Learning,V9,"(97, 1)",7.815256272197296,False,0.0,14.0
83,Q-Learning,V10,"(73, 96)",11.039271838146355,False,0.0,15.0
84,Greedy,V1,"(56, 52)",3.618886667510978,False,0.0,17.0
84,Greedy,V2,"(46, 40)",0.6415119725157723,False,0.0,21.0
84,Greedy,V3,"(87, 78)",0.385207232626545,False,0.0,30.0
84,Greedy,V4,"(0, 28)",11.388368309593044,False,0.0,27.0
84,Greedy,V5,"(17, 95)",29.61397676378226,False,0.0,45.0
84,Greedy,V6,"(12, 39)",3.77573314808998,True,12.801726581436387,1.0
84,Greedy,V7,"(30, 32)",3.080597794749462,False,0.0,35.0
84,Greedy,V8,"(94, 55)",2.907892494537357,True,13.868966075756887,1.0
84,Greedy,V9,"(92, 11)",7.929230185724169,False,0.0,15.0
84,Greedy,V10,"(23, 5)",2.2154208196251375,False,0.0,6.0
84,Auction,V1,"(19, 94)",8.057616854445165,False,0.0,22.0
84,Auction,V2,"(46, 44)",14.73544639636841,False,0.0,36.0
84,Auction,V3,"(73, 96)",2.6388312797002555,False,0.0,32.0
84,Auction,V4,"(22, 15)",0.5180710521669027,False,0.0,15.0
84,Auction,V5,"(74, 58)",0.5915691747896972,False,0.0,15.0
84,Auction,V6,"(11, 43)",15.023397417717565,True,0.3975424859373682,1.0
84,Auction,V7,"(36, 62)",18.351470729610824,False,0.0,51.0
84,Auction,V8,"(97, 1)",8.592327819693157,True,8.95123333883981,1.0
84,Auction,V9,"(42, 44)",5.798669986214453,False,0.0,13.0
84,Auction,V10,"(50, 6)",3.4064325053061175,False,0.0,8.0
84,Q-Learning,V1,"(19, 94)",3.077830021912284,False,0.0,17.0
84,Q-Learning,V2,"(1, 38)",6.35428813655377,False,0.0,28.0
84,Q-Learning,V3,"(48, 3)",9.083554321274892,False,0.0,40.0
84,Q-Learning,V4,"(22, 15)",10.318971711815323,False,0.0,26.0
84,Q-Learning,V5,"(87, 89)",0.3424600962660165,False,0.0,15.0
84,Q-Learning,V6,"(84, 81)",0.09123430328664028,True,16.996650984578267,1.0
84,Q-Learning,V7,"(74, 58)",0.4899238364567502,False,0.0,32.0
84,Q-Learning,V8,"(91, 28)",14.429398793773188,True,1.6225085358122584,1.0
84,Q-Learning,V9,"(97, 1)",7.815256272197296,False,0.0,15.0
84,Q-Learning,V10,"(73, 96)",11.039271838146355,False,0.0,16.0
85,Greedy,V1,"(56, 52)",3.618886667510978,False,0.0,18.0
85,Greedy,V2,"(46, 40)",0.6415119725157723,False,0.0,22.0
85,Greedy,V3,"(87, 78)",0.385207232626545,False,0.0,31.0
85,Greedy,V4,"(0, 28)",11.388368309593044,False,0.0,28.0
85,Greedy,V5,"(17, 95)",29.61397676378226,False,0.0,46.0
85,Greedy,V6,"(12, 39)",3.77573314808998,True,11.801726581436387,1.0
85,Greedy,V7,"(30, 32)",3.080597794749462,False,0.0,36.0
85,Greedy,V8,"(94, 55)",2.907892494537357,True,12.868966075756887,1.0
85,Greedy,V9,"(92, 11)",7.929230185724169,False,0.0,16.0
85,Greedy,V10,"(23, 5)",2.2154208196251375,False,0.0,7.0
85,Auction,V1,"(19, 94)",8.057616854445165,False,0.0,23.0
85,Auction,V2,"(46, 44)",14.73544639636841,False,0.0,37.0
85,Auction,V3,"(73, 96)",2.6388312797002555,False,0.0,33.0
85,Auction,V4,"(22, 15)",0.5180710521669027,False,0.0,16.0
85,Auction,V5,"(74, 58)",0.5915691747896972,False,0.0,16.0
85,Auction,V6,"(11, 43)",15.023397417717565,False,0.0,1.0
85,Auction,V7,"(36, 62)",18.351470729610824,False,0.0,52.0
85,Auction,V8,"(97, 1)",8.592327819693157,True,7.95123333883981,1.0
85,Auction,V9,"(42, 44)",5.798669986214453,False,0.0,14.0
85,Auction,V10,"(50, 6)",3.4064325053061175,False,0.0,9.0
85,Q-Learning,V1,"(19, 94)",3.077830021912284,False,0.0,18.0
85,Q-Learning,V2,"(1, 38)",6.35428813655377,False,0.0,29.0
85,Q-Learning,V3,"(48, 3)",9.083554321274892,False,0.0,41.0
85,Q-Learning,V4,"(22, 15)",10.318971711815323,False,0.0,27.0
85,Q-Learning,V5,"(87, 89)",0.3424600962660165,False,0.0,16.0
85,Q-Learning,V6,"(84, 81)",0.09123430328664028,True,15.996650984578267,1.0
85,Q-Learning,V7,"(74, 58)",0.4899238364567502,False,0.0,33.0
85,Q-Learning,V8,"(91, 28)",14.429398793773188,True,0.6225085358122584,1.0
85,Q-Learning,V9,"(97, 1)",7.815256272197296,False,0.0,16.0
85,Q-Learning,V10,"(73, 96)",11.039271838146355,False,0.0,17.0
86,Greedy,V1,"(56, 52)",3.618886667510978,False,0.0,19.0
86,Greedy,V2,"(46, 40)",0.6415119725157723,False,0.0,23.0
86,Greedy,V3,"(87, 78)",0.385207232626545,False,0.0,32.0
86,Greedy,V4,"(0, 28)",11.388368309593044,False,0.0,29.0
86,Greedy,V5,"(17, 95)",29.61397676378226,False,0.0,47.0
86,Greedy,V6,"(12, 39)",3.77573314808998,True,10.801726581436387,1.0
86,Greedy,V7,"(30, 32)",3.080597794749462,False,0.0,37.0
86,Greedy,V8,"(94, 55)",2.907892494537357,True,11.868966075756887,1.0
86,Greedy,V9,"(92, 11)",7.929230185724169,False,0.0,17.0
86,Greedy,V10,"(23, 5)",2.2154208196251375,False,0.0,8.0
86,Auction,V1,"(19, 94)",8.057616854445165,False,0.0,24.0
86,Auction,V2,"(46, 44)",14.73544639636841,False,0.0,38.0
86,Auction,V3,"(73, 96)",2.6388312797002555,False,0.0,34.0
86,Auction,V4,"(22, 15)",0.5180710521669027,False,0.0,17.0
86,Auction,V5,"(74, 58)",0.5915691747896972,False,0.0,17.0
86,Auction,V6,"(11, 43)",15.023397417717565,False,0.0,2.0
86,Auction,V7,"(36, 62)",18.351470729610824,False,0.0,53.0
86,Auction,V8,"(97, 1)",8.592327819693157,True,6.95123333883981,1.0
86,Auction,V9,"(42, 44)",5.798669986214453,False,0.0,15.0
86,Auction,V10,"(50, 6)",3.4064325053061175,False,0.0,10.0
86,Q-Learning,V1,"(19, 94)",3.077830021912284,False,0.0,19.0
86,Q-Learning,V2,"(1, 38)",6.35428813655377,False,0.0,30.0
86,Q-Learning,V3,"(48, 3)",9.083554321274892,False,0.0,42.0
86,Q-Learning,V4,"(22, 15)",10.318971711815323,False,0.0,28.0
86,Q-Learning,V5,"(87, 89)",0.3424600962660165,False,0.0,17.0
86,Q-Learning,V6,"(84, 81)",0.09123430328664028,True,14.996650984578267,1.0
86,Q-Learning,V7,"(74, 58)",0.4899238364567502,False,0.0,34.0
86,Q-Learning,V8,"(91, 28)",14.429398793773188,False,0.0,1.0
86,Q-Learning,V9,"(97, 1)",7.815256272197296,False,0.0,17.0
86,Q-Learning,V10,"(73, 96)",11.039271838146355,False,0.0,18.0
87,Greedy,V1,"(56, 52)",3.618886667510978,False,0.0,20.0
87,Greedy,V2,"(46, 40)",0.6415119725157723,False,0.0,24.0
87,Greedy,V3,"(87, 78)",0.385207232626545,False,0.0,33.0
87,Greedy,V4,"(0, 28)",11.388368309593044,False,0.0,30.0
87,Greedy,V5,"(17, 95)",29.61397676378226,False,0.0,48.0
87,Greedy,V6,"(12, 39)",3.77573314808998,True,9.801726581436387,1.0
87,Greedy,V7,"(30, 32)",3.080597794749462,False,0.0,38.0
87,Greedy,V8,"(94, 55)",2.907892494537357,True,10.868966075756887,1.0
87,Greedy,V9,"(92, 11)",7.929230185724169,False,0.0,18.0
87,Greedy,V10,"(23, 5)",2.2154208196251375,False,0.0,9.0
87,Auction,V1,"(19, 94)",8.057616854445165,False,0.0,25.0
87,Auction,V2,"(46, 44)",14.73544639636841,False,0.0,39.0
87,Auction,V3,"(73, 96)",2.6388312797002555,False,0.0,35.0
87,Auction,V4,"(22, 15)",0.5180710521669027,False,0.0,18.0
87,Auction,V5,"(74, 58)",0.5915691747896972,False,0.0,18.0
87,Auction,V6,"(11, 43)",15.023397417717565,False,0.0,3.0
87,Auction,V7,"(36, 62)",18.351470729610824,False,0.0,54.0
87,Auction,V8,"(97, 1)",8.592327819693157,True,5.95123333883981,1.0
87,Auction,V9,"(42, 44)",5.798669986214453,False,0.0,16.0
87,Auction,V10,"(50, 6)",3.4064325053061175,False,0.0,11.0
87,Q-Learning,V1,"(19, 94)",3.077830021912284,False,0.0,20.0
87,Q-Learning,V2,"(1, 38)",6.35428813655377,False,0.0,31.0
87,Q-Learning,V3,"(48, 3)",9.083554321274892,False,0.0,43.0
87,Q-Learning,V4,"(22, 15)",10.318971711815323,False,0.0,29.0
87,Q-Learning,V5,"(87, 89)",0.3424600962660165,False,0.0,18.0
87,Q-Learning,V6,"(84, 81)",0.09123430328664028,True,13.996650984578267,1.0
87,Q-Learning,V7,"(74, 58)",0.4899238364567502,False,0.0,35.0
87,Q-Learning,V8,"(91, 28)",14.429398793773188,False,0.0,2.0
87,Q-Learning,V9,"(97, 1)",7.815256272197296,False,0.0,18.0
87,Q-Learning,V10,"(73, 96)",11.039271838146355,False,0.0,19.0
88,Greedy,V1,"(56, 52)",3.618886667510978,False,0.0,21.0
88,Greedy,V2,"(46, 40)",0.6415119725157723,False,0.0,25.0
88,Greedy,V3,"(87, 78)",0.385207232626545,False,0.0,34.0
88,Greedy,V4,"(0, 28)",11.388368309593044,False,0.0,31.0
88,Greedy,V5,"(17, 95)",29.61397676378226,False,0.0,49.0
88,Greedy,V6,"(12, 39)",3.77573314808998,True,8.801726581436387,1.0
88,Greedy,V7,"(30, 32)",3.080597794749462,False,0.0,39.0
88,Greedy,V8,"(94, 55)",2.907892494537357,True,9.868966075756887,1.0
88,Greedy,V9,"(92, 11)",7.929230185724169,False,0.0,19.0
88,Greedy,V10,"(23, 5)",2.2154208196251375,False,0.0,10.0
88,Auction,V1,"(19, 94)",8.057616854445165,False,0.0,26.0
88,Auction,V2,"(46, 44)",14.73544639636841,False,0.0,40.0
88,Auction,V3,"(73, 96)",2.6388312797002555,False,0.0,36.0
88,Auction,V4,"(22, 15)",0.5180710521669027,False,0.0,19.0
88,Auction,V5,"(74, 58)",0.5915691747896972,False,0.0,19.0
88,Auction,V6,"(11, 43)",15.023397417717565,False,0.0,4.0
88,Auction,V7,"(36, 62)",18.351470729610824,False,0.0,55.0
88,Auction,V8,"(97, 1)",8.592327819693157,True,4.95123333883981,1.0
88,Auction,V9,"(42, 44)",5.798669986214453,False,0.0,17.0
88,Auction,V10,"(50, 6)",3.4064325053061175,False,0.0,12.0
88,Q-Learning,V1,"(19, 94)",3.077830021912284,False,0.0,21.0
88,Q-Learning,V2,"(1, 38)",6.35428813655377,False,0.0,32.0
88,Q-Learning,V3,"(48, 3)",9.083554321274892,False,0.0,44.0
88,Q-Learning,V4,"(22, 15)",10.318971711815323,False,0.0,30.0
88,Q-Learning,V5,"(87, 89)",0.3424600962660165,False,0.0,19.0
88,Q-Learning,V6,"(84, 81)",0.09123430328664028,True,12.996650984578267,1.0
88,Q-Learning,V7,"(74, 58)",0.4899238364567502,False,0.0,36.0
88,Q-Learning,V8,"(91, 28)",14.429398793773188,False,0.0,3.0
88,Q-Learning,V9,"(97, 1)",7.815256272197296,False,0.0,19.0
88,Q-Learning,V10,"(73, 96)",11.039271838146355,False,0.0,20.0
89,Greedy,V1,"(56, 52)",3.618886667510978,False,0.0,22.0
89,Greedy,V2,"(46, 40)",0.6415119725157723,False,0.0,26.0
89,Greedy,V3,"(87, 78)",0.385207232626545,False,0.0,35.0
89,Greedy,V4,"(0, 28)",11.388368309593044,False,0.0,32.0
89,Greedy,V5,"(17, 95)",4.658620514676095,True,24.955356249106167,50.0
89,Greedy,V6,"(12, 39)",3.77573314808998,True,7.801726581436387,1.0
89,Greedy,V7,"(30, 32)",3.080597794749462,False,0.0,40.0
89,Greedy,V8,"(94, 55)",2.907892494537357,True,8.868966075756887,1.0
89,Greedy,V9,"(92, 11)",7.929230185724169,False,0.0,20.0
89,Greedy,V10,"(23, 5)",2.2154208196251375,False,0.0,11.0
89,Auction,V1,"(19, 94)",8.057616854445165,False,0.0,27.0
89,Auction,V2,"(46, 44)",14.73544639636841,False,0.0,41.0
89,Auction,V3,"(73, 96)",2.6388312797002555,False,0.0,37.0
89,Auction,V4,"(22, 15)",0.5180710521669027,False,0.0,20.0
89,Auction,V5,"(74, 58)",0.5915691747896972,False,0.0,20.0
89,Auction,V6,"(11, 43)",15.023397417717565,False,0.0,5.0
89,Auction,V7,"(36, 62)",18.351470729610824,False,0.0,56.0
89,Auction,V8,"(97, 1)",8.592327819693157,True,3.9512333388398098,1.0
89,Auction,V9,"(42, 44)",5.798669986214453,False,0.0,18.0
89,Auction,V10,"(50, 6)",3.4064325053061175,False,0.0,13.0
89,Q-Learning,V1,"(19, 94)",3.077830021912284,False,0.0,22.0
89,Q-Learning,V2,"(1, 38)",6.35428813655377,False,0.0,33.0
89,Q-Learning,V3,"(48, 3)",9.083554321274892,False,0.0,45.0
89,Q-Learning,V4,"(22, 15)",10.318971711815323,False,0.0,31.0
89,Q-Learning,V5,"(87, 89)",0.3424600962660165,False,0.0,20.0
89,Q-Learning,V6,"(84, 81)",0.09123430328664028,True,11.996650984578267,1.0
89,Q-Learning,V7,"(74, 58)",0.4899238364567502,False,0.0,37.0
89,Q-Learning,V8,"(91, 28)",14.429398793773188,False,0.0,4.0
89,Q-Learning,V9,"(97, 1)",7.815256272197296,False,0.0,20.0
89,Q-Learning,V10,"(73, 96)",11.039271838146355,False,0.0,21.0
90,Greedy,V1,"(56, 52)",3.618886667510978,False,0.0,23.0
90,Greedy,V2,"(46, 40)",0.6415119725157723,False,0.0,27.0
90,Greedy,V3,"(87, 78)",0.385207232626545,False,0.0,36.0
90,Greedy,V4,"(0, 28)",11.388368309593044,False,0.0,33.0
90,Greedy,V5,"(17, 95)",4.658620514676095,True,23.955356249106167,50.0
90,Greedy,V6,"(12, 39)",3.77573314808998,True,6.801726581436387,1.0
90,Greedy,V7,"(30, 32)",3.080597794749462,False,0.0,41.0
90,Greedy,V8,"(94, 55)",2.907892494537357,True,7.868966075756887,1.0
90,Greedy,V9,"(92, 11)",7.929230185724169,False,0.0,21.0
90,Greedy,V10,"(23, 5)",2.2154208196251375,False,0.0,12.0
90,Auction,V1,"(19, 94)",8.057616854445165,False,0.0,28.0
90,Auction,V2,"(46, 44)",14.73544639636841,False,0.0,42.0
90,Auction,V3,"(73, 96)",2.6388312797002555,False,0.0,38.0
90,Auction,V4,"(22, 15)",0.5180710521669027,False,0.0,21.0
90,Auction,V5,"(74, 58)",0.5915691747896972,False,0.0,21.0
90,Auction,V6,"(11, 43)",15.023397417717565,False,0.0,6.0
90,Auction,V7,"(36, 62)",18.351470729610824,False,0.0,57.0
90,Auction,V8,"(97, 1)",8.592327819693157,True,2.9512333388398098,1.0
90,Auction,V9,"(42, 44)",5.798669986214453,False,0.0,19.0
90,Auction,V10,"(50, 6)",3.4064325053061175,False,0.0,14.0
90,Q-Learning,V1,"(19, 94)",3.077830021912284,False,0.0,23.0
90,Q-Learning,V2,"(1, 38)",6.35428813655377,False,0.0,34.0
90,Q-Learning,V3,"(48, 3)",9.083554321274892,False,0.0,46.0
90,Q-Learning,V4,"(22, 15)",10.318971711815323,False,0.0,32.0
90,Q-Learning,V5,"(87, 89)",0.3424600962660165,False,0.0,21.0
90,Q-Learning,V6,"(84, 81)",0.09123430328664028,True,10.996650984578267,1.0
90,Q-Learning,V7,"(74, 58)",0.4899238364567502,False,0.0,38.0
90,Q-Learning,V8,"(91, 28)",14.429398793773188,False,0.0,5.0
90,Q-Learning,V9,"(97, 1)",7.815256272197296,False,0.0,21.0
90,Q-Learning,V10,"(73, 96)",11.039271838146355,False,0.0,22.0
91,Greedy,V1,"(56, 52)",3.618886667510978,False,0.0,24.0
91,Greedy,V2,"(46, 40)",0.6415119725157723,False,0.0,28.0
91,Greedy,V3,"(87, 78)",0.385207232626545,False,0.0,37.0
91,Greedy,V4,"(0, 28)",11.388368309593044,False,0.0,34.0
91,Greedy,V5,"(17, 95)",4.658620514676095,True,22.955356249106167,50.0
91,Greedy,V6,"(12, 39)",3.77573314808998,True,5.801726581436387,1.0
91,Greedy,V7,"(30, 32)",3.080597794749462,False,0.0,42.0
91,Greedy,V8,"(94, 55)",2.907892494537357,True,6.868966075756887,1.0
91,Greedy,V9,"(92, 11)",7.929230185724169,False,0.0,22.0
91,Greedy,V10,"(23, 5)",2.2154208196251375,False,0.0,13.0
91,Auction,V1,"(19, 94)",8.057616854445165,False,0.0,29.0
91,Auction,V2,"(46, 44)",14.73544639636841,False,0.0,43.0
91,Auction,V3,"(73, 96)",2.6388312797002555,False,0.0,39.0
91,Auction,V4,"(22, 15)",0.5180710521669027,False,0.0,22.0
91,Auction,V5,"(74, 58)",0.5915691747896972,False,0.0,22.0
91,Auction,V6,"(11, 43)",15.023397417717565,False,0.0,7.0
91,Auction,V7,"(61, 71)",0.7088056018176125,True,17.64266512779321,58.0
91,Auction,V8,"(97, 1)",8.592327819693157,True,1.9512333388398098,1.0
91,Auction,V9,"(42, 44)",5.798669986214453,False,0.0,20.0
91,Auction,V10,"(50, 6)",3.4064325053061175,False,0.0,15.0
91,Q-Learning,V1,"(19, 94)",3.077830021912284,False,0.0,24.0
91,Q-Learning,V2,"(1, 38)",6.35428813655377,False,0.0,35.0
91,Q-Learning,V3,"(48, 3)",9.083554321274892,False,0.0,47.0
91,Q-Learning,V4,"(22, 15)",10.318971711815323,False,0.0,33.0
91,Q-Learning,V5,"(87, 89)",0.3424600962660165,False,0.0,22.0
91,Q-Learning,V6,"(84, 81)",0.09123430328664028,True,9.996650984578267,1.0
91,Q-Learning,V7,"(74, 58)",0.4899238364567502,False,0.0,39.0
91,Q-Learning,V8,"(91, 28)",14.429398793773188,False,0.0,6.0
91,Q-Learning,V9,"(97, 1)",7.815256272197296,False,0.0,22.0
91,Q-Learning,V10,"(73, 96)",11.039271838146355,False,0.0,23.0
92,Greedy,V1,"(56, 52)",3.618886667510978,False,0.0,25.0
92,Greedy,V2,"(46, 40)",0.6415119725157723,False,0.0,29.0
92,Greedy,V3,"(87, 78)",0.385207232626545,False,0.0,38.0
92,Greedy,V4,"(0, 28)",11.388368309593044,False,0.0,35.0
92,Greedy,V5,"(17, 95)",4.658620514676095,True,21.955356249106167,50.0
92,Greedy,V6,"(12, 39)",3.77573314808998,True,4.801726581436387,1.0
92,Greedy,V7,"(30, 32)",3.080597794749462,False,0.0,43.0
92,Greedy,V8,"(94, 55)",2.907892494537357,True,5.868966075756887,1.0
92,Greedy,V9,"(92, 11)",7.929230185724169,False,0.0,23.0
92,Greedy,V10,"(23, 5)",2.2154208196251375,False,0.0,14.0
92,Auction,V1,"(19, 94)",8.057616854445165,False,0.0,30.0
92,Auction,V2,"(46, 44)",14.73544639636841,False,0.0,44.0
92,Auction,V3,"(73, 96)",2.6388312797002555,False,0.0,40.0
92,Auction,V4,"(22, 15)",0.5180710521669027,False,0.0,23.0
92,Auction,V5,"(74, 58)",0.5915691747896972,False,0.0,23.0
92,Auction,V6,"(11, 43)",15.023397417717565,False,0.0,8.0
92,Auction,V7,"(61, 71)",0.7088056018176125,True,16.64266512779321,58.0
92,Auction,V8,"(97, 1)",8.592327819693157,True,0.9512333388398098,1.0
92,Auction,V9,"(42, 44)",5.798669986214453,False,0.0,21.0
92,Auction,V10,"(50, 6)",3.4064325053061175,False,0.0,16.0
92,Q-Learning,V1,"(19, 94)",3.077830021912284,False,0.0,25.0
92,Q-Learning,V2,"(1, 38)",6.35428813655377,False,0.0,36.0
92,Q-Learning,V3,"(48, 3)",9.083554321274892,False,0.0,48.0
92,Q-Learning,V4,"(22, 15)",10.318971711815323,False,0.0,34.0
92,Q-Learning,V5,"(87, 89)",0.3424600962660165,False,0.0,23.0
92,Q-Learning,V6,"(84, 81)",0.09123430328664028,True,8.996650984578267,1.0
92,Q-Learning,V7,"(74, 58)",0.4899238364567502,False,0.0,40.0
92,Q-Learning,V8,"(91, 28)",14.429398793773188,False,0.0,7.0
92,Q-Learning,V9,"(97, 1)",7.815256272197296,False,0.0,23.0
92,Q-Learning,V10,"(73, 96)",11.039271838146355,False,0.0,24.0
93,Greedy,V1,"(56, 52)",3.618886667510978,False,0.0,26.0
93,Greedy,V2,"(46, 40)",0.6415119725157723,False,0.0,30.0
93,Greedy,V3,"(87, 78)",0.385207232626545,False,0.0,39.0
93,Greedy,V4,"(0, 28)",11.388368309593044,False,0.0,36.0
93,Greedy,V5,"(17, 95)",4.658620514676095,True,20.955356249106167,50.0
93,Greedy,V6,"(12, 39)",3.77573314808998,True,3.8017265814363874,1.0
93,Greedy,V7,"(30, 32)",3.080597794749462,False,0.0,44.0
93,Greedy,V8,"(94, 55)",2.907892494537357,True,4.868966075756887,1.0
93,Greedy,V9,"(92, 11)",7.929230185724169,False,0.0,24.0
93,Greedy,V10,"(23, 5)",2.2154208196251375,False,0.0,15.0
93,Auction,V1,"(19, 94)",8.057616854445165,False,0.0,31.0
93,Auction,V2,"(46, 44)",14.73544639636841,False,0.0,45.0
93,Auction,V3,"(73, 96)",2.6388312797002555,False,0.0,41.0
93,Auction,V4,"(22, 15)",0.5180710521669027,False,0.0,24.0
93,Auction,V5,"(74, 58)",0.5915691747896972,False,0.0,24.0
93,Auction,V6,"(11, 43)",15.023397417717565,False,0.0,9.0
93,Auction,V7,"(61, 71)",0.7088056018176125,True,15.642665127793212,58.0
93,Auction,V8,"(97, 1)",8.592327819693157,False,0.0,1.0
93,Auction,V9,"(42, 44)",5.798669986214453,False,0.0,22.0
93,Auction,V10,"(50, 6)",3.4064325053061175,False,0.0,17.0
93,Q-Learning,V1,"(19, 94)",3.077830021912284,False,0.0,26.0
93,Q-Learning,V2,"(1, 38)",6.35428813655377,False,0.0,37.0
93,Q-Learning,V3,"(48, 3)",9.083554321274892,False,0.0,49.0
93,Q-Learning,V4,"(22, 15)",10.318971711815323,False,0.0,35.0
93,Q-Learning,V5,"(87, 89)",0.3424600962660165,False,0.0,24.0
93,Q-Learning,V6,"(84, 81)",0.09123430328664028,True,7.996650984578267,1.0
93,Q-Learning,V7,"(74, 58)",0.4899238364567502,False,0.0,41.0
93,Q-Learning,V8,"(91, 28)",14.429398793773188,False,0.0,8.0
93,Q-Learning,V9,"(97, 1)",7.815256272197296,False,0.0,24.0
93,Q-Learning,V10,"(73, 96)",11.039271838146355,False,0.0,25.0
94,Greedy,V1,"(56, 52)",3.618886667510978,False,0.0,27.0
94,Greedy,V2,"(46, 40)",0.6415119725157723,False,0.0,31.0
94,Greedy,V3,"(87, 78)",0.385207232626545,False,0.0,40.0
94,Greedy,V4,"(0, 28)",11.388368309593044,False,0.0,37.0
94,Greedy,V5,"(17, 95)",4.658620514676095,True,19.955356249106167,50.0
94,Greedy,V6,"(12, 39)",3.77573314808998,True,2.8017265814363874,1.0
94,Greedy,V7,"(30, 32)",3.080597794749462,False,0.0,45.0
94,Greedy,V8,"(94, 55)",2.907892494537357,True,3.8689660757568873,1.0
94,Greedy,V9,"(92, 11)",7.929230185724169,False,0.0,25.0
94,Greedy,V10,"(23, 5)",2.2154208196251375,False,0.0,16.0
94,Auction,V1,"(19, 94)",8.057616854445165,False,0.0,32.0
94,Auction,V2,"(46, 44)",14.73544639636841,False,0.0,46.0
94,Auction,V3,"(73, 96)",2.6388312797002555,False,0.0,42.0
94,Auction,V4,"(22, 15)",0.5180710521669027,False,0.0,25.0
94,Auction,V5,"(74, 58)",0.5915691747896972,False,0.0,25.0
94,Auction,V6,"(11, 43)",15.023397417717565,False,0.0,10.0
94,Auction,V7,"(61, 71)",0.7088056018176125,True,14.642665127793212,58.0
94,Auction,V8,"(97, 1)",8.592327819693157,False,0.0,2.0
94,Auction,V9,"(42, 44)",5.798669986214453,False,0.0,23.0
94,Auction,V10,"(50, 6)",3.4064325053061175,False,0.0,18.0
94,Q-Learning,V1,"(19, 94)",3.077830021912284,False,0.0,27.0
94,Q-Learning,V2,"(1, 38)",6.35428813655377,False,0.0,38.0
94,Q-Learning,V3,"(48, 3)",9.083554321274892,False,0.0,50.0
94,Q-Learning,V4,"(22, 15)",10.318971711815323,False,0.0,36.0
94,Q-Learning,V5,"(87, 89)",0.3424600962660165,False,0.0,25.0
94,Q-Learning,V6,"(84, 81)",0.09123430328664028,True,6.996650984578267,1.0
94,Q-Learning,V7,"(74, 58)",0.4899238364567502,False,0.0,42.0
94,Q-Learning,V8,"(91, 28)",14.429398793773188,False,0.0,9.0
94,Q-Learning,V9,"(97, 1)",7.815256272197296,False,0.0,25.0
94,Q-Learning,V10,"(73, 96)",11.039271838146355,False,0.0,26.0
95,Greedy,V1,"(56, 52)",3.618886667510978,False,0.0,28.0
95,Greedy,V2,"(46, 40)",0.6415119725157723,False,0.0,32.0
95,Greedy,V3,"(87, 78)",0.385207232626545,False,0.0,41.0
95,Greedy,V4,"(0, 28)",11.388368309593044,False,0.0,38.0
95,Greedy,V5,"(17, 95)",4.658620514676095,True,18.955356249106167,50.0
95,Greedy,V6,"(12, 39)",3.77573314808998,True,1.8017265814363874,1.0
95,Greedy,V7,"(30, 32)",3.080597794749462,False,0.0,46.0
95,Greedy,V8,"(94, 55)",2.907892494537357,True,2.8689660757568873,1.0
95,Greedy,V9,"(92, 11)",7.929230185724169,False,0.0,26.0
95,Greedy,V10,"(23, 5)",2.2154208196251375,False,0.0,17.0
95,Auction,V1,"(19, 94)",8.057616854445165,False,0.0,33.0
95,Auction,V2,"(46, 44)",14.73544639636841,False,0.0,47.0
95,Auction,V3,"(73, 96)",2.6388312797002555,False,0.0,43.0
95,Auction,V4,"(22, 15)",0.5180710521669027,False,0.0,26.0
95,Auction,V5,"(74, 58)",0.5915691747896972,False,0.0,26.0
95,Auction,V6,"(11, 43)",15.023397417717565,False,0.0,11.0
95,Auction,V7,"(61, 71)",0.7088056018176125,True,13.642665127793212,58.0
95,Auction,V8,"(97, 1)",8.592327819693157,False,0.0,3.0
95,Auction,V9,"(42, 44)",5.798669986214453,False,0.0,24.0
95,Auction,V10,"(50, 6)",3.4064325053061175,False,0.0,19.0
95,Q-Learning,V1,"(19, 94)",3.077830021912284,False,0.0,28.0
95,Q-Learning,V2,"(1, 38)",6.35428813655377,False,0.0,39.0
95,Q-Learning,V3,"(48, 3)",9.083554321274892,False,0.0,51.0
95,Q-Learning,V4,"(22, 15)",10.318971711815323,False,0.0,37.0
95,Q-Learning,V5,"(87, 89)",0.3424600962660165,False,0.0,26.0
95,Q-Learning,V6,"(84, 81)",0.09123430328664028,True,5.996650984578267,1.0
95,Q-Learning,V7,"(74, 58)",0.4899238364567502,False,0.0,43.0
95,Q-Learning,V8,"(91, 28)",14.429398793773188,False,0.0,10.0
95,Q-Learning,V9,"(97, 1)",7.815256272197296,False,0.0,26.0
95,Q-Learning,V10,"(73, 96)",11.039271838146355,False,0.0,27.0
96,Greedy,V1,"(56, 52)",3.618886667510978,False,0.0,29.0
96,Greedy,V2,"(46, 40)",0.6415119725157723,False,0.0,33.0
96,Greedy,V3,"(87, 78)",0.385207232626545,False,0.0,42.0
96,Greedy,V4,"(0, 28)",11.388368309593044,False,0.0,39.0
96,Greedy,V5,"(17, 95)",4.658620514676095,True,17.955356249106167,50.0
96,Greedy,V6,"(12, 39)",3.77573314808998,True,0.8017265814363874,1.0
96,Greedy,V7,"(30, 32)",3.080597794749462,False,0.0,47.0
96,Greedy,V8,"(94, 55)",2.907892494537357,True,1.8689660757568873,1.0
96,Greedy,V9,"(92, 11)",7.929230185724169,False,0.0,27.0
96,Greedy,V10,"(23, 5)",2.2154208196251375,False,0.0,18.0
96,Auction,V1,"(19, 94)",8.057616854445165,False,0.0,34.0
96,Auction,V2,"(46, 44)",14.73544639636841,False,0.0,48.0
96,Auction,V3,"(73, 96)",2.6388312797002555,False,0.0,44.0
96,Auction,V4,"(22, 15)",0.5180710521669027,False,0.0,27.0
96,Auction,V5,"(74, 58)",0.5915691747896972,False,0.0,27.0
96,Auction,V6,"(11, 43)",15.023397417717565,False,0.0,12.0
96,Auction,V7,"(61, 71)",0.7088056018176125,True,12.642665127793212,58.0
96,Auction,V8,"(97, 1)",8.592327819693157,False,0.0,4.0
96,Auction,V9,"(42, 44)",5.798669986214453,False,0.0,25.0
96,Auction,V10,"(50, 6)",3.4064325053061175,False,0.0,20.0
96,Q-Learning,V1,"(19, 94)",3.077830021912284,False,0.0,29.0
96,Q-Learning,V2,"(1, 38)",6.35428813655377,False,0.0,40.0
96,Q-Learning,V3,"(48, 3)",9.083554321274892,False,0.0,52.0
96,Q-Learning,V4,"(22, 15)",10.318971711815323,False,0.0,38.0
96,Q-Learning,V5,"(87, 89)",0.3424600962660165,False,0.0,27.0
96,Q-Learning,V6,"(84, 81)",0.09123430328664028,True,4.996650984578267,1.0
96,Q-Learning,V7,"(74, 58)",0.4899238364567502,False,0.0,44.0
96,Q-Learning,V8,"(91, 28)",14.429398793773188,False,0.0,11.0
96,Q-Learning,V9,"(97, 1)",7.815256272197296,False,0.0,27.0
96,Q-Learning,V10,"(73, 96)",11.039271838146355,False,0.0,28.0
97,Greedy,V1,"(56, 52)",3.618886667510978,False,0.0,30.0
97,Greedy,V2,"(46, 40)",0.6415119725157723,False,0.0,34.0
97,Greedy,V3,"(87, 78)",0.385207232626545,False,0.0,43.0
97,Greedy,V4,"(0, 28)",11.388368309593044,False,0.0,40.0
97,Greedy,V5,"(17, 95)",4.658620514676095,True,16.955356249106167,50.0
97,Greedy,V6,"(12, 39)",3.77573314808998,False,0.0,1.0
97,Greedy,V7,"(30, 32)",3.080597794749462,False,0.0,48.0
97,Greedy,V8,"(94, 55)",2.907892494537357,True,0.8689660757568873,1.0
97,Greedy,V9,"(92, 11)",7.929230185724169,False,0.0,28.0
97,Greedy,V10,"(23, 5)",2.2154208196251375,False,0.0,19.0
97,Auction,V1,"(19, 94)",8.057616854445165,False,0.0,35.0
97,Auction,V2,"(46, 44)",14.73544639636841,False,0.0,49.0
97,Auction,V3,"(73, 96)",2.6388312797002555,False,0.0,45.0
97,Auction,V4,"(22, 15)",0.5180710521669027,False,0.0,28.0
97,Auction,V5,"(74, 58)",0.5915691747896972,False,0.0,28.0
97,Auction,V6,"(11, 43)",15.023397417717565,False,0.0,13.0
97,Auction,V7,"(61, 71)",0.7088056018176125,True,11.642665127793212,58.0
97,Auction,V8,"(97, 1)",8.592327819693157,False,0.0,5.0
97,Auction,V9,"(42, 44)",5.798669986214453,False,0.0,26.0
97,Auction,V10,"(50, 6)",3.4064325053061175,False,0.0,21.0
97,Q-Learning,V1,"(19, 94)",3.077830021912284,False,0.0,30.0
97,Q-Learning,V2,"(1, 38)",6.35428813655377,False,0.0,41.0
97,Q-Learning,V3,"(48, 3)",9.083554321274892,False,0.0,53.0
97,Q-Learning,V4,"(22, 15)",10.318971711815323,False,0.0,39.0
97,Q-Learning,V5,"(87, 89)",0.3424600962660165,False,0.0,28.0
97,Q-Learning,V6,"(84, 81)",0.09123430328664028,True,3.9966509845782667,1.0
97,Q-Learning,V7,"(74, 58)",0.4899238364567502,False,0.0,45.0
97,Q-Learning,V8,"(91, 28)",14.429398793773188,False,0.0,12.0
97,Q-Learning,V9,"(97, 1)",7.815256272197296,False,0.0,28.0
97,Q-Learning,V10,"(73, 96)",11.039271838146355,False,0.0,29.0
98,Greedy,V1,"(56, 52)",3.618886667510978,False,0.0,31.0
98,Greedy,V2,"(46, 40)",0.6415119725157723,False,0.0,35.0
98,Greedy,V3,"(87, 78)",0.385207232626545,False,0.0,44.0
98,Greedy,V4,"(0, 28)",11.388368309593044,False,0.0,41.0
98,Greedy,V5,"(17, 95)",4.658620514676095,True,15.955356249106167,50.0
98,Greedy,V6,"(12, 39)",3.77573314808998,False,0.0,2.0
98,Greedy,V7,"(30, 32)",3.080597794749462,False,0.0,49.0
98,Greedy,V8,"(94, 55)",2.907892494537357,False,0.0,1.0
98,Greedy,V9,"(92, 11)",7.929230185724169,False,0.0,29.0
98,Greedy,V10,"(23, 5)",2.2154208196251375,False,0.0,20.0
98,Auction,V1,"(19, 94)",8.057616854445165,False,0.0,36.0
98,Auction,V2,"(46, 44)",14.73544639636841,False,0.0,50.0
98,Auction,V3,"(73, 96)",2.6388312797002555,False,0.0,46.0
98,Auction,V4,"(22, 15)",0.5180710521669027,False,0.0,29.0
98,Auction,V5,"(74, 58)",0.5915691747896972,False,0.0,29.0
98,Auction,V6,"(11, 43)",15.023397417717565,False,0.0,14.0
98,Auction,V7,"(61, 71)",0.7088056018176125,True,10.642665127793212,58.0
98,Auction,V8,"(97, 1)",8.592327819693157,False,0.0,6.0
98,Auction,V9,"(42, 44)",5.798669986214453,False,0.0,27.0
98,Auction,V10,"(50, 6)",3.4064325053061175,False,0.0,22.0
98,Q-Learning,V1,"(19, 94)",3.077830021912284,False,0.0,31.0
98,Q-Learning,V2,"(1, 38)",6.35428813655377,False,0.0,42.0
98,Q-Learning,V3,"(48, 3)",9.083554321274892,False,0.0,54.0
98,Q-Learning,V4,"(22, 15)",10.318971711815323,False,0.0,40.0
98,Q-Learning,V5,"(87, 89)",0.3424600962660165,False,0.0,29.0
98,Q-Learning,V6,"(84, 81)",0.09123430328664028,True,2.9966509845782667,1.0
98,Q-Learning,V7,"(74, 58)",0.4899238364567502,False,0.0,46.0
98,Q-Learning,V8,"(91, 28)",14.429398793773188,False,0.0,13.0
98,Q-Learning,V9,"(97, 1)",7.815256272197296,False,0.0,29.0
98,Q-Learning,V10,"(73, 96)",11.039271838146355,False,0.0,30.0
99,Greedy,V1,"(56, 52)",3.618886667510978,False,0.0,32.0
99,Greedy,V2,"(46, 40)",0.6415119725157723,False,0.0,36.0
99,Greedy,V3,"(87, 78)",0.385207232626545,False,0.0,45.0
99,Greedy,V4,"(0, 28)",11.388368309593044,False,0.0,42.0
99,Greedy,V5,"(17, 95)",4.658620514676095,True,14.955356249106167,50.0
99,Greedy,V6,"(12, 39)",3.77573314808998,False,0.0,3.0
99,Greedy,V7,"(30, 32)",3.080597794749462,False,0.0,50.0
99,Greedy,V8,"(94, 55)",2.907892494537357,False,0.0,2.0
99,Greedy,V9,"(92, 11)",7.929230185724169,False,0.0,30.0
99,Greedy,V10,"(23, 5)",2.2154208196251375,False,0.0,21.0
99,Auction,V1,"(19, 94)",8.057616854445165,False,0.0,37.0
99,Auction,V2,"(46, 44)",14.73544639636841,False,0.0,51.0
99,Auction,V3,"(73, 96)",2.6388312797002555,False,0.0,47.0
99,Auction,V4,"(22, 15)",0.5180710521669027,False,0.0,30.0
99,Auction,V5,"(74, 58)",0.5915691747896972,False,0.0,30.0
99,Auction,V6,"(11, 43)",15.023397417717565,False,0.0,15.0
99,Auction,V7,"(61, 71)",0.7088056018176125,True,9.642665127793212,58.0
99,Auction,V8,"(97, 1)",8.592327819693157,False,0.0,7.0
99,Auction,V9,"(42, 44)",5.798669986214453,False,0.0,28.0
99,Auction,V10,"(50, 6)",3.4064325053061175,False,0.0,23.0
99,Q-Learning,V1,"(19, 94)",3.077830021912284,False,0.0,32.0
99,Q-Learning,V2,"(1, 38)",6.35428813655377,False,0.0,43.0
99,Q-Learning,V3,"(48, 3)",9.083554321274892,False,0.0,55.0
99,Q-Learning,V4,"(22, 15)",10.318971711815323,False,0.0,41.0
99,Q-Learning,V5,"(87, 89)",0.3424600962660165,False,0.0,30.0
99,Q-Learning,V6,"(84, 81)",0.09123430328664028,True,1.9966509845782667,1.0
99,Q-Learning,V7,"(74, 58)",0.4899238364567502,False,0.0,47.0
99,Q-Learning,V8,"(91, 28)",14.429398793773188,False,0.0,14.0
99,Q-Learning,V9,"(97, 1)",7.815256272197296,False,0.0,30.0
99,Q-Learning,V10,"(73, 96)",11.039271838146355,False,0.0,31.0
