time_step,method,task_id,position,urgency,duration
0,Greedy,T1,"(97, 95)",10,13.0
0,Greedy,T2,"(11, 19)",10,18.0
0,Greedy,T3,"(82, 53)",8,25.0
0,Greedy,T4,"(69, 37)",1,18.0
0,Greedy,T5,"(21, 7)",5,12.0
0,Greedy,T6,"(74, 98)",4,26.0
0,Greedy,T7,"(62, 6)",1,10.0
0,Greedy,T8,"(88, 8)",5,21.0
0,Greedy,T9,"(87, 58)",6,18.0
0,Greedy,T10,"(37, 49)",6,21.0
0,Auction,T1,"(97, 95)",10,13.0
0,Auction,T2,"(11, 19)",10,18.0
0,Auction,T3,"(82, 53)",8,25.0
0,Auction,T4,"(69, 37)",1,18.0
0,Auction,T5,"(21, 7)",5,12.0
0,Auction,T6,"(74, 98)",4,26.0
0,Auction,T7,"(62, 6)",1,10.0
0,Auction,T8,"(88, 8)",5,21.0
0,Auction,T9,"(87, 58)",6,18.0
0,Auction,T10,"(37, 49)",6,21.0
0,Q-Learning,T1,"(97, 95)",10,13.0
0,Q-Learning,T2,"(11, 19)",10,18.0
0,Q-Learning,T3,"(82, 53)",8,25.0
0,Q-Learning,T4,"(69, 37)",1,18.0
0,Q-Learning,T5,"(21, 7)",5,12.0
0,Q-Learning,T6,"(74, 98)",4,26.0
0,Q-Learning,T7,"(62, 6)",1,10.0
0,Q-Learning,T8,"(88, 8)",5,21.0
0,Q-Learning,T9,"(87, 58)",6,18.0
0,Q-Learning,T10,"(37, 49)",6,21.0
2,Greedy,D1,"(5, 98)",8,22.0
2,Auction,D1,"(5, 98)",8,22.0
2,Q-Learning,D1,"(5, 98)",8,22.0
3,Greedy,D1,"(5, 98)",9,22.0
3,Greedy,D2,"(35, 96)",7,10.0
3,Auction,D1,"(5, 98)",9,22.0
3,Auction,D2,"(35, 96)",7,10.0
3,Q-Learning,D1,"(5, 98)",9,22.0
3,Q-Learning,D2,"(35, 96)",7,10.0
4,Greedy,D1,"(5, 98)",10,22.0
4,Greedy,D2,"(35, 96)",8,10.0
4,Greedy,D3,"(41, 42)",7,24.0
4,Auction,D1,"(5, 98)",10,22.0
4,Auction,D2,"(35, 96)",8,10.0
4,Auction,D3,"(41, 42)",7,24.0
4,Q-Learning,D1,"(5, 98)",10,22.0
4,Q-Learning,D2,"(35, 96)",8,10.0
4,Q-Learning,D3,"(41, 42)",7,24.0
5,Greedy,D1,"(5, 98)",11,22.0
5,Greedy,D2,"(35, 96)",9,10.0
5,Greedy,D3,"(41, 42)",8,24.0
5,Auction,D1,"(5, 98)",11,22.0
5,Auction,D2,"(35, 96)",9,10.0
5,Auction,D3,"(41, 42)",8,24.0
5,Q-Learning,D1,"(5, 98)",11,22.0
5,Q-Learning,D2,"(35, 96)",9,10.0
5,Q-Learning,D3,"(41, 42)",8,24.0
6,Greedy,D1,"(5, 98)",12,22.0
6,Greedy,D2,"(35, 96)",10,10.0
6,Greedy,D3,"(41, 42)",9,24.0
6,Auction,D1,"(5, 98)",12,22.0
6,Auction,D2,"(35, 96)",10,10.0
6,Auction,D3,"(41, 42)",9,24.0
6,Q-Learning,D1,"(5, 98)",12,22.0
6,Q-Learning,D2,"(35, 96)",10,10.0
6,Q-Learning,D3,"(41, 42)",9,24.0
7,Greedy,D1,"(5, 98)",13,22.0
7,Greedy,D2,"(35, 96)",11,10.0
7,Greedy,D3,"(41, 42)",10,24.0
7,Greedy,D4,"(4, 75)",6,29.0
7,Auction,D1,"(5, 98)",13,22.0
7,Auction,D2,"(35, 96)",11,10.0
7,Auction,D3,"(41, 42)",10,24.0
7,Auction,D4,"(4, 75)",6,29.0
7,Q-Learning,D1,"(5, 98)",13,22.0
7,Q-Learning,D2,"(35, 96)",11,10.0
7,Q-Learning,D3,"(41, 42)",10,24.0
7,Q-Learning,D4,"(4, 75)",6,29.0
8,Greedy,D1,"(5, 98)",14,22.0
8,Greedy,D2,"(35, 96)",12,10.0
8,Greedy,D3,"(41, 42)",11,24.0
8,Greedy,D4,"(4, 75)",7,29.0
8,Auction,D1,"(5, 98)",14,22.0
8,Auction,D2,"(35, 96)",12,10.0
8,Auction,D3,"(41, 42)",11,24.0
8,Auction,D4,"(4, 75)",7,29.0
8,Q-Learning,D1,"(5, 98)",14,22.0
8,Q-Learning,D2,"(35, 96)",12,10.0
8,Q-Learning,D3,"(41, 42)",11,24.0
8,Q-Learning,D4,"(4, 75)",7,29.0
9,Greedy,D1,"(5, 98)",15,22.0
9,Greedy,D2,"(35, 96)",13,10.0
9,Greedy,D3,"(41, 42)",12,24.0
9,Greedy,D4,"(4, 75)",8,29.0
9,Auction,D1,"(5, 98)",15,22.0
9,Auction,D2,"(35, 96)",13,10.0
9,Auction,D3,"(41, 42)",12,24.0
9,Auction,D4,"(4, 75)",8,29.0
9,Q-Learning,D1,"(5, 98)",15,22.0
9,Q-Learning,D2,"(35, 96)",13,10.0
9,Q-Learning,D3,"(41, 42)",12,24.0
9,Q-Learning,D4,"(4, 75)",8,29.0
10,Greedy,D1,"(5, 98)",16,22.0
10,Greedy,D2,"(35, 96)",14,10.0
10,Greedy,D3,"(41, 42)",13,24.0
10,Greedy,D4,"(4, 75)",9,29.0
10,Auction,D1,"(5, 98)",16,22.0
10,Auction,D2,"(35, 96)",14,10.0
10,Auction,D3,"(41, 42)",13,24.0
10,Auction,D4,"(4, 75)",9,29.0
10,Q-Learning,D1,"(5, 98)",16,22.0
10,Q-Learning,D2,"(35, 96)",14,10.0
10,Q-Learning,D3,"(41, 42)",13,24.0
10,Q-Learning,D4,"(4, 75)",9,29.0
11,Greedy,D1,"(5, 98)",17,22.0
11,Greedy,D2,"(35, 96)",15,10.0
11,Greedy,D3,"(41, 42)",14,24.0
11,Greedy,D4,"(4, 75)",10,29.0
11,Auction,D1,"(5, 98)",17,22.0
11,Auction,D2,"(35, 96)",15,10.0
11,Auction,D3,"(41, 42)",14,24.0
11,Auction,D4,"(4, 75)",10,29.0
11,Q-Learning,D1,"(5, 98)",17,22.0
11,Q-Learning,D2,"(35, 96)",15,10.0
11,Q-Learning,D3,"(41, 42)",14,24.0
11,Q-Learning,D4,"(4, 75)",10,29.0
12,Greedy,D1,"(5, 98)",18,22.0
12,Greedy,D2,"(35, 96)",16,10.0
12,Greedy,D3,"(41, 42)",15,24.0
12,Greedy,D4,"(4, 75)",11,29.0
12,Greedy,D5,"(60, 79)",6,30.0
12,Auction,D1,"(5, 98)",18,22.0
12,Auction,D2,"(35, 96)",16,10.0
12,Auction,D3,"(41, 42)",15,24.0
12,Auction,D4,"(4, 75)",11,29.0
12,Auction,D5,"(60, 79)",6,30.0
12,Q-Learning,D1,"(5, 98)",18,22.0
12,Q-Learning,D2,"(35, 96)",16,10.0
12,Q-Learning,D3,"(41, 42)",15,24.0
12,Q-Learning,D4,"(4, 75)",11,29.0
12,Q-Learning,D5,"(60, 79)",6,30.0
13,Greedy,D1,"(5, 98)",19,22.0
13,Greedy,D2,"(35, 96)",17,10.0
13,Greedy,D3,"(41, 42)",16,24.0
13,Greedy,D4,"(4, 75)",12,29.0
13,Greedy,D5,"(60, 79)",7,30.0
13,Auction,D1,"(5, 98)",19,22.0
13,Auction,D2,"(35, 96)",17,10.0
13,Auction,D3,"(41, 42)",16,24.0
13,Auction,D4,"(4, 75)",12,29.0
13,Auction,D5,"(60, 79)",7,30.0
13,Q-Learning,D1,"(5, 98)",19,22.0
13,Q-Learning,D2,"(35, 96)",17,10.0
13,Q-Learning,D3,"(41, 42)",16,24.0
13,Q-Learning,D4,"(4, 75)",12,29.0
13,Q-Learning,D5,"(60, 79)",7,30.0
14,Greedy,D1,"(5, 98)",20,22.0
14,Greedy,D2,"(35, 96)",18,10.0
14,Greedy,D3,"(41, 42)",17,24.0
14,Greedy,D4,"(4, 75)",13,29.0
14,Greedy,D5,"(60, 79)",8,30.0
14,Greedy,D6,"(73, 15)",7,17.0
14,Auction,D1,"(5, 98)",20,22.0
14,Auction,D2,"(35, 96)",18,10.0
14,Auction,D3,"(41, 42)",17,24.0
14,Auction,D4,"(4, 75)",13,29.0
14,Auction,D5,"(60, 79)",8,30.0
14,Auction,D6,"(73, 15)",7,17.0
14,Q-Learning,D1,"(5, 98)",20,22.0
14,Q-Learning,D2,"(35, 96)",18,10.0
14,Q-Learning,D3,"(41, 42)",17,24.0
14,Q-Learning,D4,"(4, 75)",13,29.0
14,Q-Learning,D5,"(60, 79)",8,30.0
14,Q-Learning,D6,"(73, 15)",7,17.0
15,Greedy,D1,"(5, 98)",21,22.0
15,Greedy,D2,"(35, 96)",19,10.0
15,Greedy,D3,"(41, 42)",18,24.0
15,Greedy,D4,"(4, 75)",14,29.0
15,Greedy,D5,"(60, 79)",9,30.0
15,Greedy,D6,"(73, 15)",8,17.0
15,Greedy,D7,"(47, 7)",5,19.0
15,Auction,D1,"(5, 98)",21,22.0
15,Auction,D2,"(35, 96)",19,10.0
15,Auction,D3,"(41, 42)",18,24.0
15,Auction,D4,"(4, 75)",14,29.0
15,Auction,D5,"(60, 79)",9,30.0
15,Auction,D6,"(73, 15)",8,17.0
15,Auction,D7,"(47, 7)",5,19.0
15,Q-Learning,D1,"(5, 98)",21,22.0
15,Q-Learning,D2,"(35, 96)",19,10.0
15,Q-Learning,D3,"(41, 42)",18,24.0
15,Q-Learning,D4,"(4, 75)",14,29.0
15,Q-Learning,D5,"(60, 79)",9,30.0
15,Q-Learning,D6,"(73, 15)",8,17.0
15,Q-Learning,D7,"(47, 7)",5,19.0
16,Greedy,D1,"(5, 98)",22,22.0
16,Greedy,D2,"(35, 96)",20,10.0
16,Greedy,D3,"(41, 42)",19,24.0
16,Greedy,D4,"(4, 75)",15,29.0
16,Greedy,D5,"(60, 79)",10,30.0
16,Greedy,D6,"(73, 15)",9,17.0
16,Greedy,D7,"(47, 7)",6,19.0
16,Greedy,D8,"(84, 13)",8,20.0
16,Auction,D1,"(5, 98)",22,22.0
16,Auction,D2,"(35, 96)",20,10.0
16,Auction,D3,"(41, 42)",19,24.0
16,Auction,D4,"(4, 75)",15,29.0
16,Auction,D5,"(60, 79)",10,30.0
16,Auction,D6,"(73, 15)",9,17.0
16,Auction,D7,"(47, 7)",6,19.0
16,Auction,D8,"(84, 13)",8,20.0
16,Q-Learning,D1,"(5, 98)",22,22.0
16,Q-Learning,D2,"(35, 96)",20,10.0
16,Q-Learning,D3,"(41, 42)",19,24.0
16,Q-Learning,D4,"(4, 75)",15,29.0
16,Q-Learning,D5,"(60, 79)",10,30.0
16,Q-Learning,D6,"(73, 15)",9,17.0
16,Q-Learning,D7,"(47, 7)",6,19.0
16,Q-Learning,D8,"(84, 13)",8,20.0
17,Greedy,D1,"(5, 98)",23,22.0
17,Greedy,D2,"(35, 96)",21,10.0
17,Greedy,D3,"(41, 42)",20,24.0
17,Greedy,D4,"(4, 75)",16,29.0
17,Greedy,D5,"(60, 79)",11,30.0
17,Greedy,D6,"(73, 15)",10,17.0
17,Greedy,D7,"(47, 7)",7,19.0
17,Greedy,D8,"(84, 13)",9,20.0
17,Greedy,D9,"(38, 70)",7,20.0
17,Auction,D1,"(5, 98)",23,22.0
17,Auction,D2,"(35, 96)",21,10.0
17,Auction,D3,"(41, 42)",20,24.0
17,Auction,D4,"(4, 75)",16,29.0
17,Auction,D5,"(60, 79)",11,30.0
17,Auction,D6,"(73, 15)",10,17.0
17,Auction,D7,"(47, 7)",7,19.0
17,Auction,D8,"(84, 13)",9,20.0
17,Auction,D9,"(38, 70)",7,20.0
17,Q-Learning,D1,"(5, 98)",23,22.0
17,Q-Learning,D2,"(35, 96)",21,10.0
17,Q-Learning,D3,"(41, 42)",20,24.0
17,Q-Learning,D4,"(4, 75)",16,29.0
17,Q-Learning,D5,"(60, 79)",11,30.0
17,Q-Learning,D6,"(73, 15)",10,17.0
17,Q-Learning,D7,"(47, 7)",7,19.0
17,Q-Learning,D8,"(84, 13)",9,20.0
17,Q-Learning,D9,"(38, 70)",7,20.0
18,Greedy,D1,"(5, 98)",24,22.0
18,Greedy,D2,"(35, 96)",22,10.0
18,Greedy,D3,"(41, 42)",21,24.0
18,Greedy,D4,"(4, 75)",17,29.0
18,Greedy,D5,"(60, 79)",12,30.0
18,Greedy,D6,"(73, 15)",11,17.0
18,Greedy,D7,"(47, 7)",8,19.0
18,Greedy,D8,"(84, 13)",10,20.0
18,Greedy,D9,"(38, 70)",8,20.0
18,Auction,D1,"(5, 98)",24,22.0
18,Auction,D2,"(35, 96)",22,10.0
18,Auction,D3,"(41, 42)",21,24.0
18,Auction,D4,"(4, 75)",17,29.0
18,Auction,D5,"(60, 79)",12,30.0
18,Auction,D6,"(73, 15)",11,17.0
18,Auction,D7,"(47, 7)",8,19.0
18,Auction,D8,"(84, 13)",10,20.0
18,Auction,D9,"(38, 70)",8,20.0
18,Q-Learning,D1,"(5, 98)",24,22.0
18,Q-Learning,D2,"(35, 96)",22,10.0
18,Q-Learning,D3,"(41, 42)",21,24.0
18,Q-Learning,D4,"(4, 75)",17,29.0
18,Q-Learning,D5,"(60, 79)",12,30.0
18,Q-Learning,D6,"(73, 15)",11,17.0
18,Q-Learning,D7,"(47, 7)",8,19.0
18,Q-Learning,D8,"(84, 13)",10,20.0
18,Q-Learning,D9,"(38, 70)",8,20.0
19,Greedy,D1,"(5, 98)",25,22.0
19,Greedy,D2,"(35, 96)",23,10.0
19,Greedy,D3,"(41, 42)",22,24.0
19,Greedy,D4,"(4, 75)",18,29.0
19,Greedy,D5,"(60, 79)",13,30.0
19,Greedy,D6,"(73, 15)",12,17.0
19,Greedy,D7,"(47, 7)",9,19.0
19,Greedy,D8,"(84, 13)",11,20.0
19,Greedy,D9,"(38, 70)",9,20.0
19,Auction,D1,"(5, 98)",25,22.0
19,Auction,D2,"(35, 96)",23,10.0
19,Auction,D3,"(41, 42)",22,24.0
19,Auction,D4,"(4, 75)",18,29.0
19,Auction,D5,"(60, 79)",13,30.0
19,Auction,D6,"(73, 15)",12,17.0
19,Auction,D7,"(47, 7)",9,19.0
19,Auction,D8,"(84, 13)",11,20.0
19,Auction,D9,"(38, 70)",9,20.0
19,Q-Learning,D1,"(5, 98)",25,22.0
19,Q-Learning,D2,"(35, 96)",23,10.0
19,Q-Learning,D3,"(41, 42)",22,24.0
19,Q-Learning,D4,"(4, 75)",18,29.0
19,Q-Learning,D5,"(60, 79)",13,30.0
19,Q-Learning,D7,"(47, 7)",9,19.0
19,Q-Learning,D8,"(84, 13)",11,20.0
19,Q-Learning,D9,"(38, 70)",9,20.0
20,Greedy,D1,"(5, 98)",26,22.0
20,Greedy,D2,"(35, 96)",24,10.0
20,Greedy,D3,"(41, 42)",23,24.0
20,Greedy,D4,"(4, 75)",19,29.0
20,Greedy,D5,"(60, 79)",14,30.0
20,Greedy,D6,"(73, 15)",13,17.0
20,Greedy,D7,"(47, 7)",10,19.0
20,Greedy,D8,"(84, 13)",12,20.0
20,Greedy,D9,"(38, 70)",10,20.0
20,Greedy,D10,"(72, 73)",10,23.0
20,Auction,D1,"(5, 98)",26,22.0
20,Auction,D2,"(35, 96)",24,10.0
20,Auction,D3,"(41, 42)",23,24.0
20,Auction,D4,"(4, 75)",19,29.0
20,Auction,D5,"(60, 79)",14,30.0
20,Auction,D6,"(73, 15)",13,17.0
20,Auction,D7,"(47, 7)",10,19.0
20,Auction,D8,"(84, 13)",12,20.0
20,Auction,D9,"(38, 70)",10,20.0
20,Auction,D10,"(72, 73)",10,23.0
20,Q-Learning,D1,"(5, 98)",26,22.0
20,Q-Learning,D2,"(35, 96)",24,10.0
20,Q-Learning,D3,"(41, 42)",23,24.0
20,Q-Learning,D4,"(4, 75)",19,29.0
20,Q-Learning,D5,"(60, 79)",14,30.0
20,Q-Learning,D7,"(47, 7)",10,19.0
20,Q-Learning,D8,"(84, 13)",12,20.0
20,Q-Learning,D9,"(38, 70)",10,20.0
20,Q-Learning,D10,"(72, 73)",10,23.0
21,Greedy,D1,"(5, 98)",27,22.0
21,Greedy,D2,"(35, 96)",25,10.0
21,Greedy,D3,"(41, 42)",24,24.0
21,Greedy,D4,"(4, 75)",20,29.0
21,Greedy,D5,"(60, 79)",15,30.0
21,Greedy,D6,"(73, 15)",14,17.0
21,Greedy,D7,"(47, 7)",11,19.0
21,Greedy,D8,"(84, 13)",13,20.0
21,Greedy,D9,"(38, 70)",11,20.0
21,Greedy,D10,"(72, 73)",11,23.0
21,Greedy,D11,"(10, 39)",4,24.0
21,Auction,D1,"(5, 98)",27,22.0
21,Auction,D2,"(35, 96)",25,10.0
21,Auction,D4,"(4, 75)",20,29.0
21,Auction,D5,"(60, 79)",15,30.0
21,Auction,D6,"(73, 15)",14,17.0
21,Auction,D7,"(47, 7)",11,19.0
21,Auction,D8,"(84, 13)",13,20.0
21,Auction,D9,"(38, 70)",11,20.0
21,Auction,D10,"(72, 73)",11,23.0
21,Auction,D11,"(10, 39)",4,24.0
21,Q-Learning,D1,"(5, 98)",27,22.0
21,Q-Learning,D2,"(35, 96)",25,10.0
21,Q-Learning,D3,"(41, 42)",24,24.0
21,Q-Learning,D4,"(4, 75)",20,29.0
21,Q-Learning,D5,"(60, 79)",15,30.0
21,Q-Learning,D7,"(47, 7)",11,19.0
21,Q-Learning,D8,"(84, 13)",13,20.0
21,Q-Learning,D9,"(38, 70)",11,20.0
21,Q-Learning,D10,"(72, 73)",11,23.0
21,Q-Learning,D11,"(10, 39)",4,24.0
22,Greedy,D1,"(5, 98)",28,22.0
22,Greedy,D3,"(41, 42)",25,24.0
22,Greedy,D4,"(4, 75)",21,29.0
22,Greedy,D5,"(60, 79)",16,30.0
22,Greedy,D6,"(73, 15)",15,17.0
22,Greedy,D7,"(47, 7)",12,19.0
22,Greedy,D8,"(84, 13)",14,20.0
22,Greedy,D9,"(38, 70)",12,20.0
22,Greedy,D10,"(72, 73)",12,23.0
22,Greedy,D11,"(10, 39)",5,24.0
22,Greedy,D12,"(38, 73)",2,15.0
22,Auction,D1,"(5, 98)",28,22.0
22,Auction,D2,"(35, 96)",26,10.0
22,Auction,D4,"(4, 75)",21,29.0
22,Auction,D5,"(60, 79)",16,30.0
22,Auction,D6,"(73, 15)",15,17.0
22,Auction,D8,"(84, 13)",14,20.0
22,Auction,D9,"(38, 70)",12,20.0
22,Auction,D10,"(72, 73)",12,23.0
22,Auction,D11,"(10, 39)",5,24.0
22,Auction,D12,"(38, 73)",2,15.0
22,Q-Learning,D1,"(5, 98)",28,22.0
22,Q-Learning,D2,"(35, 96)",26,10.0
22,Q-Learning,D3,"(41, 42)",25,24.0
22,Q-Learning,D4,"(4, 75)",21,29.0
22,Q-Learning,D5,"(60, 79)",16,30.0
22,Q-Learning,D8,"(84, 13)",14,20.0
22,Q-Learning,D9,"(38, 70)",12,20.0
22,Q-Learning,D10,"(72, 73)",12,23.0
22,Q-Learning,D11,"(10, 39)",5,24.0
22,Q-Learning,D12,"(38, 73)",2,15.0
23,Greedy,D1,"(5, 98)",29,22.0
23,Greedy,D3,"(41, 42)",26,24.0
23,Greedy,D4,"(4, 75)",22,29.0
23,Greedy,D5,"(60, 79)",17,30.0
23,Greedy,D6,"(73, 15)",16,17.0
23,Greedy,D7,"(47, 7)",13,19.0
23,Greedy,D8,"(84, 13)",15,20.0
23,Greedy,D9,"(38, 70)",13,20.0
23,Greedy,D10,"(72, 73)",13,23.0
23,Greedy,D11,"(10, 39)",6,24.0
23,Greedy,D12,"(38, 73)",3,15.0
23,Greedy,D13,"(7, 29)",5,18.0
23,Auction,D1,"(5, 98)",29,22.0
23,Auction,D2,"(35, 96)",27,10.0
23,Auction,D4,"(4, 75)",22,29.0
23,Auction,D5,"(60, 79)",17,30.0
23,Auction,D6,"(73, 15)",16,17.0
23,Auction,D8,"(84, 13)",15,20.0
23,Auction,D9,"(38, 70)",13,20.0
23,Auction,D10,"(72, 73)",13,23.0
23,Auction,D11,"(10, 39)",6,24.0
23,Auction,D12,"(38, 73)",3,15.0
23,Auction,D13,"(7, 29)",5,18.0
23,Q-Learning,D1,"(5, 98)",29,22.0
23,Q-Learning,D2,"(35, 96)",27,10.0
23,Q-Learning,D3,"(41, 42)",26,24.0
23,Q-Learning,D4,"(4, 75)",22,29.0
23,Q-Learning,D5,"(60, 79)",17,30.0
23,Q-Learning,D8,"(84, 13)",15,20.0
23,Q-Learning,D9,"(38, 70)",13,20.0
23,Q-Learning,D10,"(72, 73)",13,23.0
23,Q-Learning,D11,"(10, 39)",6,24.0
23,Q-Learning,D12,"(38, 73)",3,15.0
23,Q-Learning,D13,"(7, 29)",5,18.0
24,Greedy,D4,"(4, 75)",23,29.0
24,Greedy,D5,"(60, 79)",18,30.0
24,Greedy,D6,"(73, 15)",17,17.0
24,Greedy,D7,"(47, 7)",14,19.0
24,Greedy,D8,"(84, 13)",16,20.0
24,Greedy,D9,"(38, 70)",14,20.0
24,Greedy,D10,"(72, 73)",14,23.0
24,Greedy,D11,"(10, 39)",7,24.0
24,Greedy,D12,"(38, 73)",4,15.0
24,Greedy,D13,"(7, 29)",6,18.0
24,Greedy,D14,"(98, 89)",10,20.0
24,Auction,D1,"(5, 98)",30,22.0
24,Auction,D2,"(35, 96)",28,10.0
24,Auction,D4,"(4, 75)",23,29.0
24,Auction,D5,"(60, 79)",18,30.0
24,Auction,D6,"(73, 15)",17,17.0
24,Auction,D9,"(38, 70)",14,20.0
24,Auction,D10,"(72, 73)",14,23.0
24,Auction,D11,"(10, 39)",7,24.0
24,Auction,D12,"(38, 73)",4,15.0
24,Auction,D13,"(7, 29)",6,18.0
24,Q-Learning,D1,"(5, 98)",30,22.0
24,Q-Learning,D4,"(4, 75)",23,29.0
24,Q-Learning,D5,"(60, 79)",18,30.0
24,Q-Learning,D8,"(84, 13)",16,20.0
24,Q-Learning,D9,"(38, 70)",14,20.0
24,Q-Learning,D10,"(72, 73)",14,23.0
24,Q-Learning,D11,"(10, 39)",7,24.0
24,Q-Learning,D12,"(38, 73)",4,15.0
24,Q-Learning,D13,"(7, 29)",6,18.0
24,Q-Learning,D14,"(98, 89)",10,20.0
25,Greedy,D4,"(4, 75)",24,29.0
25,Greedy,D5,"(60, 79)",19,30.0
25,Greedy,D6,"(73, 15)",18,17.0
25,Greedy,D8,"(84, 13)",17,20.0
25,Greedy,D9,"(38, 70)",15,20.0
25,Greedy,D10,"(72, 73)",15,23.0
25,Greedy,D11,"(10, 39)",8,24.0
25,Greedy,D12,"(38, 73)",5,15.0
25,Greedy,D13,"(7, 29)",7,18.0
25,Greedy,D14,"(98, 89)",11,20.0
25,Auction,D1,"(5, 98)",31,22.0
25,Auction,D2,"(35, 96)",29,10.0
25,Auction,D4,"(4, 75)",24,29.0
25,Auction,D5,"(60, 79)",19,30.0
25,Auction,D6,"(73, 15)",18,17.0
25,Auction,D10,"(72, 73)",15,23.0
25,Auction,D11,"(10, 39)",8,24.0
25,Auction,D12,"(38, 73)",5,15.0
25,Q-Learning,D4,"(4, 75)",24,29.0
25,Q-Learning,D5,"(60, 79)",19,30.0
25,Q-Learning,D8,"(84, 13)",17,20.0
25,Q-Learning,D9,"(38, 70)",15,20.0
25,Q-Learning,D10,"(72, 73)",15,23.0
25,Q-Learning,D11,"(10, 39)",8,24.0
25,Q-Learning,D12,"(38, 73)",5,15.0
25,Q-Learning,D13,"(7, 29)",7,18.0
25,Q-Learning,D14,"(98, 89)",11,20.0
26,Greedy,D4,"(4, 75)",25,29.0
26,Greedy,D5,"(60, 79)",20,30.0
26,Greedy,D6,"(73, 15)",19,17.0
26,Greedy,D8,"(84, 13)",18,20.0
26,Greedy,D9,"(38, 70)",16,20.0
26,Greedy,D10,"(72, 73)",16,23.0
26,Greedy,D11,"(10, 39)",9,24.0
26,Greedy,D12,"(38, 73)",6,15.0
26,Greedy,D13,"(7, 29)",8,18.0
26,Greedy,D14,"(98, 89)",12,20.0
26,Auction,D1,"(5, 98)",32,22.0
26,Auction,D2,"(35, 96)",30,10.0
26,Auction,D4,"(4, 75)",25,29.0
26,Auction,D5,"(60, 79)",20,30.0
26,Auction,D6,"(73, 15)",19,17.0
26,Auction,D10,"(72, 73)",16,23.0
26,Auction,D11,"(10, 39)",9,24.0
26,Auction,D12,"(38, 73)",6,15.0
26,Q-Learning,D4,"(4, 75)",25,29.0
26,Q-Learning,D5,"(60, 79)",20,30.0
26,Q-Learning,D8,"(84, 13)",18,20.0
26,Q-Learning,D9,"(38, 70)",16,20.0
26,Q-Learning,D10,"(72, 73)",16,23.0
26,Q-Learning,D11,"(10, 39)",9,24.0
26,Q-Learning,D12,"(38, 73)",6,15.0
26,Q-Learning,D13,"(7, 29)",8,18.0
26,Q-Learning,D14,"(98, 89)",12,20.0
27,Greedy,D6,"(73, 15)",20,17.0
27,Greedy,D8,"(84, 13)",19,20.0
27,Greedy,D9,"(38, 70)",17,20.0
27,Greedy,D10,"(72, 73)",17,23.0
27,Greedy,D11,"(10, 39)",10,24.0
27,Greedy,D12,"(38, 73)",7,15.0
27,Greedy,D13,"(7, 29)",9,18.0
27,Greedy,D14,"(98, 89)",13,20.0
27,Greedy,D15,"(21, 97)",2,10.0
27,Auction,D1,"(5, 98)",33,22.0
27,Auction,D2,"(35, 96)",31,10.0
27,Auction,D4,"(4, 75)",26,29.0
27,Auction,D5,"(60, 79)",21,30.0
27,Auction,D6,"(73, 15)",20,17.0
27,Auction,D10,"(72, 73)",17,23.0
27,Auction,D11,"(10, 39)",10,24.0
27,Auction,D12,"(38, 73)",7,15.0
27,Auction,D15,"(21, 97)",2,10.0
27,Q-Learning,D4,"(4, 75)",26,29.0
27,Q-Learning,D5,"(60, 79)",21,30.0
27,Q-Learning,D8,"(84, 13)",19,20.0
27,Q-Learning,D9,"(38, 70)",17,20.0
27,Q-Learning,D10,"(72, 73)",17,23.0
27,Q-Learning,D11,"(10, 39)",10,24.0
27,Q-Learning,D12,"(38, 73)",7,15.0
27,Q-Learning,D13,"(7, 29)",9,18.0
27,Q-Learning,D14,"(98, 89)",13,20.0
27,Q-Learning,D15,"(21, 97)",2,10.0
28,Greedy,D8,"(84, 13)",20,20.0
28,Greedy,D9,"(38, 70)",18,20.0
28,Greedy,D10,"(72, 73)",18,23.0
28,Greedy,D11,"(10, 39)",11,24.0
28,Greedy,D12,"(38, 73)",8,15.0
28,Greedy,D13,"(7, 29)",10,18.0
28,Greedy,D14,"(98, 89)",14,20.0
28,Greedy,D15,"(21, 97)",3,10.0
28,Auction,D1,"(5, 98)",34,22.0
28,Auction,D2,"(35, 96)",32,10.0
28,Auction,D4,"(4, 75)",27,29.0
28,Auction,D5,"(60, 79)",22,30.0
28,Auction,D6,"(73, 15)",21,17.0
28,Auction,D10,"(72, 73)",18,23.0
28,Auction,D11,"(10, 39)",11,24.0
28,Auction,D12,"(38, 73)",8,15.0
28,Auction,D15,"(21, 97)",3,10.0
28,Q-Learning,D4,"(4, 75)",27,29.0
28,Q-Learning,D5,"(60, 79)",22,30.0
28,Q-Learning,D8,"(84, 13)",20,20.0
28,Q-Learning,D9,"(38, 70)",18,20.0
28,Q-Learning,D10,"(72, 73)",18,23.0
28,Q-Learning,D11,"(10, 39)",11,24.0
28,Q-Learning,D12,"(38, 73)",8,15.0
28,Q-Learning,D13,"(7, 29)",10,18.0
28,Q-Learning,D14,"(98, 89)",14,20.0
28,Q-Learning,D15,"(21, 97)",3,10.0
29,Greedy,D8,"(84, 13)",21,20.0
29,Greedy,D9,"(38, 70)",19,20.0
29,Greedy,D10,"(72, 73)",19,23.0
29,Greedy,D11,"(10, 39)",12,24.0
29,Greedy,D12,"(38, 73)",9,15.0
29,Greedy,D13,"(7, 29)",11,18.0
29,Greedy,D14,"(98, 89)",15,20.0
29,Greedy,D15,"(21, 97)",4,10.0
29,Auction,D1,"(5, 98)",35,22.0
29,Auction,D2,"(35, 96)",33,10.0
29,Auction,D4,"(4, 75)",28,29.0
29,Auction,D5,"(60, 79)",23,30.0
29,Auction,D6,"(73, 15)",22,17.0
29,Auction,D11,"(10, 39)",12,24.0
29,Auction,D12,"(38, 73)",9,15.0
29,Auction,D15,"(21, 97)",4,10.0
29,Q-Learning,D4,"(4, 75)",28,29.0
29,Q-Learning,D5,"(60, 79)",23,30.0
29,Q-Learning,D8,"(84, 13)",21,20.0
29,Q-Learning,D9,"(38, 70)",19,20.0
29,Q-Learning,D10,"(72, 73)",19,23.0
29,Q-Learning,D11,"(10, 39)",12,24.0
29,Q-Learning,D12,"(38, 73)",9,15.0
29,Q-Learning,D13,"(7, 29)",11,18.0
29,Q-Learning,D14,"(98, 89)",15,20.0
29,Q-Learning,D15,"(21, 97)",4,10.0
30,Greedy,D8,"(84, 13)",22,20.0
30,Greedy,D9,"(38, 70)",20,20.0
30,Greedy,D10,"(72, 73)",20,23.0
30,Greedy,D11,"(10, 39)",13,24.0
30,Greedy,D12,"(38, 73)",10,15.0
30,Greedy,D13,"(7, 29)",12,18.0
30,Greedy,D14,"(98, 89)",16,20.0
30,Greedy,D15,"(21, 97)",5,10.0
30,Auction,D1,"(5, 98)",36,22.0
30,Auction,D2,"(35, 96)",34,10.0
30,Auction,D4,"(4, 75)",29,29.0
30,Auction,D5,"(60, 79)",24,30.0
30,Auction,D6,"(73, 15)",23,17.0
30,Auction,D11,"(10, 39)",13,24.0
30,Auction,D12,"(38, 73)",10,15.0
30,Auction,D15,"(21, 97)",5,10.0
30,Q-Learning,D4,"(4, 75)",29,29.0
30,Q-Learning,D5,"(60, 79)",24,30.0
30,Q-Learning,D9,"(38, 70)",20,20.0
30,Q-Learning,D10,"(72, 73)",20,23.0
30,Q-Learning,D11,"(10, 39)",13,24.0
30,Q-Learning,D12,"(38, 73)",10,15.0
30,Q-Learning,D13,"(7, 29)",12,18.0
30,Q-Learning,D14,"(98, 89)",16,20.0
30,Q-Learning,D15,"(21, 97)",5,10.0
31,Greedy,D8,"(84, 13)",23,20.0
31,Greedy,D10,"(72, 73)",21,23.0
31,Greedy,D11,"(10, 39)",14,24.0
31,Greedy,D12,"(38, 73)",11,15.0
31,Greedy,D13,"(7, 29)",13,18.0
31,Greedy,D14,"(98, 89)",17,20.0
31,Greedy,D15,"(21, 97)",6,10.0
31,Auction,D1,"(5, 98)",37,22.0
31,Auction,D2,"(35, 96)",35,10.0
31,Auction,D4,"(4, 75)",30,29.0
31,Auction,D5,"(60, 79)",25,30.0
31,Auction,D11,"(10, 39)",14,24.0
31,Auction,D12,"(38, 73)",11,15.0
31,Auction,D15,"(21, 97)",6,10.0
31,Q-Learning,D4,"(4, 75)",30,29.0
31,Q-Learning,D5,"(60, 79)",25,30.0
31,Q-Learning,D9,"(38, 70)",21,20.0
31,Q-Learning,D11,"(10, 39)",14,24.0
31,Q-Learning,D12,"(38, 73)",11,15.0
31,Q-Learning,D13,"(7, 29)",13,18.0
31,Q-Learning,D14,"(98, 89)",17,20.0
31,Q-Learning,D15,"(21, 97)",6,10.0
32,Greedy,D8,"(84, 13)",24,20.0
32,Greedy,D10,"(72, 73)",22,23.0
32,Greedy,D11,"(10, 39)",15,24.0
32,Greedy,D12,"(38, 73)",12,15.0
32,Greedy,D13,"(7, 29)",14,18.0
32,Greedy,D14,"(98, 89)",18,20.0
32,Greedy,D15,"(21, 97)",7,10.0
32,Auction,D1,"(5, 98)",38,22.0
32,Auction,D2,"(35, 96)",36,10.0
32,Auction,D4,"(4, 75)",31,29.0
32,Auction,D5,"(60, 79)",26,30.0
32,Auction,D11,"(10, 39)",15,24.0
32,Auction,D12,"(38, 73)",12,15.0
32,Auction,D15,"(21, 97)",7,10.0
32,Q-Learning,D4,"(4, 75)",31,29.0
32,Q-Learning,D5,"(60, 79)",26,30.0
32,Q-Learning,D9,"(38, 70)",22,20.0
32,Q-Learning,D11,"(10, 39)",15,24.0
32,Q-Learning,D12,"(38, 73)",12,15.0
32,Q-Learning,D13,"(7, 29)",14,18.0
32,Q-Learning,D14,"(98, 89)",18,20.0
32,Q-Learning,D15,"(21, 97)",7,10.0
33,Greedy,D10,"(72, 73)",23,23.0
33,Greedy,D11,"(10, 39)",16,24.0
33,Greedy,D12,"(38, 73)",13,15.0
33,Greedy,D13,"(7, 29)",15,18.0
33,Greedy,D14,"(98, 89)",19,20.0
33,Greedy,D15,"(21, 97)",8,10.0
33,Auction,D1,"(5, 98)",39,22.0
33,Auction,D2,"(35, 96)",37,10.0
33,Auction,D4,"(4, 75)",32,29.0
33,Auction,D11,"(10, 39)",16,24.0
33,Auction,D12,"(38, 73)",13,15.0
33,Auction,D15,"(21, 97)",8,10.0
33,Q-Learning,D4,"(4, 75)",32,29.0
33,Q-Learning,D9,"(38, 70)",23,20.0
33,Q-Learning,D11,"(10, 39)",16,24.0
33,Q-Learning,D12,"(38, 73)",13,15.0
33,Q-Learning,D13,"(7, 29)",15,18.0
33,Q-Learning,D14,"(98, 89)",19,20.0
33,Q-Learning,D15,"(21, 97)",8,10.0
34,Greedy,D10,"(72, 73)",24,23.0
34,Greedy,D11,"(10, 39)",17,24.0
34,Greedy,D12,"(38, 73)",14,15.0
34,Greedy,D13,"(7, 29)",16,18.0
34,Greedy,D14,"(98, 89)",20,20.0
34,Greedy,D15,"(21, 97)",9,10.0
34,Greedy,D16,"(39, 69)",7,17.0
34,Auction,D1,"(5, 98)",40,22.0
34,Auction,D2,"(35, 96)",38,10.0
34,Auction,D4,"(4, 75)",33,29.0
34,Auction,D11,"(10, 39)",17,24.0
34,Auction,D12,"(38, 73)",14,15.0
34,Auction,D15,"(21, 97)",9,10.0
34,Auction,D16,"(39, 69)",7,17.0
34,Q-Learning,D4,"(4, 75)",33,29.0
34,Q-Learning,D9,"(38, 70)",24,20.0
34,Q-Learning,D11,"(10, 39)",17,24.0
34,Q-Learning,D12,"(38, 73)",14,15.0
34,Q-Learning,D13,"(7, 29)",16,18.0
34,Q-Learning,D14,"(98, 89)",20,20.0
34,Q-Learning,D15,"(21, 97)",9,10.0
34,Q-Learning,D16,"(39, 69)",7,17.0
35,Greedy,D10,"(72, 73)",25,23.0
35,Greedy,D11,"(10, 39)",18,24.0
35,Greedy,D12,"(38, 73)",15,15.0
35,Greedy,D13,"(7, 29)",17,18.0
35,Greedy,D14,"(98, 89)",21,20.0
35,Greedy,D15,"(21, 97)",10,10.0
35,Greedy,D16,"(39, 69)",8,17.0
35,Greedy,D17,"(7, 56)",5,30.0
35,Auction,D1,"(5, 98)",41,22.0
35,Auction,D2,"(35, 96)",39,10.0
35,Auction,D4,"(4, 75)",34,29.0
35,Auction,D11,"(10, 39)",18,24.0
35,Auction,D12,"(38, 73)",15,15.0
35,Auction,D15,"(21, 97)",10,10.0
35,Auction,D16,"(39, 69)",8,17.0
35,Auction,D17,"(7, 56)",5,30.0
35,Q-Learning,D4,"(4, 75)",34,29.0
35,Q-Learning,D9,"(38, 70)",25,20.0
35,Q-Learning,D11,"(10, 39)",18,24.0
35,Q-Learning,D13,"(7, 29)",17,18.0
35,Q-Learning,D14,"(98, 89)",21,20.0
35,Q-Learning,D15,"(21, 97)",10,10.0
35,Q-Learning,D16,"(39, 69)",8,17.0
35,Q-Learning,D17,"(7, 56)",5,30.0
36,Greedy,D10,"(72, 73)",26,23.0
36,Greedy,D11,"(10, 39)",19,24.0
36,Greedy,D12,"(38, 73)",16,15.0
36,Greedy,D13,"(7, 29)",18,18.0
36,Greedy,D14,"(98, 89)",22,20.0
36,Greedy,D15,"(21, 97)",11,10.0
36,Greedy,D16,"(39, 69)",9,17.0
36,Greedy,D17,"(7, 56)",6,30.0
36,Greedy,D18,"(68, 13)",10,25.0
36,Auction,D1,"(5, 98)",42,22.0
36,Auction,D2,"(35, 96)",40,10.0
36,Auction,D4,"(4, 75)",35,29.0
36,Auction,D11,"(10, 39)",19,24.0
36,Auction,D12,"(38, 73)",16,15.0
36,Auction,D15,"(21, 97)",11,10.0
36,Auction,D16,"(39, 69)",9,17.0
36,Auction,D17,"(7, 56)",6,30.0
36,Auction,D18,"(68, 13)",10,25.0
36,Q-Learning,D4,"(4, 75)",35,29.0
36,Q-Learning,D9,"(38, 70)",26,20.0
36,Q-Learning,D11,"(10, 39)",19,24.0
36,Q-Learning,D13,"(7, 29)",18,18.0
36,Q-Learning,D14,"(98, 89)",22,20.0
36,Q-Learning,D15,"(21, 97)",11,10.0
36,Q-Learning,D16,"(39, 69)",9,17.0
36,Q-Learning,D17,"(7, 56)",6,30.0
36,Q-Learning,D18,"(68, 13)",10,25.0
37,Greedy,D10,"(72, 73)",27,23.0
37,Greedy,D11,"(10, 39)",20,24.0
37,Greedy,D12,"(38, 73)",17,15.0
37,Greedy,D13,"(7, 29)",19,18.0
37,Greedy,D14,"(98, 89)",23,20.0
37,Greedy,D15,"(21, 97)",12,10.0
37,Greedy,D16,"(39, 69)",10,17.0
37,Greedy,D17,"(7, 56)",7,30.0
37,Greedy,D18,"(68, 13)",11,25.0
37,Greedy,D19,"(8, 92)",8,28.0
37,Auction,D1,"(5, 98)",43,22.0
37,Auction,D2,"(35, 96)",41,10.0
37,Auction,D4,"(4, 75)",36,29.0
37,Auction,D11,"(10, 39)",20,24.0
37,Auction,D12,"(38, 73)",17,15.0
37,Auction,D15,"(21, 97)",12,10.0
37,Auction,D16,"(39, 69)",10,17.0
37,Auction,D17,"(7, 56)",7,30.0
37,Auction,D18,"(68, 13)",11,25.0
37,Auction,D19,"(8, 92)",8,28.0
37,Q-Learning,D4,"(4, 75)",36,29.0
37,Q-Learning,D9,"(38, 70)",27,20.0
37,Q-Learning,D11,"(10, 39)",20,24.0
37,Q-Learning,D13,"(7, 29)",19,18.0
37,Q-Learning,D14,"(98, 89)",23,20.0
37,Q-Learning,D15,"(21, 97)",12,10.0
37,Q-Learning,D16,"(39, 69)",10,17.0
37,Q-Learning,D17,"(7, 56)",7,30.0
37,Q-Learning,D18,"(68, 13)",11,25.0
37,Q-Learning,D19,"(8, 92)",8,28.0
38,Greedy,D11,"(10, 39)",21,24.0
38,Greedy,D12,"(38, 73)",18,15.0
38,Greedy,D13,"(7, 29)",20,18.0
38,Greedy,D14,"(98, 89)",24,20.0
38,Greedy,D15,"(21, 97)",13,10.0
38,Greedy,D16,"(39, 69)",11,17.0
38,Greedy,D17,"(7, 56)",8,30.0
38,Greedy,D18,"(68, 13)",12,25.0
38,Greedy,D19,"(8, 92)",9,28.0
38,Greedy,D20,"(18, 74)",7,27.0
38,Auction,D1,"(5, 98)",44,22.0
38,Auction,D4,"(4, 75)",37,29.0
38,Auction,D11,"(10, 39)",21,24.0
38,Auction,D12,"(38, 73)",18,15.0
38,Auction,D15,"(21, 97)",13,10.0
38,Auction,D16,"(39, 69)",11,17.0
38,Auction,D17,"(7, 56)",8,30.0
38,Auction,D18,"(68, 13)",12,25.0
38,Auction,D19,"(8, 92)",9,28.0
38,Auction,D20,"(18, 74)",7,27.0
38,Q-Learning,D4,"(4, 75)",37,29.0
38,Q-Learning,D11,"(10, 39)",21,24.0
38,Q-Learning,D13,"(7, 29)",20,18.0
38,Q-Learning,D14,"(98, 89)",24,20.0
38,Q-Learning,D15,"(21, 97)",13,10.0
38,Q-Learning,D16,"(39, 69)",11,17.0
38,Q-Learning,D17,"(7, 56)",8,30.0
38,Q-Learning,D18,"(68, 13)",12,25.0
38,Q-Learning,D19,"(8, 92)",9,28.0
38,Q-Learning,D20,"(18, 74)",7,27.0
39,Greedy,D11,"(10, 39)",22,24.0
39,Greedy,D12,"(38, 73)",19,15.0
39,Greedy,D13,"(7, 29)",21,18.0
39,Greedy,D14,"(98, 89)",25,20.0
39,Greedy,D15,"(21, 97)",14,10.0
39,Greedy,D16,"(39, 69)",12,17.0
39,Greedy,D17,"(7, 56)",9,30.0
39,Greedy,D18,"(68, 13)",13,25.0
39,Greedy,D19,"(8, 92)",10,28.0
39,Greedy,D20,"(18, 74)",8,27.0
39,Auction,D1,"(5, 98)",45,22.0
39,Auction,D4,"(4, 75)",38,29.0
39,Auction,D11,"(10, 39)",22,24.0
39,Auction,D12,"(38, 73)",19,15.0
39,Auction,D15,"(21, 97)",14,10.0
39,Auction,D16,"(39, 69)",12,17.0
39,Auction,D17,"(7, 56)",9,30.0
39,Auction,D18,"(68, 13)",13,25.0
39,Auction,D19,"(8, 92)",10,28.0
39,Auction,D20,"(18, 74)",8,27.0
39,Q-Learning,D4,"(4, 75)",38,29.0
39,Q-Learning,D11,"(10, 39)",22,24.0
39,Q-Learning,D13,"(7, 29)",21,18.0
39,Q-Learning,D14,"(98, 89)",25,20.0
39,Q-Learning,D15,"(21, 97)",14,10.0
39,Q-Learning,D16,"(39, 69)",12,17.0
39,Q-Learning,D17,"(7, 56)",9,30.0
39,Q-Learning,D18,"(68, 13)",13,25.0
39,Q-Learning,D19,"(8, 92)",10,28.0
39,Q-Learning,D20,"(18, 74)",8,27.0
40,Greedy,D11,"(10, 39)",23,24.0
40,Greedy,D12,"(38, 73)",20,15.0
40,Greedy,D13,"(7, 29)",22,18.0
40,Greedy,D14,"(98, 89)",26,20.0
40,Greedy,D15,"(21, 97)",15,10.0
40,Greedy,D16,"(39, 69)",13,17.0
40,Greedy,D17,"(7, 56)",10,30.0
40,Greedy,D18,"(68, 13)",14,25.0
40,Greedy,D19,"(8, 92)",11,28.0
40,Greedy,D20,"(18, 74)",9,27.0
40,Auction,D1,"(5, 98)",46,22.0
40,Auction,D4,"(4, 75)",39,29.0
40,Auction,D11,"(10, 39)",23,24.0
40,Auction,D12,"(38, 73)",20,15.0
40,Auction,D15,"(21, 97)",15,10.0
40,Auction,D16,"(39, 69)",13,17.0
40,Auction,D17,"(7, 56)",10,30.0
40,Auction,D18,"(68, 13)",14,25.0
40,Auction,D19,"(8, 92)",11,28.0
40,Auction,D20,"(18, 74)",9,27.0
40,Q-Learning,D4,"(4, 75)",39,29.0
40,Q-Learning,D11,"(10, 39)",23,24.0
40,Q-Learning,D13,"(7, 29)",22,18.0
40,Q-Learning,D14,"(98, 89)",26,20.0
40,Q-Learning,D15,"(21, 97)",15,10.0
40,Q-Learning,D16,"(39, 69)",13,17.0
40,Q-Learning,D17,"(7, 56)",10,30.0
40,Q-Learning,D18,"(68, 13)",14,25.0
40,Q-Learning,D19,"(8, 92)",11,28.0
40,Q-Learning,D20,"(18, 74)",9,27.0
41,Greedy,D11,"(10, 39)",24,24.0
41,Greedy,D12,"(38, 73)",21,15.0
41,Greedy,D13,"(7, 29)",23,18.0
41,Greedy,D14,"(98, 89)",27,20.0
41,Greedy,D15,"(21, 97)",16,10.0
41,Greedy,D16,"(39, 69)",14,17.0
41,Greedy,D17,"(7, 56)",11,30.0
41,Greedy,D18,"(68, 13)",15,25.0
41,Greedy,D19,"(8, 92)",12,28.0
41,Greedy,D20,"(18, 74)",10,27.0
41,Auction,D1,"(5, 98)",47,22.0
41,Auction,D4,"(4, 75)",40,29.0
41,Auction,D11,"(10, 39)",24,24.0
41,Auction,D12,"(38, 73)",21,15.0
41,Auction,D15,"(21, 97)",16,10.0
41,Auction,D16,"(39, 69)",14,17.0
41,Auction,D17,"(7, 56)",11,30.0
41,Auction,D18,"(68, 13)",15,25.0
41,Auction,D19,"(8, 92)",12,28.0
41,Auction,D20,"(18, 74)",10,27.0
41,Q-Learning,D4,"(4, 75)",40,29.0
41,Q-Learning,D11,"(10, 39)",24,24.0
41,Q-Learning,D13,"(7, 29)",23,18.0
41,Q-Learning,D14,"(98, 89)",27,20.0
41,Q-Learning,D15,"(21, 97)",16,10.0
41,Q-Learning,D16,"(39, 69)",14,17.0
41,Q-Learning,D17,"(7, 56)",11,30.0
41,Q-Learning,D18,"(68, 13)",15,25.0
41,Q-Learning,D19,"(8, 92)",12,28.0
41,Q-Learning,D20,"(18, 74)",10,27.0
42,Greedy,D11,"(10, 39)",25,24.0
42,Greedy,D12,"(38, 73)",22,15.0
42,Greedy,D13,"(7, 29)",24,18.0
42,Greedy,D14,"(98, 89)",28,20.0
42,Greedy,D15,"(21, 97)",17,10.0
42,Greedy,D16,"(39, 69)",15,17.0
42,Greedy,D17,"(7, 56)",12,30.0
42,Greedy,D18,"(68, 13)",16,25.0
42,Greedy,D19,"(8, 92)",13,28.0
42,Greedy,D20,"(18, 74)",11,27.0
42,Auction,D1,"(5, 98)",48,22.0
42,Auction,D4,"(4, 75)",41,29.0
42,Auction,D11,"(10, 39)",25,24.0
42,Auction,D12,"(38, 73)",22,15.0
42,Auction,D15,"(21, 97)",17,10.0
42,Auction,D16,"(39, 69)",15,17.0
42,Auction,D17,"(7, 56)",12,30.0
42,Auction,D18,"(68, 13)",16,25.0
42,Auction,D19,"(8, 92)",13,28.0
42,Auction,D20,"(18, 74)",11,27.0
42,Q-Learning,D4,"(4, 75)",41,29.0
42,Q-Learning,D11,"(10, 39)",25,24.0
42,Q-Learning,D13,"(7, 29)",24,18.0
42,Q-Learning,D14,"(98, 89)",28,20.0
42,Q-Learning,D15,"(21, 97)",17,10.0
42,Q-Learning,D16,"(39, 69)",15,17.0
42,Q-Learning,D17,"(7, 56)",12,30.0
42,Q-Learning,D18,"(68, 13)",16,25.0
42,Q-Learning,D19,"(8, 92)",13,28.0
42,Q-Learning,D20,"(18, 74)",11,27.0
43,Greedy,D11,"(10, 39)",26,24.0
43,Greedy,D12,"(38, 73)",23,15.0
43,Greedy,D13,"(7, 29)",25,18.0
43,Greedy,D14,"(98, 89)",29,20.0
43,Greedy,D15,"(21, 97)",18,10.0
43,Greedy,D16,"(39, 69)",16,17.0
43,Greedy,D17,"(7, 56)",13,30.0
43,Greedy,D18,"(68, 13)",17,25.0
43,Greedy,D19,"(8, 92)",14,28.0
43,Greedy,D20,"(18, 74)",12,27.0
43,Greedy,D21,"(88, 95)",10,27.0
43,Auction,D1,"(5, 98)",49,22.0
43,Auction,D4,"(4, 75)",42,29.0
43,Auction,D11,"(10, 39)",26,24.0
43,Auction,D12,"(38, 73)",23,15.0
43,Auction,D15,"(21, 97)",18,10.0
43,Auction,D16,"(39, 69)",16,17.0
43,Auction,D17,"(7, 56)",13,30.0
43,Auction,D18,"(68, 13)",17,25.0
43,Auction,D19,"(8, 92)",14,28.0
43,Auction,D20,"(18, 74)",12,27.0
43,Auction,D21,"(88, 95)",10,27.0
43,Q-Learning,D4,"(4, 75)",42,29.0
43,Q-Learning,D11,"(10, 39)",26,24.0
43,Q-Learning,D13,"(7, 29)",25,18.0
43,Q-Learning,D14,"(98, 89)",29,20.0
43,Q-Learning,D15,"(21, 97)",18,10.0
43,Q-Learning,D16,"(39, 69)",16,17.0
43,Q-Learning,D17,"(7, 56)",13,30.0
43,Q-Learning,D18,"(68, 13)",17,25.0
43,Q-Learning,D19,"(8, 92)",14,28.0
43,Q-Learning,D20,"(18, 74)",12,27.0
43,Q-Learning,D21,"(88, 95)",10,27.0
44,Greedy,D11,"(10, 39)",27,24.0
44,Greedy,D12,"(38, 73)",24,15.0
44,Greedy,D13,"(7, 29)",26,18.0
44,Greedy,D14,"(98, 89)",30,20.0
44,Greedy,D15,"(21, 97)",19,10.0
44,Greedy,D16,"(39, 69)",17,17.0
44,Greedy,D17,"(7, 56)",14,30.0
44,Greedy,D18,"(68, 13)",18,25.0
44,Greedy,D19,"(8, 92)",15,28.0
44,Greedy,D20,"(18, 74)",13,27.0
44,Greedy,D21,"(88, 95)",11,27.0
44,Greedy,D22,"(35, 41)",1,25.0
44,Auction,D1,"(5, 98)",50,22.0
44,Auction,D4,"(4, 75)",43,29.0
44,Auction,D11,"(10, 39)",27,24.0
44,Auction,D12,"(38, 73)",24,15.0
44,Auction,D15,"(21, 97)",19,10.0
44,Auction,D16,"(39, 69)",17,17.0
44,Auction,D17,"(7, 56)",14,30.0
44,Auction,D18,"(68, 13)",18,25.0
44,Auction,D19,"(8, 92)",15,28.0
44,Auction,D20,"(18, 74)",13,27.0
44,Auction,D21,"(88, 95)",11,27.0
44,Auction,D22,"(35, 41)",1,25.0
44,Q-Learning,D4,"(4, 75)",43,29.0
44,Q-Learning,D11,"(10, 39)",27,24.0
44,Q-Learning,D13,"(7, 29)",26,18.0
44,Q-Learning,D14,"(98, 89)",30,20.0
44,Q-Learning,D15,"(21, 97)",19,10.0
44,Q-Learning,D16,"(39, 69)",17,17.0
44,Q-Learning,D17,"(7, 56)",14,30.0
44,Q-Learning,D18,"(68, 13)",18,25.0
44,Q-Learning,D19,"(8, 92)",15,28.0
44,Q-Learning,D20,"(18, 74)",13,27.0
44,Q-Learning,D21,"(88, 95)",11,27.0
44,Q-Learning,D22,"(35, 41)",1,25.0
45,Greedy,D11,"(10, 39)",28,24.0
45,Greedy,D12,"(38, 73)",25,15.0
45,Greedy,D13,"(7, 29)",27,18.0
45,Greedy,D14,"(98, 89)",31,20.0
45,Greedy,D15,"(21, 97)",20,10.0
45,Greedy,D16,"(39, 69)",18,17.0
45,Greedy,D17,"(7, 56)",15,30.0
45,Greedy,D18,"(68, 13)",19,25.0
45,Greedy,D19,"(8, 92)",16,28.0
45,Greedy,D20,"(18, 74)",14,27.0
45,Greedy,D21,"(88, 95)",12,27.0
45,Greedy,D22,"(35, 41)",2,25.0
45,Auction,D1,"(5, 98)",51,22.0
45,Auction,D4,"(4, 75)",44,29.0
45,Auction,D11,"(10, 39)",28,24.0
45,Auction,D12,"(38, 73)",25,15.0
45,Auction,D16,"(39, 69)",18,17.0
45,Auction,D17,"(7, 56)",15,30.0
45,Auction,D18,"(68, 13)",19,25.0
45,Auction,D19,"(8, 92)",16,28.0
45,Auction,D20,"(18, 74)",14,27.0
45,Auction,D21,"(88, 95)",12,27.0
45,Auction,D22,"(35, 41)",2,25.0
45,Q-Learning,D4,"(4, 75)",44,29.0
45,Q-Learning,D11,"(10, 39)",28,24.0
45,Q-Learning,D13,"(7, 29)",27,18.0
45,Q-Learning,D14,"(98, 89)",31,20.0
45,Q-Learning,D15,"(21, 97)",20,10.0
45,Q-Learning,D16,"(39, 69)",18,17.0
45,Q-Learning,D17,"(7, 56)",15,30.0
45,Q-Learning,D18,"(68, 13)",19,25.0
45,Q-Learning,D19,"(8, 92)",16,28.0
45,Q-Learning,D20,"(18, 74)",14,27.0
45,Q-Learning,D21,"(88, 95)",12,27.0
45,Q-Learning,D22,"(35, 41)",2,25.0
46,Greedy,D11,"(10, 39)",29,24.0
46,Greedy,D12,"(38, 73)",26,15.0
46,Greedy,D13,"(7, 29)",28,18.0
46,Greedy,D14,"(98, 89)",32,20.0
46,Greedy,D15,"(21, 97)",21,10.0
46,Greedy,D16,"(39, 69)",19,17.0
46,Greedy,D17,"(7, 56)",16,30.0
46,Greedy,D18,"(68, 13)",20,25.0
46,Greedy,D19,"(8, 92)",17,28.0
46,Greedy,D20,"(18, 74)",15,27.0
46,Greedy,D21,"(88, 95)",13,27.0
46,Greedy,D22,"(35, 41)",3,25.0
46,Auction,D1,"(5, 98)",52,22.0
46,Auction,D4,"(4, 75)",45,29.0
46,Auction,D11,"(10, 39)",29,24.0
46,Auction,D12,"(38, 73)",26,15.0
46,Auction,D16,"(39, 69)",19,17.0
46,Auction,D17,"(7, 56)",16,30.0
46,Auction,D19,"(8, 92)",17,28.0
46,Auction,D20,"(18, 74)",15,27.0
46,Auction,D21,"(88, 95)",13,27.0
46,Auction,D22,"(35, 41)",3,25.0
46,Q-Learning,D4,"(4, 75)",45,29.0
46,Q-Learning,D11,"(10, 39)",29,24.0
46,Q-Learning,D13,"(7, 29)",28,18.0
46,Q-Learning,D14,"(98, 89)",32,20.0
46,Q-Learning,D15,"(21, 97)",21,10.0
46,Q-Learning,D16,"(39, 69)",19,17.0
46,Q-Learning,D17,"(7, 56)",16,30.0
46,Q-Learning,D18,"(68, 13)",20,25.0
46,Q-Learning,D19,"(8, 92)",17,28.0
46,Q-Learning,D20,"(18, 74)",15,27.0
46,Q-Learning,D21,"(88, 95)",13,27.0
46,Q-Learning,D22,"(35, 41)",3,25.0
47,Greedy,D11,"(10, 39)",30,24.0
47,Greedy,D12,"(38, 73)",27,15.0
47,Greedy,D13,"(7, 29)",29,18.0
47,Greedy,D14,"(98, 89)",33,20.0
47,Greedy,D15,"(21, 97)",22,10.0
47,Greedy,D16,"(39, 69)",20,17.0
47,Greedy,D17,"(7, 56)",17,30.0
47,Greedy,D18,"(68, 13)",21,25.0
47,Greedy,D19,"(8, 92)",18,28.0
47,Greedy,D20,"(18, 74)",16,27.0
47,Greedy,D21,"(88, 95)",14,27.0
47,Greedy,D22,"(35, 41)",4,25.0
47,Auction,D1,"(5, 98)",53,22.0
47,Auction,D4,"(4, 75)",46,29.0
47,Auction,D11,"(10, 39)",30,24.0
47,Auction,D12,"(38, 73)",27,15.0
47,Auction,D16,"(39, 69)",20,17.0
47,Auction,D17,"(7, 56)",17,30.0
47,Auction,D19,"(8, 92)",18,28.0
47,Auction,D20,"(18, 74)",16,27.0
47,Auction,D21,"(88, 95)",14,27.0
47,Auction,D22,"(35, 41)",4,25.0
47,Q-Learning,D4,"(4, 75)",46,29.0
47,Q-Learning,D11,"(10, 39)",30,24.0
47,Q-Learning,D13,"(7, 29)",29,18.0
47,Q-Learning,D14,"(98, 89)",33,20.0
47,Q-Learning,D16,"(39, 69)",20,17.0
47,Q-Learning,D17,"(7, 56)",17,30.0
47,Q-Learning,D18,"(68, 13)",21,25.0
47,Q-Learning,D19,"(8, 92)",18,28.0
47,Q-Learning,D20,"(18, 74)",16,27.0
47,Q-Learning,D21,"(88, 95)",14,27.0
47,Q-Learning,D22,"(35, 41)",4,25.0
48,Greedy,D11,"(10, 39)",31,24.0
48,Greedy,D12,"(38, 73)",28,15.0
48,Greedy,D13,"(7, 29)",30,18.0
48,Greedy,D14,"(98, 89)",34,20.0
48,Greedy,D15,"(21, 97)",23,10.0
48,Greedy,D16,"(39, 69)",21,17.0
48,Greedy,D17,"(7, 56)",18,30.0
48,Greedy,D18,"(68, 13)",22,25.0
48,Greedy,D19,"(8, 92)",19,28.0
48,Greedy,D20,"(18, 74)",17,27.0
48,Greedy,D21,"(88, 95)",15,27.0
48,Greedy,D22,"(35, 41)",5,25.0
48,Greedy,D23,"(45, 11)",3,12.0
48,Auction,D1,"(5, 98)",54,22.0
48,Auction,D4,"(4, 75)",47,29.0
48,Auction,D11,"(10, 39)",31,24.0
48,Auction,D12,"(38, 73)",28,15.0
48,Auction,D16,"(39, 69)",21,17.0
48,Auction,D17,"(7, 56)",18,30.0
48,Auction,D19,"(8, 92)",19,28.0
48,Auction,D20,"(18, 74)",17,27.0
48,Auction,D21,"(88, 95)",15,27.0
48,Auction,D22,"(35, 41)",5,25.0
48,Q-Learning,D4,"(4, 75)",47,29.0
48,Q-Learning,D11,"(10, 39)",31,24.0
48,Q-Learning,D13,"(7, 29)",30,18.0
48,Q-Learning,D14,"(98, 89)",34,20.0
48,Q-Learning,D16,"(39, 69)",21,17.0
48,Q-Learning,D17,"(7, 56)",18,30.0
48,Q-Learning,D18,"(68, 13)",22,25.0
48,Q-Learning,D19,"(8, 92)",19,28.0
48,Q-Learning,D20,"(18, 74)",17,27.0
48,Q-Learning,D21,"(88, 95)",15,27.0
48,Q-Learning,D22,"(35, 41)",5,25.0
49,Greedy,D11,"(10, 39)",32,24.0
49,Greedy,D12,"(38, 73)",29,15.0
49,Greedy,D13,"(7, 29)",31,18.0
49,Greedy,D14,"(98, 89)",35,20.0
49,Greedy,D15,"(21, 97)",24,10.0
49,Greedy,D16,"(39, 69)",22,17.0
49,Greedy,D17,"(7, 56)",19,30.0
49,Greedy,D18,"(68, 13)",23,25.0
49,Greedy,D19,"(8, 92)",20,28.0
49,Greedy,D20,"(18, 74)",18,27.0
49,Greedy,D21,"(88, 95)",16,27.0
49,Greedy,D22,"(35, 41)",6,25.0
49,Greedy,D23,"(45, 11)",4,12.0
49,Greedy,D24,"(57, 38)",3,28.0
49,Auction,D1,"(5, 98)",55,22.0
49,Auction,D4,"(4, 75)",48,29.0
49,Auction,D11,"(10, 39)",32,24.0
49,Auction,D12,"(38, 73)",29,15.0
49,Auction,D17,"(7, 56)",19,30.0
49,Auction,D19,"(8, 92)",20,28.0
49,Auction,D20,"(18, 74)",18,27.0
49,Auction,D21,"(88, 95)",16,27.0
49,Auction,D22,"(35, 41)",6,25.0
49,Auction,D24,"(57, 38)",3,28.0
49,Q-Learning,D4,"(4, 75)",48,29.0
49,Q-Learning,D11,"(10, 39)",32,24.0
49,Q-Learning,D13,"(7, 29)",31,18.0
49,Q-Learning,D14,"(98, 89)",35,20.0
49,Q-Learning,D16,"(39, 69)",22,17.0
49,Q-Learning,D17,"(7, 56)",19,30.0
49,Q-Learning,D18,"(68, 13)",23,25.0
49,Q-Learning,D19,"(8, 92)",20,28.0
49,Q-Learning,D20,"(18, 74)",18,27.0
49,Q-Learning,D21,"(88, 95)",16,27.0
49,Q-Learning,D22,"(35, 41)",6,25.0
49,Q-Learning,D24,"(57, 38)",3,28.0
50,Greedy,D11,"(10, 39)",33,24.0
50,Greedy,D12,"(38, 73)",30,15.0
50,Greedy,D13,"(7, 29)",32,18.0
50,Greedy,D14,"(98, 89)",36,20.0
50,Greedy,D15,"(21, 97)",25,10.0
50,Greedy,D16,"(39, 69)",23,17.0
50,Greedy,D17,"(7, 56)",20,30.0
50,Greedy,D18,"(68, 13)",24,25.0
50,Greedy,D19,"(8, 92)",21,28.0
50,Greedy,D20,"(18, 74)",19,27.0
50,Greedy,D21,"(88, 95)",17,27.0
50,Greedy,D22,"(35, 41)",7,25.0
50,Greedy,D23,"(45, 11)",5,12.0
50,Greedy,D24,"(57, 38)",4,28.0
50,Greedy,D25,"(66, 5)",5,24.0
50,Auction,D1,"(5, 98)",56,22.0
50,Auction,D4,"(4, 75)",49,29.0
50,Auction,D11,"(10, 39)",33,24.0
50,Auction,D12,"(38, 73)",30,15.0
50,Auction,D17,"(7, 56)",20,30.0
50,Auction,D19,"(8, 92)",21,28.0
50,Auction,D20,"(18, 74)",19,27.0
50,Auction,D21,"(88, 95)",17,27.0
50,Auction,D22,"(35, 41)",7,25.0
50,Auction,D24,"(57, 38)",4,28.0
50,Auction,D25,"(66, 5)",5,24.0
50,Q-Learning,D4,"(4, 75)",49,29.0
50,Q-Learning,D11,"(10, 39)",33,24.0
50,Q-Learning,D13,"(7, 29)",32,18.0
50,Q-Learning,D14,"(98, 89)",36,20.0
50,Q-Learning,D16,"(39, 69)",23,17.0
50,Q-Learning,D17,"(7, 56)",20,30.0
50,Q-Learning,D18,"(68, 13)",24,25.0
50,Q-Learning,D19,"(8, 92)",21,28.0
50,Q-Learning,D20,"(18, 74)",19,27.0
50,Q-Learning,D21,"(88, 95)",17,27.0
50,Q-Learning,D22,"(35, 41)",7,25.0
50,Q-Learning,D24,"(57, 38)",4,28.0
50,Q-Learning,D25,"(66, 5)",5,24.0
51,Greedy,D11,"(10, 39)",34,24.0
51,Greedy,D12,"(38, 73)",31,15.0
51,Greedy,D13,"(7, 29)",33,18.0
51,Greedy,D14,"(98, 89)",37,20.0
51,Greedy,D15,"(21, 97)",26,10.0
51,Greedy,D16,"(39, 69)",24,17.0
51,Greedy,D17,"(7, 56)",21,30.0
51,Greedy,D18,"(68, 13)",25,25.0
51,Greedy,D19,"(8, 92)",22,28.0
51,Greedy,D20,"(18, 74)",20,27.0
51,Greedy,D21,"(88, 95)",18,27.0
51,Greedy,D22,"(35, 41)",8,25.0
51,Greedy,D23,"(45, 11)",6,12.0
51,Greedy,D24,"(57, 38)",5,28.0
51,Greedy,D25,"(66, 5)",6,24.0
51,Auction,D1,"(5, 98)",57,22.0
51,Auction,D4,"(4, 75)",50,29.0
51,Auction,D11,"(10, 39)",34,24.0
51,Auction,D12,"(38, 73)",31,15.0
51,Auction,D17,"(7, 56)",21,30.0
51,Auction,D19,"(8, 92)",22,28.0
51,Auction,D20,"(18, 74)",20,27.0
51,Auction,D21,"(88, 95)",18,27.0
51,Auction,D22,"(35, 41)",8,25.0
51,Auction,D24,"(57, 38)",5,28.0
51,Auction,D25,"(66, 5)",6,24.0
51,Q-Learning,D4,"(4, 75)",50,29.0
51,Q-Learning,D11,"(10, 39)",34,24.0
51,Q-Learning,D13,"(7, 29)",33,18.0
51,Q-Learning,D14,"(98, 89)",37,20.0
51,Q-Learning,D16,"(39, 69)",24,17.0
51,Q-Learning,D17,"(7, 56)",21,30.0
51,Q-Learning,D18,"(68, 13)",25,25.0
51,Q-Learning,D19,"(8, 92)",22,28.0
51,Q-Learning,D20,"(18, 74)",20,27.0
51,Q-Learning,D21,"(88, 95)",18,27.0
51,Q-Learning,D22,"(35, 41)",8,25.0
51,Q-Learning,D24,"(57, 38)",5,28.0
51,Q-Learning,D25,"(66, 5)",6,24.0
52,Greedy,D11,"(10, 39)",35,24.0
52,Greedy,D12,"(38, 73)",32,15.0
52,Greedy,D13,"(7, 29)",34,18.0
52,Greedy,D14,"(98, 89)",38,20.0
52,Greedy,D15,"(21, 97)",27,10.0
52,Greedy,D16,"(39, 69)",25,17.0
52,Greedy,D17,"(7, 56)",22,30.0
52,Greedy,D18,"(68, 13)",26,25.0
52,Greedy,D19,"(8, 92)",23,28.0
52,Greedy,D20,"(18, 74)",21,27.0
52,Greedy,D21,"(88, 95)",19,27.0
52,Greedy,D22,"(35, 41)",9,25.0
52,Greedy,D23,"(45, 11)",7,12.0
52,Greedy,D24,"(57, 38)",6,28.0
52,Greedy,D25,"(66, 5)",7,24.0
52,Auction,D1,"(5, 98)",58,22.0
52,Auction,D4,"(4, 75)",51,29.0
52,Auction,D11,"(10, 39)",35,24.0
52,Auction,D12,"(38, 73)",32,15.0
52,Auction,D17,"(7, 56)",22,30.0
52,Auction,D19,"(8, 92)",23,28.0
52,Auction,D20,"(18, 74)",21,27.0
52,Auction,D21,"(88, 95)",19,27.0
52,Auction,D22,"(35, 41)",9,25.0
52,Auction,D24,"(57, 38)",6,28.0
52,Auction,D25,"(66, 5)",7,24.0
52,Q-Learning,D4,"(4, 75)",51,29.0
52,Q-Learning,D11,"(10, 39)",35,24.0
52,Q-Learning,D13,"(7, 29)",34,18.0
52,Q-Learning,D14,"(98, 89)",38,20.0
52,Q-Learning,D16,"(39, 69)",25,17.0
52,Q-Learning,D17,"(7, 56)",22,30.0
52,Q-Learning,D18,"(68, 13)",26,25.0
52,Q-Learning,D19,"(8, 92)",23,28.0
52,Q-Learning,D20,"(18, 74)",21,27.0
52,Q-Learning,D21,"(88, 95)",19,27.0
52,Q-Learning,D22,"(35, 41)",9,25.0
52,Q-Learning,D24,"(57, 38)",6,28.0
52,Q-Learning,D25,"(66, 5)",7,24.0
53,Greedy,D11,"(10, 39)",36,24.0
53,Greedy,D12,"(38, 73)",33,15.0
53,Greedy,D13,"(7, 29)",35,18.0
53,Greedy,D14,"(98, 89)",39,20.0
53,Greedy,D15,"(21, 97)",28,10.0
53,Greedy,D16,"(39, 69)",26,17.0
53,Greedy,D17,"(7, 56)",23,30.0
53,Greedy,D18,"(68, 13)",27,25.0
53,Greedy,D19,"(8, 92)",24,28.0
53,Greedy,D20,"(18, 74)",22,27.0
53,Greedy,D21,"(88, 95)",20,27.0
53,Greedy,D22,"(35, 41)",10,25.0
53,Greedy,D23,"(45, 11)",8,12.0
53,Greedy,D24,"(57, 38)",7,28.0
53,Greedy,D25,"(66, 5)",8,24.0
53,Greedy,D26,"(50, 23)",5,23.0
53,Auction,D1,"(5, 98)",59,22.0
53,Auction,D4,"(4, 75)",52,29.0
53,Auction,D11,"(10, 39)",36,24.0
53,Auction,D12,"(38, 73)",33,15.0
53,Auction,D17,"(7, 56)",23,30.0
53,Auction,D19,"(8, 92)",24,28.0
53,Auction,D20,"(18, 74)",22,27.0
53,Auction,D21,"(88, 95)",20,27.0
53,Auction,D22,"(35, 41)",10,25.0
53,Auction,D24,"(57, 38)",7,28.0
53,Auction,D25,"(66, 5)",8,24.0
53,Auction,D26,"(50, 23)",5,23.0
53,Q-Learning,D4,"(4, 75)",52,29.0
53,Q-Learning,D11,"(10, 39)",36,24.0
53,Q-Learning,D13,"(7, 29)",35,18.0
53,Q-Learning,D14,"(98, 89)",39,20.0
53,Q-Learning,D16,"(39, 69)",26,17.0
53,Q-Learning,D17,"(7, 56)",23,30.0
53,Q-Learning,D18,"(68, 13)",27,25.0
53,Q-Learning,D19,"(8, 92)",24,28.0
53,Q-Learning,D20,"(18, 74)",22,27.0
53,Q-Learning,D21,"(88, 95)",20,27.0
53,Q-Learning,D22,"(35, 41)",10,25.0
53,Q-Learning,D24,"(57, 38)",7,28.0
53,Q-Learning,D25,"(66, 5)",8,24.0
53,Q-Learning,D26,"(50, 23)",5,23.0
54,Greedy,D11,"(10, 39)",37,24.0
54,Greedy,D12,"(38, 73)",34,15.0
54,Greedy,D13,"(7, 29)",36,18.0
54,Greedy,D14,"(98, 89)",40,20.0
54,Greedy,D15,"(21, 97)",29,10.0
54,Greedy,D16,"(39, 69)",27,17.0
54,Greedy,D17,"(7, 56)",24,30.0
54,Greedy,D18,"(68, 13)",28,25.0
54,Greedy,D19,"(8, 92)",25,28.0
54,Greedy,D20,"(18, 74)",23,27.0
54,Greedy,D21,"(88, 95)",21,27.0
54,Greedy,D22,"(35, 41)",11,25.0
54,Greedy,D23,"(45, 11)",9,12.0
54,Greedy,D24,"(57, 38)",8,28.0
54,Greedy,D25,"(66, 5)",9,24.0
54,Greedy,D26,"(50, 23)",6,23.0
54,Greedy,D27,"(14, 20)",9,18.0
54,Auction,D1,"(5, 98)",60,22.0
54,Auction,D4,"(4, 75)",53,29.0
54,Auction,D11,"(10, 39)",37,24.0
54,Auction,D12,"(38, 73)",34,15.0
54,Auction,D17,"(7, 56)",24,30.0
54,Auction,D19,"(8, 92)",25,28.0
54,Auction,D20,"(18, 74)",23,27.0
54,Auction,D21,"(88, 95)",21,27.0
54,Auction,D22,"(35, 41)",11,25.0
54,Auction,D24,"(57, 38)",8,28.0
54,Auction,D25,"(66, 5)",9,24.0
54,Auction,D26,"(50, 23)",6,23.0
54,Auction,D27,"(14, 20)",9,18.0
54,Q-Learning,D4,"(4, 75)",53,29.0
54,Q-Learning,D11,"(10, 39)",37,24.0
54,Q-Learning,D13,"(7, 29)",36,18.0
54,Q-Learning,D14,"(98, 89)",40,20.0
54,Q-Learning,D16,"(39, 69)",27,17.0
54,Q-Learning,D17,"(7, 56)",24,30.0
54,Q-Learning,D18,"(68, 13)",28,25.0
54,Q-Learning,D19,"(8, 92)",25,28.0
54,Q-Learning,D20,"(18, 74)",23,27.0
54,Q-Learning,D21,"(88, 95)",21,27.0
54,Q-Learning,D22,"(35, 41)",11,25.0
54,Q-Learning,D24,"(57, 38)",8,28.0
54,Q-Learning,D25,"(66, 5)",9,24.0
54,Q-Learning,D26,"(50, 23)",6,23.0
54,Q-Learning,D27,"(14, 20)",9,18.0
55,Greedy,D11,"(10, 39)",38,24.0
55,Greedy,D12,"(38, 73)",35,15.0
55,Greedy,D13,"(7, 29)",37,18.0
55,Greedy,D14,"(98, 89)",41,20.0
55,Greedy,D15,"(21, 97)",30,10.0
55,Greedy,D16,"(39, 69)",28,17.0
55,Greedy,D17,"(7, 56)",25,30.0
55,Greedy,D18,"(68, 13)",29,25.0
55,Greedy,D19,"(8, 92)",26,28.0
55,Greedy,D20,"(18, 74)",24,27.0
55,Greedy,D21,"(88, 95)",22,27.0
55,Greedy,D22,"(35, 41)",12,25.0
55,Greedy,D23,"(45, 11)",10,12.0
55,Greedy,D24,"(57, 38)",9,28.0
55,Greedy,D25,"(66, 5)",10,24.0
55,Greedy,D26,"(50, 23)",7,23.0
55,Greedy,D27,"(14, 20)",10,18.0
55,Auction,D1,"(5, 98)",61,22.0
55,Auction,D4,"(4, 75)",54,29.0
55,Auction,D11,"(10, 39)",38,24.0
55,Auction,D12,"(38, 73)",35,15.0
55,Auction,D17,"(7, 56)",25,30.0
55,Auction,D19,"(8, 92)",26,28.0
55,Auction,D20,"(18, 74)",24,27.0
55,Auction,D21,"(88, 95)",22,27.0
55,Auction,D22,"(35, 41)",12,25.0
55,Auction,D24,"(57, 38)",9,28.0
55,Auction,D25,"(66, 5)",10,24.0
55,Auction,D26,"(50, 23)",7,23.0
55,Auction,D27,"(14, 20)",10,18.0
55,Q-Learning,D4,"(4, 75)",54,29.0
55,Q-Learning,D11,"(10, 39)",38,24.0
55,Q-Learning,D13,"(7, 29)",37,18.0
55,Q-Learning,D14,"(98, 89)",41,20.0
55,Q-Learning,D16,"(39, 69)",28,17.0
55,Q-Learning,D17,"(7, 56)",25,30.0
55,Q-Learning,D18,"(68, 13)",29,25.0
55,Q-Learning,D19,"(8, 92)",26,28.0
55,Q-Learning,D20,"(18, 74)",24,27.0
55,Q-Learning,D21,"(88, 95)",22,27.0
55,Q-Learning,D22,"(35, 41)",12,25.0
55,Q-Learning,D24,"(57, 38)",9,28.0
55,Q-Learning,D25,"(66, 5)",10,24.0
55,Q-Learning,D26,"(50, 23)",7,23.0
55,Q-Learning,D27,"(14, 20)",10,18.0
56,Greedy,D11,"(10, 39)",39,24.0
56,Greedy,D12,"(38, 73)",36,15.0
56,Greedy,D13,"(7, 29)",38,18.0
56,Greedy,D14,"(98, 89)",42,20.0
56,Greedy,D15,"(21, 97)",31,10.0
56,Greedy,D16,"(39, 69)",29,17.0
56,Greedy,D17,"(7, 56)",26,30.0
56,Greedy,D18,"(68, 13)",30,25.0
56,Greedy,D19,"(8, 92)",27,28.0
56,Greedy,D20,"(18, 74)",25,27.0
56,Greedy,D21,"(88, 95)",23,27.0
56,Greedy,D22,"(35, 41)",13,25.0
56,Greedy,D23,"(45, 11)",11,12.0
56,Greedy,D24,"(57, 38)",10,28.0
56,Greedy,D25,"(66, 5)",11,24.0
56,Greedy,D26,"(50, 23)",8,23.0
56,Greedy,D27,"(14, 20)",11,18.0
56,Greedy,D28,"(82, 47)",5,22.0
56,Auction,D1,"(5, 98)",62,22.0
56,Auction,D4,"(4, 75)",55,29.0
56,Auction,D11,"(10, 39)",39,24.0
56,Auction,D12,"(38, 73)",36,15.0
56,Auction,D17,"(7, 56)",26,30.0
56,Auction,D19,"(8, 92)",27,28.0
56,Auction,D20,"(18, 74)",25,27.0
56,Auction,D21,"(88, 95)",23,27.0
56,Auction,D22,"(35, 41)",13,25.0
56,Auction,D24,"(57, 38)",10,28.0
56,Auction,D25,"(66, 5)",11,24.0
56,Auction,D26,"(50, 23)",8,23.0
56,Auction,D27,"(14, 20)",11,18.0
56,Auction,D28,"(82, 47)",5,22.0
56,Q-Learning,D4,"(4, 75)",55,29.0
56,Q-Learning,D11,"(10, 39)",39,24.0
56,Q-Learning,D13,"(7, 29)",38,18.0
56,Q-Learning,D14,"(98, 89)",42,20.0
56,Q-Learning,D16,"(39, 69)",29,17.0
56,Q-Learning,D17,"(7, 56)",26,30.0
56,Q-Learning,D18,"(68, 13)",30,25.0
56,Q-Learning,D19,"(8, 92)",27,28.0
56,Q-Learning,D20,"(18, 74)",25,27.0
56,Q-Learning,D21,"(88, 95)",23,27.0
56,Q-Learning,D22,"(35, 41)",13,25.0
56,Q-Learning,D24,"(57, 38)",10,28.0
56,Q-Learning,D25,"(66, 5)",11,24.0
56,Q-Learning,D26,"(50, 23)",8,23.0
56,Q-Learning,D27,"(14, 20)",11,18.0
56,Q-Learning,D28,"(82, 47)",5,22.0
57,Greedy,D11,"(10, 39)",40,24.0
57,Greedy,D12,"(38, 73)",37,15.0
57,Greedy,D13,"(7, 29)",39,18.0
57,Greedy,D14,"(98, 89)",43,20.0
57,Greedy,D15,"(21, 97)",32,10.0
57,Greedy,D16,"(39, 69)",30,17.0
57,Greedy,D17,"(7, 56)",27,30.0
57,Greedy,D18,"(68, 13)",31,25.0
57,Greedy,D19,"(8, 92)",28,28.0
57,Greedy,D20,"(18, 74)",26,27.0
57,Greedy,D21,"(88, 95)",24,27.0
57,Greedy,D22,"(35, 41)",14,25.0
57,Greedy,D23,"(45, 11)",12,12.0
57,Greedy,D24,"(57, 38)",11,28.0
57,Greedy,D25,"(66, 5)",12,24.0
57,Greedy,D26,"(50, 23)",9,23.0
57,Greedy,D27,"(14, 20)",12,18.0
57,Greedy,D28,"(82, 47)",6,22.0
57,Greedy,D29,"(58, 68)",8,14.0
57,Auction,D1,"(5, 98)",63,22.0
57,Auction,D4,"(4, 75)",56,29.0
57,Auction,D11,"(10, 39)",40,24.0
57,Auction,D12,"(38, 73)",37,15.0
57,Auction,D17,"(7, 56)",27,30.0
57,Auction,D19,"(8, 92)",28,28.0
57,Auction,D20,"(18, 74)",26,27.0
57,Auction,D21,"(88, 95)",24,27.0
57,Auction,D22,"(35, 41)",14,25.0
57,Auction,D24,"(57, 38)",11,28.0
57,Auction,D25,"(66, 5)",12,24.0
57,Auction,D26,"(50, 23)",9,23.0
57,Auction,D27,"(14, 20)",12,18.0
57,Auction,D28,"(82, 47)",6,22.0
57,Auction,D29,"(58, 68)",8,14.0
57,Q-Learning,D4,"(4, 75)",56,29.0
57,Q-Learning,D11,"(10, 39)",40,24.0
57,Q-Learning,D14,"(98, 89)",43,20.0
57,Q-Learning,D16,"(39, 69)",30,17.0
57,Q-Learning,D17,"(7, 56)",27,30.0
57,Q-Learning,D18,"(68, 13)",31,25.0
57,Q-Learning,D19,"(8, 92)",28,28.0
57,Q-Learning,D20,"(18, 74)",26,27.0
57,Q-Learning,D21,"(88, 95)",24,27.0
57,Q-Learning,D22,"(35, 41)",14,25.0
57,Q-Learning,D24,"(57, 38)",11,28.0
57,Q-Learning,D25,"(66, 5)",12,24.0
57,Q-Learning,D26,"(50, 23)",9,23.0
57,Q-Learning,D27,"(14, 20)",12,18.0
57,Q-Learning,D28,"(82, 47)",6,22.0
57,Q-Learning,D29,"(58, 68)",8,14.0
58,Greedy,D11,"(10, 39)",41,24.0
58,Greedy,D12,"(38, 73)",38,15.0
58,Greedy,D13,"(7, 29)",40,18.0
58,Greedy,D14,"(98, 89)",44,20.0
58,Greedy,D15,"(21, 97)",33,10.0
58,Greedy,D16,"(39, 69)",31,17.0
58,Greedy,D17,"(7, 56)",28,30.0
58,Greedy,D18,"(68, 13)",32,25.0
58,Greedy,D19,"(8, 92)",29,28.0
58,Greedy,D20,"(18, 74)",27,27.0
58,Greedy,D21,"(88, 95)",25,27.0
58,Greedy,D22,"(35, 41)",15,25.0
58,Greedy,D23,"(45, 11)",13,12.0
58,Greedy,D24,"(57, 38)",12,28.0
58,Greedy,D25,"(66, 5)",13,24.0
58,Greedy,D26,"(50, 23)",10,23.0
58,Greedy,D27,"(14, 20)",13,18.0
58,Greedy,D28,"(82, 47)",7,22.0
58,Greedy,D29,"(58, 68)",9,14.0
58,Auction,D1,"(5, 98)",64,22.0
58,Auction,D4,"(4, 75)",57,29.0
58,Auction,D11,"(10, 39)",41,24.0
58,Auction,D12,"(38, 73)",38,15.0
58,Auction,D17,"(7, 56)",28,30.0
58,Auction,D19,"(8, 92)",29,28.0
58,Auction,D20,"(18, 74)",27,27.0
58,Auction,D21,"(88, 95)",25,27.0
58,Auction,D22,"(35, 41)",15,25.0
58,Auction,D24,"(57, 38)",12,28.0
58,Auction,D25,"(66, 5)",13,24.0
58,Auction,D26,"(50, 23)",10,23.0
58,Auction,D27,"(14, 20)",13,18.0
58,Auction,D28,"(82, 47)",7,22.0
58,Auction,D29,"(58, 68)",9,14.0
58,Q-Learning,D4,"(4, 75)",57,29.0
58,Q-Learning,D11,"(10, 39)",41,24.0
58,Q-Learning,D14,"(98, 89)",44,20.0
58,Q-Learning,D16,"(39, 69)",31,17.0
58,Q-Learning,D17,"(7, 56)",28,30.0
58,Q-Learning,D18,"(68, 13)",32,25.0
58,Q-Learning,D19,"(8, 92)",29,28.0
58,Q-Learning,D20,"(18, 74)",27,27.0
58,Q-Learning,D21,"(88, 95)",25,27.0
58,Q-Learning,D22,"(35, 41)",15,25.0
58,Q-Learning,D24,"(57, 38)",12,28.0
58,Q-Learning,D25,"(66, 5)",13,24.0
58,Q-Learning,D26,"(50, 23)",10,23.0
58,Q-Learning,D27,"(14, 20)",13,18.0
58,Q-Learning,D28,"(82, 47)",7,22.0
58,Q-Learning,D29,"(58, 68)",9,14.0
59,Greedy,D11,"(10, 39)",42,24.0
59,Greedy,D12,"(38, 73)",39,15.0
59,Greedy,D13,"(7, 29)",41,18.0
59,Greedy,D14,"(98, 89)",45,20.0
59,Greedy,D15,"(21, 97)",34,10.0
59,Greedy,D16,"(39, 69)",32,17.0
59,Greedy,D17,"(7, 56)",29,30.0
59,Greedy,D18,"(68, 13)",33,25.0
59,Greedy,D19,"(8, 92)",30,28.0
59,Greedy,D20,"(18, 74)",28,27.0
59,Greedy,D21,"(88, 95)",26,27.0
59,Greedy,D22,"(35, 41)",16,25.0
59,Greedy,D23,"(45, 11)",14,12.0
59,Greedy,D24,"(57, 38)",13,28.0
59,Greedy,D25,"(66, 5)",14,24.0
59,Greedy,D26,"(50, 23)",11,23.0
59,Greedy,D27,"(14, 20)",14,18.0
59,Greedy,D28,"(82, 47)",8,22.0
59,Greedy,D29,"(58, 68)",10,14.0
59,Auction,D1,"(5, 98)",65,22.0
59,Auction,D4,"(4, 75)",58,29.0
59,Auction,D11,"(10, 39)",42,24.0
59,Auction,D12,"(38, 73)",39,15.0
59,Auction,D17,"(7, 56)",29,30.0
59,Auction,D19,"(8, 92)",30,28.0
59,Auction,D20,"(18, 74)",28,27.0
59,Auction,D21,"(88, 95)",26,27.0
59,Auction,D22,"(35, 41)",16,25.0
59,Auction,D24,"(57, 38)",13,28.0
59,Auction,D25,"(66, 5)",14,24.0
59,Auction,D26,"(50, 23)",11,23.0
59,Auction,D27,"(14, 20)",14,18.0
59,Auction,D28,"(82, 47)",8,22.0
59,Auction,D29,"(58, 68)",10,14.0
59,Q-Learning,D4,"(4, 75)",58,29.0
59,Q-Learning,D11,"(10, 39)",42,24.0
59,Q-Learning,D14,"(98, 89)",45,20.0
59,Q-Learning,D16,"(39, 69)",32,17.0
59,Q-Learning,D17,"(7, 56)",29,30.0
59,Q-Learning,D18,"(68, 13)",33,25.0
59,Q-Learning,D19,"(8, 92)",30,28.0
59,Q-Learning,D20,"(18, 74)",28,27.0
59,Q-Learning,D21,"(88, 95)",26,27.0
59,Q-Learning,D22,"(35, 41)",16,25.0
59,Q-Learning,D24,"(57, 38)",13,28.0
59,Q-Learning,D25,"(66, 5)",14,24.0
59,Q-Learning,D26,"(50, 23)",11,23.0
59,Q-Learning,D27,"(14, 20)",14,18.0
59,Q-Learning,D28,"(82, 47)",8,22.0
59,Q-Learning,D29,"(58, 68)",10,14.0
60,Greedy,D11,"(10, 39)",43,24.0
60,Greedy,D12,"(38, 73)",40,15.0
60,Greedy,D13,"(7, 29)",42,18.0
60,Greedy,D14,"(98, 89)",46,20.0
60,Greedy,D15,"(21, 97)",35,10.0
60,Greedy,D16,"(39, 69)",33,17.0
60,Greedy,D17,"(7, 56)",30,30.0
60,Greedy,D18,"(68, 13)",34,25.0
60,Greedy,D19,"(8, 92)",31,28.0
60,Greedy,D20,"(18, 74)",29,27.0
60,Greedy,D21,"(88, 95)",27,27.0
60,Greedy,D22,"(35, 41)",17,25.0
60,Greedy,D24,"(57, 38)",14,28.0
60,Greedy,D25,"(66, 5)",15,24.0
60,Greedy,D26,"(50, 23)",12,23.0
60,Greedy,D27,"(14, 20)",15,18.0
60,Greedy,D28,"(82, 47)",9,22.0
60,Greedy,D29,"(58, 68)",11,14.0
60,Auction,D1,"(5, 98)",66,22.0
60,Auction,D4,"(4, 75)",59,29.0
60,Auction,D11,"(10, 39)",43,24.0
60,Auction,D12,"(38, 73)",40,15.0
60,Auction,D17,"(7, 56)",30,30.0
60,Auction,D19,"(8, 92)",31,28.0
60,Auction,D20,"(18, 74)",29,27.0
60,Auction,D21,"(88, 95)",27,27.0
60,Auction,D22,"(35, 41)",17,25.0
60,Auction,D24,"(57, 38)",14,28.0
60,Auction,D25,"(66, 5)",15,24.0
60,Auction,D26,"(50, 23)",12,23.0
60,Auction,D27,"(14, 20)",15,18.0
60,Auction,D28,"(82, 47)",9,22.0
60,Auction,D29,"(58, 68)",11,14.0
60,Q-Learning,D4,"(4, 75)",59,29.0
60,Q-Learning,D11,"(10, 39)",43,24.0
60,Q-Learning,D14,"(98, 89)",46,20.0
60,Q-Learning,D16,"(39, 69)",33,17.0
60,Q-Learning,D17,"(7, 56)",30,30.0
60,Q-Learning,D18,"(68, 13)",34,25.0
60,Q-Learning,D19,"(8, 92)",31,28.0
60,Q-Learning,D20,"(18, 74)",29,27.0
60,Q-Learning,D21,"(88, 95)",27,27.0
60,Q-Learning,D22,"(35, 41)",17,25.0
60,Q-Learning,D24,"(57, 38)",14,28.0
60,Q-Learning,D25,"(66, 5)",15,24.0
60,Q-Learning,D26,"(50, 23)",12,23.0
60,Q-Learning,D27,"(14, 20)",15,18.0
60,Q-Learning,D28,"(82, 47)",9,22.0
61,Greedy,D11,"(10, 39)",44,24.0
61,Greedy,D12,"(38, 73)",41,15.0
61,Greedy,D13,"(7, 29)",43,18.0
61,Greedy,D14,"(98, 89)",47,20.0
61,Greedy,D15,"(21, 97)",36,10.0
61,Greedy,D16,"(39, 69)",34,17.0
61,Greedy,D17,"(7, 56)",31,30.0
61,Greedy,D18,"(68, 13)",35,25.0
61,Greedy,D19,"(8, 92)",32,28.0
61,Greedy,D20,"(18, 74)",30,27.0
61,Greedy,D21,"(88, 95)",28,27.0
61,Greedy,D22,"(35, 41)",18,25.0
61,Greedy,D24,"(57, 38)",15,28.0
61,Greedy,D25,"(66, 5)",16,24.0
61,Greedy,D26,"(50, 23)",13,23.0
61,Greedy,D27,"(14, 20)",16,18.0
61,Greedy,D28,"(82, 47)",10,22.0
61,Greedy,D29,"(58, 68)",12,14.0
61,Greedy,D30,"(54, 71)",6,24.0
61,Auction,D1,"(5, 98)",67,22.0
61,Auction,D4,"(4, 75)",60,29.0
61,Auction,D11,"(10, 39)",44,24.0
61,Auction,D12,"(38, 73)",41,15.0
61,Auction,D17,"(7, 56)",31,30.0
61,Auction,D19,"(8, 92)",32,28.0
61,Auction,D20,"(18, 74)",30,27.0
61,Auction,D21,"(88, 95)",28,27.0
61,Auction,D22,"(35, 41)",18,25.0
61,Auction,D24,"(57, 38)",15,28.0
61,Auction,D25,"(66, 5)",16,24.0
61,Auction,D26,"(50, 23)",13,23.0
61,Auction,D27,"(14, 20)",16,18.0
61,Auction,D28,"(82, 47)",10,22.0
61,Auction,D29,"(58, 68)",12,14.0
61,Auction,D30,"(54, 71)",6,24.0
61,Q-Learning,D4,"(4, 75)",60,29.0
61,Q-Learning,D11,"(10, 39)",44,24.0
61,Q-Learning,D14,"(98, 89)",47,20.0
61,Q-Learning,D16,"(39, 69)",34,17.0
61,Q-Learning,D17,"(7, 56)",31,30.0
61,Q-Learning,D18,"(68, 13)",35,25.0
61,Q-Learning,D19,"(8, 92)",32,28.0
61,Q-Learning,D20,"(18, 74)",30,27.0
61,Q-Learning,D21,"(88, 95)",28,27.0
61,Q-Learning,D22,"(35, 41)",18,25.0
61,Q-Learning,D24,"(57, 38)",15,28.0
61,Q-Learning,D25,"(66, 5)",16,24.0
61,Q-Learning,D26,"(50, 23)",13,23.0
61,Q-Learning,D27,"(14, 20)",16,18.0
61,Q-Learning,D28,"(82, 47)",10,22.0
61,Q-Learning,D30,"(54, 71)",6,24.0
62,Greedy,D11,"(10, 39)",45,24.0
62,Greedy,D12,"(38, 73)",42,15.0
62,Greedy,D13,"(7, 29)",44,18.0
62,Greedy,D14,"(98, 89)",48,20.0
62,Greedy,D15,"(21, 97)",37,10.0
62,Greedy,D16,"(39, 69)",35,17.0
62,Greedy,D17,"(7, 56)",32,30.0
62,Greedy,D18,"(68, 13)",36,25.0
62,Greedy,D19,"(8, 92)",33,28.0
62,Greedy,D20,"(18, 74)",31,27.0
62,Greedy,D21,"(88, 95)",29,27.0
62,Greedy,D22,"(35, 41)",19,25.0
62,Greedy,D24,"(57, 38)",16,28.0
62,Greedy,D25,"(66, 5)",17,24.0
62,Greedy,D26,"(50, 23)",14,23.0
62,Greedy,D27,"(14, 20)",17,18.0
62,Greedy,D28,"(82, 47)",11,22.0
62,Greedy,D29,"(58, 68)",13,14.0
62,Greedy,D30,"(54, 71)",7,24.0
62,Auction,D1,"(5, 98)",68,22.0
62,Auction,D4,"(4, 75)",61,29.0
62,Auction,D11,"(10, 39)",45,24.0
62,Auction,D17,"(7, 56)",32,30.0
62,Auction,D19,"(8, 92)",33,28.0
62,Auction,D20,"(18, 74)",31,27.0
62,Auction,D21,"(88, 95)",29,27.0
62,Auction,D22,"(35, 41)",19,25.0
62,Auction,D24,"(57, 38)",16,28.0
62,Auction,D25,"(66, 5)",17,24.0
62,Auction,D26,"(50, 23)",14,23.0
62,Auction,D27,"(14, 20)",17,18.0
62,Auction,D28,"(82, 47)",11,22.0
62,Auction,D29,"(58, 68)",13,14.0
62,Auction,D30,"(54, 71)",7,24.0
62,Q-Learning,D4,"(4, 75)",61,29.0
62,Q-Learning,D11,"(10, 39)",45,24.0
62,Q-Learning,D14,"(98, 89)",48,20.0
62,Q-Learning,D16,"(39, 69)",35,17.0
62,Q-Learning,D17,"(7, 56)",32,30.0
62,Q-Learning,D18,"(68, 13)",36,25.0
62,Q-Learning,D19,"(8, 92)",33,28.0
62,Q-Learning,D20,"(18, 74)",31,27.0
62,Q-Learning,D21,"(88, 95)",29,27.0
62,Q-Learning,D22,"(35, 41)",19,25.0
62,Q-Learning,D24,"(57, 38)",16,28.0
62,Q-Learning,D25,"(66, 5)",17,24.0
62,Q-Learning,D26,"(50, 23)",14,23.0
62,Q-Learning,D27,"(14, 20)",17,18.0
62,Q-Learning,D28,"(82, 47)",11,22.0
62,Q-Learning,D30,"(54, 71)",7,24.0
63,Greedy,D11,"(10, 39)",46,24.0
63,Greedy,D12,"(38, 73)",43,15.0
63,Greedy,D13,"(7, 29)",45,18.0
63,Greedy,D14,"(98, 89)",49,20.0
63,Greedy,D15,"(21, 97)",38,10.0
63,Greedy,D16,"(39, 69)",36,17.0
63,Greedy,D17,"(7, 56)",33,30.0
63,Greedy,D18,"(68, 13)",37,25.0
63,Greedy,D19,"(8, 92)",34,28.0
63,Greedy,D20,"(18, 74)",32,27.0
63,Greedy,D21,"(88, 95)",30,27.0
63,Greedy,D22,"(35, 41)",20,25.0
63,Greedy,D24,"(57, 38)",17,28.0
63,Greedy,D25,"(66, 5)",18,24.0
63,Greedy,D26,"(50, 23)",15,23.0
63,Greedy,D27,"(14, 20)",18,18.0
63,Greedy,D28,"(82, 47)",12,22.0
63,Greedy,D29,"(58, 68)",14,14.0
63,Greedy,D30,"(54, 71)",8,24.0
63,Auction,D1,"(5, 98)",69,22.0
63,Auction,D4,"(4, 75)",62,29.0
63,Auction,D11,"(10, 39)",46,24.0
63,Auction,D17,"(7, 56)",33,30.0
63,Auction,D19,"(8, 92)",34,28.0
63,Auction,D20,"(18, 74)",32,27.0
63,Auction,D21,"(88, 95)",30,27.0
63,Auction,D22,"(35, 41)",20,25.0
63,Auction,D24,"(57, 38)",17,28.0
63,Auction,D25,"(66, 5)",18,24.0
63,Auction,D26,"(50, 23)",15,23.0
63,Auction,D27,"(14, 20)",18,18.0
63,Auction,D28,"(82, 47)",12,22.0
63,Auction,D29,"(58, 68)",14,14.0
63,Auction,D30,"(54, 71)",8,24.0
63,Q-Learning,D4,"(4, 75)",62,29.0
63,Q-Learning,D11,"(10, 39)",46,24.0
63,Q-Learning,D14,"(98, 89)",49,20.0
63,Q-Learning,D16,"(39, 69)",36,17.0
63,Q-Learning,D17,"(7, 56)",33,30.0
63,Q-Learning,D18,"(68, 13)",37,25.0
63,Q-Learning,D19,"(8, 92)",34,28.0
63,Q-Learning,D20,"(18, 74)",32,27.0
63,Q-Learning,D21,"(88, 95)",30,27.0
63,Q-Learning,D22,"(35, 41)",20,25.0
63,Q-Learning,D24,"(57, 38)",17,28.0
63,Q-Learning,D25,"(66, 5)",18,24.0
63,Q-Learning,D26,"(50, 23)",15,23.0
63,Q-Learning,D27,"(14, 20)",18,18.0
63,Q-Learning,D28,"(82, 47)",12,22.0
63,Q-Learning,D30,"(54, 71)",8,24.0
64,Greedy,D11,"(10, 39)",47,24.0
64,Greedy,D13,"(7, 29)",46,18.0
64,Greedy,D14,"(98, 89)",50,20.0
64,Greedy,D15,"(21, 97)",39,10.0
64,Greedy,D16,"(39, 69)",37,17.0
64,Greedy,D17,"(7, 56)",34,30.0
64,Greedy,D18,"(68, 13)",38,25.0
64,Greedy,D19,"(8, 92)",35,28.0
64,Greedy,D20,"(18, 74)",33,27.0
64,Greedy,D21,"(88, 95)",31,27.0
64,Greedy,D22,"(35, 41)",21,25.0
64,Greedy,D24,"(57, 38)",18,28.0
64,Greedy,D25,"(66, 5)",19,24.0
64,Greedy,D26,"(50, 23)",16,23.0
64,Greedy,D27,"(14, 20)",19,18.0
64,Greedy,D28,"(82, 47)",13,22.0
64,Greedy,D29,"(58, 68)",15,14.0
64,Greedy,D30,"(54, 71)",9,24.0
64,Greedy,D31,"(33, 52)",5,25.0
64,Auction,D1,"(5, 98)",70,22.0
64,Auction,D4,"(4, 75)",63,29.0
64,Auction,D11,"(10, 39)",47,24.0
64,Auction,D17,"(7, 56)",34,30.0
64,Auction,D19,"(8, 92)",35,28.0
64,Auction,D20,"(18, 74)",33,27.0
64,Auction,D21,"(88, 95)",31,27.0
64,Auction,D22,"(35, 41)",21,25.0
64,Auction,D24,"(57, 38)",18,28.0
64,Auction,D25,"(66, 5)",19,24.0
64,Auction,D26,"(50, 23)",16,23.0
64,Auction,D27,"(14, 20)",19,18.0
64,Auction,D28,"(82, 47)",13,22.0
64,Auction,D29,"(58, 68)",15,14.0
64,Auction,D30,"(54, 71)",9,24.0
64,Auction,D31,"(33, 52)",5,25.0
64,Q-Learning,D4,"(4, 75)",63,29.0
64,Q-Learning,D11,"(10, 39)",47,24.0
64,Q-Learning,D14,"(98, 89)",50,20.0
64,Q-Learning,D16,"(39, 69)",37,17.0
64,Q-Learning,D17,"(7, 56)",34,30.0
64,Q-Learning,D18,"(68, 13)",38,25.0
64,Q-Learning,D19,"(8, 92)",35,28.0
64,Q-Learning,D20,"(18, 74)",33,27.0
64,Q-Learning,D21,"(88, 95)",31,27.0
64,Q-Learning,D22,"(35, 41)",21,25.0
64,Q-Learning,D24,"(57, 38)",18,28.0
64,Q-Learning,D25,"(66, 5)",19,24.0
64,Q-Learning,D26,"(50, 23)",16,23.0
64,Q-Learning,D27,"(14, 20)",19,18.0
64,Q-Learning,D28,"(82, 47)",13,22.0
64,Q-Learning,D30,"(54, 71)",9,24.0
64,Q-Learning,D31,"(33, 52)",5,25.0
65,Greedy,D11,"(10, 39)",48,24.0
65,Greedy,D13,"(7, 29)",47,18.0
65,Greedy,D14,"(98, 89)",51,20.0
65,Greedy,D15,"(21, 97)",40,10.0
65,Greedy,D16,"(39, 69)",38,17.0
65,Greedy,D17,"(7, 56)",35,30.0
65,Greedy,D18,"(68, 13)",39,25.0
65,Greedy,D19,"(8, 92)",36,28.0
65,Greedy,D20,"(18, 74)",34,27.0
65,Greedy,D21,"(88, 95)",32,27.0
65,Greedy,D22,"(35, 41)",22,25.0
65,Greedy,D24,"(57, 38)",19,28.0
65,Greedy,D25,"(66, 5)",20,24.0
65,Greedy,D26,"(50, 23)",17,23.0
65,Greedy,D27,"(14, 20)",20,18.0
65,Greedy,D28,"(82, 47)",14,22.0
65,Greedy,D29,"(58, 68)",16,14.0
65,Greedy,D30,"(54, 71)",10,24.0
65,Greedy,D31,"(33, 52)",6,25.0
65,Auction,D1,"(5, 98)",71,22.0
65,Auction,D4,"(4, 75)",64,29.0
65,Auction,D11,"(10, 39)",48,24.0
65,Auction,D17,"(7, 56)",35,30.0
65,Auction,D19,"(8, 92)",36,28.0
65,Auction,D20,"(18, 74)",34,27.0
65,Auction,D21,"(88, 95)",32,27.0
65,Auction,D22,"(35, 41)",22,25.0
65,Auction,D24,"(57, 38)",19,28.0
65,Auction,D25,"(66, 5)",20,24.0
65,Auction,D26,"(50, 23)",17,23.0
65,Auction,D27,"(14, 20)",20,18.0
65,Auction,D28,"(82, 47)",14,22.0
65,Auction,D29,"(58, 68)",16,14.0
65,Auction,D30,"(54, 71)",10,24.0
65,Auction,D31,"(33, 52)",6,25.0
65,Q-Learning,D4,"(4, 75)",64,29.0
65,Q-Learning,D11,"(10, 39)",48,24.0
65,Q-Learning,D14,"(98, 89)",51,20.0
65,Q-Learning,D16,"(39, 69)",38,17.0
65,Q-Learning,D17,"(7, 56)",35,30.0
65,Q-Learning,D18,"(68, 13)",39,25.0
65,Q-Learning,D19,"(8, 92)",36,28.0
65,Q-Learning,D20,"(18, 74)",34,27.0
65,Q-Learning,D21,"(88, 95)",32,27.0
65,Q-Learning,D22,"(35, 41)",22,25.0
65,Q-Learning,D24,"(57, 38)",19,28.0
65,Q-Learning,D25,"(66, 5)",20,24.0
65,Q-Learning,D26,"(50, 23)",17,23.0
65,Q-Learning,D27,"(14, 20)",20,18.0
65,Q-Learning,D28,"(82, 47)",14,22.0
65,Q-Learning,D30,"(54, 71)",10,24.0
65,Q-Learning,D31,"(33, 52)",6,25.0
66,Greedy,D11,"(10, 39)",49,24.0
66,Greedy,D13,"(7, 29)",48,18.0
66,Greedy,D14,"(98, 89)",52,20.0
66,Greedy,D15,"(21, 97)",41,10.0
66,Greedy,D16,"(39, 69)",39,17.0
66,Greedy,D17,"(7, 56)",36,30.0
66,Greedy,D18,"(68, 13)",40,25.0
66,Greedy,D19,"(8, 92)",37,28.0
66,Greedy,D20,"(18, 74)",35,27.0
66,Greedy,D21,"(88, 95)",33,27.0
66,Greedy,D22,"(35, 41)",23,25.0
66,Greedy,D24,"(57, 38)",20,28.0
66,Greedy,D25,"(66, 5)",21,24.0
66,Greedy,D26,"(50, 23)",18,23.0
66,Greedy,D27,"(14, 20)",21,18.0
66,Greedy,D28,"(82, 47)",15,22.0
66,Greedy,D29,"(58, 68)",17,14.0
66,Greedy,D30,"(54, 71)",11,24.0
66,Greedy,D31,"(33, 52)",7,25.0
66,Greedy,D32,"(97, 52)",7,25.0
66,Auction,D1,"(5, 98)",72,22.0
66,Auction,D4,"(4, 75)",65,29.0
66,Auction,D11,"(10, 39)",49,24.0
66,Auction,D17,"(7, 56)",36,30.0
66,Auction,D19,"(8, 92)",37,28.0
66,Auction,D20,"(18, 74)",35,27.0
66,Auction,D21,"(88, 95)",33,27.0
66,Auction,D22,"(35, 41)",23,25.0
66,Auction,D24,"(57, 38)",20,28.0
66,Auction,D25,"(66, 5)",21,24.0
66,Auction,D26,"(50, 23)",18,23.0
66,Auction,D27,"(14, 20)",21,18.0
66,Auction,D28,"(82, 47)",15,22.0
66,Auction,D29,"(58, 68)",17,14.0
66,Auction,D30,"(54, 71)",11,24.0
66,Auction,D31,"(33, 52)",7,25.0
66,Auction,D32,"(97, 52)",7,25.0
66,Q-Learning,D4,"(4, 75)",65,29.0
66,Q-Learning,D11,"(10, 39)",49,24.0
66,Q-Learning,D14,"(98, 89)",52,20.0
66,Q-Learning,D16,"(39, 69)",39,17.0
66,Q-Learning,D17,"(7, 56)",36,30.0
66,Q-Learning,D18,"(68, 13)",40,25.0
66,Q-Learning,D19,"(8, 92)",37,28.0
66,Q-Learning,D20,"(18, 74)",35,27.0
66,Q-Learning,D21,"(88, 95)",33,27.0
66,Q-Learning,D22,"(35, 41)",23,25.0
66,Q-Learning,D24,"(57, 38)",20,28.0
66,Q-Learning,D25,"(66, 5)",21,24.0
66,Q-Learning,D26,"(50, 23)",18,23.0
66,Q-Learning,D27,"(14, 20)",21,18.0
66,Q-Learning,D28,"(82, 47)",15,22.0
66,Q-Learning,D30,"(54, 71)",11,24.0
66,Q-Learning,D31,"(33, 52)",7,25.0
66,Q-Learning,D32,"(97, 52)",7,25.0
67,Greedy,D11,"(10, 39)",50,24.0
67,Greedy,D13,"(7, 29)",49,18.0
67,Greedy,D14,"(98, 89)",53,20.0
67,Greedy,D15,"(21, 97)",42,10.0
67,Greedy,D16,"(39, 69)",40,17.0
67,Greedy,D17,"(7, 56)",37,30.0
67,Greedy,D18,"(68, 13)",41,25.0
67,Greedy,D19,"(8, 92)",38,28.0
67,Greedy,D20,"(18, 74)",36,27.0
67,Greedy,D21,"(88, 95)",34,27.0
67,Greedy,D22,"(35, 41)",24,25.0
67,Greedy,D24,"(57, 38)",21,28.0
67,Greedy,D25,"(66, 5)",22,24.0
67,Greedy,D26,"(50, 23)",19,23.0
67,Greedy,D27,"(14, 20)",22,18.0
67,Greedy,D28,"(82, 47)",16,22.0
67,Greedy,D29,"(58, 68)",18,14.0
67,Greedy,D30,"(54, 71)",12,24.0
67,Greedy,D31,"(33, 52)",8,25.0
67,Greedy,D32,"(97, 52)",8,25.0
67,Auction,D1,"(5, 98)",73,22.0
67,Auction,D4,"(4, 75)",66,29.0
67,Auction,D11,"(10, 39)",50,24.0
67,Auction,D17,"(7, 56)",37,30.0
67,Auction,D19,"(8, 92)",38,28.0
67,Auction,D20,"(18, 74)",36,27.0
67,Auction,D21,"(88, 95)",34,27.0
67,Auction,D22,"(35, 41)",24,25.0
67,Auction,D24,"(57, 38)",21,28.0
67,Auction,D25,"(66, 5)",22,24.0
67,Auction,D26,"(50, 23)",19,23.0
67,Auction,D27,"(14, 20)",22,18.0
67,Auction,D28,"(82, 47)",16,22.0
67,Auction,D30,"(54, 71)",12,24.0
67,Auction,D31,"(33, 52)",8,25.0
67,Auction,D32,"(97, 52)",8,25.0
67,Q-Learning,D4,"(4, 75)",66,29.0
67,Q-Learning,D11,"(10, 39)",50,24.0
67,Q-Learning,D14,"(98, 89)",53,20.0
67,Q-Learning,D16,"(39, 69)",40,17.0
67,Q-Learning,D17,"(7, 56)",37,30.0
67,Q-Learning,D18,"(68, 13)",41,25.0
67,Q-Learning,D19,"(8, 92)",38,28.0
67,Q-Learning,D20,"(18, 74)",36,27.0
67,Q-Learning,D21,"(88, 95)",34,27.0
67,Q-Learning,D22,"(35, 41)",24,25.0
67,Q-Learning,D24,"(57, 38)",21,28.0
67,Q-Learning,D25,"(66, 5)",22,24.0
67,Q-Learning,D26,"(50, 23)",19,23.0
67,Q-Learning,D27,"(14, 20)",22,18.0
67,Q-Learning,D28,"(82, 47)",16,22.0
67,Q-Learning,D30,"(54, 71)",12,24.0
67,Q-Learning,D31,"(33, 52)",8,25.0
67,Q-Learning,D32,"(97, 52)",8,25.0
68,Greedy,D11,"(10, 39)",51,24.0
68,Greedy,D13,"(7, 29)",50,18.0
68,Greedy,D14,"(98, 89)",54,20.0
68,Greedy,D15,"(21, 97)",43,10.0
68,Greedy,D16,"(39, 69)",41,17.0
68,Greedy,D17,"(7, 56)",38,30.0
68,Greedy,D18,"(68, 13)",42,25.0
68,Greedy,D19,"(8, 92)",39,28.0
68,Greedy,D20,"(18, 74)",37,27.0
68,Greedy,D21,"(88, 95)",35,27.0
68,Greedy,D22,"(35, 41)",25,25.0
68,Greedy,D24,"(57, 38)",22,28.0
68,Greedy,D25,"(66, 5)",23,24.0
68,Greedy,D26,"(50, 23)",20,23.0
68,Greedy,D27,"(14, 20)",23,18.0
68,Greedy,D28,"(82, 47)",17,22.0
68,Greedy,D29,"(58, 68)",19,14.0
68,Greedy,D30,"(54, 71)",13,24.0
68,Greedy,D31,"(33, 52)",9,25.0
68,Greedy,D32,"(97, 52)",9,25.0
68,Auction,D1,"(5, 98)",74,22.0
68,Auction,D4,"(4, 75)",67,29.0
68,Auction,D11,"(10, 39)",51,24.0
68,Auction,D17,"(7, 56)",38,30.0
68,Auction,D19,"(8, 92)",39,28.0
68,Auction,D20,"(18, 74)",37,27.0
68,Auction,D21,"(88, 95)",35,27.0
68,Auction,D22,"(35, 41)",25,25.0
68,Auction,D24,"(57, 38)",22,28.0
68,Auction,D25,"(66, 5)",23,24.0
68,Auction,D26,"(50, 23)",20,23.0
68,Auction,D27,"(14, 20)",23,18.0
68,Auction,D28,"(82, 47)",17,22.0
68,Auction,D30,"(54, 71)",13,24.0
68,Auction,D31,"(33, 52)",9,25.0
68,Auction,D32,"(97, 52)",9,25.0
68,Q-Learning,D4,"(4, 75)",67,29.0
68,Q-Learning,D11,"(10, 39)",51,24.0
68,Q-Learning,D14,"(98, 89)",54,20.0
68,Q-Learning,D16,"(39, 69)",41,17.0
68,Q-Learning,D17,"(7, 56)",38,30.0
68,Q-Learning,D18,"(68, 13)",42,25.0
68,Q-Learning,D19,"(8, 92)",39,28.0
68,Q-Learning,D20,"(18, 74)",37,27.0
68,Q-Learning,D21,"(88, 95)",35,27.0
68,Q-Learning,D22,"(35, 41)",25,25.0
68,Q-Learning,D24,"(57, 38)",22,28.0
68,Q-Learning,D25,"(66, 5)",23,24.0
68,Q-Learning,D26,"(50, 23)",20,23.0
68,Q-Learning,D27,"(14, 20)",23,18.0
68,Q-Learning,D28,"(82, 47)",17,22.0
68,Q-Learning,D30,"(54, 71)",13,24.0
68,Q-Learning,D31,"(33, 52)",9,25.0
68,Q-Learning,D32,"(97, 52)",9,25.0
69,Greedy,D11,"(10, 39)",52,24.0
69,Greedy,D13,"(7, 29)",51,18.0
69,Greedy,D14,"(98, 89)",55,20.0
69,Greedy,D15,"(21, 97)",44,10.0
69,Greedy,D16,"(39, 69)",42,17.0
69,Greedy,D17,"(7, 56)",39,30.0
69,Greedy,D18,"(68, 13)",43,25.0
69,Greedy,D19,"(8, 92)",40,28.0
69,Greedy,D20,"(18, 74)",38,27.0
69,Greedy,D21,"(88, 95)",36,27.0
69,Greedy,D22,"(35, 41)",26,25.0
69,Greedy,D24,"(57, 38)",23,28.0
69,Greedy,D25,"(66, 5)",24,24.0
69,Greedy,D26,"(50, 23)",21,23.0
69,Greedy,D27,"(14, 20)",24,18.0
69,Greedy,D28,"(82, 47)",18,22.0
69,Greedy,D29,"(58, 68)",20,14.0
69,Greedy,D30,"(54, 71)",14,24.0
69,Greedy,D31,"(33, 52)",10,25.0
69,Greedy,D32,"(97, 52)",10,25.0
69,Auction,D1,"(5, 98)",75,22.0
69,Auction,D4,"(4, 75)",68,29.0
69,Auction,D11,"(10, 39)",52,24.0
69,Auction,D17,"(7, 56)",39,30.0
69,Auction,D19,"(8, 92)",40,28.0
69,Auction,D20,"(18, 74)",38,27.0
69,Auction,D21,"(88, 95)",36,27.0
69,Auction,D22,"(35, 41)",26,25.0
69,Auction,D24,"(57, 38)",23,28.0
69,Auction,D25,"(66, 5)",24,24.0
69,Auction,D26,"(50, 23)",21,23.0
69,Auction,D27,"(14, 20)",24,18.0
69,Auction,D28,"(82, 47)",18,22.0
69,Auction,D30,"(54, 71)",14,24.0
69,Auction,D31,"(33, 52)",10,25.0
69,Auction,D32,"(97, 52)",10,25.0
69,Q-Learning,D4,"(4, 75)",68,29.0
69,Q-Learning,D11,"(10, 39)",52,24.0
69,Q-Learning,D14,"(98, 89)",55,20.0
69,Q-Learning,D16,"(39, 69)",42,17.0
69,Q-Learning,D17,"(7, 56)",39,30.0
69,Q-Learning,D18,"(68, 13)",43,25.0
69,Q-Learning,D19,"(8, 92)",40,28.0
69,Q-Learning,D20,"(18, 74)",38,27.0
69,Q-Learning,D21,"(88, 95)",36,27.0
69,Q-Learning,D22,"(35, 41)",26,25.0
69,Q-Learning,D24,"(57, 38)",23,28.0
69,Q-Learning,D25,"(66, 5)",24,24.0
69,Q-Learning,D26,"(50, 23)",21,23.0
69,Q-Learning,D27,"(14, 20)",24,18.0
69,Q-Learning,D28,"(82, 47)",18,22.0
69,Q-Learning,D30,"(54, 71)",14,24.0
69,Q-Learning,D31,"(33, 52)",10,25.0
69,Q-Learning,D32,"(97, 52)",10,25.0
70,Greedy,D11,"(10, 39)",53,24.0
70,Greedy,D13,"(7, 29)",52,18.0
70,Greedy,D14,"(98, 89)",56,20.0
70,Greedy,D15,"(21, 97)",45,10.0
70,Greedy,D16,"(39, 69)",43,17.0
70,Greedy,D17,"(7, 56)",40,30.0
70,Greedy,D18,"(68, 13)",44,25.0
70,Greedy,D19,"(8, 92)",41,28.0
70,Greedy,D20,"(18, 74)",39,27.0
70,Greedy,D21,"(88, 95)",37,27.0
70,Greedy,D22,"(35, 41)",27,25.0
70,Greedy,D24,"(57, 38)",24,28.0
70,Greedy,D25,"(66, 5)",25,24.0
70,Greedy,D26,"(50, 23)",22,23.0
70,Greedy,D27,"(14, 20)",25,18.0
70,Greedy,D28,"(82, 47)",19,22.0
70,Greedy,D29,"(58, 68)",21,14.0
70,Greedy,D30,"(54, 71)",15,24.0
70,Greedy,D31,"(33, 52)",11,25.0
70,Greedy,D32,"(97, 52)",11,25.0
70,Greedy,D33,"(63, 97)",7,17.0
70,Auction,D1,"(5, 98)",76,22.0
70,Auction,D4,"(4, 75)",69,29.0
70,Auction,D11,"(10, 39)",53,24.0
70,Auction,D17,"(7, 56)",40,30.0
70,Auction,D19,"(8, 92)",41,28.0
70,Auction,D20,"(18, 74)",39,27.0
70,Auction,D21,"(88, 95)",37,27.0
70,Auction,D22,"(35, 41)",27,25.0
70,Auction,D24,"(57, 38)",24,28.0
70,Auction,D25,"(66, 5)",25,24.0
70,Auction,D26,"(50, 23)",22,23.0
70,Auction,D27,"(14, 20)",25,18.0
70,Auction,D28,"(82, 47)",19,22.0
70,Auction,D30,"(54, 71)",15,24.0
70,Auction,D31,"(33, 52)",11,25.0
70,Auction,D32,"(97, 52)",11,25.0
70,Auction,D33,"(63, 97)",7,17.0
70,Q-Learning,D4,"(4, 75)",69,29.0
70,Q-Learning,D11,"(10, 39)",53,24.0
70,Q-Learning,D14,"(98, 89)",56,20.0
70,Q-Learning,D16,"(39, 69)",43,17.0
70,Q-Learning,D17,"(7, 56)",40,30.0
70,Q-Learning,D18,"(68, 13)",44,25.0
70,Q-Learning,D19,"(8, 92)",41,28.0
70,Q-Learning,D20,"(18, 74)",39,27.0
70,Q-Learning,D21,"(88, 95)",37,27.0
70,Q-Learning,D22,"(35, 41)",27,25.0
70,Q-Learning,D24,"(57, 38)",24,28.0
70,Q-Learning,D25,"(66, 5)",25,24.0
70,Q-Learning,D26,"(50, 23)",22,23.0
70,Q-Learning,D27,"(14, 20)",25,18.0
70,Q-Learning,D28,"(82, 47)",19,22.0
70,Q-Learning,D30,"(54, 71)",15,24.0
70,Q-Learning,D31,"(33, 52)",11,25.0
70,Q-Learning,D32,"(97, 52)",11,25.0
70,Q-Learning,D33,"(63, 97)",7,17.0
71,Greedy,D11,"(10, 39)",54,24.0
71,Greedy,D13,"(7, 29)",53,18.0
71,Greedy,D14,"(98, 89)",57,20.0
71,Greedy,D15,"(21, 97)",46,10.0
71,Greedy,D16,"(39, 69)",44,17.0
71,Greedy,D17,"(7, 56)",41,30.0
71,Greedy,D18,"(68, 13)",45,25.0
71,Greedy,D19,"(8, 92)",42,28.0
71,Greedy,D20,"(18, 74)",40,27.0
71,Greedy,D21,"(88, 95)",38,27.0
71,Greedy,D22,"(35, 41)",28,25.0
71,Greedy,D24,"(57, 38)",25,28.0
71,Greedy,D25,"(66, 5)",26,24.0
71,Greedy,D26,"(50, 23)",23,23.0
71,Greedy,D27,"(14, 20)",26,18.0
71,Greedy,D28,"(82, 47)",20,22.0
71,Greedy,D29,"(58, 68)",22,14.0
71,Greedy,D30,"(54, 71)",16,24.0
71,Greedy,D31,"(33, 52)",12,25.0
71,Greedy,D32,"(97, 52)",12,25.0
71,Greedy,D33,"(63, 97)",8,17.0
71,Greedy,D34,"(78, 73)",7,20.0
71,Auction,D1,"(5, 98)",77,22.0
71,Auction,D4,"(4, 75)",70,29.0
71,Auction,D11,"(10, 39)",54,24.0
71,Auction,D17,"(7, 56)",41,30.0
71,Auction,D19,"(8, 92)",42,28.0
71,Auction,D20,"(18, 74)",40,27.0
71,Auction,D21,"(88, 95)",38,27.0
71,Auction,D22,"(35, 41)",28,25.0
71,Auction,D24,"(57, 38)",25,28.0
71,Auction,D25,"(66, 5)",26,24.0
71,Auction,D26,"(50, 23)",23,23.0
71,Auction,D27,"(14, 20)",26,18.0
71,Auction,D28,"(82, 47)",20,22.0
71,Auction,D30,"(54, 71)",16,24.0
71,Auction,D31,"(33, 52)",12,25.0
71,Auction,D32,"(97, 52)",12,25.0
71,Auction,D33,"(63, 97)",8,17.0
71,Auction,D34,"(78, 73)",7,20.0
71,Q-Learning,D4,"(4, 75)",70,29.0
71,Q-Learning,D11,"(10, 39)",54,24.0
71,Q-Learning,D14,"(98, 89)",57,20.0
71,Q-Learning,D16,"(39, 69)",44,17.0
71,Q-Learning,D17,"(7, 56)",41,30.0
71,Q-Learning,D18,"(68, 13)",45,25.0
71,Q-Learning,D19,"(8, 92)",42,28.0
71,Q-Learning,D20,"(18, 74)",40,27.0
71,Q-Learning,D21,"(88, 95)",38,27.0
71,Q-Learning,D22,"(35, 41)",28,25.0
71,Q-Learning,D24,"(57, 38)",25,28.0
71,Q-Learning,D25,"(66, 5)",26,24.0
71,Q-Learning,D26,"(50, 23)",23,23.0
71,Q-Learning,D27,"(14, 20)",26,18.0
71,Q-Learning,D28,"(82, 47)",20,22.0
71,Q-Learning,D30,"(54, 71)",16,24.0
71,Q-Learning,D31,"(33, 52)",12,25.0
71,Q-Learning,D32,"(97, 52)",12,25.0
71,Q-Learning,D33,"(63, 97)",8,17.0
71,Q-Learning,D34,"(78, 73)",7,20.0
72,Greedy,D11,"(10, 39)",55,24.0
72,Greedy,D13,"(7, 29)",54,18.0
72,Greedy,D14,"(98, 89)",58,20.0
72,Greedy,D15,"(21, 97)",47,10.0
72,Greedy,D16,"(39, 69)",45,17.0
72,Greedy,D17,"(7, 56)",42,30.0
72,Greedy,D18,"(68, 13)",46,25.0
72,Greedy,D19,"(8, 92)",43,28.0
72,Greedy,D20,"(18, 74)",41,27.0
72,Greedy,D21,"(88, 95)",39,27.0
72,Greedy,D22,"(35, 41)",29,25.0
72,Greedy,D24,"(57, 38)",26,28.0
72,Greedy,D25,"(66, 5)",27,24.0
72,Greedy,D26,"(50, 23)",24,23.0
72,Greedy,D27,"(14, 20)",27,18.0
72,Greedy,D28,"(82, 47)",21,22.0
72,Greedy,D29,"(58, 68)",23,14.0
72,Greedy,D30,"(54, 71)",17,24.0
72,Greedy,D31,"(33, 52)",13,25.0
72,Greedy,D32,"(97, 52)",13,25.0
72,Greedy,D33,"(63, 97)",9,17.0
72,Greedy,D34,"(78, 73)",8,20.0
72,Auction,D1,"(5, 98)",78,22.0
72,Auction,D4,"(4, 75)",71,29.0
72,Auction,D11,"(10, 39)",55,24.0
72,Auction,D17,"(7, 56)",42,30.0
72,Auction,D19,"(8, 92)",43,28.0
72,Auction,D20,"(18, 74)",41,27.0
72,Auction,D21,"(88, 95)",39,27.0
72,Auction,D22,"(35, 41)",29,25.0
72,Auction,D24,"(57, 38)",26,28.0
72,Auction,D25,"(66, 5)",27,24.0
72,Auction,D26,"(50, 23)",24,23.0
72,Auction,D27,"(14, 20)",27,18.0
72,Auction,D28,"(82, 47)",21,22.0
72,Auction,D30,"(54, 71)",17,24.0
72,Auction,D31,"(33, 52)",13,25.0
72,Auction,D32,"(97, 52)",13,25.0
72,Auction,D33,"(63, 97)",9,17.0
72,Auction,D34,"(78, 73)",8,20.0
72,Q-Learning,D4,"(4, 75)",71,29.0
72,Q-Learning,D11,"(10, 39)",55,24.0
72,Q-Learning,D14,"(98, 89)",58,20.0
72,Q-Learning,D16,"(39, 69)",45,17.0
72,Q-Learning,D17,"(7, 56)",42,30.0
72,Q-Learning,D18,"(68, 13)",46,25.0
72,Q-Learning,D19,"(8, 92)",43,28.0
72,Q-Learning,D20,"(18, 74)",41,27.0
72,Q-Learning,D21,"(88, 95)",39,27.0
72,Q-Learning,D22,"(35, 41)",29,25.0
72,Q-Learning,D24,"(57, 38)",26,28.0
72,Q-Learning,D25,"(66, 5)",27,24.0
72,Q-Learning,D26,"(50, 23)",24,23.0
72,Q-Learning,D27,"(14, 20)",27,18.0
72,Q-Learning,D28,"(82, 47)",21,22.0
72,Q-Learning,D30,"(54, 71)",17,24.0
72,Q-Learning,D31,"(33, 52)",13,25.0
72,Q-Learning,D32,"(97, 52)",13,25.0
72,Q-Learning,D33,"(63, 97)",9,17.0
72,Q-Learning,D34,"(78, 73)",8,20.0
73,Greedy,D11,"(10, 39)",56,24.0
73,Greedy,D13,"(7, 29)",55,18.0
73,Greedy,D14,"(98, 89)",59,20.0
73,Greedy,D15,"(21, 97)",48,10.0
73,Greedy,D16,"(39, 69)",46,17.0
73,Greedy,D17,"(7, 56)",43,30.0
73,Greedy,D18,"(68, 13)",47,25.0
73,Greedy,D19,"(8, 92)",44,28.0
73,Greedy,D20,"(18, 74)",42,27.0
73,Greedy,D21,"(88, 95)",40,27.0
73,Greedy,D22,"(35, 41)",30,25.0
73,Greedy,D24,"(57, 38)",27,28.0
73,Greedy,D25,"(66, 5)",28,24.0
73,Greedy,D26,"(50, 23)",25,23.0
73,Greedy,D27,"(14, 20)",28,18.0
73,Greedy,D28,"(82, 47)",22,22.0
73,Greedy,D29,"(58, 68)",24,14.0
73,Greedy,D30,"(54, 71)",18,24.0
73,Greedy,D31,"(33, 52)",14,25.0
73,Greedy,D32,"(97, 52)",14,25.0
73,Greedy,D33,"(63, 97)",10,17.0
73,Greedy,D34,"(78, 73)",9,20.0
73,Auction,D1,"(5, 98)",79,22.0
73,Auction,D4,"(4, 75)",72,29.0
73,Auction,D11,"(10, 39)",56,24.0
73,Auction,D17,"(7, 56)",43,30.0
73,Auction,D19,"(8, 92)",44,28.0
73,Auction,D20,"(18, 74)",42,27.0
73,Auction,D21,"(88, 95)",40,27.0
73,Auction,D22,"(35, 41)",30,25.0
73,Auction,D24,"(57, 38)",27,28.0
73,Auction,D25,"(66, 5)",28,24.0
73,Auction,D26,"(50, 23)",25,23.0
73,Auction,D27,"(14, 20)",28,18.0
73,Auction,D28,"(82, 47)",22,22.0
73,Auction,D30,"(54, 71)",18,24.0
73,Auction,D31,"(33, 52)",14,25.0
73,Auction,D32,"(97, 52)",14,25.0
73,Auction,D33,"(63, 97)",10,17.0
73,Auction,D34,"(78, 73)",9,20.0
73,Q-Learning,D4,"(4, 75)",72,29.0
73,Q-Learning,D11,"(10, 39)",56,24.0
73,Q-Learning,D14,"(98, 89)",59,20.0
73,Q-Learning,D16,"(39, 69)",46,17.0
73,Q-Learning,D17,"(7, 56)",43,30.0
73,Q-Learning,D18,"(68, 13)",47,25.0
73,Q-Learning,D19,"(8, 92)",44,28.0
73,Q-Learning,D20,"(18, 74)",42,27.0
73,Q-Learning,D21,"(88, 95)",40,27.0
73,Q-Learning,D22,"(35, 41)",30,25.0
73,Q-Learning,D24,"(57, 38)",27,28.0
73,Q-Learning,D25,"(66, 5)",28,24.0
73,Q-Learning,D26,"(50, 23)",25,23.0
73,Q-Learning,D27,"(14, 20)",28,18.0
73,Q-Learning,D28,"(82, 47)",22,22.0
73,Q-Learning,D30,"(54, 71)",18,24.0
73,Q-Learning,D31,"(33, 52)",14,25.0
73,Q-Learning,D32,"(97, 52)",14,25.0
73,Q-Learning,D33,"(63, 97)",10,17.0
73,Q-Learning,D34,"(78, 73)",9,20.0
74,Greedy,D11,"(10, 39)",57,24.0
74,Greedy,D13,"(7, 29)",56,18.0
74,Greedy,D14,"(98, 89)",60,20.0
74,Greedy,D15,"(21, 97)",49,10.0
74,Greedy,D16,"(39, 69)",47,17.0
74,Greedy,D17,"(7, 56)",44,30.0
74,Greedy,D18,"(68, 13)",48,25.0
74,Greedy,D19,"(8, 92)",45,28.0
74,Greedy,D20,"(18, 74)",43,27.0
74,Greedy,D21,"(88, 95)",41,27.0
74,Greedy,D22,"(35, 41)",31,25.0
74,Greedy,D24,"(57, 38)",28,28.0
74,Greedy,D25,"(66, 5)",29,24.0
74,Greedy,D26,"(50, 23)",26,23.0
74,Greedy,D27,"(14, 20)",29,18.0
74,Greedy,D28,"(82, 47)",23,22.0
74,Greedy,D29,"(58, 68)",25,14.0
74,Greedy,D30,"(54, 71)",19,24.0
74,Greedy,D31,"(33, 52)",15,25.0
74,Greedy,D32,"(97, 52)",15,25.0
74,Greedy,D33,"(63, 97)",11,17.0
74,Greedy,D34,"(78, 73)",10,20.0
74,Auction,D1,"(5, 98)",80,22.0
74,Auction,D4,"(4, 75)",73,29.0
74,Auction,D11,"(10, 39)",57,24.0
74,Auction,D17,"(7, 56)",44,30.0
74,Auction,D19,"(8, 92)",45,28.0
74,Auction,D20,"(18, 74)",43,27.0
74,Auction,D21,"(88, 95)",41,27.0
74,Auction,D22,"(35, 41)",31,25.0
74,Auction,D24,"(57, 38)",28,28.0
74,Auction,D25,"(66, 5)",29,24.0
74,Auction,D26,"(50, 23)",26,23.0
74,Auction,D27,"(14, 20)",29,18.0
74,Auction,D28,"(82, 47)",23,22.0
74,Auction,D30,"(54, 71)",19,24.0
74,Auction,D31,"(33, 52)",15,25.0
74,Auction,D32,"(97, 52)",15,25.0
74,Auction,D33,"(63, 97)",11,17.0
74,Auction,D34,"(78, 73)",10,20.0
74,Q-Learning,D4,"(4, 75)",73,29.0
74,Q-Learning,D11,"(10, 39)",57,24.0
74,Q-Learning,D14,"(98, 89)",60,20.0
74,Q-Learning,D16,"(39, 69)",47,17.0
74,Q-Learning,D17,"(7, 56)",44,30.0
74,Q-Learning,D18,"(68, 13)",48,25.0
74,Q-Learning,D19,"(8, 92)",45,28.0
74,Q-Learning,D20,"(18, 74)",43,27.0
74,Q-Learning,D21,"(88, 95)",41,27.0
74,Q-Learning,D22,"(35, 41)",31,25.0
74,Q-Learning,D24,"(57, 38)",28,28.0
74,Q-Learning,D25,"(66, 5)",29,24.0
74,Q-Learning,D26,"(50, 23)",26,23.0
74,Q-Learning,D27,"(14, 20)",29,18.0
74,Q-Learning,D28,"(82, 47)",23,22.0
74,Q-Learning,D30,"(54, 71)",19,24.0
74,Q-Learning,D31,"(33, 52)",15,25.0
74,Q-Learning,D32,"(97, 52)",15,25.0
74,Q-Learning,D33,"(63, 97)",11,17.0
74,Q-Learning,D34,"(78, 73)",10,20.0
75,Greedy,D11,"(10, 39)",58,24.0
75,Greedy,D13,"(7, 29)",57,18.0
75,Greedy,D14,"(98, 89)",61,20.0
75,Greedy,D15,"(21, 97)",50,10.0
75,Greedy,D16,"(39, 69)",48,17.0
75,Greedy,D17,"(7, 56)",45,30.0
75,Greedy,D18,"(68, 13)",49,25.0
75,Greedy,D19,"(8, 92)",46,28.0
75,Greedy,D20,"(18, 74)",44,27.0
75,Greedy,D21,"(88, 95)",42,27.0
75,Greedy,D22,"(35, 41)",32,25.0
75,Greedy,D24,"(57, 38)",29,28.0
75,Greedy,D25,"(66, 5)",30,24.0
75,Greedy,D26,"(50, 23)",27,23.0
75,Greedy,D27,"(14, 20)",30,18.0
75,Greedy,D28,"(82, 47)",24,22.0
75,Greedy,D29,"(58, 68)",26,14.0
75,Greedy,D30,"(54, 71)",20,24.0
75,Greedy,D31,"(33, 52)",16,25.0
75,Greedy,D32,"(97, 52)",16,25.0
75,Greedy,D33,"(63, 97)",12,17.0
75,Greedy,D34,"(78, 73)",11,20.0
75,Auction,D1,"(5, 98)",81,22.0
75,Auction,D4,"(4, 75)",74,29.0
75,Auction,D11,"(10, 39)",58,24.0
75,Auction,D17,"(7, 56)",45,30.0
75,Auction,D19,"(8, 92)",46,28.0
75,Auction,D20,"(18, 74)",44,27.0
75,Auction,D21,"(88, 95)",42,27.0
75,Auction,D22,"(35, 41)",32,25.0
75,Auction,D24,"(57, 38)",29,28.0
75,Auction,D25,"(66, 5)",30,24.0
75,Auction,D26,"(50, 23)",27,23.0
75,Auction,D27,"(14, 20)",30,18.0
75,Auction,D28,"(82, 47)",24,22.0
75,Auction,D30,"(54, 71)",20,24.0
75,Auction,D31,"(33, 52)",16,25.0
75,Auction,D32,"(97, 52)",16,25.0
75,Auction,D33,"(63, 97)",12,17.0
75,Auction,D34,"(78, 73)",11,20.0
75,Q-Learning,D4,"(4, 75)",74,29.0
75,Q-Learning,D11,"(10, 39)",58,24.0
75,Q-Learning,D14,"(98, 89)",61,20.0
75,Q-Learning,D16,"(39, 69)",48,17.0
75,Q-Learning,D17,"(7, 56)",45,30.0
75,Q-Learning,D18,"(68, 13)",49,25.0
75,Q-Learning,D19,"(8, 92)",46,28.0
75,Q-Learning,D20,"(18, 74)",44,27.0
75,Q-Learning,D21,"(88, 95)",42,27.0
75,Q-Learning,D22,"(35, 41)",32,25.0
75,Q-Learning,D24,"(57, 38)",29,28.0
75,Q-Learning,D25,"(66, 5)",30,24.0
75,Q-Learning,D26,"(50, 23)",27,23.0
75,Q-Learning,D27,"(14, 20)",30,18.0
75,Q-Learning,D28,"(82, 47)",24,22.0
75,Q-Learning,D30,"(54, 71)",20,24.0
75,Q-Learning,D31,"(33, 52)",16,25.0
75,Q-Learning,D32,"(97, 52)",16,25.0
75,Q-Learning,D33,"(63, 97)",12,17.0
75,Q-Learning,D34,"(78, 73)",11,20.0
76,Greedy,D11,"(10, 39)",59,24.0
76,Greedy,D13,"(7, 29)",58,18.0
76,Greedy,D14,"(98, 89)",62,20.0
76,Greedy,D15,"(21, 97)",51,10.0
76,Greedy,D16,"(39, 69)",49,17.0
76,Greedy,D17,"(7, 56)",46,30.0
76,Greedy,D18,"(68, 13)",50,25.0
76,Greedy,D19,"(8, 92)",47,28.0
76,Greedy,D20,"(18, 74)",45,27.0
76,Greedy,D21,"(88, 95)",43,27.0
76,Greedy,D22,"(35, 41)",33,25.0
76,Greedy,D24,"(57, 38)",30,28.0
76,Greedy,D25,"(66, 5)",31,24.0
76,Greedy,D26,"(50, 23)",28,23.0
76,Greedy,D27,"(14, 20)",31,18.0
76,Greedy,D28,"(82, 47)",25,22.0
76,Greedy,D29,"(58, 68)",27,14.0
76,Greedy,D30,"(54, 71)",21,24.0
76,Greedy,D31,"(33, 52)",17,25.0
76,Greedy,D32,"(97, 52)",17,25.0
76,Greedy,D33,"(63, 97)",13,17.0
76,Greedy,D34,"(78, 73)",12,20.0
76,Greedy,D35,"(77, 78)",7,18.0
76,Auction,D1,"(5, 98)",82,22.0
76,Auction,D4,"(4, 75)",75,29.0
76,Auction,D11,"(10, 39)",59,24.0
76,Auction,D17,"(7, 56)",46,30.0
76,Auction,D19,"(8, 92)",47,28.0
76,Auction,D20,"(18, 74)",45,27.0
76,Auction,D21,"(88, 95)",43,27.0
76,Auction,D22,"(35, 41)",33,25.0
76,Auction,D24,"(57, 38)",30,28.0
76,Auction,D25,"(66, 5)",31,24.0
76,Auction,D26,"(50, 23)",28,23.0
76,Auction,D27,"(14, 20)",31,18.0
76,Auction,D28,"(82, 47)",25,22.0
76,Auction,D30,"(54, 71)",21,24.0
76,Auction,D31,"(33, 52)",17,25.0
76,Auction,D32,"(97, 52)",17,25.0
76,Auction,D33,"(63, 97)",13,17.0
76,Auction,D34,"(78, 73)",12,20.0
76,Auction,D35,"(77, 78)",7,18.0
76,Q-Learning,D4,"(4, 75)",75,29.0
76,Q-Learning,D11,"(10, 39)",59,24.0
76,Q-Learning,D14,"(98, 89)",62,20.0
76,Q-Learning,D16,"(39, 69)",49,17.0
76,Q-Learning,D17,"(7, 56)",46,30.0
76,Q-Learning,D18,"(68, 13)",50,25.0
76,Q-Learning,D19,"(8, 92)",47,28.0
76,Q-Learning,D20,"(18, 74)",45,27.0
76,Q-Learning,D21,"(88, 95)",43,27.0
76,Q-Learning,D22,"(35, 41)",33,25.0
76,Q-Learning,D24,"(57, 38)",30,28.0
76,Q-Learning,D25,"(66, 5)",31,24.0
76,Q-Learning,D26,"(50, 23)",28,23.0
76,Q-Learning,D27,"(14, 20)",31,18.0
76,Q-Learning,D28,"(82, 47)",25,22.0
76,Q-Learning,D30,"(54, 71)",21,24.0
76,Q-Learning,D31,"(33, 52)",17,25.0
76,Q-Learning,D32,"(97, 52)",17,25.0
76,Q-Learning,D33,"(63, 97)",13,17.0
76,Q-Learning,D34,"(78, 73)",12,20.0
76,Q-Learning,D35,"(77, 78)",7,18.0
77,Greedy,D11,"(10, 39)",60,24.0
77,Greedy,D13,"(7, 29)",59,18.0
77,Greedy,D14,"(98, 89)",63,20.0
77,Greedy,D15,"(21, 97)",52,10.0
77,Greedy,D16,"(39, 69)",50,17.0
77,Greedy,D17,"(7, 56)",47,30.0
77,Greedy,D18,"(68, 13)",51,25.0
77,Greedy,D19,"(8, 92)",48,28.0
77,Greedy,D20,"(18, 74)",46,27.0
77,Greedy,D21,"(88, 95)",44,27.0
77,Greedy,D22,"(35, 41)",34,25.0
77,Greedy,D24,"(57, 38)",31,28.0
77,Greedy,D25,"(66, 5)",32,24.0
77,Greedy,D26,"(50, 23)",29,23.0
77,Greedy,D27,"(14, 20)",32,18.0
77,Greedy,D28,"(82, 47)",26,22.0
77,Greedy,D29,"(58, 68)",28,14.0
77,Greedy,D30,"(54, 71)",22,24.0
77,Greedy,D31,"(33, 52)",18,25.0
77,Greedy,D32,"(97, 52)",18,25.0
77,Greedy,D33,"(63, 97)",14,17.0
77,Greedy,D34,"(78, 73)",13,20.0
77,Greedy,D35,"(77, 78)",8,18.0
77,Greedy,D36,"(1, 17)",5,30.0
77,Auction,D1,"(5, 98)",83,22.0
77,Auction,D4,"(4, 75)",76,29.0
77,Auction,D11,"(10, 39)",60,24.0
77,Auction,D17,"(7, 56)",47,30.0
77,Auction,D19,"(8, 92)",48,28.0
77,Auction,D20,"(18, 74)",46,27.0
77,Auction,D21,"(88, 95)",44,27.0
77,Auction,D22,"(35, 41)",34,25.0
77,Auction,D24,"(57, 38)",31,28.0
77,Auction,D25,"(66, 5)",32,24.0
77,Auction,D26,"(50, 23)",29,23.0
77,Auction,D27,"(14, 20)",32,18.0
77,Auction,D28,"(82, 47)",26,22.0
77,Auction,D30,"(54, 71)",22,24.0
77,Auction,D31,"(33, 52)",18,25.0
77,Auction,D32,"(97, 52)",18,25.0
77,Auction,D33,"(63, 97)",14,17.0
77,Auction,D34,"(78, 73)",13,20.0
77,Auction,D35,"(77, 78)",8,18.0
77,Auction,D36,"(1, 17)",5,30.0
77,Q-Learning,D4,"(4, 75)",76,29.0
77,Q-Learning,D11,"(10, 39)",60,24.0
77,Q-Learning,D14,"(98, 89)",63,20.0
77,Q-Learning,D16,"(39, 69)",50,17.0
77,Q-Learning,D17,"(7, 56)",47,30.0
77,Q-Learning,D18,"(68, 13)",51,25.0
77,Q-Learning,D19,"(8, 92)",48,28.0
77,Q-Learning,D20,"(18, 74)",46,27.0
77,Q-Learning,D21,"(88, 95)",44,27.0
77,Q-Learning,D22,"(35, 41)",34,25.0
77,Q-Learning,D24,"(57, 38)",31,28.0
77,Q-Learning,D25,"(66, 5)",32,24.0
77,Q-Learning,D26,"(50, 23)",29,23.0
77,Q-Learning,D27,"(14, 20)",32,18.0
77,Q-Learning,D28,"(82, 47)",26,22.0
77,Q-Learning,D30,"(54, 71)",22,24.0
77,Q-Learning,D31,"(33, 52)",18,25.0
77,Q-Learning,D32,"(97, 52)",18,25.0
77,Q-Learning,D33,"(63, 97)",14,17.0
77,Q-Learning,D34,"(78, 73)",13,20.0
77,Q-Learning,D35,"(77, 78)",8,18.0
77,Q-Learning,D36,"(1, 17)",5,30.0
78,Greedy,D11,"(10, 39)",61,24.0
78,Greedy,D13,"(7, 29)",60,18.0
78,Greedy,D14,"(98, 89)",64,20.0
78,Greedy,D15,"(21, 97)",53,10.0
78,Greedy,D16,"(39, 69)",51,17.0
78,Greedy,D17,"(7, 56)",48,30.0
78,Greedy,D18,"(68, 13)",52,25.0
78,Greedy,D19,"(8, 92)",49,28.0
78,Greedy,D20,"(18, 74)",47,27.0
78,Greedy,D21,"(88, 95)",45,27.0
78,Greedy,D22,"(35, 41)",35,25.0
78,Greedy,D24,"(57, 38)",32,28.0
78,Greedy,D25,"(66, 5)",33,24.0
78,Greedy,D26,"(50, 23)",30,23.0
78,Greedy,D27,"(14, 20)",33,18.0
78,Greedy,D28,"(82, 47)",27,22.0
78,Greedy,D29,"(58, 68)",29,14.0
78,Greedy,D30,"(54, 71)",23,24.0
78,Greedy,D31,"(33, 52)",19,25.0
78,Greedy,D32,"(97, 52)",19,25.0
78,Greedy,D33,"(63, 97)",15,17.0
78,Greedy,D34,"(78, 73)",14,20.0
78,Greedy,D35,"(77, 78)",9,18.0
78,Greedy,D36,"(1, 17)",6,30.0
78,Auction,D1,"(5, 98)",84,22.0
78,Auction,D4,"(4, 75)",77,29.0
78,Auction,D11,"(10, 39)",61,24.0
78,Auction,D17,"(7, 56)",48,30.0
78,Auction,D19,"(8, 92)",49,28.0
78,Auction,D20,"(18, 74)",47,27.0
78,Auction,D21,"(88, 95)",45,27.0
78,Auction,D22,"(35, 41)",35,25.0
78,Auction,D24,"(57, 38)",32,28.0
78,Auction,D25,"(66, 5)",33,24.0
78,Auction,D26,"(50, 23)",30,23.0
78,Auction,D27,"(14, 20)",33,18.0
78,Auction,D28,"(82, 47)",27,22.0
78,Auction,D30,"(54, 71)",23,24.0
78,Auction,D31,"(33, 52)",19,25.0
78,Auction,D32,"(97, 52)",19,25.0
78,Auction,D33,"(63, 97)",15,17.0
78,Auction,D34,"(78, 73)",14,20.0
78,Auction,D35,"(77, 78)",9,18.0
78,Auction,D36,"(1, 17)",6,30.0
78,Q-Learning,D4,"(4, 75)",77,29.0
78,Q-Learning,D11,"(10, 39)",61,24.0
78,Q-Learning,D14,"(98, 89)",64,20.0
78,Q-Learning,D16,"(39, 69)",51,17.0
78,Q-Learning,D17,"(7, 56)",48,30.0
78,Q-Learning,D18,"(68, 13)",52,25.0
78,Q-Learning,D19,"(8, 92)",49,28.0
78,Q-Learning,D20,"(18, 74)",47,27.0
78,Q-Learning,D21,"(88, 95)",45,27.0
78,Q-Learning,D22,"(35, 41)",35,25.0
78,Q-Learning,D24,"(57, 38)",32,28.0
78,Q-Learning,D25,"(66, 5)",33,24.0
78,Q-Learning,D26,"(50, 23)",30,23.0
78,Q-Learning,D27,"(14, 20)",33,18.0
78,Q-Learning,D28,"(82, 47)",27,22.0
78,Q-Learning,D30,"(54, 71)",23,24.0
78,Q-Learning,D31,"(33, 52)",19,25.0
78,Q-Learning,D32,"(97, 52)",19,25.0
78,Q-Learning,D33,"(63, 97)",15,17.0
78,Q-Learning,D34,"(78, 73)",14,20.0
78,Q-Learning,D35,"(77, 78)",9,18.0
78,Q-Learning,D36,"(1, 17)",6,30.0
79,Greedy,D11,"(10, 39)",62,24.0
79,Greedy,D13,"(7, 29)",61,18.0
79,Greedy,D14,"(98, 89)",65,20.0
79,Greedy,D15,"(21, 97)",54,10.0
79,Greedy,D16,"(39, 69)",52,17.0
79,Greedy,D17,"(7, 56)",49,30.0
79,Greedy,D18,"(68, 13)",53,25.0
79,Greedy,D19,"(8, 92)",50,28.0
79,Greedy,D20,"(18, 74)",48,27.0
79,Greedy,D21,"(88, 95)",46,27.0
79,Greedy,D22,"(35, 41)",36,25.0
79,Greedy,D24,"(57, 38)",33,28.0
79,Greedy,D25,"(66, 5)",34,24.0
79,Greedy,D26,"(50, 23)",31,23.0
79,Greedy,D27,"(14, 20)",34,18.0
79,Greedy,D28,"(82, 47)",28,22.0
79,Greedy,D29,"(58, 68)",30,14.0
79,Greedy,D30,"(54, 71)",24,24.0
79,Greedy,D31,"(33, 52)",20,25.0
79,Greedy,D32,"(97, 52)",20,25.0
79,Greedy,D33,"(63, 97)",16,17.0
79,Greedy,D34,"(78, 73)",15,20.0
79,Greedy,D35,"(77, 78)",10,18.0
79,Greedy,D36,"(1, 17)",7,30.0
79,Auction,D1,"(5, 98)",85,22.0
79,Auction,D4,"(4, 75)",78,29.0
79,Auction,D11,"(10, 39)",62,24.0
79,Auction,D17,"(7, 56)",49,30.0
79,Auction,D19,"(8, 92)",50,28.0
79,Auction,D20,"(18, 74)",48,27.0
79,Auction,D21,"(88, 95)",46,27.0
79,Auction,D22,"(35, 41)",36,25.0
79,Auction,D24,"(57, 38)",33,28.0
79,Auction,D25,"(66, 5)",34,24.0
79,Auction,D26,"(50, 23)",31,23.0
79,Auction,D27,"(14, 20)",34,18.0
79,Auction,D28,"(82, 47)",28,22.0
79,Auction,D30,"(54, 71)",24,24.0
79,Auction,D31,"(33, 52)",20,25.0
79,Auction,D32,"(97, 52)",20,25.0
79,Auction,D33,"(63, 97)",16,17.0
79,Auction,D34,"(78, 73)",15,20.0
79,Auction,D35,"(77, 78)",10,18.0
79,Auction,D36,"(1, 17)",7,30.0
79,Q-Learning,D4,"(4, 75)",78,29.0
79,Q-Learning,D11,"(10, 39)",62,24.0
79,Q-Learning,D14,"(98, 89)",65,20.0
79,Q-Learning,D16,"(39, 69)",52,17.0
79,Q-Learning,D17,"(7, 56)",49,30.0
79,Q-Learning,D18,"(68, 13)",53,25.0
79,Q-Learning,D19,"(8, 92)",50,28.0
79,Q-Learning,D20,"(18, 74)",48,27.0
79,Q-Learning,D21,"(88, 95)",46,27.0
79,Q-Learning,D22,"(35, 41)",36,25.0
79,Q-Learning,D24,"(57, 38)",33,28.0
79,Q-Learning,D25,"(66, 5)",34,24.0
79,Q-Learning,D26,"(50, 23)",31,23.0
79,Q-Learning,D27,"(14, 20)",34,18.0
79,Q-Learning,D28,"(82, 47)",28,22.0
79,Q-Learning,D30,"(54, 71)",24,24.0
79,Q-Learning,D31,"(33, 52)",20,25.0
79,Q-Learning,D32,"(97, 52)",20,25.0
79,Q-Learning,D33,"(63, 97)",16,17.0
79,Q-Learning,D34,"(78, 73)",15,20.0
79,Q-Learning,D35,"(77, 78)",10,18.0
79,Q-Learning,D36,"(1, 17)",7,30.0
80,Greedy,D11,"(10, 39)",63,24.0
80,Greedy,D13,"(7, 29)",62,18.0
80,Greedy,D14,"(98, 89)",66,20.0
80,Greedy,D15,"(21, 97)",55,10.0
80,Greedy,D16,"(39, 69)",53,17.0
80,Greedy,D17,"(7, 56)",50,30.0
80,Greedy,D18,"(68, 13)",54,25.0
80,Greedy,D19,"(8, 92)",51,28.0
80,Greedy,D20,"(18, 74)",49,27.0
80,Greedy,D21,"(88, 95)",47,27.0
80,Greedy,D22,"(35, 41)",37,25.0
80,Greedy,D24,"(57, 38)",34,28.0
80,Greedy,D25,"(66, 5)",35,24.0
80,Greedy,D26,"(50, 23)",32,23.0
80,Greedy,D27,"(14, 20)",35,18.0
80,Greedy,D28,"(82, 47)",29,22.0
80,Greedy,D29,"(58, 68)",31,14.0
80,Greedy,D30,"(54, 71)",25,24.0
80,Greedy,D31,"(33, 52)",21,25.0
80,Greedy,D32,"(97, 52)",21,25.0
80,Greedy,D33,"(63, 97)",17,17.0
80,Greedy,D34,"(78, 73)",16,20.0
80,Greedy,D35,"(77, 78)",11,18.0
80,Greedy,D36,"(1, 17)",8,30.0
80,Auction,D1,"(5, 98)",86,22.0
80,Auction,D4,"(4, 75)",79,29.0
80,Auction,D11,"(10, 39)",63,24.0
80,Auction,D17,"(7, 56)",50,30.0
80,Auction,D19,"(8, 92)",51,28.0
80,Auction,D20,"(18, 74)",49,27.0
80,Auction,D21,"(88, 95)",47,27.0
80,Auction,D22,"(35, 41)",37,25.0
80,Auction,D24,"(57, 38)",34,28.0
80,Auction,D25,"(66, 5)",35,24.0
80,Auction,D26,"(50, 23)",32,23.0
80,Auction,D27,"(14, 20)",35,18.0
80,Auction,D28,"(82, 47)",29,22.0
80,Auction,D30,"(54, 71)",25,24.0
80,Auction,D31,"(33, 52)",21,25.0
80,Auction,D32,"(97, 52)",21,25.0
80,Auction,D33,"(63, 97)",17,17.0
80,Auction,D34,"(78, 73)",16,20.0
80,Auction,D35,"(77, 78)",11,18.0
80,Auction,D36,"(1, 17)",8,30.0
80,Q-Learning,D4,"(4, 75)",79,29.0
80,Q-Learning,D11,"(10, 39)",63,24.0
80,Q-Learning,D14,"(98, 89)",66,20.0
80,Q-Learning,D16,"(39, 69)",53,17.0
80,Q-Learning,D17,"(7, 56)",50,30.0
80,Q-Learning,D18,"(68, 13)",54,25.0
80,Q-Learning,D19,"(8, 92)",51,28.0
80,Q-Learning,D20,"(18, 74)",49,27.0
80,Q-Learning,D21,"(88, 95)",47,27.0
80,Q-Learning,D22,"(35, 41)",37,25.0
80,Q-Learning,D24,"(57, 38)",34,28.0
80,Q-Learning,D25,"(66, 5)",35,24.0
80,Q-Learning,D26,"(50, 23)",32,23.0
80,Q-Learning,D27,"(14, 20)",35,18.0
80,Q-Learning,D28,"(82, 47)",29,22.0
80,Q-Learning,D30,"(54, 71)",25,24.0
80,Q-Learning,D31,"(33, 52)",21,25.0
80,Q-Learning,D32,"(97, 52)",21,25.0
80,Q-Learning,D33,"(63, 97)",17,17.0
80,Q-Learning,D34,"(78, 73)",16,20.0
80,Q-Learning,D35,"(77, 78)",11,18.0
80,Q-Learning,D36,"(1, 17)",8,30.0
81,Greedy,D11,"(10, 39)",64,24.0
81,Greedy,D13,"(7, 29)",63,18.0
81,Greedy,D14,"(98, 89)",67,20.0
81,Greedy,D15,"(21, 97)",56,10.0
81,Greedy,D16,"(39, 69)",54,17.0
81,Greedy,D17,"(7, 56)",51,30.0
81,Greedy,D18,"(68, 13)",55,25.0
81,Greedy,D19,"(8, 92)",52,28.0
81,Greedy,D20,"(18, 74)",50,27.0
81,Greedy,D21,"(88, 95)",48,27.0
81,Greedy,D22,"(35, 41)",38,25.0
81,Greedy,D24,"(57, 38)",35,28.0
81,Greedy,D25,"(66, 5)",36,24.0
81,Greedy,D26,"(50, 23)",33,23.0
81,Greedy,D27,"(14, 20)",36,18.0
81,Greedy,D28,"(82, 47)",30,22.0
81,Greedy,D29,"(58, 68)",32,14.0
81,Greedy,D30,"(54, 71)",26,24.0
81,Greedy,D31,"(33, 52)",22,25.0
81,Greedy,D32,"(97, 52)",22,25.0
81,Greedy,D33,"(63, 97)",18,17.0
81,Greedy,D34,"(78, 73)",17,20.0
81,Greedy,D35,"(77, 78)",12,18.0
81,Greedy,D36,"(1, 17)",9,30.0
81,Auction,D1,"(5, 98)",87,22.0
81,Auction,D4,"(4, 75)",80,29.0
81,Auction,D11,"(10, 39)",64,24.0
81,Auction,D17,"(7, 56)",51,30.0
81,Auction,D19,"(8, 92)",52,28.0
81,Auction,D20,"(18, 74)",50,27.0
81,Auction,D21,"(88, 95)",48,27.0
81,Auction,D22,"(35, 41)",38,25.0
81,Auction,D24,"(57, 38)",35,28.0
81,Auction,D25,"(66, 5)",36,24.0
81,Auction,D26,"(50, 23)",33,23.0
81,Auction,D27,"(14, 20)",36,18.0
81,Auction,D28,"(82, 47)",30,22.0
81,Auction,D30,"(54, 71)",26,24.0
81,Auction,D31,"(33, 52)",22,25.0
81,Auction,D32,"(97, 52)",22,25.0
81,Auction,D33,"(63, 97)",18,17.0
81,Auction,D34,"(78, 73)",17,20.0
81,Auction,D35,"(77, 78)",12,18.0
81,Auction,D36,"(1, 17)",9,30.0
81,Q-Learning,D4,"(4, 75)",80,29.0
81,Q-Learning,D11,"(10, 39)",64,24.0
81,Q-Learning,D14,"(98, 89)",67,20.0
81,Q-Learning,D16,"(39, 69)",54,17.0
81,Q-Learning,D17,"(7, 56)",51,30.0
81,Q-Learning,D18,"(68, 13)",55,25.0
81,Q-Learning,D19,"(8, 92)",52,28.0
81,Q-Learning,D20,"(18, 74)",50,27.0
81,Q-Learning,D21,"(88, 95)",48,27.0
81,Q-Learning,D22,"(35, 41)",38,25.0
81,Q-Learning,D24,"(57, 38)",35,28.0
81,Q-Learning,D25,"(66, 5)",36,24.0
81,Q-Learning,D26,"(50, 23)",33,23.0
81,Q-Learning,D27,"(14, 20)",36,18.0
81,Q-Learning,D28,"(82, 47)",30,22.0
81,Q-Learning,D30,"(54, 71)",26,24.0
81,Q-Learning,D31,"(33, 52)",22,25.0
81,Q-Learning,D32,"(97, 52)",22,25.0
81,Q-Learning,D33,"(63, 97)",18,17.0
81,Q-Learning,D34,"(78, 73)",17,20.0
81,Q-Learning,D35,"(77, 78)",12,18.0
81,Q-Learning,D36,"(1, 17)",9,30.0
82,Greedy,D11,"(10, 39)",65,24.0
82,Greedy,D13,"(7, 29)",64,18.0
82,Greedy,D14,"(98, 89)",68,20.0
82,Greedy,D15,"(21, 97)",57,10.0
82,Greedy,D16,"(39, 69)",55,17.0
82,Greedy,D17,"(7, 56)",52,30.0
82,Greedy,D18,"(68, 13)",56,25.0
82,Greedy,D19,"(8, 92)",53,28.0
82,Greedy,D20,"(18, 74)",51,27.0
82,Greedy,D21,"(88, 95)",49,27.0
82,Greedy,D22,"(35, 41)",39,25.0
82,Greedy,D24,"(57, 38)",36,28.0
82,Greedy,D25,"(66, 5)",37,24.0
82,Greedy,D26,"(50, 23)",34,23.0
82,Greedy,D27,"(14, 20)",37,18.0
82,Greedy,D28,"(82, 47)",31,22.0
82,Greedy,D29,"(58, 68)",33,14.0
82,Greedy,D30,"(54, 71)",27,24.0
82,Greedy,D31,"(33, 52)",23,25.0
82,Greedy,D32,"(97, 52)",23,25.0
82,Greedy,D33,"(63, 97)",19,17.0
82,Greedy,D34,"(78, 73)",18,20.0
82,Greedy,D35,"(77, 78)",13,18.0
82,Greedy,D36,"(1, 17)",10,30.0
82,Greedy,D37,"(40, 49)",3,24.0
82,Auction,D1,"(5, 98)",88,22.0
82,Auction,D4,"(4, 75)",81,29.0
82,Auction,D11,"(10, 39)",65,24.0
82,Auction,D17,"(7, 56)",52,30.0
82,Auction,D19,"(8, 92)",53,28.0
82,Auction,D20,"(18, 74)",51,27.0
82,Auction,D21,"(88, 95)",49,27.0
82,Auction,D22,"(35, 41)",39,25.0
82,Auction,D24,"(57, 38)",36,28.0
82,Auction,D25,"(66, 5)",37,24.0
82,Auction,D26,"(50, 23)",34,23.0
82,Auction,D27,"(14, 20)",37,18.0
82,Auction,D28,"(82, 47)",31,22.0
82,Auction,D30,"(54, 71)",27,24.0
82,Auction,D31,"(33, 52)",23,25.0
82,Auction,D32,"(97, 52)",23,25.0
82,Auction,D33,"(63, 97)",19,17.0
82,Auction,D34,"(78, 73)",18,20.0
82,Auction,D35,"(77, 78)",13,18.0
82,Auction,D36,"(1, 17)",10,30.0
82,Auction,D37,"(40, 49)",3,24.0
82,Q-Learning,D4,"(4, 75)",81,29.0
82,Q-Learning,D11,"(10, 39)",65,24.0
82,Q-Learning,D14,"(98, 89)",68,20.0
82,Q-Learning,D16,"(39, 69)",55,17.0
82,Q-Learning,D17,"(7, 56)",52,30.0
82,Q-Learning,D18,"(68, 13)",56,25.0
82,Q-Learning,D19,"(8, 92)",53,28.0
82,Q-Learning,D20,"(18, 74)",51,27.0
82,Q-Learning,D21,"(88, 95)",49,27.0
82,Q-Learning,D22,"(35, 41)",39,25.0
82,Q-Learning,D24,"(57, 38)",36,28.0
82,Q-Learning,D25,"(66, 5)",37,24.0
82,Q-Learning,D26,"(50, 23)",34,23.0
82,Q-Learning,D27,"(14, 20)",37,18.0
82,Q-Learning,D28,"(82, 47)",31,22.0
82,Q-Learning,D30,"(54, 71)",27,24.0
82,Q-Learning,D31,"(33, 52)",23,25.0
82,Q-Learning,D32,"(97, 52)",23,25.0
82,Q-Learning,D33,"(63, 97)",19,17.0
82,Q-Learning,D34,"(78, 73)",18,20.0
82,Q-Learning,D35,"(77, 78)",13,18.0
82,Q-Learning,D36,"(1, 17)",10,30.0
82,Q-Learning,D37,"(40, 49)",3,24.0
83,Greedy,D11,"(10, 39)",66,24.0
83,Greedy,D13,"(7, 29)",65,18.0
83,Greedy,D14,"(98, 89)",69,20.0
83,Greedy,D15,"(21, 97)",58,10.0
83,Greedy,D16,"(39, 69)",56,17.0
83,Greedy,D17,"(7, 56)",53,30.0
83,Greedy,D18,"(68, 13)",57,25.0
83,Greedy,D19,"(8, 92)",54,28.0
83,Greedy,D20,"(18, 74)",52,27.0
83,Greedy,D21,"(88, 95)",50,27.0
83,Greedy,D22,"(35, 41)",40,25.0
83,Greedy,D24,"(57, 38)",37,28.0
83,Greedy,D25,"(66, 5)",38,24.0
83,Greedy,D26,"(50, 23)",35,23.0
83,Greedy,D27,"(14, 20)",38,18.0
83,Greedy,D28,"(82, 47)",32,22.0
83,Greedy,D29,"(58, 68)",34,14.0
83,Greedy,D30,"(54, 71)",28,24.0
83,Greedy,D31,"(33, 52)",24,25.0
83,Greedy,D32,"(97, 52)",24,25.0
83,Greedy,D33,"(63, 97)",20,17.0
83,Greedy,D34,"(78, 73)",19,20.0
83,Greedy,D35,"(77, 78)",14,18.0
83,Greedy,D36,"(1, 17)",11,30.0
83,Greedy,D37,"(40, 49)",4,24.0
83,Greedy,D38,"(37, 25)",7,30.0
83,Auction,D1,"(5, 98)",89,22.0
83,Auction,D4,"(4, 75)",82,29.0
83,Auction,D11,"(10, 39)",66,24.0
83,Auction,D17,"(7, 56)",53,30.0
83,Auction,D19,"(8, 92)",54,28.0
83,Auction,D20,"(18, 74)",52,27.0
83,Auction,D21,"(88, 95)",50,27.0
83,Auction,D22,"(35, 41)",40,25.0
83,Auction,D24,"(57, 38)",37,28.0
83,Auction,D25,"(66, 5)",38,24.0
83,Auction,D26,"(50, 23)",35,23.0
83,Auction,D27,"(14, 20)",38,18.0
83,Auction,D28,"(82, 47)",32,22.0
83,Auction,D30,"(54, 71)",28,24.0
83,Auction,D31,"(33, 52)",24,25.0
83,Auction,D32,"(97, 52)",24,25.0
83,Auction,D33,"(63, 97)",20,17.0
83,Auction,D34,"(78, 73)",19,20.0
83,Auction,D35,"(77, 78)",14,18.0
83,Auction,D36,"(1, 17)",11,30.0
83,Auction,D37,"(40, 49)",4,24.0
83,Auction,D38,"(37, 25)",7,30.0
83,Q-Learning,D4,"(4, 75)",82,29.0
83,Q-Learning,D11,"(10, 39)",66,24.0
83,Q-Learning,D14,"(98, 89)",69,20.0
83,Q-Learning,D16,"(39, 69)",56,17.0
83,Q-Learning,D17,"(7, 56)",53,30.0
83,Q-Learning,D18,"(68, 13)",57,25.0
83,Q-Learning,D19,"(8, 92)",54,28.0
83,Q-Learning,D20,"(18, 74)",52,27.0
83,Q-Learning,D21,"(88, 95)",50,27.0
83,Q-Learning,D22,"(35, 41)",40,25.0
83,Q-Learning,D24,"(57, 38)",37,28.0
83,Q-Learning,D25,"(66, 5)",38,24.0
83,Q-Learning,D26,"(50, 23)",35,23.0
83,Q-Learning,D27,"(14, 20)",38,18.0
83,Q-Learning,D28,"(82, 47)",32,22.0
83,Q-Learning,D30,"(54, 71)",28,24.0
83,Q-Learning,D31,"(33, 52)",24,25.0
83,Q-Learning,D32,"(97, 52)",24,25.0
83,Q-Learning,D33,"(63, 97)",20,17.0
83,Q-Learning,D34,"(78, 73)",19,20.0
83,Q-Learning,D35,"(77, 78)",14,18.0
83,Q-Learning,D36,"(1, 17)",11,30.0
83,Q-Learning,D37,"(40, 49)",4,24.0
83,Q-Learning,D38,"(37, 25)",7,30.0
84,Greedy,D11,"(10, 39)",67,24.0
84,Greedy,D13,"(7, 29)",66,18.0
84,Greedy,D14,"(98, 89)",70,20.0
84,Greedy,D15,"(21, 97)",59,10.0
84,Greedy,D16,"(39, 69)",57,17.0
84,Greedy,D17,"(7, 56)",54,30.0
84,Greedy,D18,"(68, 13)",58,25.0
84,Greedy,D19,"(8, 92)",55,28.0
84,Greedy,D20,"(18, 74)",53,27.0
84,Greedy,D21,"(88, 95)",51,27.0
84,Greedy,D22,"(35, 41)",41,25.0
84,Greedy,D24,"(57, 38)",38,28.0
84,Greedy,D25,"(66, 5)",39,24.0
84,Greedy,D26,"(50, 23)",36,23.0
84,Greedy,D27,"(14, 20)",39,18.0
84,Greedy,D28,"(82, 47)",33,22.0
84,Greedy,D29,"(58, 68)",35,14.0
84,Greedy,D30,"(54, 71)",29,24.0
84,Greedy,D31,"(33, 52)",25,25.0
84,Greedy,D32,"(97, 52)",25,25.0
84,Greedy,D33,"(63, 97)",21,17.0
84,Greedy,D34,"(78, 73)",20,20.0
84,Greedy,D35,"(77, 78)",15,18.0
84,Greedy,D36,"(1, 17)",12,30.0
84,Greedy,D37,"(40, 49)",5,24.0
84,Greedy,D38,"(37, 25)",8,30.0
84,Auction,D1,"(5, 98)",90,22.0
84,Auction,D4,"(4, 75)",83,29.0
84,Auction,D11,"(10, 39)",67,24.0
84,Auction,D17,"(7, 56)",54,30.0
84,Auction,D19,"(8, 92)",55,28.0
84,Auction,D20,"(18, 74)",53,27.0
84,Auction,D21,"(88, 95)",51,27.0
84,Auction,D22,"(35, 41)",41,25.0
84,Auction,D24,"(57, 38)",38,28.0
84,Auction,D25,"(66, 5)",39,24.0
84,Auction,D26,"(50, 23)",36,23.0
84,Auction,D27,"(14, 20)",39,18.0
84,Auction,D28,"(82, 47)",33,22.0
84,Auction,D30,"(54, 71)",29,24.0
84,Auction,D31,"(33, 52)",25,25.0
84,Auction,D32,"(97, 52)",25,25.0
84,Auction,D33,"(63, 97)",21,17.0
84,Auction,D34,"(78, 73)",20,20.0
84,Auction,D35,"(77, 78)",15,18.0
84,Auction,D36,"(1, 17)",12,30.0
84,Auction,D37,"(40, 49)",5,24.0
84,Auction,D38,"(37, 25)",8,30.0
84,Q-Learning,D4,"(4, 75)",83,29.0
84,Q-Learning,D11,"(10, 39)",67,24.0
84,Q-Learning,D14,"(98, 89)",70,20.0
84,Q-Learning,D16,"(39, 69)",57,17.0
84,Q-Learning,D17,"(7, 56)",54,30.0
84,Q-Learning,D18,"(68, 13)",58,25.0
84,Q-Learning,D19,"(8, 92)",55,28.0
84,Q-Learning,D20,"(18, 74)",53,27.0
84,Q-Learning,D21,"(88, 95)",51,27.0
84,Q-Learning,D22,"(35, 41)",41,25.0
84,Q-Learning,D24,"(57, 38)",38,28.0
84,Q-Learning,D25,"(66, 5)",39,24.0
84,Q-Learning,D26,"(50, 23)",36,23.0
84,Q-Learning,D27,"(14, 20)",39,18.0
84,Q-Learning,D28,"(82, 47)",33,22.0
84,Q-Learning,D30,"(54, 71)",29,24.0
84,Q-Learning,D31,"(33, 52)",25,25.0
84,Q-Learning,D32,"(97, 52)",25,25.0
84,Q-Learning,D33,"(63, 97)",21,17.0
84,Q-Learning,D34,"(78, 73)",20,20.0
84,Q-Learning,D35,"(77, 78)",15,18.0
84,Q-Learning,D36,"(1, 17)",12,30.0
84,Q-Learning,D37,"(40, 49)",5,24.0
84,Q-Learning,D38,"(37, 25)",8,30.0
85,Greedy,D11,"(10, 39)",68,24.0
85,Greedy,D13,"(7, 29)",67,18.0
85,Greedy,D14,"(98, 89)",71,20.0
85,Greedy,D15,"(21, 97)",60,10.0
85,Greedy,D16,"(39, 69)",58,17.0
85,Greedy,D17,"(7, 56)",55,30.0
85,Greedy,D18,"(68, 13)",59,25.0
85,Greedy,D19,"(8, 92)",56,28.0
85,Greedy,D20,"(18, 74)",54,27.0
85,Greedy,D21,"(88, 95)",52,27.0
85,Greedy,D22,"(35, 41)",42,25.0
85,Greedy,D24,"(57, 38)",39,28.0
85,Greedy,D25,"(66, 5)",40,24.0
85,Greedy,D26,"(50, 23)",37,23.0
85,Greedy,D27,"(14, 20)",40,18.0
85,Greedy,D28,"(82, 47)",34,22.0
85,Greedy,D29,"(58, 68)",36,14.0
85,Greedy,D30,"(54, 71)",30,24.0
85,Greedy,D31,"(33, 52)",26,25.0
85,Greedy,D32,"(97, 52)",26,25.0
85,Greedy,D33,"(63, 97)",22,17.0
85,Greedy,D34,"(78, 73)",21,20.0
85,Greedy,D35,"(77, 78)",16,18.0
85,Greedy,D36,"(1, 17)",13,30.0
85,Greedy,D37,"(40, 49)",6,24.0
85,Greedy,D38,"(37, 25)",9,30.0
85,Greedy,D39,"(9, 78)",10,15.0
85,Auction,D1,"(5, 98)",91,22.0
85,Auction,D4,"(4, 75)",84,29.0
85,Auction,D11,"(10, 39)",68,24.0
85,Auction,D17,"(7, 56)",55,30.0
85,Auction,D19,"(8, 92)",56,28.0
85,Auction,D20,"(18, 74)",54,27.0
85,Auction,D21,"(88, 95)",52,27.0
85,Auction,D22,"(35, 41)",42,25.0
85,Auction,D24,"(57, 38)",39,28.0
85,Auction,D25,"(66, 5)",40,24.0
85,Auction,D26,"(50, 23)",37,23.0
85,Auction,D27,"(14, 20)",40,18.0
85,Auction,D28,"(82, 47)",34,22.0
85,Auction,D30,"(54, 71)",30,24.0
85,Auction,D31,"(33, 52)",26,25.0
85,Auction,D32,"(97, 52)",26,25.0
85,Auction,D33,"(63, 97)",22,17.0
85,Auction,D34,"(78, 73)",21,20.0
85,Auction,D35,"(77, 78)",16,18.0
85,Auction,D36,"(1, 17)",13,30.0
85,Auction,D37,"(40, 49)",6,24.0
85,Auction,D38,"(37, 25)",9,30.0
85,Auction,D39,"(9, 78)",10,15.0
85,Q-Learning,D4,"(4, 75)",84,29.0
85,Q-Learning,D11,"(10, 39)",68,24.0
85,Q-Learning,D14,"(98, 89)",71,20.0
85,Q-Learning,D16,"(39, 69)",58,17.0
85,Q-Learning,D17,"(7, 56)",55,30.0
85,Q-Learning,D18,"(68, 13)",59,25.0
85,Q-Learning,D19,"(8, 92)",56,28.0
85,Q-Learning,D20,"(18, 74)",54,27.0
85,Q-Learning,D21,"(88, 95)",52,27.0
85,Q-Learning,D22,"(35, 41)",42,25.0
85,Q-Learning,D24,"(57, 38)",39,28.0
85,Q-Learning,D25,"(66, 5)",40,24.0
85,Q-Learning,D26,"(50, 23)",37,23.0
85,Q-Learning,D27,"(14, 20)",40,18.0
85,Q-Learning,D28,"(82, 47)",34,22.0
85,Q-Learning,D30,"(54, 71)",30,24.0
85,Q-Learning,D31,"(33, 52)",26,25.0
85,Q-Learning,D32,"(97, 52)",26,25.0
85,Q-Learning,D33,"(63, 97)",22,17.0
85,Q-Learning,D34,"(78, 73)",21,20.0
85,Q-Learning,D35,"(77, 78)",16,18.0
85,Q-Learning,D36,"(1, 17)",13,30.0
85,Q-Learning,D37,"(40, 49)",6,24.0
85,Q-Learning,D38,"(37, 25)",9,30.0
85,Q-Learning,D39,"(9, 78)",10,15.0
86,Greedy,D11,"(10, 39)",69,24.0
86,Greedy,D13,"(7, 29)",68,18.0
86,Greedy,D14,"(98, 89)",72,20.0
86,Greedy,D15,"(21, 97)",61,10.0
86,Greedy,D16,"(39, 69)",59,17.0
86,Greedy,D17,"(7, 56)",56,30.0
86,Greedy,D18,"(68, 13)",60,25.0
86,Greedy,D19,"(8, 92)",57,28.0
86,Greedy,D20,"(18, 74)",55,27.0
86,Greedy,D21,"(88, 95)",53,27.0
86,Greedy,D22,"(35, 41)",43,25.0
86,Greedy,D24,"(57, 38)",40,28.0
86,Greedy,D25,"(66, 5)",41,24.0
86,Greedy,D26,"(50, 23)",38,23.0
86,Greedy,D27,"(14, 20)",41,18.0
86,Greedy,D28,"(82, 47)",35,22.0
86,Greedy,D29,"(58, 68)",37,14.0
86,Greedy,D30,"(54, 71)",31,24.0
86,Greedy,D31,"(33, 52)",27,25.0
86,Greedy,D32,"(97, 52)",27,25.0
86,Greedy,D33,"(63, 97)",23,17.0
86,Greedy,D34,"(78, 73)",22,20.0
86,Greedy,D35,"(77, 78)",17,18.0
86,Greedy,D36,"(1, 17)",14,30.0
86,Greedy,D37,"(40, 49)",7,24.0
86,Greedy,D38,"(37, 25)",10,30.0
86,Greedy,D39,"(9, 78)",11,15.0
86,Greedy,D40,"(36, 26)",1,16.0
86,Auction,D1,"(5, 98)",92,22.0
86,Auction,D4,"(4, 75)",85,29.0
86,Auction,D11,"(10, 39)",69,24.0
86,Auction,D17,"(7, 56)",56,30.0
86,Auction,D19,"(8, 92)",57,28.0
86,Auction,D20,"(18, 74)",55,27.0
86,Auction,D21,"(88, 95)",53,27.0
86,Auction,D22,"(35, 41)",43,25.0
86,Auction,D24,"(57, 38)",40,28.0
86,Auction,D25,"(66, 5)",41,24.0
86,Auction,D26,"(50, 23)",38,23.0
86,Auction,D27,"(14, 20)",41,18.0
86,Auction,D28,"(82, 47)",35,22.0
86,Auction,D30,"(54, 71)",31,24.0
86,Auction,D31,"(33, 52)",27,25.0
86,Auction,D32,"(97, 52)",27,25.0
86,Auction,D33,"(63, 97)",23,17.0
86,Auction,D34,"(78, 73)",22,20.0
86,Auction,D35,"(77, 78)",17,18.0
86,Auction,D36,"(1, 17)",14,30.0
86,Auction,D37,"(40, 49)",7,24.0
86,Auction,D38,"(37, 25)",10,30.0
86,Auction,D39,"(9, 78)",11,15.0
86,Q-Learning,D4,"(4, 75)",85,29.0
86,Q-Learning,D11,"(10, 39)",69,24.0
86,Q-Learning,D14,"(98, 89)",72,20.0
86,Q-Learning,D16,"(39, 69)",59,17.0
86,Q-Learning,D17,"(7, 56)",56,30.0
86,Q-Learning,D18,"(68, 13)",60,25.0
86,Q-Learning,D19,"(8, 92)",57,28.0
86,Q-Learning,D20,"(18, 74)",55,27.0
86,Q-Learning,D21,"(88, 95)",53,27.0
86,Q-Learning,D22,"(35, 41)",43,25.0
86,Q-Learning,D24,"(57, 38)",40,28.0
86,Q-Learning,D25,"(66, 5)",41,24.0
86,Q-Learning,D26,"(50, 23)",38,23.0
86,Q-Learning,D27,"(14, 20)",41,18.0
86,Q-Learning,D28,"(82, 47)",35,22.0
86,Q-Learning,D30,"(54, 71)",31,24.0
86,Q-Learning,D31,"(33, 52)",27,25.0
86,Q-Learning,D32,"(97, 52)",27,25.0
86,Q-Learning,D33,"(63, 97)",23,17.0
86,Q-Learning,D34,"(78, 73)",22,20.0
86,Q-Learning,D35,"(77, 78)",17,18.0
86,Q-Learning,D36,"(1, 17)",14,30.0
86,Q-Learning,D37,"(40, 49)",7,24.0
86,Q-Learning,D38,"(37, 25)",10,30.0
86,Q-Learning,D39,"(9, 78)",11,15.0
86,Q-Learning,D40,"(36, 26)",1,16.0
87,Greedy,D11,"(10, 39)",70,24.0
87,Greedy,D13,"(7, 29)",69,18.0
87,Greedy,D14,"(98, 89)",73,20.0
87,Greedy,D15,"(21, 97)",62,10.0
87,Greedy,D16,"(39, 69)",60,17.0
87,Greedy,D17,"(7, 56)",57,30.0
87,Greedy,D18,"(68, 13)",61,25.0
87,Greedy,D19,"(8, 92)",58,28.0
87,Greedy,D20,"(18, 74)",56,27.0
87,Greedy,D21,"(88, 95)",54,27.0
87,Greedy,D22,"(35, 41)",44,25.0
87,Greedy,D24,"(57, 38)",41,28.0
87,Greedy,D25,"(66, 5)",42,24.0
87,Greedy,D26,"(50, 23)",39,23.0
87,Greedy,D27,"(14, 20)",42,18.0
87,Greedy,D28,"(82, 47)",36,22.0
87,Greedy,D29,"(58, 68)",38,14.0
87,Greedy,D30,"(54, 71)",32,24.0
87,Greedy,D31,"(33, 52)",28,25.0
87,Greedy,D32,"(97, 52)",28,25.0
87,Greedy,D33,"(63, 97)",24,17.0
87,Greedy,D34,"(78, 73)",23,20.0
87,Greedy,D35,"(77, 78)",18,18.0
87,Greedy,D36,"(1, 17)",15,30.0
87,Greedy,D37,"(40, 49)",8,24.0
87,Greedy,D38,"(37, 25)",11,30.0
87,Greedy,D39,"(9, 78)",12,15.0
87,Greedy,D40,"(36, 26)",2,16.0
87,Auction,D1,"(5, 98)",93,22.0
87,Auction,D4,"(4, 75)",86,29.0
87,Auction,D11,"(10, 39)",70,24.0
87,Auction,D17,"(7, 56)",57,30.0
87,Auction,D19,"(8, 92)",58,28.0
87,Auction,D20,"(18, 74)",56,27.0
87,Auction,D21,"(88, 95)",54,27.0
87,Auction,D22,"(35, 41)",44,25.0
87,Auction,D24,"(57, 38)",41,28.0
87,Auction,D25,"(66, 5)",42,24.0
87,Auction,D26,"(50, 23)",39,23.0
87,Auction,D27,"(14, 20)",42,18.0
87,Auction,D28,"(82, 47)",36,22.0
87,Auction,D30,"(54, 71)",32,24.0
87,Auction,D31,"(33, 52)",28,25.0
87,Auction,D32,"(97, 52)",28,25.0
87,Auction,D33,"(63, 97)",24,17.0
87,Auction,D34,"(78, 73)",23,20.0
87,Auction,D35,"(77, 78)",18,18.0
87,Auction,D36,"(1, 17)",15,30.0
87,Auction,D37,"(40, 49)",8,24.0
87,Auction,D38,"(37, 25)",11,30.0
87,Auction,D39,"(9, 78)",12,15.0
87,Q-Learning,D4,"(4, 75)",86,29.0
87,Q-Learning,D11,"(10, 39)",70,24.0
87,Q-Learning,D14,"(98, 89)",73,20.0
87,Q-Learning,D16,"(39, 69)",60,17.0
87,Q-Learning,D17,"(7, 56)",57,30.0
87,Q-Learning,D18,"(68, 13)",61,25.0
87,Q-Learning,D19,"(8, 92)",58,28.0
87,Q-Learning,D20,"(18, 74)",56,27.0
87,Q-Learning,D21,"(88, 95)",54,27.0
87,Q-Learning,D22,"(35, 41)",44,25.0
87,Q-Learning,D24,"(57, 38)",41,28.0
87,Q-Learning,D25,"(66, 5)",42,24.0
87,Q-Learning,D26,"(50, 23)",39,23.0
87,Q-Learning,D27,"(14, 20)",42,18.0
87,Q-Learning,D28,"(82, 47)",36,22.0
87,Q-Learning,D30,"(54, 71)",32,24.0
87,Q-Learning,D31,"(33, 52)",28,25.0
87,Q-Learning,D32,"(97, 52)",28,25.0
87,Q-Learning,D33,"(63, 97)",24,17.0
87,Q-Learning,D34,"(78, 73)",23,20.0
87,Q-Learning,D35,"(77, 78)",18,18.0
87,Q-Learning,D36,"(1, 17)",15,30.0
87,Q-Learning,D37,"(40, 49)",8,24.0
87,Q-Learning,D38,"(37, 25)",11,30.0
87,Q-Learning,D39,"(9, 78)",12,15.0
87,Q-Learning,D40,"(36, 26)",2,16.0
88,Greedy,D11,"(10, 39)",71,24.0
88,Greedy,D13,"(7, 29)",70,18.0
88,Greedy,D14,"(98, 89)",74,20.0
88,Greedy,D15,"(21, 97)",63,10.0
88,Greedy,D16,"(39, 69)",61,17.0
88,Greedy,D17,"(7, 56)",58,30.0
88,Greedy,D18,"(68, 13)",62,25.0
88,Greedy,D19,"(8, 92)",59,28.0
88,Greedy,D20,"(18, 74)",57,27.0
88,Greedy,D21,"(88, 95)",55,27.0
88,Greedy,D22,"(35, 41)",45,25.0
88,Greedy,D24,"(57, 38)",42,28.0
88,Greedy,D25,"(66, 5)",43,24.0
88,Greedy,D26,"(50, 23)",40,23.0
88,Greedy,D27,"(14, 20)",43,18.0
88,Greedy,D28,"(82, 47)",37,22.0
88,Greedy,D29,"(58, 68)",39,14.0
88,Greedy,D30,"(54, 71)",33,24.0
88,Greedy,D31,"(33, 52)",29,25.0
88,Greedy,D32,"(97, 52)",29,25.0
88,Greedy,D33,"(63, 97)",25,17.0
88,Greedy,D34,"(78, 73)",24,20.0
88,Greedy,D35,"(77, 78)",19,18.0
88,Greedy,D36,"(1, 17)",16,30.0
88,Greedy,D37,"(40, 49)",9,24.0
88,Greedy,D38,"(37, 25)",12,30.0
88,Greedy,D39,"(9, 78)",13,15.0
88,Greedy,D40,"(36, 26)",3,16.0
88,Greedy,D41,"(47, 69)",3,22.0
88,Auction,D1,"(5, 98)",94,22.0
88,Auction,D4,"(4, 75)",87,29.0
88,Auction,D11,"(10, 39)",71,24.0
88,Auction,D17,"(7, 56)",58,30.0
88,Auction,D19,"(8, 92)",59,28.0
88,Auction,D20,"(18, 74)",57,27.0
88,Auction,D21,"(88, 95)",55,27.0
88,Auction,D22,"(35, 41)",45,25.0
88,Auction,D24,"(57, 38)",42,28.0
88,Auction,D25,"(66, 5)",43,24.0
88,Auction,D26,"(50, 23)",40,23.0
88,Auction,D27,"(14, 20)",43,18.0
88,Auction,D28,"(82, 47)",37,22.0
88,Auction,D30,"(54, 71)",33,24.0
88,Auction,D31,"(33, 52)",29,25.0
88,Auction,D32,"(97, 52)",29,25.0
88,Auction,D33,"(63, 97)",25,17.0
88,Auction,D34,"(78, 73)",24,20.0
88,Auction,D35,"(77, 78)",19,18.0
88,Auction,D36,"(1, 17)",16,30.0
88,Auction,D37,"(40, 49)",9,24.0
88,Auction,D38,"(37, 25)",12,30.0
88,Auction,D39,"(9, 78)",13,15.0
88,Auction,D41,"(47, 69)",3,22.0
88,Q-Learning,D4,"(4, 75)",87,29.0
88,Q-Learning,D11,"(10, 39)",71,24.0
88,Q-Learning,D14,"(98, 89)",74,20.0
88,Q-Learning,D16,"(39, 69)",61,17.0
88,Q-Learning,D17,"(7, 56)",58,30.0
88,Q-Learning,D18,"(68, 13)",62,25.0
88,Q-Learning,D19,"(8, 92)",59,28.0
88,Q-Learning,D20,"(18, 74)",57,27.0
88,Q-Learning,D21,"(88, 95)",55,27.0
88,Q-Learning,D22,"(35, 41)",45,25.0
88,Q-Learning,D24,"(57, 38)",42,28.0
88,Q-Learning,D25,"(66, 5)",43,24.0
88,Q-Learning,D26,"(50, 23)",40,23.0
88,Q-Learning,D27,"(14, 20)",43,18.0
88,Q-Learning,D28,"(82, 47)",37,22.0
88,Q-Learning,D30,"(54, 71)",33,24.0
88,Q-Learning,D31,"(33, 52)",29,25.0
88,Q-Learning,D32,"(97, 52)",29,25.0
88,Q-Learning,D33,"(63, 97)",25,17.0
88,Q-Learning,D34,"(78, 73)",24,20.0
88,Q-Learning,D35,"(77, 78)",19,18.0
88,Q-Learning,D36,"(1, 17)",16,30.0
88,Q-Learning,D37,"(40, 49)",9,24.0
88,Q-Learning,D38,"(37, 25)",12,30.0
88,Q-Learning,D39,"(9, 78)",13,15.0
88,Q-Learning,D40,"(36, 26)",3,16.0
88,Q-Learning,D41,"(47, 69)",3,22.0
89,Greedy,D11,"(10, 39)",72,24.0
89,Greedy,D13,"(7, 29)",71,18.0
89,Greedy,D14,"(98, 89)",75,20.0
89,Greedy,D15,"(21, 97)",64,10.0
89,Greedy,D16,"(39, 69)",62,17.0
89,Greedy,D17,"(7, 56)",59,30.0
89,Greedy,D18,"(68, 13)",63,25.0
89,Greedy,D19,"(8, 92)",60,28.0
89,Greedy,D20,"(18, 74)",58,27.0
89,Greedy,D21,"(88, 95)",56,27.0
89,Greedy,D22,"(35, 41)",46,25.0
89,Greedy,D24,"(57, 38)",43,28.0
89,Greedy,D25,"(66, 5)",44,24.0
89,Greedy,D26,"(50, 23)",41,23.0
89,Greedy,D27,"(14, 20)",44,18.0
89,Greedy,D28,"(82, 47)",38,22.0
89,Greedy,D29,"(58, 68)",40,14.0
89,Greedy,D30,"(54, 71)",34,24.0
89,Greedy,D31,"(33, 52)",30,25.0
89,Greedy,D32,"(97, 52)",30,25.0
89,Greedy,D33,"(63, 97)",26,17.0
89,Greedy,D34,"(78, 73)",25,20.0
89,Greedy,D35,"(77, 78)",20,18.0
89,Greedy,D36,"(1, 17)",17,30.0
89,Greedy,D37,"(40, 49)",10,24.0
89,Greedy,D38,"(37, 25)",13,30.0
89,Greedy,D39,"(9, 78)",14,15.0
89,Greedy,D40,"(36, 26)",4,16.0
89,Greedy,D41,"(47, 69)",4,22.0
89,Auction,D1,"(5, 98)",95,22.0
89,Auction,D4,"(4, 75)",88,29.0
89,Auction,D11,"(10, 39)",72,24.0
89,Auction,D17,"(7, 56)",59,30.0
89,Auction,D19,"(8, 92)",60,28.0
89,Auction,D20,"(18, 74)",58,27.0
89,Auction,D21,"(88, 95)",56,27.0
89,Auction,D22,"(35, 41)",46,25.0
89,Auction,D24,"(57, 38)",43,28.0
89,Auction,D25,"(66, 5)",44,24.0
89,Auction,D26,"(50, 23)",41,23.0
89,Auction,D27,"(14, 20)",44,18.0
89,Auction,D28,"(82, 47)",38,22.0
89,Auction,D30,"(54, 71)",34,24.0
89,Auction,D31,"(33, 52)",30,25.0
89,Auction,D32,"(97, 52)",30,25.0
89,Auction,D33,"(63, 97)",26,17.0
89,Auction,D34,"(78, 73)",25,20.0
89,Auction,D35,"(77, 78)",20,18.0
89,Auction,D36,"(1, 17)",17,30.0
89,Auction,D37,"(40, 49)",10,24.0
89,Auction,D38,"(37, 25)",13,30.0
89,Auction,D39,"(9, 78)",14,15.0
89,Auction,D41,"(47, 69)",4,22.0
89,Q-Learning,D4,"(4, 75)",88,29.0
89,Q-Learning,D11,"(10, 39)",72,24.0
89,Q-Learning,D14,"(98, 89)",75,20.0
89,Q-Learning,D16,"(39, 69)",62,17.0
89,Q-Learning,D17,"(7, 56)",59,30.0
89,Q-Learning,D18,"(68, 13)",63,25.0
89,Q-Learning,D19,"(8, 92)",60,28.0
89,Q-Learning,D20,"(18, 74)",58,27.0
89,Q-Learning,D21,"(88, 95)",56,27.0
89,Q-Learning,D22,"(35, 41)",46,25.0
89,Q-Learning,D24,"(57, 38)",43,28.0
89,Q-Learning,D25,"(66, 5)",44,24.0
89,Q-Learning,D26,"(50, 23)",41,23.0
89,Q-Learning,D27,"(14, 20)",44,18.0
89,Q-Learning,D28,"(82, 47)",38,22.0
89,Q-Learning,D30,"(54, 71)",34,24.0
89,Q-Learning,D31,"(33, 52)",30,25.0
89,Q-Learning,D32,"(97, 52)",30,25.0
89,Q-Learning,D33,"(63, 97)",26,17.0
89,Q-Learning,D34,"(78, 73)",25,20.0
89,Q-Learning,D35,"(77, 78)",20,18.0
89,Q-Learning,D36,"(1, 17)",17,30.0
89,Q-Learning,D37,"(40, 49)",10,24.0
89,Q-Learning,D38,"(37, 25)",13,30.0
89,Q-Learning,D39,"(9, 78)",14,15.0
89,Q-Learning,D40,"(36, 26)",4,16.0
89,Q-Learning,D41,"(47, 69)",4,22.0
90,Greedy,D11,"(10, 39)",73,24.0
90,Greedy,D13,"(7, 29)",72,18.0
90,Greedy,D14,"(98, 89)",76,20.0
90,Greedy,D15,"(21, 97)",65,10.0
90,Greedy,D16,"(39, 69)",63,17.0
90,Greedy,D17,"(7, 56)",60,30.0
90,Greedy,D18,"(68, 13)",64,25.0
90,Greedy,D19,"(8, 92)",61,28.0
90,Greedy,D20,"(18, 74)",59,27.0
90,Greedy,D21,"(88, 95)",57,27.0
90,Greedy,D22,"(35, 41)",47,25.0
90,Greedy,D24,"(57, 38)",44,28.0
90,Greedy,D25,"(66, 5)",45,24.0
90,Greedy,D26,"(50, 23)",42,23.0
90,Greedy,D27,"(14, 20)",45,18.0
90,Greedy,D28,"(82, 47)",39,22.0
90,Greedy,D29,"(58, 68)",41,14.0
90,Greedy,D30,"(54, 71)",35,24.0
90,Greedy,D31,"(33, 52)",31,25.0
90,Greedy,D32,"(97, 52)",31,25.0
90,Greedy,D33,"(63, 97)",27,17.0
90,Greedy,D34,"(78, 73)",26,20.0
90,Greedy,D35,"(77, 78)",21,18.0
90,Greedy,D36,"(1, 17)",18,30.0
90,Greedy,D37,"(40, 49)",11,24.0
90,Greedy,D38,"(37, 25)",14,30.0
90,Greedy,D39,"(9, 78)",15,15.0
90,Greedy,D40,"(36, 26)",5,16.0
90,Greedy,D41,"(47, 69)",5,22.0
90,Auction,D1,"(5, 98)",96,22.0
90,Auction,D4,"(4, 75)",89,29.0
90,Auction,D11,"(10, 39)",73,24.0
90,Auction,D17,"(7, 56)",60,30.0
90,Auction,D19,"(8, 92)",61,28.0
90,Auction,D20,"(18, 74)",59,27.0
90,Auction,D21,"(88, 95)",57,27.0
90,Auction,D22,"(35, 41)",47,25.0
90,Auction,D24,"(57, 38)",44,28.0
90,Auction,D25,"(66, 5)",45,24.0
90,Auction,D26,"(50, 23)",42,23.0
90,Auction,D27,"(14, 20)",45,18.0
90,Auction,D28,"(82, 47)",39,22.0
90,Auction,D30,"(54, 71)",35,24.0
90,Auction,D31,"(33, 52)",31,25.0
90,Auction,D32,"(97, 52)",31,25.0
90,Auction,D33,"(63, 97)",27,17.0
90,Auction,D34,"(78, 73)",26,20.0
90,Auction,D35,"(77, 78)",21,18.0
90,Auction,D36,"(1, 17)",18,30.0
90,Auction,D37,"(40, 49)",11,24.0
90,Auction,D38,"(37, 25)",14,30.0
90,Auction,D39,"(9, 78)",15,15.0
90,Auction,D41,"(47, 69)",5,22.0
90,Q-Learning,D4,"(4, 75)",89,29.0
90,Q-Learning,D11,"(10, 39)",73,24.0
90,Q-Learning,D14,"(98, 89)",76,20.0
90,Q-Learning,D16,"(39, 69)",63,17.0
90,Q-Learning,D17,"(7, 56)",60,30.0
90,Q-Learning,D18,"(68, 13)",64,25.0
90,Q-Learning,D19,"(8, 92)",61,28.0
90,Q-Learning,D20,"(18, 74)",59,27.0
90,Q-Learning,D21,"(88, 95)",57,27.0
90,Q-Learning,D22,"(35, 41)",47,25.0
90,Q-Learning,D24,"(57, 38)",44,28.0
90,Q-Learning,D25,"(66, 5)",45,24.0
90,Q-Learning,D26,"(50, 23)",42,23.0
90,Q-Learning,D27,"(14, 20)",45,18.0
90,Q-Learning,D28,"(82, 47)",39,22.0
90,Q-Learning,D30,"(54, 71)",35,24.0
90,Q-Learning,D31,"(33, 52)",31,25.0
90,Q-Learning,D32,"(97, 52)",31,25.0
90,Q-Learning,D33,"(63, 97)",27,17.0
90,Q-Learning,D34,"(78, 73)",26,20.0
90,Q-Learning,D35,"(77, 78)",21,18.0
90,Q-Learning,D36,"(1, 17)",18,30.0
90,Q-Learning,D37,"(40, 49)",11,24.0
90,Q-Learning,D38,"(37, 25)",14,30.0
90,Q-Learning,D39,"(9, 78)",15,15.0
90,Q-Learning,D40,"(36, 26)",5,16.0
90,Q-Learning,D41,"(47, 69)",5,22.0
91,Greedy,D11,"(10, 39)",74,24.0
91,Greedy,D13,"(7, 29)",73,18.0
91,Greedy,D14,"(98, 89)",77,20.0
91,Greedy,D15,"(21, 97)",66,10.0
91,Greedy,D16,"(39, 69)",64,17.0
91,Greedy,D17,"(7, 56)",61,30.0
91,Greedy,D18,"(68, 13)",65,25.0
91,Greedy,D19,"(8, 92)",62,28.0
91,Greedy,D20,"(18, 74)",60,27.0
91,Greedy,D21,"(88, 95)",58,27.0
91,Greedy,D22,"(35, 41)",48,25.0
91,Greedy,D24,"(57, 38)",45,28.0
91,Greedy,D25,"(66, 5)",46,24.0
91,Greedy,D26,"(50, 23)",43,23.0
91,Greedy,D27,"(14, 20)",46,18.0
91,Greedy,D28,"(82, 47)",40,22.0
91,Greedy,D29,"(58, 68)",42,14.0
91,Greedy,D30,"(54, 71)",36,24.0
91,Greedy,D31,"(33, 52)",32,25.0
91,Greedy,D32,"(97, 52)",32,25.0
91,Greedy,D33,"(63, 97)",28,17.0
91,Greedy,D34,"(78, 73)",27,20.0
91,Greedy,D35,"(77, 78)",22,18.0
91,Greedy,D36,"(1, 17)",19,30.0
91,Greedy,D37,"(40, 49)",12,24.0
91,Greedy,D38,"(37, 25)",15,30.0
91,Greedy,D39,"(9, 78)",16,15.0
91,Greedy,D40,"(36, 26)",6,16.0
91,Greedy,D41,"(47, 69)",6,22.0
91,Auction,D1,"(5, 98)",97,22.0
91,Auction,D4,"(4, 75)",90,29.0
91,Auction,D11,"(10, 39)",74,24.0
91,Auction,D17,"(7, 56)",61,30.0
91,Auction,D19,"(8, 92)",62,28.0
91,Auction,D20,"(18, 74)",60,27.0
91,Auction,D21,"(88, 95)",58,27.0
91,Auction,D22,"(35, 41)",48,25.0
91,Auction,D24,"(57, 38)",45,28.0
91,Auction,D25,"(66, 5)",46,24.0
91,Auction,D26,"(50, 23)",43,23.0
91,Auction,D27,"(14, 20)",46,18.0
91,Auction,D28,"(82, 47)",40,22.0
91,Auction,D30,"(54, 71)",36,24.0
91,Auction,D31,"(33, 52)",32,25.0
91,Auction,D32,"(97, 52)",32,25.0
91,Auction,D33,"(63, 97)",28,17.0
91,Auction,D34,"(78, 73)",27,20.0
91,Auction,D35,"(77, 78)",22,18.0
91,Auction,D36,"(1, 17)",19,30.0
91,Auction,D37,"(40, 49)",12,24.0
91,Auction,D38,"(37, 25)",15,30.0
91,Auction,D39,"(9, 78)",16,15.0
91,Auction,D41,"(47, 69)",6,22.0
91,Q-Learning,D4,"(4, 75)",90,29.0
91,Q-Learning,D11,"(10, 39)",74,24.0
91,Q-Learning,D14,"(98, 89)",77,20.0
91,Q-Learning,D16,"(39, 69)",64,17.0
91,Q-Learning,D17,"(7, 56)",61,30.0
91,Q-Learning,D18,"(68, 13)",65,25.0
91,Q-Learning,D19,"(8, 92)",62,28.0
91,Q-Learning,D20,"(18, 74)",60,27.0
91,Q-Learning,D21,"(88, 95)",58,27.0
91,Q-Learning,D22,"(35, 41)",48,25.0
91,Q-Learning,D24,"(57, 38)",45,28.0
91,Q-Learning,D25,"(66, 5)",46,24.0
91,Q-Learning,D26,"(50, 23)",43,23.0
91,Q-Learning,D27,"(14, 20)",46,18.0
91,Q-Learning,D28,"(82, 47)",40,22.0
91,Q-Learning,D30,"(54, 71)",36,24.0
91,Q-Learning,D31,"(33, 52)",32,25.0
91,Q-Learning,D32,"(97, 52)",32,25.0
91,Q-Learning,D33,"(63, 97)",28,17.0
91,Q-Learning,D34,"(78, 73)",27,20.0
91,Q-Learning,D35,"(77, 78)",22,18.0
91,Q-Learning,D36,"(1, 17)",19,30.0
91,Q-Learning,D37,"(40, 49)",12,24.0
91,Q-Learning,D38,"(37, 25)",15,30.0
91,Q-Learning,D39,"(9, 78)",16,15.0
91,Q-Learning,D40,"(36, 26)",6,16.0
91,Q-Learning,D41,"(47, 69)",6,22.0
92,Greedy,D11,"(10, 39)",75,24.0
92,Greedy,D13,"(7, 29)",74,18.0
92,Greedy,D14,"(98, 89)",78,20.0
92,Greedy,D15,"(21, 97)",67,10.0
92,Greedy,D16,"(39, 69)",65,17.0
92,Greedy,D17,"(7, 56)",62,30.0
92,Greedy,D18,"(68, 13)",66,25.0
92,Greedy,D19,"(8, 92)",63,28.0
92,Greedy,D20,"(18, 74)",61,27.0
92,Greedy,D21,"(88, 95)",59,27.0
92,Greedy,D22,"(35, 41)",49,25.0
92,Greedy,D24,"(57, 38)",46,28.0
92,Greedy,D25,"(66, 5)",47,24.0
92,Greedy,D26,"(50, 23)",44,23.0
92,Greedy,D27,"(14, 20)",47,18.0
92,Greedy,D28,"(82, 47)",41,22.0
92,Greedy,D29,"(58, 68)",43,14.0
92,Greedy,D30,"(54, 71)",37,24.0
92,Greedy,D31,"(33, 52)",33,25.0
92,Greedy,D32,"(97, 52)",33,25.0
92,Greedy,D33,"(63, 97)",29,17.0
92,Greedy,D34,"(78, 73)",28,20.0
92,Greedy,D35,"(77, 78)",23,18.0
92,Greedy,D36,"(1, 17)",20,30.0
92,Greedy,D37,"(40, 49)",13,24.0
92,Greedy,D38,"(37, 25)",16,30.0
92,Greedy,D39,"(9, 78)",17,15.0
92,Greedy,D40,"(36, 26)",7,16.0
92,Greedy,D41,"(47, 69)",7,22.0
92,Greedy,D42,"(70, 18)",2,27.0
92,Auction,D1,"(5, 98)",98,22.0
92,Auction,D4,"(4, 75)",91,29.0
92,Auction,D11,"(10, 39)",75,24.0
92,Auction,D17,"(7, 56)",62,30.0
92,Auction,D19,"(8, 92)",63,28.0
92,Auction,D20,"(18, 74)",61,27.0
92,Auction,D21,"(88, 95)",59,27.0
92,Auction,D22,"(35, 41)",49,25.0
92,Auction,D24,"(57, 38)",46,28.0
92,Auction,D25,"(66, 5)",47,24.0
92,Auction,D26,"(50, 23)",44,23.0
92,Auction,D27,"(14, 20)",47,18.0
92,Auction,D28,"(82, 47)",41,22.0
92,Auction,D30,"(54, 71)",37,24.0
92,Auction,D31,"(33, 52)",33,25.0
92,Auction,D32,"(97, 52)",33,25.0
92,Auction,D33,"(63, 97)",29,17.0
92,Auction,D34,"(78, 73)",28,20.0
92,Auction,D35,"(77, 78)",23,18.0
92,Auction,D36,"(1, 17)",20,30.0
92,Auction,D37,"(40, 49)",13,24.0
92,Auction,D38,"(37, 25)",16,30.0
92,Auction,D39,"(9, 78)",17,15.0
92,Auction,D41,"(47, 69)",7,22.0
92,Auction,D42,"(70, 18)",2,27.0
92,Q-Learning,D4,"(4, 75)",91,29.0
92,Q-Learning,D11,"(10, 39)",75,24.0
92,Q-Learning,D14,"(98, 89)",78,20.0
92,Q-Learning,D16,"(39, 69)",65,17.0
92,Q-Learning,D17,"(7, 56)",62,30.0
92,Q-Learning,D18,"(68, 13)",66,25.0
92,Q-Learning,D19,"(8, 92)",63,28.0
92,Q-Learning,D20,"(18, 74)",61,27.0
92,Q-Learning,D21,"(88, 95)",59,27.0
92,Q-Learning,D22,"(35, 41)",49,25.0
92,Q-Learning,D24,"(57, 38)",46,28.0
92,Q-Learning,D25,"(66, 5)",47,24.0
92,Q-Learning,D26,"(50, 23)",44,23.0
92,Q-Learning,D27,"(14, 20)",47,18.0
92,Q-Learning,D28,"(82, 47)",41,22.0
92,Q-Learning,D30,"(54, 71)",37,24.0
92,Q-Learning,D31,"(33, 52)",33,25.0
92,Q-Learning,D32,"(97, 52)",33,25.0
92,Q-Learning,D33,"(63, 97)",29,17.0
92,Q-Learning,D34,"(78, 73)",28,20.0
92,Q-Learning,D35,"(77, 78)",23,18.0
92,Q-Learning,D36,"(1, 17)",20,30.0
92,Q-Learning,D37,"(40, 49)",13,24.0
92,Q-Learning,D38,"(37, 25)",16,30.0
92,Q-Learning,D39,"(9, 78)",17,15.0
92,Q-Learning,D40,"(36, 26)",7,16.0
92,Q-Learning,D41,"(47, 69)",7,22.0
92,Q-Learning,D42,"(70, 18)",2,27.0
93,Greedy,D11,"(10, 39)",76,24.0
93,Greedy,D13,"(7, 29)",75,18.0
93,Greedy,D14,"(98, 89)",79,20.0
93,Greedy,D15,"(21, 97)",68,10.0
93,Greedy,D16,"(39, 69)",66,17.0
93,Greedy,D17,"(7, 56)",63,30.0
93,Greedy,D18,"(68, 13)",67,25.0
93,Greedy,D19,"(8, 92)",64,28.0
93,Greedy,D20,"(18, 74)",62,27.0
93,Greedy,D21,"(88, 95)",60,27.0
93,Greedy,D22,"(35, 41)",50,25.0
93,Greedy,D24,"(57, 38)",47,28.0
93,Greedy,D25,"(66, 5)",48,24.0
93,Greedy,D26,"(50, 23)",45,23.0
93,Greedy,D27,"(14, 20)",48,18.0
93,Greedy,D28,"(82, 47)",42,22.0
93,Greedy,D29,"(58, 68)",44,14.0
93,Greedy,D30,"(54, 71)",38,24.0
93,Greedy,D31,"(33, 52)",34,25.0
93,Greedy,D32,"(97, 52)",34,25.0
93,Greedy,D33,"(63, 97)",30,17.0
93,Greedy,D34,"(78, 73)",29,20.0
93,Greedy,D35,"(77, 78)",24,18.0
93,Greedy,D36,"(1, 17)",21,30.0
93,Greedy,D37,"(40, 49)",14,24.0
93,Greedy,D38,"(37, 25)",17,30.0
93,Greedy,D39,"(9, 78)",18,15.0
93,Greedy,D40,"(36, 26)",8,16.0
93,Greedy,D41,"(47, 69)",8,22.0
93,Greedy,D42,"(70, 18)",3,27.0
93,Auction,D1,"(5, 98)",99,22.0
93,Auction,D4,"(4, 75)",92,29.0
93,Auction,D11,"(10, 39)",76,24.0
93,Auction,D17,"(7, 56)",63,30.0
93,Auction,D19,"(8, 92)",64,28.0
93,Auction,D20,"(18, 74)",62,27.0
93,Auction,D21,"(88, 95)",60,27.0
93,Auction,D22,"(35, 41)",50,25.0
93,Auction,D24,"(57, 38)",47,28.0
93,Auction,D25,"(66, 5)",48,24.0
93,Auction,D26,"(50, 23)",45,23.0
93,Auction,D27,"(14, 20)",48,18.0
93,Auction,D28,"(82, 47)",42,22.0
93,Auction,D30,"(54, 71)",38,24.0
93,Auction,D31,"(33, 52)",34,25.0
93,Auction,D32,"(97, 52)",34,25.0
93,Auction,D33,"(63, 97)",30,17.0
93,Auction,D34,"(78, 73)",29,20.0
93,Auction,D35,"(77, 78)",24,18.0
93,Auction,D36,"(1, 17)",21,30.0
93,Auction,D37,"(40, 49)",14,24.0
93,Auction,D38,"(37, 25)",17,30.0
93,Auction,D39,"(9, 78)",18,15.0
93,Auction,D41,"(47, 69)",8,22.0
93,Auction,D42,"(70, 18)",3,27.0
93,Q-Learning,D4,"(4, 75)",92,29.0
93,Q-Learning,D11,"(10, 39)",76,24.0
93,Q-Learning,D14,"(98, 89)",79,20.0
93,Q-Learning,D16,"(39, 69)",66,17.0
93,Q-Learning,D17,"(7, 56)",63,30.0
93,Q-Learning,D18,"(68, 13)",67,25.0
93,Q-Learning,D19,"(8, 92)",64,28.0
93,Q-Learning,D20,"(18, 74)",62,27.0
93,Q-Learning,D21,"(88, 95)",60,27.0
93,Q-Learning,D22,"(35, 41)",50,25.0
93,Q-Learning,D24,"(57, 38)",47,28.0
93,Q-Learning,D25,"(66, 5)",48,24.0
93,Q-Learning,D26,"(50, 23)",45,23.0
93,Q-Learning,D27,"(14, 20)",48,18.0
93,Q-Learning,D28,"(82, 47)",42,22.0
93,Q-Learning,D30,"(54, 71)",38,24.0
93,Q-Learning,D31,"(33, 52)",34,25.0
93,Q-Learning,D32,"(97, 52)",34,25.0
93,Q-Learning,D33,"(63, 97)",30,17.0
93,Q-Learning,D34,"(78, 73)",29,20.0
93,Q-Learning,D35,"(77, 78)",24,18.0
93,Q-Learning,D36,"(1, 17)",21,30.0
93,Q-Learning,D37,"(40, 49)",14,24.0
93,Q-Learning,D38,"(37, 25)",17,30.0
93,Q-Learning,D39,"(9, 78)",18,15.0
93,Q-Learning,D40,"(36, 26)",8,16.0
93,Q-Learning,D41,"(47, 69)",8,22.0
93,Q-Learning,D42,"(70, 18)",3,27.0
94,Greedy,D11,"(10, 39)",77,24.0
94,Greedy,D13,"(7, 29)",76,18.0
94,Greedy,D14,"(98, 89)",80,20.0
94,Greedy,D15,"(21, 97)",69,10.0
94,Greedy,D16,"(39, 69)",67,17.0
94,Greedy,D17,"(7, 56)",64,30.0
94,Greedy,D18,"(68, 13)",68,25.0
94,Greedy,D19,"(8, 92)",65,28.0
94,Greedy,D20,"(18, 74)",63,27.0
94,Greedy,D21,"(88, 95)",61,27.0
94,Greedy,D22,"(35, 41)",51,25.0
94,Greedy,D24,"(57, 38)",48,28.0
94,Greedy,D25,"(66, 5)",49,24.0
94,Greedy,D26,"(50, 23)",46,23.0
94,Greedy,D27,"(14, 20)",49,18.0
94,Greedy,D28,"(82, 47)",43,22.0
94,Greedy,D29,"(58, 68)",45,14.0
94,Greedy,D30,"(54, 71)",39,24.0
94,Greedy,D31,"(33, 52)",35,25.0
94,Greedy,D32,"(97, 52)",35,25.0
94,Greedy,D33,"(63, 97)",31,17.0
94,Greedy,D34,"(78, 73)",30,20.0
94,Greedy,D35,"(77, 78)",25,18.0
94,Greedy,D36,"(1, 17)",22,30.0
94,Greedy,D37,"(40, 49)",15,24.0
94,Greedy,D38,"(37, 25)",18,30.0
94,Greedy,D39,"(9, 78)",19,15.0
94,Greedy,D40,"(36, 26)",9,16.0
94,Greedy,D41,"(47, 69)",9,22.0
94,Greedy,D42,"(70, 18)",4,27.0
94,Auction,D1,"(5, 98)",100,22.0
94,Auction,D4,"(4, 75)",93,29.0
94,Auction,D11,"(10, 39)",77,24.0
94,Auction,D17,"(7, 56)",64,30.0
94,Auction,D19,"(8, 92)",65,28.0
94,Auction,D20,"(18, 74)",63,27.0
94,Auction,D21,"(88, 95)",61,27.0
94,Auction,D22,"(35, 41)",51,25.0
94,Auction,D24,"(57, 38)",48,28.0
94,Auction,D25,"(66, 5)",49,24.0
94,Auction,D26,"(50, 23)",46,23.0
94,Auction,D27,"(14, 20)",49,18.0
94,Auction,D28,"(82, 47)",43,22.0
94,Auction,D30,"(54, 71)",39,24.0
94,Auction,D31,"(33, 52)",35,25.0
94,Auction,D32,"(97, 52)",35,25.0
94,Auction,D33,"(63, 97)",31,17.0
94,Auction,D34,"(78, 73)",30,20.0
94,Auction,D35,"(77, 78)",25,18.0
94,Auction,D36,"(1, 17)",22,30.0
94,Auction,D37,"(40, 49)",15,24.0
94,Auction,D38,"(37, 25)",18,30.0
94,Auction,D39,"(9, 78)",19,15.0
94,Auction,D41,"(47, 69)",9,22.0
94,Auction,D42,"(70, 18)",4,27.0
94,Q-Learning,D4,"(4, 75)",93,29.0
94,Q-Learning,D11,"(10, 39)",77,24.0
94,Q-Learning,D14,"(98, 89)",80,20.0
94,Q-Learning,D16,"(39, 69)",67,17.0
94,Q-Learning,D17,"(7, 56)",64,30.0
94,Q-Learning,D18,"(68, 13)",68,25.0
94,Q-Learning,D19,"(8, 92)",65,28.0
94,Q-Learning,D20,"(18, 74)",63,27.0
94,Q-Learning,D21,"(88, 95)",61,27.0
94,Q-Learning,D22,"(35, 41)",51,25.0
94,Q-Learning,D24,"(57, 38)",48,28.0
94,Q-Learning,D25,"(66, 5)",49,24.0
94,Q-Learning,D26,"(50, 23)",46,23.0
94,Q-Learning,D27,"(14, 20)",49,18.0
94,Q-Learning,D28,"(82, 47)",43,22.0
94,Q-Learning,D30,"(54, 71)",39,24.0
94,Q-Learning,D31,"(33, 52)",35,25.0
94,Q-Learning,D32,"(97, 52)",35,25.0
94,Q-Learning,D33,"(63, 97)",31,17.0
94,Q-Learning,D34,"(78, 73)",30,20.0
94,Q-Learning,D35,"(77, 78)",25,18.0
94,Q-Learning,D36,"(1, 17)",22,30.0
94,Q-Learning,D37,"(40, 49)",15,24.0
94,Q-Learning,D38,"(37, 25)",18,30.0
94,Q-Learning,D39,"(9, 78)",19,15.0
94,Q-Learning,D40,"(36, 26)",9,16.0
94,Q-Learning,D41,"(47, 69)",9,22.0
94,Q-Learning,D42,"(70, 18)",4,27.0
95,Greedy,D11,"(10, 39)",78,24.0
95,Greedy,D13,"(7, 29)",77,18.0
95,Greedy,D14,"(98, 89)",81,20.0
95,Greedy,D15,"(21, 97)",70,10.0
95,Greedy,D16,"(39, 69)",68,17.0
95,Greedy,D17,"(7, 56)",65,30.0
95,Greedy,D18,"(68, 13)",69,25.0
95,Greedy,D19,"(8, 92)",66,28.0
95,Greedy,D20,"(18, 74)",64,27.0
95,Greedy,D21,"(88, 95)",62,27.0
95,Greedy,D22,"(35, 41)",52,25.0
95,Greedy,D24,"(57, 38)",49,28.0
95,Greedy,D25,"(66, 5)",50,24.0
95,Greedy,D26,"(50, 23)",47,23.0
95,Greedy,D27,"(14, 20)",50,18.0
95,Greedy,D28,"(82, 47)",44,22.0
95,Greedy,D29,"(58, 68)",46,14.0
95,Greedy,D30,"(54, 71)",40,24.0
95,Greedy,D31,"(33, 52)",36,25.0
95,Greedy,D32,"(97, 52)",36,25.0
95,Greedy,D33,"(63, 97)",32,17.0
95,Greedy,D34,"(78, 73)",31,20.0
95,Greedy,D35,"(77, 78)",26,18.0
95,Greedy,D36,"(1, 17)",23,30.0
95,Greedy,D37,"(40, 49)",16,24.0
95,Greedy,D38,"(37, 25)",19,30.0
95,Greedy,D39,"(9, 78)",20,15.0
95,Greedy,D40,"(36, 26)",10,16.0
95,Greedy,D41,"(47, 69)",10,22.0
95,Greedy,D42,"(70, 18)",5,27.0
95,Auction,D1,"(5, 98)",101,22.0
95,Auction,D4,"(4, 75)",94,29.0
95,Auction,D11,"(10, 39)",78,24.0
95,Auction,D17,"(7, 56)",65,30.0
95,Auction,D19,"(8, 92)",66,28.0
95,Auction,D20,"(18, 74)",64,27.0
95,Auction,D21,"(88, 95)",62,27.0
95,Auction,D22,"(35, 41)",52,25.0
95,Auction,D24,"(57, 38)",49,28.0
95,Auction,D25,"(66, 5)",50,24.0
95,Auction,D26,"(50, 23)",47,23.0
95,Auction,D27,"(14, 20)",50,18.0
95,Auction,D28,"(82, 47)",44,22.0
95,Auction,D30,"(54, 71)",40,24.0
95,Auction,D31,"(33, 52)",36,25.0
95,Auction,D32,"(97, 52)",36,25.0
95,Auction,D33,"(63, 97)",32,17.0
95,Auction,D34,"(78, 73)",31,20.0
95,Auction,D35,"(77, 78)",26,18.0
95,Auction,D36,"(1, 17)",23,30.0
95,Auction,D37,"(40, 49)",16,24.0
95,Auction,D38,"(37, 25)",19,30.0
95,Auction,D39,"(9, 78)",20,15.0
95,Auction,D41,"(47, 69)",10,22.0
95,Auction,D42,"(70, 18)",5,27.0
95,Q-Learning,D4,"(4, 75)",94,29.0
95,Q-Learning,D11,"(10, 39)",78,24.0
95,Q-Learning,D14,"(98, 89)",81,20.0
95,Q-Learning,D16,"(39, 69)",68,17.0
95,Q-Learning,D17,"(7, 56)",65,30.0
95,Q-Learning,D18,"(68, 13)",69,25.0
95,Q-Learning,D19,"(8, 92)",66,28.0
95,Q-Learning,D20,"(18, 74)",64,27.0
95,Q-Learning,D21,"(88, 95)",62,27.0
95,Q-Learning,D22,"(35, 41)",52,25.0
95,Q-Learning,D24,"(57, 38)",49,28.0
95,Q-Learning,D25,"(66, 5)",50,24.0
95,Q-Learning,D26,"(50, 23)",47,23.0
95,Q-Learning,D27,"(14, 20)",50,18.0
95,Q-Learning,D28,"(82, 47)",44,22.0
95,Q-Learning,D30,"(54, 71)",40,24.0
95,Q-Learning,D31,"(33, 52)",36,25.0
95,Q-Learning,D32,"(97, 52)",36,25.0
95,Q-Learning,D33,"(63, 97)",32,17.0
95,Q-Learning,D34,"(78, 73)",31,20.0
95,Q-Learning,D35,"(77, 78)",26,18.0
95,Q-Learning,D36,"(1, 17)",23,30.0
95,Q-Learning,D37,"(40, 49)",16,24.0
95,Q-Learning,D38,"(37, 25)",19,30.0
95,Q-Learning,D39,"(9, 78)",20,15.0
95,Q-Learning,D40,"(36, 26)",10,16.0
95,Q-Learning,D41,"(47, 69)",10,22.0
95,Q-Learning,D42,"(70, 18)",5,27.0
96,Greedy,D11,"(10, 39)",79,24.0
96,Greedy,D13,"(7, 29)",78,18.0
96,Greedy,D14,"(98, 89)",82,20.0
96,Greedy,D15,"(21, 97)",71,10.0
96,Greedy,D16,"(39, 69)",69,17.0
96,Greedy,D17,"(7, 56)",66,30.0
96,Greedy,D18,"(68, 13)",70,25.0
96,Greedy,D19,"(8, 92)",67,28.0
96,Greedy,D20,"(18, 74)",65,27.0
96,Greedy,D21,"(88, 95)",63,27.0
96,Greedy,D22,"(35, 41)",53,25.0
96,Greedy,D24,"(57, 38)",50,28.0
96,Greedy,D25,"(66, 5)",51,24.0
96,Greedy,D26,"(50, 23)",48,23.0
96,Greedy,D27,"(14, 20)",51,18.0
96,Greedy,D28,"(82, 47)",45,22.0
96,Greedy,D29,"(58, 68)",47,14.0
96,Greedy,D30,"(54, 71)",41,24.0
96,Greedy,D31,"(33, 52)",37,25.0
96,Greedy,D32,"(97, 52)",37,25.0
96,Greedy,D33,"(63, 97)",33,17.0
96,Greedy,D34,"(78, 73)",32,20.0
96,Greedy,D35,"(77, 78)",27,18.0
96,Greedy,D36,"(1, 17)",24,30.0
96,Greedy,D37,"(40, 49)",17,24.0
96,Greedy,D38,"(37, 25)",20,30.0
96,Greedy,D39,"(9, 78)",21,15.0
96,Greedy,D40,"(36, 26)",11,16.0
96,Greedy,D41,"(47, 69)",11,22.0
96,Greedy,D42,"(70, 18)",6,27.0
96,Greedy,D43,"(72, 99)",2,24.0
96,Auction,D1,"(5, 98)",102,22.0
96,Auction,D4,"(4, 75)",95,29.0
96,Auction,D11,"(10, 39)",79,24.0
96,Auction,D17,"(7, 56)",66,30.0
96,Auction,D19,"(8, 92)",67,28.0
96,Auction,D20,"(18, 74)",65,27.0
96,Auction,D21,"(88, 95)",63,27.0
96,Auction,D22,"(35, 41)",53,25.0
96,Auction,D24,"(57, 38)",50,28.0
96,Auction,D25,"(66, 5)",51,24.0
96,Auction,D26,"(50, 23)",48,23.0
96,Auction,D27,"(14, 20)",51,18.0
96,Auction,D28,"(82, 47)",45,22.0
96,Auction,D30,"(54, 71)",41,24.0
96,Auction,D31,"(33, 52)",37,25.0
96,Auction,D32,"(97, 52)",37,25.0
96,Auction,D33,"(63, 97)",33,17.0
96,Auction,D34,"(78, 73)",32,20.0
96,Auction,D35,"(77, 78)",27,18.0
96,Auction,D36,"(1, 17)",24,30.0
96,Auction,D37,"(40, 49)",17,24.0
96,Auction,D38,"(37, 25)",20,30.0
96,Auction,D39,"(9, 78)",21,15.0
96,Auction,D41,"(47, 69)",11,22.0
96,Auction,D42,"(70, 18)",6,27.0
96,Auction,D43,"(72, 99)",2,24.0
96,Q-Learning,D4,"(4, 75)",95,29.0
96,Q-Learning,D11,"(10, 39)",79,24.0
96,Q-Learning,D14,"(98, 89)",82,20.0
96,Q-Learning,D16,"(39, 69)",69,17.0
96,Q-Learning,D17,"(7, 56)",66,30.0
96,Q-Learning,D18,"(68, 13)",70,25.0
96,Q-Learning,D19,"(8, 92)",67,28.0
96,Q-Learning,D20,"(18, 74)",65,27.0
96,Q-Learning,D21,"(88, 95)",63,27.0
96,Q-Learning,D22,"(35, 41)",53,25.0
96,Q-Learning,D24,"(57, 38)",50,28.0
96,Q-Learning,D25,"(66, 5)",51,24.0
96,Q-Learning,D26,"(50, 23)",48,23.0
96,Q-Learning,D27,"(14, 20)",51,18.0
96,Q-Learning,D28,"(82, 47)",45,22.0
96,Q-Learning,D30,"(54, 71)",41,24.0
96,Q-Learning,D31,"(33, 52)",37,25.0
96,Q-Learning,D32,"(97, 52)",37,25.0
96,Q-Learning,D33,"(63, 97)",33,17.0
96,Q-Learning,D34,"(78, 73)",32,20.0
96,Q-Learning,D35,"(77, 78)",27,18.0
96,Q-Learning,D36,"(1, 17)",24,30.0
96,Q-Learning,D37,"(40, 49)",17,24.0
96,Q-Learning,D38,"(37, 25)",20,30.0
96,Q-Learning,D39,"(9, 78)",21,15.0
96,Q-Learning,D40,"(36, 26)",11,16.0
96,Q-Learning,D41,"(47, 69)",11,22.0
96,Q-Learning,D42,"(70, 18)",6,27.0
96,Q-Learning,D43,"(72, 99)",2,24.0
97,Greedy,D11,"(10, 39)",80,24.0
97,Greedy,D13,"(7, 29)",79,18.0
97,Greedy,D14,"(98, 89)",83,20.0
97,Greedy,D15,"(21, 97)",72,10.0
97,Greedy,D16,"(39, 69)",70,17.0
97,Greedy,D17,"(7, 56)",67,30.0
97,Greedy,D18,"(68, 13)",71,25.0
97,Greedy,D19,"(8, 92)",68,28.0
97,Greedy,D20,"(18, 74)",66,27.0
97,Greedy,D21,"(88, 95)",64,27.0
97,Greedy,D22,"(35, 41)",54,25.0
97,Greedy,D24,"(57, 38)",51,28.0
97,Greedy,D25,"(66, 5)",52,24.0
97,Greedy,D26,"(50, 23)",49,23.0
97,Greedy,D27,"(14, 20)",52,18.0
97,Greedy,D28,"(82, 47)",46,22.0
97,Greedy,D29,"(58, 68)",48,14.0
97,Greedy,D30,"(54, 71)",42,24.0
97,Greedy,D31,"(33, 52)",38,25.0
97,Greedy,D32,"(97, 52)",38,25.0
97,Greedy,D33,"(63, 97)",34,17.0
97,Greedy,D34,"(78, 73)",33,20.0
97,Greedy,D35,"(77, 78)",28,18.0
97,Greedy,D36,"(1, 17)",25,30.0
97,Greedy,D37,"(40, 49)",18,24.0
97,Greedy,D38,"(37, 25)",21,30.0
97,Greedy,D39,"(9, 78)",22,15.0
97,Greedy,D40,"(36, 26)",12,16.0
97,Greedy,D41,"(47, 69)",12,22.0
97,Greedy,D42,"(70, 18)",7,27.0
97,Greedy,D43,"(72, 99)",3,24.0
97,Greedy,D44,"(18, 68)",6,21.0
97,Auction,D1,"(5, 98)",103,22.0
97,Auction,D4,"(4, 75)",96,29.0
97,Auction,D11,"(10, 39)",80,24.0
97,Auction,D17,"(7, 56)",67,30.0
97,Auction,D19,"(8, 92)",68,28.0
97,Auction,D20,"(18, 74)",66,27.0
97,Auction,D21,"(88, 95)",64,27.0
97,Auction,D22,"(35, 41)",54,25.0
97,Auction,D24,"(57, 38)",51,28.0
97,Auction,D25,"(66, 5)",52,24.0
97,Auction,D26,"(50, 23)",49,23.0
97,Auction,D27,"(14, 20)",52,18.0
97,Auction,D28,"(82, 47)",46,22.0
97,Auction,D30,"(54, 71)",42,24.0
97,Auction,D31,"(33, 52)",38,25.0
97,Auction,D32,"(97, 52)",38,25.0
97,Auction,D33,"(63, 97)",34,17.0
97,Auction,D34,"(78, 73)",33,20.0
97,Auction,D35,"(77, 78)",28,18.0
97,Auction,D36,"(1, 17)",25,30.0
97,Auction,D37,"(40, 49)",18,24.0
97,Auction,D38,"(37, 25)",21,30.0
97,Auction,D39,"(9, 78)",22,15.0
97,Auction,D41,"(47, 69)",12,22.0
97,Auction,D42,"(70, 18)",7,27.0
97,Auction,D43,"(72, 99)",3,24.0
97,Auction,D44,"(18, 68)",6,21.0
97,Q-Learning,D4,"(4, 75)",96,29.0
97,Q-Learning,D11,"(10, 39)",80,24.0
97,Q-Learning,D14,"(98, 89)",83,20.0
97,Q-Learning,D16,"(39, 69)",70,17.0
97,Q-Learning,D17,"(7, 56)",67,30.0
97,Q-Learning,D18,"(68, 13)",71,25.0
97,Q-Learning,D19,"(8, 92)",68,28.0
97,Q-Learning,D20,"(18, 74)",66,27.0
97,Q-Learning,D21,"(88, 95)",64,27.0
97,Q-Learning,D22,"(35, 41)",54,25.0
97,Q-Learning,D24,"(57, 38)",51,28.0
97,Q-Learning,D25,"(66, 5)",52,24.0
97,Q-Learning,D26,"(50, 23)",49,23.0
97,Q-Learning,D27,"(14, 20)",52,18.0
97,Q-Learning,D28,"(82, 47)",46,22.0
97,Q-Learning,D30,"(54, 71)",42,24.0
97,Q-Learning,D31,"(33, 52)",38,25.0
97,Q-Learning,D32,"(97, 52)",38,25.0
97,Q-Learning,D33,"(63, 97)",34,17.0
97,Q-Learning,D34,"(78, 73)",33,20.0
97,Q-Learning,D35,"(77, 78)",28,18.0
97,Q-Learning,D36,"(1, 17)",25,30.0
97,Q-Learning,D37,"(40, 49)",18,24.0
97,Q-Learning,D38,"(37, 25)",21,30.0
97,Q-Learning,D39,"(9, 78)",22,15.0
97,Q-Learning,D40,"(36, 26)",12,16.0
97,Q-Learning,D41,"(47, 69)",12,22.0
97,Q-Learning,D42,"(70, 18)",7,27.0
97,Q-Learning,D43,"(72, 99)",3,24.0
97,Q-Learning,D44,"(18, 68)",6,21.0
98,Greedy,D11,"(10, 39)",81,24.0
98,Greedy,D13,"(7, 29)",80,18.0
98,Greedy,D14,"(98, 89)",84,20.0
98,Greedy,D15,"(21, 97)",73,10.0
98,Greedy,D16,"(39, 69)",71,17.0
98,Greedy,D17,"(7, 56)",68,30.0
98,Greedy,D18,"(68, 13)",72,25.0
98,Greedy,D19,"(8, 92)",69,28.0
98,Greedy,D20,"(18, 74)",67,27.0
98,Greedy,D21,"(88, 95)",65,27.0
98,Greedy,D22,"(35, 41)",55,25.0
98,Greedy,D24,"(57, 38)",52,28.0
98,Greedy,D25,"(66, 5)",53,24.0
98,Greedy,D26,"(50, 23)",50,23.0
98,Greedy,D27,"(14, 20)",53,18.0
98,Greedy,D28,"(82, 47)",47,22.0
98,Greedy,D29,"(58, 68)",49,14.0
98,Greedy,D30,"(54, 71)",43,24.0
98,Greedy,D31,"(33, 52)",39,25.0
98,Greedy,D32,"(97, 52)",39,25.0
98,Greedy,D33,"(63, 97)",35,17.0
98,Greedy,D34,"(78, 73)",34,20.0
98,Greedy,D35,"(77, 78)",29,18.0
98,Greedy,D36,"(1, 17)",26,30.0
98,Greedy,D37,"(40, 49)",19,24.0
98,Greedy,D38,"(37, 25)",22,30.0
98,Greedy,D39,"(9, 78)",23,15.0
98,Greedy,D40,"(36, 26)",13,16.0
98,Greedy,D41,"(47, 69)",13,22.0
98,Greedy,D42,"(70, 18)",8,27.0
98,Greedy,D43,"(72, 99)",4,24.0
98,Greedy,D44,"(18, 68)",7,21.0
98,Auction,D1,"(5, 98)",104,22.0
98,Auction,D4,"(4, 75)",97,29.0
98,Auction,D11,"(10, 39)",81,24.0
98,Auction,D17,"(7, 56)",68,30.0
98,Auction,D19,"(8, 92)",69,28.0
98,Auction,D20,"(18, 74)",67,27.0
98,Auction,D21,"(88, 95)",65,27.0
98,Auction,D22,"(35, 41)",55,25.0
98,Auction,D24,"(57, 38)",52,28.0
98,Auction,D25,"(66, 5)",53,24.0
98,Auction,D26,"(50, 23)",50,23.0
98,Auction,D27,"(14, 20)",53,18.0
98,Auction,D28,"(82, 47)",47,22.0
98,Auction,D30,"(54, 71)",43,24.0
98,Auction,D31,"(33, 52)",39,25.0
98,Auction,D32,"(97, 52)",39,25.0
98,Auction,D33,"(63, 97)",35,17.0
98,Auction,D34,"(78, 73)",34,20.0
98,Auction,D35,"(77, 78)",29,18.0
98,Auction,D36,"(1, 17)",26,30.0
98,Auction,D37,"(40, 49)",19,24.0
98,Auction,D38,"(37, 25)",22,30.0
98,Auction,D39,"(9, 78)",23,15.0
98,Auction,D41,"(47, 69)",13,22.0
98,Auction,D42,"(70, 18)",8,27.0
98,Auction,D43,"(72, 99)",4,24.0
98,Auction,D44,"(18, 68)",7,21.0
98,Q-Learning,D4,"(4, 75)",97,29.0
98,Q-Learning,D11,"(10, 39)",81,24.0
98,Q-Learning,D14,"(98, 89)",84,20.0
98,Q-Learning,D16,"(39, 69)",71,17.0
98,Q-Learning,D17,"(7, 56)",68,30.0
98,Q-Learning,D18,"(68, 13)",72,25.0
98,Q-Learning,D19,"(8, 92)",69,28.0
98,Q-Learning,D20,"(18, 74)",67,27.0
98,Q-Learning,D21,"(88, 95)",65,27.0
98,Q-Learning,D22,"(35, 41)",55,25.0
98,Q-Learning,D24,"(57, 38)",52,28.0
98,Q-Learning,D25,"(66, 5)",53,24.0
98,Q-Learning,D26,"(50, 23)",50,23.0
98,Q-Learning,D27,"(14, 20)",53,18.0
98,Q-Learning,D28,"(82, 47)",47,22.0
98,Q-Learning,D30,"(54, 71)",43,24.0
98,Q-Learning,D31,"(33, 52)",39,25.0
98,Q-Learning,D32,"(97, 52)",39,25.0
98,Q-Learning,D33,"(63, 97)",35,17.0
98,Q-Learning,D34,"(78, 73)",34,20.0
98,Q-Learning,D35,"(77, 78)",29,18.0
98,Q-Learning,D36,"(1, 17)",26,30.0
98,Q-Learning,D37,"(40, 49)",19,24.0
98,Q-Learning,D38,"(37, 25)",22,30.0
98,Q-Learning,D39,"(9, 78)",23,15.0
98,Q-Learning,D40,"(36, 26)",13,16.0
98,Q-Learning,D41,"(47, 69)",13,22.0
98,Q-Learning,D42,"(70, 18)",8,27.0
98,Q-Learning,D43,"(72, 99)",4,24.0
98,Q-Learning,D44,"(18, 68)",7,21.0
99,Greedy,D11,"(10, 39)",82,24.0
99,Greedy,D13,"(7, 29)",81,18.0
99,Greedy,D14,"(98, 89)",85,20.0
99,Greedy,D15,"(21, 97)",74,10.0
99,Greedy,D16,"(39, 69)",72,17.0
99,Greedy,D17,"(7, 56)",69,30.0
99,Greedy,D18,"(68, 13)",73,25.0
99,Greedy,D19,"(8, 92)",70,28.0
99,Greedy,D20,"(18, 74)",68,27.0
99,Greedy,D21,"(88, 95)",66,27.0
99,Greedy,D22,"(35, 41)",56,25.0
99,Greedy,D24,"(57, 38)",53,28.0
99,Greedy,D25,"(66, 5)",54,24.0
99,Greedy,D26,"(50, 23)",51,23.0
99,Greedy,D27,"(14, 20)",54,18.0
99,Greedy,D28,"(82, 47)",48,22.0
99,Greedy,D29,"(58, 68)",50,14.0
99,Greedy,D30,"(54, 71)",44,24.0
99,Greedy,D31,"(33, 52)",40,25.0
99,Greedy,D32,"(97, 52)",40,25.0
99,Greedy,D33,"(63, 97)",36,17.0
99,Greedy,D34,"(78, 73)",35,20.0
99,Greedy,D35,"(77, 78)",30,18.0
99,Greedy,D36,"(1, 17)",27,30.0
99,Greedy,D37,"(40, 49)",20,24.0
99,Greedy,D38,"(37, 25)",23,30.0
99,Greedy,D39,"(9, 78)",24,15.0
99,Greedy,D40,"(36, 26)",14,16.0
99,Greedy,D41,"(47, 69)",14,22.0
99,Greedy,D42,"(70, 18)",9,27.0
99,Greedy,D43,"(72, 99)",5,24.0
99,Greedy,D44,"(18, 68)",8,21.0
99,Auction,D1,"(5, 98)",105,22.0
99,Auction,D4,"(4, 75)",98,29.0
99,Auction,D11,"(10, 39)",82,24.0
99,Auction,D17,"(7, 56)",69,30.0
99,Auction,D19,"(8, 92)",70,28.0
99,Auction,D20,"(18, 74)",68,27.0
99,Auction,D21,"(88, 95)",66,27.0
99,Auction,D22,"(35, 41)",56,25.0
99,Auction,D24,"(57, 38)",53,28.0
99,Auction,D25,"(66, 5)",54,24.0
99,Auction,D26,"(50, 23)",51,23.0
99,Auction,D27,"(14, 20)",54,18.0
99,Auction,D28,"(82, 47)",48,22.0
99,Auction,D30,"(54, 71)",44,24.0
99,Auction,D31,"(33, 52)",40,25.0
99,Auction,D32,"(97, 52)",40,25.0
99,Auction,D33,"(63, 97)",36,17.0
99,Auction,D34,"(78, 73)",35,20.0
99,Auction,D35,"(77, 78)",30,18.0
99,Auction,D36,"(1, 17)",27,30.0
99,Auction,D37,"(40, 49)",20,24.0
99,Auction,D38,"(37, 25)",23,30.0
99,Auction,D39,"(9, 78)",24,15.0
99,Auction,D41,"(47, 69)",14,22.0
99,Auction,D42,"(70, 18)",9,27.0
99,Auction,D43,"(72, 99)",5,24.0
99,Auction,D44,"(18, 68)",8,21.0
99,Q-Learning,D4,"(4, 75)",98,29.0
99,Q-Learning,D11,"(10, 39)",82,24.0
99,Q-Learning,D14,"(98, 89)",85,20.0
99,Q-Learning,D16,"(39, 69)",72,17.0
99,Q-Learning,D17,"(7, 56)",69,30.0
99,Q-Learning,D18,"(68, 13)",73,25.0
99,Q-Learning,D19,"(8, 92)",70,28.0
99,Q-Learning,D20,"(18, 74)",68,27.0
99,Q-Learning,D21,"(88, 95)",66,27.0
99,Q-Learning,D22,"(35, 41)",56,25.0
99,Q-Learning,D24,"(57, 38)",53,28.0
99,Q-Learning,D25,"(66, 5)",54,24.0
99,Q-Learning,D26,"(50, 23)",51,23.0
99,Q-Learning,D27,"(14, 20)",54,18.0
99,Q-Learning,D28,"(82, 47)",48,22.0
99,Q-Learning,D30,"(54, 71)",44,24.0
99,Q-Learning,D31,"(33, 52)",40,25.0
99,Q-Learning,D32,"(97, 52)",40,25.0
99,Q-Learning,D33,"(63, 97)",36,17.0
99,Q-Learning,D34,"(78, 73)",35,20.0
99,Q-Learning,D35,"(77, 78)",30,18.0
99,Q-Learning,D36,"(1, 17)",27,30.0
99,Q-Learning,D37,"(40, 49)",20,24.0
99,Q-Learning,D38,"(37, 25)",23,30.0
99,Q-Learning,D39,"(9, 78)",24,15.0
99,Q-Learning,D40,"(36, 26)",14,16.0
99,Q-Learning,D41,"(47, 69)",14,22.0
99,Q-Learning,D42,"(70, 18)",9,27.0
99,Q-Learning,D43,"(72, 99)",5,24.0
99,Q-Learning,D44,"(18, 68)",8,21.0
