time_step,method,vehicle_id,position,battery,busy,remaining_duration,idle_time
0,Greedy,V1,"(57, 56)",72.0,False,0.0,1.0
0,Greedy,V2,"(62, 20)",95.0,False,0.0,1.0
0,Greedy,V3,"(37, 20)",88.0,False,0.0,1.0
0,Greedy,V4,"(9, 76)",88.0,False,0.0,1.0
0,Greedy,V5,"(93, 32)",72.0,False,0.0,1.0
0,Greedy,V6,"(38, 72)",52.0,False,0.0,1.0
0,Greedy,V7,"(84, 14)",68.0,False,0.0,1.0
0,Greedy,V8,"(84, 31)",74.0,False,0.0,1.0
0,Greedy,V9,"(41, 25)",86.0,False,0.0,1.0
0,Greedy,V10,"(89, 86)",61.0,False,0.0,1.0
0,Auction,V1,"(57, 56)",72.0,False,0.0,1.0
0,Auction,V2,"(62, 20)",95.0,False,0.0,1.0
0,Auction,V3,"(37, 20)",88.0,False,0.0,1.0
0,Auction,V4,"(9, 76)",88.0,False,0.0,1.0
0,Auction,V5,"(93, 32)",72.0,False,0.0,1.0
0,Auction,V6,"(38, 72)",52.0,False,0.0,1.0
0,Auction,V7,"(84, 14)",68.0,False,0.0,1.0
0,Auction,V8,"(84, 31)",74.0,False,0.0,1.0
0,Auction,V9,"(41, 25)",86.0,False,0.0,1.0
0,Auction,V10,"(89, 86)",61.0,False,0.0,1.0
0,Q-Learning,V1,"(57, 56)",72.0,False,0.0,1.0
0,Q-Learning,V2,"(62, 20)",95.0,False,0.0,1.0
0,Q-Learning,V3,"(37, 20)",88.0,False,0.0,1.0
0,Q-Learning,V4,"(9, 76)",88.0,False,0.0,1.0
0,Q-Learning,V5,"(93, 32)",72.0,False,0.0,1.0
0,Q-Learning,V6,"(38, 72)",52.0,False,0.0,1.0
0,Q-Learning,V7,"(84, 14)",68.0,False,0.0,1.0
0,Q-Learning,V8,"(84, 31)",74.0,False,0.0,1.0
0,Q-Learning,V9,"(41, 25)",86.0,False,0.0,1.0
0,Q-Learning,V10,"(89, 86)",61.0,False,0.0,1.0
1,Greedy,V1,"(57, 56)",52.38422689413609,True,18.61577310586391,1.0
1,Greedy,V2,"(62, 20)",54.5999067167426,True,39.4000932832574,1.0
1,Greedy,V3,"(37, 20)",68.72224687000012,True,18.27775312999988,1.0
1,Greedy,V4,"(9, 76)",73.08827932390287,True,13.911720676097126,1.0
1,Greedy,V5,"(93, 32)",34.133208955656805,True,36.866791044343195,1.0
1,Greedy,V6,"(38, 72)",21.211145618000167,True,29.788854381999833,1.0
1,Greedy,V7,"(84, 14)",36.02059380271684,True,30.97940619728316,1.0
1,Greedy,V8,"(84, 31)",47.228060093329916,True,25.771939906670084,1.0
1,Greedy,V9,"(41, 25)",49.85081306187558,True,35.14918693812442,1.0
1,Greedy,V10,"(89, 86)",38.0,True,22.0,1.0
1,Auction,V1,"(30, 56)",37.6,True,33.4,1.0
1,Auction,V2,"(12, 84)",60.69605949575305,True,33.30394050424695,1.0
1,Auction,V3,"(29, 16)",68.72224687000012,True,18.27775312999988,1.0
1,Auction,V4,"(14, 95)",73.08827932390287,True,13.911720676097126,1.0
1,Auction,V5,"(2, 84)",17.063549757372954,True,53.936450242627046,1.0
1,Auction,V6,"(30, 47)",19.37511905031866,True,31.62488094968134,1.0
1,Auction,V7,"(50, 64)",41.281681574297345,True,25.718318425702655,1.0
1,Auction,V8,"(92, 71)",56.17254912732253,True,16.827450872677467,1.0
1,Auction,V9,"(10, 33)",50.99609470320894,True,34.00390529679106,1.0
1,Auction,V10,"(89, 91)",38.0,True,22.0,1.0
1,Q-Learning,V1,"(57, 56)",72.0,False,0.0,2.0
1,Q-Learning,V2,"(30, 47)",54.53278929227084,True,39.46721070772916,1.0
1,Q-Learning,V3,"(29, 16)",68.72224687000012,True,18.27775312999988,1.0
1,Q-Learning,V4,"(12, 84)",71.86399906367062,True,15.136000936329381,1.0
1,Q-Learning,V5,"(93, 32)",72.0,False,0.0,2.0
1,Q-Learning,V6,"(30, 56)",21.211145618000167,True,29.788854381999833,1.0
1,Q-Learning,V7,"(84, 14)",68.0,False,0.0,2.0
1,Q-Learning,V8,"(92, 71)",56.17254912732253,True,16.827450872677467,1.0
1,Q-Learning,V9,"(41, 25)",86.0,False,0.0,2.0
1,Q-Learning,V10,"(89, 91)",38.0,True,22.0,1.0
2,Greedy,V1,"(57, 56)",52.38422689413609,True,17.61577310586391,1.0
2,Greedy,V2,"(62, 20)",54.5999067167426,True,38.4000932832574,1.0
2,Greedy,V3,"(37, 20)",68.72224687000012,True,17.27775312999988,1.0
2,Greedy,V4,"(9, 76)",73.08827932390287,True,12.911720676097126,1.0
2,Greedy,V5,"(93, 32)",34.133208955656805,True,35.866791044343195,1.0
2,Greedy,V6,"(38, 72)",21.211145618000167,True,28.788854381999833,1.0
2,Greedy,V7,"(84, 14)",36.02059380271684,True,29.97940619728316,1.0
2,Greedy,V8,"(84, 31)",47.228060093329916,True,24.771939906670084,1.0
2,Greedy,V9,"(41, 25)",49.85081306187558,True,34.14918693812442,1.0
2,Greedy,V10,"(89, 86)",38.0,True,21.0,1.0
2,Auction,V1,"(30, 56)",37.6,True,32.4,1.0
2,Auction,V2,"(12, 84)",60.69605949575305,True,32.30394050424695,1.0
2,Auction,V3,"(29, 16)",68.72224687000012,True,17.27775312999988,1.0
2,Auction,V4,"(14, 95)",73.08827932390287,True,12.911720676097126,1.0
2,Auction,V5,"(2, 84)",17.063549757372954,True,52.936450242627046,1.0
2,Auction,V6,"(30, 47)",19.37511905031866,True,30.62488094968134,1.0
2,Auction,V7,"(50, 64)",41.281681574297345,True,24.718318425702655,1.0
2,Auction,V8,"(92, 71)",56.17254912732253,True,15.827450872677467,1.0
2,Auction,V9,"(10, 33)",50.99609470320894,True,33.00390529679106,1.0
2,Auction,V10,"(89, 91)",38.0,True,21.0,1.0
2,Q-Learning,V1,"(14, 95)",50.38965978104001,True,20.610340218959994,2.0
2,Q-Learning,V2,"(30, 47)",54.53278929227084,True,38.46721070772916,1.0
2,Q-Learning,V3,"(29, 16)",68.72224687000012,True,17.27775312999988,1.0
2,Q-Learning,V4,"(12, 84)",71.86399906367062,True,14.136000936329381,1.0
2,Q-Learning,V5,"(93, 32)",72.0,False,0.0,3.0
2,Q-Learning,V6,"(30, 56)",21.211145618000167,True,28.788854381999833,1.0
2,Q-Learning,V7,"(39, 26)",41.82527510124666,True,25.17472489875334,2.0
2,Q-Learning,V8,"(92, 71)",56.17254912732253,True,15.827450872677467,1.0
2,Q-Learning,V9,"(41, 25)",86.0,False,0.0,3.0
2,Q-Learning,V10,"(89, 91)",38.0,True,21.0,1.0
3,Greedy,V1,"(57, 56)",52.38422689413609,True,16.61577310586391,1.0
3,Greedy,V2,"(62, 20)",54.5999067167426,True,37.4000932832574,1.0
3,Greedy,V3,"(37, 20)",68.72224687000012,True,16.27775312999988,1.0
3,Greedy,V4,"(9, 76)",73.08827932390287,True,11.911720676097126,1.0
3,Greedy,V5,"(93, 32)",34.133208955656805,True,34.866791044343195,1.0
3,Greedy,V6,"(38, 72)",21.211145618000167,True,27.788854381999833,1.0
3,Greedy,V7,"(84, 14)",36.02059380271684,True,28.97940619728316,1.0
3,Greedy,V8,"(84, 31)",47.228060093329916,True,23.771939906670084,1.0
3,Greedy,V9,"(41, 25)",49.85081306187558,True,33.14918693812442,1.0
3,Greedy,V10,"(89, 86)",38.0,True,20.0,1.0
3,Auction,V1,"(30, 56)",37.6,True,31.4,1.0
3,Auction,V2,"(12, 84)",60.69605949575305,True,31.303940504246953,1.0
3,Auction,V3,"(29, 16)",68.72224687000012,True,16.27775312999988,1.0
3,Auction,V4,"(14, 95)",73.08827932390287,True,11.911720676097126,1.0
3,Auction,V5,"(2, 84)",17.063549757372954,True,51.936450242627046,1.0
3,Auction,V6,"(30, 47)",19.37511905031866,True,29.62488094968134,1.0
3,Auction,V7,"(50, 64)",41.281681574297345,True,23.718318425702655,1.0
3,Auction,V8,"(92, 71)",56.17254912732253,True,14.827450872677467,1.0
3,Auction,V9,"(10, 33)",50.99609470320894,True,32.00390529679106,1.0
3,Auction,V10,"(89, 91)",38.0,True,20.0,1.0
3,Q-Learning,V1,"(14, 95)",50.38965978104001,True,19.610340218959994,2.0
3,Q-Learning,V2,"(30, 47)",54.53278929227084,True,37.46721070772916,1.0
3,Q-Learning,V3,"(29, 16)",68.72224687000012,True,16.27775312999988,1.0
3,Q-Learning,V4,"(12, 84)",71.86399906367062,True,13.136000936329381,1.0
3,Q-Learning,V5,"(50, 64)",34.133208955656805,True,36.866791044343195,3.0
3,Q-Learning,V6,"(30, 56)",21.211145618000167,True,27.788854381999833,1.0
3,Q-Learning,V7,"(39, 26)",41.82527510124666,True,24.17472489875334,2.0
3,Q-Learning,V8,"(92, 71)",56.17254912732253,True,14.827450872677467,1.0
3,Q-Learning,V9,"(10, 33)",50.99609470320894,True,34.00390529679106,3.0
3,Q-Learning,V10,"(89, 91)",38.0,True,20.0,1.0
4,Greedy,V1,"(57, 56)",52.38422689413609,True,15.615773105863909,1.0
4,Greedy,V2,"(62, 20)",54.5999067167426,True,36.4000932832574,1.0
4,Greedy,V3,"(37, 20)",68.72224687000012,True,15.27775312999988,1.0
4,Greedy,V4,"(9, 76)",73.08827932390287,True,10.911720676097126,1.0
4,Greedy,V5,"(93, 32)",34.133208955656805,True,33.866791044343195,1.0
4,Greedy,V6,"(38, 72)",21.211145618000167,True,26.788854381999833,1.0
4,Greedy,V7,"(84, 14)",36.02059380271684,True,27.97940619728316,1.0
4,Greedy,V8,"(84, 31)",47.228060093329916,True,22.771939906670084,1.0
4,Greedy,V9,"(41, 25)",49.85081306187558,True,32.14918693812442,1.0
4,Greedy,V10,"(89, 86)",38.0,True,19.0,1.0
4,Auction,V1,"(30, 56)",37.6,True,30.4,1.0
4,Auction,V2,"(12, 84)",60.69605949575305,True,30.303940504246953,1.0
4,Auction,V3,"(29, 16)",68.72224687000012,True,15.27775312999988,1.0
4,Auction,V4,"(14, 95)",73.08827932390287,True,10.911720676097126,1.0
4,Auction,V5,"(2, 84)",17.063549757372954,True,50.936450242627046,1.0
4,Auction,V6,"(30, 47)",19.37511905031866,True,28.62488094968134,1.0
4,Auction,V7,"(50, 64)",41.281681574297345,True,22.718318425702655,1.0
4,Auction,V8,"(92, 71)",56.17254912732253,True,13.827450872677467,1.0
4,Auction,V9,"(10, 33)",50.99609470320894,True,31.00390529679106,1.0
4,Auction,V10,"(89, 91)",38.0,True,19.0,1.0
4,Q-Learning,V1,"(14, 95)",50.38965978104001,True,18.610340218959994,2.0
4,Q-Learning,V2,"(30, 47)",54.53278929227084,True,36.46721070772916,1.0
4,Q-Learning,V3,"(29, 16)",68.72224687000012,True,15.27775312999988,1.0
4,Q-Learning,V4,"(12, 84)",71.86399906367062,True,12.136000936329381,1.0
4,Q-Learning,V5,"(50, 64)",34.133208955656805,True,35.866791044343195,3.0
4,Q-Learning,V6,"(30, 56)",21.211145618000167,True,26.788854381999833,1.0
4,Q-Learning,V7,"(39, 26)",41.82527510124666,True,23.17472489875334,2.0
4,Q-Learning,V8,"(92, 71)",56.17254912732253,True,13.827450872677467,1.0
4,Q-Learning,V9,"(10, 33)",50.99609470320894,True,33.00390529679106,3.0
4,Q-Learning,V10,"(89, 91)",38.0,True,19.0,1.0
5,Greedy,V1,"(57, 56)",52.38422689413609,True,14.615773105863909,1.0
5,Greedy,V2,"(62, 20)",54.5999067167426,True,35.4000932832574,1.0
5,Greedy,V3,"(37, 20)",68.72224687000012,True,14.27775312999988,1.0
5,Greedy,V4,"(9, 76)",73.08827932390287,True,9.911720676097126,1.0
5,Greedy,V5,"(93, 32)",34.133208955656805,True,32.866791044343195,1.0
5,Greedy,V6,"(38, 72)",21.211145618000167,True,25.788854381999833,1.0
5,Greedy,V7,"(84, 14)",36.02059380271684,True,26.97940619728316,1.0
5,Greedy,V8,"(84, 31)",47.228060093329916,True,21.771939906670084,1.0
5,Greedy,V9,"(41, 25)",49.85081306187558,True,31.149186938124423,1.0
5,Greedy,V10,"(89, 86)",38.0,True,18.0,1.0
5,Auction,V1,"(30, 56)",37.6,True,29.4,1.0
5,Auction,V2,"(12, 84)",60.69605949575305,True,29.303940504246953,1.0
5,Auction,V3,"(29, 16)",68.72224687000012,True,14.27775312999988,1.0
5,Auction,V4,"(14, 95)",73.08827932390287,True,9.911720676097126,1.0
5,Auction,V5,"(2, 84)",17.063549757372954,True,49.936450242627046,1.0
5,Auction,V6,"(30, 47)",19.37511905031866,True,27.62488094968134,1.0
5,Auction,V7,"(50, 64)",41.281681574297345,True,21.718318425702655,1.0
5,Auction,V8,"(92, 71)",56.17254912732253,True,12.827450872677467,1.0
5,Auction,V9,"(10, 33)",50.99609470320894,True,30.00390529679106,1.0
5,Auction,V10,"(89, 91)",38.0,True,18.0,1.0
5,Q-Learning,V1,"(14, 95)",50.38965978104001,True,17.610340218959994,2.0
5,Q-Learning,V2,"(30, 47)",54.53278929227084,True,35.46721070772916,1.0
5,Q-Learning,V3,"(29, 16)",68.72224687000012,True,14.27775312999988,1.0
5,Q-Learning,V4,"(12, 84)",71.86399906367062,True,11.136000936329381,1.0
5,Q-Learning,V5,"(50, 64)",34.133208955656805,True,34.866791044343195,3.0
5,Q-Learning,V6,"(30, 56)",21.211145618000167,True,25.788854381999833,1.0
5,Q-Learning,V7,"(39, 26)",41.82527510124666,True,22.17472489875334,2.0
5,Q-Learning,V8,"(92, 71)",56.17254912732253,True,12.827450872677467,1.0
5,Q-Learning,V9,"(10, 33)",50.99609470320894,True,32.00390529679106,3.0
5,Q-Learning,V10,"(89, 91)",38.0,True,18.0,1.0
6,Greedy,V1,"(57, 56)",52.38422689413609,True,13.615773105863909,1.0
6,Greedy,V2,"(62, 20)",54.5999067167426,True,34.4000932832574,1.0
6,Greedy,V3,"(37, 20)",68.72224687000012,True,13.27775312999988,1.0
6,Greedy,V4,"(9, 76)",73.08827932390287,True,8.911720676097126,1.0
6,Greedy,V5,"(93, 32)",34.133208955656805,True,31.866791044343195,1.0
6,Greedy,V6,"(38, 72)",21.211145618000167,True,24.788854381999833,1.0
6,Greedy,V7,"(84, 14)",36.02059380271684,True,25.97940619728316,1.0
6,Greedy,V8,"(84, 31)",47.228060093329916,True,20.771939906670084,1.0
6,Greedy,V9,"(41, 25)",49.85081306187558,True,30.149186938124423,1.0
6,Greedy,V10,"(89, 86)",38.0,True,17.0,1.0
6,Auction,V1,"(30, 56)",37.6,True,28.4,1.0
6,Auction,V2,"(12, 84)",60.69605949575305,True,28.303940504246953,1.0
6,Auction,V3,"(29, 16)",68.72224687000012,True,13.27775312999988,1.0
6,Auction,V4,"(14, 95)",73.08827932390287,True,8.911720676097126,1.0
6,Auction,V5,"(2, 84)",17.063549757372954,True,48.936450242627046,1.0
6,Auction,V6,"(30, 47)",19.37511905031866,True,26.62488094968134,1.0
6,Auction,V7,"(50, 64)",41.281681574297345,True,20.718318425702655,1.0
6,Auction,V8,"(92, 71)",56.17254912732253,True,11.827450872677467,1.0
6,Auction,V9,"(10, 33)",50.99609470320894,True,29.00390529679106,1.0
6,Auction,V10,"(89, 91)",38.0,True,17.0,1.0
6,Q-Learning,V1,"(14, 95)",50.38965978104001,True,16.610340218959994,2.0
6,Q-Learning,V2,"(30, 47)",54.53278929227084,True,34.46721070772916,1.0
6,Q-Learning,V3,"(29, 16)",68.72224687000012,True,13.27775312999988,1.0
6,Q-Learning,V4,"(12, 84)",71.86399906367062,True,10.136000936329381,1.0
6,Q-Learning,V5,"(50, 64)",34.133208955656805,True,33.866791044343195,3.0
6,Q-Learning,V6,"(30, 56)",21.211145618000167,True,24.788854381999833,1.0
6,Q-Learning,V7,"(39, 26)",41.82527510124666,True,21.17472489875334,2.0
6,Q-Learning,V8,"(92, 71)",56.17254912732253,True,11.827450872677467,1.0
6,Q-Learning,V9,"(10, 33)",50.99609470320894,True,31.00390529679106,3.0
6,Q-Learning,V10,"(89, 91)",38.0,True,17.0,1.0
7,Greedy,V1,"(57, 56)",52.38422689413609,True,12.615773105863909,1.0
7,Greedy,V2,"(62, 20)",54.5999067167426,True,33.4000932832574,1.0
7,Greedy,V3,"(37, 20)",68.72224687000012,True,12.27775312999988,1.0
7,Greedy,V4,"(9, 76)",73.08827932390287,True,7.911720676097126,1.0
7,Greedy,V5,"(93, 32)",34.133208955656805,True,30.866791044343195,1.0
7,Greedy,V6,"(38, 72)",21.211145618000167,True,23.788854381999833,1.0
7,Greedy,V7,"(84, 14)",36.02059380271684,True,24.97940619728316,1.0
7,Greedy,V8,"(84, 31)",47.228060093329916,True,19.771939906670084,1.0
7,Greedy,V9,"(41, 25)",49.85081306187558,True,29.149186938124423,1.0
7,Greedy,V10,"(89, 86)",38.0,True,16.0,1.0
7,Auction,V1,"(30, 56)",37.6,True,27.4,1.0
7,Auction,V2,"(12, 84)",60.69605949575305,True,27.303940504246953,1.0
7,Auction,V3,"(29, 16)",68.72224687000012,True,12.27775312999988,1.0
7,Auction,V4,"(14, 95)",73.08827932390287,True,7.911720676097126,1.0
7,Auction,V5,"(2, 84)",17.063549757372954,True,47.936450242627046,1.0
7,Auction,V6,"(30, 47)",19.37511905031866,True,25.62488094968134,1.0
7,Auction,V7,"(50, 64)",41.281681574297345,True,19.718318425702655,1.0
7,Auction,V8,"(92, 71)",56.17254912732253,True,10.827450872677467,1.0
7,Auction,V9,"(10, 33)",50.99609470320894,True,28.00390529679106,1.0
7,Auction,V10,"(89, 91)",38.0,True,16.0,1.0
7,Q-Learning,V1,"(14, 95)",50.38965978104001,True,15.610340218959994,2.0
7,Q-Learning,V2,"(30, 47)",54.53278929227084,True,33.46721070772916,1.0
7,Q-Learning,V3,"(29, 16)",68.72224687000012,True,12.27775312999988,1.0
7,Q-Learning,V4,"(12, 84)",71.86399906367062,True,9.136000936329381,1.0
7,Q-Learning,V5,"(50, 64)",34.133208955656805,True,32.866791044343195,3.0
7,Q-Learning,V6,"(30, 56)",21.211145618000167,True,23.788854381999833,1.0
7,Q-Learning,V7,"(39, 26)",41.82527510124666,True,20.17472489875334,2.0
7,Q-Learning,V8,"(92, 71)",56.17254912732253,True,10.827450872677467,1.0
7,Q-Learning,V9,"(10, 33)",50.99609470320894,True,30.00390529679106,3.0
7,Q-Learning,V10,"(89, 91)",38.0,True,16.0,1.0
8,Greedy,V1,"(57, 56)",52.38422689413609,True,11.615773105863909,1.0
8,Greedy,V2,"(62, 20)",54.5999067167426,True,32.4000932832574,1.0
8,Greedy,V3,"(37, 20)",68.72224687000012,True,11.27775312999988,1.0
8,Greedy,V4,"(9, 76)",73.08827932390287,True,6.911720676097126,1.0
8,Greedy,V5,"(93, 32)",34.133208955656805,True,29.866791044343195,1.0
8,Greedy,V6,"(38, 72)",21.211145618000167,True,22.788854381999833,1.0
8,Greedy,V7,"(84, 14)",36.02059380271684,True,23.97940619728316,1.0
8,Greedy,V8,"(84, 31)",47.228060093329916,True,18.771939906670084,1.0
8,Greedy,V9,"(41, 25)",49.85081306187558,True,28.149186938124423,1.0
8,Greedy,V10,"(89, 86)",38.0,True,15.0,1.0
8,Auction,V1,"(30, 56)",37.6,True,26.4,1.0
8,Auction,V2,"(12, 84)",60.69605949575305,True,26.303940504246953,1.0
8,Auction,V3,"(29, 16)",68.72224687000012,True,11.27775312999988,1.0
8,Auction,V4,"(14, 95)",73.08827932390287,True,6.911720676097126,1.0
8,Auction,V5,"(2, 84)",17.063549757372954,True,46.936450242627046,1.0
8,Auction,V6,"(30, 47)",19.37511905031866,True,24.62488094968134,1.0
8,Auction,V7,"(50, 64)",41.281681574297345,True,18.718318425702655,1.0
8,Auction,V8,"(92, 71)",56.17254912732253,True,9.827450872677467,1.0
8,Auction,V9,"(10, 33)",50.99609470320894,True,27.00390529679106,1.0
8,Auction,V10,"(89, 91)",38.0,True,15.0,1.0
8,Q-Learning,V1,"(14, 95)",50.38965978104001,True,14.610340218959994,2.0
8,Q-Learning,V2,"(30, 47)",54.53278929227084,True,32.46721070772916,1.0
8,Q-Learning,V3,"(29, 16)",68.72224687000012,True,11.27775312999988,1.0
8,Q-Learning,V4,"(12, 84)",71.86399906367062,True,8.136000936329381,1.0
8,Q-Learning,V5,"(50, 64)",34.133208955656805,True,31.866791044343195,3.0
8,Q-Learning,V6,"(30, 56)",21.211145618000167,True,22.788854381999833,1.0
8,Q-Learning,V7,"(39, 26)",41.82527510124666,True,19.17472489875334,2.0
8,Q-Learning,V8,"(92, 71)",56.17254912732253,True,9.827450872677467,1.0
8,Q-Learning,V9,"(10, 33)",50.99609470320894,True,29.00390529679106,3.0
8,Q-Learning,V10,"(89, 91)",38.0,True,15.0,1.0
9,Greedy,V1,"(57, 56)",52.38422689413609,True,10.615773105863909,1.0
9,Greedy,V2,"(62, 20)",54.5999067167426,True,31.400093283257398,1.0
9,Greedy,V3,"(37, 20)",68.72224687000012,True,10.27775312999988,1.0
9,Greedy,V4,"(9, 76)",73.08827932390287,True,5.911720676097126,1.0
9,Greedy,V5,"(93, 32)",34.133208955656805,True,28.866791044343195,1.0
9,Greedy,V6,"(38, 72)",21.211145618000167,True,21.788854381999833,1.0
9,Greedy,V7,"(84, 14)",36.02059380271684,True,22.97940619728316,1.0
9,Greedy,V8,"(84, 31)",47.228060093329916,True,17.771939906670084,1.0
9,Greedy,V9,"(41, 25)",49.85081306187558,True,27.149186938124423,1.0
9,Greedy,V10,"(89, 86)",38.0,True,14.0,1.0
9,Auction,V1,"(30, 56)",37.6,True,25.4,1.0
9,Auction,V2,"(12, 84)",60.69605949575305,True,25.303940504246953,1.0
9,Auction,V3,"(29, 16)",68.72224687000012,True,10.27775312999988,1.0
9,Auction,V4,"(14, 95)",73.08827932390287,True,5.911720676097126,1.0
9,Auction,V5,"(2, 84)",17.063549757372954,True,45.936450242627046,1.0
9,Auction,V6,"(30, 47)",19.37511905031866,True,23.62488094968134,1.0
9,Auction,V7,"(50, 64)",41.281681574297345,True,17.718318425702655,1.0
9,Auction,V8,"(92, 71)",56.17254912732253,True,8.827450872677467,1.0
9,Auction,V9,"(10, 33)",50.99609470320894,True,26.00390529679106,1.0
9,Auction,V10,"(89, 91)",38.0,True,14.0,1.0
9,Q-Learning,V1,"(14, 95)",50.38965978104001,True,13.610340218959994,2.0
9,Q-Learning,V2,"(30, 47)",54.53278929227084,True,31.46721070772916,1.0
9,Q-Learning,V3,"(29, 16)",68.72224687000012,True,10.27775312999988,1.0
9,Q-Learning,V4,"(12, 84)",71.86399906367062,True,7.136000936329381,1.0
9,Q-Learning,V5,"(50, 64)",34.133208955656805,True,30.866791044343195,3.0
9,Q-Learning,V6,"(30, 56)",21.211145618000167,True,21.788854381999833,1.0
9,Q-Learning,V7,"(39, 26)",41.82527510124666,True,18.17472489875334,2.0
9,Q-Learning,V8,"(92, 71)",56.17254912732253,True,8.827450872677467,1.0
9,Q-Learning,V9,"(10, 33)",50.99609470320894,True,28.00390529679106,3.0
9,Q-Learning,V10,"(89, 91)",38.0,True,14.0,1.0
10,Greedy,V1,"(57, 56)",52.38422689413609,True,9.615773105863909,1.0
10,Greedy,V2,"(62, 20)",54.5999067167426,True,30.400093283257398,1.0
10,Greedy,V3,"(37, 20)",68.72224687000012,True,9.27775312999988,1.0
10,Greedy,V4,"(9, 76)",73.08827932390287,True,4.911720676097126,1.0
10,Greedy,V5,"(93, 32)",34.133208955656805,True,27.866791044343195,1.0
10,Greedy,V6,"(38, 72)",21.211145618000167,True,20.788854381999833,1.0
10,Greedy,V7,"(84, 14)",36.02059380271684,True,21.97940619728316,1.0
10,Greedy,V8,"(84, 31)",47.228060093329916,True,16.771939906670084,1.0
10,Greedy,V9,"(41, 25)",49.85081306187558,True,26.149186938124423,1.0
10,Greedy,V10,"(89, 86)",38.0,True,13.0,1.0
10,Auction,V1,"(30, 56)",37.6,True,24.4,1.0
10,Auction,V2,"(12, 84)",60.69605949575305,True,24.303940504246953,1.0
10,Auction,V3,"(29, 16)",68.72224687000012,True,9.27775312999988,1.0
10,Auction,V4,"(14, 95)",73.08827932390287,True,4.911720676097126,1.0
10,Auction,V5,"(2, 84)",17.063549757372954,True,44.936450242627046,1.0
10,Auction,V6,"(30, 47)",19.37511905031866,True,22.62488094968134,1.0
10,Auction,V7,"(50, 64)",41.281681574297345,True,16.718318425702655,1.0
10,Auction,V8,"(92, 71)",56.17254912732253,True,7.827450872677467,1.0
10,Auction,V9,"(10, 33)",50.99609470320894,True,25.00390529679106,1.0
10,Auction,V10,"(89, 91)",38.0,True,13.0,1.0
10,Q-Learning,V1,"(14, 95)",50.38965978104001,True,12.610340218959994,2.0
10,Q-Learning,V2,"(30, 47)",54.53278929227084,True,30.46721070772916,1.0
10,Q-Learning,V3,"(29, 16)",68.72224687000012,True,9.27775312999988,1.0
10,Q-Learning,V4,"(12, 84)",71.86399906367062,True,6.136000936329381,1.0
10,Q-Learning,V5,"(50, 64)",34.133208955656805,True,29.866791044343195,3.0
10,Q-Learning,V6,"(30, 56)",21.211145618000167,True,20.788854381999833,1.0
10,Q-Learning,V7,"(39, 26)",41.82527510124666,True,17.17472489875334,2.0
10,Q-Learning,V8,"(92, 71)",56.17254912732253,True,7.827450872677467,1.0
10,Q-Learning,V9,"(10, 33)",50.99609470320894,True,27.00390529679106,3.0
10,Q-Learning,V10,"(89, 91)",38.0,True,13.0,1.0
11,Greedy,V1,"(57, 56)",52.38422689413609,True,8.615773105863909,1.0
11,Greedy,V2,"(62, 20)",54.5999067167426,True,29.400093283257398,1.0
11,Greedy,V3,"(37, 20)",68.72224687000012,True,8.27775312999988,1.0
11,Greedy,V4,"(9, 76)",73.08827932390287,True,3.9117206760971257,1.0
11,Greedy,V5,"(93, 32)",34.133208955656805,True,26.866791044343195,1.0
11,Greedy,V6,"(38, 72)",21.211145618000167,True,19.788854381999833,1.0
11,Greedy,V7,"(84, 14)",36.02059380271684,True,20.97940619728316,1.0
11,Greedy,V8,"(84, 31)",47.228060093329916,True,15.771939906670084,1.0
11,Greedy,V9,"(41, 25)",49.85081306187558,True,25.149186938124423,1.0
11,Greedy,V10,"(89, 86)",38.0,True,12.0,1.0
11,Auction,V1,"(30, 56)",37.6,True,23.4,1.0
11,Auction,V2,"(12, 84)",60.69605949575305,True,23.303940504246953,1.0
11,Auction,V3,"(29, 16)",68.72224687000012,True,8.27775312999988,1.0
11,Auction,V4,"(14, 95)",73.08827932390287,True,3.9117206760971257,1.0
11,Auction,V5,"(2, 84)",17.063549757372954,True,43.936450242627046,1.0
11,Auction,V6,"(30, 47)",19.37511905031866,True,21.62488094968134,1.0
11,Auction,V7,"(50, 64)",41.281681574297345,True,15.718318425702655,1.0
11,Auction,V8,"(92, 71)",56.17254912732253,True,6.827450872677467,1.0
11,Auction,V9,"(10, 33)",50.99609470320894,True,24.00390529679106,1.0
11,Auction,V10,"(89, 91)",38.0,True,12.0,1.0
11,Q-Learning,V1,"(14, 95)",50.38965978104001,True,11.610340218959994,2.0
11,Q-Learning,V2,"(30, 47)",54.53278929227084,True,29.46721070772916,1.0
11,Q-Learning,V3,"(29, 16)",68.72224687000012,True,8.27775312999988,1.0
11,Q-Learning,V4,"(12, 84)",71.86399906367062,True,5.136000936329381,1.0
11,Q-Learning,V5,"(50, 64)",34.133208955656805,True,28.866791044343195,3.0
11,Q-Learning,V6,"(30, 56)",21.211145618000167,True,19.788854381999833,1.0
11,Q-Learning,V7,"(39, 26)",41.82527510124666,True,16.17472489875334,2.0
11,Q-Learning,V8,"(92, 71)",56.17254912732253,True,6.827450872677467,1.0
11,Q-Learning,V9,"(10, 33)",50.99609470320894,True,26.00390529679106,3.0
11,Q-Learning,V10,"(89, 91)",38.0,True,12.0,1.0
12,Greedy,V1,"(57, 56)",52.38422689413609,True,7.615773105863909,1.0
12,Greedy,V2,"(62, 20)",54.5999067167426,True,28.400093283257398,1.0
12,Greedy,V3,"(37, 20)",68.72224687000012,True,7.27775312999988,1.0
12,Greedy,V4,"(9, 76)",73.08827932390287,True,2.9117206760971257,1.0
12,Greedy,V5,"(93, 32)",34.133208955656805,True,25.866791044343195,1.0
12,Greedy,V6,"(38, 72)",21.211145618000167,True,18.788854381999833,1.0
12,Greedy,V7,"(84, 14)",36.02059380271684,True,19.97940619728316,1.0
12,Greedy,V8,"(84, 31)",47.228060093329916,True,14.771939906670084,1.0
12,Greedy,V9,"(41, 25)",49.85081306187558,True,24.149186938124423,1.0
12,Greedy,V10,"(89, 86)",38.0,True,11.0,1.0
12,Auction,V1,"(30, 56)",37.6,True,22.4,1.0
12,Auction,V2,"(12, 84)",60.69605949575305,True,22.303940504246953,1.0
12,Auction,V3,"(29, 16)",68.72224687000012,True,7.27775312999988,1.0
12,Auction,V4,"(14, 95)",73.08827932390287,True,2.9117206760971257,1.0
12,Auction,V5,"(2, 84)",17.063549757372954,True,42.936450242627046,1.0
12,Auction,V6,"(30, 47)",19.37511905031866,True,20.62488094968134,1.0
12,Auction,V7,"(50, 64)",41.281681574297345,True,14.718318425702655,1.0
12,Auction,V8,"(92, 71)",56.17254912732253,True,5.827450872677467,1.0
12,Auction,V9,"(10, 33)",50.99609470320894,True,23.00390529679106,1.0
12,Auction,V10,"(89, 91)",38.0,True,11.0,1.0
12,Q-Learning,V1,"(14, 95)",50.38965978104001,True,10.610340218959994,2.0
12,Q-Learning,V2,"(30, 47)",54.53278929227084,True,28.46721070772916,1.0
12,Q-Learning,V3,"(29, 16)",68.72224687000012,True,7.27775312999988,1.0
12,Q-Learning,V4,"(12, 84)",71.86399906367062,True,4.136000936329381,1.0
12,Q-Learning,V5,"(50, 64)",34.133208955656805,True,27.866791044343195,3.0
12,Q-Learning,V6,"(30, 56)",21.211145618000167,True,18.788854381999833,1.0
12,Q-Learning,V7,"(39, 26)",41.82527510124666,True,15.17472489875334,2.0
12,Q-Learning,V8,"(92, 71)",56.17254912732253,True,5.827450872677467,1.0
12,Q-Learning,V9,"(10, 33)",50.99609470320894,True,25.00390529679106,3.0
12,Q-Learning,V10,"(89, 91)",38.0,True,11.0,1.0
13,Greedy,V1,"(57, 56)",52.38422689413609,True,6.615773105863909,1.0
13,Greedy,V2,"(62, 20)",54.5999067167426,True,27.400093283257398,1.0
13,Greedy,V3,"(37, 20)",68.72224687000012,True,6.27775312999988,1.0
13,Greedy,V4,"(9, 76)",73.08827932390287,True,1.9117206760971257,1.0
13,Greedy,V5,"(93, 32)",34.133208955656805,True,24.866791044343195,1.0
13,Greedy,V6,"(38, 72)",21.211145618000167,True,17.788854381999833,1.0
13,Greedy,V7,"(84, 14)",36.02059380271684,True,18.97940619728316,1.0
13,Greedy,V8,"(84, 31)",47.228060093329916,True,13.771939906670084,1.0
13,Greedy,V9,"(41, 25)",49.85081306187558,True,23.149186938124423,1.0
13,Greedy,V10,"(89, 86)",38.0,True,10.0,1.0
13,Auction,V1,"(30, 56)",37.6,True,21.4,1.0
13,Auction,V2,"(12, 84)",60.69605949575305,True,21.303940504246953,1.0
13,Auction,V3,"(29, 16)",68.72224687000012,True,6.27775312999988,1.0
13,Auction,V4,"(14, 95)",73.08827932390287,True,1.9117206760971257,1.0
13,Auction,V5,"(2, 84)",17.063549757372954,True,41.936450242627046,1.0
13,Auction,V6,"(30, 47)",19.37511905031866,True,19.62488094968134,1.0
13,Auction,V7,"(50, 64)",41.281681574297345,True,13.718318425702655,1.0
13,Auction,V8,"(92, 71)",56.17254912732253,True,4.827450872677467,1.0
13,Auction,V9,"(10, 33)",50.99609470320894,True,22.00390529679106,1.0
13,Auction,V10,"(89, 91)",38.0,True,10.0,1.0
13,Q-Learning,V1,"(14, 95)",50.38965978104001,True,9.610340218959994,2.0
13,Q-Learning,V2,"(30, 47)",54.53278929227084,True,27.46721070772916,1.0
13,Q-Learning,V3,"(29, 16)",68.72224687000012,True,6.27775312999988,1.0
13,Q-Learning,V4,"(12, 84)",71.86399906367062,True,3.1360009363293813,1.0
13,Q-Learning,V5,"(50, 64)",34.133208955656805,True,26.866791044343195,3.0
13,Q-Learning,V6,"(30, 56)",21.211145618000167,True,17.788854381999833,1.0
13,Q-Learning,V7,"(39, 26)",41.82527510124666,True,14.17472489875334,2.0
13,Q-Learning,V8,"(92, 71)",56.17254912732253,True,4.827450872677467,1.0
13,Q-Learning,V9,"(10, 33)",50.99609470320894,True,24.00390529679106,3.0
13,Q-Learning,V10,"(89, 91)",38.0,True,10.0,1.0
14,Greedy,V1,"(57, 56)",52.38422689413609,True,5.615773105863909,1.0
14,Greedy,V2,"(62, 20)",54.5999067167426,True,26.400093283257398,1.0
14,Greedy,V3,"(37, 20)",68.72224687000012,True,5.27775312999988,1.0
14,Greedy,V4,"(9, 76)",73.08827932390287,True,0.9117206760971257,1.0
14,Greedy,V5,"(93, 32)",34.133208955656805,True,23.866791044343195,1.0
14,Greedy,V6,"(38, 72)",21.211145618000167,True,16.788854381999833,1.0
14,Greedy,V7,"(84, 14)",36.02059380271684,True,17.97940619728316,1.0
14,Greedy,V8,"(84, 31)",47.228060093329916,True,12.771939906670084,1.0
14,Greedy,V9,"(41, 25)",49.85081306187558,True,22.149186938124423,1.0
14,Greedy,V10,"(89, 86)",38.0,True,9.0,1.0
14,Auction,V1,"(30, 56)",37.6,True,20.4,1.0
14,Auction,V2,"(12, 84)",60.69605949575305,True,20.303940504246953,1.0
14,Auction,V3,"(29, 16)",68.72224687000012,True,5.27775312999988,1.0
14,Auction,V4,"(14, 95)",73.08827932390287,True,0.9117206760971257,1.0
14,Auction,V5,"(2, 84)",17.063549757372954,True,40.936450242627046,1.0
14,Auction,V6,"(30, 47)",19.37511905031866,True,18.62488094968134,1.0
14,Auction,V7,"(50, 64)",41.281681574297345,True,12.718318425702655,1.0
14,Auction,V8,"(92, 71)",56.17254912732253,True,3.827450872677467,1.0
14,Auction,V9,"(10, 33)",50.99609470320894,True,21.00390529679106,1.0
14,Auction,V10,"(89, 91)",38.0,True,9.0,1.0
14,Q-Learning,V1,"(14, 95)",50.38965978104001,True,8.610340218959994,2.0
14,Q-Learning,V2,"(30, 47)",54.53278929227084,True,26.46721070772916,1.0
14,Q-Learning,V3,"(29, 16)",68.72224687000012,True,5.27775312999988,1.0
14,Q-Learning,V4,"(12, 84)",71.86399906367062,True,2.1360009363293813,1.0
14,Q-Learning,V5,"(50, 64)",34.133208955656805,True,25.866791044343195,3.0
14,Q-Learning,V6,"(30, 56)",21.211145618000167,True,16.788854381999833,1.0
14,Q-Learning,V7,"(39, 26)",41.82527510124666,True,13.17472489875334,2.0
14,Q-Learning,V8,"(92, 71)",56.17254912732253,True,3.827450872677467,1.0
14,Q-Learning,V9,"(10, 33)",50.99609470320894,True,23.00390529679106,3.0
14,Q-Learning,V10,"(89, 91)",38.0,True,9.0,1.0
15,Greedy,V1,"(57, 56)",52.38422689413609,True,4.615773105863909,1.0
15,Greedy,V2,"(62, 20)",54.5999067167426,True,25.400093283257398,1.0
15,Greedy,V3,"(37, 20)",68.72224687000012,True,4.27775312999988,1.0
15,Greedy,V4,"(9, 76)",73.08827932390287,True,0.0,1.0
15,Greedy,V5,"(93, 32)",34.133208955656805,True,22.866791044343195,1.0
15,Greedy,V6,"(38, 72)",21.211145618000167,True,15.788854381999833,1.0
15,Greedy,V7,"(84, 14)",36.02059380271684,True,16.97940619728316,1.0
15,Greedy,V8,"(84, 31)",47.228060093329916,True,11.771939906670084,1.0
15,Greedy,V9,"(41, 25)",49.85081306187558,True,21.149186938124423,1.0
15,Greedy,V10,"(89, 86)",38.0,True,8.0,1.0
15,Auction,V1,"(30, 56)",37.6,True,19.4,1.0
15,Auction,V2,"(12, 84)",60.69605949575305,True,19.303940504246953,1.0
15,Auction,V3,"(29, 16)",68.72224687000012,True,4.27775312999988,1.0
15,Auction,V4,"(14, 95)",73.08827932390287,True,0.0,1.0
15,Auction,V5,"(2, 84)",17.063549757372954,True,39.936450242627046,1.0
15,Auction,V6,"(30, 47)",19.37511905031866,True,17.62488094968134,1.0
15,Auction,V7,"(50, 64)",41.281681574297345,True,11.718318425702655,1.0
15,Auction,V8,"(92, 71)",56.17254912732253,True,2.827450872677467,1.0
15,Auction,V9,"(10, 33)",50.99609470320894,True,20.00390529679106,1.0
15,Auction,V10,"(89, 91)",38.0,True,8.0,1.0
15,Q-Learning,V1,"(14, 95)",50.38965978104001,True,7.610340218959994,2.0
15,Q-Learning,V2,"(30, 47)",54.53278929227084,True,25.46721070772916,1.0
15,Q-Learning,V3,"(29, 16)",68.72224687000012,True,4.27775312999988,1.0
15,Q-Learning,V4,"(12, 84)",71.86399906367062,True,1.1360009363293813,1.0
15,Q-Learning,V5,"(50, 64)",34.133208955656805,True,24.866791044343195,3.0
15,Q-Learning,V6,"(30, 56)",21.211145618000167,True,15.788854381999833,1.0
15,Q-Learning,V7,"(39, 26)",41.82527510124666,True,12.17472489875334,2.0
15,Q-Learning,V8,"(92, 71)",56.17254912732253,True,2.827450872677467,1.0
15,Q-Learning,V9,"(10, 33)",50.99609470320894,True,22.00390529679106,3.0
15,Q-Learning,V10,"(89, 91)",38.0,True,8.0,1.0
16,Greedy,V1,"(57, 56)",52.38422689413609,True,3.6157731058639087,1.0
16,Greedy,V2,"(62, 20)",54.5999067167426,True,24.400093283257398,1.0
16,Greedy,V3,"(37, 20)",68.72224687000012,True,3.27775312999988,1.0
16,Greedy,V4,"(9, 76)",37.51089958678962,True,34.57737973711325,1.0
16,Greedy,V5,"(93, 32)",34.133208955656805,True,21.866791044343195,1.0
16,Greedy,V6,"(38, 72)",21.211145618000167,True,14.788854381999833,1.0
16,Greedy,V7,"(84, 14)",36.02059380271684,True,15.979406197283161,1.0
16,Greedy,V8,"(84, 31)",47.228060093329916,True,10.771939906670084,1.0
16,Greedy,V9,"(41, 25)",49.85081306187558,True,20.149186938124423,1.0
16,Greedy,V10,"(89, 86)",38.0,True,7.0,1.0
16,Auction,V1,"(30, 56)",37.6,True,18.4,1.0
16,Auction,V2,"(12, 84)",60.69605949575305,True,18.303940504246953,1.0
16,Auction,V3,"(29, 16)",68.72224687000012,True,3.27775312999988,1.0
16,Auction,V4,"(36, 93)",56.56559881530924,True,15.52268050859363,1.0
16,Auction,V5,"(2, 84)",17.063549757372954,True,38.936450242627046,1.0
16,Auction,V6,"(30, 47)",19.37511905031866,True,16.62488094968134,1.0
16,Auction,V7,"(50, 64)",41.281681574297345,True,10.718318425702655,1.0
16,Auction,V8,"(92, 71)",56.17254912732253,True,1.827450872677467,1.0
16,Auction,V9,"(10, 33)",50.99609470320894,True,19.00390529679106,1.0
16,Auction,V10,"(89, 91)",38.0,True,7.0,1.0
16,Q-Learning,V1,"(14, 95)",50.38965978104001,True,6.610340218959994,2.0
16,Q-Learning,V2,"(30, 47)",54.53278929227084,True,24.46721070772916,1.0
16,Q-Learning,V3,"(29, 16)",68.72224687000012,True,3.27775312999988,1.0
16,Q-Learning,V4,"(12, 84)",71.86399906367062,True,0.13600093632938126,1.0
16,Q-Learning,V5,"(50, 64)",34.133208955656805,True,23.866791044343195,3.0
16,Q-Learning,V6,"(30, 56)",21.211145618000167,True,14.788854381999833,1.0
16,Q-Learning,V7,"(39, 26)",41.82527510124666,True,11.17472489875334,2.0
16,Q-Learning,V8,"(92, 71)",56.17254912732253,True,1.827450872677467,1.0
16,Q-Learning,V9,"(10, 33)",50.99609470320894,True,21.00390529679106,3.0
16,Q-Learning,V10,"(89, 91)",38.0,True,7.0,1.0
17,Greedy,V1,"(57, 56)",52.38422689413609,True,2.6157731058639087,1.0
17,Greedy,V2,"(62, 20)",54.5999067167426,True,23.400093283257398,1.0
17,Greedy,V3,"(37, 20)",68.72224687000012,True,2.27775312999988,1.0
17,Greedy,V4,"(9, 76)",37.51089958678962,True,33.57737973711325,1.0
17,Greedy,V5,"(93, 32)",34.133208955656805,True,20.866791044343195,1.0
17,Greedy,V6,"(38, 72)",21.211145618000167,True,13.788854381999833,1.0
17,Greedy,V7,"(84, 14)",36.02059380271684,True,14.979406197283161,1.0
17,Greedy,V8,"(84, 31)",47.228060093329916,True,9.771939906670084,1.0
17,Greedy,V9,"(41, 25)",49.85081306187558,True,19.149186938124423,1.0
17,Greedy,V10,"(89, 86)",38.0,True,6.0,1.0
17,Auction,V1,"(30, 56)",37.6,True,17.4,1.0
17,Auction,V2,"(12, 84)",60.69605949575305,True,17.303940504246953,1.0
17,Auction,V3,"(29, 16)",68.72224687000012,True,2.27775312999988,1.0
17,Auction,V4,"(36, 93)",56.56559881530924,True,14.52268050859363,1.0
17,Auction,V5,"(2, 84)",17.063549757372954,True,37.936450242627046,1.0
17,Auction,V6,"(30, 47)",19.37511905031866,True,15.62488094968134,1.0
17,Auction,V7,"(50, 64)",41.281681574297345,True,9.718318425702655,1.0
17,Auction,V8,"(92, 71)",56.17254912732253,True,0.827450872677467,1.0
17,Auction,V9,"(10, 33)",50.99609470320894,True,18.00390529679106,1.0
17,Auction,V10,"(89, 91)",38.0,True,6.0,1.0
17,Q-Learning,V1,"(14, 95)",50.38965978104001,True,5.610340218959994,2.0
17,Q-Learning,V2,"(30, 47)",54.53278929227084,True,23.46721070772916,1.0
17,Q-Learning,V3,"(29, 16)",68.72224687000012,True,2.27775312999988,1.0
17,Q-Learning,V4,"(12, 84)",71.86399906367062,True,0.0,1.0
17,Q-Learning,V5,"(50, 64)",34.133208955656805,True,22.866791044343195,3.0
17,Q-Learning,V6,"(30, 56)",21.211145618000167,True,13.788854381999833,1.0
17,Q-Learning,V7,"(39, 26)",41.82527510124666,True,10.17472489875334,2.0
17,Q-Learning,V8,"(92, 71)",56.17254912732253,True,0.827450872677467,1.0
17,Q-Learning,V9,"(10, 33)",50.99609470320894,True,20.00390529679106,3.0
17,Q-Learning,V10,"(89, 91)",38.0,True,6.0,1.0
18,Greedy,V1,"(57, 56)",52.38422689413609,True,1.6157731058639087,1.0
18,Greedy,V2,"(62, 20)",54.5999067167426,True,22.400093283257398,1.0
18,Greedy,V3,"(37, 20)",68.72224687000012,True,1.2777531299998799,1.0
18,Greedy,V4,"(9, 76)",37.51089958678962,True,32.57737973711325,1.0
18,Greedy,V5,"(93, 32)",34.133208955656805,True,19.866791044343195,1.0
18,Greedy,V6,"(38, 72)",21.211145618000167,True,12.788854381999833,1.0
18,Greedy,V7,"(84, 14)",36.02059380271684,True,13.979406197283161,1.0
18,Greedy,V8,"(84, 31)",47.228060093329916,True,8.771939906670084,1.0
18,Greedy,V9,"(41, 25)",49.85081306187558,True,18.149186938124423,1.0
18,Greedy,V10,"(89, 86)",38.0,True,5.0,1.0
18,Auction,V1,"(30, 56)",37.6,True,16.4,1.0
18,Auction,V2,"(12, 84)",60.69605949575305,True,16.303940504246953,1.0
18,Auction,V3,"(29, 16)",68.72224687000012,True,1.2777531299998799,1.0
18,Auction,V4,"(36, 93)",56.56559881530924,True,13.52268050859363,1.0
18,Auction,V5,"(2, 84)",17.063549757372954,True,36.936450242627046,1.0
18,Auction,V6,"(30, 47)",19.37511905031866,True,14.62488094968134,1.0
18,Auction,V7,"(50, 64)",41.281681574297345,True,8.718318425702655,1.0
18,Auction,V8,"(92, 71)",56.17254912732253,True,0.0,1.0
18,Auction,V9,"(10, 33)",50.99609470320894,True,17.00390529679106,1.0
18,Auction,V10,"(89, 91)",38.0,True,5.0,1.0
18,Q-Learning,V1,"(14, 95)",50.38965978104001,True,4.610340218959994,2.0
18,Q-Learning,V2,"(30, 47)",54.53278929227084,True,22.46721070772916,1.0
18,Q-Learning,V3,"(29, 16)",68.72224687000012,True,1.2777531299998799,1.0
18,Q-Learning,V4,"(2, 84)",49.36399906367062,True,21.5,1.0
18,Q-Learning,V5,"(50, 64)",34.133208955656805,True,21.866791044343195,3.0
18,Q-Learning,V6,"(30, 56)",21.211145618000167,True,12.788854381999833,1.0
18,Q-Learning,V7,"(39, 26)",41.82527510124666,True,9.17472489875334,2.0
18,Q-Learning,V8,"(92, 71)",56.17254912732253,True,0.0,1.0
18,Q-Learning,V9,"(10, 33)",50.99609470320894,True,19.00390529679106,3.0
18,Q-Learning,V10,"(89, 91)",38.0,True,5.0,1.0
19,Greedy,V1,"(57, 56)",52.38422689413609,True,0.6157731058639087,1.0
19,Greedy,V2,"(62, 20)",54.5999067167426,True,21.400093283257398,1.0
19,Greedy,V3,"(37, 20)",68.72224687000012,True,0.2777531299998799,1.0
19,Greedy,V4,"(9, 76)",37.51089958678962,True,31.577379737113247,1.0
19,Greedy,V5,"(93, 32)",34.133208955656805,True,18.866791044343195,1.0
19,Greedy,V6,"(38, 72)",21.211145618000167,True,11.788854381999833,1.0
19,Greedy,V7,"(84, 14)",36.02059380271684,True,12.979406197283161,1.0
19,Greedy,V8,"(84, 31)",47.228060093329916,True,7.7719399066700845,1.0
19,Greedy,V9,"(41, 25)",49.85081306187558,True,17.149186938124423,1.0
19,Greedy,V10,"(89, 86)",38.0,True,4.0,1.0
19,Auction,V1,"(30, 56)",37.6,True,15.399999999999999,1.0
19,Auction,V2,"(12, 84)",60.69605949575305,True,15.303940504246953,1.0
19,Auction,V3,"(29, 16)",68.72224687000012,True,0.2777531299998799,1.0
19,Auction,V4,"(36, 93)",56.56559881530924,True,12.52268050859363,1.0
19,Auction,V5,"(2, 84)",17.063549757372954,True,35.936450242627046,1.0
19,Auction,V6,"(30, 47)",19.37511905031866,True,13.62488094968134,1.0
19,Auction,V7,"(50, 64)",41.281681574297345,True,7.718318425702655,1.0
19,Auction,V8,"(53, 72)",26.599289354999343,True,28.57325977232319,1.0
19,Auction,V9,"(10, 33)",50.99609470320894,True,16.00390529679106,1.0
19,Auction,V10,"(89, 91)",38.0,True,4.0,1.0
19,Q-Learning,V1,"(14, 95)",50.38965978104001,True,3.610340218959994,2.0
19,Q-Learning,V2,"(30, 47)",54.53278929227084,True,21.46721070772916,1.0
19,Q-Learning,V3,"(29, 16)",68.72224687000012,True,0.2777531299998799,1.0
19,Q-Learning,V4,"(2, 84)",49.36399906367062,True,20.5,1.0
19,Q-Learning,V5,"(50, 64)",34.133208955656805,True,20.866791044343195,3.0
19,Q-Learning,V6,"(30, 56)",21.211145618000167,True,11.788854381999833,1.0
19,Q-Learning,V7,"(39, 26)",41.82527510124666,True,8.17472489875334,2.0
19,Q-Learning,V8,"(36, 93)",36.57734400932749,True,18.595205117995043,1.0
19,Q-Learning,V9,"(10, 33)",50.99609470320894,True,18.00390529679106,3.0
19,Q-Learning,V10,"(89, 91)",38.0,True,4.0,1.0
20,Greedy,V1,"(57, 56)",52.38422689413609,True,0.0,1.0
20,Greedy,V2,"(62, 20)",54.5999067167426,True,20.400093283257398,1.0
20,Greedy,V3,"(37, 20)",68.72224687000012,True,0.0,1.0
20,Greedy,V4,"(9, 76)",37.51089958678962,True,30.577379737113247,1.0
20,Greedy,V5,"(93, 32)",34.133208955656805,True,17.866791044343195,1.0
20,Greedy,V6,"(38, 72)",21.211145618000167,True,10.788854381999833,1.0
20,Greedy,V7,"(84, 14)",36.02059380271684,True,11.979406197283161,1.0
20,Greedy,V8,"(84, 31)",47.228060093329916,True,6.7719399066700845,1.0
20,Greedy,V9,"(41, 25)",49.85081306187558,True,16.149186938124423,1.0
20,Greedy,V10,"(89, 86)",38.0,True,3.0,1.0
20,Auction,V1,"(30, 56)",37.6,True,14.399999999999999,1.0
20,Auction,V2,"(12, 84)",60.69605949575305,True,14.303940504246953,1.0
20,Auction,V3,"(29, 16)",68.72224687000012,True,0.0,1.0
20,Auction,V4,"(36, 93)",56.56559881530924,True,11.52268050859363,1.0
20,Auction,V5,"(2, 84)",17.063549757372954,True,34.936450242627046,1.0
20,Auction,V6,"(30, 47)",19.37511905031866,True,12.62488094968134,1.0
20,Auction,V7,"(50, 64)",41.281681574297345,True,6.718318425702655,1.0
20,Auction,V8,"(53, 72)",26.599289354999343,True,27.57325977232319,1.0
20,Auction,V9,"(10, 33)",50.99609470320894,True,15.00390529679106,1.0
20,Auction,V10,"(89, 91)",38.0,True,3.0,1.0
20,Q-Learning,V1,"(14, 95)",50.38965978104001,True,2.610340218959994,2.0
20,Q-Learning,V2,"(30, 47)",54.53278929227084,True,20.46721070772916,1.0
20,Q-Learning,V3,"(29, 16)",68.72224687000012,True,0.0,1.0
20,Q-Learning,V4,"(2, 84)",49.36399906367062,True,19.5,1.0
20,Q-Learning,V5,"(50, 64)",34.133208955656805,True,19.866791044343195,3.0
20,Q-Learning,V6,"(30, 56)",21.211145618000167,True,10.788854381999833,1.0
20,Q-Learning,V7,"(39, 26)",41.82527510124666,True,7.17472489875334,2.0
20,Q-Learning,V8,"(36, 93)",36.57734400932749,True,17.595205117995043,1.0
20,Q-Learning,V9,"(10, 33)",50.99609470320894,True,17.00390529679106,3.0
20,Q-Learning,V10,"(89, 91)",38.0,True,3.0,1.0
21,Greedy,V1,"(57, 56)",32.875407939663035,True,18.50881895447306,1.0
21,Greedy,V2,"(62, 20)",54.5999067167426,True,19.400093283257398,1.0
21,Greedy,V3,"(37, 20)",39.05014688275446,True,28.672099987245662,1.0
21,Greedy,V4,"(9, 76)",37.51089958678962,True,29.577379737113247,1.0
21,Greedy,V5,"(93, 32)",34.133208955656805,True,16.866791044343195,1.0
21,Greedy,V6,"(38, 72)",21.211145618000167,True,9.788854381999833,1.0
21,Greedy,V7,"(84, 14)",36.02059380271684,True,10.979406197283161,1.0
21,Greedy,V8,"(84, 31)",47.228060093329916,True,5.7719399066700845,1.0
21,Greedy,V9,"(41, 25)",49.85081306187558,True,15.149186938124423,1.0
21,Greedy,V10,"(89, 86)",38.0,True,2.0,1.0
21,Auction,V1,"(30, 56)",37.6,True,13.399999999999999,1.0
21,Auction,V2,"(12, 84)",60.69605949575305,True,13.303940504246953,1.0
21,Auction,V3,"(39, 26)",45.701941780895694,True,22.020305089104422,1.0
21,Auction,V4,"(36, 93)",56.56559881530924,True,10.52268050859363,1.0
21,Auction,V5,"(2, 84)",17.063549757372954,True,33.936450242627046,1.0
21,Auction,V6,"(30, 47)",19.37511905031866,True,11.62488094968134,1.0
21,Auction,V7,"(50, 64)",41.281681574297345,True,5.718318425702655,1.0
21,Auction,V8,"(53, 72)",26.599289354999343,True,26.57325977232319,1.0
21,Auction,V9,"(10, 33)",50.99609470320894,True,14.00390529679106,1.0
21,Auction,V10,"(89, 91)",38.0,True,2.0,1.0
21,Q-Learning,V1,"(14, 95)",50.38965978104001,True,1.610340218959994,2.0
21,Q-Learning,V2,"(30, 47)",54.53278929227084,True,19.46721070772916,1.0
21,Q-Learning,V3,"(33, 31)",38.504507627677256,True,29.21773924232286,1.0
21,Q-Learning,V4,"(2, 84)",49.36399906367062,True,18.5,1.0
21,Q-Learning,V5,"(50, 64)",34.133208955656805,True,18.866791044343195,3.0
21,Q-Learning,V6,"(30, 56)",21.211145618000167,True,9.788854381999833,1.0
21,Q-Learning,V7,"(39, 26)",41.82527510124666,True,6.17472489875334,2.0
21,Q-Learning,V8,"(36, 93)",36.57734400932749,True,16.595205117995043,1.0
21,Q-Learning,V9,"(10, 33)",50.99609470320894,True,16.00390529679106,3.0
21,Q-Learning,V10,"(89, 91)",38.0,True,2.0,1.0
22,Greedy,V1,"(57, 56)",32.875407939663035,True,17.50881895447306,1.0
22,Greedy,V2,"(62, 20)",54.5999067167426,True,18.400093283257398,1.0
22,Greedy,V3,"(37, 20)",39.05014688275446,True,27.672099987245662,1.0
22,Greedy,V4,"(9, 76)",37.51089958678962,True,28.577379737113247,1.0
22,Greedy,V5,"(93, 32)",34.133208955656805,True,15.866791044343195,1.0
22,Greedy,V6,"(38, 72)",21.211145618000167,True,8.788854381999833,1.0
22,Greedy,V7,"(84, 14)",36.02059380271684,True,9.979406197283161,1.0
22,Greedy,V8,"(84, 31)",47.228060093329916,True,4.7719399066700845,1.0
22,Greedy,V9,"(41, 25)",49.85081306187558,True,14.149186938124423,1.0
22,Greedy,V10,"(89, 86)",38.0,True,1.0,1.0
22,Auction,V1,"(30, 56)",37.6,True,12.399999999999999,1.0
22,Auction,V2,"(12, 84)",60.69605949575305,True,12.303940504246953,1.0
22,Auction,V3,"(39, 26)",45.701941780895694,True,21.020305089104422,1.0
22,Auction,V4,"(36, 93)",56.56559881530924,True,9.52268050859363,1.0
22,Auction,V5,"(2, 84)",17.063549757372954,True,32.936450242627046,1.0
22,Auction,V6,"(30, 47)",19.37511905031866,True,10.62488094968134,1.0
22,Auction,V7,"(50, 64)",41.281681574297345,True,4.718318425702655,1.0
22,Auction,V8,"(53, 72)",26.599289354999343,True,25.57325977232319,1.0
22,Auction,V9,"(10, 33)",50.99609470320894,True,13.00390529679106,1.0
22,Auction,V10,"(89, 91)",38.0,True,1.0,1.0
22,Q-Learning,V1,"(14, 95)",50.38965978104001,True,0.610340218959994,2.0
22,Q-Learning,V2,"(30, 47)",54.53278929227084,True,18.46721070772916,1.0
22,Q-Learning,V3,"(33, 31)",38.504507627677256,True,28.21773924232286,1.0
22,Q-Learning,V4,"(2, 84)",49.36399906367062,True,17.5,1.0
22,Q-Learning,V5,"(50, 64)",34.133208955656805,True,17.866791044343195,3.0
22,Q-Learning,V6,"(30, 56)",21.211145618000167,True,8.788854381999833,1.0
22,Q-Learning,V7,"(39, 26)",41.82527510124666,True,5.17472489875334,2.0
22,Q-Learning,V8,"(36, 93)",36.57734400932749,True,15.595205117995043,1.0
22,Q-Learning,V9,"(10, 33)",50.99609470320894,True,15.00390529679106,3.0
22,Q-Learning,V10,"(89, 91)",38.0,True,1.0,1.0
23,Greedy,V1,"(57, 56)",32.875407939663035,True,16.50881895447306,1.0
23,Greedy,V2,"(62, 20)",54.5999067167426,True,17.400093283257398,1.0
23,Greedy,V3,"(37, 20)",39.05014688275446,True,26.672099987245662,1.0
23,Greedy,V4,"(9, 76)",37.51089958678962,True,27.577379737113247,1.0
23,Greedy,V5,"(93, 32)",34.133208955656805,True,14.866791044343195,1.0
23,Greedy,V6,"(38, 72)",21.211145618000167,True,7.788854381999833,1.0
23,Greedy,V7,"(84, 14)",36.02059380271684,True,8.979406197283161,1.0
23,Greedy,V8,"(84, 31)",47.228060093329916,True,3.7719399066700845,1.0
23,Greedy,V9,"(41, 25)",49.85081306187558,True,13.149186938124423,1.0
23,Greedy,V10,"(89, 86)",38.0,True,0.0,1.0
23,Auction,V1,"(30, 56)",37.6,True,11.399999999999999,1.0
23,Auction,V2,"(12, 84)",60.69605949575305,True,11.303940504246953,1.0
23,Auction,V3,"(39, 26)",45.701941780895694,True,20.020305089104422,1.0
23,Auction,V4,"(36, 93)",56.56559881530924,True,8.52268050859363,1.0
23,Auction,V5,"(2, 84)",17.063549757372954,True,31.936450242627046,1.0
23,Auction,V6,"(30, 47)",19.37511905031866,True,9.62488094968134,1.0
23,Auction,V7,"(50, 64)",41.281681574297345,True,3.7183184257026554,1.0
23,Auction,V8,"(53, 72)",26.599289354999343,True,24.57325977232319,1.0
23,Auction,V9,"(10, 33)",50.99609470320894,True,12.00390529679106,1.0
23,Auction,V10,"(89, 91)",38.0,True,0.0,1.0
23,Q-Learning,V1,"(14, 95)",50.38965978104001,True,0.0,2.0
23,Q-Learning,V2,"(30, 47)",54.53278929227084,True,17.46721070772916,1.0
23,Q-Learning,V3,"(33, 31)",38.504507627677256,True,27.21773924232286,1.0
23,Q-Learning,V4,"(2, 84)",49.36399906367062,True,16.5,1.0
23,Q-Learning,V5,"(50, 64)",34.133208955656805,True,16.866791044343195,3.0
23,Q-Learning,V6,"(30, 56)",21.211145618000167,True,7.788854381999833,1.0
23,Q-Learning,V7,"(39, 26)",41.82527510124666,True,4.17472489875334,2.0
23,Q-Learning,V8,"(36, 93)",36.57734400932749,True,14.595205117995043,1.0
23,Q-Learning,V9,"(10, 33)",50.99609470320894,True,14.00390529679106,3.0
23,Q-Learning,V10,"(89, 91)",38.0,True,0.0,1.0
24,Greedy,V1,"(57, 56)",32.875407939663035,True,15.50881895447306,1.0
24,Greedy,V2,"(62, 20)",54.5999067167426,True,16.400093283257398,1.0
24,Greedy,V3,"(37, 20)",39.05014688275446,True,25.672099987245662,1.0
24,Greedy,V4,"(9, 76)",37.51089958678962,True,26.577379737113247,1.0
24,Greedy,V5,"(93, 32)",34.133208955656805,True,13.866791044343195,1.0
24,Greedy,V6,"(38, 72)",21.211145618000167,True,6.788854381999833,1.0
24,Greedy,V7,"(84, 14)",36.02059380271684,True,7.979406197283161,1.0
24,Greedy,V8,"(84, 31)",47.228060093329916,True,2.7719399066700845,1.0
24,Greedy,V9,"(41, 25)",49.85081306187558,True,12.149186938124423,1.0
24,Greedy,V10,"(89, 86)",14.228848824350273,True,22.771151175649727,1.0
24,Auction,V1,"(30, 56)",37.6,True,10.399999999999999,1.0
24,Auction,V2,"(12, 84)",60.69605949575305,True,10.303940504246953,1.0
24,Auction,V3,"(39, 26)",45.701941780895694,True,19.020305089104422,1.0
24,Auction,V4,"(36, 93)",56.56559881530924,True,7.522680508593631,1.0
24,Auction,V5,"(2, 84)",17.063549757372954,True,30.936450242627046,1.0
24,Auction,V6,"(30, 47)",19.37511905031866,True,8.62488094968134,1.0
24,Auction,V7,"(50, 64)",41.281681574297345,True,2.7183184257026554,1.0
24,Auction,V8,"(53, 72)",26.599289354999343,True,23.57325977232319,1.0
24,Auction,V9,"(10, 33)",50.99609470320894,True,11.00390529679106,1.0
24,Auction,V10,"(83, 96)",8.437950064818668,True,28.56204993518133,1.0
24,Q-Learning,V1,"(36, 71)",23.878131542600126,True,25.511528238439883,2.0
24,Q-Learning,V2,"(30, 47)",54.53278929227084,True,16.46721070772916,1.0
24,Q-Learning,V3,"(33, 31)",38.504507627677256,True,26.21773924232286,1.0
24,Q-Learning,V4,"(2, 84)",49.36399906367062,True,15.5,1.0
24,Q-Learning,V5,"(50, 64)",34.133208955656805,True,15.866791044343195,3.0
24,Q-Learning,V6,"(30, 56)",21.211145618000167,True,6.788854381999833,1.0
24,Q-Learning,V7,"(39, 26)",41.82527510124666,True,3.1747248987533396,2.0
24,Q-Learning,V8,"(36, 93)",36.57734400932749,True,13.595205117995043,1.0
24,Q-Learning,V9,"(10, 33)",50.99609470320894,True,13.00390529679106,3.0
24,Q-Learning,V10,"(84, 94)",7.833809621030941,True,29.16619037896906,1.0
25,Greedy,V1,"(57, 56)",32.875407939663035,True,14.50881895447306,1.0
25,Greedy,V2,"(62, 20)",54.5999067167426,True,15.400093283257398,1.0
25,Greedy,V3,"(37, 20)",39.05014688275446,True,24.672099987245662,1.0
25,Greedy,V4,"(9, 76)",37.51089958678962,True,25.577379737113247,1.0
25,Greedy,V5,"(93, 32)",34.133208955656805,True,12.866791044343195,1.0
25,Greedy,V6,"(38, 72)",21.211145618000167,True,5.788854381999833,1.0
25,Greedy,V7,"(84, 14)",36.02059380271684,True,6.979406197283161,1.0
25,Greedy,V8,"(84, 31)",47.228060093329916,True,1.7719399066700845,1.0
25,Greedy,V9,"(41, 25)",49.85081306187558,True,11.149186938124423,1.0
25,Greedy,V10,"(89, 86)",14.228848824350273,True,21.771151175649727,1.0
25,Auction,V1,"(30, 56)",37.6,True,9.399999999999999,1.0
25,Auction,V2,"(12, 84)",60.69605949575305,True,9.303940504246953,1.0
25,Auction,V3,"(39, 26)",45.701941780895694,True,18.020305089104422,1.0
25,Auction,V4,"(36, 93)",56.56559881530924,True,6.522680508593631,1.0
25,Auction,V5,"(2, 84)",17.063549757372954,True,29.936450242627046,1.0
25,Auction,V6,"(30, 47)",19.37511905031866,True,7.624880949681341,1.0
25,Auction,V7,"(50, 64)",41.281681574297345,True,1.7183184257026554,1.0
25,Auction,V8,"(53, 72)",26.599289354999343,True,22.57325977232319,1.0
25,Auction,V9,"(10, 33)",50.99609470320894,True,10.00390529679106,1.0
25,Auction,V10,"(83, 96)",8.437950064818668,True,27.56204993518133,1.0
25,Q-Learning,V1,"(36, 71)",23.878131542600126,True,24.511528238439883,2.0
25,Q-Learning,V2,"(30, 47)",54.53278929227084,True,15.467210707729159,1.0
25,Q-Learning,V3,"(33, 31)",38.504507627677256,True,25.21773924232286,1.0
25,Q-Learning,V4,"(2, 84)",49.36399906367062,True,14.5,1.0
25,Q-Learning,V5,"(50, 64)",34.133208955656805,True,14.866791044343195,3.0
25,Q-Learning,V6,"(30, 56)",21.211145618000167,True,5.788854381999833,1.0
25,Q-Learning,V7,"(39, 26)",41.82527510124666,True,2.1747248987533396,2.0
25,Q-Learning,V8,"(36, 93)",36.57734400932749,True,12.595205117995043,1.0
25,Q-Learning,V9,"(10, 33)",50.99609470320894,True,12.00390529679106,3.0
25,Q-Learning,V10,"(84, 94)",7.833809621030941,True,28.16619037896906,1.0
26,Greedy,V1,"(57, 56)",32.875407939663035,True,13.50881895447306,1.0
26,Greedy,V2,"(62, 20)",54.5999067167426,True,14.400093283257398,1.0
26,Greedy,V3,"(37, 20)",39.05014688275446,True,23.672099987245662,1.0
26,Greedy,V4,"(9, 76)",37.51089958678962,True,24.577379737113247,1.0
26,Greedy,V5,"(93, 32)",34.133208955656805,True,11.866791044343195,1.0
26,Greedy,V6,"(38, 72)",21.211145618000167,True,4.788854381999833,1.0
26,Greedy,V7,"(84, 14)",36.02059380271684,True,5.979406197283161,1.0
26,Greedy,V8,"(84, 31)",47.228060093329916,True,0.7719399066700845,1.0
26,Greedy,V9,"(41, 25)",49.85081306187558,True,10.149186938124423,1.0
26,Greedy,V10,"(89, 86)",14.228848824350273,True,20.771151175649727,1.0
26,Auction,V1,"(30, 56)",37.6,True,8.399999999999999,1.0
26,Auction,V2,"(12, 84)",60.69605949575305,True,8.303940504246953,1.0
26,Auction,V3,"(39, 26)",45.701941780895694,True,17.020305089104422,1.0
26,Auction,V4,"(36, 93)",56.56559881530924,True,5.522680508593631,1.0
26,Auction,V5,"(2, 84)",17.063549757372954,True,28.936450242627046,1.0
26,Auction,V6,"(30, 47)",19.37511905031866,True,6.624880949681341,1.0
26,Auction,V7,"(50, 64)",41.281681574297345,True,0.7183184257026554,1.0
26,Auction,V8,"(53, 72)",26.599289354999343,True,21.57325977232319,1.0
26,Auction,V9,"(10, 33)",50.99609470320894,True,9.00390529679106,1.0
26,Auction,V10,"(83, 96)",8.437950064818668,True,26.56204993518133,1.0
26,Q-Learning,V1,"(36, 71)",23.878131542600126,True,23.511528238439883,2.0
26,Q-Learning,V2,"(30, 47)",54.53278929227084,True,14.467210707729159,1.0
26,Q-Learning,V3,"(33, 31)",38.504507627677256,True,24.21773924232286,1.0
26,Q-Learning,V4,"(2, 84)",49.36399906367062,True,13.5,1.0
26,Q-Learning,V5,"(50, 64)",34.133208955656805,True,13.866791044343195,3.0
26,Q-Learning,V6,"(30, 56)",21.211145618000167,True,4.788854381999833,1.0
26,Q-Learning,V7,"(39, 26)",41.82527510124666,True,1.1747248987533396,2.0
26,Q-Learning,V8,"(36, 93)",36.57734400932749,True,11.595205117995043,1.0
26,Q-Learning,V9,"(10, 33)",50.99609470320894,True,11.00390529679106,3.0
26,Q-Learning,V10,"(84, 94)",7.833809621030941,True,27.16619037896906,1.0
27,Greedy,V1,"(57, 56)",32.875407939663035,True,12.50881895447306,1.0
27,Greedy,V2,"(62, 20)",54.5999067167426,True,13.400093283257398,1.0
27,Greedy,V3,"(37, 20)",39.05014688275446,True,22.672099987245662,1.0
27,Greedy,V4,"(9, 76)",37.51089958678962,True,23.577379737113247,1.0
27,Greedy,V5,"(93, 32)",34.133208955656805,True,10.866791044343195,1.0
27,Greedy,V6,"(38, 72)",21.211145618000167,True,3.7888543819998333,1.0
27,Greedy,V7,"(84, 14)",36.02059380271684,True,4.979406197283161,1.0
27,Greedy,V8,"(84, 31)",47.228060093329916,True,0.0,1.0
27,Greedy,V9,"(41, 25)",49.85081306187558,True,9.149186938124423,1.0
27,Greedy,V10,"(89, 86)",14.228848824350273,True,19.771151175649727,1.0
27,Auction,V1,"(30, 56)",37.6,True,7.399999999999999,1.0
27,Auction,V2,"(12, 84)",60.69605949575305,True,7.3039405042469525,1.0
27,Auction,V3,"(39, 26)",45.701941780895694,True,16.020305089104422,1.0
27,Auction,V4,"(36, 93)",56.56559881530924,True,4.522680508593631,1.0
27,Auction,V5,"(2, 84)",17.063549757372954,True,27.936450242627046,1.0
27,Auction,V6,"(30, 47)",19.37511905031866,True,5.624880949681341,1.0
27,Auction,V7,"(50, 64)",41.281681574297345,True,0.0,1.0
27,Auction,V8,"(53, 72)",26.599289354999343,True,20.57325977232319,1.0
27,Auction,V9,"(10, 33)",50.99609470320894,True,8.00390529679106,1.0
27,Auction,V10,"(83, 96)",8.437950064818668,True,25.56204993518133,1.0
27,Q-Learning,V1,"(36, 71)",23.878131542600126,True,22.511528238439883,2.0
27,Q-Learning,V2,"(30, 47)",54.53278929227084,True,13.467210707729159,1.0
27,Q-Learning,V3,"(33, 31)",38.504507627677256,True,23.21773924232286,1.0
27,Q-Learning,V4,"(2, 84)",49.36399906367062,True,12.5,1.0
27,Q-Learning,V5,"(50, 64)",34.133208955656805,True,12.866791044343195,3.0
27,Q-Learning,V6,"(30, 56)",21.211145618000167,True,3.7888543819998333,1.0
27,Q-Learning,V7,"(39, 26)",41.82527510124666,True,0.17472489875333963,2.0
27,Q-Learning,V8,"(36, 93)",36.57734400932749,True,10.595205117995043,1.0
27,Q-Learning,V9,"(10, 33)",50.99609470320894,True,10.00390529679106,3.0
27,Q-Learning,V10,"(84, 94)",7.833809621030941,True,26.16619037896906,1.0
28,Greedy,V1,"(57, 56)",32.875407939663035,True,11.50881895447306,1.0
28,Greedy,V2,"(62, 20)",54.5999067167426,True,12.400093283257398,1.0
28,Greedy,V3,"(37, 20)",39.05014688275446,True,21.672099987245662,1.0
28,Greedy,V4,"(9, 76)",37.51089958678962,True,22.577379737113247,1.0
28,Greedy,V5,"(93, 32)",34.133208955656805,True,9.866791044343195,1.0
28,Greedy,V6,"(38, 72)",21.211145618000167,True,2.7888543819998333,1.0
28,Greedy,V7,"(84, 14)",36.02059380271684,True,3.9794061972831614,1.0
28,Greedy,V8,"(84, 31)",18.302060463722313,True,27.925999629607603,1.0
28,Greedy,V9,"(41, 25)",49.85081306187558,True,8.149186938124423,1.0
28,Greedy,V10,"(89, 86)",14.228848824350273,True,18.771151175649727,1.0
28,Auction,V1,"(30, 56)",37.6,True,6.399999999999999,1.0
28,Auction,V2,"(12, 84)",60.69605949575305,True,6.3039405042469525,1.0
28,Auction,V3,"(39, 26)",45.701941780895694,True,15.020305089104422,1.0
28,Auction,V4,"(36, 93)",56.56559881530924,True,3.5226805085936306,1.0
28,Auction,V5,"(2, 84)",17.063549757372954,True,26.936450242627046,1.0
28,Auction,V6,"(30, 47)",19.37511905031866,True,4.624880949681341,1.0
28,Auction,V7,"(33, 31)",9.157079086903885,True,31.12460248739346,1.0
28,Auction,V8,"(53, 72)",26.599289354999343,True,19.57325977232319,1.0
28,Auction,V9,"(10, 33)",50.99609470320894,True,7.003905296791061,1.0
28,Auction,V10,"(83, 96)",8.437950064818668,True,24.56204993518133,1.0
28,Q-Learning,V1,"(36, 71)",23.878131542600126,True,21.511528238439883,2.0
28,Q-Learning,V2,"(30, 47)",54.53278929227084,True,12.467210707729159,1.0
28,Q-Learning,V3,"(33, 31)",38.504507627677256,True,22.21773924232286,1.0
28,Q-Learning,V4,"(2, 84)",49.36399906367062,True,11.5,1.0
28,Q-Learning,V5,"(50, 64)",34.133208955656805,True,11.866791044343195,3.0
28,Q-Learning,V6,"(30, 56)",21.211145618000167,True,2.7888543819998333,1.0
28,Q-Learning,V7,"(39, 26)",41.82527510124666,True,0.0,2.0
28,Q-Learning,V8,"(36, 93)",36.57734400932749,True,9.595205117995043,1.0
28,Q-Learning,V9,"(10, 33)",50.99609470320894,True,9.00390529679106,3.0
28,Q-Learning,V10,"(84, 94)",7.833809621030941,True,25.16619037896906,1.0
29,Greedy,V1,"(57, 56)",32.875407939663035,True,10.50881895447306,1.0
29,Greedy,V2,"(62, 20)",54.5999067167426,True,11.400093283257398,1.0
29,Greedy,V3,"(37, 20)",39.05014688275446,True,20.672099987245662,1.0
29,Greedy,V4,"(9, 76)",37.51089958678962,True,21.577379737113247,1.0
29,Greedy,V5,"(93, 32)",34.133208955656805,True,8.866791044343195,1.0
29,Greedy,V6,"(38, 72)",21.211145618000167,True,1.7888543819998333,1.0
29,Greedy,V7,"(84, 14)",36.02059380271684,True,2.9794061972831614,1.0
29,Greedy,V8,"(84, 31)",18.302060463722313,True,26.925999629607603,1.0
29,Greedy,V9,"(41, 25)",49.85081306187558,True,7.149186938124423,1.0
29,Greedy,V10,"(89, 86)",14.228848824350273,True,17.771151175649727,1.0
29,Auction,V1,"(30, 56)",37.6,True,5.399999999999999,1.0
29,Auction,V2,"(12, 84)",60.69605949575305,True,5.3039405042469525,1.0
29,Auction,V3,"(39, 26)",45.701941780895694,True,14.020305089104422,1.0
29,Auction,V4,"(36, 93)",56.56559881530924,True,2.5226805085936306,1.0
29,Auction,V5,"(2, 84)",17.063549757372954,True,25.936450242627046,1.0
29,Auction,V6,"(30, 47)",19.37511905031866,True,3.624880949681341,1.0
29,Auction,V7,"(33, 31)",9.157079086903885,True,30.12460248739346,1.0
29,Auction,V8,"(53, 72)",26.599289354999343,True,18.57325977232319,1.0
29,Auction,V9,"(10, 33)",50.99609470320894,True,6.003905296791061,1.0
29,Auction,V10,"(83, 96)",8.437950064818668,True,23.56204993518133,1.0
29,Q-Learning,V1,"(36, 71)",23.878131542600126,True,20.511528238439883,2.0
29,Q-Learning,V2,"(30, 47)",54.53278929227084,True,11.467210707729159,1.0
29,Q-Learning,V3,"(33, 31)",38.504507627677256,True,21.21773924232286,1.0
29,Q-Learning,V4,"(2, 84)",49.36399906367062,True,10.5,1.0
29,Q-Learning,V5,"(50, 64)",34.133208955656805,True,10.866791044343195,3.0
29,Q-Learning,V6,"(30, 56)",21.211145618000167,True,1.7888543819998333,1.0
29,Q-Learning,V7,"(79, 28)",25.375278569135375,True,15.449996532111285,2.0
29,Q-Learning,V8,"(36, 93)",36.57734400932749,True,8.595205117995043,1.0
29,Q-Learning,V9,"(10, 33)",50.99609470320894,True,8.00390529679106,3.0
29,Q-Learning,V10,"(84, 94)",7.833809621030941,True,24.16619037896906,1.0
30,Greedy,V1,"(57, 56)",32.875407939663035,True,9.50881895447306,1.0
30,Greedy,V2,"(62, 20)",54.5999067167426,True,10.400093283257398,1.0
30,Greedy,V3,"(37, 20)",39.05014688275446,True,19.672099987245662,1.0
30,Greedy,V4,"(9, 76)",37.51089958678962,True,20.577379737113247,1.0
30,Greedy,V5,"(93, 32)",34.133208955656805,True,7.866791044343195,1.0
30,Greedy,V6,"(38, 72)",21.211145618000167,True,0.7888543819998333,1.0
30,Greedy,V7,"(84, 14)",36.02059380271684,True,1.9794061972831614,1.0
30,Greedy,V8,"(84, 31)",18.302060463722313,True,25.925999629607603,1.0
30,Greedy,V9,"(41, 25)",49.85081306187558,True,6.149186938124423,1.0
30,Greedy,V10,"(89, 86)",14.228848824350273,True,16.771151175649727,1.0
30,Auction,V1,"(30, 56)",37.6,True,4.399999999999999,1.0
30,Auction,V2,"(12, 84)",60.69605949575305,True,4.3039405042469525,1.0
30,Auction,V3,"(39, 26)",45.701941780895694,True,13.020305089104422,1.0
30,Auction,V4,"(36, 93)",56.56559881530924,True,1.5226805085936306,1.0
30,Auction,V5,"(2, 84)",17.063549757372954,True,24.936450242627046,1.0
30,Auction,V6,"(30, 47)",19.37511905031866,True,2.624880949681341,1.0
30,Auction,V7,"(33, 31)",9.157079086903885,True,29.12460248739346,1.0
30,Auction,V8,"(53, 72)",26.599289354999343,True,17.57325977232319,1.0
30,Auction,V9,"(10, 33)",50.99609470320894,True,5.003905296791061,1.0
30,Auction,V10,"(83, 96)",8.437950064818668,True,22.56204993518133,1.0
30,Q-Learning,V1,"(36, 71)",23.878131542600126,True,19.511528238439883,2.0
30,Q-Learning,V2,"(30, 47)",54.53278929227084,True,10.467210707729159,1.0
30,Q-Learning,V3,"(33, 31)",38.504507627677256,True,20.21773924232286,1.0
30,Q-Learning,V4,"(2, 84)",49.36399906367062,True,9.5,1.0
30,Q-Learning,V5,"(50, 64)",34.133208955656805,True,9.866791044343195,3.0
30,Q-Learning,V6,"(30, 56)",21.211145618000167,True,0.7888543819998333,1.0
30,Q-Learning,V7,"(79, 28)",25.375278569135375,True,14.449996532111285,2.0
30,Q-Learning,V8,"(36, 93)",36.57734400932749,True,7.595205117995043,1.0
30,Q-Learning,V9,"(10, 33)",50.99609470320894,True,7.003905296791061,3.0
30,Q-Learning,V10,"(84, 94)",7.833809621030941,True,23.16619037896906,1.0
31,Greedy,V1,"(57, 56)",32.875407939663035,True,8.50881895447306,1.0
31,Greedy,V2,"(62, 20)",54.5999067167426,True,9.400093283257398,1.0
31,Greedy,V3,"(37, 20)",39.05014688275446,True,18.672099987245662,1.0
31,Greedy,V4,"(9, 76)",37.51089958678962,True,19.577379737113247,1.0
31,Greedy,V5,"(93, 32)",34.133208955656805,True,6.866791044343195,1.0
31,Greedy,V6,"(38, 72)",21.211145618000167,True,0.0,1.0
31,Greedy,V7,"(84, 14)",36.02059380271684,True,0.9794061972831614,1.0
31,Greedy,V8,"(84, 31)",18.302060463722313,True,24.925999629607603,1.0
31,Greedy,V9,"(41, 25)",49.85081306187558,True,5.149186938124423,1.0
31,Greedy,V10,"(89, 86)",14.228848824350273,True,15.771151175649727,1.0
31,Auction,V1,"(30, 56)",37.6,True,3.3999999999999986,1.0
31,Auction,V2,"(12, 84)",60.69605949575305,True,3.3039405042469525,1.0
31,Auction,V3,"(39, 26)",45.701941780895694,True,12.020305089104422,1.0
31,Auction,V4,"(36, 93)",56.56559881530924,True,0.5226805085936306,1.0
31,Auction,V5,"(2, 84)",17.063549757372954,True,23.936450242627046,1.0
31,Auction,V6,"(30, 47)",19.37511905031866,True,1.6248809496813408,1.0
31,Auction,V7,"(33, 31)",9.157079086903885,True,28.12460248739346,1.0
31,Auction,V8,"(53, 72)",26.599289354999343,True,16.57325977232319,1.0
31,Auction,V9,"(10, 33)",50.99609470320894,True,4.003905296791061,1.0
31,Auction,V10,"(83, 96)",8.437950064818668,True,21.56204993518133,1.0
31,Q-Learning,V1,"(36, 71)",23.878131542600126,True,18.511528238439883,2.0
31,Q-Learning,V2,"(30, 47)",54.53278929227084,True,9.467210707729159,1.0
31,Q-Learning,V3,"(33, 31)",38.504507627677256,True,19.21773924232286,1.0
31,Q-Learning,V4,"(2, 84)",49.36399906367062,True,8.5,1.0
31,Q-Learning,V5,"(50, 64)",34.133208955656805,True,8.866791044343195,3.0
31,Q-Learning,V6,"(30, 56)",21.211145618000167,True,0.0,1.0
31,Q-Learning,V7,"(79, 28)",25.375278569135375,True,13.449996532111285,2.0
31,Q-Learning,V8,"(36, 93)",36.57734400932749,True,6.595205117995043,1.0
31,Q-Learning,V9,"(10, 33)",50.99609470320894,True,6.003905296791061,3.0
31,Q-Learning,V10,"(84, 94)",7.833809621030941,True,22.16619037896906,1.0
32,Greedy,V1,"(57, 56)",32.875407939663035,True,7.50881895447306,1.0
32,Greedy,V2,"(62, 20)",54.5999067167426,True,8.400093283257398,1.0
32,Greedy,V3,"(37, 20)",39.05014688275446,True,17.672099987245662,1.0
32,Greedy,V4,"(9, 76)",37.51089958678962,True,18.577379737113247,1.0
32,Greedy,V5,"(93, 32)",34.133208955656805,True,5.866791044343195,1.0
32,Greedy,V6,"(38, 72)",3.8766221120144166,True,16.33452350598575,1.0
32,Greedy,V7,"(84, 14)",36.02059380271684,True,0.0,1.0
32,Greedy,V8,"(84, 31)",18.302060463722313,True,23.925999629607603,1.0
32,Greedy,V9,"(41, 25)",49.85081306187558,True,4.149186938124423,1.0
32,Greedy,V10,"(89, 86)",14.228848824350273,True,14.771151175649727,1.0
32,Auction,V1,"(30, 56)",37.6,True,2.3999999999999986,1.0
32,Auction,V2,"(12, 84)",60.69605949575305,True,2.3039405042469525,1.0
32,Auction,V3,"(39, 26)",45.701941780895694,True,11.020305089104422,1.0
32,Auction,V4,"(36, 93)",56.56559881530924,True,0.0,1.0
32,Auction,V5,"(2, 84)",17.063549757372954,True,22.936450242627046,1.0
32,Auction,V6,"(30, 47)",19.37511905031866,True,0.6248809496813408,1.0
32,Auction,V7,"(33, 31)",9.157079086903885,True,27.12460248739346,1.0
32,Auction,V8,"(53, 72)",26.599289354999343,True,15.57325977232319,1.0
32,Auction,V9,"(10, 33)",50.99609470320894,True,3.0039052967910607,1.0
32,Auction,V10,"(83, 96)",8.437950064818668,True,20.56204993518133,1.0
32,Q-Learning,V1,"(36, 71)",23.878131542600126,True,17.511528238439883,2.0
32,Q-Learning,V2,"(30, 47)",54.53278929227084,True,8.467210707729159,1.0
32,Q-Learning,V3,"(33, 31)",38.504507627677256,True,18.21773924232286,1.0
32,Q-Learning,V4,"(2, 84)",49.36399906367062,True,7.5,1.0
32,Q-Learning,V5,"(50, 64)",34.133208955656805,True,7.866791044343195,3.0
32,Q-Learning,V6,"(54, 89)",2.1307044653795337,True,18.080441152620633,1.0
32,Q-Learning,V7,"(79, 28)",25.375278569135375,True,12.449996532111285,2.0
32,Q-Learning,V8,"(36, 93)",36.57734400932749,True,5.595205117995043,1.0
32,Q-Learning,V9,"(10, 33)",50.99609470320894,True,5.003905296791061,3.0
32,Q-Learning,V10,"(84, 94)",7.833809621030941,True,21.16619037896906,1.0
33,Greedy,V1,"(57, 56)",32.875407939663035,True,6.50881895447306,1.0
33,Greedy,V2,"(62, 20)",54.5999067167426,True,7.400093283257398,1.0
33,Greedy,V3,"(37, 20)",39.05014688275446,True,16.672099987245662,1.0
33,Greedy,V4,"(9, 76)",37.51089958678962,True,17.577379737113247,1.0
33,Greedy,V5,"(93, 32)",34.133208955656805,True,4.866791044343195,1.0
33,Greedy,V6,"(38, 72)",3.8766221120144166,True,15.33452350598575,1.0
33,Greedy,V7,"(84, 14)",4.713401337180223,True,30.307192465536616,1.0
33,Greedy,V8,"(84, 31)",18.302060463722313,True,22.925999629607603,1.0
33,Greedy,V9,"(41, 25)",49.85081306187558,True,3.149186938124423,1.0
33,Greedy,V10,"(89, 86)",14.228848824350273,True,13.771151175649727,1.0
33,Auction,V1,"(30, 56)",37.6,True,1.3999999999999986,1.0
33,Auction,V2,"(12, 84)",60.69605949575305,True,1.3039405042469525,1.0
33,Auction,V3,"(39, 26)",45.701941780895694,True,10.020305089104422,1.0
33,Auction,V4,"(29, 99)",25.260712700986016,True,30.30488611432322,1.0
33,Auction,V5,"(2, 84)",17.063549757372954,True,21.936450242627046,1.0
33,Auction,V6,"(30, 47)",19.37511905031866,True,0.0,1.0
33,Auction,V7,"(33, 31)",9.157079086903885,True,26.12460248739346,1.0
33,Auction,V8,"(53, 72)",26.599289354999343,True,14.57325977232319,1.0
33,Auction,V9,"(10, 33)",50.99609470320894,True,2.0039052967910607,1.0
33,Auction,V10,"(83, 96)",8.437950064818668,True,19.56204993518133,1.0
33,Q-Learning,V1,"(36, 71)",23.878131542600126,True,16.511528238439883,2.0
33,Q-Learning,V2,"(30, 47)",54.53278929227084,True,7.4672107077291585,1.0
33,Q-Learning,V3,"(33, 31)",38.504507627677256,True,17.21773924232286,1.0
33,Q-Learning,V4,"(2, 84)",49.36399906367062,True,6.5,1.0
33,Q-Learning,V5,"(50, 64)",34.133208955656805,True,6.866791044343195,3.0
33,Q-Learning,V6,"(54, 89)",2.1307044653795337,True,17.080441152620633,1.0
33,Q-Learning,V7,"(79, 28)",25.375278569135375,True,11.449996532111285,2.0
33,Q-Learning,V8,"(36, 93)",36.57734400932749,True,4.595205117995043,1.0
33,Q-Learning,V9,"(10, 33)",50.99609470320894,True,4.003905296791061,3.0
33,Q-Learning,V10,"(84, 94)",7.833809621030941,True,20.16619037896906,1.0
34,Greedy,V1,"(57, 56)",32.875407939663035,True,5.50881895447306,1.0
34,Greedy,V2,"(62, 20)",54.5999067167426,True,6.400093283257398,1.0
34,Greedy,V3,"(37, 20)",39.05014688275446,True,15.672099987245662,1.0
34,Greedy,V4,"(9, 76)",37.51089958678962,True,16.577379737113247,1.0
34,Greedy,V5,"(93, 32)",34.133208955656805,True,3.866791044343195,1.0
34,Greedy,V6,"(38, 72)",3.8766221120144166,True,14.33452350598575,1.0
34,Greedy,V7,"(84, 14)",4.713401337180223,True,29.307192465536616,1.0
34,Greedy,V8,"(84, 31)",18.302060463722313,True,21.925999629607603,1.0
34,Greedy,V9,"(41, 25)",49.85081306187558,True,2.149186938124423,1.0
34,Greedy,V10,"(89, 86)",14.228848824350273,True,12.771151175649727,1.0
34,Auction,V1,"(30, 56)",37.6,True,0.3999999999999986,1.0
34,Auction,V2,"(12, 84)",60.69605949575305,True,0.3039405042469525,1.0
34,Auction,V3,"(39, 26)",45.701941780895694,True,9.020305089104422,1.0
34,Auction,V4,"(29, 99)",25.260712700986016,True,29.30488611432322,1.0
34,Auction,V5,"(2, 84)",17.063549757372954,True,20.936450242627046,1.0
34,Auction,V6,"(79, 28)",2.119645712930293,True,16.255473337388366,1.0
34,Auction,V7,"(33, 31)",9.157079086903885,True,25.12460248739346,1.0
34,Auction,V8,"(53, 72)",26.599289354999343,True,13.57325977232319,1.0
34,Auction,V9,"(10, 33)",50.99609470320894,True,1.0039052967910607,1.0
34,Auction,V10,"(83, 96)",8.437950064818668,True,18.56204993518133,1.0
34,Q-Learning,V1,"(36, 71)",23.878131542600126,True,15.511528238439883,2.0
34,Q-Learning,V2,"(30, 47)",54.53278929227084,True,6.4672107077291585,1.0
34,Q-Learning,V3,"(33, 31)",38.504507627677256,True,16.21773924232286,1.0
34,Q-Learning,V4,"(2, 84)",49.36399906367062,True,5.5,1.0
34,Q-Learning,V5,"(50, 64)",34.133208955656805,True,5.866791044343195,3.0
34,Q-Learning,V6,"(54, 89)",2.1307044653795337,True,16.080441152620633,1.0
34,Q-Learning,V7,"(79, 28)",25.375278569135375,True,10.449996532111285,2.0
34,Q-Learning,V8,"(36, 93)",36.57734400932749,True,3.595205117995043,1.0
34,Q-Learning,V9,"(10, 33)",50.99609470320894,True,3.0039052967910607,3.0
34,Q-Learning,V10,"(84, 94)",7.833809621030941,True,19.16619037896906,1.0
35,Greedy,V1,"(57, 56)",32.875407939663035,True,4.50881895447306,1.0
35,Greedy,V2,"(62, 20)",54.5999067167426,True,5.400093283257398,1.0
35,Greedy,V3,"(37, 20)",39.05014688275446,True,14.672099987245662,1.0
35,Greedy,V4,"(9, 76)",37.51089958678962,True,15.577379737113247,1.0
35,Greedy,V5,"(93, 32)",34.133208955656805,True,2.866791044343195,1.0
35,Greedy,V6,"(38, 72)",3.8766221120144166,True,13.33452350598575,1.0
35,Greedy,V7,"(84, 14)",4.713401337180223,True,28.307192465536616,1.0
35,Greedy,V8,"(84, 31)",18.302060463722313,True,20.925999629607603,1.0
35,Greedy,V9,"(41, 25)",49.85081306187558,True,1.1491869381244229,1.0
35,Greedy,V10,"(89, 86)",14.228848824350273,True,11.771151175649727,1.0
35,Auction,V1,"(30, 56)",37.6,True,0.0,1.0
35,Auction,V2,"(12, 84)",60.69605949575305,True,0.0,1.0
35,Auction,V3,"(39, 26)",45.701941780895694,True,8.020305089104422,1.0
35,Auction,V4,"(29, 99)",25.260712700986016,True,28.30488611432322,1.0
35,Auction,V5,"(2, 84)",17.063549757372954,True,19.936450242627046,1.0
35,Auction,V6,"(79, 28)",2.119645712930293,True,15.255473337388366,1.0
35,Auction,V7,"(33, 31)",9.157079086903885,True,24.12460248739346,1.0
35,Auction,V8,"(53, 72)",26.599289354999343,True,12.57325977232319,1.0
35,Auction,V9,"(10, 33)",50.99609470320894,True,0.003905296791060664,1.0
35,Auction,V10,"(83, 96)",8.437950064818668,True,17.56204993518133,1.0
35,Q-Learning,V1,"(36, 71)",23.878131542600126,True,14.511528238439883,2.0
35,Q-Learning,V2,"(30, 47)",54.53278929227084,True,5.4672107077291585,1.0
35,Q-Learning,V3,"(33, 31)",38.504507627677256,True,15.21773924232286,1.0
35,Q-Learning,V4,"(2, 84)",49.36399906367062,True,4.5,1.0
35,Q-Learning,V5,"(50, 64)",34.133208955656805,True,4.866791044343195,3.0
35,Q-Learning,V6,"(54, 89)",2.1307044653795337,True,15.080441152620633,1.0
35,Q-Learning,V7,"(79, 28)",25.375278569135375,True,9.449996532111285,2.0
35,Q-Learning,V8,"(36, 93)",36.57734400932749,True,2.595205117995043,1.0
35,Q-Learning,V9,"(10, 33)",50.99609470320894,True,2.0039052967910607,3.0
35,Q-Learning,V10,"(84, 94)",7.833809621030941,True,18.16619037896906,1.0
36,Greedy,V1,"(57, 56)",32.875407939663035,True,3.5088189544730604,1.0
36,Greedy,V2,"(62, 20)",54.5999067167426,True,4.400093283257398,1.0
36,Greedy,V3,"(37, 20)",39.05014688275446,True,13.672099987245662,1.0
36,Greedy,V4,"(9, 76)",37.51089958678962,True,14.577379737113247,1.0
36,Greedy,V5,"(93, 32)",34.133208955656805,True,1.866791044343195,1.0
36,Greedy,V6,"(38, 72)",3.8766221120144166,True,12.33452350598575,1.0
36,Greedy,V7,"(84, 14)",4.713401337180223,True,27.307192465536616,1.0
36,Greedy,V8,"(84, 31)",18.302060463722313,True,19.925999629607603,1.0
36,Greedy,V9,"(41, 25)",49.85081306187558,True,0.14918693812442285,1.0
36,Greedy,V10,"(89, 86)",14.228848824350273,True,10.771151175649727,1.0
36,Auction,V1,"(61, 65)",10.143995043372414,True,26.456004956627588,1.0
36,Auction,V2,"(54, 89)",35.12191650447475,True,24.5741429912783,1.0
36,Auction,V3,"(39, 26)",45.701941780895694,True,7.020305089104422,1.0
36,Auction,V4,"(29, 99)",25.260712700986016,True,27.30488611432322,1.0
36,Auction,V5,"(2, 84)",17.063549757372954,True,18.936450242627046,1.0
36,Auction,V6,"(79, 28)",2.119645712930293,True,14.255473337388366,1.0
36,Auction,V7,"(33, 31)",9.157079086903885,True,23.12460248739346,1.0
36,Auction,V8,"(53, 72)",26.599289354999343,True,11.57325977232319,1.0
36,Auction,V9,"(10, 33)",50.99609470320894,True,0.0,1.0
36,Auction,V10,"(83, 96)",8.437950064818668,True,16.56204993518133,1.0
36,Q-Learning,V1,"(36, 71)",23.878131542600126,True,13.511528238439883,2.0
36,Q-Learning,V2,"(30, 47)",54.53278929227084,True,4.4672107077291585,1.0
36,Q-Learning,V3,"(33, 31)",38.504507627677256,True,14.21773924232286,1.0
36,Q-Learning,V4,"(2, 84)",49.36399906367062,True,3.5,1.0
36,Q-Learning,V5,"(50, 64)",34.133208955656805,True,3.866791044343195,3.0
36,Q-Learning,V6,"(54, 89)",2.1307044653795337,True,14.080441152620633,1.0
36,Q-Learning,V7,"(79, 28)",25.375278569135375,True,8.449996532111285,2.0
36,Q-Learning,V8,"(36, 93)",36.57734400932749,True,1.595205117995043,1.0
36,Q-Learning,V9,"(10, 33)",50.99609470320894,True,1.0039052967910607,3.0
36,Q-Learning,V10,"(84, 94)",7.833809621030941,True,17.16619037896906,1.0
37,Greedy,V1,"(57, 56)",32.875407939663035,True,2.5088189544730604,1.0
37,Greedy,V2,"(62, 20)",54.5999067167426,True,3.400093283257398,1.0
37,Greedy,V3,"(37, 20)",39.05014688275446,True,12.672099987245662,1.0
37,Greedy,V4,"(9, 76)",37.51089958678962,True,13.577379737113247,1.0
37,Greedy,V5,"(93, 32)",34.133208955656805,True,0.866791044343195,1.0
37,Greedy,V6,"(38, 72)",3.8766221120144166,True,11.33452350598575,1.0
37,Greedy,V7,"(84, 14)",4.713401337180223,True,26.307192465536616,1.0
37,Greedy,V8,"(84, 31)",18.302060463722313,True,18.925999629607603,1.0
37,Greedy,V9,"(41, 25)",49.85081306187558,True,0.0,1.0
37,Greedy,V10,"(89, 86)",14.228848824350273,True,9.771151175649727,1.0
37,Auction,V1,"(61, 65)",10.143995043372414,True,25.456004956627588,1.0
37,Auction,V2,"(54, 89)",35.12191650447475,True,23.5741429912783,1.0
37,Auction,V3,"(39, 26)",45.701941780895694,True,6.020305089104422,1.0
37,Auction,V4,"(29, 99)",25.260712700986016,True,26.30488611432322,1.0
37,Auction,V5,"(2, 84)",17.063549757372954,True,17.936450242627046,1.0
37,Auction,V6,"(79, 28)",2.119645712930293,True,13.255473337388366,1.0
37,Auction,V7,"(33, 31)",9.157079086903885,True,22.12460248739346,1.0
37,Auction,V8,"(53, 72)",26.599289354999343,True,10.57325977232319,1.0
37,Auction,V9,"(20, 27)",27.08061875578629,True,22.91547594742265,1.0
37,Auction,V10,"(83, 96)",8.437950064818668,True,15.562049935181332,1.0
37,Q-Learning,V1,"(36, 71)",23.878131542600126,True,12.511528238439883,2.0
37,Q-Learning,V2,"(30, 47)",54.53278929227084,True,3.4672107077291585,1.0
37,Q-Learning,V3,"(33, 31)",38.504507627677256,True,13.21773924232286,1.0
37,Q-Learning,V4,"(2, 84)",49.36399906367062,True,2.5,1.0
37,Q-Learning,V5,"(50, 64)",34.133208955656805,True,2.866791044343195,3.0
37,Q-Learning,V6,"(54, 89)",2.1307044653795337,True,13.080441152620633,1.0
37,Q-Learning,V7,"(79, 28)",25.375278569135375,True,7.449996532111285,2.0
37,Q-Learning,V8,"(36, 93)",36.57734400932749,True,0.595205117995043,1.0
37,Q-Learning,V9,"(10, 33)",50.99609470320894,True,0.003905296791060664,3.0
37,Q-Learning,V10,"(84, 94)",7.833809621030941,True,16.16619037896906,1.0
38,Greedy,V1,"(57, 56)",32.875407939663035,True,1.5088189544730604,1.0
38,Greedy,V2,"(62, 20)",54.5999067167426,True,2.400093283257398,1.0
38,Greedy,V3,"(37, 20)",39.05014688275446,True,11.672099987245662,1.0
38,Greedy,V4,"(9, 76)",37.51089958678962,True,12.577379737113247,1.0
38,Greedy,V5,"(93, 32)",34.133208955656805,True,0.0,1.0
38,Greedy,V6,"(38, 72)",3.8766221120144166,True,10.33452350598575,1.0
38,Greedy,V7,"(84, 14)",4.713401337180223,True,25.307192465536616,1.0
38,Greedy,V8,"(84, 31)",18.302060463722313,True,17.925999629607603,1.0
38,Greedy,V9,"(41, 25)",17.67047317437663,True,31.180339887498945,1.0
38,Greedy,V10,"(89, 86)",14.228848824350273,True,8.771151175649727,1.0
38,Auction,V1,"(61, 65)",10.143995043372414,True,24.456004956627588,1.0
38,Auction,V2,"(54, 89)",35.12191650447475,True,22.5741429912783,1.0
38,Auction,V3,"(39, 26)",45.701941780895694,True,5.020305089104422,1.0
38,Auction,V4,"(29, 99)",25.260712700986016,True,25.30488611432322,1.0
38,Auction,V5,"(2, 84)",17.063549757372954,True,16.936450242627046,1.0
38,Auction,V6,"(79, 28)",2.119645712930293,True,12.255473337388366,1.0
38,Auction,V7,"(33, 31)",9.157079086903885,True,21.12460248739346,1.0
38,Auction,V8,"(53, 72)",26.599289354999343,True,9.57325977232319,1.0
38,Auction,V9,"(20, 27)",27.08061875578629,True,21.91547594742265,1.0
38,Auction,V10,"(83, 96)",8.437950064818668,True,14.562049935181332,1.0
38,Q-Learning,V1,"(36, 71)",23.878131542600126,True,11.511528238439883,2.0
38,Q-Learning,V2,"(30, 47)",54.53278929227084,True,2.4672107077291585,1.0
38,Q-Learning,V3,"(33, 31)",38.504507627677256,True,12.21773924232286,1.0
38,Q-Learning,V4,"(2, 84)",49.36399906367062,True,1.5,1.0
38,Q-Learning,V5,"(50, 64)",34.133208955656805,True,1.866791044343195,3.0
38,Q-Learning,V6,"(54, 89)",2.1307044653795337,True,12.080441152620633,1.0
38,Q-Learning,V7,"(79, 28)",25.375278569135375,True,6.449996532111285,2.0
38,Q-Learning,V8,"(36, 93)",36.57734400932749,True,0.0,1.0
38,Q-Learning,V9,"(10, 33)",50.99609470320894,True,0.0,3.0
38,Q-Learning,V10,"(84, 94)",7.833809621030941,True,15.166190378969059,1.0
39,Greedy,V1,"(57, 56)",32.875407939663035,True,0.5088189544730604,1.0
39,Greedy,V2,"(62, 20)",54.5999067167426,True,1.400093283257398,1.0
39,Greedy,V3,"(37, 20)",39.05014688275446,True,10.672099987245662,1.0
39,Greedy,V4,"(9, 76)",37.51089958678962,True,11.577379737113247,1.0
39,Greedy,V5,"(93, 32)",1.1437936337485795,True,31.989415321908226,1.0
39,Greedy,V6,"(38, 72)",3.8766221120144166,True,9.33452350598575,1.0
39,Greedy,V7,"(84, 14)",4.713401337180223,True,24.307192465536616,1.0
39,Greedy,V8,"(84, 31)",18.302060463722313,True,16.925999629607603,1.0
39,Greedy,V9,"(41, 25)",17.67047317437663,True,30.180339887498945,1.0
39,Greedy,V10,"(89, 86)",14.228848824350273,True,7.771151175649727,1.0
39,Auction,V1,"(61, 65)",10.143995043372414,True,23.456004956627588,1.0
39,Auction,V2,"(54, 89)",35.12191650447475,True,21.5741429912783,1.0
39,Auction,V3,"(39, 26)",45.701941780895694,True,4.020305089104422,1.0
39,Auction,V4,"(29, 99)",25.260712700986016,True,24.30488611432322,1.0
39,Auction,V5,"(2, 84)",17.063549757372954,True,15.936450242627046,1.0
39,Auction,V6,"(79, 28)",2.119645712930293,True,11.255473337388366,1.0
39,Auction,V7,"(33, 31)",9.157079086903885,True,20.12460248739346,1.0
39,Auction,V8,"(53, 72)",26.599289354999343,True,8.57325977232319,1.0
39,Auction,V9,"(20, 27)",27.08061875578629,True,20.91547594742265,1.0
39,Auction,V10,"(83, 96)",8.437950064818668,True,13.562049935181332,1.0
39,Q-Learning,V1,"(36, 71)",23.878131542600126,True,10.511528238439883,2.0
39,Q-Learning,V2,"(30, 47)",54.53278929227084,True,1.4672107077291585,1.0
39,Q-Learning,V3,"(33, 31)",38.504507627677256,True,11.21773924232286,1.0
39,Q-Learning,V4,"(2, 84)",49.36399906367062,True,0.5,1.0
39,Q-Learning,V5,"(50, 64)",34.133208955656805,True,0.866791044343195,3.0
39,Q-Learning,V6,"(54, 89)",2.1307044653795337,True,11.080441152620633,1.0
39,Q-Learning,V7,"(79, 28)",25.375278569135375,True,5.449996532111285,2.0
39,Q-Learning,V8,"(29, 99)",6.260266229714219,True,29.31707777961327,1.0
39,Q-Learning,V9,"(53, 72)",12.483169429508948,True,37.51292527369999,3.0
39,Q-Learning,V10,"(84, 94)",7.833809621030941,True,14.166190378969059,1.0
40,Greedy,V1,"(57, 56)",32.875407939663035,True,0.0,1.0
40,Greedy,V2,"(62, 20)",54.5999067167426,True,0.400093283257398,1.0
40,Greedy,V3,"(37, 20)",39.05014688275446,True,9.672099987245662,1.0
40,Greedy,V4,"(9, 76)",37.51089958678962,True,10.577379737113247,1.0
40,Greedy,V5,"(93, 32)",1.1437936337485795,True,30.989415321908226,1.0
40,Greedy,V6,"(38, 72)",3.8766221120144166,True,8.33452350598575,1.0
40,Greedy,V7,"(84, 14)",4.713401337180223,True,23.307192465536616,1.0
40,Greedy,V8,"(84, 31)",18.302060463722313,True,15.925999629607603,1.0
40,Greedy,V9,"(41, 25)",17.67047317437663,True,29.180339887498945,1.0
40,Greedy,V10,"(89, 86)",14.228848824350273,True,6.771151175649727,1.0
40,Auction,V1,"(61, 65)",10.143995043372414,True,22.456004956627588,1.0
40,Auction,V2,"(54, 89)",35.12191650447475,True,20.5741429912783,1.0
40,Auction,V3,"(39, 26)",45.701941780895694,True,3.020305089104422,1.0
40,Auction,V4,"(29, 99)",25.260712700986016,True,23.30488611432322,1.0
40,Auction,V5,"(2, 84)",17.063549757372954,True,14.936450242627046,1.0
40,Auction,V6,"(79, 28)",2.119645712930293,True,10.255473337388366,1.0
40,Auction,V7,"(33, 31)",9.157079086903885,True,19.12460248739346,1.0
40,Auction,V8,"(53, 72)",26.599289354999343,True,7.5732597723231905,1.0
40,Auction,V9,"(20, 27)",27.08061875578629,True,19.91547594742265,1.0
40,Auction,V10,"(83, 96)",8.437950064818668,True,12.562049935181332,1.0
40,Q-Learning,V1,"(36, 71)",23.878131542600126,True,9.511528238439883,2.0
40,Q-Learning,V2,"(30, 47)",54.53278929227084,True,0.4672107077291585,1.0
40,Q-Learning,V3,"(33, 31)",38.504507627677256,True,10.21773924232286,1.0
40,Q-Learning,V4,"(2, 84)",49.36399906367062,True,0.0,1.0
40,Q-Learning,V5,"(50, 64)",34.133208955656805,True,0.0,3.0
40,Q-Learning,V6,"(54, 89)",2.1307044653795337,True,10.080441152620633,1.0
40,Q-Learning,V7,"(79, 28)",25.375278569135375,True,4.449996532111285,2.0
40,Q-Learning,V8,"(29, 99)",6.260266229714219,True,28.31707777961327,1.0
40,Q-Learning,V9,"(53, 72)",12.483169429508948,True,36.51292527369999,3.0
40,Q-Learning,V10,"(84, 94)",7.833809621030941,True,13.166190378969059,1.0
41,Greedy,V1,"(57, 56)",2.6754079396630353,True,29.2,1.0
41,Greedy,V2,"(62, 20)",54.5999067167426,True,0.0,1.0
41,Greedy,V3,"(37, 20)",39.05014688275446,True,8.672099987245662,1.0
41,Greedy,V4,"(9, 76)",37.51089958678962,True,9.577379737113247,1.0
41,Greedy,V5,"(93, 32)",1.1437936337485795,True,29.989415321908226,1.0
41,Greedy,V6,"(38, 72)",3.8766221120144166,True,7.33452350598575,1.0
41,Greedy,V7,"(84, 14)",4.713401337180223,True,22.307192465536616,1.0
41,Greedy,V8,"(84, 31)",18.302060463722313,True,14.925999629607603,1.0
41,Greedy,V9,"(41, 25)",17.67047317437663,True,28.180339887498945,1.0
41,Greedy,V10,"(89, 86)",14.228848824350273,True,5.771151175649727,1.0
41,Auction,V1,"(61, 65)",10.143995043372414,True,21.456004956627588,1.0
41,Auction,V2,"(54, 89)",35.12191650447475,True,19.5741429912783,1.0
41,Auction,V3,"(39, 26)",45.701941780895694,True,2.020305089104422,1.0
41,Auction,V4,"(29, 99)",25.260712700986016,True,22.30488611432322,1.0
41,Auction,V5,"(2, 84)",17.063549757372954,True,13.936450242627046,1.0
41,Auction,V6,"(79, 28)",2.119645712930293,True,9.255473337388366,1.0
41,Auction,V7,"(33, 31)",9.157079086903885,True,18.12460248739346,1.0
41,Auction,V8,"(53, 72)",26.599289354999343,True,6.5732597723231905,1.0
41,Auction,V9,"(20, 27)",27.08061875578629,True,18.91547594742265,1.0
41,Auction,V10,"(83, 96)",8.437950064818668,True,11.562049935181332,1.0
41,Q-Learning,V1,"(36, 71)",23.878131542600126,True,8.511528238439883,2.0
41,Q-Learning,V2,"(30, 47)",54.53278929227084,True,0.0,1.0
41,Q-Learning,V3,"(33, 31)",38.504507627677256,True,9.21773924232286,1.0
41,Q-Learning,V4,"(8, 88)",33.56122342593862,True,14.802775637731994,1.0
41,Q-Learning,V5,"(61, 65)",9.451421949927717,True,23.68178700572909,3.0
41,Q-Learning,V6,"(54, 89)",2.1307044653795337,True,9.080441152620633,1.0
41,Q-Learning,V7,"(79, 28)",25.375278569135375,True,3.4499965321112853,2.0
41,Q-Learning,V8,"(29, 99)",6.260266229714219,True,27.31707777961327,1.0
41,Q-Learning,V9,"(53, 72)",12.483169429508948,True,35.51292527369999,3.0
41,Q-Learning,V10,"(84, 94)",7.833809621030941,True,12.166190378969059,1.0
42,Greedy,V1,"(57, 56)",2.6754079396630353,True,28.2,1.0
42,Greedy,V2,"(62, 20)",6.887917978921145,True,46.71198873782146,1.0
42,Greedy,V3,"(37, 20)",39.05014688275446,True,7.672099987245662,1.0
42,Greedy,V4,"(9, 76)",37.51089958678962,True,8.577379737113247,1.0
42,Greedy,V5,"(93, 32)",1.1437936337485795,True,28.989415321908226,1.0
42,Greedy,V6,"(38, 72)",3.8766221120144166,True,6.33452350598575,1.0
42,Greedy,V7,"(84, 14)",4.713401337180223,True,21.307192465536616,1.0
42,Greedy,V8,"(84, 31)",18.302060463722313,True,13.925999629607603,1.0
42,Greedy,V9,"(41, 25)",17.67047317437663,True,27.180339887498945,1.0
42,Greedy,V10,"(89, 86)",14.228848824350273,True,4.771151175649727,1.0
42,Auction,V1,"(61, 65)",10.143995043372414,True,20.456004956627588,1.0
42,Auction,V2,"(54, 89)",35.12191650447475,True,18.5741429912783,1.0
42,Auction,V3,"(39, 26)",45.701941780895694,True,1.020305089104422,1.0
42,Auction,V4,"(29, 99)",25.260712700986016,True,21.30488611432322,1.0
42,Auction,V5,"(2, 84)",17.063549757372954,True,12.936450242627046,1.0
42,Auction,V6,"(79, 28)",2.119645712930293,True,8.255473337388366,1.0
42,Auction,V7,"(33, 31)",9.157079086903885,True,17.12460248739346,1.0
42,Auction,V8,"(53, 72)",26.599289354999343,True,5.5732597723231905,1.0
42,Auction,V9,"(20, 27)",27.08061875578629,True,17.91547594742265,1.0
42,Auction,V10,"(83, 96)",8.437950064818668,True,10.562049935181332,1.0
42,Q-Learning,V1,"(36, 71)",23.878131542600126,True,7.511528238439883,2.0
42,Q-Learning,V2,"(83, 96)",8.487706859652256,True,45.045082432618585,1.0
42,Q-Learning,V3,"(33, 31)",38.504507627677256,True,8.21773924232286,1.0
42,Q-Learning,V4,"(8, 88)",33.56122342593862,True,13.802775637731994,1.0
42,Q-Learning,V5,"(61, 65)",9.451421949927717,True,22.68178700572909,3.0
42,Q-Learning,V6,"(54, 89)",2.1307044653795337,True,8.080441152620633,1.0
42,Q-Learning,V7,"(79, 28)",25.375278569135375,True,2.4499965321112853,2.0
42,Q-Learning,V8,"(29, 99)",6.260266229714219,True,26.31707777961327,1.0
42,Q-Learning,V9,"(53, 72)",12.483169429508948,True,34.51292527369999,3.0
42,Q-Learning,V10,"(84, 94)",7.833809621030941,True,11.166190378969059,1.0
43,Greedy,V1,"(57, 56)",2.6754079396630353,True,27.2,1.0
43,Greedy,V2,"(62, 20)",6.887917978921145,True,45.71198873782146,1.0
43,Greedy,V3,"(37, 20)",39.05014688275446,True,6.672099987245662,1.0
43,Greedy,V4,"(9, 76)",37.51089958678962,True,7.577379737113247,1.0
43,Greedy,V5,"(93, 32)",1.1437936337485795,True,27.989415321908226,1.0
43,Greedy,V6,"(38, 72)",3.8766221120144166,True,5.33452350598575,1.0
43,Greedy,V7,"(84, 14)",4.713401337180223,True,20.307192465536616,1.0
43,Greedy,V8,"(84, 31)",18.302060463722313,True,12.925999629607603,1.0
43,Greedy,V9,"(41, 25)",17.67047317437663,True,26.180339887498945,1.0
43,Greedy,V10,"(89, 86)",14.228848824350273,True,3.7711511756497273,1.0
43,Auction,V1,"(61, 65)",10.143995043372414,True,19.456004956627588,1.0
43,Auction,V2,"(54, 89)",35.12191650447475,True,17.5741429912783,1.0
43,Auction,V3,"(39, 26)",45.701941780895694,True,0.02030508910442208,1.0
43,Auction,V4,"(29, 99)",25.260712700986016,True,20.30488611432322,1.0
43,Auction,V5,"(2, 84)",17.063549757372954,True,11.936450242627046,1.0
43,Auction,V6,"(79, 28)",2.119645712930293,True,7.255473337388366,1.0
43,Auction,V7,"(33, 31)",9.157079086903885,True,16.12460248739346,1.0
43,Auction,V8,"(53, 72)",26.599289354999343,True,4.5732597723231905,1.0
43,Auction,V9,"(20, 27)",27.08061875578629,True,16.91547594742265,1.0
43,Auction,V10,"(83, 96)",8.437950064818668,True,9.562049935181332,1.0
43,Q-Learning,V1,"(36, 71)",23.878131542600126,True,6.511528238439883,2.0
43,Q-Learning,V2,"(83, 96)",8.487706859652256,True,44.045082432618585,1.0
43,Q-Learning,V3,"(33, 31)",38.504507627677256,True,7.21773924232286,1.0
43,Q-Learning,V4,"(8, 88)",33.56122342593862,True,12.802775637731994,1.0
43,Q-Learning,V5,"(61, 65)",9.451421949927717,True,21.68178700572909,3.0
43,Q-Learning,V6,"(54, 89)",2.1307044653795337,True,7.080441152620633,1.0
43,Q-Learning,V7,"(79, 28)",25.375278569135375,True,1.4499965321112853,2.0
43,Q-Learning,V8,"(29, 99)",6.260266229714219,True,25.31707777961327,1.0
43,Q-Learning,V9,"(53, 72)",12.483169429508948,True,33.51292527369999,3.0
43,Q-Learning,V10,"(84, 94)",7.833809621030941,True,10.166190378969059,1.0
44,Greedy,V1,"(57, 56)",2.6754079396630353,True,26.2,1.0
44,Greedy,V2,"(62, 20)",6.887917978921145,True,44.71198873782146,1.0
44,Greedy,V3,"(37, 20)",39.05014688275446,True,5.672099987245662,1.0
44,Greedy,V4,"(9, 76)",37.51089958678962,True,6.577379737113247,1.0
44,Greedy,V5,"(93, 32)",1.1437936337485795,True,26.989415321908226,1.0
44,Greedy,V6,"(38, 72)",3.8766221120144166,True,4.33452350598575,1.0
44,Greedy,V7,"(84, 14)",4.713401337180223,True,19.307192465536616,1.0
44,Greedy,V8,"(84, 31)",18.302060463722313,True,11.925999629607603,1.0
44,Greedy,V9,"(41, 25)",17.67047317437663,True,25.180339887498945,1.0
44,Greedy,V10,"(89, 86)",14.228848824350273,True,2.7711511756497273,1.0
44,Auction,V1,"(61, 65)",10.143995043372414,True,18.456004956627588,1.0
44,Auction,V2,"(54, 89)",35.12191650447475,True,16.5741429912783,1.0
44,Auction,V3,"(39, 26)",45.701941780895694,True,0.0,1.0
44,Auction,V4,"(29, 99)",25.260712700986016,True,19.30488611432322,1.0
44,Auction,V5,"(2, 84)",17.063549757372954,True,10.936450242627046,1.0
44,Auction,V6,"(79, 28)",2.119645712930293,True,6.255473337388366,1.0
44,Auction,V7,"(33, 31)",9.157079086903885,True,15.12460248739346,1.0
44,Auction,V8,"(53, 72)",26.599289354999343,True,3.5732597723231905,1.0
44,Auction,V9,"(20, 27)",27.08061875578629,True,15.91547594742265,1.0
44,Auction,V10,"(83, 96)",8.437950064818668,True,8.562049935181332,1.0
44,Q-Learning,V1,"(36, 71)",23.878131542600126,True,5.511528238439883,2.0
44,Q-Learning,V2,"(83, 96)",8.487706859652256,True,43.045082432618585,1.0
44,Q-Learning,V3,"(33, 31)",38.504507627677256,True,6.21773924232286,1.0
44,Q-Learning,V4,"(8, 88)",33.56122342593862,True,11.802775637731994,1.0
44,Q-Learning,V5,"(61, 65)",9.451421949927717,True,20.68178700572909,3.0
44,Q-Learning,V6,"(54, 89)",2.1307044653795337,True,6.080441152620633,1.0
44,Q-Learning,V7,"(79, 28)",25.375278569135375,True,0.4499965321112853,2.0
44,Q-Learning,V8,"(29, 99)",6.260266229714219,True,24.31707777961327,1.0
44,Q-Learning,V9,"(53, 72)",12.483169429508948,True,32.51292527369999,3.0
44,Q-Learning,V10,"(84, 94)",7.833809621030941,True,9.166190378969059,1.0
45,Greedy,V1,"(57, 56)",2.6754079396630353,True,25.2,1.0
45,Greedy,V2,"(62, 20)",6.887917978921145,True,43.71198873782146,1.0
45,Greedy,V3,"(37, 20)",39.05014688275446,True,4.672099987245662,1.0
45,Greedy,V4,"(9, 76)",37.51089958678962,True,5.577379737113247,1.0
45,Greedy,V5,"(93, 32)",1.1437936337485795,True,25.989415321908226,1.0
45,Greedy,V6,"(38, 72)",3.8766221120144166,True,3.33452350598575,1.0
45,Greedy,V7,"(84, 14)",4.713401337180223,True,18.307192465536616,1.0
45,Greedy,V8,"(84, 31)",18.302060463722313,True,10.925999629607603,1.0
45,Greedy,V9,"(41, 25)",17.67047317437663,True,24.180339887498945,1.0
45,Greedy,V10,"(89, 86)",14.228848824350273,True,1.7711511756497273,1.0
45,Auction,V1,"(61, 65)",10.143995043372414,True,17.456004956627588,1.0
45,Auction,V2,"(54, 89)",35.12191650447475,True,15.5741429912783,1.0
45,Auction,V3,"(38, 21)",14.97351042181101,True,29.728431359084684,1.0
45,Auction,V4,"(29, 99)",25.260712700986016,True,18.30488611432322,1.0
45,Auction,V5,"(2, 84)",17.063549757372954,True,9.936450242627046,1.0
45,Auction,V6,"(79, 28)",2.119645712930293,True,5.255473337388366,1.0
45,Auction,V7,"(33, 31)",9.157079086903885,True,14.12460248739346,1.0
45,Auction,V8,"(53, 72)",26.599289354999343,True,2.5732597723231905,1.0
45,Auction,V9,"(20, 27)",27.08061875578629,True,14.91547594742265,1.0
45,Auction,V10,"(83, 96)",8.437950064818668,True,7.5620499351813315,1.0
45,Q-Learning,V1,"(36, 71)",23.878131542600126,True,4.511528238439883,2.0
45,Q-Learning,V2,"(83, 96)",8.487706859652256,True,42.045082432618585,1.0
45,Q-Learning,V3,"(33, 31)",38.504507627677256,True,5.21773924232286,1.0
45,Q-Learning,V4,"(8, 88)",33.56122342593862,True,10.802775637731994,1.0
45,Q-Learning,V5,"(61, 65)",9.451421949927717,True,19.68178700572909,3.0
45,Q-Learning,V6,"(54, 89)",2.1307044653795337,True,5.080441152620633,1.0
45,Q-Learning,V7,"(79, 28)",25.375278569135375,True,0.0,2.0
45,Q-Learning,V8,"(29, 99)",6.260266229714219,True,23.31707777961327,1.0
45,Q-Learning,V9,"(53, 72)",12.483169429508948,True,31.51292527369999,3.0
45,Q-Learning,V10,"(84, 94)",7.833809621030941,True,8.166190378969059,1.0
46,Greedy,V1,"(57, 56)",2.6754079396630353,True,24.2,1.0
46,Greedy,V2,"(62, 20)",6.887917978921145,True,42.71198873782146,1.0
46,Greedy,V3,"(37, 20)",39.05014688275446,True,3.6720999872456623,1.0
46,Greedy,V4,"(9, 76)",37.51089958678962,True,4.577379737113247,1.0
46,Greedy,V5,"(93, 32)",1.1437936337485795,True,24.989415321908226,1.0
46,Greedy,V6,"(38, 72)",3.8766221120144166,True,2.33452350598575,1.0
46,Greedy,V7,"(84, 14)",4.713401337180223,True,17.307192465536616,1.0
46,Greedy,V8,"(84, 31)",18.302060463722313,True,9.925999629607603,1.0
46,Greedy,V9,"(41, 25)",17.67047317437663,True,23.180339887498945,1.0
46,Greedy,V10,"(89, 86)",14.228848824350273,True,0.7711511756497273,1.0
46,Auction,V1,"(61, 65)",10.143995043372414,True,16.456004956627588,1.0
46,Auction,V2,"(54, 89)",35.12191650447475,True,14.5741429912783,1.0
46,Auction,V3,"(38, 21)",14.97351042181101,True,28.728431359084684,1.0
46,Auction,V4,"(29, 99)",25.260712700986016,True,17.30488611432322,1.0
46,Auction,V5,"(2, 84)",17.063549757372954,True,8.936450242627046,1.0
46,Auction,V6,"(79, 28)",2.119645712930293,True,4.255473337388366,1.0
46,Auction,V7,"(33, 31)",9.157079086903885,True,13.12460248739346,1.0
46,Auction,V8,"(53, 72)",26.599289354999343,True,1.5732597723231905,1.0
46,Auction,V9,"(20, 27)",27.08061875578629,True,13.91547594742265,1.0
46,Auction,V10,"(83, 96)",8.437950064818668,True,6.5620499351813315,1.0
46,Q-Learning,V1,"(36, 71)",23.878131542600126,True,3.511528238439883,2.0
46,Q-Learning,V2,"(83, 96)",8.487706859652256,True,41.045082432618585,1.0
46,Q-Learning,V3,"(33, 31)",38.504507627677256,True,4.21773924232286,1.0
46,Q-Learning,V4,"(8, 88)",33.56122342593862,True,9.802775637731994,1.0
46,Q-Learning,V5,"(61, 65)",9.451421949927717,True,18.68178700572909,3.0
46,Q-Learning,V6,"(54, 89)",2.1307044653795337,True,4.080441152620633,1.0
46,Q-Learning,V7,"(4, 72)",2.7137218098783222,True,21.661556759257053,2.0
46,Q-Learning,V8,"(29, 99)",6.260266229714219,True,22.31707777961327,1.0
46,Q-Learning,V9,"(53, 72)",12.483169429508948,True,30.51292527369999,3.0
46,Q-Learning,V10,"(84, 94)",7.833809621030941,True,7.166190378969059,1.0
47,Greedy,V1,"(57, 56)",2.6754079396630353,True,23.2,1.0
47,Greedy,V2,"(62, 20)",6.887917978921145,True,41.71198873782146,1.0
47,Greedy,V3,"(37, 20)",39.05014688275446,True,2.6720999872456623,1.0
47,Greedy,V4,"(9, 76)",37.51089958678962,True,3.5773797371132474,1.0
47,Greedy,V5,"(93, 32)",1.1437936337485795,True,23.989415321908226,1.0
47,Greedy,V6,"(38, 72)",3.8766221120144166,True,1.33452350598575,1.0
47,Greedy,V7,"(84, 14)",4.713401337180223,True,16.307192465536616,1.0
47,Greedy,V8,"(84, 31)",18.302060463722313,True,8.925999629607603,1.0
47,Greedy,V9,"(41, 25)",17.67047317437663,True,22.180339887498945,1.0
47,Greedy,V10,"(89, 86)",14.228848824350273,True,0.0,1.0
47,Auction,V1,"(61, 65)",10.143995043372414,True,15.456004956627588,1.0
47,Auction,V2,"(54, 89)",35.12191650447475,True,13.5741429912783,1.0
47,Auction,V3,"(38, 21)",14.97351042181101,True,27.728431359084684,1.0
47,Auction,V4,"(29, 99)",25.260712700986016,True,16.30488611432322,1.0
47,Auction,V5,"(2, 84)",17.063549757372954,True,7.936450242627046,1.0
47,Auction,V6,"(79, 28)",2.119645712930293,True,3.2554733373883664,1.0
47,Auction,V7,"(33, 31)",9.157079086903885,True,12.12460248739346,1.0
47,Auction,V8,"(53, 72)",26.599289354999343,True,0.5732597723231905,1.0
47,Auction,V9,"(20, 27)",27.08061875578629,True,12.91547594742265,1.0
47,Auction,V10,"(83, 96)",8.437950064818668,True,5.5620499351813315,1.0
47,Q-Learning,V1,"(36, 71)",23.878131542600126,True,2.511528238439883,2.0
47,Q-Learning,V2,"(83, 96)",8.487706859652256,True,40.045082432618585,1.0
47,Q-Learning,V3,"(33, 31)",38.504507627677256,True,3.2177392423228603,1.0
47,Q-Learning,V4,"(8, 88)",33.56122342593862,True,8.802775637731994,1.0
47,Q-Learning,V5,"(61, 65)",9.451421949927717,True,17.68178700572909,3.0
47,Q-Learning,V6,"(54, 89)",2.1307044653795337,True,3.080441152620633,1.0
47,Q-Learning,V7,"(4, 72)",2.7137218098783222,True,20.661556759257053,2.0
47,Q-Learning,V8,"(29, 99)",6.260266229714219,True,21.31707777961327,1.0
47,Q-Learning,V9,"(53, 72)",12.483169429508948,True,29.51292527369999,3.0
47,Q-Learning,V10,"(84, 94)",7.833809621030941,True,6.166190378969059,1.0
48,Greedy,V1,"(57, 56)",2.6754079396630353,True,22.2,1.0
48,Greedy,V2,"(62, 20)",6.887917978921145,True,40.71198873782146,1.0
48,Greedy,V3,"(37, 20)",39.05014688275446,True,1.6720999872456623,1.0
48,Greedy,V4,"(9, 76)",37.51089958678962,True,2.5773797371132474,1.0
48,Greedy,V5,"(93, 32)",1.1437936337485795,True,22.989415321908226,1.0
48,Greedy,V6,"(38, 72)",3.8766221120144166,True,0.3345235059857501,1.0
48,Greedy,V7,"(84, 14)",4.713401337180223,True,15.307192465536616,1.0
48,Greedy,V8,"(84, 31)",18.302060463722313,True,7.9259996296076025,1.0
48,Greedy,V9,"(41, 25)",17.67047317437663,True,21.180339887498945,1.0
48,Greedy,V10,"(89, 86)",14.228848824350273,False,0.0,2.0
48,Auction,V1,"(61, 65)",10.143995043372414,True,14.456004956627588,1.0
48,Auction,V2,"(54, 89)",35.12191650447475,True,12.5741429912783,1.0
48,Auction,V3,"(38, 21)",14.97351042181101,True,26.728431359084684,1.0
48,Auction,V4,"(29, 99)",25.260712700986016,True,15.30488611432322,1.0
48,Auction,V5,"(2, 84)",17.063549757372954,True,6.936450242627046,1.0
48,Auction,V6,"(79, 28)",2.119645712930293,True,2.2554733373883664,1.0
48,Auction,V7,"(33, 31)",9.157079086903885,True,11.12460248739346,1.0
48,Auction,V8,"(53, 72)",26.599289354999343,True,0.0,1.0
48,Auction,V9,"(20, 27)",27.08061875578629,True,11.91547594742265,1.0
48,Auction,V10,"(83, 96)",8.437950064818668,True,4.5620499351813315,1.0
48,Q-Learning,V1,"(36, 71)",23.878131542600126,True,1.5115282384398832,2.0
48,Q-Learning,V2,"(83, 96)",8.487706859652256,True,39.045082432618585,1.0
48,Q-Learning,V3,"(33, 31)",38.504507627677256,True,2.2177392423228603,1.0
48,Q-Learning,V4,"(8, 88)",33.56122342593862,True,7.802775637731994,1.0
48,Q-Learning,V5,"(61, 65)",9.451421949927717,True,16.68178700572909,3.0
48,Q-Learning,V6,"(54, 89)",2.1307044653795337,True,2.080441152620633,1.0
48,Q-Learning,V7,"(4, 72)",2.7137218098783222,True,19.661556759257053,2.0
48,Q-Learning,V8,"(29, 99)",6.260266229714219,True,20.31707777961327,1.0
48,Q-Learning,V9,"(53, 72)",12.483169429508948,True,28.51292527369999,3.0
48,Q-Learning,V10,"(84, 94)",7.833809621030941,True,5.166190378969059,1.0
49,Greedy,V1,"(57, 56)",2.6754079396630353,True,21.2,1.0
49,Greedy,V2,"(62, 20)",6.887917978921145,True,39.71198873782146,1.0
49,Greedy,V3,"(37, 20)",39.05014688275446,True,0.6720999872456623,1.0
49,Greedy,V4,"(9, 76)",37.51089958678962,True,1.5773797371132474,1.0
49,Greedy,V5,"(93, 32)",1.1437936337485795,True,21.989415321908226,1.0
49,Greedy,V6,"(38, 72)",3.8766221120144166,True,0.0,1.0
49,Greedy,V7,"(84, 14)",4.713401337180223,True,14.307192465536616,1.0
49,Greedy,V8,"(84, 31)",18.302060463722313,True,6.9259996296076025,1.0
49,Greedy,V9,"(41, 25)",17.67047317437663,True,20.180339887498945,1.0
49,Greedy,V10,"(89, 86)",14.228848824350273,False,0.0,3.0
49,Auction,V1,"(61, 65)",10.143995043372414,True,13.456004956627588,1.0
49,Auction,V2,"(54, 89)",35.12191650447475,True,11.5741429912783,1.0
49,Auction,V3,"(38, 21)",14.97351042181101,True,25.728431359084684,1.0
49,Auction,V4,"(29, 99)",25.260712700986016,True,14.30488611432322,1.0
49,Auction,V5,"(2, 84)",17.063549757372954,True,5.936450242627046,1.0
49,Auction,V6,"(79, 28)",2.119645712930293,True,1.2554733373883664,1.0
49,Auction,V7,"(33, 31)",9.157079086903885,True,10.12460248739346,1.0
49,Auction,V8,"(36, 71)",4.166519874152712,True,21.43276948084663,1.0
49,Auction,V9,"(20, 27)",27.08061875578629,True,10.91547594742265,1.0
49,Auction,V10,"(83, 96)",8.437950064818668,True,3.5620499351813315,1.0
49,Q-Learning,V1,"(36, 71)",23.878131542600126,True,0.5115282384398832,2.0
49,Q-Learning,V2,"(83, 96)",8.487706859652256,True,38.045082432618585,1.0
49,Q-Learning,V3,"(33, 31)",38.504507627677256,True,1.2177392423228603,1.0
49,Q-Learning,V4,"(8, 88)",33.56122342593862,True,6.802775637731994,1.0
49,Q-Learning,V5,"(61, 65)",9.451421949927717,True,15.681787005729088,3.0
49,Q-Learning,V6,"(54, 89)",2.1307044653795337,True,1.080441152620633,1.0
49,Q-Learning,V7,"(4, 72)",2.7137218098783222,True,18.661556759257053,2.0
49,Q-Learning,V8,"(29, 99)",6.260266229714219,True,19.31707777961327,1.0
49,Q-Learning,V9,"(53, 72)",12.483169429508948,True,27.51292527369999,3.0
49,Q-Learning,V10,"(84, 94)",7.833809621030941,True,4.166190378969059,1.0
50,Greedy,V1,"(57, 56)",2.6754079396630353,True,20.2,1.0
50,Greedy,V2,"(62, 20)",6.887917978921145,True,38.71198873782146,1.0
50,Greedy,V3,"(37, 20)",39.05014688275446,True,0.0,1.0
50,Greedy,V4,"(9, 76)",37.51089958678962,True,0.5773797371132474,1.0
50,Greedy,V5,"(93, 32)",1.1437936337485795,True,20.989415321908226,1.0
50,Greedy,V6,"(38, 72)",3.8766221120144166,False,0.0,2.0
50,Greedy,V7,"(84, 14)",4.713401337180223,True,13.307192465536616,1.0
50,Greedy,V8,"(84, 31)",18.302060463722313,True,5.9259996296076025,1.0
50,Greedy,V9,"(41, 25)",17.67047317437663,True,19.180339887498945,1.0
50,Greedy,V10,"(89, 86)",14.228848824350273,False,0.0,4.0
50,Auction,V1,"(61, 65)",10.143995043372414,True,12.456004956627588,1.0
50,Auction,V2,"(54, 89)",35.12191650447475,True,10.5741429912783,1.0
50,Auction,V3,"(38, 21)",14.97351042181101,True,24.728431359084684,1.0
50,Auction,V4,"(29, 99)",25.260712700986016,True,13.30488611432322,1.0
50,Auction,V5,"(2, 84)",17.063549757372954,True,4.936450242627046,1.0
50,Auction,V6,"(79, 28)",2.119645712930293,True,0.2554733373883664,1.0
50,Auction,V7,"(33, 31)",9.157079086903885,True,9.12460248739346,1.0
50,Auction,V8,"(36, 71)",4.166519874152712,True,20.43276948084663,1.0
50,Auction,V9,"(20, 27)",27.08061875578629,True,9.91547594742265,1.0
50,Auction,V10,"(83, 96)",8.437950064818668,True,2.5620499351813315,1.0
50,Q-Learning,V1,"(36, 71)",23.878131542600126,True,0.0,2.0
50,Q-Learning,V2,"(83, 96)",8.487706859652256,True,37.045082432618585,1.0
50,Q-Learning,V3,"(33, 31)",38.504507627677256,True,0.21773924232286035,1.0
50,Q-Learning,V4,"(8, 88)",33.56122342593862,True,5.802775637731994,1.0
50,Q-Learning,V5,"(61, 65)",9.451421949927717,True,14.681787005729088,3.0
50,Q-Learning,V6,"(54, 89)",2.1307044653795337,True,0.080441152620633,1.0
50,Q-Learning,V7,"(4, 72)",2.7137218098783222,True,17.661556759257053,2.0
50,Q-Learning,V8,"(29, 99)",6.260266229714219,True,18.31707777961327,1.0
50,Q-Learning,V9,"(53, 72)",12.483169429508948,True,26.51292527369999,3.0
50,Q-Learning,V10,"(84, 94)",7.833809621030941,True,3.166190378969059,1.0
51,Greedy,V1,"(57, 56)",2.6754079396630353,True,19.2,1.0
51,Greedy,V2,"(62, 20)",6.887917978921145,True,37.71198873782146,1.0
51,Greedy,V3,"(37, 20)",2.735702879220348,True,35.31444400353411,1.0
51,Greedy,V4,"(9, 76)",37.51089958678962,True,0.0,1.0
51,Greedy,V5,"(93, 32)",1.1437936337485795,True,19.989415321908226,1.0
51,Greedy,V6,"(38, 72)",3.8766221120144166,False,0.0,3.0
51,Greedy,V7,"(84, 14)",4.713401337180223,True,12.307192465536616,1.0
51,Greedy,V8,"(84, 31)",18.302060463722313,True,4.9259996296076025,1.0
51,Greedy,V9,"(41, 25)",17.67047317437663,True,18.180339887498945,1.0
51,Greedy,V10,"(89, 86)",14.228848824350273,False,0.0,5.0
51,Auction,V1,"(61, 65)",10.143995043372414,True,11.456004956627588,1.0
51,Auction,V2,"(54, 89)",35.12191650447475,True,9.5741429912783,1.0
51,Auction,V3,"(38, 21)",14.97351042181101,True,23.728431359084684,1.0
51,Auction,V4,"(29, 99)",25.260712700986016,True,12.30488611432322,1.0
51,Auction,V5,"(2, 84)",17.063549757372954,True,3.9364502426270462,1.0
51,Auction,V6,"(79, 28)",2.119645712930293,True,0.0,1.0
51,Auction,V7,"(33, 31)",9.157079086903885,True,8.12460248739346,1.0
51,Auction,V8,"(36, 71)",4.166519874152712,True,19.43276948084663,1.0
51,Auction,V9,"(20, 27)",27.08061875578629,True,8.91547594742265,1.0
51,Auction,V10,"(83, 96)",8.437950064818668,True,1.5620499351813315,1.0
51,Q-Learning,V1,"(59, 85)",6.492966735465622,True,16.385164807134505,2.0
51,Q-Learning,V2,"(83, 96)",8.487706859652256,True,36.045082432618585,1.0
51,Q-Learning,V3,"(33, 31)",38.504507627677256,True,0.0,1.0
51,Q-Learning,V4,"(8, 88)",33.56122342593862,True,4.802775637731994,1.0
51,Q-Learning,V5,"(61, 65)",9.451421949927717,True,13.681787005729088,3.0
51,Q-Learning,V6,"(54, 89)",2.1307044653795337,True,0.0,1.0
51,Q-Learning,V7,"(4, 72)",2.7137218098783222,True,16.661556759257053,2.0
51,Q-Learning,V8,"(29, 99)",6.260266229714219,True,17.31707777961327,1.0
51,Q-Learning,V9,"(53, 72)",12.483169429508948,True,25.51292527369999,3.0
51,Q-Learning,V10,"(84, 94)",7.833809621030941,True,2.166190378969059,1.0
52,Greedy,V1,"(57, 56)",2.6754079396630353,True,18.2,1.0
52,Greedy,V2,"(62, 20)",6.887917978921145,True,36.71198873782146,1.0
52,Greedy,V3,"(37, 20)",2.735702879220348,True,34.31444400353411,1.0
52,Greedy,V4,"(9, 76)",0.8910242597255333,True,35.619875327064086,1.0
52,Greedy,V5,"(93, 32)",1.1437936337485795,True,18.989415321908226,1.0
52,Greedy,V6,"(38, 72)",3.8766221120144166,False,0.0,4.0
52,Greedy,V7,"(84, 14)",4.713401337180223,True,11.307192465536616,1.0
52,Greedy,V8,"(84, 31)",18.302060463722313,True,3.9259996296076025,1.0
52,Greedy,V9,"(41, 25)",17.67047317437663,True,17.180339887498945,1.0
52,Greedy,V10,"(89, 86)",14.228848824350273,False,0.0,6.0
52,Auction,V1,"(61, 65)",10.143995043372414,True,10.456004956627588,1.0
52,Auction,V2,"(54, 89)",35.12191650447475,True,8.5741429912783,1.0
52,Auction,V3,"(38, 21)",14.97351042181101,True,22.728431359084684,1.0
52,Auction,V4,"(29, 99)",25.260712700986016,True,11.30488611432322,1.0
52,Auction,V5,"(2, 84)",17.063549757372954,True,2.9364502426270462,1.0
52,Auction,V6,"(79, 28)",2.119645712930293,False,0.0,2.0
52,Auction,V7,"(33, 31)",9.157079086903885,True,7.12460248739346,1.0
52,Auction,V8,"(36, 71)",4.166519874152712,True,18.43276948084663,1.0
52,Auction,V9,"(20, 27)",27.08061875578629,True,7.9154759474226495,1.0
52,Auction,V10,"(83, 96)",8.437950064818668,True,0.5620499351813315,1.0
52,Q-Learning,V1,"(59, 85)",6.492966735465622,True,15.385164807134505,2.0
52,Q-Learning,V2,"(83, 96)",8.487706859652256,True,35.045082432618585,1.0
52,Q-Learning,V3,"(38, 21)",6.907316215177406,True,30.59719141249985,1.0
52,Q-Learning,V4,"(8, 88)",33.56122342593862,True,3.802775637731994,1.0
52,Q-Learning,V5,"(61, 65)",9.451421949927717,True,12.681787005729088,3.0
52,Q-Learning,V6,"(54, 89)",2.1307044653795337,False,0.0,2.0
52,Q-Learning,V7,"(4, 72)",2.7137218098783222,True,15.661556759257053,2.0
52,Q-Learning,V8,"(29, 99)",6.260266229714219,True,16.31707777961327,1.0
52,Q-Learning,V9,"(53, 72)",12.483169429508948,True,24.51292527369999,3.0
52,Q-Learning,V10,"(84, 94)",7.833809621030941,True,1.166190378969059,1.0
53,Greedy,V1,"(57, 56)",2.6754079396630353,True,17.2,1.0
53,Greedy,V2,"(62, 20)",6.887917978921145,True,35.71198873782146,1.0
53,Greedy,V3,"(37, 20)",2.735702879220348,True,33.31444400353411,1.0
53,Greedy,V4,"(9, 76)",0.8910242597255333,True,34.619875327064086,1.0
53,Greedy,V5,"(93, 32)",1.1437936337485795,True,17.989415321908226,1.0
53,Greedy,V6,"(38, 72)",3.8766221120144166,False,0.0,5.0
53,Greedy,V7,"(84, 14)",4.713401337180223,True,10.307192465536616,1.0
53,Greedy,V8,"(84, 31)",18.302060463722313,True,2.9259996296076025,1.0
53,Greedy,V9,"(41, 25)",17.67047317437663,True,16.180339887498945,1.0
53,Greedy,V10,"(89, 86)",14.228848824350273,False,0.0,7.0
53,Auction,V1,"(61, 65)",10.143995043372414,True,9.456004956627588,1.0
53,Auction,V2,"(54, 89)",35.12191650447475,True,7.5741429912783005,1.0
53,Auction,V3,"(38, 21)",14.97351042181101,True,21.728431359084684,1.0
53,Auction,V4,"(29, 99)",25.260712700986016,True,10.30488611432322,1.0
53,Auction,V5,"(2, 84)",17.063549757372954,True,1.9364502426270462,1.0
53,Auction,V6,"(79, 28)",2.119645712930293,False,0.0,3.0
53,Auction,V7,"(33, 31)",9.157079086903885,True,6.12460248739346,1.0
53,Auction,V8,"(36, 71)",4.166519874152712,True,17.43276948084663,1.0
53,Auction,V9,"(20, 27)",27.08061875578629,True,6.9154759474226495,1.0
53,Auction,V10,"(83, 96)",8.437950064818668,True,0.0,1.0
53,Q-Learning,V1,"(59, 85)",6.492966735465622,True,14.385164807134505,2.0
53,Q-Learning,V2,"(83, 96)",8.487706859652256,True,34.045082432618585,1.0
53,Q-Learning,V3,"(38, 21)",6.907316215177406,True,29.59719141249985,1.0
53,Q-Learning,V4,"(8, 88)",33.56122342593862,True,2.802775637731994,1.0
53,Q-Learning,V5,"(61, 65)",9.451421949927717,True,11.681787005729088,3.0
53,Q-Learning,V6,"(54, 89)",2.1307044653795337,False,0.0,3.0
53,Q-Learning,V7,"(4, 72)",2.7137218098783222,True,14.661556759257053,2.0
53,Q-Learning,V8,"(29, 99)",6.260266229714219,True,15.317077779613271,1.0
53,Q-Learning,V9,"(53, 72)",12.483169429508948,True,23.51292527369999,3.0
53,Q-Learning,V10,"(84, 94)",7.833809621030941,True,0.16619037896905908,1.0
54,Greedy,V1,"(57, 56)",2.6754079396630353,True,16.2,1.0
54,Greedy,V2,"(62, 20)",6.887917978921145,True,34.71198873782146,1.0
54,Greedy,V3,"(37, 20)",2.735702879220348,True,32.31444400353411,1.0
54,Greedy,V4,"(9, 76)",0.8910242597255333,True,33.619875327064086,1.0
54,Greedy,V5,"(93, 32)",1.1437936337485795,True,16.989415321908226,1.0
54,Greedy,V6,"(38, 72)",3.8766221120144166,False,0.0,6.0
54,Greedy,V7,"(84, 14)",4.713401337180223,True,9.307192465536616,1.0
54,Greedy,V8,"(84, 31)",18.302060463722313,True,1.9259996296076025,1.0
54,Greedy,V9,"(41, 25)",17.67047317437663,True,15.180339887498945,1.0
54,Greedy,V10,"(89, 86)",14.228848824350273,False,0.0,8.0
54,Auction,V1,"(61, 65)",10.143995043372414,True,8.456004956627588,1.0
54,Auction,V2,"(54, 89)",35.12191650447475,True,6.5741429912783005,1.0
54,Auction,V3,"(38, 21)",14.97351042181101,True,20.728431359084684,1.0
54,Auction,V4,"(29, 99)",25.260712700986016,True,9.30488611432322,1.0
54,Auction,V5,"(2, 84)",17.063549757372954,True,0.9364502426270462,1.0
54,Auction,V6,"(79, 28)",2.119645712930293,False,0.0,4.0
54,Auction,V7,"(33, 31)",9.157079086903885,True,5.12460248739346,1.0
54,Auction,V8,"(36, 71)",4.166519874152712,True,16.43276948084663,1.0
54,Auction,V9,"(20, 27)",27.08061875578629,True,5.9154759474226495,1.0
54,Auction,V10,"(83, 96)",8.437950064818668,False,0.0,2.0
54,Q-Learning,V1,"(59, 85)",6.492966735465622,True,13.385164807134505,2.0
54,Q-Learning,V2,"(83, 96)",8.487706859652256,True,33.045082432618585,1.0
54,Q-Learning,V3,"(38, 21)",6.907316215177406,True,28.59719141249985,1.0
54,Q-Learning,V4,"(8, 88)",33.56122342593862,True,1.802775637731994,1.0
54,Q-Learning,V5,"(61, 65)",9.451421949927717,True,10.681787005729088,3.0
54,Q-Learning,V6,"(54, 89)",2.1307044653795337,False,0.0,4.0
54,Q-Learning,V7,"(4, 72)",2.7137218098783222,True,13.661556759257053,2.0
54,Q-Learning,V8,"(29, 99)",6.260266229714219,True,14.317077779613271,1.0
54,Q-Learning,V9,"(53, 72)",12.483169429508948,True,22.51292527369999,3.0
54,Q-Learning,V10,"(84, 94)",7.833809621030941,True,0.0,1.0
55,Greedy,V1,"(57, 56)",2.6754079396630353,True,15.2,1.0
55,Greedy,V2,"(62, 20)",6.887917978921145,True,33.71198873782146,1.0
55,Greedy,V3,"(37, 20)",2.735702879220348,True,31.314444003534113,1.0
55,Greedy,V4,"(9, 76)",0.8910242597255333,True,32.619875327064086,1.0
55,Greedy,V5,"(93, 32)",1.1437936337485795,True,15.989415321908226,1.0
55,Greedy,V6,"(38, 72)",3.8766221120144166,False,0.0,7.0
55,Greedy,V7,"(84, 14)",4.713401337180223,True,8.307192465536616,1.0
55,Greedy,V8,"(84, 31)",18.302060463722313,True,0.9259996296076025,1.0
55,Greedy,V9,"(41, 25)",17.67047317437663,True,14.180339887498945,1.0
55,Greedy,V10,"(89, 86)",14.228848824350273,False,0.0,9.0
55,Auction,V1,"(61, 65)",10.143995043372414,True,7.456004956627588,1.0
55,Auction,V2,"(54, 89)",35.12191650447475,True,5.5741429912783005,1.0
55,Auction,V3,"(38, 21)",14.97351042181101,True,19.728431359084684,1.0
55,Auction,V4,"(29, 99)",25.260712700986016,True,8.30488611432322,1.0
55,Auction,V5,"(2, 84)",17.063549757372954,True,0.0,1.0
55,Auction,V6,"(79, 28)",2.119645712930293,False,0.0,5.0
55,Auction,V7,"(33, 31)",9.157079086903885,True,4.12460248739346,1.0
55,Auction,V8,"(36, 71)",4.166519874152712,True,15.43276948084663,1.0
55,Auction,V9,"(20, 27)",27.08061875578629,True,4.9154759474226495,1.0
55,Auction,V10,"(83, 96)",8.437950064818668,False,0.0,3.0
55,Q-Learning,V1,"(59, 85)",6.492966735465622,True,12.385164807134505,2.0
55,Q-Learning,V2,"(83, 96)",8.487706859652256,True,32.045082432618585,1.0
55,Q-Learning,V3,"(38, 21)",6.907316215177406,True,27.59719141249985,1.0
55,Q-Learning,V4,"(8, 88)",33.56122342593862,True,0.8027756377319939,1.0
55,Q-Learning,V5,"(61, 65)",9.451421949927717,True,9.681787005729088,3.0
55,Q-Learning,V6,"(54, 89)",2.1307044653795337,False,0.0,5.0
55,Q-Learning,V7,"(4, 72)",2.7137218098783222,True,12.661556759257053,2.0
55,Q-Learning,V8,"(29, 99)",6.260266229714219,True,13.317077779613271,1.0
55,Q-Learning,V9,"(53, 72)",12.483169429508948,True,21.51292527369999,3.0
55,Q-Learning,V10,"(84, 94)",7.833809621030941,False,0.0,2.0
56,Greedy,V1,"(57, 56)",2.6754079396630353,True,14.2,1.0
56,Greedy,V2,"(62, 20)",6.887917978921145,True,32.71198873782146,1.0
56,Greedy,V3,"(37, 20)",2.735702879220348,True,30.314444003534113,1.0
56,Greedy,V4,"(9, 76)",0.8910242597255333,True,31.619875327064086,1.0
56,Greedy,V5,"(93, 32)",1.1437936337485795,True,14.989415321908226,1.0
56,Greedy,V6,"(38, 72)",3.8766221120144166,False,0.0,8.0
56,Greedy,V7,"(84, 14)",4.713401337180223,True,7.307192465536616,1.0
56,Greedy,V8,"(84, 31)",18.302060463722313,True,0.0,1.0
56,Greedy,V9,"(41, 25)",17.67047317437663,True,13.180339887498945,1.0
56,Greedy,V10,"(89, 86)",14.228848824350273,False,0.0,10.0
56,Auction,V1,"(61, 65)",10.143995043372414,True,6.456004956627588,1.0
56,Auction,V2,"(54, 89)",35.12191650447475,True,4.5741429912783005,1.0
56,Auction,V3,"(38, 21)",14.97351042181101,True,18.728431359084684,1.0
56,Auction,V4,"(29, 99)",25.260712700986016,True,7.304886114323221,1.0
56,Auction,V5,"(8, 88)",0.6598489070636262,True,15.403700850309328,1.0
56,Auction,V6,"(79, 28)",2.119645712930293,False,0.0,6.0
56,Auction,V7,"(33, 31)",9.157079086903885,True,3.12460248739346,1.0
56,Auction,V8,"(36, 71)",4.166519874152712,True,14.43276948084663,1.0
56,Auction,V9,"(20, 27)",27.08061875578629,True,3.9154759474226495,1.0
56,Auction,V10,"(83, 96)",8.437950064818668,False,0.0,4.0
56,Q-Learning,V1,"(59, 85)",6.492966735465622,True,11.385164807134505,2.0
56,Q-Learning,V2,"(83, 96)",8.487706859652256,True,31.045082432618585,1.0
56,Q-Learning,V3,"(38, 21)",6.907316215177406,True,26.59719141249985,1.0
56,Q-Learning,V4,"(8, 88)",33.56122342593862,True,0.0,1.0
56,Q-Learning,V5,"(61, 65)",9.451421949927717,True,8.681787005729088,3.0
56,Q-Learning,V6,"(54, 89)",2.1307044653795337,False,0.0,6.0
56,Q-Learning,V7,"(4, 72)",2.7137218098783222,True,11.661556759257053,2.0
56,Q-Learning,V8,"(29, 99)",6.260266229714219,True,12.317077779613271,1.0
56,Q-Learning,V9,"(53, 72)",12.483169429508948,True,20.51292527369999,3.0
56,Q-Learning,V10,"(84, 94)",7.833809621030941,False,0.0,3.0
57,Greedy,V1,"(57, 56)",2.6754079396630353,True,13.2,1.0
57,Greedy,V2,"(62, 20)",6.887917978921145,True,31.711988737821457,1.0
57,Greedy,V3,"(37, 20)",2.735702879220348,True,29.314444003534113,1.0
57,Greedy,V4,"(9, 76)",0.8910242597255333,True,30.619875327064086,1.0
57,Greedy,V5,"(93, 32)",1.1437936337485795,True,13.989415321908226,1.0
57,Greedy,V6,"(38, 72)",3.8766221120144166,False,0.0,9.0
57,Greedy,V7,"(84, 14)",4.713401337180223,True,6.307192465536616,1.0
57,Greedy,V8,"(84, 31)",2.8528000344659024,True,14.44926042925641,1.0
57,Greedy,V9,"(41, 25)",17.67047317437663,True,12.180339887498945,1.0
57,Greedy,V10,"(89, 86)",14.228848824350273,False,0.0,11.0
57,Auction,V1,"(61, 65)",10.143995043372414,True,5.456004956627588,1.0
57,Auction,V2,"(54, 89)",35.12191650447475,True,3.5741429912783005,1.0
57,Auction,V3,"(38, 21)",14.97351042181101,True,17.728431359084684,1.0
57,Auction,V4,"(29, 99)",25.260712700986016,True,6.304886114323221,1.0
57,Auction,V5,"(8, 88)",0.6598489070636262,True,14.403700850309328,1.0
57,Auction,V6,"(79, 28)",2.119645712930293,False,0.0,7.0
57,Auction,V7,"(33, 31)",9.157079086903885,True,2.12460248739346,1.0
57,Auction,V8,"(36, 71)",4.166519874152712,True,13.43276948084663,1.0
57,Auction,V9,"(20, 27)",27.08061875578629,True,2.9154759474226495,1.0
57,Auction,V10,"(83, 96)",8.437950064818668,False,0.0,5.0
57,Q-Learning,V1,"(59, 85)",6.492966735465622,True,10.385164807134505,2.0
57,Q-Learning,V2,"(83, 96)",8.487706859652256,True,30.045082432618585,1.0
57,Q-Learning,V3,"(38, 21)",6.907316215177406,True,25.59719141249985,1.0
57,Q-Learning,V4,"(8, 68)",10.561223425938621,True,22.0,1.0
57,Q-Learning,V5,"(61, 65)",9.451421949927717,True,7.681787005729088,3.0
57,Q-Learning,V6,"(54, 89)",2.1307044653795337,False,0.0,7.0
57,Q-Learning,V7,"(4, 72)",2.7137218098783222,True,10.661556759257053,2.0
57,Q-Learning,V8,"(29, 99)",6.260266229714219,True,11.317077779613271,1.0
57,Q-Learning,V9,"(53, 72)",12.483169429508948,True,19.51292527369999,3.0
57,Q-Learning,V10,"(84, 94)",7.833809621030941,False,0.0,4.0
58,Greedy,V1,"(57, 56)",2.6754079396630353,True,12.2,1.0
58,Greedy,V2,"(62, 20)",6.887917978921145,True,30.711988737821457,1.0
58,Greedy,V3,"(37, 20)",2.735702879220348,True,28.314444003534113,1.0
58,Greedy,V4,"(9, 76)",0.8910242597255333,True,29.619875327064086,1.0
58,Greedy,V5,"(93, 32)",1.1437936337485795,True,12.989415321908226,1.0
58,Greedy,V6,"(38, 72)",3.8766221120144166,False,0.0,10.0
58,Greedy,V7,"(84, 14)",4.713401337180223,True,5.307192465536616,1.0
58,Greedy,V8,"(84, 31)",2.8528000344659024,True,13.44926042925641,1.0
58,Greedy,V9,"(41, 25)",17.67047317437663,True,11.180339887498945,1.0
58,Greedy,V10,"(89, 86)",14.228848824350273,False,0.0,12.0
58,Auction,V1,"(61, 65)",10.143995043372414,True,4.456004956627588,1.0
58,Auction,V2,"(54, 89)",35.12191650447475,True,2.5741429912783005,1.0
58,Auction,V3,"(38, 21)",14.97351042181101,True,16.728431359084684,1.0
58,Auction,V4,"(29, 99)",25.260712700986016,True,5.304886114323221,1.0
58,Auction,V5,"(8, 88)",0.6598489070636262,True,13.403700850309328,1.0
58,Auction,V6,"(79, 28)",2.119645712930293,False,0.0,8.0
58,Auction,V7,"(33, 31)",9.157079086903885,True,1.1246024873934601,1.0
58,Auction,V8,"(36, 71)",4.166519874152712,True,12.43276948084663,1.0
58,Auction,V9,"(20, 27)",27.08061875578629,True,1.9154759474226495,1.0
58,Auction,V10,"(83, 96)",8.437950064818668,False,0.0,6.0
58,Q-Learning,V1,"(59, 85)",6.492966735465622,True,9.385164807134505,2.0
58,Q-Learning,V2,"(83, 96)",8.487706859652256,True,29.045082432618585,1.0
58,Q-Learning,V3,"(38, 21)",6.907316215177406,True,24.59719141249985,1.0
58,Q-Learning,V4,"(8, 68)",10.561223425938621,True,21.0,1.0
58,Q-Learning,V5,"(61, 65)",9.451421949927717,True,6.681787005729088,3.0
58,Q-Learning,V6,"(54, 89)",2.1307044653795337,False,0.0,8.0
58,Q-Learning,V7,"(4, 72)",2.7137218098783222,True,9.661556759257053,2.0
58,Q-Learning,V8,"(29, 99)",6.260266229714219,True,10.317077779613271,1.0
58,Q-Learning,V9,"(53, 72)",12.483169429508948,True,18.51292527369999,3.0
58,Q-Learning,V10,"(84, 94)",7.833809621030941,False,0.0,5.0
59,Greedy,V1,"(57, 56)",2.6754079396630353,True,11.2,1.0
59,Greedy,V2,"(62, 20)",6.887917978921145,True,29.711988737821457,1.0
59,Greedy,V3,"(37, 20)",2.735702879220348,True,27.314444003534113,1.0
59,Greedy,V4,"(9, 76)",0.8910242597255333,True,28.619875327064086,1.0
59,Greedy,V5,"(93, 32)",1.1437936337485795,True,11.989415321908226,1.0
59,Greedy,V6,"(38, 72)",3.8766221120144166,False,0.0,11.0
59,Greedy,V7,"(84, 14)",4.713401337180223,True,4.307192465536616,1.0
59,Greedy,V8,"(84, 31)",2.8528000344659024,True,12.44926042925641,1.0
59,Greedy,V9,"(41, 25)",17.67047317437663,True,10.180339887498945,1.0
59,Greedy,V10,"(89, 86)",14.228848824350273,False,0.0,13.0
59,Auction,V1,"(61, 65)",10.143995043372414,True,3.456004956627588,1.0
59,Auction,V2,"(54, 89)",35.12191650447475,True,1.5741429912783005,1.0
59,Auction,V3,"(38, 21)",14.97351042181101,True,15.728431359084684,1.0
59,Auction,V4,"(29, 99)",25.260712700986016,True,4.304886114323221,1.0
59,Auction,V5,"(8, 88)",0.6598489070636262,True,12.403700850309328,1.0
59,Auction,V6,"(79, 28)",2.119645712930293,False,0.0,9.0
59,Auction,V7,"(33, 31)",9.157079086903885,True,0.12460248739346014,1.0
59,Auction,V8,"(36, 71)",4.166519874152712,True,11.43276948084663,1.0
59,Auction,V9,"(20, 27)",27.08061875578629,True,0.9154759474226495,1.0
59,Auction,V10,"(83, 96)",8.437950064818668,False,0.0,7.0
59,Q-Learning,V1,"(59, 85)",6.492966735465622,True,8.385164807134505,2.0
59,Q-Learning,V2,"(83, 96)",8.487706859652256,True,28.045082432618585,1.0
59,Q-Learning,V3,"(38, 21)",6.907316215177406,True,23.59719141249985,1.0
59,Q-Learning,V4,"(8, 68)",10.561223425938621,True,20.0,1.0
59,Q-Learning,V5,"(61, 65)",9.451421949927717,True,5.681787005729088,3.0
59,Q-Learning,V6,"(54, 89)",2.1307044653795337,False,0.0,9.0
59,Q-Learning,V7,"(4, 72)",2.7137218098783222,True,8.661556759257053,2.0
59,Q-Learning,V8,"(29, 99)",6.260266229714219,True,9.317077779613271,1.0
59,Q-Learning,V9,"(53, 72)",12.483169429508948,True,17.51292527369999,3.0
59,Q-Learning,V10,"(84, 94)",7.833809621030941,False,0.0,6.0
60,Greedy,V1,"(57, 56)",2.6754079396630353,True,10.2,1.0
60,Greedy,V2,"(62, 20)",6.887917978921145,True,28.711988737821457,1.0
60,Greedy,V3,"(37, 20)",2.735702879220348,True,26.314444003534113,1.0
60,Greedy,V4,"(9, 76)",0.8910242597255333,True,27.619875327064086,1.0
60,Greedy,V5,"(93, 32)",1.1437936337485795,True,10.989415321908226,1.0
60,Greedy,V6,"(38, 72)",3.8766221120144166,False,0.0,12.0
60,Greedy,V7,"(84, 14)",4.713401337180223,True,3.307192465536616,1.0
60,Greedy,V8,"(84, 31)",2.8528000344659024,True,11.44926042925641,1.0
60,Greedy,V9,"(41, 25)",17.67047317437663,True,9.180339887498945,1.0
60,Greedy,V10,"(89, 86)",14.228848824350273,False,0.0,14.0
60,Auction,V1,"(61, 65)",10.143995043372414,True,2.456004956627588,1.0
60,Auction,V2,"(54, 89)",35.12191650447475,True,0.5741429912783005,1.0
60,Auction,V3,"(38, 21)",14.97351042181101,True,14.728431359084684,1.0
60,Auction,V4,"(29, 99)",25.260712700986016,True,3.304886114323221,1.0
60,Auction,V5,"(8, 88)",0.6598489070636262,True,11.403700850309328,1.0
60,Auction,V6,"(79, 28)",2.119645712930293,False,0.0,10.0
60,Auction,V7,"(33, 31)",9.157079086903885,True,0.0,1.0
60,Auction,V8,"(36, 71)",4.166519874152712,True,10.43276948084663,1.0
60,Auction,V9,"(20, 27)",27.08061875578629,True,0.0,1.0
60,Auction,V10,"(83, 96)",8.437950064818668,False,0.0,8.0
60,Q-Learning,V1,"(59, 85)",6.492966735465622,True,7.385164807134505,2.0
60,Q-Learning,V2,"(83, 96)",8.487706859652256,True,27.045082432618585,1.0
60,Q-Learning,V3,"(38, 21)",6.907316215177406,True,22.59719141249985,1.0
60,Q-Learning,V4,"(8, 68)",10.561223425938621,True,19.0,1.0
60,Q-Learning,V5,"(61, 65)",9.451421949927717,True,4.681787005729088,3.0
60,Q-Learning,V6,"(54, 89)",2.1307044653795337,False,0.0,10.0
60,Q-Learning,V7,"(4, 72)",2.7137218098783222,True,7.661556759257053,2.0
60,Q-Learning,V8,"(29, 99)",6.260266229714219,True,8.317077779613271,1.0
60,Q-Learning,V9,"(53, 72)",12.483169429508948,True,16.51292527369999,3.0
60,Q-Learning,V10,"(84, 94)",7.833809621030941,False,0.0,7.0
61,Greedy,V1,"(57, 56)",2.6754079396630353,True,9.2,1.0
61,Greedy,V2,"(62, 20)",6.887917978921145,True,27.711988737821457,1.0
61,Greedy,V3,"(37, 20)",2.735702879220348,True,25.314444003534113,1.0
61,Greedy,V4,"(9, 76)",0.8910242597255333,True,26.619875327064086,1.0
61,Greedy,V5,"(93, 32)",1.1437936337485795,True,9.989415321908226,1.0
61,Greedy,V6,"(38, 72)",3.8766221120144166,False,0.0,13.0
61,Greedy,V7,"(84, 14)",4.713401337180223,True,2.307192465536616,1.0
61,Greedy,V8,"(84, 31)",2.8528000344659024,True,10.44926042925641,1.0
61,Greedy,V9,"(41, 25)",17.67047317437663,True,8.180339887498945,1.0
61,Greedy,V10,"(89, 86)",14.228848824350273,False,0.0,15.0
61,Auction,V1,"(61, 65)",10.143995043372414,True,1.4560049566275879,1.0
61,Auction,V2,"(54, 89)",35.12191650447475,True,0.0,1.0
61,Auction,V3,"(38, 21)",14.97351042181101,True,13.728431359084684,1.0
61,Auction,V4,"(29, 99)",25.260712700986016,True,2.304886114323221,1.0
61,Auction,V5,"(8, 88)",0.6598489070636262,True,10.403700850309328,1.0
61,Auction,V6,"(79, 28)",2.119645712930293,False,0.0,11.0
61,Auction,V7,"(33, 31)",9.157079086903885,False,0.0,2.0
61,Auction,V8,"(36, 71)",4.166519874152712,True,9.43276948084663,1.0
61,Auction,V9,"(13, 11)",3.714556456643045,True,22.366062299143245,1.0
61,Auction,V10,"(83, 96)",8.437950064818668,False,0.0,9.0
61,Q-Learning,V1,"(59, 85)",6.492966735465622,True,6.385164807134505,2.0
61,Q-Learning,V2,"(83, 96)",8.487706859652256,True,26.045082432618585,1.0
61,Q-Learning,V3,"(38, 21)",6.907316215177406,True,21.59719141249985,1.0
61,Q-Learning,V4,"(8, 68)",10.561223425938621,True,18.0,1.0
61,Q-Learning,V5,"(61, 65)",9.451421949927717,True,3.6817870057290882,3.0
61,Q-Learning,V6,"(54, 89)",2.1307044653795337,False,0.0,11.0
61,Q-Learning,V7,"(4, 72)",2.7137218098783222,True,6.661556759257053,2.0
61,Q-Learning,V8,"(29, 99)",6.260266229714219,True,7.317077779613271,1.0
61,Q-Learning,V9,"(53, 72)",12.483169429508948,True,15.512925273699992,3.0
61,Q-Learning,V10,"(84, 94)",7.833809621030941,False,0.0,8.0
62,Greedy,V1,"(57, 56)",2.6754079396630353,True,8.2,1.0
62,Greedy,V2,"(62, 20)",6.887917978921145,True,26.711988737821457,1.0
62,Greedy,V3,"(37, 20)",2.735702879220348,True,24.314444003534113,1.0
62,Greedy,V4,"(9, 76)",0.8910242597255333,True,25.619875327064086,1.0
62,Greedy,V5,"(93, 32)",1.1437936337485795,True,8.989415321908226,1.0
62,Greedy,V6,"(38, 72)",3.8766221120144166,False,0.0,14.0
62,Greedy,V7,"(84, 14)",4.713401337180223,True,1.307192465536616,1.0
62,Greedy,V8,"(84, 31)",2.8528000344659024,True,9.44926042925641,1.0
62,Greedy,V9,"(41, 25)",17.67047317437663,True,7.1803398874989455,1.0
62,Greedy,V10,"(89, 86)",14.228848824350273,False,0.0,16.0
62,Auction,V1,"(61, 65)",10.143995043372414,True,0.4560049566275879,1.0
62,Auction,V2,"(59, 85)",21.521135445116535,True,12.600781059358212,1.0
62,Auction,V3,"(38, 21)",14.97351042181101,True,12.728431359084684,1.0
62,Auction,V4,"(29, 99)",25.260712700986016,True,1.3048861143232209,1.0
62,Auction,V5,"(8, 88)",0.6598489070636262,True,9.403700850309328,1.0
62,Auction,V6,"(79, 28)",2.119645712930293,False,0.0,12.0
62,Auction,V7,"(33, 31)",9.157079086903885,False,0.0,3.0
62,Auction,V8,"(36, 71)",4.166519874152712,True,8.43276948084663,1.0
62,Auction,V9,"(13, 11)",3.714556456643045,True,21.366062299143245,1.0
62,Auction,V10,"(83, 96)",8.437950064818668,False,0.0,10.0
62,Q-Learning,V1,"(59, 85)",6.492966735465622,True,5.385164807134505,2.0
62,Q-Learning,V2,"(83, 96)",8.487706859652256,True,25.045082432618585,1.0
62,Q-Learning,V3,"(38, 21)",6.907316215177406,True,20.59719141249985,1.0
62,Q-Learning,V4,"(8, 68)",10.561223425938621,True,17.0,1.0
62,Q-Learning,V5,"(61, 65)",9.451421949927717,True,2.6817870057290882,3.0
62,Q-Learning,V6,"(54, 89)",2.1307044653795337,False,0.0,12.0
62,Q-Learning,V7,"(4, 72)",2.7137218098783222,True,5.661556759257053,2.0
62,Q-Learning,V8,"(29, 99)",6.260266229714219,True,6.317077779613271,1.0
62,Q-Learning,V9,"(53, 72)",12.483169429508948,True,14.512925273699992,3.0
62,Q-Learning,V10,"(84, 94)",7.833809621030941,False,0.0,9.0
63,Greedy,V1,"(57, 56)",2.6754079396630353,True,7.199999999999999,1.0
63,Greedy,V2,"(62, 20)",6.887917978921145,True,25.711988737821457,1.0
63,Greedy,V3,"(37, 20)",2.735702879220348,True,23.314444003534113,1.0
63,Greedy,V4,"(9, 76)",0.8910242597255333,True,24.619875327064086,1.0
63,Greedy,V5,"(93, 32)",1.1437936337485795,True,7.989415321908226,1.0
63,Greedy,V6,"(38, 72)",3.8766221120144166,False,0.0,15.0
63,Greedy,V7,"(84, 14)",4.713401337180223,True,0.30719246553661606,1.0
63,Greedy,V8,"(84, 31)",2.8528000344659024,True,8.44926042925641,1.0
63,Greedy,V9,"(41, 25)",17.67047317437663,True,6.1803398874989455,1.0
63,Greedy,V10,"(89, 86)",14.228848824350273,False,0.0,17.0
63,Auction,V1,"(61, 65)",10.143995043372414,True,0.0,1.0
63,Auction,V2,"(59, 85)",21.521135445116535,True,11.600781059358212,1.0
63,Auction,V3,"(38, 21)",14.97351042181101,True,11.728431359084684,1.0
63,Auction,V4,"(29, 99)",25.260712700986016,True,0.3048861143232209,1.0
63,Auction,V5,"(8, 88)",0.6598489070636262,True,8.403700850309328,1.0
63,Auction,V6,"(79, 28)",2.119645712930293,False,0.0,13.0
63,Auction,V7,"(33, 31)",9.157079086903885,False,0.0,4.0
63,Auction,V8,"(36, 71)",4.166519874152712,True,7.4327694808466305,1.0
63,Auction,V9,"(13, 11)",3.714556456643045,True,20.366062299143245,1.0
63,Auction,V10,"(83, 96)",8.437950064818668,False,0.0,11.0
63,Q-Learning,V1,"(59, 85)",6.492966735465622,True,4.385164807134505,2.0
63,Q-Learning,V2,"(83, 96)",8.487706859652256,True,24.045082432618585,1.0
63,Q-Learning,V3,"(38, 21)",6.907316215177406,True,19.59719141249985,1.0
63,Q-Learning,V4,"(8, 68)",10.561223425938621,True,16.0,1.0
63,Q-Learning,V5,"(61, 65)",9.451421949927717,True,1.6817870057290882,3.0
63,Q-Learning,V6,"(54, 89)",2.1307044653795337,False,0.0,13.0
63,Q-Learning,V7,"(4, 72)",2.7137218098783222,True,4.661556759257053,2.0
63,Q-Learning,V8,"(29, 99)",6.260266229714219,True,5.317077779613271,1.0
63,Q-Learning,V9,"(53, 72)",12.483169429508948,True,13.512925273699992,3.0
63,Q-Learning,V10,"(84, 94)",7.833809621030941,False,0.0,10.0
64,Greedy,V1,"(57, 56)",2.6754079396630353,True,6.199999999999999,1.0
64,Greedy,V2,"(62, 20)",6.887917978921145,True,24.711988737821457,1.0
64,Greedy,V3,"(37, 20)",2.735702879220348,True,22.314444003534113,1.0
64,Greedy,V4,"(9, 76)",0.8910242597255333,True,23.619875327064086,1.0
64,Greedy,V5,"(93, 32)",1.1437936337485795,True,6.989415321908226,1.0
64,Greedy,V6,"(38, 72)",3.8766221120144166,False,0.0,16.0
64,Greedy,V7,"(84, 14)",4.713401337180223,True,0.0,1.0
64,Greedy,V8,"(84, 31)",2.8528000344659024,True,7.449260429256411,1.0
64,Greedy,V9,"(41, 25)",17.67047317437663,True,5.1803398874989455,1.0
64,Greedy,V10,"(89, 86)",14.228848824350273,False,0.0,18.0
64,Auction,V1,"(61, 65)",10.143995043372414,False,0.0,2.0
64,Auction,V2,"(59, 85)",21.521135445116535,True,10.600781059358212,1.0
64,Auction,V3,"(38, 21)",14.97351042181101,True,10.728431359084684,1.0
64,Auction,V4,"(29, 99)",25.260712700986016,True,0.0,1.0
64,Auction,V5,"(8, 88)",0.6598489070636262,True,7.403700850309328,1.0
64,Auction,V6,"(79, 28)",2.119645712930293,False,0.0,14.0
64,Auction,V7,"(33, 31)",9.157079086903885,False,0.0,5.0
64,Auction,V8,"(36, 71)",4.166519874152712,True,6.4327694808466305,1.0
64,Auction,V9,"(13, 11)",3.714556456643045,True,19.366062299143245,1.0
64,Auction,V10,"(83, 96)",8.437950064818668,False,0.0,12.0
64,Q-Learning,V1,"(59, 85)",6.492966735465622,True,3.3851648071345046,2.0
64,Q-Learning,V2,"(83, 96)",8.487706859652256,True,23.045082432618585,1.0
64,Q-Learning,V3,"(38, 21)",6.907316215177406,True,18.59719141249985,1.0
64,Q-Learning,V4,"(8, 68)",10.561223425938621,True,15.0,1.0
64,Q-Learning,V5,"(61, 65)",9.451421949927717,True,0.6817870057290882,3.0
64,Q-Learning,V6,"(54, 89)",2.1307044653795337,False,0.0,14.0
64,Q-Learning,V7,"(4, 72)",2.7137218098783222,True,3.661556759257053,2.0
64,Q-Learning,V8,"(29, 99)",6.260266229714219,True,4.317077779613271,1.0
64,Q-Learning,V9,"(53, 72)",12.483169429508948,True,12.512925273699992,3.0
64,Q-Learning,V10,"(84, 94)",7.833809621030941,False,0.0,11.0
65,Greedy,V1,"(57, 56)",2.6754079396630353,True,5.199999999999999,1.0
65,Greedy,V2,"(62, 20)",6.887917978921145,True,23.711988737821457,1.0
65,Greedy,V3,"(37, 20)",2.735702879220348,True,21.314444003534113,1.0
65,Greedy,V4,"(9, 76)",0.8910242597255333,True,22.619875327064086,1.0
65,Greedy,V5,"(93, 32)",1.1437936337485795,True,5.989415321908226,1.0
65,Greedy,V6,"(38, 72)",3.8766221120144166,False,0.0,17.0
65,Greedy,V7,"(84, 14)",4.713401337180223,False,0.0,2.0
65,Greedy,V8,"(84, 31)",2.8528000344659024,True,6.449260429256411,1.0
65,Greedy,V9,"(41, 25)",17.67047317437663,True,4.1803398874989455,1.0
65,Greedy,V10,"(89, 86)",14.228848824350273,False,0.0,19.0
65,Auction,V1,"(61, 65)",10.143995043372414,False,0.0,3.0
65,Auction,V2,"(59, 85)",21.521135445116535,True,9.600781059358212,1.0
65,Auction,V3,"(38, 21)",14.97351042181101,True,9.728431359084684,1.0
65,Auction,V4,"(4, 72)",3.061527954498967,True,21.19918474648705,1.0
65,Auction,V5,"(8, 88)",0.6598489070636262,True,6.403700850309328,1.0
65,Auction,V6,"(79, 28)",2.119645712930293,False,0.0,15.0
65,Auction,V7,"(33, 31)",9.157079086903885,False,0.0,6.0
65,Auction,V8,"(36, 71)",4.166519874152712,True,5.4327694808466305,1.0
65,Auction,V9,"(13, 11)",3.714556456643045,True,18.366062299143245,1.0
65,Auction,V10,"(83, 96)",8.437950064818668,False,0.0,13.0
65,Q-Learning,V1,"(59, 85)",6.492966735465622,True,2.3851648071345046,2.0
65,Q-Learning,V2,"(83, 96)",8.487706859652256,True,22.045082432618585,1.0
65,Q-Learning,V3,"(38, 21)",6.907316215177406,True,17.59719141249985,1.0
65,Q-Learning,V4,"(8, 68)",10.561223425938621,True,14.0,1.0
65,Q-Learning,V5,"(61, 65)",9.451421949927717,True,0.0,3.0
65,Q-Learning,V6,"(54, 89)",2.1307044653795337,False,0.0,15.0
65,Q-Learning,V7,"(4, 72)",2.7137218098783222,True,2.661556759257053,2.0
65,Q-Learning,V8,"(29, 99)",6.260266229714219,True,3.317077779613271,1.0
65,Q-Learning,V9,"(53, 72)",12.483169429508948,True,11.512925273699992,3.0
65,Q-Learning,V10,"(84, 94)",7.833809621030941,False,0.0,12.0
66,Greedy,V1,"(57, 56)",2.6754079396630353,True,4.199999999999999,1.0
66,Greedy,V2,"(62, 20)",6.887917978921145,True,22.711988737821457,1.0
66,Greedy,V3,"(37, 20)",2.735702879220348,True,20.314444003534113,1.0
66,Greedy,V4,"(9, 76)",0.8910242597255333,True,21.619875327064086,1.0
66,Greedy,V5,"(93, 32)",1.1437936337485795,True,4.989415321908226,1.0
66,Greedy,V6,"(38, 72)",3.8766221120144166,False,0.0,18.0
66,Greedy,V7,"(84, 14)",4.713401337180223,False,0.0,3.0
66,Greedy,V8,"(84, 31)",2.8528000344659024,True,5.449260429256411,1.0
66,Greedy,V9,"(41, 25)",17.67047317437663,True,3.1803398874989455,1.0
66,Greedy,V10,"(89, 86)",14.228848824350273,False,0.0,20.0
66,Auction,V1,"(61, 65)",10.143995043372414,False,0.0,4.0
66,Auction,V2,"(59, 85)",21.521135445116535,True,8.600781059358212,1.0
66,Auction,V3,"(38, 21)",14.97351042181101,True,8.728431359084684,1.0
66,Auction,V4,"(4, 72)",3.061527954498967,True,20.19918474648705,1.0
66,Auction,V5,"(8, 88)",0.6598489070636262,True,5.403700850309328,1.0
66,Auction,V6,"(79, 28)",2.119645712930293,False,0.0,16.0
66,Auction,V7,"(33, 31)",9.157079086903885,False,0.0,7.0
66,Auction,V8,"(36, 71)",4.166519874152712,True,4.4327694808466305,1.0
66,Auction,V9,"(13, 11)",3.714556456643045,True,17.366062299143245,1.0
66,Auction,V10,"(83, 96)",8.437950064818668,False,0.0,14.0
66,Q-Learning,V1,"(59, 85)",6.492966735465622,True,1.3851648071345046,2.0
66,Q-Learning,V2,"(83, 96)",8.487706859652256,True,21.045082432618585,1.0
66,Q-Learning,V3,"(38, 21)",6.907316215177406,True,16.59719141249985,1.0
66,Q-Learning,V4,"(8, 68)",10.561223425938621,True,13.0,1.0
66,Q-Learning,V5,"(61, 65)",9.451421949927717,False,0.0,4.0
66,Q-Learning,V6,"(54, 89)",2.1307044653795337,False,0.0,16.0
66,Q-Learning,V7,"(4, 72)",2.7137218098783222,True,1.6615567592570528,2.0
66,Q-Learning,V8,"(29, 99)",6.260266229714219,True,2.317077779613271,1.0
66,Q-Learning,V9,"(53, 72)",12.483169429508948,True,10.512925273699992,3.0
66,Q-Learning,V10,"(84, 94)",7.833809621030941,False,0.0,13.0
67,Greedy,V1,"(57, 56)",2.6754079396630353,True,3.1999999999999993,1.0
67,Greedy,V2,"(62, 20)",6.887917978921145,True,21.711988737821457,1.0
67,Greedy,V3,"(37, 20)",2.735702879220348,True,19.314444003534113,1.0
67,Greedy,V4,"(9, 76)",0.8910242597255333,True,20.619875327064086,1.0
67,Greedy,V5,"(93, 32)",1.1437936337485795,True,3.9894153219082256,1.0
67,Greedy,V6,"(38, 72)",3.8766221120144166,False,0.0,19.0
67,Greedy,V7,"(84, 14)",4.713401337180223,False,0.0,4.0
67,Greedy,V8,"(84, 31)",2.8528000344659024,True,4.449260429256411,1.0
67,Greedy,V9,"(41, 25)",17.67047317437663,True,2.1803398874989455,1.0
67,Greedy,V10,"(89, 86)",14.228848824350273,False,0.0,21.0
67,Auction,V1,"(61, 65)",10.143995043372414,False,0.0,5.0
67,Auction,V2,"(59, 85)",21.521135445116535,True,7.600781059358212,1.0
67,Auction,V3,"(38, 21)",14.97351042181101,True,7.728431359084684,1.0
67,Auction,V4,"(4, 72)",3.061527954498967,True,19.19918474648705,1.0
67,Auction,V5,"(8, 88)",0.6598489070636262,True,4.403700850309328,1.0
67,Auction,V6,"(79, 28)",2.119645712930293,False,0.0,17.0
67,Auction,V7,"(33, 31)",9.157079086903885,False,0.0,8.0
67,Auction,V8,"(36, 71)",4.166519874152712,True,3.4327694808466305,1.0
67,Auction,V9,"(13, 11)",3.714556456643045,True,16.366062299143245,1.0
67,Auction,V10,"(83, 96)",8.437950064818668,False,0.0,15.0
67,Q-Learning,V1,"(59, 85)",6.492966735465622,True,0.3851648071345046,2.0
67,Q-Learning,V2,"(83, 96)",8.487706859652256,True,20.045082432618585,1.0
67,Q-Learning,V3,"(38, 21)",6.907316215177406,True,15.59719141249985,1.0
67,Q-Learning,V4,"(8, 68)",10.561223425938621,True,12.0,1.0
67,Q-Learning,V5,"(61, 65)",9.451421949927717,False,0.0,5.0
67,Q-Learning,V6,"(54, 89)",2.1307044653795337,False,0.0,17.0
67,Q-Learning,V7,"(4, 72)",2.7137218098783222,True,0.6615567592570528,2.0
67,Q-Learning,V8,"(29, 99)",6.260266229714219,True,1.317077779613271,1.0
67,Q-Learning,V9,"(53, 72)",12.483169429508948,True,9.512925273699992,3.0
67,Q-Learning,V10,"(84, 94)",7.833809621030941,False,0.0,14.0
68,Greedy,V1,"(57, 56)",2.6754079396630353,True,2.1999999999999993,1.0
68,Greedy,V2,"(62, 20)",6.887917978921145,True,20.711988737821457,1.0
68,Greedy,V3,"(37, 20)",2.735702879220348,True,18.314444003534113,1.0
68,Greedy,V4,"(9, 76)",0.8910242597255333,True,19.619875327064086,1.0
68,Greedy,V5,"(93, 32)",1.1437936337485795,True,2.9894153219082256,1.0
68,Greedy,V6,"(38, 72)",3.8766221120144166,False,0.0,20.0
68,Greedy,V7,"(84, 14)",4.713401337180223,False,0.0,5.0
68,Greedy,V8,"(84, 31)",2.8528000344659024,True,3.4492604292564106,1.0
68,Greedy,V9,"(41, 25)",17.67047317437663,True,1.1803398874989455,1.0
68,Greedy,V10,"(89, 86)",14.228848824350273,False,0.0,22.0
68,Auction,V1,"(61, 65)",10.143995043372414,False,0.0,6.0
68,Auction,V2,"(59, 85)",21.521135445116535,True,6.600781059358212,1.0
68,Auction,V3,"(38, 21)",14.97351042181101,True,6.728431359084684,1.0
68,Auction,V4,"(4, 72)",3.061527954498967,True,18.19918474648705,1.0
68,Auction,V5,"(8, 88)",0.6598489070636262,True,3.4037008503093276,1.0
68,Auction,V6,"(79, 28)",2.119645712930293,False,0.0,18.0
68,Auction,V7,"(33, 31)",9.157079086903885,False,0.0,9.0
68,Auction,V8,"(36, 71)",4.166519874152712,True,2.4327694808466305,1.0
68,Auction,V9,"(13, 11)",3.714556456643045,True,15.366062299143245,1.0
68,Auction,V10,"(83, 96)",8.437950064818668,False,0.0,16.0
68,Q-Learning,V1,"(59, 85)",6.492966735465622,True,0.0,2.0
68,Q-Learning,V2,"(83, 96)",8.487706859652256,True,19.045082432618585,1.0
68,Q-Learning,V3,"(38, 21)",6.907316215177406,True,14.59719141249985,1.0
68,Q-Learning,V4,"(8, 68)",10.561223425938621,True,11.0,1.0
68,Q-Learning,V5,"(61, 65)",9.451421949927717,False,0.0,6.0
68,Q-Learning,V6,"(54, 89)",2.1307044653795337,False,0.0,18.0
68,Q-Learning,V7,"(4, 72)",2.7137218098783222,True,0.0,2.0
68,Q-Learning,V8,"(29, 99)",6.260266229714219,True,0.3170777796132711,1.0
68,Q-Learning,V9,"(53, 72)",12.483169429508948,True,8.512925273699992,3.0
68,Q-Learning,V10,"(84, 94)",7.833809621030941,False,0.0,15.0
69,Greedy,V1,"(57, 56)",2.6754079396630353,True,1.1999999999999993,1.0
69,Greedy,V2,"(62, 20)",6.887917978921145,True,19.711988737821457,1.0
69,Greedy,V3,"(37, 20)",2.735702879220348,True,17.314444003534113,1.0
69,Greedy,V4,"(9, 76)",0.8910242597255333,True,18.619875327064086,1.0
69,Greedy,V5,"(93, 32)",1.1437936337485795,True,1.9894153219082256,1.0
69,Greedy,V6,"(38, 72)",3.8766221120144166,False,0.0,21.0
69,Greedy,V7,"(84, 14)",4.713401337180223,False,0.0,6.0
69,Greedy,V8,"(84, 31)",2.8528000344659024,True,2.4492604292564106,1.0
69,Greedy,V9,"(41, 25)",17.67047317437663,True,0.18033988749894547,1.0
69,Greedy,V10,"(89, 86)",14.228848824350273,False,0.0,23.0
69,Auction,V1,"(61, 65)",10.143995043372414,False,0.0,7.0
69,Auction,V2,"(59, 85)",21.521135445116535,True,5.600781059358212,1.0
69,Auction,V3,"(38, 21)",14.97351042181101,True,5.728431359084684,1.0
69,Auction,V4,"(4, 72)",3.061527954498967,True,17.19918474648705,1.0
69,Auction,V5,"(8, 88)",0.6598489070636262,True,2.4037008503093276,1.0
69,Auction,V6,"(79, 28)",2.119645712930293,False,0.0,19.0
69,Auction,V7,"(33, 31)",9.157079086903885,False,0.0,10.0
69,Auction,V8,"(36, 71)",4.166519874152712,True,1.4327694808466305,1.0
69,Auction,V9,"(13, 11)",3.714556456643045,True,14.366062299143245,1.0
69,Auction,V10,"(83, 96)",8.437950064818668,False,0.0,17.0
69,Q-Learning,V1,"(59, 85)",6.492966735465622,False,0.0,3.0
69,Q-Learning,V2,"(83, 96)",8.487706859652256,True,18.045082432618585,1.0
69,Q-Learning,V3,"(38, 21)",6.907316215177406,True,13.59719141249985,1.0
69,Q-Learning,V4,"(8, 68)",10.561223425938621,True,10.0,1.0
69,Q-Learning,V5,"(61, 65)",9.451421949927717,False,0.0,7.0
69,Q-Learning,V6,"(54, 89)",2.1307044653795337,False,0.0,19.0
69,Q-Learning,V7,"(4, 72)",2.7137218098783222,False,0.0,3.0
69,Q-Learning,V8,"(29, 99)",6.260266229714219,True,0.0,1.0
69,Q-Learning,V9,"(53, 72)",12.483169429508948,True,7.512925273699992,3.0
69,Q-Learning,V10,"(84, 94)",7.833809621030941,False,0.0,16.0
70,Greedy,V1,"(57, 56)",2.6754079396630353,True,0.1999999999999993,1.0
70,Greedy,V2,"(62, 20)",6.887917978921145,True,18.711988737821457,1.0
70,Greedy,V3,"(37, 20)",2.735702879220348,True,16.314444003534113,1.0
70,Greedy,V4,"(9, 76)",0.8910242597255333,True,17.619875327064086,1.0
70,Greedy,V5,"(93, 32)",1.1437936337485795,True,0.9894153219082256,1.0
70,Greedy,V6,"(38, 72)",3.8766221120144166,False,0.0,22.0
70,Greedy,V7,"(84, 14)",4.713401337180223,False,0.0,7.0
70,Greedy,V8,"(84, 31)",2.8528000344659024,True,1.4492604292564106,1.0
70,Greedy,V9,"(41, 25)",17.67047317437663,True,0.0,1.0
70,Greedy,V10,"(89, 86)",14.228848824350273,False,0.0,24.0
70,Auction,V1,"(61, 65)",10.143995043372414,False,0.0,8.0
70,Auction,V2,"(59, 85)",21.521135445116535,True,4.600781059358212,1.0
70,Auction,V3,"(38, 21)",14.97351042181101,True,4.728431359084684,1.0
70,Auction,V4,"(4, 72)",3.061527954498967,True,16.19918474648705,1.0
70,Auction,V5,"(8, 88)",0.6598489070636262,True,1.4037008503093276,1.0
70,Auction,V6,"(79, 28)",2.119645712930293,False,0.0,20.0
70,Auction,V7,"(33, 31)",9.157079086903885,False,0.0,11.0
70,Auction,V8,"(36, 71)",4.166519874152712,True,0.43276948084663047,1.0
70,Auction,V9,"(13, 11)",3.714556456643045,True,13.366062299143245,1.0
70,Auction,V10,"(83, 96)",8.437950064818668,False,0.0,18.0
70,Q-Learning,V1,"(59, 85)",6.492966735465622,False,0.0,4.0
70,Q-Learning,V2,"(83, 96)",8.487706859652256,True,17.045082432618585,1.0
70,Q-Learning,V3,"(38, 21)",6.907316215177406,True,12.59719141249985,1.0
70,Q-Learning,V4,"(8, 68)",10.561223425938621,True,9.0,1.0
70,Q-Learning,V5,"(61, 65)",9.451421949927717,False,0.0,8.0
70,Q-Learning,V6,"(54, 89)",2.1307044653795337,False,0.0,20.0
70,Q-Learning,V7,"(4, 72)",2.7137218098783222,False,0.0,4.0
70,Q-Learning,V8,"(29, 99)",6.260266229714219,False,0.0,2.0
70,Q-Learning,V9,"(53, 72)",12.483169429508948,True,6.512925273699992,3.0
70,Q-Learning,V10,"(84, 94)",7.833809621030941,False,0.0,17.0
71,Greedy,V1,"(57, 56)",2.6754079396630353,True,0.0,1.0
71,Greedy,V2,"(62, 20)",6.887917978921145,True,17.711988737821457,1.0
71,Greedy,V3,"(37, 20)",2.735702879220348,True,15.314444003534113,1.0
71,Greedy,V4,"(9, 76)",0.8910242597255333,True,16.619875327064086,1.0
71,Greedy,V5,"(93, 32)",1.1437936337485795,True,0.0,1.0
71,Greedy,V6,"(38, 72)",3.8766221120144166,False,0.0,23.0
71,Greedy,V7,"(84, 14)",4.713401337180223,False,0.0,8.0
71,Greedy,V8,"(84, 31)",2.8528000344659024,True,0.44926042925641063,1.0
71,Greedy,V9,"(41, 25)",0.9204731743766317,True,15.75,1.0
71,Greedy,V10,"(89, 86)",14.228848824350273,False,0.0,25.0
71,Auction,V1,"(61, 65)",10.143995043372414,False,0.0,9.0
71,Auction,V2,"(59, 85)",21.521135445116535,True,3.600781059358212,1.0
71,Auction,V3,"(38, 21)",14.97351042181101,True,3.7284313590846843,1.0
71,Auction,V4,"(4, 72)",3.061527954498967,True,15.199184746487049,1.0
71,Auction,V5,"(8, 88)",0.6598489070636262,True,0.40370085030932756,1.0
71,Auction,V6,"(79, 28)",2.119645712930293,False,0.0,21.0
71,Auction,V7,"(33, 31)",9.157079086903885,False,0.0,12.0
71,Auction,V8,"(36, 71)",4.166519874152712,True,0.0,1.0
71,Auction,V9,"(13, 11)",3.714556456643045,True,12.366062299143245,1.0
71,Auction,V10,"(83, 96)",8.437950064818668,False,0.0,19.0
71,Q-Learning,V1,"(59, 85)",6.492966735465622,False,0.0,5.0
71,Q-Learning,V2,"(83, 96)",8.487706859652256,True,16.045082432618585,1.0
71,Q-Learning,V3,"(38, 21)",6.907316215177406,True,11.59719141249985,1.0
71,Q-Learning,V4,"(8, 68)",10.561223425938621,True,8.0,1.0
71,Q-Learning,V5,"(61, 65)",9.451421949927717,False,0.0,9.0
71,Q-Learning,V6,"(54, 89)",2.1307044653795337,False,0.0,21.0
71,Q-Learning,V7,"(4, 72)",2.7137218098783222,False,0.0,5.0
71,Q-Learning,V8,"(29, 99)",6.260266229714219,False,0.0,3.0
71,Q-Learning,V9,"(53, 72)",12.483169429508948,True,5.512925273699992,3.0
71,Q-Learning,V10,"(84, 94)",7.833809621030941,False,0.0,18.0
72,Greedy,V1,"(57, 56)",2.6754079396630353,False,0.0,2.0
72,Greedy,V2,"(62, 20)",6.887917978921145,True,16.711988737821457,1.0
72,Greedy,V3,"(37, 20)",2.735702879220348,True,14.314444003534113,1.0
72,Greedy,V4,"(9, 76)",0.8910242597255333,True,15.619875327064086,1.0
72,Greedy,V5,"(93, 32)",1.1437936337485795,False,0.0,2.0
72,Greedy,V6,"(38, 72)",3.8766221120144166,False,0.0,24.0
72,Greedy,V7,"(84, 14)",4.713401337180223,False,0.0,9.0
72,Greedy,V8,"(84, 31)",2.8528000344659024,True,0.0,1.0
72,Greedy,V9,"(41, 25)",0.9204731743766317,True,14.75,1.0
72,Greedy,V10,"(89, 86)",14.228848824350273,False,0.0,26.0
72,Auction,V1,"(61, 65)",10.143995043372414,False,0.0,10.0
72,Auction,V2,"(59, 85)",21.521135445116535,True,2.600781059358212,1.0
72,Auction,V3,"(38, 21)",14.97351042181101,True,2.7284313590846843,1.0
72,Auction,V4,"(4, 72)",3.061527954498967,True,14.199184746487049,1.0
72,Auction,V5,"(8, 88)",0.6598489070636262,True,0.0,1.0
72,Auction,V6,"(79, 28)",2.119645712930293,False,0.0,22.0
72,Auction,V7,"(33, 31)",9.157079086903885,False,0.0,13.0
72,Auction,V8,"(36, 71)",4.166519874152712,False,0.0,2.0
72,Auction,V9,"(13, 11)",3.714556456643045,True,11.366062299143245,1.0
72,Auction,V10,"(83, 96)",8.437950064818668,False,0.0,20.0
72,Q-Learning,V1,"(59, 85)",6.492966735465622,False,0.0,6.0
72,Q-Learning,V2,"(83, 96)",8.487706859652256,True,15.045082432618585,1.0
72,Q-Learning,V3,"(38, 21)",6.907316215177406,True,10.59719141249985,1.0
72,Q-Learning,V4,"(8, 68)",10.561223425938621,True,7.0,1.0
72,Q-Learning,V5,"(61, 65)",9.451421949927717,False,0.0,10.0
72,Q-Learning,V6,"(54, 89)",2.1307044653795337,False,0.0,22.0
72,Q-Learning,V7,"(4, 72)",2.7137218098783222,False,0.0,6.0
72,Q-Learning,V8,"(29, 99)",6.260266229714219,False,0.0,4.0
72,Q-Learning,V9,"(53, 72)",12.483169429508948,True,4.512925273699992,3.0
72,Q-Learning,V10,"(84, 94)",7.833809621030941,False,0.0,19.0
73,Greedy,V1,"(57, 56)",2.6754079396630353,False,0.0,3.0
73,Greedy,V2,"(62, 20)",6.887917978921145,True,15.711988737821457,1.0
73,Greedy,V3,"(37, 20)",2.735702879220348,True,13.314444003534113,1.0
73,Greedy,V4,"(9, 76)",0.8910242597255333,True,14.619875327064086,1.0
73,Greedy,V5,"(93, 32)",1.1437936337485795,False,0.0,3.0
73,Greedy,V6,"(38, 72)",3.8766221120144166,False,0.0,25.0
73,Greedy,V7,"(84, 14)",4.713401337180223,False,0.0,10.0
73,Greedy,V8,"(84, 31)",2.8528000344659024,False,0.0,2.0
73,Greedy,V9,"(41, 25)",0.9204731743766317,True,13.75,1.0
73,Greedy,V10,"(89, 86)",14.228848824350273,False,0.0,27.0
73,Auction,V1,"(61, 65)",10.143995043372414,False,0.0,11.0
73,Auction,V2,"(59, 85)",21.521135445116535,True,1.6007810593582121,1.0
73,Auction,V3,"(38, 21)",14.97351042181101,True,1.7284313590846843,1.0
73,Auction,V4,"(4, 72)",3.061527954498967,True,13.199184746487049,1.0
73,Auction,V5,"(8, 88)",0.6598489070636262,False,0.0,2.0
73,Auction,V6,"(79, 28)",2.119645712930293,False,0.0,23.0
73,Auction,V7,"(33, 31)",9.157079086903885,False,0.0,14.0
73,Auction,V8,"(36, 71)",4.166519874152712,False,0.0,3.0
73,Auction,V9,"(13, 11)",3.714556456643045,True,10.366062299143245,1.0
73,Auction,V10,"(83, 96)",8.437950064818668,False,0.0,21.0
73,Q-Learning,V1,"(59, 85)",6.492966735465622,False,0.0,7.0
73,Q-Learning,V2,"(83, 96)",8.487706859652256,True,14.045082432618585,1.0
73,Q-Learning,V3,"(38, 21)",6.907316215177406,True,9.59719141249985,1.0
73,Q-Learning,V4,"(8, 68)",10.561223425938621,True,6.0,1.0
73,Q-Learning,V5,"(61, 65)",9.451421949927717,False,0.0,11.0
73,Q-Learning,V6,"(54, 89)",2.1307044653795337,False,0.0,23.0
73,Q-Learning,V7,"(4, 72)",2.7137218098783222,False,0.0,7.0
73,Q-Learning,V8,"(29, 99)",6.260266229714219,False,0.0,5.0
73,Q-Learning,V9,"(53, 72)",12.483169429508948,True,3.5129252736999916,3.0
73,Q-Learning,V10,"(84, 94)",7.833809621030941,False,0.0,20.0
74,Greedy,V1,"(57, 56)",2.6754079396630353,False,0.0,4.0
74,Greedy,V2,"(62, 20)",6.887917978921145,True,14.711988737821457,1.0
74,Greedy,V3,"(37, 20)",2.735702879220348,True,12.314444003534113,1.0
74,Greedy,V4,"(9, 76)",0.8910242597255333,True,13.619875327064086,1.0
74,Greedy,V5,"(93, 32)",1.1437936337485795,False,0.0,4.0
74,Greedy,V6,"(38, 72)",3.8766221120144166,False,0.0,26.0
74,Greedy,V7,"(84, 14)",4.713401337180223,False,0.0,11.0
74,Greedy,V8,"(84, 31)",2.8528000344659024,False,0.0,3.0
74,Greedy,V9,"(41, 25)",0.9204731743766317,True,12.75,1.0
74,Greedy,V10,"(89, 86)",14.228848824350273,False,0.0,28.0
74,Auction,V1,"(61, 65)",10.143995043372414,False,0.0,12.0
74,Auction,V2,"(59, 85)",21.521135445116535,True,0.6007810593582121,1.0
74,Auction,V3,"(38, 21)",14.97351042181101,True,0.7284313590846843,1.0
74,Auction,V4,"(4, 72)",3.061527954498967,True,12.199184746487049,1.0
74,Auction,V5,"(8, 88)",0.6598489070636262,False,0.0,3.0
74,Auction,V6,"(79, 28)",2.119645712930293,False,0.0,24.0
74,Auction,V7,"(33, 31)",9.157079086903885,False,0.0,15.0
74,Auction,V8,"(36, 71)",4.166519874152712,False,0.0,4.0
74,Auction,V9,"(13, 11)",3.714556456643045,True,9.366062299143245,1.0
74,Auction,V10,"(83, 96)",8.437950064818668,False,0.0,22.0
74,Q-Learning,V1,"(59, 85)",6.492966735465622,False,0.0,8.0
74,Q-Learning,V2,"(83, 96)",8.487706859652256,True,13.045082432618585,1.0
74,Q-Learning,V3,"(38, 21)",6.907316215177406,True,8.59719141249985,1.0
74,Q-Learning,V4,"(8, 68)",10.561223425938621,True,5.0,1.0
74,Q-Learning,V5,"(61, 65)",9.451421949927717,False,0.0,12.0
74,Q-Learning,V6,"(54, 89)",2.1307044653795337,False,0.0,24.0
74,Q-Learning,V7,"(4, 72)",2.7137218098783222,False,0.0,8.0
74,Q-Learning,V8,"(29, 99)",6.260266229714219,False,0.0,6.0
74,Q-Learning,V9,"(53, 72)",12.483169429508948,True,2.5129252736999916,3.0
74,Q-Learning,V10,"(84, 94)",7.833809621030941,False,0.0,21.0
75,Greedy,V1,"(57, 56)",2.6754079396630353,False,0.0,5.0
75,Greedy,V2,"(62, 20)",6.887917978921145,True,13.711988737821457,1.0
75,Greedy,V3,"(37, 20)",2.735702879220348,True,11.314444003534113,1.0
75,Greedy,V4,"(9, 76)",0.8910242597255333,True,12.619875327064086,1.0
75,Greedy,V5,"(93, 32)",1.1437936337485795,False,0.0,5.0
75,Greedy,V6,"(38, 72)",3.8766221120144166,False,0.0,27.0
75,Greedy,V7,"(84, 14)",4.713401337180223,False,0.0,12.0
75,Greedy,V8,"(84, 31)",2.8528000344659024,False,0.0,4.0
75,Greedy,V9,"(41, 25)",0.9204731743766317,True,11.75,1.0
75,Greedy,V10,"(89, 86)",14.228848824350273,False,0.0,29.0
75,Auction,V1,"(61, 65)",10.143995043372414,False,0.0,13.0
75,Auction,V2,"(59, 85)",21.521135445116535,True,0.0,1.0
75,Auction,V3,"(38, 21)",14.97351042181101,True,0.0,1.0
75,Auction,V4,"(4, 72)",3.061527954498967,True,11.199184746487049,1.0
75,Auction,V5,"(8, 88)",0.6598489070636262,False,0.0,4.0
75,Auction,V6,"(79, 28)",2.119645712930293,False,0.0,25.0
75,Auction,V7,"(33, 31)",9.157079086903885,False,0.0,16.0
75,Auction,V8,"(36, 71)",4.166519874152712,False,0.0,5.0
75,Auction,V9,"(13, 11)",3.714556456643045,True,8.366062299143245,1.0
75,Auction,V10,"(83, 96)",8.437950064818668,False,0.0,23.0
75,Q-Learning,V1,"(59, 85)",6.492966735465622,False,0.0,9.0
75,Q-Learning,V2,"(83, 96)",8.487706859652256,True,12.045082432618585,1.0
75,Q-Learning,V3,"(38, 21)",6.907316215177406,True,7.59719141249985,1.0
75,Q-Learning,V4,"(8, 68)",10.561223425938621,True,4.0,1.0
75,Q-Learning,V5,"(61, 65)",9.451421949927717,False,0.0,13.0
75,Q-Learning,V6,"(54, 89)",2.1307044653795337,False,0.0,25.0
75,Q-Learning,V7,"(4, 72)",2.7137218098783222,False,0.0,9.0
75,Q-Learning,V8,"(29, 99)",6.260266229714219,False,0.0,7.0
75,Q-Learning,V9,"(53, 72)",12.483169429508948,True,1.5129252736999916,3.0
75,Q-Learning,V10,"(84, 94)",7.833809621030941,False,0.0,22.0
76,Greedy,V1,"(57, 56)",2.6754079396630353,False,0.0,6.0
76,Greedy,V2,"(62, 20)",6.887917978921145,True,12.711988737821457,1.0
76,Greedy,V3,"(37, 20)",2.735702879220348,True,10.314444003534113,1.0
76,Greedy,V4,"(9, 76)",0.8910242597255333,True,11.619875327064086,1.0
76,Greedy,V5,"(93, 32)",1.1437936337485795,False,0.0,6.0
76,Greedy,V6,"(38, 72)",3.8766221120144166,False,0.0,28.0
76,Greedy,V7,"(84, 14)",4.713401337180223,False,0.0,13.0
76,Greedy,V8,"(84, 31)",2.8528000344659024,False,0.0,5.0
76,Greedy,V9,"(41, 25)",0.9204731743766317,True,10.75,1.0
76,Greedy,V10,"(89, 86)",14.228848824350273,False,0.0,30.0
76,Auction,V1,"(61, 65)",10.143995043372414,False,0.0,14.0
76,Auction,V2,"(69, 99)",6.2199728115952215,True,14.301162633521313,1.0
76,Auction,V3,"(38, 21)",14.97351042181101,False,0.0,2.0
76,Auction,V4,"(4, 72)",3.061527954498967,True,10.199184746487049,1.0
76,Auction,V5,"(8, 88)",0.6598489070636262,False,0.0,5.0
76,Auction,V6,"(79, 28)",2.119645712930293,False,0.0,26.0
76,Auction,V7,"(33, 31)",9.157079086903885,False,0.0,17.0
76,Auction,V8,"(36, 71)",4.166519874152712,False,0.0,6.0
76,Auction,V9,"(13, 11)",3.714556456643045,True,7.366062299143245,1.0
76,Auction,V10,"(83, 96)",8.437950064818668,False,0.0,24.0
76,Q-Learning,V1,"(59, 85)",6.492966735465622,False,0.0,10.0
76,Q-Learning,V2,"(83, 96)",8.487706859652256,True,11.045082432618585,1.0
76,Q-Learning,V3,"(38, 21)",6.907316215177406,True,6.59719141249985,1.0
76,Q-Learning,V4,"(8, 68)",10.561223425938621,True,3.0,1.0
76,Q-Learning,V5,"(61, 65)",9.451421949927717,False,0.0,14.0
76,Q-Learning,V6,"(54, 89)",2.1307044653795337,False,0.0,26.0
76,Q-Learning,V7,"(4, 72)",2.7137218098783222,False,0.0,10.0
76,Q-Learning,V8,"(29, 99)",6.260266229714219,False,0.0,8.0
76,Q-Learning,V9,"(53, 72)",12.483169429508948,True,0.5129252736999916,3.0
76,Q-Learning,V10,"(84, 94)",7.833809621030941,False,0.0,23.0
77,Greedy,V1,"(57, 56)",2.6754079396630353,False,0.0,7.0
77,Greedy,V2,"(62, 20)",6.887917978921145,True,11.711988737821457,1.0
77,Greedy,V3,"(37, 20)",2.735702879220348,True,9.314444003534113,1.0
77,Greedy,V4,"(9, 76)",0.8910242597255333,True,10.619875327064086,1.0
77,Greedy,V5,"(93, 32)",1.1437936337485795,False,0.0,7.0
77,Greedy,V6,"(38, 72)",3.8766221120144166,False,0.0,29.0
77,Greedy,V7,"(84, 14)",4.713401337180223,False,0.0,14.0
77,Greedy,V8,"(84, 31)",2.8528000344659024,False,0.0,6.0
77,Greedy,V9,"(41, 25)",0.9204731743766317,True,9.75,1.0
77,Greedy,V10,"(89, 86)",14.228848824350273,False,0.0,31.0
77,Auction,V1,"(61, 65)",10.143995043372414,False,0.0,15.0
77,Auction,V2,"(69, 99)",6.2199728115952215,True,13.301162633521313,1.0
77,Auction,V3,"(38, 21)",14.97351042181101,False,0.0,3.0
77,Auction,V4,"(4, 72)",3.061527954498967,True,9.199184746487049,1.0
77,Auction,V5,"(8, 88)",0.6598489070636262,False,0.0,6.0
77,Auction,V6,"(79, 28)",2.119645712930293,False,0.0,27.0
77,Auction,V7,"(33, 31)",9.157079086903885,False,0.0,18.0
77,Auction,V8,"(36, 71)",4.166519874152712,False,0.0,7.0
77,Auction,V9,"(13, 11)",3.714556456643045,True,6.366062299143245,1.0
77,Auction,V10,"(83, 96)",8.437950064818668,False,0.0,25.0
77,Q-Learning,V1,"(59, 85)",6.492966735465622,False,0.0,11.0
77,Q-Learning,V2,"(83, 96)",8.487706859652256,True,10.045082432618585,1.0
77,Q-Learning,V3,"(38, 21)",6.907316215177406,True,5.59719141249985,1.0
77,Q-Learning,V4,"(8, 68)",10.561223425938621,True,2.0,1.0
77,Q-Learning,V5,"(61, 65)",9.451421949927717,False,0.0,15.0
77,Q-Learning,V6,"(54, 89)",2.1307044653795337,False,0.0,27.0
77,Q-Learning,V7,"(4, 72)",2.7137218098783222,False,0.0,11.0
77,Q-Learning,V8,"(29, 99)",6.260266229714219,False,0.0,9.0
77,Q-Learning,V9,"(53, 72)",12.483169429508948,True,0.0,3.0
77,Q-Learning,V10,"(84, 94)",7.833809621030941,False,0.0,24.0
78,Greedy,V1,"(57, 56)",2.6754079396630353,False,0.0,8.0
78,Greedy,V2,"(62, 20)",6.887917978921145,True,10.711988737821457,1.0
78,Greedy,V3,"(37, 20)",2.735702879220348,True,8.314444003534113,1.0
78,Greedy,V4,"(9, 76)",0.8910242597255333,True,9.619875327064086,1.0
78,Greedy,V5,"(93, 32)",1.1437936337485795,False,0.0,8.0
78,Greedy,V6,"(38, 72)",3.8766221120144166,False,0.0,30.0
78,Greedy,V7,"(84, 14)",4.713401337180223,False,0.0,15.0
78,Greedy,V8,"(84, 31)",2.8528000344659024,False,0.0,7.0
78,Greedy,V9,"(41, 25)",0.9204731743766317,True,8.75,1.0
78,Greedy,V10,"(89, 86)",14.228848824350273,False,0.0,32.0
78,Auction,V1,"(61, 65)",10.143995043372414,False,0.0,16.0
78,Auction,V2,"(69, 99)",6.2199728115952215,True,12.301162633521313,1.0
78,Auction,V3,"(38, 21)",14.97351042181101,False,0.0,4.0
78,Auction,V4,"(4, 72)",3.061527954498967,True,8.199184746487049,1.0
78,Auction,V5,"(8, 88)",0.6598489070636262,False,0.0,7.0
78,Auction,V6,"(79, 28)",2.119645712930293,False,0.0,28.0
78,Auction,V7,"(33, 31)",9.157079086903885,False,0.0,19.0
78,Auction,V8,"(36, 71)",4.166519874152712,False,0.0,8.0
78,Auction,V9,"(13, 11)",3.714556456643045,True,5.366062299143245,1.0
78,Auction,V10,"(83, 96)",8.437950064818668,False,0.0,26.0
78,Q-Learning,V1,"(59, 85)",6.492966735465622,False,0.0,12.0
78,Q-Learning,V2,"(83, 96)",8.487706859652256,True,9.045082432618585,1.0
78,Q-Learning,V3,"(38, 21)",6.907316215177406,True,4.59719141249985,1.0
78,Q-Learning,V4,"(8, 68)",10.561223425938621,True,1.0,1.0
78,Q-Learning,V5,"(61, 65)",9.451421949927717,False,0.0,16.0
78,Q-Learning,V6,"(54, 89)",2.1307044653795337,False,0.0,28.0
78,Q-Learning,V7,"(4, 72)",2.7137218098783222,False,0.0,12.0
78,Q-Learning,V8,"(29, 99)",6.260266229714219,False,0.0,10.0
78,Q-Learning,V9,"(53, 72)",12.483169429508948,False,0.0,4.0
78,Q-Learning,V10,"(84, 94)",7.833809621030941,False,0.0,25.0
79,Greedy,V1,"(57, 56)",2.6754079396630353,False,0.0,9.0
79,Greedy,V2,"(62, 20)",6.887917978921145,True,9.711988737821457,1.0
79,Greedy,V3,"(37, 20)",2.735702879220348,True,7.314444003534113,1.0
79,Greedy,V4,"(9, 76)",0.8910242597255333,True,8.619875327064086,1.0
79,Greedy,V5,"(93, 32)",1.1437936337485795,False,0.0,9.0
79,Greedy,V6,"(38, 72)",3.8766221120144166,False,0.0,31.0
79,Greedy,V7,"(84, 14)",4.713401337180223,False,0.0,16.0
79,Greedy,V8,"(84, 31)",2.8528000344659024,False,0.0,8.0
79,Greedy,V9,"(41, 25)",0.9204731743766317,True,7.75,1.0
79,Greedy,V10,"(89, 86)",14.228848824350273,False,0.0,33.0
79,Auction,V1,"(61, 65)",10.143995043372414,False,0.0,17.0
79,Auction,V2,"(69, 99)",6.2199728115952215,True,11.301162633521313,1.0
79,Auction,V3,"(38, 21)",14.97351042181101,False,0.0,5.0
79,Auction,V4,"(4, 72)",3.061527954498967,True,7.199184746487049,1.0
79,Auction,V5,"(8, 88)",0.6598489070636262,False,0.0,8.0
79,Auction,V6,"(79, 28)",2.119645712930293,False,0.0,29.0
79,Auction,V7,"(33, 31)",9.157079086903885,False,0.0,20.0
79,Auction,V8,"(36, 71)",4.166519874152712,False,0.0,9.0
79,Auction,V9,"(13, 11)",3.714556456643045,True,4.366062299143245,1.0
79,Auction,V10,"(83, 96)",8.437950064818668,False,0.0,27.0
79,Q-Learning,V1,"(59, 85)",6.492966735465622,False,0.0,13.0
79,Q-Learning,V2,"(83, 96)",8.487706859652256,True,8.045082432618585,1.0
79,Q-Learning,V3,"(38, 21)",6.907316215177406,True,3.59719141249985,1.0
79,Q-Learning,V4,"(8, 68)",10.561223425938621,True,0.0,1.0
79,Q-Learning,V5,"(61, 65)",9.451421949927717,False,0.0,17.0
79,Q-Learning,V6,"(54, 89)",2.1307044653795337,False,0.0,29.0
79,Q-Learning,V7,"(4, 72)",2.7137218098783222,False,0.0,13.0
79,Q-Learning,V8,"(29, 99)",6.260266229714219,False,0.0,11.0
79,Q-Learning,V9,"(53, 72)",12.483169429508948,False,0.0,5.0
79,Q-Learning,V10,"(84, 94)",7.833809621030941,False,0.0,26.0
80,Greedy,V1,"(57, 56)",2.6754079396630353,False,0.0,10.0
80,Greedy,V2,"(62, 20)",6.887917978921145,True,8.711988737821457,1.0
80,Greedy,V3,"(37, 20)",2.735702879220348,True,6.314444003534113,1.0
80,Greedy,V4,"(9, 76)",0.8910242597255333,True,7.619875327064086,1.0
80,Greedy,V5,"(93, 32)",1.1437936337485795,False,0.0,10.0
80,Greedy,V6,"(38, 72)",3.8766221120144166,False,0.0,32.0
80,Greedy,V7,"(84, 14)",4.713401337180223,False,0.0,17.0
80,Greedy,V8,"(84, 31)",2.8528000344659024,False,0.0,9.0
80,Greedy,V9,"(41, 25)",0.9204731743766317,True,6.75,1.0
80,Greedy,V10,"(89, 86)",14.228848824350273,False,0.0,34.0
80,Auction,V1,"(61, 65)",10.143995043372414,False,0.0,18.0
80,Auction,V2,"(69, 99)",6.2199728115952215,True,10.301162633521313,1.0
80,Auction,V3,"(38, 21)",14.97351042181101,False,0.0,6.0
80,Auction,V4,"(4, 72)",3.061527954498967,True,6.199184746487049,1.0
80,Auction,V5,"(8, 88)",0.6598489070636262,False,0.0,9.0
80,Auction,V6,"(79, 28)",2.119645712930293,False,0.0,30.0
80,Auction,V7,"(33, 31)",9.157079086903885,False,0.0,21.0
80,Auction,V8,"(36, 71)",4.166519874152712,False,0.0,10.0
80,Auction,V9,"(13, 11)",3.714556456643045,True,3.3660622991432447,1.0
80,Auction,V10,"(83, 96)",8.437950064818668,False,0.0,28.0
80,Q-Learning,V1,"(59, 85)",6.492966735465622,False,0.0,14.0
80,Q-Learning,V2,"(83, 96)",8.487706859652256,True,7.045082432618585,1.0
80,Q-Learning,V3,"(38, 21)",6.907316215177406,True,2.59719141249985,1.0
80,Q-Learning,V4,"(8, 68)",10.561223425938621,False,0.0,2.0
80,Q-Learning,V5,"(61, 65)",9.451421949927717,False,0.0,18.0
80,Q-Learning,V6,"(54, 89)",2.1307044653795337,False,0.0,30.0
80,Q-Learning,V7,"(4, 72)",2.7137218098783222,False,0.0,14.0
80,Q-Learning,V8,"(29, 99)",6.260266229714219,False,0.0,12.0
80,Q-Learning,V9,"(53, 72)",12.483169429508948,False,0.0,6.0
80,Q-Learning,V10,"(84, 94)",7.833809621030941,False,0.0,27.0
81,Greedy,V1,"(57, 56)",2.6754079396630353,False,0.0,11.0
81,Greedy,V2,"(62, 20)",6.887917978921145,True,7.711988737821457,1.0
81,Greedy,V3,"(37, 20)",2.735702879220348,True,5.314444003534113,1.0
81,Greedy,V4,"(9, 76)",0.8910242597255333,True,6.619875327064086,1.0
81,Greedy,V5,"(93, 32)",1.1437936337485795,False,0.0,11.0
81,Greedy,V6,"(38, 72)",3.8766221120144166,False,0.0,33.0
81,Greedy,V7,"(84, 14)",4.713401337180223,False,0.0,18.0
81,Greedy,V8,"(84, 31)",2.8528000344659024,False,0.0,10.0
81,Greedy,V9,"(41, 25)",0.9204731743766317,True,5.75,1.0
81,Greedy,V10,"(89, 86)",14.228848824350273,False,0.0,35.0
81,Auction,V1,"(61, 65)",10.143995043372414,False,0.0,19.0
81,Auction,V2,"(69, 99)",6.2199728115952215,True,9.301162633521313,1.0
81,Auction,V3,"(38, 21)",14.97351042181101,False,0.0,7.0
81,Auction,V4,"(4, 72)",3.061527954498967,True,5.199184746487049,1.0
81,Auction,V5,"(8, 88)",0.6598489070636262,False,0.0,10.0
81,Auction,V6,"(79, 28)",2.119645712930293,False,0.0,31.0
81,Auction,V7,"(33, 31)",9.157079086903885,False,0.0,22.0
81,Auction,V8,"(36, 71)",4.166519874152712,False,0.0,11.0
81,Auction,V9,"(13, 11)",3.714556456643045,True,2.3660622991432447,1.0
81,Auction,V10,"(83, 96)",8.437950064818668,False,0.0,29.0
81,Q-Learning,V1,"(59, 85)",6.492966735465622,False,0.0,15.0
81,Q-Learning,V2,"(83, 96)",8.487706859652256,True,6.045082432618585,1.0
81,Q-Learning,V3,"(38, 21)",6.907316215177406,True,1.5971914124998499,1.0
81,Q-Learning,V4,"(8, 68)",10.561223425938621,False,0.0,3.0
81,Q-Learning,V5,"(61, 65)",9.451421949927717,False,0.0,19.0
81,Q-Learning,V6,"(54, 89)",2.1307044653795337,False,0.0,31.0
81,Q-Learning,V7,"(4, 72)",2.7137218098783222,False,0.0,15.0
81,Q-Learning,V8,"(29, 99)",6.260266229714219,False,0.0,13.0
81,Q-Learning,V9,"(53, 72)",12.483169429508948,False,0.0,7.0
81,Q-Learning,V10,"(84, 94)",7.833809621030941,False,0.0,28.0
82,Greedy,V1,"(57, 56)",2.6754079396630353,False,0.0,12.0
82,Greedy,V2,"(62, 20)",6.887917978921145,True,6.711988737821457,1.0
82,Greedy,V3,"(37, 20)",2.735702879220348,True,4.314444003534113,1.0
82,Greedy,V4,"(9, 76)",0.8910242597255333,True,5.619875327064086,1.0
82,Greedy,V5,"(93, 32)",1.1437936337485795,False,0.0,12.0
82,Greedy,V6,"(38, 72)",3.8766221120144166,False,0.0,34.0
82,Greedy,V7,"(84, 14)",4.713401337180223,False,0.0,19.0
82,Greedy,V8,"(84, 31)",2.8528000344659024,False,0.0,11.0
82,Greedy,V9,"(41, 25)",0.9204731743766317,True,4.75,1.0
82,Greedy,V10,"(89, 86)",14.228848824350273,False,0.0,36.0
82,Auction,V1,"(61, 65)",10.143995043372414,False,0.0,20.0
82,Auction,V2,"(69, 99)",6.2199728115952215,True,8.301162633521313,1.0
82,Auction,V3,"(38, 21)",14.97351042181101,False,0.0,8.0
82,Auction,V4,"(4, 72)",3.061527954498967,True,4.199184746487049,1.0
82,Auction,V5,"(8, 88)",0.6598489070636262,False,0.0,11.0
82,Auction,V6,"(79, 28)",2.119645712930293,False,0.0,32.0
82,Auction,V7,"(33, 31)",9.157079086903885,False,0.0,23.0
82,Auction,V8,"(36, 71)",4.166519874152712,False,0.0,12.0
82,Auction,V9,"(13, 11)",3.714556456643045,True,1.3660622991432447,1.0
82,Auction,V10,"(83, 96)",8.437950064818668,False,0.0,30.0
82,Q-Learning,V1,"(59, 85)",6.492966735465622,False,0.0,16.0
82,Q-Learning,V2,"(83, 96)",8.487706859652256,True,5.045082432618585,1.0
82,Q-Learning,V3,"(38, 21)",6.907316215177406,True,0.5971914124998499,1.0
82,Q-Learning,V4,"(8, 68)",10.561223425938621,False,0.0,4.0
82,Q-Learning,V5,"(61, 65)",9.451421949927717,False,0.0,20.0
82,Q-Learning,V6,"(54, 89)",2.1307044653795337,False,0.0,32.0
82,Q-Learning,V7,"(4, 72)",2.7137218098783222,False,0.0,16.0
82,Q-Learning,V8,"(29, 99)",6.260266229714219,False,0.0,14.0
82,Q-Learning,V9,"(53, 72)",12.483169429508948,False,0.0,8.0
82,Q-Learning,V10,"(84, 94)",7.833809621030941,False,0.0,29.0
83,Greedy,V1,"(57, 56)",2.6754079396630353,False,0.0,13.0
83,Greedy,V2,"(62, 20)",6.887917978921145,True,5.711988737821457,1.0
83,Greedy,V3,"(37, 20)",2.735702879220348,True,3.3144440035341134,1.0
83,Greedy,V4,"(9, 76)",0.8910242597255333,True,4.619875327064086,1.0
83,Greedy,V5,"(93, 32)",1.1437936337485795,False,0.0,13.0
83,Greedy,V6,"(38, 72)",3.8766221120144166,False,0.0,35.0
83,Greedy,V7,"(84, 14)",4.713401337180223,False,0.0,20.0
83,Greedy,V8,"(84, 31)",2.8528000344659024,False,0.0,12.0
83,Greedy,V9,"(41, 25)",0.9204731743766317,True,3.75,1.0
83,Greedy,V10,"(89, 86)",14.228848824350273,False,0.0,37.0
83,Auction,V1,"(61, 65)",10.143995043372414,False,0.0,21.0
83,Auction,V2,"(69, 99)",6.2199728115952215,True,7.301162633521313,1.0
83,Auction,V3,"(38, 21)",14.97351042181101,False,0.0,9.0
83,Auction,V4,"(4, 72)",3.061527954498967,True,3.199184746487049,1.0
83,Auction,V5,"(8, 88)",0.6598489070636262,False,0.0,12.0
83,Auction,V6,"(79, 28)",2.119645712930293,False,0.0,33.0
83,Auction,V7,"(33, 31)",9.157079086903885,False,0.0,24.0
83,Auction,V8,"(36, 71)",4.166519874152712,False,0.0,13.0
83,Auction,V9,"(13, 11)",3.714556456643045,True,0.36606229914324473,1.0
83,Auction,V10,"(83, 96)",8.437950064818668,False,0.0,31.0
83,Q-Learning,V1,"(59, 85)",6.492966735465622,False,0.0,17.0
83,Q-Learning,V2,"(83, 96)",8.487706859652256,True,4.045082432618585,1.0
83,Q-Learning,V3,"(38, 21)",6.907316215177406,True,0.0,1.0
83,Q-Learning,V4,"(8, 68)",10.561223425938621,False,0.0,5.0
83,Q-Learning,V5,"(61, 65)",9.451421949927717,False,0.0,21.0
83,Q-Learning,V6,"(54, 89)",2.1307044653795337,False,0.0,33.0
83,Q-Learning,V7,"(4, 72)",2.7137218098783222,False,0.0,17.0
83,Q-Learning,V8,"(29, 99)",6.260266229714219,False,0.0,15.0
83,Q-Learning,V9,"(53, 72)",12.483169429508948,False,0.0,9.0
83,Q-Learning,V10,"(84, 94)",7.833809621030941,False,0.0,30.0
84,Greedy,V1,"(57, 56)",2.6754079396630353,False,0.0,14.0
84,Greedy,V2,"(62, 20)",6.887917978921145,True,4.711988737821457,1.0
84,Greedy,V3,"(37, 20)",2.735702879220348,True,2.3144440035341134,1.0
84,Greedy,V4,"(9, 76)",0.8910242597255333,True,3.6198753270640864,1.0
84,Greedy,V5,"(93, 32)",1.1437936337485795,False,0.0,14.0
84,Greedy,V6,"(38, 72)",3.8766221120144166,False,0.0,36.0
84,Greedy,V7,"(84, 14)",4.713401337180223,False,0.0,21.0
84,Greedy,V8,"(84, 31)",2.8528000344659024,False,0.0,13.0
84,Greedy,V9,"(41, 25)",0.9204731743766317,True,2.75,1.0
84,Greedy,V10,"(89, 86)",14.228848824350273,False,0.0,38.0
84,Auction,V1,"(61, 65)",10.143995043372414,False,0.0,22.0
84,Auction,V2,"(69, 99)",6.2199728115952215,True,6.301162633521313,1.0
84,Auction,V3,"(38, 21)",14.97351042181101,False,0.0,10.0
84,Auction,V4,"(4, 72)",3.061527954498967,True,2.199184746487049,1.0
84,Auction,V5,"(8, 88)",0.6598489070636262,False,0.0,13.0
84,Auction,V6,"(79, 28)",2.119645712930293,False,0.0,34.0
84,Auction,V7,"(33, 31)",9.157079086903885,False,0.0,25.0
84,Auction,V8,"(36, 71)",4.166519874152712,False,0.0,14.0
84,Auction,V9,"(13, 11)",3.714556456643045,True,0.0,1.0
84,Auction,V10,"(83, 96)",8.437950064818668,False,0.0,32.0
84,Q-Learning,V1,"(59, 85)",6.492966735465622,False,0.0,18.0
84,Q-Learning,V2,"(83, 96)",8.487706859652256,True,3.0450824326185852,1.0
84,Q-Learning,V3,"(38, 21)",6.907316215177406,False,0.0,2.0
84,Q-Learning,V4,"(8, 68)",10.561223425938621,False,0.0,6.0
84,Q-Learning,V5,"(61, 65)",9.451421949927717,False,0.0,22.0
84,Q-Learning,V6,"(54, 89)",2.1307044653795337,False,0.0,34.0
84,Q-Learning,V7,"(4, 72)",2.7137218098783222,False,0.0,18.0
84,Q-Learning,V8,"(29, 99)",6.260266229714219,False,0.0,16.0
84,Q-Learning,V9,"(53, 72)",12.483169429508948,False,0.0,10.0
84,Q-Learning,V10,"(84, 94)",7.833809621030941,False,0.0,31.0
85,Greedy,V1,"(57, 56)",2.6754079396630353,False,0.0,15.0
85,Greedy,V2,"(62, 20)",6.887917978921145,True,3.711988737821457,1.0
85,Greedy,V3,"(37, 20)",2.735702879220348,True,1.3144440035341134,1.0
85,Greedy,V4,"(9, 76)",0.8910242597255333,True,2.6198753270640864,1.0
85,Greedy,V5,"(93, 32)",1.1437936337485795,False,0.0,15.0
85,Greedy,V6,"(38, 72)",3.8766221120144166,False,0.0,37.0
85,Greedy,V7,"(84, 14)",4.713401337180223,False,0.0,22.0
85,Greedy,V8,"(84, 31)",2.8528000344659024,False,0.0,14.0
85,Greedy,V9,"(41, 25)",0.9204731743766317,True,1.75,1.0
85,Greedy,V10,"(89, 86)",14.228848824350273,False,0.0,39.0
85,Auction,V1,"(61, 65)",10.143995043372414,False,0.0,23.0
85,Auction,V2,"(69, 99)",6.2199728115952215,True,5.301162633521313,1.0
85,Auction,V3,"(38, 21)",14.97351042181101,False,0.0,11.0
85,Auction,V4,"(4, 72)",3.061527954498967,True,1.1991847464870489,1.0
85,Auction,V5,"(8, 88)",0.6598489070636262,False,0.0,14.0
85,Auction,V6,"(79, 28)",2.119645712930293,False,0.0,35.0
85,Auction,V7,"(33, 31)",9.157079086903885,False,0.0,26.0
85,Auction,V8,"(36, 71)",4.166519874152712,False,0.0,15.0
85,Auction,V9,"(13, 11)",3.714556456643045,False,0.0,2.0
85,Auction,V10,"(83, 96)",8.437950064818668,False,0.0,33.0
85,Q-Learning,V1,"(59, 85)",6.492966735465622,False,0.0,19.0
85,Q-Learning,V2,"(83, 96)",8.487706859652256,True,2.0450824326185852,1.0
85,Q-Learning,V3,"(38, 21)",6.907316215177406,False,0.0,3.0
85,Q-Learning,V4,"(8, 68)",10.561223425938621,False,0.0,7.0
85,Q-Learning,V5,"(61, 65)",9.451421949927717,False,0.0,23.0
85,Q-Learning,V6,"(54, 89)",2.1307044653795337,False,0.0,35.0
85,Q-Learning,V7,"(4, 72)",2.7137218098783222,False,0.0,19.0
85,Q-Learning,V8,"(29, 99)",6.260266229714219,False,0.0,17.0
85,Q-Learning,V9,"(53, 72)",12.483169429508948,False,0.0,11.0
85,Q-Learning,V10,"(84, 94)",7.833809621030941,False,0.0,32.0
86,Greedy,V1,"(57, 56)",2.6754079396630353,False,0.0,16.0
86,Greedy,V2,"(62, 20)",6.887917978921145,True,2.711988737821457,1.0
86,Greedy,V3,"(37, 20)",2.735702879220348,True,0.3144440035341134,1.0
86,Greedy,V4,"(9, 76)",0.8910242597255333,True,1.6198753270640864,1.0
86,Greedy,V5,"(93, 32)",1.1437936337485795,False,0.0,16.0
86,Greedy,V6,"(38, 72)",3.8766221120144166,False,0.0,38.0
86,Greedy,V7,"(84, 14)",4.713401337180223,False,0.0,23.0
86,Greedy,V8,"(84, 31)",2.8528000344659024,False,0.0,15.0
86,Greedy,V9,"(41, 25)",0.9204731743766317,True,0.75,1.0
86,Greedy,V10,"(89, 86)",14.228848824350273,False,0.0,40.0
86,Auction,V1,"(61, 65)",10.143995043372414,False,0.0,24.0
86,Auction,V2,"(69, 99)",6.2199728115952215,True,4.301162633521313,1.0
86,Auction,V3,"(38, 21)",14.97351042181101,False,0.0,12.0
86,Auction,V4,"(4, 72)",3.061527954498967,True,0.19918474648704887,1.0
86,Auction,V5,"(8, 88)",0.6598489070636262,False,0.0,15.0
86,Auction,V6,"(79, 28)",2.119645712930293,False,0.0,36.0
86,Auction,V7,"(33, 31)",9.157079086903885,False,0.0,27.0
86,Auction,V8,"(36, 71)",4.166519874152712,False,0.0,16.0
86,Auction,V9,"(13, 11)",3.714556456643045,False,0.0,3.0
86,Auction,V10,"(83, 96)",8.437950064818668,False,0.0,34.0
86,Q-Learning,V1,"(59, 85)",6.492966735465622,False,0.0,20.0
86,Q-Learning,V2,"(83, 96)",8.487706859652256,True,1.0450824326185852,1.0
86,Q-Learning,V3,"(38, 21)",6.907316215177406,False,0.0,4.0
86,Q-Learning,V4,"(8, 68)",10.561223425938621,False,0.0,8.0
86,Q-Learning,V5,"(61, 65)",9.451421949927717,False,0.0,24.0
86,Q-Learning,V6,"(54, 89)",2.1307044653795337,False,0.0,36.0
86,Q-Learning,V7,"(4, 72)",2.7137218098783222,False,0.0,20.0
86,Q-Learning,V8,"(29, 99)",6.260266229714219,False,0.0,18.0
86,Q-Learning,V9,"(53, 72)",12.483169429508948,False,0.0,12.0
86,Q-Learning,V10,"(84, 94)",7.833809621030941,False,0.0,33.0
87,Greedy,V1,"(57, 56)",2.6754079396630353,False,0.0,17.0
87,Greedy,V2,"(62, 20)",6.887917978921145,True,1.711988737821457,1.0
87,Greedy,V3,"(37, 20)",2.735702879220348,True,0.0,1.0
87,Greedy,V4,"(9, 76)",0.8910242597255333,True,0.6198753270640864,1.0
87,Greedy,V5,"(93, 32)",1.1437936337485795,False,0.0,17.0
87,Greedy,V6,"(38, 72)",3.8766221120144166,False,0.0,39.0
87,Greedy,V7,"(84, 14)",4.713401337180223,False,0.0,24.0
87,Greedy,V8,"(84, 31)",2.8528000344659024,False,0.0,16.0
87,Greedy,V9,"(41, 25)",0.9204731743766317,True,0.0,1.0
87,Greedy,V10,"(89, 86)",14.228848824350273,False,0.0,41.0
87,Auction,V1,"(61, 65)",10.143995043372414,False,0.0,25.0
87,Auction,V2,"(69, 99)",6.2199728115952215,True,3.3011626335213133,1.0
87,Auction,V3,"(38, 21)",14.97351042181101,False,0.0,13.0
87,Auction,V4,"(4, 72)",3.061527954498967,True,0.0,1.0
87,Auction,V5,"(8, 88)",0.6598489070636262,False,0.0,16.0
87,Auction,V6,"(79, 28)",2.119645712930293,False,0.0,37.0
87,Auction,V7,"(33, 31)",9.157079086903885,False,0.0,28.0
87,Auction,V8,"(36, 71)",4.166519874152712,False,0.0,17.0
87,Auction,V9,"(13, 11)",3.714556456643045,False,0.0,4.0
87,Auction,V10,"(83, 96)",8.437950064818668,False,0.0,35.0
87,Q-Learning,V1,"(59, 85)",6.492966735465622,False,0.0,21.0
87,Q-Learning,V2,"(83, 96)",8.487706859652256,True,0.045082432618585244,1.0
87,Q-Learning,V3,"(38, 21)",6.907316215177406,False,0.0,5.0
87,Q-Learning,V4,"(8, 68)",10.561223425938621,False,0.0,9.0
87,Q-Learning,V5,"(61, 65)",9.451421949927717,False,0.0,25.0
87,Q-Learning,V6,"(54, 89)",2.1307044653795337,False,0.0,37.0
87,Q-Learning,V7,"(4, 72)",2.7137218098783222,False,0.0,21.0
87,Q-Learning,V8,"(29, 99)",6.260266229714219,False,0.0,19.0
87,Q-Learning,V9,"(53, 72)",12.483169429508948,False,0.0,13.0
87,Q-Learning,V10,"(84, 94)",7.833809621030941,False,0.0,34.0
88,Greedy,V1,"(57, 56)",2.6754079396630353,False,0.0,18.0
88,Greedy,V2,"(62, 20)",6.887917978921145,True,0.7119887378214571,1.0
88,Greedy,V3,"(37, 20)",2.735702879220348,False,0.0,2.0
88,Greedy,V4,"(9, 76)",0.8910242597255333,True,0.0,1.0
88,Greedy,V5,"(93, 32)",1.1437936337485795,False,0.0,18.0
88,Greedy,V6,"(38, 72)",3.8766221120144166,False,0.0,40.0
88,Greedy,V7,"(84, 14)",4.713401337180223,False,0.0,25.0
88,Greedy,V8,"(84, 31)",2.8528000344659024,False,0.0,17.0
88,Greedy,V9,"(41, 25)",0.9204731743766317,False,0.0,2.0
88,Greedy,V10,"(89, 86)",14.228848824350273,False,0.0,42.0
88,Auction,V1,"(61, 65)",10.143995043372414,False,0.0,26.0
88,Auction,V2,"(69, 99)",6.2199728115952215,True,2.3011626335213133,1.0
88,Auction,V3,"(38, 21)",14.97351042181101,False,0.0,14.0
88,Auction,V4,"(4, 72)",3.061527954498967,False,0.0,2.0
88,Auction,V5,"(8, 88)",0.6598489070636262,False,0.0,17.0
88,Auction,V6,"(79, 28)",2.119645712930293,False,0.0,38.0
88,Auction,V7,"(33, 31)",9.157079086903885,False,0.0,29.0
88,Auction,V8,"(36, 71)",4.166519874152712,False,0.0,18.0
88,Auction,V9,"(13, 11)",3.714556456643045,False,0.0,5.0
88,Auction,V10,"(83, 96)",8.437950064818668,False,0.0,36.0
88,Q-Learning,V1,"(59, 85)",6.492966735465622,False,0.0,22.0
88,Q-Learning,V2,"(83, 96)",8.487706859652256,True,0.0,1.0
88,Q-Learning,V3,"(38, 21)",6.907316215177406,False,0.0,6.0
88,Q-Learning,V4,"(8, 68)",10.561223425938621,False,0.0,10.0
88,Q-Learning,V5,"(61, 65)",9.451421949927717,False,0.0,26.0
88,Q-Learning,V6,"(54, 89)",2.1307044653795337,False,0.0,38.0
88,Q-Learning,V7,"(4, 72)",2.7137218098783222,False,0.0,22.0
88,Q-Learning,V8,"(29, 99)",6.260266229714219,False,0.0,20.0
88,Q-Learning,V9,"(53, 72)",12.483169429508948,False,0.0,14.0
88,Q-Learning,V10,"(84, 94)",7.833809621030941,False,0.0,35.0
89,Greedy,V1,"(57, 56)",2.6754079396630353,False,0.0,19.0
89,Greedy,V2,"(62, 20)",6.887917978921145,True,0.0,1.0
89,Greedy,V3,"(37, 20)",2.735702879220348,False,0.0,3.0
89,Greedy,V4,"(9, 76)",0.8910242597255333,False,0.0,2.0
89,Greedy,V5,"(93, 32)",1.1437936337485795,False,0.0,19.0
89,Greedy,V6,"(38, 72)",3.8766221120144166,False,0.0,41.0
89,Greedy,V7,"(84, 14)",4.713401337180223,False,0.0,26.0
89,Greedy,V8,"(84, 31)",2.8528000344659024,False,0.0,18.0
89,Greedy,V9,"(41, 25)",0.9204731743766317,False,0.0,3.0
89,Greedy,V10,"(89, 86)",14.228848824350273,False,0.0,43.0
89,Auction,V1,"(61, 65)",10.143995043372414,False,0.0,27.0
89,Auction,V2,"(69, 99)",6.2199728115952215,True,1.3011626335213133,1.0
89,Auction,V3,"(38, 21)",14.97351042181101,False,0.0,15.0
89,Auction,V4,"(4, 72)",3.061527954498967,False,0.0,3.0
89,Auction,V5,"(8, 88)",0.6598489070636262,False,0.0,18.0
89,Auction,V6,"(79, 28)",2.119645712930293,False,0.0,39.0
89,Auction,V7,"(33, 31)",9.157079086903885,False,0.0,30.0
89,Auction,V8,"(36, 71)",4.166519874152712,False,0.0,19.0
89,Auction,V9,"(13, 11)",3.714556456643045,False,0.0,6.0
89,Auction,V10,"(83, 96)",8.437950064818668,False,0.0,37.0
89,Q-Learning,V1,"(59, 85)",6.492966735465622,False,0.0,23.0
89,Q-Learning,V2,"(83, 96)",8.487706859652256,False,0.0,2.0
89,Q-Learning,V3,"(38, 21)",6.907316215177406,False,0.0,7.0
89,Q-Learning,V4,"(8, 68)",10.561223425938621,False,0.0,11.0
89,Q-Learning,V5,"(61, 65)",9.451421949927717,False,0.0,27.0
89,Q-Learning,V6,"(54, 89)",2.1307044653795337,False,0.0,39.0
89,Q-Learning,V7,"(4, 72)",2.7137218098783222,False,0.0,23.0
89,Q-Learning,V8,"(29, 99)",6.260266229714219,False,0.0,21.0
89,Q-Learning,V9,"(53, 72)",12.483169429508948,False,0.0,15.0
89,Q-Learning,V10,"(84, 94)",7.833809621030941,False,0.0,36.0
90,Greedy,V1,"(57, 56)",2.6754079396630353,False,0.0,20.0
90,Greedy,V2,"(62, 20)",6.887917978921145,False,0.0,2.0
90,Greedy,V3,"(37, 20)",2.735702879220348,False,0.0,4.0
90,Greedy,V4,"(9, 76)",0.8910242597255333,False,0.0,3.0
90,Greedy,V5,"(93, 32)",1.1437936337485795,False,0.0,20.0
90,Greedy,V6,"(38, 72)",3.8766221120144166,False,0.0,42.0
90,Greedy,V7,"(84, 14)",4.713401337180223,False,0.0,27.0
90,Greedy,V8,"(84, 31)",2.8528000344659024,False,0.0,19.0
90,Greedy,V9,"(41, 25)",0.9204731743766317,False,0.0,4.0
90,Greedy,V10,"(89, 86)",14.228848824350273,False,0.0,44.0
90,Auction,V1,"(61, 65)",10.143995043372414,False,0.0,28.0
90,Auction,V2,"(69, 99)",6.2199728115952215,True,0.30116263352131334,1.0
90,Auction,V3,"(38, 21)",14.97351042181101,False,0.0,16.0
90,Auction,V4,"(4, 72)",3.061527954498967,False,0.0,4.0
90,Auction,V5,"(8, 88)",0.6598489070636262,False,0.0,19.0
90,Auction,V6,"(79, 28)",2.119645712930293,False,0.0,40.0
90,Auction,V7,"(33, 31)",9.157079086903885,False,0.0,31.0
90,Auction,V8,"(36, 71)",4.166519874152712,False,0.0,20.0
90,Auction,V9,"(13, 11)",3.714556456643045,False,0.0,7.0
90,Auction,V10,"(83, 96)",8.437950064818668,False,0.0,38.0
90,Q-Learning,V1,"(59, 85)",6.492966735465622,False,0.0,24.0
90,Q-Learning,V2,"(83, 96)",8.487706859652256,False,0.0,3.0
90,Q-Learning,V3,"(38, 21)",6.907316215177406,False,0.0,8.0
90,Q-Learning,V4,"(8, 68)",10.561223425938621,False,0.0,12.0
90,Q-Learning,V5,"(61, 65)",9.451421949927717,False,0.0,28.0
90,Q-Learning,V6,"(54, 89)",2.1307044653795337,False,0.0,40.0
90,Q-Learning,V7,"(4, 72)",2.7137218098783222,False,0.0,24.0
90,Q-Learning,V8,"(29, 99)",6.260266229714219,False,0.0,22.0
90,Q-Learning,V9,"(53, 72)",12.483169429508948,False,0.0,16.0
90,Q-Learning,V10,"(84, 94)",7.833809621030941,False,0.0,37.0
91,Greedy,V1,"(57, 56)",2.6754079396630353,False,0.0,21.0
91,Greedy,V2,"(62, 20)",6.887917978921145,False,0.0,3.0
91,Greedy,V3,"(37, 20)",2.735702879220348,False,0.0,5.0
91,Greedy,V4,"(9, 76)",0.8910242597255333,False,0.0,4.0
91,Greedy,V5,"(93, 32)",1.1437936337485795,False,0.0,21.0
91,Greedy,V6,"(38, 72)",3.8766221120144166,False,0.0,43.0
91,Greedy,V7,"(84, 14)",4.713401337180223,False,0.0,28.0
91,Greedy,V8,"(84, 31)",2.8528000344659024,False,0.0,20.0
91,Greedy,V9,"(41, 25)",0.9204731743766317,False,0.0,5.0
91,Greedy,V10,"(89, 86)",14.228848824350273,False,0.0,45.0
91,Auction,V1,"(61, 65)",10.143995043372414,False,0.0,29.0
91,Auction,V2,"(69, 99)",6.2199728115952215,True,0.0,1.0
91,Auction,V3,"(38, 21)",14.97351042181101,False,0.0,17.0
91,Auction,V4,"(4, 72)",3.061527954498967,False,0.0,5.0
91,Auction,V5,"(8, 88)",0.6598489070636262,False,0.0,20.0
91,Auction,V6,"(79, 28)",2.119645712930293,False,0.0,41.0
91,Auction,V7,"(33, 31)",9.157079086903885,False,0.0,32.0
91,Auction,V8,"(36, 71)",4.166519874152712,False,0.0,21.0
91,Auction,V9,"(13, 11)",3.714556456643045,False,0.0,8.0
91,Auction,V10,"(83, 96)",8.437950064818668,False,0.0,39.0
91,Q-Learning,V1,"(59, 85)",6.492966735465622,False,0.0,25.0
91,Q-Learning,V2,"(83, 96)",8.487706859652256,False,0.0,4.0
91,Q-Learning,V3,"(38, 21)",6.907316215177406,False,0.0,9.0
91,Q-Learning,V4,"(8, 68)",10.561223425938621,False,0.0,13.0
91,Q-Learning,V5,"(61, 65)",9.451421949927717,False,0.0,29.0
91,Q-Learning,V6,"(54, 89)",2.1307044653795337,False,0.0,41.0
91,Q-Learning,V7,"(4, 72)",2.7137218098783222,False,0.0,25.0
91,Q-Learning,V8,"(29, 99)",6.260266229714219,False,0.0,23.0
91,Q-Learning,V9,"(53, 72)",12.483169429508948,False,0.0,17.0
91,Q-Learning,V10,"(84, 94)",7.833809621030941,False,0.0,38.0
92,Greedy,V1,"(57, 56)",2.6754079396630353,False,0.0,22.0
92,Greedy,V2,"(62, 20)",6.887917978921145,False,0.0,4.0
92,Greedy,V3,"(37, 20)",2.735702879220348,False,0.0,6.0
92,Greedy,V4,"(9, 76)",0.8910242597255333,False,0.0,5.0
92,Greedy,V5,"(93, 32)",1.1437936337485795,False,0.0,22.0
92,Greedy,V6,"(38, 72)",3.8766221120144166,False,0.0,44.0
92,Greedy,V7,"(84, 14)",4.713401337180223,False,0.0,29.0
92,Greedy,V8,"(84, 31)",2.8528000344659024,False,0.0,21.0
92,Greedy,V9,"(41, 25)",0.9204731743766317,False,0.0,6.0
92,Greedy,V10,"(89, 86)",14.228848824350273,False,0.0,46.0
92,Auction,V1,"(61, 65)",10.143995043372414,False,0.0,30.0
92,Auction,V2,"(69, 99)",6.2199728115952215,False,0.0,2.0
92,Auction,V3,"(38, 21)",14.97351042181101,False,0.0,18.0
92,Auction,V4,"(4, 72)",3.061527954498967,False,0.0,6.0
92,Auction,V5,"(8, 88)",0.6598489070636262,False,0.0,21.0
92,Auction,V6,"(79, 28)",2.119645712930293,False,0.0,42.0
92,Auction,V7,"(33, 31)",9.157079086903885,False,0.0,33.0
92,Auction,V8,"(36, 71)",4.166519874152712,False,0.0,22.0
92,Auction,V9,"(13, 11)",3.714556456643045,False,0.0,9.0
92,Auction,V10,"(83, 96)",8.437950064818668,False,0.0,40.0
92,Q-Learning,V1,"(59, 85)",6.492966735465622,False,0.0,26.0
92,Q-Learning,V2,"(83, 96)",8.487706859652256,False,0.0,5.0
92,Q-Learning,V3,"(38, 21)",6.907316215177406,False,0.0,10.0
92,Q-Learning,V4,"(8, 68)",10.561223425938621,False,0.0,14.0
92,Q-Learning,V5,"(61, 65)",9.451421949927717,False,0.0,30.0
92,Q-Learning,V6,"(54, 89)",2.1307044653795337,False,0.0,42.0
92,Q-Learning,V7,"(4, 72)",2.7137218098783222,False,0.0,26.0
92,Q-Learning,V8,"(29, 99)",6.260266229714219,False,0.0,24.0
92,Q-Learning,V9,"(53, 72)",12.483169429508948,False,0.0,18.0
92,Q-Learning,V10,"(84, 94)",7.833809621030941,False,0.0,39.0
93,Greedy,V1,"(57, 56)",2.6754079396630353,False,0.0,23.0
93,Greedy,V2,"(62, 20)",6.887917978921145,False,0.0,5.0
93,Greedy,V3,"(37, 20)",2.735702879220348,False,0.0,7.0
93,Greedy,V4,"(9, 76)",0.8910242597255333,False,0.0,6.0
93,Greedy,V5,"(93, 32)",1.1437936337485795,False,0.0,23.0
93,Greedy,V6,"(38, 72)",3.8766221120144166,False,0.0,45.0
93,Greedy,V7,"(84, 14)",4.713401337180223,False,0.0,30.0
93,Greedy,V8,"(84, 31)",2.8528000344659024,False,0.0,22.0
93,Greedy,V9,"(41, 25)",0.9204731743766317,False,0.0,7.0
93,Greedy,V10,"(89, 86)",14.228848824350273,False,0.0,47.0
93,Auction,V1,"(61, 65)",10.143995043372414,False,0.0,31.0
93,Auction,V2,"(69, 99)",6.2199728115952215,False,0.0,3.0
93,Auction,V3,"(38, 21)",14.97351042181101,False,0.0,19.0
93,Auction,V4,"(4, 72)",3.061527954498967,False,0.0,7.0
93,Auction,V5,"(8, 88)",0.6598489070636262,False,0.0,22.0
93,Auction,V6,"(79, 28)",2.119645712930293,False,0.0,43.0
93,Auction,V7,"(33, 31)",9.157079086903885,False,0.0,34.0
93,Auction,V8,"(36, 71)",4.166519874152712,False,0.0,23.0
93,Auction,V9,"(13, 11)",3.714556456643045,False,0.0,10.0
93,Auction,V10,"(83, 96)",8.437950064818668,False,0.0,41.0
93,Q-Learning,V1,"(59, 85)",6.492966735465622,False,0.0,27.0
93,Q-Learning,V2,"(83, 96)",8.487706859652256,False,0.0,6.0
93,Q-Learning,V3,"(38, 21)",6.907316215177406,False,0.0,11.0
93,Q-Learning,V4,"(8, 68)",10.561223425938621,False,0.0,15.0
93,Q-Learning,V5,"(61, 65)",9.451421949927717,False,0.0,31.0
93,Q-Learning,V6,"(54, 89)",2.1307044653795337,False,0.0,43.0
93,Q-Learning,V7,"(4, 72)",2.7137218098783222,False,0.0,27.0
93,Q-Learning,V8,"(29, 99)",6.260266229714219,False,0.0,25.0
93,Q-Learning,V9,"(53, 72)",12.483169429508948,False,0.0,19.0
93,Q-Learning,V10,"(84, 94)",7.833809621030941,False,0.0,40.0
94,Greedy,V1,"(57, 56)",2.6754079396630353,False,0.0,24.0
94,Greedy,V2,"(62, 20)",6.887917978921145,False,0.0,6.0
94,Greedy,V3,"(37, 20)",2.735702879220348,False,0.0,8.0
94,Greedy,V4,"(9, 76)",0.8910242597255333,False,0.0,7.0
94,Greedy,V5,"(93, 32)",1.1437936337485795,False,0.0,24.0
94,Greedy,V6,"(38, 72)",3.8766221120144166,False,0.0,46.0
94,Greedy,V7,"(84, 14)",4.713401337180223,False,0.0,31.0
94,Greedy,V8,"(84, 31)",2.8528000344659024,False,0.0,23.0
94,Greedy,V9,"(41, 25)",0.9204731743766317,False,0.0,8.0
94,Greedy,V10,"(89, 86)",14.228848824350273,False,0.0,48.0
94,Auction,V1,"(61, 65)",10.143995043372414,False,0.0,32.0
94,Auction,V2,"(69, 99)",6.2199728115952215,False,0.0,4.0
94,Auction,V3,"(38, 21)",14.97351042181101,False,0.0,20.0
94,Auction,V4,"(4, 72)",3.061527954498967,False,0.0,8.0
94,Auction,V5,"(8, 88)",0.6598489070636262,False,0.0,23.0
94,Auction,V6,"(79, 28)",2.119645712930293,False,0.0,44.0
94,Auction,V7,"(33, 31)",9.157079086903885,False,0.0,35.0
94,Auction,V8,"(36, 71)",4.166519874152712,False,0.0,24.0
94,Auction,V9,"(13, 11)",3.714556456643045,False,0.0,11.0
94,Auction,V10,"(83, 96)",8.437950064818668,False,0.0,42.0
94,Q-Learning,V1,"(59, 85)",6.492966735465622,False,0.0,28.0
94,Q-Learning,V2,"(83, 96)",8.487706859652256,False,0.0,7.0
94,Q-Learning,V3,"(38, 21)",6.907316215177406,False,0.0,12.0
94,Q-Learning,V4,"(8, 68)",10.561223425938621,False,0.0,16.0
94,Q-Learning,V5,"(61, 65)",9.451421949927717,False,0.0,32.0
94,Q-Learning,V6,"(54, 89)",2.1307044653795337,False,0.0,44.0
94,Q-Learning,V7,"(4, 72)",2.7137218098783222,False,0.0,28.0
94,Q-Learning,V8,"(29, 99)",6.260266229714219,False,0.0,26.0
94,Q-Learning,V9,"(53, 72)",12.483169429508948,False,0.0,20.0
94,Q-Learning,V10,"(84, 94)",7.833809621030941,False,0.0,41.0
95,Greedy,V1,"(57, 56)",2.6754079396630353,False,0.0,25.0
95,Greedy,V2,"(62, 20)",6.887917978921145,False,0.0,7.0
95,Greedy,V3,"(37, 20)",2.735702879220348,False,0.0,9.0
95,Greedy,V4,"(9, 76)",0.8910242597255333,False,0.0,8.0
95,Greedy,V5,"(93, 32)",1.1437936337485795,False,0.0,25.0
95,Greedy,V6,"(38, 72)",3.8766221120144166,False,0.0,47.0
95,Greedy,V7,"(84, 14)",4.713401337180223,False,0.0,32.0
95,Greedy,V8,"(84, 31)",2.8528000344659024,False,0.0,24.0
95,Greedy,V9,"(41, 25)",0.9204731743766317,False,0.0,9.0
95,Greedy,V10,"(89, 86)",14.228848824350273,False,0.0,49.0
95,Auction,V1,"(61, 65)",10.143995043372414,False,0.0,33.0
95,Auction,V2,"(69, 99)",6.2199728115952215,False,0.0,5.0
95,Auction,V3,"(38, 21)",14.97351042181101,False,0.0,21.0
95,Auction,V4,"(4, 72)",3.061527954498967,False,0.0,9.0
95,Auction,V5,"(8, 88)",0.6598489070636262,False,0.0,24.0
95,Auction,V6,"(79, 28)",2.119645712930293,False,0.0,45.0
95,Auction,V7,"(33, 31)",9.157079086903885,False,0.0,36.0
95,Auction,V8,"(36, 71)",4.166519874152712,False,0.0,25.0
95,Auction,V9,"(13, 11)",3.714556456643045,False,0.0,12.0
95,Auction,V10,"(83, 96)",8.437950064818668,False,0.0,43.0
95,Q-Learning,V1,"(59, 85)",6.492966735465622,False,0.0,29.0
95,Q-Learning,V2,"(83, 96)",8.487706859652256,False,0.0,8.0
95,Q-Learning,V3,"(38, 21)",6.907316215177406,False,0.0,13.0
95,Q-Learning,V4,"(8, 68)",10.561223425938621,False,0.0,17.0
95,Q-Learning,V5,"(61, 65)",9.451421949927717,False,0.0,33.0
95,Q-Learning,V6,"(54, 89)",2.1307044653795337,False,0.0,45.0
95,Q-Learning,V7,"(4, 72)",2.7137218098783222,False,0.0,29.0
95,Q-Learning,V8,"(29, 99)",6.260266229714219,False,0.0,27.0
95,Q-Learning,V9,"(53, 72)",12.483169429508948,False,0.0,21.0
95,Q-Learning,V10,"(84, 94)",7.833809621030941,False,0.0,42.0
96,Greedy,V1,"(57, 56)",2.6754079396630353,False,0.0,26.0
96,Greedy,V2,"(62, 20)",6.887917978921145,False,0.0,8.0
96,Greedy,V3,"(37, 20)",2.735702879220348,False,0.0,10.0
96,Greedy,V4,"(9, 76)",0.8910242597255333,False,0.0,9.0
96,Greedy,V5,"(93, 32)",1.1437936337485795,False,0.0,26.0
96,Greedy,V6,"(38, 72)",3.8766221120144166,False,0.0,48.0
96,Greedy,V7,"(84, 14)",4.713401337180223,False,0.0,33.0
96,Greedy,V8,"(84, 31)",2.8528000344659024,False,0.0,25.0
96,Greedy,V9,"(41, 25)",0.9204731743766317,False,0.0,10.0
96,Greedy,V10,"(89, 86)",14.228848824350273,False,0.0,50.0
96,Auction,V1,"(61, 65)",10.143995043372414,False,0.0,34.0
96,Auction,V2,"(69, 99)",6.2199728115952215,False,0.0,6.0
96,Auction,V3,"(38, 21)",14.97351042181101,False,0.0,22.0
96,Auction,V4,"(4, 72)",3.061527954498967,False,0.0,10.0
96,Auction,V5,"(8, 88)",0.6598489070636262,False,0.0,25.0
96,Auction,V6,"(79, 28)",2.119645712930293,False,0.0,46.0
96,Auction,V7,"(33, 31)",9.157079086903885,False,0.0,37.0
96,Auction,V8,"(36, 71)",4.166519874152712,False,0.0,26.0
96,Auction,V9,"(13, 11)",3.714556456643045,False,0.0,13.0
96,Auction,V10,"(83, 96)",8.437950064818668,False,0.0,44.0
96,Q-Learning,V1,"(59, 85)",6.492966735465622,False,0.0,30.0
96,Q-Learning,V2,"(83, 96)",8.487706859652256,False,0.0,9.0
96,Q-Learning,V3,"(38, 21)",6.907316215177406,False,0.0,14.0
96,Q-Learning,V4,"(8, 68)",10.561223425938621,False,0.0,18.0
96,Q-Learning,V5,"(61, 65)",9.451421949927717,False,0.0,34.0
96,Q-Learning,V6,"(54, 89)",2.1307044653795337,False,0.0,46.0
96,Q-Learning,V7,"(4, 72)",2.7137218098783222,False,0.0,30.0
96,Q-Learning,V8,"(29, 99)",6.260266229714219,False,0.0,28.0
96,Q-Learning,V9,"(53, 72)",12.483169429508948,False,0.0,22.0
96,Q-Learning,V10,"(84, 94)",7.833809621030941,False,0.0,43.0
97,Greedy,V1,"(57, 56)",2.6754079396630353,False,0.0,27.0
97,Greedy,V2,"(62, 20)",6.887917978921145,False,0.0,9.0
97,Greedy,V3,"(37, 20)",2.735702879220348,False,0.0,11.0
97,Greedy,V4,"(9, 76)",0.8910242597255333,False,0.0,10.0
97,Greedy,V5,"(93, 32)",1.1437936337485795,False,0.0,27.0
97,Greedy,V6,"(38, 72)",3.8766221120144166,False,0.0,49.0
97,Greedy,V7,"(84, 14)",4.713401337180223,False,0.0,34.0
97,Greedy,V8,"(84, 31)",2.8528000344659024,False,0.0,26.0
97,Greedy,V9,"(41, 25)",0.9204731743766317,False,0.0,11.0
97,Greedy,V10,"(89, 86)",14.228848824350273,False,0.0,51.0
97,Auction,V1,"(61, 65)",10.143995043372414,False,0.0,35.0
97,Auction,V2,"(69, 99)",6.2199728115952215,False,0.0,7.0
97,Auction,V3,"(38, 21)",14.97351042181101,False,0.0,23.0
97,Auction,V4,"(4, 72)",3.061527954498967,False,0.0,11.0
97,Auction,V5,"(8, 88)",0.6598489070636262,False,0.0,26.0
97,Auction,V6,"(79, 28)",2.119645712930293,False,0.0,47.0
97,Auction,V7,"(33, 31)",9.157079086903885,False,0.0,38.0
97,Auction,V8,"(36, 71)",4.166519874152712,False,0.0,27.0
97,Auction,V9,"(13, 11)",3.714556456643045,False,0.0,14.0
97,Auction,V10,"(83, 96)",8.437950064818668,False,0.0,45.0
97,Q-Learning,V1,"(59, 85)",6.492966735465622,False,0.0,31.0
97,Q-Learning,V2,"(83, 96)",8.487706859652256,False,0.0,10.0
97,Q-Learning,V3,"(38, 21)",6.907316215177406,False,0.0,15.0
97,Q-Learning,V4,"(8, 68)",10.561223425938621,False,0.0,19.0
97,Q-Learning,V5,"(61, 65)",9.451421949927717,False,0.0,35.0
97,Q-Learning,V6,"(54, 89)",2.1307044653795337,False,0.0,47.0
97,Q-Learning,V7,"(4, 72)",2.7137218098783222,False,0.0,31.0
97,Q-Learning,V8,"(29, 99)",6.260266229714219,False,0.0,29.0
97,Q-Learning,V9,"(53, 72)",12.483169429508948,False,0.0,23.0
97,Q-Learning,V10,"(84, 94)",7.833809621030941,False,0.0,44.0
98,Greedy,V1,"(57, 56)",2.6754079396630353,False,0.0,28.0
98,Greedy,V2,"(62, 20)",6.887917978921145,False,0.0,10.0
98,Greedy,V3,"(37, 20)",2.735702879220348,False,0.0,12.0
98,Greedy,V4,"(9, 76)",0.8910242597255333,False,0.0,11.0
98,Greedy,V5,"(93, 32)",1.1437936337485795,False,0.0,28.0
98,Greedy,V6,"(38, 72)",3.8766221120144166,False,0.0,50.0
98,Greedy,V7,"(84, 14)",4.713401337180223,False,0.0,35.0
98,Greedy,V8,"(84, 31)",2.8528000344659024,False,0.0,27.0
98,Greedy,V9,"(41, 25)",0.9204731743766317,False,0.0,12.0
98,Greedy,V10,"(89, 86)",14.228848824350273,False,0.0,52.0
98,Auction,V1,"(61, 65)",10.143995043372414,False,0.0,36.0
98,Auction,V2,"(69, 99)",6.2199728115952215,False,0.0,8.0
98,Auction,V3,"(38, 21)",14.97351042181101,False,0.0,24.0
98,Auction,V4,"(4, 72)",3.061527954498967,False,0.0,12.0
98,Auction,V5,"(8, 88)",0.6598489070636262,False,0.0,27.0
98,Auction,V6,"(79, 28)",2.119645712930293,False,0.0,48.0
98,Auction,V7,"(33, 31)",9.157079086903885,False,0.0,39.0
98,Auction,V8,"(36, 71)",4.166519874152712,False,0.0,28.0
98,Auction,V9,"(13, 11)",3.714556456643045,False,0.0,15.0
98,Auction,V10,"(83, 96)",8.437950064818668,False,0.0,46.0
98,Q-Learning,V1,"(59, 85)",6.492966735465622,False,0.0,32.0
98,Q-Learning,V2,"(83, 96)",8.487706859652256,False,0.0,11.0
98,Q-Learning,V3,"(38, 21)",6.907316215177406,False,0.0,16.0
98,Q-Learning,V4,"(8, 68)",10.561223425938621,False,0.0,20.0
98,Q-Learning,V5,"(61, 65)",9.451421949927717,False,0.0,36.0
98,Q-Learning,V6,"(54, 89)",2.1307044653795337,False,0.0,48.0
98,Q-Learning,V7,"(4, 72)",2.7137218098783222,False,0.0,32.0
98,Q-Learning,V8,"(29, 99)",6.260266229714219,False,0.0,30.0
98,Q-Learning,V9,"(53, 72)",12.483169429508948,False,0.0,24.0
98,Q-Learning,V10,"(84, 94)",7.833809621030941,False,0.0,45.0
99,Greedy,V1,"(57, 56)",2.6754079396630353,False,0.0,29.0
99,Greedy,V2,"(62, 20)",6.887917978921145,False,0.0,11.0
99,Greedy,V3,"(37, 20)",2.735702879220348,False,0.0,13.0
99,Greedy,V4,"(9, 76)",0.8910242597255333,False,0.0,12.0
99,Greedy,V5,"(93, 32)",1.1437936337485795,False,0.0,29.0
99,Greedy,V6,"(38, 72)",3.8766221120144166,False,0.0,51.0
99,Greedy,V7,"(84, 14)",4.713401337180223,False,0.0,36.0
99,Greedy,V8,"(84, 31)",2.8528000344659024,False,0.0,28.0
99,Greedy,V9,"(41, 25)",0.9204731743766317,False,0.0,13.0
99,Greedy,V10,"(89, 86)",14.228848824350273,False,0.0,53.0
99,Auction,V1,"(61, 65)",10.143995043372414,False,0.0,37.0
99,Auction,V2,"(69, 99)",6.2199728115952215,False,0.0,9.0
99,Auction,V3,"(38, 21)",14.97351042181101,False,0.0,25.0
99,Auction,V4,"(4, 72)",3.061527954498967,False,0.0,13.0
99,Auction,V5,"(8, 88)",0.6598489070636262,False,0.0,28.0
99,Auction,V6,"(79, 28)",2.119645712930293,False,0.0,49.0
99,Auction,V7,"(33, 31)",9.157079086903885,False,0.0,40.0
99,Auction,V8,"(36, 71)",4.166519874152712,False,0.0,29.0
99,Auction,V9,"(13, 11)",3.714556456643045,False,0.0,16.0
99,Auction,V10,"(83, 96)",8.437950064818668,False,0.0,47.0
99,Q-Learning,V1,"(59, 85)",6.492966735465622,False,0.0,33.0
99,Q-Learning,V2,"(83, 96)",8.487706859652256,False,0.0,12.0
99,Q-Learning,V3,"(38, 21)",6.907316215177406,False,0.0,17.0
99,Q-Learning,V4,"(8, 68)",10.561223425938621,False,0.0,21.0
99,Q-Learning,V5,"(61, 65)",9.451421949927717,False,0.0,37.0
99,Q-Learning,V6,"(54, 89)",2.1307044653795337,False,0.0,49.0
99,Q-Learning,V7,"(4, 72)",2.7137218098783222,False,0.0,33.0
99,Q-Learning,V8,"(29, 99)",6.260266229714219,False,0.0,31.0
99,Q-Learning,V9,"(53, 72)",12.483169429508948,False,0.0,25.0
99,Q-Learning,V10,"(84, 94)",7.833809621030941,False,0.0,46.0
