time_step,method,task_id,position,urgency,duration
0,Greedy,T1,"(20, 33)",4,21.0
0,Greedy,T2,"(77, 33)",1,21.0
0,Greedy,T3,"(98, 7)",8,16.0
0,Greedy,T4,"(15, 97)",7,17.0
0,Greedy,T5,"(16, 69)",4,11.0
0,Greedy,T6,"(5, 39)",2,12.0
0,Greedy,T7,"(70, 38)",6,17.0
0,Greedy,T8,"(21, 16)",2,11.0
0,Greedy,T9,"(42, 100)",9,10.0
0,Greedy,T10,"(31, 5)",6,15.0
0,Auction,T1,"(20, 33)",4,21.0
0,Auction,T2,"(77, 33)",1,21.0
0,Auction,T3,"(98, 7)",8,16.0
0,Auction,T4,"(15, 97)",7,17.0
0,Auction,T5,"(16, 69)",4,11.0
0,Auction,T6,"(5, 39)",2,12.0
0,Auction,T7,"(70, 38)",6,17.0
0,Auction,T8,"(21, 16)",2,11.0
0,Auction,T9,"(42, 100)",9,10.0
0,Auction,T10,"(31, 5)",6,15.0
0,Q-Learning,T1,"(20, 33)",4,21.0
0,Q-Learning,T2,"(77, 33)",1,21.0
0,Q-Learning,T3,"(98, 7)",8,16.0
0,Q-Learning,T4,"(15, 97)",7,17.0
0,Q-Learning,T5,"(16, 69)",4,11.0
0,Q-Learning,T6,"(5, 39)",2,12.0
0,Q-Learning,T7,"(70, 38)",6,17.0
0,Q-Learning,T8,"(21, 16)",2,11.0
0,Q-Learning,T9,"(42, 100)",9,10.0
0,Q-Learning,T10,"(31, 5)",6,15.0
2,Greedy,D1,"(84, 16)",9,28.0
2,Auction,D1,"(84, 16)",9,28.0
2,Q-Learning,D1,"(84, 16)",9,28.0
3,Greedy,D1,"(84, 16)",10,28.0
3,Auction,D1,"(84, 16)",10,28.0
3,Q-Learning,D1,"(84, 16)",10,28.0
4,Greedy,D1,"(84, 16)",11,28.0
4,Greedy,D2,"(38, 63)",10,25.0
4,Auction,D1,"(84, 16)",11,28.0
4,Auction,D2,"(38, 63)",10,25.0
4,Q-Learning,D1,"(84, 16)",11,28.0
4,Q-Learning,D2,"(38, 63)",10,25.0
5,Greedy,D1,"(84, 16)",12,28.0
5,Greedy,D2,"(38, 63)",11,25.0
5,Auction,D1,"(84, 16)",12,28.0
5,Auction,D2,"(38, 63)",11,25.0
5,Q-Learning,D1,"(84, 16)",12,28.0
5,Q-Learning,D2,"(38, 63)",11,25.0
6,Greedy,D1,"(84, 16)",13,28.0
6,Greedy,D2,"(38, 63)",12,25.0
6,Greedy,D3,"(69, 43)",5,14.0
6,Auction,D1,"(84, 16)",13,28.0
6,Auction,D2,"(38, 63)",12,25.0
6,Auction,D3,"(69, 43)",5,14.0
6,Q-Learning,D1,"(84, 16)",13,28.0
6,Q-Learning,D2,"(38, 63)",12,25.0
6,Q-Learning,D3,"(69, 43)",5,14.0
7,Greedy,D1,"(84, 16)",14,28.0
7,Greedy,D2,"(38, 63)",13,25.0
7,Greedy,D3,"(69, 43)",6,14.0
7,Auction,D1,"(84, 16)",14,28.0
7,Auction,D2,"(38, 63)",13,25.0
7,Auction,D3,"(69, 43)",6,14.0
7,Q-Learning,D1,"(84, 16)",14,28.0
7,Q-Learning,D2,"(38, 63)",13,25.0
7,Q-Learning,D3,"(69, 43)",6,14.0
8,Greedy,D1,"(84, 16)",15,28.0
8,Greedy,D2,"(38, 63)",14,25.0
8,Greedy,D3,"(69, 43)",7,14.0
8,Auction,D1,"(84, 16)",15,28.0
8,Auction,D2,"(38, 63)",14,25.0
8,Auction,D3,"(69, 43)",7,14.0
8,Q-Learning,D1,"(84, 16)",15,28.0
8,Q-Learning,D2,"(38, 63)",14,25.0
8,Q-Learning,D3,"(69, 43)",7,14.0
9,Greedy,D1,"(84, 16)",16,28.0
9,Greedy,D2,"(38, 63)",15,25.0
9,Greedy,D3,"(69, 43)",8,14.0
9,Greedy,D4,"(63, 13)",3,13.0
9,Auction,D1,"(84, 16)",16,28.0
9,Auction,D2,"(38, 63)",15,25.0
9,Auction,D3,"(69, 43)",8,14.0
9,Auction,D4,"(63, 13)",3,13.0
9,Q-Learning,D1,"(84, 16)",16,28.0
9,Q-Learning,D2,"(38, 63)",15,25.0
9,Q-Learning,D3,"(69, 43)",8,14.0
9,Q-Learning,D4,"(63, 13)",3,13.0
10,Greedy,D1,"(84, 16)",17,28.0
10,Greedy,D2,"(38, 63)",16,25.0
10,Greedy,D3,"(69, 43)",9,14.0
10,Greedy,D4,"(63, 13)",4,13.0
10,Auction,D1,"(84, 16)",17,28.0
10,Auction,D2,"(38, 63)",16,25.0
10,Auction,D3,"(69, 43)",9,14.0
10,Auction,D4,"(63, 13)",4,13.0
10,Q-Learning,D1,"(84, 16)",17,28.0
10,Q-Learning,D2,"(38, 63)",16,25.0
10,Q-Learning,D3,"(69, 43)",9,14.0
10,Q-Learning,D4,"(63, 13)",4,13.0
11,Greedy,D1,"(84, 16)",18,28.0
11,Greedy,D2,"(38, 63)",17,25.0
11,Greedy,D3,"(69, 43)",10,14.0
11,Greedy,D4,"(63, 13)",5,13.0
11,Auction,D1,"(84, 16)",18,28.0
11,Auction,D2,"(38, 63)",17,25.0
11,Auction,D3,"(69, 43)",10,14.0
11,Auction,D4,"(63, 13)",5,13.0
11,Q-Learning,D1,"(84, 16)",18,28.0
11,Q-Learning,D2,"(38, 63)",17,25.0
11,Q-Learning,D3,"(69, 43)",10,14.0
11,Q-Learning,D4,"(63, 13)",5,13.0
12,Greedy,D1,"(84, 16)",19,28.0
12,Greedy,D2,"(38, 63)",18,25.0
12,Greedy,D3,"(69, 43)",11,14.0
12,Greedy,D4,"(63, 13)",6,13.0
12,Greedy,D5,"(20, 3)",2,16.0
12,Auction,D1,"(84, 16)",19,28.0
12,Auction,D2,"(38, 63)",18,25.0
12,Auction,D3,"(69, 43)",11,14.0
12,Auction,D4,"(63, 13)",6,13.0
12,Auction,D5,"(20, 3)",2,16.0
12,Q-Learning,D1,"(84, 16)",19,28.0
12,Q-Learning,D2,"(38, 63)",18,25.0
12,Q-Learning,D3,"(69, 43)",11,14.0
12,Q-Learning,D4,"(63, 13)",6,13.0
12,Q-Learning,D5,"(20, 3)",2,16.0
13,Greedy,D1,"(84, 16)",20,28.0
13,Greedy,D2,"(38, 63)",19,25.0
13,Greedy,D3,"(69, 43)",12,14.0
13,Greedy,D4,"(63, 13)",7,13.0
13,Greedy,D5,"(20, 3)",3,16.0
13,Greedy,D6,"(5, 41)",1,21.0
13,Auction,D1,"(84, 16)",20,28.0
13,Auction,D2,"(38, 63)",19,25.0
13,Auction,D3,"(69, 43)",12,14.0
13,Auction,D4,"(63, 13)",7,13.0
13,Auction,D5,"(20, 3)",3,16.0
13,Auction,D6,"(5, 41)",1,21.0
13,Q-Learning,D1,"(84, 16)",20,28.0
13,Q-Learning,D2,"(38, 63)",19,25.0
13,Q-Learning,D3,"(69, 43)",12,14.0
13,Q-Learning,D4,"(63, 13)",7,13.0
13,Q-Learning,D5,"(20, 3)",3,16.0
13,Q-Learning,D6,"(5, 41)",1,21.0
14,Greedy,D2,"(38, 63)",20,25.0
14,Greedy,D3,"(69, 43)",13,14.0
14,Greedy,D4,"(63, 13)",8,13.0
14,Greedy,D5,"(20, 3)",4,16.0
14,Greedy,D6,"(5, 41)",2,21.0
14,Auction,D3,"(69, 43)",13,14.0
14,Auction,D4,"(63, 13)",8,13.0
14,Auction,D5,"(20, 3)",4,16.0
14,Auction,D6,"(5, 41)",2,21.0
14,Q-Learning,D1,"(84, 16)",21,28.0
14,Q-Learning,D3,"(69, 43)",13,14.0
14,Q-Learning,D4,"(63, 13)",8,13.0
14,Q-Learning,D5,"(20, 3)",4,16.0
14,Q-Learning,D6,"(5, 41)",2,21.0
15,Greedy,D2,"(38, 63)",21,25.0
15,Greedy,D3,"(69, 43)",14,14.0
15,Greedy,D4,"(63, 13)",9,13.0
15,Greedy,D5,"(20, 3)",5,16.0
15,Greedy,D6,"(5, 41)",3,21.0
15,Auction,D3,"(69, 43)",14,14.0
15,Auction,D4,"(63, 13)",9,13.0
15,Auction,D5,"(20, 3)",5,16.0
15,Auction,D6,"(5, 41)",3,21.0
15,Q-Learning,D1,"(84, 16)",22,28.0
15,Q-Learning,D3,"(69, 43)",14,14.0
15,Q-Learning,D4,"(63, 13)",9,13.0
15,Q-Learning,D5,"(20, 3)",5,16.0
15,Q-Learning,D6,"(5, 41)",3,21.0
16,Greedy,D2,"(38, 63)",22,25.0
16,Greedy,D3,"(69, 43)",15,14.0
16,Greedy,D4,"(63, 13)",10,13.0
16,Greedy,D5,"(20, 3)",6,16.0
16,Greedy,D6,"(5, 41)",4,21.0
16,Greedy,D7,"(48, 59)",9,14.0
16,Auction,D3,"(69, 43)",15,14.0
16,Auction,D4,"(63, 13)",10,13.0
16,Auction,D5,"(20, 3)",6,16.0
16,Auction,D6,"(5, 41)",4,21.0
16,Auction,D7,"(48, 59)",9,14.0
16,Q-Learning,D1,"(84, 16)",23,28.0
16,Q-Learning,D3,"(69, 43)",15,14.0
16,Q-Learning,D4,"(63, 13)",10,13.0
16,Q-Learning,D5,"(20, 3)",6,16.0
16,Q-Learning,D6,"(5, 41)",4,21.0
16,Q-Learning,D7,"(48, 59)",9,14.0
17,Greedy,D3,"(69, 43)",16,14.0
17,Greedy,D4,"(63, 13)",11,13.0
17,Greedy,D5,"(20, 3)",7,16.0
17,Greedy,D6,"(5, 41)",5,21.0
17,Greedy,D7,"(48, 59)",10,14.0
17,Greedy,D8,"(3, 6)",10,16.0
17,Auction,D3,"(69, 43)",16,14.0
17,Auction,D4,"(63, 13)",11,13.0
17,Auction,D5,"(20, 3)",7,16.0
17,Auction,D6,"(5, 41)",5,21.0
17,Auction,D7,"(48, 59)",10,14.0
17,Auction,D8,"(3, 6)",10,16.0
17,Q-Learning,D3,"(69, 43)",16,14.0
17,Q-Learning,D4,"(63, 13)",11,13.0
17,Q-Learning,D5,"(20, 3)",7,16.0
17,Q-Learning,D6,"(5, 41)",5,21.0
17,Q-Learning,D7,"(48, 59)",10,14.0
17,Q-Learning,D8,"(3, 6)",10,16.0
18,Greedy,D3,"(69, 43)",17,14.0
18,Greedy,D4,"(63, 13)",12,13.0
18,Greedy,D5,"(20, 3)",8,16.0
18,Greedy,D6,"(5, 41)",6,21.0
18,Greedy,D7,"(48, 59)",11,14.0
18,Greedy,D8,"(3, 6)",11,16.0
18,Auction,D3,"(69, 43)",17,14.0
18,Auction,D4,"(63, 13)",12,13.0
18,Auction,D5,"(20, 3)",8,16.0
18,Auction,D6,"(5, 41)",6,21.0
18,Auction,D7,"(48, 59)",11,14.0
18,Auction,D8,"(3, 6)",11,16.0
18,Q-Learning,D3,"(69, 43)",17,14.0
18,Q-Learning,D4,"(63, 13)",12,13.0
18,Q-Learning,D5,"(20, 3)",8,16.0
18,Q-Learning,D6,"(5, 41)",6,21.0
18,Q-Learning,D7,"(48, 59)",11,14.0
18,Q-Learning,D8,"(3, 6)",11,16.0
19,Greedy,D4,"(63, 13)",13,13.0
19,Greedy,D5,"(20, 3)",9,16.0
19,Greedy,D6,"(5, 41)",7,21.0
19,Greedy,D7,"(48, 59)",12,14.0
19,Greedy,D8,"(3, 6)",12,16.0
19,Auction,D3,"(69, 43)",18,14.0
19,Auction,D4,"(63, 13)",13,13.0
19,Auction,D6,"(5, 41)",7,21.0
19,Auction,D7,"(48, 59)",12,14.0
19,Auction,D8,"(3, 6)",12,16.0
19,Q-Learning,D5,"(20, 3)",9,16.0
19,Q-Learning,D6,"(5, 41)",7,21.0
19,Q-Learning,D7,"(48, 59)",12,14.0
19,Q-Learning,D8,"(3, 6)",12,16.0
20,Greedy,D5,"(20, 3)",10,16.0
20,Greedy,D6,"(5, 41)",8,21.0
20,Greedy,D7,"(48, 59)",13,14.0
20,Greedy,D8,"(3, 6)",13,16.0
20,Auction,D3,"(69, 43)",19,14.0
20,Auction,D4,"(63, 13)",14,13.0
20,Auction,D6,"(5, 41)",8,21.0
20,Q-Learning,D5,"(20, 3)",10,16.0
20,Q-Learning,D6,"(5, 41)",8,21.0
21,Greedy,D5,"(20, 3)",11,16.0
21,Greedy,D6,"(5, 41)",9,21.0
21,Greedy,D7,"(48, 59)",14,14.0
21,Greedy,D8,"(3, 6)",14,16.0
21,Greedy,D9,"(9, 12)",6,30.0
21,Auction,D4,"(63, 13)",15,13.0
21,Auction,D6,"(5, 41)",9,21.0
21,Auction,D9,"(9, 12)",6,30.0
21,Q-Learning,D5,"(20, 3)",11,16.0
21,Q-Learning,D6,"(5, 41)",9,21.0
21,Q-Learning,D9,"(9, 12)",6,30.0
22,Greedy,D5,"(20, 3)",12,16.0
22,Greedy,D6,"(5, 41)",10,21.0
22,Greedy,D8,"(3, 6)",15,16.0
22,Greedy,D9,"(9, 12)",7,30.0
22,Auction,D4,"(63, 13)",16,13.0
22,Auction,D6,"(5, 41)",10,21.0
22,Auction,D9,"(9, 12)",7,30.0
22,Q-Learning,D5,"(20, 3)",12,16.0
22,Q-Learning,D6,"(5, 41)",10,21.0
22,Q-Learning,D9,"(9, 12)",7,30.0
23,Greedy,D5,"(20, 3)",13,16.0
23,Greedy,D6,"(5, 41)",11,21.0
23,Greedy,D9,"(9, 12)",8,30.0
23,Auction,D4,"(63, 13)",17,13.0
23,Auction,D9,"(9, 12)",8,30.0
23,Q-Learning,D6,"(5, 41)",11,21.0
23,Q-Learning,D9,"(9, 12)",8,30.0
24,Greedy,D6,"(5, 41)",12,21.0
24,Greedy,D9,"(9, 12)",9,30.0
24,Greedy,D10,"(99, 33)",10,30.0
24,Auction,D4,"(63, 13)",18,13.0
24,Auction,D9,"(9, 12)",9,30.0
24,Auction,D10,"(99, 33)",10,30.0
24,Q-Learning,D6,"(5, 41)",12,21.0
24,Q-Learning,D9,"(9, 12)",9,30.0
25,Greedy,D6,"(5, 41)",13,21.0
25,Greedy,D9,"(9, 12)",10,30.0
25,Greedy,D10,"(99, 33)",11,30.0
25,Auction,D4,"(63, 13)",19,13.0
25,Auction,D9,"(9, 12)",10,30.0
25,Auction,D10,"(99, 33)",11,30.0
25,Q-Learning,D6,"(5, 41)",13,21.0
25,Q-Learning,D9,"(9, 12)",10,30.0
26,Greedy,D9,"(9, 12)",11,30.0
26,Greedy,D10,"(99, 33)",12,30.0
26,Auction,D9,"(9, 12)",11,30.0
26,Auction,D10,"(99, 33)",12,30.0
26,Q-Learning,D6,"(5, 41)",14,21.0
26,Q-Learning,D9,"(9, 12)",11,30.0
27,Greedy,D9,"(9, 12)",12,30.0
27,Greedy,D10,"(99, 33)",13,30.0
27,Greedy,D11,"(68, 61)",3,29.0
27,Auction,D9,"(9, 12)",12,30.0
27,Auction,D10,"(99, 33)",13,30.0
27,Auction,D11,"(68, 61)",3,29.0
27,Q-Learning,D6,"(5, 41)",15,21.0
27,Q-Learning,D9,"(9, 12)",12,30.0
27,Q-Learning,D11,"(68, 61)",3,29.0
28,Greedy,D9,"(9, 12)",13,30.0
28,Greedy,D10,"(99, 33)",14,30.0
28,Greedy,D11,"(68, 61)",4,29.0
28,Auction,D9,"(9, 12)",13,30.0
28,Auction,D10,"(99, 33)",14,30.0
28,Auction,D11,"(68, 61)",4,29.0
28,Q-Learning,D6,"(5, 41)",16,21.0
28,Q-Learning,D9,"(9, 12)",13,30.0
28,Q-Learning,D11,"(68, 61)",4,29.0
29,Greedy,D9,"(9, 12)",14,30.0
29,Greedy,D11,"(68, 61)",5,29.0
29,Greedy,D12,"(79, 43)",1,28.0
29,Auction,D9,"(9, 12)",14,30.0
29,Auction,D10,"(99, 33)",15,30.0
29,Auction,D11,"(68, 61)",5,29.0
29,Auction,D12,"(79, 43)",1,28.0
29,Q-Learning,D6,"(5, 41)",17,21.0
29,Q-Learning,D9,"(9, 12)",14,30.0
29,Q-Learning,D11,"(68, 61)",5,29.0
29,Q-Learning,D12,"(79, 43)",1,28.0
30,Greedy,D9,"(9, 12)",15,30.0
30,Greedy,D11,"(68, 61)",6,29.0
30,Greedy,D12,"(79, 43)",2,28.0
30,Greedy,D13,"(66, 15)",3,19.0
30,Auction,D9,"(9, 12)",15,30.0
30,Auction,D10,"(99, 33)",16,30.0
30,Auction,D11,"(68, 61)",6,29.0
30,Auction,D12,"(79, 43)",2,28.0
30,Auction,D13,"(66, 15)",3,19.0
30,Q-Learning,D6,"(5, 41)",18,21.0
30,Q-Learning,D9,"(9, 12)",15,30.0
30,Q-Learning,D11,"(68, 61)",6,29.0
30,Q-Learning,D12,"(79, 43)",2,28.0
30,Q-Learning,D13,"(66, 15)",3,19.0
31,Greedy,D9,"(9, 12)",16,30.0
31,Greedy,D11,"(68, 61)",7,29.0
31,Greedy,D12,"(79, 43)",3,28.0
31,Greedy,D13,"(66, 15)",4,19.0
31,Auction,D9,"(9, 12)",16,30.0
31,Auction,D11,"(68, 61)",7,29.0
31,Auction,D12,"(79, 43)",3,28.0
31,Auction,D13,"(66, 15)",4,19.0
31,Q-Learning,D6,"(5, 41)",19,21.0
31,Q-Learning,D9,"(9, 12)",16,30.0
31,Q-Learning,D11,"(68, 61)",7,29.0
31,Q-Learning,D12,"(79, 43)",3,28.0
31,Q-Learning,D13,"(66, 15)",4,19.0
32,Greedy,D11,"(68, 61)",8,29.0
32,Greedy,D12,"(79, 43)",4,28.0
32,Greedy,D13,"(66, 15)",5,19.0
32,Greedy,D14,"(58, 64)",8,14.0
32,Auction,D9,"(9, 12)",17,30.0
32,Auction,D11,"(68, 61)",8,29.0
32,Auction,D12,"(79, 43)",4,28.0
32,Auction,D13,"(66, 15)",5,19.0
32,Auction,D14,"(58, 64)",8,14.0
32,Q-Learning,D9,"(9, 12)",17,30.0
32,Q-Learning,D11,"(68, 61)",8,29.0
32,Q-Learning,D12,"(79, 43)",4,28.0
32,Q-Learning,D13,"(66, 15)",5,19.0
32,Q-Learning,D14,"(58, 64)",8,14.0
33,Greedy,D11,"(68, 61)",9,29.0
33,Greedy,D12,"(79, 43)",5,28.0
33,Greedy,D13,"(66, 15)",6,19.0
33,Greedy,D14,"(58, 64)",9,14.0
33,Greedy,D15,"(69, 24)",4,24.0
33,Auction,D9,"(9, 12)",18,30.0
33,Auction,D11,"(68, 61)",9,29.0
33,Auction,D12,"(79, 43)",5,28.0
33,Auction,D13,"(66, 15)",6,19.0
33,Auction,D14,"(58, 64)",9,14.0
33,Auction,D15,"(69, 24)",4,24.0
33,Q-Learning,D9,"(9, 12)",18,30.0
33,Q-Learning,D11,"(68, 61)",9,29.0
33,Q-Learning,D12,"(79, 43)",5,28.0
33,Q-Learning,D13,"(66, 15)",6,19.0
33,Q-Learning,D14,"(58, 64)",9,14.0
33,Q-Learning,D15,"(69, 24)",4,24.0
34,Greedy,D11,"(68, 61)",10,29.0
34,Greedy,D12,"(79, 43)",6,28.0
34,Greedy,D13,"(66, 15)",7,19.0
34,Greedy,D14,"(58, 64)",10,14.0
34,Greedy,D15,"(69, 24)",5,24.0
34,Auction,D9,"(9, 12)",19,30.0
34,Auction,D11,"(68, 61)",10,29.0
34,Auction,D12,"(79, 43)",6,28.0
34,Auction,D13,"(66, 15)",7,19.0
34,Auction,D14,"(58, 64)",10,14.0
34,Auction,D15,"(69, 24)",5,24.0
34,Q-Learning,D9,"(9, 12)",19,30.0
34,Q-Learning,D11,"(68, 61)",10,29.0
34,Q-Learning,D12,"(79, 43)",6,28.0
34,Q-Learning,D13,"(66, 15)",7,19.0
34,Q-Learning,D14,"(58, 64)",10,14.0
34,Q-Learning,D15,"(69, 24)",5,24.0
35,Greedy,D11,"(68, 61)",11,29.0
35,Greedy,D12,"(79, 43)",7,28.0
35,Greedy,D13,"(66, 15)",8,19.0
35,Greedy,D14,"(58, 64)",11,14.0
35,Greedy,D15,"(69, 24)",6,24.0
35,Greedy,D16,"(87, 50)",4,25.0
35,Auction,D9,"(9, 12)",20,30.0
35,Auction,D11,"(68, 61)",11,29.0
35,Auction,D12,"(79, 43)",7,28.0
35,Auction,D13,"(66, 15)",8,19.0
35,Auction,D14,"(58, 64)",11,14.0
35,Auction,D15,"(69, 24)",6,24.0
35,Auction,D16,"(87, 50)",4,25.0
35,Q-Learning,D9,"(9, 12)",20,30.0
35,Q-Learning,D11,"(68, 61)",11,29.0
35,Q-Learning,D12,"(79, 43)",7,28.0
35,Q-Learning,D13,"(66, 15)",8,19.0
35,Q-Learning,D14,"(58, 64)",11,14.0
35,Q-Learning,D15,"(69, 24)",6,24.0
35,Q-Learning,D16,"(87, 50)",4,25.0
36,Greedy,D11,"(68, 61)",12,29.0
36,Greedy,D12,"(79, 43)",8,28.0
36,Greedy,D13,"(66, 15)",9,19.0
36,Greedy,D14,"(58, 64)",12,14.0
36,Greedy,D15,"(69, 24)",7,24.0
36,Greedy,D16,"(87, 50)",5,25.0
36,Greedy,D17,"(76, 91)",1,30.0
36,Auction,D9,"(9, 12)",21,30.0
36,Auction,D11,"(68, 61)",12,29.0
36,Auction,D12,"(79, 43)",8,28.0
36,Auction,D13,"(66, 15)",9,19.0
36,Auction,D14,"(58, 64)",12,14.0
36,Auction,D15,"(69, 24)",7,24.0
36,Auction,D16,"(87, 50)",5,25.0
36,Auction,D17,"(76, 91)",1,30.0
36,Q-Learning,D9,"(9, 12)",21,30.0
36,Q-Learning,D11,"(68, 61)",12,29.0
36,Q-Learning,D12,"(79, 43)",8,28.0
36,Q-Learning,D13,"(66, 15)",9,19.0
36,Q-Learning,D15,"(69, 24)",7,24.0
36,Q-Learning,D16,"(87, 50)",5,25.0
36,Q-Learning,D17,"(76, 91)",1,30.0
37,Greedy,D11,"(68, 61)",13,29.0
37,Greedy,D12,"(79, 43)",9,28.0
37,Greedy,D13,"(66, 15)",10,19.0
37,Greedy,D14,"(58, 64)",13,14.0
37,Greedy,D15,"(69, 24)",8,24.0
37,Greedy,D16,"(87, 50)",6,25.0
37,Greedy,D17,"(76, 91)",2,30.0
37,Greedy,D18,"(49, 36)",5,20.0
37,Auction,D11,"(68, 61)",13,29.0
37,Auction,D13,"(66, 15)",10,19.0
37,Auction,D14,"(58, 64)",13,14.0
37,Auction,D16,"(87, 50)",6,25.0
37,Auction,D17,"(76, 91)",2,30.0
37,Auction,D18,"(49, 36)",5,20.0
37,Q-Learning,D9,"(9, 12)",22,30.0
37,Q-Learning,D11,"(68, 61)",13,29.0
37,Q-Learning,D12,"(79, 43)",9,28.0
37,Q-Learning,D15,"(69, 24)",8,24.0
37,Q-Learning,D16,"(87, 50)",6,25.0
37,Q-Learning,D17,"(76, 91)",2,30.0
37,Q-Learning,D18,"(49, 36)",5,20.0
38,Greedy,D11,"(68, 61)",14,29.0
38,Greedy,D12,"(79, 43)",10,28.0
38,Greedy,D13,"(66, 15)",11,19.0
38,Greedy,D14,"(58, 64)",14,14.0
38,Greedy,D15,"(69, 24)",9,24.0
38,Greedy,D16,"(87, 50)",7,25.0
38,Greedy,D17,"(76, 91)",3,30.0
38,Greedy,D18,"(49, 36)",6,20.0
38,Greedy,D19,"(84, 7)",9,28.0
38,Auction,D11,"(68, 61)",14,29.0
38,Auction,D13,"(66, 15)",11,19.0
38,Auction,D14,"(58, 64)",14,14.0
38,Auction,D16,"(87, 50)",7,25.0
38,Auction,D17,"(76, 91)",3,30.0
38,Auction,D18,"(49, 36)",6,20.0
38,Auction,D19,"(84, 7)",9,28.0
38,Q-Learning,D9,"(9, 12)",23,30.0
38,Q-Learning,D11,"(68, 61)",14,29.0
38,Q-Learning,D12,"(79, 43)",10,28.0
38,Q-Learning,D15,"(69, 24)",9,24.0
38,Q-Learning,D16,"(87, 50)",7,25.0
38,Q-Learning,D17,"(76, 91)",3,30.0
38,Q-Learning,D18,"(49, 36)",6,20.0
38,Q-Learning,D19,"(84, 7)",9,28.0
39,Greedy,D12,"(79, 43)",11,28.0
39,Greedy,D13,"(66, 15)",12,19.0
39,Greedy,D14,"(58, 64)",15,14.0
39,Greedy,D15,"(69, 24)",10,24.0
39,Greedy,D16,"(87, 50)",8,25.0
39,Greedy,D17,"(76, 91)",4,30.0
39,Greedy,D18,"(49, 36)",7,20.0
39,Greedy,D19,"(84, 7)",10,28.0
39,Greedy,D20,"(97, 51)",7,17.0
39,Auction,D11,"(68, 61)",15,29.0
39,Auction,D13,"(66, 15)",12,19.0
39,Auction,D14,"(58, 64)",15,14.0
39,Auction,D16,"(87, 50)",8,25.0
39,Auction,D17,"(76, 91)",4,30.0
39,Auction,D18,"(49, 36)",7,20.0
39,Auction,D19,"(84, 7)",10,28.0
39,Auction,D20,"(97, 51)",7,17.0
39,Q-Learning,D9,"(9, 12)",24,30.0
39,Q-Learning,D11,"(68, 61)",15,29.0
39,Q-Learning,D12,"(79, 43)",11,28.0
39,Q-Learning,D15,"(69, 24)",10,24.0
39,Q-Learning,D16,"(87, 50)",8,25.0
39,Q-Learning,D17,"(76, 91)",4,30.0
39,Q-Learning,D18,"(49, 36)",7,20.0
39,Q-Learning,D19,"(84, 7)",10,28.0
39,Q-Learning,D20,"(97, 51)",7,17.0
40,Greedy,D12,"(79, 43)",12,28.0
40,Greedy,D13,"(66, 15)",13,19.0
40,Greedy,D15,"(69, 24)",11,24.0
40,Greedy,D16,"(87, 50)",9,25.0
40,Greedy,D17,"(76, 91)",5,30.0
40,Greedy,D18,"(49, 36)",8,20.0
40,Greedy,D19,"(84, 7)",11,28.0
40,Greedy,D20,"(97, 51)",8,17.0
40,Greedy,D21,"(75, 21)",10,17.0
40,Auction,D11,"(68, 61)",16,29.0
40,Auction,D13,"(66, 15)",13,19.0
40,Auction,D16,"(87, 50)",9,25.0
40,Auction,D17,"(76, 91)",5,30.0
40,Auction,D18,"(49, 36)",8,20.0
40,Auction,D19,"(84, 7)",11,28.0
40,Auction,D20,"(97, 51)",8,17.0
40,Auction,D21,"(75, 21)",10,17.0
40,Q-Learning,D9,"(9, 12)",25,30.0
40,Q-Learning,D12,"(79, 43)",12,28.0
40,Q-Learning,D15,"(69, 24)",11,24.0
40,Q-Learning,D16,"(87, 50)",9,25.0
40,Q-Learning,D17,"(76, 91)",5,30.0
40,Q-Learning,D18,"(49, 36)",8,20.0
40,Q-Learning,D19,"(84, 7)",11,28.0
40,Q-Learning,D20,"(97, 51)",8,17.0
40,Q-Learning,D21,"(75, 21)",10,17.0
41,Greedy,D12,"(79, 43)",13,28.0
41,Greedy,D13,"(66, 15)",14,19.0
41,Greedy,D15,"(69, 24)",12,24.0
41,Greedy,D16,"(87, 50)",10,25.0
41,Greedy,D17,"(76, 91)",6,30.0
41,Greedy,D18,"(49, 36)",9,20.0
41,Greedy,D19,"(84, 7)",12,28.0
41,Greedy,D20,"(97, 51)",9,17.0
41,Greedy,D21,"(75, 21)",11,17.0
41,Greedy,D22,"(78, 4)",9,22.0
41,Auction,D11,"(68, 61)",17,29.0
41,Auction,D13,"(66, 15)",14,19.0
41,Auction,D16,"(87, 50)",10,25.0
41,Auction,D17,"(76, 91)",6,30.0
41,Auction,D18,"(49, 36)",9,20.0
41,Auction,D19,"(84, 7)",12,28.0
41,Auction,D20,"(97, 51)",9,17.0
41,Auction,D21,"(75, 21)",11,17.0
41,Auction,D22,"(78, 4)",9,22.0
41,Q-Learning,D9,"(9, 12)",26,30.0
41,Q-Learning,D12,"(79, 43)",13,28.0
41,Q-Learning,D15,"(69, 24)",12,24.0
41,Q-Learning,D16,"(87, 50)",10,25.0
41,Q-Learning,D17,"(76, 91)",6,30.0
41,Q-Learning,D18,"(49, 36)",9,20.0
41,Q-Learning,D19,"(84, 7)",12,28.0
41,Q-Learning,D20,"(97, 51)",9,17.0
41,Q-Learning,D21,"(75, 21)",11,17.0
41,Q-Learning,D22,"(78, 4)",9,22.0
42,Greedy,D12,"(79, 43)",14,28.0
42,Greedy,D13,"(66, 15)",15,19.0
42,Greedy,D15,"(69, 24)",13,24.0
42,Greedy,D16,"(87, 50)",11,25.0
42,Greedy,D17,"(76, 91)",7,30.0
42,Greedy,D18,"(49, 36)",10,20.0
42,Greedy,D19,"(84, 7)",13,28.0
42,Greedy,D20,"(97, 51)",10,17.0
42,Greedy,D21,"(75, 21)",12,17.0
42,Greedy,D22,"(78, 4)",10,22.0
42,Greedy,D23,"(44, 10)",10,22.0
42,Auction,D11,"(68, 61)",18,29.0
42,Auction,D13,"(66, 15)",15,19.0
42,Auction,D16,"(87, 50)",11,25.0
42,Auction,D17,"(76, 91)",7,30.0
42,Auction,D19,"(84, 7)",13,28.0
42,Auction,D20,"(97, 51)",10,17.0
42,Auction,D21,"(75, 21)",12,17.0
42,Auction,D22,"(78, 4)",10,22.0
42,Auction,D23,"(44, 10)",10,22.0
42,Q-Learning,D9,"(9, 12)",27,30.0
42,Q-Learning,D12,"(79, 43)",14,28.0
42,Q-Learning,D15,"(69, 24)",13,24.0
42,Q-Learning,D16,"(87, 50)",11,25.0
42,Q-Learning,D17,"(76, 91)",7,30.0
42,Q-Learning,D18,"(49, 36)",10,20.0
42,Q-Learning,D19,"(84, 7)",13,28.0
42,Q-Learning,D20,"(97, 51)",10,17.0
42,Q-Learning,D21,"(75, 21)",12,17.0
42,Q-Learning,D22,"(78, 4)",10,22.0
42,Q-Learning,D23,"(44, 10)",10,22.0
43,Greedy,D12,"(79, 43)",15,28.0
43,Greedy,D13,"(66, 15)",16,19.0
43,Greedy,D15,"(69, 24)",14,24.0
43,Greedy,D16,"(87, 50)",12,25.0
43,Greedy,D17,"(76, 91)",8,30.0
43,Greedy,D18,"(49, 36)",11,20.0
43,Greedy,D19,"(84, 7)",14,28.0
43,Greedy,D20,"(97, 51)",11,17.0
43,Greedy,D21,"(75, 21)",13,17.0
43,Greedy,D22,"(78, 4)",11,22.0
43,Greedy,D23,"(44, 10)",11,22.0
43,Greedy,D24,"(35, 58)",6,19.0
43,Auction,D11,"(68, 61)",19,29.0
43,Auction,D13,"(66, 15)",16,19.0
43,Auction,D16,"(87, 50)",12,25.0
43,Auction,D17,"(76, 91)",8,30.0
43,Auction,D19,"(84, 7)",14,28.0
43,Auction,D20,"(97, 51)",11,17.0
43,Auction,D21,"(75, 21)",13,17.0
43,Auction,D22,"(78, 4)",11,22.0
43,Auction,D24,"(35, 58)",6,19.0
43,Q-Learning,D12,"(79, 43)",15,28.0
43,Q-Learning,D16,"(87, 50)",12,25.0
43,Q-Learning,D17,"(76, 91)",8,30.0
43,Q-Learning,D18,"(49, 36)",11,20.0
43,Q-Learning,D19,"(84, 7)",14,28.0
43,Q-Learning,D20,"(97, 51)",11,17.0
43,Q-Learning,D21,"(75, 21)",13,17.0
43,Q-Learning,D22,"(78, 4)",11,22.0
43,Q-Learning,D23,"(44, 10)",11,22.0
43,Q-Learning,D24,"(35, 58)",6,19.0
44,Greedy,D12,"(79, 43)",16,28.0
44,Greedy,D13,"(66, 15)",17,19.0
44,Greedy,D15,"(69, 24)",15,24.0
44,Greedy,D16,"(87, 50)",13,25.0
44,Greedy,D17,"(76, 91)",9,30.0
44,Greedy,D18,"(49, 36)",12,20.0
44,Greedy,D19,"(84, 7)",15,28.0
44,Greedy,D20,"(97, 51)",12,17.0
44,Greedy,D21,"(75, 21)",14,17.0
44,Greedy,D22,"(78, 4)",12,22.0
44,Greedy,D23,"(44, 10)",12,22.0
44,Greedy,D24,"(35, 58)",7,19.0
44,Greedy,D25,"(86, 12)",8,18.0
44,Auction,D11,"(68, 61)",20,29.0
44,Auction,D13,"(66, 15)",17,19.0
44,Auction,D16,"(87, 50)",13,25.0
44,Auction,D17,"(76, 91)",9,30.0
44,Auction,D19,"(84, 7)",15,28.0
44,Auction,D20,"(97, 51)",12,17.0
44,Auction,D21,"(75, 21)",14,17.0
44,Auction,D22,"(78, 4)",12,22.0
44,Auction,D24,"(35, 58)",7,19.0
44,Auction,D25,"(86, 12)",8,18.0
44,Q-Learning,D12,"(79, 43)",16,28.0
44,Q-Learning,D16,"(87, 50)",13,25.0
44,Q-Learning,D17,"(76, 91)",9,30.0
44,Q-Learning,D18,"(49, 36)",12,20.0
44,Q-Learning,D19,"(84, 7)",15,28.0
44,Q-Learning,D20,"(97, 51)",12,17.0
44,Q-Learning,D21,"(75, 21)",14,17.0
44,Q-Learning,D22,"(78, 4)",12,22.0
44,Q-Learning,D23,"(44, 10)",12,22.0
44,Q-Learning,D24,"(35, 58)",7,19.0
44,Q-Learning,D25,"(86, 12)",8,18.0
45,Greedy,D12,"(79, 43)",17,28.0
45,Greedy,D15,"(69, 24)",16,24.0
45,Greedy,D16,"(87, 50)",14,25.0
45,Greedy,D17,"(76, 91)",10,30.0
45,Greedy,D18,"(49, 36)",13,20.0
45,Greedy,D19,"(84, 7)",16,28.0
45,Greedy,D20,"(97, 51)",13,17.0
45,Greedy,D21,"(75, 21)",15,17.0
45,Greedy,D22,"(78, 4)",13,22.0
45,Greedy,D23,"(44, 10)",13,22.0
45,Greedy,D24,"(35, 58)",8,19.0
45,Greedy,D25,"(86, 12)",9,18.0
45,Auction,D11,"(68, 61)",21,29.0
45,Auction,D13,"(66, 15)",18,19.0
45,Auction,D16,"(87, 50)",14,25.0
45,Auction,D17,"(76, 91)",10,30.0
45,Auction,D19,"(84, 7)",16,28.0
45,Auction,D20,"(97, 51)",13,17.0
45,Auction,D21,"(75, 21)",15,17.0
45,Auction,D22,"(78, 4)",13,22.0
45,Auction,D24,"(35, 58)",8,19.0
45,Auction,D25,"(86, 12)",9,18.0
45,Q-Learning,D12,"(79, 43)",17,28.0
45,Q-Learning,D16,"(87, 50)",14,25.0
45,Q-Learning,D17,"(76, 91)",10,30.0
45,Q-Learning,D18,"(49, 36)",13,20.0
45,Q-Learning,D19,"(84, 7)",16,28.0
45,Q-Learning,D20,"(97, 51)",13,17.0
45,Q-Learning,D21,"(75, 21)",15,17.0
45,Q-Learning,D22,"(78, 4)",13,22.0
45,Q-Learning,D23,"(44, 10)",13,22.0
45,Q-Learning,D24,"(35, 58)",8,19.0
45,Q-Learning,D25,"(86, 12)",9,18.0
46,Greedy,D12,"(79, 43)",18,28.0
46,Greedy,D15,"(69, 24)",17,24.0
46,Greedy,D16,"(87, 50)",15,25.0
46,Greedy,D17,"(76, 91)",11,30.0
46,Greedy,D18,"(49, 36)",14,20.0
46,Greedy,D19,"(84, 7)",17,28.0
46,Greedy,D20,"(97, 51)",14,17.0
46,Greedy,D21,"(75, 21)",16,17.0
46,Greedy,D22,"(78, 4)",14,22.0
46,Greedy,D23,"(44, 10)",14,22.0
46,Greedy,D24,"(35, 58)",9,19.0
46,Greedy,D25,"(86, 12)",10,18.0
46,Auction,D11,"(68, 61)",22,29.0
46,Auction,D13,"(66, 15)",19,19.0
46,Auction,D16,"(87, 50)",15,25.0
46,Auction,D17,"(76, 91)",11,30.0
46,Auction,D19,"(84, 7)",17,28.0
46,Auction,D20,"(97, 51)",14,17.0
46,Auction,D21,"(75, 21)",16,17.0
46,Auction,D22,"(78, 4)",14,22.0
46,Auction,D24,"(35, 58)",9,19.0
46,Auction,D25,"(86, 12)",10,18.0
46,Q-Learning,D12,"(79, 43)",18,28.0
46,Q-Learning,D16,"(87, 50)",15,25.0
46,Q-Learning,D17,"(76, 91)",11,30.0
46,Q-Learning,D18,"(49, 36)",14,20.0
46,Q-Learning,D19,"(84, 7)",17,28.0
46,Q-Learning,D20,"(97, 51)",14,17.0
46,Q-Learning,D21,"(75, 21)",16,17.0
46,Q-Learning,D22,"(78, 4)",14,22.0
46,Q-Learning,D23,"(44, 10)",14,22.0
46,Q-Learning,D24,"(35, 58)",9,19.0
46,Q-Learning,D25,"(86, 12)",10,18.0
47,Greedy,D15,"(69, 24)",18,24.0
47,Greedy,D16,"(87, 50)",16,25.0
47,Greedy,D17,"(76, 91)",12,30.0
47,Greedy,D18,"(49, 36)",15,20.0
47,Greedy,D19,"(84, 7)",18,28.0
47,Greedy,D20,"(97, 51)",15,17.0
47,Greedy,D21,"(75, 21)",17,17.0
47,Greedy,D22,"(78, 4)",15,22.0
47,Greedy,D23,"(44, 10)",15,22.0
47,Greedy,D24,"(35, 58)",10,19.0
47,Greedy,D25,"(86, 12)",11,18.0
47,Auction,D11,"(68, 61)",23,29.0
47,Auction,D13,"(66, 15)",20,19.0
47,Auction,D16,"(87, 50)",16,25.0
47,Auction,D17,"(76, 91)",12,30.0
47,Auction,D19,"(84, 7)",18,28.0
47,Auction,D20,"(97, 51)",15,17.0
47,Auction,D21,"(75, 21)",17,17.0
47,Auction,D22,"(78, 4)",15,22.0
47,Auction,D24,"(35, 58)",10,19.0
47,Auction,D25,"(86, 12)",11,18.0
47,Q-Learning,D12,"(79, 43)",19,28.0
47,Q-Learning,D16,"(87, 50)",16,25.0
47,Q-Learning,D17,"(76, 91)",12,30.0
47,Q-Learning,D18,"(49, 36)",15,20.0
47,Q-Learning,D19,"(84, 7)",18,28.0
47,Q-Learning,D20,"(97, 51)",15,17.0
47,Q-Learning,D21,"(75, 21)",17,17.0
47,Q-Learning,D22,"(78, 4)",15,22.0
47,Q-Learning,D23,"(44, 10)",15,22.0
47,Q-Learning,D24,"(35, 58)",10,19.0
47,Q-Learning,D25,"(86, 12)",11,18.0
48,Greedy,D15,"(69, 24)",19,24.0
48,Greedy,D16,"(87, 50)",17,25.0
48,Greedy,D17,"(76, 91)",13,30.0
48,Greedy,D18,"(49, 36)",16,20.0
48,Greedy,D19,"(84, 7)",19,28.0
48,Greedy,D20,"(97, 51)",16,17.0
48,Greedy,D21,"(75, 21)",18,17.0
48,Greedy,D22,"(78, 4)",16,22.0
48,Greedy,D23,"(44, 10)",16,22.0
48,Greedy,D24,"(35, 58)",11,19.0
48,Greedy,D25,"(86, 12)",12,18.0
48,Greedy,D26,"(94, 54)",1,18.0
48,Auction,D11,"(68, 61)",24,29.0
48,Auction,D13,"(66, 15)",21,19.0
48,Auction,D16,"(87, 50)",17,25.0
48,Auction,D17,"(76, 91)",13,30.0
48,Auction,D19,"(84, 7)",19,28.0
48,Auction,D20,"(97, 51)",16,17.0
48,Auction,D21,"(75, 21)",18,17.0
48,Auction,D22,"(78, 4)",16,22.0
48,Auction,D24,"(35, 58)",11,19.0
48,Auction,D25,"(86, 12)",12,18.0
48,Auction,D26,"(94, 54)",1,18.0
48,Q-Learning,D16,"(87, 50)",17,25.0
48,Q-Learning,D17,"(76, 91)",13,30.0
48,Q-Learning,D18,"(49, 36)",16,20.0
48,Q-Learning,D19,"(84, 7)",19,28.0
48,Q-Learning,D20,"(97, 51)",16,17.0
48,Q-Learning,D21,"(75, 21)",18,17.0
48,Q-Learning,D22,"(78, 4)",16,22.0
48,Q-Learning,D23,"(44, 10)",16,22.0
48,Q-Learning,D24,"(35, 58)",11,19.0
48,Q-Learning,D25,"(86, 12)",12,18.0
48,Q-Learning,D26,"(94, 54)",1,18.0
49,Greedy,D15,"(69, 24)",20,24.0
49,Greedy,D16,"(87, 50)",18,25.0
49,Greedy,D17,"(76, 91)",14,30.0
49,Greedy,D18,"(49, 36)",17,20.0
49,Greedy,D19,"(84, 7)",20,28.0
49,Greedy,D20,"(97, 51)",17,17.0
49,Greedy,D21,"(75, 21)",19,17.0
49,Greedy,D22,"(78, 4)",17,22.0
49,Greedy,D23,"(44, 10)",17,22.0
49,Greedy,D24,"(35, 58)",12,19.0
49,Greedy,D25,"(86, 12)",13,18.0
49,Greedy,D26,"(94, 54)",2,18.0
49,Auction,D11,"(68, 61)",25,29.0
49,Auction,D13,"(66, 15)",22,19.0
49,Auction,D16,"(87, 50)",18,25.0
49,Auction,D17,"(76, 91)",14,30.0
49,Auction,D19,"(84, 7)",20,28.0
49,Auction,D20,"(97, 51)",17,17.0
49,Auction,D21,"(75, 21)",19,17.0
49,Auction,D22,"(78, 4)",17,22.0
49,Auction,D24,"(35, 58)",12,19.0
49,Auction,D25,"(86, 12)",13,18.0
49,Auction,D26,"(94, 54)",2,18.0
49,Q-Learning,D16,"(87, 50)",18,25.0
49,Q-Learning,D17,"(76, 91)",14,30.0
49,Q-Learning,D18,"(49, 36)",17,20.0
49,Q-Learning,D19,"(84, 7)",20,28.0
49,Q-Learning,D20,"(97, 51)",17,17.0
49,Q-Learning,D21,"(75, 21)",19,17.0
49,Q-Learning,D22,"(78, 4)",17,22.0
49,Q-Learning,D23,"(44, 10)",17,22.0
49,Q-Learning,D24,"(35, 58)",12,19.0
49,Q-Learning,D25,"(86, 12)",13,18.0
49,Q-Learning,D26,"(94, 54)",2,18.0
50,Greedy,D15,"(69, 24)",21,24.0
50,Greedy,D16,"(87, 50)",19,25.0
50,Greedy,D17,"(76, 91)",15,30.0
50,Greedy,D18,"(49, 36)",18,20.0
50,Greedy,D19,"(84, 7)",21,28.0
50,Greedy,D20,"(97, 51)",18,17.0
50,Greedy,D21,"(75, 21)",20,17.0
50,Greedy,D22,"(78, 4)",18,22.0
50,Greedy,D23,"(44, 10)",18,22.0
50,Greedy,D24,"(35, 58)",13,19.0
50,Greedy,D25,"(86, 12)",14,18.0
50,Greedy,D26,"(94, 54)",3,18.0
50,Greedy,D27,"(53, 66)",2,14.0
50,Auction,D11,"(68, 61)",26,29.0
50,Auction,D13,"(66, 15)",23,19.0
50,Auction,D16,"(87, 50)",19,25.0
50,Auction,D17,"(76, 91)",15,30.0
50,Auction,D19,"(84, 7)",21,28.0
50,Auction,D20,"(97, 51)",18,17.0
50,Auction,D21,"(75, 21)",20,17.0
50,Auction,D22,"(78, 4)",18,22.0
50,Auction,D24,"(35, 58)",13,19.0
50,Auction,D25,"(86, 12)",14,18.0
50,Auction,D26,"(94, 54)",3,18.0
50,Auction,D27,"(53, 66)",2,14.0
50,Q-Learning,D16,"(87, 50)",19,25.0
50,Q-Learning,D17,"(76, 91)",15,30.0
50,Q-Learning,D18,"(49, 36)",18,20.0
50,Q-Learning,D19,"(84, 7)",21,28.0
50,Q-Learning,D20,"(97, 51)",18,17.0
50,Q-Learning,D21,"(75, 21)",20,17.0
50,Q-Learning,D22,"(78, 4)",18,22.0
50,Q-Learning,D23,"(44, 10)",18,22.0
50,Q-Learning,D24,"(35, 58)",13,19.0
50,Q-Learning,D25,"(86, 12)",14,18.0
50,Q-Learning,D26,"(94, 54)",3,18.0
50,Q-Learning,D27,"(53, 66)",2,14.0
51,Greedy,D16,"(87, 50)",20,25.0
51,Greedy,D17,"(76, 91)",16,30.0
51,Greedy,D18,"(49, 36)",19,20.0
51,Greedy,D19,"(84, 7)",22,28.0
51,Greedy,D20,"(97, 51)",19,17.0
51,Greedy,D21,"(75, 21)",21,17.0
51,Greedy,D22,"(78, 4)",19,22.0
51,Greedy,D23,"(44, 10)",19,22.0
51,Greedy,D25,"(86, 12)",15,18.0
51,Greedy,D26,"(94, 54)",4,18.0
51,Greedy,D27,"(53, 66)",3,14.0
51,Auction,D11,"(68, 61)",27,29.0
51,Auction,D13,"(66, 15)",24,19.0
51,Auction,D16,"(87, 50)",20,25.0
51,Auction,D17,"(76, 91)",16,30.0
51,Auction,D19,"(84, 7)",22,28.0
51,Auction,D20,"(97, 51)",19,17.0
51,Auction,D21,"(75, 21)",21,17.0
51,Auction,D22,"(78, 4)",19,22.0
51,Auction,D24,"(35, 58)",14,19.0
51,Auction,D25,"(86, 12)",15,18.0
51,Auction,D26,"(94, 54)",4,18.0
51,Auction,D27,"(53, 66)",3,14.0
51,Q-Learning,D16,"(87, 50)",20,25.0
51,Q-Learning,D17,"(76, 91)",16,30.0
51,Q-Learning,D18,"(49, 36)",19,20.0
51,Q-Learning,D19,"(84, 7)",22,28.0
51,Q-Learning,D20,"(97, 51)",19,17.0
51,Q-Learning,D21,"(75, 21)",21,17.0
51,Q-Learning,D22,"(78, 4)",19,22.0
51,Q-Learning,D23,"(44, 10)",19,22.0
51,Q-Learning,D24,"(35, 58)",14,19.0
51,Q-Learning,D25,"(86, 12)",15,18.0
51,Q-Learning,D26,"(94, 54)",4,18.0
51,Q-Learning,D27,"(53, 66)",3,14.0
52,Greedy,D16,"(87, 50)",21,25.0
52,Greedy,D17,"(76, 91)",17,30.0
52,Greedy,D18,"(49, 36)",20,20.0
52,Greedy,D19,"(84, 7)",23,28.0
52,Greedy,D20,"(97, 51)",20,17.0
52,Greedy,D21,"(75, 21)",22,17.0
52,Greedy,D22,"(78, 4)",20,22.0
52,Greedy,D23,"(44, 10)",20,22.0
52,Greedy,D25,"(86, 12)",16,18.0
52,Greedy,D26,"(94, 54)",5,18.0
52,Greedy,D27,"(53, 66)",4,14.0
52,Auction,D11,"(68, 61)",28,29.0
52,Auction,D13,"(66, 15)",25,19.0
52,Auction,D16,"(87, 50)",21,25.0
52,Auction,D17,"(76, 91)",17,30.0
52,Auction,D19,"(84, 7)",23,28.0
52,Auction,D20,"(97, 51)",20,17.0
52,Auction,D21,"(75, 21)",22,17.0
52,Auction,D22,"(78, 4)",20,22.0
52,Auction,D24,"(35, 58)",15,19.0
52,Auction,D26,"(94, 54)",5,18.0
52,Auction,D27,"(53, 66)",4,14.0
52,Q-Learning,D16,"(87, 50)",21,25.0
52,Q-Learning,D17,"(76, 91)",17,30.0
52,Q-Learning,D18,"(49, 36)",20,20.0
52,Q-Learning,D19,"(84, 7)",23,28.0
52,Q-Learning,D20,"(97, 51)",20,17.0
52,Q-Learning,D21,"(75, 21)",22,17.0
52,Q-Learning,D22,"(78, 4)",20,22.0
52,Q-Learning,D23,"(44, 10)",20,22.0
52,Q-Learning,D24,"(35, 58)",15,19.0
52,Q-Learning,D25,"(86, 12)",16,18.0
52,Q-Learning,D26,"(94, 54)",5,18.0
52,Q-Learning,D27,"(53, 66)",4,14.0
53,Greedy,D16,"(87, 50)",22,25.0
53,Greedy,D17,"(76, 91)",18,30.0
53,Greedy,D18,"(49, 36)",21,20.0
53,Greedy,D19,"(84, 7)",24,28.0
53,Greedy,D20,"(97, 51)",21,17.0
53,Greedy,D21,"(75, 21)",23,17.0
53,Greedy,D22,"(78, 4)",21,22.0
53,Greedy,D23,"(44, 10)",21,22.0
53,Greedy,D25,"(86, 12)",17,18.0
53,Greedy,D26,"(94, 54)",6,18.0
53,Greedy,D27,"(53, 66)",5,14.0
53,Auction,D11,"(68, 61)",29,29.0
53,Auction,D13,"(66, 15)",26,19.0
53,Auction,D16,"(87, 50)",22,25.0
53,Auction,D17,"(76, 91)",18,30.0
53,Auction,D19,"(84, 7)",24,28.0
53,Auction,D20,"(97, 51)",21,17.0
53,Auction,D21,"(75, 21)",23,17.0
53,Auction,D22,"(78, 4)",21,22.0
53,Auction,D24,"(35, 58)",16,19.0
53,Auction,D26,"(94, 54)",6,18.0
53,Auction,D27,"(53, 66)",5,14.0
53,Q-Learning,D16,"(87, 50)",22,25.0
53,Q-Learning,D17,"(76, 91)",18,30.0
53,Q-Learning,D18,"(49, 36)",21,20.0
53,Q-Learning,D19,"(84, 7)",24,28.0
53,Q-Learning,D20,"(97, 51)",21,17.0
53,Q-Learning,D21,"(75, 21)",23,17.0
53,Q-Learning,D22,"(78, 4)",21,22.0
53,Q-Learning,D23,"(44, 10)",21,22.0
53,Q-Learning,D24,"(35, 58)",16,19.0
53,Q-Learning,D25,"(86, 12)",17,18.0
53,Q-Learning,D26,"(94, 54)",6,18.0
53,Q-Learning,D27,"(53, 66)",5,14.0
54,Greedy,D16,"(87, 50)",23,25.0
54,Greedy,D17,"(76, 91)",19,30.0
54,Greedy,D18,"(49, 36)",22,20.0
54,Greedy,D19,"(84, 7)",25,28.0
54,Greedy,D20,"(97, 51)",22,17.0
54,Greedy,D21,"(75, 21)",24,17.0
54,Greedy,D22,"(78, 4)",22,22.0
54,Greedy,D23,"(44, 10)",22,22.0
54,Greedy,D25,"(86, 12)",18,18.0
54,Greedy,D26,"(94, 54)",7,18.0
54,Greedy,D27,"(53, 66)",6,14.0
54,Greedy,D28,"(92, 67)",3,12.0
54,Auction,D11,"(68, 61)",30,29.0
54,Auction,D13,"(66, 15)",27,19.0
54,Auction,D16,"(87, 50)",23,25.0
54,Auction,D17,"(76, 91)",19,30.0
54,Auction,D19,"(84, 7)",25,28.0
54,Auction,D20,"(97, 51)",22,17.0
54,Auction,D21,"(75, 21)",24,17.0
54,Auction,D22,"(78, 4)",22,22.0
54,Auction,D24,"(35, 58)",17,19.0
54,Auction,D26,"(94, 54)",7,18.0
54,Auction,D27,"(53, 66)",6,14.0
54,Auction,D28,"(92, 67)",3,12.0
54,Q-Learning,D16,"(87, 50)",23,25.0
54,Q-Learning,D17,"(76, 91)",19,30.0
54,Q-Learning,D18,"(49, 36)",22,20.0
54,Q-Learning,D19,"(84, 7)",25,28.0
54,Q-Learning,D20,"(97, 51)",22,17.0
54,Q-Learning,D21,"(75, 21)",24,17.0
54,Q-Learning,D22,"(78, 4)",22,22.0
54,Q-Learning,D23,"(44, 10)",22,22.0
54,Q-Learning,D24,"(35, 58)",17,19.0
54,Q-Learning,D25,"(86, 12)",18,18.0
54,Q-Learning,D26,"(94, 54)",7,18.0
54,Q-Learning,D27,"(53, 66)",6,14.0
54,Q-Learning,D28,"(92, 67)",3,12.0
55,Greedy,D16,"(87, 50)",24,25.0
55,Greedy,D17,"(76, 91)",20,30.0
55,Greedy,D18,"(49, 36)",23,20.0
55,Greedy,D19,"(84, 7)",26,28.0
55,Greedy,D20,"(97, 51)",23,17.0
55,Greedy,D21,"(75, 21)",25,17.0
55,Greedy,D22,"(78, 4)",23,22.0
55,Greedy,D23,"(44, 10)",23,22.0
55,Greedy,D25,"(86, 12)",19,18.0
55,Greedy,D26,"(94, 54)",8,18.0
55,Greedy,D27,"(53, 66)",7,14.0
55,Greedy,D28,"(92, 67)",4,12.0
55,Greedy,D29,"(19, 36)",5,10.0
55,Auction,D11,"(68, 61)",31,29.0
55,Auction,D13,"(66, 15)",28,19.0
55,Auction,D16,"(87, 50)",24,25.0
55,Auction,D17,"(76, 91)",20,30.0
55,Auction,D19,"(84, 7)",26,28.0
55,Auction,D20,"(97, 51)",23,17.0
55,Auction,D21,"(75, 21)",25,17.0
55,Auction,D22,"(78, 4)",23,22.0
55,Auction,D24,"(35, 58)",18,19.0
55,Auction,D26,"(94, 54)",8,18.0
55,Auction,D27,"(53, 66)",7,14.0
55,Auction,D28,"(92, 67)",4,12.0
55,Auction,D29,"(19, 36)",5,10.0
55,Q-Learning,D16,"(87, 50)",24,25.0
55,Q-Learning,D17,"(76, 91)",20,30.0
55,Q-Learning,D18,"(49, 36)",23,20.0
55,Q-Learning,D19,"(84, 7)",26,28.0
55,Q-Learning,D20,"(97, 51)",23,17.0
55,Q-Learning,D22,"(78, 4)",23,22.0
55,Q-Learning,D23,"(44, 10)",23,22.0
55,Q-Learning,D24,"(35, 58)",18,19.0
55,Q-Learning,D25,"(86, 12)",19,18.0
55,Q-Learning,D26,"(94, 54)",8,18.0
55,Q-Learning,D27,"(53, 66)",7,14.0
55,Q-Learning,D28,"(92, 67)",4,12.0
55,Q-Learning,D29,"(19, 36)",5,10.0
56,Greedy,D16,"(87, 50)",25,25.0
56,Greedy,D17,"(76, 91)",21,30.0
56,Greedy,D18,"(49, 36)",24,20.0
56,Greedy,D19,"(84, 7)",27,28.0
56,Greedy,D20,"(97, 51)",24,17.0
56,Greedy,D21,"(75, 21)",26,17.0
56,Greedy,D22,"(78, 4)",24,22.0
56,Greedy,D23,"(44, 10)",24,22.0
56,Greedy,D25,"(86, 12)",20,18.0
56,Greedy,D26,"(94, 54)",9,18.0
56,Greedy,D27,"(53, 66)",8,14.0
56,Greedy,D28,"(92, 67)",5,12.0
56,Greedy,D29,"(19, 36)",6,10.0
56,Greedy,D30,"(95, 39)",7,30.0
56,Auction,D13,"(66, 15)",29,19.0
56,Auction,D16,"(87, 50)",25,25.0
56,Auction,D17,"(76, 91)",21,30.0
56,Auction,D19,"(84, 7)",27,28.0
56,Auction,D20,"(97, 51)",24,17.0
56,Auction,D21,"(75, 21)",26,17.0
56,Auction,D22,"(78, 4)",24,22.0
56,Auction,D24,"(35, 58)",19,19.0
56,Auction,D26,"(94, 54)",9,18.0
56,Auction,D27,"(53, 66)",8,14.0
56,Auction,D28,"(92, 67)",5,12.0
56,Auction,D29,"(19, 36)",6,10.0
56,Auction,D30,"(95, 39)",7,30.0
56,Q-Learning,D16,"(87, 50)",25,25.0
56,Q-Learning,D17,"(76, 91)",21,30.0
56,Q-Learning,D18,"(49, 36)",24,20.0
56,Q-Learning,D19,"(84, 7)",27,28.0
56,Q-Learning,D20,"(97, 51)",24,17.0
56,Q-Learning,D22,"(78, 4)",24,22.0
56,Q-Learning,D23,"(44, 10)",24,22.0
56,Q-Learning,D24,"(35, 58)",19,19.0
56,Q-Learning,D25,"(86, 12)",20,18.0
56,Q-Learning,D26,"(94, 54)",9,18.0
56,Q-Learning,D27,"(53, 66)",8,14.0
56,Q-Learning,D28,"(92, 67)",5,12.0
56,Q-Learning,D29,"(19, 36)",6,10.0
56,Q-Learning,D30,"(95, 39)",7,30.0
57,Greedy,D16,"(87, 50)",26,25.0
57,Greedy,D17,"(76, 91)",22,30.0
57,Greedy,D18,"(49, 36)",25,20.0
57,Greedy,D19,"(84, 7)",28,28.0
57,Greedy,D20,"(97, 51)",25,17.0
57,Greedy,D21,"(75, 21)",27,17.0
57,Greedy,D22,"(78, 4)",25,22.0
57,Greedy,D23,"(44, 10)",25,22.0
57,Greedy,D25,"(86, 12)",21,18.0
57,Greedy,D26,"(94, 54)",10,18.0
57,Greedy,D27,"(53, 66)",9,14.0
57,Greedy,D28,"(92, 67)",6,12.0
57,Greedy,D29,"(19, 36)",7,10.0
57,Greedy,D30,"(95, 39)",8,30.0
57,Auction,D13,"(66, 15)",30,19.0
57,Auction,D16,"(87, 50)",26,25.0
57,Auction,D17,"(76, 91)",22,30.0
57,Auction,D19,"(84, 7)",28,28.0
57,Auction,D20,"(97, 51)",25,17.0
57,Auction,D21,"(75, 21)",27,17.0
57,Auction,D22,"(78, 4)",25,22.0
57,Auction,D24,"(35, 58)",20,19.0
57,Auction,D26,"(94, 54)",10,18.0
57,Auction,D27,"(53, 66)",9,14.0
57,Auction,D28,"(92, 67)",6,12.0
57,Auction,D29,"(19, 36)",7,10.0
57,Auction,D30,"(95, 39)",8,30.0
57,Q-Learning,D16,"(87, 50)",26,25.0
57,Q-Learning,D17,"(76, 91)",22,30.0
57,Q-Learning,D19,"(84, 7)",28,28.0
57,Q-Learning,D20,"(97, 51)",25,17.0
57,Q-Learning,D22,"(78, 4)",25,22.0
57,Q-Learning,D23,"(44, 10)",25,22.0
57,Q-Learning,D24,"(35, 58)",20,19.0
57,Q-Learning,D25,"(86, 12)",21,18.0
57,Q-Learning,D26,"(94, 54)",10,18.0
57,Q-Learning,D27,"(53, 66)",9,14.0
57,Q-Learning,D28,"(92, 67)",6,12.0
57,Q-Learning,D29,"(19, 36)",7,10.0
57,Q-Learning,D30,"(95, 39)",8,30.0
58,Greedy,D16,"(87, 50)",27,25.0
58,Greedy,D17,"(76, 91)",23,30.0
58,Greedy,D18,"(49, 36)",26,20.0
58,Greedy,D19,"(84, 7)",29,28.0
58,Greedy,D20,"(97, 51)",26,17.0
58,Greedy,D21,"(75, 21)",28,17.0
58,Greedy,D22,"(78, 4)",26,22.0
58,Greedy,D23,"(44, 10)",26,22.0
58,Greedy,D25,"(86, 12)",22,18.0
58,Greedy,D26,"(94, 54)",11,18.0
58,Greedy,D28,"(92, 67)",7,12.0
58,Greedy,D29,"(19, 36)",8,10.0
58,Greedy,D30,"(95, 39)",9,30.0
58,Auction,D13,"(66, 15)",31,19.0
58,Auction,D16,"(87, 50)",27,25.0
58,Auction,D17,"(76, 91)",23,30.0
58,Auction,D19,"(84, 7)",29,28.0
58,Auction,D20,"(97, 51)",26,17.0
58,Auction,D21,"(75, 21)",28,17.0
58,Auction,D22,"(78, 4)",26,22.0
58,Auction,D24,"(35, 58)",21,19.0
58,Auction,D26,"(94, 54)",11,18.0
58,Auction,D27,"(53, 66)",10,14.0
58,Auction,D28,"(92, 67)",7,12.0
58,Auction,D29,"(19, 36)",8,10.0
58,Auction,D30,"(95, 39)",9,30.0
58,Q-Learning,D16,"(87, 50)",27,25.0
58,Q-Learning,D17,"(76, 91)",23,30.0
58,Q-Learning,D19,"(84, 7)",29,28.0
58,Q-Learning,D20,"(97, 51)",26,17.0
58,Q-Learning,D22,"(78, 4)",26,22.0
58,Q-Learning,D23,"(44, 10)",26,22.0
58,Q-Learning,D24,"(35, 58)",21,19.0
58,Q-Learning,D25,"(86, 12)",22,18.0
58,Q-Learning,D26,"(94, 54)",11,18.0
58,Q-Learning,D27,"(53, 66)",10,14.0
58,Q-Learning,D28,"(92, 67)",7,12.0
58,Q-Learning,D29,"(19, 36)",8,10.0
58,Q-Learning,D30,"(95, 39)",9,30.0
59,Greedy,D16,"(87, 50)",28,25.0
59,Greedy,D17,"(76, 91)",24,30.0
59,Greedy,D18,"(49, 36)",27,20.0
59,Greedy,D19,"(84, 7)",30,28.0
59,Greedy,D20,"(97, 51)",27,17.0
59,Greedy,D21,"(75, 21)",29,17.0
59,Greedy,D22,"(78, 4)",27,22.0
59,Greedy,D23,"(44, 10)",27,22.0
59,Greedy,D25,"(86, 12)",23,18.0
59,Greedy,D26,"(94, 54)",12,18.0
59,Greedy,D28,"(92, 67)",8,12.0
59,Greedy,D29,"(19, 36)",9,10.0
59,Greedy,D30,"(95, 39)",10,30.0
59,Greedy,D31,"(11, 56)",9,12.0
59,Auction,D13,"(66, 15)",32,19.0
59,Auction,D16,"(87, 50)",28,25.0
59,Auction,D17,"(76, 91)",24,30.0
59,Auction,D19,"(84, 7)",30,28.0
59,Auction,D20,"(97, 51)",27,17.0
59,Auction,D21,"(75, 21)",29,17.0
59,Auction,D22,"(78, 4)",27,22.0
59,Auction,D24,"(35, 58)",22,19.0
59,Auction,D26,"(94, 54)",12,18.0
59,Auction,D27,"(53, 66)",11,14.0
59,Auction,D28,"(92, 67)",8,12.0
59,Auction,D29,"(19, 36)",9,10.0
59,Auction,D30,"(95, 39)",10,30.0
59,Auction,D31,"(11, 56)",9,12.0
59,Q-Learning,D16,"(87, 50)",28,25.0
59,Q-Learning,D17,"(76, 91)",24,30.0
59,Q-Learning,D19,"(84, 7)",30,28.0
59,Q-Learning,D20,"(97, 51)",27,17.0
59,Q-Learning,D22,"(78, 4)",27,22.0
59,Q-Learning,D23,"(44, 10)",27,22.0
59,Q-Learning,D24,"(35, 58)",22,19.0
59,Q-Learning,D25,"(86, 12)",23,18.0
59,Q-Learning,D26,"(94, 54)",12,18.0
59,Q-Learning,D27,"(53, 66)",11,14.0
59,Q-Learning,D28,"(92, 67)",8,12.0
59,Q-Learning,D29,"(19, 36)",9,10.0
59,Q-Learning,D30,"(95, 39)",10,30.0
59,Q-Learning,D31,"(11, 56)",9,12.0
60,Greedy,D16,"(87, 50)",29,25.0
60,Greedy,D17,"(76, 91)",25,30.0
60,Greedy,D18,"(49, 36)",28,20.0
60,Greedy,D19,"(84, 7)",31,28.0
60,Greedy,D20,"(97, 51)",28,17.0
60,Greedy,D21,"(75, 21)",30,17.0
60,Greedy,D22,"(78, 4)",28,22.0
60,Greedy,D23,"(44, 10)",28,22.0
60,Greedy,D25,"(86, 12)",24,18.0
60,Greedy,D26,"(94, 54)",13,18.0
60,Greedy,D28,"(92, 67)",9,12.0
60,Greedy,D29,"(19, 36)",10,10.0
60,Greedy,D30,"(95, 39)",11,30.0
60,Greedy,D31,"(11, 56)",10,12.0
60,Auction,D13,"(66, 15)",33,19.0
60,Auction,D16,"(87, 50)",29,25.0
60,Auction,D17,"(76, 91)",25,30.0
60,Auction,D19,"(84, 7)",31,28.0
60,Auction,D20,"(97, 51)",28,17.0
60,Auction,D21,"(75, 21)",30,17.0
60,Auction,D22,"(78, 4)",28,22.0
60,Auction,D24,"(35, 58)",23,19.0
60,Auction,D26,"(94, 54)",13,18.0
60,Auction,D27,"(53, 66)",12,14.0
60,Auction,D28,"(92, 67)",9,12.0
60,Auction,D29,"(19, 36)",10,10.0
60,Auction,D30,"(95, 39)",11,30.0
60,Auction,D31,"(11, 56)",10,12.0
60,Q-Learning,D16,"(87, 50)",29,25.0
60,Q-Learning,D17,"(76, 91)",25,30.0
60,Q-Learning,D19,"(84, 7)",31,28.0
60,Q-Learning,D22,"(78, 4)",28,22.0
60,Q-Learning,D23,"(44, 10)",28,22.0
60,Q-Learning,D24,"(35, 58)",23,19.0
60,Q-Learning,D25,"(86, 12)",24,18.0
60,Q-Learning,D26,"(94, 54)",13,18.0
60,Q-Learning,D27,"(53, 66)",12,14.0
60,Q-Learning,D28,"(92, 67)",9,12.0
60,Q-Learning,D29,"(19, 36)",10,10.0
60,Q-Learning,D30,"(95, 39)",11,30.0
60,Q-Learning,D31,"(11, 56)",10,12.0
61,Greedy,D16,"(87, 50)",30,25.0
61,Greedy,D17,"(76, 91)",26,30.0
61,Greedy,D18,"(49, 36)",29,20.0
61,Greedy,D19,"(84, 7)",32,28.0
61,Greedy,D20,"(97, 51)",29,17.0
61,Greedy,D21,"(75, 21)",31,17.0
61,Greedy,D22,"(78, 4)",29,22.0
61,Greedy,D23,"(44, 10)",29,22.0
61,Greedy,D25,"(86, 12)",25,18.0
61,Greedy,D26,"(94, 54)",14,18.0
61,Greedy,D28,"(92, 67)",10,12.0
61,Greedy,D29,"(19, 36)",11,10.0
61,Greedy,D30,"(95, 39)",12,30.0
61,Greedy,D31,"(11, 56)",11,12.0
61,Auction,D13,"(66, 15)",34,19.0
61,Auction,D16,"(87, 50)",30,25.0
61,Auction,D17,"(76, 91)",26,30.0
61,Auction,D19,"(84, 7)",32,28.0
61,Auction,D20,"(97, 51)",29,17.0
61,Auction,D21,"(75, 21)",31,17.0
61,Auction,D22,"(78, 4)",29,22.0
61,Auction,D24,"(35, 58)",24,19.0
61,Auction,D26,"(94, 54)",14,18.0
61,Auction,D27,"(53, 66)",13,14.0
61,Auction,D28,"(92, 67)",10,12.0
61,Auction,D29,"(19, 36)",11,10.0
61,Auction,D30,"(95, 39)",12,30.0
61,Auction,D31,"(11, 56)",11,12.0
61,Q-Learning,D16,"(87, 50)",30,25.0
61,Q-Learning,D17,"(76, 91)",26,30.0
61,Q-Learning,D19,"(84, 7)",32,28.0
61,Q-Learning,D22,"(78, 4)",29,22.0
61,Q-Learning,D23,"(44, 10)",29,22.0
61,Q-Learning,D24,"(35, 58)",24,19.0
61,Q-Learning,D25,"(86, 12)",25,18.0
61,Q-Learning,D26,"(94, 54)",14,18.0
61,Q-Learning,D27,"(53, 66)",13,14.0
61,Q-Learning,D28,"(92, 67)",10,12.0
61,Q-Learning,D29,"(19, 36)",11,10.0
61,Q-Learning,D30,"(95, 39)",12,30.0
61,Q-Learning,D31,"(11, 56)",11,12.0
62,Greedy,D16,"(87, 50)",31,25.0
62,Greedy,D17,"(76, 91)",27,30.0
62,Greedy,D18,"(49, 36)",30,20.0
62,Greedy,D19,"(84, 7)",33,28.0
62,Greedy,D20,"(97, 51)",30,17.0
62,Greedy,D21,"(75, 21)",32,17.0
62,Greedy,D22,"(78, 4)",30,22.0
62,Greedy,D23,"(44, 10)",30,22.0
62,Greedy,D25,"(86, 12)",26,18.0
62,Greedy,D26,"(94, 54)",15,18.0
62,Greedy,D28,"(92, 67)",11,12.0
62,Greedy,D29,"(19, 36)",12,10.0
62,Greedy,D30,"(95, 39)",13,30.0
62,Greedy,D31,"(11, 56)",12,12.0
62,Greedy,D32,"(48, 19)",10,16.0
62,Auction,D13,"(66, 15)",35,19.0
62,Auction,D16,"(87, 50)",31,25.0
62,Auction,D17,"(76, 91)",27,30.0
62,Auction,D19,"(84, 7)",33,28.0
62,Auction,D20,"(97, 51)",30,17.0
62,Auction,D21,"(75, 21)",32,17.0
62,Auction,D22,"(78, 4)",30,22.0
62,Auction,D24,"(35, 58)",25,19.0
62,Auction,D26,"(94, 54)",15,18.0
62,Auction,D27,"(53, 66)",14,14.0
62,Auction,D28,"(92, 67)",11,12.0
62,Auction,D29,"(19, 36)",12,10.0
62,Auction,D30,"(95, 39)",13,30.0
62,Auction,D31,"(11, 56)",12,12.0
62,Auction,D32,"(48, 19)",10,16.0
62,Q-Learning,D16,"(87, 50)",31,25.0
62,Q-Learning,D17,"(76, 91)",27,30.0
62,Q-Learning,D19,"(84, 7)",33,28.0
62,Q-Learning,D22,"(78, 4)",30,22.0
62,Q-Learning,D23,"(44, 10)",30,22.0
62,Q-Learning,D24,"(35, 58)",25,19.0
62,Q-Learning,D25,"(86, 12)",26,18.0
62,Q-Learning,D26,"(94, 54)",15,18.0
62,Q-Learning,D27,"(53, 66)",14,14.0
62,Q-Learning,D28,"(92, 67)",11,12.0
62,Q-Learning,D29,"(19, 36)",12,10.0
62,Q-Learning,D30,"(95, 39)",13,30.0
62,Q-Learning,D31,"(11, 56)",12,12.0
62,Q-Learning,D32,"(48, 19)",10,16.0
63,Greedy,D16,"(87, 50)",32,25.0
63,Greedy,D17,"(76, 91)",28,30.0
63,Greedy,D18,"(49, 36)",31,20.0
63,Greedy,D19,"(84, 7)",34,28.0
63,Greedy,D20,"(97, 51)",31,17.0
63,Greedy,D21,"(75, 21)",33,17.0
63,Greedy,D22,"(78, 4)",31,22.0
63,Greedy,D23,"(44, 10)",31,22.0
63,Greedy,D25,"(86, 12)",27,18.0
63,Greedy,D26,"(94, 54)",16,18.0
63,Greedy,D28,"(92, 67)",12,12.0
63,Greedy,D29,"(19, 36)",13,10.0
63,Greedy,D30,"(95, 39)",14,30.0
63,Greedy,D31,"(11, 56)",13,12.0
63,Greedy,D32,"(48, 19)",11,16.0
63,Auction,D13,"(66, 15)",36,19.0
63,Auction,D16,"(87, 50)",32,25.0
63,Auction,D17,"(76, 91)",28,30.0
63,Auction,D19,"(84, 7)",34,28.0
63,Auction,D20,"(97, 51)",31,17.0
63,Auction,D21,"(75, 21)",33,17.0
63,Auction,D22,"(78, 4)",31,22.0
63,Auction,D24,"(35, 58)",26,19.0
63,Auction,D26,"(94, 54)",16,18.0
63,Auction,D27,"(53, 66)",15,14.0
63,Auction,D28,"(92, 67)",12,12.0
63,Auction,D29,"(19, 36)",13,10.0
63,Auction,D30,"(95, 39)",14,30.0
63,Auction,D31,"(11, 56)",13,12.0
63,Auction,D32,"(48, 19)",11,16.0
63,Q-Learning,D16,"(87, 50)",32,25.0
63,Q-Learning,D17,"(76, 91)",28,30.0
63,Q-Learning,D19,"(84, 7)",34,28.0
63,Q-Learning,D22,"(78, 4)",31,22.0
63,Q-Learning,D23,"(44, 10)",31,22.0
63,Q-Learning,D24,"(35, 58)",26,19.0
63,Q-Learning,D25,"(86, 12)",27,18.0
63,Q-Learning,D26,"(94, 54)",16,18.0
63,Q-Learning,D27,"(53, 66)",15,14.0
63,Q-Learning,D28,"(92, 67)",12,12.0
63,Q-Learning,D29,"(19, 36)",13,10.0
63,Q-Learning,D30,"(95, 39)",14,30.0
63,Q-Learning,D31,"(11, 56)",13,12.0
63,Q-Learning,D32,"(48, 19)",11,16.0
64,Greedy,D16,"(87, 50)",33,25.0
64,Greedy,D17,"(76, 91)",29,30.0
64,Greedy,D18,"(49, 36)",32,20.0
64,Greedy,D19,"(84, 7)",35,28.0
64,Greedy,D20,"(97, 51)",32,17.0
64,Greedy,D21,"(75, 21)",34,17.0
64,Greedy,D22,"(78, 4)",32,22.0
64,Greedy,D23,"(44, 10)",32,22.0
64,Greedy,D25,"(86, 12)",28,18.0
64,Greedy,D26,"(94, 54)",17,18.0
64,Greedy,D28,"(92, 67)",13,12.0
64,Greedy,D29,"(19, 36)",14,10.0
64,Greedy,D30,"(95, 39)",15,30.0
64,Greedy,D31,"(11, 56)",14,12.0
64,Greedy,D32,"(48, 19)",12,16.0
64,Greedy,D33,"(41, 3)",7,17.0
64,Auction,D13,"(66, 15)",37,19.0
64,Auction,D16,"(87, 50)",33,25.0
64,Auction,D17,"(76, 91)",29,30.0
64,Auction,D19,"(84, 7)",35,28.0
64,Auction,D20,"(97, 51)",32,17.0
64,Auction,D21,"(75, 21)",34,17.0
64,Auction,D22,"(78, 4)",32,22.0
64,Auction,D24,"(35, 58)",27,19.0
64,Auction,D26,"(94, 54)",17,18.0
64,Auction,D27,"(53, 66)",16,14.0
64,Auction,D28,"(92, 67)",13,12.0
64,Auction,D29,"(19, 36)",14,10.0
64,Auction,D30,"(95, 39)",15,30.0
64,Auction,D31,"(11, 56)",14,12.0
64,Auction,D32,"(48, 19)",12,16.0
64,Auction,D33,"(41, 3)",7,17.0
64,Q-Learning,D16,"(87, 50)",33,25.0
64,Q-Learning,D17,"(76, 91)",29,30.0
64,Q-Learning,D19,"(84, 7)",35,28.0
64,Q-Learning,D22,"(78, 4)",32,22.0
64,Q-Learning,D23,"(44, 10)",32,22.0
64,Q-Learning,D24,"(35, 58)",27,19.0
64,Q-Learning,D25,"(86, 12)",28,18.0
64,Q-Learning,D26,"(94, 54)",17,18.0
64,Q-Learning,D27,"(53, 66)",16,14.0
64,Q-Learning,D28,"(92, 67)",13,12.0
64,Q-Learning,D30,"(95, 39)",15,30.0
64,Q-Learning,D31,"(11, 56)",14,12.0
64,Q-Learning,D32,"(48, 19)",12,16.0
64,Q-Learning,D33,"(41, 3)",7,17.0
65,Greedy,D16,"(87, 50)",34,25.0
65,Greedy,D17,"(76, 91)",30,30.0
65,Greedy,D18,"(49, 36)",33,20.0
65,Greedy,D19,"(84, 7)",36,28.0
65,Greedy,D20,"(97, 51)",33,17.0
65,Greedy,D21,"(75, 21)",35,17.0
65,Greedy,D22,"(78, 4)",33,22.0
65,Greedy,D23,"(44, 10)",33,22.0
65,Greedy,D25,"(86, 12)",29,18.0
65,Greedy,D26,"(94, 54)",18,18.0
65,Greedy,D28,"(92, 67)",14,12.0
65,Greedy,D29,"(19, 36)",15,10.0
65,Greedy,D30,"(95, 39)",16,30.0
65,Greedy,D31,"(11, 56)",15,12.0
65,Greedy,D32,"(48, 19)",13,16.0
65,Greedy,D33,"(41, 3)",8,17.0
65,Auction,D13,"(66, 15)",38,19.0
65,Auction,D16,"(87, 50)",34,25.0
65,Auction,D17,"(76, 91)",30,30.0
65,Auction,D19,"(84, 7)",36,28.0
65,Auction,D22,"(78, 4)",33,22.0
65,Auction,D24,"(35, 58)",28,19.0
65,Auction,D26,"(94, 54)",18,18.0
65,Auction,D27,"(53, 66)",17,14.0
65,Auction,D28,"(92, 67)",14,12.0
65,Auction,D29,"(19, 36)",15,10.0
65,Auction,D30,"(95, 39)",16,30.0
65,Auction,D31,"(11, 56)",15,12.0
65,Auction,D32,"(48, 19)",13,16.0
65,Auction,D33,"(41, 3)",8,17.0
65,Q-Learning,D16,"(87, 50)",34,25.0
65,Q-Learning,D17,"(76, 91)",30,30.0
65,Q-Learning,D19,"(84, 7)",36,28.0
65,Q-Learning,D22,"(78, 4)",33,22.0
65,Q-Learning,D23,"(44, 10)",33,22.0
65,Q-Learning,D24,"(35, 58)",28,19.0
65,Q-Learning,D25,"(86, 12)",29,18.0
65,Q-Learning,D26,"(94, 54)",18,18.0
65,Q-Learning,D27,"(53, 66)",17,14.0
65,Q-Learning,D28,"(92, 67)",14,12.0
65,Q-Learning,D30,"(95, 39)",16,30.0
65,Q-Learning,D31,"(11, 56)",15,12.0
65,Q-Learning,D32,"(48, 19)",13,16.0
65,Q-Learning,D33,"(41, 3)",8,17.0
66,Greedy,D16,"(87, 50)",35,25.0
66,Greedy,D17,"(76, 91)",31,30.0
66,Greedy,D18,"(49, 36)",34,20.0
66,Greedy,D19,"(84, 7)",37,28.0
66,Greedy,D20,"(97, 51)",34,17.0
66,Greedy,D21,"(75, 21)",36,17.0
66,Greedy,D22,"(78, 4)",34,22.0
66,Greedy,D23,"(44, 10)",34,22.0
66,Greedy,D25,"(86, 12)",30,18.0
66,Greedy,D26,"(94, 54)",19,18.0
66,Greedy,D28,"(92, 67)",15,12.0
66,Greedy,D29,"(19, 36)",16,10.0
66,Greedy,D30,"(95, 39)",17,30.0
66,Greedy,D31,"(11, 56)",16,12.0
66,Greedy,D32,"(48, 19)",14,16.0
66,Greedy,D33,"(41, 3)",9,17.0
66,Greedy,D34,"(51, 49)",4,28.0
66,Auction,D13,"(66, 15)",39,19.0
66,Auction,D16,"(87, 50)",35,25.0
66,Auction,D17,"(76, 91)",31,30.0
66,Auction,D19,"(84, 7)",37,28.0
66,Auction,D22,"(78, 4)",34,22.0
66,Auction,D24,"(35, 58)",29,19.0
66,Auction,D26,"(94, 54)",19,18.0
66,Auction,D27,"(53, 66)",18,14.0
66,Auction,D28,"(92, 67)",15,12.0
66,Auction,D29,"(19, 36)",16,10.0
66,Auction,D30,"(95, 39)",17,30.0
66,Auction,D31,"(11, 56)",16,12.0
66,Auction,D32,"(48, 19)",14,16.0
66,Auction,D33,"(41, 3)",9,17.0
66,Auction,D34,"(51, 49)",4,28.0
66,Q-Learning,D16,"(87, 50)",35,25.0
66,Q-Learning,D17,"(76, 91)",31,30.0
66,Q-Learning,D19,"(84, 7)",37,28.0
66,Q-Learning,D22,"(78, 4)",34,22.0
66,Q-Learning,D23,"(44, 10)",34,22.0
66,Q-Learning,D24,"(35, 58)",29,19.0
66,Q-Learning,D25,"(86, 12)",30,18.0
66,Q-Learning,D26,"(94, 54)",19,18.0
66,Q-Learning,D27,"(53, 66)",18,14.0
66,Q-Learning,D28,"(92, 67)",15,12.0
66,Q-Learning,D30,"(95, 39)",17,30.0
66,Q-Learning,D31,"(11, 56)",16,12.0
66,Q-Learning,D32,"(48, 19)",14,16.0
66,Q-Learning,D33,"(41, 3)",9,17.0
66,Q-Learning,D34,"(51, 49)",4,28.0
67,Greedy,D16,"(87, 50)",36,25.0
67,Greedy,D17,"(76, 91)",32,30.0
67,Greedy,D18,"(49, 36)",35,20.0
67,Greedy,D19,"(84, 7)",38,28.0
67,Greedy,D20,"(97, 51)",35,17.0
67,Greedy,D21,"(75, 21)",37,17.0
67,Greedy,D22,"(78, 4)",35,22.0
67,Greedy,D23,"(44, 10)",35,22.0
67,Greedy,D25,"(86, 12)",31,18.0
67,Greedy,D26,"(94, 54)",20,18.0
67,Greedy,D28,"(92, 67)",16,12.0
67,Greedy,D29,"(19, 36)",17,10.0
67,Greedy,D30,"(95, 39)",18,30.0
67,Greedy,D31,"(11, 56)",17,12.0
67,Greedy,D32,"(48, 19)",15,16.0
67,Greedy,D33,"(41, 3)",10,17.0
67,Greedy,D34,"(51, 49)",5,28.0
67,Greedy,D35,"(94, 46)",5,13.0
67,Auction,D13,"(66, 15)",40,19.0
67,Auction,D16,"(87, 50)",36,25.0
67,Auction,D17,"(76, 91)",32,30.0
67,Auction,D19,"(84, 7)",38,28.0
67,Auction,D22,"(78, 4)",35,22.0
67,Auction,D24,"(35, 58)",30,19.0
67,Auction,D26,"(94, 54)",20,18.0
67,Auction,D27,"(53, 66)",19,14.0
67,Auction,D29,"(19, 36)",17,10.0
67,Auction,D30,"(95, 39)",18,30.0
67,Auction,D31,"(11, 56)",17,12.0
67,Auction,D32,"(48, 19)",15,16.0
67,Auction,D33,"(41, 3)",10,17.0
67,Auction,D34,"(51, 49)",5,28.0
67,Auction,D35,"(94, 46)",5,13.0
67,Q-Learning,D16,"(87, 50)",36,25.0
67,Q-Learning,D17,"(76, 91)",32,30.0
67,Q-Learning,D19,"(84, 7)",38,28.0
67,Q-Learning,D22,"(78, 4)",35,22.0
67,Q-Learning,D23,"(44, 10)",35,22.0
67,Q-Learning,D24,"(35, 58)",30,19.0
67,Q-Learning,D25,"(86, 12)",31,18.0
67,Q-Learning,D26,"(94, 54)",20,18.0
67,Q-Learning,D27,"(53, 66)",19,14.0
67,Q-Learning,D28,"(92, 67)",16,12.0
67,Q-Learning,D30,"(95, 39)",18,30.0
67,Q-Learning,D31,"(11, 56)",17,12.0
67,Q-Learning,D32,"(48, 19)",15,16.0
67,Q-Learning,D33,"(41, 3)",10,17.0
67,Q-Learning,D34,"(51, 49)",5,28.0
67,Q-Learning,D35,"(94, 46)",5,13.0
68,Greedy,D16,"(87, 50)",37,25.0
68,Greedy,D17,"(76, 91)",33,30.0
68,Greedy,D18,"(49, 36)",36,20.0
68,Greedy,D19,"(84, 7)",39,28.0
68,Greedy,D20,"(97, 51)",36,17.0
68,Greedy,D21,"(75, 21)",38,17.0
68,Greedy,D22,"(78, 4)",36,22.0
68,Greedy,D23,"(44, 10)",36,22.0
68,Greedy,D25,"(86, 12)",32,18.0
68,Greedy,D26,"(94, 54)",21,18.0
68,Greedy,D28,"(92, 67)",17,12.0
68,Greedy,D29,"(19, 36)",18,10.0
68,Greedy,D30,"(95, 39)",19,30.0
68,Greedy,D31,"(11, 56)",18,12.0
68,Greedy,D32,"(48, 19)",16,16.0
68,Greedy,D33,"(41, 3)",11,17.0
68,Greedy,D34,"(51, 49)",6,28.0
68,Greedy,D35,"(94, 46)",6,13.0
68,Auction,D13,"(66, 15)",41,19.0
68,Auction,D16,"(87, 50)",37,25.0
68,Auction,D17,"(76, 91)",33,30.0
68,Auction,D19,"(84, 7)",39,28.0
68,Auction,D22,"(78, 4)",36,22.0
68,Auction,D24,"(35, 58)",31,19.0
68,Auction,D26,"(94, 54)",21,18.0
68,Auction,D27,"(53, 66)",20,14.0
68,Auction,D29,"(19, 36)",18,10.0
68,Auction,D30,"(95, 39)",19,30.0
68,Auction,D31,"(11, 56)",18,12.0
68,Auction,D32,"(48, 19)",16,16.0
68,Auction,D33,"(41, 3)",11,17.0
68,Auction,D34,"(51, 49)",6,28.0
68,Auction,D35,"(94, 46)",6,13.0
68,Q-Learning,D16,"(87, 50)",37,25.0
68,Q-Learning,D17,"(76, 91)",33,30.0
68,Q-Learning,D19,"(84, 7)",39,28.0
68,Q-Learning,D22,"(78, 4)",36,22.0
68,Q-Learning,D23,"(44, 10)",36,22.0
68,Q-Learning,D24,"(35, 58)",31,19.0
68,Q-Learning,D25,"(86, 12)",32,18.0
68,Q-Learning,D26,"(94, 54)",21,18.0
68,Q-Learning,D27,"(53, 66)",20,14.0
68,Q-Learning,D28,"(92, 67)",17,12.0
68,Q-Learning,D30,"(95, 39)",19,30.0
68,Q-Learning,D31,"(11, 56)",18,12.0
68,Q-Learning,D32,"(48, 19)",16,16.0
68,Q-Learning,D33,"(41, 3)",11,17.0
68,Q-Learning,D34,"(51, 49)",6,28.0
68,Q-Learning,D35,"(94, 46)",6,13.0
69,Greedy,D16,"(87, 50)",38,25.0
69,Greedy,D17,"(76, 91)",34,30.0
69,Greedy,D18,"(49, 36)",37,20.0
69,Greedy,D19,"(84, 7)",40,28.0
69,Greedy,D20,"(97, 51)",37,17.0
69,Greedy,D21,"(75, 21)",39,17.0
69,Greedy,D22,"(78, 4)",37,22.0
69,Greedy,D23,"(44, 10)",37,22.0
69,Greedy,D25,"(86, 12)",33,18.0
69,Greedy,D26,"(94, 54)",22,18.0
69,Greedy,D28,"(92, 67)",18,12.0
69,Greedy,D29,"(19, 36)",19,10.0
69,Greedy,D30,"(95, 39)",20,30.0
69,Greedy,D31,"(11, 56)",19,12.0
69,Greedy,D32,"(48, 19)",17,16.0
69,Greedy,D33,"(41, 3)",12,17.0
69,Greedy,D34,"(51, 49)",7,28.0
69,Greedy,D35,"(94, 46)",7,13.0
69,Auction,D13,"(66, 15)",42,19.0
69,Auction,D16,"(87, 50)",38,25.0
69,Auction,D17,"(76, 91)",34,30.0
69,Auction,D19,"(84, 7)",40,28.0
69,Auction,D22,"(78, 4)",37,22.0
69,Auction,D24,"(35, 58)",32,19.0
69,Auction,D26,"(94, 54)",22,18.0
69,Auction,D27,"(53, 66)",21,14.0
69,Auction,D29,"(19, 36)",19,10.0
69,Auction,D30,"(95, 39)",20,30.0
69,Auction,D31,"(11, 56)",19,12.0
69,Auction,D32,"(48, 19)",17,16.0
69,Auction,D33,"(41, 3)",12,17.0
69,Auction,D34,"(51, 49)",7,28.0
69,Auction,D35,"(94, 46)",7,13.0
69,Q-Learning,D16,"(87, 50)",38,25.0
69,Q-Learning,D17,"(76, 91)",34,30.0
69,Q-Learning,D19,"(84, 7)",40,28.0
69,Q-Learning,D22,"(78, 4)",37,22.0
69,Q-Learning,D23,"(44, 10)",37,22.0
69,Q-Learning,D24,"(35, 58)",32,19.0
69,Q-Learning,D25,"(86, 12)",33,18.0
69,Q-Learning,D26,"(94, 54)",22,18.0
69,Q-Learning,D27,"(53, 66)",21,14.0
69,Q-Learning,D28,"(92, 67)",18,12.0
69,Q-Learning,D30,"(95, 39)",20,30.0
69,Q-Learning,D31,"(11, 56)",19,12.0
69,Q-Learning,D32,"(48, 19)",17,16.0
69,Q-Learning,D33,"(41, 3)",12,17.0
69,Q-Learning,D34,"(51, 49)",7,28.0
69,Q-Learning,D35,"(94, 46)",7,13.0
70,Greedy,D16,"(87, 50)",39,25.0
70,Greedy,D17,"(76, 91)",35,30.0
70,Greedy,D18,"(49, 36)",38,20.0
70,Greedy,D19,"(84, 7)",41,28.0
70,Greedy,D20,"(97, 51)",38,17.0
70,Greedy,D21,"(75, 21)",40,17.0
70,Greedy,D22,"(78, 4)",38,22.0
70,Greedy,D23,"(44, 10)",38,22.0
70,Greedy,D25,"(86, 12)",34,18.0
70,Greedy,D26,"(94, 54)",23,18.0
70,Greedy,D28,"(92, 67)",19,12.0
70,Greedy,D29,"(19, 36)",20,10.0
70,Greedy,D30,"(95, 39)",21,30.0
70,Greedy,D31,"(11, 56)",20,12.0
70,Greedy,D32,"(48, 19)",18,16.0
70,Greedy,D33,"(41, 3)",13,17.0
70,Greedy,D34,"(51, 49)",8,28.0
70,Greedy,D35,"(94, 46)",8,13.0
70,Greedy,D36,"(9, 85)",4,10.0
70,Auction,D13,"(66, 15)",43,19.0
70,Auction,D16,"(87, 50)",39,25.0
70,Auction,D17,"(76, 91)",35,30.0
70,Auction,D19,"(84, 7)",41,28.0
70,Auction,D22,"(78, 4)",38,22.0
70,Auction,D24,"(35, 58)",33,19.0
70,Auction,D26,"(94, 54)",23,18.0
70,Auction,D27,"(53, 66)",22,14.0
70,Auction,D29,"(19, 36)",20,10.0
70,Auction,D30,"(95, 39)",21,30.0
70,Auction,D31,"(11, 56)",20,12.0
70,Auction,D32,"(48, 19)",18,16.0
70,Auction,D33,"(41, 3)",13,17.0
70,Auction,D34,"(51, 49)",8,28.0
70,Auction,D35,"(94, 46)",8,13.0
70,Auction,D36,"(9, 85)",4,10.0
70,Q-Learning,D16,"(87, 50)",39,25.0
70,Q-Learning,D17,"(76, 91)",35,30.0
70,Q-Learning,D19,"(84, 7)",41,28.0
70,Q-Learning,D22,"(78, 4)",38,22.0
70,Q-Learning,D23,"(44, 10)",38,22.0
70,Q-Learning,D24,"(35, 58)",33,19.0
70,Q-Learning,D25,"(86, 12)",34,18.0
70,Q-Learning,D26,"(94, 54)",23,18.0
70,Q-Learning,D27,"(53, 66)",22,14.0
70,Q-Learning,D28,"(92, 67)",19,12.0
70,Q-Learning,D30,"(95, 39)",21,30.0
70,Q-Learning,D31,"(11, 56)",20,12.0
70,Q-Learning,D32,"(48, 19)",18,16.0
70,Q-Learning,D33,"(41, 3)",13,17.0
70,Q-Learning,D34,"(51, 49)",8,28.0
70,Q-Learning,D35,"(94, 46)",8,13.0
70,Q-Learning,D36,"(9, 85)",4,10.0
71,Greedy,D16,"(87, 50)",40,25.0
71,Greedy,D17,"(76, 91)",36,30.0
71,Greedy,D18,"(49, 36)",39,20.0
71,Greedy,D19,"(84, 7)",42,28.0
71,Greedy,D20,"(97, 51)",39,17.0
71,Greedy,D21,"(75, 21)",41,17.0
71,Greedy,D22,"(78, 4)",39,22.0
71,Greedy,D23,"(44, 10)",39,22.0
71,Greedy,D25,"(86, 12)",35,18.0
71,Greedy,D26,"(94, 54)",24,18.0
71,Greedy,D28,"(92, 67)",20,12.0
71,Greedy,D29,"(19, 36)",21,10.0
71,Greedy,D30,"(95, 39)",22,30.0
71,Greedy,D31,"(11, 56)",21,12.0
71,Greedy,D32,"(48, 19)",19,16.0
71,Greedy,D33,"(41, 3)",14,17.0
71,Greedy,D34,"(51, 49)",9,28.0
71,Greedy,D35,"(94, 46)",9,13.0
71,Greedy,D36,"(9, 85)",5,10.0
71,Greedy,D37,"(13, 27)",1,10.0
71,Auction,D13,"(66, 15)",44,19.0
71,Auction,D16,"(87, 50)",40,25.0
71,Auction,D17,"(76, 91)",36,30.0
71,Auction,D19,"(84, 7)",42,28.0
71,Auction,D22,"(78, 4)",39,22.0
71,Auction,D24,"(35, 58)",34,19.0
71,Auction,D26,"(94, 54)",24,18.0
71,Auction,D27,"(53, 66)",23,14.0
71,Auction,D29,"(19, 36)",21,10.0
71,Auction,D30,"(95, 39)",22,30.0
71,Auction,D31,"(11, 56)",21,12.0
71,Auction,D32,"(48, 19)",19,16.0
71,Auction,D33,"(41, 3)",14,17.0
71,Auction,D34,"(51, 49)",9,28.0
71,Auction,D35,"(94, 46)",9,13.0
71,Auction,D36,"(9, 85)",5,10.0
71,Auction,D37,"(13, 27)",1,10.0
71,Q-Learning,D16,"(87, 50)",40,25.0
71,Q-Learning,D17,"(76, 91)",36,30.0
71,Q-Learning,D19,"(84, 7)",42,28.0
71,Q-Learning,D22,"(78, 4)",39,22.0
71,Q-Learning,D23,"(44, 10)",39,22.0
71,Q-Learning,D24,"(35, 58)",34,19.0
71,Q-Learning,D25,"(86, 12)",35,18.0
71,Q-Learning,D26,"(94, 54)",24,18.0
71,Q-Learning,D27,"(53, 66)",23,14.0
71,Q-Learning,D28,"(92, 67)",20,12.0
71,Q-Learning,D30,"(95, 39)",22,30.0
71,Q-Learning,D31,"(11, 56)",21,12.0
71,Q-Learning,D32,"(48, 19)",19,16.0
71,Q-Learning,D33,"(41, 3)",14,17.0
71,Q-Learning,D34,"(51, 49)",9,28.0
71,Q-Learning,D35,"(94, 46)",9,13.0
71,Q-Learning,D36,"(9, 85)",5,10.0
71,Q-Learning,D37,"(13, 27)",1,10.0
72,Greedy,D16,"(87, 50)",41,25.0
72,Greedy,D17,"(76, 91)",37,30.0
72,Greedy,D18,"(49, 36)",40,20.0
72,Greedy,D19,"(84, 7)",43,28.0
72,Greedy,D20,"(97, 51)",40,17.0
72,Greedy,D21,"(75, 21)",42,17.0
72,Greedy,D22,"(78, 4)",40,22.0
72,Greedy,D23,"(44, 10)",40,22.0
72,Greedy,D25,"(86, 12)",36,18.0
72,Greedy,D26,"(94, 54)",25,18.0
72,Greedy,D28,"(92, 67)",21,12.0
72,Greedy,D29,"(19, 36)",22,10.0
72,Greedy,D30,"(95, 39)",23,30.0
72,Greedy,D31,"(11, 56)",22,12.0
72,Greedy,D32,"(48, 19)",20,16.0
72,Greedy,D33,"(41, 3)",15,17.0
72,Greedy,D34,"(51, 49)",10,28.0
72,Greedy,D35,"(94, 46)",10,13.0
72,Greedy,D36,"(9, 85)",6,10.0
72,Greedy,D37,"(13, 27)",2,10.0
72,Greedy,D38,"(2, 58)",9,15.0
72,Auction,D13,"(66, 15)",45,19.0
72,Auction,D16,"(87, 50)",41,25.0
72,Auction,D17,"(76, 91)",37,30.0
72,Auction,D19,"(84, 7)",43,28.0
72,Auction,D22,"(78, 4)",40,22.0
72,Auction,D24,"(35, 58)",35,19.0
72,Auction,D26,"(94, 54)",25,18.0
72,Auction,D27,"(53, 66)",24,14.0
72,Auction,D29,"(19, 36)",22,10.0
72,Auction,D30,"(95, 39)",23,30.0
72,Auction,D31,"(11, 56)",22,12.0
72,Auction,D32,"(48, 19)",20,16.0
72,Auction,D33,"(41, 3)",15,17.0
72,Auction,D34,"(51, 49)",10,28.0
72,Auction,D35,"(94, 46)",10,13.0
72,Auction,D36,"(9, 85)",6,10.0
72,Auction,D37,"(13, 27)",2,10.0
72,Auction,D38,"(2, 58)",9,15.0
72,Q-Learning,D16,"(87, 50)",41,25.0
72,Q-Learning,D17,"(76, 91)",37,30.0
72,Q-Learning,D19,"(84, 7)",43,28.0
72,Q-Learning,D22,"(78, 4)",40,22.0
72,Q-Learning,D23,"(44, 10)",40,22.0
72,Q-Learning,D24,"(35, 58)",35,19.0
72,Q-Learning,D25,"(86, 12)",36,18.0
72,Q-Learning,D26,"(94, 54)",25,18.0
72,Q-Learning,D28,"(92, 67)",21,12.0
72,Q-Learning,D30,"(95, 39)",23,30.0
72,Q-Learning,D31,"(11, 56)",22,12.0
72,Q-Learning,D32,"(48, 19)",20,16.0
72,Q-Learning,D33,"(41, 3)",15,17.0
72,Q-Learning,D34,"(51, 49)",10,28.0
72,Q-Learning,D35,"(94, 46)",10,13.0
72,Q-Learning,D36,"(9, 85)",6,10.0
72,Q-Learning,D37,"(13, 27)",2,10.0
72,Q-Learning,D38,"(2, 58)",9,15.0
73,Greedy,D16,"(87, 50)",42,25.0
73,Greedy,D17,"(76, 91)",38,30.0
73,Greedy,D18,"(49, 36)",41,20.0
73,Greedy,D19,"(84, 7)",44,28.0
73,Greedy,D20,"(97, 51)",41,17.0
73,Greedy,D21,"(75, 21)",43,17.0
73,Greedy,D22,"(78, 4)",41,22.0
73,Greedy,D23,"(44, 10)",41,22.0
73,Greedy,D25,"(86, 12)",37,18.0
73,Greedy,D26,"(94, 54)",26,18.0
73,Greedy,D28,"(92, 67)",22,12.0
73,Greedy,D29,"(19, 36)",23,10.0
73,Greedy,D30,"(95, 39)",24,30.0
73,Greedy,D31,"(11, 56)",23,12.0
73,Greedy,D32,"(48, 19)",21,16.0
73,Greedy,D33,"(41, 3)",16,17.0
73,Greedy,D34,"(51, 49)",11,28.0
73,Greedy,D35,"(94, 46)",11,13.0
73,Greedy,D36,"(9, 85)",7,10.0
73,Greedy,D37,"(13, 27)",3,10.0
73,Greedy,D38,"(2, 58)",10,15.0
73,Auction,D13,"(66, 15)",46,19.0
73,Auction,D16,"(87, 50)",42,25.0
73,Auction,D17,"(76, 91)",38,30.0
73,Auction,D19,"(84, 7)",44,28.0
73,Auction,D22,"(78, 4)",41,22.0
73,Auction,D24,"(35, 58)",36,19.0
73,Auction,D26,"(94, 54)",26,18.0
73,Auction,D27,"(53, 66)",25,14.0
73,Auction,D29,"(19, 36)",23,10.0
73,Auction,D30,"(95, 39)",24,30.0
73,Auction,D31,"(11, 56)",23,12.0
73,Auction,D32,"(48, 19)",21,16.0
73,Auction,D33,"(41, 3)",16,17.0
73,Auction,D34,"(51, 49)",11,28.0
73,Auction,D35,"(94, 46)",11,13.0
73,Auction,D36,"(9, 85)",7,10.0
73,Auction,D37,"(13, 27)",3,10.0
73,Auction,D38,"(2, 58)",10,15.0
73,Q-Learning,D16,"(87, 50)",42,25.0
73,Q-Learning,D17,"(76, 91)",38,30.0
73,Q-Learning,D19,"(84, 7)",44,28.0
73,Q-Learning,D22,"(78, 4)",41,22.0
73,Q-Learning,D23,"(44, 10)",41,22.0
73,Q-Learning,D24,"(35, 58)",36,19.0
73,Q-Learning,D25,"(86, 12)",37,18.0
73,Q-Learning,D26,"(94, 54)",26,18.0
73,Q-Learning,D28,"(92, 67)",22,12.0
73,Q-Learning,D30,"(95, 39)",24,30.0
73,Q-Learning,D31,"(11, 56)",23,12.0
73,Q-Learning,D32,"(48, 19)",21,16.0
73,Q-Learning,D33,"(41, 3)",16,17.0
73,Q-Learning,D34,"(51, 49)",11,28.0
73,Q-Learning,D35,"(94, 46)",11,13.0
73,Q-Learning,D36,"(9, 85)",7,10.0
73,Q-Learning,D37,"(13, 27)",3,10.0
73,Q-Learning,D38,"(2, 58)",10,15.0
74,Greedy,D16,"(87, 50)",43,25.0
74,Greedy,D17,"(76, 91)",39,30.0
74,Greedy,D18,"(49, 36)",42,20.0
74,Greedy,D19,"(84, 7)",45,28.0
74,Greedy,D20,"(97, 51)",42,17.0
74,Greedy,D21,"(75, 21)",44,17.0
74,Greedy,D22,"(78, 4)",42,22.0
74,Greedy,D23,"(44, 10)",42,22.0
74,Greedy,D25,"(86, 12)",38,18.0
74,Greedy,D26,"(94, 54)",27,18.0
74,Greedy,D28,"(92, 67)",23,12.0
74,Greedy,D29,"(19, 36)",24,10.0
74,Greedy,D30,"(95, 39)",25,30.0
74,Greedy,D31,"(11, 56)",24,12.0
74,Greedy,D32,"(48, 19)",22,16.0
74,Greedy,D33,"(41, 3)",17,17.0
74,Greedy,D34,"(51, 49)",12,28.0
74,Greedy,D35,"(94, 46)",12,13.0
74,Greedy,D36,"(9, 85)",8,10.0
74,Greedy,D37,"(13, 27)",4,10.0
74,Greedy,D38,"(2, 58)",11,15.0
74,Greedy,D39,"(42, 42)",7,11.0
74,Auction,D13,"(66, 15)",47,19.0
74,Auction,D16,"(87, 50)",43,25.0
74,Auction,D17,"(76, 91)",39,30.0
74,Auction,D19,"(84, 7)",45,28.0
74,Auction,D22,"(78, 4)",42,22.0
74,Auction,D24,"(35, 58)",37,19.0
74,Auction,D26,"(94, 54)",27,18.0
74,Auction,D27,"(53, 66)",26,14.0
74,Auction,D29,"(19, 36)",24,10.0
74,Auction,D30,"(95, 39)",25,30.0
74,Auction,D31,"(11, 56)",24,12.0
74,Auction,D32,"(48, 19)",22,16.0
74,Auction,D33,"(41, 3)",17,17.0
74,Auction,D34,"(51, 49)",12,28.0
74,Auction,D35,"(94, 46)",12,13.0
74,Auction,D36,"(9, 85)",8,10.0
74,Auction,D37,"(13, 27)",4,10.0
74,Auction,D38,"(2, 58)",11,15.0
74,Auction,D39,"(42, 42)",7,11.0
74,Q-Learning,D16,"(87, 50)",43,25.0
74,Q-Learning,D17,"(76, 91)",39,30.0
74,Q-Learning,D19,"(84, 7)",45,28.0
74,Q-Learning,D22,"(78, 4)",42,22.0
74,Q-Learning,D23,"(44, 10)",42,22.0
74,Q-Learning,D24,"(35, 58)",37,19.0
74,Q-Learning,D25,"(86, 12)",38,18.0
74,Q-Learning,D26,"(94, 54)",27,18.0
74,Q-Learning,D28,"(92, 67)",23,12.0
74,Q-Learning,D30,"(95, 39)",25,30.0
74,Q-Learning,D31,"(11, 56)",24,12.0
74,Q-Learning,D32,"(48, 19)",22,16.0
74,Q-Learning,D33,"(41, 3)",17,17.0
74,Q-Learning,D34,"(51, 49)",12,28.0
74,Q-Learning,D35,"(94, 46)",12,13.0
74,Q-Learning,D36,"(9, 85)",8,10.0
74,Q-Learning,D37,"(13, 27)",4,10.0
74,Q-Learning,D38,"(2, 58)",11,15.0
74,Q-Learning,D39,"(42, 42)",7,11.0
75,Greedy,D16,"(87, 50)",44,25.0
75,Greedy,D17,"(76, 91)",40,30.0
75,Greedy,D18,"(49, 36)",43,20.0
75,Greedy,D19,"(84, 7)",46,28.0
75,Greedy,D20,"(97, 51)",43,17.0
75,Greedy,D21,"(75, 21)",45,17.0
75,Greedy,D22,"(78, 4)",43,22.0
75,Greedy,D23,"(44, 10)",43,22.0
75,Greedy,D25,"(86, 12)",39,18.0
75,Greedy,D26,"(94, 54)",28,18.0
75,Greedy,D28,"(92, 67)",24,12.0
75,Greedy,D29,"(19, 36)",25,10.0
75,Greedy,D30,"(95, 39)",26,30.0
75,Greedy,D31,"(11, 56)",25,12.0
75,Greedy,D32,"(48, 19)",23,16.0
75,Greedy,D33,"(41, 3)",18,17.0
75,Greedy,D34,"(51, 49)",13,28.0
75,Greedy,D35,"(94, 46)",13,13.0
75,Greedy,D36,"(9, 85)",9,10.0
75,Greedy,D37,"(13, 27)",5,10.0
75,Greedy,D38,"(2, 58)",12,15.0
75,Greedy,D39,"(42, 42)",8,11.0
75,Auction,D13,"(66, 15)",48,19.0
75,Auction,D16,"(87, 50)",44,25.0
75,Auction,D17,"(76, 91)",40,30.0
75,Auction,D19,"(84, 7)",46,28.0
75,Auction,D22,"(78, 4)",43,22.0
75,Auction,D24,"(35, 58)",38,19.0
75,Auction,D26,"(94, 54)",28,18.0
75,Auction,D27,"(53, 66)",27,14.0
75,Auction,D29,"(19, 36)",25,10.0
75,Auction,D30,"(95, 39)",26,30.0
75,Auction,D31,"(11, 56)",25,12.0
75,Auction,D32,"(48, 19)",23,16.0
75,Auction,D33,"(41, 3)",18,17.0
75,Auction,D34,"(51, 49)",13,28.0
75,Auction,D35,"(94, 46)",13,13.0
75,Auction,D36,"(9, 85)",9,10.0
75,Auction,D37,"(13, 27)",5,10.0
75,Auction,D38,"(2, 58)",12,15.0
75,Auction,D39,"(42, 42)",8,11.0
75,Q-Learning,D16,"(87, 50)",44,25.0
75,Q-Learning,D17,"(76, 91)",40,30.0
75,Q-Learning,D19,"(84, 7)",46,28.0
75,Q-Learning,D22,"(78, 4)",43,22.0
75,Q-Learning,D23,"(44, 10)",43,22.0
75,Q-Learning,D24,"(35, 58)",38,19.0
75,Q-Learning,D25,"(86, 12)",39,18.0
75,Q-Learning,D26,"(94, 54)",28,18.0
75,Q-Learning,D28,"(92, 67)",24,12.0
75,Q-Learning,D30,"(95, 39)",26,30.0
75,Q-Learning,D31,"(11, 56)",25,12.0
75,Q-Learning,D32,"(48, 19)",23,16.0
75,Q-Learning,D33,"(41, 3)",18,17.0
75,Q-Learning,D34,"(51, 49)",13,28.0
75,Q-Learning,D35,"(94, 46)",13,13.0
75,Q-Learning,D36,"(9, 85)",9,10.0
75,Q-Learning,D37,"(13, 27)",5,10.0
75,Q-Learning,D38,"(2, 58)",12,15.0
75,Q-Learning,D39,"(42, 42)",8,11.0
76,Greedy,D16,"(87, 50)",45,25.0
76,Greedy,D17,"(76, 91)",41,30.0
76,Greedy,D18,"(49, 36)",44,20.0
76,Greedy,D19,"(84, 7)",47,28.0
76,Greedy,D20,"(97, 51)",44,17.0
76,Greedy,D21,"(75, 21)",46,17.0
76,Greedy,D22,"(78, 4)",44,22.0
76,Greedy,D23,"(44, 10)",44,22.0
76,Greedy,D25,"(86, 12)",40,18.0
76,Greedy,D26,"(94, 54)",29,18.0
76,Greedy,D28,"(92, 67)",25,12.0
76,Greedy,D29,"(19, 36)",26,10.0
76,Greedy,D30,"(95, 39)",27,30.0
76,Greedy,D31,"(11, 56)",26,12.0
76,Greedy,D32,"(48, 19)",24,16.0
76,Greedy,D33,"(41, 3)",19,17.0
76,Greedy,D34,"(51, 49)",14,28.0
76,Greedy,D35,"(94, 46)",14,13.0
76,Greedy,D37,"(13, 27)",6,10.0
76,Greedy,D38,"(2, 58)",13,15.0
76,Greedy,D39,"(42, 42)",9,11.0
76,Auction,D13,"(66, 15)",49,19.0
76,Auction,D16,"(87, 50)",45,25.0
76,Auction,D17,"(76, 91)",41,30.0
76,Auction,D19,"(84, 7)",47,28.0
76,Auction,D22,"(78, 4)",44,22.0
76,Auction,D24,"(35, 58)",39,19.0
76,Auction,D26,"(94, 54)",29,18.0
76,Auction,D27,"(53, 66)",28,14.0
76,Auction,D29,"(19, 36)",26,10.0
76,Auction,D30,"(95, 39)",27,30.0
76,Auction,D31,"(11, 56)",26,12.0
76,Auction,D32,"(48, 19)",24,16.0
76,Auction,D33,"(41, 3)",19,17.0
76,Auction,D34,"(51, 49)",14,28.0
76,Auction,D35,"(94, 46)",14,13.0
76,Auction,D36,"(9, 85)",10,10.0
76,Auction,D37,"(13, 27)",6,10.0
76,Auction,D38,"(2, 58)",13,15.0
76,Auction,D39,"(42, 42)",9,11.0
76,Q-Learning,D16,"(87, 50)",45,25.0
76,Q-Learning,D17,"(76, 91)",41,30.0
76,Q-Learning,D19,"(84, 7)",47,28.0
76,Q-Learning,D22,"(78, 4)",44,22.0
76,Q-Learning,D23,"(44, 10)",44,22.0
76,Q-Learning,D24,"(35, 58)",39,19.0
76,Q-Learning,D25,"(86, 12)",40,18.0
76,Q-Learning,D26,"(94, 54)",29,18.0
76,Q-Learning,D28,"(92, 67)",25,12.0
76,Q-Learning,D30,"(95, 39)",27,30.0
76,Q-Learning,D31,"(11, 56)",26,12.0
76,Q-Learning,D32,"(48, 19)",24,16.0
76,Q-Learning,D33,"(41, 3)",19,17.0
76,Q-Learning,D34,"(51, 49)",14,28.0
76,Q-Learning,D35,"(94, 46)",14,13.0
76,Q-Learning,D36,"(9, 85)",10,10.0
76,Q-Learning,D38,"(2, 58)",13,15.0
76,Q-Learning,D39,"(42, 42)",9,11.0
77,Greedy,D16,"(87, 50)",46,25.0
77,Greedy,D17,"(76, 91)",42,30.0
77,Greedy,D18,"(49, 36)",45,20.0
77,Greedy,D19,"(84, 7)",48,28.0
77,Greedy,D20,"(97, 51)",45,17.0
77,Greedy,D21,"(75, 21)",47,17.0
77,Greedy,D22,"(78, 4)",45,22.0
77,Greedy,D23,"(44, 10)",45,22.0
77,Greedy,D25,"(86, 12)",41,18.0
77,Greedy,D26,"(94, 54)",30,18.0
77,Greedy,D28,"(92, 67)",26,12.0
77,Greedy,D29,"(19, 36)",27,10.0
77,Greedy,D30,"(95, 39)",28,30.0
77,Greedy,D31,"(11, 56)",27,12.0
77,Greedy,D32,"(48, 19)",25,16.0
77,Greedy,D33,"(41, 3)",20,17.0
77,Greedy,D34,"(51, 49)",15,28.0
77,Greedy,D35,"(94, 46)",15,13.0
77,Greedy,D37,"(13, 27)",7,10.0
77,Greedy,D38,"(2, 58)",14,15.0
77,Greedy,D39,"(42, 42)",10,11.0
77,Auction,D13,"(66, 15)",50,19.0
77,Auction,D16,"(87, 50)",46,25.0
77,Auction,D17,"(76, 91)",42,30.0
77,Auction,D19,"(84, 7)",48,28.0
77,Auction,D22,"(78, 4)",45,22.0
77,Auction,D24,"(35, 58)",40,19.0
77,Auction,D26,"(94, 54)",30,18.0
77,Auction,D27,"(53, 66)",29,14.0
77,Auction,D29,"(19, 36)",27,10.0
77,Auction,D30,"(95, 39)",28,30.0
77,Auction,D31,"(11, 56)",27,12.0
77,Auction,D32,"(48, 19)",25,16.0
77,Auction,D33,"(41, 3)",20,17.0
77,Auction,D34,"(51, 49)",15,28.0
77,Auction,D35,"(94, 46)",15,13.0
77,Auction,D36,"(9, 85)",11,10.0
77,Auction,D37,"(13, 27)",7,10.0
77,Auction,D38,"(2, 58)",14,15.0
77,Auction,D39,"(42, 42)",10,11.0
77,Q-Learning,D16,"(87, 50)",46,25.0
77,Q-Learning,D17,"(76, 91)",42,30.0
77,Q-Learning,D19,"(84, 7)",48,28.0
77,Q-Learning,D22,"(78, 4)",45,22.0
77,Q-Learning,D23,"(44, 10)",45,22.0
77,Q-Learning,D24,"(35, 58)",40,19.0
77,Q-Learning,D25,"(86, 12)",41,18.0
77,Q-Learning,D26,"(94, 54)",30,18.0
77,Q-Learning,D28,"(92, 67)",26,12.0
77,Q-Learning,D30,"(95, 39)",28,30.0
77,Q-Learning,D32,"(48, 19)",25,16.0
77,Q-Learning,D33,"(41, 3)",20,17.0
77,Q-Learning,D34,"(51, 49)",15,28.0
77,Q-Learning,D35,"(94, 46)",15,13.0
77,Q-Learning,D36,"(9, 85)",11,10.0
77,Q-Learning,D38,"(2, 58)",14,15.0
77,Q-Learning,D39,"(42, 42)",10,11.0
78,Greedy,D16,"(87, 50)",47,25.0
78,Greedy,D17,"(76, 91)",43,30.0
78,Greedy,D18,"(49, 36)",46,20.0
78,Greedy,D19,"(84, 7)",49,28.0
78,Greedy,D20,"(97, 51)",46,17.0
78,Greedy,D21,"(75, 21)",48,17.0
78,Greedy,D22,"(78, 4)",46,22.0
78,Greedy,D23,"(44, 10)",46,22.0
78,Greedy,D25,"(86, 12)",42,18.0
78,Greedy,D26,"(94, 54)",31,18.0
78,Greedy,D28,"(92, 67)",27,12.0
78,Greedy,D29,"(19, 36)",28,10.0
78,Greedy,D30,"(95, 39)",29,30.0
78,Greedy,D31,"(11, 56)",28,12.0
78,Greedy,D32,"(48, 19)",26,16.0
78,Greedy,D33,"(41, 3)",21,17.0
78,Greedy,D34,"(51, 49)",16,28.0
78,Greedy,D35,"(94, 46)",16,13.0
78,Greedy,D37,"(13, 27)",8,10.0
78,Greedy,D38,"(2, 58)",15,15.0
78,Greedy,D39,"(42, 42)",11,11.0
78,Greedy,D40,"(59, 36)",5,21.0
78,Auction,D13,"(66, 15)",51,19.0
78,Auction,D16,"(87, 50)",47,25.0
78,Auction,D17,"(76, 91)",43,30.0
78,Auction,D19,"(84, 7)",49,28.0
78,Auction,D22,"(78, 4)",46,22.0
78,Auction,D24,"(35, 58)",41,19.0
78,Auction,D26,"(94, 54)",31,18.0
78,Auction,D27,"(53, 66)",30,14.0
78,Auction,D29,"(19, 36)",28,10.0
78,Auction,D30,"(95, 39)",29,30.0
78,Auction,D31,"(11, 56)",28,12.0
78,Auction,D32,"(48, 19)",26,16.0
78,Auction,D33,"(41, 3)",21,17.0
78,Auction,D34,"(51, 49)",16,28.0
78,Auction,D35,"(94, 46)",16,13.0
78,Auction,D36,"(9, 85)",12,10.0
78,Auction,D37,"(13, 27)",8,10.0
78,Auction,D38,"(2, 58)",15,15.0
78,Auction,D39,"(42, 42)",11,11.0
78,Auction,D40,"(59, 36)",5,21.0
78,Q-Learning,D16,"(87, 50)",47,25.0
78,Q-Learning,D17,"(76, 91)",43,30.0
78,Q-Learning,D19,"(84, 7)",49,28.0
78,Q-Learning,D22,"(78, 4)",46,22.0
78,Q-Learning,D23,"(44, 10)",46,22.0
78,Q-Learning,D24,"(35, 58)",41,19.0
78,Q-Learning,D25,"(86, 12)",42,18.0
78,Q-Learning,D26,"(94, 54)",31,18.0
78,Q-Learning,D28,"(92, 67)",27,12.0
78,Q-Learning,D30,"(95, 39)",29,30.0
78,Q-Learning,D32,"(48, 19)",26,16.0
78,Q-Learning,D33,"(41, 3)",21,17.0
78,Q-Learning,D34,"(51, 49)",16,28.0
78,Q-Learning,D35,"(94, 46)",16,13.0
78,Q-Learning,D36,"(9, 85)",12,10.0
78,Q-Learning,D38,"(2, 58)",15,15.0
78,Q-Learning,D39,"(42, 42)",11,11.0
78,Q-Learning,D40,"(59, 36)",5,21.0
79,Greedy,D16,"(87, 50)",48,25.0
79,Greedy,D17,"(76, 91)",44,30.0
79,Greedy,D18,"(49, 36)",47,20.0
79,Greedy,D19,"(84, 7)",50,28.0
79,Greedy,D20,"(97, 51)",47,17.0
79,Greedy,D21,"(75, 21)",49,17.0
79,Greedy,D22,"(78, 4)",47,22.0
79,Greedy,D23,"(44, 10)",47,22.0
79,Greedy,D25,"(86, 12)",43,18.0
79,Greedy,D26,"(94, 54)",32,18.0
79,Greedy,D28,"(92, 67)",28,12.0
79,Greedy,D30,"(95, 39)",30,30.0
79,Greedy,D31,"(11, 56)",29,12.0
79,Greedy,D32,"(48, 19)",27,16.0
79,Greedy,D33,"(41, 3)",22,17.0
79,Greedy,D34,"(51, 49)",17,28.0
79,Greedy,D35,"(94, 46)",17,13.0
79,Greedy,D37,"(13, 27)",9,10.0
79,Greedy,D38,"(2, 58)",16,15.0
79,Greedy,D39,"(42, 42)",12,11.0
79,Greedy,D40,"(59, 36)",6,21.0
79,Auction,D13,"(66, 15)",52,19.0
79,Auction,D16,"(87, 50)",48,25.0
79,Auction,D17,"(76, 91)",44,30.0
79,Auction,D19,"(84, 7)",50,28.0
79,Auction,D22,"(78, 4)",47,22.0
79,Auction,D24,"(35, 58)",42,19.0
79,Auction,D26,"(94, 54)",32,18.0
79,Auction,D27,"(53, 66)",31,14.0
79,Auction,D29,"(19, 36)",29,10.0
79,Auction,D30,"(95, 39)",30,30.0
79,Auction,D31,"(11, 56)",29,12.0
79,Auction,D32,"(48, 19)",27,16.0
79,Auction,D33,"(41, 3)",22,17.0
79,Auction,D34,"(51, 49)",17,28.0
79,Auction,D35,"(94, 46)",17,13.0
79,Auction,D36,"(9, 85)",13,10.0
79,Auction,D37,"(13, 27)",9,10.0
79,Auction,D38,"(2, 58)",16,15.0
79,Auction,D39,"(42, 42)",12,11.0
79,Auction,D40,"(59, 36)",6,21.0
79,Q-Learning,D16,"(87, 50)",48,25.0
79,Q-Learning,D17,"(76, 91)",44,30.0
79,Q-Learning,D19,"(84, 7)",50,28.0
79,Q-Learning,D22,"(78, 4)",47,22.0
79,Q-Learning,D23,"(44, 10)",47,22.0
79,Q-Learning,D24,"(35, 58)",42,19.0
79,Q-Learning,D25,"(86, 12)",43,18.0
79,Q-Learning,D26,"(94, 54)",32,18.0
79,Q-Learning,D28,"(92, 67)",28,12.0
79,Q-Learning,D30,"(95, 39)",30,30.0
79,Q-Learning,D32,"(48, 19)",27,16.0
79,Q-Learning,D33,"(41, 3)",22,17.0
79,Q-Learning,D34,"(51, 49)",17,28.0
79,Q-Learning,D36,"(9, 85)",13,10.0
79,Q-Learning,D38,"(2, 58)",16,15.0
79,Q-Learning,D39,"(42, 42)",12,11.0
79,Q-Learning,D40,"(59, 36)",6,21.0
80,Greedy,D16,"(87, 50)",49,25.0
80,Greedy,D17,"(76, 91)",45,30.0
80,Greedy,D18,"(49, 36)",48,20.0
80,Greedy,D19,"(84, 7)",51,28.0
80,Greedy,D20,"(97, 51)",48,17.0
80,Greedy,D21,"(75, 21)",50,17.0
80,Greedy,D22,"(78, 4)",48,22.0
80,Greedy,D23,"(44, 10)",48,22.0
80,Greedy,D25,"(86, 12)",44,18.0
80,Greedy,D26,"(94, 54)",33,18.0
80,Greedy,D28,"(92, 67)",29,12.0
80,Greedy,D30,"(95, 39)",31,30.0
80,Greedy,D31,"(11, 56)",30,12.0
80,Greedy,D32,"(48, 19)",28,16.0
80,Greedy,D33,"(41, 3)",23,17.0
80,Greedy,D34,"(51, 49)",18,28.0
80,Greedy,D35,"(94, 46)",18,13.0
80,Greedy,D37,"(13, 27)",10,10.0
80,Greedy,D38,"(2, 58)",17,15.0
80,Greedy,D39,"(42, 42)",13,11.0
80,Greedy,D40,"(59, 36)",7,21.0
80,Auction,D13,"(66, 15)",53,19.0
80,Auction,D16,"(87, 50)",49,25.0
80,Auction,D17,"(76, 91)",45,30.0
80,Auction,D19,"(84, 7)",51,28.0
80,Auction,D22,"(78, 4)",48,22.0
80,Auction,D24,"(35, 58)",43,19.0
80,Auction,D26,"(94, 54)",33,18.0
80,Auction,D27,"(53, 66)",32,14.0
80,Auction,D29,"(19, 36)",30,10.0
80,Auction,D30,"(95, 39)",31,30.0
80,Auction,D31,"(11, 56)",30,12.0
80,Auction,D32,"(48, 19)",28,16.0
80,Auction,D33,"(41, 3)",23,17.0
80,Auction,D34,"(51, 49)",18,28.0
80,Auction,D35,"(94, 46)",18,13.0
80,Auction,D36,"(9, 85)",14,10.0
80,Auction,D37,"(13, 27)",10,10.0
80,Auction,D38,"(2, 58)",17,15.0
80,Auction,D39,"(42, 42)",13,11.0
80,Auction,D40,"(59, 36)",7,21.0
80,Q-Learning,D16,"(87, 50)",49,25.0
80,Q-Learning,D17,"(76, 91)",45,30.0
80,Q-Learning,D19,"(84, 7)",51,28.0
80,Q-Learning,D22,"(78, 4)",48,22.0
80,Q-Learning,D23,"(44, 10)",48,22.0
80,Q-Learning,D24,"(35, 58)",43,19.0
80,Q-Learning,D25,"(86, 12)",44,18.0
80,Q-Learning,D26,"(94, 54)",33,18.0
80,Q-Learning,D28,"(92, 67)",29,12.0
80,Q-Learning,D30,"(95, 39)",31,30.0
80,Q-Learning,D32,"(48, 19)",28,16.0
80,Q-Learning,D33,"(41, 3)",23,17.0
80,Q-Learning,D34,"(51, 49)",18,28.0
80,Q-Learning,D36,"(9, 85)",14,10.0
80,Q-Learning,D38,"(2, 58)",17,15.0
80,Q-Learning,D39,"(42, 42)",13,11.0
80,Q-Learning,D40,"(59, 36)",7,21.0
81,Greedy,D16,"(87, 50)",50,25.0
81,Greedy,D17,"(76, 91)",46,30.0
81,Greedy,D18,"(49, 36)",49,20.0
81,Greedy,D19,"(84, 7)",52,28.0
81,Greedy,D20,"(97, 51)",49,17.0
81,Greedy,D21,"(75, 21)",51,17.0
81,Greedy,D22,"(78, 4)",49,22.0
81,Greedy,D23,"(44, 10)",49,22.0
81,Greedy,D25,"(86, 12)",45,18.0
81,Greedy,D26,"(94, 54)",34,18.0
81,Greedy,D28,"(92, 67)",30,12.0
81,Greedy,D30,"(95, 39)",32,30.0
81,Greedy,D31,"(11, 56)",31,12.0
81,Greedy,D32,"(48, 19)",29,16.0
81,Greedy,D33,"(41, 3)",24,17.0
81,Greedy,D34,"(51, 49)",19,28.0
81,Greedy,D35,"(94, 46)",19,13.0
81,Greedy,D37,"(13, 27)",11,10.0
81,Greedy,D38,"(2, 58)",18,15.0
81,Greedy,D39,"(42, 42)",14,11.0
81,Greedy,D40,"(59, 36)",8,21.0
81,Greedy,D41,"(38, 33)",3,22.0
81,Auction,D13,"(66, 15)",54,19.0
81,Auction,D16,"(87, 50)",50,25.0
81,Auction,D17,"(76, 91)",46,30.0
81,Auction,D19,"(84, 7)",52,28.0
81,Auction,D22,"(78, 4)",49,22.0
81,Auction,D24,"(35, 58)",44,19.0
81,Auction,D26,"(94, 54)",34,18.0
81,Auction,D27,"(53, 66)",33,14.0
81,Auction,D29,"(19, 36)",31,10.0
81,Auction,D30,"(95, 39)",32,30.0
81,Auction,D31,"(11, 56)",31,12.0
81,Auction,D32,"(48, 19)",29,16.0
81,Auction,D33,"(41, 3)",24,17.0
81,Auction,D34,"(51, 49)",19,28.0
81,Auction,D35,"(94, 46)",19,13.0
81,Auction,D36,"(9, 85)",15,10.0
81,Auction,D37,"(13, 27)",11,10.0
81,Auction,D38,"(2, 58)",18,15.0
81,Auction,D39,"(42, 42)",14,11.0
81,Auction,D40,"(59, 36)",8,21.0
81,Auction,D41,"(38, 33)",3,22.0
81,Q-Learning,D16,"(87, 50)",50,25.0
81,Q-Learning,D17,"(76, 91)",46,30.0
81,Q-Learning,D19,"(84, 7)",52,28.0
81,Q-Learning,D22,"(78, 4)",49,22.0
81,Q-Learning,D23,"(44, 10)",49,22.0
81,Q-Learning,D24,"(35, 58)",44,19.0
81,Q-Learning,D25,"(86, 12)",45,18.0
81,Q-Learning,D26,"(94, 54)",34,18.0
81,Q-Learning,D28,"(92, 67)",30,12.0
81,Q-Learning,D30,"(95, 39)",32,30.0
81,Q-Learning,D32,"(48, 19)",29,16.0
81,Q-Learning,D33,"(41, 3)",24,17.0
81,Q-Learning,D34,"(51, 49)",19,28.0
81,Q-Learning,D36,"(9, 85)",15,10.0
81,Q-Learning,D38,"(2, 58)",18,15.0
81,Q-Learning,D39,"(42, 42)",14,11.0
81,Q-Learning,D40,"(59, 36)",8,21.0
81,Q-Learning,D41,"(38, 33)",3,22.0
82,Greedy,D16,"(87, 50)",51,25.0
82,Greedy,D17,"(76, 91)",47,30.0
82,Greedy,D18,"(49, 36)",50,20.0
82,Greedy,D19,"(84, 7)",53,28.0
82,Greedy,D20,"(97, 51)",50,17.0
82,Greedy,D21,"(75, 21)",52,17.0
82,Greedy,D22,"(78, 4)",50,22.0
82,Greedy,D23,"(44, 10)",50,22.0
82,Greedy,D25,"(86, 12)",46,18.0
82,Greedy,D26,"(94, 54)",35,18.0
82,Greedy,D28,"(92, 67)",31,12.0
82,Greedy,D30,"(95, 39)",33,30.0
82,Greedy,D31,"(11, 56)",32,12.0
82,Greedy,D32,"(48, 19)",30,16.0
82,Greedy,D33,"(41, 3)",25,17.0
82,Greedy,D34,"(51, 49)",20,28.0
82,Greedy,D35,"(94, 46)",20,13.0
82,Greedy,D37,"(13, 27)",12,10.0
82,Greedy,D38,"(2, 58)",19,15.0
82,Greedy,D39,"(42, 42)",15,11.0
82,Greedy,D40,"(59, 36)",9,21.0
82,Greedy,D41,"(38, 33)",4,22.0
82,Auction,D13,"(66, 15)",55,19.0
82,Auction,D16,"(87, 50)",51,25.0
82,Auction,D17,"(76, 91)",47,30.0
82,Auction,D19,"(84, 7)",53,28.0
82,Auction,D22,"(78, 4)",50,22.0
82,Auction,D24,"(35, 58)",45,19.0
82,Auction,D26,"(94, 54)",35,18.0
82,Auction,D27,"(53, 66)",34,14.0
82,Auction,D29,"(19, 36)",32,10.0
82,Auction,D30,"(95, 39)",33,30.0
82,Auction,D31,"(11, 56)",32,12.0
82,Auction,D32,"(48, 19)",30,16.0
82,Auction,D33,"(41, 3)",25,17.0
82,Auction,D34,"(51, 49)",20,28.0
82,Auction,D35,"(94, 46)",20,13.0
82,Auction,D36,"(9, 85)",16,10.0
82,Auction,D37,"(13, 27)",12,10.0
82,Auction,D38,"(2, 58)",19,15.0
82,Auction,D39,"(42, 42)",15,11.0
82,Auction,D40,"(59, 36)",9,21.0
82,Auction,D41,"(38, 33)",4,22.0
82,Q-Learning,D16,"(87, 50)",51,25.0
82,Q-Learning,D17,"(76, 91)",47,30.0
82,Q-Learning,D19,"(84, 7)",53,28.0
82,Q-Learning,D22,"(78, 4)",50,22.0
82,Q-Learning,D23,"(44, 10)",50,22.0
82,Q-Learning,D24,"(35, 58)",45,19.0
82,Q-Learning,D25,"(86, 12)",46,18.0
82,Q-Learning,D26,"(94, 54)",35,18.0
82,Q-Learning,D28,"(92, 67)",31,12.0
82,Q-Learning,D30,"(95, 39)",33,30.0
82,Q-Learning,D32,"(48, 19)",30,16.0
82,Q-Learning,D33,"(41, 3)",25,17.0
82,Q-Learning,D34,"(51, 49)",20,28.0
82,Q-Learning,D36,"(9, 85)",16,10.0
82,Q-Learning,D38,"(2, 58)",19,15.0
82,Q-Learning,D39,"(42, 42)",15,11.0
82,Q-Learning,D40,"(59, 36)",9,21.0
82,Q-Learning,D41,"(38, 33)",4,22.0
83,Greedy,D16,"(87, 50)",52,25.0
83,Greedy,D17,"(76, 91)",48,30.0
83,Greedy,D18,"(49, 36)",51,20.0
83,Greedy,D19,"(84, 7)",54,28.0
83,Greedy,D20,"(97, 51)",51,17.0
83,Greedy,D21,"(75, 21)",53,17.0
83,Greedy,D22,"(78, 4)",51,22.0
83,Greedy,D23,"(44, 10)",51,22.0
83,Greedy,D25,"(86, 12)",47,18.0
83,Greedy,D26,"(94, 54)",36,18.0
83,Greedy,D28,"(92, 67)",32,12.0
83,Greedy,D30,"(95, 39)",34,30.0
83,Greedy,D31,"(11, 56)",33,12.0
83,Greedy,D32,"(48, 19)",31,16.0
83,Greedy,D33,"(41, 3)",26,17.0
83,Greedy,D34,"(51, 49)",21,28.0
83,Greedy,D35,"(94, 46)",21,13.0
83,Greedy,D37,"(13, 27)",13,10.0
83,Greedy,D38,"(2, 58)",20,15.0
83,Greedy,D39,"(42, 42)",16,11.0
83,Greedy,D40,"(59, 36)",10,21.0
83,Greedy,D41,"(38, 33)",5,22.0
83,Greedy,D42,"(65, 5)",5,10.0
83,Auction,D13,"(66, 15)",56,19.0
83,Auction,D16,"(87, 50)",52,25.0
83,Auction,D17,"(76, 91)",48,30.0
83,Auction,D19,"(84, 7)",54,28.0
83,Auction,D22,"(78, 4)",51,22.0
83,Auction,D24,"(35, 58)",46,19.0
83,Auction,D26,"(94, 54)",36,18.0
83,Auction,D27,"(53, 66)",35,14.0
83,Auction,D29,"(19, 36)",33,10.0
83,Auction,D30,"(95, 39)",34,30.0
83,Auction,D31,"(11, 56)",33,12.0
83,Auction,D32,"(48, 19)",31,16.0
83,Auction,D33,"(41, 3)",26,17.0
83,Auction,D34,"(51, 49)",21,28.0
83,Auction,D35,"(94, 46)",21,13.0
83,Auction,D36,"(9, 85)",17,10.0
83,Auction,D37,"(13, 27)",13,10.0
83,Auction,D38,"(2, 58)",20,15.0
83,Auction,D39,"(42, 42)",16,11.0
83,Auction,D40,"(59, 36)",10,21.0
83,Auction,D41,"(38, 33)",5,22.0
83,Q-Learning,D16,"(87, 50)",52,25.0
83,Q-Learning,D17,"(76, 91)",48,30.0
83,Q-Learning,D19,"(84, 7)",54,28.0
83,Q-Learning,D22,"(78, 4)",51,22.0
83,Q-Learning,D23,"(44, 10)",51,22.0
83,Q-Learning,D24,"(35, 58)",46,19.0
83,Q-Learning,D25,"(86, 12)",47,18.0
83,Q-Learning,D26,"(94, 54)",36,18.0
83,Q-Learning,D28,"(92, 67)",32,12.0
83,Q-Learning,D30,"(95, 39)",34,30.0
83,Q-Learning,D32,"(48, 19)",31,16.0
83,Q-Learning,D33,"(41, 3)",26,17.0
83,Q-Learning,D34,"(51, 49)",21,28.0
83,Q-Learning,D36,"(9, 85)",17,10.0
83,Q-Learning,D38,"(2, 58)",20,15.0
83,Q-Learning,D39,"(42, 42)",16,11.0
83,Q-Learning,D40,"(59, 36)",10,21.0
83,Q-Learning,D41,"(38, 33)",5,22.0
83,Q-Learning,D42,"(65, 5)",5,10.0
84,Greedy,D16,"(87, 50)",53,25.0
84,Greedy,D17,"(76, 91)",49,30.0
84,Greedy,D18,"(49, 36)",52,20.0
84,Greedy,D19,"(84, 7)",55,28.0
84,Greedy,D20,"(97, 51)",52,17.0
84,Greedy,D21,"(75, 21)",54,17.0
84,Greedy,D22,"(78, 4)",52,22.0
84,Greedy,D23,"(44, 10)",52,22.0
84,Greedy,D25,"(86, 12)",48,18.0
84,Greedy,D26,"(94, 54)",37,18.0
84,Greedy,D28,"(92, 67)",33,12.0
84,Greedy,D30,"(95, 39)",35,30.0
84,Greedy,D31,"(11, 56)",34,12.0
84,Greedy,D32,"(48, 19)",32,16.0
84,Greedy,D33,"(41, 3)",27,17.0
84,Greedy,D34,"(51, 49)",22,28.0
84,Greedy,D35,"(94, 46)",22,13.0
84,Greedy,D37,"(13, 27)",14,10.0
84,Greedy,D38,"(2, 58)",21,15.0
84,Greedy,D39,"(42, 42)",17,11.0
84,Greedy,D40,"(59, 36)",11,21.0
84,Greedy,D41,"(38, 33)",6,22.0
84,Greedy,D42,"(65, 5)",6,10.0
84,Greedy,D43,"(27, 76)",6,14.0
84,Auction,D13,"(66, 15)",57,19.0
84,Auction,D16,"(87, 50)",53,25.0
84,Auction,D17,"(76, 91)",49,30.0
84,Auction,D19,"(84, 7)",55,28.0
84,Auction,D22,"(78, 4)",52,22.0
84,Auction,D24,"(35, 58)",47,19.0
84,Auction,D26,"(94, 54)",37,18.0
84,Auction,D27,"(53, 66)",36,14.0
84,Auction,D29,"(19, 36)",34,10.0
84,Auction,D30,"(95, 39)",35,30.0
84,Auction,D31,"(11, 56)",34,12.0
84,Auction,D32,"(48, 19)",32,16.0
84,Auction,D33,"(41, 3)",27,17.0
84,Auction,D34,"(51, 49)",22,28.0
84,Auction,D35,"(94, 46)",22,13.0
84,Auction,D36,"(9, 85)",18,10.0
84,Auction,D37,"(13, 27)",14,10.0
84,Auction,D38,"(2, 58)",21,15.0
84,Auction,D39,"(42, 42)",17,11.0
84,Auction,D40,"(59, 36)",11,21.0
84,Auction,D41,"(38, 33)",6,22.0
84,Auction,D43,"(27, 76)",6,14.0
84,Q-Learning,D16,"(87, 50)",53,25.0
84,Q-Learning,D17,"(76, 91)",49,30.0
84,Q-Learning,D19,"(84, 7)",55,28.0
84,Q-Learning,D22,"(78, 4)",52,22.0
84,Q-Learning,D23,"(44, 10)",52,22.0
84,Q-Learning,D24,"(35, 58)",47,19.0
84,Q-Learning,D25,"(86, 12)",48,18.0
84,Q-Learning,D26,"(94, 54)",37,18.0
84,Q-Learning,D28,"(92, 67)",33,12.0
84,Q-Learning,D30,"(95, 39)",35,30.0
84,Q-Learning,D32,"(48, 19)",32,16.0
84,Q-Learning,D33,"(41, 3)",27,17.0
84,Q-Learning,D34,"(51, 49)",22,28.0
84,Q-Learning,D36,"(9, 85)",18,10.0
84,Q-Learning,D38,"(2, 58)",21,15.0
84,Q-Learning,D39,"(42, 42)",17,11.0
84,Q-Learning,D40,"(59, 36)",11,21.0
84,Q-Learning,D41,"(38, 33)",6,22.0
84,Q-Learning,D42,"(65, 5)",6,10.0
84,Q-Learning,D43,"(27, 76)",6,14.0
85,Greedy,D16,"(87, 50)",54,25.0
85,Greedy,D17,"(76, 91)",50,30.0
85,Greedy,D18,"(49, 36)",53,20.0
85,Greedy,D19,"(84, 7)",56,28.0
85,Greedy,D20,"(97, 51)",53,17.0
85,Greedy,D21,"(75, 21)",55,17.0
85,Greedy,D22,"(78, 4)",53,22.0
85,Greedy,D23,"(44, 10)",53,22.0
85,Greedy,D25,"(86, 12)",49,18.0
85,Greedy,D26,"(94, 54)",38,18.0
85,Greedy,D28,"(92, 67)",34,12.0
85,Greedy,D30,"(95, 39)",36,30.0
85,Greedy,D31,"(11, 56)",35,12.0
85,Greedy,D32,"(48, 19)",33,16.0
85,Greedy,D33,"(41, 3)",28,17.0
85,Greedy,D34,"(51, 49)",23,28.0
85,Greedy,D35,"(94, 46)",23,13.0
85,Greedy,D37,"(13, 27)",15,10.0
85,Greedy,D38,"(2, 58)",22,15.0
85,Greedy,D39,"(42, 42)",18,11.0
85,Greedy,D40,"(59, 36)",12,21.0
85,Greedy,D41,"(38, 33)",7,22.0
85,Greedy,D42,"(65, 5)",7,10.0
85,Greedy,D43,"(27, 76)",7,14.0
85,Auction,D13,"(66, 15)",58,19.0
85,Auction,D16,"(87, 50)",54,25.0
85,Auction,D17,"(76, 91)",50,30.0
85,Auction,D19,"(84, 7)",56,28.0
85,Auction,D22,"(78, 4)",53,22.0
85,Auction,D24,"(35, 58)",48,19.0
85,Auction,D26,"(94, 54)",38,18.0
85,Auction,D27,"(53, 66)",37,14.0
85,Auction,D29,"(19, 36)",35,10.0
85,Auction,D30,"(95, 39)",36,30.0
85,Auction,D31,"(11, 56)",35,12.0
85,Auction,D32,"(48, 19)",33,16.0
85,Auction,D33,"(41, 3)",28,17.0
85,Auction,D34,"(51, 49)",23,28.0
85,Auction,D35,"(94, 46)",23,13.0
85,Auction,D36,"(9, 85)",19,10.0
85,Auction,D37,"(13, 27)",15,10.0
85,Auction,D38,"(2, 58)",22,15.0
85,Auction,D39,"(42, 42)",18,11.0
85,Auction,D40,"(59, 36)",12,21.0
85,Auction,D41,"(38, 33)",7,22.0
85,Auction,D43,"(27, 76)",7,14.0
85,Q-Learning,D16,"(87, 50)",54,25.0
85,Q-Learning,D17,"(76, 91)",50,30.0
85,Q-Learning,D19,"(84, 7)",56,28.0
85,Q-Learning,D22,"(78, 4)",53,22.0
85,Q-Learning,D23,"(44, 10)",53,22.0
85,Q-Learning,D24,"(35, 58)",48,19.0
85,Q-Learning,D25,"(86, 12)",49,18.0
85,Q-Learning,D26,"(94, 54)",38,18.0
85,Q-Learning,D28,"(92, 67)",34,12.0
85,Q-Learning,D30,"(95, 39)",36,30.0
85,Q-Learning,D32,"(48, 19)",33,16.0
85,Q-Learning,D33,"(41, 3)",28,17.0
85,Q-Learning,D34,"(51, 49)",23,28.0
85,Q-Learning,D36,"(9, 85)",19,10.0
85,Q-Learning,D38,"(2, 58)",22,15.0
85,Q-Learning,D39,"(42, 42)",18,11.0
85,Q-Learning,D40,"(59, 36)",12,21.0
85,Q-Learning,D41,"(38, 33)",7,22.0
85,Q-Learning,D42,"(65, 5)",7,10.0
85,Q-Learning,D43,"(27, 76)",7,14.0
86,Greedy,D16,"(87, 50)",55,25.0
86,Greedy,D17,"(76, 91)",51,30.0
86,Greedy,D18,"(49, 36)",54,20.0
86,Greedy,D19,"(84, 7)",57,28.0
86,Greedy,D20,"(97, 51)",54,17.0
86,Greedy,D21,"(75, 21)",56,17.0
86,Greedy,D22,"(78, 4)",54,22.0
86,Greedy,D23,"(44, 10)",54,22.0
86,Greedy,D25,"(86, 12)",50,18.0
86,Greedy,D26,"(94, 54)",39,18.0
86,Greedy,D28,"(92, 67)",35,12.0
86,Greedy,D30,"(95, 39)",37,30.0
86,Greedy,D31,"(11, 56)",36,12.0
86,Greedy,D32,"(48, 19)",34,16.0
86,Greedy,D33,"(41, 3)",29,17.0
86,Greedy,D34,"(51, 49)",24,28.0
86,Greedy,D35,"(94, 46)",24,13.0
86,Greedy,D37,"(13, 27)",16,10.0
86,Greedy,D38,"(2, 58)",23,15.0
86,Greedy,D39,"(42, 42)",19,11.0
86,Greedy,D40,"(59, 36)",13,21.0
86,Greedy,D41,"(38, 33)",8,22.0
86,Greedy,D42,"(65, 5)",8,10.0
86,Greedy,D43,"(27, 76)",8,14.0
86,Greedy,D44,"(89, 56)",1,24.0
86,Auction,D13,"(66, 15)",59,19.0
86,Auction,D16,"(87, 50)",55,25.0
86,Auction,D17,"(76, 91)",51,30.0
86,Auction,D19,"(84, 7)",57,28.0
86,Auction,D22,"(78, 4)",54,22.0
86,Auction,D24,"(35, 58)",49,19.0
86,Auction,D26,"(94, 54)",39,18.0
86,Auction,D27,"(53, 66)",38,14.0
86,Auction,D29,"(19, 36)",36,10.0
86,Auction,D30,"(95, 39)",37,30.0
86,Auction,D31,"(11, 56)",36,12.0
86,Auction,D32,"(48, 19)",34,16.0
86,Auction,D33,"(41, 3)",29,17.0
86,Auction,D34,"(51, 49)",24,28.0
86,Auction,D35,"(94, 46)",24,13.0
86,Auction,D36,"(9, 85)",20,10.0
86,Auction,D37,"(13, 27)",16,10.0
86,Auction,D38,"(2, 58)",23,15.0
86,Auction,D39,"(42, 42)",19,11.0
86,Auction,D40,"(59, 36)",13,21.0
86,Auction,D41,"(38, 33)",8,22.0
86,Auction,D43,"(27, 76)",8,14.0
86,Auction,D44,"(89, 56)",1,24.0
86,Q-Learning,D16,"(87, 50)",55,25.0
86,Q-Learning,D17,"(76, 91)",51,30.0
86,Q-Learning,D19,"(84, 7)",57,28.0
86,Q-Learning,D22,"(78, 4)",54,22.0
86,Q-Learning,D23,"(44, 10)",54,22.0
86,Q-Learning,D24,"(35, 58)",49,19.0
86,Q-Learning,D25,"(86, 12)",50,18.0
86,Q-Learning,D26,"(94, 54)",39,18.0
86,Q-Learning,D28,"(92, 67)",35,12.0
86,Q-Learning,D30,"(95, 39)",37,30.0
86,Q-Learning,D32,"(48, 19)",34,16.0
86,Q-Learning,D33,"(41, 3)",29,17.0
86,Q-Learning,D34,"(51, 49)",24,28.0
86,Q-Learning,D36,"(9, 85)",20,10.0
86,Q-Learning,D38,"(2, 58)",23,15.0
86,Q-Learning,D39,"(42, 42)",19,11.0
86,Q-Learning,D40,"(59, 36)",13,21.0
86,Q-Learning,D41,"(38, 33)",8,22.0
86,Q-Learning,D42,"(65, 5)",8,10.0
86,Q-Learning,D43,"(27, 76)",8,14.0
86,Q-Learning,D44,"(89, 56)",1,24.0
87,Greedy,D16,"(87, 50)",56,25.0
87,Greedy,D17,"(76, 91)",52,30.0
87,Greedy,D18,"(49, 36)",55,20.0
87,Greedy,D19,"(84, 7)",58,28.0
87,Greedy,D20,"(97, 51)",55,17.0
87,Greedy,D21,"(75, 21)",57,17.0
87,Greedy,D22,"(78, 4)",55,22.0
87,Greedy,D23,"(44, 10)",55,22.0
87,Greedy,D25,"(86, 12)",51,18.0
87,Greedy,D26,"(94, 54)",40,18.0
87,Greedy,D28,"(92, 67)",36,12.0
87,Greedy,D30,"(95, 39)",38,30.0
87,Greedy,D31,"(11, 56)",37,12.0
87,Greedy,D32,"(48, 19)",35,16.0
87,Greedy,D33,"(41, 3)",30,17.0
87,Greedy,D34,"(51, 49)",25,28.0
87,Greedy,D35,"(94, 46)",25,13.0
87,Greedy,D37,"(13, 27)",17,10.0
87,Greedy,D38,"(2, 58)",24,15.0
87,Greedy,D39,"(42, 42)",20,11.0
87,Greedy,D40,"(59, 36)",14,21.0
87,Greedy,D41,"(38, 33)",9,22.0
87,Greedy,D42,"(65, 5)",9,10.0
87,Greedy,D43,"(27, 76)",9,14.0
87,Greedy,D44,"(89, 56)",2,24.0
87,Greedy,D45,"(27, 66)",8,17.0
87,Auction,D13,"(66, 15)",60,19.0
87,Auction,D16,"(87, 50)",56,25.0
87,Auction,D17,"(76, 91)",52,30.0
87,Auction,D19,"(84, 7)",58,28.0
87,Auction,D22,"(78, 4)",55,22.0
87,Auction,D24,"(35, 58)",50,19.0
87,Auction,D26,"(94, 54)",40,18.0
87,Auction,D27,"(53, 66)",39,14.0
87,Auction,D29,"(19, 36)",37,10.0
87,Auction,D30,"(95, 39)",38,30.0
87,Auction,D31,"(11, 56)",37,12.0
87,Auction,D32,"(48, 19)",35,16.0
87,Auction,D33,"(41, 3)",30,17.0
87,Auction,D34,"(51, 49)",25,28.0
87,Auction,D35,"(94, 46)",25,13.0
87,Auction,D36,"(9, 85)",21,10.0
87,Auction,D37,"(13, 27)",17,10.0
87,Auction,D38,"(2, 58)",24,15.0
87,Auction,D39,"(42, 42)",20,11.0
87,Auction,D40,"(59, 36)",14,21.0
87,Auction,D41,"(38, 33)",9,22.0
87,Auction,D43,"(27, 76)",9,14.0
87,Auction,D44,"(89, 56)",2,24.0
87,Auction,D45,"(27, 66)",8,17.0
87,Q-Learning,D16,"(87, 50)",56,25.0
87,Q-Learning,D17,"(76, 91)",52,30.0
87,Q-Learning,D19,"(84, 7)",58,28.0
87,Q-Learning,D22,"(78, 4)",55,22.0
87,Q-Learning,D23,"(44, 10)",55,22.0
87,Q-Learning,D24,"(35, 58)",50,19.0
87,Q-Learning,D25,"(86, 12)",51,18.0
87,Q-Learning,D26,"(94, 54)",40,18.0
87,Q-Learning,D28,"(92, 67)",36,12.0
87,Q-Learning,D30,"(95, 39)",38,30.0
87,Q-Learning,D32,"(48, 19)",35,16.0
87,Q-Learning,D33,"(41, 3)",30,17.0
87,Q-Learning,D34,"(51, 49)",25,28.0
87,Q-Learning,D36,"(9, 85)",21,10.0
87,Q-Learning,D38,"(2, 58)",24,15.0
87,Q-Learning,D39,"(42, 42)",20,11.0
87,Q-Learning,D40,"(59, 36)",14,21.0
87,Q-Learning,D41,"(38, 33)",9,22.0
87,Q-Learning,D42,"(65, 5)",9,10.0
87,Q-Learning,D43,"(27, 76)",9,14.0
87,Q-Learning,D44,"(89, 56)",2,24.0
87,Q-Learning,D45,"(27, 66)",8,17.0
88,Greedy,D16,"(87, 50)",57,25.0
88,Greedy,D17,"(76, 91)",53,30.0
88,Greedy,D18,"(49, 36)",56,20.0
88,Greedy,D19,"(84, 7)",59,28.0
88,Greedy,D20,"(97, 51)",56,17.0
88,Greedy,D21,"(75, 21)",58,17.0
88,Greedy,D22,"(78, 4)",56,22.0
88,Greedy,D23,"(44, 10)",56,22.0
88,Greedy,D25,"(86, 12)",52,18.0
88,Greedy,D26,"(94, 54)",41,18.0
88,Greedy,D28,"(92, 67)",37,12.0
88,Greedy,D30,"(95, 39)",39,30.0
88,Greedy,D31,"(11, 56)",38,12.0
88,Greedy,D32,"(48, 19)",36,16.0
88,Greedy,D33,"(41, 3)",31,17.0
88,Greedy,D34,"(51, 49)",26,28.0
88,Greedy,D35,"(94, 46)",26,13.0
88,Greedy,D37,"(13, 27)",18,10.0
88,Greedy,D38,"(2, 58)",25,15.0
88,Greedy,D39,"(42, 42)",21,11.0
88,Greedy,D40,"(59, 36)",15,21.0
88,Greedy,D41,"(38, 33)",10,22.0
88,Greedy,D42,"(65, 5)",10,10.0
88,Greedy,D43,"(27, 76)",10,14.0
88,Greedy,D44,"(89, 56)",3,24.0
88,Greedy,D45,"(27, 66)",9,17.0
88,Auction,D13,"(66, 15)",61,19.0
88,Auction,D16,"(87, 50)",57,25.0
88,Auction,D17,"(76, 91)",53,30.0
88,Auction,D19,"(84, 7)",59,28.0
88,Auction,D22,"(78, 4)",56,22.0
88,Auction,D24,"(35, 58)",51,19.0
88,Auction,D26,"(94, 54)",41,18.0
88,Auction,D27,"(53, 66)",40,14.0
88,Auction,D29,"(19, 36)",38,10.0
88,Auction,D30,"(95, 39)",39,30.0
88,Auction,D31,"(11, 56)",38,12.0
88,Auction,D32,"(48, 19)",36,16.0
88,Auction,D33,"(41, 3)",31,17.0
88,Auction,D34,"(51, 49)",26,28.0
88,Auction,D35,"(94, 46)",26,13.0
88,Auction,D36,"(9, 85)",22,10.0
88,Auction,D37,"(13, 27)",18,10.0
88,Auction,D38,"(2, 58)",25,15.0
88,Auction,D39,"(42, 42)",21,11.0
88,Auction,D40,"(59, 36)",15,21.0
88,Auction,D41,"(38, 33)",10,22.0
88,Auction,D43,"(27, 76)",10,14.0
88,Auction,D44,"(89, 56)",3,24.0
88,Auction,D45,"(27, 66)",9,17.0
88,Q-Learning,D16,"(87, 50)",57,25.0
88,Q-Learning,D17,"(76, 91)",53,30.0
88,Q-Learning,D19,"(84, 7)",59,28.0
88,Q-Learning,D22,"(78, 4)",56,22.0
88,Q-Learning,D23,"(44, 10)",56,22.0
88,Q-Learning,D24,"(35, 58)",51,19.0
88,Q-Learning,D25,"(86, 12)",52,18.0
88,Q-Learning,D26,"(94, 54)",41,18.0
88,Q-Learning,D28,"(92, 67)",37,12.0
88,Q-Learning,D30,"(95, 39)",39,30.0
88,Q-Learning,D32,"(48, 19)",36,16.0
88,Q-Learning,D33,"(41, 3)",31,17.0
88,Q-Learning,D34,"(51, 49)",26,28.0
88,Q-Learning,D36,"(9, 85)",22,10.0
88,Q-Learning,D38,"(2, 58)",25,15.0
88,Q-Learning,D39,"(42, 42)",21,11.0
88,Q-Learning,D40,"(59, 36)",15,21.0
88,Q-Learning,D41,"(38, 33)",10,22.0
88,Q-Learning,D42,"(65, 5)",10,10.0
88,Q-Learning,D43,"(27, 76)",10,14.0
88,Q-Learning,D44,"(89, 56)",3,24.0
88,Q-Learning,D45,"(27, 66)",9,17.0
89,Greedy,D16,"(87, 50)",58,25.0
89,Greedy,D17,"(76, 91)",54,30.0
89,Greedy,D18,"(49, 36)",57,20.0
89,Greedy,D19,"(84, 7)",60,28.0
89,Greedy,D20,"(97, 51)",57,17.0
89,Greedy,D21,"(75, 21)",59,17.0
89,Greedy,D22,"(78, 4)",57,22.0
89,Greedy,D23,"(44, 10)",57,22.0
89,Greedy,D25,"(86, 12)",53,18.0
89,Greedy,D26,"(94, 54)",42,18.0
89,Greedy,D28,"(92, 67)",38,12.0
89,Greedy,D30,"(95, 39)",40,30.0
89,Greedy,D31,"(11, 56)",39,12.0
89,Greedy,D32,"(48, 19)",37,16.0
89,Greedy,D33,"(41, 3)",32,17.0
89,Greedy,D34,"(51, 49)",27,28.0
89,Greedy,D35,"(94, 46)",27,13.0
89,Greedy,D37,"(13, 27)",19,10.0
89,Greedy,D38,"(2, 58)",26,15.0
89,Greedy,D39,"(42, 42)",22,11.0
89,Greedy,D40,"(59, 36)",16,21.0
89,Greedy,D41,"(38, 33)",11,22.0
89,Greedy,D42,"(65, 5)",11,10.0
89,Greedy,D43,"(27, 76)",11,14.0
89,Greedy,D44,"(89, 56)",4,24.0
89,Greedy,D45,"(27, 66)",10,17.0
89,Greedy,D46,"(14, 84)",10,17.0
89,Auction,D13,"(66, 15)",62,19.0
89,Auction,D16,"(87, 50)",58,25.0
89,Auction,D17,"(76, 91)",54,30.0
89,Auction,D19,"(84, 7)",60,28.0
89,Auction,D22,"(78, 4)",57,22.0
89,Auction,D24,"(35, 58)",52,19.0
89,Auction,D26,"(94, 54)",42,18.0
89,Auction,D27,"(53, 66)",41,14.0
89,Auction,D29,"(19, 36)",39,10.0
89,Auction,D30,"(95, 39)",40,30.0
89,Auction,D31,"(11, 56)",39,12.0
89,Auction,D32,"(48, 19)",37,16.0
89,Auction,D33,"(41, 3)",32,17.0
89,Auction,D34,"(51, 49)",27,28.0
89,Auction,D35,"(94, 46)",27,13.0
89,Auction,D36,"(9, 85)",23,10.0
89,Auction,D37,"(13, 27)",19,10.0
89,Auction,D38,"(2, 58)",26,15.0
89,Auction,D39,"(42, 42)",22,11.0
89,Auction,D40,"(59, 36)",16,21.0
89,Auction,D41,"(38, 33)",11,22.0
89,Auction,D43,"(27, 76)",11,14.0
89,Auction,D44,"(89, 56)",4,24.0
89,Auction,D45,"(27, 66)",10,17.0
89,Auction,D46,"(14, 84)",10,17.0
89,Q-Learning,D16,"(87, 50)",58,25.0
89,Q-Learning,D17,"(76, 91)",54,30.0
89,Q-Learning,D19,"(84, 7)",60,28.0
89,Q-Learning,D22,"(78, 4)",57,22.0
89,Q-Learning,D23,"(44, 10)",57,22.0
89,Q-Learning,D24,"(35, 58)",52,19.0
89,Q-Learning,D25,"(86, 12)",53,18.0
89,Q-Learning,D26,"(94, 54)",42,18.0
89,Q-Learning,D28,"(92, 67)",38,12.0
89,Q-Learning,D30,"(95, 39)",40,30.0
89,Q-Learning,D32,"(48, 19)",37,16.0
89,Q-Learning,D33,"(41, 3)",32,17.0
89,Q-Learning,D34,"(51, 49)",27,28.0
89,Q-Learning,D36,"(9, 85)",23,10.0
89,Q-Learning,D38,"(2, 58)",26,15.0
89,Q-Learning,D39,"(42, 42)",22,11.0
89,Q-Learning,D40,"(59, 36)",16,21.0
89,Q-Learning,D41,"(38, 33)",11,22.0
89,Q-Learning,D42,"(65, 5)",11,10.0
89,Q-Learning,D43,"(27, 76)",11,14.0
89,Q-Learning,D44,"(89, 56)",4,24.0
89,Q-Learning,D45,"(27, 66)",10,17.0
89,Q-Learning,D46,"(14, 84)",10,17.0
90,Greedy,D16,"(87, 50)",59,25.0
90,Greedy,D17,"(76, 91)",55,30.0
90,Greedy,D18,"(49, 36)",58,20.0
90,Greedy,D19,"(84, 7)",61,28.0
90,Greedy,D20,"(97, 51)",58,17.0
90,Greedy,D21,"(75, 21)",60,17.0
90,Greedy,D22,"(78, 4)",58,22.0
90,Greedy,D23,"(44, 10)",58,22.0
90,Greedy,D25,"(86, 12)",54,18.0
90,Greedy,D26,"(94, 54)",43,18.0
90,Greedy,D28,"(92, 67)",39,12.0
90,Greedy,D30,"(95, 39)",41,30.0
90,Greedy,D31,"(11, 56)",40,12.0
90,Greedy,D32,"(48, 19)",38,16.0
90,Greedy,D33,"(41, 3)",33,17.0
90,Greedy,D34,"(51, 49)",28,28.0
90,Greedy,D35,"(94, 46)",28,13.0
90,Greedy,D37,"(13, 27)",20,10.0
90,Greedy,D38,"(2, 58)",27,15.0
90,Greedy,D39,"(42, 42)",23,11.0
90,Greedy,D40,"(59, 36)",17,21.0
90,Greedy,D41,"(38, 33)",12,22.0
90,Greedy,D42,"(65, 5)",12,10.0
90,Greedy,D43,"(27, 76)",12,14.0
90,Greedy,D44,"(89, 56)",5,24.0
90,Greedy,D45,"(27, 66)",11,17.0
90,Greedy,D46,"(14, 84)",11,17.0
90,Greedy,D47,"(66, 15)",9,25.0
90,Auction,D13,"(66, 15)",63,19.0
90,Auction,D16,"(87, 50)",59,25.0
90,Auction,D17,"(76, 91)",55,30.0
90,Auction,D19,"(84, 7)",61,28.0
90,Auction,D22,"(78, 4)",58,22.0
90,Auction,D24,"(35, 58)",53,19.0
90,Auction,D26,"(94, 54)",43,18.0
90,Auction,D27,"(53, 66)",42,14.0
90,Auction,D29,"(19, 36)",40,10.0
90,Auction,D30,"(95, 39)",41,30.0
90,Auction,D31,"(11, 56)",40,12.0
90,Auction,D32,"(48, 19)",38,16.0
90,Auction,D33,"(41, 3)",33,17.0
90,Auction,D34,"(51, 49)",28,28.0
90,Auction,D35,"(94, 46)",28,13.0
90,Auction,D36,"(9, 85)",24,10.0
90,Auction,D37,"(13, 27)",20,10.0
90,Auction,D38,"(2, 58)",27,15.0
90,Auction,D39,"(42, 42)",23,11.0
90,Auction,D40,"(59, 36)",17,21.0
90,Auction,D41,"(38, 33)",12,22.0
90,Auction,D43,"(27, 76)",12,14.0
90,Auction,D44,"(89, 56)",5,24.0
90,Auction,D45,"(27, 66)",11,17.0
90,Auction,D46,"(14, 84)",11,17.0
90,Auction,D47,"(66, 15)",9,25.0
90,Q-Learning,D16,"(87, 50)",59,25.0
90,Q-Learning,D17,"(76, 91)",55,30.0
90,Q-Learning,D19,"(84, 7)",61,28.0
90,Q-Learning,D22,"(78, 4)",58,22.0
90,Q-Learning,D23,"(44, 10)",58,22.0
90,Q-Learning,D24,"(35, 58)",53,19.0
90,Q-Learning,D25,"(86, 12)",54,18.0
90,Q-Learning,D26,"(94, 54)",43,18.0
90,Q-Learning,D28,"(92, 67)",39,12.0
90,Q-Learning,D30,"(95, 39)",41,30.0
90,Q-Learning,D32,"(48, 19)",38,16.0
90,Q-Learning,D33,"(41, 3)",33,17.0
90,Q-Learning,D34,"(51, 49)",28,28.0
90,Q-Learning,D36,"(9, 85)",24,10.0
90,Q-Learning,D38,"(2, 58)",27,15.0
90,Q-Learning,D39,"(42, 42)",23,11.0
90,Q-Learning,D40,"(59, 36)",17,21.0
90,Q-Learning,D41,"(38, 33)",12,22.0
90,Q-Learning,D42,"(65, 5)",12,10.0
90,Q-Learning,D43,"(27, 76)",12,14.0
90,Q-Learning,D44,"(89, 56)",5,24.0
90,Q-Learning,D45,"(27, 66)",11,17.0
90,Q-Learning,D46,"(14, 84)",11,17.0
90,Q-Learning,D47,"(66, 15)",9,25.0
91,Greedy,D16,"(87, 50)",60,25.0
91,Greedy,D17,"(76, 91)",56,30.0
91,Greedy,D18,"(49, 36)",59,20.0
91,Greedy,D19,"(84, 7)",62,28.0
91,Greedy,D20,"(97, 51)",59,17.0
91,Greedy,D21,"(75, 21)",61,17.0
91,Greedy,D22,"(78, 4)",59,22.0
91,Greedy,D23,"(44, 10)",59,22.0
91,Greedy,D25,"(86, 12)",55,18.0
91,Greedy,D26,"(94, 54)",44,18.0
91,Greedy,D28,"(92, 67)",40,12.0
91,Greedy,D30,"(95, 39)",42,30.0
91,Greedy,D31,"(11, 56)",41,12.0
91,Greedy,D32,"(48, 19)",39,16.0
91,Greedy,D33,"(41, 3)",34,17.0
91,Greedy,D34,"(51, 49)",29,28.0
91,Greedy,D35,"(94, 46)",29,13.0
91,Greedy,D37,"(13, 27)",21,10.0
91,Greedy,D38,"(2, 58)",28,15.0
91,Greedy,D39,"(42, 42)",24,11.0
91,Greedy,D40,"(59, 36)",18,21.0
91,Greedy,D41,"(38, 33)",13,22.0
91,Greedy,D42,"(65, 5)",13,10.0
91,Greedy,D43,"(27, 76)",13,14.0
91,Greedy,D44,"(89, 56)",6,24.0
91,Greedy,D45,"(27, 66)",12,17.0
91,Greedy,D46,"(14, 84)",12,17.0
91,Greedy,D47,"(66, 15)",10,25.0
91,Greedy,D48,"(16, 27)",8,25.0
91,Auction,D13,"(66, 15)",64,19.0
91,Auction,D16,"(87, 50)",60,25.0
91,Auction,D17,"(76, 91)",56,30.0
91,Auction,D19,"(84, 7)",62,28.0
91,Auction,D22,"(78, 4)",59,22.0
91,Auction,D24,"(35, 58)",54,19.0
91,Auction,D26,"(94, 54)",44,18.0
91,Auction,D27,"(53, 66)",43,14.0
91,Auction,D29,"(19, 36)",41,10.0
91,Auction,D30,"(95, 39)",42,30.0
91,Auction,D31,"(11, 56)",41,12.0
91,Auction,D32,"(48, 19)",39,16.0
91,Auction,D33,"(41, 3)",34,17.0
91,Auction,D34,"(51, 49)",29,28.0
91,Auction,D35,"(94, 46)",29,13.0
91,Auction,D36,"(9, 85)",25,10.0
91,Auction,D37,"(13, 27)",21,10.0
91,Auction,D38,"(2, 58)",28,15.0
91,Auction,D39,"(42, 42)",24,11.0
91,Auction,D40,"(59, 36)",18,21.0
91,Auction,D41,"(38, 33)",13,22.0
91,Auction,D43,"(27, 76)",13,14.0
91,Auction,D44,"(89, 56)",6,24.0
91,Auction,D45,"(27, 66)",12,17.0
91,Auction,D46,"(14, 84)",12,17.0
91,Auction,D47,"(66, 15)",10,25.0
91,Auction,D48,"(16, 27)",8,25.0
91,Q-Learning,D16,"(87, 50)",60,25.0
91,Q-Learning,D17,"(76, 91)",56,30.0
91,Q-Learning,D19,"(84, 7)",62,28.0
91,Q-Learning,D22,"(78, 4)",59,22.0
91,Q-Learning,D23,"(44, 10)",59,22.0
91,Q-Learning,D24,"(35, 58)",54,19.0
91,Q-Learning,D25,"(86, 12)",55,18.0
91,Q-Learning,D26,"(94, 54)",44,18.0
91,Q-Learning,D28,"(92, 67)",40,12.0
91,Q-Learning,D30,"(95, 39)",42,30.0
91,Q-Learning,D32,"(48, 19)",39,16.0
91,Q-Learning,D33,"(41, 3)",34,17.0
91,Q-Learning,D34,"(51, 49)",29,28.0
91,Q-Learning,D36,"(9, 85)",25,10.0
91,Q-Learning,D38,"(2, 58)",28,15.0
91,Q-Learning,D39,"(42, 42)",24,11.0
91,Q-Learning,D40,"(59, 36)",18,21.0
91,Q-Learning,D41,"(38, 33)",13,22.0
91,Q-Learning,D42,"(65, 5)",13,10.0
91,Q-Learning,D43,"(27, 76)",13,14.0
91,Q-Learning,D44,"(89, 56)",6,24.0
91,Q-Learning,D45,"(27, 66)",12,17.0
91,Q-Learning,D46,"(14, 84)",12,17.0
91,Q-Learning,D47,"(66, 15)",10,25.0
91,Q-Learning,D48,"(16, 27)",8,25.0
92,Greedy,D16,"(87, 50)",61,25.0
92,Greedy,D17,"(76, 91)",57,30.0
92,Greedy,D18,"(49, 36)",60,20.0
92,Greedy,D19,"(84, 7)",63,28.0
92,Greedy,D20,"(97, 51)",60,17.0
92,Greedy,D21,"(75, 21)",62,17.0
92,Greedy,D22,"(78, 4)",60,22.0
92,Greedy,D23,"(44, 10)",60,22.0
92,Greedy,D25,"(86, 12)",56,18.0
92,Greedy,D26,"(94, 54)",45,18.0
92,Greedy,D28,"(92, 67)",41,12.0
92,Greedy,D30,"(95, 39)",43,30.0
92,Greedy,D31,"(11, 56)",42,12.0
92,Greedy,D32,"(48, 19)",40,16.0
92,Greedy,D33,"(41, 3)",35,17.0
92,Greedy,D34,"(51, 49)",30,28.0
92,Greedy,D35,"(94, 46)",30,13.0
92,Greedy,D37,"(13, 27)",22,10.0
92,Greedy,D38,"(2, 58)",29,15.0
92,Greedy,D39,"(42, 42)",25,11.0
92,Greedy,D40,"(59, 36)",19,21.0
92,Greedy,D41,"(38, 33)",14,22.0
92,Greedy,D42,"(65, 5)",14,10.0
92,Greedy,D43,"(27, 76)",14,14.0
92,Greedy,D44,"(89, 56)",7,24.0
92,Greedy,D45,"(27, 66)",13,17.0
92,Greedy,D46,"(14, 84)",13,17.0
92,Greedy,D47,"(66, 15)",11,25.0
92,Greedy,D48,"(16, 27)",9,25.0
92,Greedy,D49,"(38, 2)",5,28.0
92,Auction,D13,"(66, 15)",65,19.0
92,Auction,D16,"(87, 50)",61,25.0
92,Auction,D17,"(76, 91)",57,30.0
92,Auction,D19,"(84, 7)",63,28.0
92,Auction,D22,"(78, 4)",60,22.0
92,Auction,D24,"(35, 58)",55,19.0
92,Auction,D26,"(94, 54)",45,18.0
92,Auction,D27,"(53, 66)",44,14.0
92,Auction,D29,"(19, 36)",42,10.0
92,Auction,D30,"(95, 39)",43,30.0
92,Auction,D31,"(11, 56)",42,12.0
92,Auction,D32,"(48, 19)",40,16.0
92,Auction,D33,"(41, 3)",35,17.0
92,Auction,D34,"(51, 49)",30,28.0
92,Auction,D35,"(94, 46)",30,13.0
92,Auction,D36,"(9, 85)",26,10.0
92,Auction,D37,"(13, 27)",22,10.0
92,Auction,D38,"(2, 58)",29,15.0
92,Auction,D39,"(42, 42)",25,11.0
92,Auction,D40,"(59, 36)",19,21.0
92,Auction,D41,"(38, 33)",14,22.0
92,Auction,D43,"(27, 76)",14,14.0
92,Auction,D44,"(89, 56)",7,24.0
92,Auction,D45,"(27, 66)",13,17.0
92,Auction,D46,"(14, 84)",13,17.0
92,Auction,D47,"(66, 15)",11,25.0
92,Auction,D48,"(16, 27)",9,25.0
92,Auction,D49,"(38, 2)",5,28.0
92,Q-Learning,D16,"(87, 50)",61,25.0
92,Q-Learning,D17,"(76, 91)",57,30.0
92,Q-Learning,D19,"(84, 7)",63,28.0
92,Q-Learning,D22,"(78, 4)",60,22.0
92,Q-Learning,D23,"(44, 10)",60,22.0
92,Q-Learning,D24,"(35, 58)",55,19.0
92,Q-Learning,D25,"(86, 12)",56,18.0
92,Q-Learning,D26,"(94, 54)",45,18.0
92,Q-Learning,D28,"(92, 67)",41,12.0
92,Q-Learning,D30,"(95, 39)",43,30.0
92,Q-Learning,D32,"(48, 19)",40,16.0
92,Q-Learning,D33,"(41, 3)",35,17.0
92,Q-Learning,D34,"(51, 49)",30,28.0
92,Q-Learning,D36,"(9, 85)",26,10.0
92,Q-Learning,D38,"(2, 58)",29,15.0
92,Q-Learning,D39,"(42, 42)",25,11.0
92,Q-Learning,D40,"(59, 36)",19,21.0
92,Q-Learning,D41,"(38, 33)",14,22.0
92,Q-Learning,D42,"(65, 5)",14,10.0
92,Q-Learning,D43,"(27, 76)",14,14.0
92,Q-Learning,D44,"(89, 56)",7,24.0
92,Q-Learning,D45,"(27, 66)",13,17.0
92,Q-Learning,D46,"(14, 84)",13,17.0
92,Q-Learning,D47,"(66, 15)",11,25.0
92,Q-Learning,D48,"(16, 27)",9,25.0
92,Q-Learning,D49,"(38, 2)",5,28.0
93,Greedy,D16,"(87, 50)",62,25.0
93,Greedy,D17,"(76, 91)",58,30.0
93,Greedy,D18,"(49, 36)",61,20.0
93,Greedy,D19,"(84, 7)",64,28.0
93,Greedy,D20,"(97, 51)",61,17.0
93,Greedy,D21,"(75, 21)",63,17.0
93,Greedy,D22,"(78, 4)",61,22.0
93,Greedy,D23,"(44, 10)",61,22.0
93,Greedy,D25,"(86, 12)",57,18.0
93,Greedy,D26,"(94, 54)",46,18.0
93,Greedy,D28,"(92, 67)",42,12.0
93,Greedy,D30,"(95, 39)",44,30.0
93,Greedy,D31,"(11, 56)",43,12.0
93,Greedy,D32,"(48, 19)",41,16.0
93,Greedy,D33,"(41, 3)",36,17.0
93,Greedy,D34,"(51, 49)",31,28.0
93,Greedy,D35,"(94, 46)",31,13.0
93,Greedy,D37,"(13, 27)",23,10.0
93,Greedy,D38,"(2, 58)",30,15.0
93,Greedy,D39,"(42, 42)",26,11.0
93,Greedy,D40,"(59, 36)",20,21.0
93,Greedy,D41,"(38, 33)",15,22.0
93,Greedy,D42,"(65, 5)",15,10.0
93,Greedy,D43,"(27, 76)",15,14.0
93,Greedy,D44,"(89, 56)",8,24.0
93,Greedy,D45,"(27, 66)",14,17.0
93,Greedy,D46,"(14, 84)",14,17.0
93,Greedy,D47,"(66, 15)",12,25.0
93,Greedy,D48,"(16, 27)",10,25.0
93,Greedy,D49,"(38, 2)",6,28.0
93,Greedy,D50,"(60, 72)",6,27.0
93,Auction,D13,"(66, 15)",66,19.0
93,Auction,D16,"(87, 50)",62,25.0
93,Auction,D17,"(76, 91)",58,30.0
93,Auction,D19,"(84, 7)",64,28.0
93,Auction,D22,"(78, 4)",61,22.0
93,Auction,D24,"(35, 58)",56,19.0
93,Auction,D26,"(94, 54)",46,18.0
93,Auction,D27,"(53, 66)",45,14.0
93,Auction,D29,"(19, 36)",43,10.0
93,Auction,D30,"(95, 39)",44,30.0
93,Auction,D31,"(11, 56)",43,12.0
93,Auction,D32,"(48, 19)",41,16.0
93,Auction,D33,"(41, 3)",36,17.0
93,Auction,D34,"(51, 49)",31,28.0
93,Auction,D35,"(94, 46)",31,13.0
93,Auction,D36,"(9, 85)",27,10.0
93,Auction,D37,"(13, 27)",23,10.0
93,Auction,D38,"(2, 58)",30,15.0
93,Auction,D39,"(42, 42)",26,11.0
93,Auction,D40,"(59, 36)",20,21.0
93,Auction,D41,"(38, 33)",15,22.0
93,Auction,D43,"(27, 76)",15,14.0
93,Auction,D44,"(89, 56)",8,24.0
93,Auction,D45,"(27, 66)",14,17.0
93,Auction,D46,"(14, 84)",14,17.0
93,Auction,D47,"(66, 15)",12,25.0
93,Auction,D48,"(16, 27)",10,25.0
93,Auction,D49,"(38, 2)",6,28.0
93,Auction,D50,"(60, 72)",6,27.0
93,Q-Learning,D16,"(87, 50)",62,25.0
93,Q-Learning,D17,"(76, 91)",58,30.0
93,Q-Learning,D19,"(84, 7)",64,28.0
93,Q-Learning,D22,"(78, 4)",61,22.0
93,Q-Learning,D23,"(44, 10)",61,22.0
93,Q-Learning,D24,"(35, 58)",56,19.0
93,Q-Learning,D25,"(86, 12)",57,18.0
93,Q-Learning,D26,"(94, 54)",46,18.0
93,Q-Learning,D28,"(92, 67)",42,12.0
93,Q-Learning,D30,"(95, 39)",44,30.0
93,Q-Learning,D32,"(48, 19)",41,16.0
93,Q-Learning,D33,"(41, 3)",36,17.0
93,Q-Learning,D34,"(51, 49)",31,28.0
93,Q-Learning,D36,"(9, 85)",27,10.0
93,Q-Learning,D38,"(2, 58)",30,15.0
93,Q-Learning,D39,"(42, 42)",26,11.0
93,Q-Learning,D40,"(59, 36)",20,21.0
93,Q-Learning,D41,"(38, 33)",15,22.0
93,Q-Learning,D42,"(65, 5)",15,10.0
93,Q-Learning,D43,"(27, 76)",15,14.0
93,Q-Learning,D44,"(89, 56)",8,24.0
93,Q-Learning,D45,"(27, 66)",14,17.0
93,Q-Learning,D46,"(14, 84)",14,17.0
93,Q-Learning,D47,"(66, 15)",12,25.0
93,Q-Learning,D48,"(16, 27)",10,25.0
93,Q-Learning,D49,"(38, 2)",6,28.0
93,Q-Learning,D50,"(60, 72)",6,27.0
94,Greedy,D16,"(87, 50)",63,25.0
94,Greedy,D17,"(76, 91)",59,30.0
94,Greedy,D18,"(49, 36)",62,20.0
94,Greedy,D19,"(84, 7)",65,28.0
94,Greedy,D20,"(97, 51)",62,17.0
94,Greedy,D21,"(75, 21)",64,17.0
94,Greedy,D22,"(78, 4)",62,22.0
94,Greedy,D23,"(44, 10)",62,22.0
94,Greedy,D25,"(86, 12)",58,18.0
94,Greedy,D26,"(94, 54)",47,18.0
94,Greedy,D28,"(92, 67)",43,12.0
94,Greedy,D30,"(95, 39)",45,30.0
94,Greedy,D31,"(11, 56)",44,12.0
94,Greedy,D32,"(48, 19)",42,16.0
94,Greedy,D33,"(41, 3)",37,17.0
94,Greedy,D34,"(51, 49)",32,28.0
94,Greedy,D35,"(94, 46)",32,13.0
94,Greedy,D37,"(13, 27)",24,10.0
94,Greedy,D38,"(2, 58)",31,15.0
94,Greedy,D39,"(42, 42)",27,11.0
94,Greedy,D40,"(59, 36)",21,21.0
94,Greedy,D41,"(38, 33)",16,22.0
94,Greedy,D42,"(65, 5)",16,10.0
94,Greedy,D43,"(27, 76)",16,14.0
94,Greedy,D44,"(89, 56)",9,24.0
94,Greedy,D45,"(27, 66)",15,17.0
94,Greedy,D46,"(14, 84)",15,17.0
94,Greedy,D47,"(66, 15)",13,25.0
94,Greedy,D48,"(16, 27)",11,25.0
94,Greedy,D49,"(38, 2)",7,28.0
94,Greedy,D50,"(60, 72)",7,27.0
94,Auction,D13,"(66, 15)",67,19.0
94,Auction,D16,"(87, 50)",63,25.0
94,Auction,D17,"(76, 91)",59,30.0
94,Auction,D19,"(84, 7)",65,28.0
94,Auction,D22,"(78, 4)",62,22.0
94,Auction,D24,"(35, 58)",57,19.0
94,Auction,D26,"(94, 54)",47,18.0
94,Auction,D27,"(53, 66)",46,14.0
94,Auction,D29,"(19, 36)",44,10.0
94,Auction,D30,"(95, 39)",45,30.0
94,Auction,D31,"(11, 56)",44,12.0
94,Auction,D32,"(48, 19)",42,16.0
94,Auction,D33,"(41, 3)",37,17.0
94,Auction,D34,"(51, 49)",32,28.0
94,Auction,D35,"(94, 46)",32,13.0
94,Auction,D36,"(9, 85)",28,10.0
94,Auction,D37,"(13, 27)",24,10.0
94,Auction,D38,"(2, 58)",31,15.0
94,Auction,D39,"(42, 42)",27,11.0
94,Auction,D40,"(59, 36)",21,21.0
94,Auction,D41,"(38, 33)",16,22.0
94,Auction,D43,"(27, 76)",16,14.0
94,Auction,D44,"(89, 56)",9,24.0
94,Auction,D45,"(27, 66)",15,17.0
94,Auction,D46,"(14, 84)",15,17.0
94,Auction,D47,"(66, 15)",13,25.0
94,Auction,D48,"(16, 27)",11,25.0
94,Auction,D49,"(38, 2)",7,28.0
94,Auction,D50,"(60, 72)",7,27.0
94,Q-Learning,D16,"(87, 50)",63,25.0
94,Q-Learning,D17,"(76, 91)",59,30.0
94,Q-Learning,D19,"(84, 7)",65,28.0
94,Q-Learning,D22,"(78, 4)",62,22.0
94,Q-Learning,D23,"(44, 10)",62,22.0
94,Q-Learning,D24,"(35, 58)",57,19.0
94,Q-Learning,D25,"(86, 12)",58,18.0
94,Q-Learning,D26,"(94, 54)",47,18.0
94,Q-Learning,D28,"(92, 67)",43,12.0
94,Q-Learning,D30,"(95, 39)",45,30.0
94,Q-Learning,D32,"(48, 19)",42,16.0
94,Q-Learning,D33,"(41, 3)",37,17.0
94,Q-Learning,D34,"(51, 49)",32,28.0
94,Q-Learning,D36,"(9, 85)",28,10.0
94,Q-Learning,D38,"(2, 58)",31,15.0
94,Q-Learning,D39,"(42, 42)",27,11.0
94,Q-Learning,D40,"(59, 36)",21,21.0
94,Q-Learning,D41,"(38, 33)",16,22.0
94,Q-Learning,D42,"(65, 5)",16,10.0
94,Q-Learning,D43,"(27, 76)",16,14.0
94,Q-Learning,D44,"(89, 56)",9,24.0
94,Q-Learning,D45,"(27, 66)",15,17.0
94,Q-Learning,D46,"(14, 84)",15,17.0
94,Q-Learning,D47,"(66, 15)",13,25.0
94,Q-Learning,D48,"(16, 27)",11,25.0
94,Q-Learning,D49,"(38, 2)",7,28.0
94,Q-Learning,D50,"(60, 72)",7,27.0
95,Greedy,D16,"(87, 50)",64,25.0
95,Greedy,D17,"(76, 91)",60,30.0
95,Greedy,D18,"(49, 36)",63,20.0
95,Greedy,D19,"(84, 7)",66,28.0
95,Greedy,D20,"(97, 51)",63,17.0
95,Greedy,D21,"(75, 21)",65,17.0
95,Greedy,D22,"(78, 4)",63,22.0
95,Greedy,D23,"(44, 10)",63,22.0
95,Greedy,D25,"(86, 12)",59,18.0
95,Greedy,D26,"(94, 54)",48,18.0
95,Greedy,D28,"(92, 67)",44,12.0
95,Greedy,D30,"(95, 39)",46,30.0
95,Greedy,D31,"(11, 56)",45,12.0
95,Greedy,D32,"(48, 19)",43,16.0
95,Greedy,D33,"(41, 3)",38,17.0
95,Greedy,D34,"(51, 49)",33,28.0
95,Greedy,D35,"(94, 46)",33,13.0
95,Greedy,D37,"(13, 27)",25,10.0
95,Greedy,D38,"(2, 58)",32,15.0
95,Greedy,D39,"(42, 42)",28,11.0
95,Greedy,D40,"(59, 36)",22,21.0
95,Greedy,D41,"(38, 33)",17,22.0
95,Greedy,D42,"(65, 5)",17,10.0
95,Greedy,D43,"(27, 76)",17,14.0
95,Greedy,D44,"(89, 56)",10,24.0
95,Greedy,D45,"(27, 66)",16,17.0
95,Greedy,D46,"(14, 84)",16,17.0
95,Greedy,D47,"(66, 15)",14,25.0
95,Greedy,D48,"(16, 27)",12,25.0
95,Greedy,D49,"(38, 2)",8,28.0
95,Greedy,D50,"(60, 72)",8,27.0
95,Greedy,D51,"(76, 60)",5,30.0
95,Auction,D13,"(66, 15)",68,19.0
95,Auction,D16,"(87, 50)",64,25.0
95,Auction,D17,"(76, 91)",60,30.0
95,Auction,D19,"(84, 7)",66,28.0
95,Auction,D22,"(78, 4)",63,22.0
95,Auction,D24,"(35, 58)",58,19.0
95,Auction,D26,"(94, 54)",48,18.0
95,Auction,D27,"(53, 66)",47,14.0
95,Auction,D29,"(19, 36)",45,10.0
95,Auction,D30,"(95, 39)",46,30.0
95,Auction,D31,"(11, 56)",45,12.0
95,Auction,D32,"(48, 19)",43,16.0
95,Auction,D33,"(41, 3)",38,17.0
95,Auction,D34,"(51, 49)",33,28.0
95,Auction,D35,"(94, 46)",33,13.0
95,Auction,D36,"(9, 85)",29,10.0
95,Auction,D37,"(13, 27)",25,10.0
95,Auction,D38,"(2, 58)",32,15.0
95,Auction,D39,"(42, 42)",28,11.0
95,Auction,D40,"(59, 36)",22,21.0
95,Auction,D41,"(38, 33)",17,22.0
95,Auction,D43,"(27, 76)",17,14.0
95,Auction,D44,"(89, 56)",10,24.0
95,Auction,D45,"(27, 66)",16,17.0
95,Auction,D46,"(14, 84)",16,17.0
95,Auction,D47,"(66, 15)",14,25.0
95,Auction,D48,"(16, 27)",12,25.0
95,Auction,D49,"(38, 2)",8,28.0
95,Auction,D50,"(60, 72)",8,27.0
95,Auction,D51,"(76, 60)",5,30.0
95,Q-Learning,D16,"(87, 50)",64,25.0
95,Q-Learning,D17,"(76, 91)",60,30.0
95,Q-Learning,D19,"(84, 7)",66,28.0
95,Q-Learning,D22,"(78, 4)",63,22.0
95,Q-Learning,D23,"(44, 10)",63,22.0
95,Q-Learning,D24,"(35, 58)",58,19.0
95,Q-Learning,D25,"(86, 12)",59,18.0
95,Q-Learning,D26,"(94, 54)",48,18.0
95,Q-Learning,D28,"(92, 67)",44,12.0
95,Q-Learning,D30,"(95, 39)",46,30.0
95,Q-Learning,D32,"(48, 19)",43,16.0
95,Q-Learning,D33,"(41, 3)",38,17.0
95,Q-Learning,D34,"(51, 49)",33,28.0
95,Q-Learning,D36,"(9, 85)",29,10.0
95,Q-Learning,D38,"(2, 58)",32,15.0
95,Q-Learning,D39,"(42, 42)",28,11.0
95,Q-Learning,D40,"(59, 36)",22,21.0
95,Q-Learning,D41,"(38, 33)",17,22.0
95,Q-Learning,D42,"(65, 5)",17,10.0
95,Q-Learning,D43,"(27, 76)",17,14.0
95,Q-Learning,D44,"(89, 56)",10,24.0
95,Q-Learning,D45,"(27, 66)",16,17.0
95,Q-Learning,D46,"(14, 84)",16,17.0
95,Q-Learning,D47,"(66, 15)",14,25.0
95,Q-Learning,D48,"(16, 27)",12,25.0
95,Q-Learning,D49,"(38, 2)",8,28.0
95,Q-Learning,D50,"(60, 72)",8,27.0
95,Q-Learning,D51,"(76, 60)",5,30.0
96,Greedy,D16,"(87, 50)",65,25.0
96,Greedy,D17,"(76, 91)",61,30.0
96,Greedy,D18,"(49, 36)",64,20.0
96,Greedy,D19,"(84, 7)",67,28.0
96,Greedy,D20,"(97, 51)",64,17.0
96,Greedy,D21,"(75, 21)",66,17.0
96,Greedy,D22,"(78, 4)",64,22.0
96,Greedy,D23,"(44, 10)",64,22.0
96,Greedy,D25,"(86, 12)",60,18.0
96,Greedy,D26,"(94, 54)",49,18.0
96,Greedy,D28,"(92, 67)",45,12.0
96,Greedy,D30,"(95, 39)",47,30.0
96,Greedy,D31,"(11, 56)",46,12.0
96,Greedy,D32,"(48, 19)",44,16.0
96,Greedy,D33,"(41, 3)",39,17.0
96,Greedy,D34,"(51, 49)",34,28.0
96,Greedy,D35,"(94, 46)",34,13.0
96,Greedy,D37,"(13, 27)",26,10.0
96,Greedy,D38,"(2, 58)",33,15.0
96,Greedy,D39,"(42, 42)",29,11.0
96,Greedy,D40,"(59, 36)",23,21.0
96,Greedy,D41,"(38, 33)",18,22.0
96,Greedy,D42,"(65, 5)",18,10.0
96,Greedy,D43,"(27, 76)",18,14.0
96,Greedy,D44,"(89, 56)",11,24.0
96,Greedy,D45,"(27, 66)",17,17.0
96,Greedy,D46,"(14, 84)",17,17.0
96,Greedy,D47,"(66, 15)",15,25.0
96,Greedy,D48,"(16, 27)",13,25.0
96,Greedy,D49,"(38, 2)",9,28.0
96,Greedy,D50,"(60, 72)",9,27.0
96,Greedy,D51,"(76, 60)",6,30.0
96,Auction,D13,"(66, 15)",69,19.0
96,Auction,D16,"(87, 50)",65,25.0
96,Auction,D17,"(76, 91)",61,30.0
96,Auction,D19,"(84, 7)",67,28.0
96,Auction,D22,"(78, 4)",64,22.0
96,Auction,D24,"(35, 58)",59,19.0
96,Auction,D26,"(94, 54)",49,18.0
96,Auction,D27,"(53, 66)",48,14.0
96,Auction,D29,"(19, 36)",46,10.0
96,Auction,D30,"(95, 39)",47,30.0
96,Auction,D31,"(11, 56)",46,12.0
96,Auction,D32,"(48, 19)",44,16.0
96,Auction,D33,"(41, 3)",39,17.0
96,Auction,D34,"(51, 49)",34,28.0
96,Auction,D35,"(94, 46)",34,13.0
96,Auction,D36,"(9, 85)",30,10.0
96,Auction,D37,"(13, 27)",26,10.0
96,Auction,D38,"(2, 58)",33,15.0
96,Auction,D39,"(42, 42)",29,11.0
96,Auction,D40,"(59, 36)",23,21.0
96,Auction,D41,"(38, 33)",18,22.0
96,Auction,D43,"(27, 76)",18,14.0
96,Auction,D44,"(89, 56)",11,24.0
96,Auction,D45,"(27, 66)",17,17.0
96,Auction,D46,"(14, 84)",17,17.0
96,Auction,D47,"(66, 15)",15,25.0
96,Auction,D48,"(16, 27)",13,25.0
96,Auction,D49,"(38, 2)",9,28.0
96,Auction,D50,"(60, 72)",9,27.0
96,Auction,D51,"(76, 60)",6,30.0
96,Q-Learning,D16,"(87, 50)",65,25.0
96,Q-Learning,D17,"(76, 91)",61,30.0
96,Q-Learning,D19,"(84, 7)",67,28.0
96,Q-Learning,D22,"(78, 4)",64,22.0
96,Q-Learning,D23,"(44, 10)",64,22.0
96,Q-Learning,D24,"(35, 58)",59,19.0
96,Q-Learning,D25,"(86, 12)",60,18.0
96,Q-Learning,D26,"(94, 54)",49,18.0
96,Q-Learning,D28,"(92, 67)",45,12.0
96,Q-Learning,D30,"(95, 39)",47,30.0
96,Q-Learning,D32,"(48, 19)",44,16.0
96,Q-Learning,D33,"(41, 3)",39,17.0
96,Q-Learning,D34,"(51, 49)",34,28.0
96,Q-Learning,D36,"(9, 85)",30,10.0
96,Q-Learning,D38,"(2, 58)",33,15.0
96,Q-Learning,D39,"(42, 42)",29,11.0
96,Q-Learning,D40,"(59, 36)",23,21.0
96,Q-Learning,D41,"(38, 33)",18,22.0
96,Q-Learning,D42,"(65, 5)",18,10.0
96,Q-Learning,D43,"(27, 76)",18,14.0
96,Q-Learning,D44,"(89, 56)",11,24.0
96,Q-Learning,D45,"(27, 66)",17,17.0
96,Q-Learning,D46,"(14, 84)",17,17.0
96,Q-Learning,D47,"(66, 15)",15,25.0
96,Q-Learning,D48,"(16, 27)",13,25.0
96,Q-Learning,D49,"(38, 2)",9,28.0
96,Q-Learning,D50,"(60, 72)",9,27.0
96,Q-Learning,D51,"(76, 60)",6,30.0
97,Greedy,D16,"(87, 50)",66,25.0
97,Greedy,D17,"(76, 91)",62,30.0
97,Greedy,D18,"(49, 36)",65,20.0
97,Greedy,D19,"(84, 7)",68,28.0
97,Greedy,D20,"(97, 51)",65,17.0
97,Greedy,D21,"(75, 21)",67,17.0
97,Greedy,D22,"(78, 4)",65,22.0
97,Greedy,D23,"(44, 10)",65,22.0
97,Greedy,D25,"(86, 12)",61,18.0
97,Greedy,D26,"(94, 54)",50,18.0
97,Greedy,D28,"(92, 67)",46,12.0
97,Greedy,D30,"(95, 39)",48,30.0
97,Greedy,D31,"(11, 56)",47,12.0
97,Greedy,D32,"(48, 19)",45,16.0
97,Greedy,D33,"(41, 3)",40,17.0
97,Greedy,D34,"(51, 49)",35,28.0
97,Greedy,D35,"(94, 46)",35,13.0
97,Greedy,D37,"(13, 27)",27,10.0
97,Greedy,D38,"(2, 58)",34,15.0
97,Greedy,D39,"(42, 42)",30,11.0
97,Greedy,D40,"(59, 36)",24,21.0
97,Greedy,D41,"(38, 33)",19,22.0
97,Greedy,D42,"(65, 5)",19,10.0
97,Greedy,D43,"(27, 76)",19,14.0
97,Greedy,D44,"(89, 56)",12,24.0
97,Greedy,D45,"(27, 66)",18,17.0
97,Greedy,D46,"(14, 84)",18,17.0
97,Greedy,D47,"(66, 15)",16,25.0
97,Greedy,D48,"(16, 27)",14,25.0
97,Greedy,D49,"(38, 2)",10,28.0
97,Greedy,D50,"(60, 72)",10,27.0
97,Greedy,D51,"(76, 60)",7,30.0
97,Auction,D13,"(66, 15)",70,19.0
97,Auction,D16,"(87, 50)",66,25.0
97,Auction,D17,"(76, 91)",62,30.0
97,Auction,D19,"(84, 7)",68,28.0
97,Auction,D22,"(78, 4)",65,22.0
97,Auction,D24,"(35, 58)",60,19.0
97,Auction,D26,"(94, 54)",50,18.0
97,Auction,D27,"(53, 66)",49,14.0
97,Auction,D29,"(19, 36)",47,10.0
97,Auction,D30,"(95, 39)",48,30.0
97,Auction,D31,"(11, 56)",47,12.0
97,Auction,D32,"(48, 19)",45,16.0
97,Auction,D33,"(41, 3)",40,17.0
97,Auction,D34,"(51, 49)",35,28.0
97,Auction,D35,"(94, 46)",35,13.0
97,Auction,D36,"(9, 85)",31,10.0
97,Auction,D37,"(13, 27)",27,10.0
97,Auction,D38,"(2, 58)",34,15.0
97,Auction,D39,"(42, 42)",30,11.0
97,Auction,D40,"(59, 36)",24,21.0
97,Auction,D41,"(38, 33)",19,22.0
97,Auction,D43,"(27, 76)",19,14.0
97,Auction,D44,"(89, 56)",12,24.0
97,Auction,D45,"(27, 66)",18,17.0
97,Auction,D46,"(14, 84)",18,17.0
97,Auction,D47,"(66, 15)",16,25.0
97,Auction,D48,"(16, 27)",14,25.0
97,Auction,D49,"(38, 2)",10,28.0
97,Auction,D50,"(60, 72)",10,27.0
97,Auction,D51,"(76, 60)",7,30.0
97,Auction,D52,"(56, 89)",1,10.0
97,Q-Learning,D16,"(87, 50)",66,25.0
97,Q-Learning,D17,"(76, 91)",62,30.0
97,Q-Learning,D19,"(84, 7)",68,28.0
97,Q-Learning,D22,"(78, 4)",65,22.0
97,Q-Learning,D23,"(44, 10)",65,22.0
97,Q-Learning,D24,"(35, 58)",60,19.0
97,Q-Learning,D25,"(86, 12)",61,18.0
97,Q-Learning,D26,"(94, 54)",50,18.0
97,Q-Learning,D28,"(92, 67)",46,12.0
97,Q-Learning,D30,"(95, 39)",48,30.0
97,Q-Learning,D32,"(48, 19)",45,16.0
97,Q-Learning,D33,"(41, 3)",40,17.0
97,Q-Learning,D34,"(51, 49)",35,28.0
97,Q-Learning,D36,"(9, 85)",31,10.0
97,Q-Learning,D38,"(2, 58)",34,15.0
97,Q-Learning,D39,"(42, 42)",30,11.0
97,Q-Learning,D40,"(59, 36)",24,21.0
97,Q-Learning,D41,"(38, 33)",19,22.0
97,Q-Learning,D42,"(65, 5)",19,10.0
97,Q-Learning,D43,"(27, 76)",19,14.0
97,Q-Learning,D44,"(89, 56)",12,24.0
97,Q-Learning,D45,"(27, 66)",18,17.0
97,Q-Learning,D46,"(14, 84)",18,17.0
97,Q-Learning,D47,"(66, 15)",16,25.0
97,Q-Learning,D48,"(16, 27)",14,25.0
97,Q-Learning,D49,"(38, 2)",10,28.0
97,Q-Learning,D50,"(60, 72)",10,27.0
97,Q-Learning,D51,"(76, 60)",7,30.0
97,Q-Learning,D52,"(56, 89)",1,10.0
98,Greedy,D16,"(87, 50)",67,25.0
98,Greedy,D17,"(76, 91)",63,30.0
98,Greedy,D18,"(49, 36)",66,20.0
98,Greedy,D19,"(84, 7)",69,28.0
98,Greedy,D20,"(97, 51)",66,17.0
98,Greedy,D21,"(75, 21)",68,17.0
98,Greedy,D22,"(78, 4)",66,22.0
98,Greedy,D23,"(44, 10)",66,22.0
98,Greedy,D25,"(86, 12)",62,18.0
98,Greedy,D26,"(94, 54)",51,18.0
98,Greedy,D28,"(92, 67)",47,12.0
98,Greedy,D30,"(95, 39)",49,30.0
98,Greedy,D31,"(11, 56)",48,12.0
98,Greedy,D32,"(48, 19)",46,16.0
98,Greedy,D33,"(41, 3)",41,17.0
98,Greedy,D34,"(51, 49)",36,28.0
98,Greedy,D35,"(94, 46)",36,13.0
98,Greedy,D37,"(13, 27)",28,10.0
98,Greedy,D38,"(2, 58)",35,15.0
98,Greedy,D39,"(42, 42)",31,11.0
98,Greedy,D40,"(59, 36)",25,21.0
98,Greedy,D41,"(38, 33)",20,22.0
98,Greedy,D42,"(65, 5)",20,10.0
98,Greedy,D43,"(27, 76)",20,14.0
98,Greedy,D44,"(89, 56)",13,24.0
98,Greedy,D45,"(27, 66)",19,17.0
98,Greedy,D46,"(14, 84)",19,17.0
98,Greedy,D47,"(66, 15)",17,25.0
98,Greedy,D48,"(16, 27)",15,25.0
98,Greedy,D49,"(38, 2)",11,28.0
98,Greedy,D50,"(60, 72)",11,27.0
98,Greedy,D51,"(76, 60)",8,30.0
98,Auction,D13,"(66, 15)",71,19.0
98,Auction,D16,"(87, 50)",67,25.0
98,Auction,D17,"(76, 91)",63,30.0
98,Auction,D19,"(84, 7)",69,28.0
98,Auction,D22,"(78, 4)",66,22.0
98,Auction,D24,"(35, 58)",61,19.0
98,Auction,D26,"(94, 54)",51,18.0
98,Auction,D27,"(53, 66)",50,14.0
98,Auction,D29,"(19, 36)",48,10.0
98,Auction,D30,"(95, 39)",49,30.0
98,Auction,D31,"(11, 56)",48,12.0
98,Auction,D32,"(48, 19)",46,16.0
98,Auction,D33,"(41, 3)",41,17.0
98,Auction,D34,"(51, 49)",36,28.0
98,Auction,D35,"(94, 46)",36,13.0
98,Auction,D36,"(9, 85)",32,10.0
98,Auction,D37,"(13, 27)",28,10.0
98,Auction,D38,"(2, 58)",35,15.0
98,Auction,D39,"(42, 42)",31,11.0
98,Auction,D40,"(59, 36)",25,21.0
98,Auction,D41,"(38, 33)",20,22.0
98,Auction,D43,"(27, 76)",20,14.0
98,Auction,D44,"(89, 56)",13,24.0
98,Auction,D45,"(27, 66)",19,17.0
98,Auction,D46,"(14, 84)",19,17.0
98,Auction,D47,"(66, 15)",17,25.0
98,Auction,D48,"(16, 27)",15,25.0
98,Auction,D49,"(38, 2)",11,28.0
98,Auction,D50,"(60, 72)",11,27.0
98,Auction,D51,"(76, 60)",8,30.0
98,Auction,D52,"(56, 89)",2,10.0
98,Q-Learning,D16,"(87, 50)",67,25.0
98,Q-Learning,D17,"(76, 91)",63,30.0
98,Q-Learning,D19,"(84, 7)",69,28.0
98,Q-Learning,D22,"(78, 4)",66,22.0
98,Q-Learning,D23,"(44, 10)",66,22.0
98,Q-Learning,D24,"(35, 58)",61,19.0
98,Q-Learning,D25,"(86, 12)",62,18.0
98,Q-Learning,D26,"(94, 54)",51,18.0
98,Q-Learning,D28,"(92, 67)",47,12.0
98,Q-Learning,D30,"(95, 39)",49,30.0
98,Q-Learning,D32,"(48, 19)",46,16.0
98,Q-Learning,D33,"(41, 3)",41,17.0
98,Q-Learning,D34,"(51, 49)",36,28.0
98,Q-Learning,D36,"(9, 85)",32,10.0
98,Q-Learning,D38,"(2, 58)",35,15.0
98,Q-Learning,D39,"(42, 42)",31,11.0
98,Q-Learning,D40,"(59, 36)",25,21.0
98,Q-Learning,D41,"(38, 33)",20,22.0
98,Q-Learning,D42,"(65, 5)",20,10.0
98,Q-Learning,D43,"(27, 76)",20,14.0
98,Q-Learning,D44,"(89, 56)",13,24.0
98,Q-Learning,D45,"(27, 66)",19,17.0
98,Q-Learning,D46,"(14, 84)",19,17.0
98,Q-Learning,D47,"(66, 15)",17,25.0
98,Q-Learning,D48,"(16, 27)",15,25.0
98,Q-Learning,D49,"(38, 2)",11,28.0
98,Q-Learning,D50,"(60, 72)",11,27.0
98,Q-Learning,D51,"(76, 60)",8,30.0
98,Q-Learning,D52,"(56, 89)",2,10.0
99,Greedy,D16,"(87, 50)",68,25.0
99,Greedy,D17,"(76, 91)",64,30.0
99,Greedy,D18,"(49, 36)",67,20.0
99,Greedy,D19,"(84, 7)",70,28.0
99,Greedy,D20,"(97, 51)",67,17.0
99,Greedy,D21,"(75, 21)",69,17.0
99,Greedy,D22,"(78, 4)",67,22.0
99,Greedy,D23,"(44, 10)",67,22.0
99,Greedy,D25,"(86, 12)",63,18.0
99,Greedy,D26,"(94, 54)",52,18.0
99,Greedy,D28,"(92, 67)",48,12.0
99,Greedy,D30,"(95, 39)",50,30.0
99,Greedy,D31,"(11, 56)",49,12.0
99,Greedy,D32,"(48, 19)",47,16.0
99,Greedy,D33,"(41, 3)",42,17.0
99,Greedy,D34,"(51, 49)",37,28.0
99,Greedy,D35,"(94, 46)",37,13.0
99,Greedy,D37,"(13, 27)",29,10.0
99,Greedy,D38,"(2, 58)",36,15.0
99,Greedy,D39,"(42, 42)",32,11.0
99,Greedy,D40,"(59, 36)",26,21.0
99,Greedy,D41,"(38, 33)",21,22.0
99,Greedy,D42,"(65, 5)",21,10.0
99,Greedy,D43,"(27, 76)",21,14.0
99,Greedy,D44,"(89, 56)",14,24.0
99,Greedy,D45,"(27, 66)",20,17.0
99,Greedy,D46,"(14, 84)",20,17.0
99,Greedy,D47,"(66, 15)",18,25.0
99,Greedy,D48,"(16, 27)",16,25.0
99,Greedy,D49,"(38, 2)",12,28.0
99,Greedy,D50,"(60, 72)",12,27.0
99,Greedy,D51,"(76, 60)",9,30.0
99,Auction,D13,"(66, 15)",72,19.0
99,Auction,D16,"(87, 50)",68,25.0
99,Auction,D17,"(76, 91)",64,30.0
99,Auction,D19,"(84, 7)",70,28.0
99,Auction,D22,"(78, 4)",67,22.0
99,Auction,D24,"(35, 58)",62,19.0
99,Auction,D26,"(94, 54)",52,18.0
99,Auction,D27,"(53, 66)",51,14.0
99,Auction,D29,"(19, 36)",49,10.0
99,Auction,D30,"(95, 39)",50,30.0
99,Auction,D31,"(11, 56)",49,12.0
99,Auction,D32,"(48, 19)",47,16.0
99,Auction,D33,"(41, 3)",42,17.0
99,Auction,D34,"(51, 49)",37,28.0
99,Auction,D35,"(94, 46)",37,13.0
99,Auction,D36,"(9, 85)",33,10.0
99,Auction,D37,"(13, 27)",29,10.0
99,Auction,D38,"(2, 58)",36,15.0
99,Auction,D39,"(42, 42)",32,11.0
99,Auction,D40,"(59, 36)",26,21.0
99,Auction,D41,"(38, 33)",21,22.0
99,Auction,D43,"(27, 76)",21,14.0
99,Auction,D44,"(89, 56)",14,24.0
99,Auction,D45,"(27, 66)",20,17.0
99,Auction,D46,"(14, 84)",20,17.0
99,Auction,D47,"(66, 15)",18,25.0
99,Auction,D48,"(16, 27)",16,25.0
99,Auction,D49,"(38, 2)",12,28.0
99,Auction,D50,"(60, 72)",12,27.0
99,Auction,D51,"(76, 60)",9,30.0
99,Auction,D52,"(56, 89)",3,10.0
99,Q-Learning,D16,"(87, 50)",68,25.0
99,Q-Learning,D17,"(76, 91)",64,30.0
99,Q-Learning,D19,"(84, 7)",70,28.0
99,Q-Learning,D22,"(78, 4)",67,22.0
99,Q-Learning,D23,"(44, 10)",67,22.0
99,Q-Learning,D24,"(35, 58)",62,19.0
99,Q-Learning,D25,"(86, 12)",63,18.0
99,Q-Learning,D26,"(94, 54)",52,18.0
99,Q-Learning,D28,"(92, 67)",48,12.0
99,Q-Learning,D30,"(95, 39)",50,30.0
99,Q-Learning,D32,"(48, 19)",47,16.0
99,Q-Learning,D33,"(41, 3)",42,17.0
99,Q-Learning,D34,"(51, 49)",37,28.0
99,Q-Learning,D36,"(9, 85)",33,10.0
99,Q-Learning,D38,"(2, 58)",36,15.0
99,Q-Learning,D39,"(42, 42)",32,11.0
99,Q-Learning,D40,"(59, 36)",26,21.0
99,Q-Learning,D41,"(38, 33)",21,22.0
99,Q-Learning,D42,"(65, 5)",21,10.0
99,Q-Learning,D43,"(27, 76)",21,14.0
99,Q-Learning,D44,"(89, 56)",14,24.0
99,Q-Learning,D45,"(27, 66)",20,17.0
99,Q-Learning,D46,"(14, 84)",20,17.0
99,Q-Learning,D47,"(66, 15)",18,25.0
99,Q-Learning,D48,"(16, 27)",16,25.0
99,Q-Learning,D49,"(38, 2)",12,28.0
99,Q-Learning,D50,"(60, 72)",12,27.0
99,Q-Learning,D51,"(76, 60)",9,30.0
99,Q-Learning,D52,"(56, 89)",3,10.0
