time_step,method,task_id,position,urgency,duration
0,Greedy,T1,"(87, 44)",8,20.0
0,Greedy,T2,"(39, 31)",1,29.0
0,Greedy,T3,"(48, 66)",5,14.0
0,Greedy,T4,"(1, 62)",5,26.0
0,Greedy,T5,"(30, 37)",2,12.0
0,Greedy,T6,"(45, 80)",5,11.0
0,Greedy,T7,"(6, 3)",10,26.0
0,Greedy,T8,"(54, 29)",9,27.0
0,Greedy,T9,"(37, 41)",7,25.0
0,Greedy,T10,"(28, 25)",4,15.0
0,Auction,T1,"(87, 44)",8,20.0
0,Auction,T2,"(39, 31)",1,29.0
0,Auction,T3,"(48, 66)",5,14.0
0,Auction,T4,"(1, 62)",5,26.0
0,Auction,T5,"(30, 37)",2,12.0
0,Auction,T6,"(45, 80)",5,11.0
0,Auction,T7,"(6, 3)",10,26.0
0,Auction,T8,"(54, 29)",9,27.0
0,Auction,T9,"(37, 41)",7,25.0
0,Auction,T10,"(28, 25)",4,15.0
0,Q-Learning,T1,"(87, 44)",8,20.0
0,Q-Learning,T2,"(39, 31)",1,29.0
0,Q-Learning,T3,"(48, 66)",5,14.0
0,Q-Learning,T4,"(1, 62)",5,26.0
0,Q-Learning,T5,"(30, 37)",2,12.0
0,Q-Learning,T6,"(45, 80)",5,11.0
0,Q-Learning,T7,"(6, 3)",10,26.0
0,Q-Learning,T8,"(54, 29)",9,27.0
0,Q-Learning,T9,"(37, 41)",7,25.0
0,Q-Learning,T10,"(28, 25)",4,15.0
1,Greedy,T2,"(39, 31)",2,29.0
1,Auction,T2,"(39, 31)",2,29.0
1,Q-Learning,T10,"(28, 25)",5,15.0
2,Greedy,T2,"(39, 31)",3,29.0
2,Auction,T2,"(39, 31)",3,29.0
2,Q-Learning,T10,"(28, 25)",6,15.0
3,Greedy,T2,"(39, 31)",4,29.0
3,Greedy,D2,"(63, 91)",2,16.0
3,Auction,T2,"(39, 31)",4,29.0
3,Auction,D2,"(63, 91)",2,16.0
3,Q-Learning,T10,"(28, 25)",7,15.0
3,Q-Learning,D2,"(63, 91)",2,16.0
4,Greedy,T2,"(39, 31)",5,29.0
4,Greedy,D2,"(63, 91)",3,16.0
4,Auction,T2,"(39, 31)",5,29.0
4,Auction,D2,"(63, 91)",3,16.0
4,Q-Learning,T10,"(28, 25)",8,15.0
4,Q-Learning,D2,"(63, 91)",3,16.0
5,Greedy,T2,"(39, 31)",6,29.0
5,Greedy,D2,"(63, 91)",4,16.0
5,Greedy,D3,"(43, 51)",5,13.0
5,Auction,T2,"(39, 31)",6,29.0
5,Auction,D2,"(63, 91)",4,16.0
5,Auction,D3,"(43, 51)",5,13.0
5,Q-Learning,T10,"(28, 25)",9,15.0
5,Q-Learning,D2,"(63, 91)",4,16.0
5,Q-Learning,D3,"(43, 51)",5,13.0
6,Greedy,T2,"(39, 31)",7,29.0
6,Greedy,D2,"(63, 91)",5,16.0
6,Greedy,D3,"(43, 51)",6,13.0
6,Auction,T2,"(39, 31)",7,29.0
6,Auction,D2,"(63, 91)",5,16.0
6,Auction,D3,"(43, 51)",6,13.0
6,Q-Learning,T10,"(28, 25)",10,15.0
6,Q-Learning,D2,"(63, 91)",5,16.0
6,Q-Learning,D3,"(43, 51)",6,13.0
7,Greedy,T2,"(39, 31)",8,29.0
7,Greedy,D2,"(63, 91)",6,16.0
7,Greedy,D3,"(43, 51)",7,13.0
7,Greedy,D4,"(59, 83)",1,24.0
7,Auction,T2,"(39, 31)",8,29.0
7,Auction,D2,"(63, 91)",6,16.0
7,Auction,D3,"(43, 51)",7,13.0
7,Auction,D4,"(59, 83)",1,24.0
7,Q-Learning,T10,"(28, 25)",11,15.0
7,Q-Learning,D2,"(63, 91)",6,16.0
7,Q-Learning,D3,"(43, 51)",7,13.0
7,Q-Learning,D4,"(59, 83)",1,24.0
8,Greedy,T2,"(39, 31)",9,29.0
8,Greedy,D2,"(63, 91)",7,16.0
8,Greedy,D3,"(43, 51)",8,13.0
8,Greedy,D4,"(59, 83)",2,24.0
8,Greedy,D5,"(3, 18)",9,10.0
8,Auction,T2,"(39, 31)",9,29.0
8,Auction,D2,"(63, 91)",7,16.0
8,Auction,D3,"(43, 51)",8,13.0
8,Auction,D4,"(59, 83)",2,24.0
8,Auction,D5,"(3, 18)",9,10.0
8,Q-Learning,T10,"(28, 25)",12,15.0
8,Q-Learning,D2,"(63, 91)",7,16.0
8,Q-Learning,D3,"(43, 51)",8,13.0
8,Q-Learning,D4,"(59, 83)",2,24.0
8,Q-Learning,D5,"(3, 18)",9,10.0
9,Greedy,T2,"(39, 31)",10,29.0
9,Greedy,D2,"(63, 91)",8,16.0
9,Greedy,D3,"(43, 51)",9,13.0
9,Greedy,D4,"(59, 83)",3,24.0
9,Greedy,D5,"(3, 18)",10,10.0
9,Auction,T2,"(39, 31)",10,29.0
9,Auction,D2,"(63, 91)",8,16.0
9,Auction,D3,"(43, 51)",9,13.0
9,Auction,D4,"(59, 83)",3,24.0
9,Auction,D5,"(3, 18)",10,10.0
9,Q-Learning,T10,"(28, 25)",13,15.0
9,Q-Learning,D2,"(63, 91)",8,16.0
9,Q-Learning,D3,"(43, 51)",9,13.0
9,Q-Learning,D4,"(59, 83)",3,24.0
9,Q-Learning,D5,"(3, 18)",10,10.0
10,Greedy,T2,"(39, 31)",11,29.0
10,Greedy,D2,"(63, 91)",9,16.0
10,Greedy,D3,"(43, 51)",10,13.0
10,Greedy,D4,"(59, 83)",4,24.0
10,Greedy,D5,"(3, 18)",11,10.0
10,Auction,T2,"(39, 31)",11,29.0
10,Auction,D2,"(63, 91)",9,16.0
10,Auction,D3,"(43, 51)",10,13.0
10,Auction,D4,"(59, 83)",4,24.0
10,Auction,D5,"(3, 18)",11,10.0
10,Q-Learning,T10,"(28, 25)",14,15.0
10,Q-Learning,D2,"(63, 91)",9,16.0
10,Q-Learning,D3,"(43, 51)",10,13.0
10,Q-Learning,D4,"(59, 83)",4,24.0
10,Q-Learning,D5,"(3, 18)",11,10.0
11,Greedy,T2,"(39, 31)",12,29.0
11,Greedy,D2,"(63, 91)",10,16.0
11,Greedy,D3,"(43, 51)",11,13.0
11,Greedy,D4,"(59, 83)",5,24.0
11,Greedy,D5,"(3, 18)",12,10.0
11,Greedy,D6,"(46, 25)",5,10.0
11,Auction,T2,"(39, 31)",12,29.0
11,Auction,D2,"(63, 91)",10,16.0
11,Auction,D3,"(43, 51)",11,13.0
11,Auction,D4,"(59, 83)",5,24.0
11,Auction,D5,"(3, 18)",12,10.0
11,Auction,D6,"(46, 25)",5,10.0
11,Q-Learning,T10,"(28, 25)",15,15.0
11,Q-Learning,D2,"(63, 91)",10,16.0
11,Q-Learning,D3,"(43, 51)",11,13.0
11,Q-Learning,D4,"(59, 83)",5,24.0
11,Q-Learning,D5,"(3, 18)",12,10.0
11,Q-Learning,D6,"(46, 25)",5,10.0
12,Greedy,T2,"(39, 31)",13,29.0
12,Greedy,D2,"(63, 91)",11,16.0
12,Greedy,D3,"(43, 51)",12,13.0
12,Greedy,D4,"(59, 83)",6,24.0
12,Greedy,D5,"(3, 18)",13,10.0
12,Greedy,D6,"(46, 25)",6,10.0
12,Greedy,D7,"(76, 70)",3,30.0
12,Auction,T2,"(39, 31)",13,29.0
12,Auction,D2,"(63, 91)",11,16.0
12,Auction,D3,"(43, 51)",12,13.0
12,Auction,D4,"(59, 83)",6,24.0
12,Auction,D5,"(3, 18)",13,10.0
12,Auction,D6,"(46, 25)",6,10.0
12,Auction,D7,"(76, 70)",3,30.0
12,Q-Learning,T10,"(28, 25)",16,15.0
12,Q-Learning,D2,"(63, 91)",11,16.0
12,Q-Learning,D3,"(43, 51)",12,13.0
12,Q-Learning,D4,"(59, 83)",6,24.0
12,Q-Learning,D5,"(3, 18)",13,10.0
12,Q-Learning,D6,"(46, 25)",6,10.0
12,Q-Learning,D7,"(76, 70)",3,30.0
13,Greedy,T2,"(39, 31)",14,29.0
13,Greedy,D2,"(63, 91)",12,16.0
13,Greedy,D3,"(43, 51)",13,13.0
13,Greedy,D4,"(59, 83)",7,24.0
13,Greedy,D5,"(3, 18)",14,10.0
13,Greedy,D6,"(46, 25)",7,10.0
13,Greedy,D7,"(76, 70)",4,30.0
13,Greedy,D8,"(30, 52)",10,21.0
13,Auction,T2,"(39, 31)",14,29.0
13,Auction,D2,"(63, 91)",12,16.0
13,Auction,D3,"(43, 51)",13,13.0
13,Auction,D4,"(59, 83)",7,24.0
13,Auction,D5,"(3, 18)",14,10.0
13,Auction,D6,"(46, 25)",7,10.0
13,Auction,D7,"(76, 70)",4,30.0
13,Auction,D8,"(30, 52)",10,21.0
13,Q-Learning,T10,"(28, 25)",17,15.0
13,Q-Learning,D2,"(63, 91)",12,16.0
13,Q-Learning,D3,"(43, 51)",13,13.0
13,Q-Learning,D4,"(59, 83)",7,24.0
13,Q-Learning,D5,"(3, 18)",14,10.0
13,Q-Learning,D6,"(46, 25)",7,10.0
13,Q-Learning,D7,"(76, 70)",4,30.0
13,Q-Learning,D8,"(30, 52)",10,21.0
14,Greedy,T2,"(39, 31)",15,29.0
14,Greedy,D2,"(63, 91)",13,16.0
14,Greedy,D3,"(43, 51)",14,13.0
14,Greedy,D4,"(59, 83)",8,24.0
14,Greedy,D5,"(3, 18)",15,10.0
14,Greedy,D6,"(46, 25)",8,10.0
14,Greedy,D7,"(76, 70)",5,30.0
14,Greedy,D8,"(30, 52)",11,21.0
14,Auction,T2,"(39, 31)",15,29.0
14,Auction,D2,"(63, 91)",13,16.0
14,Auction,D3,"(43, 51)",14,13.0
14,Auction,D4,"(59, 83)",8,24.0
14,Auction,D5,"(3, 18)",15,10.0
14,Auction,D6,"(46, 25)",8,10.0
14,Auction,D7,"(76, 70)",5,30.0
14,Auction,D8,"(30, 52)",11,21.0
14,Q-Learning,T10,"(28, 25)",18,15.0
14,Q-Learning,D2,"(63, 91)",13,16.0
14,Q-Learning,D3,"(43, 51)",14,13.0
14,Q-Learning,D4,"(59, 83)",8,24.0
14,Q-Learning,D5,"(3, 18)",15,10.0
14,Q-Learning,D6,"(46, 25)",8,10.0
14,Q-Learning,D7,"(76, 70)",5,30.0
14,Q-Learning,D8,"(30, 52)",11,21.0
15,Greedy,T2,"(39, 31)",16,29.0
15,Greedy,D2,"(63, 91)",14,16.0
15,Greedy,D3,"(43, 51)",15,13.0
15,Greedy,D4,"(59, 83)",9,24.0
15,Greedy,D5,"(3, 18)",16,10.0
15,Greedy,D6,"(46, 25)",9,10.0
15,Greedy,D7,"(76, 70)",6,30.0
15,Greedy,D8,"(30, 52)",12,21.0
15,Auction,T2,"(39, 31)",16,29.0
15,Auction,D3,"(43, 51)",15,13.0
15,Auction,D4,"(59, 83)",9,24.0
15,Auction,D5,"(3, 18)",16,10.0
15,Auction,D6,"(46, 25)",9,10.0
15,Auction,D7,"(76, 70)",6,30.0
15,Auction,D8,"(30, 52)",12,21.0
15,Q-Learning,T10,"(28, 25)",19,15.0
15,Q-Learning,D2,"(63, 91)",14,16.0
15,Q-Learning,D3,"(43, 51)",15,13.0
15,Q-Learning,D4,"(59, 83)",9,24.0
15,Q-Learning,D5,"(3, 18)",16,10.0
15,Q-Learning,D6,"(46, 25)",9,10.0
15,Q-Learning,D7,"(76, 70)",6,30.0
15,Q-Learning,D8,"(30, 52)",12,21.0
16,Greedy,D2,"(63, 91)",15,16.0
16,Greedy,D3,"(43, 51)",16,13.0
16,Greedy,D4,"(59, 83)",10,24.0
16,Greedy,D5,"(3, 18)",17,10.0
16,Greedy,D6,"(46, 25)",10,10.0
16,Greedy,D7,"(76, 70)",7,30.0
16,Greedy,D8,"(30, 52)",13,21.0
16,Greedy,D9,"(12, 61)",5,22.0
16,Auction,T2,"(39, 31)",17,29.0
16,Auction,D3,"(43, 51)",16,13.0
16,Auction,D4,"(59, 83)",10,24.0
16,Auction,D5,"(3, 18)",17,10.0
16,Auction,D6,"(46, 25)",10,10.0
16,Auction,D7,"(76, 70)",7,30.0
16,Auction,D8,"(30, 52)",13,21.0
16,Auction,D9,"(12, 61)",5,22.0
16,Q-Learning,D2,"(63, 91)",15,16.0
16,Q-Learning,D3,"(43, 51)",16,13.0
16,Q-Learning,D4,"(59, 83)",10,24.0
16,Q-Learning,D5,"(3, 18)",17,10.0
16,Q-Learning,D6,"(46, 25)",10,10.0
16,Q-Learning,D7,"(76, 70)",7,30.0
16,Q-Learning,D8,"(30, 52)",13,21.0
16,Q-Learning,D9,"(12, 61)",5,22.0
17,Greedy,D2,"(63, 91)",16,16.0
17,Greedy,D3,"(43, 51)",17,13.0
17,Greedy,D4,"(59, 83)",11,24.0
17,Greedy,D5,"(3, 18)",18,10.0
17,Greedy,D6,"(46, 25)",11,10.0
17,Greedy,D7,"(76, 70)",8,30.0
17,Greedy,D8,"(30, 52)",14,21.0
17,Greedy,D9,"(12, 61)",6,22.0
17,Greedy,D10,"(5, 94)",8,26.0
17,Auction,T2,"(39, 31)",18,29.0
17,Auction,D3,"(43, 51)",17,13.0
17,Auction,D4,"(59, 83)",11,24.0
17,Auction,D5,"(3, 18)",18,10.0
17,Auction,D6,"(46, 25)",11,10.0
17,Auction,D7,"(76, 70)",8,30.0
17,Auction,D8,"(30, 52)",14,21.0
17,Auction,D9,"(12, 61)",6,22.0
17,Auction,D10,"(5, 94)",8,26.0
17,Q-Learning,D2,"(63, 91)",16,16.0
17,Q-Learning,D3,"(43, 51)",17,13.0
17,Q-Learning,D4,"(59, 83)",11,24.0
17,Q-Learning,D5,"(3, 18)",18,10.0
17,Q-Learning,D6,"(46, 25)",11,10.0
17,Q-Learning,D7,"(76, 70)",8,30.0
17,Q-Learning,D8,"(30, 52)",14,21.0
17,Q-Learning,D9,"(12, 61)",6,22.0
17,Q-Learning,D10,"(5, 94)",8,26.0
18,Greedy,D2,"(63, 91)",17,16.0
18,Greedy,D4,"(59, 83)",12,24.0
18,Greedy,D6,"(46, 25)",12,10.0
18,Greedy,D7,"(76, 70)",9,30.0
18,Greedy,D8,"(30, 52)",15,21.0
18,Greedy,D9,"(12, 61)",7,22.0
18,Greedy,D10,"(5, 94)",9,26.0
18,Greedy,D11,"(84, 22)",8,15.0
18,Auction,T2,"(39, 31)",19,29.0
18,Auction,D3,"(43, 51)",18,13.0
18,Auction,D4,"(59, 83)",12,24.0
18,Auction,D5,"(3, 18)",19,10.0
18,Auction,D6,"(46, 25)",12,10.0
18,Auction,D7,"(76, 70)",9,30.0
18,Auction,D8,"(30, 52)",15,21.0
18,Auction,D9,"(12, 61)",7,22.0
18,Auction,D10,"(5, 94)",9,26.0
18,Q-Learning,D2,"(63, 91)",17,16.0
18,Q-Learning,D3,"(43, 51)",18,13.0
18,Q-Learning,D4,"(59, 83)",12,24.0
18,Q-Learning,D6,"(46, 25)",12,10.0
18,Q-Learning,D7,"(76, 70)",9,30.0
18,Q-Learning,D8,"(30, 52)",15,21.0
18,Q-Learning,D9,"(12, 61)",7,22.0
18,Q-Learning,D10,"(5, 94)",9,26.0
18,Q-Learning,D11,"(84, 22)",8,15.0
19,Greedy,D4,"(59, 83)",13,24.0
19,Greedy,D6,"(46, 25)",13,10.0
19,Greedy,D7,"(76, 70)",10,30.0
19,Greedy,D8,"(30, 52)",16,21.0
19,Greedy,D9,"(12, 61)",8,22.0
19,Greedy,D10,"(5, 94)",10,26.0
19,Greedy,D11,"(84, 22)",9,15.0
19,Greedy,D12,"(71, 34)",2,15.0
19,Auction,T2,"(39, 31)",20,29.0
19,Auction,D4,"(59, 83)",13,24.0
19,Auction,D5,"(3, 18)",20,10.0
19,Auction,D6,"(46, 25)",13,10.0
19,Auction,D7,"(76, 70)",10,30.0
19,Auction,D8,"(30, 52)",16,21.0
19,Auction,D9,"(12, 61)",8,22.0
19,Auction,D10,"(5, 94)",10,26.0
19,Auction,D12,"(71, 34)",2,15.0
19,Q-Learning,D2,"(63, 91)",18,16.0
19,Q-Learning,D4,"(59, 83)",13,24.0
19,Q-Learning,D6,"(46, 25)",13,10.0
19,Q-Learning,D7,"(76, 70)",10,30.0
19,Q-Learning,D8,"(30, 52)",16,21.0
19,Q-Learning,D9,"(12, 61)",8,22.0
19,Q-Learning,D10,"(5, 94)",10,26.0
19,Q-Learning,D11,"(84, 22)",9,15.0
19,Q-Learning,D12,"(71, 34)",2,15.0
20,Greedy,D4,"(59, 83)",14,24.0
20,Greedy,D6,"(46, 25)",14,10.0
20,Greedy,D7,"(76, 70)",11,30.0
20,Greedy,D8,"(30, 52)",17,21.0
20,Greedy,D9,"(12, 61)",9,22.0
20,Greedy,D10,"(5, 94)",11,26.0
20,Greedy,D11,"(84, 22)",10,15.0
20,Greedy,D12,"(71, 34)",3,15.0
20,Greedy,D13,"(61, 53)",5,21.0
20,Auction,T2,"(39, 31)",21,29.0
20,Auction,D4,"(59, 83)",14,24.0
20,Auction,D5,"(3, 18)",21,10.0
20,Auction,D6,"(46, 25)",14,10.0
20,Auction,D7,"(76, 70)",11,30.0
20,Auction,D8,"(30, 52)",17,21.0
20,Auction,D9,"(12, 61)",9,22.0
20,Auction,D10,"(5, 94)",11,26.0
20,Auction,D12,"(71, 34)",3,15.0
20,Auction,D13,"(61, 53)",5,21.0
20,Q-Learning,D2,"(63, 91)",19,16.0
20,Q-Learning,D4,"(59, 83)",14,24.0
20,Q-Learning,D6,"(46, 25)",14,10.0
20,Q-Learning,D7,"(76, 70)",11,30.0
20,Q-Learning,D8,"(30, 52)",17,21.0
20,Q-Learning,D9,"(12, 61)",9,22.0
20,Q-Learning,D10,"(5, 94)",11,26.0
20,Q-Learning,D11,"(84, 22)",10,15.0
20,Q-Learning,D12,"(71, 34)",3,15.0
20,Q-Learning,D13,"(61, 53)",5,21.0
21,Greedy,D4,"(59, 83)",15,24.0
21,Greedy,D6,"(46, 25)",15,10.0
21,Greedy,D7,"(76, 70)",12,30.0
21,Greedy,D8,"(30, 52)",18,21.0
21,Greedy,D9,"(12, 61)",10,22.0
21,Greedy,D10,"(5, 94)",12,26.0
21,Greedy,D11,"(84, 22)",11,15.0
21,Greedy,D12,"(71, 34)",4,15.0
21,Greedy,D13,"(61, 53)",6,21.0
21,Greedy,D14,"(84, 93)",4,23.0
21,Auction,T2,"(39, 31)",22,29.0
21,Auction,D4,"(59, 83)",15,24.0
21,Auction,D5,"(3, 18)",22,10.0
21,Auction,D6,"(46, 25)",15,10.0
21,Auction,D7,"(76, 70)",12,30.0
21,Auction,D8,"(30, 52)",18,21.0
21,Auction,D9,"(12, 61)",10,22.0
21,Auction,D10,"(5, 94)",12,26.0
21,Auction,D12,"(71, 34)",4,15.0
21,Auction,D13,"(61, 53)",6,21.0
21,Auction,D14,"(84, 93)",4,23.0
21,Q-Learning,D2,"(63, 91)",20,16.0
21,Q-Learning,D4,"(59, 83)",15,24.0
21,Q-Learning,D6,"(46, 25)",15,10.0
21,Q-Learning,D7,"(76, 70)",12,30.0
21,Q-Learning,D8,"(30, 52)",18,21.0
21,Q-Learning,D9,"(12, 61)",10,22.0
21,Q-Learning,D10,"(5, 94)",12,26.0
21,Q-Learning,D11,"(84, 22)",11,15.0
21,Q-Learning,D12,"(71, 34)",4,15.0
21,Q-Learning,D13,"(61, 53)",6,21.0
21,Q-Learning,D14,"(84, 93)",4,23.0
22,Greedy,D4,"(59, 83)",16,24.0
22,Greedy,D6,"(46, 25)",16,10.0
22,Greedy,D7,"(76, 70)",13,30.0
22,Greedy,D9,"(12, 61)",11,22.0
22,Greedy,D10,"(5, 94)",13,26.0
22,Greedy,D11,"(84, 22)",12,15.0
22,Greedy,D12,"(71, 34)",5,15.0
22,Greedy,D13,"(61, 53)",7,21.0
22,Greedy,D14,"(84, 93)",5,23.0
22,Greedy,D15,"(91, 92)",4,25.0
22,Auction,D4,"(59, 83)",16,24.0
22,Auction,D5,"(3, 18)",23,10.0
22,Auction,D6,"(46, 25)",16,10.0
22,Auction,D7,"(76, 70)",13,30.0
22,Auction,D8,"(30, 52)",19,21.0
22,Auction,D9,"(12, 61)",11,22.0
22,Auction,D10,"(5, 94)",13,26.0
22,Auction,D12,"(71, 34)",5,15.0
22,Auction,D13,"(61, 53)",7,21.0
22,Auction,D14,"(84, 93)",5,23.0
22,Auction,D15,"(91, 92)",4,25.0
22,Q-Learning,D2,"(63, 91)",21,16.0
22,Q-Learning,D4,"(59, 83)",16,24.0
22,Q-Learning,D6,"(46, 25)",16,10.0
22,Q-Learning,D7,"(76, 70)",13,30.0
22,Q-Learning,D8,"(30, 52)",19,21.0
22,Q-Learning,D9,"(12, 61)",11,22.0
22,Q-Learning,D10,"(5, 94)",13,26.0
22,Q-Learning,D11,"(84, 22)",12,15.0
22,Q-Learning,D12,"(71, 34)",5,15.0
22,Q-Learning,D13,"(61, 53)",7,21.0
22,Q-Learning,D14,"(84, 93)",5,23.0
22,Q-Learning,D15,"(91, 92)",4,25.0
23,Greedy,D6,"(46, 25)",17,10.0
23,Greedy,D7,"(76, 70)",14,30.0
23,Greedy,D9,"(12, 61)",12,22.0
23,Greedy,D10,"(5, 94)",14,26.0
23,Greedy,D11,"(84, 22)",13,15.0
23,Greedy,D12,"(71, 34)",6,15.0
23,Greedy,D13,"(61, 53)",8,21.0
23,Greedy,D14,"(84, 93)",6,23.0
23,Greedy,D15,"(91, 92)",5,25.0
23,Greedy,D16,"(80, 17)",7,10.0
23,Auction,D4,"(59, 83)",17,24.0
23,Auction,D5,"(3, 18)",24,10.0
23,Auction,D6,"(46, 25)",17,10.0
23,Auction,D8,"(30, 52)",20,21.0
23,Auction,D9,"(12, 61)",12,22.0
23,Auction,D10,"(5, 94)",14,26.0
23,Auction,D12,"(71, 34)",6,15.0
23,Auction,D13,"(61, 53)",8,21.0
23,Auction,D14,"(84, 93)",6,23.0
23,Auction,D15,"(91, 92)",5,25.0
23,Auction,D16,"(80, 17)",7,10.0
23,Q-Learning,D2,"(63, 91)",22,16.0
23,Q-Learning,D4,"(59, 83)",17,24.0
23,Q-Learning,D6,"(46, 25)",17,10.0
23,Q-Learning,D7,"(76, 70)",14,30.0
23,Q-Learning,D8,"(30, 52)",20,21.0
23,Q-Learning,D9,"(12, 61)",12,22.0
23,Q-Learning,D10,"(5, 94)",14,26.0
23,Q-Learning,D11,"(84, 22)",13,15.0
23,Q-Learning,D12,"(71, 34)",6,15.0
23,Q-Learning,D13,"(61, 53)",8,21.0
23,Q-Learning,D14,"(84, 93)",6,23.0
23,Q-Learning,D15,"(91, 92)",5,25.0
23,Q-Learning,D16,"(80, 17)",7,10.0
24,Greedy,D6,"(46, 25)",18,10.0
24,Greedy,D7,"(76, 70)",15,30.0
24,Greedy,D9,"(12, 61)",13,22.0
24,Greedy,D10,"(5, 94)",15,26.0
24,Greedy,D11,"(84, 22)",14,15.0
24,Greedy,D12,"(71, 34)",7,15.0
24,Greedy,D13,"(61, 53)",9,21.0
24,Greedy,D14,"(84, 93)",7,23.0
24,Greedy,D15,"(91, 92)",6,25.0
24,Greedy,D16,"(80, 17)",8,10.0
24,Greedy,D17,"(58, 34)",9,11.0
24,Auction,D4,"(59, 83)",18,24.0
24,Auction,D5,"(3, 18)",25,10.0
24,Auction,D6,"(46, 25)",18,10.0
24,Auction,D8,"(30, 52)",21,21.0
24,Auction,D9,"(12, 61)",13,22.0
24,Auction,D10,"(5, 94)",15,26.0
24,Auction,D12,"(71, 34)",7,15.0
24,Auction,D13,"(61, 53)",9,21.0
24,Auction,D14,"(84, 93)",7,23.0
24,Auction,D15,"(91, 92)",6,25.0
24,Auction,D16,"(80, 17)",8,10.0
24,Auction,D17,"(58, 34)",9,11.0
24,Q-Learning,D2,"(63, 91)",23,16.0
24,Q-Learning,D4,"(59, 83)",18,24.0
24,Q-Learning,D7,"(76, 70)",15,30.0
24,Q-Learning,D8,"(30, 52)",21,21.0
24,Q-Learning,D9,"(12, 61)",13,22.0
24,Q-Learning,D10,"(5, 94)",15,26.0
24,Q-Learning,D11,"(84, 22)",14,15.0
24,Q-Learning,D12,"(71, 34)",7,15.0
24,Q-Learning,D13,"(61, 53)",9,21.0
24,Q-Learning,D14,"(84, 93)",7,23.0
24,Q-Learning,D15,"(91, 92)",6,25.0
24,Q-Learning,D16,"(80, 17)",8,10.0
24,Q-Learning,D17,"(58, 34)",9,11.0
25,Greedy,D6,"(46, 25)",19,10.0
25,Greedy,D7,"(76, 70)",16,30.0
25,Greedy,D9,"(12, 61)",14,22.0
25,Greedy,D10,"(5, 94)",16,26.0
25,Greedy,D11,"(84, 22)",15,15.0
25,Greedy,D12,"(71, 34)",8,15.0
25,Greedy,D13,"(61, 53)",10,21.0
25,Greedy,D14,"(84, 93)",8,23.0
25,Greedy,D15,"(91, 92)",7,25.0
25,Greedy,D16,"(80, 17)",9,10.0
25,Greedy,D17,"(58, 34)",10,11.0
25,Auction,D4,"(59, 83)",19,24.0
25,Auction,D5,"(3, 18)",26,10.0
25,Auction,D6,"(46, 25)",19,10.0
25,Auction,D8,"(30, 52)",22,21.0
25,Auction,D9,"(12, 61)",14,22.0
25,Auction,D10,"(5, 94)",16,26.0
25,Auction,D12,"(71, 34)",8,15.0
25,Auction,D13,"(61, 53)",10,21.0
25,Auction,D14,"(84, 93)",8,23.0
25,Auction,D15,"(91, 92)",7,25.0
25,Auction,D16,"(80, 17)",9,10.0
25,Auction,D17,"(58, 34)",10,11.0
25,Q-Learning,D2,"(63, 91)",24,16.0
25,Q-Learning,D4,"(59, 83)",19,24.0
25,Q-Learning,D7,"(76, 70)",16,30.0
25,Q-Learning,D8,"(30, 52)",22,21.0
25,Q-Learning,D9,"(12, 61)",14,22.0
25,Q-Learning,D10,"(5, 94)",16,26.0
25,Q-Learning,D11,"(84, 22)",15,15.0
25,Q-Learning,D12,"(71, 34)",8,15.0
25,Q-Learning,D13,"(61, 53)",10,21.0
25,Q-Learning,D14,"(84, 93)",8,23.0
25,Q-Learning,D15,"(91, 92)",7,25.0
25,Q-Learning,D16,"(80, 17)",9,10.0
25,Q-Learning,D17,"(58, 34)",10,11.0
26,Greedy,D6,"(46, 25)",20,10.0
26,Greedy,D7,"(76, 70)",17,30.0
26,Greedy,D9,"(12, 61)",15,22.0
26,Greedy,D10,"(5, 94)",17,26.0
26,Greedy,D11,"(84, 22)",16,15.0
26,Greedy,D12,"(71, 34)",9,15.0
26,Greedy,D13,"(61, 53)",11,21.0
26,Greedy,D14,"(84, 93)",9,23.0
26,Greedy,D15,"(91, 92)",8,25.0
26,Greedy,D16,"(80, 17)",10,10.0
26,Greedy,D17,"(58, 34)",11,11.0
26,Greedy,D18,"(2, 19)",2,12.0
26,Auction,D4,"(59, 83)",20,24.0
26,Auction,D5,"(3, 18)",27,10.0
26,Auction,D6,"(46, 25)",20,10.0
26,Auction,D9,"(12, 61)",15,22.0
26,Auction,D10,"(5, 94)",17,26.0
26,Auction,D12,"(71, 34)",9,15.0
26,Auction,D13,"(61, 53)",11,21.0
26,Auction,D14,"(84, 93)",9,23.0
26,Auction,D15,"(91, 92)",8,25.0
26,Auction,D16,"(80, 17)",10,10.0
26,Auction,D17,"(58, 34)",11,11.0
26,Auction,D18,"(2, 19)",2,12.0
26,Q-Learning,D2,"(63, 91)",25,16.0
26,Q-Learning,D4,"(59, 83)",20,24.0
26,Q-Learning,D7,"(76, 70)",17,30.0
26,Q-Learning,D8,"(30, 52)",23,21.0
26,Q-Learning,D9,"(12, 61)",15,22.0
26,Q-Learning,D10,"(5, 94)",17,26.0
26,Q-Learning,D11,"(84, 22)",16,15.0
26,Q-Learning,D12,"(71, 34)",9,15.0
26,Q-Learning,D13,"(61, 53)",11,21.0
26,Q-Learning,D14,"(84, 93)",9,23.0
26,Q-Learning,D15,"(91, 92)",8,25.0
26,Q-Learning,D16,"(80, 17)",10,10.0
26,Q-Learning,D17,"(58, 34)",11,11.0
26,Q-Learning,D18,"(2, 19)",2,12.0
27,Greedy,D6,"(46, 25)",21,10.0
27,Greedy,D7,"(76, 70)",18,30.0
27,Greedy,D9,"(12, 61)",16,22.0
27,Greedy,D10,"(5, 94)",18,26.0
27,Greedy,D11,"(84, 22)",17,15.0
27,Greedy,D12,"(71, 34)",10,15.0
27,Greedy,D13,"(61, 53)",12,21.0
27,Greedy,D14,"(84, 93)",10,23.0
27,Greedy,D15,"(91, 92)",9,25.0
27,Greedy,D16,"(80, 17)",11,10.0
27,Greedy,D17,"(58, 34)",12,11.0
27,Greedy,D18,"(2, 19)",3,12.0
27,Auction,D4,"(59, 83)",21,24.0
27,Auction,D5,"(3, 18)",28,10.0
27,Auction,D6,"(46, 25)",21,10.0
27,Auction,D9,"(12, 61)",16,22.0
27,Auction,D10,"(5, 94)",18,26.0
27,Auction,D12,"(71, 34)",10,15.0
27,Auction,D13,"(61, 53)",12,21.0
27,Auction,D14,"(84, 93)",10,23.0
27,Auction,D15,"(91, 92)",9,25.0
27,Auction,D16,"(80, 17)",11,10.0
27,Auction,D17,"(58, 34)",12,11.0
27,Auction,D18,"(2, 19)",3,12.0
27,Q-Learning,D2,"(63, 91)",26,16.0
27,Q-Learning,D4,"(59, 83)",21,24.0
27,Q-Learning,D7,"(76, 70)",18,30.0
27,Q-Learning,D8,"(30, 52)",24,21.0
27,Q-Learning,D9,"(12, 61)",16,22.0
27,Q-Learning,D10,"(5, 94)",18,26.0
27,Q-Learning,D11,"(84, 22)",17,15.0
27,Q-Learning,D12,"(71, 34)",10,15.0
27,Q-Learning,D13,"(61, 53)",12,21.0
27,Q-Learning,D14,"(84, 93)",10,23.0
27,Q-Learning,D15,"(91, 92)",9,25.0
27,Q-Learning,D16,"(80, 17)",11,10.0
27,Q-Learning,D17,"(58, 34)",12,11.0
27,Q-Learning,D18,"(2, 19)",3,12.0
28,Greedy,D6,"(46, 25)",22,10.0
28,Greedy,D7,"(76, 70)",19,30.0
28,Greedy,D9,"(12, 61)",17,22.0
28,Greedy,D10,"(5, 94)",19,26.0
28,Greedy,D11,"(84, 22)",18,15.0
28,Greedy,D12,"(71, 34)",11,15.0
28,Greedy,D13,"(61, 53)",13,21.0
28,Greedy,D14,"(84, 93)",11,23.0
28,Greedy,D15,"(91, 92)",10,25.0
28,Greedy,D16,"(80, 17)",12,10.0
28,Greedy,D17,"(58, 34)",13,11.0
28,Greedy,D18,"(2, 19)",4,12.0
28,Greedy,D19,"(35, 44)",9,20.0
28,Auction,D4,"(59, 83)",22,24.0
28,Auction,D5,"(3, 18)",29,10.0
28,Auction,D6,"(46, 25)",22,10.0
28,Auction,D9,"(12, 61)",17,22.0
28,Auction,D10,"(5, 94)",19,26.0
28,Auction,D12,"(71, 34)",11,15.0
28,Auction,D13,"(61, 53)",13,21.0
28,Auction,D14,"(84, 93)",11,23.0
28,Auction,D15,"(91, 92)",10,25.0
28,Auction,D16,"(80, 17)",12,10.0
28,Auction,D17,"(58, 34)",13,11.0
28,Auction,D18,"(2, 19)",4,12.0
28,Auction,D19,"(35, 44)",9,20.0
28,Q-Learning,D2,"(63, 91)",27,16.0
28,Q-Learning,D4,"(59, 83)",22,24.0
28,Q-Learning,D7,"(76, 70)",19,30.0
28,Q-Learning,D8,"(30, 52)",25,21.0
28,Q-Learning,D9,"(12, 61)",17,22.0
28,Q-Learning,D10,"(5, 94)",19,26.0
28,Q-Learning,D11,"(84, 22)",18,15.0
28,Q-Learning,D12,"(71, 34)",11,15.0
28,Q-Learning,D13,"(61, 53)",13,21.0
28,Q-Learning,D14,"(84, 93)",11,23.0
28,Q-Learning,D15,"(91, 92)",10,25.0
28,Q-Learning,D16,"(80, 17)",12,10.0
28,Q-Learning,D17,"(58, 34)",13,11.0
28,Q-Learning,D18,"(2, 19)",4,12.0
28,Q-Learning,D19,"(35, 44)",9,20.0
29,Greedy,D7,"(76, 70)",20,30.0
29,Greedy,D9,"(12, 61)",18,22.0
29,Greedy,D10,"(5, 94)",20,26.0
29,Greedy,D11,"(84, 22)",19,15.0
29,Greedy,D12,"(71, 34)",12,15.0
29,Greedy,D13,"(61, 53)",14,21.0
29,Greedy,D14,"(84, 93)",12,23.0
29,Greedy,D15,"(91, 92)",11,25.0
29,Greedy,D16,"(80, 17)",13,10.0
29,Greedy,D18,"(2, 19)",5,12.0
29,Greedy,D19,"(35, 44)",10,20.0
29,Auction,D4,"(59, 83)",23,24.0
29,Auction,D6,"(46, 25)",23,10.0
29,Auction,D10,"(5, 94)",20,26.0
29,Auction,D12,"(71, 34)",12,15.0
29,Auction,D13,"(61, 53)",14,21.0
29,Auction,D14,"(84, 93)",12,23.0
29,Auction,D15,"(91, 92)",11,25.0
29,Auction,D16,"(80, 17)",13,10.0
29,Auction,D17,"(58, 34)",14,11.0
29,Auction,D18,"(2, 19)",5,12.0
29,Auction,D19,"(35, 44)",10,20.0
29,Q-Learning,D2,"(63, 91)",28,16.0
29,Q-Learning,D4,"(59, 83)",23,24.0
29,Q-Learning,D8,"(30, 52)",26,21.0
29,Q-Learning,D9,"(12, 61)",18,22.0
29,Q-Learning,D10,"(5, 94)",20,26.0
29,Q-Learning,D11,"(84, 22)",19,15.0
29,Q-Learning,D12,"(71, 34)",12,15.0
29,Q-Learning,D13,"(61, 53)",14,21.0
29,Q-Learning,D14,"(84, 93)",12,23.0
29,Q-Learning,D15,"(91, 92)",11,25.0
29,Q-Learning,D16,"(80, 17)",13,10.0
29,Q-Learning,D17,"(58, 34)",14,11.0
29,Q-Learning,D18,"(2, 19)",5,12.0
29,Q-Learning,D19,"(35, 44)",10,20.0
30,Greedy,D7,"(76, 70)",21,30.0
30,Greedy,D9,"(12, 61)",19,22.0
30,Greedy,D10,"(5, 94)",21,26.0
30,Greedy,D11,"(84, 22)",20,15.0
30,Greedy,D12,"(71, 34)",13,15.0
30,Greedy,D13,"(61, 53)",15,21.0
30,Greedy,D14,"(84, 93)",13,23.0
30,Greedy,D15,"(91, 92)",12,25.0
30,Greedy,D16,"(80, 17)",14,10.0
30,Greedy,D18,"(2, 19)",6,12.0
30,Greedy,D19,"(35, 44)",11,20.0
30,Greedy,D20,"(81, 59)",3,23.0
30,Auction,D4,"(59, 83)",24,24.0
30,Auction,D6,"(46, 25)",24,10.0
30,Auction,D10,"(5, 94)",21,26.0
30,Auction,D12,"(71, 34)",13,15.0
30,Auction,D13,"(61, 53)",15,21.0
30,Auction,D14,"(84, 93)",13,23.0
30,Auction,D15,"(91, 92)",12,25.0
30,Auction,D16,"(80, 17)",14,10.0
30,Auction,D17,"(58, 34)",15,11.0
30,Auction,D18,"(2, 19)",6,12.0
30,Auction,D20,"(81, 59)",3,23.0
30,Q-Learning,D2,"(63, 91)",29,16.0
30,Q-Learning,D4,"(59, 83)",24,24.0
30,Q-Learning,D9,"(12, 61)",19,22.0
30,Q-Learning,D10,"(5, 94)",21,26.0
30,Q-Learning,D11,"(84, 22)",20,15.0
30,Q-Learning,D12,"(71, 34)",13,15.0
30,Q-Learning,D13,"(61, 53)",15,21.0
30,Q-Learning,D14,"(84, 93)",13,23.0
30,Q-Learning,D15,"(91, 92)",12,25.0
30,Q-Learning,D16,"(80, 17)",14,10.0
30,Q-Learning,D17,"(58, 34)",15,11.0
30,Q-Learning,D18,"(2, 19)",6,12.0
30,Q-Learning,D19,"(35, 44)",11,20.0
30,Q-Learning,D20,"(81, 59)",3,23.0
31,Greedy,D9,"(12, 61)",20,22.0
31,Greedy,D10,"(5, 94)",22,26.0
31,Greedy,D11,"(84, 22)",21,15.0
31,Greedy,D12,"(71, 34)",14,15.0
31,Greedy,D13,"(61, 53)",16,21.0
31,Greedy,D14,"(84, 93)",14,23.0
31,Greedy,D15,"(91, 92)",13,25.0
31,Greedy,D16,"(80, 17)",15,10.0
31,Greedy,D18,"(2, 19)",7,12.0
31,Greedy,D19,"(35, 44)",12,20.0
31,Greedy,D20,"(81, 59)",4,23.0
31,Greedy,D21,"(43, 100)",4,29.0
31,Auction,D4,"(59, 83)",25,24.0
31,Auction,D6,"(46, 25)",25,10.0
31,Auction,D10,"(5, 94)",22,26.0
31,Auction,D12,"(71, 34)",14,15.0
31,Auction,D13,"(61, 53)",16,21.0
31,Auction,D14,"(84, 93)",14,23.0
31,Auction,D15,"(91, 92)",13,25.0
31,Auction,D16,"(80, 17)",15,10.0
31,Auction,D17,"(58, 34)",16,11.0
31,Auction,D18,"(2, 19)",7,12.0
31,Auction,D20,"(81, 59)",4,23.0
31,Auction,D21,"(43, 100)",4,29.0
31,Q-Learning,D2,"(63, 91)",30,16.0
31,Q-Learning,D4,"(59, 83)",25,24.0
31,Q-Learning,D10,"(5, 94)",22,26.0
31,Q-Learning,D11,"(84, 22)",21,15.0
31,Q-Learning,D12,"(71, 34)",14,15.0
31,Q-Learning,D13,"(61, 53)",16,21.0
31,Q-Learning,D14,"(84, 93)",14,23.0
31,Q-Learning,D15,"(91, 92)",13,25.0
31,Q-Learning,D16,"(80, 17)",15,10.0
31,Q-Learning,D17,"(58, 34)",16,11.0
31,Q-Learning,D18,"(2, 19)",7,12.0
31,Q-Learning,D19,"(35, 44)",12,20.0
31,Q-Learning,D20,"(81, 59)",4,23.0
31,Q-Learning,D21,"(43, 100)",4,29.0
32,Greedy,D9,"(12, 61)",21,22.0
32,Greedy,D11,"(84, 22)",22,15.0
32,Greedy,D12,"(71, 34)",15,15.0
32,Greedy,D13,"(61, 53)",17,21.0
32,Greedy,D14,"(84, 93)",15,23.0
32,Greedy,D15,"(91, 92)",14,25.0
32,Greedy,D16,"(80, 17)",16,10.0
32,Greedy,D18,"(2, 19)",8,12.0
32,Greedy,D19,"(35, 44)",13,20.0
32,Greedy,D20,"(81, 59)",5,23.0
32,Greedy,D21,"(43, 100)",5,29.0
32,Auction,D4,"(59, 83)",26,24.0
32,Auction,D10,"(5, 94)",23,26.0
32,Auction,D12,"(71, 34)",15,15.0
32,Auction,D13,"(61, 53)",17,21.0
32,Auction,D14,"(84, 93)",15,23.0
32,Auction,D15,"(91, 92)",14,25.0
32,Auction,D16,"(80, 17)",16,10.0
32,Auction,D17,"(58, 34)",17,11.0
32,Auction,D18,"(2, 19)",8,12.0
32,Auction,D20,"(81, 59)",5,23.0
32,Auction,D21,"(43, 100)",5,29.0
32,Q-Learning,D10,"(5, 94)",23,26.0
32,Q-Learning,D11,"(84, 22)",22,15.0
32,Q-Learning,D12,"(71, 34)",15,15.0
32,Q-Learning,D13,"(61, 53)",17,21.0
32,Q-Learning,D14,"(84, 93)",15,23.0
32,Q-Learning,D15,"(91, 92)",14,25.0
32,Q-Learning,D16,"(80, 17)",16,10.0
32,Q-Learning,D17,"(58, 34)",17,11.0
32,Q-Learning,D18,"(2, 19)",8,12.0
32,Q-Learning,D19,"(35, 44)",13,20.0
32,Q-Learning,D20,"(81, 59)",5,23.0
32,Q-Learning,D21,"(43, 100)",5,29.0
33,Greedy,D9,"(12, 61)",22,22.0
33,Greedy,D11,"(84, 22)",23,15.0
33,Greedy,D12,"(71, 34)",16,15.0
33,Greedy,D13,"(61, 53)",18,21.0
33,Greedy,D14,"(84, 93)",16,23.0
33,Greedy,D15,"(91, 92)",15,25.0
33,Greedy,D16,"(80, 17)",17,10.0
33,Greedy,D18,"(2, 19)",9,12.0
33,Greedy,D19,"(35, 44)",14,20.0
33,Greedy,D20,"(81, 59)",6,23.0
33,Greedy,D21,"(43, 100)",6,29.0
33,Auction,D4,"(59, 83)",27,24.0
33,Auction,D10,"(5, 94)",24,26.0
33,Auction,D12,"(71, 34)",16,15.0
33,Auction,D13,"(61, 53)",18,21.0
33,Auction,D14,"(84, 93)",16,23.0
33,Auction,D15,"(91, 92)",15,25.0
33,Auction,D16,"(80, 17)",17,10.0
33,Auction,D17,"(58, 34)",18,11.0
33,Auction,D18,"(2, 19)",9,12.0
33,Auction,D20,"(81, 59)",6,23.0
33,Auction,D21,"(43, 100)",6,29.0
33,Q-Learning,D10,"(5, 94)",24,26.0
33,Q-Learning,D11,"(84, 22)",23,15.0
33,Q-Learning,D12,"(71, 34)",16,15.0
33,Q-Learning,D13,"(61, 53)",18,21.0
33,Q-Learning,D14,"(84, 93)",16,23.0
33,Q-Learning,D15,"(91, 92)",15,25.0
33,Q-Learning,D16,"(80, 17)",17,10.0
33,Q-Learning,D17,"(58, 34)",18,11.0
33,Q-Learning,D18,"(2, 19)",9,12.0
33,Q-Learning,D19,"(35, 44)",14,20.0
33,Q-Learning,D20,"(81, 59)",6,23.0
33,Q-Learning,D21,"(43, 100)",6,29.0
34,Greedy,D9,"(12, 61)",23,22.0
34,Greedy,D11,"(84, 22)",24,15.0
34,Greedy,D12,"(71, 34)",17,15.0
34,Greedy,D13,"(61, 53)",19,21.0
34,Greedy,D14,"(84, 93)",17,23.0
34,Greedy,D15,"(91, 92)",16,25.0
34,Greedy,D16,"(80, 17)",18,10.0
34,Greedy,D18,"(2, 19)",10,12.0
34,Greedy,D19,"(35, 44)",15,20.0
34,Greedy,D20,"(81, 59)",7,23.0
34,Greedy,D21,"(43, 100)",7,29.0
34,Auction,D4,"(59, 83)",28,24.0
34,Auction,D10,"(5, 94)",25,26.0
34,Auction,D12,"(71, 34)",17,15.0
34,Auction,D14,"(84, 93)",17,23.0
34,Auction,D15,"(91, 92)",16,25.0
34,Auction,D16,"(80, 17)",18,10.0
34,Auction,D17,"(58, 34)",19,11.0
34,Auction,D18,"(2, 19)",10,12.0
34,Auction,D20,"(81, 59)",7,23.0
34,Auction,D21,"(43, 100)",7,29.0
34,Q-Learning,D10,"(5, 94)",25,26.0
34,Q-Learning,D11,"(84, 22)",24,15.0
34,Q-Learning,D12,"(71, 34)",17,15.0
34,Q-Learning,D13,"(61, 53)",19,21.0
34,Q-Learning,D14,"(84, 93)",17,23.0
34,Q-Learning,D15,"(91, 92)",16,25.0
34,Q-Learning,D16,"(80, 17)",18,10.0
34,Q-Learning,D17,"(58, 34)",19,11.0
34,Q-Learning,D18,"(2, 19)",10,12.0
34,Q-Learning,D19,"(35, 44)",15,20.0
34,Q-Learning,D20,"(81, 59)",7,23.0
34,Q-Learning,D21,"(43, 100)",7,29.0
35,Greedy,D9,"(12, 61)",24,22.0
35,Greedy,D12,"(71, 34)",18,15.0
35,Greedy,D13,"(61, 53)",20,21.0
35,Greedy,D14,"(84, 93)",18,23.0
35,Greedy,D15,"(91, 92)",17,25.0
35,Greedy,D16,"(80, 17)",19,10.0
35,Greedy,D18,"(2, 19)",11,12.0
35,Greedy,D19,"(35, 44)",16,20.0
35,Greedy,D20,"(81, 59)",8,23.0
35,Greedy,D21,"(43, 100)",8,29.0
35,Auction,D10,"(5, 94)",26,26.0
35,Auction,D12,"(71, 34)",18,15.0
35,Auction,D14,"(84, 93)",18,23.0
35,Auction,D15,"(91, 92)",17,25.0
35,Auction,D17,"(58, 34)",20,11.0
35,Auction,D18,"(2, 19)",11,12.0
35,Auction,D20,"(81, 59)",8,23.0
35,Auction,D21,"(43, 100)",8,29.0
35,Q-Learning,D10,"(5, 94)",26,26.0
35,Q-Learning,D11,"(84, 22)",25,15.0
35,Q-Learning,D12,"(71, 34)",18,15.0
35,Q-Learning,D13,"(61, 53)",20,21.0
35,Q-Learning,D14,"(84, 93)",18,23.0
35,Q-Learning,D15,"(91, 92)",17,25.0
35,Q-Learning,D16,"(80, 17)",19,10.0
35,Q-Learning,D17,"(58, 34)",20,11.0
35,Q-Learning,D18,"(2, 19)",11,12.0
35,Q-Learning,D20,"(81, 59)",8,23.0
35,Q-Learning,D21,"(43, 100)",8,29.0
36,Greedy,D9,"(12, 61)",25,22.0
36,Greedy,D12,"(71, 34)",19,15.0
36,Greedy,D13,"(61, 53)",21,21.0
36,Greedy,D14,"(84, 93)",19,23.0
36,Greedy,D15,"(91, 92)",18,25.0
36,Greedy,D16,"(80, 17)",20,10.0
36,Greedy,D18,"(2, 19)",12,12.0
36,Greedy,D19,"(35, 44)",17,20.0
36,Greedy,D20,"(81, 59)",9,23.0
36,Greedy,D21,"(43, 100)",9,29.0
36,Auction,D10,"(5, 94)",27,26.0
36,Auction,D12,"(71, 34)",19,15.0
36,Auction,D14,"(84, 93)",19,23.0
36,Auction,D15,"(91, 92)",18,25.0
36,Auction,D17,"(58, 34)",21,11.0
36,Auction,D18,"(2, 19)",12,12.0
36,Auction,D20,"(81, 59)",9,23.0
36,Auction,D21,"(43, 100)",9,29.0
36,Q-Learning,D10,"(5, 94)",27,26.0
36,Q-Learning,D11,"(84, 22)",26,15.0
36,Q-Learning,D12,"(71, 34)",19,15.0
36,Q-Learning,D13,"(61, 53)",21,21.0
36,Q-Learning,D14,"(84, 93)",19,23.0
36,Q-Learning,D15,"(91, 92)",18,25.0
36,Q-Learning,D16,"(80, 17)",20,10.0
36,Q-Learning,D17,"(58, 34)",21,11.0
36,Q-Learning,D20,"(81, 59)",9,23.0
36,Q-Learning,D21,"(43, 100)",9,29.0
37,Greedy,D12,"(71, 34)",20,15.0
37,Greedy,D13,"(61, 53)",22,21.0
37,Greedy,D14,"(84, 93)",20,23.0
37,Greedy,D15,"(91, 92)",19,25.0
37,Greedy,D16,"(80, 17)",21,10.0
37,Greedy,D18,"(2, 19)",13,12.0
37,Greedy,D19,"(35, 44)",18,20.0
37,Greedy,D20,"(81, 59)",10,23.0
37,Greedy,D21,"(43, 100)",10,29.0
37,Greedy,D22,"(18, 9)",3,27.0
37,Auction,D10,"(5, 94)",28,26.0
37,Auction,D12,"(71, 34)",20,15.0
37,Auction,D14,"(84, 93)",20,23.0
37,Auction,D15,"(91, 92)",19,25.0
37,Auction,D17,"(58, 34)",22,11.0
37,Auction,D18,"(2, 19)",13,12.0
37,Auction,D20,"(81, 59)",10,23.0
37,Auction,D21,"(43, 100)",10,29.0
37,Auction,D22,"(18, 9)",3,27.0
37,Q-Learning,D10,"(5, 94)",28,26.0
37,Q-Learning,D12,"(71, 34)",20,15.0
37,Q-Learning,D13,"(61, 53)",22,21.0
37,Q-Learning,D14,"(84, 93)",20,23.0
37,Q-Learning,D15,"(91, 92)",19,25.0
37,Q-Learning,D16,"(80, 17)",21,10.0
37,Q-Learning,D17,"(58, 34)",22,11.0
37,Q-Learning,D20,"(81, 59)",10,23.0
37,Q-Learning,D21,"(43, 100)",10,29.0
37,Q-Learning,D22,"(18, 9)",3,27.0
38,Greedy,D12,"(71, 34)",21,15.0
38,Greedy,D14,"(84, 93)",21,23.0
38,Greedy,D15,"(91, 92)",20,25.0
38,Greedy,D16,"(80, 17)",22,10.0
38,Greedy,D18,"(2, 19)",14,12.0
38,Greedy,D19,"(35, 44)",19,20.0
38,Greedy,D20,"(81, 59)",11,23.0
38,Greedy,D21,"(43, 100)",11,29.0
38,Greedy,D22,"(18, 9)",4,27.0
38,Greedy,D23,"(23, 78)",5,10.0
38,Auction,D10,"(5, 94)",29,26.0
38,Auction,D12,"(71, 34)",21,15.0
38,Auction,D14,"(84, 93)",21,23.0
38,Auction,D15,"(91, 92)",20,25.0
38,Auction,D17,"(58, 34)",23,11.0
38,Auction,D18,"(2, 19)",14,12.0
38,Auction,D20,"(81, 59)",11,23.0
38,Auction,D21,"(43, 100)",11,29.0
38,Auction,D22,"(18, 9)",4,27.0
38,Auction,D23,"(23, 78)",5,10.0
38,Q-Learning,D10,"(5, 94)",29,26.0
38,Q-Learning,D12,"(71, 34)",21,15.0
38,Q-Learning,D13,"(61, 53)",23,21.0
38,Q-Learning,D14,"(84, 93)",21,23.0
38,Q-Learning,D15,"(91, 92)",20,25.0
38,Q-Learning,D16,"(80, 17)",22,10.0
38,Q-Learning,D17,"(58, 34)",23,11.0
38,Q-Learning,D20,"(81, 59)",11,23.0
38,Q-Learning,D21,"(43, 100)",11,29.0
38,Q-Learning,D22,"(18, 9)",4,27.0
38,Q-Learning,D23,"(23, 78)",5,10.0
39,Greedy,D12,"(71, 34)",22,15.0
39,Greedy,D14,"(84, 93)",22,23.0
39,Greedy,D15,"(91, 92)",21,25.0
39,Greedy,D16,"(80, 17)",23,10.0
39,Greedy,D18,"(2, 19)",15,12.0
39,Greedy,D19,"(35, 44)",20,20.0
39,Greedy,D20,"(81, 59)",12,23.0
39,Greedy,D21,"(43, 100)",12,29.0
39,Greedy,D22,"(18, 9)",5,27.0
39,Greedy,D23,"(23, 78)",6,10.0
39,Auction,D10,"(5, 94)",30,26.0
39,Auction,D12,"(71, 34)",22,15.0
39,Auction,D14,"(84, 93)",22,23.0
39,Auction,D15,"(91, 92)",21,25.0
39,Auction,D17,"(58, 34)",24,11.0
39,Auction,D18,"(2, 19)",15,12.0
39,Auction,D20,"(81, 59)",12,23.0
39,Auction,D21,"(43, 100)",12,29.0
39,Auction,D22,"(18, 9)",5,27.0
39,Auction,D23,"(23, 78)",6,10.0
39,Q-Learning,D10,"(5, 94)",30,26.0
39,Q-Learning,D12,"(71, 34)",22,15.0
39,Q-Learning,D13,"(61, 53)",24,21.0
39,Q-Learning,D14,"(84, 93)",22,23.0
39,Q-Learning,D15,"(91, 92)",21,25.0
39,Q-Learning,D16,"(80, 17)",23,10.0
39,Q-Learning,D17,"(58, 34)",24,11.0
39,Q-Learning,D20,"(81, 59)",12,23.0
39,Q-Learning,D21,"(43, 100)",12,29.0
39,Q-Learning,D22,"(18, 9)",5,27.0
39,Q-Learning,D23,"(23, 78)",6,10.0
40,Greedy,D12,"(71, 34)",23,15.0
40,Greedy,D14,"(84, 93)",23,23.0
40,Greedy,D15,"(91, 92)",22,25.0
40,Greedy,D16,"(80, 17)",24,10.0
40,Greedy,D18,"(2, 19)",16,12.0
40,Greedy,D19,"(35, 44)",21,20.0
40,Greedy,D20,"(81, 59)",13,23.0
40,Greedy,D21,"(43, 100)",13,29.0
40,Greedy,D22,"(18, 9)",6,27.0
40,Greedy,D23,"(23, 78)",7,10.0
40,Auction,D10,"(5, 94)",31,26.0
40,Auction,D12,"(71, 34)",23,15.0
40,Auction,D14,"(84, 93)",23,23.0
40,Auction,D15,"(91, 92)",22,25.0
40,Auction,D17,"(58, 34)",25,11.0
40,Auction,D18,"(2, 19)",16,12.0
40,Auction,D20,"(81, 59)",13,23.0
40,Auction,D21,"(43, 100)",13,29.0
40,Auction,D22,"(18, 9)",6,27.0
40,Auction,D23,"(23, 78)",7,10.0
40,Q-Learning,D10,"(5, 94)",31,26.0
40,Q-Learning,D12,"(71, 34)",23,15.0
40,Q-Learning,D13,"(61, 53)",25,21.0
40,Q-Learning,D14,"(84, 93)",23,23.0
40,Q-Learning,D15,"(91, 92)",22,25.0
40,Q-Learning,D16,"(80, 17)",24,10.0
40,Q-Learning,D17,"(58, 34)",25,11.0
40,Q-Learning,D20,"(81, 59)",13,23.0
40,Q-Learning,D21,"(43, 100)",13,29.0
40,Q-Learning,D22,"(18, 9)",6,27.0
40,Q-Learning,D23,"(23, 78)",7,10.0
41,Greedy,D12,"(71, 34)",24,15.0
41,Greedy,D14,"(84, 93)",24,23.0
41,Greedy,D15,"(91, 92)",23,25.0
41,Greedy,D16,"(80, 17)",25,10.0
41,Greedy,D18,"(2, 19)",17,12.0
41,Greedy,D19,"(35, 44)",22,20.0
41,Greedy,D20,"(81, 59)",14,23.0
41,Greedy,D21,"(43, 100)",14,29.0
41,Greedy,D22,"(18, 9)",7,27.0
41,Greedy,D23,"(23, 78)",8,10.0
41,Greedy,D24,"(0, 40)",2,16.0
41,Auction,D10,"(5, 94)",32,26.0
41,Auction,D12,"(71, 34)",24,15.0
41,Auction,D14,"(84, 93)",24,23.0
41,Auction,D15,"(91, 92)",23,25.0
41,Auction,D17,"(58, 34)",26,11.0
41,Auction,D20,"(81, 59)",14,23.0
41,Auction,D21,"(43, 100)",14,29.0
41,Auction,D22,"(18, 9)",7,27.0
41,Auction,D23,"(23, 78)",8,10.0
41,Auction,D24,"(0, 40)",2,16.0
41,Q-Learning,D10,"(5, 94)",32,26.0
41,Q-Learning,D12,"(71, 34)",24,15.0
41,Q-Learning,D13,"(61, 53)",26,21.0
41,Q-Learning,D14,"(84, 93)",24,23.0
41,Q-Learning,D15,"(91, 92)",23,25.0
41,Q-Learning,D16,"(80, 17)",25,10.0
41,Q-Learning,D17,"(58, 34)",26,11.0
41,Q-Learning,D20,"(81, 59)",14,23.0
41,Q-Learning,D21,"(43, 100)",14,29.0
41,Q-Learning,D22,"(18, 9)",7,27.0
41,Q-Learning,D23,"(23, 78)",8,10.0
41,Q-Learning,D24,"(0, 40)",2,16.0
42,Greedy,D12,"(71, 34)",25,15.0
42,Greedy,D14,"(84, 93)",25,23.0
42,Greedy,D15,"(91, 92)",24,25.0
42,Greedy,D16,"(80, 17)",26,10.0
42,Greedy,D18,"(2, 19)",18,12.0
42,Greedy,D19,"(35, 44)",23,20.0
42,Greedy,D20,"(81, 59)",15,23.0
42,Greedy,D21,"(43, 100)",15,29.0
42,Greedy,D22,"(18, 9)",8,27.0
42,Greedy,D23,"(23, 78)",9,10.0
42,Greedy,D24,"(0, 40)",3,16.0
42,Greedy,D25,"(59, 90)",10,23.0
42,Auction,D10,"(5, 94)",33,26.0
42,Auction,D12,"(71, 34)",25,15.0
42,Auction,D14,"(84, 93)",25,23.0
42,Auction,D15,"(91, 92)",24,25.0
42,Auction,D17,"(58, 34)",27,11.0
42,Auction,D20,"(81, 59)",15,23.0
42,Auction,D21,"(43, 100)",15,29.0
42,Auction,D22,"(18, 9)",8,27.0
42,Auction,D23,"(23, 78)",9,10.0
42,Auction,D24,"(0, 40)",3,16.0
42,Auction,D25,"(59, 90)",10,23.0
42,Q-Learning,D10,"(5, 94)",33,26.0
42,Q-Learning,D12,"(71, 34)",25,15.0
42,Q-Learning,D13,"(61, 53)",27,21.0
42,Q-Learning,D14,"(84, 93)",25,23.0
42,Q-Learning,D15,"(91, 92)",24,25.0
42,Q-Learning,D16,"(80, 17)",26,10.0
42,Q-Learning,D20,"(81, 59)",15,23.0
42,Q-Learning,D21,"(43, 100)",15,29.0
42,Q-Learning,D22,"(18, 9)",8,27.0
42,Q-Learning,D23,"(23, 78)",9,10.0
42,Q-Learning,D24,"(0, 40)",3,16.0
42,Q-Learning,D25,"(59, 90)",10,23.0
43,Greedy,D12,"(71, 34)",26,15.0
43,Greedy,D14,"(84, 93)",26,23.0
43,Greedy,D15,"(91, 92)",25,25.0
43,Greedy,D18,"(2, 19)",19,12.0
43,Greedy,D19,"(35, 44)",24,20.0
43,Greedy,D20,"(81, 59)",16,23.0
43,Greedy,D21,"(43, 100)",16,29.0
43,Greedy,D22,"(18, 9)",9,27.0
43,Greedy,D23,"(23, 78)",10,10.0
43,Greedy,D24,"(0, 40)",4,16.0
43,Greedy,D25,"(59, 90)",11,23.0
43,Greedy,D26,"(59, 56)",4,13.0
43,Auction,D10,"(5, 94)",34,26.0
43,Auction,D12,"(71, 34)",26,15.0
43,Auction,D14,"(84, 93)",26,23.0
43,Auction,D15,"(91, 92)",25,25.0
43,Auction,D17,"(58, 34)",28,11.0
43,Auction,D20,"(81, 59)",16,23.0
43,Auction,D21,"(43, 100)",16,29.0
43,Auction,D22,"(18, 9)",9,27.0
43,Auction,D23,"(23, 78)",10,10.0
43,Auction,D24,"(0, 40)",4,16.0
43,Auction,D25,"(59, 90)",11,23.0
43,Auction,D26,"(59, 56)",4,13.0
43,Q-Learning,D10,"(5, 94)",34,26.0
43,Q-Learning,D12,"(71, 34)",26,15.0
43,Q-Learning,D13,"(61, 53)",28,21.0
43,Q-Learning,D14,"(84, 93)",26,23.0
43,Q-Learning,D15,"(91, 92)",25,25.0
43,Q-Learning,D20,"(81, 59)",16,23.0
43,Q-Learning,D21,"(43, 100)",16,29.0
43,Q-Learning,D22,"(18, 9)",9,27.0
43,Q-Learning,D23,"(23, 78)",10,10.0
43,Q-Learning,D24,"(0, 40)",4,16.0
43,Q-Learning,D25,"(59, 90)",11,23.0
43,Q-Learning,D26,"(59, 56)",4,13.0
44,Greedy,D12,"(71, 34)",27,15.0
44,Greedy,D14,"(84, 93)",27,23.0
44,Greedy,D15,"(91, 92)",26,25.0
44,Greedy,D18,"(2, 19)",20,12.0
44,Greedy,D19,"(35, 44)",25,20.0
44,Greedy,D20,"(81, 59)",17,23.0
44,Greedy,D21,"(43, 100)",17,29.0
44,Greedy,D22,"(18, 9)",10,27.0
44,Greedy,D23,"(23, 78)",11,10.0
44,Greedy,D24,"(0, 40)",5,16.0
44,Greedy,D25,"(59, 90)",12,23.0
44,Greedy,D26,"(59, 56)",5,13.0
44,Auction,D10,"(5, 94)",35,26.0
44,Auction,D12,"(71, 34)",27,15.0
44,Auction,D14,"(84, 93)",27,23.0
44,Auction,D15,"(91, 92)",26,25.0
44,Auction,D17,"(58, 34)",29,11.0
44,Auction,D20,"(81, 59)",17,23.0
44,Auction,D21,"(43, 100)",17,29.0
44,Auction,D22,"(18, 9)",10,27.0
44,Auction,D23,"(23, 78)",11,10.0
44,Auction,D24,"(0, 40)",5,16.0
44,Auction,D25,"(59, 90)",12,23.0
44,Auction,D26,"(59, 56)",5,13.0
44,Q-Learning,D10,"(5, 94)",35,26.0
44,Q-Learning,D12,"(71, 34)",27,15.0
44,Q-Learning,D13,"(61, 53)",29,21.0
44,Q-Learning,D14,"(84, 93)",27,23.0
44,Q-Learning,D15,"(91, 92)",26,25.0
44,Q-Learning,D20,"(81, 59)",17,23.0
44,Q-Learning,D21,"(43, 100)",17,29.0
44,Q-Learning,D22,"(18, 9)",10,27.0
44,Q-Learning,D23,"(23, 78)",11,10.0
44,Q-Learning,D24,"(0, 40)",5,16.0
44,Q-Learning,D25,"(59, 90)",12,23.0
44,Q-Learning,D26,"(59, 56)",5,13.0
45,Greedy,D12,"(71, 34)",28,15.0
45,Greedy,D14,"(84, 93)",28,23.0
45,Greedy,D15,"(91, 92)",27,25.0
45,Greedy,D18,"(2, 19)",21,12.0
45,Greedy,D19,"(35, 44)",26,20.0
45,Greedy,D20,"(81, 59)",18,23.0
45,Greedy,D21,"(43, 100)",18,29.0
45,Greedy,D22,"(18, 9)",11,27.0
45,Greedy,D23,"(23, 78)",12,10.0
45,Greedy,D24,"(0, 40)",6,16.0
45,Greedy,D25,"(59, 90)",13,23.0
45,Greedy,D26,"(59, 56)",6,13.0
45,Auction,D10,"(5, 94)",36,26.0
45,Auction,D12,"(71, 34)",28,15.0
45,Auction,D14,"(84, 93)",28,23.0
45,Auction,D15,"(91, 92)",27,25.0
45,Auction,D20,"(81, 59)",18,23.0
45,Auction,D21,"(43, 100)",18,29.0
45,Auction,D22,"(18, 9)",11,27.0
45,Auction,D23,"(23, 78)",12,10.0
45,Auction,D24,"(0, 40)",6,16.0
45,Auction,D25,"(59, 90)",13,23.0
45,Auction,D26,"(59, 56)",6,13.0
45,Q-Learning,D10,"(5, 94)",36,26.0
45,Q-Learning,D12,"(71, 34)",28,15.0
45,Q-Learning,D13,"(61, 53)",30,21.0
45,Q-Learning,D14,"(84, 93)",28,23.0
45,Q-Learning,D15,"(91, 92)",27,25.0
45,Q-Learning,D20,"(81, 59)",18,23.0
45,Q-Learning,D21,"(43, 100)",18,29.0
45,Q-Learning,D22,"(18, 9)",11,27.0
45,Q-Learning,D23,"(23, 78)",12,10.0
45,Q-Learning,D24,"(0, 40)",6,16.0
45,Q-Learning,D25,"(59, 90)",13,23.0
45,Q-Learning,D26,"(59, 56)",6,13.0
46,Greedy,D14,"(84, 93)",29,23.0
46,Greedy,D15,"(91, 92)",28,25.0
46,Greedy,D18,"(2, 19)",22,12.0
46,Greedy,D19,"(35, 44)",27,20.0
46,Greedy,D20,"(81, 59)",19,23.0
46,Greedy,D21,"(43, 100)",19,29.0
46,Greedy,D22,"(18, 9)",12,27.0
46,Greedy,D23,"(23, 78)",13,10.0
46,Greedy,D24,"(0, 40)",7,16.0
46,Greedy,D25,"(59, 90)",14,23.0
46,Greedy,D26,"(59, 56)",7,13.0
46,Greedy,D27,"(25, 33)",5,29.0
46,Auction,D10,"(5, 94)",37,26.0
46,Auction,D14,"(84, 93)",29,23.0
46,Auction,D15,"(91, 92)",28,25.0
46,Auction,D20,"(81, 59)",19,23.0
46,Auction,D21,"(43, 100)",19,29.0
46,Auction,D22,"(18, 9)",12,27.0
46,Auction,D23,"(23, 78)",13,10.0
46,Auction,D24,"(0, 40)",7,16.0
46,Auction,D25,"(59, 90)",14,23.0
46,Auction,D26,"(59, 56)",7,13.0
46,Auction,D27,"(25, 33)",5,29.0
46,Q-Learning,D10,"(5, 94)",37,26.0
46,Q-Learning,D12,"(71, 34)",29,15.0
46,Q-Learning,D13,"(61, 53)",31,21.0
46,Q-Learning,D14,"(84, 93)",29,23.0
46,Q-Learning,D15,"(91, 92)",28,25.0
46,Q-Learning,D20,"(81, 59)",19,23.0
46,Q-Learning,D21,"(43, 100)",19,29.0
46,Q-Learning,D22,"(18, 9)",12,27.0
46,Q-Learning,D23,"(23, 78)",13,10.0
46,Q-Learning,D24,"(0, 40)",7,16.0
46,Q-Learning,D25,"(59, 90)",14,23.0
46,Q-Learning,D26,"(59, 56)",7,13.0
46,Q-Learning,D27,"(25, 33)",5,29.0
47,Greedy,D14,"(84, 93)",30,23.0
47,Greedy,D15,"(91, 92)",29,25.0
47,Greedy,D18,"(2, 19)",23,12.0
47,Greedy,D19,"(35, 44)",28,20.0
47,Greedy,D20,"(81, 59)",20,23.0
47,Greedy,D21,"(43, 100)",20,29.0
47,Greedy,D22,"(18, 9)",13,27.0
47,Greedy,D23,"(23, 78)",14,10.0
47,Greedy,D24,"(0, 40)",8,16.0
47,Greedy,D25,"(59, 90)",15,23.0
47,Greedy,D26,"(59, 56)",8,13.0
47,Greedy,D27,"(25, 33)",6,29.0
47,Greedy,D28,"(59, 23)",5,21.0
47,Auction,D10,"(5, 94)",38,26.0
47,Auction,D14,"(84, 93)",30,23.0
47,Auction,D15,"(91, 92)",29,25.0
47,Auction,D20,"(81, 59)",20,23.0
47,Auction,D21,"(43, 100)",20,29.0
47,Auction,D22,"(18, 9)",13,27.0
47,Auction,D23,"(23, 78)",14,10.0
47,Auction,D24,"(0, 40)",8,16.0
47,Auction,D25,"(59, 90)",15,23.0
47,Auction,D26,"(59, 56)",8,13.0
47,Auction,D27,"(25, 33)",6,29.0
47,Auction,D28,"(59, 23)",5,21.0
47,Q-Learning,D10,"(5, 94)",38,26.0
47,Q-Learning,D12,"(71, 34)",30,15.0
47,Q-Learning,D13,"(61, 53)",32,21.0
47,Q-Learning,D14,"(84, 93)",30,23.0
47,Q-Learning,D15,"(91, 92)",29,25.0
47,Q-Learning,D20,"(81, 59)",20,23.0
47,Q-Learning,D21,"(43, 100)",20,29.0
47,Q-Learning,D22,"(18, 9)",13,27.0
47,Q-Learning,D23,"(23, 78)",14,10.0
47,Q-Learning,D24,"(0, 40)",8,16.0
47,Q-Learning,D25,"(59, 90)",15,23.0
47,Q-Learning,D26,"(59, 56)",8,13.0
47,Q-Learning,D27,"(25, 33)",6,29.0
47,Q-Learning,D28,"(59, 23)",5,21.0
48,Greedy,D14,"(84, 93)",31,23.0
48,Greedy,D15,"(91, 92)",30,25.0
48,Greedy,D18,"(2, 19)",24,12.0
48,Greedy,D19,"(35, 44)",29,20.0
48,Greedy,D20,"(81, 59)",21,23.0
48,Greedy,D21,"(43, 100)",21,29.0
48,Greedy,D22,"(18, 9)",14,27.0
48,Greedy,D23,"(23, 78)",15,10.0
48,Greedy,D24,"(0, 40)",9,16.0
48,Greedy,D25,"(59, 90)",16,23.0
48,Greedy,D26,"(59, 56)",9,13.0
48,Greedy,D27,"(25, 33)",7,29.0
48,Greedy,D28,"(59, 23)",6,21.0
48,Greedy,D29,"(22, 43)",1,24.0
48,Auction,D10,"(5, 94)",39,26.0
48,Auction,D14,"(84, 93)",31,23.0
48,Auction,D15,"(91, 92)",30,25.0
48,Auction,D20,"(81, 59)",21,23.0
48,Auction,D21,"(43, 100)",21,29.0
48,Auction,D22,"(18, 9)",14,27.0
48,Auction,D23,"(23, 78)",15,10.0
48,Auction,D24,"(0, 40)",9,16.0
48,Auction,D25,"(59, 90)",16,23.0
48,Auction,D26,"(59, 56)",9,13.0
48,Auction,D27,"(25, 33)",7,29.0
48,Auction,D28,"(59, 23)",6,21.0
48,Auction,D29,"(22, 43)",1,24.0
48,Q-Learning,D10,"(5, 94)",39,26.0
48,Q-Learning,D12,"(71, 34)",31,15.0
48,Q-Learning,D13,"(61, 53)",33,21.0
48,Q-Learning,D14,"(84, 93)",31,23.0
48,Q-Learning,D15,"(91, 92)",30,25.0
48,Q-Learning,D20,"(81, 59)",21,23.0
48,Q-Learning,D21,"(43, 100)",21,29.0
48,Q-Learning,D22,"(18, 9)",14,27.0
48,Q-Learning,D23,"(23, 78)",15,10.0
48,Q-Learning,D24,"(0, 40)",9,16.0
48,Q-Learning,D25,"(59, 90)",16,23.0
48,Q-Learning,D26,"(59, 56)",9,13.0
48,Q-Learning,D27,"(25, 33)",7,29.0
48,Q-Learning,D28,"(59, 23)",6,21.0
48,Q-Learning,D29,"(22, 43)",1,24.0
49,Greedy,D14,"(84, 93)",32,23.0
49,Greedy,D15,"(91, 92)",31,25.0
49,Greedy,D18,"(2, 19)",25,12.0
49,Greedy,D19,"(35, 44)",30,20.0
49,Greedy,D20,"(81, 59)",22,23.0
49,Greedy,D21,"(43, 100)",22,29.0
49,Greedy,D22,"(18, 9)",15,27.0
49,Greedy,D23,"(23, 78)",16,10.0
49,Greedy,D24,"(0, 40)",10,16.0
49,Greedy,D25,"(59, 90)",17,23.0
49,Greedy,D26,"(59, 56)",10,13.0
49,Greedy,D27,"(25, 33)",8,29.0
49,Greedy,D28,"(59, 23)",7,21.0
49,Greedy,D29,"(22, 43)",2,24.0
49,Greedy,D30,"(18, 90)",10,11.0
49,Auction,D10,"(5, 94)",40,26.0
49,Auction,D14,"(84, 93)",32,23.0
49,Auction,D15,"(91, 92)",31,25.0
49,Auction,D20,"(81, 59)",22,23.0
49,Auction,D21,"(43, 100)",22,29.0
49,Auction,D22,"(18, 9)",15,27.0
49,Auction,D23,"(23, 78)",16,10.0
49,Auction,D24,"(0, 40)",10,16.0
49,Auction,D25,"(59, 90)",17,23.0
49,Auction,D26,"(59, 56)",10,13.0
49,Auction,D27,"(25, 33)",8,29.0
49,Auction,D28,"(59, 23)",7,21.0
49,Auction,D29,"(22, 43)",2,24.0
49,Auction,D30,"(18, 90)",10,11.0
49,Q-Learning,D10,"(5, 94)",40,26.0
49,Q-Learning,D12,"(71, 34)",32,15.0
49,Q-Learning,D13,"(61, 53)",34,21.0
49,Q-Learning,D14,"(84, 93)",32,23.0
49,Q-Learning,D15,"(91, 92)",31,25.0
49,Q-Learning,D20,"(81, 59)",22,23.0
49,Q-Learning,D21,"(43, 100)",22,29.0
49,Q-Learning,D22,"(18, 9)",15,27.0
49,Q-Learning,D23,"(23, 78)",16,10.0
49,Q-Learning,D24,"(0, 40)",10,16.0
49,Q-Learning,D25,"(59, 90)",17,23.0
49,Q-Learning,D26,"(59, 56)",10,13.0
49,Q-Learning,D27,"(25, 33)",8,29.0
49,Q-Learning,D28,"(59, 23)",7,21.0
49,Q-Learning,D29,"(22, 43)",2,24.0
49,Q-Learning,D30,"(18, 90)",10,11.0
50,Greedy,D14,"(84, 93)",33,23.0
50,Greedy,D15,"(91, 92)",32,25.0
50,Greedy,D18,"(2, 19)",26,12.0
50,Greedy,D19,"(35, 44)",31,20.0
50,Greedy,D20,"(81, 59)",23,23.0
50,Greedy,D21,"(43, 100)",23,29.0
50,Greedy,D22,"(18, 9)",16,27.0
50,Greedy,D23,"(23, 78)",17,10.0
50,Greedy,D24,"(0, 40)",11,16.0
50,Greedy,D25,"(59, 90)",18,23.0
50,Greedy,D26,"(59, 56)",11,13.0
50,Greedy,D27,"(25, 33)",9,29.0
50,Greedy,D28,"(59, 23)",8,21.0
50,Greedy,D29,"(22, 43)",3,24.0
50,Greedy,D30,"(18, 90)",11,11.0
50,Greedy,D31,"(52, 27)",6,23.0
50,Auction,D10,"(5, 94)",41,26.0
50,Auction,D14,"(84, 93)",33,23.0
50,Auction,D15,"(91, 92)",32,25.0
50,Auction,D20,"(81, 59)",23,23.0
50,Auction,D21,"(43, 100)",23,29.0
50,Auction,D22,"(18, 9)",16,27.0
50,Auction,D24,"(0, 40)",11,16.0
50,Auction,D25,"(59, 90)",18,23.0
50,Auction,D26,"(59, 56)",11,13.0
50,Auction,D27,"(25, 33)",9,29.0
50,Auction,D28,"(59, 23)",8,21.0
50,Auction,D29,"(22, 43)",3,24.0
50,Auction,D30,"(18, 90)",11,11.0
50,Auction,D31,"(52, 27)",6,23.0
50,Q-Learning,D10,"(5, 94)",41,26.0
50,Q-Learning,D12,"(71, 34)",33,15.0
50,Q-Learning,D13,"(61, 53)",35,21.0
50,Q-Learning,D14,"(84, 93)",33,23.0
50,Q-Learning,D15,"(91, 92)",32,25.0
50,Q-Learning,D20,"(81, 59)",23,23.0
50,Q-Learning,D21,"(43, 100)",23,29.0
50,Q-Learning,D22,"(18, 9)",16,27.0
50,Q-Learning,D23,"(23, 78)",17,10.0
50,Q-Learning,D24,"(0, 40)",11,16.0
50,Q-Learning,D25,"(59, 90)",18,23.0
50,Q-Learning,D26,"(59, 56)",11,13.0
50,Q-Learning,D27,"(25, 33)",9,29.0
50,Q-Learning,D28,"(59, 23)",8,21.0
50,Q-Learning,D29,"(22, 43)",3,24.0
50,Q-Learning,D30,"(18, 90)",11,11.0
50,Q-Learning,D31,"(52, 27)",6,23.0
51,Greedy,D14,"(84, 93)",34,23.0
51,Greedy,D15,"(91, 92)",33,25.0
51,Greedy,D18,"(2, 19)",27,12.0
51,Greedy,D19,"(35, 44)",32,20.0
51,Greedy,D20,"(81, 59)",24,23.0
51,Greedy,D21,"(43, 100)",24,29.0
51,Greedy,D22,"(18, 9)",17,27.0
51,Greedy,D23,"(23, 78)",18,10.0
51,Greedy,D24,"(0, 40)",12,16.0
51,Greedy,D25,"(59, 90)",19,23.0
51,Greedy,D26,"(59, 56)",12,13.0
51,Greedy,D27,"(25, 33)",10,29.0
51,Greedy,D28,"(59, 23)",9,21.0
51,Greedy,D29,"(22, 43)",4,24.0
51,Greedy,D30,"(18, 90)",12,11.0
51,Greedy,D31,"(52, 27)",7,23.0
51,Greedy,D32,"(71, 67)",9,22.0
51,Auction,D10,"(5, 94)",42,26.0
51,Auction,D14,"(84, 93)",34,23.0
51,Auction,D15,"(91, 92)",33,25.0
51,Auction,D20,"(81, 59)",24,23.0
51,Auction,D21,"(43, 100)",24,29.0
51,Auction,D22,"(18, 9)",17,27.0
51,Auction,D24,"(0, 40)",12,16.0
51,Auction,D25,"(59, 90)",19,23.0
51,Auction,D27,"(25, 33)",10,29.0
51,Auction,D28,"(59, 23)",9,21.0
51,Auction,D29,"(22, 43)",4,24.0
51,Auction,D30,"(18, 90)",12,11.0
51,Auction,D31,"(52, 27)",7,23.0
51,Auction,D32,"(71, 67)",9,22.0
51,Q-Learning,D10,"(5, 94)",42,26.0
51,Q-Learning,D12,"(71, 34)",34,15.0
51,Q-Learning,D13,"(61, 53)",36,21.0
51,Q-Learning,D14,"(84, 93)",34,23.0
51,Q-Learning,D15,"(91, 92)",33,25.0
51,Q-Learning,D20,"(81, 59)",24,23.0
51,Q-Learning,D21,"(43, 100)",24,29.0
51,Q-Learning,D22,"(18, 9)",17,27.0
51,Q-Learning,D23,"(23, 78)",18,10.0
51,Q-Learning,D24,"(0, 40)",12,16.0
51,Q-Learning,D25,"(59, 90)",19,23.0
51,Q-Learning,D26,"(59, 56)",12,13.0
51,Q-Learning,D27,"(25, 33)",10,29.0
51,Q-Learning,D28,"(59, 23)",9,21.0
51,Q-Learning,D29,"(22, 43)",4,24.0
51,Q-Learning,D30,"(18, 90)",12,11.0
51,Q-Learning,D31,"(52, 27)",7,23.0
51,Q-Learning,D32,"(71, 67)",9,22.0
52,Greedy,D15,"(91, 92)",34,25.0
52,Greedy,D18,"(2, 19)",28,12.0
52,Greedy,D19,"(35, 44)",33,20.0
52,Greedy,D20,"(81, 59)",25,23.0
52,Greedy,D21,"(43, 100)",25,29.0
52,Greedy,D22,"(18, 9)",18,27.0
52,Greedy,D23,"(23, 78)",19,10.0
52,Greedy,D24,"(0, 40)",13,16.0
52,Greedy,D25,"(59, 90)",20,23.0
52,Greedy,D26,"(59, 56)",13,13.0
52,Greedy,D27,"(25, 33)",11,29.0
52,Greedy,D28,"(59, 23)",10,21.0
52,Greedy,D29,"(22, 43)",5,24.0
52,Greedy,D30,"(18, 90)",13,11.0
52,Greedy,D31,"(52, 27)",8,23.0
52,Greedy,D32,"(71, 67)",10,22.0
52,Auction,D10,"(5, 94)",43,26.0
52,Auction,D14,"(84, 93)",35,23.0
52,Auction,D15,"(91, 92)",34,25.0
52,Auction,D20,"(81, 59)",25,23.0
52,Auction,D21,"(43, 100)",25,29.0
52,Auction,D22,"(18, 9)",18,27.0
52,Auction,D24,"(0, 40)",13,16.0
52,Auction,D25,"(59, 90)",20,23.0
52,Auction,D27,"(25, 33)",11,29.0
52,Auction,D28,"(59, 23)",10,21.0
52,Auction,D29,"(22, 43)",5,24.0
52,Auction,D30,"(18, 90)",13,11.0
52,Auction,D31,"(52, 27)",8,23.0
52,Auction,D32,"(71, 67)",10,22.0
52,Q-Learning,D10,"(5, 94)",43,26.0
52,Q-Learning,D12,"(71, 34)",35,15.0
52,Q-Learning,D13,"(61, 53)",37,21.0
52,Q-Learning,D14,"(84, 93)",35,23.0
52,Q-Learning,D15,"(91, 92)",34,25.0
52,Q-Learning,D20,"(81, 59)",25,23.0
52,Q-Learning,D21,"(43, 100)",25,29.0
52,Q-Learning,D22,"(18, 9)",18,27.0
52,Q-Learning,D23,"(23, 78)",19,10.0
52,Q-Learning,D24,"(0, 40)",13,16.0
52,Q-Learning,D25,"(59, 90)",20,23.0
52,Q-Learning,D26,"(59, 56)",13,13.0
52,Q-Learning,D27,"(25, 33)",11,29.0
52,Q-Learning,D28,"(59, 23)",10,21.0
52,Q-Learning,D29,"(22, 43)",5,24.0
52,Q-Learning,D30,"(18, 90)",13,11.0
52,Q-Learning,D31,"(52, 27)",8,23.0
52,Q-Learning,D32,"(71, 67)",10,22.0
53,Greedy,D15,"(91, 92)",35,25.0
53,Greedy,D18,"(2, 19)",29,12.0
53,Greedy,D19,"(35, 44)",34,20.0
53,Greedy,D20,"(81, 59)",26,23.0
53,Greedy,D21,"(43, 100)",26,29.0
53,Greedy,D22,"(18, 9)",19,27.0
53,Greedy,D23,"(23, 78)",20,10.0
53,Greedy,D24,"(0, 40)",14,16.0
53,Greedy,D25,"(59, 90)",21,23.0
53,Greedy,D26,"(59, 56)",14,13.0
53,Greedy,D27,"(25, 33)",12,29.0
53,Greedy,D28,"(59, 23)",11,21.0
53,Greedy,D29,"(22, 43)",6,24.0
53,Greedy,D30,"(18, 90)",14,11.0
53,Greedy,D31,"(52, 27)",9,23.0
53,Greedy,D32,"(71, 67)",11,22.0
53,Auction,D10,"(5, 94)",44,26.0
53,Auction,D14,"(84, 93)",36,23.0
53,Auction,D15,"(91, 92)",35,25.0
53,Auction,D20,"(81, 59)",26,23.0
53,Auction,D21,"(43, 100)",26,29.0
53,Auction,D22,"(18, 9)",19,27.0
53,Auction,D24,"(0, 40)",14,16.0
53,Auction,D25,"(59, 90)",21,23.0
53,Auction,D27,"(25, 33)",12,29.0
53,Auction,D28,"(59, 23)",11,21.0
53,Auction,D29,"(22, 43)",6,24.0
53,Auction,D30,"(18, 90)",14,11.0
53,Auction,D31,"(52, 27)",9,23.0
53,Auction,D32,"(71, 67)",11,22.0
53,Q-Learning,D10,"(5, 94)",44,26.0
53,Q-Learning,D12,"(71, 34)",36,15.0
53,Q-Learning,D13,"(61, 53)",38,21.0
53,Q-Learning,D14,"(84, 93)",36,23.0
53,Q-Learning,D15,"(91, 92)",35,25.0
53,Q-Learning,D20,"(81, 59)",26,23.0
53,Q-Learning,D21,"(43, 100)",26,29.0
53,Q-Learning,D22,"(18, 9)",19,27.0
53,Q-Learning,D23,"(23, 78)",20,10.0
53,Q-Learning,D25,"(59, 90)",21,23.0
53,Q-Learning,D26,"(59, 56)",14,13.0
53,Q-Learning,D27,"(25, 33)",12,29.0
53,Q-Learning,D28,"(59, 23)",11,21.0
53,Q-Learning,D29,"(22, 43)",6,24.0
53,Q-Learning,D30,"(18, 90)",14,11.0
53,Q-Learning,D31,"(52, 27)",9,23.0
53,Q-Learning,D32,"(71, 67)",11,22.0
54,Greedy,D15,"(91, 92)",36,25.0
54,Greedy,D18,"(2, 19)",30,12.0
54,Greedy,D19,"(35, 44)",35,20.0
54,Greedy,D20,"(81, 59)",27,23.0
54,Greedy,D21,"(43, 100)",27,29.0
54,Greedy,D22,"(18, 9)",20,27.0
54,Greedy,D23,"(23, 78)",21,10.0
54,Greedy,D24,"(0, 40)",15,16.0
54,Greedy,D25,"(59, 90)",22,23.0
54,Greedy,D26,"(59, 56)",15,13.0
54,Greedy,D27,"(25, 33)",13,29.0
54,Greedy,D28,"(59, 23)",12,21.0
54,Greedy,D29,"(22, 43)",7,24.0
54,Greedy,D30,"(18, 90)",15,11.0
54,Greedy,D31,"(52, 27)",10,23.0
54,Greedy,D32,"(71, 67)",12,22.0
54,Greedy,D33,"(5, 1)",7,16.0
54,Auction,D10,"(5, 94)",45,26.0
54,Auction,D14,"(84, 93)",37,23.0
54,Auction,D15,"(91, 92)",36,25.0
54,Auction,D20,"(81, 59)",27,23.0
54,Auction,D21,"(43, 100)",27,29.0
54,Auction,D24,"(0, 40)",15,16.0
54,Auction,D25,"(59, 90)",22,23.0
54,Auction,D28,"(59, 23)",12,21.0
54,Auction,D29,"(22, 43)",7,24.0
54,Auction,D30,"(18, 90)",15,11.0
54,Auction,D31,"(52, 27)",10,23.0
54,Auction,D32,"(71, 67)",12,22.0
54,Auction,D33,"(5, 1)",7,16.0
54,Q-Learning,D10,"(5, 94)",45,26.0
54,Q-Learning,D12,"(71, 34)",37,15.0
54,Q-Learning,D13,"(61, 53)",39,21.0
54,Q-Learning,D14,"(84, 93)",37,23.0
54,Q-Learning,D15,"(91, 92)",36,25.0
54,Q-Learning,D20,"(81, 59)",27,23.0
54,Q-Learning,D21,"(43, 100)",27,29.0
54,Q-Learning,D22,"(18, 9)",20,27.0
54,Q-Learning,D23,"(23, 78)",21,10.0
54,Q-Learning,D25,"(59, 90)",22,23.0
54,Q-Learning,D26,"(59, 56)",15,13.0
54,Q-Learning,D27,"(25, 33)",13,29.0
54,Q-Learning,D28,"(59, 23)",12,21.0
54,Q-Learning,D29,"(22, 43)",7,24.0
54,Q-Learning,D30,"(18, 90)",15,11.0
54,Q-Learning,D31,"(52, 27)",10,23.0
54,Q-Learning,D32,"(71, 67)",12,22.0
54,Q-Learning,D33,"(5, 1)",7,16.0
55,Greedy,D15,"(91, 92)",37,25.0
55,Greedy,D18,"(2, 19)",31,12.0
55,Greedy,D19,"(35, 44)",36,20.0
55,Greedy,D20,"(81, 59)",28,23.0
55,Greedy,D21,"(43, 100)",28,29.0
55,Greedy,D22,"(18, 9)",21,27.0
55,Greedy,D23,"(23, 78)",22,10.0
55,Greedy,D24,"(0, 40)",16,16.0
55,Greedy,D25,"(59, 90)",23,23.0
55,Greedy,D26,"(59, 56)",16,13.0
55,Greedy,D27,"(25, 33)",14,29.0
55,Greedy,D28,"(59, 23)",13,21.0
55,Greedy,D29,"(22, 43)",8,24.0
55,Greedy,D30,"(18, 90)",16,11.0
55,Greedy,D31,"(52, 27)",11,23.0
55,Greedy,D32,"(71, 67)",13,22.0
55,Greedy,D33,"(5, 1)",8,16.0
55,Greedy,D34,"(55, 44)",1,26.0
55,Auction,D10,"(5, 94)",46,26.0
55,Auction,D14,"(84, 93)",38,23.0
55,Auction,D15,"(91, 92)",37,25.0
55,Auction,D20,"(81, 59)",28,23.0
55,Auction,D21,"(43, 100)",28,29.0
55,Auction,D24,"(0, 40)",16,16.0
55,Auction,D25,"(59, 90)",23,23.0
55,Auction,D28,"(59, 23)",13,21.0
55,Auction,D29,"(22, 43)",8,24.0
55,Auction,D30,"(18, 90)",16,11.0
55,Auction,D31,"(52, 27)",11,23.0
55,Auction,D32,"(71, 67)",13,22.0
55,Auction,D33,"(5, 1)",8,16.0
55,Auction,D34,"(55, 44)",1,26.0
55,Q-Learning,D12,"(71, 34)",38,15.0
55,Q-Learning,D13,"(61, 53)",40,21.0
55,Q-Learning,D14,"(84, 93)",38,23.0
55,Q-Learning,D15,"(91, 92)",37,25.0
55,Q-Learning,D20,"(81, 59)",28,23.0
55,Q-Learning,D21,"(43, 100)",28,29.0
55,Q-Learning,D22,"(18, 9)",21,27.0
55,Q-Learning,D23,"(23, 78)",22,10.0
55,Q-Learning,D25,"(59, 90)",23,23.0
55,Q-Learning,D26,"(59, 56)",16,13.0
55,Q-Learning,D27,"(25, 33)",14,29.0
55,Q-Learning,D28,"(59, 23)",13,21.0
55,Q-Learning,D29,"(22, 43)",8,24.0
55,Q-Learning,D30,"(18, 90)",16,11.0
55,Q-Learning,D31,"(52, 27)",11,23.0
55,Q-Learning,D32,"(71, 67)",13,22.0
55,Q-Learning,D33,"(5, 1)",8,16.0
55,Q-Learning,D34,"(55, 44)",1,26.0
56,Greedy,D15,"(91, 92)",38,25.0
56,Greedy,D18,"(2, 19)",32,12.0
56,Greedy,D19,"(35, 44)",37,20.0
56,Greedy,D20,"(81, 59)",29,23.0
56,Greedy,D21,"(43, 100)",29,29.0
56,Greedy,D22,"(18, 9)",22,27.0
56,Greedy,D23,"(23, 78)",23,10.0
56,Greedy,D24,"(0, 40)",17,16.0
56,Greedy,D25,"(59, 90)",24,23.0
56,Greedy,D26,"(59, 56)",17,13.0
56,Greedy,D27,"(25, 33)",15,29.0
56,Greedy,D28,"(59, 23)",14,21.0
56,Greedy,D29,"(22, 43)",9,24.0
56,Greedy,D30,"(18, 90)",17,11.0
56,Greedy,D31,"(52, 27)",12,23.0
56,Greedy,D32,"(71, 67)",14,22.0
56,Greedy,D33,"(5, 1)",9,16.0
56,Greedy,D34,"(55, 44)",2,26.0
56,Auction,D10,"(5, 94)",47,26.0
56,Auction,D14,"(84, 93)",39,23.0
56,Auction,D15,"(91, 92)",38,25.0
56,Auction,D20,"(81, 59)",29,23.0
56,Auction,D21,"(43, 100)",29,29.0
56,Auction,D24,"(0, 40)",17,16.0
56,Auction,D25,"(59, 90)",24,23.0
56,Auction,D28,"(59, 23)",14,21.0
56,Auction,D29,"(22, 43)",9,24.0
56,Auction,D30,"(18, 90)",17,11.0
56,Auction,D31,"(52, 27)",12,23.0
56,Auction,D32,"(71, 67)",14,22.0
56,Auction,D33,"(5, 1)",9,16.0
56,Auction,D34,"(55, 44)",2,26.0
56,Q-Learning,D12,"(71, 34)",39,15.0
56,Q-Learning,D13,"(61, 53)",41,21.0
56,Q-Learning,D14,"(84, 93)",39,23.0
56,Q-Learning,D15,"(91, 92)",38,25.0
56,Q-Learning,D20,"(81, 59)",29,23.0
56,Q-Learning,D21,"(43, 100)",29,29.0
56,Q-Learning,D22,"(18, 9)",22,27.0
56,Q-Learning,D23,"(23, 78)",23,10.0
56,Q-Learning,D25,"(59, 90)",24,23.0
56,Q-Learning,D26,"(59, 56)",17,13.0
56,Q-Learning,D27,"(25, 33)",15,29.0
56,Q-Learning,D28,"(59, 23)",14,21.0
56,Q-Learning,D29,"(22, 43)",9,24.0
56,Q-Learning,D30,"(18, 90)",17,11.0
56,Q-Learning,D31,"(52, 27)",12,23.0
56,Q-Learning,D32,"(71, 67)",14,22.0
56,Q-Learning,D33,"(5, 1)",9,16.0
56,Q-Learning,D34,"(55, 44)",2,26.0
57,Greedy,D15,"(91, 92)",39,25.0
57,Greedy,D18,"(2, 19)",33,12.0
57,Greedy,D19,"(35, 44)",38,20.0
57,Greedy,D20,"(81, 59)",30,23.0
57,Greedy,D21,"(43, 100)",30,29.0
57,Greedy,D22,"(18, 9)",23,27.0
57,Greedy,D23,"(23, 78)",24,10.0
57,Greedy,D24,"(0, 40)",18,16.0
57,Greedy,D25,"(59, 90)",25,23.0
57,Greedy,D26,"(59, 56)",18,13.0
57,Greedy,D27,"(25, 33)",16,29.0
57,Greedy,D28,"(59, 23)",15,21.0
57,Greedy,D29,"(22, 43)",10,24.0
57,Greedy,D30,"(18, 90)",18,11.0
57,Greedy,D31,"(52, 27)",13,23.0
57,Greedy,D32,"(71, 67)",15,22.0
57,Greedy,D33,"(5, 1)",10,16.0
57,Greedy,D34,"(55, 44)",3,26.0
57,Auction,D10,"(5, 94)",48,26.0
57,Auction,D14,"(84, 93)",40,23.0
57,Auction,D15,"(91, 92)",39,25.0
57,Auction,D21,"(43, 100)",30,29.0
57,Auction,D24,"(0, 40)",18,16.0
57,Auction,D25,"(59, 90)",25,23.0
57,Auction,D28,"(59, 23)",15,21.0
57,Auction,D29,"(22, 43)",10,24.0
57,Auction,D31,"(52, 27)",13,23.0
57,Auction,D32,"(71, 67)",15,22.0
57,Auction,D33,"(5, 1)",10,16.0
57,Auction,D34,"(55, 44)",3,26.0
57,Q-Learning,D14,"(84, 93)",40,23.0
57,Q-Learning,D15,"(91, 92)",39,25.0
57,Q-Learning,D20,"(81, 59)",30,23.0
57,Q-Learning,D21,"(43, 100)",30,29.0
57,Q-Learning,D22,"(18, 9)",23,27.0
57,Q-Learning,D23,"(23, 78)",24,10.0
57,Q-Learning,D25,"(59, 90)",25,23.0
57,Q-Learning,D26,"(59, 56)",18,13.0
57,Q-Learning,D27,"(25, 33)",16,29.0
57,Q-Learning,D28,"(59, 23)",15,21.0
57,Q-Learning,D29,"(22, 43)",10,24.0
57,Q-Learning,D30,"(18, 90)",18,11.0
57,Q-Learning,D31,"(52, 27)",13,23.0
57,Q-Learning,D32,"(71, 67)",15,22.0
57,Q-Learning,D33,"(5, 1)",10,16.0
57,Q-Learning,D34,"(55, 44)",3,26.0
58,Greedy,D15,"(91, 92)",40,25.0
58,Greedy,D18,"(2, 19)",34,12.0
58,Greedy,D19,"(35, 44)",39,20.0
58,Greedy,D20,"(81, 59)",31,23.0
58,Greedy,D21,"(43, 100)",31,29.0
58,Greedy,D22,"(18, 9)",24,27.0
58,Greedy,D23,"(23, 78)",25,10.0
58,Greedy,D24,"(0, 40)",19,16.0
58,Greedy,D25,"(59, 90)",26,23.0
58,Greedy,D26,"(59, 56)",19,13.0
58,Greedy,D27,"(25, 33)",17,29.0
58,Greedy,D28,"(59, 23)",16,21.0
58,Greedy,D29,"(22, 43)",11,24.0
58,Greedy,D30,"(18, 90)",19,11.0
58,Greedy,D31,"(52, 27)",14,23.0
58,Greedy,D32,"(71, 67)",16,22.0
58,Greedy,D33,"(5, 1)",11,16.0
58,Greedy,D34,"(55, 44)",4,26.0
58,Greedy,D35,"(35, 95)",5,24.0
58,Auction,D10,"(5, 94)",49,26.0
58,Auction,D14,"(84, 93)",41,23.0
58,Auction,D15,"(91, 92)",40,25.0
58,Auction,D21,"(43, 100)",31,29.0
58,Auction,D24,"(0, 40)",19,16.0
58,Auction,D25,"(59, 90)",26,23.0
58,Auction,D28,"(59, 23)",16,21.0
58,Auction,D29,"(22, 43)",11,24.0
58,Auction,D31,"(52, 27)",14,23.0
58,Auction,D32,"(71, 67)",16,22.0
58,Auction,D33,"(5, 1)",11,16.0
58,Auction,D34,"(55, 44)",4,26.0
58,Auction,D35,"(35, 95)",5,24.0
58,Q-Learning,D14,"(84, 93)",41,23.0
58,Q-Learning,D15,"(91, 92)",40,25.0
58,Q-Learning,D21,"(43, 100)",31,29.0
58,Q-Learning,D22,"(18, 9)",24,27.0
58,Q-Learning,D25,"(59, 90)",26,23.0
58,Q-Learning,D26,"(59, 56)",19,13.0
58,Q-Learning,D27,"(25, 33)",17,29.0
58,Q-Learning,D28,"(59, 23)",16,21.0
58,Q-Learning,D29,"(22, 43)",11,24.0
58,Q-Learning,D30,"(18, 90)",19,11.0
58,Q-Learning,D31,"(52, 27)",14,23.0
58,Q-Learning,D32,"(71, 67)",16,22.0
58,Q-Learning,D33,"(5, 1)",11,16.0
58,Q-Learning,D34,"(55, 44)",4,26.0
58,Q-Learning,D35,"(35, 95)",5,24.0
59,Greedy,D15,"(91, 92)",41,25.0
59,Greedy,D19,"(35, 44)",40,20.0
59,Greedy,D20,"(81, 59)",32,23.0
59,Greedy,D21,"(43, 100)",32,29.0
59,Greedy,D22,"(18, 9)",25,27.0
59,Greedy,D23,"(23, 78)",26,10.0
59,Greedy,D24,"(0, 40)",20,16.0
59,Greedy,D25,"(59, 90)",27,23.0
59,Greedy,D26,"(59, 56)",20,13.0
59,Greedy,D27,"(25, 33)",18,29.0
59,Greedy,D28,"(59, 23)",17,21.0
59,Greedy,D29,"(22, 43)",12,24.0
59,Greedy,D30,"(18, 90)",20,11.0
59,Greedy,D31,"(52, 27)",15,23.0
59,Greedy,D32,"(71, 67)",17,22.0
59,Greedy,D33,"(5, 1)",12,16.0
59,Greedy,D34,"(55, 44)",5,26.0
59,Greedy,D35,"(35, 95)",6,24.0
59,Auction,D10,"(5, 94)",50,26.0
59,Auction,D14,"(84, 93)",42,23.0
59,Auction,D15,"(91, 92)",41,25.0
59,Auction,D21,"(43, 100)",32,29.0
59,Auction,D24,"(0, 40)",20,16.0
59,Auction,D25,"(59, 90)",27,23.0
59,Auction,D28,"(59, 23)",17,21.0
59,Auction,D29,"(22, 43)",12,24.0
59,Auction,D31,"(52, 27)",15,23.0
59,Auction,D32,"(71, 67)",17,22.0
59,Auction,D33,"(5, 1)",12,16.0
59,Auction,D34,"(55, 44)",5,26.0
59,Auction,D35,"(35, 95)",6,24.0
59,Q-Learning,D14,"(84, 93)",42,23.0
59,Q-Learning,D15,"(91, 92)",41,25.0
59,Q-Learning,D21,"(43, 100)",32,29.0
59,Q-Learning,D22,"(18, 9)",25,27.0
59,Q-Learning,D25,"(59, 90)",27,23.0
59,Q-Learning,D26,"(59, 56)",20,13.0
59,Q-Learning,D27,"(25, 33)",18,29.0
59,Q-Learning,D28,"(59, 23)",17,21.0
59,Q-Learning,D29,"(22, 43)",12,24.0
59,Q-Learning,D30,"(18, 90)",20,11.0
59,Q-Learning,D31,"(52, 27)",15,23.0
59,Q-Learning,D32,"(71, 67)",17,22.0
59,Q-Learning,D33,"(5, 1)",12,16.0
59,Q-Learning,D34,"(55, 44)",5,26.0
59,Q-Learning,D35,"(35, 95)",6,24.0
60,Greedy,D19,"(35, 44)",41,20.0
60,Greedy,D20,"(81, 59)",33,23.0
60,Greedy,D21,"(43, 100)",33,29.0
60,Greedy,D22,"(18, 9)",26,27.0
60,Greedy,D23,"(23, 78)",27,10.0
60,Greedy,D24,"(0, 40)",21,16.0
60,Greedy,D25,"(59, 90)",28,23.0
60,Greedy,D26,"(59, 56)",21,13.0
60,Greedy,D27,"(25, 33)",19,29.0
60,Greedy,D28,"(59, 23)",18,21.0
60,Greedy,D29,"(22, 43)",13,24.0
60,Greedy,D30,"(18, 90)",21,11.0
60,Greedy,D31,"(52, 27)",16,23.0
60,Greedy,D32,"(71, 67)",18,22.0
60,Greedy,D33,"(5, 1)",13,16.0
60,Greedy,D34,"(55, 44)",6,26.0
60,Greedy,D35,"(35, 95)",7,24.0
60,Auction,D10,"(5, 94)",51,26.0
60,Auction,D14,"(84, 93)",43,23.0
60,Auction,D15,"(91, 92)",42,25.0
60,Auction,D21,"(43, 100)",33,29.0
60,Auction,D24,"(0, 40)",21,16.0
60,Auction,D25,"(59, 90)",28,23.0
60,Auction,D28,"(59, 23)",18,21.0
60,Auction,D29,"(22, 43)",13,24.0
60,Auction,D32,"(71, 67)",18,22.0
60,Auction,D33,"(5, 1)",13,16.0
60,Auction,D34,"(55, 44)",6,26.0
60,Auction,D35,"(35, 95)",7,24.0
60,Q-Learning,D14,"(84, 93)",43,23.0
60,Q-Learning,D15,"(91, 92)",42,25.0
60,Q-Learning,D21,"(43, 100)",33,29.0
60,Q-Learning,D22,"(18, 9)",26,27.0
60,Q-Learning,D25,"(59, 90)",28,23.0
60,Q-Learning,D26,"(59, 56)",21,13.0
60,Q-Learning,D27,"(25, 33)",19,29.0
60,Q-Learning,D28,"(59, 23)",18,21.0
60,Q-Learning,D29,"(22, 43)",13,24.0
60,Q-Learning,D30,"(18, 90)",21,11.0
60,Q-Learning,D31,"(52, 27)",16,23.0
60,Q-Learning,D32,"(71, 67)",18,22.0
60,Q-Learning,D33,"(5, 1)",13,16.0
60,Q-Learning,D34,"(55, 44)",6,26.0
60,Q-Learning,D35,"(35, 95)",7,24.0
61,Greedy,D19,"(35, 44)",42,20.0
61,Greedy,D20,"(81, 59)",34,23.0
61,Greedy,D21,"(43, 100)",34,29.0
61,Greedy,D22,"(18, 9)",27,27.0
61,Greedy,D23,"(23, 78)",28,10.0
61,Greedy,D24,"(0, 40)",22,16.0
61,Greedy,D25,"(59, 90)",29,23.0
61,Greedy,D26,"(59, 56)",22,13.0
61,Greedy,D27,"(25, 33)",20,29.0
61,Greedy,D28,"(59, 23)",19,21.0
61,Greedy,D29,"(22, 43)",14,24.0
61,Greedy,D30,"(18, 90)",22,11.0
61,Greedy,D31,"(52, 27)",17,23.0
61,Greedy,D32,"(71, 67)",19,22.0
61,Greedy,D33,"(5, 1)",14,16.0
61,Greedy,D34,"(55, 44)",7,26.0
61,Greedy,D35,"(35, 95)",8,24.0
61,Greedy,D36,"(73, 27)",9,22.0
61,Auction,D10,"(5, 94)",52,26.0
61,Auction,D14,"(84, 93)",44,23.0
61,Auction,D15,"(91, 92)",43,25.0
61,Auction,D21,"(43, 100)",34,29.0
61,Auction,D24,"(0, 40)",22,16.0
61,Auction,D28,"(59, 23)",19,21.0
61,Auction,D29,"(22, 43)",14,24.0
61,Auction,D32,"(71, 67)",19,22.0
61,Auction,D33,"(5, 1)",14,16.0
61,Auction,D34,"(55, 44)",7,26.0
61,Auction,D35,"(35, 95)",8,24.0
61,Auction,D36,"(73, 27)",9,22.0
61,Q-Learning,D14,"(84, 93)",44,23.0
61,Q-Learning,D15,"(91, 92)",43,25.0
61,Q-Learning,D21,"(43, 100)",34,29.0
61,Q-Learning,D22,"(18, 9)",27,27.0
61,Q-Learning,D25,"(59, 90)",29,23.0
61,Q-Learning,D26,"(59, 56)",22,13.0
61,Q-Learning,D27,"(25, 33)",20,29.0
61,Q-Learning,D28,"(59, 23)",19,21.0
61,Q-Learning,D29,"(22, 43)",14,24.0
61,Q-Learning,D30,"(18, 90)",22,11.0
61,Q-Learning,D31,"(52, 27)",17,23.0
61,Q-Learning,D32,"(71, 67)",19,22.0
61,Q-Learning,D33,"(5, 1)",14,16.0
61,Q-Learning,D34,"(55, 44)",7,26.0
61,Q-Learning,D35,"(35, 95)",8,24.0
61,Q-Learning,D36,"(73, 27)",9,22.0
62,Greedy,D19,"(35, 44)",43,20.0
62,Greedy,D20,"(81, 59)",35,23.0
62,Greedy,D21,"(43, 100)",35,29.0
62,Greedy,D22,"(18, 9)",28,27.0
62,Greedy,D23,"(23, 78)",29,10.0
62,Greedy,D24,"(0, 40)",23,16.0
62,Greedy,D25,"(59, 90)",30,23.0
62,Greedy,D26,"(59, 56)",23,13.0
62,Greedy,D27,"(25, 33)",21,29.0
62,Greedy,D28,"(59, 23)",20,21.0
62,Greedy,D29,"(22, 43)",15,24.0
62,Greedy,D30,"(18, 90)",23,11.0
62,Greedy,D31,"(52, 27)",18,23.0
62,Greedy,D32,"(71, 67)",20,22.0
62,Greedy,D33,"(5, 1)",15,16.0
62,Greedy,D34,"(55, 44)",8,26.0
62,Greedy,D35,"(35, 95)",9,24.0
62,Greedy,D36,"(73, 27)",10,22.0
62,Greedy,D37,"(87, 70)",3,30.0
62,Auction,D10,"(5, 94)",53,26.0
62,Auction,D14,"(84, 93)",45,23.0
62,Auction,D15,"(91, 92)",44,25.0
62,Auction,D21,"(43, 100)",35,29.0
62,Auction,D24,"(0, 40)",23,16.0
62,Auction,D28,"(59, 23)",20,21.0
62,Auction,D29,"(22, 43)",15,24.0
62,Auction,D32,"(71, 67)",20,22.0
62,Auction,D33,"(5, 1)",15,16.0
62,Auction,D34,"(55, 44)",8,26.0
62,Auction,D35,"(35, 95)",9,24.0
62,Auction,D36,"(73, 27)",10,22.0
62,Auction,D37,"(87, 70)",3,30.0
62,Q-Learning,D14,"(84, 93)",45,23.0
62,Q-Learning,D15,"(91, 92)",44,25.0
62,Q-Learning,D21,"(43, 100)",35,29.0
62,Q-Learning,D22,"(18, 9)",28,27.0
62,Q-Learning,D25,"(59, 90)",30,23.0
62,Q-Learning,D26,"(59, 56)",23,13.0
62,Q-Learning,D27,"(25, 33)",21,29.0
62,Q-Learning,D28,"(59, 23)",20,21.0
62,Q-Learning,D29,"(22, 43)",15,24.0
62,Q-Learning,D30,"(18, 90)",23,11.0
62,Q-Learning,D31,"(52, 27)",18,23.0
62,Q-Learning,D33,"(5, 1)",15,16.0
62,Q-Learning,D34,"(55, 44)",8,26.0
62,Q-Learning,D35,"(35, 95)",9,24.0
62,Q-Learning,D36,"(73, 27)",10,22.0
62,Q-Learning,D37,"(87, 70)",3,30.0
63,Greedy,D19,"(35, 44)",44,20.0
63,Greedy,D20,"(81, 59)",36,23.0
63,Greedy,D21,"(43, 100)",36,29.0
63,Greedy,D22,"(18, 9)",29,27.0
63,Greedy,D23,"(23, 78)",30,10.0
63,Greedy,D24,"(0, 40)",24,16.0
63,Greedy,D25,"(59, 90)",31,23.0
63,Greedy,D26,"(59, 56)",24,13.0
63,Greedy,D27,"(25, 33)",22,29.0
63,Greedy,D28,"(59, 23)",21,21.0
63,Greedy,D29,"(22, 43)",16,24.0
63,Greedy,D30,"(18, 90)",24,11.0
63,Greedy,D31,"(52, 27)",19,23.0
63,Greedy,D32,"(71, 67)",21,22.0
63,Greedy,D33,"(5, 1)",16,16.0
63,Greedy,D34,"(55, 44)",9,26.0
63,Greedy,D35,"(35, 95)",10,24.0
63,Greedy,D36,"(73, 27)",11,22.0
63,Greedy,D37,"(87, 70)",4,30.0
63,Greedy,D38,"(65, 32)",8,29.0
63,Auction,D10,"(5, 94)",54,26.0
63,Auction,D14,"(84, 93)",46,23.0
63,Auction,D15,"(91, 92)",45,25.0
63,Auction,D21,"(43, 100)",36,29.0
63,Auction,D24,"(0, 40)",24,16.0
63,Auction,D28,"(59, 23)",21,21.0
63,Auction,D29,"(22, 43)",16,24.0
63,Auction,D32,"(71, 67)",21,22.0
63,Auction,D33,"(5, 1)",16,16.0
63,Auction,D34,"(55, 44)",9,26.0
63,Auction,D35,"(35, 95)",10,24.0
63,Auction,D36,"(73, 27)",11,22.0
63,Auction,D37,"(87, 70)",4,30.0
63,Auction,D38,"(65, 32)",8,29.0
63,Q-Learning,D15,"(91, 92)",45,25.0
63,Q-Learning,D21,"(43, 100)",36,29.0
63,Q-Learning,D22,"(18, 9)",29,27.0
63,Q-Learning,D25,"(59, 90)",31,23.0
63,Q-Learning,D26,"(59, 56)",24,13.0
63,Q-Learning,D27,"(25, 33)",22,29.0
63,Q-Learning,D28,"(59, 23)",21,21.0
63,Q-Learning,D29,"(22, 43)",16,24.0
63,Q-Learning,D30,"(18, 90)",24,11.0
63,Q-Learning,D31,"(52, 27)",19,23.0
63,Q-Learning,D33,"(5, 1)",16,16.0
63,Q-Learning,D34,"(55, 44)",9,26.0
63,Q-Learning,D35,"(35, 95)",10,24.0
63,Q-Learning,D36,"(73, 27)",11,22.0
63,Q-Learning,D37,"(87, 70)",4,30.0
63,Q-Learning,D38,"(65, 32)",8,29.0
64,Greedy,D19,"(35, 44)",45,20.0
64,Greedy,D20,"(81, 59)",37,23.0
64,Greedy,D21,"(43, 100)",37,29.0
64,Greedy,D22,"(18, 9)",30,27.0
64,Greedy,D24,"(0, 40)",25,16.0
64,Greedy,D25,"(59, 90)",32,23.0
64,Greedy,D26,"(59, 56)",25,13.0
64,Greedy,D27,"(25, 33)",23,29.0
64,Greedy,D28,"(59, 23)",22,21.0
64,Greedy,D29,"(22, 43)",17,24.0
64,Greedy,D30,"(18, 90)",25,11.0
64,Greedy,D31,"(52, 27)",20,23.0
64,Greedy,D32,"(71, 67)",22,22.0
64,Greedy,D33,"(5, 1)",17,16.0
64,Greedy,D34,"(55, 44)",10,26.0
64,Greedy,D35,"(35, 95)",11,24.0
64,Greedy,D36,"(73, 27)",12,22.0
64,Greedy,D37,"(87, 70)",5,30.0
64,Greedy,D38,"(65, 32)",9,29.0
64,Auction,D10,"(5, 94)",55,26.0
64,Auction,D14,"(84, 93)",47,23.0
64,Auction,D15,"(91, 92)",46,25.0
64,Auction,D21,"(43, 100)",37,29.0
64,Auction,D24,"(0, 40)",25,16.0
64,Auction,D28,"(59, 23)",22,21.0
64,Auction,D29,"(22, 43)",17,24.0
64,Auction,D32,"(71, 67)",22,22.0
64,Auction,D33,"(5, 1)",17,16.0
64,Auction,D34,"(55, 44)",10,26.0
64,Auction,D35,"(35, 95)",11,24.0
64,Auction,D37,"(87, 70)",5,30.0
64,Auction,D38,"(65, 32)",9,29.0
64,Q-Learning,D15,"(91, 92)",46,25.0
64,Q-Learning,D21,"(43, 100)",37,29.0
64,Q-Learning,D22,"(18, 9)",30,27.0
64,Q-Learning,D25,"(59, 90)",32,23.0
64,Q-Learning,D26,"(59, 56)",25,13.0
64,Q-Learning,D27,"(25, 33)",23,29.0
64,Q-Learning,D28,"(59, 23)",22,21.0
64,Q-Learning,D29,"(22, 43)",17,24.0
64,Q-Learning,D30,"(18, 90)",25,11.0
64,Q-Learning,D31,"(52, 27)",20,23.0
64,Q-Learning,D33,"(5, 1)",17,16.0
64,Q-Learning,D34,"(55, 44)",10,26.0
64,Q-Learning,D35,"(35, 95)",11,24.0
64,Q-Learning,D36,"(73, 27)",12,22.0
64,Q-Learning,D37,"(87, 70)",5,30.0
64,Q-Learning,D38,"(65, 32)",9,29.0
65,Greedy,D19,"(35, 44)",46,20.0
65,Greedy,D20,"(81, 59)",38,23.0
65,Greedy,D21,"(43, 100)",38,29.0
65,Greedy,D22,"(18, 9)",31,27.0
65,Greedy,D24,"(0, 40)",26,16.0
65,Greedy,D25,"(59, 90)",33,23.0
65,Greedy,D26,"(59, 56)",26,13.0
65,Greedy,D27,"(25, 33)",24,29.0
65,Greedy,D28,"(59, 23)",23,21.0
65,Greedy,D29,"(22, 43)",18,24.0
65,Greedy,D30,"(18, 90)",26,11.0
65,Greedy,D31,"(52, 27)",21,23.0
65,Greedy,D32,"(71, 67)",23,22.0
65,Greedy,D33,"(5, 1)",18,16.0
65,Greedy,D34,"(55, 44)",11,26.0
65,Greedy,D35,"(35, 95)",12,24.0
65,Greedy,D36,"(73, 27)",13,22.0
65,Greedy,D37,"(87, 70)",6,30.0
65,Greedy,D38,"(65, 32)",10,29.0
65,Auction,D10,"(5, 94)",56,26.0
65,Auction,D14,"(84, 93)",48,23.0
65,Auction,D15,"(91, 92)",47,25.0
65,Auction,D21,"(43, 100)",38,29.0
65,Auction,D24,"(0, 40)",26,16.0
65,Auction,D28,"(59, 23)",23,21.0
65,Auction,D29,"(22, 43)",18,24.0
65,Auction,D32,"(71, 67)",23,22.0
65,Auction,D33,"(5, 1)",18,16.0
65,Auction,D34,"(55, 44)",11,26.0
65,Auction,D35,"(35, 95)",12,24.0
65,Auction,D37,"(87, 70)",6,30.0
65,Auction,D38,"(65, 32)",10,29.0
65,Q-Learning,D15,"(91, 92)",47,25.0
65,Q-Learning,D21,"(43, 100)",38,29.0
65,Q-Learning,D22,"(18, 9)",31,27.0
65,Q-Learning,D25,"(59, 90)",33,23.0
65,Q-Learning,D26,"(59, 56)",26,13.0
65,Q-Learning,D27,"(25, 33)",24,29.0
65,Q-Learning,D28,"(59, 23)",23,21.0
65,Q-Learning,D29,"(22, 43)",18,24.0
65,Q-Learning,D30,"(18, 90)",26,11.0
65,Q-Learning,D31,"(52, 27)",21,23.0
65,Q-Learning,D33,"(5, 1)",18,16.0
65,Q-Learning,D34,"(55, 44)",11,26.0
65,Q-Learning,D35,"(35, 95)",12,24.0
65,Q-Learning,D36,"(73, 27)",13,22.0
65,Q-Learning,D37,"(87, 70)",6,30.0
65,Q-Learning,D38,"(65, 32)",10,29.0
66,Greedy,D19,"(35, 44)",47,20.0
66,Greedy,D20,"(81, 59)",39,23.0
66,Greedy,D21,"(43, 100)",39,29.0
66,Greedy,D22,"(18, 9)",32,27.0
66,Greedy,D24,"(0, 40)",27,16.0
66,Greedy,D25,"(59, 90)",34,23.0
66,Greedy,D26,"(59, 56)",27,13.0
66,Greedy,D27,"(25, 33)",25,29.0
66,Greedy,D28,"(59, 23)",24,21.0
66,Greedy,D29,"(22, 43)",19,24.0
66,Greedy,D30,"(18, 90)",27,11.0
66,Greedy,D31,"(52, 27)",22,23.0
66,Greedy,D32,"(71, 67)",24,22.0
66,Greedy,D33,"(5, 1)",19,16.0
66,Greedy,D34,"(55, 44)",12,26.0
66,Greedy,D35,"(35, 95)",13,24.0
66,Greedy,D36,"(73, 27)",14,22.0
66,Greedy,D37,"(87, 70)",7,30.0
66,Greedy,D38,"(65, 32)",11,29.0
66,Auction,D10,"(5, 94)",57,26.0
66,Auction,D14,"(84, 93)",49,23.0
66,Auction,D15,"(91, 92)",48,25.0
66,Auction,D21,"(43, 100)",39,29.0
66,Auction,D24,"(0, 40)",27,16.0
66,Auction,D28,"(59, 23)",24,21.0
66,Auction,D29,"(22, 43)",19,24.0
66,Auction,D32,"(71, 67)",24,22.0
66,Auction,D33,"(5, 1)",19,16.0
66,Auction,D34,"(55, 44)",12,26.0
66,Auction,D35,"(35, 95)",13,24.0
66,Auction,D37,"(87, 70)",7,30.0
66,Auction,D38,"(65, 32)",11,29.0
66,Q-Learning,D15,"(91, 92)",48,25.0
66,Q-Learning,D21,"(43, 100)",39,29.0
66,Q-Learning,D22,"(18, 9)",32,27.0
66,Q-Learning,D25,"(59, 90)",34,23.0
66,Q-Learning,D26,"(59, 56)",27,13.0
66,Q-Learning,D27,"(25, 33)",25,29.0
66,Q-Learning,D28,"(59, 23)",24,21.0
66,Q-Learning,D29,"(22, 43)",19,24.0
66,Q-Learning,D30,"(18, 90)",27,11.0
66,Q-Learning,D31,"(52, 27)",22,23.0
66,Q-Learning,D33,"(5, 1)",19,16.0
66,Q-Learning,D34,"(55, 44)",12,26.0
66,Q-Learning,D35,"(35, 95)",13,24.0
66,Q-Learning,D36,"(73, 27)",14,22.0
66,Q-Learning,D37,"(87, 70)",7,30.0
66,Q-Learning,D38,"(65, 32)",11,29.0
67,Greedy,D19,"(35, 44)",48,20.0
67,Greedy,D20,"(81, 59)",40,23.0
67,Greedy,D21,"(43, 100)",40,29.0
67,Greedy,D22,"(18, 9)",33,27.0
67,Greedy,D24,"(0, 40)",28,16.0
67,Greedy,D25,"(59, 90)",35,23.0
67,Greedy,D26,"(59, 56)",28,13.0
67,Greedy,D27,"(25, 33)",26,29.0
67,Greedy,D28,"(59, 23)",25,21.0
67,Greedy,D29,"(22, 43)",20,24.0
67,Greedy,D30,"(18, 90)",28,11.0
67,Greedy,D31,"(52, 27)",23,23.0
67,Greedy,D32,"(71, 67)",25,22.0
67,Greedy,D33,"(5, 1)",20,16.0
67,Greedy,D34,"(55, 44)",13,26.0
67,Greedy,D35,"(35, 95)",14,24.0
67,Greedy,D36,"(73, 27)",15,22.0
67,Greedy,D37,"(87, 70)",8,30.0
67,Greedy,D38,"(65, 32)",12,29.0
67,Auction,D10,"(5, 94)",58,26.0
67,Auction,D14,"(84, 93)",50,23.0
67,Auction,D15,"(91, 92)",49,25.0
67,Auction,D21,"(43, 100)",40,29.0
67,Auction,D24,"(0, 40)",28,16.0
67,Auction,D28,"(59, 23)",25,21.0
67,Auction,D29,"(22, 43)",20,24.0
67,Auction,D32,"(71, 67)",25,22.0
67,Auction,D33,"(5, 1)",20,16.0
67,Auction,D34,"(55, 44)",13,26.0
67,Auction,D35,"(35, 95)",14,24.0
67,Auction,D37,"(87, 70)",8,30.0
67,Auction,D38,"(65, 32)",12,29.0
67,Q-Learning,D15,"(91, 92)",49,25.0
67,Q-Learning,D21,"(43, 100)",40,29.0
67,Q-Learning,D22,"(18, 9)",33,27.0
67,Q-Learning,D25,"(59, 90)",35,23.0
67,Q-Learning,D26,"(59, 56)",28,13.0
67,Q-Learning,D27,"(25, 33)",26,29.0
67,Q-Learning,D28,"(59, 23)",25,21.0
67,Q-Learning,D29,"(22, 43)",20,24.0
67,Q-Learning,D30,"(18, 90)",28,11.0
67,Q-Learning,D31,"(52, 27)",23,23.0
67,Q-Learning,D33,"(5, 1)",20,16.0
67,Q-Learning,D34,"(55, 44)",13,26.0
67,Q-Learning,D35,"(35, 95)",14,24.0
67,Q-Learning,D36,"(73, 27)",15,22.0
67,Q-Learning,D37,"(87, 70)",8,30.0
67,Q-Learning,D38,"(65, 32)",12,29.0
68,Greedy,D19,"(35, 44)",49,20.0
68,Greedy,D20,"(81, 59)",41,23.0
68,Greedy,D21,"(43, 100)",41,29.0
68,Greedy,D22,"(18, 9)",34,27.0
68,Greedy,D24,"(0, 40)",29,16.0
68,Greedy,D26,"(59, 56)",29,13.0
68,Greedy,D27,"(25, 33)",27,29.0
68,Greedy,D28,"(59, 23)",26,21.0
68,Greedy,D29,"(22, 43)",21,24.0
68,Greedy,D30,"(18, 90)",29,11.0
68,Greedy,D31,"(52, 27)",24,23.0
68,Greedy,D32,"(71, 67)",26,22.0
68,Greedy,D33,"(5, 1)",21,16.0
68,Greedy,D34,"(55, 44)",14,26.0
68,Greedy,D35,"(35, 95)",15,24.0
68,Greedy,D36,"(73, 27)",16,22.0
68,Greedy,D37,"(87, 70)",9,30.0
68,Greedy,D38,"(65, 32)",13,29.0
68,Auction,D10,"(5, 94)",59,26.0
68,Auction,D14,"(84, 93)",51,23.0
68,Auction,D15,"(91, 92)",50,25.0
68,Auction,D21,"(43, 100)",41,29.0
68,Auction,D24,"(0, 40)",29,16.0
68,Auction,D28,"(59, 23)",26,21.0
68,Auction,D29,"(22, 43)",21,24.0
68,Auction,D32,"(71, 67)",26,22.0
68,Auction,D33,"(5, 1)",21,16.0
68,Auction,D34,"(55, 44)",14,26.0
68,Auction,D35,"(35, 95)",15,24.0
68,Auction,D37,"(87, 70)",9,30.0
68,Auction,D38,"(65, 32)",13,29.0
68,Q-Learning,D15,"(91, 92)",50,25.0
68,Q-Learning,D21,"(43, 100)",41,29.0
68,Q-Learning,D22,"(18, 9)",34,27.0
68,Q-Learning,D25,"(59, 90)",36,23.0
68,Q-Learning,D26,"(59, 56)",29,13.0
68,Q-Learning,D27,"(25, 33)",27,29.0
68,Q-Learning,D28,"(59, 23)",26,21.0
68,Q-Learning,D29,"(22, 43)",21,24.0
68,Q-Learning,D30,"(18, 90)",29,11.0
68,Q-Learning,D31,"(52, 27)",24,23.0
68,Q-Learning,D33,"(5, 1)",21,16.0
68,Q-Learning,D34,"(55, 44)",14,26.0
68,Q-Learning,D35,"(35, 95)",15,24.0
68,Q-Learning,D36,"(73, 27)",16,22.0
68,Q-Learning,D37,"(87, 70)",9,30.0
68,Q-Learning,D38,"(65, 32)",13,29.0
69,Greedy,D19,"(35, 44)",50,20.0
69,Greedy,D20,"(81, 59)",42,23.0
69,Greedy,D21,"(43, 100)",42,29.0
69,Greedy,D22,"(18, 9)",35,27.0
69,Greedy,D24,"(0, 40)",30,16.0
69,Greedy,D26,"(59, 56)",30,13.0
69,Greedy,D27,"(25, 33)",28,29.0
69,Greedy,D28,"(59, 23)",27,21.0
69,Greedy,D29,"(22, 43)",22,24.0
69,Greedy,D30,"(18, 90)",30,11.0
69,Greedy,D31,"(52, 27)",25,23.0
69,Greedy,D32,"(71, 67)",27,22.0
69,Greedy,D33,"(5, 1)",22,16.0
69,Greedy,D34,"(55, 44)",15,26.0
69,Greedy,D35,"(35, 95)",16,24.0
69,Greedy,D36,"(73, 27)",17,22.0
69,Greedy,D37,"(87, 70)",10,30.0
69,Greedy,D38,"(65, 32)",14,29.0
69,Auction,D10,"(5, 94)",60,26.0
69,Auction,D14,"(84, 93)",52,23.0
69,Auction,D15,"(91, 92)",51,25.0
69,Auction,D21,"(43, 100)",42,29.0
69,Auction,D24,"(0, 40)",30,16.0
69,Auction,D28,"(59, 23)",27,21.0
69,Auction,D29,"(22, 43)",22,24.0
69,Auction,D32,"(71, 67)",27,22.0
69,Auction,D33,"(5, 1)",22,16.0
69,Auction,D34,"(55, 44)",15,26.0
69,Auction,D35,"(35, 95)",16,24.0
69,Auction,D37,"(87, 70)",10,30.0
69,Auction,D38,"(65, 32)",14,29.0
69,Q-Learning,D15,"(91, 92)",51,25.0
69,Q-Learning,D21,"(43, 100)",42,29.0
69,Q-Learning,D22,"(18, 9)",35,27.0
69,Q-Learning,D25,"(59, 90)",37,23.0
69,Q-Learning,D26,"(59, 56)",30,13.0
69,Q-Learning,D27,"(25, 33)",28,29.0
69,Q-Learning,D28,"(59, 23)",27,21.0
69,Q-Learning,D29,"(22, 43)",22,24.0
69,Q-Learning,D30,"(18, 90)",30,11.0
69,Q-Learning,D31,"(52, 27)",25,23.0
69,Q-Learning,D33,"(5, 1)",22,16.0
69,Q-Learning,D34,"(55, 44)",15,26.0
69,Q-Learning,D35,"(35, 95)",16,24.0
69,Q-Learning,D36,"(73, 27)",17,22.0
69,Q-Learning,D37,"(87, 70)",10,30.0
69,Q-Learning,D38,"(65, 32)",14,29.0
70,Greedy,D19,"(35, 44)",51,20.0
70,Greedy,D20,"(81, 59)",43,23.0
70,Greedy,D21,"(43, 100)",43,29.0
70,Greedy,D22,"(18, 9)",36,27.0
70,Greedy,D24,"(0, 40)",31,16.0
70,Greedy,D26,"(59, 56)",31,13.0
70,Greedy,D27,"(25, 33)",29,29.0
70,Greedy,D28,"(59, 23)",28,21.0
70,Greedy,D29,"(22, 43)",23,24.0
70,Greedy,D30,"(18, 90)",31,11.0
70,Greedy,D31,"(52, 27)",26,23.0
70,Greedy,D32,"(71, 67)",28,22.0
70,Greedy,D33,"(5, 1)",23,16.0
70,Greedy,D34,"(55, 44)",16,26.0
70,Greedy,D35,"(35, 95)",17,24.0
70,Greedy,D36,"(73, 27)",18,22.0
70,Greedy,D37,"(87, 70)",11,30.0
70,Greedy,D38,"(65, 32)",15,29.0
70,Auction,D10,"(5, 94)",61,26.0
70,Auction,D14,"(84, 93)",53,23.0
70,Auction,D15,"(91, 92)",52,25.0
70,Auction,D21,"(43, 100)",43,29.0
70,Auction,D24,"(0, 40)",31,16.0
70,Auction,D28,"(59, 23)",28,21.0
70,Auction,D29,"(22, 43)",23,24.0
70,Auction,D32,"(71, 67)",28,22.0
70,Auction,D33,"(5, 1)",23,16.0
70,Auction,D34,"(55, 44)",16,26.0
70,Auction,D35,"(35, 95)",17,24.0
70,Auction,D37,"(87, 70)",11,30.0
70,Auction,D38,"(65, 32)",15,29.0
70,Q-Learning,D15,"(91, 92)",52,25.0
70,Q-Learning,D21,"(43, 100)",43,29.0
70,Q-Learning,D22,"(18, 9)",36,27.0
70,Q-Learning,D25,"(59, 90)",38,23.0
70,Q-Learning,D26,"(59, 56)",31,13.0
70,Q-Learning,D27,"(25, 33)",29,29.0
70,Q-Learning,D28,"(59, 23)",28,21.0
70,Q-Learning,D29,"(22, 43)",23,24.0
70,Q-Learning,D30,"(18, 90)",31,11.0
70,Q-Learning,D31,"(52, 27)",26,23.0
70,Q-Learning,D33,"(5, 1)",23,16.0
70,Q-Learning,D34,"(55, 44)",16,26.0
70,Q-Learning,D35,"(35, 95)",17,24.0
70,Q-Learning,D36,"(73, 27)",18,22.0
70,Q-Learning,D37,"(87, 70)",11,30.0
70,Q-Learning,D38,"(65, 32)",15,29.0
71,Greedy,D20,"(81, 59)",44,23.0
71,Greedy,D21,"(43, 100)",44,29.0
71,Greedy,D22,"(18, 9)",37,27.0
71,Greedy,D24,"(0, 40)",32,16.0
71,Greedy,D26,"(59, 56)",32,13.0
71,Greedy,D27,"(25, 33)",30,29.0
71,Greedy,D28,"(59, 23)",29,21.0
71,Greedy,D29,"(22, 43)",24,24.0
71,Greedy,D30,"(18, 90)",32,11.0
71,Greedy,D31,"(52, 27)",27,23.0
71,Greedy,D32,"(71, 67)",29,22.0
71,Greedy,D33,"(5, 1)",24,16.0
71,Greedy,D34,"(55, 44)",17,26.0
71,Greedy,D35,"(35, 95)",18,24.0
71,Greedy,D36,"(73, 27)",19,22.0
71,Greedy,D37,"(87, 70)",12,30.0
71,Greedy,D38,"(65, 32)",16,29.0
71,Auction,D10,"(5, 94)",62,26.0
71,Auction,D14,"(84, 93)",54,23.0
71,Auction,D15,"(91, 92)",53,25.0
71,Auction,D21,"(43, 100)",44,29.0
71,Auction,D24,"(0, 40)",32,16.0
71,Auction,D28,"(59, 23)",29,21.0
71,Auction,D29,"(22, 43)",24,24.0
71,Auction,D32,"(71, 67)",29,22.0
71,Auction,D33,"(5, 1)",24,16.0
71,Auction,D34,"(55, 44)",17,26.0
71,Auction,D35,"(35, 95)",18,24.0
71,Auction,D37,"(87, 70)",12,30.0
71,Auction,D38,"(65, 32)",16,29.0
71,Q-Learning,D15,"(91, 92)",53,25.0
71,Q-Learning,D21,"(43, 100)",44,29.0
71,Q-Learning,D22,"(18, 9)",37,27.0
71,Q-Learning,D25,"(59, 90)",39,23.0
71,Q-Learning,D26,"(59, 56)",32,13.0
71,Q-Learning,D27,"(25, 33)",30,29.0
71,Q-Learning,D28,"(59, 23)",29,21.0
71,Q-Learning,D29,"(22, 43)",24,24.0
71,Q-Learning,D30,"(18, 90)",32,11.0
71,Q-Learning,D31,"(52, 27)",27,23.0
71,Q-Learning,D33,"(5, 1)",24,16.0
71,Q-Learning,D34,"(55, 44)",17,26.0
71,Q-Learning,D35,"(35, 95)",18,24.0
71,Q-Learning,D36,"(73, 27)",19,22.0
71,Q-Learning,D37,"(87, 70)",12,30.0
71,Q-Learning,D38,"(65, 32)",16,29.0
72,Greedy,D20,"(81, 59)",45,23.0
72,Greedy,D21,"(43, 100)",45,29.0
72,Greedy,D22,"(18, 9)",38,27.0
72,Greedy,D24,"(0, 40)",33,16.0
72,Greedy,D26,"(59, 56)",33,13.0
72,Greedy,D27,"(25, 33)",31,29.0
72,Greedy,D28,"(59, 23)",30,21.0
72,Greedy,D29,"(22, 43)",25,24.0
72,Greedy,D30,"(18, 90)",33,11.0
72,Greedy,D31,"(52, 27)",28,23.0
72,Greedy,D32,"(71, 67)",30,22.0
72,Greedy,D33,"(5, 1)",25,16.0
72,Greedy,D34,"(55, 44)",18,26.0
72,Greedy,D35,"(35, 95)",19,24.0
72,Greedy,D36,"(73, 27)",20,22.0
72,Greedy,D37,"(87, 70)",13,30.0
72,Greedy,D38,"(65, 32)",17,29.0
72,Auction,D10,"(5, 94)",63,26.0
72,Auction,D14,"(84, 93)",55,23.0
72,Auction,D15,"(91, 92)",54,25.0
72,Auction,D21,"(43, 100)",45,29.0
72,Auction,D24,"(0, 40)",33,16.0
72,Auction,D28,"(59, 23)",30,21.0
72,Auction,D29,"(22, 43)",25,24.0
72,Auction,D32,"(71, 67)",30,22.0
72,Auction,D33,"(5, 1)",25,16.0
72,Auction,D34,"(55, 44)",18,26.0
72,Auction,D35,"(35, 95)",19,24.0
72,Auction,D37,"(87, 70)",13,30.0
72,Auction,D38,"(65, 32)",17,29.0
72,Q-Learning,D15,"(91, 92)",54,25.0
72,Q-Learning,D21,"(43, 100)",45,29.0
72,Q-Learning,D22,"(18, 9)",38,27.0
72,Q-Learning,D25,"(59, 90)",40,23.0
72,Q-Learning,D26,"(59, 56)",33,13.0
72,Q-Learning,D27,"(25, 33)",31,29.0
72,Q-Learning,D28,"(59, 23)",30,21.0
72,Q-Learning,D29,"(22, 43)",25,24.0
72,Q-Learning,D30,"(18, 90)",33,11.0
72,Q-Learning,D31,"(52, 27)",28,23.0
72,Q-Learning,D33,"(5, 1)",25,16.0
72,Q-Learning,D34,"(55, 44)",18,26.0
72,Q-Learning,D35,"(35, 95)",19,24.0
72,Q-Learning,D36,"(73, 27)",20,22.0
72,Q-Learning,D37,"(87, 70)",13,30.0
72,Q-Learning,D38,"(65, 32)",17,29.0
73,Greedy,D20,"(81, 59)",46,23.0
73,Greedy,D21,"(43, 100)",46,29.0
73,Greedy,D22,"(18, 9)",39,27.0
73,Greedy,D24,"(0, 40)",34,16.0
73,Greedy,D26,"(59, 56)",34,13.0
73,Greedy,D27,"(25, 33)",32,29.0
73,Greedy,D28,"(59, 23)",31,21.0
73,Greedy,D29,"(22, 43)",26,24.0
73,Greedy,D30,"(18, 90)",34,11.0
73,Greedy,D31,"(52, 27)",29,23.0
73,Greedy,D32,"(71, 67)",31,22.0
73,Greedy,D33,"(5, 1)",26,16.0
73,Greedy,D34,"(55, 44)",19,26.0
73,Greedy,D35,"(35, 95)",20,24.0
73,Greedy,D36,"(73, 27)",21,22.0
73,Greedy,D37,"(87, 70)",14,30.0
73,Greedy,D38,"(65, 32)",18,29.0
73,Greedy,D39,"(66, 23)",5,16.0
73,Auction,D10,"(5, 94)",64,26.0
73,Auction,D14,"(84, 93)",56,23.0
73,Auction,D15,"(91, 92)",55,25.0
73,Auction,D21,"(43, 100)",46,29.0
73,Auction,D24,"(0, 40)",34,16.0
73,Auction,D28,"(59, 23)",31,21.0
73,Auction,D29,"(22, 43)",26,24.0
73,Auction,D32,"(71, 67)",31,22.0
73,Auction,D33,"(5, 1)",26,16.0
73,Auction,D34,"(55, 44)",19,26.0
73,Auction,D35,"(35, 95)",20,24.0
73,Auction,D37,"(87, 70)",14,30.0
73,Auction,D38,"(65, 32)",18,29.0
73,Auction,D39,"(66, 23)",5,16.0
73,Q-Learning,D15,"(91, 92)",55,25.0
73,Q-Learning,D21,"(43, 100)",46,29.0
73,Q-Learning,D22,"(18, 9)",39,27.0
73,Q-Learning,D25,"(59, 90)",41,23.0
73,Q-Learning,D26,"(59, 56)",34,13.0
73,Q-Learning,D27,"(25, 33)",32,29.0
73,Q-Learning,D28,"(59, 23)",31,21.0
73,Q-Learning,D29,"(22, 43)",26,24.0
73,Q-Learning,D30,"(18, 90)",34,11.0
73,Q-Learning,D31,"(52, 27)",29,23.0
73,Q-Learning,D33,"(5, 1)",26,16.0
73,Q-Learning,D34,"(55, 44)",19,26.0
73,Q-Learning,D35,"(35, 95)",20,24.0
73,Q-Learning,D36,"(73, 27)",21,22.0
73,Q-Learning,D37,"(87, 70)",14,30.0
73,Q-Learning,D38,"(65, 32)",18,29.0
73,Q-Learning,D39,"(66, 23)",5,16.0
74,Greedy,D20,"(81, 59)",47,23.0
74,Greedy,D21,"(43, 100)",47,29.0
74,Greedy,D22,"(18, 9)",40,27.0
74,Greedy,D24,"(0, 40)",35,16.0
74,Greedy,D26,"(59, 56)",35,13.0
74,Greedy,D27,"(25, 33)",33,29.0
74,Greedy,D28,"(59, 23)",32,21.0
74,Greedy,D29,"(22, 43)",27,24.0
74,Greedy,D30,"(18, 90)",35,11.0
74,Greedy,D31,"(52, 27)",30,23.0
74,Greedy,D32,"(71, 67)",32,22.0
74,Greedy,D33,"(5, 1)",27,16.0
74,Greedy,D34,"(55, 44)",20,26.0
74,Greedy,D35,"(35, 95)",21,24.0
74,Greedy,D36,"(73, 27)",22,22.0
74,Greedy,D37,"(87, 70)",15,30.0
74,Greedy,D38,"(65, 32)",19,29.0
74,Greedy,D39,"(66, 23)",6,16.0
74,Greedy,D40,"(3, 18)",3,22.0
74,Auction,D10,"(5, 94)",65,26.0
74,Auction,D14,"(84, 93)",57,23.0
74,Auction,D15,"(91, 92)",56,25.0
74,Auction,D21,"(43, 100)",47,29.0
74,Auction,D24,"(0, 40)",35,16.0
74,Auction,D28,"(59, 23)",32,21.0
74,Auction,D29,"(22, 43)",27,24.0
74,Auction,D32,"(71, 67)",32,22.0
74,Auction,D33,"(5, 1)",27,16.0
74,Auction,D34,"(55, 44)",20,26.0
74,Auction,D35,"(35, 95)",21,24.0
74,Auction,D37,"(87, 70)",15,30.0
74,Auction,D38,"(65, 32)",19,29.0
74,Auction,D39,"(66, 23)",6,16.0
74,Auction,D40,"(3, 18)",3,22.0
74,Q-Learning,D15,"(91, 92)",56,25.0
74,Q-Learning,D21,"(43, 100)",47,29.0
74,Q-Learning,D22,"(18, 9)",40,27.0
74,Q-Learning,D25,"(59, 90)",42,23.0
74,Q-Learning,D26,"(59, 56)",35,13.0
74,Q-Learning,D27,"(25, 33)",33,29.0
74,Q-Learning,D28,"(59, 23)",32,21.0
74,Q-Learning,D29,"(22, 43)",27,24.0
74,Q-Learning,D30,"(18, 90)",35,11.0
74,Q-Learning,D31,"(52, 27)",30,23.0
74,Q-Learning,D33,"(5, 1)",27,16.0
74,Q-Learning,D34,"(55, 44)",20,26.0
74,Q-Learning,D35,"(35, 95)",21,24.0
74,Q-Learning,D36,"(73, 27)",22,22.0
74,Q-Learning,D37,"(87, 70)",15,30.0
74,Q-Learning,D38,"(65, 32)",19,29.0
74,Q-Learning,D39,"(66, 23)",6,16.0
74,Q-Learning,D40,"(3, 18)",3,22.0
75,Greedy,D20,"(81, 59)",48,23.0
75,Greedy,D21,"(43, 100)",48,29.0
75,Greedy,D22,"(18, 9)",41,27.0
75,Greedy,D24,"(0, 40)",36,16.0
75,Greedy,D26,"(59, 56)",36,13.0
75,Greedy,D27,"(25, 33)",34,29.0
75,Greedy,D28,"(59, 23)",33,21.0
75,Greedy,D29,"(22, 43)",28,24.0
75,Greedy,D30,"(18, 90)",36,11.0
75,Greedy,D31,"(52, 27)",31,23.0
75,Greedy,D32,"(71, 67)",33,22.0
75,Greedy,D33,"(5, 1)",28,16.0
75,Greedy,D34,"(55, 44)",21,26.0
75,Greedy,D35,"(35, 95)",22,24.0
75,Greedy,D36,"(73, 27)",23,22.0
75,Greedy,D37,"(87, 70)",16,30.0
75,Greedy,D38,"(65, 32)",20,29.0
75,Greedy,D39,"(66, 23)",7,16.0
75,Greedy,D40,"(3, 18)",4,22.0
75,Auction,D10,"(5, 94)",66,26.0
75,Auction,D14,"(84, 93)",58,23.0
75,Auction,D15,"(91, 92)",57,25.0
75,Auction,D21,"(43, 100)",48,29.0
75,Auction,D24,"(0, 40)",36,16.0
75,Auction,D28,"(59, 23)",33,21.0
75,Auction,D29,"(22, 43)",28,24.0
75,Auction,D32,"(71, 67)",33,22.0
75,Auction,D33,"(5, 1)",28,16.0
75,Auction,D34,"(55, 44)",21,26.0
75,Auction,D35,"(35, 95)",22,24.0
75,Auction,D37,"(87, 70)",16,30.0
75,Auction,D38,"(65, 32)",20,29.0
75,Auction,D39,"(66, 23)",7,16.0
75,Auction,D40,"(3, 18)",4,22.0
75,Q-Learning,D15,"(91, 92)",57,25.0
75,Q-Learning,D21,"(43, 100)",48,29.0
75,Q-Learning,D22,"(18, 9)",41,27.0
75,Q-Learning,D25,"(59, 90)",43,23.0
75,Q-Learning,D26,"(59, 56)",36,13.0
75,Q-Learning,D27,"(25, 33)",34,29.0
75,Q-Learning,D28,"(59, 23)",33,21.0
75,Q-Learning,D29,"(22, 43)",28,24.0
75,Q-Learning,D30,"(18, 90)",36,11.0
75,Q-Learning,D31,"(52, 27)",31,23.0
75,Q-Learning,D33,"(5, 1)",28,16.0
75,Q-Learning,D34,"(55, 44)",21,26.0
75,Q-Learning,D35,"(35, 95)",22,24.0
75,Q-Learning,D36,"(73, 27)",23,22.0
75,Q-Learning,D37,"(87, 70)",16,30.0
75,Q-Learning,D38,"(65, 32)",20,29.0
75,Q-Learning,D39,"(66, 23)",7,16.0
75,Q-Learning,D40,"(3, 18)",4,22.0
76,Greedy,D20,"(81, 59)",49,23.0
76,Greedy,D21,"(43, 100)",49,29.0
76,Greedy,D22,"(18, 9)",42,27.0
76,Greedy,D24,"(0, 40)",37,16.0
76,Greedy,D26,"(59, 56)",37,13.0
76,Greedy,D27,"(25, 33)",35,29.0
76,Greedy,D28,"(59, 23)",34,21.0
76,Greedy,D29,"(22, 43)",29,24.0
76,Greedy,D30,"(18, 90)",37,11.0
76,Greedy,D31,"(52, 27)",32,23.0
76,Greedy,D32,"(71, 67)",34,22.0
76,Greedy,D33,"(5, 1)",29,16.0
76,Greedy,D34,"(55, 44)",22,26.0
76,Greedy,D35,"(35, 95)",23,24.0
76,Greedy,D36,"(73, 27)",24,22.0
76,Greedy,D37,"(87, 70)",17,30.0
76,Greedy,D38,"(65, 32)",21,29.0
76,Greedy,D39,"(66, 23)",8,16.0
76,Greedy,D40,"(3, 18)",5,22.0
76,Greedy,D41,"(46, 19)",4,25.0
76,Auction,D10,"(5, 94)",67,26.0
76,Auction,D14,"(84, 93)",59,23.0
76,Auction,D15,"(91, 92)",58,25.0
76,Auction,D21,"(43, 100)",49,29.0
76,Auction,D24,"(0, 40)",37,16.0
76,Auction,D28,"(59, 23)",34,21.0
76,Auction,D29,"(22, 43)",29,24.0
76,Auction,D32,"(71, 67)",34,22.0
76,Auction,D33,"(5, 1)",29,16.0
76,Auction,D34,"(55, 44)",22,26.0
76,Auction,D35,"(35, 95)",23,24.0
76,Auction,D37,"(87, 70)",17,30.0
76,Auction,D38,"(65, 32)",21,29.0
76,Auction,D39,"(66, 23)",8,16.0
76,Auction,D40,"(3, 18)",5,22.0
76,Auction,D41,"(46, 19)",4,25.0
76,Q-Learning,D15,"(91, 92)",58,25.0
76,Q-Learning,D21,"(43, 100)",49,29.0
76,Q-Learning,D22,"(18, 9)",42,27.0
76,Q-Learning,D25,"(59, 90)",44,23.0
76,Q-Learning,D26,"(59, 56)",37,13.0
76,Q-Learning,D27,"(25, 33)",35,29.0
76,Q-Learning,D28,"(59, 23)",34,21.0
76,Q-Learning,D29,"(22, 43)",29,24.0
76,Q-Learning,D30,"(18, 90)",37,11.0
76,Q-Learning,D31,"(52, 27)",32,23.0
76,Q-Learning,D33,"(5, 1)",29,16.0
76,Q-Learning,D34,"(55, 44)",22,26.0
76,Q-Learning,D35,"(35, 95)",23,24.0
76,Q-Learning,D36,"(73, 27)",24,22.0
76,Q-Learning,D37,"(87, 70)",17,30.0
76,Q-Learning,D38,"(65, 32)",21,29.0
76,Q-Learning,D39,"(66, 23)",8,16.0
76,Q-Learning,D40,"(3, 18)",5,22.0
76,Q-Learning,D41,"(46, 19)",4,25.0
77,Greedy,D20,"(81, 59)",50,23.0
77,Greedy,D21,"(43, 100)",50,29.0
77,Greedy,D22,"(18, 9)",43,27.0
77,Greedy,D24,"(0, 40)",38,16.0
77,Greedy,D26,"(59, 56)",38,13.0
77,Greedy,D27,"(25, 33)",36,29.0
77,Greedy,D28,"(59, 23)",35,21.0
77,Greedy,D29,"(22, 43)",30,24.0
77,Greedy,D30,"(18, 90)",38,11.0
77,Greedy,D31,"(52, 27)",33,23.0
77,Greedy,D32,"(71, 67)",35,22.0
77,Greedy,D33,"(5, 1)",30,16.0
77,Greedy,D34,"(55, 44)",23,26.0
77,Greedy,D35,"(35, 95)",24,24.0
77,Greedy,D36,"(73, 27)",25,22.0
77,Greedy,D37,"(87, 70)",18,30.0
77,Greedy,D38,"(65, 32)",22,29.0
77,Greedy,D39,"(66, 23)",9,16.0
77,Greedy,D40,"(3, 18)",6,22.0
77,Greedy,D41,"(46, 19)",5,25.0
77,Greedy,D42,"(63, 73)",5,25.0
77,Auction,D10,"(5, 94)",68,26.0
77,Auction,D14,"(84, 93)",60,23.0
77,Auction,D15,"(91, 92)",59,25.0
77,Auction,D21,"(43, 100)",50,29.0
77,Auction,D24,"(0, 40)",38,16.0
77,Auction,D28,"(59, 23)",35,21.0
77,Auction,D29,"(22, 43)",30,24.0
77,Auction,D32,"(71, 67)",35,22.0
77,Auction,D33,"(5, 1)",30,16.0
77,Auction,D34,"(55, 44)",23,26.0
77,Auction,D35,"(35, 95)",24,24.0
77,Auction,D37,"(87, 70)",18,30.0
77,Auction,D38,"(65, 32)",22,29.0
77,Auction,D39,"(66, 23)",9,16.0
77,Auction,D40,"(3, 18)",6,22.0
77,Auction,D41,"(46, 19)",5,25.0
77,Auction,D42,"(63, 73)",5,25.0
77,Q-Learning,D15,"(91, 92)",59,25.0
77,Q-Learning,D21,"(43, 100)",50,29.0
77,Q-Learning,D22,"(18, 9)",43,27.0
77,Q-Learning,D25,"(59, 90)",45,23.0
77,Q-Learning,D26,"(59, 56)",38,13.0
77,Q-Learning,D27,"(25, 33)",36,29.0
77,Q-Learning,D28,"(59, 23)",35,21.0
77,Q-Learning,D29,"(22, 43)",30,24.0
77,Q-Learning,D30,"(18, 90)",38,11.0
77,Q-Learning,D31,"(52, 27)",33,23.0
77,Q-Learning,D33,"(5, 1)",30,16.0
77,Q-Learning,D34,"(55, 44)",23,26.0
77,Q-Learning,D35,"(35, 95)",24,24.0
77,Q-Learning,D36,"(73, 27)",25,22.0
77,Q-Learning,D37,"(87, 70)",18,30.0
77,Q-Learning,D38,"(65, 32)",22,29.0
77,Q-Learning,D39,"(66, 23)",9,16.0
77,Q-Learning,D40,"(3, 18)",6,22.0
77,Q-Learning,D41,"(46, 19)",5,25.0
77,Q-Learning,D42,"(63, 73)",5,25.0
78,Greedy,D20,"(81, 59)",51,23.0
78,Greedy,D21,"(43, 100)",51,29.0
78,Greedy,D22,"(18, 9)",44,27.0
78,Greedy,D24,"(0, 40)",39,16.0
78,Greedy,D26,"(59, 56)",39,13.0
78,Greedy,D27,"(25, 33)",37,29.0
78,Greedy,D28,"(59, 23)",36,21.0
78,Greedy,D29,"(22, 43)",31,24.0
78,Greedy,D30,"(18, 90)",39,11.0
78,Greedy,D31,"(52, 27)",34,23.0
78,Greedy,D32,"(71, 67)",36,22.0
78,Greedy,D33,"(5, 1)",31,16.0
78,Greedy,D34,"(55, 44)",24,26.0
78,Greedy,D35,"(35, 95)",25,24.0
78,Greedy,D36,"(73, 27)",26,22.0
78,Greedy,D37,"(87, 70)",19,30.0
78,Greedy,D38,"(65, 32)",23,29.0
78,Greedy,D39,"(66, 23)",10,16.0
78,Greedy,D40,"(3, 18)",7,22.0
78,Greedy,D41,"(46, 19)",6,25.0
78,Greedy,D42,"(63, 73)",6,25.0
78,Greedy,D43,"(54, 19)",7,17.0
78,Auction,D10,"(5, 94)",69,26.0
78,Auction,D14,"(84, 93)",61,23.0
78,Auction,D15,"(91, 92)",60,25.0
78,Auction,D21,"(43, 100)",51,29.0
78,Auction,D24,"(0, 40)",39,16.0
78,Auction,D28,"(59, 23)",36,21.0
78,Auction,D29,"(22, 43)",31,24.0
78,Auction,D32,"(71, 67)",36,22.0
78,Auction,D33,"(5, 1)",31,16.0
78,Auction,D34,"(55, 44)",24,26.0
78,Auction,D35,"(35, 95)",25,24.0
78,Auction,D37,"(87, 70)",19,30.0
78,Auction,D38,"(65, 32)",23,29.0
78,Auction,D39,"(66, 23)",10,16.0
78,Auction,D40,"(3, 18)",7,22.0
78,Auction,D41,"(46, 19)",6,25.0
78,Auction,D42,"(63, 73)",6,25.0
78,Auction,D43,"(54, 19)",7,17.0
78,Q-Learning,D15,"(91, 92)",60,25.0
78,Q-Learning,D21,"(43, 100)",51,29.0
78,Q-Learning,D22,"(18, 9)",44,27.0
78,Q-Learning,D25,"(59, 90)",46,23.0
78,Q-Learning,D26,"(59, 56)",39,13.0
78,Q-Learning,D27,"(25, 33)",37,29.0
78,Q-Learning,D28,"(59, 23)",36,21.0
78,Q-Learning,D29,"(22, 43)",31,24.0
78,Q-Learning,D30,"(18, 90)",39,11.0
78,Q-Learning,D31,"(52, 27)",34,23.0
78,Q-Learning,D33,"(5, 1)",31,16.0
78,Q-Learning,D34,"(55, 44)",24,26.0
78,Q-Learning,D35,"(35, 95)",25,24.0
78,Q-Learning,D36,"(73, 27)",26,22.0
78,Q-Learning,D37,"(87, 70)",19,30.0
78,Q-Learning,D38,"(65, 32)",23,29.0
78,Q-Learning,D39,"(66, 23)",10,16.0
78,Q-Learning,D40,"(3, 18)",7,22.0
78,Q-Learning,D41,"(46, 19)",6,25.0
78,Q-Learning,D42,"(63, 73)",6,25.0
78,Q-Learning,D43,"(54, 19)",7,17.0
79,Greedy,D20,"(81, 59)",52,23.0
79,Greedy,D21,"(43, 100)",52,29.0
79,Greedy,D22,"(18, 9)",45,27.0
79,Greedy,D24,"(0, 40)",40,16.0
79,Greedy,D26,"(59, 56)",40,13.0
79,Greedy,D27,"(25, 33)",38,29.0
79,Greedy,D28,"(59, 23)",37,21.0
79,Greedy,D29,"(22, 43)",32,24.0
79,Greedy,D30,"(18, 90)",40,11.0
79,Greedy,D31,"(52, 27)",35,23.0
79,Greedy,D32,"(71, 67)",37,22.0
79,Greedy,D33,"(5, 1)",32,16.0
79,Greedy,D34,"(55, 44)",25,26.0
79,Greedy,D35,"(35, 95)",26,24.0
79,Greedy,D36,"(73, 27)",27,22.0
79,Greedy,D37,"(87, 70)",20,30.0
79,Greedy,D38,"(65, 32)",24,29.0
79,Greedy,D39,"(66, 23)",11,16.0
79,Greedy,D40,"(3, 18)",8,22.0
79,Greedy,D41,"(46, 19)",7,25.0
79,Greedy,D42,"(63, 73)",7,25.0
79,Greedy,D43,"(54, 19)",8,17.0
79,Greedy,D44,"(41, 38)",4,27.0
79,Auction,D10,"(5, 94)",70,26.0
79,Auction,D14,"(84, 93)",62,23.0
79,Auction,D15,"(91, 92)",61,25.0
79,Auction,D21,"(43, 100)",52,29.0
79,Auction,D24,"(0, 40)",40,16.0
79,Auction,D28,"(59, 23)",37,21.0
79,Auction,D29,"(22, 43)",32,24.0
79,Auction,D32,"(71, 67)",37,22.0
79,Auction,D33,"(5, 1)",32,16.0
79,Auction,D34,"(55, 44)",25,26.0
79,Auction,D35,"(35, 95)",26,24.0
79,Auction,D37,"(87, 70)",20,30.0
79,Auction,D38,"(65, 32)",24,29.0
79,Auction,D39,"(66, 23)",11,16.0
79,Auction,D40,"(3, 18)",8,22.0
79,Auction,D41,"(46, 19)",7,25.0
79,Auction,D42,"(63, 73)",7,25.0
79,Auction,D43,"(54, 19)",8,17.0
79,Auction,D44,"(41, 38)",4,27.0
79,Q-Learning,D15,"(91, 92)",61,25.0
79,Q-Learning,D21,"(43, 100)",52,29.0
79,Q-Learning,D22,"(18, 9)",45,27.0
79,Q-Learning,D25,"(59, 90)",47,23.0
79,Q-Learning,D26,"(59, 56)",40,13.0
79,Q-Learning,D27,"(25, 33)",38,29.0
79,Q-Learning,D28,"(59, 23)",37,21.0
79,Q-Learning,D29,"(22, 43)",32,24.0
79,Q-Learning,D30,"(18, 90)",40,11.0
79,Q-Learning,D31,"(52, 27)",35,23.0
79,Q-Learning,D33,"(5, 1)",32,16.0
79,Q-Learning,D34,"(55, 44)",25,26.0
79,Q-Learning,D35,"(35, 95)",26,24.0
79,Q-Learning,D36,"(73, 27)",27,22.0
79,Q-Learning,D37,"(87, 70)",20,30.0
79,Q-Learning,D38,"(65, 32)",24,29.0
79,Q-Learning,D39,"(66, 23)",11,16.0
79,Q-Learning,D40,"(3, 18)",8,22.0
79,Q-Learning,D41,"(46, 19)",7,25.0
79,Q-Learning,D42,"(63, 73)",7,25.0
79,Q-Learning,D43,"(54, 19)",8,17.0
79,Q-Learning,D44,"(41, 38)",4,27.0
80,Greedy,D20,"(81, 59)",53,23.0
80,Greedy,D21,"(43, 100)",53,29.0
80,Greedy,D22,"(18, 9)",46,27.0
80,Greedy,D24,"(0, 40)",41,16.0
80,Greedy,D27,"(25, 33)",39,29.0
80,Greedy,D28,"(59, 23)",38,21.0
80,Greedy,D29,"(22, 43)",33,24.0
80,Greedy,D30,"(18, 90)",41,11.0
80,Greedy,D31,"(52, 27)",36,23.0
80,Greedy,D32,"(71, 67)",38,22.0
80,Greedy,D33,"(5, 1)",33,16.0
80,Greedy,D34,"(55, 44)",26,26.0
80,Greedy,D35,"(35, 95)",27,24.0
80,Greedy,D36,"(73, 27)",28,22.0
80,Greedy,D37,"(87, 70)",21,30.0
80,Greedy,D38,"(65, 32)",25,29.0
80,Greedy,D39,"(66, 23)",12,16.0
80,Greedy,D40,"(3, 18)",9,22.0
80,Greedy,D41,"(46, 19)",8,25.0
80,Greedy,D42,"(63, 73)",8,25.0
80,Greedy,D43,"(54, 19)",9,17.0
80,Greedy,D44,"(41, 38)",5,27.0
80,Auction,D10,"(5, 94)",71,26.0
80,Auction,D14,"(84, 93)",63,23.0
80,Auction,D15,"(91, 92)",62,25.0
80,Auction,D21,"(43, 100)",53,29.0
80,Auction,D24,"(0, 40)",41,16.0
80,Auction,D28,"(59, 23)",38,21.0
80,Auction,D29,"(22, 43)",33,24.0
80,Auction,D32,"(71, 67)",38,22.0
80,Auction,D33,"(5, 1)",33,16.0
80,Auction,D34,"(55, 44)",26,26.0
80,Auction,D35,"(35, 95)",27,24.0
80,Auction,D37,"(87, 70)",21,30.0
80,Auction,D38,"(65, 32)",25,29.0
80,Auction,D39,"(66, 23)",12,16.0
80,Auction,D40,"(3, 18)",9,22.0
80,Auction,D41,"(46, 19)",8,25.0
80,Auction,D42,"(63, 73)",8,25.0
80,Auction,D43,"(54, 19)",9,17.0
80,Auction,D44,"(41, 38)",5,27.0
80,Q-Learning,D15,"(91, 92)",62,25.0
80,Q-Learning,D21,"(43, 100)",53,29.0
80,Q-Learning,D22,"(18, 9)",46,27.0
80,Q-Learning,D25,"(59, 90)",48,23.0
80,Q-Learning,D26,"(59, 56)",41,13.0
80,Q-Learning,D27,"(25, 33)",39,29.0
80,Q-Learning,D28,"(59, 23)",38,21.0
80,Q-Learning,D29,"(22, 43)",33,24.0
80,Q-Learning,D30,"(18, 90)",41,11.0
80,Q-Learning,D31,"(52, 27)",36,23.0
80,Q-Learning,D33,"(5, 1)",33,16.0
80,Q-Learning,D34,"(55, 44)",26,26.0
80,Q-Learning,D35,"(35, 95)",27,24.0
80,Q-Learning,D36,"(73, 27)",28,22.0
80,Q-Learning,D37,"(87, 70)",21,30.0
80,Q-Learning,D38,"(65, 32)",25,29.0
80,Q-Learning,D39,"(66, 23)",12,16.0
80,Q-Learning,D40,"(3, 18)",9,22.0
80,Q-Learning,D41,"(46, 19)",8,25.0
80,Q-Learning,D42,"(63, 73)",8,25.0
80,Q-Learning,D43,"(54, 19)",9,17.0
80,Q-Learning,D44,"(41, 38)",5,27.0
81,Greedy,D20,"(81, 59)",54,23.0
81,Greedy,D21,"(43, 100)",54,29.0
81,Greedy,D22,"(18, 9)",47,27.0
81,Greedy,D24,"(0, 40)",42,16.0
81,Greedy,D27,"(25, 33)",40,29.0
81,Greedy,D28,"(59, 23)",39,21.0
81,Greedy,D29,"(22, 43)",34,24.0
81,Greedy,D30,"(18, 90)",42,11.0
81,Greedy,D31,"(52, 27)",37,23.0
81,Greedy,D32,"(71, 67)",39,22.0
81,Greedy,D33,"(5, 1)",34,16.0
81,Greedy,D34,"(55, 44)",27,26.0
81,Greedy,D35,"(35, 95)",28,24.0
81,Greedy,D36,"(73, 27)",29,22.0
81,Greedy,D37,"(87, 70)",22,30.0
81,Greedy,D38,"(65, 32)",26,29.0
81,Greedy,D39,"(66, 23)",13,16.0
81,Greedy,D40,"(3, 18)",10,22.0
81,Greedy,D41,"(46, 19)",9,25.0
81,Greedy,D42,"(63, 73)",9,25.0
81,Greedy,D43,"(54, 19)",10,17.0
81,Greedy,D44,"(41, 38)",6,27.0
81,Greedy,D45,"(5, 9)",6,11.0
81,Auction,D10,"(5, 94)",72,26.0
81,Auction,D14,"(84, 93)",64,23.0
81,Auction,D15,"(91, 92)",63,25.0
81,Auction,D21,"(43, 100)",54,29.0
81,Auction,D24,"(0, 40)",42,16.0
81,Auction,D28,"(59, 23)",39,21.0
81,Auction,D29,"(22, 43)",34,24.0
81,Auction,D32,"(71, 67)",39,22.0
81,Auction,D33,"(5, 1)",34,16.0
81,Auction,D34,"(55, 44)",27,26.0
81,Auction,D35,"(35, 95)",28,24.0
81,Auction,D37,"(87, 70)",22,30.0
81,Auction,D38,"(65, 32)",26,29.0
81,Auction,D39,"(66, 23)",13,16.0
81,Auction,D40,"(3, 18)",10,22.0
81,Auction,D41,"(46, 19)",9,25.0
81,Auction,D42,"(63, 73)",9,25.0
81,Auction,D43,"(54, 19)",10,17.0
81,Auction,D44,"(41, 38)",6,27.0
81,Auction,D45,"(5, 9)",6,11.0
81,Q-Learning,D15,"(91, 92)",63,25.0
81,Q-Learning,D21,"(43, 100)",54,29.0
81,Q-Learning,D22,"(18, 9)",47,27.0
81,Q-Learning,D25,"(59, 90)",49,23.0
81,Q-Learning,D26,"(59, 56)",42,13.0
81,Q-Learning,D27,"(25, 33)",40,29.0
81,Q-Learning,D28,"(59, 23)",39,21.0
81,Q-Learning,D29,"(22, 43)",34,24.0
81,Q-Learning,D30,"(18, 90)",42,11.0
81,Q-Learning,D31,"(52, 27)",37,23.0
81,Q-Learning,D33,"(5, 1)",34,16.0
81,Q-Learning,D34,"(55, 44)",27,26.0
81,Q-Learning,D35,"(35, 95)",28,24.0
81,Q-Learning,D36,"(73, 27)",29,22.0
81,Q-Learning,D37,"(87, 70)",22,30.0
81,Q-Learning,D38,"(65, 32)",26,29.0
81,Q-Learning,D39,"(66, 23)",13,16.0
81,Q-Learning,D40,"(3, 18)",10,22.0
81,Q-Learning,D41,"(46, 19)",9,25.0
81,Q-Learning,D42,"(63, 73)",9,25.0
81,Q-Learning,D43,"(54, 19)",10,17.0
81,Q-Learning,D44,"(41, 38)",6,27.0
81,Q-Learning,D45,"(5, 9)",6,11.0
82,Greedy,D20,"(81, 59)",55,23.0
82,Greedy,D21,"(43, 100)",55,29.0
82,Greedy,D22,"(18, 9)",48,27.0
82,Greedy,D24,"(0, 40)",43,16.0
82,Greedy,D27,"(25, 33)",41,29.0
82,Greedy,D28,"(59, 23)",40,21.0
82,Greedy,D29,"(22, 43)",35,24.0
82,Greedy,D30,"(18, 90)",43,11.0
82,Greedy,D31,"(52, 27)",38,23.0
82,Greedy,D32,"(71, 67)",40,22.0
82,Greedy,D33,"(5, 1)",35,16.0
82,Greedy,D34,"(55, 44)",28,26.0
82,Greedy,D35,"(35, 95)",29,24.0
82,Greedy,D36,"(73, 27)",30,22.0
82,Greedy,D37,"(87, 70)",23,30.0
82,Greedy,D38,"(65, 32)",27,29.0
82,Greedy,D39,"(66, 23)",14,16.0
82,Greedy,D40,"(3, 18)",11,22.0
82,Greedy,D41,"(46, 19)",10,25.0
82,Greedy,D42,"(63, 73)",10,25.0
82,Greedy,D43,"(54, 19)",11,17.0
82,Greedy,D44,"(41, 38)",7,27.0
82,Greedy,D45,"(5, 9)",7,11.0
82,Greedy,D46,"(85, 63)",7,16.0
82,Auction,D10,"(5, 94)",73,26.0
82,Auction,D14,"(84, 93)",65,23.0
82,Auction,D15,"(91, 92)",64,25.0
82,Auction,D21,"(43, 100)",55,29.0
82,Auction,D24,"(0, 40)",43,16.0
82,Auction,D28,"(59, 23)",40,21.0
82,Auction,D29,"(22, 43)",35,24.0
82,Auction,D32,"(71, 67)",40,22.0
82,Auction,D33,"(5, 1)",35,16.0
82,Auction,D34,"(55, 44)",28,26.0
82,Auction,D35,"(35, 95)",29,24.0
82,Auction,D37,"(87, 70)",23,30.0
82,Auction,D38,"(65, 32)",27,29.0
82,Auction,D39,"(66, 23)",14,16.0
82,Auction,D40,"(3, 18)",11,22.0
82,Auction,D41,"(46, 19)",10,25.0
82,Auction,D42,"(63, 73)",10,25.0
82,Auction,D43,"(54, 19)",11,17.0
82,Auction,D44,"(41, 38)",7,27.0
82,Auction,D45,"(5, 9)",7,11.0
82,Q-Learning,D15,"(91, 92)",64,25.0
82,Q-Learning,D21,"(43, 100)",55,29.0
82,Q-Learning,D22,"(18, 9)",48,27.0
82,Q-Learning,D25,"(59, 90)",50,23.0
82,Q-Learning,D26,"(59, 56)",43,13.0
82,Q-Learning,D27,"(25, 33)",41,29.0
82,Q-Learning,D28,"(59, 23)",40,21.0
82,Q-Learning,D29,"(22, 43)",35,24.0
82,Q-Learning,D30,"(18, 90)",43,11.0
82,Q-Learning,D31,"(52, 27)",38,23.0
82,Q-Learning,D33,"(5, 1)",35,16.0
82,Q-Learning,D34,"(55, 44)",28,26.0
82,Q-Learning,D35,"(35, 95)",29,24.0
82,Q-Learning,D36,"(73, 27)",30,22.0
82,Q-Learning,D37,"(87, 70)",23,30.0
82,Q-Learning,D38,"(65, 32)",27,29.0
82,Q-Learning,D39,"(66, 23)",14,16.0
82,Q-Learning,D40,"(3, 18)",11,22.0
82,Q-Learning,D41,"(46, 19)",10,25.0
82,Q-Learning,D42,"(63, 73)",10,25.0
82,Q-Learning,D43,"(54, 19)",11,17.0
82,Q-Learning,D44,"(41, 38)",7,27.0
82,Q-Learning,D45,"(5, 9)",7,11.0
82,Q-Learning,D46,"(85, 63)",7,16.0
83,Greedy,D20,"(81, 59)",56,23.0
83,Greedy,D21,"(43, 100)",56,29.0
83,Greedy,D22,"(18, 9)",49,27.0
83,Greedy,D24,"(0, 40)",44,16.0
83,Greedy,D27,"(25, 33)",42,29.0
83,Greedy,D28,"(59, 23)",41,21.0
83,Greedy,D29,"(22, 43)",36,24.0
83,Greedy,D30,"(18, 90)",44,11.0
83,Greedy,D31,"(52, 27)",39,23.0
83,Greedy,D32,"(71, 67)",41,22.0
83,Greedy,D33,"(5, 1)",36,16.0
83,Greedy,D34,"(55, 44)",29,26.0
83,Greedy,D35,"(35, 95)",30,24.0
83,Greedy,D36,"(73, 27)",31,22.0
83,Greedy,D37,"(87, 70)",24,30.0
83,Greedy,D38,"(65, 32)",28,29.0
83,Greedy,D39,"(66, 23)",15,16.0
83,Greedy,D40,"(3, 18)",12,22.0
83,Greedy,D41,"(46, 19)",11,25.0
83,Greedy,D42,"(63, 73)",11,25.0
83,Greedy,D43,"(54, 19)",12,17.0
83,Greedy,D44,"(41, 38)",8,27.0
83,Greedy,D45,"(5, 9)",8,11.0
83,Greedy,D46,"(85, 63)",8,16.0
83,Greedy,D47,"(59, 13)",7,27.0
83,Auction,D10,"(5, 94)",74,26.0
83,Auction,D14,"(84, 93)",66,23.0
83,Auction,D15,"(91, 92)",65,25.0
83,Auction,D21,"(43, 100)",56,29.0
83,Auction,D24,"(0, 40)",44,16.0
83,Auction,D28,"(59, 23)",41,21.0
83,Auction,D29,"(22, 43)",36,24.0
83,Auction,D32,"(71, 67)",41,22.0
83,Auction,D33,"(5, 1)",36,16.0
83,Auction,D34,"(55, 44)",29,26.0
83,Auction,D35,"(35, 95)",30,24.0
83,Auction,D37,"(87, 70)",24,30.0
83,Auction,D38,"(65, 32)",28,29.0
83,Auction,D39,"(66, 23)",15,16.0
83,Auction,D40,"(3, 18)",12,22.0
83,Auction,D41,"(46, 19)",11,25.0
83,Auction,D42,"(63, 73)",11,25.0
83,Auction,D43,"(54, 19)",12,17.0
83,Auction,D44,"(41, 38)",8,27.0
83,Auction,D47,"(59, 13)",7,27.0
83,Q-Learning,D15,"(91, 92)",65,25.0
83,Q-Learning,D21,"(43, 100)",56,29.0
83,Q-Learning,D22,"(18, 9)",49,27.0
83,Q-Learning,D25,"(59, 90)",51,23.0
83,Q-Learning,D26,"(59, 56)",44,13.0
83,Q-Learning,D27,"(25, 33)",42,29.0
83,Q-Learning,D28,"(59, 23)",41,21.0
83,Q-Learning,D29,"(22, 43)",36,24.0
83,Q-Learning,D30,"(18, 90)",44,11.0
83,Q-Learning,D31,"(52, 27)",39,23.0
83,Q-Learning,D33,"(5, 1)",36,16.0
83,Q-Learning,D34,"(55, 44)",29,26.0
83,Q-Learning,D35,"(35, 95)",30,24.0
83,Q-Learning,D36,"(73, 27)",31,22.0
83,Q-Learning,D37,"(87, 70)",24,30.0
83,Q-Learning,D38,"(65, 32)",28,29.0
83,Q-Learning,D39,"(66, 23)",15,16.0
83,Q-Learning,D40,"(3, 18)",12,22.0
83,Q-Learning,D41,"(46, 19)",11,25.0
83,Q-Learning,D42,"(63, 73)",11,25.0
83,Q-Learning,D43,"(54, 19)",12,17.0
83,Q-Learning,D44,"(41, 38)",8,27.0
83,Q-Learning,D45,"(5, 9)",8,11.0
83,Q-Learning,D46,"(85, 63)",8,16.0
83,Q-Learning,D47,"(59, 13)",7,27.0
84,Greedy,D20,"(81, 59)",57,23.0
84,Greedy,D21,"(43, 100)",57,29.0
84,Greedy,D22,"(18, 9)",50,27.0
84,Greedy,D24,"(0, 40)",45,16.0
84,Greedy,D27,"(25, 33)",43,29.0
84,Greedy,D28,"(59, 23)",42,21.0
84,Greedy,D29,"(22, 43)",37,24.0
84,Greedy,D30,"(18, 90)",45,11.0
84,Greedy,D31,"(52, 27)",40,23.0
84,Greedy,D32,"(71, 67)",42,22.0
84,Greedy,D33,"(5, 1)",37,16.0
84,Greedy,D34,"(55, 44)",30,26.0
84,Greedy,D35,"(35, 95)",31,24.0
84,Greedy,D36,"(73, 27)",32,22.0
84,Greedy,D37,"(87, 70)",25,30.0
84,Greedy,D38,"(65, 32)",29,29.0
84,Greedy,D39,"(66, 23)",16,16.0
84,Greedy,D40,"(3, 18)",13,22.0
84,Greedy,D41,"(46, 19)",12,25.0
84,Greedy,D42,"(63, 73)",12,25.0
84,Greedy,D43,"(54, 19)",13,17.0
84,Greedy,D44,"(41, 38)",9,27.0
84,Greedy,D45,"(5, 9)",9,11.0
84,Greedy,D46,"(85, 63)",9,16.0
84,Greedy,D47,"(59, 13)",8,27.0
84,Greedy,D48,"(99, 38)",7,23.0
84,Auction,D10,"(5, 94)",75,26.0
84,Auction,D14,"(84, 93)",67,23.0
84,Auction,D15,"(91, 92)",66,25.0
84,Auction,D21,"(43, 100)",57,29.0
84,Auction,D24,"(0, 40)",45,16.0
84,Auction,D28,"(59, 23)",42,21.0
84,Auction,D29,"(22, 43)",37,24.0
84,Auction,D32,"(71, 67)",42,22.0
84,Auction,D33,"(5, 1)",37,16.0
84,Auction,D34,"(55, 44)",30,26.0
84,Auction,D35,"(35, 95)",31,24.0
84,Auction,D37,"(87, 70)",25,30.0
84,Auction,D38,"(65, 32)",29,29.0
84,Auction,D39,"(66, 23)",16,16.0
84,Auction,D40,"(3, 18)",13,22.0
84,Auction,D41,"(46, 19)",12,25.0
84,Auction,D42,"(63, 73)",12,25.0
84,Auction,D43,"(54, 19)",13,17.0
84,Auction,D44,"(41, 38)",9,27.0
84,Auction,D47,"(59, 13)",8,27.0
84,Auction,D48,"(99, 38)",7,23.0
84,Q-Learning,D15,"(91, 92)",66,25.0
84,Q-Learning,D21,"(43, 100)",57,29.0
84,Q-Learning,D22,"(18, 9)",50,27.0
84,Q-Learning,D25,"(59, 90)",52,23.0
84,Q-Learning,D26,"(59, 56)",45,13.0
84,Q-Learning,D27,"(25, 33)",43,29.0
84,Q-Learning,D28,"(59, 23)",42,21.0
84,Q-Learning,D29,"(22, 43)",37,24.0
84,Q-Learning,D30,"(18, 90)",45,11.0
84,Q-Learning,D31,"(52, 27)",40,23.0
84,Q-Learning,D33,"(5, 1)",37,16.0
84,Q-Learning,D34,"(55, 44)",30,26.0
84,Q-Learning,D35,"(35, 95)",31,24.0
84,Q-Learning,D36,"(73, 27)",32,22.0
84,Q-Learning,D37,"(87, 70)",25,30.0
84,Q-Learning,D38,"(65, 32)",29,29.0
84,Q-Learning,D39,"(66, 23)",16,16.0
84,Q-Learning,D40,"(3, 18)",13,22.0
84,Q-Learning,D41,"(46, 19)",12,25.0
84,Q-Learning,D42,"(63, 73)",12,25.0
84,Q-Learning,D43,"(54, 19)",13,17.0
84,Q-Learning,D44,"(41, 38)",9,27.0
84,Q-Learning,D45,"(5, 9)",9,11.0
84,Q-Learning,D46,"(85, 63)",9,16.0
84,Q-Learning,D47,"(59, 13)",8,27.0
84,Q-Learning,D48,"(99, 38)",7,23.0
85,Greedy,D20,"(81, 59)",58,23.0
85,Greedy,D21,"(43, 100)",58,29.0
85,Greedy,D22,"(18, 9)",51,27.0
85,Greedy,D24,"(0, 40)",46,16.0
85,Greedy,D27,"(25, 33)",44,29.0
85,Greedy,D28,"(59, 23)",43,21.0
85,Greedy,D29,"(22, 43)",38,24.0
85,Greedy,D30,"(18, 90)",46,11.0
85,Greedy,D31,"(52, 27)",41,23.0
85,Greedy,D32,"(71, 67)",43,22.0
85,Greedy,D33,"(5, 1)",38,16.0
85,Greedy,D34,"(55, 44)",31,26.0
85,Greedy,D35,"(35, 95)",32,24.0
85,Greedy,D36,"(73, 27)",33,22.0
85,Greedy,D37,"(87, 70)",26,30.0
85,Greedy,D38,"(65, 32)",30,29.0
85,Greedy,D39,"(66, 23)",17,16.0
85,Greedy,D40,"(3, 18)",14,22.0
85,Greedy,D41,"(46, 19)",13,25.0
85,Greedy,D42,"(63, 73)",13,25.0
85,Greedy,D43,"(54, 19)",14,17.0
85,Greedy,D44,"(41, 38)",10,27.0
85,Greedy,D45,"(5, 9)",10,11.0
85,Greedy,D46,"(85, 63)",10,16.0
85,Greedy,D47,"(59, 13)",9,27.0
85,Greedy,D48,"(99, 38)",8,23.0
85,Greedy,D49,"(18, 76)",3,23.0
85,Auction,D10,"(5, 94)",76,26.0
85,Auction,D14,"(84, 93)",68,23.0
85,Auction,D15,"(91, 92)",67,25.0
85,Auction,D21,"(43, 100)",58,29.0
85,Auction,D24,"(0, 40)",46,16.0
85,Auction,D28,"(59, 23)",43,21.0
85,Auction,D29,"(22, 43)",38,24.0
85,Auction,D32,"(71, 67)",43,22.0
85,Auction,D33,"(5, 1)",38,16.0
85,Auction,D34,"(55, 44)",31,26.0
85,Auction,D35,"(35, 95)",32,24.0
85,Auction,D37,"(87, 70)",26,30.0
85,Auction,D38,"(65, 32)",30,29.0
85,Auction,D39,"(66, 23)",17,16.0
85,Auction,D40,"(3, 18)",14,22.0
85,Auction,D41,"(46, 19)",13,25.0
85,Auction,D42,"(63, 73)",13,25.0
85,Auction,D43,"(54, 19)",14,17.0
85,Auction,D44,"(41, 38)",10,27.0
85,Auction,D47,"(59, 13)",9,27.0
85,Auction,D48,"(99, 38)",8,23.0
85,Auction,D49,"(18, 76)",3,23.0
85,Q-Learning,D15,"(91, 92)",67,25.0
85,Q-Learning,D21,"(43, 100)",58,29.0
85,Q-Learning,D22,"(18, 9)",51,27.0
85,Q-Learning,D25,"(59, 90)",53,23.0
85,Q-Learning,D26,"(59, 56)",46,13.0
85,Q-Learning,D27,"(25, 33)",44,29.0
85,Q-Learning,D28,"(59, 23)",43,21.0
85,Q-Learning,D29,"(22, 43)",38,24.0
85,Q-Learning,D30,"(18, 90)",46,11.0
85,Q-Learning,D31,"(52, 27)",41,23.0
85,Q-Learning,D33,"(5, 1)",38,16.0
85,Q-Learning,D34,"(55, 44)",31,26.0
85,Q-Learning,D35,"(35, 95)",32,24.0
85,Q-Learning,D36,"(73, 27)",33,22.0
85,Q-Learning,D37,"(87, 70)",26,30.0
85,Q-Learning,D38,"(65, 32)",30,29.0
85,Q-Learning,D39,"(66, 23)",17,16.0
85,Q-Learning,D40,"(3, 18)",14,22.0
85,Q-Learning,D41,"(46, 19)",13,25.0
85,Q-Learning,D42,"(63, 73)",13,25.0
85,Q-Learning,D43,"(54, 19)",14,17.0
85,Q-Learning,D44,"(41, 38)",10,27.0
85,Q-Learning,D45,"(5, 9)",10,11.0
85,Q-Learning,D46,"(85, 63)",10,16.0
85,Q-Learning,D47,"(59, 13)",9,27.0
85,Q-Learning,D48,"(99, 38)",8,23.0
85,Q-Learning,D49,"(18, 76)",3,23.0
86,Greedy,D20,"(81, 59)",59,23.0
86,Greedy,D21,"(43, 100)",59,29.0
86,Greedy,D22,"(18, 9)",52,27.0
86,Greedy,D24,"(0, 40)",47,16.0
86,Greedy,D27,"(25, 33)",45,29.0
86,Greedy,D28,"(59, 23)",44,21.0
86,Greedy,D29,"(22, 43)",39,24.0
86,Greedy,D30,"(18, 90)",47,11.0
86,Greedy,D31,"(52, 27)",42,23.0
86,Greedy,D32,"(71, 67)",44,22.0
86,Greedy,D33,"(5, 1)",39,16.0
86,Greedy,D34,"(55, 44)",32,26.0
86,Greedy,D35,"(35, 95)",33,24.0
86,Greedy,D36,"(73, 27)",34,22.0
86,Greedy,D37,"(87, 70)",27,30.0
86,Greedy,D38,"(65, 32)",31,29.0
86,Greedy,D39,"(66, 23)",18,16.0
86,Greedy,D40,"(3, 18)",15,22.0
86,Greedy,D41,"(46, 19)",14,25.0
86,Greedy,D42,"(63, 73)",14,25.0
86,Greedy,D43,"(54, 19)",15,17.0
86,Greedy,D44,"(41, 38)",11,27.0
86,Greedy,D45,"(5, 9)",11,11.0
86,Greedy,D46,"(85, 63)",11,16.0
86,Greedy,D47,"(59, 13)",10,27.0
86,Greedy,D48,"(99, 38)",9,23.0
86,Greedy,D49,"(18, 76)",4,23.0
86,Auction,D10,"(5, 94)",77,26.0
86,Auction,D14,"(84, 93)",69,23.0
86,Auction,D15,"(91, 92)",68,25.0
86,Auction,D21,"(43, 100)",59,29.0
86,Auction,D24,"(0, 40)",47,16.0
86,Auction,D28,"(59, 23)",44,21.0
86,Auction,D29,"(22, 43)",39,24.0
86,Auction,D32,"(71, 67)",44,22.0
86,Auction,D33,"(5, 1)",39,16.0
86,Auction,D34,"(55, 44)",32,26.0
86,Auction,D35,"(35, 95)",33,24.0
86,Auction,D37,"(87, 70)",27,30.0
86,Auction,D38,"(65, 32)",31,29.0
86,Auction,D39,"(66, 23)",18,16.0
86,Auction,D40,"(3, 18)",15,22.0
86,Auction,D41,"(46, 19)",14,25.0
86,Auction,D42,"(63, 73)",14,25.0
86,Auction,D43,"(54, 19)",15,17.0
86,Auction,D44,"(41, 38)",11,27.0
86,Auction,D47,"(59, 13)",10,27.0
86,Auction,D48,"(99, 38)",9,23.0
86,Auction,D49,"(18, 76)",4,23.0
86,Q-Learning,D15,"(91, 92)",68,25.0
86,Q-Learning,D21,"(43, 100)",59,29.0
86,Q-Learning,D22,"(18, 9)",52,27.0
86,Q-Learning,D25,"(59, 90)",54,23.0
86,Q-Learning,D26,"(59, 56)",47,13.0
86,Q-Learning,D27,"(25, 33)",45,29.0
86,Q-Learning,D28,"(59, 23)",44,21.0
86,Q-Learning,D29,"(22, 43)",39,24.0
86,Q-Learning,D30,"(18, 90)",47,11.0
86,Q-Learning,D31,"(52, 27)",42,23.0
86,Q-Learning,D33,"(5, 1)",39,16.0
86,Q-Learning,D34,"(55, 44)",32,26.0
86,Q-Learning,D35,"(35, 95)",33,24.0
86,Q-Learning,D36,"(73, 27)",34,22.0
86,Q-Learning,D37,"(87, 70)",27,30.0
86,Q-Learning,D38,"(65, 32)",31,29.0
86,Q-Learning,D39,"(66, 23)",18,16.0
86,Q-Learning,D40,"(3, 18)",15,22.0
86,Q-Learning,D41,"(46, 19)",14,25.0
86,Q-Learning,D42,"(63, 73)",14,25.0
86,Q-Learning,D43,"(54, 19)",15,17.0
86,Q-Learning,D44,"(41, 38)",11,27.0
86,Q-Learning,D45,"(5, 9)",11,11.0
86,Q-Learning,D46,"(85, 63)",11,16.0
86,Q-Learning,D47,"(59, 13)",10,27.0
86,Q-Learning,D48,"(99, 38)",9,23.0
86,Q-Learning,D49,"(18, 76)",4,23.0
87,Greedy,D20,"(81, 59)",60,23.0
87,Greedy,D21,"(43, 100)",60,29.0
87,Greedy,D22,"(18, 9)",53,27.0
87,Greedy,D24,"(0, 40)",48,16.0
87,Greedy,D27,"(25, 33)",46,29.0
87,Greedy,D28,"(59, 23)",45,21.0
87,Greedy,D29,"(22, 43)",40,24.0
87,Greedy,D30,"(18, 90)",48,11.0
87,Greedy,D31,"(52, 27)",43,23.0
87,Greedy,D32,"(71, 67)",45,22.0
87,Greedy,D33,"(5, 1)",40,16.0
87,Greedy,D34,"(55, 44)",33,26.0
87,Greedy,D35,"(35, 95)",34,24.0
87,Greedy,D36,"(73, 27)",35,22.0
87,Greedy,D37,"(87, 70)",28,30.0
87,Greedy,D38,"(65, 32)",32,29.0
87,Greedy,D39,"(66, 23)",19,16.0
87,Greedy,D40,"(3, 18)",16,22.0
87,Greedy,D41,"(46, 19)",15,25.0
87,Greedy,D42,"(63, 73)",15,25.0
87,Greedy,D43,"(54, 19)",16,17.0
87,Greedy,D44,"(41, 38)",12,27.0
87,Greedy,D45,"(5, 9)",12,11.0
87,Greedy,D46,"(85, 63)",12,16.0
87,Greedy,D47,"(59, 13)",11,27.0
87,Greedy,D48,"(99, 38)",10,23.0
87,Greedy,D49,"(18, 76)",5,23.0
87,Auction,D10,"(5, 94)",78,26.0
87,Auction,D14,"(84, 93)",70,23.0
87,Auction,D15,"(91, 92)",69,25.0
87,Auction,D21,"(43, 100)",60,29.0
87,Auction,D24,"(0, 40)",48,16.0
87,Auction,D28,"(59, 23)",45,21.0
87,Auction,D29,"(22, 43)",40,24.0
87,Auction,D32,"(71, 67)",45,22.0
87,Auction,D33,"(5, 1)",40,16.0
87,Auction,D34,"(55, 44)",33,26.0
87,Auction,D35,"(35, 95)",34,24.0
87,Auction,D37,"(87, 70)",28,30.0
87,Auction,D38,"(65, 32)",32,29.0
87,Auction,D39,"(66, 23)",19,16.0
87,Auction,D40,"(3, 18)",16,22.0
87,Auction,D41,"(46, 19)",15,25.0
87,Auction,D42,"(63, 73)",15,25.0
87,Auction,D43,"(54, 19)",16,17.0
87,Auction,D44,"(41, 38)",12,27.0
87,Auction,D47,"(59, 13)",11,27.0
87,Auction,D48,"(99, 38)",10,23.0
87,Auction,D49,"(18, 76)",5,23.0
87,Q-Learning,D15,"(91, 92)",69,25.0
87,Q-Learning,D21,"(43, 100)",60,29.0
87,Q-Learning,D22,"(18, 9)",53,27.0
87,Q-Learning,D25,"(59, 90)",55,23.0
87,Q-Learning,D26,"(59, 56)",48,13.0
87,Q-Learning,D27,"(25, 33)",46,29.0
87,Q-Learning,D28,"(59, 23)",45,21.0
87,Q-Learning,D29,"(22, 43)",40,24.0
87,Q-Learning,D30,"(18, 90)",48,11.0
87,Q-Learning,D31,"(52, 27)",43,23.0
87,Q-Learning,D33,"(5, 1)",40,16.0
87,Q-Learning,D34,"(55, 44)",33,26.0
87,Q-Learning,D35,"(35, 95)",34,24.0
87,Q-Learning,D36,"(73, 27)",35,22.0
87,Q-Learning,D37,"(87, 70)",28,30.0
87,Q-Learning,D38,"(65, 32)",32,29.0
87,Q-Learning,D39,"(66, 23)",19,16.0
87,Q-Learning,D40,"(3, 18)",16,22.0
87,Q-Learning,D41,"(46, 19)",15,25.0
87,Q-Learning,D42,"(63, 73)",15,25.0
87,Q-Learning,D43,"(54, 19)",16,17.0
87,Q-Learning,D44,"(41, 38)",12,27.0
87,Q-Learning,D45,"(5, 9)",12,11.0
87,Q-Learning,D46,"(85, 63)",12,16.0
87,Q-Learning,D47,"(59, 13)",11,27.0
87,Q-Learning,D48,"(99, 38)",10,23.0
87,Q-Learning,D49,"(18, 76)",5,23.0
88,Greedy,D20,"(81, 59)",61,23.0
88,Greedy,D21,"(43, 100)",61,29.0
88,Greedy,D22,"(18, 9)",54,27.0
88,Greedy,D24,"(0, 40)",49,16.0
88,Greedy,D27,"(25, 33)",47,29.0
88,Greedy,D28,"(59, 23)",46,21.0
88,Greedy,D29,"(22, 43)",41,24.0
88,Greedy,D30,"(18, 90)",49,11.0
88,Greedy,D31,"(52, 27)",44,23.0
88,Greedy,D32,"(71, 67)",46,22.0
88,Greedy,D33,"(5, 1)",41,16.0
88,Greedy,D34,"(55, 44)",34,26.0
88,Greedy,D35,"(35, 95)",35,24.0
88,Greedy,D36,"(73, 27)",36,22.0
88,Greedy,D37,"(87, 70)",29,30.0
88,Greedy,D38,"(65, 32)",33,29.0
88,Greedy,D39,"(66, 23)",20,16.0
88,Greedy,D40,"(3, 18)",17,22.0
88,Greedy,D41,"(46, 19)",16,25.0
88,Greedy,D42,"(63, 73)",16,25.0
88,Greedy,D43,"(54, 19)",17,17.0
88,Greedy,D44,"(41, 38)",13,27.0
88,Greedy,D45,"(5, 9)",13,11.0
88,Greedy,D46,"(85, 63)",13,16.0
88,Greedy,D47,"(59, 13)",12,27.0
88,Greedy,D48,"(99, 38)",11,23.0
88,Greedy,D49,"(18, 76)",6,23.0
88,Greedy,D50,"(44, 94)",8,25.0
88,Auction,D10,"(5, 94)",79,26.0
88,Auction,D14,"(84, 93)",71,23.0
88,Auction,D15,"(91, 92)",70,25.0
88,Auction,D21,"(43, 100)",61,29.0
88,Auction,D24,"(0, 40)",49,16.0
88,Auction,D28,"(59, 23)",46,21.0
88,Auction,D29,"(22, 43)",41,24.0
88,Auction,D32,"(71, 67)",46,22.0
88,Auction,D33,"(5, 1)",41,16.0
88,Auction,D34,"(55, 44)",34,26.0
88,Auction,D35,"(35, 95)",35,24.0
88,Auction,D37,"(87, 70)",29,30.0
88,Auction,D38,"(65, 32)",33,29.0
88,Auction,D39,"(66, 23)",20,16.0
88,Auction,D40,"(3, 18)",17,22.0
88,Auction,D41,"(46, 19)",16,25.0
88,Auction,D42,"(63, 73)",16,25.0
88,Auction,D43,"(54, 19)",17,17.0
88,Auction,D44,"(41, 38)",13,27.0
88,Auction,D47,"(59, 13)",12,27.0
88,Auction,D48,"(99, 38)",11,23.0
88,Auction,D49,"(18, 76)",6,23.0
88,Auction,D50,"(44, 94)",8,25.0
88,Q-Learning,D15,"(91, 92)",70,25.0
88,Q-Learning,D21,"(43, 100)",61,29.0
88,Q-Learning,D22,"(18, 9)",54,27.0
88,Q-Learning,D25,"(59, 90)",56,23.0
88,Q-Learning,D26,"(59, 56)",49,13.0
88,Q-Learning,D27,"(25, 33)",47,29.0
88,Q-Learning,D28,"(59, 23)",46,21.0
88,Q-Learning,D29,"(22, 43)",41,24.0
88,Q-Learning,D30,"(18, 90)",49,11.0
88,Q-Learning,D31,"(52, 27)",44,23.0
88,Q-Learning,D33,"(5, 1)",41,16.0
88,Q-Learning,D34,"(55, 44)",34,26.0
88,Q-Learning,D35,"(35, 95)",35,24.0
88,Q-Learning,D36,"(73, 27)",36,22.0
88,Q-Learning,D37,"(87, 70)",29,30.0
88,Q-Learning,D38,"(65, 32)",33,29.0
88,Q-Learning,D39,"(66, 23)",20,16.0
88,Q-Learning,D40,"(3, 18)",17,22.0
88,Q-Learning,D41,"(46, 19)",16,25.0
88,Q-Learning,D42,"(63, 73)",16,25.0
88,Q-Learning,D43,"(54, 19)",17,17.0
88,Q-Learning,D44,"(41, 38)",13,27.0
88,Q-Learning,D45,"(5, 9)",13,11.0
88,Q-Learning,D46,"(85, 63)",13,16.0
88,Q-Learning,D47,"(59, 13)",12,27.0
88,Q-Learning,D48,"(99, 38)",11,23.0
88,Q-Learning,D49,"(18, 76)",6,23.0
88,Q-Learning,D50,"(44, 94)",8,25.0
89,Greedy,D20,"(81, 59)",62,23.0
89,Greedy,D21,"(43, 100)",62,29.0
89,Greedy,D22,"(18, 9)",55,27.0
89,Greedy,D24,"(0, 40)",50,16.0
89,Greedy,D27,"(25, 33)",48,29.0
89,Greedy,D28,"(59, 23)",47,21.0
89,Greedy,D29,"(22, 43)",42,24.0
89,Greedy,D30,"(18, 90)",50,11.0
89,Greedy,D31,"(52, 27)",45,23.0
89,Greedy,D32,"(71, 67)",47,22.0
89,Greedy,D33,"(5, 1)",42,16.0
89,Greedy,D34,"(55, 44)",35,26.0
89,Greedy,D35,"(35, 95)",36,24.0
89,Greedy,D36,"(73, 27)",37,22.0
89,Greedy,D37,"(87, 70)",30,30.0
89,Greedy,D38,"(65, 32)",34,29.0
89,Greedy,D39,"(66, 23)",21,16.0
89,Greedy,D40,"(3, 18)",18,22.0
89,Greedy,D41,"(46, 19)",17,25.0
89,Greedy,D42,"(63, 73)",17,25.0
89,Greedy,D43,"(54, 19)",18,17.0
89,Greedy,D44,"(41, 38)",14,27.0
89,Greedy,D45,"(5, 9)",14,11.0
89,Greedy,D46,"(85, 63)",14,16.0
89,Greedy,D47,"(59, 13)",13,27.0
89,Greedy,D48,"(99, 38)",12,23.0
89,Greedy,D49,"(18, 76)",7,23.0
89,Greedy,D50,"(44, 94)",9,25.0
89,Auction,D10,"(5, 94)",80,26.0
89,Auction,D14,"(84, 93)",72,23.0
89,Auction,D15,"(91, 92)",71,25.0
89,Auction,D21,"(43, 100)",62,29.0
89,Auction,D24,"(0, 40)",50,16.0
89,Auction,D28,"(59, 23)",47,21.0
89,Auction,D29,"(22, 43)",42,24.0
89,Auction,D32,"(71, 67)",47,22.0
89,Auction,D33,"(5, 1)",42,16.0
89,Auction,D34,"(55, 44)",35,26.0
89,Auction,D35,"(35, 95)",36,24.0
89,Auction,D37,"(87, 70)",30,30.0
89,Auction,D38,"(65, 32)",34,29.0
89,Auction,D39,"(66, 23)",21,16.0
89,Auction,D40,"(3, 18)",18,22.0
89,Auction,D41,"(46, 19)",17,25.0
89,Auction,D42,"(63, 73)",17,25.0
89,Auction,D43,"(54, 19)",18,17.0
89,Auction,D44,"(41, 38)",14,27.0
89,Auction,D47,"(59, 13)",13,27.0
89,Auction,D48,"(99, 38)",12,23.0
89,Auction,D49,"(18, 76)",7,23.0
89,Auction,D50,"(44, 94)",9,25.0
89,Q-Learning,D15,"(91, 92)",71,25.0
89,Q-Learning,D21,"(43, 100)",62,29.0
89,Q-Learning,D22,"(18, 9)",55,27.0
89,Q-Learning,D25,"(59, 90)",57,23.0
89,Q-Learning,D26,"(59, 56)",50,13.0
89,Q-Learning,D27,"(25, 33)",48,29.0
89,Q-Learning,D28,"(59, 23)",47,21.0
89,Q-Learning,D29,"(22, 43)",42,24.0
89,Q-Learning,D30,"(18, 90)",50,11.0
89,Q-Learning,D31,"(52, 27)",45,23.0
89,Q-Learning,D33,"(5, 1)",42,16.0
89,Q-Learning,D34,"(55, 44)",35,26.0
89,Q-Learning,D35,"(35, 95)",36,24.0
89,Q-Learning,D36,"(73, 27)",37,22.0
89,Q-Learning,D37,"(87, 70)",30,30.0
89,Q-Learning,D38,"(65, 32)",34,29.0
89,Q-Learning,D39,"(66, 23)",21,16.0
89,Q-Learning,D40,"(3, 18)",18,22.0
89,Q-Learning,D41,"(46, 19)",17,25.0
89,Q-Learning,D42,"(63, 73)",17,25.0
89,Q-Learning,D43,"(54, 19)",18,17.0
89,Q-Learning,D44,"(41, 38)",14,27.0
89,Q-Learning,D45,"(5, 9)",14,11.0
89,Q-Learning,D46,"(85, 63)",14,16.0
89,Q-Learning,D47,"(59, 13)",13,27.0
89,Q-Learning,D48,"(99, 38)",12,23.0
89,Q-Learning,D49,"(18, 76)",7,23.0
89,Q-Learning,D50,"(44, 94)",9,25.0
90,Greedy,D20,"(81, 59)",63,23.0
90,Greedy,D21,"(43, 100)",63,29.0
90,Greedy,D22,"(18, 9)",56,27.0
90,Greedy,D24,"(0, 40)",51,16.0
90,Greedy,D27,"(25, 33)",49,29.0
90,Greedy,D28,"(59, 23)",48,21.0
90,Greedy,D29,"(22, 43)",43,24.0
90,Greedy,D30,"(18, 90)",51,11.0
90,Greedy,D31,"(52, 27)",46,23.0
90,Greedy,D32,"(71, 67)",48,22.0
90,Greedy,D33,"(5, 1)",43,16.0
90,Greedy,D34,"(55, 44)",36,26.0
90,Greedy,D35,"(35, 95)",37,24.0
90,Greedy,D36,"(73, 27)",38,22.0
90,Greedy,D37,"(87, 70)",31,30.0
90,Greedy,D38,"(65, 32)",35,29.0
90,Greedy,D39,"(66, 23)",22,16.0
90,Greedy,D40,"(3, 18)",19,22.0
90,Greedy,D41,"(46, 19)",18,25.0
90,Greedy,D42,"(63, 73)",18,25.0
90,Greedy,D43,"(54, 19)",19,17.0
90,Greedy,D44,"(41, 38)",15,27.0
90,Greedy,D45,"(5, 9)",15,11.0
90,Greedy,D46,"(85, 63)",15,16.0
90,Greedy,D47,"(59, 13)",14,27.0
90,Greedy,D48,"(99, 38)",13,23.0
90,Greedy,D49,"(18, 76)",8,23.0
90,Greedy,D50,"(44, 94)",10,25.0
90,Greedy,D51,"(67, 19)",8,24.0
90,Auction,D10,"(5, 94)",81,26.0
90,Auction,D14,"(84, 93)",73,23.0
90,Auction,D15,"(91, 92)",72,25.0
90,Auction,D21,"(43, 100)",63,29.0
90,Auction,D24,"(0, 40)",51,16.0
90,Auction,D28,"(59, 23)",48,21.0
90,Auction,D29,"(22, 43)",43,24.0
90,Auction,D32,"(71, 67)",48,22.0
90,Auction,D33,"(5, 1)",43,16.0
90,Auction,D34,"(55, 44)",36,26.0
90,Auction,D35,"(35, 95)",37,24.0
90,Auction,D37,"(87, 70)",31,30.0
90,Auction,D38,"(65, 32)",35,29.0
90,Auction,D39,"(66, 23)",22,16.0
90,Auction,D40,"(3, 18)",19,22.0
90,Auction,D41,"(46, 19)",18,25.0
90,Auction,D42,"(63, 73)",18,25.0
90,Auction,D43,"(54, 19)",19,17.0
90,Auction,D44,"(41, 38)",15,27.0
90,Auction,D47,"(59, 13)",14,27.0
90,Auction,D48,"(99, 38)",13,23.0
90,Auction,D49,"(18, 76)",8,23.0
90,Auction,D50,"(44, 94)",10,25.0
90,Auction,D51,"(67, 19)",8,24.0
90,Q-Learning,D15,"(91, 92)",72,25.0
90,Q-Learning,D21,"(43, 100)",63,29.0
90,Q-Learning,D22,"(18, 9)",56,27.0
90,Q-Learning,D25,"(59, 90)",58,23.0
90,Q-Learning,D26,"(59, 56)",51,13.0
90,Q-Learning,D27,"(25, 33)",49,29.0
90,Q-Learning,D28,"(59, 23)",48,21.0
90,Q-Learning,D29,"(22, 43)",43,24.0
90,Q-Learning,D30,"(18, 90)",51,11.0
90,Q-Learning,D31,"(52, 27)",46,23.0
90,Q-Learning,D33,"(5, 1)",43,16.0
90,Q-Learning,D34,"(55, 44)",36,26.0
90,Q-Learning,D35,"(35, 95)",37,24.0
90,Q-Learning,D36,"(73, 27)",38,22.0
90,Q-Learning,D37,"(87, 70)",31,30.0
90,Q-Learning,D38,"(65, 32)",35,29.0
90,Q-Learning,D39,"(66, 23)",22,16.0
90,Q-Learning,D40,"(3, 18)",19,22.0
90,Q-Learning,D41,"(46, 19)",18,25.0
90,Q-Learning,D42,"(63, 73)",18,25.0
90,Q-Learning,D43,"(54, 19)",19,17.0
90,Q-Learning,D44,"(41, 38)",15,27.0
90,Q-Learning,D45,"(5, 9)",15,11.0
90,Q-Learning,D46,"(85, 63)",15,16.0
90,Q-Learning,D47,"(59, 13)",14,27.0
90,Q-Learning,D48,"(99, 38)",13,23.0
90,Q-Learning,D49,"(18, 76)",8,23.0
90,Q-Learning,D50,"(44, 94)",10,25.0
90,Q-Learning,D51,"(67, 19)",8,24.0
91,Greedy,D20,"(81, 59)",64,23.0
91,Greedy,D21,"(43, 100)",64,29.0
91,Greedy,D22,"(18, 9)",57,27.0
91,Greedy,D24,"(0, 40)",52,16.0
91,Greedy,D27,"(25, 33)",50,29.0
91,Greedy,D28,"(59, 23)",49,21.0
91,Greedy,D29,"(22, 43)",44,24.0
91,Greedy,D30,"(18, 90)",52,11.0
91,Greedy,D31,"(52, 27)",47,23.0
91,Greedy,D32,"(71, 67)",49,22.0
91,Greedy,D33,"(5, 1)",44,16.0
91,Greedy,D34,"(55, 44)",37,26.0
91,Greedy,D35,"(35, 95)",38,24.0
91,Greedy,D36,"(73, 27)",39,22.0
91,Greedy,D37,"(87, 70)",32,30.0
91,Greedy,D38,"(65, 32)",36,29.0
91,Greedy,D39,"(66, 23)",23,16.0
91,Greedy,D40,"(3, 18)",20,22.0
91,Greedy,D41,"(46, 19)",19,25.0
91,Greedy,D42,"(63, 73)",19,25.0
91,Greedy,D43,"(54, 19)",20,17.0
91,Greedy,D44,"(41, 38)",16,27.0
91,Greedy,D45,"(5, 9)",16,11.0
91,Greedy,D46,"(85, 63)",16,16.0
91,Greedy,D47,"(59, 13)",15,27.0
91,Greedy,D48,"(99, 38)",14,23.0
91,Greedy,D49,"(18, 76)",9,23.0
91,Greedy,D50,"(44, 94)",11,25.0
91,Greedy,D51,"(67, 19)",9,24.0
91,Auction,D10,"(5, 94)",82,26.0
91,Auction,D14,"(84, 93)",74,23.0
91,Auction,D15,"(91, 92)",73,25.0
91,Auction,D21,"(43, 100)",64,29.0
91,Auction,D24,"(0, 40)",52,16.0
91,Auction,D28,"(59, 23)",49,21.0
91,Auction,D29,"(22, 43)",44,24.0
91,Auction,D32,"(71, 67)",49,22.0
91,Auction,D33,"(5, 1)",44,16.0
91,Auction,D34,"(55, 44)",37,26.0
91,Auction,D35,"(35, 95)",38,24.0
91,Auction,D37,"(87, 70)",32,30.0
91,Auction,D38,"(65, 32)",36,29.0
91,Auction,D39,"(66, 23)",23,16.0
91,Auction,D40,"(3, 18)",20,22.0
91,Auction,D41,"(46, 19)",19,25.0
91,Auction,D42,"(63, 73)",19,25.0
91,Auction,D43,"(54, 19)",20,17.0
91,Auction,D44,"(41, 38)",16,27.0
91,Auction,D47,"(59, 13)",15,27.0
91,Auction,D48,"(99, 38)",14,23.0
91,Auction,D49,"(18, 76)",9,23.0
91,Auction,D50,"(44, 94)",11,25.0
91,Auction,D51,"(67, 19)",9,24.0
91,Q-Learning,D15,"(91, 92)",73,25.0
91,Q-Learning,D21,"(43, 100)",64,29.0
91,Q-Learning,D22,"(18, 9)",57,27.0
91,Q-Learning,D25,"(59, 90)",59,23.0
91,Q-Learning,D26,"(59, 56)",52,13.0
91,Q-Learning,D27,"(25, 33)",50,29.0
91,Q-Learning,D28,"(59, 23)",49,21.0
91,Q-Learning,D29,"(22, 43)",44,24.0
91,Q-Learning,D30,"(18, 90)",52,11.0
91,Q-Learning,D31,"(52, 27)",47,23.0
91,Q-Learning,D33,"(5, 1)",44,16.0
91,Q-Learning,D34,"(55, 44)",37,26.0
91,Q-Learning,D35,"(35, 95)",38,24.0
91,Q-Learning,D36,"(73, 27)",39,22.0
91,Q-Learning,D37,"(87, 70)",32,30.0
91,Q-Learning,D38,"(65, 32)",36,29.0
91,Q-Learning,D39,"(66, 23)",23,16.0
91,Q-Learning,D40,"(3, 18)",20,22.0
91,Q-Learning,D41,"(46, 19)",19,25.0
91,Q-Learning,D42,"(63, 73)",19,25.0
91,Q-Learning,D43,"(54, 19)",20,17.0
91,Q-Learning,D44,"(41, 38)",16,27.0
91,Q-Learning,D45,"(5, 9)",16,11.0
91,Q-Learning,D46,"(85, 63)",16,16.0
91,Q-Learning,D47,"(59, 13)",15,27.0
91,Q-Learning,D48,"(99, 38)",14,23.0
91,Q-Learning,D49,"(18, 76)",9,23.0
91,Q-Learning,D50,"(44, 94)",11,25.0
91,Q-Learning,D51,"(67, 19)",9,24.0
92,Greedy,D20,"(81, 59)",65,23.0
92,Greedy,D21,"(43, 100)",65,29.0
92,Greedy,D22,"(18, 9)",58,27.0
92,Greedy,D24,"(0, 40)",53,16.0
92,Greedy,D27,"(25, 33)",51,29.0
92,Greedy,D28,"(59, 23)",50,21.0
92,Greedy,D29,"(22, 43)",45,24.0
92,Greedy,D30,"(18, 90)",53,11.0
92,Greedy,D31,"(52, 27)",48,23.0
92,Greedy,D32,"(71, 67)",50,22.0
92,Greedy,D33,"(5, 1)",45,16.0
92,Greedy,D34,"(55, 44)",38,26.0
92,Greedy,D35,"(35, 95)",39,24.0
92,Greedy,D36,"(73, 27)",40,22.0
92,Greedy,D37,"(87, 70)",33,30.0
92,Greedy,D38,"(65, 32)",37,29.0
92,Greedy,D39,"(66, 23)",24,16.0
92,Greedy,D40,"(3, 18)",21,22.0
92,Greedy,D41,"(46, 19)",20,25.0
92,Greedy,D42,"(63, 73)",20,25.0
92,Greedy,D43,"(54, 19)",21,17.0
92,Greedy,D44,"(41, 38)",17,27.0
92,Greedy,D45,"(5, 9)",17,11.0
92,Greedy,D46,"(85, 63)",17,16.0
92,Greedy,D47,"(59, 13)",16,27.0
92,Greedy,D48,"(99, 38)",15,23.0
92,Greedy,D49,"(18, 76)",10,23.0
92,Greedy,D50,"(44, 94)",12,25.0
92,Greedy,D51,"(67, 19)",10,24.0
92,Greedy,D52,"(37, 93)",6,23.0
92,Auction,D10,"(5, 94)",83,26.0
92,Auction,D14,"(84, 93)",75,23.0
92,Auction,D15,"(91, 92)",74,25.0
92,Auction,D21,"(43, 100)",65,29.0
92,Auction,D24,"(0, 40)",53,16.0
92,Auction,D28,"(59, 23)",50,21.0
92,Auction,D29,"(22, 43)",45,24.0
92,Auction,D32,"(71, 67)",50,22.0
92,Auction,D33,"(5, 1)",45,16.0
92,Auction,D34,"(55, 44)",38,26.0
92,Auction,D35,"(35, 95)",39,24.0
92,Auction,D37,"(87, 70)",33,30.0
92,Auction,D38,"(65, 32)",37,29.0
92,Auction,D39,"(66, 23)",24,16.0
92,Auction,D40,"(3, 18)",21,22.0
92,Auction,D41,"(46, 19)",20,25.0
92,Auction,D42,"(63, 73)",20,25.0
92,Auction,D43,"(54, 19)",21,17.0
92,Auction,D44,"(41, 38)",17,27.0
92,Auction,D47,"(59, 13)",16,27.0
92,Auction,D48,"(99, 38)",15,23.0
92,Auction,D49,"(18, 76)",10,23.0
92,Auction,D50,"(44, 94)",12,25.0
92,Auction,D51,"(67, 19)",10,24.0
92,Auction,D52,"(37, 93)",6,23.0
92,Q-Learning,D15,"(91, 92)",74,25.0
92,Q-Learning,D21,"(43, 100)",65,29.0
92,Q-Learning,D22,"(18, 9)",58,27.0
92,Q-Learning,D25,"(59, 90)",60,23.0
92,Q-Learning,D26,"(59, 56)",53,13.0
92,Q-Learning,D27,"(25, 33)",51,29.0
92,Q-Learning,D28,"(59, 23)",50,21.0
92,Q-Learning,D29,"(22, 43)",45,24.0
92,Q-Learning,D30,"(18, 90)",53,11.0
92,Q-Learning,D31,"(52, 27)",48,23.0
92,Q-Learning,D33,"(5, 1)",45,16.0
92,Q-Learning,D34,"(55, 44)",38,26.0
92,Q-Learning,D35,"(35, 95)",39,24.0
92,Q-Learning,D36,"(73, 27)",40,22.0
92,Q-Learning,D37,"(87, 70)",33,30.0
92,Q-Learning,D38,"(65, 32)",37,29.0
92,Q-Learning,D39,"(66, 23)",24,16.0
92,Q-Learning,D40,"(3, 18)",21,22.0
92,Q-Learning,D41,"(46, 19)",20,25.0
92,Q-Learning,D42,"(63, 73)",20,25.0
92,Q-Learning,D43,"(54, 19)",21,17.0
92,Q-Learning,D44,"(41, 38)",17,27.0
92,Q-Learning,D45,"(5, 9)",17,11.0
92,Q-Learning,D46,"(85, 63)",17,16.0
92,Q-Learning,D47,"(59, 13)",16,27.0
92,Q-Learning,D48,"(99, 38)",15,23.0
92,Q-Learning,D49,"(18, 76)",10,23.0
92,Q-Learning,D50,"(44, 94)",12,25.0
92,Q-Learning,D51,"(67, 19)",10,24.0
92,Q-Learning,D52,"(37, 93)",6,23.0
93,Greedy,D20,"(81, 59)",66,23.0
93,Greedy,D21,"(43, 100)",66,29.0
93,Greedy,D22,"(18, 9)",59,27.0
93,Greedy,D24,"(0, 40)",54,16.0
93,Greedy,D27,"(25, 33)",52,29.0
93,Greedy,D28,"(59, 23)",51,21.0
93,Greedy,D29,"(22, 43)",46,24.0
93,Greedy,D30,"(18, 90)",54,11.0
93,Greedy,D31,"(52, 27)",49,23.0
93,Greedy,D32,"(71, 67)",51,22.0
93,Greedy,D33,"(5, 1)",46,16.0
93,Greedy,D34,"(55, 44)",39,26.0
93,Greedy,D35,"(35, 95)",40,24.0
93,Greedy,D36,"(73, 27)",41,22.0
93,Greedy,D37,"(87, 70)",34,30.0
93,Greedy,D38,"(65, 32)",38,29.0
93,Greedy,D39,"(66, 23)",25,16.0
93,Greedy,D40,"(3, 18)",22,22.0
93,Greedy,D41,"(46, 19)",21,25.0
93,Greedy,D42,"(63, 73)",21,25.0
93,Greedy,D43,"(54, 19)",22,17.0
93,Greedy,D44,"(41, 38)",18,27.0
93,Greedy,D45,"(5, 9)",18,11.0
93,Greedy,D46,"(85, 63)",18,16.0
93,Greedy,D47,"(59, 13)",17,27.0
93,Greedy,D48,"(99, 38)",16,23.0
93,Greedy,D49,"(18, 76)",11,23.0
93,Greedy,D50,"(44, 94)",13,25.0
93,Greedy,D51,"(67, 19)",11,24.0
93,Greedy,D52,"(37, 93)",7,23.0
93,Greedy,D53,"(64, 43)",3,24.0
93,Auction,D10,"(5, 94)",84,26.0
93,Auction,D14,"(84, 93)",76,23.0
93,Auction,D15,"(91, 92)",75,25.0
93,Auction,D21,"(43, 100)",66,29.0
93,Auction,D24,"(0, 40)",54,16.0
93,Auction,D28,"(59, 23)",51,21.0
93,Auction,D29,"(22, 43)",46,24.0
93,Auction,D32,"(71, 67)",51,22.0
93,Auction,D33,"(5, 1)",46,16.0
93,Auction,D34,"(55, 44)",39,26.0
93,Auction,D35,"(35, 95)",40,24.0
93,Auction,D37,"(87, 70)",34,30.0
93,Auction,D38,"(65, 32)",38,29.0
93,Auction,D39,"(66, 23)",25,16.0
93,Auction,D40,"(3, 18)",22,22.0
93,Auction,D41,"(46, 19)",21,25.0
93,Auction,D42,"(63, 73)",21,25.0
93,Auction,D43,"(54, 19)",22,17.0
93,Auction,D44,"(41, 38)",18,27.0
93,Auction,D47,"(59, 13)",17,27.0
93,Auction,D48,"(99, 38)",16,23.0
93,Auction,D49,"(18, 76)",11,23.0
93,Auction,D50,"(44, 94)",13,25.0
93,Auction,D51,"(67, 19)",11,24.0
93,Auction,D52,"(37, 93)",7,23.0
93,Auction,D53,"(64, 43)",3,24.0
93,Q-Learning,D15,"(91, 92)",75,25.0
93,Q-Learning,D21,"(43, 100)",66,29.0
93,Q-Learning,D22,"(18, 9)",59,27.0
93,Q-Learning,D25,"(59, 90)",61,23.0
93,Q-Learning,D26,"(59, 56)",54,13.0
93,Q-Learning,D27,"(25, 33)",52,29.0
93,Q-Learning,D28,"(59, 23)",51,21.0
93,Q-Learning,D29,"(22, 43)",46,24.0
93,Q-Learning,D30,"(18, 90)",54,11.0
93,Q-Learning,D31,"(52, 27)",49,23.0
93,Q-Learning,D33,"(5, 1)",46,16.0
93,Q-Learning,D34,"(55, 44)",39,26.0
93,Q-Learning,D35,"(35, 95)",40,24.0
93,Q-Learning,D36,"(73, 27)",41,22.0
93,Q-Learning,D37,"(87, 70)",34,30.0
93,Q-Learning,D38,"(65, 32)",38,29.0
93,Q-Learning,D39,"(66, 23)",25,16.0
93,Q-Learning,D40,"(3, 18)",22,22.0
93,Q-Learning,D41,"(46, 19)",21,25.0
93,Q-Learning,D42,"(63, 73)",21,25.0
93,Q-Learning,D43,"(54, 19)",22,17.0
93,Q-Learning,D44,"(41, 38)",18,27.0
93,Q-Learning,D45,"(5, 9)",18,11.0
93,Q-Learning,D46,"(85, 63)",18,16.0
93,Q-Learning,D47,"(59, 13)",17,27.0
93,Q-Learning,D48,"(99, 38)",16,23.0
93,Q-Learning,D49,"(18, 76)",11,23.0
93,Q-Learning,D50,"(44, 94)",13,25.0
93,Q-Learning,D51,"(67, 19)",11,24.0
93,Q-Learning,D52,"(37, 93)",7,23.0
93,Q-Learning,D53,"(64, 43)",3,24.0
94,Greedy,D20,"(81, 59)",67,23.0
94,Greedy,D21,"(43, 100)",67,29.0
94,Greedy,D22,"(18, 9)",60,27.0
94,Greedy,D24,"(0, 40)",55,16.0
94,Greedy,D27,"(25, 33)",53,29.0
94,Greedy,D28,"(59, 23)",52,21.0
94,Greedy,D29,"(22, 43)",47,24.0
94,Greedy,D30,"(18, 90)",55,11.0
94,Greedy,D31,"(52, 27)",50,23.0
94,Greedy,D32,"(71, 67)",52,22.0
94,Greedy,D33,"(5, 1)",47,16.0
94,Greedy,D34,"(55, 44)",40,26.0
94,Greedy,D35,"(35, 95)",41,24.0
94,Greedy,D36,"(73, 27)",42,22.0
94,Greedy,D37,"(87, 70)",35,30.0
94,Greedy,D38,"(65, 32)",39,29.0
94,Greedy,D39,"(66, 23)",26,16.0
94,Greedy,D40,"(3, 18)",23,22.0
94,Greedy,D41,"(46, 19)",22,25.0
94,Greedy,D42,"(63, 73)",22,25.0
94,Greedy,D43,"(54, 19)",23,17.0
94,Greedy,D44,"(41, 38)",19,27.0
94,Greedy,D45,"(5, 9)",19,11.0
94,Greedy,D46,"(85, 63)",19,16.0
94,Greedy,D47,"(59, 13)",18,27.0
94,Greedy,D48,"(99, 38)",17,23.0
94,Greedy,D49,"(18, 76)",12,23.0
94,Greedy,D50,"(44, 94)",14,25.0
94,Greedy,D51,"(67, 19)",12,24.0
94,Greedy,D52,"(37, 93)",8,23.0
94,Greedy,D53,"(64, 43)",4,24.0
94,Auction,D10,"(5, 94)",85,26.0
94,Auction,D14,"(84, 93)",77,23.0
94,Auction,D15,"(91, 92)",76,25.0
94,Auction,D21,"(43, 100)",67,29.0
94,Auction,D24,"(0, 40)",55,16.0
94,Auction,D28,"(59, 23)",52,21.0
94,Auction,D29,"(22, 43)",47,24.0
94,Auction,D32,"(71, 67)",52,22.0
94,Auction,D33,"(5, 1)",47,16.0
94,Auction,D34,"(55, 44)",40,26.0
94,Auction,D35,"(35, 95)",41,24.0
94,Auction,D37,"(87, 70)",35,30.0
94,Auction,D38,"(65, 32)",39,29.0
94,Auction,D39,"(66, 23)",26,16.0
94,Auction,D40,"(3, 18)",23,22.0
94,Auction,D41,"(46, 19)",22,25.0
94,Auction,D42,"(63, 73)",22,25.0
94,Auction,D43,"(54, 19)",23,17.0
94,Auction,D44,"(41, 38)",19,27.0
94,Auction,D47,"(59, 13)",18,27.0
94,Auction,D48,"(99, 38)",17,23.0
94,Auction,D49,"(18, 76)",12,23.0
94,Auction,D50,"(44, 94)",14,25.0
94,Auction,D51,"(67, 19)",12,24.0
94,Auction,D52,"(37, 93)",8,23.0
94,Auction,D53,"(64, 43)",4,24.0
94,Q-Learning,D15,"(91, 92)",76,25.0
94,Q-Learning,D21,"(43, 100)",67,29.0
94,Q-Learning,D22,"(18, 9)",60,27.0
94,Q-Learning,D25,"(59, 90)",62,23.0
94,Q-Learning,D26,"(59, 56)",55,13.0
94,Q-Learning,D27,"(25, 33)",53,29.0
94,Q-Learning,D28,"(59, 23)",52,21.0
94,Q-Learning,D29,"(22, 43)",47,24.0
94,Q-Learning,D30,"(18, 90)",55,11.0
94,Q-Learning,D31,"(52, 27)",50,23.0
94,Q-Learning,D33,"(5, 1)",47,16.0
94,Q-Learning,D34,"(55, 44)",40,26.0
94,Q-Learning,D35,"(35, 95)",41,24.0
94,Q-Learning,D36,"(73, 27)",42,22.0
94,Q-Learning,D37,"(87, 70)",35,30.0
94,Q-Learning,D38,"(65, 32)",39,29.0
94,Q-Learning,D39,"(66, 23)",26,16.0
94,Q-Learning,D40,"(3, 18)",23,22.0
94,Q-Learning,D41,"(46, 19)",22,25.0
94,Q-Learning,D42,"(63, 73)",22,25.0
94,Q-Learning,D43,"(54, 19)",23,17.0
94,Q-Learning,D44,"(41, 38)",19,27.0
94,Q-Learning,D45,"(5, 9)",19,11.0
94,Q-Learning,D46,"(85, 63)",19,16.0
94,Q-Learning,D47,"(59, 13)",18,27.0
94,Q-Learning,D48,"(99, 38)",17,23.0
94,Q-Learning,D49,"(18, 76)",12,23.0
94,Q-Learning,D50,"(44, 94)",14,25.0
94,Q-Learning,D51,"(67, 19)",12,24.0
94,Q-Learning,D52,"(37, 93)",8,23.0
94,Q-Learning,D53,"(64, 43)",4,24.0
95,Greedy,D20,"(81, 59)",68,23.0
95,Greedy,D21,"(43, 100)",68,29.0
95,Greedy,D22,"(18, 9)",61,27.0
95,Greedy,D24,"(0, 40)",56,16.0
95,Greedy,D27,"(25, 33)",54,29.0
95,Greedy,D28,"(59, 23)",53,21.0
95,Greedy,D29,"(22, 43)",48,24.0
95,Greedy,D30,"(18, 90)",56,11.0
95,Greedy,D31,"(52, 27)",51,23.0
95,Greedy,D32,"(71, 67)",53,22.0
95,Greedy,D33,"(5, 1)",48,16.0
95,Greedy,D34,"(55, 44)",41,26.0
95,Greedy,D35,"(35, 95)",42,24.0
95,Greedy,D36,"(73, 27)",43,22.0
95,Greedy,D37,"(87, 70)",36,30.0
95,Greedy,D38,"(65, 32)",40,29.0
95,Greedy,D39,"(66, 23)",27,16.0
95,Greedy,D40,"(3, 18)",24,22.0
95,Greedy,D41,"(46, 19)",23,25.0
95,Greedy,D42,"(63, 73)",23,25.0
95,Greedy,D43,"(54, 19)",24,17.0
95,Greedy,D44,"(41, 38)",20,27.0
95,Greedy,D45,"(5, 9)",20,11.0
95,Greedy,D46,"(85, 63)",20,16.0
95,Greedy,D47,"(59, 13)",19,27.0
95,Greedy,D48,"(99, 38)",18,23.0
95,Greedy,D49,"(18, 76)",13,23.0
95,Greedy,D50,"(44, 94)",15,25.0
95,Greedy,D51,"(67, 19)",13,24.0
95,Greedy,D52,"(37, 93)",9,23.0
95,Greedy,D53,"(64, 43)",5,24.0
95,Greedy,D54,"(83, 91)",3,26.0
95,Auction,D10,"(5, 94)",86,26.0
95,Auction,D14,"(84, 93)",78,23.0
95,Auction,D15,"(91, 92)",77,25.0
95,Auction,D21,"(43, 100)",68,29.0
95,Auction,D24,"(0, 40)",56,16.0
95,Auction,D28,"(59, 23)",53,21.0
95,Auction,D29,"(22, 43)",48,24.0
95,Auction,D32,"(71, 67)",53,22.0
95,Auction,D33,"(5, 1)",48,16.0
95,Auction,D34,"(55, 44)",41,26.0
95,Auction,D35,"(35, 95)",42,24.0
95,Auction,D37,"(87, 70)",36,30.0
95,Auction,D38,"(65, 32)",40,29.0
95,Auction,D39,"(66, 23)",27,16.0
95,Auction,D40,"(3, 18)",24,22.0
95,Auction,D41,"(46, 19)",23,25.0
95,Auction,D42,"(63, 73)",23,25.0
95,Auction,D43,"(54, 19)",24,17.0
95,Auction,D44,"(41, 38)",20,27.0
95,Auction,D47,"(59, 13)",19,27.0
95,Auction,D48,"(99, 38)",18,23.0
95,Auction,D49,"(18, 76)",13,23.0
95,Auction,D50,"(44, 94)",15,25.0
95,Auction,D51,"(67, 19)",13,24.0
95,Auction,D52,"(37, 93)",9,23.0
95,Auction,D53,"(64, 43)",5,24.0
95,Auction,D54,"(83, 91)",3,26.0
95,Q-Learning,D15,"(91, 92)",77,25.0
95,Q-Learning,D21,"(43, 100)",68,29.0
95,Q-Learning,D22,"(18, 9)",61,27.0
95,Q-Learning,D25,"(59, 90)",63,23.0
95,Q-Learning,D26,"(59, 56)",56,13.0
95,Q-Learning,D27,"(25, 33)",54,29.0
95,Q-Learning,D28,"(59, 23)",53,21.0
95,Q-Learning,D29,"(22, 43)",48,24.0
95,Q-Learning,D30,"(18, 90)",56,11.0
95,Q-Learning,D31,"(52, 27)",51,23.0
95,Q-Learning,D33,"(5, 1)",48,16.0
95,Q-Learning,D34,"(55, 44)",41,26.0
95,Q-Learning,D35,"(35, 95)",42,24.0
95,Q-Learning,D36,"(73, 27)",43,22.0
95,Q-Learning,D37,"(87, 70)",36,30.0
95,Q-Learning,D38,"(65, 32)",40,29.0
95,Q-Learning,D39,"(66, 23)",27,16.0
95,Q-Learning,D40,"(3, 18)",24,22.0
95,Q-Learning,D41,"(46, 19)",23,25.0
95,Q-Learning,D42,"(63, 73)",23,25.0
95,Q-Learning,D43,"(54, 19)",24,17.0
95,Q-Learning,D44,"(41, 38)",20,27.0
95,Q-Learning,D45,"(5, 9)",20,11.0
95,Q-Learning,D46,"(85, 63)",20,16.0
95,Q-Learning,D47,"(59, 13)",19,27.0
95,Q-Learning,D48,"(99, 38)",18,23.0
95,Q-Learning,D49,"(18, 76)",13,23.0
95,Q-Learning,D50,"(44, 94)",15,25.0
95,Q-Learning,D51,"(67, 19)",13,24.0
95,Q-Learning,D52,"(37, 93)",9,23.0
95,Q-Learning,D53,"(64, 43)",5,24.0
95,Q-Learning,D54,"(83, 91)",3,26.0
96,Greedy,D20,"(81, 59)",69,23.0
96,Greedy,D21,"(43, 100)",69,29.0
96,Greedy,D22,"(18, 9)",62,27.0
96,Greedy,D24,"(0, 40)",57,16.0
96,Greedy,D27,"(25, 33)",55,29.0
96,Greedy,D28,"(59, 23)",54,21.0
96,Greedy,D29,"(22, 43)",49,24.0
96,Greedy,D30,"(18, 90)",57,11.0
96,Greedy,D31,"(52, 27)",52,23.0
96,Greedy,D32,"(71, 67)",54,22.0
96,Greedy,D33,"(5, 1)",49,16.0
96,Greedy,D34,"(55, 44)",42,26.0
96,Greedy,D35,"(35, 95)",43,24.0
96,Greedy,D36,"(73, 27)",44,22.0
96,Greedy,D37,"(87, 70)",37,30.0
96,Greedy,D38,"(65, 32)",41,29.0
96,Greedy,D39,"(66, 23)",28,16.0
96,Greedy,D40,"(3, 18)",25,22.0
96,Greedy,D41,"(46, 19)",24,25.0
96,Greedy,D42,"(63, 73)",24,25.0
96,Greedy,D43,"(54, 19)",25,17.0
96,Greedy,D44,"(41, 38)",21,27.0
96,Greedy,D45,"(5, 9)",21,11.0
96,Greedy,D46,"(85, 63)",21,16.0
96,Greedy,D47,"(59, 13)",20,27.0
96,Greedy,D48,"(99, 38)",19,23.0
96,Greedy,D49,"(18, 76)",14,23.0
96,Greedy,D50,"(44, 94)",16,25.0
96,Greedy,D51,"(67, 19)",14,24.0
96,Greedy,D52,"(37, 93)",10,23.0
96,Greedy,D53,"(64, 43)",6,24.0
96,Greedy,D54,"(83, 91)",4,26.0
96,Auction,D10,"(5, 94)",87,26.0
96,Auction,D14,"(84, 93)",79,23.0
96,Auction,D15,"(91, 92)",78,25.0
96,Auction,D21,"(43, 100)",69,29.0
96,Auction,D24,"(0, 40)",57,16.0
96,Auction,D28,"(59, 23)",54,21.0
96,Auction,D29,"(22, 43)",49,24.0
96,Auction,D32,"(71, 67)",54,22.0
96,Auction,D33,"(5, 1)",49,16.0
96,Auction,D34,"(55, 44)",42,26.0
96,Auction,D35,"(35, 95)",43,24.0
96,Auction,D37,"(87, 70)",37,30.0
96,Auction,D38,"(65, 32)",41,29.0
96,Auction,D39,"(66, 23)",28,16.0
96,Auction,D40,"(3, 18)",25,22.0
96,Auction,D41,"(46, 19)",24,25.0
96,Auction,D42,"(63, 73)",24,25.0
96,Auction,D43,"(54, 19)",25,17.0
96,Auction,D44,"(41, 38)",21,27.0
96,Auction,D47,"(59, 13)",20,27.0
96,Auction,D48,"(99, 38)",19,23.0
96,Auction,D49,"(18, 76)",14,23.0
96,Auction,D50,"(44, 94)",16,25.0
96,Auction,D51,"(67, 19)",14,24.0
96,Auction,D52,"(37, 93)",10,23.0
96,Auction,D53,"(64, 43)",6,24.0
96,Auction,D54,"(83, 91)",4,26.0
96,Q-Learning,D15,"(91, 92)",78,25.0
96,Q-Learning,D21,"(43, 100)",69,29.0
96,Q-Learning,D22,"(18, 9)",62,27.0
96,Q-Learning,D25,"(59, 90)",64,23.0
96,Q-Learning,D26,"(59, 56)",57,13.0
96,Q-Learning,D27,"(25, 33)",55,29.0
96,Q-Learning,D28,"(59, 23)",54,21.0
96,Q-Learning,D29,"(22, 43)",49,24.0
96,Q-Learning,D30,"(18, 90)",57,11.0
96,Q-Learning,D31,"(52, 27)",52,23.0
96,Q-Learning,D33,"(5, 1)",49,16.0
96,Q-Learning,D34,"(55, 44)",42,26.0
96,Q-Learning,D35,"(35, 95)",43,24.0
96,Q-Learning,D36,"(73, 27)",44,22.0
96,Q-Learning,D37,"(87, 70)",37,30.0
96,Q-Learning,D38,"(65, 32)",41,29.0
96,Q-Learning,D39,"(66, 23)",28,16.0
96,Q-Learning,D40,"(3, 18)",25,22.0
96,Q-Learning,D41,"(46, 19)",24,25.0
96,Q-Learning,D42,"(63, 73)",24,25.0
96,Q-Learning,D43,"(54, 19)",25,17.0
96,Q-Learning,D44,"(41, 38)",21,27.0
96,Q-Learning,D45,"(5, 9)",21,11.0
96,Q-Learning,D46,"(85, 63)",21,16.0
96,Q-Learning,D47,"(59, 13)",20,27.0
96,Q-Learning,D48,"(99, 38)",19,23.0
96,Q-Learning,D49,"(18, 76)",14,23.0
96,Q-Learning,D50,"(44, 94)",16,25.0
96,Q-Learning,D51,"(67, 19)",14,24.0
96,Q-Learning,D52,"(37, 93)",10,23.0
96,Q-Learning,D53,"(64, 43)",6,24.0
96,Q-Learning,D54,"(83, 91)",4,26.0
97,Greedy,D20,"(81, 59)",70,23.0
97,Greedy,D21,"(43, 100)",70,29.0
97,Greedy,D22,"(18, 9)",63,27.0
97,Greedy,D24,"(0, 40)",58,16.0
97,Greedy,D27,"(25, 33)",56,29.0
97,Greedy,D28,"(59, 23)",55,21.0
97,Greedy,D29,"(22, 43)",50,24.0
97,Greedy,D30,"(18, 90)",58,11.0
97,Greedy,D31,"(52, 27)",53,23.0
97,Greedy,D32,"(71, 67)",55,22.0
97,Greedy,D33,"(5, 1)",50,16.0
97,Greedy,D34,"(55, 44)",43,26.0
97,Greedy,D35,"(35, 95)",44,24.0
97,Greedy,D36,"(73, 27)",45,22.0
97,Greedy,D37,"(87, 70)",38,30.0
97,Greedy,D38,"(65, 32)",42,29.0
97,Greedy,D39,"(66, 23)",29,16.0
97,Greedy,D40,"(3, 18)",26,22.0
97,Greedy,D41,"(46, 19)",25,25.0
97,Greedy,D42,"(63, 73)",25,25.0
97,Greedy,D43,"(54, 19)",26,17.0
97,Greedy,D44,"(41, 38)",22,27.0
97,Greedy,D45,"(5, 9)",22,11.0
97,Greedy,D46,"(85, 63)",22,16.0
97,Greedy,D47,"(59, 13)",21,27.0
97,Greedy,D48,"(99, 38)",20,23.0
97,Greedy,D49,"(18, 76)",15,23.0
97,Greedy,D50,"(44, 94)",17,25.0
97,Greedy,D51,"(67, 19)",15,24.0
97,Greedy,D52,"(37, 93)",11,23.0
97,Greedy,D53,"(64, 43)",7,24.0
97,Greedy,D54,"(83, 91)",5,26.0
97,Auction,D10,"(5, 94)",88,26.0
97,Auction,D14,"(84, 93)",80,23.0
97,Auction,D15,"(91, 92)",79,25.0
97,Auction,D21,"(43, 100)",70,29.0
97,Auction,D24,"(0, 40)",58,16.0
97,Auction,D28,"(59, 23)",55,21.0
97,Auction,D29,"(22, 43)",50,24.0
97,Auction,D32,"(71, 67)",55,22.0
97,Auction,D33,"(5, 1)",50,16.0
97,Auction,D34,"(55, 44)",43,26.0
97,Auction,D35,"(35, 95)",44,24.0
97,Auction,D37,"(87, 70)",38,30.0
97,Auction,D38,"(65, 32)",42,29.0
97,Auction,D39,"(66, 23)",29,16.0
97,Auction,D40,"(3, 18)",26,22.0
97,Auction,D41,"(46, 19)",25,25.0
97,Auction,D42,"(63, 73)",25,25.0
97,Auction,D43,"(54, 19)",26,17.0
97,Auction,D44,"(41, 38)",22,27.0
97,Auction,D47,"(59, 13)",21,27.0
97,Auction,D48,"(99, 38)",20,23.0
97,Auction,D49,"(18, 76)",15,23.0
97,Auction,D50,"(44, 94)",17,25.0
97,Auction,D51,"(67, 19)",15,24.0
97,Auction,D52,"(37, 93)",11,23.0
97,Auction,D53,"(64, 43)",7,24.0
97,Auction,D54,"(83, 91)",5,26.0
97,Q-Learning,D15,"(91, 92)",79,25.0
97,Q-Learning,D21,"(43, 100)",70,29.0
97,Q-Learning,D22,"(18, 9)",63,27.0
97,Q-Learning,D25,"(59, 90)",65,23.0
97,Q-Learning,D26,"(59, 56)",58,13.0
97,Q-Learning,D27,"(25, 33)",56,29.0
97,Q-Learning,D28,"(59, 23)",55,21.0
97,Q-Learning,D29,"(22, 43)",50,24.0
97,Q-Learning,D30,"(18, 90)",58,11.0
97,Q-Learning,D31,"(52, 27)",53,23.0
97,Q-Learning,D33,"(5, 1)",50,16.0
97,Q-Learning,D34,"(55, 44)",43,26.0
97,Q-Learning,D35,"(35, 95)",44,24.0
97,Q-Learning,D36,"(73, 27)",45,22.0
97,Q-Learning,D37,"(87, 70)",38,30.0
97,Q-Learning,D38,"(65, 32)",42,29.0
97,Q-Learning,D39,"(66, 23)",29,16.0
97,Q-Learning,D40,"(3, 18)",26,22.0
97,Q-Learning,D41,"(46, 19)",25,25.0
97,Q-Learning,D42,"(63, 73)",25,25.0
97,Q-Learning,D43,"(54, 19)",26,17.0
97,Q-Learning,D44,"(41, 38)",22,27.0
97,Q-Learning,D45,"(5, 9)",22,11.0
97,Q-Learning,D46,"(85, 63)",22,16.0
97,Q-Learning,D47,"(59, 13)",21,27.0
97,Q-Learning,D48,"(99, 38)",20,23.0
97,Q-Learning,D49,"(18, 76)",15,23.0
97,Q-Learning,D50,"(44, 94)",17,25.0
97,Q-Learning,D51,"(67, 19)",15,24.0
97,Q-Learning,D52,"(37, 93)",11,23.0
97,Q-Learning,D53,"(64, 43)",7,24.0
97,Q-Learning,D54,"(83, 91)",5,26.0
98,Greedy,D20,"(81, 59)",71,23.0
98,Greedy,D21,"(43, 100)",71,29.0
98,Greedy,D22,"(18, 9)",64,27.0
98,Greedy,D24,"(0, 40)",59,16.0
98,Greedy,D27,"(25, 33)",57,29.0
98,Greedy,D28,"(59, 23)",56,21.0
98,Greedy,D29,"(22, 43)",51,24.0
98,Greedy,D30,"(18, 90)",59,11.0
98,Greedy,D31,"(52, 27)",54,23.0
98,Greedy,D32,"(71, 67)",56,22.0
98,Greedy,D33,"(5, 1)",51,16.0
98,Greedy,D34,"(55, 44)",44,26.0
98,Greedy,D35,"(35, 95)",45,24.0
98,Greedy,D36,"(73, 27)",46,22.0
98,Greedy,D37,"(87, 70)",39,30.0
98,Greedy,D38,"(65, 32)",43,29.0
98,Greedy,D39,"(66, 23)",30,16.0
98,Greedy,D40,"(3, 18)",27,22.0
98,Greedy,D41,"(46, 19)",26,25.0
98,Greedy,D42,"(63, 73)",26,25.0
98,Greedy,D43,"(54, 19)",27,17.0
98,Greedy,D44,"(41, 38)",23,27.0
98,Greedy,D45,"(5, 9)",23,11.0
98,Greedy,D46,"(85, 63)",23,16.0
98,Greedy,D47,"(59, 13)",22,27.0
98,Greedy,D48,"(99, 38)",21,23.0
98,Greedy,D49,"(18, 76)",16,23.0
98,Greedy,D50,"(44, 94)",18,25.0
98,Greedy,D51,"(67, 19)",16,24.0
98,Greedy,D52,"(37, 93)",12,23.0
98,Greedy,D53,"(64, 43)",8,24.0
98,Greedy,D54,"(83, 91)",6,26.0
98,Greedy,D55,"(87, 80)",8,27.0
98,Auction,D10,"(5, 94)",89,26.0
98,Auction,D14,"(84, 93)",81,23.0
98,Auction,D15,"(91, 92)",80,25.0
98,Auction,D21,"(43, 100)",71,29.0
98,Auction,D24,"(0, 40)",59,16.0
98,Auction,D28,"(59, 23)",56,21.0
98,Auction,D29,"(22, 43)",51,24.0
98,Auction,D32,"(71, 67)",56,22.0
98,Auction,D33,"(5, 1)",51,16.0
98,Auction,D34,"(55, 44)",44,26.0
98,Auction,D35,"(35, 95)",45,24.0
98,Auction,D37,"(87, 70)",39,30.0
98,Auction,D38,"(65, 32)",43,29.0
98,Auction,D39,"(66, 23)",30,16.0
98,Auction,D40,"(3, 18)",27,22.0
98,Auction,D41,"(46, 19)",26,25.0
98,Auction,D42,"(63, 73)",26,25.0
98,Auction,D43,"(54, 19)",27,17.0
98,Auction,D44,"(41, 38)",23,27.0
98,Auction,D47,"(59, 13)",22,27.0
98,Auction,D48,"(99, 38)",21,23.0
98,Auction,D49,"(18, 76)",16,23.0
98,Auction,D50,"(44, 94)",18,25.0
98,Auction,D51,"(67, 19)",16,24.0
98,Auction,D52,"(37, 93)",12,23.0
98,Auction,D53,"(64, 43)",8,24.0
98,Auction,D54,"(83, 91)",6,26.0
98,Auction,D55,"(87, 80)",8,27.0
98,Q-Learning,D15,"(91, 92)",80,25.0
98,Q-Learning,D21,"(43, 100)",71,29.0
98,Q-Learning,D22,"(18, 9)",64,27.0
98,Q-Learning,D25,"(59, 90)",66,23.0
98,Q-Learning,D26,"(59, 56)",59,13.0
98,Q-Learning,D27,"(25, 33)",57,29.0
98,Q-Learning,D28,"(59, 23)",56,21.0
98,Q-Learning,D29,"(22, 43)",51,24.0
98,Q-Learning,D30,"(18, 90)",59,11.0
98,Q-Learning,D31,"(52, 27)",54,23.0
98,Q-Learning,D33,"(5, 1)",51,16.0
98,Q-Learning,D34,"(55, 44)",44,26.0
98,Q-Learning,D35,"(35, 95)",45,24.0
98,Q-Learning,D36,"(73, 27)",46,22.0
98,Q-Learning,D37,"(87, 70)",39,30.0
98,Q-Learning,D38,"(65, 32)",43,29.0
98,Q-Learning,D39,"(66, 23)",30,16.0
98,Q-Learning,D40,"(3, 18)",27,22.0
98,Q-Learning,D41,"(46, 19)",26,25.0
98,Q-Learning,D42,"(63, 73)",26,25.0
98,Q-Learning,D43,"(54, 19)",27,17.0
98,Q-Learning,D44,"(41, 38)",23,27.0
98,Q-Learning,D45,"(5, 9)",23,11.0
98,Q-Learning,D46,"(85, 63)",23,16.0
98,Q-Learning,D47,"(59, 13)",22,27.0
98,Q-Learning,D48,"(99, 38)",21,23.0
98,Q-Learning,D49,"(18, 76)",16,23.0
98,Q-Learning,D50,"(44, 94)",18,25.0
98,Q-Learning,D51,"(67, 19)",16,24.0
98,Q-Learning,D52,"(37, 93)",12,23.0
98,Q-Learning,D53,"(64, 43)",8,24.0
98,Q-Learning,D54,"(83, 91)",6,26.0
98,Q-Learning,D55,"(87, 80)",8,27.0
99,Greedy,D20,"(81, 59)",72,23.0
99,Greedy,D21,"(43, 100)",72,29.0
99,Greedy,D22,"(18, 9)",65,27.0
99,Greedy,D24,"(0, 40)",60,16.0
99,Greedy,D27,"(25, 33)",58,29.0
99,Greedy,D28,"(59, 23)",57,21.0
99,Greedy,D29,"(22, 43)",52,24.0
99,Greedy,D30,"(18, 90)",60,11.0
99,Greedy,D31,"(52, 27)",55,23.0
99,Greedy,D32,"(71, 67)",57,22.0
99,Greedy,D33,"(5, 1)",52,16.0
99,Greedy,D34,"(55, 44)",45,26.0
99,Greedy,D35,"(35, 95)",46,24.0
99,Greedy,D36,"(73, 27)",47,22.0
99,Greedy,D37,"(87, 70)",40,30.0
99,Greedy,D38,"(65, 32)",44,29.0
99,Greedy,D39,"(66, 23)",31,16.0
99,Greedy,D40,"(3, 18)",28,22.0
99,Greedy,D41,"(46, 19)",27,25.0
99,Greedy,D42,"(63, 73)",27,25.0
99,Greedy,D43,"(54, 19)",28,17.0
99,Greedy,D44,"(41, 38)",24,27.0
99,Greedy,D45,"(5, 9)",24,11.0
99,Greedy,D46,"(85, 63)",24,16.0
99,Greedy,D47,"(59, 13)",23,27.0
99,Greedy,D48,"(99, 38)",22,23.0
99,Greedy,D49,"(18, 76)",17,23.0
99,Greedy,D50,"(44, 94)",19,25.0
99,Greedy,D51,"(67, 19)",17,24.0
99,Greedy,D52,"(37, 93)",13,23.0
99,Greedy,D53,"(64, 43)",9,24.0
99,Greedy,D54,"(83, 91)",7,26.0
99,Greedy,D55,"(87, 80)",9,27.0
99,Auction,D10,"(5, 94)",90,26.0
99,Auction,D14,"(84, 93)",82,23.0
99,Auction,D15,"(91, 92)",81,25.0
99,Auction,D21,"(43, 100)",72,29.0
99,Auction,D24,"(0, 40)",60,16.0
99,Auction,D28,"(59, 23)",57,21.0
99,Auction,D29,"(22, 43)",52,24.0
99,Auction,D32,"(71, 67)",57,22.0
99,Auction,D33,"(5, 1)",52,16.0
99,Auction,D34,"(55, 44)",45,26.0
99,Auction,D35,"(35, 95)",46,24.0
99,Auction,D37,"(87, 70)",40,30.0
99,Auction,D38,"(65, 32)",44,29.0
99,Auction,D39,"(66, 23)",31,16.0
99,Auction,D40,"(3, 18)",28,22.0
99,Auction,D41,"(46, 19)",27,25.0
99,Auction,D42,"(63, 73)",27,25.0
99,Auction,D43,"(54, 19)",28,17.0
99,Auction,D44,"(41, 38)",24,27.0
99,Auction,D47,"(59, 13)",23,27.0
99,Auction,D48,"(99, 38)",22,23.0
99,Auction,D49,"(18, 76)",17,23.0
99,Auction,D50,"(44, 94)",19,25.0
99,Auction,D51,"(67, 19)",17,24.0
99,Auction,D52,"(37, 93)",13,23.0
99,Auction,D53,"(64, 43)",9,24.0
99,Auction,D54,"(83, 91)",7,26.0
99,Auction,D55,"(87, 80)",9,27.0
99,Q-Learning,D15,"(91, 92)",81,25.0
99,Q-Learning,D21,"(43, 100)",72,29.0
99,Q-Learning,D22,"(18, 9)",65,27.0
99,Q-Learning,D25,"(59, 90)",67,23.0
99,Q-Learning,D26,"(59, 56)",60,13.0
99,Q-Learning,D27,"(25, 33)",58,29.0
99,Q-Learning,D28,"(59, 23)",57,21.0
99,Q-Learning,D29,"(22, 43)",52,24.0
99,Q-Learning,D30,"(18, 90)",60,11.0
99,Q-Learning,D31,"(52, 27)",55,23.0
99,Q-Learning,D33,"(5, 1)",52,16.0
99,Q-Learning,D34,"(55, 44)",45,26.0
99,Q-Learning,D35,"(35, 95)",46,24.0
99,Q-Learning,D36,"(73, 27)",47,22.0
99,Q-Learning,D37,"(87, 70)",40,30.0
99,Q-Learning,D38,"(65, 32)",44,29.0
99,Q-Learning,D39,"(66, 23)",31,16.0
99,Q-Learning,D40,"(3, 18)",28,22.0
99,Q-Learning,D41,"(46, 19)",27,25.0
99,Q-Learning,D42,"(63, 73)",27,25.0
99,Q-Learning,D43,"(54, 19)",28,17.0
99,Q-Learning,D44,"(41, 38)",24,27.0
99,Q-Learning,D45,"(5, 9)",24,11.0
99,Q-Learning,D46,"(85, 63)",24,16.0
99,Q-Learning,D47,"(59, 13)",23,27.0
99,Q-Learning,D48,"(99, 38)",22,23.0
99,Q-Learning,D49,"(18, 76)",17,23.0
99,Q-Learning,D50,"(44, 94)",19,25.0
99,Q-Learning,D51,"(67, 19)",17,24.0
99,Q-Learning,D52,"(37, 93)",13,23.0
99,Q-Learning,D53,"(64, 43)",9,24.0
99,Q-Learning,D54,"(83, 91)",7,26.0
99,Q-Learning,D55,"(87, 80)",9,27.0
