time_step,method,vehicle_id,position,battery,busy,remaining_duration,idle_time
0,Greedy,V1,"(51, 42)",69.0,False,0.0,0.0
0,Greedy,V2,"(34, 65)",77.0,False,0.0,0.0
0,Greedy,V3,"(77, 53)",80.0,False,0.0,0.0
0,Greedy,V4,"(29, 57)",94.0,False,0.0,0.0
0,Greedy,V5,"(65, 51)",58.0,False,0.0,0.0
0,Greedy,V6,"(88, 10)",88.0,False,0.0,0.0
0,Greedy,V7,"(99, 1)",91.0,False,0.0,0.0
0,Greedy,V8,"(28, 89)",94.0,False,0.0,0.0
0,Greedy,V9,"(15, 80)",93.0,False,0.0,0.0
0,Greedy,V10,"(20, 59)",95.0,False,0.0,0.0
0,Auction,V1,"(51, 42)",69.0,False,0.0,0.0
0,Auction,V2,"(34, 65)",77.0,False,0.0,0.0
0,Auction,V3,"(77, 53)",80.0,False,0.0,0.0
0,Auction,V4,"(29, 57)",94.0,False,0.0,0.0
0,Auction,V5,"(65, 51)",58.0,False,0.0,0.0
0,Auction,V6,"(88, 10)",88.0,False,0.0,0.0
0,Auction,V7,"(99, 1)",91.0,False,0.0,0.0
0,Auction,V8,"(28, 89)",94.0,False,0.0,0.0
0,Auction,V9,"(15, 80)",93.0,False,0.0,0.0
0,Auction,V10,"(20, 59)",95.0,False,0.0,0.0
0,Q-Learning,V1,"(51, 42)",69.0,False,0.0,0.0
0,Q-Learning,V2,"(34, 65)",77.0,False,0.0,0.0
0,Q-Learning,V3,"(77, 53)",80.0,False,0.0,0.0
0,Q-Learning,V4,"(29, 57)",94.0,False,0.0,0.0
0,Q-Learning,V5,"(65, 51)",58.0,False,0.0,0.0
0,Q-Learning,V6,"(88, 10)",88.0,False,0.0,0.0
0,Q-Learning,V7,"(99, 1)",91.0,False,0.0,0.0
0,Q-Learning,V8,"(28, 89)",94.0,False,0.0,0.0
0,Q-Learning,V9,"(15, 80)",93.0,False,0.0,0.0
0,Q-Learning,V10,"(20, 59)",95.0,False,0.0,0.0
1,Greedy,V1,"(51, 42)",42.25333125260137,True,26.74666874739863,1.0
1,Greedy,V2,"(34, 65)",37.46702821674121,True,39.53297178325879,1.0
1,Greedy,V3,"(77, 53)",54.47845016542095,True,25.521549834579044,1.0
1,Greedy,V4,"(29, 57)",82.33401374432991,True,11.665986255670086,1.0
1,Greedy,V5,"(65, 51)",22.284639592372677,True,35.71536040762732,1.0
1,Greedy,V6,"(88, 10)",66.46568638049814,True,21.53431361950185,1.0
1,Greedy,V7,"(99, 1)",64.04989406969851,True,26.950105930301486,1.0
1,Greedy,V8,"(28, 89)",78.03022843964078,True,15.96977156035922,1.0
1,Greedy,V9,"(15, 80)",64.07653800412976,True,28.92346199587024,1.0
1,Greedy,V10,"(20, 59)",60.289459561253366,True,34.710540438746634,1.0
1,Auction,V1,"(71, 25)",49.08346561146518,True,19.91653438853482,1.0
1,Auction,V2,"(83, 88)",47.267217941300366,True,29.732782058699634,1.0
1,Auction,V3,"(92, 32)",46.31328917126744,True,33.68671082873256,1.0
1,Auction,V4,"(23, 47)",82.33401374432991,True,11.665986255670086,1.0
1,Auction,V5,"(74, 30)",20.38422689413609,True,37.61577310586391,1.0
1,Auction,V6,"(80, 15)",62.11320377358868,True,25.88679622641132,1.0
1,Auction,V7,"(99, 13)",70.5,True,20.5,1.0
1,Auction,V8,"(46, 97)",78.03022843964078,True,15.96977156035922,1.0
1,Auction,V9,"(39, 1)",60.679359273765996,True,32.320640726234004,1.0
1,Auction,V10,"(8, 17)",65.26386813286338,True,29.73613186713662,1.0
1,Q-Learning,V1,"(83, 88)",40.773810788390264,True,28.226189211609732,1.0
1,Q-Learning,V2,"(39, 1)",45.82928351674055,True,31.170716483259447,1.0
1,Q-Learning,V3,"(74, 30)",46.68645328435908,True,33.31354671564092,1.0
1,Q-Learning,V4,"(23, 47)",82.33401374432991,True,11.665986255670086,1.0
1,Q-Learning,V5,"(92, 32)",16.994950653853884,True,41.005049346146116,1.0
1,Q-Learning,V6,"(80, 15)",62.11320377358868,True,25.88679622641132,1.0
1,Q-Learning,V7,"(99, 13)",70.5,True,20.5,1.0
1,Q-Learning,V8,"(46, 97)",78.03022843964078,True,15.96977156035922,1.0
1,Q-Learning,V9,"(71, 25)",66.1884952734048,True,26.811504726595203,1.0
1,Q-Learning,V10,"(8, 17)",65.26386813286338,True,29.73613186713662,1.0
2,Greedy,V1,"(51, 42)",42.25333125260137,True,25.74666874739863,1.0
2,Greedy,V2,"(34, 65)",37.46702821674121,True,38.53297178325879,1.0
2,Greedy,V3,"(77, 53)",54.47845016542095,True,24.521549834579044,1.0
2,Greedy,V4,"(29, 57)",82.33401374432991,True,10.665986255670086,1.0
2,Greedy,V5,"(65, 51)",22.284639592372677,True,34.71536040762732,1.0
2,Greedy,V6,"(88, 10)",66.46568638049814,True,20.53431361950185,1.0
2,Greedy,V7,"(99, 1)",64.04989406969851,True,25.950105930301486,1.0
2,Greedy,V8,"(28, 89)",78.03022843964078,True,14.96977156035922,1.0
2,Greedy,V9,"(15, 80)",64.07653800412976,True,27.92346199587024,1.0
2,Greedy,V10,"(20, 59)",60.289459561253366,True,33.710540438746634,1.0
2,Auction,V1,"(71, 25)",49.08346561146518,True,18.91653438853482,1.0
2,Auction,V2,"(83, 88)",47.267217941300366,True,28.732782058699634,1.0
2,Auction,V3,"(92, 32)",46.31328917126744,True,32.68671082873256,1.0
2,Auction,V4,"(23, 47)",82.33401374432991,True,10.665986255670086,1.0
2,Auction,V5,"(74, 30)",20.38422689413609,True,36.61577310586391,1.0
2,Auction,V6,"(80, 15)",62.11320377358868,True,24.88679622641132,1.0
2,Auction,V7,"(99, 13)",70.5,True,19.5,1.0
2,Auction,V8,"(46, 97)",78.03022843964078,True,14.96977156035922,1.0
2,Auction,V9,"(39, 1)",60.679359273765996,True,31.320640726234004,1.0
2,Auction,V10,"(8, 17)",65.26386813286338,True,28.73613186713662,1.0
2,Q-Learning,V1,"(83, 88)",40.773810788390264,True,27.226189211609732,1.0
2,Q-Learning,V2,"(39, 1)",45.82928351674055,True,30.170716483259447,1.0
2,Q-Learning,V3,"(74, 30)",46.68645328435908,True,32.31354671564092,1.0
2,Q-Learning,V4,"(23, 47)",82.33401374432991,True,10.665986255670086,1.0
2,Q-Learning,V5,"(92, 32)",16.994950653853884,True,40.005049346146116,1.0
2,Q-Learning,V6,"(80, 15)",62.11320377358868,True,24.88679622641132,1.0
2,Q-Learning,V7,"(99, 13)",70.5,True,19.5,1.0
2,Q-Learning,V8,"(46, 97)",78.03022843964078,True,14.96977156035922,1.0
2,Q-Learning,V9,"(71, 25)",66.1884952734048,True,25.811504726595203,1.0
2,Q-Learning,V10,"(8, 17)",65.26386813286338,True,28.73613186713662,1.0
3,Greedy,V1,"(51, 42)",42.25333125260137,True,24.74666874739863,1.0
3,Greedy,V2,"(34, 65)",37.46702821674121,True,37.53297178325879,1.0
3,Greedy,V3,"(77, 53)",54.47845016542095,True,23.521549834579044,1.0
3,Greedy,V4,"(29, 57)",82.33401374432991,True,9.665986255670086,1.0
3,Greedy,V5,"(65, 51)",22.284639592372677,True,33.71536040762732,1.0
3,Greedy,V6,"(88, 10)",66.46568638049814,True,19.53431361950185,1.0
3,Greedy,V7,"(99, 1)",64.04989406969851,True,24.950105930301486,1.0
3,Greedy,V8,"(28, 89)",78.03022843964078,True,13.96977156035922,1.0
3,Greedy,V9,"(15, 80)",64.07653800412976,True,26.92346199587024,1.0
3,Greedy,V10,"(20, 59)",60.289459561253366,True,32.710540438746634,1.0
3,Auction,V1,"(71, 25)",49.08346561146518,True,17.91653438853482,1.0
3,Auction,V2,"(83, 88)",47.267217941300366,True,27.732782058699634,1.0
3,Auction,V3,"(92, 32)",46.31328917126744,True,31.686710828732558,1.0
3,Auction,V4,"(23, 47)",82.33401374432991,True,9.665986255670086,1.0
3,Auction,V5,"(74, 30)",20.38422689413609,True,35.61577310586391,1.0
3,Auction,V6,"(80, 15)",62.11320377358868,True,23.88679622641132,1.0
3,Auction,V7,"(99, 13)",70.5,True,18.5,1.0
3,Auction,V8,"(46, 97)",78.03022843964078,True,13.96977156035922,1.0
3,Auction,V9,"(39, 1)",60.679359273765996,True,30.320640726234004,1.0
3,Auction,V10,"(8, 17)",65.26386813286338,True,27.73613186713662,1.0
3,Q-Learning,V1,"(83, 88)",40.773810788390264,True,26.226189211609732,1.0
3,Q-Learning,V2,"(39, 1)",45.82928351674055,True,29.170716483259447,1.0
3,Q-Learning,V3,"(74, 30)",46.68645328435908,True,31.313546715640918,1.0
3,Q-Learning,V4,"(23, 47)",82.33401374432991,True,9.665986255670086,1.0
3,Q-Learning,V5,"(92, 32)",16.994950653853884,True,39.005049346146116,1.0
3,Q-Learning,V6,"(80, 15)",62.11320377358868,True,23.88679622641132,1.0
3,Q-Learning,V7,"(99, 13)",70.5,True,18.5,1.0
3,Q-Learning,V8,"(46, 97)",78.03022843964078,True,13.96977156035922,1.0
3,Q-Learning,V9,"(71, 25)",66.1884952734048,True,24.811504726595203,1.0
3,Q-Learning,V10,"(8, 17)",65.26386813286338,True,27.73613186713662,1.0
4,Greedy,V1,"(51, 42)",42.25333125260137,True,23.74666874739863,1.0
4,Greedy,V2,"(34, 65)",37.46702821674121,True,36.53297178325879,1.0
4,Greedy,V3,"(77, 53)",54.47845016542095,True,22.521549834579044,1.0
4,Greedy,V4,"(29, 57)",82.33401374432991,True,8.665986255670086,1.0
4,Greedy,V5,"(65, 51)",22.284639592372677,True,32.71536040762732,1.0
4,Greedy,V6,"(88, 10)",66.46568638049814,True,18.53431361950185,1.0
4,Greedy,V7,"(99, 1)",64.04989406969851,True,23.950105930301486,1.0
4,Greedy,V8,"(28, 89)",78.03022843964078,True,12.96977156035922,1.0
4,Greedy,V9,"(15, 80)",64.07653800412976,True,25.92346199587024,1.0
4,Greedy,V10,"(20, 59)",60.289459561253366,True,31.710540438746634,1.0
4,Auction,V1,"(71, 25)",49.08346561146518,True,16.91653438853482,1.0
4,Auction,V2,"(83, 88)",47.267217941300366,True,26.732782058699634,1.0
4,Auction,V3,"(92, 32)",46.31328917126744,True,30.686710828732558,1.0
4,Auction,V4,"(23, 47)",82.33401374432991,True,8.665986255670086,1.0
4,Auction,V5,"(74, 30)",20.38422689413609,True,34.61577310586391,1.0
4,Auction,V6,"(80, 15)",62.11320377358868,True,22.88679622641132,1.0
4,Auction,V7,"(99, 13)",70.5,True,17.5,1.0
4,Auction,V8,"(46, 97)",78.03022843964078,True,12.96977156035922,1.0
4,Auction,V9,"(39, 1)",60.679359273765996,True,29.320640726234004,1.0
4,Auction,V10,"(8, 17)",65.26386813286338,True,26.73613186713662,1.0
4,Q-Learning,V1,"(83, 88)",40.773810788390264,True,25.226189211609732,1.0
4,Q-Learning,V2,"(39, 1)",45.82928351674055,True,28.170716483259447,1.0
4,Q-Learning,V3,"(74, 30)",46.68645328435908,True,30.313546715640918,1.0
4,Q-Learning,V4,"(23, 47)",82.33401374432991,True,8.665986255670086,1.0
4,Q-Learning,V5,"(92, 32)",16.994950653853884,True,38.005049346146116,1.0
4,Q-Learning,V6,"(80, 15)",62.11320377358868,True,22.88679622641132,1.0
4,Q-Learning,V7,"(99, 13)",70.5,True,17.5,1.0
4,Q-Learning,V8,"(46, 97)",78.03022843964078,True,12.96977156035922,1.0
4,Q-Learning,V9,"(71, 25)",66.1884952734048,True,23.811504726595203,1.0
4,Q-Learning,V10,"(8, 17)",65.26386813286338,True,26.73613186713662,1.0
5,Greedy,V1,"(51, 42)",42.25333125260137,True,22.74666874739863,1.0
5,Greedy,V2,"(34, 65)",37.46702821674121,True,35.53297178325879,1.0
5,Greedy,V3,"(77, 53)",54.47845016542095,True,21.521549834579044,1.0
5,Greedy,V4,"(29, 57)",82.33401374432991,True,7.665986255670086,1.0
5,Greedy,V5,"(65, 51)",22.284639592372677,True,31.715360407627323,1.0
5,Greedy,V6,"(88, 10)",66.46568638049814,True,17.53431361950185,1.0
5,Greedy,V7,"(99, 1)",64.04989406969851,True,22.950105930301486,1.0
5,Greedy,V8,"(28, 89)",78.03022843964078,True,11.96977156035922,1.0
5,Greedy,V9,"(15, 80)",64.07653800412976,True,24.92346199587024,1.0
5,Greedy,V10,"(20, 59)",60.289459561253366,True,30.710540438746634,1.0
5,Auction,V1,"(71, 25)",49.08346561146518,True,15.91653438853482,1.0
5,Auction,V2,"(83, 88)",47.267217941300366,True,25.732782058699634,1.0
5,Auction,V3,"(92, 32)",46.31328917126744,True,29.686710828732558,1.0
5,Auction,V4,"(23, 47)",82.33401374432991,True,7.665986255670086,1.0
5,Auction,V5,"(74, 30)",20.38422689413609,True,33.61577310586391,1.0
5,Auction,V6,"(80, 15)",62.11320377358868,True,21.88679622641132,1.0
5,Auction,V7,"(99, 13)",70.5,True,16.5,1.0
5,Auction,V8,"(46, 97)",78.03022843964078,True,11.96977156035922,1.0
5,Auction,V9,"(39, 1)",60.679359273765996,True,28.320640726234004,1.0
5,Auction,V10,"(8, 17)",65.26386813286338,True,25.73613186713662,1.0
5,Q-Learning,V1,"(83, 88)",40.773810788390264,True,24.226189211609732,1.0
5,Q-Learning,V2,"(39, 1)",45.82928351674055,True,27.170716483259447,1.0
5,Q-Learning,V3,"(74, 30)",46.68645328435908,True,29.313546715640918,1.0
5,Q-Learning,V4,"(23, 47)",82.33401374432991,True,7.665986255670086,1.0
5,Q-Learning,V5,"(92, 32)",16.994950653853884,True,37.005049346146116,1.0
5,Q-Learning,V6,"(80, 15)",62.11320377358868,True,21.88679622641132,1.0
5,Q-Learning,V7,"(99, 13)",70.5,True,16.5,1.0
5,Q-Learning,V8,"(46, 97)",78.03022843964078,True,11.96977156035922,1.0
5,Q-Learning,V9,"(71, 25)",66.1884952734048,True,22.811504726595203,1.0
5,Q-Learning,V10,"(8, 17)",65.26386813286338,True,25.73613186713662,1.0
6,Greedy,V1,"(51, 42)",42.25333125260137,True,21.74666874739863,1.0
6,Greedy,V2,"(34, 65)",37.46702821674121,True,34.53297178325879,1.0
6,Greedy,V3,"(77, 53)",54.47845016542095,True,20.521549834579044,1.0
6,Greedy,V4,"(29, 57)",82.33401374432991,True,6.665986255670086,1.0
6,Greedy,V5,"(65, 51)",22.284639592372677,True,30.715360407627323,1.0
6,Greedy,V6,"(88, 10)",66.46568638049814,True,16.53431361950185,1.0
6,Greedy,V7,"(99, 1)",64.04989406969851,True,21.950105930301486,1.0
6,Greedy,V8,"(28, 89)",78.03022843964078,True,10.96977156035922,1.0
6,Greedy,V9,"(15, 80)",64.07653800412976,True,23.92346199587024,1.0
6,Greedy,V10,"(20, 59)",60.289459561253366,True,29.710540438746634,1.0
6,Auction,V1,"(71, 25)",49.08346561146518,True,14.91653438853482,1.0
6,Auction,V2,"(83, 88)",47.267217941300366,True,24.732782058699634,1.0
6,Auction,V3,"(92, 32)",46.31328917126744,True,28.686710828732558,1.0
6,Auction,V4,"(23, 47)",82.33401374432991,True,6.665986255670086,1.0
6,Auction,V5,"(74, 30)",20.38422689413609,True,32.61577310586391,1.0
6,Auction,V6,"(80, 15)",62.11320377358868,True,20.88679622641132,1.0
6,Auction,V7,"(99, 13)",70.5,True,15.5,1.0
6,Auction,V8,"(46, 97)",78.03022843964078,True,10.96977156035922,1.0
6,Auction,V9,"(39, 1)",60.679359273765996,True,27.320640726234004,1.0
6,Auction,V10,"(8, 17)",65.26386813286338,True,24.73613186713662,1.0
6,Q-Learning,V1,"(83, 88)",40.773810788390264,True,23.226189211609732,1.0
6,Q-Learning,V2,"(39, 1)",45.82928351674055,True,26.170716483259447,1.0
6,Q-Learning,V3,"(74, 30)",46.68645328435908,True,28.313546715640918,1.0
6,Q-Learning,V4,"(23, 47)",82.33401374432991,True,6.665986255670086,1.0
6,Q-Learning,V5,"(92, 32)",16.994950653853884,True,36.005049346146116,1.0
6,Q-Learning,V6,"(80, 15)",62.11320377358868,True,20.88679622641132,1.0
6,Q-Learning,V7,"(99, 13)",70.5,True,15.5,1.0
6,Q-Learning,V8,"(46, 97)",78.03022843964078,True,10.96977156035922,1.0
6,Q-Learning,V9,"(71, 25)",66.1884952734048,True,21.811504726595203,1.0
6,Q-Learning,V10,"(8, 17)",65.26386813286338,True,24.73613186713662,1.0
7,Greedy,V1,"(51, 42)",42.25333125260137,True,20.74666874739863,1.0
7,Greedy,V2,"(34, 65)",37.46702821674121,True,33.53297178325879,1.0
7,Greedy,V3,"(77, 53)",54.47845016542095,True,19.521549834579044,1.0
7,Greedy,V4,"(29, 57)",82.33401374432991,True,5.665986255670086,1.0
7,Greedy,V5,"(65, 51)",22.284639592372677,True,29.715360407627323,1.0
7,Greedy,V6,"(88, 10)",66.46568638049814,True,15.534313619501852,1.0
7,Greedy,V7,"(99, 1)",64.04989406969851,True,20.950105930301486,1.0
7,Greedy,V8,"(28, 89)",78.03022843964078,True,9.96977156035922,1.0
7,Greedy,V9,"(15, 80)",64.07653800412976,True,22.92346199587024,1.0
7,Greedy,V10,"(20, 59)",60.289459561253366,True,28.710540438746634,1.0
7,Auction,V1,"(71, 25)",49.08346561146518,True,13.91653438853482,1.0
7,Auction,V2,"(83, 88)",47.267217941300366,True,23.732782058699634,1.0
7,Auction,V3,"(92, 32)",46.31328917126744,True,27.686710828732558,1.0
7,Auction,V4,"(23, 47)",82.33401374432991,True,5.665986255670086,1.0
7,Auction,V5,"(74, 30)",20.38422689413609,True,31.61577310586391,1.0
7,Auction,V6,"(80, 15)",62.11320377358868,True,19.88679622641132,1.0
7,Auction,V7,"(99, 13)",70.5,True,14.5,1.0
7,Auction,V8,"(46, 97)",78.03022843964078,True,9.96977156035922,1.0
7,Auction,V9,"(39, 1)",60.679359273765996,True,26.320640726234004,1.0
7,Auction,V10,"(8, 17)",65.26386813286338,True,23.73613186713662,1.0
7,Q-Learning,V1,"(83, 88)",40.773810788390264,True,22.226189211609732,1.0
7,Q-Learning,V2,"(39, 1)",45.82928351674055,True,25.170716483259447,1.0
7,Q-Learning,V3,"(74, 30)",46.68645328435908,True,27.313546715640918,1.0
7,Q-Learning,V4,"(23, 47)",82.33401374432991,True,5.665986255670086,1.0
7,Q-Learning,V5,"(92, 32)",16.994950653853884,True,35.005049346146116,1.0
7,Q-Learning,V6,"(80, 15)",62.11320377358868,True,19.88679622641132,1.0
7,Q-Learning,V7,"(99, 13)",70.5,True,14.5,1.0
7,Q-Learning,V8,"(46, 97)",78.03022843964078,True,9.96977156035922,1.0
7,Q-Learning,V9,"(71, 25)",66.1884952734048,True,20.811504726595203,1.0
7,Q-Learning,V10,"(8, 17)",65.26386813286338,True,23.73613186713662,1.0
8,Greedy,V1,"(51, 42)",42.25333125260137,True,19.74666874739863,1.0
8,Greedy,V2,"(34, 65)",37.46702821674121,True,32.53297178325879,1.0
8,Greedy,V3,"(77, 53)",54.47845016542095,True,18.521549834579044,1.0
8,Greedy,V4,"(29, 57)",82.33401374432991,True,4.665986255670086,1.0
8,Greedy,V5,"(65, 51)",22.284639592372677,True,28.715360407627323,1.0
8,Greedy,V6,"(88, 10)",66.46568638049814,True,14.534313619501852,1.0
8,Greedy,V7,"(99, 1)",64.04989406969851,True,19.950105930301486,1.0
8,Greedy,V8,"(28, 89)",78.03022843964078,True,8.96977156035922,1.0
8,Greedy,V9,"(15, 80)",64.07653800412976,True,21.92346199587024,1.0
8,Greedy,V10,"(20, 59)",60.289459561253366,True,27.710540438746634,1.0
8,Auction,V1,"(71, 25)",49.08346561146518,True,12.91653438853482,1.0
8,Auction,V2,"(83, 88)",47.267217941300366,True,22.732782058699634,1.0
8,Auction,V3,"(92, 32)",46.31328917126744,True,26.686710828732558,1.0
8,Auction,V4,"(23, 47)",82.33401374432991,True,4.665986255670086,1.0
8,Auction,V5,"(74, 30)",20.38422689413609,True,30.61577310586391,1.0
8,Auction,V6,"(80, 15)",62.11320377358868,True,18.88679622641132,1.0
8,Auction,V7,"(99, 13)",70.5,True,13.5,1.0
8,Auction,V8,"(46, 97)",78.03022843964078,True,8.96977156035922,1.0
8,Auction,V9,"(39, 1)",60.679359273765996,True,25.320640726234004,1.0
8,Auction,V10,"(8, 17)",65.26386813286338,True,22.73613186713662,1.0
8,Q-Learning,V1,"(83, 88)",40.773810788390264,True,21.226189211609732,1.0
8,Q-Learning,V2,"(39, 1)",45.82928351674055,True,24.170716483259447,1.0
8,Q-Learning,V3,"(74, 30)",46.68645328435908,True,26.313546715640918,1.0
8,Q-Learning,V4,"(23, 47)",82.33401374432991,True,4.665986255670086,1.0
8,Q-Learning,V5,"(92, 32)",16.994950653853884,True,34.005049346146116,1.0
8,Q-Learning,V6,"(80, 15)",62.11320377358868,True,18.88679622641132,1.0
8,Q-Learning,V7,"(99, 13)",70.5,True,13.5,1.0
8,Q-Learning,V8,"(46, 97)",78.03022843964078,True,8.96977156035922,1.0
8,Q-Learning,V9,"(71, 25)",66.1884952734048,True,19.811504726595203,1.0
8,Q-Learning,V10,"(8, 17)",65.26386813286338,True,22.73613186713662,1.0
9,Greedy,V1,"(51, 42)",42.25333125260137,True,18.74666874739863,1.0
9,Greedy,V2,"(34, 65)",37.46702821674121,True,31.532971783258787,1.0
9,Greedy,V3,"(77, 53)",54.47845016542095,True,17.521549834579044,1.0
9,Greedy,V4,"(29, 57)",82.33401374432991,True,3.665986255670086,1.0
9,Greedy,V5,"(65, 51)",22.284639592372677,True,27.715360407627323,1.0
9,Greedy,V6,"(88, 10)",66.46568638049814,True,13.534313619501852,1.0
9,Greedy,V7,"(99, 1)",64.04989406969851,True,18.950105930301486,1.0
9,Greedy,V8,"(28, 89)",78.03022843964078,True,7.96977156035922,1.0
9,Greedy,V9,"(15, 80)",64.07653800412976,True,20.92346199587024,1.0
9,Greedy,V10,"(20, 59)",60.289459561253366,True,26.710540438746634,1.0
9,Auction,V1,"(71, 25)",49.08346561146518,True,11.91653438853482,1.0
9,Auction,V2,"(83, 88)",47.267217941300366,True,21.732782058699634,1.0
9,Auction,V3,"(92, 32)",46.31328917126744,True,25.686710828732558,1.0
9,Auction,V4,"(23, 47)",82.33401374432991,True,3.665986255670086,1.0
9,Auction,V5,"(74, 30)",20.38422689413609,True,29.61577310586391,1.0
9,Auction,V6,"(80, 15)",62.11320377358868,True,17.88679622641132,1.0
9,Auction,V7,"(99, 13)",70.5,True,12.5,1.0
9,Auction,V8,"(46, 97)",78.03022843964078,True,7.96977156035922,1.0
9,Auction,V9,"(39, 1)",60.679359273765996,True,24.320640726234004,1.0
9,Auction,V10,"(8, 17)",65.26386813286338,True,21.73613186713662,1.0
9,Q-Learning,V1,"(83, 88)",40.773810788390264,True,20.226189211609732,1.0
9,Q-Learning,V2,"(39, 1)",45.82928351674055,True,23.170716483259447,1.0
9,Q-Learning,V3,"(74, 30)",46.68645328435908,True,25.313546715640918,1.0
9,Q-Learning,V4,"(23, 47)",82.33401374432991,True,3.665986255670086,1.0
9,Q-Learning,V5,"(92, 32)",16.994950653853884,True,33.005049346146116,1.0
9,Q-Learning,V6,"(80, 15)",62.11320377358868,True,17.88679622641132,1.0
9,Q-Learning,V7,"(99, 13)",70.5,True,12.5,1.0
9,Q-Learning,V8,"(46, 97)",78.03022843964078,True,7.96977156035922,1.0
9,Q-Learning,V9,"(71, 25)",66.1884952734048,True,18.811504726595203,1.0
9,Q-Learning,V10,"(8, 17)",65.26386813286338,True,21.73613186713662,1.0
10,Greedy,V1,"(51, 42)",42.25333125260137,True,17.74666874739863,1.0
10,Greedy,V2,"(34, 65)",37.46702821674121,True,30.532971783258787,1.0
10,Greedy,V3,"(77, 53)",54.47845016542095,True,16.521549834579044,1.0
10,Greedy,V4,"(29, 57)",82.33401374432991,True,2.665986255670086,1.0
10,Greedy,V5,"(65, 51)",22.284639592372677,True,26.715360407627323,1.0
10,Greedy,V6,"(88, 10)",66.46568638049814,True,12.534313619501852,1.0
10,Greedy,V7,"(99, 1)",64.04989406969851,True,17.950105930301486,1.0
10,Greedy,V8,"(28, 89)",78.03022843964078,True,6.96977156035922,1.0
10,Greedy,V9,"(15, 80)",64.07653800412976,True,19.92346199587024,1.0
10,Greedy,V10,"(20, 59)",60.289459561253366,True,25.710540438746634,1.0
10,Auction,V1,"(71, 25)",49.08346561146518,True,10.91653438853482,1.0
10,Auction,V2,"(83, 88)",47.267217941300366,True,20.732782058699634,1.0
10,Auction,V3,"(92, 32)",46.31328917126744,True,24.686710828732558,1.0
10,Auction,V4,"(23, 47)",82.33401374432991,True,2.665986255670086,1.0
10,Auction,V5,"(74, 30)",20.38422689413609,True,28.61577310586391,1.0
10,Auction,V6,"(80, 15)",62.11320377358868,True,16.88679622641132,1.0
10,Auction,V7,"(99, 13)",70.5,True,11.5,1.0
10,Auction,V8,"(46, 97)",78.03022843964078,True,6.96977156035922,1.0
10,Auction,V9,"(39, 1)",60.679359273765996,True,23.320640726234004,1.0
10,Auction,V10,"(8, 17)",65.26386813286338,True,20.73613186713662,1.0
10,Q-Learning,V1,"(83, 88)",40.773810788390264,True,19.226189211609732,1.0
10,Q-Learning,V2,"(39, 1)",45.82928351674055,True,22.170716483259447,1.0
10,Q-Learning,V3,"(74, 30)",46.68645328435908,True,24.313546715640918,1.0
10,Q-Learning,V4,"(23, 47)",82.33401374432991,True,2.665986255670086,1.0
10,Q-Learning,V5,"(92, 32)",16.994950653853884,True,32.005049346146116,1.0
10,Q-Learning,V6,"(80, 15)",62.11320377358868,True,16.88679622641132,1.0
10,Q-Learning,V7,"(99, 13)",70.5,True,11.5,1.0
10,Q-Learning,V8,"(46, 97)",78.03022843964078,True,6.96977156035922,1.0
10,Q-Learning,V9,"(71, 25)",66.1884952734048,True,17.811504726595203,1.0
10,Q-Learning,V10,"(8, 17)",65.26386813286338,True,20.73613186713662,1.0
11,Greedy,V1,"(51, 42)",42.25333125260137,True,16.74666874739863,1.0
11,Greedy,V2,"(34, 65)",37.46702821674121,True,29.532971783258787,1.0
11,Greedy,V3,"(77, 53)",54.47845016542095,True,15.521549834579044,1.0
11,Greedy,V4,"(29, 57)",82.33401374432991,True,1.6659862556700862,1.0
11,Greedy,V5,"(65, 51)",22.284639592372677,True,25.715360407627323,1.0
11,Greedy,V6,"(88, 10)",66.46568638049814,True,11.534313619501852,1.0
11,Greedy,V7,"(99, 1)",64.04989406969851,True,16.950105930301486,1.0
11,Greedy,V8,"(28, 89)",78.03022843964078,True,5.96977156035922,1.0
11,Greedy,V9,"(15, 80)",64.07653800412976,True,18.92346199587024,1.0
11,Greedy,V10,"(20, 59)",60.289459561253366,True,24.710540438746634,1.0
11,Auction,V1,"(71, 25)",49.08346561146518,True,9.91653438853482,1.0
11,Auction,V2,"(83, 88)",47.267217941300366,True,19.732782058699634,1.0
11,Auction,V3,"(92, 32)",46.31328917126744,True,23.686710828732558,1.0
11,Auction,V4,"(23, 47)",82.33401374432991,True,1.6659862556700862,1.0
11,Auction,V5,"(74, 30)",20.38422689413609,True,27.61577310586391,1.0
11,Auction,V6,"(80, 15)",62.11320377358868,True,15.88679622641132,1.0
11,Auction,V7,"(99, 13)",70.5,True,10.5,1.0
11,Auction,V8,"(46, 97)",78.03022843964078,True,5.96977156035922,1.0
11,Auction,V9,"(39, 1)",60.679359273765996,True,22.320640726234004,1.0
11,Auction,V10,"(8, 17)",65.26386813286338,True,19.73613186713662,1.0
11,Q-Learning,V1,"(83, 88)",40.773810788390264,True,18.226189211609732,1.0
11,Q-Learning,V2,"(39, 1)",45.82928351674055,True,21.170716483259447,1.0
11,Q-Learning,V3,"(74, 30)",46.68645328435908,True,23.313546715640918,1.0
11,Q-Learning,V4,"(23, 47)",82.33401374432991,True,1.6659862556700862,1.0
11,Q-Learning,V5,"(92, 32)",16.994950653853884,True,31.005049346146116,1.0
11,Q-Learning,V6,"(80, 15)",62.11320377358868,True,15.88679622641132,1.0
11,Q-Learning,V7,"(99, 13)",70.5,True,10.5,1.0
11,Q-Learning,V8,"(46, 97)",78.03022843964078,True,5.96977156035922,1.0
11,Q-Learning,V9,"(71, 25)",66.1884952734048,True,16.811504726595203,1.0
11,Q-Learning,V10,"(8, 17)",65.26386813286338,True,19.73613186713662,1.0
12,Greedy,V1,"(51, 42)",42.25333125260137,True,15.74666874739863,1.0
12,Greedy,V2,"(34, 65)",37.46702821674121,True,28.532971783258787,1.0
12,Greedy,V3,"(77, 53)",54.47845016542095,True,14.521549834579044,1.0
12,Greedy,V4,"(29, 57)",82.33401374432991,True,0.6659862556700862,1.0
12,Greedy,V5,"(65, 51)",22.284639592372677,True,24.715360407627323,1.0
12,Greedy,V6,"(88, 10)",66.46568638049814,True,10.534313619501852,1.0
12,Greedy,V7,"(99, 1)",64.04989406969851,True,15.950105930301486,1.0
12,Greedy,V8,"(28, 89)",78.03022843964078,True,4.96977156035922,1.0
12,Greedy,V9,"(15, 80)",64.07653800412976,True,17.92346199587024,1.0
12,Greedy,V10,"(20, 59)",60.289459561253366,True,23.710540438746634,1.0
12,Auction,V1,"(71, 25)",49.08346561146518,True,8.91653438853482,1.0
12,Auction,V2,"(83, 88)",47.267217941300366,True,18.732782058699634,1.0
12,Auction,V3,"(92, 32)",46.31328917126744,True,22.686710828732558,1.0
12,Auction,V4,"(23, 47)",82.33401374432991,True,0.6659862556700862,1.0
12,Auction,V5,"(74, 30)",20.38422689413609,True,26.61577310586391,1.0
12,Auction,V6,"(80, 15)",62.11320377358868,True,14.88679622641132,1.0
12,Auction,V7,"(99, 13)",70.5,True,9.5,1.0
12,Auction,V8,"(46, 97)",78.03022843964078,True,4.96977156035922,1.0
12,Auction,V9,"(39, 1)",60.679359273765996,True,21.320640726234004,1.0
12,Auction,V10,"(8, 17)",65.26386813286338,True,18.73613186713662,1.0
12,Q-Learning,V1,"(83, 88)",40.773810788390264,True,17.226189211609732,1.0
12,Q-Learning,V2,"(39, 1)",45.82928351674055,True,20.170716483259447,1.0
12,Q-Learning,V3,"(74, 30)",46.68645328435908,True,22.313546715640918,1.0
12,Q-Learning,V4,"(23, 47)",82.33401374432991,True,0.6659862556700862,1.0
12,Q-Learning,V5,"(92, 32)",16.994950653853884,True,30.005049346146116,1.0
12,Q-Learning,V6,"(80, 15)",62.11320377358868,True,14.88679622641132,1.0
12,Q-Learning,V7,"(99, 13)",70.5,True,9.5,1.0
12,Q-Learning,V8,"(46, 97)",78.03022843964078,True,4.96977156035922,1.0
12,Q-Learning,V9,"(71, 25)",66.1884952734048,True,15.811504726595203,1.0
12,Q-Learning,V10,"(8, 17)",65.26386813286338,True,18.73613186713662,1.0
13,Greedy,V1,"(51, 42)",42.25333125260137,True,14.74666874739863,1.0
13,Greedy,V2,"(34, 65)",37.46702821674121,True,27.532971783258787,1.0
13,Greedy,V3,"(77, 53)",54.47845016542095,True,13.521549834579044,1.0
13,Greedy,V4,"(29, 57)",58.30686428440734,True,24.02714945992257,1.0
13,Greedy,V5,"(65, 51)",22.284639592372677,True,23.715360407627323,1.0
13,Greedy,V6,"(88, 10)",66.46568638049814,True,9.534313619501852,1.0
13,Greedy,V7,"(99, 1)",64.04989406969851,True,14.950105930301486,1.0
13,Greedy,V8,"(28, 89)",78.03022843964078,True,3.96977156035922,1.0
13,Greedy,V9,"(15, 80)",64.07653800412976,True,16.92346199587024,1.0
13,Greedy,V10,"(20, 59)",60.289459561253366,True,22.710540438746634,1.0
13,Auction,V1,"(71, 25)",49.08346561146518,True,7.916534388534821,1.0
13,Auction,V2,"(83, 88)",47.267217941300366,True,17.732782058699634,1.0
13,Auction,V3,"(92, 32)",46.31328917126744,True,21.686710828732558,1.0
13,Auction,V4,"(59, 35)",65.9129663268984,True,16.42104741743151,1.0
13,Auction,V5,"(74, 30)",20.38422689413609,True,25.61577310586391,1.0
13,Auction,V6,"(80, 15)",62.11320377358868,True,13.88679622641132,1.0
13,Auction,V7,"(99, 13)",70.5,True,8.5,1.0
13,Auction,V8,"(46, 97)",78.03022843964078,True,3.96977156035922,1.0
13,Auction,V9,"(39, 1)",60.679359273765996,True,20.320640726234004,1.0
13,Auction,V10,"(8, 17)",65.26386813286338,True,17.73613186713662,1.0
13,Q-Learning,V1,"(83, 88)",40.773810788390264,True,16.226189211609732,1.0
13,Q-Learning,V2,"(39, 1)",45.82928351674055,True,19.170716483259447,1.0
13,Q-Learning,V3,"(74, 30)",46.68645328435908,True,21.313546715640918,1.0
13,Q-Learning,V4,"(65, 79)",56.79094015436186,True,25.54307358996805,1.0
13,Q-Learning,V5,"(92, 32)",16.994950653853884,True,29.005049346146116,1.0
13,Q-Learning,V6,"(80, 15)",62.11320377358868,True,13.88679622641132,1.0
13,Q-Learning,V7,"(99, 13)",70.5,True,8.5,1.0
13,Q-Learning,V8,"(46, 97)",78.03022843964078,True,3.96977156035922,1.0
13,Q-Learning,V9,"(71, 25)",66.1884952734048,True,14.811504726595203,1.0
13,Q-Learning,V10,"(8, 17)",65.26386813286338,True,17.73613186713662,1.0
14,Greedy,V1,"(51, 42)",42.25333125260137,True,13.74666874739863,1.0
14,Greedy,V2,"(34, 65)",37.46702821674121,True,26.532971783258787,1.0
14,Greedy,V3,"(77, 53)",54.47845016542095,True,12.521549834579044,1.0
14,Greedy,V4,"(29, 57)",58.30686428440734,True,23.02714945992257,1.0
14,Greedy,V5,"(65, 51)",22.284639592372677,True,22.715360407627323,1.0
14,Greedy,V6,"(88, 10)",66.46568638049814,True,8.534313619501852,1.0
14,Greedy,V7,"(99, 1)",64.04989406969851,True,13.950105930301486,1.0
14,Greedy,V8,"(28, 89)",78.03022843964078,True,2.96977156035922,1.0
14,Greedy,V9,"(15, 80)",64.07653800412976,True,15.923461995870241,1.0
14,Greedy,V10,"(20, 59)",60.289459561253366,True,21.710540438746634,1.0
14,Auction,V1,"(71, 25)",49.08346561146518,True,6.916534388534821,1.0
14,Auction,V2,"(83, 88)",47.267217941300366,True,16.732782058699634,1.0
14,Auction,V3,"(92, 32)",46.31328917126744,True,20.686710828732558,1.0
14,Auction,V4,"(59, 35)",65.9129663268984,True,15.42104741743151,1.0
14,Auction,V5,"(74, 30)",20.38422689413609,True,24.61577310586391,1.0
14,Auction,V6,"(80, 15)",62.11320377358868,True,12.88679622641132,1.0
14,Auction,V7,"(99, 13)",70.5,True,7.5,1.0
14,Auction,V8,"(46, 97)",78.03022843964078,True,2.96977156035922,1.0
14,Auction,V9,"(39, 1)",60.679359273765996,True,19.320640726234004,1.0
14,Auction,V10,"(8, 17)",65.26386813286338,True,16.73613186713662,1.0
14,Q-Learning,V1,"(83, 88)",40.773810788390264,True,15.226189211609732,1.0
14,Q-Learning,V2,"(39, 1)",45.82928351674055,True,18.170716483259447,1.0
14,Q-Learning,V3,"(74, 30)",46.68645328435908,True,20.313546715640918,1.0
14,Q-Learning,V4,"(65, 79)",56.79094015436186,True,24.54307358996805,1.0
14,Q-Learning,V5,"(92, 32)",16.994950653853884,True,28.005049346146116,1.0
14,Q-Learning,V6,"(80, 15)",62.11320377358868,True,12.88679622641132,1.0
14,Q-Learning,V7,"(99, 13)",70.5,True,7.5,1.0
14,Q-Learning,V8,"(46, 97)",78.03022843964078,True,2.96977156035922,1.0
14,Q-Learning,V9,"(71, 25)",66.1884952734048,True,13.811504726595203,1.0
14,Q-Learning,V10,"(8, 17)",65.26386813286338,True,16.73613186713662,1.0
15,Greedy,V1,"(51, 42)",42.25333125260137,True,12.74666874739863,1.0
15,Greedy,V2,"(34, 65)",37.46702821674121,True,25.532971783258787,1.0
15,Greedy,V3,"(77, 53)",54.47845016542095,True,11.521549834579044,1.0
15,Greedy,V4,"(29, 57)",58.30686428440734,True,22.02714945992257,1.0
15,Greedy,V5,"(65, 51)",22.284639592372677,True,21.715360407627323,1.0
15,Greedy,V6,"(88, 10)",66.46568638049814,True,7.534313619501852,1.0
15,Greedy,V7,"(99, 1)",64.04989406969851,True,12.950105930301486,1.0
15,Greedy,V8,"(28, 89)",78.03022843964078,True,1.96977156035922,1.0
15,Greedy,V9,"(15, 80)",64.07653800412976,True,14.923461995870241,1.0
15,Greedy,V10,"(20, 59)",60.289459561253366,True,20.710540438746634,1.0
15,Auction,V1,"(71, 25)",49.08346561146518,True,5.916534388534821,1.0
15,Auction,V2,"(83, 88)",47.267217941300366,True,15.732782058699634,1.0
15,Auction,V3,"(92, 32)",46.31328917126744,True,19.686710828732558,1.0
15,Auction,V4,"(59, 35)",65.9129663268984,True,14.42104741743151,1.0
15,Auction,V5,"(74, 30)",20.38422689413609,True,23.61577310586391,1.0
15,Auction,V6,"(80, 15)",62.11320377358868,True,11.88679622641132,1.0
15,Auction,V7,"(99, 13)",70.5,True,6.5,1.0
15,Auction,V8,"(46, 97)",78.03022843964078,True,1.96977156035922,1.0
15,Auction,V9,"(39, 1)",60.679359273765996,True,18.320640726234004,1.0
15,Auction,V10,"(8, 17)",65.26386813286338,True,15.73613186713662,1.0
15,Q-Learning,V1,"(83, 88)",40.773810788390264,True,14.226189211609732,1.0
15,Q-Learning,V2,"(39, 1)",45.82928351674055,True,17.170716483259447,1.0
15,Q-Learning,V3,"(74, 30)",46.68645328435908,True,19.313546715640918,1.0
15,Q-Learning,V4,"(65, 79)",56.79094015436186,True,23.54307358996805,1.0
15,Q-Learning,V5,"(92, 32)",16.994950653853884,True,27.005049346146116,1.0
15,Q-Learning,V6,"(80, 15)",62.11320377358868,True,11.88679622641132,1.0
15,Q-Learning,V7,"(99, 13)",70.5,True,6.5,1.0
15,Q-Learning,V8,"(46, 97)",78.03022843964078,True,1.96977156035922,1.0
15,Q-Learning,V9,"(71, 25)",66.1884952734048,True,12.811504726595203,1.0
15,Q-Learning,V10,"(8, 17)",65.26386813286338,True,15.73613186713662,1.0
16,Greedy,V1,"(51, 42)",42.25333125260137,True,11.74666874739863,1.0
16,Greedy,V2,"(34, 65)",37.46702821674121,True,24.532971783258787,1.0
16,Greedy,V3,"(77, 53)",54.47845016542095,True,10.521549834579044,1.0
16,Greedy,V4,"(29, 57)",58.30686428440734,True,21.02714945992257,1.0
16,Greedy,V5,"(65, 51)",22.284639592372677,True,20.715360407627323,1.0
16,Greedy,V6,"(88, 10)",66.46568638049814,True,6.534313619501852,1.0
16,Greedy,V7,"(99, 1)",64.04989406969851,True,11.950105930301486,1.0
16,Greedy,V8,"(28, 89)",78.03022843964078,True,0.9697715603592201,1.0
16,Greedy,V9,"(15, 80)",64.07653800412976,True,13.923461995870241,1.0
16,Greedy,V10,"(20, 59)",60.289459561253366,True,19.710540438746634,1.0
16,Auction,V1,"(71, 25)",49.08346561146518,True,4.916534388534821,1.0
16,Auction,V2,"(83, 88)",47.267217941300366,True,14.732782058699634,1.0
16,Auction,V3,"(92, 32)",46.31328917126744,True,18.686710828732558,1.0
16,Auction,V4,"(59, 35)",65.9129663268984,True,13.42104741743151,1.0
16,Auction,V5,"(74, 30)",20.38422689413609,True,22.61577310586391,1.0
16,Auction,V6,"(80, 15)",62.11320377358868,True,10.88679622641132,1.0
16,Auction,V7,"(99, 13)",70.5,True,5.5,1.0
16,Auction,V8,"(46, 97)",78.03022843964078,True,0.9697715603592201,1.0
16,Auction,V9,"(39, 1)",60.679359273765996,True,17.320640726234004,1.0
16,Auction,V10,"(8, 17)",65.26386813286338,True,14.73613186713662,1.0
16,Q-Learning,V1,"(83, 88)",40.773810788390264,True,13.226189211609732,1.0
16,Q-Learning,V2,"(39, 1)",45.82928351674055,True,16.170716483259447,1.0
16,Q-Learning,V3,"(74, 30)",46.68645328435908,True,18.313546715640918,1.0
16,Q-Learning,V4,"(65, 79)",56.79094015436186,True,22.54307358996805,1.0
16,Q-Learning,V5,"(92, 32)",16.994950653853884,True,26.005049346146116,1.0
16,Q-Learning,V6,"(80, 15)",62.11320377358868,True,10.88679622641132,1.0
16,Q-Learning,V7,"(99, 13)",70.5,True,5.5,1.0
16,Q-Learning,V8,"(46, 97)",78.03022843964078,True,0.9697715603592201,1.0
16,Q-Learning,V9,"(71, 25)",66.1884952734048,True,11.811504726595203,1.0
16,Q-Learning,V10,"(8, 17)",65.26386813286338,True,14.73613186713662,1.0
17,Greedy,V1,"(51, 42)",42.25333125260137,True,10.74666874739863,1.0
17,Greedy,V2,"(34, 65)",37.46702821674121,True,23.532971783258787,1.0
17,Greedy,V3,"(77, 53)",54.47845016542095,True,9.521549834579044,1.0
17,Greedy,V4,"(29, 57)",58.30686428440734,True,20.02714945992257,1.0
17,Greedy,V5,"(65, 51)",22.284639592372677,True,19.715360407627323,1.0
17,Greedy,V6,"(88, 10)",66.46568638049814,True,5.534313619501852,1.0
17,Greedy,V7,"(99, 1)",64.04989406969851,True,10.950105930301486,1.0
17,Greedy,V8,"(28, 89)",60.80367240921754,True,17.22655603042324,1.0
17,Greedy,V9,"(15, 80)",64.07653800412976,True,12.923461995870241,1.0
17,Greedy,V10,"(20, 59)",60.289459561253366,True,18.710540438746634,1.0
17,Auction,V1,"(71, 25)",49.08346561146518,True,3.9165343885348207,1.0
17,Auction,V2,"(83, 88)",47.267217941300366,True,13.732782058699634,1.0
17,Auction,V3,"(92, 32)",46.31328917126744,True,17.686710828732558,1.0
17,Auction,V4,"(59, 35)",65.9129663268984,True,12.42104741743151,1.0
17,Auction,V5,"(74, 30)",20.38422689413609,True,21.61577310586391,1.0
17,Auction,V6,"(80, 15)",62.11320377358868,True,9.88679622641132,1.0
17,Auction,V7,"(99, 13)",70.5,True,4.5,1.0
17,Auction,V8,"(65, 79)",57.412977973980304,True,20.61725046566048,1.0
17,Auction,V9,"(39, 1)",60.679359273765996,True,16.320640726234004,1.0
17,Auction,V10,"(8, 17)",65.26386813286338,True,13.73613186713662,1.0
17,Q-Learning,V1,"(83, 88)",40.773810788390264,True,12.226189211609732,1.0
17,Q-Learning,V2,"(39, 1)",45.82928351674055,True,15.170716483259447,1.0
17,Q-Learning,V3,"(74, 30)",46.68645328435908,True,17.313546715640918,1.0
17,Q-Learning,V4,"(65, 79)",56.79094015436186,True,21.54307358996805,1.0
17,Q-Learning,V5,"(92, 32)",16.994950653853884,True,25.005049346146116,1.0
17,Q-Learning,V6,"(80, 15)",62.11320377358868,True,9.88679622641132,1.0
17,Q-Learning,V7,"(99, 13)",70.5,True,4.5,1.0
17,Q-Learning,V8,"(59, 35)",60.695404053756036,True,17.334824385884744,1.0
17,Q-Learning,V9,"(71, 25)",66.1884952734048,True,10.811504726595203,1.0
17,Q-Learning,V10,"(8, 17)",65.26386813286338,True,13.73613186713662,1.0
18,Greedy,V1,"(51, 42)",42.25333125260137,True,9.74666874739863,1.0
18,Greedy,V2,"(34, 65)",37.46702821674121,True,22.532971783258787,1.0
18,Greedy,V3,"(77, 53)",54.47845016542095,True,8.521549834579044,1.0
18,Greedy,V4,"(29, 57)",58.30686428440734,True,19.02714945992257,1.0
18,Greedy,V5,"(65, 51)",22.284639592372677,True,18.715360407627323,1.0
18,Greedy,V6,"(88, 10)",66.46568638049814,True,4.534313619501852,1.0
18,Greedy,V7,"(99, 1)",64.04989406969851,True,9.950105930301486,1.0
18,Greedy,V8,"(28, 89)",60.80367240921754,True,16.22655603042324,1.0
18,Greedy,V9,"(15, 80)",64.07653800412976,True,11.923461995870241,1.0
18,Greedy,V10,"(20, 59)",60.289459561253366,True,17.710540438746634,1.0
18,Auction,V1,"(71, 25)",49.08346561146518,True,2.9165343885348207,1.0
18,Auction,V2,"(83, 88)",47.267217941300366,True,12.732782058699634,1.0
18,Auction,V3,"(92, 32)",46.31328917126744,True,16.686710828732558,1.0
18,Auction,V4,"(59, 35)",65.9129663268984,True,11.42104741743151,1.0
18,Auction,V5,"(74, 30)",20.38422689413609,True,20.61577310586391,1.0
18,Auction,V6,"(80, 15)",62.11320377358868,True,8.88679622641132,1.0
18,Auction,V7,"(99, 13)",70.5,True,3.5,1.0
18,Auction,V8,"(65, 79)",57.412977973980304,True,19.61725046566048,1.0
18,Auction,V9,"(39, 1)",60.679359273765996,True,15.320640726234004,1.0
18,Auction,V10,"(8, 17)",65.26386813286338,True,12.73613186713662,1.0
18,Q-Learning,V1,"(83, 88)",40.773810788390264,True,11.226189211609732,1.0
18,Q-Learning,V2,"(39, 1)",45.82928351674055,True,14.170716483259447,1.0
18,Q-Learning,V3,"(74, 30)",46.68645328435908,True,16.313546715640918,1.0
18,Q-Learning,V4,"(65, 79)",56.79094015436186,True,20.54307358996805,1.0
18,Q-Learning,V5,"(92, 32)",16.994950653853884,True,24.005049346146116,1.0
18,Q-Learning,V6,"(80, 15)",62.11320377358868,True,8.88679622641132,1.0
18,Q-Learning,V7,"(99, 13)",70.5,True,3.5,1.0
18,Q-Learning,V8,"(59, 35)",60.695404053756036,True,16.334824385884744,1.0
18,Q-Learning,V9,"(71, 25)",66.1884952734048,True,9.811504726595203,1.0
18,Q-Learning,V10,"(8, 17)",65.26386813286338,True,12.73613186713662,1.0
19,Greedy,V1,"(51, 42)",42.25333125260137,True,8.74666874739863,1.0
19,Greedy,V2,"(34, 65)",37.46702821674121,True,21.532971783258787,1.0
19,Greedy,V3,"(77, 53)",54.47845016542095,True,7.521549834579044,1.0
19,Greedy,V4,"(29, 57)",58.30686428440734,True,18.02714945992257,1.0
19,Greedy,V5,"(65, 51)",22.284639592372677,True,17.715360407627323,1.0
19,Greedy,V6,"(88, 10)",66.46568638049814,True,3.5343136195018516,1.0
19,Greedy,V7,"(99, 1)",64.04989406969851,True,8.950105930301486,1.0
19,Greedy,V8,"(28, 89)",60.80367240921754,True,15.22655603042324,1.0
19,Greedy,V9,"(15, 80)",64.07653800412976,True,10.923461995870241,1.0
19,Greedy,V10,"(20, 59)",60.289459561253366,True,16.710540438746634,1.0
19,Auction,V1,"(71, 25)",49.08346561146518,True,1.9165343885348207,1.0
19,Auction,V2,"(83, 88)",47.267217941300366,True,11.732782058699634,1.0
19,Auction,V3,"(92, 32)",46.31328917126744,True,15.686710828732558,1.0
19,Auction,V4,"(59, 35)",65.9129663268984,True,10.42104741743151,1.0
19,Auction,V5,"(74, 30)",20.38422689413609,True,19.61577310586391,1.0
19,Auction,V6,"(80, 15)",62.11320377358868,True,7.88679622641132,1.0
19,Auction,V7,"(99, 13)",70.5,True,2.5,1.0
19,Auction,V8,"(65, 79)",57.412977973980304,True,18.61725046566048,1.0
19,Auction,V9,"(39, 1)",60.679359273765996,True,14.320640726234004,1.0
19,Auction,V10,"(8, 17)",65.26386813286338,True,11.73613186713662,1.0
19,Q-Learning,V1,"(83, 88)",40.773810788390264,True,10.226189211609732,1.0
19,Q-Learning,V2,"(39, 1)",45.82928351674055,True,13.170716483259447,1.0
19,Q-Learning,V3,"(74, 30)",46.68645328435908,True,15.313546715640918,1.0
19,Q-Learning,V4,"(65, 79)",56.79094015436186,True,19.54307358996805,1.0
19,Q-Learning,V5,"(92, 32)",16.994950653853884,True,23.005049346146116,1.0
19,Q-Learning,V6,"(80, 15)",62.11320377358868,True,7.88679622641132,1.0
19,Q-Learning,V7,"(99, 13)",70.5,True,2.5,1.0
19,Q-Learning,V8,"(59, 35)",60.695404053756036,True,15.334824385884744,1.0
19,Q-Learning,V9,"(71, 25)",66.1884952734048,True,8.811504726595203,1.0
19,Q-Learning,V10,"(8, 17)",65.26386813286338,True,11.73613186713662,1.0
20,Greedy,V1,"(51, 42)",42.25333125260137,True,7.74666874739863,1.0
20,Greedy,V2,"(34, 65)",37.46702821674121,True,20.532971783258787,1.0
20,Greedy,V3,"(77, 53)",54.47845016542095,True,6.521549834579044,1.0
20,Greedy,V4,"(29, 57)",58.30686428440734,True,17.02714945992257,1.0
20,Greedy,V5,"(65, 51)",22.284639592372677,True,16.715360407627323,1.0
20,Greedy,V6,"(88, 10)",66.46568638049814,True,2.5343136195018516,1.0
20,Greedy,V7,"(99, 1)",64.04989406969851,True,7.950105930301486,1.0
20,Greedy,V8,"(28, 89)",60.80367240921754,True,14.22655603042324,1.0
20,Greedy,V9,"(15, 80)",64.07653800412976,True,9.923461995870241,1.0
20,Greedy,V10,"(20, 59)",60.289459561253366,True,15.710540438746634,1.0
20,Auction,V1,"(71, 25)",49.08346561146518,True,0.9165343885348207,1.0
20,Auction,V2,"(83, 88)",47.267217941300366,True,10.732782058699634,1.0
20,Auction,V3,"(92, 32)",46.31328917126744,True,14.686710828732558,1.0
20,Auction,V4,"(59, 35)",65.9129663268984,True,9.42104741743151,1.0
20,Auction,V5,"(74, 30)",20.38422689413609,True,18.61577310586391,1.0
20,Auction,V6,"(80, 15)",62.11320377358868,True,6.88679622641132,1.0
20,Auction,V7,"(99, 13)",70.5,True,1.5,1.0
20,Auction,V8,"(65, 79)",57.412977973980304,True,17.61725046566048,1.0
20,Auction,V9,"(39, 1)",60.679359273765996,True,13.320640726234004,1.0
20,Auction,V10,"(8, 17)",65.26386813286338,True,10.73613186713662,1.0
20,Q-Learning,V1,"(83, 88)",40.773810788390264,True,9.226189211609732,1.0
20,Q-Learning,V2,"(39, 1)",45.82928351674055,True,12.170716483259447,1.0
20,Q-Learning,V3,"(74, 30)",46.68645328435908,True,14.313546715640918,1.0
20,Q-Learning,V4,"(65, 79)",56.79094015436186,True,18.54307358996805,1.0
20,Q-Learning,V5,"(92, 32)",16.994950653853884,True,22.005049346146116,1.0
20,Q-Learning,V6,"(80, 15)",62.11320377358868,True,6.88679622641132,1.0
20,Q-Learning,V7,"(99, 13)",70.5,True,1.5,1.0
20,Q-Learning,V8,"(59, 35)",60.695404053756036,True,14.334824385884744,1.0
20,Q-Learning,V9,"(71, 25)",66.1884952734048,True,7.811504726595203,1.0
20,Q-Learning,V10,"(8, 17)",65.26386813286338,True,10.73613186713662,1.0
21,Greedy,V1,"(51, 42)",42.25333125260137,True,6.74666874739863,1.0
21,Greedy,V2,"(34, 65)",37.46702821674121,True,19.532971783258787,1.0
21,Greedy,V3,"(77, 53)",54.47845016542095,True,5.521549834579044,1.0
21,Greedy,V4,"(29, 57)",58.30686428440734,True,16.02714945992257,1.0
21,Greedy,V5,"(65, 51)",22.284639592372677,True,15.715360407627323,1.0
21,Greedy,V6,"(88, 10)",66.46568638049814,True,1.5343136195018516,1.0
21,Greedy,V7,"(99, 1)",64.04989406969851,True,6.950105930301486,1.0
21,Greedy,V8,"(28, 89)",60.80367240921754,True,13.22655603042324,1.0
21,Greedy,V9,"(15, 80)",64.07653800412976,True,8.923461995870241,1.0
21,Greedy,V10,"(20, 59)",60.289459561253366,True,14.710540438746634,1.0
21,Auction,V1,"(68, 31)",23.338109618965248,True,25.74535599249993,1.0
21,Auction,V2,"(83, 88)",47.267217941300366,True,9.732782058699634,1.0
21,Auction,V3,"(92, 32)",46.31328917126744,True,13.686710828732558,1.0
21,Auction,V4,"(59, 35)",65.9129663268984,True,8.42104741743151,1.0
21,Auction,V5,"(74, 30)",20.38422689413609,True,17.61577310586391,1.0
21,Auction,V6,"(80, 15)",62.11320377358868,True,5.88679622641132,1.0
21,Auction,V7,"(99, 13)",70.5,True,0.5,1.0
21,Auction,V8,"(65, 79)",57.412977973980304,True,16.61725046566048,1.0
21,Auction,V9,"(39, 1)",60.679359273765996,True,12.320640726234004,1.0
21,Auction,V10,"(8, 17)",65.26386813286338,True,9.73613186713662,1.0
21,Q-Learning,V1,"(83, 88)",40.773810788390264,True,8.226189211609732,1.0
21,Q-Learning,V2,"(39, 1)",45.82928351674055,True,11.170716483259447,1.0
21,Q-Learning,V3,"(74, 30)",46.68645328435908,True,13.313546715640918,1.0
21,Q-Learning,V4,"(65, 79)",56.79094015436186,True,17.54307358996805,1.0
21,Q-Learning,V5,"(92, 32)",16.994950653853884,True,21.005049346146116,1.0
21,Q-Learning,V6,"(80, 15)",62.11320377358868,True,5.88679622641132,1.0
21,Q-Learning,V7,"(99, 13)",70.5,True,0.5,1.0
21,Q-Learning,V8,"(59, 35)",60.695404053756036,True,13.334824385884744,1.0
21,Q-Learning,V9,"(71, 25)",66.1884952734048,True,6.811504726595203,1.0
21,Q-Learning,V10,"(8, 17)",65.26386813286338,True,9.73613186713662,1.0
22,Greedy,V1,"(51, 42)",42.25333125260137,True,5.74666874739863,1.0
22,Greedy,V2,"(34, 65)",37.46702821674121,True,18.532971783258787,1.0
22,Greedy,V3,"(77, 53)",54.47845016542095,True,4.521549834579044,1.0
22,Greedy,V4,"(29, 57)",58.30686428440734,True,15.027149459922569,1.0
22,Greedy,V5,"(65, 51)",22.284639592372677,True,14.715360407627323,1.0
22,Greedy,V6,"(88, 10)",66.46568638049814,True,0.5343136195018516,1.0
22,Greedy,V7,"(99, 1)",64.04989406969851,True,5.950105930301486,1.0
22,Greedy,V8,"(28, 89)",60.80367240921754,True,12.22655603042324,1.0
22,Greedy,V9,"(15, 80)",64.07653800412976,True,7.923461995870241,1.0
22,Greedy,V10,"(20, 59)",60.289459561253366,True,13.710540438746634,1.0
22,Auction,V1,"(68, 31)",23.338109618965248,True,24.74535599249993,1.0
22,Auction,V2,"(83, 88)",47.267217941300366,True,8.732782058699634,1.0
22,Auction,V3,"(92, 32)",46.31328917126744,True,12.686710828732558,1.0
22,Auction,V4,"(59, 35)",65.9129663268984,True,7.4210474174315095,1.0
22,Auction,V5,"(74, 30)",20.38422689413609,True,16.61577310586391,1.0
22,Auction,V6,"(80, 15)",62.11320377358868,True,4.88679622641132,1.0
22,Auction,V7,"(73, 8)",47.19044942628157,True,23.309550573718433,1.0
22,Auction,V8,"(65, 79)",57.412977973980304,True,15.61725046566048,1.0
22,Auction,V9,"(39, 1)",60.679359273765996,True,11.320640726234004,1.0
22,Auction,V10,"(8, 17)",65.26386813286338,True,8.73613186713662,1.0
22,Q-Learning,V1,"(83, 88)",40.773810788390264,True,7.226189211609732,1.0
22,Q-Learning,V2,"(39, 1)",45.82928351674055,True,10.170716483259447,1.0
22,Q-Learning,V3,"(74, 30)",46.68645328435908,True,12.313546715640918,1.0
22,Q-Learning,V4,"(65, 79)",56.79094015436186,True,16.54307358996805,1.0
22,Q-Learning,V5,"(92, 32)",16.994950653853884,True,20.005049346146116,1.0
22,Q-Learning,V6,"(80, 15)",62.11320377358868,True,4.88679622641132,1.0
22,Q-Learning,V7,"(73, 8)",47.19044942628157,True,23.309550573718433,1.0
22,Q-Learning,V8,"(59, 35)",60.695404053756036,True,12.334824385884744,1.0
22,Q-Learning,V9,"(71, 25)",66.1884952734048,True,5.811504726595203,1.0
22,Q-Learning,V10,"(8, 17)",65.26386813286338,True,8.73613186713662,1.0
23,Greedy,V1,"(51, 42)",42.25333125260137,True,4.74666874739863,1.0
23,Greedy,V2,"(34, 65)",37.46702821674121,True,17.532971783258787,1.0
23,Greedy,V3,"(77, 53)",54.47845016542095,True,3.5215498345790444,1.0
23,Greedy,V4,"(29, 57)",58.30686428440734,True,14.027149459922569,1.0
23,Greedy,V5,"(65, 51)",22.284639592372677,True,13.715360407627323,1.0
23,Greedy,V6,"(88, 10)",31.583064134204662,True,34.88262224629348,1.0
23,Greedy,V7,"(99, 1)",64.04989406969851,True,4.950105930301486,1.0
23,Greedy,V8,"(28, 89)",60.80367240921754,True,11.22655603042324,1.0
23,Greedy,V9,"(15, 80)",64.07653800412976,True,6.923461995870241,1.0
23,Greedy,V10,"(20, 59)",60.289459561253366,True,12.710540438746634,1.0
23,Auction,V1,"(68, 31)",23.338109618965248,True,23.74535599249993,1.0
23,Auction,V2,"(83, 88)",47.267217941300366,True,7.732782058699634,1.0
23,Auction,V3,"(92, 32)",46.31328917126744,True,11.686710828732558,1.0
23,Auction,V4,"(59, 35)",65.9129663268984,True,6.4210474174315095,1.0
23,Auction,V5,"(74, 30)",20.38422689413609,True,15.615773105863909,1.0
23,Auction,V6,"(80, 15)",62.11320377358868,True,3.8867962264113203,1.0
23,Auction,V7,"(73, 8)",47.19044942628157,True,22.309550573718433,1.0
23,Auction,V8,"(65, 79)",57.412977973980304,True,14.61725046566048,1.0
23,Auction,V9,"(39, 1)",60.679359273765996,True,10.320640726234004,1.0
23,Auction,V10,"(8, 17)",65.26386813286338,True,7.736131867136621,1.0
23,Q-Learning,V1,"(83, 88)",40.773810788390264,True,6.226189211609732,1.0
23,Q-Learning,V2,"(39, 1)",45.82928351674055,True,9.170716483259447,1.0
23,Q-Learning,V3,"(74, 30)",46.68645328435908,True,11.313546715640918,1.0
23,Q-Learning,V4,"(65, 79)",56.79094015436186,True,15.54307358996805,1.0
23,Q-Learning,V5,"(92, 32)",16.994950653853884,True,19.005049346146116,1.0
23,Q-Learning,V6,"(80, 15)",62.11320377358868,True,3.8867962264113203,1.0
23,Q-Learning,V7,"(73, 8)",47.19044942628157,True,22.309550573718433,1.0
23,Q-Learning,V8,"(59, 35)",60.695404053756036,True,11.334824385884744,1.0
23,Q-Learning,V9,"(71, 25)",66.1884952734048,True,4.811504726595203,1.0
23,Q-Learning,V10,"(8, 17)",65.26386813286338,True,7.736131867136621,1.0
24,Greedy,V1,"(51, 42)",42.25333125260137,True,3.7466687473986298,1.0
24,Greedy,V2,"(34, 65)",37.46702821674121,True,16.532971783258787,1.0
24,Greedy,V3,"(77, 53)",54.47845016542095,True,2.5215498345790444,1.0
24,Greedy,V4,"(29, 57)",58.30686428440734,True,13.027149459922569,1.0
24,Greedy,V5,"(65, 51)",22.284639592372677,True,12.715360407627323,1.0
24,Greedy,V6,"(88, 10)",31.583064134204662,True,33.88262224629348,1.0
24,Greedy,V7,"(99, 1)",64.04989406969851,True,3.9501059303014863,1.0
24,Greedy,V8,"(28, 89)",60.80367240921754,True,10.22655603042324,1.0
24,Greedy,V9,"(15, 80)",64.07653800412976,True,5.923461995870241,1.0
24,Greedy,V10,"(20, 59)",60.289459561253366,True,11.710540438746634,1.0
24,Auction,V1,"(68, 31)",23.338109618965248,True,22.74535599249993,1.0
24,Auction,V2,"(83, 88)",47.267217941300366,True,6.732782058699634,1.0
24,Auction,V3,"(92, 32)",46.31328917126744,True,10.686710828732558,1.0
24,Auction,V4,"(59, 35)",65.9129663268984,True,5.4210474174315095,1.0
24,Auction,V5,"(74, 30)",20.38422689413609,True,14.615773105863909,1.0
24,Auction,V6,"(80, 15)",62.11320377358868,True,2.8867962264113203,1.0
24,Auction,V7,"(73, 8)",47.19044942628157,True,21.309550573718433,1.0
24,Auction,V8,"(65, 79)",57.412977973980304,True,13.61725046566048,1.0
24,Auction,V9,"(39, 1)",60.679359273765996,True,9.320640726234004,1.0
24,Auction,V10,"(8, 17)",65.26386813286338,True,6.736131867136621,1.0
24,Q-Learning,V1,"(83, 88)",40.773810788390264,True,5.226189211609732,1.0
24,Q-Learning,V2,"(39, 1)",45.82928351674055,True,8.170716483259447,1.0
24,Q-Learning,V3,"(74, 30)",46.68645328435908,True,10.313546715640918,1.0
24,Q-Learning,V4,"(65, 79)",56.79094015436186,True,14.54307358996805,1.0
24,Q-Learning,V5,"(92, 32)",16.994950653853884,True,18.005049346146116,1.0
24,Q-Learning,V6,"(80, 15)",62.11320377358868,True,2.8867962264113203,1.0
24,Q-Learning,V7,"(73, 8)",47.19044942628157,True,21.309550573718433,1.0
24,Q-Learning,V8,"(59, 35)",60.695404053756036,True,10.334824385884744,1.0
24,Q-Learning,V9,"(71, 25)",66.1884952734048,True,3.811504726595203,1.0
24,Q-Learning,V10,"(8, 17)",65.26386813286338,True,6.736131867136621,1.0
25,Greedy,V1,"(51, 42)",42.25333125260137,True,2.7466687473986298,1.0
25,Greedy,V2,"(34, 65)",37.46702821674121,True,15.532971783258787,1.0
25,Greedy,V3,"(77, 53)",54.47845016542095,True,1.5215498345790444,1.0
25,Greedy,V4,"(29, 57)",58.30686428440734,True,12.027149459922569,1.0
25,Greedy,V5,"(65, 51)",22.284639592372677,True,11.715360407627323,1.0
25,Greedy,V6,"(88, 10)",31.583064134204662,True,32.88262224629348,1.0
25,Greedy,V7,"(99, 1)",64.04989406969851,True,2.9501059303014863,1.0
25,Greedy,V8,"(28, 89)",60.80367240921754,True,9.22655603042324,1.0
25,Greedy,V9,"(15, 80)",64.07653800412976,True,4.923461995870241,1.0
25,Greedy,V10,"(20, 59)",60.289459561253366,True,10.710540438746634,1.0
25,Auction,V1,"(68, 31)",23.338109618965248,True,21.74535599249993,1.0
25,Auction,V2,"(83, 88)",47.267217941300366,True,5.732782058699634,1.0
25,Auction,V3,"(92, 32)",46.31328917126744,True,9.686710828732558,1.0
25,Auction,V4,"(59, 35)",65.9129663268984,True,4.4210474174315095,1.0
25,Auction,V5,"(74, 30)",20.38422689413609,True,13.615773105863909,1.0
25,Auction,V6,"(80, 15)",62.11320377358868,True,1.8867962264113203,1.0
25,Auction,V7,"(73, 8)",47.19044942628157,True,20.309550573718433,1.0
25,Auction,V8,"(65, 79)",57.412977973980304,True,12.61725046566048,1.0
25,Auction,V9,"(39, 1)",60.679359273765996,True,8.320640726234004,1.0
25,Auction,V10,"(8, 17)",65.26386813286338,True,5.736131867136621,1.0
25,Q-Learning,V1,"(83, 88)",40.773810788390264,True,4.226189211609732,1.0
25,Q-Learning,V2,"(39, 1)",45.82928351674055,True,7.170716483259447,1.0
25,Q-Learning,V3,"(74, 30)",46.68645328435908,True,9.313546715640918,1.0
25,Q-Learning,V4,"(65, 79)",56.79094015436186,True,13.54307358996805,1.0
25,Q-Learning,V5,"(92, 32)",16.994950653853884,True,17.005049346146116,1.0
25,Q-Learning,V6,"(80, 15)",62.11320377358868,True,1.8867962264113203,1.0
25,Q-Learning,V7,"(73, 8)",47.19044942628157,True,20.309550573718433,1.0
25,Q-Learning,V8,"(59, 35)",60.695404053756036,True,9.334824385884744,1.0
25,Q-Learning,V9,"(71, 25)",66.1884952734048,True,2.811504726595203,1.0
25,Q-Learning,V10,"(8, 17)",65.26386813286338,True,5.736131867136621,1.0
26,Greedy,V1,"(51, 42)",42.25333125260137,True,1.7466687473986298,1.0
26,Greedy,V2,"(34, 65)",37.46702821674121,True,14.532971783258787,1.0
26,Greedy,V3,"(77, 53)",54.47845016542095,True,0.5215498345790444,1.0
26,Greedy,V4,"(29, 57)",58.30686428440734,True,11.027149459922569,1.0
26,Greedy,V5,"(65, 51)",22.284639592372677,True,10.715360407627323,1.0
26,Greedy,V6,"(88, 10)",31.583064134204662,True,31.88262224629348,1.0
26,Greedy,V7,"(99, 1)",64.04989406969851,True,1.9501059303014863,1.0
26,Greedy,V8,"(28, 89)",60.80367240921754,True,8.22655603042324,1.0
26,Greedy,V9,"(15, 80)",64.07653800412976,True,3.923461995870241,1.0
26,Greedy,V10,"(20, 59)",60.289459561253366,True,9.710540438746634,1.0
26,Auction,V1,"(68, 31)",23.338109618965248,True,20.74535599249993,1.0
26,Auction,V2,"(83, 88)",47.267217941300366,True,4.732782058699634,1.0
26,Auction,V3,"(92, 32)",46.31328917126744,True,8.686710828732558,1.0
26,Auction,V4,"(59, 35)",65.9129663268984,True,3.4210474174315095,1.0
26,Auction,V5,"(74, 30)",20.38422689413609,True,12.615773105863909,1.0
26,Auction,V6,"(80, 15)",62.11320377358868,True,0.8867962264113203,1.0
26,Auction,V7,"(73, 8)",47.19044942628157,True,19.309550573718433,1.0
26,Auction,V8,"(65, 79)",57.412977973980304,True,11.61725046566048,1.0
26,Auction,V9,"(39, 1)",60.679359273765996,True,7.320640726234004,1.0
26,Auction,V10,"(8, 17)",65.26386813286338,True,4.736131867136621,1.0
26,Q-Learning,V1,"(83, 88)",40.773810788390264,True,3.226189211609732,1.0
26,Q-Learning,V2,"(39, 1)",45.82928351674055,True,6.170716483259447,1.0
26,Q-Learning,V3,"(74, 30)",46.68645328435908,True,8.313546715640918,1.0
26,Q-Learning,V4,"(65, 79)",56.79094015436186,True,12.54307358996805,1.0
26,Q-Learning,V5,"(92, 32)",16.994950653853884,True,16.005049346146116,1.0
26,Q-Learning,V6,"(80, 15)",62.11320377358868,True,0.8867962264113203,1.0
26,Q-Learning,V7,"(73, 8)",47.19044942628157,True,19.309550573718433,1.0
26,Q-Learning,V8,"(59, 35)",60.695404053756036,True,8.334824385884744,1.0
26,Q-Learning,V9,"(71, 25)",66.1884952734048,True,1.811504726595203,1.0
26,Q-Learning,V10,"(8, 17)",65.26386813286338,True,4.736131867136621,1.0
27,Greedy,V1,"(51, 42)",42.25333125260137,True,0.7466687473986298,1.0
27,Greedy,V2,"(34, 65)",37.46702821674121,True,13.532971783258787,1.0
27,Greedy,V3,"(77, 53)",35.644471789509915,True,18.833978375911038,1.0
27,Greedy,V4,"(29, 57)",58.30686428440734,True,10.027149459922569,1.0
27,Greedy,V5,"(65, 51)",22.284639592372677,True,9.715360407627323,1.0
27,Greedy,V6,"(88, 10)",31.583064134204662,True,30.88262224629348,1.0
27,Greedy,V7,"(99, 1)",64.04989406969851,True,0.9501059303014863,1.0
27,Greedy,V8,"(28, 89)",60.80367240921754,True,7.2265560304232395,1.0
27,Greedy,V9,"(15, 80)",64.07653800412976,True,2.923461995870241,1.0
27,Greedy,V10,"(20, 59)",60.289459561253366,True,8.710540438746634,1.0
27,Auction,V1,"(68, 31)",23.338109618965248,True,19.74535599249993,1.0
27,Auction,V2,"(83, 88)",47.267217941300366,True,3.732782058699634,1.0
27,Auction,V3,"(92, 32)",46.31328917126744,True,7.686710828732558,1.0
27,Auction,V4,"(59, 35)",65.9129663268984,True,2.4210474174315095,1.0
27,Auction,V5,"(74, 30)",20.38422689413609,True,11.615773105863909,1.0
27,Auction,V6,"(60, 26)",35.548118889383346,True,26.56508488420533,1.0
27,Auction,V7,"(73, 8)",47.19044942628157,True,18.309550573718433,1.0
27,Auction,V8,"(65, 79)",57.412977973980304,True,10.61725046566048,1.0
27,Auction,V9,"(39, 1)",60.679359273765996,True,6.320640726234004,1.0
27,Auction,V10,"(8, 17)",65.26386813286338,True,3.7361318671366206,1.0
27,Q-Learning,V1,"(83, 88)",40.773810788390264,True,2.226189211609732,1.0
27,Q-Learning,V2,"(39, 1)",45.82928351674055,True,5.170716483259447,1.0
27,Q-Learning,V3,"(74, 30)",46.68645328435908,True,7.313546715640918,1.0
27,Q-Learning,V4,"(65, 79)",56.79094015436186,True,11.54307358996805,1.0
27,Q-Learning,V5,"(92, 32)",16.994950653853884,True,15.005049346146116,1.0
27,Q-Learning,V6,"(76, 35)",29.03398816271445,True,33.07921561087423,1.0
27,Q-Learning,V7,"(73, 8)",47.19044942628157,True,18.309550573718433,1.0
27,Q-Learning,V8,"(59, 35)",60.695404053756036,True,7.334824385884744,1.0
27,Q-Learning,V9,"(71, 25)",66.1884952734048,True,0.8115047265952029,1.0
27,Q-Learning,V10,"(8, 17)",65.26386813286338,True,3.7361318671366206,1.0
28,Greedy,V1,"(51, 42)",15.003502726899526,True,27.249828525701844,1.0
28,Greedy,V2,"(34, 65)",37.46702821674121,True,12.532971783258787,1.0
28,Greedy,V3,"(77, 53)",35.644471789509915,True,17.833978375911038,1.0
28,Greedy,V4,"(29, 57)",58.30686428440734,True,9.027149459922569,1.0
28,Greedy,V5,"(65, 51)",22.284639592372677,True,8.715360407627323,1.0
28,Greedy,V6,"(88, 10)",31.583064134204662,True,29.88262224629348,1.0
28,Greedy,V7,"(99, 1)",36.25927665874828,True,27.790617410950233,1.0
28,Greedy,V8,"(28, 89)",60.80367240921754,True,6.2265560304232395,1.0
28,Greedy,V9,"(15, 80)",64.07653800412976,True,1.923461995870241,1.0
28,Greedy,V10,"(20, 59)",60.289459561253366,True,7.710540438746634,1.0
28,Auction,V1,"(68, 31)",23.338109618965248,True,18.74535599249993,1.0
28,Auction,V2,"(83, 88)",47.267217941300366,True,2.732782058699634,1.0
28,Auction,V3,"(92, 32)",46.31328917126744,True,6.686710828732558,1.0
28,Auction,V4,"(59, 35)",65.9129663268984,True,1.4210474174315095,1.0
28,Auction,V5,"(74, 30)",20.38422689413609,True,10.615773105863909,1.0
28,Auction,V6,"(60, 26)",35.548118889383346,True,25.56508488420533,1.0
28,Auction,V7,"(73, 8)",47.19044942628157,True,17.309550573718433,1.0
28,Auction,V8,"(65, 79)",57.412977973980304,True,9.61725046566048,1.0
28,Auction,V9,"(39, 1)",60.679359273765996,True,5.320640726234004,1.0
28,Auction,V10,"(8, 17)",65.26386813286338,True,2.7361318671366206,1.0
28,Q-Learning,V1,"(83, 88)",40.773810788390264,True,1.2261892116097322,1.0
28,Q-Learning,V2,"(39, 1)",45.82928351674055,True,4.170716483259447,1.0
28,Q-Learning,V3,"(74, 30)",46.68645328435908,True,6.313546715640918,1.0
28,Q-Learning,V4,"(65, 79)",56.79094015436186,True,10.54307358996805,1.0
28,Q-Learning,V5,"(92, 32)",16.994950653853884,True,14.005049346146116,1.0
28,Q-Learning,V6,"(76, 35)",29.03398816271445,True,32.07921561087423,1.0
28,Q-Learning,V7,"(73, 8)",47.19044942628157,True,17.309550573718433,1.0
28,Q-Learning,V8,"(59, 35)",60.695404053756036,True,6.334824385884744,1.0
28,Q-Learning,V9,"(68, 31)",40.349969781842375,True,25.83852549156242,1.0
28,Q-Learning,V10,"(8, 17)",65.26386813286338,True,2.7361318671366206,1.0
29,Greedy,V1,"(51, 42)",15.003502726899526,True,26.249828525701844,1.0
29,Greedy,V2,"(34, 65)",37.46702821674121,True,11.532971783258787,1.0
29,Greedy,V3,"(77, 53)",35.644471789509915,True,16.833978375911038,1.0
29,Greedy,V4,"(29, 57)",58.30686428440734,True,8.027149459922569,1.0
29,Greedy,V5,"(65, 51)",22.284639592372677,True,7.715360407627323,1.0
29,Greedy,V6,"(88, 10)",31.583064134204662,True,28.88262224629348,1.0
29,Greedy,V7,"(99, 1)",36.25927665874828,True,26.790617410950233,1.0
29,Greedy,V8,"(28, 89)",60.80367240921754,True,5.2265560304232395,1.0
29,Greedy,V9,"(15, 80)",64.07653800412976,True,0.923461995870241,1.0
29,Greedy,V10,"(20, 59)",60.289459561253366,True,6.710540438746634,1.0
29,Auction,V1,"(68, 31)",23.338109618965248,True,17.74535599249993,1.0
29,Auction,V2,"(83, 88)",47.267217941300366,True,1.7327820586996339,1.0
29,Auction,V3,"(92, 32)",46.31328917126744,True,5.686710828732558,1.0
29,Auction,V4,"(59, 35)",65.9129663268984,True,0.42104741743150953,1.0
29,Auction,V5,"(74, 30)",20.38422689413609,True,9.615773105863909,1.0
29,Auction,V6,"(60, 26)",35.548118889383346,True,24.56508488420533,1.0
29,Auction,V7,"(73, 8)",47.19044942628157,True,16.309550573718433,1.0
29,Auction,V8,"(65, 79)",57.412977973980304,True,8.61725046566048,1.0
29,Auction,V9,"(39, 1)",60.679359273765996,True,4.320640726234004,1.0
29,Auction,V10,"(8, 17)",65.26386813286338,True,1.7361318671366206,1.0
29,Q-Learning,V1,"(83, 88)",40.773810788390264,True,0.22618921160973215,1.0
29,Q-Learning,V2,"(39, 1)",45.82928351674055,True,3.170716483259447,1.0
29,Q-Learning,V3,"(74, 30)",46.68645328435908,True,5.313546715640918,1.0
29,Q-Learning,V4,"(65, 79)",56.79094015436186,True,9.54307358996805,1.0
29,Q-Learning,V5,"(92, 32)",16.994950653853884,True,13.005049346146116,1.0
29,Q-Learning,V6,"(76, 35)",29.03398816271445,True,31.07921561087423,1.0
29,Q-Learning,V7,"(73, 8)",47.19044942628157,True,16.309550573718433,1.0
29,Q-Learning,V8,"(59, 35)",60.695404053756036,True,5.334824385884744,1.0
29,Q-Learning,V9,"(68, 31)",40.349969781842375,True,24.83852549156242,1.0
29,Q-Learning,V10,"(8, 17)",65.26386813286338,True,1.7361318671366206,1.0
30,Greedy,V1,"(51, 42)",15.003502726899526,True,25.249828525701844,1.0
30,Greedy,V2,"(34, 65)",37.46702821674121,True,10.532971783258787,1.0
30,Greedy,V3,"(77, 53)",35.644471789509915,True,15.833978375911038,1.0
30,Greedy,V4,"(29, 57)",58.30686428440734,True,7.027149459922569,1.0
30,Greedy,V5,"(65, 51)",22.284639592372677,True,6.715360407627323,1.0
30,Greedy,V6,"(88, 10)",31.583064134204662,True,27.88262224629348,1.0
30,Greedy,V7,"(99, 1)",36.25927665874828,True,25.790617410950233,1.0
30,Greedy,V8,"(28, 89)",60.80367240921754,True,4.2265560304232395,1.0
30,Greedy,V9,"(15, 80)",46.22886504172859,True,17.84767296240117,1.0
30,Greedy,V10,"(20, 59)",60.289459561253366,True,5.710540438746634,1.0
30,Auction,V1,"(68, 31)",23.338109618965248,True,16.74535599249993,1.0
30,Auction,V2,"(83, 88)",47.267217941300366,True,0.7327820586996339,1.0
30,Auction,V3,"(92, 32)",46.31328917126744,True,4.686710828732558,1.0
30,Auction,V4,"(55, 26)",52.505986640927524,True,13.406979685970873,1.0
30,Auction,V5,"(74, 30)",20.38422689413609,True,8.615773105863909,1.0
30,Auction,V6,"(60, 26)",35.548118889383346,True,23.56508488420533,1.0
30,Auction,V7,"(73, 8)",47.19044942628157,True,15.309550573718433,1.0
30,Auction,V8,"(65, 79)",57.412977973980304,True,7.617250465660479,1.0
30,Auction,V9,"(39, 1)",60.679359273765996,True,3.3206407262340036,1.0
30,Auction,V10,"(8, 17)",65.26386813286338,True,0.7361318671366206,1.0
30,Q-Learning,V1,"(88, 85)",26.125927244518564,True,14.6478835438717,1.0
30,Q-Learning,V2,"(39, 1)",45.82928351674055,True,2.170716483259447,1.0
30,Q-Learning,V3,"(74, 30)",46.68645328435908,True,4.313546715640918,1.0
30,Q-Learning,V4,"(65, 79)",56.79094015436186,True,8.54307358996805,1.0
30,Q-Learning,V5,"(92, 32)",16.994950653853884,True,12.005049346146116,1.0
30,Q-Learning,V6,"(76, 35)",29.03398816271445,True,30.07921561087423,1.0
30,Q-Learning,V7,"(73, 8)",47.19044942628157,True,15.309550573718433,1.0
30,Q-Learning,V8,"(59, 35)",60.695404053756036,True,4.334824385884744,1.0
30,Q-Learning,V9,"(68, 31)",40.349969781842375,True,23.83852549156242,1.0
30,Q-Learning,V10,"(8, 17)",65.26386813286338,True,0.7361318671366206,1.0
31,Greedy,V1,"(51, 42)",15.003502726899526,True,24.249828525701844,1.0
31,Greedy,V2,"(34, 65)",37.46702821674121,True,9.532971783258787,1.0
31,Greedy,V3,"(77, 53)",35.644471789509915,True,14.833978375911038,1.0
31,Greedy,V4,"(29, 57)",58.30686428440734,True,6.027149459922569,1.0
31,Greedy,V5,"(65, 51)",22.284639592372677,True,5.715360407627323,1.0
31,Greedy,V6,"(88, 10)",31.583064134204662,True,26.88262224629348,1.0
31,Greedy,V7,"(99, 1)",36.25927665874828,True,24.790617410950233,1.0
31,Greedy,V8,"(28, 89)",60.80367240921754,True,3.2265560304232395,1.0
31,Greedy,V9,"(15, 80)",46.22886504172859,True,16.84767296240117,1.0
31,Greedy,V10,"(20, 59)",60.289459561253366,True,4.710540438746634,1.0
31,Auction,V1,"(68, 31)",23.338109618965248,True,15.745355992499931,1.0
31,Auction,V2,"(88, 85)",32.43422481346532,True,14.832993127835042,1.0
31,Auction,V3,"(92, 32)",46.31328917126744,True,3.686710828732558,1.0
31,Auction,V4,"(55, 26)",52.505986640927524,True,12.406979685970873,1.0
31,Auction,V5,"(74, 30)",20.38422689413609,True,7.615773105863909,1.0
31,Auction,V6,"(60, 26)",35.548118889383346,True,22.56508488420533,1.0
31,Auction,V7,"(73, 8)",47.19044942628157,True,14.309550573718433,1.0
31,Auction,V8,"(65, 79)",57.412977973980304,True,6.617250465660479,1.0
31,Auction,V9,"(39, 1)",60.679359273765996,True,2.3206407262340036,1.0
31,Auction,V10,"(8, 20)",37.66386813286338,True,27.6,1.0
31,Q-Learning,V1,"(88, 85)",26.125927244518564,True,13.6478835438717,1.0
31,Q-Learning,V2,"(39, 1)",45.82928351674055,True,1.1707164832594472,1.0
31,Q-Learning,V3,"(74, 30)",46.68645328435908,True,3.3135467156409177,1.0
31,Q-Learning,V4,"(65, 79)",56.79094015436186,True,7.543073589968049,1.0
31,Q-Learning,V5,"(92, 32)",16.994950653853884,True,11.005049346146116,1.0
31,Q-Learning,V6,"(76, 35)",29.03398816271445,True,29.07921561087423,1.0
31,Q-Learning,V7,"(73, 8)",47.19044942628157,True,14.309550573718433,1.0
31,Q-Learning,V8,"(59, 35)",60.695404053756036,True,3.334824385884744,1.0
31,Q-Learning,V9,"(68, 31)",40.349969781842375,True,22.83852549156242,1.0
31,Q-Learning,V10,"(8, 20)",37.66386813286338,True,27.6,1.0
32,Greedy,V1,"(51, 42)",15.003502726899526,True,23.249828525701844,1.0
32,Greedy,V2,"(34, 65)",37.46702821674121,True,8.532971783258787,1.0
32,Greedy,V3,"(77, 53)",35.644471789509915,True,13.833978375911038,1.0
32,Greedy,V4,"(29, 57)",58.30686428440734,True,5.027149459922569,1.0
32,Greedy,V5,"(65, 51)",22.284639592372677,True,4.715360407627323,1.0
32,Greedy,V6,"(88, 10)",31.583064134204662,True,25.88262224629348,1.0
32,Greedy,V7,"(99, 1)",36.25927665874828,True,23.790617410950233,1.0
32,Greedy,V8,"(28, 89)",60.80367240921754,True,2.2265560304232395,1.0
32,Greedy,V9,"(15, 80)",46.22886504172859,True,15.84767296240117,1.0
32,Greedy,V10,"(20, 59)",60.289459561253366,True,3.7105404387466336,1.0
32,Auction,V1,"(68, 31)",23.338109618965248,True,14.745355992499931,1.0
32,Auction,V2,"(88, 85)",32.43422481346532,True,13.832993127835042,1.0
32,Auction,V3,"(92, 32)",46.31328917126744,True,2.686710828732558,1.0
32,Auction,V4,"(55, 26)",52.505986640927524,True,11.406979685970873,1.0
32,Auction,V5,"(74, 30)",20.38422689413609,True,6.615773105863909,1.0
32,Auction,V6,"(60, 26)",35.548118889383346,True,21.56508488420533,1.0
32,Auction,V7,"(73, 8)",47.19044942628157,True,13.309550573718433,1.0
32,Auction,V8,"(65, 79)",57.412977973980304,True,5.617250465660479,1.0
32,Auction,V9,"(39, 1)",60.679359273765996,True,1.3206407262340036,1.0
32,Auction,V10,"(8, 20)",37.66386813286338,True,26.6,1.0
32,Q-Learning,V1,"(88, 85)",26.125927244518564,True,12.6478835438717,1.0
32,Q-Learning,V2,"(39, 1)",45.82928351674055,True,0.17071648325944722,1.0
32,Q-Learning,V3,"(74, 30)",46.68645328435908,True,2.3135467156409177,1.0
32,Q-Learning,V4,"(65, 79)",56.79094015436186,True,6.543073589968049,1.0
32,Q-Learning,V5,"(92, 32)",16.994950653853884,True,10.005049346146116,1.0
32,Q-Learning,V6,"(76, 35)",29.03398816271445,True,28.07921561087423,1.0
32,Q-Learning,V7,"(73, 8)",47.19044942628157,True,13.309550573718433,1.0
32,Q-Learning,V8,"(59, 35)",60.695404053756036,True,2.334824385884744,1.0
32,Q-Learning,V9,"(68, 31)",40.349969781842375,True,21.83852549156242,1.0
32,Q-Learning,V10,"(8, 20)",37.66386813286338,True,26.6,1.0
33,Greedy,V1,"(51, 42)",15.003502726899526,True,22.249828525701844,1.0
33,Greedy,V2,"(34, 65)",37.46702821674121,True,7.5329717832587875,1.0
33,Greedy,V3,"(77, 53)",35.644471789509915,True,12.833978375911038,1.0
33,Greedy,V4,"(29, 57)",58.30686428440734,True,4.027149459922569,1.0
33,Greedy,V5,"(65, 51)",22.284639592372677,True,3.7153604076273226,1.0
33,Greedy,V6,"(88, 10)",31.583064134204662,True,24.88262224629348,1.0
33,Greedy,V7,"(99, 1)",36.25927665874828,True,22.790617410950233,1.0
33,Greedy,V8,"(28, 89)",60.80367240921754,True,1.2265560304232395,1.0
33,Greedy,V9,"(15, 80)",46.22886504172859,True,14.84767296240117,1.0
33,Greedy,V10,"(20, 59)",60.289459561253366,True,2.7105404387466336,1.0
33,Auction,V1,"(68, 31)",23.338109618965248,True,13.745355992499931,1.0
33,Auction,V2,"(88, 85)",32.43422481346532,True,12.832993127835042,1.0
33,Auction,V3,"(92, 32)",46.31328917126744,True,1.6867108287325578,1.0
33,Auction,V4,"(55, 26)",52.505986640927524,True,10.406979685970873,1.0
33,Auction,V5,"(74, 30)",20.38422689413609,True,5.615773105863909,1.0
33,Auction,V6,"(60, 26)",35.548118889383346,True,20.56508488420533,1.0
33,Auction,V7,"(73, 8)",47.19044942628157,True,12.309550573718433,1.0
33,Auction,V8,"(65, 79)",57.412977973980304,True,4.617250465660479,1.0
33,Auction,V9,"(39, 1)",60.679359273765996,True,0.32064072623400364,1.0
33,Auction,V10,"(8, 20)",37.66386813286338,True,25.6,1.0
33,Q-Learning,V1,"(88, 85)",26.125927244518564,True,11.6478835438717,1.0
33,Q-Learning,V2,"(60, 26)",19.165047026079264,True,26.66423649066129,1.0
33,Q-Learning,V3,"(74, 30)",46.68645328435908,True,1.3135467156409177,1.0
33,Q-Learning,V4,"(65, 79)",56.79094015436186,True,5.543073589968049,1.0
33,Q-Learning,V5,"(92, 32)",16.994950653853884,True,9.005049346146116,1.0
33,Q-Learning,V6,"(76, 35)",29.03398816271445,True,27.07921561087423,1.0
33,Q-Learning,V7,"(73, 8)",47.19044942628157,True,12.309550573718433,1.0
33,Q-Learning,V8,"(59, 35)",60.695404053756036,True,1.334824385884744,1.0
33,Q-Learning,V9,"(68, 31)",40.349969781842375,True,20.83852549156242,1.0
33,Q-Learning,V10,"(8, 20)",37.66386813286338,True,25.6,1.0
34,Greedy,V1,"(51, 42)",15.003502726899526,True,21.249828525701844,1.0
34,Greedy,V2,"(34, 65)",37.46702821674121,True,6.5329717832587875,1.0
34,Greedy,V3,"(77, 53)",35.644471789509915,True,11.833978375911038,1.0
34,Greedy,V4,"(29, 57)",58.30686428440734,True,3.027149459922569,1.0
34,Greedy,V5,"(65, 51)",22.284639592372677,True,2.7153604076273226,1.0
34,Greedy,V6,"(88, 10)",31.583064134204662,True,23.88262224629348,1.0
34,Greedy,V7,"(99, 1)",36.25927665874828,True,21.790617410950233,1.0
34,Greedy,V8,"(28, 89)",60.80367240921754,True,0.22655603042323946,1.0
34,Greedy,V9,"(15, 80)",46.22886504172859,True,13.84767296240117,1.0
34,Greedy,V10,"(20, 59)",60.289459561253366,True,1.7105404387466336,1.0
34,Auction,V1,"(68, 31)",23.338109618965248,True,12.745355992499931,1.0
34,Auction,V2,"(88, 85)",32.43422481346532,True,11.832993127835042,1.0
34,Auction,V3,"(92, 32)",46.31328917126744,True,0.6867108287325578,1.0
34,Auction,V4,"(55, 26)",52.505986640927524,True,9.406979685970873,1.0
34,Auction,V5,"(74, 30)",20.38422689413609,True,4.615773105863909,1.0
34,Auction,V6,"(60, 26)",35.548118889383346,True,19.56508488420533,1.0
34,Auction,V7,"(73, 8)",47.19044942628157,True,11.309550573718433,1.0
34,Auction,V8,"(65, 79)",57.412977973980304,True,3.6172504656604794,1.0
34,Auction,V9,"(19, 11)",45.88427430189126,True,14.795084971874736,1.0
34,Auction,V10,"(8, 20)",37.66386813286338,True,24.6,1.0
34,Q-Learning,V1,"(88, 85)",26.125927244518564,True,10.6478835438717,1.0
34,Q-Learning,V2,"(60, 26)",19.165047026079264,True,25.66423649066129,1.0
34,Q-Learning,V3,"(74, 30)",46.68645328435908,True,0.31354671564091774,1.0
34,Q-Learning,V4,"(65, 79)",56.79094015436186,True,4.543073589968049,1.0
34,Q-Learning,V5,"(92, 32)",16.994950653853884,True,8.005049346146116,1.0
34,Q-Learning,V6,"(76, 35)",29.03398816271445,True,26.07921561087423,1.0
34,Q-Learning,V7,"(73, 8)",47.19044942628157,True,11.309550573718433,1.0
34,Q-Learning,V8,"(59, 35)",60.695404053756036,True,0.33482438588474395,1.0
34,Q-Learning,V9,"(68, 31)",40.349969781842375,True,19.83852549156242,1.0
34,Q-Learning,V10,"(8, 20)",37.66386813286338,True,24.6,1.0
35,Greedy,V1,"(51, 42)",15.003502726899526,True,20.249828525701844,1.0
35,Greedy,V2,"(34, 65)",37.46702821674121,True,5.5329717832587875,1.0
35,Greedy,V3,"(77, 53)",35.644471789509915,True,10.833978375911038,1.0
35,Greedy,V4,"(29, 57)",58.30686428440734,True,2.027149459922569,1.0
35,Greedy,V5,"(65, 51)",22.284639592372677,True,1.7153604076273226,1.0
35,Greedy,V6,"(88, 10)",31.583064134204662,True,22.88262224629348,1.0
35,Greedy,V7,"(99, 1)",36.25927665874828,True,20.790617410950233,1.0
35,Greedy,V8,"(28, 89)",33.30367240921754,True,27.5,1.0
35,Greedy,V9,"(15, 80)",46.22886504172859,True,12.84767296240117,1.0
35,Greedy,V10,"(20, 59)",60.289459561253366,True,0.7105404387466336,1.0
35,Auction,V1,"(68, 31)",23.338109618965248,True,11.745355992499931,1.0
35,Auction,V2,"(88, 85)",32.43422481346532,True,10.832993127835042,1.0
35,Auction,V3,"(76, 35)",14.987743371824628,True,31.325545799442814,1.0
35,Auction,V4,"(55, 26)",52.505986640927524,True,8.406979685970873,1.0
35,Auction,V5,"(74, 30)",20.38422689413609,True,3.6157731058639087,1.0
35,Auction,V6,"(60, 26)",35.548118889383346,True,18.56508488420533,1.0
35,Auction,V7,"(73, 8)",47.19044942628157,True,10.309550573718433,1.0
35,Auction,V8,"(65, 79)",57.412977973980304,True,2.6172504656604794,1.0
35,Auction,V9,"(19, 11)",45.88427430189126,True,13.795084971874736,1.0
35,Auction,V10,"(8, 20)",37.66386813286338,True,23.6,1.0
35,Q-Learning,V1,"(88, 85)",26.125927244518564,True,9.6478835438717,1.0
35,Q-Learning,V2,"(60, 26)",19.165047026079264,True,24.66423649066129,1.0
35,Q-Learning,V3,"(66, 60)",31.25097479971336,True,15.43547848464572,1.0
35,Q-Learning,V4,"(65, 79)",56.79094015436186,True,3.543073589968049,1.0
35,Q-Learning,V5,"(92, 32)",16.994950653853884,True,7.005049346146116,1.0
35,Q-Learning,V6,"(76, 35)",29.03398816271445,True,25.07921561087423,1.0
35,Q-Learning,V7,"(73, 8)",47.19044942628157,True,10.309550573718433,1.0
35,Q-Learning,V8,"(64, 51)",36.019098592332014,True,24.676305461424022,1.0
35,Q-Learning,V9,"(68, 31)",40.349969781842375,True,18.83852549156242,1.0
35,Q-Learning,V10,"(8, 20)",37.66386813286338,True,23.6,1.0
36,Greedy,V1,"(51, 42)",15.003502726899526,True,19.249828525701844,1.0
36,Greedy,V2,"(34, 65)",37.46702821674121,True,4.5329717832587875,1.0
36,Greedy,V3,"(77, 53)",35.644471789509915,True,9.833978375911038,1.0
36,Greedy,V4,"(29, 57)",58.30686428440734,True,1.027149459922569,1.0
36,Greedy,V5,"(65, 51)",22.284639592372677,True,0.7153604076273226,1.0
36,Greedy,V6,"(88, 10)",31.583064134204662,True,21.88262224629348,1.0
36,Greedy,V7,"(99, 1)",36.25927665874828,True,19.790617410950233,1.0
36,Greedy,V8,"(28, 89)",33.30367240921754,True,26.5,1.0
36,Greedy,V9,"(15, 80)",46.22886504172859,True,11.84767296240117,1.0
36,Greedy,V10,"(20, 59)",32.6411515058155,True,27.648308055437866,1.0
36,Auction,V1,"(68, 31)",23.338109618965248,True,10.745355992499931,1.0
36,Auction,V2,"(88, 85)",32.43422481346532,True,9.832993127835042,1.0
36,Auction,V3,"(76, 35)",14.987743371824628,True,30.325545799442814,1.0
36,Auction,V4,"(55, 26)",52.505986640927524,True,7.406979685970873,1.0
36,Auction,V5,"(74, 30)",20.38422689413609,True,2.6157731058639087,1.0
36,Auction,V6,"(60, 26)",35.548118889383346,True,17.56508488420533,1.0
36,Auction,V7,"(73, 8)",47.19044942628157,True,9.309550573718433,1.0
36,Auction,V8,"(65, 79)",57.412977973980304,True,1.6172504656604794,1.0
36,Auction,V9,"(19, 11)",45.88427430189126,True,12.795084971874736,1.0
36,Auction,V10,"(8, 20)",37.66386813286338,True,22.6,1.0
36,Q-Learning,V1,"(88, 85)",26.125927244518564,True,8.6478835438717,1.0
36,Q-Learning,V2,"(60, 26)",19.165047026079264,True,23.66423649066129,1.0
36,Q-Learning,V3,"(66, 60)",31.25097479971336,True,14.43547848464572,1.0
36,Q-Learning,V4,"(65, 79)",56.79094015436186,True,2.543073589968049,1.0
36,Q-Learning,V5,"(92, 32)",16.994950653853884,True,6.005049346146116,1.0
36,Q-Learning,V6,"(76, 35)",29.03398816271445,True,24.07921561087423,1.0
36,Q-Learning,V7,"(73, 8)",47.19044942628157,True,9.309550573718433,1.0
36,Q-Learning,V8,"(64, 51)",36.019098592332014,True,23.676305461424022,1.0
36,Q-Learning,V9,"(68, 31)",40.349969781842375,True,17.83852549156242,1.0
36,Q-Learning,V10,"(8, 20)",37.66386813286338,True,22.6,1.0
37,Greedy,V1,"(51, 42)",15.003502726899526,True,18.249828525701844,1.0
37,Greedy,V2,"(34, 65)",37.46702821674121,True,3.5329717832587875,1.0
37,Greedy,V3,"(77, 53)",35.644471789509915,True,8.833978375911038,1.0
37,Greedy,V4,"(29, 57)",58.30686428440734,True,0.027149459922569008,1.0
37,Greedy,V5,"(65, 51)",1.3093649138151733,True,20.975274678557504,1.0
37,Greedy,V6,"(88, 10)",31.583064134204662,True,20.88262224629348,1.0
37,Greedy,V7,"(99, 1)",36.25927665874828,True,18.790617410950233,1.0
37,Greedy,V8,"(28, 89)",33.30367240921754,True,25.5,1.0
37,Greedy,V9,"(15, 80)",46.22886504172859,True,10.84767296240117,1.0
37,Greedy,V10,"(20, 59)",32.6411515058155,True,26.648308055437866,1.0
37,Auction,V1,"(68, 31)",23.338109618965248,True,9.745355992499931,1.0
37,Auction,V2,"(88, 85)",32.43422481346532,True,8.832993127835042,1.0
37,Auction,V3,"(76, 35)",14.987743371824628,True,29.325545799442814,1.0
37,Auction,V4,"(55, 26)",52.505986640927524,True,6.406979685970873,1.0
37,Auction,V5,"(74, 30)",20.38422689413609,True,1.6157731058639087,1.0
37,Auction,V6,"(60, 26)",35.548118889383346,True,16.56508488420533,1.0
37,Auction,V7,"(73, 8)",47.19044942628157,True,8.309550573718433,1.0
37,Auction,V8,"(65, 79)",57.412977973980304,True,0.6172504656604794,1.0
37,Auction,V9,"(19, 11)",45.88427430189126,True,11.795084971874736,1.0
37,Auction,V10,"(8, 20)",37.66386813286338,True,21.6,1.0
37,Q-Learning,V1,"(88, 85)",26.125927244518564,True,7.6478835438717,1.0
37,Q-Learning,V2,"(60, 26)",19.165047026079264,True,22.66423649066129,1.0
37,Q-Learning,V3,"(66, 60)",31.25097479971336,True,13.43547848464572,1.0
37,Q-Learning,V4,"(65, 79)",56.79094015436186,True,1.5430735899680492,1.0
37,Q-Learning,V5,"(92, 32)",16.994950653853884,True,5.005049346146116,1.0
37,Q-Learning,V6,"(76, 35)",29.03398816271445,True,23.07921561087423,1.0
37,Q-Learning,V7,"(73, 8)",47.19044942628157,True,8.309550573718433,1.0
37,Q-Learning,V8,"(64, 51)",36.019098592332014,True,22.676305461424022,1.0
37,Q-Learning,V9,"(68, 31)",40.349969781842375,True,16.83852549156242,1.0
37,Q-Learning,V10,"(8, 20)",37.66386813286338,True,21.6,1.0
38,Greedy,V1,"(51, 42)",15.003502726899526,True,17.249828525701844,1.0
38,Greedy,V2,"(34, 65)",37.46702821674121,True,2.5329717832587875,1.0
38,Greedy,V3,"(77, 53)",35.644471789509915,True,7.8339783759110375,1.0
38,Greedy,V4,"(29, 57)",25.229136459783724,True,33.077727824623615,1.0
38,Greedy,V5,"(65, 51)",1.3093649138151733,True,19.975274678557504,1.0
38,Greedy,V6,"(88, 10)",31.583064134204662,True,19.88262224629348,1.0
38,Greedy,V7,"(99, 1)",36.25927665874828,True,17.790617410950233,1.0
38,Greedy,V8,"(28, 89)",33.30367240921754,True,24.5,1.0
38,Greedy,V9,"(15, 80)",46.22886504172859,True,9.84767296240117,1.0
38,Greedy,V10,"(20, 59)",32.6411515058155,True,25.648308055437866,1.0
38,Auction,V1,"(68, 31)",23.338109618965248,True,8.745355992499931,1.0
38,Auction,V2,"(88, 85)",32.43422481346532,True,7.832993127835042,1.0
38,Auction,V3,"(76, 35)",14.987743371824628,True,28.325545799442814,1.0
38,Auction,V4,"(55, 26)",52.505986640927524,True,5.406979685970873,1.0
38,Auction,V5,"(74, 30)",20.38422689413609,True,0.6157731058639087,1.0
38,Auction,V6,"(60, 26)",35.548118889383346,True,15.56508488420533,1.0
38,Auction,V7,"(73, 8)",47.19044942628157,True,7.3095505737184325,1.0
38,Auction,V8,"(48, 74)",30.64097345931337,True,26.772004514666936,1.0
38,Auction,V9,"(19, 11)",45.88427430189126,True,10.795084971874736,1.0
38,Auction,V10,"(8, 20)",37.66386813286338,True,20.6,1.0
38,Q-Learning,V1,"(88, 85)",26.125927244518564,True,6.6478835438717,1.0
38,Q-Learning,V2,"(60, 26)",19.165047026079264,True,21.66423649066129,1.0
38,Q-Learning,V3,"(66, 60)",31.25097479971336,True,12.43547848464572,1.0
38,Q-Learning,V4,"(65, 79)",56.79094015436186,True,0.5430735899680492,1.0
38,Q-Learning,V5,"(92, 32)",16.994950653853884,True,4.005049346146116,1.0
38,Q-Learning,V6,"(76, 35)",29.03398816271445,True,22.07921561087423,1.0
38,Q-Learning,V7,"(73, 8)",47.19044942628157,True,7.3095505737184325,1.0
38,Q-Learning,V8,"(64, 51)",36.019098592332014,True,21.676305461424022,1.0
38,Q-Learning,V9,"(68, 31)",40.349969781842375,True,15.838525491562422,1.0
38,Q-Learning,V10,"(8, 20)",37.66386813286338,True,20.6,1.0
39,Greedy,V1,"(51, 42)",15.003502726899526,True,16.249828525701844,1.0
39,Greedy,V2,"(34, 65)",37.46702821674121,True,1.5329717832587875,1.0
39,Greedy,V3,"(77, 53)",35.644471789509915,True,6.8339783759110375,1.0
39,Greedy,V4,"(29, 57)",25.229136459783724,True,32.077727824623615,1.0
39,Greedy,V5,"(65, 51)",1.3093649138151733,True,18.975274678557504,1.0
39,Greedy,V6,"(88, 10)",31.583064134204662,True,18.88262224629348,1.0
39,Greedy,V7,"(99, 1)",36.25927665874828,True,16.790617410950233,1.0
39,Greedy,V8,"(28, 89)",33.30367240921754,True,23.5,1.0
39,Greedy,V9,"(15, 80)",46.22886504172859,True,8.84767296240117,1.0
39,Greedy,V10,"(20, 59)",32.6411515058155,True,24.648308055437866,1.0
39,Auction,V1,"(68, 31)",23.338109618965248,True,7.745355992499931,1.0
39,Auction,V2,"(88, 85)",32.43422481346532,True,6.832993127835042,1.0
39,Auction,V3,"(76, 35)",14.987743371824628,True,27.325545799442814,1.0
39,Auction,V4,"(55, 26)",52.505986640927524,True,4.406979685970873,1.0
39,Auction,V5,"(74, 30)",20.38422689413609,False,0.0,1.0
39,Auction,V6,"(60, 26)",35.548118889383346,True,14.56508488420533,1.0
39,Auction,V7,"(73, 8)",47.19044942628157,True,6.3095505737184325,1.0
39,Auction,V8,"(48, 74)",30.64097345931337,True,25.772004514666936,1.0
39,Auction,V9,"(19, 11)",45.88427430189126,True,9.795084971874736,1.0
39,Auction,V10,"(8, 20)",37.66386813286338,True,19.6,1.0
39,Q-Learning,V1,"(88, 85)",26.125927244518564,True,5.6478835438717,1.0
39,Q-Learning,V2,"(60, 26)",19.165047026079264,True,20.66423649066129,1.0
39,Q-Learning,V3,"(66, 60)",31.25097479971336,True,11.43547848464572,1.0
39,Q-Learning,V4,"(58, 96)",28.164543538526114,True,28.62639661583575,1.0
39,Q-Learning,V5,"(92, 32)",16.994950653853884,True,3.005049346146116,1.0
39,Q-Learning,V6,"(76, 35)",29.03398816271445,True,21.07921561087423,1.0
39,Q-Learning,V7,"(73, 8)",47.19044942628157,True,6.3095505737184325,1.0
39,Q-Learning,V8,"(64, 51)",36.019098592332014,True,20.676305461424022,1.0
39,Q-Learning,V9,"(68, 31)",40.349969781842375,True,14.838525491562422,1.0
39,Q-Learning,V10,"(8, 20)",37.66386813286338,True,19.6,1.0
40,Greedy,V1,"(51, 42)",15.003502726899526,True,15.249828525701844,1.0
40,Greedy,V2,"(34, 65)",37.46702821674121,True,0.5329717832587875,1.0
40,Greedy,V3,"(77, 53)",35.644471789509915,True,5.8339783759110375,1.0
40,Greedy,V4,"(29, 57)",25.229136459783724,True,31.077727824623615,1.0
40,Greedy,V5,"(65, 51)",1.3093649138151733,True,17.975274678557504,1.0
40,Greedy,V6,"(88, 10)",31.583064134204662,True,17.88262224629348,1.0
40,Greedy,V7,"(99, 1)",36.25927665874828,True,15.790617410950233,1.0
40,Greedy,V8,"(28, 89)",33.30367240921754,True,22.5,1.0
40,Greedy,V9,"(15, 80)",46.22886504172859,True,7.84767296240117,1.0
40,Greedy,V10,"(20, 59)",32.6411515058155,True,23.648308055437866,1.0
40,Auction,V1,"(68, 31)",23.338109618965248,True,6.745355992499931,1.0
40,Auction,V2,"(88, 85)",32.43422481346532,True,5.832993127835042,1.0
40,Auction,V3,"(76, 35)",14.987743371824628,True,26.325545799442814,1.0
40,Auction,V4,"(55, 26)",52.505986640927524,True,3.4069796859708728,1.0
40,Auction,V5,"(74, 30)",20.38422689413609,False,0.0,2.0
40,Auction,V6,"(60, 26)",35.548118889383346,True,13.56508488420533,1.0
40,Auction,V7,"(73, 8)",47.19044942628157,True,5.3095505737184325,1.0
40,Auction,V8,"(48, 74)",30.64097345931337,True,24.772004514666936,1.0
40,Auction,V9,"(19, 11)",45.88427430189126,True,8.795084971874736,1.0
40,Auction,V10,"(8, 20)",37.66386813286338,True,18.6,1.0
40,Q-Learning,V1,"(88, 85)",26.125927244518564,True,4.6478835438717,1.0
40,Q-Learning,V2,"(60, 26)",19.165047026079264,True,19.66423649066129,1.0
40,Q-Learning,V3,"(66, 60)",31.25097479971336,True,10.43547848464572,1.0
40,Q-Learning,V4,"(58, 96)",28.164543538526114,True,27.62639661583575,1.0
40,Q-Learning,V5,"(92, 32)",16.994950653853884,True,2.005049346146116,1.0
40,Q-Learning,V6,"(76, 35)",29.03398816271445,True,20.07921561087423,1.0
40,Q-Learning,V7,"(73, 8)",47.19044942628157,True,5.3095505737184325,1.0
40,Q-Learning,V8,"(64, 51)",36.019098592332014,True,19.676305461424022,1.0
40,Q-Learning,V9,"(68, 31)",40.349969781842375,True,13.838525491562422,1.0
40,Q-Learning,V10,"(8, 20)",37.66386813286338,True,18.6,1.0
41,Greedy,V1,"(51, 42)",15.003502726899526,True,14.249828525701844,1.0
41,Greedy,V2,"(34, 65)",9.737615257527828,True,27.729412959213384,1.0
41,Greedy,V3,"(77, 53)",35.644471789509915,True,4.8339783759110375,1.0
41,Greedy,V4,"(29, 57)",25.229136459783724,True,30.077727824623615,1.0
41,Greedy,V5,"(65, 51)",1.3093649138151733,True,16.975274678557504,1.0
41,Greedy,V6,"(88, 10)",31.583064134204662,True,16.88262224629348,1.0
41,Greedy,V7,"(99, 1)",36.25927665874828,True,14.790617410950233,1.0
41,Greedy,V8,"(28, 89)",33.30367240921754,True,21.5,1.0
41,Greedy,V9,"(15, 80)",46.22886504172859,True,6.84767296240117,1.0
41,Greedy,V10,"(20, 59)",32.6411515058155,True,22.648308055437866,1.0
41,Auction,V1,"(68, 31)",23.338109618965248,True,5.745355992499931,1.0
41,Auction,V2,"(88, 85)",32.43422481346532,True,4.832993127835042,1.0
41,Auction,V3,"(76, 35)",14.987743371824628,True,25.325545799442814,1.0
41,Auction,V4,"(55, 26)",52.505986640927524,True,2.4069796859708728,1.0
41,Auction,V5,"(74, 30)",20.38422689413609,False,0.0,3.0
41,Auction,V6,"(60, 26)",35.548118889383346,True,12.56508488420533,1.0
41,Auction,V7,"(73, 8)",47.19044942628157,True,4.3095505737184325,1.0
41,Auction,V8,"(48, 74)",30.64097345931337,True,23.772004514666936,1.0
41,Auction,V9,"(19, 11)",45.88427430189126,True,7.795084971874736,1.0
41,Auction,V10,"(8, 20)",37.66386813286338,True,17.6,1.0
41,Q-Learning,V1,"(88, 85)",26.125927244518564,True,3.6478835438717,1.0
41,Q-Learning,V2,"(60, 26)",19.165047026079264,True,18.66423649066129,1.0
41,Q-Learning,V3,"(66, 60)",31.25097479971336,True,9.43547848464572,1.0
41,Q-Learning,V4,"(58, 96)",28.164543538526114,True,26.62639661583575,1.0
41,Q-Learning,V5,"(92, 32)",16.994950653853884,True,1.0050493461461159,1.0
41,Q-Learning,V6,"(76, 35)",29.03398816271445,True,19.07921561087423,1.0
41,Q-Learning,V7,"(73, 8)",47.19044942628157,True,4.3095505737184325,1.0
41,Q-Learning,V8,"(64, 51)",36.019098592332014,True,18.676305461424022,1.0
41,Q-Learning,V9,"(68, 31)",40.349969781842375,True,12.838525491562422,1.0
41,Q-Learning,V10,"(8, 20)",37.66386813286338,True,17.6,1.0
42,Greedy,V1,"(51, 42)",15.003502726899526,True,13.249828525701844,1.0
42,Greedy,V2,"(34, 65)",9.737615257527828,True,26.729412959213384,1.0
42,Greedy,V3,"(77, 53)",35.644471789509915,True,3.8339783759110375,1.0
42,Greedy,V4,"(29, 57)",25.229136459783724,True,29.077727824623615,1.0
42,Greedy,V5,"(65, 51)",1.3093649138151733,True,15.975274678557504,1.0
42,Greedy,V6,"(88, 10)",31.583064134204662,True,15.88262224629348,1.0
42,Greedy,V7,"(99, 1)",36.25927665874828,True,13.790617410950233,1.0
42,Greedy,V8,"(28, 89)",33.30367240921754,True,20.5,1.0
42,Greedy,V9,"(15, 80)",46.22886504172859,True,5.84767296240117,1.0
42,Greedy,V10,"(20, 59)",32.6411515058155,True,21.648308055437866,1.0
42,Auction,V1,"(68, 31)",23.338109618965248,True,4.745355992499931,1.0
42,Auction,V2,"(88, 85)",32.43422481346532,True,3.832993127835042,1.0
42,Auction,V3,"(76, 35)",14.987743371824628,True,24.325545799442814,1.0
42,Auction,V4,"(55, 26)",52.505986640927524,True,1.4069796859708728,1.0
42,Auction,V5,"(74, 30)",20.38422689413609,False,0.0,4.0
42,Auction,V6,"(60, 26)",35.548118889383346,True,11.56508488420533,1.0
42,Auction,V7,"(73, 8)",47.19044942628157,True,3.3095505737184325,1.0
42,Auction,V8,"(48, 74)",30.64097345931337,True,22.772004514666936,1.0
42,Auction,V9,"(19, 11)",45.88427430189126,True,6.795084971874736,1.0
42,Auction,V10,"(8, 20)",37.66386813286338,True,16.6,1.0
42,Q-Learning,V1,"(88, 85)",26.125927244518564,True,2.6478835438717,1.0
42,Q-Learning,V2,"(60, 26)",19.165047026079264,True,17.66423649066129,1.0
42,Q-Learning,V3,"(66, 60)",31.25097479971336,True,8.43547848464572,1.0
42,Q-Learning,V4,"(58, 96)",28.164543538526114,True,25.62639661583575,1.0
42,Q-Learning,V5,"(92, 32)",16.994950653853884,True,0.005049346146115852,1.0
42,Q-Learning,V6,"(76, 35)",29.03398816271445,True,18.07921561087423,1.0
42,Q-Learning,V7,"(73, 8)",47.19044942628157,True,3.3095505737184325,1.0
42,Q-Learning,V8,"(64, 51)",36.019098592332014,True,17.676305461424022,1.0
42,Q-Learning,V9,"(68, 31)",40.349969781842375,True,11.838525491562422,1.0
42,Q-Learning,V10,"(8, 20)",37.66386813286338,True,16.6,1.0
43,Greedy,V1,"(51, 42)",15.003502726899526,True,12.249828525701844,1.0
43,Greedy,V2,"(34, 65)",9.737615257527828,True,25.729412959213384,1.0
43,Greedy,V3,"(77, 53)",35.644471789509915,True,2.8339783759110375,1.0
43,Greedy,V4,"(29, 57)",25.229136459783724,True,28.077727824623615,1.0
43,Greedy,V5,"(65, 51)",1.3093649138151733,True,14.975274678557504,1.0
43,Greedy,V6,"(88, 10)",31.583064134204662,True,14.88262224629348,1.0
43,Greedy,V7,"(99, 1)",36.25927665874828,True,12.790617410950233,1.0
43,Greedy,V8,"(28, 89)",33.30367240921754,True,19.5,1.0
43,Greedy,V9,"(15, 80)",46.22886504172859,True,4.84767296240117,1.0
43,Greedy,V10,"(20, 59)",32.6411515058155,True,20.648308055437866,1.0
43,Auction,V1,"(68, 31)",23.338109618965248,True,3.745355992499931,1.0
43,Auction,V2,"(88, 85)",32.43422481346532,True,2.832993127835042,1.0
43,Auction,V3,"(76, 35)",14.987743371824628,True,23.325545799442814,1.0
43,Auction,V4,"(55, 26)",52.505986640927524,True,0.40697968597087275,1.0
43,Auction,V5,"(74, 30)",20.38422689413609,False,0.0,5.0
43,Auction,V6,"(60, 26)",35.548118889383346,True,10.56508488420533,1.0
43,Auction,V7,"(73, 8)",47.19044942628157,True,2.3095505737184325,1.0
43,Auction,V8,"(48, 74)",30.64097345931337,True,21.772004514666936,1.0
43,Auction,V9,"(19, 11)",45.88427430189126,True,5.795084971874736,1.0
43,Auction,V10,"(8, 20)",37.66386813286338,True,15.600000000000001,1.0
43,Q-Learning,V1,"(88, 85)",26.125927244518564,True,1.6478835438716999,1.0
43,Q-Learning,V2,"(60, 26)",19.165047026079264,True,16.66423649066129,1.0
43,Q-Learning,V3,"(66, 60)",31.25097479971336,True,7.435478484645721,1.0
43,Q-Learning,V4,"(58, 96)",28.164543538526114,True,24.62639661583575,1.0
43,Q-Learning,V5,"(92, 32)",16.994950653853884,False,0.0,1.0
43,Q-Learning,V6,"(76, 35)",29.03398816271445,True,17.07921561087423,1.0
43,Q-Learning,V7,"(73, 8)",47.19044942628157,True,2.3095505737184325,1.0
43,Q-Learning,V8,"(64, 51)",36.019098592332014,True,16.676305461424022,1.0
43,Q-Learning,V9,"(68, 31)",40.349969781842375,True,10.838525491562422,1.0
43,Q-Learning,V10,"(8, 20)",37.66386813286338,True,15.600000000000001,1.0
44,Greedy,V1,"(51, 42)",15.003502726899526,True,11.249828525701844,1.0
44,Greedy,V2,"(34, 65)",9.737615257527828,True,24.729412959213384,1.0
44,Greedy,V3,"(77, 53)",35.644471789509915,True,1.8339783759110375,1.0
44,Greedy,V4,"(29, 57)",25.229136459783724,True,27.077727824623615,1.0
44,Greedy,V5,"(65, 51)",1.3093649138151733,True,13.975274678557504,1.0
44,Greedy,V6,"(88, 10)",31.583064134204662,True,13.88262224629348,1.0
44,Greedy,V7,"(99, 1)",36.25927665874828,True,11.790617410950233,1.0
44,Greedy,V8,"(28, 89)",33.30367240921754,True,18.5,1.0
44,Greedy,V9,"(15, 80)",46.22886504172859,True,3.8476729624011696,1.0
44,Greedy,V10,"(20, 59)",32.6411515058155,True,19.648308055437866,1.0
44,Auction,V1,"(68, 31)",23.338109618965248,True,2.745355992499931,1.0
44,Auction,V2,"(88, 85)",32.43422481346532,True,1.8329931278350422,1.0
44,Auction,V3,"(76, 35)",14.987743371824628,True,22.325545799442814,1.0
44,Auction,V4,"(60, 12)",24.382262534167737,True,28.123724106759788,1.0
44,Auction,V5,"(74, 30)",20.38422689413609,False,0.0,6.0
44,Auction,V6,"(60, 26)",35.548118889383346,True,9.56508488420533,1.0
44,Auction,V7,"(73, 8)",47.19044942628157,True,1.3095505737184325,1.0
44,Auction,V8,"(48, 74)",30.64097345931337,True,20.772004514666936,1.0
44,Auction,V9,"(19, 11)",45.88427430189126,True,4.795084971874736,1.0
44,Auction,V10,"(8, 20)",37.66386813286338,True,14.600000000000001,1.0
44,Q-Learning,V1,"(88, 85)",26.125927244518564,True,0.6478835438716999,1.0
44,Q-Learning,V2,"(60, 26)",19.165047026079264,True,15.664236490661288,1.0
44,Q-Learning,V3,"(66, 60)",31.25097479971336,True,6.435478484645721,1.0
44,Q-Learning,V4,"(58, 96)",28.164543538526114,True,23.62639661583575,1.0
44,Q-Learning,V5,"(92, 32)",16.994950653853884,False,0.0,2.0
44,Q-Learning,V6,"(76, 35)",29.03398816271445,True,16.07921561087423,1.0
44,Q-Learning,V7,"(73, 8)",47.19044942628157,True,1.3095505737184325,1.0
44,Q-Learning,V8,"(64, 51)",36.019098592332014,True,15.676305461424022,1.0
44,Q-Learning,V9,"(68, 31)",40.349969781842375,True,9.838525491562422,1.0
44,Q-Learning,V10,"(8, 20)",37.66386813286338,True,14.600000000000001,1.0
45,Greedy,V1,"(51, 42)",15.003502726899526,True,10.249828525701844,1.0
45,Greedy,V2,"(34, 65)",9.737615257527828,True,23.729412959213384,1.0
45,Greedy,V3,"(77, 53)",35.644471789509915,True,0.8339783759110375,1.0
45,Greedy,V4,"(29, 57)",25.229136459783724,True,26.077727824623615,1.0
45,Greedy,V5,"(65, 51)",1.3093649138151733,True,12.975274678557504,1.0
45,Greedy,V6,"(88, 10)",31.583064134204662,True,12.88262224629348,1.0
45,Greedy,V7,"(99, 1)",36.25927665874828,True,10.790617410950233,1.0
45,Greedy,V8,"(28, 89)",33.30367240921754,True,17.5,1.0
45,Greedy,V9,"(15, 80)",46.22886504172859,True,2.8476729624011696,1.0
45,Greedy,V10,"(20, 59)",32.6411515058155,True,18.648308055437866,1.0
45,Auction,V1,"(68, 31)",23.338109618965248,True,1.7453559924999311,1.0
45,Auction,V2,"(88, 85)",32.43422481346532,True,0.8329931278350422,1.0
45,Auction,V3,"(76, 35)",14.987743371824628,True,21.325545799442814,1.0
45,Auction,V4,"(60, 12)",24.382262534167737,True,27.123724106759788,1.0
45,Auction,V5,"(74, 30)",20.38422689413609,False,0.0,7.0
45,Auction,V6,"(60, 26)",35.548118889383346,True,8.56508488420533,1.0
45,Auction,V7,"(73, 8)",47.19044942628157,True,0.30955057371843253,1.0
45,Auction,V8,"(48, 74)",30.64097345931337,True,19.772004514666936,1.0
45,Auction,V9,"(19, 11)",45.88427430189126,True,3.7950849718747364,1.0
45,Auction,V10,"(8, 20)",37.66386813286338,True,13.600000000000001,1.0
45,Q-Learning,V1,"(95, 87)",13.317026145709619,True,12.808901098808946,1.0
45,Q-Learning,V2,"(60, 26)",19.165047026079264,True,14.664236490661288,1.0
45,Q-Learning,V3,"(66, 60)",31.25097479971336,True,5.435478484645721,1.0
45,Q-Learning,V4,"(58, 96)",28.164543538526114,True,22.62639661583575,1.0
45,Q-Learning,V5,"(92, 32)",16.994950653853884,False,0.0,3.0
45,Q-Learning,V6,"(76, 35)",29.03398816271445,True,15.079215610874229,1.0
45,Q-Learning,V7,"(73, 8)",47.19044942628157,True,0.30955057371843253,1.0
45,Q-Learning,V8,"(64, 51)",36.019098592332014,True,14.676305461424022,1.0
45,Q-Learning,V9,"(68, 31)",40.349969781842375,True,8.838525491562422,1.0
45,Q-Learning,V10,"(8, 20)",37.66386813286338,True,13.600000000000001,1.0
46,Greedy,V1,"(51, 42)",15.003502726899526,True,9.249828525701844,1.0
46,Greedy,V2,"(34, 65)",9.737615257527828,True,22.729412959213384,1.0
46,Greedy,V3,"(77, 53)",8.634273485954786,True,27.01019830355513,1.0
46,Greedy,V4,"(29, 57)",25.229136459783724,True,25.077727824623615,1.0
46,Greedy,V5,"(65, 51)",1.3093649138151733,True,11.975274678557504,1.0
46,Greedy,V6,"(88, 10)",31.583064134204662,True,11.88262224629348,1.0
46,Greedy,V7,"(99, 1)",36.25927665874828,True,9.790617410950233,1.0
46,Greedy,V8,"(28, 89)",33.30367240921754,True,16.5,1.0
46,Greedy,V9,"(15, 80)",46.22886504172859,True,1.8476729624011696,1.0
46,Greedy,V10,"(20, 59)",32.6411515058155,True,17.648308055437866,1.0
46,Auction,V1,"(68, 31)",23.338109618965248,True,0.7453559924999311,1.0
46,Auction,V2,"(66, 60)",16.676846011937688,True,15.757378801527633,1.0
46,Auction,V3,"(76, 35)",14.987743371824628,True,20.325545799442814,1.0
46,Auction,V4,"(60, 12)",24.382262534167737,True,26.123724106759788,1.0
46,Auction,V5,"(74, 30)",20.38422689413609,False,0.0,8.0
46,Auction,V6,"(60, 26)",35.548118889383346,True,7.56508488420533,1.0
46,Auction,V7,"(53, 55)",19.8056530317205,True,27.384796394561068,1.0
46,Auction,V8,"(48, 74)",30.64097345931337,True,18.772004514666936,1.0
46,Auction,V9,"(19, 11)",45.88427430189126,True,2.7950849718747364,1.0
46,Auction,V10,"(8, 20)",37.66386813286338,True,12.600000000000001,1.0
46,Q-Learning,V1,"(95, 87)",13.317026145709619,True,11.808901098808946,1.0
46,Q-Learning,V2,"(60, 26)",19.165047026079264,True,13.664236490661288,1.0
46,Q-Learning,V3,"(66, 60)",31.25097479971336,True,4.435478484645721,1.0
46,Q-Learning,V4,"(58, 96)",28.164543538526114,True,21.62639661583575,1.0
46,Q-Learning,V5,"(92, 32)",16.994950653853884,False,0.0,4.0
46,Q-Learning,V6,"(76, 35)",29.03398816271445,True,14.079215610874229,1.0
46,Q-Learning,V7,"(48, 74)",13.368424431984621,True,33.822024994296946,1.0
46,Q-Learning,V8,"(64, 51)",36.019098592332014,True,13.676305461424022,1.0
46,Q-Learning,V9,"(68, 31)",40.349969781842375,True,7.838525491562422,1.0
46,Q-Learning,V10,"(8, 20)",37.66386813286338,True,12.600000000000001,1.0
47,Greedy,V1,"(51, 42)",15.003502726899526,True,8.249828525701844,1.0
47,Greedy,V2,"(34, 65)",9.737615257527828,True,21.729412959213384,1.0
47,Greedy,V3,"(77, 53)",8.634273485954786,True,26.01019830355513,1.0
47,Greedy,V4,"(29, 57)",25.229136459783724,True,24.077727824623615,1.0
47,Greedy,V5,"(65, 51)",1.3093649138151733,True,10.975274678557504,1.0
47,Greedy,V6,"(88, 10)",31.583064134204662,True,10.88262224629348,1.0
47,Greedy,V7,"(99, 1)",36.25927665874828,True,8.790617410950233,1.0
47,Greedy,V8,"(28, 89)",33.30367240921754,True,15.5,1.0
47,Greedy,V9,"(15, 80)",46.22886504172859,True,0.8476729624011696,1.0
47,Greedy,V10,"(20, 59)",32.6411515058155,True,16.648308055437866,1.0
47,Auction,V1,"(62, 62)",5.8297421958881515,True,17.508367423077097,1.0
47,Auction,V2,"(66, 60)",16.676846011937688,True,14.757378801527633,1.0
47,Auction,V3,"(76, 35)",14.987743371824628,True,19.325545799442814,1.0
47,Auction,V4,"(60, 12)",24.382262534167737,True,25.123724106759788,1.0
47,Auction,V5,"(74, 30)",20.38422689413609,False,0.0,9.0
47,Auction,V6,"(60, 26)",35.548118889383346,True,6.56508488420533,1.0
47,Auction,V7,"(53, 55)",19.8056530317205,True,26.384796394561068,1.0
47,Auction,V8,"(48, 74)",30.64097345931337,True,17.772004514666936,1.0
47,Auction,V9,"(19, 11)",45.88427430189126,True,1.7950849718747364,1.0
47,Auction,V10,"(8, 20)",37.66386813286338,True,11.600000000000001,1.0
47,Q-Learning,V1,"(95, 87)",13.317026145709619,True,10.808901098808946,1.0
47,Q-Learning,V2,"(60, 26)",19.165047026079264,True,12.664236490661288,1.0
47,Q-Learning,V3,"(66, 60)",31.25097479971336,True,3.4354784846457207,1.0
47,Q-Learning,V4,"(58, 96)",28.164543538526114,True,20.62639661583575,1.0
47,Q-Learning,V5,"(92, 32)",16.994950653853884,False,0.0,5.0
47,Q-Learning,V6,"(76, 35)",29.03398816271445,True,13.079215610874229,1.0
47,Q-Learning,V7,"(48, 74)",13.368424431984621,True,32.822024994296946,1.0
47,Q-Learning,V8,"(64, 51)",36.019098592332014,True,12.676305461424022,1.0
47,Q-Learning,V9,"(68, 31)",40.349969781842375,True,6.838525491562422,1.0
47,Q-Learning,V10,"(8, 20)",37.66386813286338,True,11.600000000000001,1.0
48,Greedy,V1,"(51, 42)",15.003502726899526,True,7.249828525701844,1.0
48,Greedy,V2,"(34, 65)",9.737615257527828,True,20.729412959213384,1.0
48,Greedy,V3,"(77, 53)",8.634273485954786,True,25.01019830355513,1.0
48,Greedy,V4,"(29, 57)",25.229136459783724,True,23.077727824623615,1.0
48,Greedy,V5,"(65, 51)",1.3093649138151733,True,9.975274678557504,1.0
48,Greedy,V6,"(88, 10)",31.583064134204662,True,9.88262224629348,1.0
48,Greedy,V7,"(99, 1)",36.25927665874828,True,7.790617410950233,1.0
48,Greedy,V8,"(28, 89)",33.30367240921754,True,14.5,1.0
48,Greedy,V9,"(15, 80)",7.753568212604975,True,38.475296829123614,1.0
48,Greedy,V10,"(20, 59)",32.6411515058155,True,15.648308055437866,1.0
48,Auction,V1,"(62, 62)",5.8297421958881515,True,16.508367423077097,1.0
48,Auction,V2,"(66, 60)",16.676846011937688,True,13.757378801527633,1.0
48,Auction,V3,"(76, 35)",14.987743371824628,True,18.325545799442814,1.0
48,Auction,V4,"(60, 12)",24.382262534167737,True,24.123724106759788,1.0
48,Auction,V5,"(74, 30)",20.38422689413609,False,0.0,10.0
48,Auction,V6,"(60, 26)",35.548118889383346,True,5.56508488420533,1.0
48,Auction,V7,"(53, 55)",19.8056530317205,True,25.384796394561068,1.0
48,Auction,V8,"(48, 74)",30.64097345931337,True,16.772004514666936,1.0
48,Auction,V9,"(19, 11)",45.88427430189126,True,0.7950849718747364,1.0
48,Auction,V10,"(8, 20)",37.66386813286338,True,10.600000000000001,1.0
48,Q-Learning,V1,"(95, 87)",13.317026145709619,True,9.808901098808946,1.0
48,Q-Learning,V2,"(60, 26)",19.165047026079264,True,11.664236490661288,1.0
48,Q-Learning,V3,"(66, 60)",31.25097479971336,True,2.4354784846457207,1.0
48,Q-Learning,V4,"(58, 96)",28.164543538526114,True,19.62639661583575,1.0
48,Q-Learning,V5,"(92, 32)",16.994950653853884,False,0.0,6.0
48,Q-Learning,V6,"(76, 35)",29.03398816271445,True,12.079215610874229,1.0
48,Q-Learning,V7,"(48, 74)",13.368424431984621,True,31.822024994296946,1.0
48,Q-Learning,V8,"(64, 51)",36.019098592332014,True,11.676305461424022,1.0
48,Q-Learning,V9,"(68, 31)",40.349969781842375,True,5.838525491562422,1.0
48,Q-Learning,V10,"(8, 20)",37.66386813286338,True,10.600000000000001,1.0
49,Greedy,V1,"(51, 42)",15.003502726899526,True,6.249828525701844,1.0
49,Greedy,V2,"(34, 65)",9.737615257527828,True,19.729412959213384,1.0
49,Greedy,V3,"(77, 53)",8.634273485954786,True,24.01019830355513,1.0
49,Greedy,V4,"(29, 57)",25.229136459783724,True,22.077727824623615,1.0
49,Greedy,V5,"(65, 51)",1.3093649138151733,True,8.975274678557504,1.0
49,Greedy,V6,"(88, 10)",31.583064134204662,True,8.88262224629348,1.0
49,Greedy,V7,"(99, 1)",36.25927665874828,True,6.790617410950233,1.0
49,Greedy,V8,"(28, 89)",33.30367240921754,True,13.5,1.0
49,Greedy,V9,"(15, 80)",7.753568212604975,True,37.475296829123614,1.0
49,Greedy,V10,"(20, 59)",32.6411515058155,True,14.648308055437866,1.0
49,Auction,V1,"(62, 62)",5.8297421958881515,True,15.508367423077097,1.0
49,Auction,V2,"(66, 60)",16.676846011937688,True,12.757378801527633,1.0
49,Auction,V3,"(76, 35)",14.987743371824628,True,17.325545799442814,1.0
49,Auction,V4,"(60, 12)",24.382262534167737,True,23.123724106759788,1.0
49,Auction,V5,"(74, 30)",20.38422689413609,False,0.0,11.0
49,Auction,V6,"(60, 26)",35.548118889383346,True,4.56508488420533,1.0
49,Auction,V7,"(53, 55)",19.8056530317205,True,24.384796394561068,1.0
49,Auction,V8,"(48, 74)",30.64097345931337,True,15.772004514666936,1.0
49,Auction,V9,"(20, 26)",26.005112254594646,True,19.879162047296614,1.0
49,Auction,V10,"(8, 20)",37.66386813286338,True,9.600000000000001,1.0
49,Q-Learning,V1,"(95, 87)",13.317026145709619,True,8.808901098808946,1.0
49,Q-Learning,V2,"(60, 26)",19.165047026079264,True,10.664236490661288,1.0
49,Q-Learning,V3,"(66, 60)",31.25097479971336,True,1.4354784846457207,1.0
49,Q-Learning,V4,"(58, 96)",28.164543538526114,True,18.62639661583575,1.0
49,Q-Learning,V5,"(92, 32)",16.994950653853884,False,0.0,7.0
49,Q-Learning,V6,"(76, 35)",29.03398816271445,True,11.079215610874229,1.0
49,Q-Learning,V7,"(48, 74)",13.368424431984621,True,30.822024994296946,1.0
49,Q-Learning,V8,"(64, 51)",36.019098592332014,True,10.676305461424022,1.0
49,Q-Learning,V9,"(68, 31)",40.349969781842375,True,4.838525491562422,1.0
49,Q-Learning,V10,"(8, 20)",37.66386813286338,True,9.600000000000001,1.0
50,Greedy,V1,"(51, 42)",15.003502726899526,True,5.249828525701844,1.0
50,Greedy,V2,"(34, 65)",9.737615257527828,True,18.729412959213384,1.0
50,Greedy,V3,"(77, 53)",8.634273485954786,True,23.01019830355513,1.0
50,Greedy,V4,"(29, 57)",25.229136459783724,True,21.077727824623615,1.0
50,Greedy,V5,"(65, 51)",1.3093649138151733,True,7.975274678557504,1.0
50,Greedy,V6,"(88, 10)",31.583064134204662,True,7.882622246293479,1.0
50,Greedy,V7,"(99, 1)",36.25927665874828,True,5.790617410950233,1.0
50,Greedy,V8,"(28, 89)",33.30367240921754,True,12.5,1.0
50,Greedy,V9,"(15, 80)",7.753568212604975,True,36.475296829123614,1.0
50,Greedy,V10,"(20, 59)",32.6411515058155,True,13.648308055437866,1.0
50,Auction,V1,"(62, 62)",5.8297421958881515,True,14.508367423077097,1.0
50,Auction,V2,"(66, 60)",16.676846011937688,True,11.757378801527633,1.0
50,Auction,V3,"(76, 35)",14.987743371824628,True,16.325545799442814,1.0
50,Auction,V4,"(60, 12)",24.382262534167737,True,22.123724106759788,1.0
50,Auction,V5,"(74, 30)",20.38422689413609,False,0.0,12.0
50,Auction,V6,"(60, 26)",35.548118889383346,True,3.56508488420533,1.0
50,Auction,V7,"(53, 55)",19.8056530317205,True,23.384796394561068,1.0
50,Auction,V8,"(48, 74)",30.64097345931337,True,14.772004514666936,1.0
50,Auction,V9,"(20, 26)",26.005112254594646,True,18.879162047296614,1.0
50,Auction,V10,"(8, 20)",37.66386813286338,True,8.600000000000001,1.0
50,Q-Learning,V1,"(95, 87)",13.317026145709619,True,7.808901098808946,1.0
50,Q-Learning,V2,"(60, 26)",19.165047026079264,True,9.664236490661288,1.0
50,Q-Learning,V3,"(66, 60)",31.25097479971336,True,0.4354784846457207,1.0
50,Q-Learning,V4,"(58, 96)",28.164543538526114,True,17.62639661583575,1.0
50,Q-Learning,V5,"(92, 32)",16.994950653853884,False,0.0,8.0
50,Q-Learning,V6,"(76, 35)",29.03398816271445,True,10.079215610874229,1.0
50,Q-Learning,V7,"(48, 74)",13.368424431984621,True,29.822024994296946,1.0
50,Q-Learning,V8,"(64, 51)",36.019098592332014,True,9.676305461424022,1.0
50,Q-Learning,V9,"(68, 31)",40.349969781842375,True,3.8385254915624216,1.0
50,Q-Learning,V10,"(8, 20)",37.66386813286338,True,8.600000000000001,1.0
51,Greedy,V1,"(51, 42)",15.003502726899526,True,4.249828525701844,1.0
51,Greedy,V2,"(34, 65)",9.737615257527828,True,17.729412959213384,1.0
51,Greedy,V3,"(77, 53)",8.634273485954786,True,22.01019830355513,1.0
51,Greedy,V4,"(29, 57)",25.229136459783724,True,20.077727824623615,1.0
51,Greedy,V5,"(65, 51)",1.3093649138151733,True,6.975274678557504,1.0
51,Greedy,V6,"(88, 10)",31.583064134204662,True,6.882622246293479,1.0
51,Greedy,V7,"(99, 1)",36.25927665874828,True,4.790617410950233,1.0
51,Greedy,V8,"(28, 89)",33.30367240921754,True,11.5,1.0
51,Greedy,V9,"(15, 80)",7.753568212604975,True,35.475296829123614,1.0
51,Greedy,V10,"(20, 59)",32.6411515058155,True,12.648308055437866,1.0
51,Auction,V1,"(62, 62)",5.8297421958881515,True,13.508367423077097,1.0
51,Auction,V2,"(66, 60)",16.676846011937688,True,10.757378801527633,1.0
51,Auction,V3,"(76, 35)",14.987743371824628,True,15.325545799442814,1.0
51,Auction,V4,"(60, 12)",24.382262534167737,True,21.123724106759788,1.0
51,Auction,V5,"(74, 30)",20.38422689413609,False,0.0,13.0
51,Auction,V6,"(60, 26)",35.548118889383346,True,2.56508488420533,1.0
51,Auction,V7,"(53, 55)",19.8056530317205,True,22.384796394561068,1.0
51,Auction,V8,"(48, 74)",30.64097345931337,True,13.772004514666936,1.0
51,Auction,V9,"(20, 26)",26.005112254594646,True,17.879162047296614,1.0
51,Auction,V10,"(8, 20)",37.66386813286338,True,7.600000000000001,1.0
51,Q-Learning,V1,"(95, 87)",13.317026145709619,True,6.808901098808946,1.0
51,Q-Learning,V2,"(60, 26)",19.165047026079264,True,8.664236490661288,1.0
51,Q-Learning,V3,"(53, 55)",8.261205045829914,True,22.989769753883447,1.0
51,Q-Learning,V4,"(58, 96)",28.164543538526114,True,16.62639661583575,1.0
51,Q-Learning,V5,"(92, 32)",16.994950653853884,False,0.0,9.0
51,Q-Learning,V6,"(76, 35)",29.03398816271445,True,9.079215610874229,1.0
51,Q-Learning,V7,"(48, 74)",13.368424431984621,True,28.822024994296946,1.0
51,Q-Learning,V8,"(64, 51)",36.019098592332014,True,8.676305461424022,1.0
51,Q-Learning,V9,"(68, 31)",40.349969781842375,True,2.8385254915624216,1.0
51,Q-Learning,V10,"(8, 20)",37.66386813286338,True,7.600000000000001,1.0
52,Greedy,V1,"(51, 42)",15.003502726899526,True,3.2498285257018438,1.0
52,Greedy,V2,"(34, 65)",9.737615257527828,True,16.729412959213384,1.0
52,Greedy,V3,"(77, 53)",8.634273485954786,True,21.01019830355513,1.0
52,Greedy,V4,"(29, 57)",25.229136459783724,True,19.077727824623615,1.0
52,Greedy,V5,"(65, 51)",1.3093649138151733,True,5.975274678557504,1.0
52,Greedy,V6,"(88, 10)",31.583064134204662,True,5.882622246293479,1.0
52,Greedy,V7,"(99, 1)",36.25927665874828,True,3.790617410950233,1.0
52,Greedy,V8,"(28, 89)",33.30367240921754,True,10.5,1.0
52,Greedy,V9,"(15, 80)",7.753568212604975,True,34.475296829123614,1.0
52,Greedy,V10,"(20, 59)",32.6411515058155,True,11.648308055437866,1.0
52,Auction,V1,"(62, 62)",5.8297421958881515,True,12.508367423077097,1.0
52,Auction,V2,"(66, 60)",16.676846011937688,True,9.757378801527633,1.0
52,Auction,V3,"(76, 35)",14.987743371824628,True,14.325545799442814,1.0
52,Auction,V4,"(60, 12)",24.382262534167737,True,20.123724106759788,1.0
52,Auction,V5,"(74, 30)",20.38422689413609,False,0.0,14.0
52,Auction,V6,"(60, 26)",35.548118889383346,True,1.56508488420533,1.0
52,Auction,V7,"(53, 55)",19.8056530317205,True,21.384796394561068,1.0
52,Auction,V8,"(48, 74)",30.64097345931337,True,12.772004514666936,1.0
52,Auction,V9,"(20, 26)",26.005112254594646,True,16.879162047296614,1.0
52,Auction,V10,"(8, 20)",37.66386813286338,True,6.600000000000001,1.0
52,Q-Learning,V1,"(95, 87)",13.317026145709619,True,5.808901098808946,1.0
52,Q-Learning,V2,"(60, 26)",19.165047026079264,True,7.664236490661288,1.0
52,Q-Learning,V3,"(53, 55)",8.261205045829914,True,21.989769753883447,1.0
52,Q-Learning,V4,"(58, 96)",28.164543538526114,True,15.626396615835748,1.0
52,Q-Learning,V5,"(92, 32)",16.994950653853884,False,0.0,10.0
52,Q-Learning,V6,"(76, 35)",29.03398816271445,True,8.079215610874229,1.0
52,Q-Learning,V7,"(48, 74)",13.368424431984621,True,27.822024994296946,1.0
52,Q-Learning,V8,"(64, 51)",36.019098592332014,True,7.676305461424022,1.0
52,Q-Learning,V9,"(68, 31)",40.349969781842375,True,1.8385254915624216,1.0
52,Q-Learning,V10,"(8, 20)",37.66386813286338,True,6.600000000000001,1.0
53,Greedy,V1,"(51, 42)",15.003502726899526,True,2.2498285257018438,1.0
53,Greedy,V2,"(34, 65)",9.737615257527828,True,15.729412959213384,1.0
53,Greedy,V3,"(77, 53)",8.634273485954786,True,20.01019830355513,1.0
53,Greedy,V4,"(29, 57)",25.229136459783724,True,18.077727824623615,1.0
53,Greedy,V5,"(65, 51)",1.3093649138151733,True,4.975274678557504,1.0
53,Greedy,V6,"(88, 10)",31.583064134204662,True,4.882622246293479,1.0
53,Greedy,V7,"(99, 1)",36.25927665874828,True,2.790617410950233,1.0
53,Greedy,V8,"(28, 89)",33.30367240921754,True,9.5,1.0
53,Greedy,V9,"(15, 80)",7.753568212604975,True,33.475296829123614,1.0
53,Greedy,V10,"(20, 59)",32.6411515058155,True,10.648308055437866,1.0
53,Auction,V1,"(62, 62)",5.8297421958881515,True,11.508367423077097,1.0
53,Auction,V2,"(66, 60)",16.676846011937688,True,8.757378801527633,1.0
53,Auction,V3,"(76, 35)",14.987743371824628,True,13.325545799442814,1.0
53,Auction,V4,"(60, 12)",24.382262534167737,True,19.123724106759788,1.0
53,Auction,V5,"(74, 30)",20.38422689413609,False,0.0,15.0
53,Auction,V6,"(60, 26)",35.548118889383346,True,0.56508488420533,1.0
53,Auction,V7,"(53, 55)",19.8056530317205,True,20.384796394561068,1.0
53,Auction,V8,"(48, 74)",30.64097345931337,True,11.772004514666936,1.0
53,Auction,V9,"(20, 26)",26.005112254594646,True,15.879162047296614,1.0
53,Auction,V10,"(8, 20)",37.66386813286338,True,5.600000000000001,1.0
53,Q-Learning,V1,"(95, 87)",13.317026145709619,True,4.808901098808946,1.0
53,Q-Learning,V2,"(60, 26)",19.165047026079264,True,6.664236490661288,1.0
53,Q-Learning,V3,"(53, 55)",8.261205045829914,True,20.989769753883447,1.0
53,Q-Learning,V4,"(58, 96)",28.164543538526114,True,14.626396615835748,1.0
53,Q-Learning,V5,"(92, 32)",16.994950653853884,False,0.0,11.0
53,Q-Learning,V6,"(76, 35)",29.03398816271445,True,7.079215610874229,1.0
53,Q-Learning,V7,"(48, 74)",13.368424431984621,True,26.822024994296946,1.0
53,Q-Learning,V8,"(64, 51)",36.019098592332014,True,6.676305461424022,1.0
53,Q-Learning,V9,"(68, 31)",40.349969781842375,True,0.8385254915624216,1.0
53,Q-Learning,V10,"(8, 20)",37.66386813286338,True,5.600000000000001,1.0
54,Greedy,V1,"(51, 42)",15.003502726899526,True,1.2498285257018438,1.0
54,Greedy,V2,"(34, 65)",9.737615257527828,True,14.729412959213384,1.0
54,Greedy,V3,"(77, 53)",8.634273485954786,True,19.01019830355513,1.0
54,Greedy,V4,"(29, 57)",25.229136459783724,True,17.077727824623615,1.0
54,Greedy,V5,"(65, 51)",1.3093649138151733,True,3.975274678557504,1.0
54,Greedy,V6,"(88, 10)",31.583064134204662,True,3.8826222462934794,1.0
54,Greedy,V7,"(99, 1)",36.25927665874828,True,1.790617410950233,1.0
54,Greedy,V8,"(28, 89)",33.30367240921754,True,8.5,1.0
54,Greedy,V9,"(15, 80)",7.753568212604975,True,32.475296829123614,1.0
54,Greedy,V10,"(20, 59)",32.6411515058155,True,9.648308055437866,1.0
54,Auction,V1,"(62, 62)",5.8297421958881515,True,10.508367423077097,1.0
54,Auction,V2,"(66, 60)",16.676846011937688,True,7.757378801527633,1.0
54,Auction,V3,"(76, 35)",14.987743371824628,True,12.325545799442814,1.0
54,Auction,V4,"(60, 12)",24.382262534167737,True,18.123724106759788,1.0
54,Auction,V5,"(74, 30)",20.38422689413609,False,0.0,16.0
54,Auction,V6,"(64, 51)",7.484523328914481,True,28.063595560468865,1.0
54,Auction,V7,"(53, 55)",19.8056530317205,True,19.384796394561068,1.0
54,Auction,V8,"(48, 74)",30.64097345931337,True,10.772004514666936,1.0
54,Auction,V9,"(20, 26)",26.005112254594646,True,14.879162047296614,1.0
54,Auction,V10,"(8, 20)",37.66386813286338,True,4.600000000000001,1.0
54,Q-Learning,V1,"(95, 87)",13.317026145709619,True,3.8089010988089456,1.0
54,Q-Learning,V2,"(60, 26)",19.165047026079264,True,5.664236490661288,1.0
54,Q-Learning,V3,"(53, 55)",8.261205045829914,True,19.989769753883447,1.0
54,Q-Learning,V4,"(58, 96)",28.164543538526114,True,13.626396615835748,1.0
54,Q-Learning,V5,"(92, 32)",16.994950653853884,False,0.0,12.0
54,Q-Learning,V6,"(76, 35)",29.03398816271445,True,6.079215610874229,1.0
54,Q-Learning,V7,"(48, 74)",13.368424431984621,True,25.822024994296946,1.0
54,Q-Learning,V8,"(64, 51)",36.019098592332014,True,5.676305461424022,1.0
54,Q-Learning,V9,"(65, 31)",9.974969781842375,True,30.375,1.0
54,Q-Learning,V10,"(8, 20)",37.66386813286338,True,4.600000000000001,1.0
55,Greedy,V1,"(51, 42)",15.003502726899526,True,0.24982852570184377,1.0
55,Greedy,V2,"(34, 65)",9.737615257527828,True,13.729412959213384,1.0
55,Greedy,V3,"(77, 53)",8.634273485954786,True,18.01019830355513,1.0
55,Greedy,V4,"(29, 57)",25.229136459783724,True,16.077727824623615,1.0
55,Greedy,V5,"(65, 51)",1.3093649138151733,True,2.975274678557504,1.0
55,Greedy,V6,"(88, 10)",31.583064134204662,True,2.8826222462934794,1.0
55,Greedy,V7,"(99, 1)",36.25927665874828,True,0.7906174109502331,1.0
55,Greedy,V8,"(28, 89)",33.30367240921754,True,7.5,1.0
55,Greedy,V9,"(15, 80)",7.753568212604975,True,31.475296829123614,1.0
55,Greedy,V10,"(20, 59)",32.6411515058155,True,8.648308055437866,1.0
55,Auction,V1,"(62, 62)",5.8297421958881515,True,9.508367423077097,1.0
55,Auction,V2,"(66, 60)",16.676846011937688,True,6.757378801527633,1.0
55,Auction,V3,"(76, 35)",14.987743371824628,True,11.325545799442814,1.0
55,Auction,V4,"(60, 12)",24.382262534167737,True,17.123724106759788,1.0
55,Auction,V5,"(74, 30)",20.38422689413609,False,0.0,17.0
55,Auction,V6,"(64, 51)",7.484523328914481,True,27.063595560468865,1.0
55,Auction,V7,"(53, 55)",19.8056530317205,True,18.384796394561068,1.0
55,Auction,V8,"(48, 74)",30.64097345931337,True,9.772004514666936,1.0
55,Auction,V9,"(20, 26)",26.005112254594646,True,13.879162047296614,1.0
55,Auction,V10,"(8, 20)",37.66386813286338,True,3.6000000000000014,1.0
55,Q-Learning,V1,"(95, 87)",13.317026145709619,True,2.8089010988089456,1.0
55,Q-Learning,V2,"(60, 26)",19.165047026079264,True,4.664236490661288,1.0
55,Q-Learning,V3,"(53, 55)",8.261205045829914,True,18.989769753883447,1.0
55,Q-Learning,V4,"(58, 96)",28.164543538526114,True,12.626396615835748,1.0
55,Q-Learning,V5,"(92, 32)",16.994950653853884,False,0.0,13.0
55,Q-Learning,V6,"(76, 35)",29.03398816271445,True,5.079215610874229,1.0
55,Q-Learning,V7,"(48, 74)",13.368424431984621,True,24.822024994296946,1.0
55,Q-Learning,V8,"(64, 51)",36.019098592332014,True,4.676305461424022,1.0
55,Q-Learning,V9,"(65, 31)",9.974969781842375,True,29.375,1.0
55,Q-Learning,V10,"(8, 20)",37.66386813286338,True,3.6000000000000014,1.0
56,Greedy,V1,"(51, 42)",15.003502726899526,False,0.0,1.0
56,Greedy,V2,"(34, 65)",9.737615257527828,True,12.729412959213384,1.0
56,Greedy,V3,"(77, 53)",8.634273485954786,True,17.01019830355513,1.0
56,Greedy,V4,"(29, 57)",25.229136459783724,True,15.077727824623615,1.0
56,Greedy,V5,"(65, 51)",1.3093649138151733,True,1.9752746785575042,1.0
56,Greedy,V6,"(88, 10)",31.583064134204662,True,1.8826222462934794,1.0
56,Greedy,V7,"(99, 1)",2.5032941391967967,True,33.75598251955148,1.0
56,Greedy,V8,"(28, 89)",33.30367240921754,True,6.5,1.0
56,Greedy,V9,"(15, 80)",7.753568212604975,True,30.475296829123614,1.0
56,Greedy,V10,"(20, 59)",32.6411515058155,True,7.648308055437866,1.0
56,Auction,V1,"(62, 62)",5.8297421958881515,True,8.508367423077097,1.0
56,Auction,V2,"(66, 60)",16.676846011937688,True,5.757378801527633,1.0
56,Auction,V3,"(76, 35)",14.987743371824628,True,10.325545799442814,1.0
56,Auction,V4,"(60, 12)",24.382262534167737,True,16.123724106759788,1.0
56,Auction,V5,"(74, 30)",20.38422689413609,False,0.0,18.0
56,Auction,V6,"(64, 51)",7.484523328914481,True,26.063595560468865,1.0
56,Auction,V7,"(53, 55)",19.8056530317205,True,17.384796394561068,1.0
56,Auction,V8,"(48, 74)",30.64097345931337,True,8.772004514666936,1.0
56,Auction,V9,"(20, 26)",26.005112254594646,True,12.879162047296614,1.0
56,Auction,V10,"(8, 20)",37.66386813286338,True,2.6000000000000014,1.0
56,Q-Learning,V1,"(95, 87)",13.317026145709619,True,1.8089010988089456,1.0
56,Q-Learning,V2,"(60, 26)",19.165047026079264,True,3.6642364906612883,1.0
56,Q-Learning,V3,"(53, 55)",8.261205045829914,True,17.989769753883447,1.0
56,Q-Learning,V4,"(58, 96)",28.164543538526114,True,11.626396615835748,1.0
56,Q-Learning,V5,"(92, 32)",16.994950653853884,False,0.0,14.0
56,Q-Learning,V6,"(76, 35)",29.03398816271445,True,4.079215610874229,1.0
56,Q-Learning,V7,"(48, 74)",13.368424431984621,True,23.822024994296946,1.0
56,Q-Learning,V8,"(64, 51)",36.019098592332014,True,3.676305461424022,1.0
56,Q-Learning,V9,"(65, 31)",9.974969781842375,True,28.375,1.0
56,Q-Learning,V10,"(8, 20)",37.66386813286338,True,2.6000000000000014,1.0
57,Greedy,V1,"(51, 42)",15.003502726899526,False,0.0,2.0
57,Greedy,V2,"(34, 65)",9.737615257527828,True,11.729412959213384,1.0
57,Greedy,V3,"(77, 53)",8.634273485954786,True,16.01019830355513,1.0
57,Greedy,V4,"(29, 57)",25.229136459783724,True,14.077727824623615,1.0
57,Greedy,V5,"(65, 51)",1.3093649138151733,True,0.9752746785575042,1.0
57,Greedy,V6,"(88, 10)",31.583064134204662,True,0.8826222462934794,1.0
57,Greedy,V7,"(99, 1)",2.5032941391967967,True,32.75598251955148,1.0
57,Greedy,V8,"(28, 89)",33.30367240921754,True,5.5,1.0
57,Greedy,V9,"(15, 80)",7.753568212604975,True,29.475296829123614,1.0
57,Greedy,V10,"(20, 59)",32.6411515058155,True,6.648308055437866,1.0
57,Auction,V1,"(62, 62)",5.8297421958881515,True,7.508367423077097,1.0
57,Auction,V2,"(66, 60)",16.676846011937688,True,4.757378801527633,1.0
57,Auction,V3,"(76, 35)",14.987743371824628,True,9.325545799442814,1.0
57,Auction,V4,"(60, 12)",24.382262534167737,True,15.123724106759788,1.0
57,Auction,V5,"(74, 30)",20.38422689413609,False,0.0,19.0
57,Auction,V6,"(64, 51)",7.484523328914481,True,25.063595560468865,1.0
57,Auction,V7,"(53, 55)",19.8056530317205,True,16.384796394561068,1.0
57,Auction,V8,"(48, 74)",30.64097345931337,True,7.772004514666936,1.0
57,Auction,V9,"(20, 26)",26.005112254594646,True,11.879162047296614,1.0
57,Auction,V10,"(8, 20)",37.66386813286338,True,1.6000000000000014,1.0
57,Q-Learning,V1,"(95, 87)",13.317026145709619,True,0.8089010988089456,1.0
57,Q-Learning,V2,"(60, 26)",19.165047026079264,True,2.6642364906612883,1.0
57,Q-Learning,V3,"(53, 55)",8.261205045829914,True,16.989769753883447,1.0
57,Q-Learning,V4,"(58, 96)",28.164543538526114,True,10.626396615835748,1.0
57,Q-Learning,V5,"(92, 32)",16.994950653853884,False,0.0,15.0
57,Q-Learning,V6,"(76, 35)",29.03398816271445,True,3.079215610874229,1.0
57,Q-Learning,V7,"(48, 74)",13.368424431984621,True,22.822024994296946,1.0
57,Q-Learning,V8,"(64, 51)",36.019098592332014,True,2.676305461424022,1.0
57,Q-Learning,V9,"(65, 31)",9.974969781842375,True,27.375,1.0
57,Q-Learning,V10,"(8, 20)",37.66386813286338,True,1.6000000000000014,1.0
58,Greedy,V1,"(51, 42)",15.003502726899526,False,0.0,3.0
58,Greedy,V2,"(34, 65)",9.737615257527828,True,10.729412959213384,1.0
58,Greedy,V3,"(77, 53)",8.634273485954786,True,15.010198303555129,1.0
58,Greedy,V4,"(29, 57)",25.229136459783724,True,13.077727824623615,1.0
58,Greedy,V5,"(65, 51)",1.3093649138151733,False,0.0,1.0
58,Greedy,V6,"(88, 10)",5.781614934935767,True,25.801449199268895,1.0
58,Greedy,V7,"(99, 1)",2.5032941391967967,True,31.75598251955148,1.0
58,Greedy,V8,"(28, 89)",33.30367240921754,True,4.5,1.0
58,Greedy,V9,"(15, 80)",7.753568212604975,True,28.475296829123614,1.0
58,Greedy,V10,"(20, 59)",32.6411515058155,True,5.648308055437866,1.0
58,Auction,V1,"(62, 62)",5.8297421958881515,True,6.508367423077097,1.0
58,Auction,V2,"(66, 60)",16.676846011937688,True,3.757378801527633,1.0
58,Auction,V3,"(76, 35)",14.987743371824628,True,8.325545799442814,1.0
58,Auction,V4,"(60, 12)",24.382262534167737,True,14.123724106759788,1.0
58,Auction,V5,"(74, 30)",20.38422689413609,False,0.0,20.0
58,Auction,V6,"(64, 51)",7.484523328914481,True,24.063595560468865,1.0
58,Auction,V7,"(53, 55)",19.8056530317205,True,15.384796394561068,1.0
58,Auction,V8,"(48, 74)",30.64097345931337,True,6.772004514666936,1.0
58,Auction,V9,"(20, 26)",26.005112254594646,True,10.879162047296614,1.0
58,Auction,V10,"(8, 20)",37.66386813286338,True,0.6000000000000014,1.0
58,Q-Learning,V1,"(95, 87)",13.317026145709619,False,0.0,1.0
58,Q-Learning,V2,"(60, 26)",19.165047026079264,True,1.6642364906612883,1.0
58,Q-Learning,V3,"(53, 55)",8.261205045829914,True,15.989769753883447,1.0
58,Q-Learning,V4,"(58, 96)",28.164543538526114,True,9.626396615835748,1.0
58,Q-Learning,V5,"(92, 32)",16.994950653853884,False,0.0,16.0
58,Q-Learning,V6,"(76, 35)",29.03398816271445,True,2.079215610874229,1.0
58,Q-Learning,V7,"(48, 74)",13.368424431984621,True,21.822024994296946,1.0
58,Q-Learning,V8,"(64, 51)",36.019098592332014,True,1.6763054614240218,1.0
58,Q-Learning,V9,"(65, 31)",9.974969781842375,True,26.375,1.0
58,Q-Learning,V10,"(8, 20)",37.66386813286338,True,0.6000000000000014,1.0
59,Greedy,V1,"(51, 42)",15.003502726899526,False,0.0,4.0
59,Greedy,V2,"(34, 65)",9.737615257527828,True,9.729412959213384,1.0
59,Greedy,V3,"(77, 53)",8.634273485954786,True,14.010198303555129,1.0
59,Greedy,V4,"(29, 57)",25.229136459783724,True,12.077727824623615,1.0
59,Greedy,V5,"(65, 51)",1.3093649138151733,False,0.0,2.0
59,Greedy,V6,"(88, 10)",5.781614934935767,True,24.801449199268895,1.0
59,Greedy,V7,"(99, 1)",2.5032941391967967,True,30.75598251955148,1.0
59,Greedy,V8,"(28, 89)",33.30367240921754,True,3.5,1.0
59,Greedy,V9,"(15, 80)",7.753568212604975,True,27.475296829123614,1.0
59,Greedy,V10,"(20, 59)",32.6411515058155,True,4.648308055437866,1.0
59,Auction,V1,"(62, 62)",5.8297421958881515,True,5.508367423077097,1.0
59,Auction,V2,"(66, 60)",16.676846011937688,True,2.757378801527633,1.0
59,Auction,V3,"(76, 35)",14.987743371824628,True,7.325545799442814,1.0
59,Auction,V4,"(60, 12)",24.382262534167737,True,13.123724106759788,1.0
59,Auction,V5,"(74, 30)",20.38422689413609,False,0.0,21.0
59,Auction,V6,"(64, 51)",7.484523328914481,True,23.063595560468865,1.0
59,Auction,V7,"(53, 55)",19.8056530317205,True,14.384796394561068,1.0
59,Auction,V8,"(48, 74)",30.64097345931337,True,5.772004514666936,1.0
59,Auction,V9,"(20, 26)",26.005112254594646,True,9.879162047296614,1.0
59,Auction,V10,"(19, 21)",19.454795929425927,True,18.20907220343745,1.0
59,Q-Learning,V1,"(95, 87)",13.317026145709619,False,0.0,2.0
59,Q-Learning,V2,"(60, 26)",19.165047026079264,True,0.6642364906612883,1.0
59,Q-Learning,V3,"(53, 55)",8.261205045829914,True,14.989769753883447,1.0
59,Q-Learning,V4,"(58, 96)",28.164543538526114,True,8.626396615835748,1.0
59,Q-Learning,V5,"(92, 32)",16.994950653853884,False,0.0,17.0
59,Q-Learning,V6,"(76, 35)",29.03398816271445,True,1.079215610874229,1.0
59,Q-Learning,V7,"(48, 74)",13.368424431984621,True,20.822024994296946,1.0
59,Q-Learning,V8,"(64, 51)",36.019098592332014,True,0.6763054614240218,1.0
59,Q-Learning,V9,"(65, 31)",9.974969781842375,True,25.375,1.0
59,Q-Learning,V10,"(55, 26)",16.18758194047767,True,21.476286192385707,1.0
60,Greedy,V1,"(51, 42)",15.003502726899526,False,0.0,5.0
60,Greedy,V2,"(34, 65)",9.737615257527828,True,8.729412959213384,1.0
60,Greedy,V3,"(77, 53)",8.634273485954786,True,13.010198303555129,1.0
60,Greedy,V4,"(29, 57)",25.229136459783724,True,11.077727824623615,1.0
60,Greedy,V5,"(65, 51)",1.3093649138151733,False,0.0,3.0
60,Greedy,V6,"(88, 10)",5.781614934935767,True,23.801449199268895,1.0
60,Greedy,V7,"(99, 1)",2.5032941391967967,True,29.75598251955148,1.0
60,Greedy,V8,"(28, 89)",33.30367240921754,True,2.5,1.0
60,Greedy,V9,"(15, 80)",7.753568212604975,True,26.475296829123614,1.0
60,Greedy,V10,"(20, 59)",32.6411515058155,True,3.648308055437866,1.0
60,Auction,V1,"(62, 62)",5.8297421958881515,True,4.508367423077097,1.0
60,Auction,V2,"(66, 60)",16.676846011937688,True,1.7573788015276328,1.0
60,Auction,V3,"(76, 35)",14.987743371824628,True,6.325545799442814,1.0
60,Auction,V4,"(60, 12)",24.382262534167737,True,12.123724106759788,1.0
60,Auction,V5,"(74, 30)",20.38422689413609,False,0.0,22.0
60,Auction,V6,"(64, 51)",7.484523328914481,True,22.063595560468865,1.0
60,Auction,V7,"(53, 55)",19.8056530317205,True,13.384796394561068,1.0
60,Auction,V8,"(48, 74)",30.64097345931337,True,4.772004514666936,1.0
60,Auction,V9,"(20, 26)",26.005112254594646,True,8.879162047296614,1.0
60,Auction,V10,"(19, 21)",19.454795929425927,True,17.20907220343745,1.0
60,Q-Learning,V1,"(95, 87)",13.317026145709619,False,0.0,3.0
60,Q-Learning,V2,"(19, 11)",0.9282241823812427,True,18.23682284369802,1.0
60,Q-Learning,V3,"(53, 55)",8.261205045829914,True,13.989769753883447,1.0
60,Q-Learning,V4,"(58, 96)",28.164543538526114,True,7.626396615835748,1.0
60,Q-Learning,V5,"(92, 32)",16.994950653853884,False,0.0,18.0
60,Q-Learning,V6,"(76, 35)",29.03398816271445,True,0.07921561087422901,1.0
60,Q-Learning,V7,"(48, 74)",13.368424431984621,True,19.822024994296946,1.0
60,Q-Learning,V8,"(20, 26)",12.958466220780018,True,23.060632371551996,1.0
60,Q-Learning,V9,"(65, 31)",9.974969781842375,True,24.375,1.0
60,Q-Learning,V10,"(55, 26)",16.18758194047767,True,20.476286192385707,1.0
61,Greedy,V1,"(51, 42)",15.003502726899526,False,0.0,6.0
61,Greedy,V2,"(34, 65)",9.737615257527828,True,7.729412959213384,1.0
61,Greedy,V3,"(77, 53)",8.634273485954786,True,12.010198303555129,1.0
61,Greedy,V4,"(29, 57)",25.229136459783724,True,10.077727824623615,1.0
61,Greedy,V5,"(65, 51)",1.3093649138151733,False,0.0,4.0
61,Greedy,V6,"(88, 10)",5.781614934935767,True,22.801449199268895,1.0
61,Greedy,V7,"(99, 1)",2.5032941391967967,True,28.75598251955148,1.0
61,Greedy,V8,"(28, 89)",33.30367240921754,True,1.5,1.0
61,Greedy,V9,"(15, 80)",7.753568212604975,True,25.475296829123614,1.0
61,Greedy,V10,"(20, 59)",32.6411515058155,True,2.648308055437866,1.0
61,Auction,V1,"(62, 62)",5.8297421958881515,True,3.5083674230770967,1.0
61,Auction,V2,"(66, 60)",16.676846011937688,True,0.7573788015276328,1.0
61,Auction,V3,"(76, 35)",14.987743371824628,True,5.325545799442814,1.0
61,Auction,V4,"(60, 12)",24.382262534167737,True,11.123724106759788,1.0
61,Auction,V5,"(74, 30)",20.38422689413609,False,0.0,23.0
61,Auction,V6,"(64, 51)",7.484523328914481,True,21.063595560468865,1.0
61,Auction,V7,"(53, 55)",19.8056530317205,True,12.384796394561068,1.0
61,Auction,V8,"(48, 74)",30.64097345931337,True,3.7720045146669356,1.0
61,Auction,V9,"(20, 26)",26.005112254594646,True,7.879162047296614,1.0
61,Auction,V10,"(19, 21)",19.454795929425927,True,16.20907220343745,1.0
61,Q-Learning,V1,"(95, 87)",13.317026145709619,False,0.0,4.0
61,Q-Learning,V2,"(19, 11)",0.9282241823812427,True,17.23682284369802,1.0
61,Q-Learning,V3,"(53, 55)",8.261205045829914,True,12.989769753883447,1.0
61,Q-Learning,V4,"(58, 96)",28.164543538526114,True,6.626396615835748,1.0
61,Q-Learning,V5,"(92, 32)",16.994950653853884,False,0.0,19.0
61,Q-Learning,V6,"(28, 44)",0.26669580505462775,True,28.767292357659823,1.0
61,Q-Learning,V7,"(48, 74)",13.368424431984621,True,18.822024994296946,1.0
61,Q-Learning,V8,"(20, 26)",12.958466220780018,True,22.060632371551996,1.0
61,Q-Learning,V9,"(65, 31)",9.974969781842375,True,23.375,1.0
61,Q-Learning,V10,"(55, 26)",16.18758194047767,True,19.476286192385707,1.0
62,Greedy,V1,"(51, 42)",15.003502726899526,False,0.0,7.0
62,Greedy,V2,"(34, 65)",9.737615257527828,True,6.729412959213384,1.0
62,Greedy,V3,"(77, 53)",8.634273485954786,True,11.010198303555129,1.0
62,Greedy,V4,"(29, 57)",25.229136459783724,True,9.077727824623615,1.0
62,Greedy,V5,"(65, 51)",1.3093649138151733,False,0.0,5.0
62,Greedy,V6,"(88, 10)",5.781614934935767,True,21.801449199268895,1.0
62,Greedy,V7,"(99, 1)",2.5032941391967967,True,27.75598251955148,1.0
62,Greedy,V8,"(28, 89)",33.30367240921754,True,0.5,1.0
62,Greedy,V9,"(15, 80)",7.753568212604975,True,24.475296829123614,1.0
62,Greedy,V10,"(20, 59)",32.6411515058155,True,1.648308055437866,1.0
62,Auction,V1,"(62, 62)",5.8297421958881515,True,2.5083674230770967,1.0
62,Auction,V2,"(66, 60)",16.676846011937688,False,0.0,1.0
62,Auction,V3,"(76, 35)",14.987743371824628,True,4.325545799442814,1.0
62,Auction,V4,"(60, 12)",24.382262534167737,True,10.123724106759788,1.0
62,Auction,V5,"(70, 34)",2.498608810971966,True,17.885618083164125,24.0
62,Auction,V6,"(64, 51)",7.484523328914481,True,20.063595560468865,1.0
62,Auction,V7,"(53, 55)",19.8056530317205,True,11.384796394561068,1.0
62,Auction,V8,"(48, 74)",30.64097345931337,True,2.7720045146669356,1.0
62,Auction,V9,"(20, 26)",26.005112254594646,True,6.879162047296614,1.0
62,Auction,V10,"(19, 21)",19.454795929425927,True,15.20907220343745,1.0
62,Q-Learning,V1,"(95, 87)",13.317026145709619,False,0.0,5.0
62,Q-Learning,V2,"(19, 11)",0.9282241823812427,True,16.23682284369802,1.0
62,Q-Learning,V3,"(53, 55)",8.261205045829914,True,11.989769753883447,1.0
62,Q-Learning,V4,"(58, 96)",28.164543538526114,True,5.626396615835748,1.0
62,Q-Learning,V5,"(92, 32)",16.994950653853884,False,0.0,20.0
62,Q-Learning,V6,"(28, 44)",0.26669580505462775,True,27.767292357659823,1.0
62,Q-Learning,V7,"(48, 74)",13.368424431984621,True,17.822024994296946,1.0
62,Q-Learning,V8,"(20, 26)",12.958466220780018,True,21.060632371551996,1.0
62,Q-Learning,V9,"(65, 31)",9.974969781842375,True,22.375,1.0
62,Q-Learning,V10,"(55, 26)",16.18758194047767,True,18.476286192385707,1.0
63,Greedy,V1,"(51, 42)",15.003502726899526,False,0.0,8.0
63,Greedy,V2,"(34, 65)",9.737615257527828,True,5.729412959213384,1.0
63,Greedy,V3,"(77, 53)",8.634273485954786,True,10.010198303555129,1.0
63,Greedy,V4,"(29, 57)",25.229136459783724,True,8.077727824623615,1.0
63,Greedy,V5,"(65, 51)",1.3093649138151733,False,0.0,6.0
63,Greedy,V6,"(88, 10)",5.781614934935767,True,20.801449199268895,1.0
63,Greedy,V7,"(99, 1)",2.5032941391967967,True,26.75598251955148,1.0
63,Greedy,V8,"(28, 89)",13.00518790872341,True,20.29848450049413,1.0
63,Greedy,V9,"(15, 80)",7.753568212604975,True,23.475296829123614,1.0
63,Greedy,V10,"(20, 59)",32.6411515058155,True,0.648308055437866,1.0
63,Auction,V1,"(62, 62)",5.8297421958881515,True,1.5083674230770967,1.0
63,Auction,V2,"(66, 60)",16.676846011937688,False,0.0,2.0
63,Auction,V3,"(76, 35)",14.987743371824628,True,3.325545799442814,1.0
63,Auction,V4,"(60, 12)",24.382262534167737,True,9.123724106759788,1.0
63,Auction,V5,"(70, 34)",2.498608810971966,True,16.885618083164125,24.0
63,Auction,V6,"(64, 51)",7.484523328914481,True,19.063595560468865,1.0
63,Auction,V7,"(53, 55)",19.8056530317205,True,10.384796394561068,1.0
63,Auction,V8,"(48, 74)",30.64097345931337,True,1.7720045146669356,1.0
63,Auction,V9,"(20, 26)",26.005112254594646,True,5.879162047296614,1.0
63,Auction,V10,"(19, 21)",19.454795929425927,True,14.20907220343745,1.0
63,Q-Learning,V1,"(95, 87)",13.317026145709619,False,0.0,6.0
63,Q-Learning,V2,"(19, 11)",0.9282241823812427,True,15.236822843698022,1.0
63,Q-Learning,V3,"(53, 55)",8.261205045829914,True,10.989769753883447,1.0
63,Q-Learning,V4,"(58, 96)",28.164543538526114,True,4.626396615835748,1.0
63,Q-Learning,V5,"(92, 32)",16.994950653853884,False,0.0,21.0
63,Q-Learning,V6,"(28, 44)",0.26669580505462775,True,26.767292357659823,1.0
63,Q-Learning,V7,"(48, 74)",13.368424431984621,True,16.822024994296946,1.0
63,Q-Learning,V8,"(20, 26)",12.958466220780018,True,20.060632371551996,1.0
63,Q-Learning,V9,"(65, 31)",9.974969781842375,True,21.375,1.0
63,Q-Learning,V10,"(55, 26)",16.18758194047767,True,17.476286192385707,1.0
64,Greedy,V1,"(51, 42)",15.003502726899526,False,0.0,9.0
64,Greedy,V2,"(34, 65)",9.737615257527828,True,4.729412959213384,1.0
64,Greedy,V3,"(77, 53)",8.634273485954786,True,9.010198303555129,1.0
64,Greedy,V4,"(29, 57)",25.229136459783724,True,7.077727824623615,1.0
64,Greedy,V5,"(65, 51)",1.3093649138151733,False,0.0,7.0
64,Greedy,V6,"(88, 10)",5.781614934935767,True,19.801449199268895,1.0
64,Greedy,V7,"(99, 1)",2.5032941391967967,True,25.75598251955148,1.0
64,Greedy,V8,"(28, 89)",13.00518790872341,True,19.29848450049413,1.0
64,Greedy,V9,"(15, 80)",7.753568212604975,True,22.475296829123614,1.0
64,Greedy,V10,"(20, 59)",10.241151505815502,True,22.4,1.0
64,Auction,V1,"(62, 62)",5.8297421958881515,True,0.5083674230770967,1.0
64,Auction,V2,"(66, 60)",16.676846011937688,False,0.0,3.0
64,Auction,V3,"(76, 35)",14.987743371824628,True,2.325545799442814,1.0
64,Auction,V4,"(60, 12)",24.382262534167737,True,8.123724106759788,1.0
64,Auction,V5,"(70, 34)",2.498608810971966,True,15.885618083164125,24.0
64,Auction,V6,"(64, 51)",7.484523328914481,True,18.063595560468865,1.0
64,Auction,V7,"(53, 55)",19.8056530317205,True,9.384796394561068,1.0
64,Auction,V8,"(48, 74)",30.64097345931337,True,0.7720045146669356,1.0
64,Auction,V9,"(20, 26)",26.005112254594646,True,4.879162047296614,1.0
64,Auction,V10,"(19, 21)",19.454795929425927,True,13.20907220343745,1.0
64,Q-Learning,V1,"(95, 87)",13.317026145709619,False,0.0,7.0
64,Q-Learning,V2,"(19, 11)",0.9282241823812427,True,14.236822843698022,1.0
64,Q-Learning,V3,"(53, 55)",8.261205045829914,True,9.989769753883447,1.0
64,Q-Learning,V4,"(58, 96)",28.164543538526114,True,3.6263966158357483,1.0
64,Q-Learning,V5,"(92, 32)",16.994950653853884,False,0.0,22.0
64,Q-Learning,V6,"(28, 44)",0.26669580505462775,True,25.767292357659823,1.0
64,Q-Learning,V7,"(48, 74)",13.368424431984621,True,15.822024994296946,1.0
64,Q-Learning,V8,"(20, 26)",12.958466220780018,True,19.060632371551996,1.0
64,Q-Learning,V9,"(65, 31)",9.974969781842375,True,20.375,1.0
64,Q-Learning,V10,"(55, 26)",16.18758194047767,True,16.476286192385707,1.0
65,Greedy,V1,"(51, 42)",15.003502726899526,False,0.0,10.0
65,Greedy,V2,"(34, 65)",9.737615257527828,True,3.7294129592133842,1.0
65,Greedy,V3,"(77, 53)",8.634273485954786,True,8.010198303555129,1.0
65,Greedy,V4,"(29, 57)",25.229136459783724,True,6.077727824623615,1.0
65,Greedy,V5,"(65, 51)",1.3093649138151733,False,0.0,8.0
65,Greedy,V6,"(88, 10)",5.781614934935767,True,18.801449199268895,1.0
65,Greedy,V7,"(99, 1)",2.5032941391967967,True,24.75598251955148,1.0
65,Greedy,V8,"(28, 89)",13.00518790872341,True,18.29848450049413,1.0
65,Greedy,V9,"(15, 80)",7.753568212604975,True,21.475296829123614,1.0
65,Greedy,V10,"(20, 59)",10.241151505815502,True,21.4,1.0
65,Auction,V1,"(62, 62)",5.8297421958881515,False,0.0,1.0
65,Auction,V2,"(66, 60)",16.676846011937688,False,0.0,4.0
65,Auction,V3,"(76, 35)",14.987743371824628,True,1.3255457994428141,1.0
65,Auction,V4,"(60, 12)",24.382262534167737,True,7.123724106759788,1.0
65,Auction,V5,"(70, 34)",2.498608810971966,True,14.885618083164125,24.0
65,Auction,V6,"(64, 51)",7.484523328914481,True,17.063595560468865,1.0
65,Auction,V7,"(53, 55)",19.8056530317205,True,8.384796394561068,1.0
65,Auction,V8,"(56, 71)",2.7865730847816153,True,27.854400374531753,1.0
65,Auction,V9,"(20, 26)",26.005112254594646,True,3.8791620472966137,1.0
65,Auction,V10,"(19, 21)",19.454795929425927,True,12.20907220343745,1.0
65,Q-Learning,V1,"(95, 87)",13.317026145709619,False,0.0,8.0
65,Q-Learning,V2,"(19, 11)",0.9282241823812427,True,13.236822843698022,1.0
65,Q-Learning,V3,"(53, 55)",8.261205045829914,True,8.989769753883447,1.0
65,Q-Learning,V4,"(58, 96)",28.164543538526114,True,2.6263966158357483,1.0
65,Q-Learning,V5,"(92, 32)",16.994950653853884,False,0.0,23.0
65,Q-Learning,V6,"(28, 44)",0.26669580505462775,True,24.767292357659823,1.0
65,Q-Learning,V7,"(48, 74)",13.368424431984621,True,14.822024994296946,1.0
65,Q-Learning,V8,"(20, 26)",12.958466220780018,True,18.060632371551996,1.0
65,Q-Learning,V9,"(65, 31)",9.974969781842375,True,19.375,1.0
65,Q-Learning,V10,"(55, 26)",16.18758194047767,True,15.476286192385707,1.0
66,Greedy,V1,"(51, 42)",15.003502726899526,False,0.0,11.0
66,Greedy,V2,"(34, 65)",9.737615257527828,True,2.7294129592133842,1.0
66,Greedy,V3,"(77, 53)",8.634273485954786,True,7.0101983035551285,1.0
66,Greedy,V4,"(29, 57)",25.229136459783724,True,5.077727824623615,1.0
66,Greedy,V5,"(65, 51)",1.3093649138151733,False,0.0,9.0
66,Greedy,V6,"(88, 10)",5.781614934935767,True,17.801449199268895,1.0
66,Greedy,V7,"(99, 1)",2.5032941391967967,True,23.75598251955148,1.0
66,Greedy,V8,"(28, 89)",13.00518790872341,True,17.29848450049413,1.0
66,Greedy,V9,"(15, 80)",7.753568212604975,True,20.475296829123614,1.0
66,Greedy,V10,"(20, 59)",10.241151505815502,True,20.4,1.0
66,Auction,V1,"(62, 62)",5.8297421958881515,False,0.0,2.0
66,Auction,V2,"(66, 60)",16.676846011937688,False,0.0,5.0
66,Auction,V3,"(76, 35)",14.987743371824628,True,0.32554579944281414,1.0
66,Auction,V4,"(60, 12)",24.382262534167737,True,6.123724106759788,1.0
66,Auction,V5,"(70, 34)",2.498608810971966,True,13.885618083164125,24.0
66,Auction,V6,"(64, 51)",7.484523328914481,True,16.063595560468865,1.0
66,Auction,V7,"(53, 55)",19.8056530317205,True,7.384796394561068,1.0
66,Auction,V8,"(56, 71)",2.7865730847816153,True,26.854400374531753,1.0
66,Auction,V9,"(20, 26)",26.005112254594646,True,2.8791620472966137,1.0
66,Auction,V10,"(19, 21)",19.454795929425927,True,11.20907220343745,1.0
66,Q-Learning,V1,"(95, 87)",13.317026145709619,False,0.0,9.0
66,Q-Learning,V2,"(19, 11)",0.9282241823812427,True,12.236822843698022,1.0
66,Q-Learning,V3,"(53, 55)",8.261205045829914,True,7.989769753883447,1.0
66,Q-Learning,V4,"(58, 96)",28.164543538526114,True,1.6263966158357483,1.0
66,Q-Learning,V5,"(92, 32)",16.994950653853884,False,0.0,24.0
66,Q-Learning,V6,"(28, 44)",0.26669580505462775,True,23.767292357659823,1.0
66,Q-Learning,V7,"(48, 74)",13.368424431984621,True,13.822024994296946,1.0
66,Q-Learning,V8,"(20, 26)",12.958466220780018,True,17.060632371551996,1.0
66,Q-Learning,V9,"(65, 31)",9.974969781842375,True,18.375,1.0
66,Q-Learning,V10,"(55, 26)",16.18758194047767,True,14.476286192385707,1.0
67,Greedy,V1,"(51, 42)",15.003502726899526,False,0.0,12.0
67,Greedy,V2,"(34, 65)",9.737615257527828,True,1.7294129592133842,1.0
67,Greedy,V3,"(77, 53)",8.634273485954786,True,6.0101983035551285,1.0
67,Greedy,V4,"(29, 57)",25.229136459783724,True,4.077727824623615,1.0
67,Greedy,V5,"(65, 51)",1.3093649138151733,False,0.0,10.0
67,Greedy,V6,"(88, 10)",5.781614934935767,True,16.801449199268895,1.0
67,Greedy,V7,"(99, 1)",2.5032941391967967,True,22.75598251955148,1.0
67,Greedy,V8,"(28, 89)",13.00518790872341,True,16.29848450049413,1.0
67,Greedy,V9,"(15, 80)",7.753568212604975,True,19.475296829123614,1.0
67,Greedy,V10,"(20, 59)",10.241151505815502,True,19.4,1.0
67,Auction,V1,"(62, 62)",5.8297421958881515,False,0.0,3.0
67,Auction,V2,"(66, 60)",16.676846011937688,False,0.0,6.0
67,Auction,V3,"(76, 35)",14.987743371824628,False,0.0,1.0
67,Auction,V4,"(60, 12)",24.382262534167737,True,5.123724106759788,1.0
67,Auction,V5,"(70, 34)",2.498608810971966,True,12.885618083164125,24.0
67,Auction,V6,"(64, 51)",7.484523328914481,True,15.063595560468865,1.0
67,Auction,V7,"(53, 55)",19.8056530317205,True,6.384796394561068,1.0
67,Auction,V8,"(56, 71)",2.7865730847816153,True,25.854400374531753,1.0
67,Auction,V9,"(20, 26)",26.005112254594646,True,1.8791620472966137,1.0
67,Auction,V10,"(19, 21)",19.454795929425927,True,10.20907220343745,1.0
67,Q-Learning,V1,"(95, 87)",13.317026145709619,False,0.0,10.0
67,Q-Learning,V2,"(19, 11)",0.9282241823812427,True,11.236822843698022,1.0
67,Q-Learning,V3,"(53, 55)",8.261205045829914,True,6.989769753883447,1.0
67,Q-Learning,V4,"(58, 96)",28.164543538526114,True,0.6263966158357483,1.0
67,Q-Learning,V5,"(92, 32)",16.994950653853884,False,0.0,25.0
67,Q-Learning,V6,"(28, 44)",0.26669580505462775,True,22.767292357659823,1.0
67,Q-Learning,V7,"(48, 74)",13.368424431984621,True,12.822024994296946,1.0
67,Q-Learning,V8,"(20, 26)",12.958466220780018,True,16.060632371551996,1.0
67,Q-Learning,V9,"(65, 31)",9.974969781842375,True,17.375,1.0
67,Q-Learning,V10,"(55, 26)",16.18758194047767,True,13.476286192385707,1.0
68,Greedy,V1,"(51, 42)",15.003502726899526,False,0.0,13.0
68,Greedy,V2,"(34, 65)",9.737615257527828,True,0.7294129592133842,1.0
68,Greedy,V3,"(77, 53)",8.634273485954786,True,5.0101983035551285,1.0
68,Greedy,V4,"(29, 57)",25.229136459783724,True,3.077727824623615,1.0
68,Greedy,V5,"(65, 51)",1.3093649138151733,False,0.0,11.0
68,Greedy,V6,"(88, 10)",5.781614934935767,True,15.801449199268895,1.0
68,Greedy,V7,"(99, 1)",2.5032941391967967,True,21.75598251955148,1.0
68,Greedy,V8,"(28, 89)",13.00518790872341,True,15.29848450049413,1.0
68,Greedy,V9,"(15, 80)",7.753568212604975,True,18.475296829123614,1.0
68,Greedy,V10,"(20, 59)",10.241151505815502,True,18.4,1.0
68,Auction,V1,"(62, 62)",5.8297421958881515,False,0.0,4.0
68,Auction,V2,"(66, 60)",16.676846011937688,False,0.0,7.0
68,Auction,V3,"(76, 35)",14.987743371824628,False,0.0,2.0
68,Auction,V4,"(60, 12)",24.382262534167737,True,4.123724106759788,1.0
68,Auction,V5,"(70, 34)",2.498608810971966,True,11.885618083164125,24.0
68,Auction,V6,"(64, 51)",7.484523328914481,True,14.063595560468865,1.0
68,Auction,V7,"(53, 55)",19.8056530317205,True,5.384796394561068,1.0
68,Auction,V8,"(56, 71)",2.7865730847816153,True,24.854400374531753,1.0
68,Auction,V9,"(20, 26)",26.005112254594646,True,0.8791620472966137,1.0
68,Auction,V10,"(19, 21)",19.454795929425927,True,9.20907220343745,1.0
68,Q-Learning,V1,"(95, 87)",13.317026145709619,False,0.0,11.0
68,Q-Learning,V2,"(19, 11)",0.9282241823812427,True,10.236822843698022,1.0
68,Q-Learning,V3,"(53, 55)",8.261205045829914,True,5.989769753883447,1.0
68,Q-Learning,V4,"(60, 97)",10.845105256026145,True,17.31943828249997,1.0
68,Q-Learning,V5,"(92, 32)",16.994950653853884,False,0.0,26.0
68,Q-Learning,V6,"(28, 44)",0.26669580505462775,True,21.767292357659823,1.0
68,Q-Learning,V7,"(48, 74)",13.368424431984621,True,11.822024994296946,1.0
68,Q-Learning,V8,"(20, 26)",12.958466220780018,True,15.060632371551996,1.0
68,Q-Learning,V9,"(65, 31)",9.974969781842375,True,16.375,1.0
68,Q-Learning,V10,"(55, 26)",16.18758194047767,True,12.476286192385707,1.0
69,Greedy,V1,"(51, 42)",15.003502726899526,False,0.0,14.0
69,Greedy,V2,"(34, 65)",9.737615257527828,False,0.0,1.0
69,Greedy,V3,"(77, 53)",8.634273485954786,True,4.0101983035551285,1.0
69,Greedy,V4,"(29, 57)",25.229136459783724,True,2.077727824623615,1.0
69,Greedy,V5,"(65, 51)",1.3093649138151733,False,0.0,12.0
69,Greedy,V6,"(88, 10)",5.781614934935767,True,14.801449199268895,1.0
69,Greedy,V7,"(99, 1)",2.5032941391967967,True,20.75598251955148,1.0
69,Greedy,V8,"(28, 89)",13.00518790872341,True,14.29848450049413,1.0
69,Greedy,V9,"(15, 80)",7.753568212604975,True,17.475296829123614,1.0
69,Greedy,V10,"(20, 59)",10.241151505815502,True,17.4,1.0
69,Auction,V1,"(62, 62)",5.8297421958881515,False,0.0,5.0
69,Auction,V2,"(66, 60)",16.676846011937688,False,0.0,8.0
69,Auction,V3,"(76, 35)",14.987743371824628,False,0.0,3.0
69,Auction,V4,"(60, 12)",24.382262534167737,True,3.123724106759788,1.0
69,Auction,V5,"(70, 34)",2.498608810971966,True,10.885618083164125,24.0
69,Auction,V6,"(64, 51)",7.484523328914481,True,13.063595560468865,1.0
69,Auction,V7,"(53, 55)",19.8056530317205,True,4.384796394561068,1.0
69,Auction,V8,"(56, 71)",2.7865730847816153,True,23.854400374531753,1.0
69,Auction,V9,"(28, 44)",4.542897804145621,True,21.462214450449025,1.0
69,Auction,V10,"(19, 21)",19.454795929425927,True,8.20907220343745,1.0
69,Q-Learning,V1,"(95, 87)",13.317026145709619,False,0.0,12.0
69,Q-Learning,V2,"(19, 11)",0.9282241823812427,True,9.236822843698022,1.0
69,Q-Learning,V3,"(53, 55)",8.261205045829914,True,4.989769753883447,1.0
69,Q-Learning,V4,"(60, 97)",10.845105256026145,True,16.31943828249997,1.0
69,Q-Learning,V5,"(92, 32)",16.994950653853884,False,0.0,27.0
69,Q-Learning,V6,"(28, 44)",0.26669580505462775,True,20.767292357659823,1.0
69,Q-Learning,V7,"(48, 74)",13.368424431984621,True,10.822024994296946,1.0
69,Q-Learning,V8,"(20, 26)",12.958466220780018,True,14.060632371551996,1.0
69,Q-Learning,V9,"(65, 31)",9.974969781842375,True,15.375,1.0
69,Q-Learning,V10,"(55, 26)",16.18758194047767,True,11.476286192385707,1.0
70,Greedy,V1,"(51, 42)",15.003502726899526,False,0.0,15.0
70,Greedy,V2,"(34, 65)",9.737615257527828,False,0.0,2.0
70,Greedy,V3,"(77, 53)",8.634273485954786,True,3.0101983035551285,1.0
70,Greedy,V4,"(29, 57)",25.229136459783724,True,1.077727824623615,1.0
70,Greedy,V5,"(65, 51)",1.3093649138151733,False,0.0,13.0
70,Greedy,V6,"(88, 10)",5.781614934935767,True,13.801449199268895,1.0
70,Greedy,V7,"(99, 1)",2.5032941391967967,True,19.75598251955148,1.0
70,Greedy,V8,"(28, 89)",13.00518790872341,True,13.29848450049413,1.0
70,Greedy,V9,"(15, 80)",7.753568212604975,True,16.475296829123614,1.0
70,Greedy,V10,"(20, 59)",10.241151505815502,True,16.4,1.0
70,Auction,V1,"(62, 62)",5.8297421958881515,False,0.0,6.0
70,Auction,V2,"(66, 60)",16.676846011937688,False,0.0,9.0
70,Auction,V3,"(76, 35)",14.987743371824628,False,0.0,4.0
70,Auction,V4,"(60, 12)",24.382262534167737,True,2.123724106759788,1.0
70,Auction,V5,"(70, 34)",2.498608810971966,True,9.885618083164125,24.0
70,Auction,V6,"(64, 51)",7.484523328914481,True,12.063595560468865,1.0
70,Auction,V7,"(53, 55)",19.8056530317205,True,3.384796394561068,1.0
70,Auction,V8,"(56, 71)",2.7865730847816153,True,22.854400374531753,1.0
70,Auction,V9,"(28, 44)",4.542897804145621,True,20.462214450449025,1.0
70,Auction,V10,"(19, 21)",19.454795929425927,True,7.209072203437451,1.0
70,Q-Learning,V1,"(95, 87)",13.317026145709619,False,0.0,13.0
70,Q-Learning,V2,"(19, 11)",0.9282241823812427,True,8.236822843698022,1.0
70,Q-Learning,V3,"(53, 55)",8.261205045829914,True,3.989769753883447,1.0
70,Q-Learning,V4,"(60, 97)",10.845105256026145,True,15.31943828249997,1.0
70,Q-Learning,V5,"(92, 32)",16.994950653853884,False,0.0,28.0
70,Q-Learning,V6,"(28, 44)",0.26669580505462775,True,19.767292357659823,1.0
70,Q-Learning,V7,"(48, 74)",13.368424431984621,True,9.822024994296946,1.0
70,Q-Learning,V8,"(20, 26)",12.958466220780018,True,13.060632371551996,1.0
70,Q-Learning,V9,"(65, 31)",9.974969781842375,True,14.375,1.0
70,Q-Learning,V10,"(55, 26)",16.18758194047767,True,10.476286192385707,1.0
71,Greedy,V1,"(51, 42)",15.003502726899526,False,0.0,16.0
71,Greedy,V2,"(34, 65)",9.737615257527828,False,0.0,3.0
71,Greedy,V3,"(77, 53)",8.634273485954786,True,2.0101983035551285,1.0
71,Greedy,V4,"(29, 57)",25.229136459783724,True,0.07772782462361505,1.0
71,Greedy,V5,"(65, 51)",1.3093649138151733,False,0.0,14.0
71,Greedy,V6,"(88, 10)",5.781614934935767,True,12.801449199268895,1.0
71,Greedy,V7,"(99, 1)",2.5032941391967967,True,18.75598251955148,1.0
71,Greedy,V8,"(28, 89)",13.00518790872341,True,12.29848450049413,1.0
71,Greedy,V9,"(15, 80)",7.753568212604975,True,15.475296829123614,1.0
71,Greedy,V10,"(20, 59)",10.241151505815502,True,15.399999999999999,1.0
71,Auction,V1,"(62, 62)",5.8297421958881515,False,0.0,7.0
71,Auction,V2,"(66, 60)",16.676846011937688,False,0.0,10.0
71,Auction,V3,"(76, 35)",14.987743371824628,False,0.0,5.0
71,Auction,V4,"(60, 12)",24.382262534167737,True,1.1237241067597878,1.0
71,Auction,V5,"(70, 34)",2.498608810971966,True,8.885618083164125,24.0
71,Auction,V6,"(64, 51)",7.484523328914481,True,11.063595560468865,1.0
71,Auction,V7,"(53, 55)",19.8056530317205,True,2.384796394561068,1.0
71,Auction,V8,"(56, 71)",2.7865730847816153,True,21.854400374531753,1.0
71,Auction,V9,"(28, 44)",4.542897804145621,True,19.462214450449025,1.0
71,Auction,V10,"(19, 21)",19.454795929425927,True,6.209072203437451,1.0
71,Q-Learning,V1,"(95, 87)",13.317026145709619,False,0.0,14.0
71,Q-Learning,V2,"(19, 11)",0.9282241823812427,True,7.236822843698022,1.0
71,Q-Learning,V3,"(53, 55)",8.261205045829914,True,2.989769753883447,1.0
71,Q-Learning,V4,"(60, 97)",10.845105256026145,True,14.31943828249997,1.0
71,Q-Learning,V5,"(92, 32)",16.994950653853884,False,0.0,29.0
71,Q-Learning,V6,"(28, 44)",0.26669580505462775,True,18.767292357659823,1.0
71,Q-Learning,V7,"(48, 74)",13.368424431984621,True,8.822024994296946,1.0
71,Q-Learning,V8,"(20, 26)",12.958466220780018,True,12.060632371551996,1.0
71,Q-Learning,V9,"(65, 31)",9.974969781842375,True,13.375,1.0
71,Q-Learning,V10,"(55, 26)",16.18758194047767,True,9.476286192385707,1.0
72,Greedy,V1,"(51, 42)",15.003502726899526,False,0.0,17.0
72,Greedy,V2,"(34, 65)",9.737615257527828,False,0.0,4.0
72,Greedy,V3,"(77, 53)",8.634273485954786,True,1.0101983035551285,1.0
72,Greedy,V4,"(29, 57)",3.891553119135324,True,21.3375833406484,1.0
72,Greedy,V5,"(65, 51)",1.3093649138151733,False,0.0,15.0
72,Greedy,V6,"(88, 10)",5.781614934935767,True,11.801449199268895,1.0
72,Greedy,V7,"(99, 1)",2.5032941391967967,True,17.75598251955148,1.0
72,Greedy,V8,"(28, 89)",13.00518790872341,True,11.29848450049413,1.0
72,Greedy,V9,"(15, 80)",7.753568212604975,True,14.475296829123614,1.0
72,Greedy,V10,"(20, 59)",10.241151505815502,True,14.399999999999999,1.0
72,Auction,V1,"(62, 62)",5.8297421958881515,False,0.0,8.0
72,Auction,V2,"(66, 60)",16.676846011937688,False,0.0,11.0
72,Auction,V3,"(76, 35)",14.987743371824628,False,0.0,6.0
72,Auction,V4,"(60, 12)",24.382262534167737,True,0.12372410675978784,1.0
72,Auction,V5,"(70, 34)",2.498608810971966,True,7.885618083164125,24.0
72,Auction,V6,"(64, 51)",7.484523328914481,True,10.063595560468865,1.0
72,Auction,V7,"(53, 55)",19.8056530317205,True,1.384796394561068,1.0
72,Auction,V8,"(56, 71)",2.7865730847816153,True,20.854400374531753,1.0
72,Auction,V9,"(28, 44)",4.542897804145621,True,18.462214450449025,1.0
72,Auction,V10,"(19, 21)",19.454795929425927,True,5.209072203437451,1.0
72,Q-Learning,V1,"(95, 87)",13.317026145709619,False,0.0,15.0
72,Q-Learning,V2,"(19, 11)",0.9282241823812427,True,6.236822843698022,1.0
72,Q-Learning,V3,"(53, 55)",8.261205045829914,True,1.9897697538834471,1.0
72,Q-Learning,V4,"(60, 97)",10.845105256026145,True,13.31943828249997,1.0
72,Q-Learning,V5,"(92, 32)",16.994950653853884,False,0.0,30.0
72,Q-Learning,V6,"(28, 44)",0.26669580505462775,True,17.767292357659823,1.0
72,Q-Learning,V7,"(48, 74)",13.368424431984621,True,7.822024994296946,1.0
72,Q-Learning,V8,"(20, 26)",12.958466220780018,True,11.060632371551996,1.0
72,Q-Learning,V9,"(65, 31)",9.974969781842375,True,12.375,1.0
72,Q-Learning,V10,"(55, 26)",16.18758194047767,True,8.476286192385707,1.0
73,Greedy,V1,"(51, 42)",15.003502726899526,False,0.0,18.0
73,Greedy,V2,"(34, 65)",9.737615257527828,False,0.0,5.0
73,Greedy,V3,"(77, 53)",8.634273485954786,True,0.010198303555128518,1.0
73,Greedy,V4,"(29, 57)",3.891553119135324,True,20.3375833406484,1.0
73,Greedy,V5,"(65, 51)",1.3093649138151733,False,0.0,16.0
73,Greedy,V6,"(88, 10)",5.781614934935767,True,10.801449199268895,1.0
73,Greedy,V7,"(99, 1)",2.5032941391967967,True,16.75598251955148,1.0
73,Greedy,V8,"(28, 89)",13.00518790872341,True,10.29848450049413,1.0
73,Greedy,V9,"(15, 80)",7.753568212604975,True,13.475296829123614,1.0
73,Greedy,V10,"(20, 59)",10.241151505815502,True,13.399999999999999,1.0
73,Auction,V1,"(62, 62)",5.8297421958881515,False,0.0,9.0
73,Auction,V2,"(66, 60)",16.676846011937688,False,0.0,12.0
73,Auction,V3,"(76, 35)",14.987743371824628,False,0.0,7.0
73,Auction,V4,"(78, 3)",5.507317991668007,True,18.87494454249973,1.0
73,Auction,V5,"(70, 34)",2.498608810971966,True,6.885618083164125,24.0
73,Auction,V6,"(64, 51)",7.484523328914481,True,9.063595560468865,1.0
73,Auction,V7,"(53, 55)",19.8056530317205,True,0.38479639456106796,1.0
73,Auction,V8,"(56, 71)",2.7865730847816153,True,19.854400374531753,1.0
73,Auction,V9,"(28, 44)",4.542897804145621,True,17.462214450449025,1.0
73,Auction,V10,"(19, 21)",19.454795929425927,True,4.209072203437451,1.0
73,Q-Learning,V1,"(95, 87)",13.317026145709619,False,0.0,16.0
73,Q-Learning,V2,"(19, 11)",0.9282241823812427,True,5.236822843698022,1.0
73,Q-Learning,V3,"(53, 55)",8.261205045829914,True,0.9897697538834471,1.0
73,Q-Learning,V4,"(60, 97)",10.845105256026145,True,12.31943828249997,1.0
73,Q-Learning,V5,"(92, 32)",16.994950653853884,False,0.0,31.0
73,Q-Learning,V6,"(28, 44)",0.26669580505462775,True,16.767292357659823,1.0
73,Q-Learning,V7,"(48, 74)",13.368424431984621,True,6.822024994296946,1.0
73,Q-Learning,V8,"(20, 26)",12.958466220780018,True,10.060632371551996,1.0
73,Q-Learning,V9,"(65, 31)",9.974969781842375,True,11.375,1.0
73,Q-Learning,V10,"(55, 26)",16.18758194047767,True,7.476286192385707,1.0
74,Greedy,V1,"(51, 42)",15.003502726899526,False,0.0,19.0
74,Greedy,V2,"(34, 65)",9.737615257527828,False,0.0,6.0
74,Greedy,V3,"(77, 53)",8.634273485954786,False,0.0,1.0
74,Greedy,V4,"(29, 57)",3.891553119135324,True,19.3375833406484,1.0
74,Greedy,V5,"(65, 51)",1.3093649138151733,False,0.0,17.0
74,Greedy,V6,"(88, 10)",5.781614934935767,True,9.801449199268895,1.0
74,Greedy,V7,"(99, 1)",2.5032941391967967,True,15.75598251955148,1.0
74,Greedy,V8,"(28, 89)",13.00518790872341,True,9.29848450049413,1.0
74,Greedy,V9,"(15, 80)",7.753568212604975,True,12.475296829123614,1.0
74,Greedy,V10,"(20, 59)",10.241151505815502,True,12.399999999999999,1.0
74,Auction,V1,"(62, 62)",5.8297421958881515,False,0.0,10.0
74,Auction,V2,"(66, 60)",16.676846011937688,False,0.0,13.0
74,Auction,V3,"(76, 35)",14.987743371824628,False,0.0,8.0
74,Auction,V4,"(78, 3)",5.507317991668007,True,17.87494454249973,1.0
74,Auction,V5,"(70, 34)",2.498608810971966,True,5.885618083164125,24.0
74,Auction,V6,"(64, 51)",7.484523328914481,True,8.063595560468865,1.0
74,Auction,V7,"(95, 87)",1.2054636404984578,True,18.60018939122204,1.0
74,Auction,V8,"(56, 71)",2.7865730847816153,True,18.854400374531753,1.0
74,Auction,V9,"(28, 44)",4.542897804145621,True,16.462214450449025,1.0
74,Auction,V10,"(19, 21)",19.454795929425927,True,3.209072203437451,1.0
74,Q-Learning,V1,"(95, 87)",13.317026145709619,False,0.0,17.0
74,Q-Learning,V2,"(19, 11)",0.9282241823812427,True,4.236822843698022,1.0
74,Q-Learning,V3,"(53, 55)",8.261205045829914,False,0.0,1.0
74,Q-Learning,V4,"(60, 97)",10.845105256026145,True,11.31943828249997,1.0
74,Q-Learning,V5,"(92, 32)",16.994950653853884,False,0.0,32.0
74,Q-Learning,V6,"(28, 44)",0.26669580505462775,True,15.767292357659823,1.0
74,Q-Learning,V7,"(48, 74)",13.368424431984621,True,5.822024994296946,1.0
74,Q-Learning,V8,"(20, 26)",12.958466220780018,True,9.060632371551996,1.0
74,Q-Learning,V9,"(65, 31)",9.974969781842375,True,10.375,1.0
74,Q-Learning,V10,"(55, 26)",16.18758194047767,True,6.476286192385707,1.0
75,Greedy,V1,"(51, 42)",15.003502726899526,False,0.0,20.0
75,Greedy,V2,"(34, 65)",9.737615257527828,False,0.0,7.0
75,Greedy,V3,"(77, 53)",8.634273485954786,False,0.0,2.0
75,Greedy,V4,"(29, 57)",3.891553119135324,True,18.3375833406484,1.0
75,Greedy,V5,"(65, 51)",1.3093649138151733,False,0.0,18.0
75,Greedy,V6,"(88, 10)",5.781614934935767,True,8.801449199268895,1.0
75,Greedy,V7,"(99, 1)",2.5032941391967967,True,14.75598251955148,1.0
75,Greedy,V8,"(28, 89)",13.00518790872341,True,8.29848450049413,1.0
75,Greedy,V9,"(15, 80)",7.753568212604975,True,11.475296829123614,1.0
75,Greedy,V10,"(20, 59)",10.241151505815502,True,11.399999999999999,1.0
75,Auction,V1,"(62, 62)",5.8297421958881515,False,0.0,11.0
75,Auction,V2,"(66, 60)",16.676846011937688,False,0.0,14.0
75,Auction,V3,"(76, 35)",14.987743371824628,False,0.0,9.0
75,Auction,V4,"(78, 3)",5.507317991668007,True,16.87494454249973,1.0
75,Auction,V5,"(70, 34)",2.498608810971966,True,4.885618083164125,24.0
75,Auction,V6,"(64, 51)",7.484523328914481,True,7.063595560468865,1.0
75,Auction,V7,"(95, 87)",1.2054636404984578,True,17.60018939122204,1.0
75,Auction,V8,"(56, 71)",2.7865730847816153,True,17.854400374531753,1.0
75,Auction,V9,"(28, 44)",4.542897804145621,True,15.462214450449025,1.0
75,Auction,V10,"(19, 21)",19.454795929425927,True,2.209072203437451,1.0
75,Q-Learning,V1,"(95, 87)",13.317026145709619,False,0.0,18.0
75,Q-Learning,V2,"(19, 11)",0.9282241823812427,True,3.2368228436980218,1.0
75,Q-Learning,V3,"(53, 55)",8.261205045829914,False,0.0,2.0
75,Q-Learning,V4,"(60, 97)",10.845105256026145,True,10.31943828249997,1.0
75,Q-Learning,V5,"(92, 32)",16.994950653853884,False,0.0,33.0
75,Q-Learning,V6,"(28, 44)",0.26669580505462775,True,14.767292357659823,1.0
75,Q-Learning,V7,"(48, 74)",13.368424431984621,True,4.822024994296946,1.0
75,Q-Learning,V8,"(20, 26)",12.958466220780018,True,8.060632371551996,1.0
75,Q-Learning,V9,"(65, 31)",9.974969781842375,True,9.375,1.0
75,Q-Learning,V10,"(55, 26)",16.18758194047767,True,5.476286192385707,1.0
76,Greedy,V1,"(51, 42)",1.3556191830278266,True,13.6478835438717,21.0
76,Greedy,V2,"(34, 65)",9.737615257527828,False,0.0,8.0
76,Greedy,V3,"(77, 53)",8.634273485954786,False,0.0,3.0
76,Greedy,V4,"(29, 57)",3.891553119135324,True,17.3375833406484,1.0
76,Greedy,V5,"(65, 51)",1.3093649138151733,False,0.0,19.0
76,Greedy,V6,"(88, 10)",5.781614934935767,True,7.801449199268895,1.0
76,Greedy,V7,"(99, 1)",2.5032941391967967,True,13.75598251955148,1.0
76,Greedy,V8,"(28, 89)",13.00518790872341,True,7.29848450049413,1.0
76,Greedy,V9,"(15, 80)",7.753568212604975,True,10.475296829123614,1.0
76,Greedy,V10,"(20, 59)",10.241151505815502,True,10.399999999999999,1.0
76,Auction,V1,"(62, 62)",5.8297421958881515,False,0.0,12.0
76,Auction,V2,"(66, 60)",16.676846011937688,False,0.0,15.0
76,Auction,V3,"(76, 35)",14.987743371824628,False,0.0,10.0
76,Auction,V4,"(78, 3)",5.507317991668007,True,15.87494454249973,1.0
76,Auction,V5,"(70, 34)",2.498608810971966,True,3.8856180831641254,24.0
76,Auction,V6,"(64, 51)",7.484523328914481,True,6.063595560468865,1.0
76,Auction,V7,"(95, 87)",1.2054636404984578,True,16.60018939122204,1.0
76,Auction,V8,"(56, 71)",2.7865730847816153,True,16.854400374531753,1.0
76,Auction,V9,"(28, 44)",4.542897804145621,True,14.462214450449025,1.0
76,Auction,V10,"(19, 21)",19.454795929425927,True,1.2090722034374508,1.0
76,Q-Learning,V1,"(95, 87)",13.317026145709619,False,0.0,19.0
76,Q-Learning,V2,"(19, 11)",0.9282241823812427,True,2.2368228436980218,1.0
76,Q-Learning,V3,"(53, 55)",8.261205045829914,False,0.0,3.0
76,Q-Learning,V4,"(60, 97)",10.845105256026145,True,9.31943828249997,1.0
76,Q-Learning,V5,"(92, 32)",16.994950653853884,False,0.0,34.0
76,Q-Learning,V6,"(28, 44)",0.26669580505462775,True,13.767292357659823,1.0
76,Q-Learning,V7,"(48, 74)",13.368424431984621,True,3.822024994296946,1.0
76,Q-Learning,V8,"(20, 26)",12.958466220780018,True,7.060632371551996,1.0
76,Q-Learning,V9,"(65, 31)",9.974969781842375,True,8.375,1.0
76,Q-Learning,V10,"(55, 26)",16.18758194047767,True,4.476286192385707,1.0
77,Greedy,V1,"(51, 42)",1.3556191830278266,True,12.6478835438717,21.0
77,Greedy,V2,"(34, 65)",9.737615257527828,False,0.0,9.0
77,Greedy,V3,"(77, 53)",8.634273485954786,False,0.0,4.0
77,Greedy,V4,"(29, 57)",3.891553119135324,True,16.3375833406484,1.0
77,Greedy,V5,"(65, 51)",1.3093649138151733,False,0.0,20.0
77,Greedy,V6,"(88, 10)",5.781614934935767,True,6.801449199268895,1.0
77,Greedy,V7,"(99, 1)",2.5032941391967967,True,12.75598251955148,1.0
77,Greedy,V8,"(28, 89)",13.00518790872341,True,6.29848450049413,1.0
77,Greedy,V9,"(15, 80)",7.753568212604975,True,9.475296829123614,1.0
77,Greedy,V10,"(20, 59)",10.241151505815502,True,9.399999999999999,1.0
77,Auction,V1,"(62, 62)",5.8297421958881515,False,0.0,13.0
77,Auction,V2,"(66, 60)",16.676846011937688,False,0.0,16.0
77,Auction,V3,"(76, 35)",14.987743371824628,False,0.0,11.0
77,Auction,V4,"(78, 3)",5.507317991668007,True,14.87494454249973,1.0
77,Auction,V5,"(70, 34)",2.498608810971966,True,2.8856180831641254,24.0
77,Auction,V6,"(64, 51)",7.484523328914481,True,5.063595560468865,1.0
77,Auction,V7,"(95, 87)",1.2054636404984578,True,15.600189391222042,1.0
77,Auction,V8,"(56, 71)",2.7865730847816153,True,15.854400374531753,1.0
77,Auction,V9,"(28, 44)",4.542897804145621,True,13.462214450449025,1.0
77,Auction,V10,"(19, 21)",19.454795929425927,True,0.2090722034374508,1.0
77,Q-Learning,V1,"(95, 87)",13.317026145709619,False,0.0,20.0
77,Q-Learning,V2,"(19, 11)",0.9282241823812427,True,1.2368228436980218,1.0
77,Q-Learning,V3,"(53, 55)",8.261205045829914,False,0.0,4.0
77,Q-Learning,V4,"(60, 97)",10.845105256026145,True,8.31943828249997,1.0
77,Q-Learning,V5,"(92, 32)",16.994950653853884,False,0.0,35.0
77,Q-Learning,V6,"(28, 44)",0.26669580505462775,True,12.767292357659823,1.0
77,Q-Learning,V7,"(48, 74)",13.368424431984621,True,2.822024994296946,1.0
77,Q-Learning,V8,"(20, 26)",12.958466220780018,True,6.060632371551996,1.0
77,Q-Learning,V9,"(65, 31)",9.974969781842375,True,7.375,1.0
77,Q-Learning,V10,"(55, 26)",16.18758194047767,True,3.4762861923857074,1.0
78,Greedy,V1,"(51, 42)",1.3556191830278266,True,11.6478835438717,21.0
78,Greedy,V2,"(34, 65)",9.737615257527828,False,0.0,10.0
78,Greedy,V3,"(77, 53)",8.634273485954786,False,0.0,5.0
78,Greedy,V4,"(29, 57)",3.891553119135324,True,15.3375833406484,1.0
78,Greedy,V5,"(65, 51)",1.3093649138151733,False,0.0,21.0
78,Greedy,V6,"(88, 10)",5.781614934935767,True,5.801449199268895,1.0
78,Greedy,V7,"(99, 1)",2.5032941391967967,True,11.75598251955148,1.0
78,Greedy,V8,"(28, 89)",13.00518790872341,True,5.29848450049413,1.0
78,Greedy,V9,"(15, 80)",7.753568212604975,True,8.475296829123614,1.0
78,Greedy,V10,"(20, 59)",10.241151505815502,True,8.399999999999999,1.0
78,Auction,V1,"(62, 62)",5.8297421958881515,False,0.0,14.0
78,Auction,V2,"(66, 60)",16.676846011937688,False,0.0,17.0
78,Auction,V3,"(76, 35)",14.987743371824628,False,0.0,12.0
78,Auction,V4,"(78, 3)",5.507317991668007,True,13.87494454249973,1.0
78,Auction,V5,"(70, 34)",2.498608810971966,True,1.8856180831641254,24.0
78,Auction,V6,"(64, 51)",7.484523328914481,True,4.063595560468865,1.0
78,Auction,V7,"(95, 87)",1.2054636404984578,True,14.600189391222042,1.0
78,Auction,V8,"(56, 71)",2.7865730847816153,True,14.854400374531753,1.0
78,Auction,V9,"(28, 44)",4.542897804145621,True,12.462214450449025,1.0
78,Auction,V10,"(16, 44)",1.8158305275286466,True,17.63896540189728,1.0
78,Q-Learning,V1,"(95, 87)",13.317026145709619,False,0.0,21.0
78,Q-Learning,V2,"(19, 11)",0.9282241823812427,True,0.23682284369802176,1.0
78,Q-Learning,V3,"(53, 55)",8.261205045829914,False,0.0,5.0
78,Q-Learning,V4,"(60, 97)",10.845105256026145,True,7.31943828249997,1.0
78,Q-Learning,V5,"(92, 32)",16.994950653853884,False,0.0,36.0
78,Q-Learning,V6,"(28, 44)",0.26669580505462775,True,11.767292357659823,1.0
78,Q-Learning,V7,"(48, 74)",13.368424431984621,True,1.822024994296946,1.0
78,Q-Learning,V8,"(20, 26)",12.958466220780018,True,5.060632371551996,1.0
78,Q-Learning,V9,"(65, 31)",9.974969781842375,True,6.375,1.0
78,Q-Learning,V10,"(55, 26)",16.18758194047767,True,2.4762861923857074,1.0
79,Greedy,V1,"(51, 42)",1.3556191830278266,True,10.6478835438717,21.0
79,Greedy,V2,"(34, 65)",9.737615257527828,False,0.0,11.0
79,Greedy,V3,"(77, 53)",8.634273485954786,False,0.0,6.0
79,Greedy,V4,"(29, 57)",3.891553119135324,True,14.3375833406484,1.0
79,Greedy,V5,"(65, 51)",1.3093649138151733,False,0.0,22.0
79,Greedy,V6,"(88, 10)",5.781614934935767,True,4.801449199268895,1.0
79,Greedy,V7,"(99, 1)",2.5032941391967967,True,10.75598251955148,1.0
79,Greedy,V8,"(28, 89)",13.00518790872341,True,4.29848450049413,1.0
79,Greedy,V9,"(15, 80)",7.753568212604975,True,7.475296829123614,1.0
79,Greedy,V10,"(20, 59)",10.241151505815502,True,7.399999999999999,1.0
79,Auction,V1,"(62, 62)",5.8297421958881515,False,0.0,15.0
79,Auction,V2,"(66, 60)",16.676846011937688,False,0.0,18.0
79,Auction,V3,"(76, 35)",14.987743371824628,False,0.0,13.0
79,Auction,V4,"(78, 3)",5.507317991668007,True,12.87494454249973,1.0
79,Auction,V5,"(70, 34)",2.498608810971966,True,0.8856180831641254,24.0
79,Auction,V6,"(64, 51)",7.484523328914481,True,3.0635955604688654,1.0
79,Auction,V7,"(95, 87)",1.2054636404984578,True,13.600189391222042,1.0
79,Auction,V8,"(56, 71)",2.7865730847816153,True,13.854400374531753,1.0
79,Auction,V9,"(28, 44)",4.542897804145621,True,11.462214450449025,1.0
79,Auction,V10,"(16, 44)",1.8158305275286466,True,16.63896540189728,1.0
79,Q-Learning,V1,"(95, 87)",13.317026145709619,False,0.0,22.0
79,Q-Learning,V2,"(19, 11)",0.9282241823812427,False,0.0,1.0
79,Q-Learning,V3,"(53, 55)",8.261205045829914,False,0.0,6.0
79,Q-Learning,V4,"(60, 97)",10.845105256026145,True,6.31943828249997,1.0
79,Q-Learning,V5,"(92, 32)",16.994950653853884,False,0.0,37.0
79,Q-Learning,V6,"(28, 44)",0.26669580505462775,True,10.767292357659823,1.0
79,Q-Learning,V7,"(48, 74)",13.368424431984621,True,0.822024994296946,1.0
79,Q-Learning,V8,"(20, 26)",12.958466220780018,True,4.060632371551996,1.0
79,Q-Learning,V9,"(65, 31)",9.974969781842375,True,5.375,1.0
79,Q-Learning,V10,"(55, 26)",16.18758194047767,True,1.4762861923857074,1.0
80,Greedy,V1,"(51, 42)",1.3556191830278266,True,9.6478835438717,21.0
80,Greedy,V2,"(34, 65)",9.737615257527828,False,0.0,12.0
80,Greedy,V3,"(77, 53)",8.634273485954786,False,0.0,7.0
80,Greedy,V4,"(29, 57)",3.891553119135324,True,13.3375833406484,1.0
80,Greedy,V5,"(65, 51)",1.3093649138151733,False,0.0,23.0
80,Greedy,V6,"(88, 10)",5.781614934935767,True,3.8014491992688946,1.0
80,Greedy,V7,"(99, 1)",2.5032941391967967,True,9.75598251955148,1.0
80,Greedy,V8,"(28, 89)",13.00518790872341,True,3.29848450049413,1.0
80,Greedy,V9,"(15, 80)",7.753568212604975,True,6.475296829123614,1.0
80,Greedy,V10,"(20, 59)",10.241151505815502,True,6.399999999999999,1.0
80,Auction,V1,"(62, 62)",5.8297421958881515,False,0.0,16.0
80,Auction,V2,"(66, 60)",16.676846011937688,False,0.0,19.0
80,Auction,V3,"(76, 35)",14.987743371824628,False,0.0,14.0
80,Auction,V4,"(78, 3)",5.507317991668007,True,11.87494454249973,1.0
80,Auction,V5,"(70, 34)",2.498608810971966,False,0.0,24.0
80,Auction,V6,"(64, 51)",7.484523328914481,True,2.0635955604688654,1.0
80,Auction,V7,"(95, 87)",1.2054636404984578,True,12.600189391222042,1.0
80,Auction,V8,"(56, 71)",2.7865730847816153,True,12.854400374531753,1.0
80,Auction,V9,"(28, 44)",4.542897804145621,True,10.462214450449025,1.0
80,Auction,V10,"(16, 44)",1.8158305275286466,True,15.63896540189728,1.0
80,Q-Learning,V1,"(95, 87)",13.317026145709619,False,0.0,23.0
80,Q-Learning,V2,"(19, 11)",0.9282241823812427,False,0.0,2.0
80,Q-Learning,V3,"(53, 55)",8.261205045829914,False,0.0,7.0
80,Q-Learning,V4,"(60, 97)",10.845105256026145,True,5.31943828249997,1.0
80,Q-Learning,V5,"(92, 32)",16.994950653853884,False,0.0,38.0
80,Q-Learning,V6,"(28, 44)",0.26669580505462775,True,9.767292357659823,1.0
80,Q-Learning,V7,"(48, 74)",13.368424431984621,False,0.0,1.0
80,Q-Learning,V8,"(20, 26)",12.958466220780018,True,3.0606323715519963,1.0
80,Q-Learning,V9,"(65, 31)",9.974969781842375,True,4.375,1.0
80,Q-Learning,V10,"(55, 26)",16.18758194047767,True,0.47628619238570735,1.0
81,Greedy,V1,"(51, 42)",1.3556191830278266,True,8.6478835438717,21.0
81,Greedy,V2,"(34, 65)",9.737615257527828,False,0.0,13.0
81,Greedy,V3,"(77, 53)",8.634273485954786,False,0.0,8.0
81,Greedy,V4,"(29, 57)",3.891553119135324,True,12.3375833406484,1.0
81,Greedy,V5,"(65, 51)",1.3093649138151733,False,0.0,24.0
81,Greedy,V6,"(88, 10)",5.781614934935767,True,2.8014491992688946,1.0
81,Greedy,V7,"(99, 1)",2.5032941391967967,True,8.75598251955148,1.0
81,Greedy,V8,"(28, 89)",13.00518790872341,True,2.29848450049413,1.0
81,Greedy,V9,"(15, 80)",7.753568212604975,True,5.475296829123614,1.0
81,Greedy,V10,"(20, 59)",10.241151505815502,True,5.399999999999999,1.0
81,Auction,V1,"(62, 62)",5.8297421958881515,False,0.0,17.0
81,Auction,V2,"(66, 60)",16.676846011937688,False,0.0,20.0
81,Auction,V3,"(76, 35)",14.987743371824628,False,0.0,15.0
81,Auction,V4,"(78, 3)",5.507317991668007,True,10.87494454249973,1.0
81,Auction,V5,"(70, 34)",2.498608810971966,False,0.0,25.0
81,Auction,V6,"(64, 51)",7.484523328914481,True,1.0635955604688654,1.0
81,Auction,V7,"(95, 87)",1.2054636404984578,True,11.600189391222042,1.0
81,Auction,V8,"(56, 71)",2.7865730847816153,True,11.854400374531753,1.0
81,Auction,V9,"(28, 44)",4.542897804145621,True,9.462214450449025,1.0
81,Auction,V10,"(16, 44)",1.8158305275286466,True,14.63896540189728,1.0
81,Q-Learning,V1,"(95, 87)",13.317026145709619,False,0.0,24.0
81,Q-Learning,V2,"(19, 11)",0.9282241823812427,False,0.0,3.0
81,Q-Learning,V3,"(53, 55)",8.261205045829914,False,0.0,8.0
81,Q-Learning,V4,"(60, 97)",10.845105256026145,True,4.31943828249997,1.0
81,Q-Learning,V5,"(92, 32)",16.994950653853884,False,0.0,39.0
81,Q-Learning,V6,"(28, 44)",0.26669580505462775,True,8.767292357659823,1.0
81,Q-Learning,V7,"(48, 74)",13.368424431984621,False,0.0,2.0
81,Q-Learning,V8,"(20, 26)",12.958466220780018,True,2.0606323715519963,1.0
81,Q-Learning,V9,"(65, 31)",9.974969781842375,True,3.375,1.0
81,Q-Learning,V10,"(48, 37)",0.579900978396612,True,15.607680962081059,1.0
82,Greedy,V1,"(51, 42)",1.3556191830278266,True,7.6478835438717,21.0
82,Greedy,V2,"(34, 65)",9.737615257527828,False,0.0,14.0
82,Greedy,V3,"(77, 53)",8.634273485954786,False,0.0,9.0
82,Greedy,V4,"(29, 57)",3.891553119135324,True,11.3375833406484,1.0
82,Greedy,V5,"(65, 51)",1.3093649138151733,False,0.0,25.0
82,Greedy,V6,"(88, 10)",5.781614934935767,True,1.8014491992688946,1.0
82,Greedy,V7,"(99, 1)",2.5032941391967967,True,7.75598251955148,1.0
82,Greedy,V8,"(28, 89)",13.00518790872341,True,1.29848450049413,1.0
82,Greedy,V9,"(15, 80)",7.753568212604975,True,4.475296829123614,1.0
82,Greedy,V10,"(20, 59)",10.241151505815502,True,4.399999999999999,1.0
82,Auction,V1,"(62, 62)",5.8297421958881515,False,0.0,18.0
82,Auction,V2,"(66, 60)",16.676846011937688,False,0.0,21.0
82,Auction,V3,"(76, 35)",14.987743371824628,False,0.0,16.0
82,Auction,V4,"(78, 3)",5.507317991668007,True,9.87494454249973,1.0
82,Auction,V5,"(70, 34)",2.498608810971966,False,0.0,26.0
82,Auction,V6,"(64, 51)",7.484523328914481,True,0.06359556046886539,1.0
82,Auction,V7,"(95, 87)",1.2054636404984578,True,10.600189391222042,1.0
82,Auction,V8,"(56, 71)",2.7865730847816153,True,10.854400374531753,1.0
82,Auction,V9,"(28, 44)",4.542897804145621,True,8.462214450449025,1.0
82,Auction,V10,"(16, 44)",1.8158305275286466,True,13.63896540189728,1.0
82,Q-Learning,V1,"(95, 87)",13.317026145709619,False,0.0,25.0
82,Q-Learning,V2,"(19, 11)",0.9282241823812427,False,0.0,4.0
82,Q-Learning,V3,"(53, 55)",8.261205045829914,False,0.0,9.0
82,Q-Learning,V4,"(60, 97)",10.845105256026145,True,3.31943828249997,1.0
82,Q-Learning,V5,"(92, 32)",16.994950653853884,False,0.0,40.0
82,Q-Learning,V6,"(28, 44)",0.26669580505462775,True,7.767292357659823,1.0
82,Q-Learning,V7,"(48, 74)",13.368424431984621,False,0.0,3.0
82,Q-Learning,V8,"(20, 26)",12.958466220780018,True,1.0606323715519963,1.0
82,Q-Learning,V9,"(65, 31)",9.974969781842375,True,2.375,1.0
82,Q-Learning,V10,"(48, 37)",0.579900978396612,True,14.607680962081059,1.0
83,Greedy,V1,"(51, 42)",1.3556191830278266,True,6.6478835438717,21.0
83,Greedy,V2,"(34, 65)",9.737615257527828,False,0.0,15.0
83,Greedy,V3,"(77, 53)",8.634273485954786,False,0.0,10.0
83,Greedy,V4,"(29, 57)",3.891553119135324,True,10.3375833406484,1.0
83,Greedy,V5,"(65, 51)",1.3093649138151733,False,0.0,26.0
83,Greedy,V6,"(88, 10)",5.781614934935767,True,0.8014491992688946,1.0
83,Greedy,V7,"(99, 1)",2.5032941391967967,True,6.75598251955148,1.0
83,Greedy,V8,"(28, 89)",13.00518790872341,True,0.2984845004941299,1.0
83,Greedy,V9,"(15, 80)",7.753568212604975,True,3.4752968291236144,1.0
83,Greedy,V10,"(20, 59)",10.241151505815502,True,3.3999999999999986,1.0
83,Auction,V1,"(62, 62)",5.8297421958881515,False,0.0,19.0
83,Auction,V2,"(66, 60)",16.676846011937688,False,0.0,22.0
83,Auction,V3,"(76, 35)",14.987743371824628,False,0.0,17.0
83,Auction,V4,"(78, 3)",5.507317991668007,True,8.87494454249973,1.0
83,Auction,V5,"(70, 34)",2.498608810971966,False,0.0,27.0
83,Auction,V6,"(64, 51)",7.484523328914481,False,0.0,1.0
83,Auction,V7,"(95, 87)",1.2054636404984578,True,9.600189391222042,1.0
83,Auction,V8,"(56, 71)",2.7865730847816153,True,9.854400374531753,1.0
83,Auction,V9,"(28, 44)",4.542897804145621,True,7.462214450449025,1.0
83,Auction,V10,"(16, 44)",1.8158305275286466,True,12.63896540189728,1.0
83,Q-Learning,V1,"(95, 87)",13.317026145709619,False,0.0,26.0
83,Q-Learning,V2,"(19, 11)",0.9282241823812427,False,0.0,5.0
83,Q-Learning,V3,"(53, 55)",8.261205045829914,False,0.0,10.0
83,Q-Learning,V4,"(60, 97)",10.845105256026145,True,2.31943828249997,1.0
83,Q-Learning,V5,"(92, 32)",16.994950653853884,False,0.0,41.0
83,Q-Learning,V6,"(28, 44)",0.26669580505462775,True,6.767292357659823,1.0
83,Q-Learning,V7,"(48, 74)",13.368424431984621,False,0.0,4.0
83,Q-Learning,V8,"(20, 26)",12.958466220780018,True,0.0606323715519963,1.0
83,Q-Learning,V9,"(65, 31)",9.974969781842375,True,1.375,1.0
83,Q-Learning,V10,"(48, 37)",0.579900978396612,True,13.607680962081059,1.0
84,Greedy,V1,"(51, 42)",1.3556191830278266,True,5.6478835438717,21.0
84,Greedy,V2,"(34, 65)",9.737615257527828,False,0.0,16.0
84,Greedy,V3,"(77, 53)",8.634273485954786,False,0.0,11.0
84,Greedy,V4,"(29, 57)",3.891553119135324,True,9.3375833406484,1.0
84,Greedy,V5,"(65, 51)",1.3093649138151733,False,0.0,27.0
84,Greedy,V6,"(88, 10)",5.781614934935767,False,0.0,1.0
84,Greedy,V7,"(99, 1)",2.5032941391967967,True,5.75598251955148,1.0
84,Greedy,V8,"(28, 89)",13.00518790872341,False,0.0,1.0
84,Greedy,V9,"(15, 80)",7.753568212604975,True,2.4752968291236144,1.0
84,Greedy,V10,"(20, 59)",10.241151505815502,True,2.3999999999999986,1.0
84,Auction,V1,"(62, 62)",5.8297421958881515,False,0.0,20.0
84,Auction,V2,"(66, 60)",16.676846011937688,False,0.0,23.0
84,Auction,V3,"(76, 35)",14.987743371824628,False,0.0,18.0
84,Auction,V4,"(78, 3)",5.507317991668007,True,7.87494454249973,1.0
84,Auction,V5,"(70, 34)",2.498608810971966,False,0.0,28.0
84,Auction,V6,"(64, 51)",7.484523328914481,False,0.0,2.0
84,Auction,V7,"(95, 87)",1.2054636404984578,True,8.600189391222042,1.0
84,Auction,V8,"(56, 71)",2.7865730847816153,True,8.854400374531753,1.0
84,Auction,V9,"(28, 44)",4.542897804145621,True,6.462214450449025,1.0
84,Auction,V10,"(16, 44)",1.8158305275286466,True,11.63896540189728,1.0
84,Q-Learning,V1,"(95, 87)",13.317026145709619,False,0.0,27.0
84,Q-Learning,V2,"(19, 11)",0.9282241823812427,False,0.0,6.0
84,Q-Learning,V3,"(53, 55)",8.261205045829914,False,0.0,11.0
84,Q-Learning,V4,"(60, 97)",10.845105256026145,True,1.31943828249997,1.0
84,Q-Learning,V5,"(92, 32)",16.994950653853884,False,0.0,42.0
84,Q-Learning,V6,"(28, 44)",0.26669580505462775,True,5.767292357659823,1.0
84,Q-Learning,V7,"(48, 74)",13.368424431984621,False,0.0,5.0
84,Q-Learning,V8,"(20, 26)",12.958466220780018,False,0.0,1.0
84,Q-Learning,V9,"(65, 31)",9.974969781842375,True,0.375,1.0
84,Q-Learning,V10,"(48, 37)",0.579900978396612,True,12.607680962081059,1.0
85,Greedy,V1,"(51, 42)",1.3556191830278266,True,4.6478835438717,21.0
85,Greedy,V2,"(34, 65)",9.737615257527828,False,0.0,17.0
85,Greedy,V3,"(77, 53)",8.634273485954786,False,0.0,12.0
85,Greedy,V4,"(29, 57)",3.891553119135324,True,8.3375833406484,1.0
85,Greedy,V5,"(65, 51)",1.3093649138151733,False,0.0,28.0
85,Greedy,V6,"(88, 10)",5.781614934935767,False,0.0,2.0
85,Greedy,V7,"(99, 1)",2.5032941391967967,True,4.75598251955148,1.0
85,Greedy,V8,"(28, 89)",13.00518790872341,False,0.0,2.0
85,Greedy,V9,"(15, 80)",7.753568212604975,True,1.4752968291236144,1.0
85,Greedy,V10,"(20, 59)",10.241151505815502,True,1.3999999999999986,1.0
85,Auction,V1,"(62, 62)",5.8297421958881515,False,0.0,21.0
85,Auction,V2,"(66, 60)",16.676846011937688,False,0.0,24.0
85,Auction,V3,"(76, 35)",14.987743371824628,False,0.0,19.0
85,Auction,V4,"(78, 3)",5.507317991668007,True,6.87494454249973,1.0
85,Auction,V5,"(70, 34)",2.498608810971966,False,0.0,29.0
85,Auction,V6,"(64, 51)",7.484523328914481,False,0.0,3.0
85,Auction,V7,"(95, 87)",1.2054636404984578,True,7.600189391222042,1.0
85,Auction,V8,"(56, 71)",2.7865730847816153,True,7.854400374531753,1.0
85,Auction,V9,"(28, 44)",4.542897804145621,True,5.462214450449025,1.0
85,Auction,V10,"(16, 44)",1.8158305275286466,True,10.63896540189728,1.0
85,Q-Learning,V1,"(95, 87)",13.317026145709619,False,0.0,28.0
85,Q-Learning,V2,"(19, 11)",0.9282241823812427,False,0.0,7.0
85,Q-Learning,V3,"(53, 55)",8.261205045829914,False,0.0,12.0
85,Q-Learning,V4,"(60, 97)",10.845105256026145,True,0.31943828249996997,1.0
85,Q-Learning,V5,"(92, 32)",16.994950653853884,False,0.0,43.0
85,Q-Learning,V6,"(28, 44)",0.26669580505462775,True,4.767292357659823,1.0
85,Q-Learning,V7,"(48, 74)",13.368424431984621,False,0.0,6.0
85,Q-Learning,V8,"(20, 26)",12.958466220780018,False,0.0,2.0
85,Q-Learning,V9,"(65, 31)",9.974969781842375,False,0.0,1.0
85,Q-Learning,V10,"(48, 37)",0.579900978396612,True,11.607680962081059,1.0
86,Greedy,V1,"(51, 42)",1.3556191830278266,True,3.6478835438717,21.0
86,Greedy,V2,"(34, 65)",9.737615257527828,False,0.0,18.0
86,Greedy,V3,"(77, 53)",8.634273485954786,False,0.0,13.0
86,Greedy,V4,"(29, 57)",3.891553119135324,True,7.337583340648401,1.0
86,Greedy,V5,"(65, 51)",1.3093649138151733,False,0.0,29.0
86,Greedy,V6,"(88, 10)",5.781614934935767,False,0.0,3.0
86,Greedy,V7,"(99, 1)",2.5032941391967967,True,3.7559825195514804,1.0
86,Greedy,V8,"(28, 89)",13.00518790872341,False,0.0,3.0
86,Greedy,V9,"(15, 80)",7.753568212604975,True,0.4752968291236144,1.0
86,Greedy,V10,"(20, 59)",10.241151505815502,True,0.3999999999999986,1.0
86,Auction,V1,"(62, 62)",5.8297421958881515,False,0.0,22.0
86,Auction,V2,"(66, 60)",16.676846011937688,False,0.0,25.0
86,Auction,V3,"(76, 35)",14.987743371824628,False,0.0,20.0
86,Auction,V4,"(78, 3)",5.507317991668007,True,5.87494454249973,1.0
86,Auction,V5,"(70, 34)",2.498608810971966,False,0.0,30.0
86,Auction,V6,"(64, 51)",7.484523328914481,False,0.0,4.0
86,Auction,V7,"(95, 87)",1.2054636404984578,True,6.600189391222042,1.0
86,Auction,V8,"(56, 71)",2.7865730847816153,True,6.854400374531753,1.0
86,Auction,V9,"(28, 44)",4.542897804145621,True,4.462214450449025,1.0
86,Auction,V10,"(16, 44)",1.8158305275286466,True,9.63896540189728,1.0
86,Q-Learning,V1,"(95, 87)",13.317026145709619,False,0.0,29.0
86,Q-Learning,V2,"(19, 11)",0.9282241823812427,False,0.0,8.0
86,Q-Learning,V3,"(53, 55)",8.261205045829914,False,0.0,13.0
86,Q-Learning,V4,"(60, 97)",10.845105256026145,False,0.0,1.0
86,Q-Learning,V5,"(92, 32)",16.994950653853884,False,0.0,44.0
86,Q-Learning,V6,"(28, 44)",0.26669580505462775,True,3.767292357659823,1.0
86,Q-Learning,V7,"(48, 74)",13.368424431984621,False,0.0,7.0
86,Q-Learning,V8,"(20, 26)",12.958466220780018,False,0.0,3.0
86,Q-Learning,V9,"(65, 31)",9.974969781842375,False,0.0,2.0
86,Q-Learning,V10,"(48, 37)",0.579900978396612,True,10.607680962081059,1.0
87,Greedy,V1,"(51, 42)",1.3556191830278266,True,2.6478835438717,21.0
87,Greedy,V2,"(34, 65)",9.737615257527828,False,0.0,19.0
87,Greedy,V3,"(77, 53)",8.634273485954786,False,0.0,14.0
87,Greedy,V4,"(29, 57)",3.891553119135324,True,6.337583340648401,1.0
87,Greedy,V5,"(65, 51)",1.3093649138151733,False,0.0,30.0
87,Greedy,V6,"(88, 10)",5.781614934935767,False,0.0,4.0
87,Greedy,V7,"(99, 1)",2.5032941391967967,True,2.7559825195514804,1.0
87,Greedy,V8,"(28, 89)",13.00518790872341,False,0.0,4.0
87,Greedy,V9,"(15, 80)",7.753568212604975,False,0.0,1.0
87,Greedy,V10,"(20, 59)",10.241151505815502,False,0.0,1.0
87,Auction,V1,"(62, 62)",5.8297421958881515,False,0.0,23.0
87,Auction,V2,"(66, 60)",16.676846011937688,False,0.0,26.0
87,Auction,V3,"(76, 35)",14.987743371824628,False,0.0,21.0
87,Auction,V4,"(78, 3)",5.507317991668007,True,4.87494454249973,1.0
87,Auction,V5,"(70, 34)",2.498608810971966,False,0.0,31.0
87,Auction,V6,"(64, 51)",7.484523328914481,False,0.0,5.0
87,Auction,V7,"(95, 87)",1.2054636404984578,True,5.600189391222042,1.0
87,Auction,V8,"(56, 71)",2.7865730847816153,True,5.854400374531753,1.0
87,Auction,V9,"(28, 44)",4.542897804145621,True,3.462214450449025,1.0
87,Auction,V10,"(16, 44)",1.8158305275286466,True,8.63896540189728,1.0
87,Q-Learning,V1,"(95, 87)",13.317026145709619,False,0.0,30.0
87,Q-Learning,V2,"(19, 11)",0.9282241823812427,False,0.0,9.0
87,Q-Learning,V3,"(53, 55)",8.261205045829914,False,0.0,14.0
87,Q-Learning,V4,"(60, 97)",10.845105256026145,False,0.0,2.0
87,Q-Learning,V5,"(92, 32)",16.994950653853884,False,0.0,45.0
87,Q-Learning,V6,"(28, 44)",0.26669580505462775,True,2.767292357659823,1.0
87,Q-Learning,V7,"(48, 74)",13.368424431984621,False,0.0,8.0
87,Q-Learning,V8,"(20, 26)",12.958466220780018,False,0.0,4.0
87,Q-Learning,V9,"(65, 31)",9.974969781842375,False,0.0,3.0
87,Q-Learning,V10,"(48, 37)",0.579900978396612,True,9.607680962081059,1.0
88,Greedy,V1,"(51, 42)",1.3556191830278266,True,1.6478835438716999,21.0
88,Greedy,V2,"(34, 65)",9.737615257527828,False,0.0,20.0
88,Greedy,V3,"(77, 53)",8.634273485954786,False,0.0,15.0
88,Greedy,V4,"(29, 57)",3.891553119135324,True,5.337583340648401,1.0
88,Greedy,V5,"(65, 51)",1.3093649138151733,False,0.0,31.0
88,Greedy,V6,"(88, 10)",5.781614934935767,False,0.0,5.0
88,Greedy,V7,"(99, 1)",2.5032941391967967,True,1.7559825195514804,1.0
88,Greedy,V8,"(28, 89)",13.00518790872341,False,0.0,5.0
88,Greedy,V9,"(15, 80)",7.753568212604975,False,0.0,2.0
88,Greedy,V10,"(20, 59)",10.241151505815502,False,0.0,2.0
88,Auction,V1,"(62, 62)",5.8297421958881515,False,0.0,24.0
88,Auction,V2,"(66, 60)",16.676846011937688,False,0.0,27.0
88,Auction,V3,"(76, 35)",14.987743371824628,False,0.0,22.0
88,Auction,V4,"(78, 3)",5.507317991668007,True,3.8749445424997297,1.0
88,Auction,V5,"(70, 34)",2.498608810971966,False,0.0,32.0
88,Auction,V6,"(64, 51)",7.484523328914481,False,0.0,6.0
88,Auction,V7,"(95, 87)",1.2054636404984578,True,4.600189391222042,1.0
88,Auction,V8,"(56, 71)",2.7865730847816153,True,4.854400374531753,1.0
88,Auction,V9,"(28, 44)",4.542897804145621,True,2.462214450449025,1.0
88,Auction,V10,"(16, 44)",1.8158305275286466,True,7.638965401897281,1.0
88,Q-Learning,V1,"(95, 87)",13.317026145709619,False,0.0,31.0
88,Q-Learning,V2,"(19, 11)",0.9282241823812427,False,0.0,10.0
88,Q-Learning,V3,"(53, 55)",8.261205045829914,False,0.0,15.0
88,Q-Learning,V4,"(60, 97)",10.845105256026145,False,0.0,3.0
88,Q-Learning,V5,"(92, 32)",16.994950653853884,False,0.0,46.0
88,Q-Learning,V6,"(28, 44)",0.26669580505462775,True,1.767292357659823,1.0
88,Q-Learning,V7,"(48, 74)",13.368424431984621,False,0.0,9.0
88,Q-Learning,V8,"(20, 26)",12.958466220780018,False,0.0,5.0
88,Q-Learning,V9,"(65, 31)",9.974969781842375,False,0.0,4.0
88,Q-Learning,V10,"(48, 37)",0.579900978396612,True,8.607680962081059,1.0
89,Greedy,V1,"(51, 42)",1.3556191830278266,True,0.6478835438716999,21.0
89,Greedy,V2,"(34, 65)",9.737615257527828,False,0.0,21.0
89,Greedy,V3,"(77, 53)",8.634273485954786,False,0.0,16.0
89,Greedy,V4,"(29, 57)",3.891553119135324,True,4.337583340648401,1.0
89,Greedy,V5,"(65, 51)",1.3093649138151733,False,0.0,32.0
89,Greedy,V6,"(88, 10)",5.781614934935767,False,0.0,6.0
89,Greedy,V7,"(99, 1)",2.5032941391967967,True,0.7559825195514804,1.0
89,Greedy,V8,"(28, 89)",13.00518790872341,False,0.0,6.0
89,Greedy,V9,"(15, 80)",7.753568212604975,False,0.0,3.0
89,Greedy,V10,"(20, 59)",10.241151505815502,False,0.0,3.0
89,Auction,V1,"(62, 62)",5.8297421958881515,False,0.0,25.0
89,Auction,V2,"(66, 60)",16.676846011937688,False,0.0,28.0
89,Auction,V3,"(76, 35)",14.987743371824628,False,0.0,23.0
89,Auction,V4,"(78, 3)",5.507317991668007,True,2.8749445424997297,1.0
89,Auction,V5,"(70, 34)",2.498608810971966,False,0.0,33.0
89,Auction,V6,"(64, 51)",7.484523328914481,False,0.0,7.0
89,Auction,V7,"(95, 87)",1.2054636404984578,True,3.6001893912220417,1.0
89,Auction,V8,"(56, 71)",2.7865730847816153,True,3.854400374531753,1.0
89,Auction,V9,"(28, 44)",4.542897804145621,True,1.462214450449025,1.0
89,Auction,V10,"(16, 44)",1.8158305275286466,True,6.638965401897281,1.0
89,Q-Learning,V1,"(95, 87)",13.317026145709619,False,0.0,32.0
89,Q-Learning,V2,"(19, 11)",0.9282241823812427,False,0.0,11.0
89,Q-Learning,V3,"(53, 55)",8.261205045829914,False,0.0,16.0
89,Q-Learning,V4,"(60, 97)",10.845105256026145,False,0.0,4.0
89,Q-Learning,V5,"(92, 32)",16.994950653853884,False,0.0,47.0
89,Q-Learning,V6,"(28, 44)",0.26669580505462775,True,0.767292357659823,1.0
89,Q-Learning,V7,"(48, 74)",13.368424431984621,False,0.0,10.0
89,Q-Learning,V8,"(20, 26)",12.958466220780018,False,0.0,6.0
89,Q-Learning,V9,"(65, 31)",9.974969781842375,False,0.0,5.0
89,Q-Learning,V10,"(48, 37)",0.579900978396612,True,7.607680962081059,1.0
90,Greedy,V1,"(51, 42)",1.3556191830278266,False,0.0,21.0
90,Greedy,V2,"(34, 65)",9.737615257527828,False,0.0,22.0
90,Greedy,V3,"(77, 53)",8.634273485954786,False,0.0,17.0
90,Greedy,V4,"(29, 57)",3.891553119135324,True,3.3375833406484006,1.0
90,Greedy,V5,"(65, 51)",1.3093649138151733,False,0.0,33.0
90,Greedy,V6,"(88, 10)",5.781614934935767,False,0.0,7.0
90,Greedy,V7,"(99, 1)",2.5032941391967967,False,0.0,1.0
90,Greedy,V8,"(28, 89)",13.00518790872341,False,0.0,7.0
90,Greedy,V9,"(15, 80)",7.753568212604975,False,0.0,4.0
90,Greedy,V10,"(20, 59)",10.241151505815502,False,0.0,4.0
90,Auction,V1,"(62, 62)",5.8297421958881515,False,0.0,26.0
90,Auction,V2,"(66, 60)",16.676846011937688,False,0.0,29.0
90,Auction,V3,"(76, 35)",14.987743371824628,False,0.0,24.0
90,Auction,V4,"(78, 3)",5.507317991668007,True,1.8749445424997297,1.0
90,Auction,V5,"(70, 34)",2.498608810971966,False,0.0,34.0
90,Auction,V6,"(64, 51)",7.484523328914481,False,0.0,8.0
90,Auction,V7,"(95, 87)",1.2054636404984578,True,2.6001893912220417,1.0
90,Auction,V8,"(56, 71)",2.7865730847816153,True,2.854400374531753,1.0
90,Auction,V9,"(28, 44)",4.542897804145621,True,0.4622144504490251,1.0
90,Auction,V10,"(16, 44)",1.8158305275286466,True,5.638965401897281,1.0
90,Q-Learning,V1,"(95, 87)",13.317026145709619,False,0.0,33.0
90,Q-Learning,V2,"(19, 11)",0.9282241823812427,False,0.0,12.0
90,Q-Learning,V3,"(53, 55)",8.261205045829914,False,0.0,17.0
90,Q-Learning,V4,"(60, 97)",10.845105256026145,False,0.0,5.0
90,Q-Learning,V5,"(92, 32)",16.994950653853884,False,0.0,48.0
90,Q-Learning,V6,"(28, 44)",0.26669580505462775,False,0.0,1.0
90,Q-Learning,V7,"(48, 74)",13.368424431984621,False,0.0,11.0
90,Q-Learning,V8,"(20, 26)",12.958466220780018,False,0.0,7.0
90,Q-Learning,V9,"(65, 31)",9.974969781842375,False,0.0,6.0
90,Q-Learning,V10,"(48, 37)",0.579900978396612,True,6.607680962081059,1.0
91,Greedy,V1,"(51, 42)",1.3556191830278266,False,0.0,22.0
91,Greedy,V2,"(34, 65)",9.737615257527828,False,0.0,23.0
91,Greedy,V3,"(77, 53)",8.634273485954786,False,0.0,18.0
91,Greedy,V4,"(29, 57)",3.891553119135324,True,2.3375833406484006,1.0
91,Greedy,V5,"(65, 51)",1.3093649138151733,False,0.0,34.0
91,Greedy,V6,"(88, 10)",5.781614934935767,False,0.0,8.0
91,Greedy,V7,"(99, 1)",2.5032941391967967,False,0.0,2.0
91,Greedy,V8,"(28, 89)",13.00518790872341,False,0.0,8.0
91,Greedy,V9,"(15, 80)",7.753568212604975,False,0.0,5.0
91,Greedy,V10,"(20, 59)",10.241151505815502,False,0.0,5.0
91,Auction,V1,"(62, 62)",5.8297421958881515,False,0.0,27.0
91,Auction,V2,"(66, 60)",16.676846011937688,False,0.0,30.0
91,Auction,V3,"(76, 35)",14.987743371824628,False,0.0,25.0
91,Auction,V4,"(78, 3)",5.507317991668007,True,0.8749445424997297,1.0
91,Auction,V5,"(70, 34)",2.498608810971966,False,0.0,35.0
91,Auction,V6,"(64, 51)",7.484523328914481,False,0.0,9.0
91,Auction,V7,"(95, 87)",1.2054636404984578,True,1.6001893912220417,1.0
91,Auction,V8,"(56, 71)",2.7865730847816153,True,1.8544003745317532,1.0
91,Auction,V9,"(28, 44)",4.542897804145621,False,0.0,1.0
91,Auction,V10,"(16, 44)",1.8158305275286466,True,4.638965401897281,1.0
91,Q-Learning,V1,"(95, 87)",13.317026145709619,False,0.0,34.0
91,Q-Learning,V2,"(19, 11)",0.9282241823812427,False,0.0,13.0
91,Q-Learning,V3,"(53, 55)",8.261205045829914,False,0.0,18.0
91,Q-Learning,V4,"(60, 97)",10.845105256026145,False,0.0,6.0
91,Q-Learning,V5,"(92, 32)",16.994950653853884,False,0.0,49.0
91,Q-Learning,V6,"(28, 44)",0.26669580505462775,False,0.0,2.0
91,Q-Learning,V7,"(48, 74)",13.368424431984621,False,0.0,12.0
91,Q-Learning,V8,"(20, 26)",12.958466220780018,False,0.0,8.0
91,Q-Learning,V9,"(65, 31)",9.974969781842375,False,0.0,7.0
91,Q-Learning,V10,"(48, 37)",0.579900978396612,True,5.607680962081059,1.0
92,Greedy,V1,"(51, 42)",1.3556191830278266,False,0.0,23.0
92,Greedy,V2,"(34, 65)",9.737615257527828,False,0.0,24.0
92,Greedy,V3,"(77, 53)",8.634273485954786,False,0.0,19.0
92,Greedy,V4,"(29, 57)",3.891553119135324,True,1.3375833406484006,1.0
92,Greedy,V5,"(65, 51)",1.3093649138151733,False,0.0,35.0
92,Greedy,V6,"(88, 10)",5.781614934935767,False,0.0,9.0
92,Greedy,V7,"(99, 1)",2.5032941391967967,False,0.0,3.0
92,Greedy,V8,"(28, 89)",13.00518790872341,False,0.0,9.0
92,Greedy,V9,"(15, 80)",7.753568212604975,False,0.0,6.0
92,Greedy,V10,"(20, 59)",10.241151505815502,False,0.0,6.0
92,Auction,V1,"(62, 62)",5.8297421958881515,False,0.0,28.0
92,Auction,V2,"(66, 60)",16.676846011937688,False,0.0,31.0
92,Auction,V3,"(76, 35)",14.987743371824628,False,0.0,26.0
92,Auction,V4,"(78, 3)",5.507317991668007,False,0.0,1.0
92,Auction,V5,"(70, 34)",2.498608810971966,False,0.0,36.0
92,Auction,V6,"(64, 51)",7.484523328914481,False,0.0,10.0
92,Auction,V7,"(95, 87)",1.2054636404984578,True,0.6001893912220417,1.0
92,Auction,V8,"(56, 71)",2.7865730847816153,True,0.8544003745317532,1.0
92,Auction,V9,"(28, 44)",4.542897804145621,False,0.0,2.0
92,Auction,V10,"(16, 44)",1.8158305275286466,True,3.6389654018972806,1.0
92,Q-Learning,V1,"(95, 87)",13.317026145709619,False,0.0,35.0
92,Q-Learning,V2,"(19, 11)",0.9282241823812427,False,0.0,14.0
92,Q-Learning,V3,"(53, 55)",8.261205045829914,False,0.0,19.0
92,Q-Learning,V4,"(60, 97)",10.845105256026145,False,0.0,7.0
92,Q-Learning,V5,"(92, 32)",16.994950653853884,False,0.0,50.0
92,Q-Learning,V6,"(28, 44)",0.26669580505462775,False,0.0,3.0
92,Q-Learning,V7,"(48, 74)",13.368424431984621,False,0.0,13.0
92,Q-Learning,V8,"(20, 26)",12.958466220780018,False,0.0,9.0
92,Q-Learning,V9,"(65, 31)",9.974969781842375,False,0.0,8.0
92,Q-Learning,V10,"(48, 37)",0.579900978396612,True,4.607680962081059,1.0
93,Greedy,V1,"(51, 42)",1.3556191830278266,False,0.0,24.0
93,Greedy,V2,"(34, 65)",9.737615257527828,False,0.0,25.0
93,Greedy,V3,"(77, 53)",8.634273485954786,False,0.0,20.0
93,Greedy,V4,"(29, 57)",3.891553119135324,True,0.33758334064840056,1.0
93,Greedy,V5,"(65, 51)",1.3093649138151733,False,0.0,36.0
93,Greedy,V6,"(88, 10)",5.781614934935767,False,0.0,10.0
93,Greedy,V7,"(99, 1)",2.5032941391967967,False,0.0,4.0
93,Greedy,V8,"(28, 89)",13.00518790872341,False,0.0,10.0
93,Greedy,V9,"(15, 80)",7.753568212604975,False,0.0,7.0
93,Greedy,V10,"(20, 59)",10.241151505815502,False,0.0,7.0
93,Auction,V1,"(62, 62)",5.8297421958881515,False,0.0,29.0
93,Auction,V2,"(66, 60)",16.676846011937688,False,0.0,32.0
93,Auction,V3,"(76, 35)",14.987743371824628,False,0.0,27.0
93,Auction,V4,"(78, 3)",5.507317991668007,False,0.0,2.0
93,Auction,V5,"(70, 34)",2.498608810971966,False,0.0,37.0
93,Auction,V6,"(64, 51)",7.484523328914481,False,0.0,11.0
93,Auction,V7,"(95, 87)",1.2054636404984578,False,0.0,1.0
93,Auction,V8,"(56, 71)",2.7865730847816153,False,0.0,1.0
93,Auction,V9,"(28, 44)",4.542897804145621,False,0.0,3.0
93,Auction,V10,"(16, 44)",1.8158305275286466,True,2.6389654018972806,1.0
93,Q-Learning,V1,"(95, 87)",13.317026145709619,False,0.0,36.0
93,Q-Learning,V2,"(19, 11)",0.9282241823812427,False,0.0,15.0
93,Q-Learning,V3,"(53, 55)",8.261205045829914,False,0.0,20.0
93,Q-Learning,V4,"(60, 97)",10.845105256026145,False,0.0,8.0
93,Q-Learning,V5,"(92, 32)",16.994950653853884,False,0.0,51.0
93,Q-Learning,V6,"(28, 44)",0.26669580505462775,False,0.0,4.0
93,Q-Learning,V7,"(48, 74)",13.368424431984621,False,0.0,14.0
93,Q-Learning,V8,"(20, 26)",12.958466220780018,False,0.0,10.0
93,Q-Learning,V9,"(65, 31)",9.974969781842375,False,0.0,9.0
93,Q-Learning,V10,"(48, 37)",0.579900978396612,True,3.6076809620810586,1.0
94,Greedy,V1,"(51, 42)",1.3556191830278266,False,0.0,25.0
94,Greedy,V2,"(34, 65)",9.737615257527828,False,0.0,26.0
94,Greedy,V3,"(77, 53)",8.634273485954786,False,0.0,21.0
94,Greedy,V4,"(29, 57)",3.891553119135324,False,0.0,1.0
94,Greedy,V5,"(65, 51)",1.3093649138151733,False,0.0,37.0
94,Greedy,V6,"(88, 10)",5.781614934935767,False,0.0,11.0
94,Greedy,V7,"(99, 1)",2.5032941391967967,False,0.0,5.0
94,Greedy,V8,"(28, 89)",0.18206906602478945,True,12.823118842698621,11.0
94,Greedy,V9,"(15, 80)",7.753568212604975,False,0.0,8.0
94,Greedy,V10,"(20, 59)",10.241151505815502,False,0.0,8.0
94,Auction,V1,"(62, 62)",5.8297421958881515,False,0.0,30.0
94,Auction,V2,"(66, 60)",16.676846011937688,False,0.0,33.0
94,Auction,V3,"(76, 35)",14.987743371824628,False,0.0,28.0
94,Auction,V4,"(78, 3)",5.507317991668007,False,0.0,3.0
94,Auction,V5,"(70, 34)",2.498608810971966,False,0.0,38.0
94,Auction,V6,"(64, 51)",7.484523328914481,False,0.0,12.0
94,Auction,V7,"(95, 87)",1.2054636404984578,False,0.0,2.0
94,Auction,V8,"(56, 71)",2.7865730847816153,False,0.0,2.0
94,Auction,V9,"(28, 44)",4.542897804145621,False,0.0,4.0
94,Auction,V10,"(16, 44)",1.8158305275286466,True,1.6389654018972806,1.0
94,Q-Learning,V1,"(95, 87)",13.317026145709619,False,0.0,37.0
94,Q-Learning,V2,"(19, 11)",0.9282241823812427,False,0.0,16.0
94,Q-Learning,V3,"(53, 55)",8.261205045829914,False,0.0,21.0
94,Q-Learning,V4,"(60, 97)",10.845105256026145,False,0.0,9.0
94,Q-Learning,V5,"(92, 32)",16.994950653853884,False,0.0,52.0
94,Q-Learning,V6,"(28, 44)",0.26669580505462775,False,0.0,5.0
94,Q-Learning,V7,"(48, 74)",13.368424431984621,False,0.0,15.0
94,Q-Learning,V8,"(20, 26)",12.958466220780018,False,0.0,11.0
94,Q-Learning,V9,"(65, 31)",9.974969781842375,False,0.0,10.0
94,Q-Learning,V10,"(48, 37)",0.579900978396612,True,2.6076809620810586,1.0
95,Greedy,V1,"(51, 42)",1.3556191830278266,False,0.0,26.0
95,Greedy,V2,"(34, 65)",9.737615257527828,False,0.0,27.0
95,Greedy,V3,"(77, 53)",8.634273485954786,False,0.0,22.0
95,Greedy,V4,"(29, 57)",3.891553119135324,False,0.0,2.0
95,Greedy,V5,"(65, 51)",1.3093649138151733,False,0.0,38.0
95,Greedy,V6,"(88, 10)",5.781614934935767,False,0.0,12.0
95,Greedy,V7,"(99, 1)",2.5032941391967967,False,0.0,6.0
95,Greedy,V8,"(28, 89)",0.18206906602478945,True,11.823118842698621,11.0
95,Greedy,V9,"(15, 80)",7.753568212604975,False,0.0,9.0
95,Greedy,V10,"(20, 59)",10.241151505815502,False,0.0,9.0
95,Auction,V1,"(62, 62)",5.8297421958881515,False,0.0,31.0
95,Auction,V2,"(66, 60)",16.676846011937688,False,0.0,34.0
95,Auction,V3,"(76, 35)",14.987743371824628,False,0.0,29.0
95,Auction,V4,"(78, 3)",5.507317991668007,False,0.0,4.0
95,Auction,V5,"(70, 34)",2.498608810971966,False,0.0,39.0
95,Auction,V6,"(64, 51)",7.484523328914481,False,0.0,13.0
95,Auction,V7,"(95, 87)",1.2054636404984578,False,0.0,3.0
95,Auction,V8,"(56, 71)",2.7865730847816153,False,0.0,3.0
95,Auction,V9,"(28, 44)",4.542897804145621,False,0.0,5.0
95,Auction,V10,"(16, 44)",1.8158305275286466,True,0.6389654018972806,1.0
95,Q-Learning,V1,"(95, 87)",13.317026145709619,False,0.0,38.0
95,Q-Learning,V2,"(19, 11)",0.9282241823812427,False,0.0,17.0
95,Q-Learning,V3,"(53, 55)",8.261205045829914,False,0.0,22.0
95,Q-Learning,V4,"(60, 97)",10.845105256026145,False,0.0,10.0
95,Q-Learning,V5,"(92, 32)",16.994950653853884,False,0.0,53.0
95,Q-Learning,V6,"(28, 44)",0.26669580505462775,False,0.0,6.0
95,Q-Learning,V7,"(48, 74)",13.368424431984621,False,0.0,16.0
95,Q-Learning,V8,"(20, 26)",12.958466220780018,False,0.0,12.0
95,Q-Learning,V9,"(65, 31)",9.974969781842375,False,0.0,11.0
95,Q-Learning,V10,"(48, 37)",0.579900978396612,True,1.6076809620810586,1.0
96,Greedy,V1,"(51, 42)",1.3556191830278266,False,0.0,27.0
96,Greedy,V2,"(34, 65)",9.737615257527828,False,0.0,28.0
96,Greedy,V3,"(77, 53)",8.634273485954786,False,0.0,23.0
96,Greedy,V4,"(29, 57)",3.891553119135324,False,0.0,3.0
96,Greedy,V5,"(65, 51)",1.3093649138151733,False,0.0,39.0
96,Greedy,V6,"(88, 10)",5.781614934935767,False,0.0,13.0
96,Greedy,V7,"(99, 1)",2.5032941391967967,False,0.0,7.0
96,Greedy,V8,"(28, 89)",0.18206906602478945,True,10.823118842698621,11.0
96,Greedy,V9,"(15, 80)",7.753568212604975,False,0.0,10.0
96,Greedy,V10,"(20, 59)",10.241151505815502,False,0.0,10.0
96,Auction,V1,"(62, 62)",5.8297421958881515,False,0.0,32.0
96,Auction,V2,"(66, 60)",16.676846011937688,False,0.0,35.0
96,Auction,V3,"(76, 35)",14.987743371824628,False,0.0,30.0
96,Auction,V4,"(78, 3)",5.507317991668007,False,0.0,5.0
96,Auction,V5,"(70, 34)",2.498608810971966,False,0.0,40.0
96,Auction,V6,"(64, 51)",7.484523328914481,False,0.0,14.0
96,Auction,V7,"(95, 87)",1.2054636404984578,False,0.0,4.0
96,Auction,V8,"(56, 71)",2.7865730847816153,False,0.0,4.0
96,Auction,V9,"(28, 44)",4.542897804145621,False,0.0,6.0
96,Auction,V10,"(16, 44)",1.8158305275286466,False,0.0,1.0
96,Q-Learning,V1,"(95, 87)",13.317026145709619,False,0.0,39.0
96,Q-Learning,V2,"(19, 11)",0.9282241823812427,False,0.0,18.0
96,Q-Learning,V3,"(53, 55)",8.261205045829914,False,0.0,23.0
96,Q-Learning,V4,"(60, 97)",10.845105256026145,False,0.0,11.0
96,Q-Learning,V5,"(92, 32)",16.994950653853884,False,0.0,54.0
96,Q-Learning,V6,"(28, 44)",0.26669580505462775,False,0.0,7.0
96,Q-Learning,V7,"(48, 74)",13.368424431984621,False,0.0,17.0
96,Q-Learning,V8,"(20, 26)",12.958466220780018,False,0.0,13.0
96,Q-Learning,V9,"(65, 31)",9.974969781842375,False,0.0,12.0
96,Q-Learning,V10,"(48, 37)",0.579900978396612,True,0.6076809620810586,1.0
97,Greedy,V1,"(51, 42)",1.3556191830278266,False,0.0,28.0
97,Greedy,V2,"(34, 65)",9.737615257527828,False,0.0,29.0
97,Greedy,V3,"(77, 53)",8.634273485954786,False,0.0,24.0
97,Greedy,V4,"(29, 57)",3.891553119135324,False,0.0,4.0
97,Greedy,V5,"(65, 51)",1.3093649138151733,False,0.0,40.0
97,Greedy,V6,"(88, 10)",5.781614934935767,False,0.0,14.0
97,Greedy,V7,"(99, 1)",2.5032941391967967,False,0.0,8.0
97,Greedy,V8,"(28, 89)",0.18206906602478945,True,9.823118842698621,11.0
97,Greedy,V9,"(15, 80)",7.753568212604975,False,0.0,11.0
97,Greedy,V10,"(20, 59)",10.241151505815502,False,0.0,11.0
97,Auction,V1,"(62, 62)",5.8297421958881515,False,0.0,33.0
97,Auction,V2,"(66, 60)",16.676846011937688,False,0.0,36.0
97,Auction,V3,"(76, 35)",14.987743371824628,False,0.0,31.0
97,Auction,V4,"(78, 3)",5.507317991668007,False,0.0,6.0
97,Auction,V5,"(70, 34)",2.498608810971966,False,0.0,41.0
97,Auction,V6,"(64, 51)",7.484523328914481,False,0.0,15.0
97,Auction,V7,"(95, 87)",1.2054636404984578,False,0.0,5.0
97,Auction,V8,"(56, 71)",2.7865730847816153,False,0.0,5.0
97,Auction,V9,"(28, 44)",4.542897804145621,False,0.0,7.0
97,Auction,V10,"(16, 44)",1.8158305275286466,False,0.0,2.0
97,Q-Learning,V1,"(95, 87)",13.317026145709619,False,0.0,40.0
97,Q-Learning,V2,"(19, 11)",0.9282241823812427,False,0.0,19.0
97,Q-Learning,V3,"(53, 55)",8.261205045829914,False,0.0,24.0
97,Q-Learning,V4,"(60, 97)",10.845105256026145,False,0.0,12.0
97,Q-Learning,V5,"(92, 32)",16.994950653853884,False,0.0,55.0
97,Q-Learning,V6,"(28, 44)",0.26669580505462775,False,0.0,8.0
97,Q-Learning,V7,"(48, 74)",13.368424431984621,False,0.0,18.0
97,Q-Learning,V8,"(20, 26)",12.958466220780018,False,0.0,14.0
97,Q-Learning,V9,"(65, 31)",9.974969781842375,False,0.0,13.0
97,Q-Learning,V10,"(48, 37)",0.579900978396612,False,0.0,1.0
98,Greedy,V1,"(51, 42)",1.3556191830278266,False,0.0,29.0
98,Greedy,V2,"(34, 65)",9.737615257527828,False,0.0,30.0
98,Greedy,V3,"(77, 53)",8.634273485954786,False,0.0,25.0
98,Greedy,V4,"(29, 57)",3.891553119135324,False,0.0,5.0
98,Greedy,V5,"(65, 51)",1.3093649138151733,False,0.0,41.0
98,Greedy,V6,"(88, 10)",5.781614934935767,False,0.0,15.0
98,Greedy,V7,"(99, 1)",2.5032941391967967,False,0.0,9.0
98,Greedy,V8,"(28, 89)",0.18206906602478945,True,8.823118842698621,11.0
98,Greedy,V9,"(15, 80)",7.753568212604975,False,0.0,12.0
98,Greedy,V10,"(20, 59)",10.241151505815502,False,0.0,12.0
98,Auction,V1,"(62, 62)",5.8297421958881515,False,0.0,34.0
98,Auction,V2,"(66, 60)",16.676846011937688,False,0.0,37.0
98,Auction,V3,"(76, 35)",14.987743371824628,False,0.0,32.0
98,Auction,V4,"(78, 3)",5.507317991668007,False,0.0,7.0
98,Auction,V5,"(70, 34)",2.498608810971966,False,0.0,42.0
98,Auction,V6,"(64, 51)",7.484523328914481,False,0.0,16.0
98,Auction,V7,"(95, 87)",1.2054636404984578,False,0.0,6.0
98,Auction,V8,"(56, 71)",2.7865730847816153,False,0.0,6.0
98,Auction,V9,"(28, 44)",4.542897804145621,False,0.0,8.0
98,Auction,V10,"(16, 44)",1.8158305275286466,False,0.0,3.0
98,Q-Learning,V1,"(95, 87)",13.317026145709619,False,0.0,41.0
98,Q-Learning,V2,"(19, 11)",0.9282241823812427,False,0.0,20.0
98,Q-Learning,V3,"(53, 55)",8.261205045829914,False,0.0,25.0
98,Q-Learning,V4,"(60, 97)",10.845105256026145,False,0.0,13.0
98,Q-Learning,V5,"(92, 32)",16.994950653853884,False,0.0,56.0
98,Q-Learning,V6,"(28, 44)",0.26669580505462775,False,0.0,9.0
98,Q-Learning,V7,"(48, 74)",13.368424431984621,False,0.0,19.0
98,Q-Learning,V8,"(20, 26)",12.958466220780018,False,0.0,15.0
98,Q-Learning,V9,"(65, 31)",9.974969781842375,False,0.0,14.0
98,Q-Learning,V10,"(48, 37)",0.579900978396612,False,0.0,2.0
99,Greedy,V1,"(51, 42)",1.3556191830278266,False,0.0,30.0
99,Greedy,V2,"(34, 65)",9.737615257527828,False,0.0,31.0
99,Greedy,V3,"(77, 53)",8.634273485954786,False,0.0,26.0
99,Greedy,V4,"(29, 57)",3.891553119135324,False,0.0,6.0
99,Greedy,V5,"(65, 51)",1.3093649138151733,False,0.0,42.0
99,Greedy,V6,"(88, 10)",5.781614934935767,False,0.0,16.0
99,Greedy,V7,"(99, 1)",2.5032941391967967,False,0.0,10.0
99,Greedy,V8,"(28, 89)",0.18206906602478945,True,7.823118842698621,11.0
99,Greedy,V9,"(15, 80)",7.753568212604975,False,0.0,13.0
99,Greedy,V10,"(20, 59)",10.241151505815502,False,0.0,13.0
99,Auction,V1,"(62, 62)",5.8297421958881515,False,0.0,35.0
99,Auction,V2,"(66, 60)",16.676846011937688,False,0.0,38.0
99,Auction,V3,"(76, 35)",14.987743371824628,False,0.0,33.0
99,Auction,V4,"(78, 3)",5.507317991668007,False,0.0,8.0
99,Auction,V5,"(70, 34)",2.498608810971966,False,0.0,43.0
99,Auction,V6,"(64, 51)",7.484523328914481,False,0.0,17.0
99,Auction,V7,"(95, 87)",1.2054636404984578,False,0.0,7.0
99,Auction,V8,"(56, 71)",2.7865730847816153,False,0.0,7.0
99,Auction,V9,"(28, 44)",4.542897804145621,False,0.0,9.0
99,Auction,V10,"(16, 44)",1.8158305275286466,False,0.0,4.0
99,Q-Learning,V1,"(95, 87)",13.317026145709619,False,0.0,42.0
99,Q-Learning,V2,"(19, 11)",0.9282241823812427,False,0.0,21.0
99,Q-Learning,V3,"(53, 55)",8.261205045829914,False,0.0,26.0
99,Q-Learning,V4,"(60, 97)",10.845105256026145,False,0.0,14.0
99,Q-Learning,V5,"(92, 32)",16.994950653853884,False,0.0,57.0
99,Q-Learning,V6,"(28, 44)",0.26669580505462775,False,0.0,10.0
99,Q-Learning,V7,"(48, 74)",13.368424431984621,False,0.0,20.0
99,Q-Learning,V8,"(20, 26)",12.958466220780018,False,0.0,16.0
99,Q-Learning,V9,"(65, 31)",9.974969781842375,False,0.0,15.0
99,Q-Learning,V10,"(48, 37)",0.579900978396612,False,0.0,3.0
