time_step,method,task_id,position,urgency,duration
0,Greedy,T1,"(48, 12)",6,21.0
0,Greedy,T2,"(77, 33)",1,24.0
0,Greedy,T3,"(68, 15)",7,12.0
0,Greedy,T4,"(70, 37)",10,21.0
0,Greedy,T5,"(73, 24)",2,11.0
0,Greedy,T6,"(84, 29)",5,12.0
0,Greedy,T7,"(29, 12)",7,18.0
0,Greedy,T8,"(58, 81)",6,15.0
0,Greedy,T9,"(47, 45)",4,18.0
0,Greedy,T10,"(89, 87)",2,29.0
0,Auction,T1,"(48, 12)",6,21.0
0,Auction,T2,"(77, 33)",1,24.0
0,Auction,T3,"(68, 15)",7,12.0
0,Auction,T4,"(70, 37)",10,21.0
0,Auction,T5,"(73, 24)",2,11.0
0,Auction,T6,"(84, 29)",5,12.0
0,Auction,T7,"(29, 12)",7,18.0
0,Auction,T8,"(58, 81)",6,15.0
0,Auction,T9,"(47, 45)",4,18.0
0,Auction,T10,"(89, 87)",2,29.0
0,Q-Learning,T1,"(48, 12)",6,21.0
0,Q-Learning,T2,"(77, 33)",1,24.0
0,Q-Learning,T3,"(68, 15)",7,12.0
0,Q-Learning,T4,"(70, 37)",10,21.0
0,Q-Learning,T5,"(73, 24)",2,11.0
0,Q-Learning,T6,"(84, 29)",5,12.0
0,Q-Learning,T7,"(29, 12)",7,18.0
0,Q-Learning,T8,"(58, 81)",6,15.0
0,Q-Learning,T9,"(47, 45)",4,18.0
0,Q-Learning,T10,"(89, 87)",2,29.0
1,Q-Learning,T1,"(48, 12)",7,21.0
1,Q-Learning,T6,"(84, 29)",6,12.0
1,Q-Learning,T9,"(47, 45)",5,18.0
2,Q-Learning,T1,"(48, 12)",8,21.0
3,Q-Learning,T1,"(48, 12)",9,21.0
4,Q-Learning,T1,"(48, 12)",10,21.0
5,Greedy,D1,"(8, 27)",10,20.0
5,Auction,D1,"(8, 27)",10,20.0
5,Q-Learning,T1,"(48, 12)",11,21.0
5,Q-Learning,D1,"(8, 27)",10,20.0
6,Greedy,D1,"(8, 27)",11,20.0
6,Greedy,D2,"(63, 50)",8,14.0
6,Auction,D1,"(8, 27)",11,20.0
6,Auction,D2,"(63, 50)",8,14.0
6,Q-Learning,T1,"(48, 12)",12,21.0
6,Q-Learning,D2,"(63, 50)",8,14.0
7,Greedy,D1,"(8, 27)",12,20.0
7,Greedy,D2,"(63, 50)",9,14.0
7,Greedy,D3,"(31, 95)",9,27.0
7,Auction,D1,"(8, 27)",12,20.0
7,Auction,D2,"(63, 50)",9,14.0
7,Auction,D3,"(31, 95)",9,27.0
7,Q-Learning,T1,"(48, 12)",13,21.0
7,Q-Learning,D2,"(63, 50)",9,14.0
7,Q-Learning,D3,"(31, 95)",9,27.0
8,Greedy,D1,"(8, 27)",13,20.0
8,Greedy,D2,"(63, 50)",10,14.0
8,Greedy,D3,"(31, 95)",10,27.0
8,Greedy,D4,"(74, 54)",10,22.0
8,Auction,D1,"(8, 27)",13,20.0
8,Auction,D2,"(63, 50)",10,14.0
8,Auction,D3,"(31, 95)",10,27.0
8,Auction,D4,"(74, 54)",10,22.0
8,Q-Learning,T1,"(48, 12)",14,21.0
8,Q-Learning,D2,"(63, 50)",10,14.0
8,Q-Learning,D3,"(31, 95)",10,27.0
8,Q-Learning,D4,"(74, 54)",10,22.0
9,Greedy,D1,"(8, 27)",14,20.0
9,Greedy,D2,"(63, 50)",11,14.0
9,Greedy,D3,"(31, 95)",11,27.0
9,Greedy,D4,"(74, 54)",11,22.0
9,Greedy,D5,"(17, 65)",8,12.0
9,Auction,D1,"(8, 27)",14,20.0
9,Auction,D2,"(63, 50)",11,14.0
9,Auction,D3,"(31, 95)",11,27.0
9,Auction,D4,"(74, 54)",11,22.0
9,Auction,D5,"(17, 65)",8,12.0
9,Q-Learning,T1,"(48, 12)",15,21.0
9,Q-Learning,D2,"(63, 50)",11,14.0
9,Q-Learning,D3,"(31, 95)",11,27.0
9,Q-Learning,D4,"(74, 54)",11,22.0
9,Q-Learning,D5,"(17, 65)",8,12.0
10,Greedy,D1,"(8, 27)",15,20.0
10,Greedy,D2,"(63, 50)",12,14.0
10,Greedy,D3,"(31, 95)",12,27.0
10,Greedy,D4,"(74, 54)",12,22.0
10,Greedy,D5,"(17, 65)",9,12.0
10,Auction,D1,"(8, 27)",15,20.0
10,Auction,D2,"(63, 50)",12,14.0
10,Auction,D3,"(31, 95)",12,27.0
10,Auction,D4,"(74, 54)",12,22.0
10,Auction,D5,"(17, 65)",9,12.0
10,Q-Learning,T1,"(48, 12)",16,21.0
10,Q-Learning,D2,"(63, 50)",12,14.0
10,Q-Learning,D3,"(31, 95)",12,27.0
10,Q-Learning,D4,"(74, 54)",12,22.0
10,Q-Learning,D5,"(17, 65)",9,12.0
11,Greedy,D1,"(8, 27)",16,20.0
11,Greedy,D2,"(63, 50)",13,14.0
11,Greedy,D3,"(31, 95)",13,27.0
11,Greedy,D4,"(74, 54)",13,22.0
11,Greedy,D5,"(17, 65)",10,12.0
11,Auction,D1,"(8, 27)",16,20.0
11,Auction,D2,"(63, 50)",13,14.0
11,Auction,D3,"(31, 95)",13,27.0
11,Auction,D4,"(74, 54)",13,22.0
11,Auction,D5,"(17, 65)",10,12.0
11,Q-Learning,T1,"(48, 12)",17,21.0
11,Q-Learning,D2,"(63, 50)",13,14.0
11,Q-Learning,D3,"(31, 95)",13,27.0
11,Q-Learning,D4,"(74, 54)",13,22.0
11,Q-Learning,D5,"(17, 65)",10,12.0
12,Greedy,D1,"(8, 27)",17,20.0
12,Greedy,D2,"(63, 50)",14,14.0
12,Greedy,D3,"(31, 95)",14,27.0
12,Greedy,D4,"(74, 54)",14,22.0
12,Greedy,D5,"(17, 65)",11,12.0
12,Greedy,D6,"(20, 87)",7,29.0
12,Auction,D1,"(8, 27)",17,20.0
12,Auction,D2,"(63, 50)",14,14.0
12,Auction,D3,"(31, 95)",14,27.0
12,Auction,D4,"(74, 54)",14,22.0
12,Auction,D5,"(17, 65)",11,12.0
12,Auction,D6,"(20, 87)",7,29.0
12,Q-Learning,T1,"(48, 12)",18,21.0
12,Q-Learning,D2,"(63, 50)",14,14.0
12,Q-Learning,D3,"(31, 95)",14,27.0
12,Q-Learning,D4,"(74, 54)",14,22.0
12,Q-Learning,D5,"(17, 65)",11,12.0
12,Q-Learning,D6,"(20, 87)",7,29.0
13,Greedy,D1,"(8, 27)",18,20.0
13,Greedy,D2,"(63, 50)",15,14.0
13,Greedy,D3,"(31, 95)",15,27.0
13,Greedy,D4,"(74, 54)",15,22.0
13,Greedy,D5,"(17, 65)",12,12.0
13,Greedy,D6,"(20, 87)",8,29.0
13,Greedy,D7,"(48, 76)",8,26.0
13,Auction,D1,"(8, 27)",18,20.0
13,Auction,D3,"(31, 95)",15,27.0
13,Auction,D4,"(74, 54)",15,22.0
13,Auction,D5,"(17, 65)",12,12.0
13,Auction,D6,"(20, 87)",8,29.0
13,Auction,D7,"(48, 76)",8,26.0
13,Q-Learning,D2,"(63, 50)",15,14.0
13,Q-Learning,D3,"(31, 95)",15,27.0
13,Q-Learning,D4,"(74, 54)",15,22.0
13,Q-Learning,D5,"(17, 65)",12,12.0
13,Q-Learning,D6,"(20, 87)",8,29.0
13,Q-Learning,D7,"(48, 76)",8,26.0
14,Greedy,D1,"(8, 27)",19,20.0
14,Greedy,D2,"(63, 50)",16,14.0
14,Greedy,D3,"(31, 95)",16,27.0
14,Greedy,D4,"(74, 54)",16,22.0
14,Greedy,D5,"(17, 65)",13,12.0
14,Greedy,D6,"(20, 87)",9,29.0
14,Greedy,D7,"(48, 76)",9,26.0
14,Greedy,D8,"(70, 1)",2,27.0
14,Auction,D1,"(8, 27)",19,20.0
14,Auction,D3,"(31, 95)",16,27.0
14,Auction,D4,"(74, 54)",16,22.0
14,Auction,D5,"(17, 65)",13,12.0
14,Auction,D6,"(20, 87)",9,29.0
14,Auction,D7,"(48, 76)",9,26.0
14,Auction,D8,"(70, 1)",2,27.0
14,Q-Learning,D2,"(63, 50)",16,14.0
14,Q-Learning,D3,"(31, 95)",16,27.0
14,Q-Learning,D4,"(74, 54)",16,22.0
14,Q-Learning,D5,"(17, 65)",13,12.0
14,Q-Learning,D6,"(20, 87)",9,29.0
14,Q-Learning,D7,"(48, 76)",9,26.0
14,Q-Learning,D8,"(70, 1)",2,27.0
15,Greedy,D2,"(63, 50)",17,14.0
15,Greedy,D3,"(31, 95)",17,27.0
15,Greedy,D4,"(74, 54)",17,22.0
15,Greedy,D5,"(17, 65)",14,12.0
15,Greedy,D6,"(20, 87)",10,29.0
15,Greedy,D7,"(48, 76)",10,26.0
15,Greedy,D8,"(70, 1)",3,27.0
15,Auction,D1,"(8, 27)",20,20.0
15,Auction,D3,"(31, 95)",17,27.0
15,Auction,D5,"(17, 65)",14,12.0
15,Auction,D6,"(20, 87)",10,29.0
15,Auction,D7,"(48, 76)",10,26.0
15,Auction,D8,"(70, 1)",3,27.0
15,Q-Learning,D2,"(63, 50)",17,14.0
15,Q-Learning,D3,"(31, 95)",17,27.0
15,Q-Learning,D4,"(74, 54)",17,22.0
15,Q-Learning,D5,"(17, 65)",14,12.0
15,Q-Learning,D6,"(20, 87)",10,29.0
15,Q-Learning,D7,"(48, 76)",10,26.0
15,Q-Learning,D8,"(70, 1)",3,27.0
16,Greedy,D2,"(63, 50)",18,14.0
16,Greedy,D3,"(31, 95)",18,27.0
16,Greedy,D4,"(74, 54)",18,22.0
16,Greedy,D5,"(17, 65)",15,12.0
16,Greedy,D6,"(20, 87)",11,29.0
16,Greedy,D7,"(48, 76)",11,26.0
16,Greedy,D8,"(70, 1)",4,27.0
16,Auction,D1,"(8, 27)",21,20.0
16,Auction,D3,"(31, 95)",18,27.0
16,Auction,D5,"(17, 65)",15,12.0
16,Auction,D6,"(20, 87)",11,29.0
16,Auction,D7,"(48, 76)",11,26.0
16,Auction,D8,"(70, 1)",4,27.0
16,Q-Learning,D2,"(63, 50)",18,14.0
16,Q-Learning,D3,"(31, 95)",18,27.0
16,Q-Learning,D4,"(74, 54)",18,22.0
16,Q-Learning,D5,"(17, 65)",15,12.0
16,Q-Learning,D6,"(20, 87)",11,29.0
16,Q-Learning,D7,"(48, 76)",11,26.0
16,Q-Learning,D8,"(70, 1)",4,27.0
17,Greedy,D2,"(63, 50)",19,14.0
17,Greedy,D3,"(31, 95)",19,27.0
17,Greedy,D4,"(74, 54)",19,22.0
17,Greedy,D5,"(17, 65)",16,12.0
17,Greedy,D6,"(20, 87)",12,29.0
17,Greedy,D7,"(48, 76)",12,26.0
17,Greedy,D8,"(70, 1)",5,27.0
17,Greedy,D9,"(37, 55)",3,24.0
17,Auction,D1,"(8, 27)",22,20.0
17,Auction,D3,"(31, 95)",19,27.0
17,Auction,D5,"(17, 65)",16,12.0
17,Auction,D6,"(20, 87)",12,29.0
17,Auction,D7,"(48, 76)",12,26.0
17,Auction,D8,"(70, 1)",5,27.0
17,Auction,D9,"(37, 55)",3,24.0
17,Q-Learning,D2,"(63, 50)",19,14.0
17,Q-Learning,D3,"(31, 95)",19,27.0
17,Q-Learning,D4,"(74, 54)",19,22.0
17,Q-Learning,D5,"(17, 65)",16,12.0
17,Q-Learning,D6,"(20, 87)",12,29.0
17,Q-Learning,D7,"(48, 76)",12,26.0
17,Q-Learning,D8,"(70, 1)",5,27.0
17,Q-Learning,D9,"(37, 55)",3,24.0
18,Greedy,D3,"(31, 95)",20,27.0
18,Greedy,D4,"(74, 54)",20,22.0
18,Greedy,D5,"(17, 65)",17,12.0
18,Greedy,D6,"(20, 87)",13,29.0
18,Greedy,D7,"(48, 76)",13,26.0
18,Greedy,D8,"(70, 1)",6,27.0
18,Greedy,D9,"(37, 55)",4,24.0
18,Greedy,D10,"(92, 92)",5,26.0
18,Auction,D3,"(31, 95)",20,27.0
18,Auction,D5,"(17, 65)",17,12.0
18,Auction,D6,"(20, 87)",13,29.0
18,Auction,D7,"(48, 76)",13,26.0
18,Auction,D8,"(70, 1)",6,27.0
18,Auction,D9,"(37, 55)",4,24.0
18,Auction,D10,"(92, 92)",5,26.0
18,Q-Learning,D2,"(63, 50)",20,14.0
18,Q-Learning,D3,"(31, 95)",20,27.0
18,Q-Learning,D4,"(74, 54)",20,22.0
18,Q-Learning,D5,"(17, 65)",17,12.0
18,Q-Learning,D6,"(20, 87)",13,29.0
18,Q-Learning,D7,"(48, 76)",13,26.0
18,Q-Learning,D8,"(70, 1)",6,27.0
18,Q-Learning,D9,"(37, 55)",4,24.0
18,Q-Learning,D10,"(92, 92)",5,26.0
19,Greedy,D3,"(31, 95)",21,27.0
19,Greedy,D4,"(74, 54)",21,22.0
19,Greedy,D5,"(17, 65)",18,12.0
19,Greedy,D6,"(20, 87)",14,29.0
19,Greedy,D7,"(48, 76)",14,26.0
19,Greedy,D8,"(70, 1)",7,27.0
19,Greedy,D9,"(37, 55)",5,24.0
19,Greedy,D10,"(92, 92)",6,26.0
19,Auction,D3,"(31, 95)",21,27.0
19,Auction,D5,"(17, 65)",18,12.0
19,Auction,D6,"(20, 87)",14,29.0
19,Auction,D7,"(48, 76)",14,26.0
19,Auction,D8,"(70, 1)",7,27.0
19,Auction,D9,"(37, 55)",5,24.0
19,Auction,D10,"(92, 92)",6,26.0
19,Q-Learning,D2,"(63, 50)",21,14.0
19,Q-Learning,D3,"(31, 95)",21,27.0
19,Q-Learning,D5,"(17, 65)",18,12.0
19,Q-Learning,D6,"(20, 87)",14,29.0
19,Q-Learning,D7,"(48, 76)",14,26.0
19,Q-Learning,D9,"(37, 55)",5,24.0
19,Q-Learning,D10,"(92, 92)",6,26.0
20,Greedy,D3,"(31, 95)",22,27.0
20,Greedy,D4,"(74, 54)",22,22.0
20,Greedy,D5,"(17, 65)",19,12.0
20,Greedy,D6,"(20, 87)",15,29.0
20,Greedy,D7,"(48, 76)",15,26.0
20,Greedy,D8,"(70, 1)",8,27.0
20,Greedy,D9,"(37, 55)",6,24.0
20,Greedy,D10,"(92, 92)",7,26.0
20,Auction,D3,"(31, 95)",22,27.0
20,Auction,D5,"(17, 65)",19,12.0
20,Auction,D6,"(20, 87)",15,29.0
20,Auction,D7,"(48, 76)",15,26.0
20,Auction,D8,"(70, 1)",8,27.0
20,Auction,D9,"(37, 55)",6,24.0
20,Auction,D10,"(92, 92)",7,26.0
20,Q-Learning,D2,"(63, 50)",22,14.0
20,Q-Learning,D3,"(31, 95)",22,27.0
20,Q-Learning,D5,"(17, 65)",19,12.0
20,Q-Learning,D6,"(20, 87)",15,29.0
20,Q-Learning,D7,"(48, 76)",15,26.0
20,Q-Learning,D9,"(37, 55)",6,24.0
20,Q-Learning,D10,"(92, 92)",7,26.0
21,Greedy,D3,"(31, 95)",23,27.0
21,Greedy,D4,"(74, 54)",23,22.0
21,Greedy,D5,"(17, 65)",20,12.0
21,Greedy,D6,"(20, 87)",16,29.0
21,Greedy,D7,"(48, 76)",16,26.0
21,Greedy,D8,"(70, 1)",9,27.0
21,Greedy,D9,"(37, 55)",7,24.0
21,Greedy,D10,"(92, 92)",8,26.0
21,Greedy,D11,"(81, 64)",10,16.0
21,Auction,D3,"(31, 95)",23,27.0
21,Auction,D5,"(17, 65)",20,12.0
21,Auction,D6,"(20, 87)",16,29.0
21,Auction,D7,"(48, 76)",16,26.0
21,Auction,D8,"(70, 1)",9,27.0
21,Auction,D9,"(37, 55)",7,24.0
21,Auction,D10,"(92, 92)",8,26.0
21,Auction,D11,"(81, 64)",10,16.0
21,Q-Learning,D2,"(63, 50)",23,14.0
21,Q-Learning,D3,"(31, 95)",23,27.0
21,Q-Learning,D5,"(17, 65)",20,12.0
21,Q-Learning,D6,"(20, 87)",16,29.0
21,Q-Learning,D7,"(48, 76)",16,26.0
21,Q-Learning,D9,"(37, 55)",7,24.0
21,Q-Learning,D10,"(92, 92)",8,26.0
21,Q-Learning,D11,"(81, 64)",10,16.0
22,Greedy,D3,"(31, 95)",24,27.0
22,Greedy,D4,"(74, 54)",24,22.0
22,Greedy,D5,"(17, 65)",21,12.0
22,Greedy,D6,"(20, 87)",17,29.0
22,Greedy,D7,"(48, 76)",17,26.0
22,Greedy,D8,"(70, 1)",10,27.0
22,Greedy,D9,"(37, 55)",8,24.0
22,Greedy,D10,"(92, 92)",9,26.0
22,Greedy,D11,"(81, 64)",11,16.0
22,Greedy,D12,"(97, 20)",9,26.0
22,Auction,D3,"(31, 95)",24,27.0
22,Auction,D5,"(17, 65)",21,12.0
22,Auction,D6,"(20, 87)",17,29.0
22,Auction,D7,"(48, 76)",17,26.0
22,Auction,D8,"(70, 1)",10,27.0
22,Auction,D9,"(37, 55)",8,24.0
22,Auction,D10,"(92, 92)",9,26.0
22,Auction,D11,"(81, 64)",11,16.0
22,Auction,D12,"(97, 20)",9,26.0
22,Q-Learning,D2,"(63, 50)",24,14.0
22,Q-Learning,D3,"(31, 95)",24,27.0
22,Q-Learning,D5,"(17, 65)",21,12.0
22,Q-Learning,D6,"(20, 87)",17,29.0
22,Q-Learning,D7,"(48, 76)",17,26.0
22,Q-Learning,D9,"(37, 55)",8,24.0
22,Q-Learning,D10,"(92, 92)",9,26.0
22,Q-Learning,D11,"(81, 64)",11,16.0
22,Q-Learning,D12,"(97, 20)",9,26.0
23,Greedy,D5,"(17, 65)",22,12.0
23,Greedy,D6,"(20, 87)",18,29.0
23,Greedy,D7,"(48, 76)",18,26.0
23,Greedy,D8,"(70, 1)",11,27.0
23,Greedy,D9,"(37, 55)",9,24.0
23,Greedy,D10,"(92, 92)",10,26.0
23,Greedy,D11,"(81, 64)",12,16.0
23,Greedy,D12,"(97, 20)",10,26.0
23,Auction,D3,"(31, 95)",25,27.0
23,Auction,D6,"(20, 87)",18,29.0
23,Auction,D8,"(70, 1)",11,27.0
23,Auction,D9,"(37, 55)",9,24.0
23,Auction,D10,"(92, 92)",10,26.0
23,Auction,D11,"(81, 64)",12,16.0
23,Auction,D12,"(97, 20)",10,26.0
23,Q-Learning,D2,"(63, 50)",25,14.0
23,Q-Learning,D3,"(31, 95)",25,27.0
23,Q-Learning,D5,"(17, 65)",22,12.0
23,Q-Learning,D6,"(20, 87)",18,29.0
23,Q-Learning,D7,"(48, 76)",18,26.0
23,Q-Learning,D9,"(37, 55)",9,24.0
23,Q-Learning,D10,"(92, 92)",10,26.0
23,Q-Learning,D11,"(81, 64)",12,16.0
23,Q-Learning,D12,"(97, 20)",10,26.0
24,Greedy,D8,"(70, 1)",12,27.0
24,Greedy,D9,"(37, 55)",10,24.0
24,Greedy,D10,"(92, 92)",11,26.0
24,Greedy,D11,"(81, 64)",13,16.0
24,Greedy,D12,"(97, 20)",11,26.0
24,Auction,D3,"(31, 95)",26,27.0
24,Auction,D6,"(20, 87)",19,29.0
24,Auction,D8,"(70, 1)",12,27.0
24,Auction,D10,"(92, 92)",11,26.0
24,Auction,D11,"(81, 64)",13,16.0
24,Auction,D12,"(97, 20)",11,26.0
24,Q-Learning,D3,"(31, 95)",26,27.0
24,Q-Learning,D5,"(17, 65)",23,12.0
24,Q-Learning,D6,"(20, 87)",19,29.0
24,Q-Learning,D7,"(48, 76)",19,26.0
24,Q-Learning,D9,"(37, 55)",10,24.0
24,Q-Learning,D10,"(92, 92)",11,26.0
24,Q-Learning,D11,"(81, 64)",13,16.0
24,Q-Learning,D12,"(97, 20)",11,26.0
25,Greedy,D8,"(70, 1)",13,27.0
25,Greedy,D9,"(37, 55)",11,24.0
25,Greedy,D10,"(92, 92)",12,26.0
25,Greedy,D11,"(81, 64)",14,16.0
25,Greedy,D12,"(97, 20)",12,26.0
25,Greedy,D13,"(14, 46)",5,17.0
25,Auction,D3,"(31, 95)",27,27.0
25,Auction,D6,"(20, 87)",20,29.0
25,Auction,D8,"(70, 1)",13,27.0
25,Auction,D10,"(92, 92)",12,26.0
25,Auction,D11,"(81, 64)",14,16.0
25,Auction,D12,"(97, 20)",12,26.0
25,Auction,D13,"(14, 46)",5,17.0
25,Q-Learning,D3,"(31, 95)",27,27.0
25,Q-Learning,D5,"(17, 65)",24,12.0
25,Q-Learning,D6,"(20, 87)",20,29.0
25,Q-Learning,D7,"(48, 76)",20,26.0
25,Q-Learning,D9,"(37, 55)",11,24.0
25,Q-Learning,D10,"(92, 92)",12,26.0
25,Q-Learning,D11,"(81, 64)",14,16.0
25,Q-Learning,D12,"(97, 20)",12,26.0
25,Q-Learning,D13,"(14, 46)",5,17.0
26,Greedy,D8,"(70, 1)",14,27.0
26,Greedy,D9,"(37, 55)",12,24.0
26,Greedy,D10,"(92, 92)",13,26.0
26,Greedy,D12,"(97, 20)",13,26.0
26,Greedy,D13,"(14, 46)",6,17.0
26,Greedy,D14,"(72, 10)",2,25.0
26,Auction,D3,"(31, 95)",28,27.0
26,Auction,D6,"(20, 87)",21,29.0
26,Auction,D8,"(70, 1)",14,27.0
26,Auction,D10,"(92, 92)",13,26.0
26,Auction,D11,"(81, 64)",15,16.0
26,Auction,D12,"(97, 20)",13,26.0
26,Auction,D13,"(14, 46)",6,17.0
26,Auction,D14,"(72, 10)",2,25.0
26,Q-Learning,D3,"(31, 95)",28,27.0
26,Q-Learning,D5,"(17, 65)",25,12.0
26,Q-Learning,D6,"(20, 87)",21,29.0
26,Q-Learning,D7,"(48, 76)",21,26.0
26,Q-Learning,D9,"(37, 55)",12,24.0
26,Q-Learning,D10,"(92, 92)",13,26.0
26,Q-Learning,D11,"(81, 64)",15,16.0
26,Q-Learning,D12,"(97, 20)",13,26.0
26,Q-Learning,D13,"(14, 46)",6,17.0
26,Q-Learning,D14,"(72, 10)",2,25.0
27,Greedy,D8,"(70, 1)",15,27.0
27,Greedy,D9,"(37, 55)",13,24.0
27,Greedy,D10,"(92, 92)",14,26.0
27,Greedy,D12,"(97, 20)",14,26.0
27,Greedy,D13,"(14, 46)",7,17.0
27,Greedy,D14,"(72, 10)",3,25.0
27,Auction,D3,"(31, 95)",29,27.0
27,Auction,D6,"(20, 87)",22,29.0
27,Auction,D8,"(70, 1)",15,27.0
27,Auction,D10,"(92, 92)",14,26.0
27,Auction,D12,"(97, 20)",14,26.0
27,Auction,D13,"(14, 46)",7,17.0
27,Auction,D14,"(72, 10)",3,25.0
27,Q-Learning,D3,"(31, 95)",29,27.0
27,Q-Learning,D5,"(17, 65)",26,12.0
27,Q-Learning,D6,"(20, 87)",22,29.0
27,Q-Learning,D7,"(48, 76)",22,26.0
27,Q-Learning,D9,"(37, 55)",13,24.0
27,Q-Learning,D10,"(92, 92)",14,26.0
27,Q-Learning,D12,"(97, 20)",14,26.0
27,Q-Learning,D13,"(14, 46)",7,17.0
27,Q-Learning,D14,"(72, 10)",3,25.0
28,Greedy,D8,"(70, 1)",16,27.0
28,Greedy,D9,"(37, 55)",14,24.0
28,Greedy,D10,"(92, 92)",15,26.0
28,Greedy,D12,"(97, 20)",15,26.0
28,Greedy,D13,"(14, 46)",8,17.0
28,Greedy,D14,"(72, 10)",4,25.0
28,Greedy,D15,"(60, 70)",3,18.0
28,Auction,D3,"(31, 95)",30,27.0
28,Auction,D6,"(20, 87)",23,29.0
28,Auction,D8,"(70, 1)",16,27.0
28,Auction,D10,"(92, 92)",15,26.0
28,Auction,D12,"(97, 20)",15,26.0
28,Auction,D13,"(14, 46)",8,17.0
28,Auction,D14,"(72, 10)",4,25.0
28,Auction,D15,"(60, 70)",3,18.0
28,Q-Learning,D3,"(31, 95)",30,27.0
28,Q-Learning,D5,"(17, 65)",27,12.0
28,Q-Learning,D6,"(20, 87)",23,29.0
28,Q-Learning,D7,"(48, 76)",23,26.0
28,Q-Learning,D9,"(37, 55)",14,24.0
28,Q-Learning,D10,"(92, 92)",15,26.0
28,Q-Learning,D12,"(97, 20)",15,26.0
28,Q-Learning,D14,"(72, 10)",4,25.0
29,Greedy,D8,"(70, 1)",17,27.0
29,Greedy,D9,"(37, 55)",15,24.0
29,Greedy,D10,"(92, 92)",16,26.0
29,Greedy,D12,"(97, 20)",16,26.0
29,Greedy,D13,"(14, 46)",9,17.0
29,Greedy,D14,"(72, 10)",5,25.0
29,Greedy,D15,"(60, 70)",4,18.0
29,Auction,D3,"(31, 95)",31,27.0
29,Auction,D6,"(20, 87)",24,29.0
29,Auction,D8,"(70, 1)",17,27.0
29,Auction,D10,"(92, 92)",16,26.0
29,Auction,D12,"(97, 20)",16,26.0
29,Auction,D13,"(14, 46)",9,17.0
29,Auction,D14,"(72, 10)",5,25.0
29,Auction,D15,"(60, 70)",4,18.0
29,Q-Learning,D3,"(31, 95)",31,27.0
29,Q-Learning,D5,"(17, 65)",28,12.0
29,Q-Learning,D6,"(20, 87)",24,29.0
29,Q-Learning,D7,"(48, 76)",24,26.0
29,Q-Learning,D9,"(37, 55)",15,24.0
29,Q-Learning,D10,"(92, 92)",16,26.0
29,Q-Learning,D12,"(97, 20)",16,26.0
29,Q-Learning,D14,"(72, 10)",5,25.0
30,Greedy,D8,"(70, 1)",18,27.0
30,Greedy,D9,"(37, 55)",16,24.0
30,Greedy,D10,"(92, 92)",17,26.0
30,Greedy,D12,"(97, 20)",17,26.0
30,Greedy,D13,"(14, 46)",10,17.0
30,Greedy,D14,"(72, 10)",6,25.0
30,Greedy,D15,"(60, 70)",5,18.0
30,Auction,D3,"(31, 95)",32,27.0
30,Auction,D6,"(20, 87)",25,29.0
30,Auction,D8,"(70, 1)",18,27.0
30,Auction,D10,"(92, 92)",17,26.0
30,Auction,D12,"(97, 20)",17,26.0
30,Auction,D13,"(14, 46)",10,17.0
30,Auction,D14,"(72, 10)",6,25.0
30,Auction,D15,"(60, 70)",5,18.0
30,Q-Learning,D3,"(31, 95)",32,27.0
30,Q-Learning,D5,"(17, 65)",29,12.0
30,Q-Learning,D6,"(20, 87)",25,29.0
30,Q-Learning,D7,"(48, 76)",25,26.0
30,Q-Learning,D9,"(37, 55)",16,24.0
30,Q-Learning,D10,"(92, 92)",17,26.0
30,Q-Learning,D12,"(97, 20)",17,26.0
30,Q-Learning,D14,"(72, 10)",6,25.0
31,Greedy,D8,"(70, 1)",19,27.0
31,Greedy,D9,"(37, 55)",17,24.0
31,Greedy,D10,"(92, 92)",18,26.0
31,Greedy,D12,"(97, 20)",18,26.0
31,Greedy,D13,"(14, 46)",11,17.0
31,Greedy,D14,"(72, 10)",7,25.0
31,Greedy,D15,"(60, 70)",6,18.0
31,Auction,D6,"(20, 87)",26,29.0
31,Auction,D8,"(70, 1)",19,27.0
31,Auction,D10,"(92, 92)",18,26.0
31,Auction,D12,"(97, 20)",18,26.0
31,Auction,D13,"(14, 46)",11,17.0
31,Auction,D14,"(72, 10)",7,25.0
31,Auction,D15,"(60, 70)",6,18.0
31,Q-Learning,D3,"(31, 95)",33,27.0
31,Q-Learning,D5,"(17, 65)",30,12.0
31,Q-Learning,D6,"(20, 87)",26,29.0
31,Q-Learning,D7,"(48, 76)",26,26.0
31,Q-Learning,D9,"(37, 55)",17,24.0
31,Q-Learning,D10,"(92, 92)",18,26.0
31,Q-Learning,D12,"(97, 20)",18,26.0
31,Q-Learning,D14,"(72, 10)",7,25.0
32,Greedy,D8,"(70, 1)",20,27.0
32,Greedy,D9,"(37, 55)",18,24.0
32,Greedy,D10,"(92, 92)",19,26.0
32,Greedy,D12,"(97, 20)",19,26.0
32,Greedy,D13,"(14, 46)",12,17.0
32,Greedy,D14,"(72, 10)",8,25.0
32,Greedy,D15,"(60, 70)",7,18.0
32,Auction,D6,"(20, 87)",27,29.0
32,Auction,D8,"(70, 1)",20,27.0
32,Auction,D12,"(97, 20)",19,26.0
32,Auction,D13,"(14, 46)",12,17.0
32,Auction,D14,"(72, 10)",8,25.0
32,Auction,D15,"(60, 70)",7,18.0
32,Q-Learning,D3,"(31, 95)",34,27.0
32,Q-Learning,D5,"(17, 65)",31,12.0
32,Q-Learning,D6,"(20, 87)",27,29.0
32,Q-Learning,D7,"(48, 76)",27,26.0
32,Q-Learning,D9,"(37, 55)",18,24.0
32,Q-Learning,D12,"(97, 20)",19,26.0
32,Q-Learning,D14,"(72, 10)",8,25.0
33,Greedy,D8,"(70, 1)",21,27.0
33,Greedy,D9,"(37, 55)",19,24.0
33,Greedy,D10,"(92, 92)",20,26.0
33,Greedy,D12,"(97, 20)",20,26.0
33,Greedy,D13,"(14, 46)",13,17.0
33,Greedy,D14,"(72, 10)",9,25.0
33,Greedy,D15,"(60, 70)",8,18.0
33,Auction,D6,"(20, 87)",28,29.0
33,Auction,D8,"(70, 1)",21,27.0
33,Auction,D12,"(97, 20)",20,26.0
33,Auction,D13,"(14, 46)",13,17.0
33,Auction,D14,"(72, 10)",9,25.0
33,Auction,D15,"(60, 70)",8,18.0
33,Q-Learning,D3,"(31, 95)",35,27.0
33,Q-Learning,D5,"(17, 65)",32,12.0
33,Q-Learning,D6,"(20, 87)",28,29.0
33,Q-Learning,D7,"(48, 76)",28,26.0
33,Q-Learning,D9,"(37, 55)",19,24.0
33,Q-Learning,D12,"(97, 20)",20,26.0
33,Q-Learning,D14,"(72, 10)",9,25.0
34,Greedy,D8,"(70, 1)",22,27.0
34,Greedy,D9,"(37, 55)",20,24.0
34,Greedy,D10,"(92, 92)",21,26.0
34,Greedy,D12,"(97, 20)",21,26.0
34,Greedy,D13,"(14, 46)",14,17.0
34,Greedy,D14,"(72, 10)",10,25.0
34,Greedy,D15,"(60, 70)",9,18.0
34,Greedy,D16,"(85, 83)",6,24.0
34,Auction,D6,"(20, 87)",29,29.0
34,Auction,D8,"(70, 1)",22,27.0
34,Auction,D12,"(97, 20)",21,26.0
34,Auction,D13,"(14, 46)",14,17.0
34,Auction,D14,"(72, 10)",10,25.0
34,Auction,D15,"(60, 70)",9,18.0
34,Auction,D16,"(85, 83)",6,24.0
34,Q-Learning,D3,"(31, 95)",36,27.0
34,Q-Learning,D6,"(20, 87)",29,29.0
34,Q-Learning,D7,"(48, 76)",29,26.0
34,Q-Learning,D12,"(97, 20)",21,26.0
34,Q-Learning,D14,"(72, 10)",10,25.0
34,Q-Learning,D16,"(85, 83)",6,24.0
35,Greedy,D8,"(70, 1)",23,27.0
35,Greedy,D9,"(37, 55)",21,24.0
35,Greedy,D10,"(92, 92)",22,26.0
35,Greedy,D12,"(97, 20)",22,26.0
35,Greedy,D13,"(14, 46)",15,17.0
35,Greedy,D14,"(72, 10)",11,25.0
35,Greedy,D15,"(60, 70)",10,18.0
35,Greedy,D16,"(85, 83)",7,24.0
35,Greedy,D17,"(28, 8)",6,10.0
35,Auction,D6,"(20, 87)",30,29.0
35,Auction,D8,"(70, 1)",23,27.0
35,Auction,D12,"(97, 20)",22,26.0
35,Auction,D13,"(14, 46)",15,17.0
35,Auction,D14,"(72, 10)",11,25.0
35,Auction,D15,"(60, 70)",10,18.0
35,Auction,D16,"(85, 83)",7,24.0
35,Auction,D17,"(28, 8)",6,10.0
35,Q-Learning,D3,"(31, 95)",37,27.0
35,Q-Learning,D6,"(20, 87)",30,29.0
35,Q-Learning,D7,"(48, 76)",30,26.0
35,Q-Learning,D12,"(97, 20)",22,26.0
35,Q-Learning,D14,"(72, 10)",11,25.0
35,Q-Learning,D16,"(85, 83)",7,24.0
35,Q-Learning,D17,"(28, 8)",6,10.0
36,Greedy,D8,"(70, 1)",24,27.0
36,Greedy,D9,"(37, 55)",22,24.0
36,Greedy,D10,"(92, 92)",23,26.0
36,Greedy,D12,"(97, 20)",23,26.0
36,Greedy,D13,"(14, 46)",16,17.0
36,Greedy,D14,"(72, 10)",12,25.0
36,Greedy,D15,"(60, 70)",11,18.0
36,Greedy,D16,"(85, 83)",8,24.0
36,Greedy,D17,"(28, 8)",7,10.0
36,Auction,D6,"(20, 87)",31,29.0
36,Auction,D8,"(70, 1)",24,27.0
36,Auction,D12,"(97, 20)",23,26.0
36,Auction,D13,"(14, 46)",16,17.0
36,Auction,D14,"(72, 10)",12,25.0
36,Auction,D15,"(60, 70)",11,18.0
36,Auction,D16,"(85, 83)",8,24.0
36,Q-Learning,D3,"(31, 95)",38,27.0
36,Q-Learning,D6,"(20, 87)",31,29.0
36,Q-Learning,D7,"(48, 76)",31,26.0
36,Q-Learning,D12,"(97, 20)",23,26.0
36,Q-Learning,D14,"(72, 10)",12,25.0
36,Q-Learning,D16,"(85, 83)",8,24.0
36,Q-Learning,D17,"(28, 8)",7,10.0
37,Greedy,D8,"(70, 1)",25,27.0
37,Greedy,D9,"(37, 55)",23,24.0
37,Greedy,D10,"(92, 92)",24,26.0
37,Greedy,D12,"(97, 20)",24,26.0
37,Greedy,D13,"(14, 46)",17,17.0
37,Greedy,D14,"(72, 10)",13,25.0
37,Greedy,D15,"(60, 70)",12,18.0
37,Greedy,D16,"(85, 83)",9,24.0
37,Greedy,D17,"(28, 8)",8,10.0
37,Greedy,D18,"(28, 0)",2,30.0
37,Auction,D6,"(20, 87)",32,29.0
37,Auction,D8,"(70, 1)",25,27.0
37,Auction,D12,"(97, 20)",24,26.0
37,Auction,D13,"(14, 46)",17,17.0
37,Auction,D14,"(72, 10)",13,25.0
37,Auction,D15,"(60, 70)",12,18.0
37,Auction,D16,"(85, 83)",9,24.0
37,Auction,D18,"(28, 0)",2,30.0
37,Q-Learning,D3,"(31, 95)",39,27.0
37,Q-Learning,D6,"(20, 87)",32,29.0
37,Q-Learning,D7,"(48, 76)",32,26.0
37,Q-Learning,D12,"(97, 20)",24,26.0
37,Q-Learning,D14,"(72, 10)",13,25.0
37,Q-Learning,D16,"(85, 83)",9,24.0
37,Q-Learning,D17,"(28, 8)",8,10.0
37,Q-Learning,D18,"(28, 0)",2,30.0
38,Greedy,D8,"(70, 1)",26,27.0
38,Greedy,D9,"(37, 55)",24,24.0
38,Greedy,D10,"(92, 92)",25,26.0
38,Greedy,D12,"(97, 20)",25,26.0
38,Greedy,D13,"(14, 46)",18,17.0
38,Greedy,D14,"(72, 10)",14,25.0
38,Greedy,D15,"(60, 70)",13,18.0
38,Greedy,D16,"(85, 83)",10,24.0
38,Greedy,D17,"(28, 8)",9,10.0
38,Greedy,D18,"(28, 0)",3,30.0
38,Greedy,D19,"(8, 4)",6,12.0
38,Auction,D6,"(20, 87)",33,29.0
38,Auction,D8,"(70, 1)",26,27.0
38,Auction,D12,"(97, 20)",25,26.0
38,Auction,D13,"(14, 46)",18,17.0
38,Auction,D14,"(72, 10)",14,25.0
38,Auction,D15,"(60, 70)",13,18.0
38,Auction,D16,"(85, 83)",10,24.0
38,Auction,D18,"(28, 0)",3,30.0
38,Auction,D19,"(8, 4)",6,12.0
38,Q-Learning,D3,"(31, 95)",40,27.0
38,Q-Learning,D6,"(20, 87)",33,29.0
38,Q-Learning,D7,"(48, 76)",33,26.0
38,Q-Learning,D12,"(97, 20)",25,26.0
38,Q-Learning,D14,"(72, 10)",14,25.0
38,Q-Learning,D16,"(85, 83)",10,24.0
38,Q-Learning,D17,"(28, 8)",9,10.0
38,Q-Learning,D18,"(28, 0)",3,30.0
38,Q-Learning,D19,"(8, 4)",6,12.0
39,Greedy,D8,"(70, 1)",27,27.0
39,Greedy,D9,"(37, 55)",25,24.0
39,Greedy,D10,"(92, 92)",26,26.0
39,Greedy,D12,"(97, 20)",26,26.0
39,Greedy,D13,"(14, 46)",19,17.0
39,Greedy,D14,"(72, 10)",15,25.0
39,Greedy,D15,"(60, 70)",14,18.0
39,Greedy,D16,"(85, 83)",11,24.0
39,Greedy,D17,"(28, 8)",10,10.0
39,Greedy,D18,"(28, 0)",4,30.0
39,Greedy,D19,"(8, 4)",7,12.0
39,Auction,D6,"(20, 87)",34,29.0
39,Auction,D8,"(70, 1)",27,27.0
39,Auction,D12,"(97, 20)",26,26.0
39,Auction,D13,"(14, 46)",19,17.0
39,Auction,D14,"(72, 10)",15,25.0
39,Auction,D15,"(60, 70)",14,18.0
39,Auction,D16,"(85, 83)",11,24.0
39,Auction,D18,"(28, 0)",4,30.0
39,Auction,D19,"(8, 4)",7,12.0
39,Q-Learning,D6,"(20, 87)",34,29.0
39,Q-Learning,D7,"(48, 76)",34,26.0
39,Q-Learning,D12,"(97, 20)",26,26.0
39,Q-Learning,D14,"(72, 10)",15,25.0
39,Q-Learning,D16,"(85, 83)",11,24.0
39,Q-Learning,D17,"(28, 8)",10,10.0
39,Q-Learning,D18,"(28, 0)",4,30.0
39,Q-Learning,D19,"(8, 4)",7,12.0
40,Greedy,D8,"(70, 1)",28,27.0
40,Greedy,D9,"(37, 55)",26,24.0
40,Greedy,D10,"(92, 92)",27,26.0
40,Greedy,D12,"(97, 20)",27,26.0
40,Greedy,D13,"(14, 46)",20,17.0
40,Greedy,D14,"(72, 10)",16,25.0
40,Greedy,D15,"(60, 70)",15,18.0
40,Greedy,D16,"(85, 83)",12,24.0
40,Greedy,D18,"(28, 0)",5,30.0
40,Greedy,D19,"(8, 4)",8,12.0
40,Greedy,D20,"(62, 27)",9,14.0
40,Auction,D6,"(20, 87)",35,29.0
40,Auction,D8,"(70, 1)",28,27.0
40,Auction,D12,"(97, 20)",27,26.0
40,Auction,D13,"(14, 46)",20,17.0
40,Auction,D14,"(72, 10)",16,25.0
40,Auction,D15,"(60, 70)",15,18.0
40,Auction,D16,"(85, 83)",12,24.0
40,Auction,D18,"(28, 0)",5,30.0
40,Auction,D19,"(8, 4)",8,12.0
40,Q-Learning,D6,"(20, 87)",35,29.0
40,Q-Learning,D7,"(48, 76)",35,26.0
40,Q-Learning,D12,"(97, 20)",27,26.0
40,Q-Learning,D14,"(72, 10)",16,25.0
40,Q-Learning,D16,"(85, 83)",12,24.0
40,Q-Learning,D17,"(28, 8)",11,10.0
40,Q-Learning,D18,"(28, 0)",5,30.0
40,Q-Learning,D19,"(8, 4)",8,12.0
40,Q-Learning,D20,"(62, 27)",9,14.0
41,Greedy,D8,"(70, 1)",29,27.0
41,Greedy,D9,"(37, 55)",27,24.0
41,Greedy,D10,"(92, 92)",28,26.0
41,Greedy,D12,"(97, 20)",28,26.0
41,Greedy,D13,"(14, 46)",21,17.0
41,Greedy,D14,"(72, 10)",17,25.0
41,Greedy,D15,"(60, 70)",16,18.0
41,Greedy,D16,"(85, 83)",13,24.0
41,Greedy,D18,"(28, 0)",6,30.0
41,Greedy,D19,"(8, 4)",9,12.0
41,Greedy,D20,"(62, 27)",10,14.0
41,Auction,D8,"(70, 1)",29,27.0
41,Auction,D12,"(97, 20)",28,26.0
41,Auction,D13,"(14, 46)",21,17.0
41,Auction,D14,"(72, 10)",17,25.0
41,Auction,D15,"(60, 70)",16,18.0
41,Auction,D16,"(85, 83)",13,24.0
41,Auction,D18,"(28, 0)",6,30.0
41,Auction,D19,"(8, 4)",9,12.0
41,Q-Learning,D6,"(20, 87)",36,29.0
41,Q-Learning,D7,"(48, 76)",36,26.0
41,Q-Learning,D12,"(97, 20)",28,26.0
41,Q-Learning,D14,"(72, 10)",17,25.0
41,Q-Learning,D16,"(85, 83)",13,24.0
41,Q-Learning,D17,"(28, 8)",12,10.0
41,Q-Learning,D18,"(28, 0)",6,30.0
41,Q-Learning,D19,"(8, 4)",9,12.0
41,Q-Learning,D20,"(62, 27)",10,14.0
42,Greedy,D8,"(70, 1)",30,27.0
42,Greedy,D9,"(37, 55)",28,24.0
42,Greedy,D10,"(92, 92)",29,26.0
42,Greedy,D12,"(97, 20)",29,26.0
42,Greedy,D13,"(14, 46)",22,17.0
42,Greedy,D14,"(72, 10)",18,25.0
42,Greedy,D15,"(60, 70)",17,18.0
42,Greedy,D16,"(85, 83)",14,24.0
42,Greedy,D18,"(28, 0)",7,30.0
42,Greedy,D19,"(8, 4)",10,12.0
42,Greedy,D20,"(62, 27)",11,14.0
42,Greedy,D21,"(9, 56)",9,13.0
42,Auction,D8,"(70, 1)",30,27.0
42,Auction,D12,"(97, 20)",29,26.0
42,Auction,D13,"(14, 46)",22,17.0
42,Auction,D14,"(72, 10)",18,25.0
42,Auction,D15,"(60, 70)",17,18.0
42,Auction,D16,"(85, 83)",14,24.0
42,Auction,D18,"(28, 0)",7,30.0
42,Auction,D19,"(8, 4)",10,12.0
42,Auction,D21,"(9, 56)",9,13.0
42,Q-Learning,D6,"(20, 87)",37,29.0
42,Q-Learning,D12,"(97, 20)",29,26.0
42,Q-Learning,D14,"(72, 10)",18,25.0
42,Q-Learning,D16,"(85, 83)",14,24.0
42,Q-Learning,D17,"(28, 8)",13,10.0
42,Q-Learning,D18,"(28, 0)",7,30.0
42,Q-Learning,D19,"(8, 4)",10,12.0
42,Q-Learning,D20,"(62, 27)",11,14.0
42,Q-Learning,D21,"(9, 56)",9,13.0
43,Greedy,D8,"(70, 1)",31,27.0
43,Greedy,D9,"(37, 55)",29,24.0
43,Greedy,D10,"(92, 92)",30,26.0
43,Greedy,D12,"(97, 20)",30,26.0
43,Greedy,D13,"(14, 46)",23,17.0
43,Greedy,D14,"(72, 10)",19,25.0
43,Greedy,D15,"(60, 70)",18,18.0
43,Greedy,D16,"(85, 83)",15,24.0
43,Greedy,D18,"(28, 0)",8,30.0
43,Greedy,D19,"(8, 4)",11,12.0
43,Greedy,D20,"(62, 27)",12,14.0
43,Greedy,D21,"(9, 56)",10,13.0
43,Auction,D8,"(70, 1)",31,27.0
43,Auction,D12,"(97, 20)",30,26.0
43,Auction,D13,"(14, 46)",23,17.0
43,Auction,D14,"(72, 10)",19,25.0
43,Auction,D15,"(60, 70)",18,18.0
43,Auction,D16,"(85, 83)",15,24.0
43,Auction,D18,"(28, 0)",8,30.0
43,Auction,D19,"(8, 4)",11,12.0
43,Auction,D21,"(9, 56)",10,13.0
43,Q-Learning,D6,"(20, 87)",38,29.0
43,Q-Learning,D12,"(97, 20)",30,26.0
43,Q-Learning,D14,"(72, 10)",19,25.0
43,Q-Learning,D16,"(85, 83)",15,24.0
43,Q-Learning,D17,"(28, 8)",14,10.0
43,Q-Learning,D18,"(28, 0)",8,30.0
43,Q-Learning,D19,"(8, 4)",11,12.0
43,Q-Learning,D20,"(62, 27)",12,14.0
43,Q-Learning,D21,"(9, 56)",10,13.0
44,Greedy,D8,"(70, 1)",32,27.0
44,Greedy,D9,"(37, 55)",30,24.0
44,Greedy,D10,"(92, 92)",31,26.0
44,Greedy,D12,"(97, 20)",31,26.0
44,Greedy,D13,"(14, 46)",24,17.0
44,Greedy,D14,"(72, 10)",20,25.0
44,Greedy,D15,"(60, 70)",19,18.0
44,Greedy,D16,"(85, 83)",16,24.0
44,Greedy,D18,"(28, 0)",9,30.0
44,Greedy,D19,"(8, 4)",12,12.0
44,Greedy,D20,"(62, 27)",13,14.0
44,Greedy,D21,"(9, 56)",11,13.0
44,Greedy,D22,"(74, 61)",9,26.0
44,Auction,D8,"(70, 1)",32,27.0
44,Auction,D12,"(97, 20)",31,26.0
44,Auction,D13,"(14, 46)",24,17.0
44,Auction,D14,"(72, 10)",20,25.0
44,Auction,D15,"(60, 70)",19,18.0
44,Auction,D16,"(85, 83)",16,24.0
44,Auction,D18,"(28, 0)",9,30.0
44,Auction,D19,"(8, 4)",12,12.0
44,Auction,D21,"(9, 56)",11,13.0
44,Auction,D22,"(74, 61)",9,26.0
44,Q-Learning,D6,"(20, 87)",39,29.0
44,Q-Learning,D12,"(97, 20)",31,26.0
44,Q-Learning,D14,"(72, 10)",20,25.0
44,Q-Learning,D16,"(85, 83)",16,24.0
44,Q-Learning,D17,"(28, 8)",15,10.0
44,Q-Learning,D18,"(28, 0)",9,30.0
44,Q-Learning,D19,"(8, 4)",12,12.0
44,Q-Learning,D20,"(62, 27)",13,14.0
44,Q-Learning,D21,"(9, 56)",11,13.0
44,Q-Learning,D22,"(74, 61)",9,26.0
45,Greedy,D8,"(70, 1)",33,27.0
45,Greedy,D9,"(37, 55)",31,24.0
45,Greedy,D10,"(92, 92)",32,26.0
45,Greedy,D12,"(97, 20)",32,26.0
45,Greedy,D13,"(14, 46)",25,17.0
45,Greedy,D14,"(72, 10)",21,25.0
45,Greedy,D15,"(60, 70)",20,18.0
45,Greedy,D16,"(85, 83)",17,24.0
45,Greedy,D18,"(28, 0)",10,30.0
45,Greedy,D19,"(8, 4)",13,12.0
45,Greedy,D20,"(62, 27)",14,14.0
45,Greedy,D21,"(9, 56)",12,13.0
45,Greedy,D22,"(74, 61)",10,26.0
45,Greedy,D23,"(65, 10)",3,12.0
45,Auction,D8,"(70, 1)",33,27.0
45,Auction,D12,"(97, 20)",32,26.0
45,Auction,D13,"(14, 46)",25,17.0
45,Auction,D14,"(72, 10)",21,25.0
45,Auction,D15,"(60, 70)",20,18.0
45,Auction,D16,"(85, 83)",17,24.0
45,Auction,D18,"(28, 0)",10,30.0
45,Auction,D19,"(8, 4)",13,12.0
45,Auction,D21,"(9, 56)",12,13.0
45,Auction,D22,"(74, 61)",10,26.0
45,Auction,D23,"(65, 10)",3,12.0
45,Q-Learning,D6,"(20, 87)",40,29.0
45,Q-Learning,D12,"(97, 20)",32,26.0
45,Q-Learning,D14,"(72, 10)",21,25.0
45,Q-Learning,D16,"(85, 83)",17,24.0
45,Q-Learning,D17,"(28, 8)",16,10.0
45,Q-Learning,D18,"(28, 0)",10,30.0
45,Q-Learning,D19,"(8, 4)",13,12.0
45,Q-Learning,D20,"(62, 27)",14,14.0
45,Q-Learning,D21,"(9, 56)",12,13.0
45,Q-Learning,D22,"(74, 61)",10,26.0
45,Q-Learning,D23,"(65, 10)",3,12.0
46,Greedy,D8,"(70, 1)",34,27.0
46,Greedy,D9,"(37, 55)",32,24.0
46,Greedy,D10,"(92, 92)",33,26.0
46,Greedy,D12,"(97, 20)",33,26.0
46,Greedy,D13,"(14, 46)",26,17.0
46,Greedy,D14,"(72, 10)",22,25.0
46,Greedy,D15,"(60, 70)",21,18.0
46,Greedy,D16,"(85, 83)",18,24.0
46,Greedy,D18,"(28, 0)",11,30.0
46,Greedy,D19,"(8, 4)",14,12.0
46,Greedy,D20,"(62, 27)",15,14.0
46,Greedy,D21,"(9, 56)",13,13.0
46,Greedy,D22,"(74, 61)",11,26.0
46,Greedy,D23,"(65, 10)",4,12.0
46,Auction,D8,"(70, 1)",34,27.0
46,Auction,D12,"(97, 20)",33,26.0
46,Auction,D13,"(14, 46)",26,17.0
46,Auction,D14,"(72, 10)",22,25.0
46,Auction,D15,"(60, 70)",21,18.0
46,Auction,D16,"(85, 83)",18,24.0
46,Auction,D18,"(28, 0)",11,30.0
46,Auction,D19,"(8, 4)",14,12.0
46,Auction,D21,"(9, 56)",13,13.0
46,Auction,D22,"(74, 61)",11,26.0
46,Auction,D23,"(65, 10)",4,12.0
46,Q-Learning,D6,"(20, 87)",41,29.0
46,Q-Learning,D12,"(97, 20)",33,26.0
46,Q-Learning,D14,"(72, 10)",22,25.0
46,Q-Learning,D16,"(85, 83)",18,24.0
46,Q-Learning,D17,"(28, 8)",17,10.0
46,Q-Learning,D18,"(28, 0)",11,30.0
46,Q-Learning,D19,"(8, 4)",14,12.0
46,Q-Learning,D20,"(62, 27)",15,14.0
46,Q-Learning,D21,"(9, 56)",13,13.0
46,Q-Learning,D22,"(74, 61)",11,26.0
46,Q-Learning,D23,"(65, 10)",4,12.0
47,Greedy,D8,"(70, 1)",35,27.0
47,Greedy,D9,"(37, 55)",33,24.0
47,Greedy,D10,"(92, 92)",34,26.0
47,Greedy,D12,"(97, 20)",34,26.0
47,Greedy,D13,"(14, 46)",27,17.0
47,Greedy,D14,"(72, 10)",23,25.0
47,Greedy,D15,"(60, 70)",22,18.0
47,Greedy,D16,"(85, 83)",19,24.0
47,Greedy,D18,"(28, 0)",12,30.0
47,Greedy,D19,"(8, 4)",15,12.0
47,Greedy,D20,"(62, 27)",16,14.0
47,Greedy,D21,"(9, 56)",14,13.0
47,Greedy,D22,"(74, 61)",12,26.0
47,Greedy,D23,"(65, 10)",5,12.0
47,Auction,D8,"(70, 1)",35,27.0
47,Auction,D12,"(97, 20)",34,26.0
47,Auction,D13,"(14, 46)",27,17.0
47,Auction,D14,"(72, 10)",23,25.0
47,Auction,D15,"(60, 70)",22,18.0
47,Auction,D16,"(85, 83)",19,24.0
47,Auction,D18,"(28, 0)",12,30.0
47,Auction,D19,"(8, 4)",15,12.0
47,Auction,D21,"(9, 56)",14,13.0
47,Auction,D22,"(74, 61)",12,26.0
47,Auction,D23,"(65, 10)",5,12.0
47,Q-Learning,D6,"(20, 87)",42,29.0
47,Q-Learning,D12,"(97, 20)",34,26.0
47,Q-Learning,D14,"(72, 10)",23,25.0
47,Q-Learning,D16,"(85, 83)",19,24.0
47,Q-Learning,D17,"(28, 8)",18,10.0
47,Q-Learning,D18,"(28, 0)",12,30.0
47,Q-Learning,D19,"(8, 4)",15,12.0
47,Q-Learning,D20,"(62, 27)",16,14.0
47,Q-Learning,D21,"(9, 56)",14,13.0
47,Q-Learning,D22,"(74, 61)",12,26.0
47,Q-Learning,D23,"(65, 10)",5,12.0
48,Greedy,D8,"(70, 1)",36,27.0
48,Greedy,D9,"(37, 55)",34,24.0
48,Greedy,D10,"(92, 92)",35,26.0
48,Greedy,D12,"(97, 20)",35,26.0
48,Greedy,D13,"(14, 46)",28,17.0
48,Greedy,D14,"(72, 10)",24,25.0
48,Greedy,D15,"(60, 70)",23,18.0
48,Greedy,D16,"(85, 83)",20,24.0
48,Greedy,D18,"(28, 0)",13,30.0
48,Greedy,D19,"(8, 4)",16,12.0
48,Greedy,D20,"(62, 27)",17,14.0
48,Greedy,D21,"(9, 56)",15,13.0
48,Greedy,D22,"(74, 61)",13,26.0
48,Greedy,D23,"(65, 10)",6,12.0
48,Greedy,D24,"(15, 72)",4,28.0
48,Auction,D8,"(70, 1)",36,27.0
48,Auction,D12,"(97, 20)",35,26.0
48,Auction,D13,"(14, 46)",28,17.0
48,Auction,D14,"(72, 10)",24,25.0
48,Auction,D15,"(60, 70)",23,18.0
48,Auction,D16,"(85, 83)",20,24.0
48,Auction,D18,"(28, 0)",13,30.0
48,Auction,D19,"(8, 4)",16,12.0
48,Auction,D21,"(9, 56)",15,13.0
48,Auction,D22,"(74, 61)",13,26.0
48,Auction,D23,"(65, 10)",6,12.0
48,Auction,D24,"(15, 72)",4,28.0
48,Q-Learning,D6,"(20, 87)",43,29.0
48,Q-Learning,D12,"(97, 20)",35,26.0
48,Q-Learning,D14,"(72, 10)",24,25.0
48,Q-Learning,D16,"(85, 83)",20,24.0
48,Q-Learning,D17,"(28, 8)",19,10.0
48,Q-Learning,D18,"(28, 0)",13,30.0
48,Q-Learning,D19,"(8, 4)",16,12.0
48,Q-Learning,D20,"(62, 27)",17,14.0
48,Q-Learning,D21,"(9, 56)",15,13.0
48,Q-Learning,D22,"(74, 61)",13,26.0
48,Q-Learning,D23,"(65, 10)",6,12.0
48,Q-Learning,D24,"(15, 72)",4,28.0
49,Greedy,D8,"(70, 1)",37,27.0
49,Greedy,D9,"(37, 55)",35,24.0
49,Greedy,D10,"(92, 92)",36,26.0
49,Greedy,D12,"(97, 20)",36,26.0
49,Greedy,D13,"(14, 46)",29,17.0
49,Greedy,D14,"(72, 10)",25,25.0
49,Greedy,D15,"(60, 70)",24,18.0
49,Greedy,D16,"(85, 83)",21,24.0
49,Greedy,D18,"(28, 0)",14,30.0
49,Greedy,D19,"(8, 4)",17,12.0
49,Greedy,D20,"(62, 27)",18,14.0
49,Greedy,D21,"(9, 56)",16,13.0
49,Greedy,D22,"(74, 61)",14,26.0
49,Greedy,D23,"(65, 10)",7,12.0
49,Greedy,D24,"(15, 72)",5,28.0
49,Auction,D8,"(70, 1)",37,27.0
49,Auction,D12,"(97, 20)",36,26.0
49,Auction,D13,"(14, 46)",29,17.0
49,Auction,D14,"(72, 10)",25,25.0
49,Auction,D15,"(60, 70)",24,18.0
49,Auction,D16,"(85, 83)",21,24.0
49,Auction,D18,"(28, 0)",14,30.0
49,Auction,D19,"(8, 4)",17,12.0
49,Auction,D21,"(9, 56)",16,13.0
49,Auction,D22,"(74, 61)",14,26.0
49,Auction,D23,"(65, 10)",7,12.0
49,Auction,D24,"(15, 72)",5,28.0
49,Q-Learning,D6,"(20, 87)",44,29.0
49,Q-Learning,D12,"(97, 20)",36,26.0
49,Q-Learning,D14,"(72, 10)",25,25.0
49,Q-Learning,D16,"(85, 83)",21,24.0
49,Q-Learning,D17,"(28, 8)",20,10.0
49,Q-Learning,D18,"(28, 0)",14,30.0
49,Q-Learning,D19,"(8, 4)",17,12.0
49,Q-Learning,D20,"(62, 27)",18,14.0
49,Q-Learning,D21,"(9, 56)",16,13.0
49,Q-Learning,D22,"(74, 61)",14,26.0
49,Q-Learning,D23,"(65, 10)",7,12.0
49,Q-Learning,D24,"(15, 72)",5,28.0
50,Greedy,D8,"(70, 1)",38,27.0
50,Greedy,D9,"(37, 55)",36,24.0
50,Greedy,D10,"(92, 92)",37,26.0
50,Greedy,D12,"(97, 20)",37,26.0
50,Greedy,D13,"(14, 46)",30,17.0
50,Greedy,D14,"(72, 10)",26,25.0
50,Greedy,D15,"(60, 70)",25,18.0
50,Greedy,D16,"(85, 83)",22,24.0
50,Greedy,D18,"(28, 0)",15,30.0
50,Greedy,D19,"(8, 4)",18,12.0
50,Greedy,D20,"(62, 27)",19,14.0
50,Greedy,D21,"(9, 56)",17,13.0
50,Greedy,D22,"(74, 61)",15,26.0
50,Greedy,D23,"(65, 10)",8,12.0
50,Greedy,D24,"(15, 72)",6,28.0
50,Auction,D8,"(70, 1)",38,27.0
50,Auction,D12,"(97, 20)",37,26.0
50,Auction,D13,"(14, 46)",30,17.0
50,Auction,D14,"(72, 10)",26,25.0
50,Auction,D15,"(60, 70)",25,18.0
50,Auction,D16,"(85, 83)",22,24.0
50,Auction,D18,"(28, 0)",15,30.0
50,Auction,D19,"(8, 4)",18,12.0
50,Auction,D21,"(9, 56)",17,13.0
50,Auction,D22,"(74, 61)",15,26.0
50,Auction,D23,"(65, 10)",8,12.0
50,Auction,D24,"(15, 72)",6,28.0
50,Q-Learning,D6,"(20, 87)",45,29.0
50,Q-Learning,D12,"(97, 20)",37,26.0
50,Q-Learning,D14,"(72, 10)",26,25.0
50,Q-Learning,D16,"(85, 83)",22,24.0
50,Q-Learning,D17,"(28, 8)",21,10.0
50,Q-Learning,D18,"(28, 0)",15,30.0
50,Q-Learning,D19,"(8, 4)",18,12.0
50,Q-Learning,D20,"(62, 27)",19,14.0
50,Q-Learning,D21,"(9, 56)",17,13.0
50,Q-Learning,D22,"(74, 61)",15,26.0
50,Q-Learning,D23,"(65, 10)",8,12.0
50,Q-Learning,D24,"(15, 72)",6,28.0
51,Greedy,D8,"(70, 1)",39,27.0
51,Greedy,D9,"(37, 55)",37,24.0
51,Greedy,D10,"(92, 92)",38,26.0
51,Greedy,D12,"(97, 20)",38,26.0
51,Greedy,D13,"(14, 46)",31,17.0
51,Greedy,D14,"(72, 10)",27,25.0
51,Greedy,D15,"(60, 70)",26,18.0
51,Greedy,D16,"(85, 83)",23,24.0
51,Greedy,D18,"(28, 0)",16,30.0
51,Greedy,D19,"(8, 4)",19,12.0
51,Greedy,D20,"(62, 27)",20,14.0
51,Greedy,D21,"(9, 56)",18,13.0
51,Greedy,D22,"(74, 61)",16,26.0
51,Greedy,D23,"(65, 10)",9,12.0
51,Greedy,D24,"(15, 72)",7,28.0
51,Auction,D8,"(70, 1)",39,27.0
51,Auction,D12,"(97, 20)",38,26.0
51,Auction,D13,"(14, 46)",31,17.0
51,Auction,D14,"(72, 10)",27,25.0
51,Auction,D15,"(60, 70)",26,18.0
51,Auction,D16,"(85, 83)",23,24.0
51,Auction,D18,"(28, 0)",16,30.0
51,Auction,D19,"(8, 4)",19,12.0
51,Auction,D21,"(9, 56)",18,13.0
51,Auction,D22,"(74, 61)",16,26.0
51,Auction,D23,"(65, 10)",9,12.0
51,Auction,D24,"(15, 72)",7,28.0
51,Q-Learning,D6,"(20, 87)",46,29.0
51,Q-Learning,D12,"(97, 20)",38,26.0
51,Q-Learning,D14,"(72, 10)",27,25.0
51,Q-Learning,D16,"(85, 83)",23,24.0
51,Q-Learning,D17,"(28, 8)",22,10.0
51,Q-Learning,D18,"(28, 0)",16,30.0
51,Q-Learning,D19,"(8, 4)",19,12.0
51,Q-Learning,D20,"(62, 27)",20,14.0
51,Q-Learning,D21,"(9, 56)",18,13.0
51,Q-Learning,D22,"(74, 61)",16,26.0
51,Q-Learning,D23,"(65, 10)",9,12.0
51,Q-Learning,D24,"(15, 72)",7,28.0
52,Greedy,D8,"(70, 1)",40,27.0
52,Greedy,D9,"(37, 55)",38,24.0
52,Greedy,D10,"(92, 92)",39,26.0
52,Greedy,D12,"(97, 20)",39,26.0
52,Greedy,D13,"(14, 46)",32,17.0
52,Greedy,D14,"(72, 10)",28,25.0
52,Greedy,D15,"(60, 70)",27,18.0
52,Greedy,D16,"(85, 83)",24,24.0
52,Greedy,D18,"(28, 0)",17,30.0
52,Greedy,D19,"(8, 4)",20,12.0
52,Greedy,D20,"(62, 27)",21,14.0
52,Greedy,D21,"(9, 56)",19,13.0
52,Greedy,D22,"(74, 61)",17,26.0
52,Greedy,D23,"(65, 10)",10,12.0
52,Greedy,D24,"(15, 72)",8,28.0
52,Auction,D8,"(70, 1)",40,27.0
52,Auction,D12,"(97, 20)",39,26.0
52,Auction,D13,"(14, 46)",32,17.0
52,Auction,D14,"(72, 10)",28,25.0
52,Auction,D15,"(60, 70)",27,18.0
52,Auction,D16,"(85, 83)",24,24.0
52,Auction,D18,"(28, 0)",17,30.0
52,Auction,D19,"(8, 4)",20,12.0
52,Auction,D21,"(9, 56)",19,13.0
52,Auction,D22,"(74, 61)",17,26.0
52,Auction,D23,"(65, 10)",10,12.0
52,Auction,D24,"(15, 72)",8,28.0
52,Q-Learning,D6,"(20, 87)",47,29.0
52,Q-Learning,D12,"(97, 20)",39,26.0
52,Q-Learning,D14,"(72, 10)",28,25.0
52,Q-Learning,D16,"(85, 83)",24,24.0
52,Q-Learning,D17,"(28, 8)",23,10.0
52,Q-Learning,D18,"(28, 0)",17,30.0
52,Q-Learning,D19,"(8, 4)",20,12.0
52,Q-Learning,D20,"(62, 27)",21,14.0
52,Q-Learning,D21,"(9, 56)",19,13.0
52,Q-Learning,D22,"(74, 61)",17,26.0
52,Q-Learning,D23,"(65, 10)",10,12.0
52,Q-Learning,D24,"(15, 72)",8,28.0
53,Greedy,D8,"(70, 1)",41,27.0
53,Greedy,D9,"(37, 55)",39,24.0
53,Greedy,D10,"(92, 92)",40,26.0
53,Greedy,D12,"(97, 20)",40,26.0
53,Greedy,D13,"(14, 46)",33,17.0
53,Greedy,D14,"(72, 10)",29,25.0
53,Greedy,D15,"(60, 70)",28,18.0
53,Greedy,D16,"(85, 83)",25,24.0
53,Greedy,D18,"(28, 0)",18,30.0
53,Greedy,D19,"(8, 4)",21,12.0
53,Greedy,D20,"(62, 27)",22,14.0
53,Greedy,D21,"(9, 56)",20,13.0
53,Greedy,D22,"(74, 61)",18,26.0
53,Greedy,D23,"(65, 10)",11,12.0
53,Greedy,D24,"(15, 72)",9,28.0
53,Auction,D8,"(70, 1)",41,27.0
53,Auction,D12,"(97, 20)",40,26.0
53,Auction,D13,"(14, 46)",33,17.0
53,Auction,D14,"(72, 10)",29,25.0
53,Auction,D15,"(60, 70)",28,18.0
53,Auction,D16,"(85, 83)",25,24.0
53,Auction,D18,"(28, 0)",18,30.0
53,Auction,D19,"(8, 4)",21,12.0
53,Auction,D21,"(9, 56)",20,13.0
53,Auction,D22,"(74, 61)",18,26.0
53,Auction,D23,"(65, 10)",11,12.0
53,Auction,D24,"(15, 72)",9,28.0
53,Q-Learning,D6,"(20, 87)",48,29.0
53,Q-Learning,D12,"(97, 20)",40,26.0
53,Q-Learning,D14,"(72, 10)",29,25.0
53,Q-Learning,D16,"(85, 83)",25,24.0
53,Q-Learning,D17,"(28, 8)",24,10.0
53,Q-Learning,D18,"(28, 0)",18,30.0
53,Q-Learning,D19,"(8, 4)",21,12.0
53,Q-Learning,D20,"(62, 27)",22,14.0
53,Q-Learning,D21,"(9, 56)",20,13.0
53,Q-Learning,D22,"(74, 61)",18,26.0
53,Q-Learning,D23,"(65, 10)",11,12.0
53,Q-Learning,D24,"(15, 72)",9,28.0
54,Greedy,D8,"(70, 1)",42,27.0
54,Greedy,D9,"(37, 55)",40,24.0
54,Greedy,D10,"(92, 92)",41,26.0
54,Greedy,D12,"(97, 20)",41,26.0
54,Greedy,D13,"(14, 46)",34,17.0
54,Greedy,D14,"(72, 10)",30,25.0
54,Greedy,D15,"(60, 70)",29,18.0
54,Greedy,D16,"(85, 83)",26,24.0
54,Greedy,D18,"(28, 0)",19,30.0
54,Greedy,D19,"(8, 4)",22,12.0
54,Greedy,D20,"(62, 27)",23,14.0
54,Greedy,D21,"(9, 56)",21,13.0
54,Greedy,D22,"(74, 61)",19,26.0
54,Greedy,D23,"(65, 10)",12,12.0
54,Greedy,D24,"(15, 72)",10,28.0
54,Auction,D8,"(70, 1)",42,27.0
54,Auction,D12,"(97, 20)",41,26.0
54,Auction,D13,"(14, 46)",34,17.0
54,Auction,D14,"(72, 10)",30,25.0
54,Auction,D15,"(60, 70)",29,18.0
54,Auction,D16,"(85, 83)",26,24.0
54,Auction,D18,"(28, 0)",19,30.0
54,Auction,D19,"(8, 4)",22,12.0
54,Auction,D21,"(9, 56)",21,13.0
54,Auction,D22,"(74, 61)",19,26.0
54,Auction,D23,"(65, 10)",12,12.0
54,Auction,D24,"(15, 72)",10,28.0
54,Q-Learning,D6,"(20, 87)",49,29.0
54,Q-Learning,D12,"(97, 20)",41,26.0
54,Q-Learning,D14,"(72, 10)",30,25.0
54,Q-Learning,D16,"(85, 83)",26,24.0
54,Q-Learning,D17,"(28, 8)",25,10.0
54,Q-Learning,D18,"(28, 0)",19,30.0
54,Q-Learning,D19,"(8, 4)",22,12.0
54,Q-Learning,D20,"(62, 27)",23,14.0
54,Q-Learning,D21,"(9, 56)",21,13.0
54,Q-Learning,D22,"(74, 61)",19,26.0
54,Q-Learning,D23,"(65, 10)",12,12.0
54,Q-Learning,D24,"(15, 72)",10,28.0
55,Greedy,D8,"(70, 1)",43,27.0
55,Greedy,D9,"(37, 55)",41,24.0
55,Greedy,D10,"(92, 92)",42,26.0
55,Greedy,D12,"(97, 20)",42,26.0
55,Greedy,D13,"(14, 46)",35,17.0
55,Greedy,D14,"(72, 10)",31,25.0
55,Greedy,D15,"(60, 70)",30,18.0
55,Greedy,D16,"(85, 83)",27,24.0
55,Greedy,D18,"(28, 0)",20,30.0
55,Greedy,D19,"(8, 4)",23,12.0
55,Greedy,D20,"(62, 27)",24,14.0
55,Greedy,D21,"(9, 56)",22,13.0
55,Greedy,D22,"(74, 61)",20,26.0
55,Greedy,D23,"(65, 10)",13,12.0
55,Greedy,D24,"(15, 72)",11,28.0
55,Auction,D8,"(70, 1)",43,27.0
55,Auction,D12,"(97, 20)",42,26.0
55,Auction,D13,"(14, 46)",35,17.0
55,Auction,D14,"(72, 10)",31,25.0
55,Auction,D15,"(60, 70)",30,18.0
55,Auction,D16,"(85, 83)",27,24.0
55,Auction,D18,"(28, 0)",20,30.0
55,Auction,D19,"(8, 4)",23,12.0
55,Auction,D21,"(9, 56)",22,13.0
55,Auction,D22,"(74, 61)",20,26.0
55,Auction,D23,"(65, 10)",13,12.0
55,Auction,D24,"(15, 72)",11,28.0
55,Q-Learning,D6,"(20, 87)",50,29.0
55,Q-Learning,D12,"(97, 20)",42,26.0
55,Q-Learning,D14,"(72, 10)",31,25.0
55,Q-Learning,D16,"(85, 83)",27,24.0
55,Q-Learning,D17,"(28, 8)",26,10.0
55,Q-Learning,D18,"(28, 0)",20,30.0
55,Q-Learning,D19,"(8, 4)",23,12.0
55,Q-Learning,D20,"(62, 27)",24,14.0
55,Q-Learning,D21,"(9, 56)",22,13.0
55,Q-Learning,D22,"(74, 61)",20,26.0
55,Q-Learning,D23,"(65, 10)",13,12.0
55,Q-Learning,D24,"(15, 72)",11,28.0
56,Greedy,D8,"(70, 1)",44,27.0
56,Greedy,D10,"(92, 92)",43,26.0
56,Greedy,D12,"(97, 20)",43,26.0
56,Greedy,D13,"(14, 46)",36,17.0
56,Greedy,D14,"(72, 10)",32,25.0
56,Greedy,D15,"(60, 70)",31,18.0
56,Greedy,D16,"(85, 83)",28,24.0
56,Greedy,D18,"(28, 0)",21,30.0
56,Greedy,D19,"(8, 4)",24,12.0
56,Greedy,D20,"(62, 27)",25,14.0
56,Greedy,D21,"(9, 56)",23,13.0
56,Greedy,D22,"(74, 61)",21,26.0
56,Greedy,D23,"(65, 10)",14,12.0
56,Greedy,D24,"(15, 72)",12,28.0
56,Auction,D8,"(70, 1)",44,27.0
56,Auction,D12,"(97, 20)",43,26.0
56,Auction,D13,"(14, 46)",36,17.0
56,Auction,D14,"(72, 10)",32,25.0
56,Auction,D15,"(60, 70)",31,18.0
56,Auction,D16,"(85, 83)",28,24.0
56,Auction,D18,"(28, 0)",21,30.0
56,Auction,D19,"(8, 4)",24,12.0
56,Auction,D21,"(9, 56)",23,13.0
56,Auction,D22,"(74, 61)",21,26.0
56,Auction,D23,"(65, 10)",14,12.0
56,Auction,D24,"(15, 72)",12,28.0
56,Q-Learning,D6,"(20, 87)",51,29.0
56,Q-Learning,D12,"(97, 20)",43,26.0
56,Q-Learning,D14,"(72, 10)",32,25.0
56,Q-Learning,D16,"(85, 83)",28,24.0
56,Q-Learning,D17,"(28, 8)",27,10.0
56,Q-Learning,D18,"(28, 0)",21,30.0
56,Q-Learning,D19,"(8, 4)",24,12.0
56,Q-Learning,D20,"(62, 27)",25,14.0
56,Q-Learning,D21,"(9, 56)",23,13.0
56,Q-Learning,D22,"(74, 61)",21,26.0
56,Q-Learning,D23,"(65, 10)",14,12.0
56,Q-Learning,D24,"(15, 72)",12,28.0
57,Greedy,D10,"(92, 92)",44,26.0
57,Greedy,D12,"(97, 20)",44,26.0
57,Greedy,D13,"(14, 46)",37,17.0
57,Greedy,D14,"(72, 10)",33,25.0
57,Greedy,D15,"(60, 70)",32,18.0
57,Greedy,D16,"(85, 83)",29,24.0
57,Greedy,D18,"(28, 0)",22,30.0
57,Greedy,D19,"(8, 4)",25,12.0
57,Greedy,D20,"(62, 27)",26,14.0
57,Greedy,D21,"(9, 56)",24,13.0
57,Greedy,D22,"(74, 61)",22,26.0
57,Greedy,D23,"(65, 10)",15,12.0
57,Greedy,D24,"(15, 72)",13,28.0
57,Auction,D8,"(70, 1)",45,27.0
57,Auction,D12,"(97, 20)",44,26.0
57,Auction,D13,"(14, 46)",37,17.0
57,Auction,D14,"(72, 10)",33,25.0
57,Auction,D15,"(60, 70)",32,18.0
57,Auction,D16,"(85, 83)",29,24.0
57,Auction,D18,"(28, 0)",22,30.0
57,Auction,D19,"(8, 4)",25,12.0
57,Auction,D21,"(9, 56)",24,13.0
57,Auction,D22,"(74, 61)",22,26.0
57,Auction,D23,"(65, 10)",15,12.0
57,Auction,D24,"(15, 72)",13,28.0
57,Q-Learning,D6,"(20, 87)",52,29.0
57,Q-Learning,D12,"(97, 20)",44,26.0
57,Q-Learning,D14,"(72, 10)",33,25.0
57,Q-Learning,D16,"(85, 83)",29,24.0
57,Q-Learning,D17,"(28, 8)",28,10.0
57,Q-Learning,D18,"(28, 0)",22,30.0
57,Q-Learning,D19,"(8, 4)",25,12.0
57,Q-Learning,D20,"(62, 27)",26,14.0
57,Q-Learning,D21,"(9, 56)",24,13.0
57,Q-Learning,D22,"(74, 61)",22,26.0
57,Q-Learning,D23,"(65, 10)",15,12.0
57,Q-Learning,D24,"(15, 72)",13,28.0
58,Greedy,D10,"(92, 92)",45,26.0
58,Greedy,D12,"(97, 20)",45,26.0
58,Greedy,D13,"(14, 46)",38,17.0
58,Greedy,D14,"(72, 10)",34,25.0
58,Greedy,D15,"(60, 70)",33,18.0
58,Greedy,D16,"(85, 83)",30,24.0
58,Greedy,D18,"(28, 0)",23,30.0
58,Greedy,D19,"(8, 4)",26,12.0
58,Greedy,D20,"(62, 27)",27,14.0
58,Greedy,D21,"(9, 56)",25,13.0
58,Greedy,D22,"(74, 61)",23,26.0
58,Greedy,D23,"(65, 10)",16,12.0
58,Greedy,D24,"(15, 72)",14,28.0
58,Auction,D8,"(70, 1)",46,27.0
58,Auction,D12,"(97, 20)",45,26.0
58,Auction,D13,"(14, 46)",38,17.0
58,Auction,D14,"(72, 10)",34,25.0
58,Auction,D15,"(60, 70)",33,18.0
58,Auction,D16,"(85, 83)",30,24.0
58,Auction,D18,"(28, 0)",23,30.0
58,Auction,D19,"(8, 4)",26,12.0
58,Auction,D21,"(9, 56)",25,13.0
58,Auction,D22,"(74, 61)",23,26.0
58,Auction,D23,"(65, 10)",16,12.0
58,Auction,D24,"(15, 72)",14,28.0
58,Q-Learning,D6,"(20, 87)",53,29.0
58,Q-Learning,D12,"(97, 20)",45,26.0
58,Q-Learning,D14,"(72, 10)",34,25.0
58,Q-Learning,D16,"(85, 83)",30,24.0
58,Q-Learning,D17,"(28, 8)",29,10.0
58,Q-Learning,D18,"(28, 0)",23,30.0
58,Q-Learning,D19,"(8, 4)",26,12.0
58,Q-Learning,D20,"(62, 27)",27,14.0
58,Q-Learning,D21,"(9, 56)",25,13.0
58,Q-Learning,D22,"(74, 61)",23,26.0
58,Q-Learning,D23,"(65, 10)",16,12.0
58,Q-Learning,D24,"(15, 72)",14,28.0
59,Greedy,D10,"(92, 92)",46,26.0
59,Greedy,D12,"(97, 20)",46,26.0
59,Greedy,D13,"(14, 46)",39,17.0
59,Greedy,D14,"(72, 10)",35,25.0
59,Greedy,D15,"(60, 70)",34,18.0
59,Greedy,D16,"(85, 83)",31,24.0
59,Greedy,D18,"(28, 0)",24,30.0
59,Greedy,D19,"(8, 4)",27,12.0
59,Greedy,D20,"(62, 27)",28,14.0
59,Greedy,D21,"(9, 56)",26,13.0
59,Greedy,D22,"(74, 61)",24,26.0
59,Greedy,D23,"(65, 10)",17,12.0
59,Greedy,D24,"(15, 72)",15,28.0
59,Auction,D8,"(70, 1)",47,27.0
59,Auction,D12,"(97, 20)",46,26.0
59,Auction,D13,"(14, 46)",39,17.0
59,Auction,D14,"(72, 10)",35,25.0
59,Auction,D15,"(60, 70)",34,18.0
59,Auction,D16,"(85, 83)",31,24.0
59,Auction,D18,"(28, 0)",24,30.0
59,Auction,D19,"(8, 4)",27,12.0
59,Auction,D21,"(9, 56)",26,13.0
59,Auction,D22,"(74, 61)",24,26.0
59,Auction,D23,"(65, 10)",17,12.0
59,Auction,D24,"(15, 72)",15,28.0
59,Q-Learning,D6,"(20, 87)",54,29.0
59,Q-Learning,D12,"(97, 20)",46,26.0
59,Q-Learning,D14,"(72, 10)",35,25.0
59,Q-Learning,D16,"(85, 83)",31,24.0
59,Q-Learning,D17,"(28, 8)",30,10.0
59,Q-Learning,D18,"(28, 0)",24,30.0
59,Q-Learning,D19,"(8, 4)",27,12.0
59,Q-Learning,D20,"(62, 27)",28,14.0
59,Q-Learning,D21,"(9, 56)",26,13.0
59,Q-Learning,D22,"(74, 61)",24,26.0
59,Q-Learning,D23,"(65, 10)",17,12.0
59,Q-Learning,D24,"(15, 72)",15,28.0
60,Greedy,D10,"(92, 92)",47,26.0
60,Greedy,D12,"(97, 20)",47,26.0
60,Greedy,D13,"(14, 46)",40,17.0
60,Greedy,D14,"(72, 10)",36,25.0
60,Greedy,D15,"(60, 70)",35,18.0
60,Greedy,D16,"(85, 83)",32,24.0
60,Greedy,D18,"(28, 0)",25,30.0
60,Greedy,D19,"(8, 4)",28,12.0
60,Greedy,D20,"(62, 27)",29,14.0
60,Greedy,D21,"(9, 56)",27,13.0
60,Greedy,D22,"(74, 61)",25,26.0
60,Greedy,D23,"(65, 10)",18,12.0
60,Greedy,D24,"(15, 72)",16,28.0
60,Greedy,D25,"(91, 25)",2,28.0
60,Auction,D8,"(70, 1)",48,27.0
60,Auction,D12,"(97, 20)",47,26.0
60,Auction,D13,"(14, 46)",40,17.0
60,Auction,D14,"(72, 10)",36,25.0
60,Auction,D15,"(60, 70)",35,18.0
60,Auction,D16,"(85, 83)",32,24.0
60,Auction,D18,"(28, 0)",25,30.0
60,Auction,D19,"(8, 4)",28,12.0
60,Auction,D21,"(9, 56)",27,13.0
60,Auction,D22,"(74, 61)",25,26.0
60,Auction,D23,"(65, 10)",18,12.0
60,Auction,D24,"(15, 72)",16,28.0
60,Auction,D25,"(91, 25)",2,28.0
60,Q-Learning,D6,"(20, 87)",55,29.0
60,Q-Learning,D12,"(97, 20)",47,26.0
60,Q-Learning,D14,"(72, 10)",36,25.0
60,Q-Learning,D16,"(85, 83)",32,24.0
60,Q-Learning,D17,"(28, 8)",31,10.0
60,Q-Learning,D18,"(28, 0)",25,30.0
60,Q-Learning,D19,"(8, 4)",28,12.0
60,Q-Learning,D20,"(62, 27)",29,14.0
60,Q-Learning,D21,"(9, 56)",27,13.0
60,Q-Learning,D22,"(74, 61)",25,26.0
60,Q-Learning,D23,"(65, 10)",18,12.0
60,Q-Learning,D24,"(15, 72)",16,28.0
60,Q-Learning,D25,"(91, 25)",2,28.0
61,Greedy,D10,"(92, 92)",48,26.0
61,Greedy,D12,"(97, 20)",48,26.0
61,Greedy,D13,"(14, 46)",41,17.0
61,Greedy,D14,"(72, 10)",37,25.0
61,Greedy,D15,"(60, 70)",36,18.0
61,Greedy,D16,"(85, 83)",33,24.0
61,Greedy,D18,"(28, 0)",26,30.0
61,Greedy,D19,"(8, 4)",29,12.0
61,Greedy,D20,"(62, 27)",30,14.0
61,Greedy,D21,"(9, 56)",28,13.0
61,Greedy,D22,"(74, 61)",26,26.0
61,Greedy,D23,"(65, 10)",19,12.0
61,Greedy,D24,"(15, 72)",17,28.0
61,Greedy,D25,"(91, 25)",3,28.0
61,Greedy,D26,"(93, 75)",5,20.0
61,Auction,D8,"(70, 1)",49,27.0
61,Auction,D12,"(97, 20)",48,26.0
61,Auction,D13,"(14, 46)",41,17.0
61,Auction,D14,"(72, 10)",37,25.0
61,Auction,D15,"(60, 70)",36,18.0
61,Auction,D16,"(85, 83)",33,24.0
61,Auction,D18,"(28, 0)",26,30.0
61,Auction,D19,"(8, 4)",29,12.0
61,Auction,D21,"(9, 56)",28,13.0
61,Auction,D22,"(74, 61)",26,26.0
61,Auction,D23,"(65, 10)",19,12.0
61,Auction,D24,"(15, 72)",17,28.0
61,Auction,D25,"(91, 25)",3,28.0
61,Q-Learning,D6,"(20, 87)",56,29.0
61,Q-Learning,D12,"(97, 20)",48,26.0
61,Q-Learning,D14,"(72, 10)",37,25.0
61,Q-Learning,D16,"(85, 83)",33,24.0
61,Q-Learning,D17,"(28, 8)",32,10.0
61,Q-Learning,D18,"(28, 0)",26,30.0
61,Q-Learning,D19,"(8, 4)",29,12.0
61,Q-Learning,D20,"(62, 27)",30,14.0
61,Q-Learning,D21,"(9, 56)",28,13.0
61,Q-Learning,D22,"(74, 61)",26,26.0
61,Q-Learning,D23,"(65, 10)",19,12.0
61,Q-Learning,D24,"(15, 72)",17,28.0
61,Q-Learning,D25,"(91, 25)",3,28.0
62,Greedy,D10,"(92, 92)",49,26.0
62,Greedy,D12,"(97, 20)",49,26.0
62,Greedy,D13,"(14, 46)",42,17.0
62,Greedy,D14,"(72, 10)",38,25.0
62,Greedy,D15,"(60, 70)",37,18.0
62,Greedy,D16,"(85, 83)",34,24.0
62,Greedy,D18,"(28, 0)",27,30.0
62,Greedy,D19,"(8, 4)",30,12.0
62,Greedy,D20,"(62, 27)",31,14.0
62,Greedy,D21,"(9, 56)",29,13.0
62,Greedy,D22,"(74, 61)",27,26.0
62,Greedy,D23,"(65, 10)",20,12.0
62,Greedy,D24,"(15, 72)",18,28.0
62,Greedy,D25,"(91, 25)",4,28.0
62,Greedy,D26,"(93, 75)",6,20.0
62,Auction,D8,"(70, 1)",50,27.0
62,Auction,D12,"(97, 20)",49,26.0
62,Auction,D13,"(14, 46)",42,17.0
62,Auction,D14,"(72, 10)",38,25.0
62,Auction,D15,"(60, 70)",37,18.0
62,Auction,D16,"(85, 83)",34,24.0
62,Auction,D18,"(28, 0)",27,30.0
62,Auction,D19,"(8, 4)",30,12.0
62,Auction,D21,"(9, 56)",29,13.0
62,Auction,D22,"(74, 61)",27,26.0
62,Auction,D23,"(65, 10)",20,12.0
62,Auction,D24,"(15, 72)",18,28.0
62,Auction,D25,"(91, 25)",4,28.0
62,Q-Learning,D6,"(20, 87)",57,29.0
62,Q-Learning,D12,"(97, 20)",49,26.0
62,Q-Learning,D14,"(72, 10)",38,25.0
62,Q-Learning,D16,"(85, 83)",34,24.0
62,Q-Learning,D17,"(28, 8)",33,10.0
62,Q-Learning,D18,"(28, 0)",27,30.0
62,Q-Learning,D19,"(8, 4)",30,12.0
62,Q-Learning,D20,"(62, 27)",31,14.0
62,Q-Learning,D21,"(9, 56)",29,13.0
62,Q-Learning,D22,"(74, 61)",27,26.0
62,Q-Learning,D23,"(65, 10)",20,12.0
62,Q-Learning,D24,"(15, 72)",18,28.0
62,Q-Learning,D25,"(91, 25)",4,28.0
63,Greedy,D10,"(92, 92)",50,26.0
63,Greedy,D12,"(97, 20)",50,26.0
63,Greedy,D13,"(14, 46)",43,17.0
63,Greedy,D14,"(72, 10)",39,25.0
63,Greedy,D15,"(60, 70)",38,18.0
63,Greedy,D16,"(85, 83)",35,24.0
63,Greedy,D18,"(28, 0)",28,30.0
63,Greedy,D19,"(8, 4)",31,12.0
63,Greedy,D20,"(62, 27)",32,14.0
63,Greedy,D21,"(9, 56)",30,13.0
63,Greedy,D22,"(74, 61)",28,26.0
63,Greedy,D23,"(65, 10)",21,12.0
63,Greedy,D24,"(15, 72)",19,28.0
63,Greedy,D25,"(91, 25)",5,28.0
63,Greedy,D26,"(93, 75)",7,20.0
63,Greedy,D27,"(12, 24)",5,17.0
63,Auction,D8,"(70, 1)",51,27.0
63,Auction,D12,"(97, 20)",50,26.0
63,Auction,D13,"(14, 46)",43,17.0
63,Auction,D14,"(72, 10)",39,25.0
63,Auction,D15,"(60, 70)",38,18.0
63,Auction,D16,"(85, 83)",35,24.0
63,Auction,D18,"(28, 0)",28,30.0
63,Auction,D19,"(8, 4)",31,12.0
63,Auction,D21,"(9, 56)",30,13.0
63,Auction,D22,"(74, 61)",28,26.0
63,Auction,D23,"(65, 10)",21,12.0
63,Auction,D24,"(15, 72)",19,28.0
63,Auction,D25,"(91, 25)",5,28.0
63,Auction,D27,"(12, 24)",5,17.0
63,Q-Learning,D6,"(20, 87)",58,29.0
63,Q-Learning,D12,"(97, 20)",50,26.0
63,Q-Learning,D14,"(72, 10)",39,25.0
63,Q-Learning,D16,"(85, 83)",35,24.0
63,Q-Learning,D17,"(28, 8)",34,10.0
63,Q-Learning,D18,"(28, 0)",28,30.0
63,Q-Learning,D19,"(8, 4)",31,12.0
63,Q-Learning,D20,"(62, 27)",32,14.0
63,Q-Learning,D21,"(9, 56)",30,13.0
63,Q-Learning,D22,"(74, 61)",28,26.0
63,Q-Learning,D23,"(65, 10)",21,12.0
63,Q-Learning,D24,"(15, 72)",19,28.0
63,Q-Learning,D25,"(91, 25)",5,28.0
63,Q-Learning,D27,"(12, 24)",5,17.0
64,Greedy,D10,"(92, 92)",51,26.0
64,Greedy,D12,"(97, 20)",51,26.0
64,Greedy,D13,"(14, 46)",44,17.0
64,Greedy,D14,"(72, 10)",40,25.0
64,Greedy,D15,"(60, 70)",39,18.0
64,Greedy,D16,"(85, 83)",36,24.0
64,Greedy,D18,"(28, 0)",29,30.0
64,Greedy,D19,"(8, 4)",32,12.0
64,Greedy,D20,"(62, 27)",33,14.0
64,Greedy,D21,"(9, 56)",31,13.0
64,Greedy,D22,"(74, 61)",29,26.0
64,Greedy,D23,"(65, 10)",22,12.0
64,Greedy,D24,"(15, 72)",20,28.0
64,Greedy,D25,"(91, 25)",6,28.0
64,Greedy,D26,"(93, 75)",8,20.0
64,Greedy,D27,"(12, 24)",6,17.0
64,Auction,D8,"(70, 1)",52,27.0
64,Auction,D12,"(97, 20)",51,26.0
64,Auction,D13,"(14, 46)",44,17.0
64,Auction,D14,"(72, 10)",40,25.0
64,Auction,D15,"(60, 70)",39,18.0
64,Auction,D16,"(85, 83)",36,24.0
64,Auction,D18,"(28, 0)",29,30.0
64,Auction,D19,"(8, 4)",32,12.0
64,Auction,D21,"(9, 56)",31,13.0
64,Auction,D22,"(74, 61)",29,26.0
64,Auction,D23,"(65, 10)",22,12.0
64,Auction,D24,"(15, 72)",20,28.0
64,Auction,D25,"(91, 25)",6,28.0
64,Auction,D27,"(12, 24)",6,17.0
64,Q-Learning,D6,"(20, 87)",59,29.0
64,Q-Learning,D12,"(97, 20)",51,26.0
64,Q-Learning,D14,"(72, 10)",40,25.0
64,Q-Learning,D16,"(85, 83)",36,24.0
64,Q-Learning,D17,"(28, 8)",35,10.0
64,Q-Learning,D18,"(28, 0)",29,30.0
64,Q-Learning,D19,"(8, 4)",32,12.0
64,Q-Learning,D20,"(62, 27)",33,14.0
64,Q-Learning,D21,"(9, 56)",31,13.0
64,Q-Learning,D22,"(74, 61)",29,26.0
64,Q-Learning,D23,"(65, 10)",22,12.0
64,Q-Learning,D24,"(15, 72)",20,28.0
64,Q-Learning,D25,"(91, 25)",6,28.0
64,Q-Learning,D27,"(12, 24)",6,17.0
65,Greedy,D10,"(92, 92)",52,26.0
65,Greedy,D12,"(97, 20)",52,26.0
65,Greedy,D13,"(14, 46)",45,17.0
65,Greedy,D14,"(72, 10)",41,25.0
65,Greedy,D15,"(60, 70)",40,18.0
65,Greedy,D16,"(85, 83)",37,24.0
65,Greedy,D18,"(28, 0)",30,30.0
65,Greedy,D19,"(8, 4)",33,12.0
65,Greedy,D20,"(62, 27)",34,14.0
65,Greedy,D21,"(9, 56)",32,13.0
65,Greedy,D22,"(74, 61)",30,26.0
65,Greedy,D23,"(65, 10)",23,12.0
65,Greedy,D24,"(15, 72)",21,28.0
65,Greedy,D25,"(91, 25)",7,28.0
65,Greedy,D26,"(93, 75)",9,20.0
65,Greedy,D27,"(12, 24)",7,17.0
65,Auction,D8,"(70, 1)",53,27.0
65,Auction,D12,"(97, 20)",52,26.0
65,Auction,D13,"(14, 46)",45,17.0
65,Auction,D14,"(72, 10)",41,25.0
65,Auction,D16,"(85, 83)",37,24.0
65,Auction,D18,"(28, 0)",30,30.0
65,Auction,D19,"(8, 4)",33,12.0
65,Auction,D21,"(9, 56)",32,13.0
65,Auction,D22,"(74, 61)",30,26.0
65,Auction,D23,"(65, 10)",23,12.0
65,Auction,D24,"(15, 72)",21,28.0
65,Auction,D25,"(91, 25)",7,28.0
65,Auction,D27,"(12, 24)",7,17.0
65,Q-Learning,D6,"(20, 87)",60,29.0
65,Q-Learning,D12,"(97, 20)",52,26.0
65,Q-Learning,D14,"(72, 10)",41,25.0
65,Q-Learning,D16,"(85, 83)",37,24.0
65,Q-Learning,D17,"(28, 8)",36,10.0
65,Q-Learning,D18,"(28, 0)",30,30.0
65,Q-Learning,D19,"(8, 4)",33,12.0
65,Q-Learning,D20,"(62, 27)",34,14.0
65,Q-Learning,D21,"(9, 56)",32,13.0
65,Q-Learning,D22,"(74, 61)",30,26.0
65,Q-Learning,D23,"(65, 10)",23,12.0
65,Q-Learning,D24,"(15, 72)",21,28.0
65,Q-Learning,D25,"(91, 25)",7,28.0
65,Q-Learning,D27,"(12, 24)",7,17.0
66,Greedy,D10,"(92, 92)",53,26.0
66,Greedy,D12,"(97, 20)",53,26.0
66,Greedy,D13,"(14, 46)",46,17.0
66,Greedy,D14,"(72, 10)",42,25.0
66,Greedy,D15,"(60, 70)",41,18.0
66,Greedy,D16,"(85, 83)",38,24.0
66,Greedy,D18,"(28, 0)",31,30.0
66,Greedy,D19,"(8, 4)",34,12.0
66,Greedy,D20,"(62, 27)",35,14.0
66,Greedy,D21,"(9, 56)",33,13.0
66,Greedy,D22,"(74, 61)",31,26.0
66,Greedy,D23,"(65, 10)",24,12.0
66,Greedy,D24,"(15, 72)",22,28.0
66,Greedy,D25,"(91, 25)",8,28.0
66,Greedy,D26,"(93, 75)",10,20.0
66,Greedy,D27,"(12, 24)",8,17.0
66,Greedy,D28,"(29, 86)",10,28.0
66,Auction,D8,"(70, 1)",54,27.0
66,Auction,D12,"(97, 20)",53,26.0
66,Auction,D13,"(14, 46)",46,17.0
66,Auction,D14,"(72, 10)",42,25.0
66,Auction,D16,"(85, 83)",38,24.0
66,Auction,D18,"(28, 0)",31,30.0
66,Auction,D19,"(8, 4)",34,12.0
66,Auction,D21,"(9, 56)",33,13.0
66,Auction,D22,"(74, 61)",31,26.0
66,Auction,D23,"(65, 10)",24,12.0
66,Auction,D24,"(15, 72)",22,28.0
66,Auction,D25,"(91, 25)",8,28.0
66,Auction,D27,"(12, 24)",8,17.0
66,Auction,D28,"(29, 86)",10,28.0
66,Q-Learning,D6,"(20, 87)",61,29.0
66,Q-Learning,D12,"(97, 20)",53,26.0
66,Q-Learning,D14,"(72, 10)",42,25.0
66,Q-Learning,D16,"(85, 83)",38,24.0
66,Q-Learning,D17,"(28, 8)",37,10.0
66,Q-Learning,D18,"(28, 0)",31,30.0
66,Q-Learning,D19,"(8, 4)",34,12.0
66,Q-Learning,D20,"(62, 27)",35,14.0
66,Q-Learning,D21,"(9, 56)",33,13.0
66,Q-Learning,D22,"(74, 61)",31,26.0
66,Q-Learning,D23,"(65, 10)",24,12.0
66,Q-Learning,D24,"(15, 72)",22,28.0
66,Q-Learning,D25,"(91, 25)",8,28.0
66,Q-Learning,D27,"(12, 24)",8,17.0
66,Q-Learning,D28,"(29, 86)",10,28.0
67,Greedy,D10,"(92, 92)",54,26.0
67,Greedy,D12,"(97, 20)",54,26.0
67,Greedy,D13,"(14, 46)",47,17.0
67,Greedy,D14,"(72, 10)",43,25.0
67,Greedy,D15,"(60, 70)",42,18.0
67,Greedy,D16,"(85, 83)",39,24.0
67,Greedy,D18,"(28, 0)",32,30.0
67,Greedy,D19,"(8, 4)",35,12.0
67,Greedy,D20,"(62, 27)",36,14.0
67,Greedy,D21,"(9, 56)",34,13.0
67,Greedy,D22,"(74, 61)",32,26.0
67,Greedy,D23,"(65, 10)",25,12.0
67,Greedy,D24,"(15, 72)",23,28.0
67,Greedy,D25,"(91, 25)",9,28.0
67,Greedy,D26,"(93, 75)",11,20.0
67,Greedy,D27,"(12, 24)",9,17.0
67,Greedy,D28,"(29, 86)",11,28.0
67,Auction,D8,"(70, 1)",55,27.0
67,Auction,D12,"(97, 20)",54,26.0
67,Auction,D13,"(14, 46)",47,17.0
67,Auction,D14,"(72, 10)",43,25.0
67,Auction,D16,"(85, 83)",39,24.0
67,Auction,D18,"(28, 0)",32,30.0
67,Auction,D19,"(8, 4)",35,12.0
67,Auction,D21,"(9, 56)",34,13.0
67,Auction,D22,"(74, 61)",32,26.0
67,Auction,D23,"(65, 10)",25,12.0
67,Auction,D24,"(15, 72)",23,28.0
67,Auction,D25,"(91, 25)",9,28.0
67,Auction,D27,"(12, 24)",9,17.0
67,Auction,D28,"(29, 86)",11,28.0
67,Auction,D29,"(98, 51)",9,10.0
67,Q-Learning,D6,"(20, 87)",62,29.0
67,Q-Learning,D12,"(97, 20)",54,26.0
67,Q-Learning,D14,"(72, 10)",43,25.0
67,Q-Learning,D16,"(85, 83)",39,24.0
67,Q-Learning,D17,"(28, 8)",38,10.0
67,Q-Learning,D18,"(28, 0)",32,30.0
67,Q-Learning,D19,"(8, 4)",35,12.0
67,Q-Learning,D20,"(62, 27)",36,14.0
67,Q-Learning,D21,"(9, 56)",34,13.0
67,Q-Learning,D22,"(74, 61)",32,26.0
67,Q-Learning,D23,"(65, 10)",25,12.0
67,Q-Learning,D24,"(15, 72)",23,28.0
67,Q-Learning,D25,"(91, 25)",9,28.0
67,Q-Learning,D27,"(12, 24)",9,17.0
67,Q-Learning,D28,"(29, 86)",11,28.0
67,Q-Learning,D29,"(98, 51)",9,10.0
68,Greedy,D10,"(92, 92)",55,26.0
68,Greedy,D12,"(97, 20)",55,26.0
68,Greedy,D13,"(14, 46)",48,17.0
68,Greedy,D14,"(72, 10)",44,25.0
68,Greedy,D15,"(60, 70)",43,18.0
68,Greedy,D16,"(85, 83)",40,24.0
68,Greedy,D18,"(28, 0)",33,30.0
68,Greedy,D19,"(8, 4)",36,12.0
68,Greedy,D20,"(62, 27)",37,14.0
68,Greedy,D21,"(9, 56)",35,13.0
68,Greedy,D22,"(74, 61)",33,26.0
68,Greedy,D23,"(65, 10)",26,12.0
68,Greedy,D24,"(15, 72)",24,28.0
68,Greedy,D25,"(91, 25)",10,28.0
68,Greedy,D26,"(93, 75)",12,20.0
68,Greedy,D27,"(12, 24)",10,17.0
68,Greedy,D28,"(29, 86)",12,28.0
68,Greedy,D30,"(15, 82)",3,25.0
68,Auction,D8,"(70, 1)",56,27.0
68,Auction,D12,"(97, 20)",55,26.0
68,Auction,D13,"(14, 46)",48,17.0
68,Auction,D14,"(72, 10)",44,25.0
68,Auction,D16,"(85, 83)",40,24.0
68,Auction,D18,"(28, 0)",33,30.0
68,Auction,D19,"(8, 4)",36,12.0
68,Auction,D21,"(9, 56)",35,13.0
68,Auction,D22,"(74, 61)",33,26.0
68,Auction,D23,"(65, 10)",26,12.0
68,Auction,D24,"(15, 72)",24,28.0
68,Auction,D25,"(91, 25)",10,28.0
68,Auction,D27,"(12, 24)",10,17.0
68,Auction,D28,"(29, 86)",12,28.0
68,Auction,D29,"(98, 51)",10,10.0
68,Auction,D30,"(15, 82)",3,25.0
68,Q-Learning,D6,"(20, 87)",63,29.0
68,Q-Learning,D12,"(97, 20)",55,26.0
68,Q-Learning,D14,"(72, 10)",44,25.0
68,Q-Learning,D16,"(85, 83)",40,24.0
68,Q-Learning,D17,"(28, 8)",39,10.0
68,Q-Learning,D18,"(28, 0)",33,30.0
68,Q-Learning,D19,"(8, 4)",36,12.0
68,Q-Learning,D20,"(62, 27)",37,14.0
68,Q-Learning,D21,"(9, 56)",35,13.0
68,Q-Learning,D22,"(74, 61)",33,26.0
68,Q-Learning,D23,"(65, 10)",26,12.0
68,Q-Learning,D24,"(15, 72)",24,28.0
68,Q-Learning,D25,"(91, 25)",10,28.0
68,Q-Learning,D27,"(12, 24)",10,17.0
68,Q-Learning,D28,"(29, 86)",12,28.0
68,Q-Learning,D29,"(98, 51)",10,10.0
68,Q-Learning,D30,"(15, 82)",3,25.0
69,Greedy,D10,"(92, 92)",56,26.0
69,Greedy,D12,"(97, 20)",56,26.0
69,Greedy,D13,"(14, 46)",49,17.0
69,Greedy,D14,"(72, 10)",45,25.0
69,Greedy,D15,"(60, 70)",44,18.0
69,Greedy,D16,"(85, 83)",41,24.0
69,Greedy,D18,"(28, 0)",34,30.0
69,Greedy,D19,"(8, 4)",37,12.0
69,Greedy,D20,"(62, 27)",38,14.0
69,Greedy,D21,"(9, 56)",36,13.0
69,Greedy,D22,"(74, 61)",34,26.0
69,Greedy,D23,"(65, 10)",27,12.0
69,Greedy,D24,"(15, 72)",25,28.0
69,Greedy,D25,"(91, 25)",11,28.0
69,Greedy,D26,"(93, 75)",13,20.0
69,Greedy,D27,"(12, 24)",11,17.0
69,Greedy,D28,"(29, 86)",13,28.0
69,Greedy,D30,"(15, 82)",4,25.0
69,Auction,D8,"(70, 1)",57,27.0
69,Auction,D12,"(97, 20)",56,26.0
69,Auction,D13,"(14, 46)",49,17.0
69,Auction,D14,"(72, 10)",45,25.0
69,Auction,D16,"(85, 83)",41,24.0
69,Auction,D18,"(28, 0)",34,30.0
69,Auction,D19,"(8, 4)",37,12.0
69,Auction,D21,"(9, 56)",36,13.0
69,Auction,D22,"(74, 61)",34,26.0
69,Auction,D23,"(65, 10)",27,12.0
69,Auction,D24,"(15, 72)",25,28.0
69,Auction,D25,"(91, 25)",11,28.0
69,Auction,D27,"(12, 24)",11,17.0
69,Auction,D28,"(29, 86)",13,28.0
69,Auction,D29,"(98, 51)",11,10.0
69,Auction,D30,"(15, 82)",4,25.0
69,Q-Learning,D6,"(20, 87)",64,29.0
69,Q-Learning,D12,"(97, 20)",56,26.0
69,Q-Learning,D14,"(72, 10)",45,25.0
69,Q-Learning,D16,"(85, 83)",41,24.0
69,Q-Learning,D17,"(28, 8)",40,10.0
69,Q-Learning,D18,"(28, 0)",34,30.0
69,Q-Learning,D19,"(8, 4)",37,12.0
69,Q-Learning,D20,"(62, 27)",38,14.0
69,Q-Learning,D21,"(9, 56)",36,13.0
69,Q-Learning,D22,"(74, 61)",34,26.0
69,Q-Learning,D23,"(65, 10)",27,12.0
69,Q-Learning,D24,"(15, 72)",25,28.0
69,Q-Learning,D25,"(91, 25)",11,28.0
69,Q-Learning,D27,"(12, 24)",11,17.0
69,Q-Learning,D28,"(29, 86)",13,28.0
69,Q-Learning,D29,"(98, 51)",11,10.0
69,Q-Learning,D30,"(15, 82)",4,25.0
70,Greedy,D10,"(92, 92)",57,26.0
70,Greedy,D12,"(97, 20)",57,26.0
70,Greedy,D13,"(14, 46)",50,17.0
70,Greedy,D14,"(72, 10)",46,25.0
70,Greedy,D15,"(60, 70)",45,18.0
70,Greedy,D16,"(85, 83)",42,24.0
70,Greedy,D18,"(28, 0)",35,30.0
70,Greedy,D19,"(8, 4)",38,12.0
70,Greedy,D20,"(62, 27)",39,14.0
70,Greedy,D21,"(9, 56)",37,13.0
70,Greedy,D22,"(74, 61)",35,26.0
70,Greedy,D23,"(65, 10)",28,12.0
70,Greedy,D24,"(15, 72)",26,28.0
70,Greedy,D25,"(91, 25)",12,28.0
70,Greedy,D26,"(93, 75)",14,20.0
70,Greedy,D27,"(12, 24)",12,17.0
70,Greedy,D28,"(29, 86)",14,28.0
70,Greedy,D30,"(15, 82)",5,25.0
70,Greedy,D31,"(18, 52)",3,12.0
70,Auction,D8,"(70, 1)",58,27.0
70,Auction,D12,"(97, 20)",57,26.0
70,Auction,D13,"(14, 46)",50,17.0
70,Auction,D14,"(72, 10)",46,25.0
70,Auction,D16,"(85, 83)",42,24.0
70,Auction,D18,"(28, 0)",35,30.0
70,Auction,D19,"(8, 4)",38,12.0
70,Auction,D21,"(9, 56)",37,13.0
70,Auction,D22,"(74, 61)",35,26.0
70,Auction,D23,"(65, 10)",28,12.0
70,Auction,D24,"(15, 72)",26,28.0
70,Auction,D25,"(91, 25)",12,28.0
70,Auction,D27,"(12, 24)",12,17.0
70,Auction,D28,"(29, 86)",14,28.0
70,Auction,D29,"(98, 51)",12,10.0
70,Auction,D30,"(15, 82)",5,25.0
70,Auction,D31,"(18, 52)",3,12.0
70,Q-Learning,D6,"(20, 87)",65,29.0
70,Q-Learning,D12,"(97, 20)",57,26.0
70,Q-Learning,D14,"(72, 10)",46,25.0
70,Q-Learning,D16,"(85, 83)",42,24.0
70,Q-Learning,D17,"(28, 8)",41,10.0
70,Q-Learning,D18,"(28, 0)",35,30.0
70,Q-Learning,D19,"(8, 4)",38,12.0
70,Q-Learning,D20,"(62, 27)",39,14.0
70,Q-Learning,D21,"(9, 56)",37,13.0
70,Q-Learning,D22,"(74, 61)",35,26.0
70,Q-Learning,D23,"(65, 10)",28,12.0
70,Q-Learning,D24,"(15, 72)",26,28.0
70,Q-Learning,D25,"(91, 25)",12,28.0
70,Q-Learning,D27,"(12, 24)",12,17.0
70,Q-Learning,D28,"(29, 86)",14,28.0
70,Q-Learning,D29,"(98, 51)",12,10.0
70,Q-Learning,D30,"(15, 82)",5,25.0
70,Q-Learning,D31,"(18, 52)",3,12.0
71,Greedy,D10,"(92, 92)",58,26.0
71,Greedy,D12,"(97, 20)",58,26.0
71,Greedy,D13,"(14, 46)",51,17.0
71,Greedy,D14,"(72, 10)",47,25.0
71,Greedy,D15,"(60, 70)",46,18.0
71,Greedy,D16,"(85, 83)",43,24.0
71,Greedy,D18,"(28, 0)",36,30.0
71,Greedy,D19,"(8, 4)",39,12.0
71,Greedy,D20,"(62, 27)",40,14.0
71,Greedy,D21,"(9, 56)",38,13.0
71,Greedy,D22,"(74, 61)",36,26.0
71,Greedy,D23,"(65, 10)",29,12.0
71,Greedy,D24,"(15, 72)",27,28.0
71,Greedy,D25,"(91, 25)",13,28.0
71,Greedy,D26,"(93, 75)",15,20.0
71,Greedy,D27,"(12, 24)",13,17.0
71,Greedy,D28,"(29, 86)",15,28.0
71,Greedy,D30,"(15, 82)",6,25.0
71,Greedy,D31,"(18, 52)",4,12.0
71,Auction,D8,"(70, 1)",59,27.0
71,Auction,D12,"(97, 20)",58,26.0
71,Auction,D13,"(14, 46)",51,17.0
71,Auction,D14,"(72, 10)",47,25.0
71,Auction,D16,"(85, 83)",43,24.0
71,Auction,D18,"(28, 0)",36,30.0
71,Auction,D19,"(8, 4)",39,12.0
71,Auction,D21,"(9, 56)",38,13.0
71,Auction,D22,"(74, 61)",36,26.0
71,Auction,D23,"(65, 10)",29,12.0
71,Auction,D24,"(15, 72)",27,28.0
71,Auction,D25,"(91, 25)",13,28.0
71,Auction,D27,"(12, 24)",13,17.0
71,Auction,D28,"(29, 86)",15,28.0
71,Auction,D29,"(98, 51)",13,10.0
71,Auction,D30,"(15, 82)",6,25.0
71,Auction,D31,"(18, 52)",4,12.0
71,Q-Learning,D6,"(20, 87)",66,29.0
71,Q-Learning,D12,"(97, 20)",58,26.0
71,Q-Learning,D14,"(72, 10)",47,25.0
71,Q-Learning,D16,"(85, 83)",43,24.0
71,Q-Learning,D17,"(28, 8)",42,10.0
71,Q-Learning,D18,"(28, 0)",36,30.0
71,Q-Learning,D19,"(8, 4)",39,12.0
71,Q-Learning,D20,"(62, 27)",40,14.0
71,Q-Learning,D21,"(9, 56)",38,13.0
71,Q-Learning,D22,"(74, 61)",36,26.0
71,Q-Learning,D23,"(65, 10)",29,12.0
71,Q-Learning,D24,"(15, 72)",27,28.0
71,Q-Learning,D25,"(91, 25)",13,28.0
71,Q-Learning,D27,"(12, 24)",13,17.0
71,Q-Learning,D28,"(29, 86)",15,28.0
71,Q-Learning,D29,"(98, 51)",13,10.0
71,Q-Learning,D30,"(15, 82)",6,25.0
71,Q-Learning,D31,"(18, 52)",4,12.0
72,Greedy,D10,"(92, 92)",59,26.0
72,Greedy,D12,"(97, 20)",59,26.0
72,Greedy,D13,"(14, 46)",52,17.0
72,Greedy,D14,"(72, 10)",48,25.0
72,Greedy,D15,"(60, 70)",47,18.0
72,Greedy,D16,"(85, 83)",44,24.0
72,Greedy,D18,"(28, 0)",37,30.0
72,Greedy,D19,"(8, 4)",40,12.0
72,Greedy,D20,"(62, 27)",41,14.0
72,Greedy,D21,"(9, 56)",39,13.0
72,Greedy,D22,"(74, 61)",37,26.0
72,Greedy,D23,"(65, 10)",30,12.0
72,Greedy,D24,"(15, 72)",28,28.0
72,Greedy,D25,"(91, 25)",14,28.0
72,Greedy,D26,"(93, 75)",16,20.0
72,Greedy,D27,"(12, 24)",14,17.0
72,Greedy,D28,"(29, 86)",16,28.0
72,Greedy,D30,"(15, 82)",7,25.0
72,Greedy,D31,"(18, 52)",5,12.0
72,Greedy,D32,"(84, 50)",5,10.0
72,Auction,D8,"(70, 1)",60,27.0
72,Auction,D12,"(97, 20)",59,26.0
72,Auction,D13,"(14, 46)",52,17.0
72,Auction,D14,"(72, 10)",48,25.0
72,Auction,D16,"(85, 83)",44,24.0
72,Auction,D18,"(28, 0)",37,30.0
72,Auction,D19,"(8, 4)",40,12.0
72,Auction,D21,"(9, 56)",39,13.0
72,Auction,D22,"(74, 61)",37,26.0
72,Auction,D23,"(65, 10)",30,12.0
72,Auction,D24,"(15, 72)",28,28.0
72,Auction,D25,"(91, 25)",14,28.0
72,Auction,D27,"(12, 24)",14,17.0
72,Auction,D28,"(29, 86)",16,28.0
72,Auction,D29,"(98, 51)",14,10.0
72,Auction,D30,"(15, 82)",7,25.0
72,Auction,D31,"(18, 52)",5,12.0
72,Q-Learning,D6,"(20, 87)",67,29.0
72,Q-Learning,D12,"(97, 20)",59,26.0
72,Q-Learning,D14,"(72, 10)",48,25.0
72,Q-Learning,D16,"(85, 83)",44,24.0
72,Q-Learning,D17,"(28, 8)",43,10.0
72,Q-Learning,D18,"(28, 0)",37,30.0
72,Q-Learning,D19,"(8, 4)",40,12.0
72,Q-Learning,D20,"(62, 27)",41,14.0
72,Q-Learning,D21,"(9, 56)",39,13.0
72,Q-Learning,D22,"(74, 61)",37,26.0
72,Q-Learning,D23,"(65, 10)",30,12.0
72,Q-Learning,D24,"(15, 72)",28,28.0
72,Q-Learning,D25,"(91, 25)",14,28.0
72,Q-Learning,D27,"(12, 24)",14,17.0
72,Q-Learning,D28,"(29, 86)",16,28.0
72,Q-Learning,D29,"(98, 51)",14,10.0
72,Q-Learning,D30,"(15, 82)",7,25.0
72,Q-Learning,D31,"(18, 52)",5,12.0
73,Greedy,D10,"(92, 92)",60,26.0
73,Greedy,D12,"(97, 20)",60,26.0
73,Greedy,D13,"(14, 46)",53,17.0
73,Greedy,D14,"(72, 10)",49,25.0
73,Greedy,D15,"(60, 70)",48,18.0
73,Greedy,D16,"(85, 83)",45,24.0
73,Greedy,D18,"(28, 0)",38,30.0
73,Greedy,D19,"(8, 4)",41,12.0
73,Greedy,D20,"(62, 27)",42,14.0
73,Greedy,D21,"(9, 56)",40,13.0
73,Greedy,D22,"(74, 61)",38,26.0
73,Greedy,D23,"(65, 10)",31,12.0
73,Greedy,D24,"(15, 72)",29,28.0
73,Greedy,D25,"(91, 25)",15,28.0
73,Greedy,D26,"(93, 75)",17,20.0
73,Greedy,D27,"(12, 24)",15,17.0
73,Greedy,D28,"(29, 86)",17,28.0
73,Greedy,D30,"(15, 82)",8,25.0
73,Greedy,D31,"(18, 52)",6,12.0
73,Greedy,D32,"(84, 50)",6,10.0
73,Greedy,D33,"(96, 28)",7,27.0
73,Auction,D8,"(70, 1)",61,27.0
73,Auction,D12,"(97, 20)",60,26.0
73,Auction,D13,"(14, 46)",53,17.0
73,Auction,D14,"(72, 10)",49,25.0
73,Auction,D16,"(85, 83)",45,24.0
73,Auction,D18,"(28, 0)",38,30.0
73,Auction,D19,"(8, 4)",41,12.0
73,Auction,D21,"(9, 56)",40,13.0
73,Auction,D22,"(74, 61)",38,26.0
73,Auction,D23,"(65, 10)",31,12.0
73,Auction,D24,"(15, 72)",29,28.0
73,Auction,D25,"(91, 25)",15,28.0
73,Auction,D27,"(12, 24)",15,17.0
73,Auction,D28,"(29, 86)",17,28.0
73,Auction,D29,"(98, 51)",15,10.0
73,Auction,D30,"(15, 82)",8,25.0
73,Auction,D31,"(18, 52)",6,12.0
73,Auction,D33,"(96, 28)",7,27.0
73,Q-Learning,D6,"(20, 87)",68,29.0
73,Q-Learning,D12,"(97, 20)",60,26.0
73,Q-Learning,D14,"(72, 10)",49,25.0
73,Q-Learning,D16,"(85, 83)",45,24.0
73,Q-Learning,D17,"(28, 8)",44,10.0
73,Q-Learning,D18,"(28, 0)",38,30.0
73,Q-Learning,D19,"(8, 4)",41,12.0
73,Q-Learning,D20,"(62, 27)",42,14.0
73,Q-Learning,D21,"(9, 56)",40,13.0
73,Q-Learning,D22,"(74, 61)",38,26.0
73,Q-Learning,D23,"(65, 10)",31,12.0
73,Q-Learning,D24,"(15, 72)",29,28.0
73,Q-Learning,D25,"(91, 25)",15,28.0
73,Q-Learning,D27,"(12, 24)",15,17.0
73,Q-Learning,D28,"(29, 86)",17,28.0
73,Q-Learning,D30,"(15, 82)",8,25.0
73,Q-Learning,D31,"(18, 52)",6,12.0
73,Q-Learning,D33,"(96, 28)",7,27.0
74,Greedy,D10,"(92, 92)",61,26.0
74,Greedy,D12,"(97, 20)",61,26.0
74,Greedy,D13,"(14, 46)",54,17.0
74,Greedy,D14,"(72, 10)",50,25.0
74,Greedy,D15,"(60, 70)",49,18.0
74,Greedy,D16,"(85, 83)",46,24.0
74,Greedy,D18,"(28, 0)",39,30.0
74,Greedy,D19,"(8, 4)",42,12.0
74,Greedy,D20,"(62, 27)",43,14.0
74,Greedy,D21,"(9, 56)",41,13.0
74,Greedy,D22,"(74, 61)",39,26.0
74,Greedy,D23,"(65, 10)",32,12.0
74,Greedy,D24,"(15, 72)",30,28.0
74,Greedy,D25,"(91, 25)",16,28.0
74,Greedy,D26,"(93, 75)",18,20.0
74,Greedy,D27,"(12, 24)",16,17.0
74,Greedy,D28,"(29, 86)",18,28.0
74,Greedy,D30,"(15, 82)",9,25.0
74,Greedy,D31,"(18, 52)",7,12.0
74,Greedy,D32,"(84, 50)",7,10.0
74,Greedy,D33,"(96, 28)",8,27.0
74,Auction,D8,"(70, 1)",62,27.0
74,Auction,D12,"(97, 20)",61,26.0
74,Auction,D13,"(14, 46)",54,17.0
74,Auction,D14,"(72, 10)",50,25.0
74,Auction,D16,"(85, 83)",46,24.0
74,Auction,D18,"(28, 0)",39,30.0
74,Auction,D19,"(8, 4)",42,12.0
74,Auction,D21,"(9, 56)",41,13.0
74,Auction,D22,"(74, 61)",39,26.0
74,Auction,D23,"(65, 10)",32,12.0
74,Auction,D24,"(15, 72)",30,28.0
74,Auction,D25,"(91, 25)",16,28.0
74,Auction,D27,"(12, 24)",16,17.0
74,Auction,D28,"(29, 86)",18,28.0
74,Auction,D29,"(98, 51)",16,10.0
74,Auction,D30,"(15, 82)",9,25.0
74,Auction,D31,"(18, 52)",7,12.0
74,Auction,D33,"(96, 28)",8,27.0
74,Q-Learning,D6,"(20, 87)",69,29.0
74,Q-Learning,D12,"(97, 20)",61,26.0
74,Q-Learning,D14,"(72, 10)",50,25.0
74,Q-Learning,D16,"(85, 83)",46,24.0
74,Q-Learning,D17,"(28, 8)",45,10.0
74,Q-Learning,D18,"(28, 0)",39,30.0
74,Q-Learning,D19,"(8, 4)",42,12.0
74,Q-Learning,D20,"(62, 27)",43,14.0
74,Q-Learning,D21,"(9, 56)",41,13.0
74,Q-Learning,D22,"(74, 61)",39,26.0
74,Q-Learning,D23,"(65, 10)",32,12.0
74,Q-Learning,D24,"(15, 72)",30,28.0
74,Q-Learning,D25,"(91, 25)",16,28.0
74,Q-Learning,D27,"(12, 24)",16,17.0
74,Q-Learning,D28,"(29, 86)",18,28.0
74,Q-Learning,D30,"(15, 82)",9,25.0
74,Q-Learning,D31,"(18, 52)",7,12.0
74,Q-Learning,D33,"(96, 28)",8,27.0
75,Greedy,D10,"(92, 92)",62,26.0
75,Greedy,D12,"(97, 20)",62,26.0
75,Greedy,D13,"(14, 46)",55,17.0
75,Greedy,D14,"(72, 10)",51,25.0
75,Greedy,D15,"(60, 70)",50,18.0
75,Greedy,D16,"(85, 83)",47,24.0
75,Greedy,D18,"(28, 0)",40,30.0
75,Greedy,D19,"(8, 4)",43,12.0
75,Greedy,D20,"(62, 27)",44,14.0
75,Greedy,D21,"(9, 56)",42,13.0
75,Greedy,D22,"(74, 61)",40,26.0
75,Greedy,D23,"(65, 10)",33,12.0
75,Greedy,D24,"(15, 72)",31,28.0
75,Greedy,D25,"(91, 25)",17,28.0
75,Greedy,D26,"(93, 75)",19,20.0
75,Greedy,D27,"(12, 24)",17,17.0
75,Greedy,D28,"(29, 86)",19,28.0
75,Greedy,D30,"(15, 82)",10,25.0
75,Greedy,D31,"(18, 52)",8,12.0
75,Greedy,D32,"(84, 50)",8,10.0
75,Greedy,D33,"(96, 28)",9,27.0
75,Auction,D8,"(70, 1)",63,27.0
75,Auction,D12,"(97, 20)",62,26.0
75,Auction,D13,"(14, 46)",55,17.0
75,Auction,D14,"(72, 10)",51,25.0
75,Auction,D16,"(85, 83)",47,24.0
75,Auction,D18,"(28, 0)",40,30.0
75,Auction,D19,"(8, 4)",43,12.0
75,Auction,D21,"(9, 56)",42,13.0
75,Auction,D22,"(74, 61)",40,26.0
75,Auction,D23,"(65, 10)",33,12.0
75,Auction,D24,"(15, 72)",31,28.0
75,Auction,D25,"(91, 25)",17,28.0
75,Auction,D27,"(12, 24)",17,17.0
75,Auction,D28,"(29, 86)",19,28.0
75,Auction,D29,"(98, 51)",17,10.0
75,Auction,D30,"(15, 82)",10,25.0
75,Auction,D31,"(18, 52)",8,12.0
75,Auction,D33,"(96, 28)",9,27.0
75,Q-Learning,D6,"(20, 87)",70,29.0
75,Q-Learning,D12,"(97, 20)",62,26.0
75,Q-Learning,D14,"(72, 10)",51,25.0
75,Q-Learning,D16,"(85, 83)",47,24.0
75,Q-Learning,D17,"(28, 8)",46,10.0
75,Q-Learning,D18,"(28, 0)",40,30.0
75,Q-Learning,D19,"(8, 4)",43,12.0
75,Q-Learning,D20,"(62, 27)",44,14.0
75,Q-Learning,D21,"(9, 56)",42,13.0
75,Q-Learning,D22,"(74, 61)",40,26.0
75,Q-Learning,D23,"(65, 10)",33,12.0
75,Q-Learning,D24,"(15, 72)",31,28.0
75,Q-Learning,D25,"(91, 25)",17,28.0
75,Q-Learning,D27,"(12, 24)",17,17.0
75,Q-Learning,D28,"(29, 86)",19,28.0
75,Q-Learning,D30,"(15, 82)",10,25.0
75,Q-Learning,D31,"(18, 52)",8,12.0
75,Q-Learning,D33,"(96, 28)",9,27.0
76,Greedy,D10,"(92, 92)",63,26.0
76,Greedy,D12,"(97, 20)",63,26.0
76,Greedy,D13,"(14, 46)",56,17.0
76,Greedy,D14,"(72, 10)",52,25.0
76,Greedy,D15,"(60, 70)",51,18.0
76,Greedy,D16,"(85, 83)",48,24.0
76,Greedy,D18,"(28, 0)",41,30.0
76,Greedy,D19,"(8, 4)",44,12.0
76,Greedy,D20,"(62, 27)",45,14.0
76,Greedy,D21,"(9, 56)",43,13.0
76,Greedy,D22,"(74, 61)",41,26.0
76,Greedy,D23,"(65, 10)",34,12.0
76,Greedy,D24,"(15, 72)",32,28.0
76,Greedy,D25,"(91, 25)",18,28.0
76,Greedy,D26,"(93, 75)",20,20.0
76,Greedy,D27,"(12, 24)",18,17.0
76,Greedy,D28,"(29, 86)",20,28.0
76,Greedy,D30,"(15, 82)",11,25.0
76,Greedy,D31,"(18, 52)",9,12.0
76,Greedy,D32,"(84, 50)",9,10.0
76,Greedy,D33,"(96, 28)",10,27.0
76,Auction,D8,"(70, 1)",64,27.0
76,Auction,D12,"(97, 20)",63,26.0
76,Auction,D13,"(14, 46)",56,17.0
76,Auction,D14,"(72, 10)",52,25.0
76,Auction,D16,"(85, 83)",48,24.0
76,Auction,D18,"(28, 0)",41,30.0
76,Auction,D19,"(8, 4)",44,12.0
76,Auction,D21,"(9, 56)",43,13.0
76,Auction,D22,"(74, 61)",41,26.0
76,Auction,D23,"(65, 10)",34,12.0
76,Auction,D24,"(15, 72)",32,28.0
76,Auction,D25,"(91, 25)",18,28.0
76,Auction,D27,"(12, 24)",18,17.0
76,Auction,D28,"(29, 86)",20,28.0
76,Auction,D29,"(98, 51)",18,10.0
76,Auction,D30,"(15, 82)",11,25.0
76,Auction,D31,"(18, 52)",9,12.0
76,Auction,D33,"(96, 28)",10,27.0
76,Q-Learning,D6,"(20, 87)",71,29.0
76,Q-Learning,D12,"(97, 20)",63,26.0
76,Q-Learning,D14,"(72, 10)",52,25.0
76,Q-Learning,D16,"(85, 83)",48,24.0
76,Q-Learning,D18,"(28, 0)",41,30.0
76,Q-Learning,D19,"(8, 4)",44,12.0
76,Q-Learning,D20,"(62, 27)",45,14.0
76,Q-Learning,D21,"(9, 56)",43,13.0
76,Q-Learning,D22,"(74, 61)",41,26.0
76,Q-Learning,D23,"(65, 10)",34,12.0
76,Q-Learning,D24,"(15, 72)",32,28.0
76,Q-Learning,D25,"(91, 25)",18,28.0
76,Q-Learning,D27,"(12, 24)",18,17.0
76,Q-Learning,D28,"(29, 86)",20,28.0
76,Q-Learning,D30,"(15, 82)",11,25.0
76,Q-Learning,D31,"(18, 52)",9,12.0
76,Q-Learning,D33,"(96, 28)",10,27.0
77,Greedy,D10,"(92, 92)",64,26.0
77,Greedy,D12,"(97, 20)",64,26.0
77,Greedy,D13,"(14, 46)",57,17.0
77,Greedy,D14,"(72, 10)",53,25.0
77,Greedy,D15,"(60, 70)",52,18.0
77,Greedy,D16,"(85, 83)",49,24.0
77,Greedy,D18,"(28, 0)",42,30.0
77,Greedy,D19,"(8, 4)",45,12.0
77,Greedy,D20,"(62, 27)",46,14.0
77,Greedy,D21,"(9, 56)",44,13.0
77,Greedy,D22,"(74, 61)",42,26.0
77,Greedy,D23,"(65, 10)",35,12.0
77,Greedy,D24,"(15, 72)",33,28.0
77,Greedy,D25,"(91, 25)",19,28.0
77,Greedy,D26,"(93, 75)",21,20.0
77,Greedy,D27,"(12, 24)",19,17.0
77,Greedy,D28,"(29, 86)",21,28.0
77,Greedy,D30,"(15, 82)",12,25.0
77,Greedy,D31,"(18, 52)",10,12.0
77,Greedy,D32,"(84, 50)",10,10.0
77,Greedy,D33,"(96, 28)",11,27.0
77,Auction,D8,"(70, 1)",65,27.0
77,Auction,D12,"(97, 20)",64,26.0
77,Auction,D13,"(14, 46)",57,17.0
77,Auction,D14,"(72, 10)",53,25.0
77,Auction,D16,"(85, 83)",49,24.0
77,Auction,D18,"(28, 0)",42,30.0
77,Auction,D19,"(8, 4)",45,12.0
77,Auction,D21,"(9, 56)",44,13.0
77,Auction,D22,"(74, 61)",42,26.0
77,Auction,D23,"(65, 10)",35,12.0
77,Auction,D24,"(15, 72)",33,28.0
77,Auction,D25,"(91, 25)",19,28.0
77,Auction,D27,"(12, 24)",19,17.0
77,Auction,D28,"(29, 86)",21,28.0
77,Auction,D29,"(98, 51)",19,10.0
77,Auction,D30,"(15, 82)",12,25.0
77,Auction,D31,"(18, 52)",10,12.0
77,Auction,D33,"(96, 28)",11,27.0
77,Q-Learning,D6,"(20, 87)",72,29.0
77,Q-Learning,D12,"(97, 20)",64,26.0
77,Q-Learning,D14,"(72, 10)",53,25.0
77,Q-Learning,D16,"(85, 83)",49,24.0
77,Q-Learning,D18,"(28, 0)",42,30.0
77,Q-Learning,D19,"(8, 4)",45,12.0
77,Q-Learning,D20,"(62, 27)",46,14.0
77,Q-Learning,D21,"(9, 56)",44,13.0
77,Q-Learning,D22,"(74, 61)",42,26.0
77,Q-Learning,D23,"(65, 10)",35,12.0
77,Q-Learning,D24,"(15, 72)",33,28.0
77,Q-Learning,D25,"(91, 25)",19,28.0
77,Q-Learning,D27,"(12, 24)",19,17.0
77,Q-Learning,D28,"(29, 86)",21,28.0
77,Q-Learning,D30,"(15, 82)",12,25.0
77,Q-Learning,D31,"(18, 52)",10,12.0
77,Q-Learning,D33,"(96, 28)",11,27.0
78,Greedy,D10,"(92, 92)",65,26.0
78,Greedy,D12,"(97, 20)",65,26.0
78,Greedy,D13,"(14, 46)",58,17.0
78,Greedy,D14,"(72, 10)",54,25.0
78,Greedy,D15,"(60, 70)",53,18.0
78,Greedy,D16,"(85, 83)",50,24.0
78,Greedy,D18,"(28, 0)",43,30.0
78,Greedy,D19,"(8, 4)",46,12.0
78,Greedy,D20,"(62, 27)",47,14.0
78,Greedy,D21,"(9, 56)",45,13.0
78,Greedy,D22,"(74, 61)",43,26.0
78,Greedy,D23,"(65, 10)",36,12.0
78,Greedy,D24,"(15, 72)",34,28.0
78,Greedy,D25,"(91, 25)",20,28.0
78,Greedy,D26,"(93, 75)",22,20.0
78,Greedy,D27,"(12, 24)",20,17.0
78,Greedy,D28,"(29, 86)",22,28.0
78,Greedy,D30,"(15, 82)",13,25.0
78,Greedy,D31,"(18, 52)",11,12.0
78,Greedy,D32,"(84, 50)",11,10.0
78,Greedy,D33,"(96, 28)",12,27.0
78,Auction,D8,"(70, 1)",66,27.0
78,Auction,D12,"(97, 20)",65,26.0
78,Auction,D13,"(14, 46)",58,17.0
78,Auction,D14,"(72, 10)",54,25.0
78,Auction,D16,"(85, 83)",50,24.0
78,Auction,D18,"(28, 0)",43,30.0
78,Auction,D19,"(8, 4)",46,12.0
78,Auction,D21,"(9, 56)",45,13.0
78,Auction,D22,"(74, 61)",43,26.0
78,Auction,D23,"(65, 10)",36,12.0
78,Auction,D24,"(15, 72)",34,28.0
78,Auction,D25,"(91, 25)",20,28.0
78,Auction,D27,"(12, 24)",20,17.0
78,Auction,D28,"(29, 86)",22,28.0
78,Auction,D29,"(98, 51)",20,10.0
78,Auction,D30,"(15, 82)",13,25.0
78,Auction,D31,"(18, 52)",11,12.0
78,Auction,D33,"(96, 28)",12,27.0
78,Q-Learning,D6,"(20, 87)",73,29.0
78,Q-Learning,D12,"(97, 20)",65,26.0
78,Q-Learning,D14,"(72, 10)",54,25.0
78,Q-Learning,D16,"(85, 83)",50,24.0
78,Q-Learning,D18,"(28, 0)",43,30.0
78,Q-Learning,D19,"(8, 4)",46,12.0
78,Q-Learning,D20,"(62, 27)",47,14.0
78,Q-Learning,D21,"(9, 56)",45,13.0
78,Q-Learning,D22,"(74, 61)",43,26.0
78,Q-Learning,D23,"(65, 10)",36,12.0
78,Q-Learning,D24,"(15, 72)",34,28.0
78,Q-Learning,D25,"(91, 25)",20,28.0
78,Q-Learning,D27,"(12, 24)",20,17.0
78,Q-Learning,D28,"(29, 86)",22,28.0
78,Q-Learning,D30,"(15, 82)",13,25.0
78,Q-Learning,D31,"(18, 52)",11,12.0
78,Q-Learning,D33,"(96, 28)",12,27.0
79,Greedy,D10,"(92, 92)",66,26.0
79,Greedy,D12,"(97, 20)",66,26.0
79,Greedy,D13,"(14, 46)",59,17.0
79,Greedy,D14,"(72, 10)",55,25.0
79,Greedy,D15,"(60, 70)",54,18.0
79,Greedy,D16,"(85, 83)",51,24.0
79,Greedy,D18,"(28, 0)",44,30.0
79,Greedy,D19,"(8, 4)",47,12.0
79,Greedy,D20,"(62, 27)",48,14.0
79,Greedy,D21,"(9, 56)",46,13.0
79,Greedy,D22,"(74, 61)",44,26.0
79,Greedy,D23,"(65, 10)",37,12.0
79,Greedy,D24,"(15, 72)",35,28.0
79,Greedy,D25,"(91, 25)",21,28.0
79,Greedy,D26,"(93, 75)",23,20.0
79,Greedy,D27,"(12, 24)",21,17.0
79,Greedy,D28,"(29, 86)",23,28.0
79,Greedy,D30,"(15, 82)",14,25.0
79,Greedy,D31,"(18, 52)",12,12.0
79,Greedy,D32,"(84, 50)",12,10.0
79,Greedy,D33,"(96, 28)",13,27.0
79,Auction,D8,"(70, 1)",67,27.0
79,Auction,D12,"(97, 20)",66,26.0
79,Auction,D13,"(14, 46)",59,17.0
79,Auction,D14,"(72, 10)",55,25.0
79,Auction,D16,"(85, 83)",51,24.0
79,Auction,D18,"(28, 0)",44,30.0
79,Auction,D19,"(8, 4)",47,12.0
79,Auction,D21,"(9, 56)",46,13.0
79,Auction,D22,"(74, 61)",44,26.0
79,Auction,D23,"(65, 10)",37,12.0
79,Auction,D24,"(15, 72)",35,28.0
79,Auction,D25,"(91, 25)",21,28.0
79,Auction,D27,"(12, 24)",21,17.0
79,Auction,D28,"(29, 86)",23,28.0
79,Auction,D29,"(98, 51)",21,10.0
79,Auction,D30,"(15, 82)",14,25.0
79,Auction,D31,"(18, 52)",12,12.0
79,Auction,D33,"(96, 28)",13,27.0
79,Q-Learning,D6,"(20, 87)",74,29.0
79,Q-Learning,D12,"(97, 20)",66,26.0
79,Q-Learning,D14,"(72, 10)",55,25.0
79,Q-Learning,D16,"(85, 83)",51,24.0
79,Q-Learning,D18,"(28, 0)",44,30.0
79,Q-Learning,D19,"(8, 4)",47,12.0
79,Q-Learning,D20,"(62, 27)",48,14.0
79,Q-Learning,D21,"(9, 56)",46,13.0
79,Q-Learning,D22,"(74, 61)",44,26.0
79,Q-Learning,D23,"(65, 10)",37,12.0
79,Q-Learning,D24,"(15, 72)",35,28.0
79,Q-Learning,D25,"(91, 25)",21,28.0
79,Q-Learning,D27,"(12, 24)",21,17.0
79,Q-Learning,D28,"(29, 86)",23,28.0
79,Q-Learning,D30,"(15, 82)",14,25.0
79,Q-Learning,D31,"(18, 52)",12,12.0
79,Q-Learning,D33,"(96, 28)",13,27.0
80,Greedy,D10,"(92, 92)",67,26.0
80,Greedy,D12,"(97, 20)",67,26.0
80,Greedy,D13,"(14, 46)",60,17.0
80,Greedy,D14,"(72, 10)",56,25.0
80,Greedy,D15,"(60, 70)",55,18.0
80,Greedy,D16,"(85, 83)",52,24.0
80,Greedy,D18,"(28, 0)",45,30.0
80,Greedy,D19,"(8, 4)",48,12.0
80,Greedy,D20,"(62, 27)",49,14.0
80,Greedy,D21,"(9, 56)",47,13.0
80,Greedy,D22,"(74, 61)",45,26.0
80,Greedy,D23,"(65, 10)",38,12.0
80,Greedy,D24,"(15, 72)",36,28.0
80,Greedy,D25,"(91, 25)",22,28.0
80,Greedy,D26,"(93, 75)",24,20.0
80,Greedy,D27,"(12, 24)",22,17.0
80,Greedy,D28,"(29, 86)",24,28.0
80,Greedy,D30,"(15, 82)",15,25.0
80,Greedy,D31,"(18, 52)",13,12.0
80,Greedy,D32,"(84, 50)",13,10.0
80,Greedy,D33,"(96, 28)",14,27.0
80,Greedy,D34,"(56, 53)",5,16.0
80,Auction,D8,"(70, 1)",68,27.0
80,Auction,D12,"(97, 20)",67,26.0
80,Auction,D13,"(14, 46)",60,17.0
80,Auction,D14,"(72, 10)",56,25.0
80,Auction,D16,"(85, 83)",52,24.0
80,Auction,D18,"(28, 0)",45,30.0
80,Auction,D19,"(8, 4)",48,12.0
80,Auction,D21,"(9, 56)",47,13.0
80,Auction,D22,"(74, 61)",45,26.0
80,Auction,D23,"(65, 10)",38,12.0
80,Auction,D24,"(15, 72)",36,28.0
80,Auction,D25,"(91, 25)",22,28.0
80,Auction,D27,"(12, 24)",22,17.0
80,Auction,D28,"(29, 86)",24,28.0
80,Auction,D29,"(98, 51)",22,10.0
80,Auction,D30,"(15, 82)",15,25.0
80,Auction,D31,"(18, 52)",13,12.0
80,Auction,D33,"(96, 28)",14,27.0
80,Auction,D34,"(56, 53)",5,16.0
80,Q-Learning,D6,"(20, 87)",75,29.0
80,Q-Learning,D12,"(97, 20)",67,26.0
80,Q-Learning,D14,"(72, 10)",56,25.0
80,Q-Learning,D16,"(85, 83)",52,24.0
80,Q-Learning,D18,"(28, 0)",45,30.0
80,Q-Learning,D19,"(8, 4)",48,12.0
80,Q-Learning,D20,"(62, 27)",49,14.0
80,Q-Learning,D21,"(9, 56)",47,13.0
80,Q-Learning,D22,"(74, 61)",45,26.0
80,Q-Learning,D23,"(65, 10)",38,12.0
80,Q-Learning,D24,"(15, 72)",36,28.0
80,Q-Learning,D25,"(91, 25)",22,28.0
80,Q-Learning,D27,"(12, 24)",22,17.0
80,Q-Learning,D28,"(29, 86)",24,28.0
80,Q-Learning,D30,"(15, 82)",15,25.0
80,Q-Learning,D31,"(18, 52)",13,12.0
80,Q-Learning,D33,"(96, 28)",14,27.0
80,Q-Learning,D34,"(56, 53)",5,16.0
81,Greedy,D10,"(92, 92)",68,26.0
81,Greedy,D12,"(97, 20)",68,26.0
81,Greedy,D13,"(14, 46)",61,17.0
81,Greedy,D14,"(72, 10)",57,25.0
81,Greedy,D15,"(60, 70)",56,18.0
81,Greedy,D16,"(85, 83)",53,24.0
81,Greedy,D18,"(28, 0)",46,30.0
81,Greedy,D19,"(8, 4)",49,12.0
81,Greedy,D20,"(62, 27)",50,14.0
81,Greedy,D21,"(9, 56)",48,13.0
81,Greedy,D22,"(74, 61)",46,26.0
81,Greedy,D23,"(65, 10)",39,12.0
81,Greedy,D24,"(15, 72)",37,28.0
81,Greedy,D25,"(91, 25)",23,28.0
81,Greedy,D26,"(93, 75)",25,20.0
81,Greedy,D27,"(12, 24)",23,17.0
81,Greedy,D28,"(29, 86)",25,28.0
81,Greedy,D30,"(15, 82)",16,25.0
81,Greedy,D31,"(18, 52)",14,12.0
81,Greedy,D32,"(84, 50)",14,10.0
81,Greedy,D33,"(96, 28)",15,27.0
81,Greedy,D34,"(56, 53)",6,16.0
81,Auction,D8,"(70, 1)",69,27.0
81,Auction,D12,"(97, 20)",68,26.0
81,Auction,D13,"(14, 46)",61,17.0
81,Auction,D14,"(72, 10)",57,25.0
81,Auction,D16,"(85, 83)",53,24.0
81,Auction,D18,"(28, 0)",46,30.0
81,Auction,D19,"(8, 4)",49,12.0
81,Auction,D21,"(9, 56)",48,13.0
81,Auction,D22,"(74, 61)",46,26.0
81,Auction,D23,"(65, 10)",39,12.0
81,Auction,D24,"(15, 72)",37,28.0
81,Auction,D25,"(91, 25)",23,28.0
81,Auction,D27,"(12, 24)",23,17.0
81,Auction,D28,"(29, 86)",25,28.0
81,Auction,D29,"(98, 51)",23,10.0
81,Auction,D30,"(15, 82)",16,25.0
81,Auction,D31,"(18, 52)",14,12.0
81,Auction,D33,"(96, 28)",15,27.0
81,Auction,D34,"(56, 53)",6,16.0
81,Q-Learning,D6,"(20, 87)",76,29.0
81,Q-Learning,D12,"(97, 20)",68,26.0
81,Q-Learning,D14,"(72, 10)",57,25.0
81,Q-Learning,D16,"(85, 83)",53,24.0
81,Q-Learning,D18,"(28, 0)",46,30.0
81,Q-Learning,D19,"(8, 4)",49,12.0
81,Q-Learning,D20,"(62, 27)",50,14.0
81,Q-Learning,D21,"(9, 56)",48,13.0
81,Q-Learning,D22,"(74, 61)",46,26.0
81,Q-Learning,D23,"(65, 10)",39,12.0
81,Q-Learning,D24,"(15, 72)",37,28.0
81,Q-Learning,D25,"(91, 25)",23,28.0
81,Q-Learning,D27,"(12, 24)",23,17.0
81,Q-Learning,D28,"(29, 86)",25,28.0
81,Q-Learning,D30,"(15, 82)",16,25.0
81,Q-Learning,D31,"(18, 52)",14,12.0
81,Q-Learning,D33,"(96, 28)",15,27.0
81,Q-Learning,D34,"(56, 53)",6,16.0
82,Greedy,D10,"(92, 92)",69,26.0
82,Greedy,D12,"(97, 20)",69,26.0
82,Greedy,D13,"(14, 46)",62,17.0
82,Greedy,D14,"(72, 10)",58,25.0
82,Greedy,D15,"(60, 70)",57,18.0
82,Greedy,D16,"(85, 83)",54,24.0
82,Greedy,D18,"(28, 0)",47,30.0
82,Greedy,D19,"(8, 4)",50,12.0
82,Greedy,D20,"(62, 27)",51,14.0
82,Greedy,D21,"(9, 56)",49,13.0
82,Greedy,D22,"(74, 61)",47,26.0
82,Greedy,D23,"(65, 10)",40,12.0
82,Greedy,D24,"(15, 72)",38,28.0
82,Greedy,D25,"(91, 25)",24,28.0
82,Greedy,D26,"(93, 75)",26,20.0
82,Greedy,D27,"(12, 24)",24,17.0
82,Greedy,D28,"(29, 86)",26,28.0
82,Greedy,D30,"(15, 82)",17,25.0
82,Greedy,D31,"(18, 52)",15,12.0
82,Greedy,D32,"(84, 50)",15,10.0
82,Greedy,D33,"(96, 28)",16,27.0
82,Greedy,D34,"(56, 53)",7,16.0
82,Auction,D8,"(70, 1)",70,27.0
82,Auction,D12,"(97, 20)",69,26.0
82,Auction,D13,"(14, 46)",62,17.0
82,Auction,D14,"(72, 10)",58,25.0
82,Auction,D16,"(85, 83)",54,24.0
82,Auction,D18,"(28, 0)",47,30.0
82,Auction,D19,"(8, 4)",50,12.0
82,Auction,D21,"(9, 56)",49,13.0
82,Auction,D22,"(74, 61)",47,26.0
82,Auction,D23,"(65, 10)",40,12.0
82,Auction,D24,"(15, 72)",38,28.0
82,Auction,D25,"(91, 25)",24,28.0
82,Auction,D27,"(12, 24)",24,17.0
82,Auction,D28,"(29, 86)",26,28.0
82,Auction,D29,"(98, 51)",24,10.0
82,Auction,D30,"(15, 82)",17,25.0
82,Auction,D31,"(18, 52)",15,12.0
82,Auction,D33,"(96, 28)",16,27.0
82,Auction,D34,"(56, 53)",7,16.0
82,Q-Learning,D6,"(20, 87)",77,29.0
82,Q-Learning,D12,"(97, 20)",69,26.0
82,Q-Learning,D14,"(72, 10)",58,25.0
82,Q-Learning,D16,"(85, 83)",54,24.0
82,Q-Learning,D18,"(28, 0)",47,30.0
82,Q-Learning,D19,"(8, 4)",50,12.0
82,Q-Learning,D20,"(62, 27)",51,14.0
82,Q-Learning,D21,"(9, 56)",49,13.0
82,Q-Learning,D22,"(74, 61)",47,26.0
82,Q-Learning,D23,"(65, 10)",40,12.0
82,Q-Learning,D24,"(15, 72)",38,28.0
82,Q-Learning,D25,"(91, 25)",24,28.0
82,Q-Learning,D27,"(12, 24)",24,17.0
82,Q-Learning,D28,"(29, 86)",26,28.0
82,Q-Learning,D30,"(15, 82)",17,25.0
82,Q-Learning,D31,"(18, 52)",15,12.0
82,Q-Learning,D33,"(96, 28)",16,27.0
82,Q-Learning,D34,"(56, 53)",7,16.0
83,Greedy,D10,"(92, 92)",70,26.0
83,Greedy,D12,"(97, 20)",70,26.0
83,Greedy,D13,"(14, 46)",63,17.0
83,Greedy,D14,"(72, 10)",59,25.0
83,Greedy,D15,"(60, 70)",58,18.0
83,Greedy,D16,"(85, 83)",55,24.0
83,Greedy,D18,"(28, 0)",48,30.0
83,Greedy,D19,"(8, 4)",51,12.0
83,Greedy,D20,"(62, 27)",52,14.0
83,Greedy,D21,"(9, 56)",50,13.0
83,Greedy,D22,"(74, 61)",48,26.0
83,Greedy,D23,"(65, 10)",41,12.0
83,Greedy,D24,"(15, 72)",39,28.0
83,Greedy,D25,"(91, 25)",25,28.0
83,Greedy,D26,"(93, 75)",27,20.0
83,Greedy,D27,"(12, 24)",25,17.0
83,Greedy,D28,"(29, 86)",27,28.0
83,Greedy,D30,"(15, 82)",18,25.0
83,Greedy,D31,"(18, 52)",16,12.0
83,Greedy,D32,"(84, 50)",16,10.0
83,Greedy,D33,"(96, 28)",17,27.0
83,Greedy,D34,"(56, 53)",8,16.0
83,Auction,D8,"(70, 1)",71,27.0
83,Auction,D12,"(97, 20)",70,26.0
83,Auction,D13,"(14, 46)",63,17.0
83,Auction,D14,"(72, 10)",59,25.0
83,Auction,D16,"(85, 83)",55,24.0
83,Auction,D18,"(28, 0)",48,30.0
83,Auction,D19,"(8, 4)",51,12.0
83,Auction,D21,"(9, 56)",50,13.0
83,Auction,D22,"(74, 61)",48,26.0
83,Auction,D23,"(65, 10)",41,12.0
83,Auction,D24,"(15, 72)",39,28.0
83,Auction,D25,"(91, 25)",25,28.0
83,Auction,D27,"(12, 24)",25,17.0
83,Auction,D28,"(29, 86)",27,28.0
83,Auction,D29,"(98, 51)",25,10.0
83,Auction,D30,"(15, 82)",18,25.0
83,Auction,D31,"(18, 52)",16,12.0
83,Auction,D33,"(96, 28)",17,27.0
83,Auction,D34,"(56, 53)",8,16.0
83,Q-Learning,D6,"(20, 87)",78,29.0
83,Q-Learning,D12,"(97, 20)",70,26.0
83,Q-Learning,D14,"(72, 10)",59,25.0
83,Q-Learning,D16,"(85, 83)",55,24.0
83,Q-Learning,D18,"(28, 0)",48,30.0
83,Q-Learning,D19,"(8, 4)",51,12.0
83,Q-Learning,D20,"(62, 27)",52,14.0
83,Q-Learning,D21,"(9, 56)",50,13.0
83,Q-Learning,D22,"(74, 61)",48,26.0
83,Q-Learning,D23,"(65, 10)",41,12.0
83,Q-Learning,D24,"(15, 72)",39,28.0
83,Q-Learning,D25,"(91, 25)",25,28.0
83,Q-Learning,D27,"(12, 24)",25,17.0
83,Q-Learning,D28,"(29, 86)",27,28.0
83,Q-Learning,D30,"(15, 82)",18,25.0
83,Q-Learning,D31,"(18, 52)",16,12.0
83,Q-Learning,D33,"(96, 28)",17,27.0
83,Q-Learning,D34,"(56, 53)",8,16.0
84,Greedy,D10,"(92, 92)",71,26.0
84,Greedy,D12,"(97, 20)",71,26.0
84,Greedy,D13,"(14, 46)",64,17.0
84,Greedy,D14,"(72, 10)",60,25.0
84,Greedy,D15,"(60, 70)",59,18.0
84,Greedy,D16,"(85, 83)",56,24.0
84,Greedy,D18,"(28, 0)",49,30.0
84,Greedy,D19,"(8, 4)",52,12.0
84,Greedy,D20,"(62, 27)",53,14.0
84,Greedy,D21,"(9, 56)",51,13.0
84,Greedy,D22,"(74, 61)",49,26.0
84,Greedy,D23,"(65, 10)",42,12.0
84,Greedy,D24,"(15, 72)",40,28.0
84,Greedy,D25,"(91, 25)",26,28.0
84,Greedy,D26,"(93, 75)",28,20.0
84,Greedy,D27,"(12, 24)",26,17.0
84,Greedy,D28,"(29, 86)",28,28.0
84,Greedy,D30,"(15, 82)",19,25.0
84,Greedy,D31,"(18, 52)",17,12.0
84,Greedy,D32,"(84, 50)",17,10.0
84,Greedy,D33,"(96, 28)",18,27.0
84,Greedy,D34,"(56, 53)",9,16.0
84,Auction,D8,"(70, 1)",72,27.0
84,Auction,D12,"(97, 20)",71,26.0
84,Auction,D13,"(14, 46)",64,17.0
84,Auction,D14,"(72, 10)",60,25.0
84,Auction,D16,"(85, 83)",56,24.0
84,Auction,D18,"(28, 0)",49,30.0
84,Auction,D19,"(8, 4)",52,12.0
84,Auction,D21,"(9, 56)",51,13.0
84,Auction,D22,"(74, 61)",49,26.0
84,Auction,D23,"(65, 10)",42,12.0
84,Auction,D24,"(15, 72)",40,28.0
84,Auction,D25,"(91, 25)",26,28.0
84,Auction,D27,"(12, 24)",26,17.0
84,Auction,D28,"(29, 86)",28,28.0
84,Auction,D29,"(98, 51)",26,10.0
84,Auction,D30,"(15, 82)",19,25.0
84,Auction,D31,"(18, 52)",17,12.0
84,Auction,D33,"(96, 28)",18,27.0
84,Auction,D34,"(56, 53)",9,16.0
84,Q-Learning,D6,"(20, 87)",79,29.0
84,Q-Learning,D12,"(97, 20)",71,26.0
84,Q-Learning,D14,"(72, 10)",60,25.0
84,Q-Learning,D16,"(85, 83)",56,24.0
84,Q-Learning,D18,"(28, 0)",49,30.0
84,Q-Learning,D19,"(8, 4)",52,12.0
84,Q-Learning,D20,"(62, 27)",53,14.0
84,Q-Learning,D21,"(9, 56)",51,13.0
84,Q-Learning,D22,"(74, 61)",49,26.0
84,Q-Learning,D23,"(65, 10)",42,12.0
84,Q-Learning,D24,"(15, 72)",40,28.0
84,Q-Learning,D25,"(91, 25)",26,28.0
84,Q-Learning,D27,"(12, 24)",26,17.0
84,Q-Learning,D28,"(29, 86)",28,28.0
84,Q-Learning,D30,"(15, 82)",19,25.0
84,Q-Learning,D31,"(18, 52)",17,12.0
84,Q-Learning,D33,"(96, 28)",18,27.0
84,Q-Learning,D34,"(56, 53)",9,16.0
85,Greedy,D10,"(92, 92)",72,26.0
85,Greedy,D12,"(97, 20)",72,26.0
85,Greedy,D13,"(14, 46)",65,17.0
85,Greedy,D14,"(72, 10)",61,25.0
85,Greedy,D15,"(60, 70)",60,18.0
85,Greedy,D16,"(85, 83)",57,24.0
85,Greedy,D18,"(28, 0)",50,30.0
85,Greedy,D19,"(8, 4)",53,12.0
85,Greedy,D20,"(62, 27)",54,14.0
85,Greedy,D21,"(9, 56)",52,13.0
85,Greedy,D22,"(74, 61)",50,26.0
85,Greedy,D23,"(65, 10)",43,12.0
85,Greedy,D24,"(15, 72)",41,28.0
85,Greedy,D25,"(91, 25)",27,28.0
85,Greedy,D26,"(93, 75)",29,20.0
85,Greedy,D27,"(12, 24)",27,17.0
85,Greedy,D28,"(29, 86)",29,28.0
85,Greedy,D30,"(15, 82)",20,25.0
85,Greedy,D31,"(18, 52)",18,12.0
85,Greedy,D32,"(84, 50)",18,10.0
85,Greedy,D33,"(96, 28)",19,27.0
85,Greedy,D34,"(56, 53)",10,16.0
85,Auction,D8,"(70, 1)",73,27.0
85,Auction,D12,"(97, 20)",72,26.0
85,Auction,D13,"(14, 46)",65,17.0
85,Auction,D14,"(72, 10)",61,25.0
85,Auction,D16,"(85, 83)",57,24.0
85,Auction,D18,"(28, 0)",50,30.0
85,Auction,D19,"(8, 4)",53,12.0
85,Auction,D21,"(9, 56)",52,13.0
85,Auction,D22,"(74, 61)",50,26.0
85,Auction,D23,"(65, 10)",43,12.0
85,Auction,D24,"(15, 72)",41,28.0
85,Auction,D25,"(91, 25)",27,28.0
85,Auction,D27,"(12, 24)",27,17.0
85,Auction,D28,"(29, 86)",29,28.0
85,Auction,D29,"(98, 51)",27,10.0
85,Auction,D30,"(15, 82)",20,25.0
85,Auction,D31,"(18, 52)",18,12.0
85,Auction,D33,"(96, 28)",19,27.0
85,Auction,D34,"(56, 53)",10,16.0
85,Q-Learning,D6,"(20, 87)",80,29.0
85,Q-Learning,D12,"(97, 20)",72,26.0
85,Q-Learning,D14,"(72, 10)",61,25.0
85,Q-Learning,D16,"(85, 83)",57,24.0
85,Q-Learning,D18,"(28, 0)",50,30.0
85,Q-Learning,D19,"(8, 4)",53,12.0
85,Q-Learning,D20,"(62, 27)",54,14.0
85,Q-Learning,D21,"(9, 56)",52,13.0
85,Q-Learning,D22,"(74, 61)",50,26.0
85,Q-Learning,D23,"(65, 10)",43,12.0
85,Q-Learning,D24,"(15, 72)",41,28.0
85,Q-Learning,D25,"(91, 25)",27,28.0
85,Q-Learning,D27,"(12, 24)",27,17.0
85,Q-Learning,D28,"(29, 86)",29,28.0
85,Q-Learning,D30,"(15, 82)",20,25.0
85,Q-Learning,D31,"(18, 52)",18,12.0
85,Q-Learning,D33,"(96, 28)",19,27.0
85,Q-Learning,D34,"(56, 53)",10,16.0
86,Greedy,D10,"(92, 92)",73,26.0
86,Greedy,D12,"(97, 20)",73,26.0
86,Greedy,D13,"(14, 46)",66,17.0
86,Greedy,D14,"(72, 10)",62,25.0
86,Greedy,D15,"(60, 70)",61,18.0
86,Greedy,D16,"(85, 83)",58,24.0
86,Greedy,D18,"(28, 0)",51,30.0
86,Greedy,D19,"(8, 4)",54,12.0
86,Greedy,D20,"(62, 27)",55,14.0
86,Greedy,D21,"(9, 56)",53,13.0
86,Greedy,D22,"(74, 61)",51,26.0
86,Greedy,D23,"(65, 10)",44,12.0
86,Greedy,D24,"(15, 72)",42,28.0
86,Greedy,D25,"(91, 25)",28,28.0
86,Greedy,D26,"(93, 75)",30,20.0
86,Greedy,D27,"(12, 24)",28,17.0
86,Greedy,D28,"(29, 86)",30,28.0
86,Greedy,D30,"(15, 82)",21,25.0
86,Greedy,D31,"(18, 52)",19,12.0
86,Greedy,D32,"(84, 50)",19,10.0
86,Greedy,D33,"(96, 28)",20,27.0
86,Greedy,D34,"(56, 53)",11,16.0
86,Auction,D8,"(70, 1)",74,27.0
86,Auction,D12,"(97, 20)",73,26.0
86,Auction,D13,"(14, 46)",66,17.0
86,Auction,D14,"(72, 10)",62,25.0
86,Auction,D16,"(85, 83)",58,24.0
86,Auction,D18,"(28, 0)",51,30.0
86,Auction,D19,"(8, 4)",54,12.0
86,Auction,D21,"(9, 56)",53,13.0
86,Auction,D22,"(74, 61)",51,26.0
86,Auction,D23,"(65, 10)",44,12.0
86,Auction,D24,"(15, 72)",42,28.0
86,Auction,D25,"(91, 25)",28,28.0
86,Auction,D27,"(12, 24)",28,17.0
86,Auction,D28,"(29, 86)",30,28.0
86,Auction,D29,"(98, 51)",28,10.0
86,Auction,D30,"(15, 82)",21,25.0
86,Auction,D31,"(18, 52)",19,12.0
86,Auction,D33,"(96, 28)",20,27.0
86,Auction,D34,"(56, 53)",11,16.0
86,Q-Learning,D6,"(20, 87)",81,29.0
86,Q-Learning,D12,"(97, 20)",73,26.0
86,Q-Learning,D14,"(72, 10)",62,25.0
86,Q-Learning,D16,"(85, 83)",58,24.0
86,Q-Learning,D18,"(28, 0)",51,30.0
86,Q-Learning,D19,"(8, 4)",54,12.0
86,Q-Learning,D20,"(62, 27)",55,14.0
86,Q-Learning,D21,"(9, 56)",53,13.0
86,Q-Learning,D22,"(74, 61)",51,26.0
86,Q-Learning,D23,"(65, 10)",44,12.0
86,Q-Learning,D24,"(15, 72)",42,28.0
86,Q-Learning,D25,"(91, 25)",28,28.0
86,Q-Learning,D27,"(12, 24)",28,17.0
86,Q-Learning,D28,"(29, 86)",30,28.0
86,Q-Learning,D30,"(15, 82)",21,25.0
86,Q-Learning,D31,"(18, 52)",19,12.0
86,Q-Learning,D33,"(96, 28)",20,27.0
86,Q-Learning,D34,"(56, 53)",11,16.0
87,Greedy,D10,"(92, 92)",74,26.0
87,Greedy,D12,"(97, 20)",74,26.0
87,Greedy,D13,"(14, 46)",67,17.0
87,Greedy,D14,"(72, 10)",63,25.0
87,Greedy,D15,"(60, 70)",62,18.0
87,Greedy,D16,"(85, 83)",59,24.0
87,Greedy,D18,"(28, 0)",52,30.0
87,Greedy,D19,"(8, 4)",55,12.0
87,Greedy,D20,"(62, 27)",56,14.0
87,Greedy,D21,"(9, 56)",54,13.0
87,Greedy,D22,"(74, 61)",52,26.0
87,Greedy,D23,"(65, 10)",45,12.0
87,Greedy,D24,"(15, 72)",43,28.0
87,Greedy,D25,"(91, 25)",29,28.0
87,Greedy,D26,"(93, 75)",31,20.0
87,Greedy,D27,"(12, 24)",29,17.0
87,Greedy,D28,"(29, 86)",31,28.0
87,Greedy,D30,"(15, 82)",22,25.0
87,Greedy,D31,"(18, 52)",20,12.0
87,Greedy,D32,"(84, 50)",20,10.0
87,Greedy,D33,"(96, 28)",21,27.0
87,Greedy,D34,"(56, 53)",12,16.0
87,Greedy,D35,"(88, 98)",10,15.0
87,Auction,D8,"(70, 1)",75,27.0
87,Auction,D12,"(97, 20)",74,26.0
87,Auction,D13,"(14, 46)",67,17.0
87,Auction,D14,"(72, 10)",63,25.0
87,Auction,D16,"(85, 83)",59,24.0
87,Auction,D18,"(28, 0)",52,30.0
87,Auction,D19,"(8, 4)",55,12.0
87,Auction,D21,"(9, 56)",54,13.0
87,Auction,D22,"(74, 61)",52,26.0
87,Auction,D23,"(65, 10)",45,12.0
87,Auction,D24,"(15, 72)",43,28.0
87,Auction,D25,"(91, 25)",29,28.0
87,Auction,D27,"(12, 24)",29,17.0
87,Auction,D28,"(29, 86)",31,28.0
87,Auction,D29,"(98, 51)",29,10.0
87,Auction,D30,"(15, 82)",22,25.0
87,Auction,D31,"(18, 52)",20,12.0
87,Auction,D33,"(96, 28)",21,27.0
87,Auction,D34,"(56, 53)",12,16.0
87,Auction,D35,"(88, 98)",10,15.0
87,Q-Learning,D6,"(20, 87)",82,29.0
87,Q-Learning,D12,"(97, 20)",74,26.0
87,Q-Learning,D14,"(72, 10)",63,25.0
87,Q-Learning,D16,"(85, 83)",59,24.0
87,Q-Learning,D18,"(28, 0)",52,30.0
87,Q-Learning,D19,"(8, 4)",55,12.0
87,Q-Learning,D20,"(62, 27)",56,14.0
87,Q-Learning,D21,"(9, 56)",54,13.0
87,Q-Learning,D22,"(74, 61)",52,26.0
87,Q-Learning,D23,"(65, 10)",45,12.0
87,Q-Learning,D24,"(15, 72)",43,28.0
87,Q-Learning,D25,"(91, 25)",29,28.0
87,Q-Learning,D27,"(12, 24)",29,17.0
87,Q-Learning,D28,"(29, 86)",31,28.0
87,Q-Learning,D30,"(15, 82)",22,25.0
87,Q-Learning,D31,"(18, 52)",20,12.0
87,Q-Learning,D33,"(96, 28)",21,27.0
87,Q-Learning,D34,"(56, 53)",12,16.0
87,Q-Learning,D35,"(88, 98)",10,15.0
88,Greedy,D10,"(92, 92)",75,26.0
88,Greedy,D12,"(97, 20)",75,26.0
88,Greedy,D13,"(14, 46)",68,17.0
88,Greedy,D14,"(72, 10)",64,25.0
88,Greedy,D15,"(60, 70)",63,18.0
88,Greedy,D16,"(85, 83)",60,24.0
88,Greedy,D18,"(28, 0)",53,30.0
88,Greedy,D19,"(8, 4)",56,12.0
88,Greedy,D20,"(62, 27)",57,14.0
88,Greedy,D21,"(9, 56)",55,13.0
88,Greedy,D22,"(74, 61)",53,26.0
88,Greedy,D23,"(65, 10)",46,12.0
88,Greedy,D24,"(15, 72)",44,28.0
88,Greedy,D25,"(91, 25)",30,28.0
88,Greedy,D26,"(93, 75)",32,20.0
88,Greedy,D27,"(12, 24)",30,17.0
88,Greedy,D28,"(29, 86)",32,28.0
88,Greedy,D30,"(15, 82)",23,25.0
88,Greedy,D31,"(18, 52)",21,12.0
88,Greedy,D32,"(84, 50)",21,10.0
88,Greedy,D33,"(96, 28)",22,27.0
88,Greedy,D34,"(56, 53)",13,16.0
88,Greedy,D35,"(88, 98)",11,15.0
88,Auction,D8,"(70, 1)",76,27.0
88,Auction,D12,"(97, 20)",75,26.0
88,Auction,D13,"(14, 46)",68,17.0
88,Auction,D14,"(72, 10)",64,25.0
88,Auction,D16,"(85, 83)",60,24.0
88,Auction,D18,"(28, 0)",53,30.0
88,Auction,D19,"(8, 4)",56,12.0
88,Auction,D21,"(9, 56)",55,13.0
88,Auction,D22,"(74, 61)",53,26.0
88,Auction,D23,"(65, 10)",46,12.0
88,Auction,D24,"(15, 72)",44,28.0
88,Auction,D25,"(91, 25)",30,28.0
88,Auction,D27,"(12, 24)",30,17.0
88,Auction,D28,"(29, 86)",32,28.0
88,Auction,D29,"(98, 51)",30,10.0
88,Auction,D30,"(15, 82)",23,25.0
88,Auction,D31,"(18, 52)",21,12.0
88,Auction,D33,"(96, 28)",22,27.0
88,Auction,D34,"(56, 53)",13,16.0
88,Auction,D35,"(88, 98)",11,15.0
88,Q-Learning,D6,"(20, 87)",83,29.0
88,Q-Learning,D12,"(97, 20)",75,26.0
88,Q-Learning,D14,"(72, 10)",64,25.0
88,Q-Learning,D16,"(85, 83)",60,24.0
88,Q-Learning,D18,"(28, 0)",53,30.0
88,Q-Learning,D19,"(8, 4)",56,12.0
88,Q-Learning,D20,"(62, 27)",57,14.0
88,Q-Learning,D21,"(9, 56)",55,13.0
88,Q-Learning,D22,"(74, 61)",53,26.0
88,Q-Learning,D23,"(65, 10)",46,12.0
88,Q-Learning,D24,"(15, 72)",44,28.0
88,Q-Learning,D25,"(91, 25)",30,28.0
88,Q-Learning,D27,"(12, 24)",30,17.0
88,Q-Learning,D28,"(29, 86)",32,28.0
88,Q-Learning,D30,"(15, 82)",23,25.0
88,Q-Learning,D31,"(18, 52)",21,12.0
88,Q-Learning,D33,"(96, 28)",22,27.0
88,Q-Learning,D34,"(56, 53)",13,16.0
88,Q-Learning,D35,"(88, 98)",11,15.0
89,Greedy,D10,"(92, 92)",76,26.0
89,Greedy,D12,"(97, 20)",76,26.0
89,Greedy,D13,"(14, 46)",69,17.0
89,Greedy,D14,"(72, 10)",65,25.0
89,Greedy,D15,"(60, 70)",64,18.0
89,Greedy,D16,"(85, 83)",61,24.0
89,Greedy,D18,"(28, 0)",54,30.0
89,Greedy,D19,"(8, 4)",57,12.0
89,Greedy,D20,"(62, 27)",58,14.0
89,Greedy,D21,"(9, 56)",56,13.0
89,Greedy,D22,"(74, 61)",54,26.0
89,Greedy,D23,"(65, 10)",47,12.0
89,Greedy,D24,"(15, 72)",45,28.0
89,Greedy,D25,"(91, 25)",31,28.0
89,Greedy,D26,"(93, 75)",33,20.0
89,Greedy,D27,"(12, 24)",31,17.0
89,Greedy,D28,"(29, 86)",33,28.0
89,Greedy,D30,"(15, 82)",24,25.0
89,Greedy,D31,"(18, 52)",22,12.0
89,Greedy,D32,"(84, 50)",22,10.0
89,Greedy,D33,"(96, 28)",23,27.0
89,Greedy,D34,"(56, 53)",14,16.0
89,Greedy,D35,"(88, 98)",12,15.0
89,Auction,D8,"(70, 1)",77,27.0
89,Auction,D12,"(97, 20)",76,26.0
89,Auction,D13,"(14, 46)",69,17.0
89,Auction,D14,"(72, 10)",65,25.0
89,Auction,D16,"(85, 83)",61,24.0
89,Auction,D18,"(28, 0)",54,30.0
89,Auction,D19,"(8, 4)",57,12.0
89,Auction,D21,"(9, 56)",56,13.0
89,Auction,D22,"(74, 61)",54,26.0
89,Auction,D23,"(65, 10)",47,12.0
89,Auction,D24,"(15, 72)",45,28.0
89,Auction,D25,"(91, 25)",31,28.0
89,Auction,D27,"(12, 24)",31,17.0
89,Auction,D28,"(29, 86)",33,28.0
89,Auction,D29,"(98, 51)",31,10.0
89,Auction,D30,"(15, 82)",24,25.0
89,Auction,D31,"(18, 52)",22,12.0
89,Auction,D33,"(96, 28)",23,27.0
89,Auction,D34,"(56, 53)",14,16.0
89,Auction,D35,"(88, 98)",12,15.0
89,Q-Learning,D6,"(20, 87)",84,29.0
89,Q-Learning,D12,"(97, 20)",76,26.0
89,Q-Learning,D14,"(72, 10)",65,25.0
89,Q-Learning,D16,"(85, 83)",61,24.0
89,Q-Learning,D18,"(28, 0)",54,30.0
89,Q-Learning,D19,"(8, 4)",57,12.0
89,Q-Learning,D20,"(62, 27)",58,14.0
89,Q-Learning,D21,"(9, 56)",56,13.0
89,Q-Learning,D22,"(74, 61)",54,26.0
89,Q-Learning,D23,"(65, 10)",47,12.0
89,Q-Learning,D24,"(15, 72)",45,28.0
89,Q-Learning,D25,"(91, 25)",31,28.0
89,Q-Learning,D27,"(12, 24)",31,17.0
89,Q-Learning,D28,"(29, 86)",33,28.0
89,Q-Learning,D30,"(15, 82)",24,25.0
89,Q-Learning,D31,"(18, 52)",22,12.0
89,Q-Learning,D33,"(96, 28)",23,27.0
89,Q-Learning,D34,"(56, 53)",14,16.0
89,Q-Learning,D35,"(88, 98)",12,15.0
90,Greedy,D10,"(92, 92)",77,26.0
90,Greedy,D12,"(97, 20)",77,26.0
90,Greedy,D13,"(14, 46)",70,17.0
90,Greedy,D14,"(72, 10)",66,25.0
90,Greedy,D15,"(60, 70)",65,18.0
90,Greedy,D16,"(85, 83)",62,24.0
90,Greedy,D18,"(28, 0)",55,30.0
90,Greedy,D19,"(8, 4)",58,12.0
90,Greedy,D20,"(62, 27)",59,14.0
90,Greedy,D21,"(9, 56)",57,13.0
90,Greedy,D22,"(74, 61)",55,26.0
90,Greedy,D23,"(65, 10)",48,12.0
90,Greedy,D24,"(15, 72)",46,28.0
90,Greedy,D25,"(91, 25)",32,28.0
90,Greedy,D26,"(93, 75)",34,20.0
90,Greedy,D27,"(12, 24)",32,17.0
90,Greedy,D28,"(29, 86)",34,28.0
90,Greedy,D30,"(15, 82)",25,25.0
90,Greedy,D31,"(18, 52)",23,12.0
90,Greedy,D32,"(84, 50)",23,10.0
90,Greedy,D33,"(96, 28)",24,27.0
90,Greedy,D34,"(56, 53)",15,16.0
90,Greedy,D35,"(88, 98)",13,15.0
90,Auction,D8,"(70, 1)",78,27.0
90,Auction,D12,"(97, 20)",77,26.0
90,Auction,D13,"(14, 46)",70,17.0
90,Auction,D14,"(72, 10)",66,25.0
90,Auction,D16,"(85, 83)",62,24.0
90,Auction,D18,"(28, 0)",55,30.0
90,Auction,D19,"(8, 4)",58,12.0
90,Auction,D21,"(9, 56)",57,13.0
90,Auction,D22,"(74, 61)",55,26.0
90,Auction,D23,"(65, 10)",48,12.0
90,Auction,D24,"(15, 72)",46,28.0
90,Auction,D25,"(91, 25)",32,28.0
90,Auction,D27,"(12, 24)",32,17.0
90,Auction,D28,"(29, 86)",34,28.0
90,Auction,D29,"(98, 51)",32,10.0
90,Auction,D30,"(15, 82)",25,25.0
90,Auction,D31,"(18, 52)",23,12.0
90,Auction,D33,"(96, 28)",24,27.0
90,Auction,D34,"(56, 53)",15,16.0
90,Auction,D35,"(88, 98)",13,15.0
90,Auction,D36,"(18, 37)",7,10.0
90,Q-Learning,D6,"(20, 87)",85,29.0
90,Q-Learning,D12,"(97, 20)",77,26.0
90,Q-Learning,D14,"(72, 10)",66,25.0
90,Q-Learning,D16,"(85, 83)",62,24.0
90,Q-Learning,D18,"(28, 0)",55,30.0
90,Q-Learning,D19,"(8, 4)",58,12.0
90,Q-Learning,D20,"(62, 27)",59,14.0
90,Q-Learning,D21,"(9, 56)",57,13.0
90,Q-Learning,D22,"(74, 61)",55,26.0
90,Q-Learning,D23,"(65, 10)",48,12.0
90,Q-Learning,D24,"(15, 72)",46,28.0
90,Q-Learning,D25,"(91, 25)",32,28.0
90,Q-Learning,D27,"(12, 24)",32,17.0
90,Q-Learning,D28,"(29, 86)",34,28.0
90,Q-Learning,D30,"(15, 82)",25,25.0
90,Q-Learning,D31,"(18, 52)",23,12.0
90,Q-Learning,D33,"(96, 28)",24,27.0
90,Q-Learning,D34,"(56, 53)",15,16.0
90,Q-Learning,D35,"(88, 98)",13,15.0
90,Q-Learning,D36,"(18, 37)",7,10.0
91,Greedy,D10,"(92, 92)",78,26.0
91,Greedy,D12,"(97, 20)",78,26.0
91,Greedy,D13,"(14, 46)",71,17.0
91,Greedy,D14,"(72, 10)",67,25.0
91,Greedy,D15,"(60, 70)",66,18.0
91,Greedy,D16,"(85, 83)",63,24.0
91,Greedy,D18,"(28, 0)",56,30.0
91,Greedy,D19,"(8, 4)",59,12.0
91,Greedy,D20,"(62, 27)",60,14.0
91,Greedy,D21,"(9, 56)",58,13.0
91,Greedy,D22,"(74, 61)",56,26.0
91,Greedy,D23,"(65, 10)",49,12.0
91,Greedy,D24,"(15, 72)",47,28.0
91,Greedy,D25,"(91, 25)",33,28.0
91,Greedy,D26,"(93, 75)",35,20.0
91,Greedy,D27,"(12, 24)",33,17.0
91,Greedy,D28,"(29, 86)",35,28.0
91,Greedy,D30,"(15, 82)",26,25.0
91,Greedy,D31,"(18, 52)",24,12.0
91,Greedy,D32,"(84, 50)",24,10.0
91,Greedy,D33,"(96, 28)",25,27.0
91,Greedy,D34,"(56, 53)",16,16.0
91,Greedy,D35,"(88, 98)",14,15.0
91,Greedy,D37,"(25, 5)",6,19.0
91,Auction,D8,"(70, 1)",79,27.0
91,Auction,D12,"(97, 20)",78,26.0
91,Auction,D13,"(14, 46)",71,17.0
91,Auction,D14,"(72, 10)",67,25.0
91,Auction,D16,"(85, 83)",63,24.0
91,Auction,D18,"(28, 0)",56,30.0
91,Auction,D19,"(8, 4)",59,12.0
91,Auction,D21,"(9, 56)",58,13.0
91,Auction,D22,"(74, 61)",56,26.0
91,Auction,D23,"(65, 10)",49,12.0
91,Auction,D24,"(15, 72)",47,28.0
91,Auction,D25,"(91, 25)",33,28.0
91,Auction,D27,"(12, 24)",33,17.0
91,Auction,D28,"(29, 86)",35,28.0
91,Auction,D29,"(98, 51)",33,10.0
91,Auction,D30,"(15, 82)",26,25.0
91,Auction,D31,"(18, 52)",24,12.0
91,Auction,D33,"(96, 28)",25,27.0
91,Auction,D34,"(56, 53)",16,16.0
91,Auction,D35,"(88, 98)",14,15.0
91,Auction,D36,"(18, 37)",8,10.0
91,Auction,D37,"(25, 5)",6,19.0
91,Q-Learning,D6,"(20, 87)",86,29.0
91,Q-Learning,D12,"(97, 20)",78,26.0
91,Q-Learning,D14,"(72, 10)",67,25.0
91,Q-Learning,D16,"(85, 83)",63,24.0
91,Q-Learning,D18,"(28, 0)",56,30.0
91,Q-Learning,D19,"(8, 4)",59,12.0
91,Q-Learning,D20,"(62, 27)",60,14.0
91,Q-Learning,D21,"(9, 56)",58,13.0
91,Q-Learning,D22,"(74, 61)",56,26.0
91,Q-Learning,D23,"(65, 10)",49,12.0
91,Q-Learning,D24,"(15, 72)",47,28.0
91,Q-Learning,D25,"(91, 25)",33,28.0
91,Q-Learning,D27,"(12, 24)",33,17.0
91,Q-Learning,D28,"(29, 86)",35,28.0
91,Q-Learning,D30,"(15, 82)",26,25.0
91,Q-Learning,D31,"(18, 52)",24,12.0
91,Q-Learning,D33,"(96, 28)",25,27.0
91,Q-Learning,D34,"(56, 53)",16,16.0
91,Q-Learning,D35,"(88, 98)",14,15.0
91,Q-Learning,D36,"(18, 37)",8,10.0
91,Q-Learning,D37,"(25, 5)",6,19.0
92,Greedy,D10,"(92, 92)",79,26.0
92,Greedy,D12,"(97, 20)",79,26.0
92,Greedy,D13,"(14, 46)",72,17.0
92,Greedy,D14,"(72, 10)",68,25.0
92,Greedy,D15,"(60, 70)",67,18.0
92,Greedy,D16,"(85, 83)",64,24.0
92,Greedy,D18,"(28, 0)",57,30.0
92,Greedy,D19,"(8, 4)",60,12.0
92,Greedy,D20,"(62, 27)",61,14.0
92,Greedy,D21,"(9, 56)",59,13.0
92,Greedy,D22,"(74, 61)",57,26.0
92,Greedy,D23,"(65, 10)",50,12.0
92,Greedy,D24,"(15, 72)",48,28.0
92,Greedy,D25,"(91, 25)",34,28.0
92,Greedy,D26,"(93, 75)",36,20.0
92,Greedy,D27,"(12, 24)",34,17.0
92,Greedy,D28,"(29, 86)",36,28.0
92,Greedy,D30,"(15, 82)",27,25.0
92,Greedy,D31,"(18, 52)",25,12.0
92,Greedy,D32,"(84, 50)",25,10.0
92,Greedy,D33,"(96, 28)",26,27.0
92,Greedy,D34,"(56, 53)",17,16.0
92,Greedy,D35,"(88, 98)",15,15.0
92,Greedy,D37,"(25, 5)",7,19.0
92,Greedy,D38,"(5, 93)",6,29.0
92,Auction,D8,"(70, 1)",80,27.0
92,Auction,D12,"(97, 20)",79,26.0
92,Auction,D13,"(14, 46)",72,17.0
92,Auction,D14,"(72, 10)",68,25.0
92,Auction,D16,"(85, 83)",64,24.0
92,Auction,D18,"(28, 0)",57,30.0
92,Auction,D19,"(8, 4)",60,12.0
92,Auction,D21,"(9, 56)",59,13.0
92,Auction,D22,"(74, 61)",57,26.0
92,Auction,D23,"(65, 10)",50,12.0
92,Auction,D24,"(15, 72)",48,28.0
92,Auction,D25,"(91, 25)",34,28.0
92,Auction,D27,"(12, 24)",34,17.0
92,Auction,D28,"(29, 86)",36,28.0
92,Auction,D29,"(98, 51)",34,10.0
92,Auction,D30,"(15, 82)",27,25.0
92,Auction,D31,"(18, 52)",25,12.0
92,Auction,D33,"(96, 28)",26,27.0
92,Auction,D34,"(56, 53)",17,16.0
92,Auction,D35,"(88, 98)",15,15.0
92,Auction,D36,"(18, 37)",9,10.0
92,Auction,D37,"(25, 5)",7,19.0
92,Auction,D38,"(5, 93)",6,29.0
92,Q-Learning,D6,"(20, 87)",87,29.0
92,Q-Learning,D12,"(97, 20)",79,26.0
92,Q-Learning,D14,"(72, 10)",68,25.0
92,Q-Learning,D16,"(85, 83)",64,24.0
92,Q-Learning,D18,"(28, 0)",57,30.0
92,Q-Learning,D19,"(8, 4)",60,12.0
92,Q-Learning,D20,"(62, 27)",61,14.0
92,Q-Learning,D21,"(9, 56)",59,13.0
92,Q-Learning,D22,"(74, 61)",57,26.0
92,Q-Learning,D23,"(65, 10)",50,12.0
92,Q-Learning,D24,"(15, 72)",48,28.0
92,Q-Learning,D25,"(91, 25)",34,28.0
92,Q-Learning,D27,"(12, 24)",34,17.0
92,Q-Learning,D28,"(29, 86)",36,28.0
92,Q-Learning,D30,"(15, 82)",27,25.0
92,Q-Learning,D31,"(18, 52)",25,12.0
92,Q-Learning,D33,"(96, 28)",26,27.0
92,Q-Learning,D34,"(56, 53)",17,16.0
92,Q-Learning,D35,"(88, 98)",15,15.0
92,Q-Learning,D36,"(18, 37)",9,10.0
92,Q-Learning,D37,"(25, 5)",7,19.0
92,Q-Learning,D38,"(5, 93)",6,29.0
93,Greedy,D10,"(92, 92)",80,26.0
93,Greedy,D12,"(97, 20)",80,26.0
93,Greedy,D13,"(14, 46)",73,17.0
93,Greedy,D14,"(72, 10)",69,25.0
93,Greedy,D15,"(60, 70)",68,18.0
93,Greedy,D16,"(85, 83)",65,24.0
93,Greedy,D18,"(28, 0)",58,30.0
93,Greedy,D19,"(8, 4)",61,12.0
93,Greedy,D20,"(62, 27)",62,14.0
93,Greedy,D21,"(9, 56)",60,13.0
93,Greedy,D22,"(74, 61)",58,26.0
93,Greedy,D23,"(65, 10)",51,12.0
93,Greedy,D24,"(15, 72)",49,28.0
93,Greedy,D25,"(91, 25)",35,28.0
93,Greedy,D26,"(93, 75)",37,20.0
93,Greedy,D27,"(12, 24)",35,17.0
93,Greedy,D28,"(29, 86)",37,28.0
93,Greedy,D30,"(15, 82)",28,25.0
93,Greedy,D31,"(18, 52)",26,12.0
93,Greedy,D32,"(84, 50)",26,10.0
93,Greedy,D33,"(96, 28)",27,27.0
93,Greedy,D34,"(56, 53)",18,16.0
93,Greedy,D35,"(88, 98)",16,15.0
93,Greedy,D37,"(25, 5)",8,19.0
93,Greedy,D38,"(5, 93)",7,29.0
93,Greedy,D39,"(99, 33)",8,16.0
93,Auction,D8,"(70, 1)",81,27.0
93,Auction,D12,"(97, 20)",80,26.0
93,Auction,D13,"(14, 46)",73,17.0
93,Auction,D14,"(72, 10)",69,25.0
93,Auction,D16,"(85, 83)",65,24.0
93,Auction,D18,"(28, 0)",58,30.0
93,Auction,D19,"(8, 4)",61,12.0
93,Auction,D21,"(9, 56)",60,13.0
93,Auction,D22,"(74, 61)",58,26.0
93,Auction,D23,"(65, 10)",51,12.0
93,Auction,D24,"(15, 72)",49,28.0
93,Auction,D25,"(91, 25)",35,28.0
93,Auction,D27,"(12, 24)",35,17.0
93,Auction,D28,"(29, 86)",37,28.0
93,Auction,D29,"(98, 51)",35,10.0
93,Auction,D30,"(15, 82)",28,25.0
93,Auction,D31,"(18, 52)",26,12.0
93,Auction,D33,"(96, 28)",27,27.0
93,Auction,D34,"(56, 53)",18,16.0
93,Auction,D35,"(88, 98)",16,15.0
93,Auction,D36,"(18, 37)",10,10.0
93,Auction,D37,"(25, 5)",8,19.0
93,Auction,D38,"(5, 93)",7,29.0
93,Auction,D39,"(99, 33)",8,16.0
93,Q-Learning,D6,"(20, 87)",88,29.0
93,Q-Learning,D12,"(97, 20)",80,26.0
93,Q-Learning,D14,"(72, 10)",69,25.0
93,Q-Learning,D16,"(85, 83)",65,24.0
93,Q-Learning,D18,"(28, 0)",58,30.0
93,Q-Learning,D19,"(8, 4)",61,12.0
93,Q-Learning,D20,"(62, 27)",62,14.0
93,Q-Learning,D21,"(9, 56)",60,13.0
93,Q-Learning,D22,"(74, 61)",58,26.0
93,Q-Learning,D23,"(65, 10)",51,12.0
93,Q-Learning,D24,"(15, 72)",49,28.0
93,Q-Learning,D25,"(91, 25)",35,28.0
93,Q-Learning,D27,"(12, 24)",35,17.0
93,Q-Learning,D28,"(29, 86)",37,28.0
93,Q-Learning,D30,"(15, 82)",28,25.0
93,Q-Learning,D31,"(18, 52)",26,12.0
93,Q-Learning,D33,"(96, 28)",27,27.0
93,Q-Learning,D34,"(56, 53)",18,16.0
93,Q-Learning,D35,"(88, 98)",16,15.0
93,Q-Learning,D36,"(18, 37)",10,10.0
93,Q-Learning,D37,"(25, 5)",8,19.0
93,Q-Learning,D38,"(5, 93)",7,29.0
93,Q-Learning,D39,"(99, 33)",8,16.0
94,Greedy,D10,"(92, 92)",81,26.0
94,Greedy,D12,"(97, 20)",81,26.0
94,Greedy,D13,"(14, 46)",74,17.0
94,Greedy,D14,"(72, 10)",70,25.0
94,Greedy,D15,"(60, 70)",69,18.0
94,Greedy,D16,"(85, 83)",66,24.0
94,Greedy,D18,"(28, 0)",59,30.0
94,Greedy,D19,"(8, 4)",62,12.0
94,Greedy,D20,"(62, 27)",63,14.0
94,Greedy,D21,"(9, 56)",61,13.0
94,Greedy,D22,"(74, 61)",59,26.0
94,Greedy,D23,"(65, 10)",52,12.0
94,Greedy,D24,"(15, 72)",50,28.0
94,Greedy,D25,"(91, 25)",36,28.0
94,Greedy,D26,"(93, 75)",38,20.0
94,Greedy,D27,"(12, 24)",36,17.0
94,Greedy,D28,"(29, 86)",38,28.0
94,Greedy,D30,"(15, 82)",29,25.0
94,Greedy,D31,"(18, 52)",27,12.0
94,Greedy,D32,"(84, 50)",27,10.0
94,Greedy,D33,"(96, 28)",28,27.0
94,Greedy,D34,"(56, 53)",19,16.0
94,Greedy,D35,"(88, 98)",17,15.0
94,Greedy,D37,"(25, 5)",9,19.0
94,Greedy,D38,"(5, 93)",8,29.0
94,Greedy,D39,"(99, 33)",9,16.0
94,Auction,D8,"(70, 1)",82,27.0
94,Auction,D12,"(97, 20)",81,26.0
94,Auction,D13,"(14, 46)",74,17.0
94,Auction,D14,"(72, 10)",70,25.0
94,Auction,D16,"(85, 83)",66,24.0
94,Auction,D18,"(28, 0)",59,30.0
94,Auction,D19,"(8, 4)",62,12.0
94,Auction,D21,"(9, 56)",61,13.0
94,Auction,D22,"(74, 61)",59,26.0
94,Auction,D23,"(65, 10)",52,12.0
94,Auction,D24,"(15, 72)",50,28.0
94,Auction,D25,"(91, 25)",36,28.0
94,Auction,D27,"(12, 24)",36,17.0
94,Auction,D28,"(29, 86)",38,28.0
94,Auction,D29,"(98, 51)",36,10.0
94,Auction,D30,"(15, 82)",29,25.0
94,Auction,D31,"(18, 52)",27,12.0
94,Auction,D33,"(96, 28)",28,27.0
94,Auction,D34,"(56, 53)",19,16.0
94,Auction,D35,"(88, 98)",17,15.0
94,Auction,D36,"(18, 37)",11,10.0
94,Auction,D37,"(25, 5)",9,19.0
94,Auction,D38,"(5, 93)",8,29.0
94,Auction,D39,"(99, 33)",9,16.0
94,Q-Learning,D6,"(20, 87)",89,29.0
94,Q-Learning,D12,"(97, 20)",81,26.0
94,Q-Learning,D14,"(72, 10)",70,25.0
94,Q-Learning,D16,"(85, 83)",66,24.0
94,Q-Learning,D18,"(28, 0)",59,30.0
94,Q-Learning,D19,"(8, 4)",62,12.0
94,Q-Learning,D20,"(62, 27)",63,14.0
94,Q-Learning,D21,"(9, 56)",61,13.0
94,Q-Learning,D22,"(74, 61)",59,26.0
94,Q-Learning,D23,"(65, 10)",52,12.0
94,Q-Learning,D24,"(15, 72)",50,28.0
94,Q-Learning,D25,"(91, 25)",36,28.0
94,Q-Learning,D27,"(12, 24)",36,17.0
94,Q-Learning,D28,"(29, 86)",38,28.0
94,Q-Learning,D30,"(15, 82)",29,25.0
94,Q-Learning,D31,"(18, 52)",27,12.0
94,Q-Learning,D33,"(96, 28)",28,27.0
94,Q-Learning,D34,"(56, 53)",19,16.0
94,Q-Learning,D35,"(88, 98)",17,15.0
94,Q-Learning,D36,"(18, 37)",11,10.0
94,Q-Learning,D37,"(25, 5)",9,19.0
94,Q-Learning,D38,"(5, 93)",8,29.0
94,Q-Learning,D39,"(99, 33)",9,16.0
95,Greedy,D10,"(92, 92)",82,26.0
95,Greedy,D12,"(97, 20)",82,26.0
95,Greedy,D13,"(14, 46)",75,17.0
95,Greedy,D14,"(72, 10)",71,25.0
95,Greedy,D15,"(60, 70)",70,18.0
95,Greedy,D16,"(85, 83)",67,24.0
95,Greedy,D18,"(28, 0)",60,30.0
95,Greedy,D19,"(8, 4)",63,12.0
95,Greedy,D20,"(62, 27)",64,14.0
95,Greedy,D21,"(9, 56)",62,13.0
95,Greedy,D22,"(74, 61)",60,26.0
95,Greedy,D23,"(65, 10)",53,12.0
95,Greedy,D24,"(15, 72)",51,28.0
95,Greedy,D25,"(91, 25)",37,28.0
95,Greedy,D26,"(93, 75)",39,20.0
95,Greedy,D27,"(12, 24)",37,17.0
95,Greedy,D28,"(29, 86)",39,28.0
95,Greedy,D30,"(15, 82)",30,25.0
95,Greedy,D31,"(18, 52)",28,12.0
95,Greedy,D32,"(84, 50)",28,10.0
95,Greedy,D33,"(96, 28)",29,27.0
95,Greedy,D34,"(56, 53)",20,16.0
95,Greedy,D35,"(88, 98)",18,15.0
95,Greedy,D37,"(25, 5)",10,19.0
95,Greedy,D38,"(5, 93)",9,29.0
95,Greedy,D39,"(99, 33)",10,16.0
95,Auction,D8,"(70, 1)",83,27.0
95,Auction,D12,"(97, 20)",82,26.0
95,Auction,D13,"(14, 46)",75,17.0
95,Auction,D14,"(72, 10)",71,25.0
95,Auction,D16,"(85, 83)",67,24.0
95,Auction,D18,"(28, 0)",60,30.0
95,Auction,D19,"(8, 4)",63,12.0
95,Auction,D21,"(9, 56)",62,13.0
95,Auction,D22,"(74, 61)",60,26.0
95,Auction,D23,"(65, 10)",53,12.0
95,Auction,D24,"(15, 72)",51,28.0
95,Auction,D25,"(91, 25)",37,28.0
95,Auction,D27,"(12, 24)",37,17.0
95,Auction,D28,"(29, 86)",39,28.0
95,Auction,D29,"(98, 51)",37,10.0
95,Auction,D30,"(15, 82)",30,25.0
95,Auction,D31,"(18, 52)",28,12.0
95,Auction,D33,"(96, 28)",29,27.0
95,Auction,D34,"(56, 53)",20,16.0
95,Auction,D35,"(88, 98)",18,15.0
95,Auction,D36,"(18, 37)",12,10.0
95,Auction,D37,"(25, 5)",10,19.0
95,Auction,D38,"(5, 93)",9,29.0
95,Auction,D39,"(99, 33)",10,16.0
95,Q-Learning,D6,"(20, 87)",90,29.0
95,Q-Learning,D12,"(97, 20)",82,26.0
95,Q-Learning,D14,"(72, 10)",71,25.0
95,Q-Learning,D16,"(85, 83)",67,24.0
95,Q-Learning,D18,"(28, 0)",60,30.0
95,Q-Learning,D19,"(8, 4)",63,12.0
95,Q-Learning,D20,"(62, 27)",64,14.0
95,Q-Learning,D21,"(9, 56)",62,13.0
95,Q-Learning,D22,"(74, 61)",60,26.0
95,Q-Learning,D23,"(65, 10)",53,12.0
95,Q-Learning,D24,"(15, 72)",51,28.0
95,Q-Learning,D25,"(91, 25)",37,28.0
95,Q-Learning,D27,"(12, 24)",37,17.0
95,Q-Learning,D28,"(29, 86)",39,28.0
95,Q-Learning,D30,"(15, 82)",30,25.0
95,Q-Learning,D31,"(18, 52)",28,12.0
95,Q-Learning,D33,"(96, 28)",29,27.0
95,Q-Learning,D34,"(56, 53)",20,16.0
95,Q-Learning,D35,"(88, 98)",18,15.0
95,Q-Learning,D36,"(18, 37)",12,10.0
95,Q-Learning,D37,"(25, 5)",10,19.0
95,Q-Learning,D38,"(5, 93)",9,29.0
95,Q-Learning,D39,"(99, 33)",10,16.0
96,Greedy,D10,"(92, 92)",83,26.0
96,Greedy,D12,"(97, 20)",83,26.0
96,Greedy,D13,"(14, 46)",76,17.0
96,Greedy,D14,"(72, 10)",72,25.0
96,Greedy,D15,"(60, 70)",71,18.0
96,Greedy,D16,"(85, 83)",68,24.0
96,Greedy,D18,"(28, 0)",61,30.0
96,Greedy,D19,"(8, 4)",64,12.0
96,Greedy,D20,"(62, 27)",65,14.0
96,Greedy,D21,"(9, 56)",63,13.0
96,Greedy,D22,"(74, 61)",61,26.0
96,Greedy,D23,"(65, 10)",54,12.0
96,Greedy,D24,"(15, 72)",52,28.0
96,Greedy,D25,"(91, 25)",38,28.0
96,Greedy,D26,"(93, 75)",40,20.0
96,Greedy,D27,"(12, 24)",38,17.0
96,Greedy,D28,"(29, 86)",40,28.0
96,Greedy,D30,"(15, 82)",31,25.0
96,Greedy,D31,"(18, 52)",29,12.0
96,Greedy,D32,"(84, 50)",29,10.0
96,Greedy,D33,"(96, 28)",30,27.0
96,Greedy,D34,"(56, 53)",21,16.0
96,Greedy,D35,"(88, 98)",19,15.0
96,Greedy,D37,"(25, 5)",11,19.0
96,Greedy,D38,"(5, 93)",10,29.0
96,Greedy,D39,"(99, 33)",11,16.0
96,Greedy,D40,"(30, 59)",2,18.0
96,Auction,D8,"(70, 1)",84,27.0
96,Auction,D12,"(97, 20)",83,26.0
96,Auction,D13,"(14, 46)",76,17.0
96,Auction,D14,"(72, 10)",72,25.0
96,Auction,D16,"(85, 83)",68,24.0
96,Auction,D18,"(28, 0)",61,30.0
96,Auction,D19,"(8, 4)",64,12.0
96,Auction,D21,"(9, 56)",63,13.0
96,Auction,D22,"(74, 61)",61,26.0
96,Auction,D23,"(65, 10)",54,12.0
96,Auction,D24,"(15, 72)",52,28.0
96,Auction,D25,"(91, 25)",38,28.0
96,Auction,D27,"(12, 24)",38,17.0
96,Auction,D28,"(29, 86)",40,28.0
96,Auction,D29,"(98, 51)",38,10.0
96,Auction,D30,"(15, 82)",31,25.0
96,Auction,D31,"(18, 52)",29,12.0
96,Auction,D33,"(96, 28)",30,27.0
96,Auction,D34,"(56, 53)",21,16.0
96,Auction,D35,"(88, 98)",19,15.0
96,Auction,D36,"(18, 37)",13,10.0
96,Auction,D37,"(25, 5)",11,19.0
96,Auction,D38,"(5, 93)",10,29.0
96,Auction,D39,"(99, 33)",11,16.0
96,Auction,D40,"(30, 59)",2,18.0
96,Q-Learning,D6,"(20, 87)",91,29.0
96,Q-Learning,D12,"(97, 20)",83,26.0
96,Q-Learning,D14,"(72, 10)",72,25.0
96,Q-Learning,D16,"(85, 83)",68,24.0
96,Q-Learning,D18,"(28, 0)",61,30.0
96,Q-Learning,D19,"(8, 4)",64,12.0
96,Q-Learning,D20,"(62, 27)",65,14.0
96,Q-Learning,D21,"(9, 56)",63,13.0
96,Q-Learning,D22,"(74, 61)",61,26.0
96,Q-Learning,D23,"(65, 10)",54,12.0
96,Q-Learning,D24,"(15, 72)",52,28.0
96,Q-Learning,D25,"(91, 25)",38,28.0
96,Q-Learning,D27,"(12, 24)",38,17.0
96,Q-Learning,D28,"(29, 86)",40,28.0
96,Q-Learning,D30,"(15, 82)",31,25.0
96,Q-Learning,D31,"(18, 52)",29,12.0
96,Q-Learning,D33,"(96, 28)",30,27.0
96,Q-Learning,D34,"(56, 53)",21,16.0
96,Q-Learning,D35,"(88, 98)",19,15.0
96,Q-Learning,D36,"(18, 37)",13,10.0
96,Q-Learning,D37,"(25, 5)",11,19.0
96,Q-Learning,D38,"(5, 93)",10,29.0
96,Q-Learning,D39,"(99, 33)",11,16.0
96,Q-Learning,D40,"(30, 59)",2,18.0
97,Greedy,D10,"(92, 92)",84,26.0
97,Greedy,D12,"(97, 20)",84,26.0
97,Greedy,D13,"(14, 46)",77,17.0
97,Greedy,D14,"(72, 10)",73,25.0
97,Greedy,D15,"(60, 70)",72,18.0
97,Greedy,D16,"(85, 83)",69,24.0
97,Greedy,D18,"(28, 0)",62,30.0
97,Greedy,D19,"(8, 4)",65,12.0
97,Greedy,D20,"(62, 27)",66,14.0
97,Greedy,D21,"(9, 56)",64,13.0
97,Greedy,D22,"(74, 61)",62,26.0
97,Greedy,D23,"(65, 10)",55,12.0
97,Greedy,D24,"(15, 72)",53,28.0
97,Greedy,D25,"(91, 25)",39,28.0
97,Greedy,D26,"(93, 75)",41,20.0
97,Greedy,D27,"(12, 24)",39,17.0
97,Greedy,D28,"(29, 86)",41,28.0
97,Greedy,D30,"(15, 82)",32,25.0
97,Greedy,D31,"(18, 52)",30,12.0
97,Greedy,D32,"(84, 50)",30,10.0
97,Greedy,D33,"(96, 28)",31,27.0
97,Greedy,D34,"(56, 53)",22,16.0
97,Greedy,D35,"(88, 98)",20,15.0
97,Greedy,D37,"(25, 5)",12,19.0
97,Greedy,D38,"(5, 93)",11,29.0
97,Greedy,D39,"(99, 33)",12,16.0
97,Greedy,D40,"(30, 59)",3,18.0
97,Auction,D8,"(70, 1)",85,27.0
97,Auction,D12,"(97, 20)",84,26.0
97,Auction,D13,"(14, 46)",77,17.0
97,Auction,D14,"(72, 10)",73,25.0
97,Auction,D16,"(85, 83)",69,24.0
97,Auction,D18,"(28, 0)",62,30.0
97,Auction,D19,"(8, 4)",65,12.0
97,Auction,D21,"(9, 56)",64,13.0
97,Auction,D22,"(74, 61)",62,26.0
97,Auction,D23,"(65, 10)",55,12.0
97,Auction,D24,"(15, 72)",53,28.0
97,Auction,D25,"(91, 25)",39,28.0
97,Auction,D27,"(12, 24)",39,17.0
97,Auction,D28,"(29, 86)",41,28.0
97,Auction,D29,"(98, 51)",39,10.0
97,Auction,D30,"(15, 82)",32,25.0
97,Auction,D31,"(18, 52)",30,12.0
97,Auction,D33,"(96, 28)",31,27.0
97,Auction,D34,"(56, 53)",22,16.0
97,Auction,D35,"(88, 98)",20,15.0
97,Auction,D36,"(18, 37)",14,10.0
97,Auction,D37,"(25, 5)",12,19.0
97,Auction,D38,"(5, 93)",11,29.0
97,Auction,D39,"(99, 33)",12,16.0
97,Auction,D40,"(30, 59)",3,18.0
97,Q-Learning,D6,"(20, 87)",92,29.0
97,Q-Learning,D12,"(97, 20)",84,26.0
97,Q-Learning,D14,"(72, 10)",73,25.0
97,Q-Learning,D16,"(85, 83)",69,24.0
97,Q-Learning,D18,"(28, 0)",62,30.0
97,Q-Learning,D19,"(8, 4)",65,12.0
97,Q-Learning,D20,"(62, 27)",66,14.0
97,Q-Learning,D21,"(9, 56)",64,13.0
97,Q-Learning,D22,"(74, 61)",62,26.0
97,Q-Learning,D23,"(65, 10)",55,12.0
97,Q-Learning,D24,"(15, 72)",53,28.0
97,Q-Learning,D25,"(91, 25)",39,28.0
97,Q-Learning,D27,"(12, 24)",39,17.0
97,Q-Learning,D28,"(29, 86)",41,28.0
97,Q-Learning,D30,"(15, 82)",32,25.0
97,Q-Learning,D31,"(18, 52)",30,12.0
97,Q-Learning,D33,"(96, 28)",31,27.0
97,Q-Learning,D34,"(56, 53)",22,16.0
97,Q-Learning,D35,"(88, 98)",20,15.0
97,Q-Learning,D36,"(18, 37)",14,10.0
97,Q-Learning,D37,"(25, 5)",12,19.0
97,Q-Learning,D38,"(5, 93)",11,29.0
97,Q-Learning,D39,"(99, 33)",12,16.0
97,Q-Learning,D40,"(30, 59)",3,18.0
98,Greedy,D10,"(92, 92)",85,26.0
98,Greedy,D12,"(97, 20)",85,26.0
98,Greedy,D13,"(14, 46)",78,17.0
98,Greedy,D14,"(72, 10)",74,25.0
98,Greedy,D15,"(60, 70)",73,18.0
98,Greedy,D16,"(85, 83)",70,24.0
98,Greedy,D18,"(28, 0)",63,30.0
98,Greedy,D19,"(8, 4)",66,12.0
98,Greedy,D20,"(62, 27)",67,14.0
98,Greedy,D21,"(9, 56)",65,13.0
98,Greedy,D22,"(74, 61)",63,26.0
98,Greedy,D23,"(65, 10)",56,12.0
98,Greedy,D24,"(15, 72)",54,28.0
98,Greedy,D25,"(91, 25)",40,28.0
98,Greedy,D26,"(93, 75)",42,20.0
98,Greedy,D27,"(12, 24)",40,17.0
98,Greedy,D28,"(29, 86)",42,28.0
98,Greedy,D30,"(15, 82)",33,25.0
98,Greedy,D31,"(18, 52)",31,12.0
98,Greedy,D32,"(84, 50)",31,10.0
98,Greedy,D33,"(96, 28)",32,27.0
98,Greedy,D34,"(56, 53)",23,16.0
98,Greedy,D35,"(88, 98)",21,15.0
98,Greedy,D37,"(25, 5)",13,19.0
98,Greedy,D38,"(5, 93)",12,29.0
98,Greedy,D39,"(99, 33)",13,16.0
98,Greedy,D40,"(30, 59)",4,18.0
98,Auction,D8,"(70, 1)",86,27.0
98,Auction,D12,"(97, 20)",85,26.0
98,Auction,D13,"(14, 46)",78,17.0
98,Auction,D14,"(72, 10)",74,25.0
98,Auction,D16,"(85, 83)",70,24.0
98,Auction,D18,"(28, 0)",63,30.0
98,Auction,D19,"(8, 4)",66,12.0
98,Auction,D21,"(9, 56)",65,13.0
98,Auction,D22,"(74, 61)",63,26.0
98,Auction,D23,"(65, 10)",56,12.0
98,Auction,D24,"(15, 72)",54,28.0
98,Auction,D25,"(91, 25)",40,28.0
98,Auction,D27,"(12, 24)",40,17.0
98,Auction,D28,"(29, 86)",42,28.0
98,Auction,D29,"(98, 51)",40,10.0
98,Auction,D30,"(15, 82)",33,25.0
98,Auction,D31,"(18, 52)",31,12.0
98,Auction,D33,"(96, 28)",32,27.0
98,Auction,D34,"(56, 53)",23,16.0
98,Auction,D35,"(88, 98)",21,15.0
98,Auction,D36,"(18, 37)",15,10.0
98,Auction,D37,"(25, 5)",13,19.0
98,Auction,D38,"(5, 93)",12,29.0
98,Auction,D39,"(99, 33)",13,16.0
98,Auction,D40,"(30, 59)",4,18.0
98,Q-Learning,D6,"(20, 87)",93,29.0
98,Q-Learning,D12,"(97, 20)",85,26.0
98,Q-Learning,D14,"(72, 10)",74,25.0
98,Q-Learning,D16,"(85, 83)",70,24.0
98,Q-Learning,D18,"(28, 0)",63,30.0
98,Q-Learning,D19,"(8, 4)",66,12.0
98,Q-Learning,D20,"(62, 27)",67,14.0
98,Q-Learning,D21,"(9, 56)",65,13.0
98,Q-Learning,D22,"(74, 61)",63,26.0
98,Q-Learning,D23,"(65, 10)",56,12.0
98,Q-Learning,D24,"(15, 72)",54,28.0
98,Q-Learning,D25,"(91, 25)",40,28.0
98,Q-Learning,D27,"(12, 24)",40,17.0
98,Q-Learning,D28,"(29, 86)",42,28.0
98,Q-Learning,D30,"(15, 82)",33,25.0
98,Q-Learning,D31,"(18, 52)",31,12.0
98,Q-Learning,D33,"(96, 28)",32,27.0
98,Q-Learning,D34,"(56, 53)",23,16.0
98,Q-Learning,D35,"(88, 98)",21,15.0
98,Q-Learning,D36,"(18, 37)",15,10.0
98,Q-Learning,D37,"(25, 5)",13,19.0
98,Q-Learning,D38,"(5, 93)",12,29.0
98,Q-Learning,D39,"(99, 33)",13,16.0
98,Q-Learning,D40,"(30, 59)",4,18.0
99,Greedy,D10,"(92, 92)",86,26.0
99,Greedy,D12,"(97, 20)",86,26.0
99,Greedy,D13,"(14, 46)",79,17.0
99,Greedy,D14,"(72, 10)",75,25.0
99,Greedy,D15,"(60, 70)",74,18.0
99,Greedy,D16,"(85, 83)",71,24.0
99,Greedy,D18,"(28, 0)",64,30.0
99,Greedy,D19,"(8, 4)",67,12.0
99,Greedy,D20,"(62, 27)",68,14.0
99,Greedy,D21,"(9, 56)",66,13.0
99,Greedy,D22,"(74, 61)",64,26.0
99,Greedy,D23,"(65, 10)",57,12.0
99,Greedy,D24,"(15, 72)",55,28.0
99,Greedy,D25,"(91, 25)",41,28.0
99,Greedy,D26,"(93, 75)",43,20.0
99,Greedy,D27,"(12, 24)",41,17.0
99,Greedy,D28,"(29, 86)",43,28.0
99,Greedy,D30,"(15, 82)",34,25.0
99,Greedy,D31,"(18, 52)",32,12.0
99,Greedy,D32,"(84, 50)",32,10.0
99,Greedy,D33,"(96, 28)",33,27.0
99,Greedy,D34,"(56, 53)",24,16.0
99,Greedy,D35,"(88, 98)",22,15.0
99,Greedy,D37,"(25, 5)",14,19.0
99,Greedy,D38,"(5, 93)",13,29.0
99,Greedy,D39,"(99, 33)",14,16.0
99,Greedy,D40,"(30, 59)",5,18.0
99,Auction,D8,"(70, 1)",87,27.0
99,Auction,D12,"(97, 20)",86,26.0
99,Auction,D13,"(14, 46)",79,17.0
99,Auction,D14,"(72, 10)",75,25.0
99,Auction,D16,"(85, 83)",71,24.0
99,Auction,D18,"(28, 0)",64,30.0
99,Auction,D19,"(8, 4)",67,12.0
99,Auction,D21,"(9, 56)",66,13.0
99,Auction,D22,"(74, 61)",64,26.0
99,Auction,D23,"(65, 10)",57,12.0
99,Auction,D24,"(15, 72)",55,28.0
99,Auction,D25,"(91, 25)",41,28.0
99,Auction,D27,"(12, 24)",41,17.0
99,Auction,D28,"(29, 86)",43,28.0
99,Auction,D29,"(98, 51)",41,10.0
99,Auction,D30,"(15, 82)",34,25.0
99,Auction,D31,"(18, 52)",32,12.0
99,Auction,D33,"(96, 28)",33,27.0
99,Auction,D34,"(56, 53)",24,16.0
99,Auction,D35,"(88, 98)",22,15.0
99,Auction,D36,"(18, 37)",16,10.0
99,Auction,D37,"(25, 5)",14,19.0
99,Auction,D38,"(5, 93)",13,29.0
99,Auction,D39,"(99, 33)",14,16.0
99,Auction,D40,"(30, 59)",5,18.0
99,Q-Learning,D6,"(20, 87)",94,29.0
99,Q-Learning,D12,"(97, 20)",86,26.0
99,Q-Learning,D14,"(72, 10)",75,25.0
99,Q-Learning,D16,"(85, 83)",71,24.0
99,Q-Learning,D18,"(28, 0)",64,30.0
99,Q-Learning,D19,"(8, 4)",67,12.0
99,Q-Learning,D20,"(62, 27)",68,14.0
99,Q-Learning,D21,"(9, 56)",66,13.0
99,Q-Learning,D22,"(74, 61)",64,26.0
99,Q-Learning,D23,"(65, 10)",57,12.0
99,Q-Learning,D24,"(15, 72)",55,28.0
99,Q-Learning,D25,"(91, 25)",41,28.0
99,Q-Learning,D27,"(12, 24)",41,17.0
99,Q-Learning,D28,"(29, 86)",43,28.0
99,Q-Learning,D30,"(15, 82)",34,25.0
99,Q-Learning,D31,"(18, 52)",32,12.0
99,Q-Learning,D33,"(96, 28)",33,27.0
99,Q-Learning,D34,"(56, 53)",24,16.0
99,Q-Learning,D35,"(88, 98)",22,15.0
99,Q-Learning,D36,"(18, 37)",16,10.0
99,Q-Learning,D37,"(25, 5)",14,19.0
99,Q-Learning,D38,"(5, 93)",13,29.0
99,Q-Learning,D39,"(99, 33)",14,16.0
99,Q-Learning,D40,"(30, 59)",5,18.0
