time_step,method,task_id,position,urgency,duration
0,Greedy,T1,"(51, 37)",2,15.0
0,Greedy,T2,"(49, 72)",8,16.0
0,Greedy,T3,"(11, 88)",8,26.0
0,Greedy,T4,"(96, 39)",7,16.0
0,Greedy,T5,"(88, 23)",6,17.0
0,Greedy,T6,"(3, 51)",8,22.0
0,Greedy,T7,"(11, 37)",1,14.0
0,Greedy,T8,"(87, 62)",5,13.0
0,Greedy,T9,"(30, 50)",8,13.0
0,Greedy,T10,"(33, 64)",4,23.0
0,Auction,T1,"(51, 37)",2,15.0
0,Auction,T2,"(49, 72)",8,16.0
0,Auction,T3,"(11, 88)",8,26.0
0,Auction,T4,"(96, 39)",7,16.0
0,Auction,T5,"(88, 23)",6,17.0
0,Auction,T6,"(3, 51)",8,22.0
0,Auction,T7,"(11, 37)",1,14.0
0,Auction,T8,"(87, 62)",5,13.0
0,Auction,T9,"(30, 50)",8,13.0
0,Auction,T10,"(33, 64)",4,23.0
0,Q-Learning,T1,"(51, 37)",2,15.0
0,Q-Learning,T2,"(49, 72)",8,16.0
0,Q-Learning,T3,"(11, 88)",8,26.0
0,Q-Learning,T4,"(96, 39)",7,16.0
0,Q-Learning,T5,"(88, 23)",6,17.0
0,Q-Learning,T6,"(3, 51)",8,22.0
0,Q-Learning,T7,"(11, 37)",1,14.0
0,Q-Learning,T8,"(87, 62)",5,13.0
0,Q-Learning,T9,"(30, 50)",8,13.0
0,Q-Learning,T10,"(33, 64)",4,23.0
1,Greedy,T7,"(11, 37)",2,14.0
1,Auction,T7,"(11, 37)",2,14.0
1,Q-Learning,T1,"(51, 37)",3,15.0
2,Greedy,T7,"(11, 37)",3,14.0
2,Auction,T7,"(11, 37)",3,14.0
2,Q-Learning,T1,"(51, 37)",4,15.0
3,Greedy,T7,"(11, 37)",4,14.0
3,Greedy,D2,"(53, 42)",4,23.0
3,Auction,T7,"(11, 37)",4,14.0
3,Auction,D2,"(53, 42)",4,23.0
3,Q-Learning,T1,"(51, 37)",5,15.0
3,Q-Learning,D2,"(53, 42)",4,23.0
4,Greedy,T7,"(11, 37)",5,14.0
4,Greedy,D2,"(53, 42)",5,23.0
4,Auction,T7,"(11, 37)",5,14.0
4,Auction,D2,"(53, 42)",5,23.0
4,Q-Learning,T1,"(51, 37)",6,15.0
4,Q-Learning,D2,"(53, 42)",5,23.0
5,Greedy,T7,"(11, 37)",6,14.0
5,Greedy,D2,"(53, 42)",6,23.0
5,Auction,T7,"(11, 37)",6,14.0
5,Auction,D2,"(53, 42)",6,23.0
5,Q-Learning,T1,"(51, 37)",7,15.0
5,Q-Learning,D2,"(53, 42)",6,23.0
6,Greedy,T7,"(11, 37)",7,14.0
6,Greedy,D2,"(53, 42)",7,23.0
6,Greedy,D3,"(74, 67)",7,17.0
6,Auction,T7,"(11, 37)",7,14.0
6,Auction,D2,"(53, 42)",7,23.0
6,Auction,D3,"(74, 67)",7,17.0
6,Q-Learning,T1,"(51, 37)",8,15.0
6,Q-Learning,D2,"(53, 42)",7,23.0
6,Q-Learning,D3,"(74, 67)",7,17.0
7,Greedy,T7,"(11, 37)",8,14.0
7,Greedy,D2,"(53, 42)",8,23.0
7,Greedy,D3,"(74, 67)",8,17.0
7,Greedy,D4,"(97, 13)",6,30.0
7,Auction,T7,"(11, 37)",8,14.0
7,Auction,D2,"(53, 42)",8,23.0
7,Auction,D3,"(74, 67)",8,17.0
7,Auction,D4,"(97, 13)",6,30.0
7,Q-Learning,T1,"(51, 37)",9,15.0
7,Q-Learning,D2,"(53, 42)",8,23.0
7,Q-Learning,D3,"(74, 67)",8,17.0
7,Q-Learning,D4,"(97, 13)",6,30.0
8,Greedy,T7,"(11, 37)",9,14.0
8,Greedy,D2,"(53, 42)",9,23.0
8,Greedy,D3,"(74, 67)",9,17.0
8,Greedy,D4,"(97, 13)",7,30.0
8,Greedy,D5,"(57, 10)",1,29.0
8,Auction,T7,"(11, 37)",9,14.0
8,Auction,D2,"(53, 42)",9,23.0
8,Auction,D3,"(74, 67)",9,17.0
8,Auction,D4,"(97, 13)",7,30.0
8,Auction,D5,"(57, 10)",1,29.0
8,Q-Learning,T1,"(51, 37)",10,15.0
8,Q-Learning,D2,"(53, 42)",9,23.0
8,Q-Learning,D3,"(74, 67)",9,17.0
8,Q-Learning,D4,"(97, 13)",7,30.0
8,Q-Learning,D5,"(57, 10)",1,29.0
9,Greedy,T7,"(11, 37)",10,14.0
9,Greedy,D2,"(53, 42)",10,23.0
9,Greedy,D3,"(74, 67)",10,17.0
9,Greedy,D4,"(97, 13)",8,30.0
9,Greedy,D5,"(57, 10)",2,29.0
9,Auction,T7,"(11, 37)",10,14.0
9,Auction,D2,"(53, 42)",10,23.0
9,Auction,D3,"(74, 67)",10,17.0
9,Auction,D4,"(97, 13)",8,30.0
9,Auction,D5,"(57, 10)",2,29.0
9,Q-Learning,T1,"(51, 37)",11,15.0
9,Q-Learning,D2,"(53, 42)",10,23.0
9,Q-Learning,D3,"(74, 67)",10,17.0
9,Q-Learning,D4,"(97, 13)",8,30.0
9,Q-Learning,D5,"(57, 10)",2,29.0
10,Greedy,T7,"(11, 37)",11,14.0
10,Greedy,D2,"(53, 42)",11,23.0
10,Greedy,D3,"(74, 67)",11,17.0
10,Greedy,D4,"(97, 13)",9,30.0
10,Greedy,D5,"(57, 10)",3,29.0
10,Auction,T7,"(11, 37)",11,14.0
10,Auction,D2,"(53, 42)",11,23.0
10,Auction,D3,"(74, 67)",11,17.0
10,Auction,D4,"(97, 13)",9,30.0
10,Auction,D5,"(57, 10)",3,29.0
10,Q-Learning,T1,"(51, 37)",12,15.0
10,Q-Learning,D2,"(53, 42)",11,23.0
10,Q-Learning,D3,"(74, 67)",11,17.0
10,Q-Learning,D4,"(97, 13)",9,30.0
10,Q-Learning,D5,"(57, 10)",3,29.0
11,Greedy,T7,"(11, 37)",12,14.0
11,Greedy,D2,"(53, 42)",12,23.0
11,Greedy,D3,"(74, 67)",12,17.0
11,Greedy,D4,"(97, 13)",10,30.0
11,Greedy,D5,"(57, 10)",4,29.0
11,Auction,T7,"(11, 37)",12,14.0
11,Auction,D2,"(53, 42)",12,23.0
11,Auction,D3,"(74, 67)",12,17.0
11,Auction,D4,"(97, 13)",10,30.0
11,Auction,D5,"(57, 10)",4,29.0
11,Q-Learning,T1,"(51, 37)",13,15.0
11,Q-Learning,D2,"(53, 42)",12,23.0
11,Q-Learning,D3,"(74, 67)",12,17.0
11,Q-Learning,D4,"(97, 13)",10,30.0
11,Q-Learning,D5,"(57, 10)",4,29.0
12,Greedy,T7,"(11, 37)",13,14.0
12,Greedy,D2,"(53, 42)",13,23.0
12,Greedy,D3,"(74, 67)",13,17.0
12,Greedy,D4,"(97, 13)",11,30.0
12,Greedy,D5,"(57, 10)",5,29.0
12,Auction,T7,"(11, 37)",13,14.0
12,Auction,D2,"(53, 42)",13,23.0
12,Auction,D3,"(74, 67)",13,17.0
12,Auction,D4,"(97, 13)",11,30.0
12,Auction,D5,"(57, 10)",5,29.0
12,Q-Learning,T1,"(51, 37)",14,15.0
12,Q-Learning,D2,"(53, 42)",13,23.0
12,Q-Learning,D3,"(74, 67)",13,17.0
12,Q-Learning,D4,"(97, 13)",11,30.0
12,Q-Learning,D5,"(57, 10)",5,29.0
13,Greedy,T7,"(11, 37)",14,14.0
13,Greedy,D2,"(53, 42)",14,23.0
13,Greedy,D3,"(74, 67)",14,17.0
13,Greedy,D4,"(97, 13)",12,30.0
13,Greedy,D5,"(57, 10)",6,29.0
13,Greedy,D6,"(66, 1)",1,15.0
13,Auction,T7,"(11, 37)",14,14.0
13,Auction,D2,"(53, 42)",14,23.0
13,Auction,D3,"(74, 67)",14,17.0
13,Auction,D4,"(97, 13)",12,30.0
13,Auction,D5,"(57, 10)",6,29.0
13,Auction,D6,"(66, 1)",1,15.0
13,Q-Learning,T1,"(51, 37)",15,15.0
13,Q-Learning,D2,"(53, 42)",14,23.0
13,Q-Learning,D3,"(74, 67)",14,17.0
13,Q-Learning,D4,"(97, 13)",12,30.0
13,Q-Learning,D5,"(57, 10)",6,29.0
13,Q-Learning,D6,"(66, 1)",1,15.0
14,Greedy,T7,"(11, 37)",15,14.0
14,Greedy,D2,"(53, 42)",15,23.0
14,Greedy,D3,"(74, 67)",15,17.0
14,Greedy,D4,"(97, 13)",13,30.0
14,Greedy,D5,"(57, 10)",7,29.0
14,Greedy,D6,"(66, 1)",2,15.0
14,Auction,T7,"(11, 37)",15,14.0
14,Auction,D2,"(53, 42)",15,23.0
14,Auction,D3,"(74, 67)",15,17.0
14,Auction,D4,"(97, 13)",13,30.0
14,Auction,D5,"(57, 10)",7,29.0
14,Auction,D6,"(66, 1)",2,15.0
14,Q-Learning,T1,"(51, 37)",16,15.0
14,Q-Learning,D2,"(53, 42)",15,23.0
14,Q-Learning,D3,"(74, 67)",15,17.0
14,Q-Learning,D4,"(97, 13)",13,30.0
14,Q-Learning,D5,"(57, 10)",7,29.0
14,Q-Learning,D6,"(66, 1)",2,15.0
15,Greedy,T7,"(11, 37)",16,14.0
15,Greedy,D2,"(53, 42)",16,23.0
15,Greedy,D3,"(74, 67)",16,17.0
15,Greedy,D4,"(97, 13)",14,30.0
15,Greedy,D5,"(57, 10)",8,29.0
15,Greedy,D6,"(66, 1)",3,15.0
15,Auction,T7,"(11, 37)",16,14.0
15,Auction,D2,"(53, 42)",16,23.0
15,Auction,D3,"(74, 67)",16,17.0
15,Auction,D4,"(97, 13)",14,30.0
15,Auction,D5,"(57, 10)",8,29.0
15,Auction,D6,"(66, 1)",3,15.0
15,Q-Learning,T1,"(51, 37)",17,15.0
15,Q-Learning,D2,"(53, 42)",16,23.0
15,Q-Learning,D3,"(74, 67)",16,17.0
15,Q-Learning,D4,"(97, 13)",14,30.0
15,Q-Learning,D5,"(57, 10)",8,29.0
15,Q-Learning,D6,"(66, 1)",3,15.0
16,Greedy,D2,"(53, 42)",17,23.0
16,Greedy,D3,"(74, 67)",17,17.0
16,Greedy,D4,"(97, 13)",15,30.0
16,Greedy,D5,"(57, 10)",9,29.0
16,Greedy,D6,"(66, 1)",4,15.0
16,Greedy,D7,"(54, 74)",8,20.0
16,Auction,D2,"(53, 42)",17,23.0
16,Auction,D4,"(97, 13)",15,30.0
16,Auction,D5,"(57, 10)",9,29.0
16,Auction,D6,"(66, 1)",4,15.0
16,Auction,D7,"(54, 74)",8,20.0
16,Q-Learning,T1,"(51, 37)",18,15.0
16,Q-Learning,D2,"(53, 42)",17,23.0
16,Q-Learning,D4,"(97, 13)",15,30.0
16,Q-Learning,D5,"(57, 10)",9,29.0
16,Q-Learning,D6,"(66, 1)",4,15.0
16,Q-Learning,D7,"(54, 74)",8,20.0
17,Greedy,D5,"(57, 10)",10,29.0
17,Greedy,D6,"(66, 1)",5,15.0
17,Greedy,D7,"(54, 74)",9,20.0
17,Greedy,D8,"(68, 74)",6,25.0
17,Auction,D4,"(97, 13)",16,30.0
17,Auction,D5,"(57, 10)",10,29.0
17,Auction,D6,"(66, 1)",5,15.0
17,Auction,D8,"(68, 74)",6,25.0
17,Q-Learning,D4,"(97, 13)",16,30.0
17,Q-Learning,D5,"(57, 10)",10,29.0
17,Q-Learning,D6,"(66, 1)",5,15.0
17,Q-Learning,D7,"(54, 74)",9,20.0
17,Q-Learning,D8,"(68, 74)",6,25.0
18,Greedy,D5,"(57, 10)",11,29.0
18,Greedy,D6,"(66, 1)",6,15.0
18,Greedy,D7,"(54, 74)",10,20.0
18,Greedy,D8,"(68, 74)",7,25.0
18,Auction,D4,"(97, 13)",17,30.0
18,Auction,D5,"(57, 10)",11,29.0
18,Auction,D6,"(66, 1)",6,15.0
18,Auction,D8,"(68, 74)",7,25.0
18,Q-Learning,D4,"(97, 13)",17,30.0
18,Q-Learning,D5,"(57, 10)",11,29.0
18,Q-Learning,D6,"(66, 1)",6,15.0
18,Q-Learning,D7,"(54, 74)",10,20.0
18,Q-Learning,D8,"(68, 74)",7,25.0
19,Greedy,D5,"(57, 10)",12,29.0
19,Greedy,D6,"(66, 1)",7,15.0
19,Greedy,D7,"(54, 74)",11,20.0
19,Greedy,D8,"(68, 74)",8,25.0
19,Greedy,D9,"(76, 62)",7,16.0
19,Auction,D4,"(97, 13)",18,30.0
19,Auction,D5,"(57, 10)",12,29.0
19,Auction,D6,"(66, 1)",7,15.0
19,Auction,D8,"(68, 74)",8,25.0
19,Auction,D9,"(76, 62)",7,16.0
19,Q-Learning,D4,"(97, 13)",18,30.0
19,Q-Learning,D5,"(57, 10)",12,29.0
19,Q-Learning,D6,"(66, 1)",7,15.0
19,Q-Learning,D7,"(54, 74)",11,20.0
19,Q-Learning,D8,"(68, 74)",8,25.0
19,Q-Learning,D9,"(76, 62)",7,16.0
20,Greedy,D6,"(66, 1)",8,15.0
20,Greedy,D7,"(54, 74)",12,20.0
20,Greedy,D8,"(68, 74)",9,25.0
20,Greedy,D9,"(76, 62)",8,16.0
20,Greedy,D10,"(55, 2)",8,19.0
20,Auction,D4,"(97, 13)",19,30.0
20,Auction,D5,"(57, 10)",13,29.0
20,Auction,D6,"(66, 1)",8,15.0
20,Auction,D9,"(76, 62)",8,16.0
20,Auction,D10,"(55, 2)",8,19.0
20,Q-Learning,D4,"(97, 13)",19,30.0
20,Q-Learning,D5,"(57, 10)",13,29.0
20,Q-Learning,D6,"(66, 1)",8,15.0
20,Q-Learning,D8,"(68, 74)",9,25.0
20,Q-Learning,D9,"(76, 62)",8,16.0
20,Q-Learning,D10,"(55, 2)",8,19.0
21,Greedy,D6,"(66, 1)",9,15.0
21,Greedy,D7,"(54, 74)",13,20.0
21,Greedy,D8,"(68, 74)",10,25.0
21,Greedy,D9,"(76, 62)",9,16.0
21,Greedy,D10,"(55, 2)",9,19.0
21,Auction,D4,"(97, 13)",20,30.0
21,Auction,D5,"(57, 10)",14,29.0
21,Auction,D6,"(66, 1)",9,15.0
21,Auction,D9,"(76, 62)",9,16.0
21,Auction,D10,"(55, 2)",9,19.0
21,Q-Learning,D4,"(97, 13)",20,30.0
21,Q-Learning,D6,"(66, 1)",9,15.0
21,Q-Learning,D8,"(68, 74)",10,25.0
21,Q-Learning,D9,"(76, 62)",9,16.0
21,Q-Learning,D10,"(55, 2)",9,19.0
22,Greedy,D6,"(66, 1)",10,15.0
22,Greedy,D8,"(68, 74)",11,25.0
22,Greedy,D9,"(76, 62)",10,16.0
22,Greedy,D10,"(55, 2)",10,19.0
22,Greedy,D11,"(79, 83)",10,11.0
22,Auction,D4,"(97, 13)",21,30.0
22,Auction,D5,"(57, 10)",15,29.0
22,Auction,D6,"(66, 1)",10,15.0
22,Auction,D10,"(55, 2)",10,19.0
22,Auction,D11,"(79, 83)",10,11.0
22,Q-Learning,D4,"(97, 13)",21,30.0
22,Q-Learning,D6,"(66, 1)",10,15.0
22,Q-Learning,D8,"(68, 74)",11,25.0
22,Q-Learning,D10,"(55, 2)",10,19.0
22,Q-Learning,D11,"(79, 83)",10,11.0
23,Greedy,D6,"(66, 1)",11,15.0
23,Greedy,D9,"(76, 62)",11,16.0
23,Greedy,D10,"(55, 2)",11,19.0
23,Greedy,D11,"(79, 83)",11,11.0
23,Auction,D5,"(57, 10)",16,29.0
23,Auction,D6,"(66, 1)",11,15.0
23,Auction,D10,"(55, 2)",11,19.0
23,Auction,D11,"(79, 83)",11,11.0
23,Q-Learning,D6,"(66, 1)",11,15.0
23,Q-Learning,D8,"(68, 74)",12,25.0
23,Q-Learning,D10,"(55, 2)",11,19.0
23,Q-Learning,D11,"(79, 83)",11,11.0
24,Greedy,D6,"(66, 1)",12,15.0
24,Greedy,D9,"(76, 62)",12,16.0
24,Greedy,D10,"(55, 2)",12,19.0
24,Greedy,D11,"(79, 83)",12,11.0
24,Greedy,D12,"(12, 100)",7,10.0
24,Auction,D5,"(57, 10)",17,29.0
24,Auction,D6,"(66, 1)",12,15.0
24,Auction,D10,"(55, 2)",12,19.0
24,Auction,D11,"(79, 83)",12,11.0
24,Auction,D12,"(12, 100)",7,10.0
24,Q-Learning,D6,"(66, 1)",12,15.0
24,Q-Learning,D8,"(68, 74)",13,25.0
24,Q-Learning,D10,"(55, 2)",12,19.0
24,Q-Learning,D11,"(79, 83)",12,11.0
24,Q-Learning,D12,"(12, 100)",7,10.0
25,Greedy,D9,"(76, 62)",13,16.0
25,Greedy,D10,"(55, 2)",13,19.0
25,Greedy,D11,"(79, 83)",13,11.0
25,Greedy,D12,"(12, 100)",8,10.0
25,Auction,D6,"(66, 1)",13,15.0
25,Auction,D10,"(55, 2)",13,19.0
25,Auction,D11,"(79, 83)",13,11.0
25,Auction,D12,"(12, 100)",8,10.0
25,Q-Learning,D6,"(66, 1)",13,15.0
25,Q-Learning,D8,"(68, 74)",14,25.0
25,Q-Learning,D10,"(55, 2)",13,19.0
25,Q-Learning,D11,"(79, 83)",13,11.0
25,Q-Learning,D12,"(12, 100)",8,10.0
26,Greedy,D10,"(55, 2)",14,19.0
26,Greedy,D11,"(79, 83)",14,11.0
26,Greedy,D12,"(12, 100)",9,10.0
26,Auction,D6,"(66, 1)",14,15.0
26,Auction,D10,"(55, 2)",14,19.0
26,Auction,D12,"(12, 100)",9,10.0
26,Q-Learning,D6,"(66, 1)",14,15.0
26,Q-Learning,D10,"(55, 2)",14,19.0
26,Q-Learning,D11,"(79, 83)",14,11.0
26,Q-Learning,D12,"(12, 100)",9,10.0
27,Greedy,D10,"(55, 2)",15,19.0
27,Greedy,D11,"(79, 83)",15,11.0
27,Greedy,D12,"(12, 100)",10,10.0
27,Greedy,D13,"(55, 17)",7,30.0
27,Auction,D6,"(66, 1)",15,15.0
27,Auction,D10,"(55, 2)",15,19.0
27,Auction,D12,"(12, 100)",10,10.0
27,Auction,D13,"(55, 17)",7,30.0
27,Q-Learning,D6,"(66, 1)",15,15.0
27,Q-Learning,D10,"(55, 2)",15,19.0
27,Q-Learning,D11,"(79, 83)",15,11.0
27,Q-Learning,D12,"(12, 100)",10,10.0
28,Greedy,D10,"(55, 2)",16,19.0
28,Greedy,D11,"(79, 83)",16,11.0
28,Greedy,D12,"(12, 100)",11,10.0
28,Greedy,D13,"(55, 17)",8,30.0
28,Auction,D6,"(66, 1)",16,15.0
28,Auction,D10,"(55, 2)",16,19.0
28,Auction,D12,"(12, 100)",11,10.0
28,Auction,D13,"(55, 17)",8,30.0
28,Q-Learning,D6,"(66, 1)",16,15.0
28,Q-Learning,D10,"(55, 2)",16,19.0
28,Q-Learning,D11,"(79, 83)",16,11.0
28,Q-Learning,D12,"(12, 100)",11,10.0
29,Greedy,D10,"(55, 2)",17,19.0
29,Greedy,D11,"(79, 83)",17,11.0
29,Greedy,D12,"(12, 100)",12,10.0
29,Greedy,D13,"(55, 17)",9,30.0
29,Auction,D6,"(66, 1)",17,15.0
29,Auction,D10,"(55, 2)",17,19.0
29,Auction,D12,"(12, 100)",12,10.0
29,Auction,D13,"(55, 17)",9,30.0
29,Q-Learning,D6,"(66, 1)",17,15.0
29,Q-Learning,D10,"(55, 2)",17,19.0
29,Q-Learning,D11,"(79, 83)",17,11.0
29,Q-Learning,D12,"(12, 100)",12,10.0
30,Greedy,D10,"(55, 2)",18,19.0
30,Greedy,D11,"(79, 83)",18,11.0
30,Greedy,D12,"(12, 100)",13,10.0
30,Greedy,D13,"(55, 17)",10,30.0
30,Auction,D6,"(66, 1)",18,15.0
30,Auction,D10,"(55, 2)",18,19.0
30,Auction,D12,"(12, 100)",13,10.0
30,Auction,D13,"(55, 17)",10,30.0
30,Q-Learning,D6,"(66, 1)",18,15.0
30,Q-Learning,D10,"(55, 2)",18,19.0
30,Q-Learning,D11,"(79, 83)",18,11.0
30,Q-Learning,D12,"(12, 100)",13,10.0
31,Greedy,D10,"(55, 2)",19,19.0
31,Greedy,D11,"(79, 83)",19,11.0
31,Greedy,D12,"(12, 100)",14,10.0
31,Greedy,D13,"(55, 17)",11,30.0
31,Greedy,D14,"(25, 26)",2,11.0
31,Auction,D6,"(66, 1)",19,15.0
31,Auction,D10,"(55, 2)",19,19.0
31,Auction,D12,"(12, 100)",14,10.0
31,Auction,D13,"(55, 17)",11,30.0
31,Auction,D14,"(25, 26)",2,11.0
31,Q-Learning,D6,"(66, 1)",19,15.0
31,Q-Learning,D10,"(55, 2)",19,19.0
31,Q-Learning,D11,"(79, 83)",19,11.0
31,Q-Learning,D12,"(12, 100)",14,10.0
31,Q-Learning,D14,"(25, 26)",2,11.0
32,Greedy,D11,"(79, 83)",20,11.0
32,Greedy,D12,"(12, 100)",15,10.0
32,Greedy,D13,"(55, 17)",12,30.0
32,Greedy,D14,"(25, 26)",3,11.0
32,Greedy,D15,"(72, 66)",7,28.0
32,Auction,D6,"(66, 1)",20,15.0
32,Auction,D10,"(55, 2)",20,19.0
32,Auction,D12,"(12, 100)",15,10.0
32,Auction,D13,"(55, 17)",12,30.0
32,Auction,D14,"(25, 26)",3,11.0
32,Auction,D15,"(72, 66)",7,28.0
32,Q-Learning,D6,"(66, 1)",20,15.0
32,Q-Learning,D10,"(55, 2)",20,19.0
32,Q-Learning,D11,"(79, 83)",20,11.0
32,Q-Learning,D12,"(12, 100)",15,10.0
32,Q-Learning,D14,"(25, 26)",3,11.0
32,Q-Learning,D15,"(72, 66)",7,28.0
33,Greedy,D11,"(79, 83)",21,11.0
33,Greedy,D12,"(12, 100)",16,10.0
33,Greedy,D13,"(55, 17)",13,30.0
33,Greedy,D14,"(25, 26)",4,11.0
33,Greedy,D15,"(72, 66)",8,28.0
33,Auction,D6,"(66, 1)",21,15.0
33,Auction,D12,"(12, 100)",16,10.0
33,Auction,D13,"(55, 17)",13,30.0
33,Auction,D14,"(25, 26)",4,11.0
33,Auction,D15,"(72, 66)",8,28.0
33,Q-Learning,D6,"(66, 1)",21,15.0
33,Q-Learning,D10,"(55, 2)",21,19.0
33,Q-Learning,D11,"(79, 83)",21,11.0
33,Q-Learning,D12,"(12, 100)",16,10.0
33,Q-Learning,D14,"(25, 26)",4,11.0
33,Q-Learning,D15,"(72, 66)",8,28.0
34,Greedy,D11,"(79, 83)",22,11.0
34,Greedy,D12,"(12, 100)",17,10.0
34,Greedy,D13,"(55, 17)",14,30.0
34,Greedy,D14,"(25, 26)",5,11.0
34,Greedy,D15,"(72, 66)",9,28.0
34,Greedy,D16,"(0, 44)",8,10.0
34,Auction,D6,"(66, 1)",22,15.0
34,Auction,D12,"(12, 100)",17,10.0
34,Auction,D13,"(55, 17)",14,30.0
34,Auction,D14,"(25, 26)",5,11.0
34,Auction,D15,"(72, 66)",9,28.0
34,Auction,D16,"(0, 44)",8,10.0
34,Q-Learning,D6,"(66, 1)",22,15.0
34,Q-Learning,D10,"(55, 2)",22,19.0
34,Q-Learning,D11,"(79, 83)",22,11.0
34,Q-Learning,D12,"(12, 100)",17,10.0
34,Q-Learning,D14,"(25, 26)",5,11.0
34,Q-Learning,D15,"(72, 66)",9,28.0
34,Q-Learning,D16,"(0, 44)",8,10.0
35,Greedy,D11,"(79, 83)",23,11.0
35,Greedy,D12,"(12, 100)",18,10.0
35,Greedy,D13,"(55, 17)",15,30.0
35,Greedy,D14,"(25, 26)",6,11.0
35,Greedy,D15,"(72, 66)",10,28.0
35,Greedy,D16,"(0, 44)",9,10.0
35,Greedy,D17,"(4, 2)",10,28.0
35,Auction,D12,"(12, 100)",18,10.0
35,Auction,D13,"(55, 17)",15,30.0
35,Auction,D14,"(25, 26)",6,11.0
35,Auction,D15,"(72, 66)",10,28.0
35,Auction,D16,"(0, 44)",9,10.0
35,Auction,D17,"(4, 2)",10,28.0
35,Q-Learning,D6,"(66, 1)",23,15.0
35,Q-Learning,D10,"(55, 2)",23,19.0
35,Q-Learning,D14,"(25, 26)",6,11.0
35,Q-Learning,D15,"(72, 66)",10,28.0
35,Q-Learning,D16,"(0, 44)",9,10.0
35,Q-Learning,D17,"(4, 2)",10,28.0
36,Greedy,D11,"(79, 83)",24,11.0
36,Greedy,D12,"(12, 100)",19,10.0
36,Greedy,D13,"(55, 17)",16,30.0
36,Greedy,D14,"(25, 26)",7,11.0
36,Greedy,D15,"(72, 66)",11,28.0
36,Greedy,D16,"(0, 44)",10,10.0
36,Greedy,D17,"(4, 2)",11,28.0
36,Greedy,D18,"(63, 85)",8,23.0
36,Auction,D12,"(12, 100)",19,10.0
36,Auction,D13,"(55, 17)",16,30.0
36,Auction,D14,"(25, 26)",7,11.0
36,Auction,D15,"(72, 66)",11,28.0
36,Auction,D16,"(0, 44)",10,10.0
36,Auction,D17,"(4, 2)",11,28.0
36,Auction,D18,"(63, 85)",8,23.0
36,Q-Learning,D6,"(66, 1)",24,15.0
36,Q-Learning,D10,"(55, 2)",24,19.0
36,Q-Learning,D14,"(25, 26)",7,11.0
36,Q-Learning,D15,"(72, 66)",11,28.0
36,Q-Learning,D16,"(0, 44)",10,10.0
36,Q-Learning,D17,"(4, 2)",11,28.0
36,Q-Learning,D18,"(63, 85)",8,23.0
37,Greedy,D11,"(79, 83)",25,11.0
37,Greedy,D12,"(12, 100)",20,10.0
37,Greedy,D13,"(55, 17)",17,30.0
37,Greedy,D14,"(25, 26)",8,11.0
37,Greedy,D15,"(72, 66)",12,28.0
37,Greedy,D16,"(0, 44)",11,10.0
37,Greedy,D17,"(4, 2)",12,28.0
37,Greedy,D18,"(63, 85)",9,23.0
37,Greedy,D19,"(46, 29)",8,24.0
37,Auction,D12,"(12, 100)",20,10.0
37,Auction,D13,"(55, 17)",17,30.0
37,Auction,D14,"(25, 26)",8,11.0
37,Auction,D15,"(72, 66)",12,28.0
37,Auction,D16,"(0, 44)",11,10.0
37,Auction,D17,"(4, 2)",12,28.0
37,Auction,D18,"(63, 85)",9,23.0
37,Auction,D19,"(46, 29)",8,24.0
37,Q-Learning,D6,"(66, 1)",25,15.0
37,Q-Learning,D10,"(55, 2)",25,19.0
37,Q-Learning,D14,"(25, 26)",8,11.0
37,Q-Learning,D15,"(72, 66)",12,28.0
37,Q-Learning,D16,"(0, 44)",11,10.0
37,Q-Learning,D17,"(4, 2)",12,28.0
37,Q-Learning,D18,"(63, 85)",9,23.0
37,Q-Learning,D19,"(46, 29)",8,24.0
38,Greedy,D12,"(12, 100)",21,10.0
38,Greedy,D13,"(55, 17)",18,30.0
38,Greedy,D14,"(25, 26)",9,11.0
38,Greedy,D15,"(72, 66)",13,28.0
38,Greedy,D16,"(0, 44)",12,10.0
38,Greedy,D17,"(4, 2)",13,28.0
38,Greedy,D18,"(63, 85)",10,23.0
38,Greedy,D19,"(46, 29)",9,24.0
38,Auction,D12,"(12, 100)",21,10.0
38,Auction,D13,"(55, 17)",18,30.0
38,Auction,D14,"(25, 26)",9,11.0
38,Auction,D15,"(72, 66)",13,28.0
38,Auction,D16,"(0, 44)",12,10.0
38,Auction,D17,"(4, 2)",13,28.0
38,Auction,D18,"(63, 85)",10,23.0
38,Auction,D19,"(46, 29)",9,24.0
38,Q-Learning,D6,"(66, 1)",26,15.0
38,Q-Learning,D10,"(55, 2)",26,19.0
38,Q-Learning,D14,"(25, 26)",9,11.0
38,Q-Learning,D15,"(72, 66)",13,28.0
38,Q-Learning,D16,"(0, 44)",12,10.0
38,Q-Learning,D17,"(4, 2)",13,28.0
38,Q-Learning,D18,"(63, 85)",10,23.0
38,Q-Learning,D19,"(46, 29)",9,24.0
39,Greedy,D12,"(12, 100)",22,10.0
39,Greedy,D13,"(55, 17)",19,30.0
39,Greedy,D14,"(25, 26)",10,11.0
39,Greedy,D15,"(72, 66)",14,28.0
39,Greedy,D16,"(0, 44)",13,10.0
39,Greedy,D17,"(4, 2)",14,28.0
39,Greedy,D18,"(63, 85)",11,23.0
39,Greedy,D19,"(46, 29)",10,24.0
39,Greedy,D20,"(37, 79)",1,16.0
39,Auction,D12,"(12, 100)",22,10.0
39,Auction,D13,"(55, 17)",19,30.0
39,Auction,D14,"(25, 26)",10,11.0
39,Auction,D16,"(0, 44)",13,10.0
39,Auction,D17,"(4, 2)",14,28.0
39,Auction,D18,"(63, 85)",11,23.0
39,Auction,D19,"(46, 29)",10,24.0
39,Auction,D20,"(37, 79)",1,16.0
39,Q-Learning,D6,"(66, 1)",27,15.0
39,Q-Learning,D10,"(55, 2)",27,19.0
39,Q-Learning,D14,"(25, 26)",10,11.0
39,Q-Learning,D15,"(72, 66)",14,28.0
39,Q-Learning,D16,"(0, 44)",13,10.0
39,Q-Learning,D17,"(4, 2)",14,28.0
39,Q-Learning,D18,"(63, 85)",11,23.0
39,Q-Learning,D19,"(46, 29)",10,24.0
39,Q-Learning,D20,"(37, 79)",1,16.0
40,Greedy,D12,"(12, 100)",23,10.0
40,Greedy,D13,"(55, 17)",20,30.0
40,Greedy,D14,"(25, 26)",11,11.0
40,Greedy,D15,"(72, 66)",15,28.0
40,Greedy,D16,"(0, 44)",14,10.0
40,Greedy,D17,"(4, 2)",15,28.0
40,Greedy,D18,"(63, 85)",12,23.0
40,Greedy,D19,"(46, 29)",11,24.0
40,Greedy,D20,"(37, 79)",2,16.0
40,Greedy,D21,"(18, 19)",4,23.0
40,Auction,D13,"(55, 17)",20,30.0
40,Auction,D14,"(25, 26)",11,11.0
40,Auction,D16,"(0, 44)",14,10.0
40,Auction,D17,"(4, 2)",15,28.0
40,Auction,D18,"(63, 85)",12,23.0
40,Auction,D19,"(46, 29)",11,24.0
40,Auction,D20,"(37, 79)",2,16.0
40,Auction,D21,"(18, 19)",4,23.0
40,Q-Learning,D6,"(66, 1)",28,15.0
40,Q-Learning,D10,"(55, 2)",28,19.0
40,Q-Learning,D14,"(25, 26)",11,11.0
40,Q-Learning,D15,"(72, 66)",15,28.0
40,Q-Learning,D16,"(0, 44)",14,10.0
40,Q-Learning,D17,"(4, 2)",15,28.0
40,Q-Learning,D18,"(63, 85)",12,23.0
40,Q-Learning,D19,"(46, 29)",11,24.0
40,Q-Learning,D20,"(37, 79)",2,16.0
40,Q-Learning,D21,"(18, 19)",4,23.0
41,Greedy,D13,"(55, 17)",21,30.0
41,Greedy,D14,"(25, 26)",12,11.0
41,Greedy,D15,"(72, 66)",16,28.0
41,Greedy,D16,"(0, 44)",15,10.0
41,Greedy,D17,"(4, 2)",16,28.0
41,Greedy,D18,"(63, 85)",13,23.0
41,Greedy,D19,"(46, 29)",12,24.0
41,Greedy,D20,"(37, 79)",3,16.0
41,Greedy,D21,"(18, 19)",5,23.0
41,Greedy,D22,"(66, 24)",7,17.0
41,Auction,D14,"(25, 26)",12,11.0
41,Auction,D16,"(0, 44)",15,10.0
41,Auction,D17,"(4, 2)",16,28.0
41,Auction,D18,"(63, 85)",13,23.0
41,Auction,D19,"(46, 29)",12,24.0
41,Auction,D20,"(37, 79)",3,16.0
41,Auction,D21,"(18, 19)",5,23.0
41,Auction,D22,"(66, 24)",7,17.0
41,Q-Learning,D14,"(25, 26)",12,11.0
41,Q-Learning,D15,"(72, 66)",16,28.0
41,Q-Learning,D16,"(0, 44)",15,10.0
41,Q-Learning,D17,"(4, 2)",16,28.0
41,Q-Learning,D18,"(63, 85)",13,23.0
41,Q-Learning,D19,"(46, 29)",12,24.0
41,Q-Learning,D20,"(37, 79)",3,16.0
41,Q-Learning,D21,"(18, 19)",5,23.0
41,Q-Learning,D22,"(66, 24)",7,17.0
42,Greedy,D13,"(55, 17)",22,30.0
42,Greedy,D14,"(25, 26)",13,11.0
42,Greedy,D15,"(72, 66)",17,28.0
42,Greedy,D16,"(0, 44)",16,10.0
42,Greedy,D17,"(4, 2)",17,28.0
42,Greedy,D18,"(63, 85)",14,23.0
42,Greedy,D19,"(46, 29)",13,24.0
42,Greedy,D20,"(37, 79)",4,16.0
42,Greedy,D21,"(18, 19)",6,23.0
42,Greedy,D22,"(66, 24)",8,17.0
42,Greedy,D23,"(55, 40)",10,15.0
42,Auction,D14,"(25, 26)",13,11.0
42,Auction,D16,"(0, 44)",16,10.0
42,Auction,D17,"(4, 2)",17,28.0
42,Auction,D18,"(63, 85)",14,23.0
42,Auction,D19,"(46, 29)",13,24.0
42,Auction,D20,"(37, 79)",4,16.0
42,Auction,D21,"(18, 19)",6,23.0
42,Auction,D22,"(66, 24)",8,17.0
42,Auction,D23,"(55, 40)",10,15.0
42,Q-Learning,D14,"(25, 26)",13,11.0
42,Q-Learning,D16,"(0, 44)",16,10.0
42,Q-Learning,D17,"(4, 2)",17,28.0
42,Q-Learning,D18,"(63, 85)",14,23.0
42,Q-Learning,D19,"(46, 29)",13,24.0
42,Q-Learning,D20,"(37, 79)",4,16.0
42,Q-Learning,D21,"(18, 19)",6,23.0
42,Q-Learning,D22,"(66, 24)",8,17.0
42,Q-Learning,D23,"(55, 40)",10,15.0
43,Greedy,D13,"(55, 17)",23,30.0
43,Greedy,D14,"(25, 26)",14,11.0
43,Greedy,D15,"(72, 66)",18,28.0
43,Greedy,D16,"(0, 44)",17,10.0
43,Greedy,D17,"(4, 2)",18,28.0
43,Greedy,D18,"(63, 85)",15,23.0
43,Greedy,D19,"(46, 29)",14,24.0
43,Greedy,D20,"(37, 79)",5,16.0
43,Greedy,D21,"(18, 19)",7,23.0
43,Greedy,D22,"(66, 24)",9,17.0
43,Greedy,D23,"(55, 40)",11,15.0
43,Auction,D14,"(25, 26)",14,11.0
43,Auction,D16,"(0, 44)",17,10.0
43,Auction,D17,"(4, 2)",18,28.0
43,Auction,D18,"(63, 85)",15,23.0
43,Auction,D19,"(46, 29)",14,24.0
43,Auction,D20,"(37, 79)",5,16.0
43,Auction,D21,"(18, 19)",7,23.0
43,Auction,D22,"(66, 24)",9,17.0
43,Auction,D23,"(55, 40)",11,15.0
43,Q-Learning,D14,"(25, 26)",14,11.0
43,Q-Learning,D16,"(0, 44)",17,10.0
43,Q-Learning,D17,"(4, 2)",18,28.0
43,Q-Learning,D18,"(63, 85)",15,23.0
43,Q-Learning,D19,"(46, 29)",14,24.0
43,Q-Learning,D20,"(37, 79)",5,16.0
43,Q-Learning,D21,"(18, 19)",7,23.0
43,Q-Learning,D22,"(66, 24)",9,17.0
43,Q-Learning,D23,"(55, 40)",11,15.0
44,Greedy,D13,"(55, 17)",24,30.0
44,Greedy,D14,"(25, 26)",15,11.0
44,Greedy,D15,"(72, 66)",19,28.0
44,Greedy,D16,"(0, 44)",18,10.0
44,Greedy,D17,"(4, 2)",19,28.0
44,Greedy,D18,"(63, 85)",16,23.0
44,Greedy,D19,"(46, 29)",15,24.0
44,Greedy,D20,"(37, 79)",6,16.0
44,Greedy,D21,"(18, 19)",8,23.0
44,Greedy,D22,"(66, 24)",10,17.0
44,Greedy,D23,"(55, 40)",12,15.0
44,Greedy,D24,"(54, 30)",6,11.0
44,Auction,D14,"(25, 26)",15,11.0
44,Auction,D16,"(0, 44)",18,10.0
44,Auction,D17,"(4, 2)",19,28.0
44,Auction,D18,"(63, 85)",16,23.0
44,Auction,D19,"(46, 29)",15,24.0
44,Auction,D20,"(37, 79)",6,16.0
44,Auction,D21,"(18, 19)",8,23.0
44,Auction,D22,"(66, 24)",10,17.0
44,Auction,D23,"(55, 40)",12,15.0
44,Auction,D24,"(54, 30)",6,11.0
44,Q-Learning,D14,"(25, 26)",15,11.0
44,Q-Learning,D16,"(0, 44)",18,10.0
44,Q-Learning,D17,"(4, 2)",19,28.0
44,Q-Learning,D18,"(63, 85)",16,23.0
44,Q-Learning,D19,"(46, 29)",15,24.0
44,Q-Learning,D20,"(37, 79)",6,16.0
44,Q-Learning,D21,"(18, 19)",8,23.0
44,Q-Learning,D22,"(66, 24)",10,17.0
44,Q-Learning,D23,"(55, 40)",12,15.0
44,Q-Learning,D24,"(54, 30)",6,11.0
45,Greedy,D13,"(55, 17)",25,30.0
45,Greedy,D14,"(25, 26)",16,11.0
45,Greedy,D15,"(72, 66)",20,28.0
45,Greedy,D16,"(0, 44)",19,10.0
45,Greedy,D17,"(4, 2)",20,28.0
45,Greedy,D18,"(63, 85)",17,23.0
45,Greedy,D19,"(46, 29)",16,24.0
45,Greedy,D20,"(37, 79)",7,16.0
45,Greedy,D21,"(18, 19)",9,23.0
45,Greedy,D22,"(66, 24)",11,17.0
45,Greedy,D23,"(55, 40)",13,15.0
45,Greedy,D24,"(54, 30)",7,11.0
45,Greedy,D25,"(29, 75)",4,13.0
45,Auction,D14,"(25, 26)",16,11.0
45,Auction,D16,"(0, 44)",19,10.0
45,Auction,D17,"(4, 2)",20,28.0
45,Auction,D18,"(63, 85)",17,23.0
45,Auction,D19,"(46, 29)",16,24.0
45,Auction,D20,"(37, 79)",7,16.0
45,Auction,D21,"(18, 19)",9,23.0
45,Auction,D22,"(66, 24)",11,17.0
45,Auction,D23,"(55, 40)",13,15.0
45,Auction,D24,"(54, 30)",7,11.0
45,Auction,D25,"(29, 75)",4,13.0
45,Q-Learning,D14,"(25, 26)",16,11.0
45,Q-Learning,D16,"(0, 44)",19,10.0
45,Q-Learning,D17,"(4, 2)",20,28.0
45,Q-Learning,D18,"(63, 85)",17,23.0
45,Q-Learning,D19,"(46, 29)",16,24.0
45,Q-Learning,D20,"(37, 79)",7,16.0
45,Q-Learning,D21,"(18, 19)",9,23.0
45,Q-Learning,D22,"(66, 24)",11,17.0
45,Q-Learning,D23,"(55, 40)",13,15.0
45,Q-Learning,D24,"(54, 30)",7,11.0
45,Q-Learning,D25,"(29, 75)",4,13.0
46,Greedy,D13,"(55, 17)",26,30.0
46,Greedy,D14,"(25, 26)",17,11.0
46,Greedy,D15,"(72, 66)",21,28.0
46,Greedy,D16,"(0, 44)",20,10.0
46,Greedy,D17,"(4, 2)",21,28.0
46,Greedy,D18,"(63, 85)",18,23.0
46,Greedy,D19,"(46, 29)",17,24.0
46,Greedy,D20,"(37, 79)",8,16.0
46,Greedy,D21,"(18, 19)",10,23.0
46,Greedy,D22,"(66, 24)",12,17.0
46,Greedy,D23,"(55, 40)",14,15.0
46,Greedy,D24,"(54, 30)",8,11.0
46,Greedy,D25,"(29, 75)",5,13.0
46,Greedy,D26,"(67, 82)",9,13.0
46,Auction,D14,"(25, 26)",17,11.0
46,Auction,D16,"(0, 44)",20,10.0
46,Auction,D17,"(4, 2)",21,28.0
46,Auction,D19,"(46, 29)",17,24.0
46,Auction,D20,"(37, 79)",8,16.0
46,Auction,D21,"(18, 19)",10,23.0
46,Auction,D22,"(66, 24)",12,17.0
46,Auction,D23,"(55, 40)",14,15.0
46,Auction,D24,"(54, 30)",8,11.0
46,Auction,D25,"(29, 75)",5,13.0
46,Auction,D26,"(67, 82)",9,13.0
46,Q-Learning,D14,"(25, 26)",17,11.0
46,Q-Learning,D16,"(0, 44)",20,10.0
46,Q-Learning,D17,"(4, 2)",21,28.0
46,Q-Learning,D18,"(63, 85)",18,23.0
46,Q-Learning,D19,"(46, 29)",17,24.0
46,Q-Learning,D20,"(37, 79)",8,16.0
46,Q-Learning,D21,"(18, 19)",10,23.0
46,Q-Learning,D22,"(66, 24)",12,17.0
46,Q-Learning,D23,"(55, 40)",14,15.0
46,Q-Learning,D24,"(54, 30)",8,11.0
46,Q-Learning,D25,"(29, 75)",5,13.0
46,Q-Learning,D26,"(67, 82)",9,13.0
47,Greedy,D13,"(55, 17)",27,30.0
47,Greedy,D14,"(25, 26)",18,11.0
47,Greedy,D15,"(72, 66)",22,28.0
47,Greedy,D16,"(0, 44)",21,10.0
47,Greedy,D17,"(4, 2)",22,28.0
47,Greedy,D18,"(63, 85)",19,23.0
47,Greedy,D19,"(46, 29)",18,24.0
47,Greedy,D20,"(37, 79)",9,16.0
47,Greedy,D21,"(18, 19)",11,23.0
47,Greedy,D22,"(66, 24)",13,17.0
47,Greedy,D23,"(55, 40)",15,15.0
47,Greedy,D24,"(54, 30)",9,11.0
47,Greedy,D25,"(29, 75)",6,13.0
47,Greedy,D26,"(67, 82)",10,13.0
47,Greedy,D27,"(11, 39)",9,16.0
47,Auction,D14,"(25, 26)",18,11.0
47,Auction,D16,"(0, 44)",21,10.0
47,Auction,D17,"(4, 2)",22,28.0
47,Auction,D19,"(46, 29)",18,24.0
47,Auction,D20,"(37, 79)",9,16.0
47,Auction,D21,"(18, 19)",11,23.0
47,Auction,D22,"(66, 24)",13,17.0
47,Auction,D23,"(55, 40)",15,15.0
47,Auction,D24,"(54, 30)",9,11.0
47,Auction,D25,"(29, 75)",6,13.0
47,Auction,D26,"(67, 82)",10,13.0
47,Auction,D27,"(11, 39)",9,16.0
47,Q-Learning,D14,"(25, 26)",18,11.0
47,Q-Learning,D17,"(4, 2)",22,28.0
47,Q-Learning,D18,"(63, 85)",19,23.0
47,Q-Learning,D19,"(46, 29)",18,24.0
47,Q-Learning,D20,"(37, 79)",9,16.0
47,Q-Learning,D21,"(18, 19)",11,23.0
47,Q-Learning,D22,"(66, 24)",13,17.0
47,Q-Learning,D23,"(55, 40)",15,15.0
47,Q-Learning,D24,"(54, 30)",9,11.0
47,Q-Learning,D25,"(29, 75)",6,13.0
47,Q-Learning,D26,"(67, 82)",10,13.0
47,Q-Learning,D27,"(11, 39)",9,16.0
48,Greedy,D14,"(25, 26)",19,11.0
48,Greedy,D16,"(0, 44)",22,10.0
48,Greedy,D17,"(4, 2)",23,28.0
48,Greedy,D18,"(63, 85)",20,23.0
48,Greedy,D19,"(46, 29)",19,24.0
48,Greedy,D20,"(37, 79)",10,16.0
48,Greedy,D21,"(18, 19)",12,23.0
48,Greedy,D22,"(66, 24)",14,17.0
48,Greedy,D23,"(55, 40)",16,15.0
48,Greedy,D24,"(54, 30)",10,11.0
48,Greedy,D25,"(29, 75)",7,13.0
48,Greedy,D26,"(67, 82)",11,13.0
48,Greedy,D27,"(11, 39)",10,16.0
48,Auction,D14,"(25, 26)",19,11.0
48,Auction,D16,"(0, 44)",22,10.0
48,Auction,D17,"(4, 2)",23,28.0
48,Auction,D19,"(46, 29)",19,24.0
48,Auction,D20,"(37, 79)",10,16.0
48,Auction,D21,"(18, 19)",12,23.0
48,Auction,D22,"(66, 24)",14,17.0
48,Auction,D23,"(55, 40)",16,15.0
48,Auction,D24,"(54, 30)",10,11.0
48,Auction,D25,"(29, 75)",7,13.0
48,Auction,D27,"(11, 39)",10,16.0
48,Q-Learning,D14,"(25, 26)",19,11.0
48,Q-Learning,D17,"(4, 2)",23,28.0
48,Q-Learning,D18,"(63, 85)",20,23.0
48,Q-Learning,D19,"(46, 29)",19,24.0
48,Q-Learning,D20,"(37, 79)",10,16.0
48,Q-Learning,D21,"(18, 19)",12,23.0
48,Q-Learning,D22,"(66, 24)",14,17.0
48,Q-Learning,D23,"(55, 40)",16,15.0
48,Q-Learning,D24,"(54, 30)",10,11.0
48,Q-Learning,D25,"(29, 75)",7,13.0
48,Q-Learning,D26,"(67, 82)",11,13.0
48,Q-Learning,D27,"(11, 39)",10,16.0
49,Greedy,D14,"(25, 26)",20,11.0
49,Greedy,D17,"(4, 2)",24,28.0
49,Greedy,D18,"(63, 85)",21,23.0
49,Greedy,D19,"(46, 29)",20,24.0
49,Greedy,D20,"(37, 79)",11,16.0
49,Greedy,D21,"(18, 19)",13,23.0
49,Greedy,D22,"(66, 24)",15,17.0
49,Greedy,D23,"(55, 40)",17,15.0
49,Greedy,D24,"(54, 30)",11,11.0
49,Greedy,D25,"(29, 75)",8,13.0
49,Greedy,D26,"(67, 82)",12,13.0
49,Greedy,D27,"(11, 39)",11,16.0
49,Greedy,D28,"(36, 78)",8,11.0
49,Auction,D14,"(25, 26)",20,11.0
49,Auction,D16,"(0, 44)",23,10.0
49,Auction,D17,"(4, 2)",24,28.0
49,Auction,D19,"(46, 29)",20,24.0
49,Auction,D20,"(37, 79)",11,16.0
49,Auction,D21,"(18, 19)",13,23.0
49,Auction,D22,"(66, 24)",15,17.0
49,Auction,D23,"(55, 40)",17,15.0
49,Auction,D24,"(54, 30)",11,11.0
49,Auction,D25,"(29, 75)",8,13.0
49,Auction,D27,"(11, 39)",11,16.0
49,Auction,D28,"(36, 78)",8,11.0
49,Q-Learning,D14,"(25, 26)",20,11.0
49,Q-Learning,D17,"(4, 2)",24,28.0
49,Q-Learning,D18,"(63, 85)",21,23.0
49,Q-Learning,D19,"(46, 29)",20,24.0
49,Q-Learning,D20,"(37, 79)",11,16.0
49,Q-Learning,D21,"(18, 19)",13,23.0
49,Q-Learning,D22,"(66, 24)",15,17.0
49,Q-Learning,D23,"(55, 40)",17,15.0
49,Q-Learning,D24,"(54, 30)",11,11.0
49,Q-Learning,D25,"(29, 75)",8,13.0
49,Q-Learning,D26,"(67, 82)",12,13.0
49,Q-Learning,D27,"(11, 39)",11,16.0
49,Q-Learning,D28,"(36, 78)",8,11.0
50,Greedy,D14,"(25, 26)",21,11.0
50,Greedy,D17,"(4, 2)",25,28.0
50,Greedy,D18,"(63, 85)",22,23.0
50,Greedy,D19,"(46, 29)",21,24.0
50,Greedy,D20,"(37, 79)",12,16.0
50,Greedy,D21,"(18, 19)",14,23.0
50,Greedy,D22,"(66, 24)",16,17.0
50,Greedy,D23,"(55, 40)",18,15.0
50,Greedy,D24,"(54, 30)",12,11.0
50,Greedy,D25,"(29, 75)",9,13.0
50,Greedy,D26,"(67, 82)",13,13.0
50,Greedy,D27,"(11, 39)",12,16.0
50,Greedy,D28,"(36, 78)",9,11.0
50,Auction,D14,"(25, 26)",21,11.0
50,Auction,D16,"(0, 44)",24,10.0
50,Auction,D17,"(4, 2)",25,28.0
50,Auction,D19,"(46, 29)",21,24.0
50,Auction,D20,"(37, 79)",12,16.0
50,Auction,D21,"(18, 19)",14,23.0
50,Auction,D22,"(66, 24)",16,17.0
50,Auction,D23,"(55, 40)",18,15.0
50,Auction,D24,"(54, 30)",12,11.0
50,Auction,D25,"(29, 75)",9,13.0
50,Auction,D27,"(11, 39)",12,16.0
50,Auction,D28,"(36, 78)",9,11.0
50,Q-Learning,D14,"(25, 26)",21,11.0
50,Q-Learning,D17,"(4, 2)",25,28.0
50,Q-Learning,D18,"(63, 85)",22,23.0
50,Q-Learning,D19,"(46, 29)",21,24.0
50,Q-Learning,D20,"(37, 79)",12,16.0
50,Q-Learning,D21,"(18, 19)",14,23.0
50,Q-Learning,D22,"(66, 24)",16,17.0
50,Q-Learning,D23,"(55, 40)",18,15.0
50,Q-Learning,D24,"(54, 30)",12,11.0
50,Q-Learning,D25,"(29, 75)",9,13.0
50,Q-Learning,D26,"(67, 82)",13,13.0
50,Q-Learning,D27,"(11, 39)",12,16.0
50,Q-Learning,D28,"(36, 78)",9,11.0
51,Greedy,D14,"(25, 26)",22,11.0
51,Greedy,D17,"(4, 2)",26,28.0
51,Greedy,D18,"(63, 85)",23,23.0
51,Greedy,D19,"(46, 29)",22,24.0
51,Greedy,D20,"(37, 79)",13,16.0
51,Greedy,D21,"(18, 19)",15,23.0
51,Greedy,D22,"(66, 24)",17,17.0
51,Greedy,D23,"(55, 40)",19,15.0
51,Greedy,D24,"(54, 30)",13,11.0
51,Greedy,D25,"(29, 75)",10,13.0
51,Greedy,D26,"(67, 82)",14,13.0
51,Greedy,D27,"(11, 39)",13,16.0
51,Greedy,D28,"(36, 78)",10,11.0
51,Auction,D14,"(25, 26)",22,11.0
51,Auction,D16,"(0, 44)",25,10.0
51,Auction,D17,"(4, 2)",26,28.0
51,Auction,D19,"(46, 29)",22,24.0
51,Auction,D20,"(37, 79)",13,16.0
51,Auction,D21,"(18, 19)",15,23.0
51,Auction,D22,"(66, 24)",17,17.0
51,Auction,D23,"(55, 40)",19,15.0
51,Auction,D24,"(54, 30)",13,11.0
51,Auction,D25,"(29, 75)",10,13.0
51,Auction,D27,"(11, 39)",13,16.0
51,Auction,D28,"(36, 78)",10,11.0
51,Q-Learning,D14,"(25, 26)",22,11.0
51,Q-Learning,D17,"(4, 2)",26,28.0
51,Q-Learning,D18,"(63, 85)",23,23.0
51,Q-Learning,D19,"(46, 29)",22,24.0
51,Q-Learning,D20,"(37, 79)",13,16.0
51,Q-Learning,D21,"(18, 19)",15,23.0
51,Q-Learning,D22,"(66, 24)",17,17.0
51,Q-Learning,D23,"(55, 40)",19,15.0
51,Q-Learning,D24,"(54, 30)",13,11.0
51,Q-Learning,D25,"(29, 75)",10,13.0
51,Q-Learning,D26,"(67, 82)",14,13.0
51,Q-Learning,D27,"(11, 39)",13,16.0
51,Q-Learning,D28,"(36, 78)",10,11.0
52,Greedy,D14,"(25, 26)",23,11.0
52,Greedy,D18,"(63, 85)",24,23.0
52,Greedy,D19,"(46, 29)",23,24.0
52,Greedy,D20,"(37, 79)",14,16.0
52,Greedy,D21,"(18, 19)",16,23.0
52,Greedy,D22,"(66, 24)",18,17.0
52,Greedy,D23,"(55, 40)",20,15.0
52,Greedy,D24,"(54, 30)",14,11.0
52,Greedy,D25,"(29, 75)",11,13.0
52,Greedy,D26,"(67, 82)",15,13.0
52,Greedy,D27,"(11, 39)",14,16.0
52,Greedy,D28,"(36, 78)",11,11.0
52,Greedy,D29,"(15, 8)",7,27.0
52,Auction,D14,"(25, 26)",23,11.0
52,Auction,D16,"(0, 44)",26,10.0
52,Auction,D17,"(4, 2)",27,28.0
52,Auction,D19,"(46, 29)",23,24.0
52,Auction,D20,"(37, 79)",14,16.0
52,Auction,D21,"(18, 19)",16,23.0
52,Auction,D22,"(66, 24)",18,17.0
52,Auction,D23,"(55, 40)",20,15.0
52,Auction,D24,"(54, 30)",14,11.0
52,Auction,D25,"(29, 75)",11,13.0
52,Auction,D27,"(11, 39)",14,16.0
52,Auction,D28,"(36, 78)",11,11.0
52,Auction,D29,"(15, 8)",7,27.0
52,Q-Learning,D14,"(25, 26)",23,11.0
52,Q-Learning,D17,"(4, 2)",27,28.0
52,Q-Learning,D18,"(63, 85)",24,23.0
52,Q-Learning,D19,"(46, 29)",23,24.0
52,Q-Learning,D20,"(37, 79)",14,16.0
52,Q-Learning,D21,"(18, 19)",16,23.0
52,Q-Learning,D22,"(66, 24)",18,17.0
52,Q-Learning,D23,"(55, 40)",20,15.0
52,Q-Learning,D24,"(54, 30)",14,11.0
52,Q-Learning,D25,"(29, 75)",11,13.0
52,Q-Learning,D26,"(67, 82)",15,13.0
52,Q-Learning,D27,"(11, 39)",14,16.0
52,Q-Learning,D28,"(36, 78)",11,11.0
52,Q-Learning,D29,"(15, 8)",7,27.0
53,Greedy,D14,"(25, 26)",24,11.0
53,Greedy,D18,"(63, 85)",25,23.0
53,Greedy,D19,"(46, 29)",24,24.0
53,Greedy,D20,"(37, 79)",15,16.0
53,Greedy,D21,"(18, 19)",17,23.0
53,Greedy,D22,"(66, 24)",19,17.0
53,Greedy,D23,"(55, 40)",21,15.0
53,Greedy,D24,"(54, 30)",15,11.0
53,Greedy,D25,"(29, 75)",12,13.0
53,Greedy,D26,"(67, 82)",16,13.0
53,Greedy,D27,"(11, 39)",15,16.0
53,Greedy,D28,"(36, 78)",12,11.0
53,Greedy,D29,"(15, 8)",8,27.0
53,Auction,D14,"(25, 26)",24,11.0
53,Auction,D16,"(0, 44)",27,10.0
53,Auction,D17,"(4, 2)",28,28.0
53,Auction,D19,"(46, 29)",24,24.0
53,Auction,D20,"(37, 79)",15,16.0
53,Auction,D21,"(18, 19)",17,23.0
53,Auction,D22,"(66, 24)",19,17.0
53,Auction,D23,"(55, 40)",21,15.0
53,Auction,D24,"(54, 30)",15,11.0
53,Auction,D25,"(29, 75)",12,13.0
53,Auction,D27,"(11, 39)",15,16.0
53,Auction,D28,"(36, 78)",12,11.0
53,Auction,D29,"(15, 8)",8,27.0
53,Q-Learning,D14,"(25, 26)",24,11.0
53,Q-Learning,D17,"(4, 2)",28,28.0
53,Q-Learning,D18,"(63, 85)",25,23.0
53,Q-Learning,D19,"(46, 29)",24,24.0
53,Q-Learning,D20,"(37, 79)",15,16.0
53,Q-Learning,D21,"(18, 19)",17,23.0
53,Q-Learning,D22,"(66, 24)",19,17.0
53,Q-Learning,D23,"(55, 40)",21,15.0
53,Q-Learning,D24,"(54, 30)",15,11.0
53,Q-Learning,D25,"(29, 75)",12,13.0
53,Q-Learning,D26,"(67, 82)",16,13.0
53,Q-Learning,D27,"(11, 39)",15,16.0
53,Q-Learning,D28,"(36, 78)",12,11.0
53,Q-Learning,D29,"(15, 8)",8,27.0
54,Greedy,D14,"(25, 26)",25,11.0
54,Greedy,D18,"(63, 85)",26,23.0
54,Greedy,D19,"(46, 29)",25,24.0
54,Greedy,D20,"(37, 79)",16,16.0
54,Greedy,D21,"(18, 19)",18,23.0
54,Greedy,D22,"(66, 24)",20,17.0
54,Greedy,D23,"(55, 40)",22,15.0
54,Greedy,D24,"(54, 30)",16,11.0
54,Greedy,D25,"(29, 75)",13,13.0
54,Greedy,D26,"(67, 82)",17,13.0
54,Greedy,D27,"(11, 39)",16,16.0
54,Greedy,D28,"(36, 78)",13,11.0
54,Greedy,D29,"(15, 8)",9,27.0
54,Auction,D14,"(25, 26)",25,11.0
54,Auction,D16,"(0, 44)",28,10.0
54,Auction,D17,"(4, 2)",29,28.0
54,Auction,D19,"(46, 29)",25,24.0
54,Auction,D20,"(37, 79)",16,16.0
54,Auction,D21,"(18, 19)",18,23.0
54,Auction,D22,"(66, 24)",20,17.0
54,Auction,D23,"(55, 40)",22,15.0
54,Auction,D24,"(54, 30)",16,11.0
54,Auction,D25,"(29, 75)",13,13.0
54,Auction,D27,"(11, 39)",16,16.0
54,Auction,D28,"(36, 78)",13,11.0
54,Auction,D29,"(15, 8)",9,27.0
54,Q-Learning,D14,"(25, 26)",25,11.0
54,Q-Learning,D17,"(4, 2)",29,28.0
54,Q-Learning,D18,"(63, 85)",26,23.0
54,Q-Learning,D19,"(46, 29)",25,24.0
54,Q-Learning,D20,"(37, 79)",16,16.0
54,Q-Learning,D21,"(18, 19)",18,23.0
54,Q-Learning,D22,"(66, 24)",20,17.0
54,Q-Learning,D23,"(55, 40)",22,15.0
54,Q-Learning,D24,"(54, 30)",16,11.0
54,Q-Learning,D25,"(29, 75)",13,13.0
54,Q-Learning,D26,"(67, 82)",17,13.0
54,Q-Learning,D27,"(11, 39)",16,16.0
54,Q-Learning,D28,"(36, 78)",13,11.0
54,Q-Learning,D29,"(15, 8)",9,27.0
55,Greedy,D14,"(25, 26)",26,11.0
55,Greedy,D18,"(63, 85)",27,23.0
55,Greedy,D19,"(46, 29)",26,24.0
55,Greedy,D20,"(37, 79)",17,16.0
55,Greedy,D21,"(18, 19)",19,23.0
55,Greedy,D22,"(66, 24)",21,17.0
55,Greedy,D23,"(55, 40)",23,15.0
55,Greedy,D24,"(54, 30)",17,11.0
55,Greedy,D25,"(29, 75)",14,13.0
55,Greedy,D26,"(67, 82)",18,13.0
55,Greedy,D27,"(11, 39)",17,16.0
55,Greedy,D28,"(36, 78)",14,11.0
55,Greedy,D29,"(15, 8)",10,27.0
55,Auction,D14,"(25, 26)",26,11.0
55,Auction,D16,"(0, 44)",29,10.0
55,Auction,D17,"(4, 2)",30,28.0
55,Auction,D19,"(46, 29)",26,24.0
55,Auction,D20,"(37, 79)",17,16.0
55,Auction,D21,"(18, 19)",19,23.0
55,Auction,D23,"(55, 40)",23,15.0
55,Auction,D24,"(54, 30)",17,11.0
55,Auction,D27,"(11, 39)",17,16.0
55,Auction,D28,"(36, 78)",14,11.0
55,Auction,D29,"(15, 8)",10,27.0
55,Q-Learning,D14,"(25, 26)",26,11.0
55,Q-Learning,D17,"(4, 2)",30,28.0
55,Q-Learning,D18,"(63, 85)",27,23.0
55,Q-Learning,D19,"(46, 29)",26,24.0
55,Q-Learning,D20,"(37, 79)",17,16.0
55,Q-Learning,D21,"(18, 19)",19,23.0
55,Q-Learning,D23,"(55, 40)",23,15.0
55,Q-Learning,D24,"(54, 30)",17,11.0
55,Q-Learning,D25,"(29, 75)",14,13.0
55,Q-Learning,D26,"(67, 82)",18,13.0
55,Q-Learning,D27,"(11, 39)",17,16.0
55,Q-Learning,D28,"(36, 78)",14,11.0
55,Q-Learning,D29,"(15, 8)",10,27.0
56,Greedy,D14,"(25, 26)",27,11.0
56,Greedy,D18,"(63, 85)",28,23.0
56,Greedy,D19,"(46, 29)",27,24.0
56,Greedy,D20,"(37, 79)",18,16.0
56,Greedy,D21,"(18, 19)",20,23.0
56,Greedy,D22,"(66, 24)",22,17.0
56,Greedy,D23,"(55, 40)",24,15.0
56,Greedy,D24,"(54, 30)",18,11.0
56,Greedy,D25,"(29, 75)",15,13.0
56,Greedy,D26,"(67, 82)",19,13.0
56,Greedy,D27,"(11, 39)",18,16.0
56,Greedy,D28,"(36, 78)",15,11.0
56,Greedy,D29,"(15, 8)",11,27.0
56,Greedy,D30,"(88, 61)",5,27.0
56,Auction,D14,"(25, 26)",27,11.0
56,Auction,D16,"(0, 44)",30,10.0
56,Auction,D17,"(4, 2)",31,28.0
56,Auction,D19,"(46, 29)",27,24.0
56,Auction,D20,"(37, 79)",18,16.0
56,Auction,D21,"(18, 19)",20,23.0
56,Auction,D23,"(55, 40)",24,15.0
56,Auction,D24,"(54, 30)",18,11.0
56,Auction,D27,"(11, 39)",18,16.0
56,Auction,D28,"(36, 78)",15,11.0
56,Auction,D29,"(15, 8)",11,27.0
56,Auction,D30,"(88, 61)",5,27.0
56,Q-Learning,D14,"(25, 26)",27,11.0
56,Q-Learning,D17,"(4, 2)",31,28.0
56,Q-Learning,D18,"(63, 85)",28,23.0
56,Q-Learning,D19,"(46, 29)",27,24.0
56,Q-Learning,D20,"(37, 79)",18,16.0
56,Q-Learning,D21,"(18, 19)",20,23.0
56,Q-Learning,D23,"(55, 40)",24,15.0
56,Q-Learning,D24,"(54, 30)",18,11.0
56,Q-Learning,D25,"(29, 75)",15,13.0
56,Q-Learning,D26,"(67, 82)",19,13.0
56,Q-Learning,D27,"(11, 39)",18,16.0
56,Q-Learning,D28,"(36, 78)",15,11.0
56,Q-Learning,D29,"(15, 8)",11,27.0
56,Q-Learning,D30,"(88, 61)",5,27.0
57,Greedy,D18,"(63, 85)",29,23.0
57,Greedy,D19,"(46, 29)",28,24.0
57,Greedy,D20,"(37, 79)",19,16.0
57,Greedy,D21,"(18, 19)",21,23.0
57,Greedy,D22,"(66, 24)",23,17.0
57,Greedy,D23,"(55, 40)",25,15.0
57,Greedy,D24,"(54, 30)",19,11.0
57,Greedy,D25,"(29, 75)",16,13.0
57,Greedy,D26,"(67, 82)",20,13.0
57,Greedy,D27,"(11, 39)",19,16.0
57,Greedy,D28,"(36, 78)",16,11.0
57,Greedy,D29,"(15, 8)",12,27.0
57,Greedy,D30,"(88, 61)",6,27.0
57,Auction,D14,"(25, 26)",28,11.0
57,Auction,D16,"(0, 44)",31,10.0
57,Auction,D17,"(4, 2)",32,28.0
57,Auction,D19,"(46, 29)",28,24.0
57,Auction,D20,"(37, 79)",19,16.0
57,Auction,D21,"(18, 19)",21,23.0
57,Auction,D23,"(55, 40)",25,15.0
57,Auction,D24,"(54, 30)",19,11.0
57,Auction,D27,"(11, 39)",19,16.0
57,Auction,D28,"(36, 78)",16,11.0
57,Auction,D29,"(15, 8)",12,27.0
57,Auction,D30,"(88, 61)",6,27.0
57,Q-Learning,D14,"(25, 26)",28,11.0
57,Q-Learning,D17,"(4, 2)",32,28.0
57,Q-Learning,D18,"(63, 85)",29,23.0
57,Q-Learning,D19,"(46, 29)",28,24.0
57,Q-Learning,D20,"(37, 79)",19,16.0
57,Q-Learning,D21,"(18, 19)",21,23.0
57,Q-Learning,D23,"(55, 40)",25,15.0
57,Q-Learning,D24,"(54, 30)",19,11.0
57,Q-Learning,D25,"(29, 75)",16,13.0
57,Q-Learning,D26,"(67, 82)",20,13.0
57,Q-Learning,D27,"(11, 39)",19,16.0
57,Q-Learning,D28,"(36, 78)",16,11.0
57,Q-Learning,D29,"(15, 8)",12,27.0
57,Q-Learning,D30,"(88, 61)",6,27.0
58,Greedy,D19,"(46, 29)",29,24.0
58,Greedy,D20,"(37, 79)",20,16.0
58,Greedy,D21,"(18, 19)",22,23.0
58,Greedy,D22,"(66, 24)",24,17.0
58,Greedy,D23,"(55, 40)",26,15.0
58,Greedy,D24,"(54, 30)",20,11.0
58,Greedy,D25,"(29, 75)",17,13.0
58,Greedy,D26,"(67, 82)",21,13.0
58,Greedy,D27,"(11, 39)",20,16.0
58,Greedy,D28,"(36, 78)",17,11.0
58,Greedy,D29,"(15, 8)",13,27.0
58,Greedy,D30,"(88, 61)",7,27.0
58,Auction,D14,"(25, 26)",29,11.0
58,Auction,D16,"(0, 44)",32,10.0
58,Auction,D17,"(4, 2)",33,28.0
58,Auction,D19,"(46, 29)",29,24.0
58,Auction,D20,"(37, 79)",20,16.0
58,Auction,D21,"(18, 19)",22,23.0
58,Auction,D23,"(55, 40)",26,15.0
58,Auction,D24,"(54, 30)",20,11.0
58,Auction,D27,"(11, 39)",20,16.0
58,Auction,D28,"(36, 78)",17,11.0
58,Auction,D29,"(15, 8)",13,27.0
58,Auction,D30,"(88, 61)",7,27.0
58,Q-Learning,D14,"(25, 26)",29,11.0
58,Q-Learning,D17,"(4, 2)",33,28.0
58,Q-Learning,D18,"(63, 85)",30,23.0
58,Q-Learning,D19,"(46, 29)",29,24.0
58,Q-Learning,D20,"(37, 79)",20,16.0
58,Q-Learning,D21,"(18, 19)",22,23.0
58,Q-Learning,D23,"(55, 40)",26,15.0
58,Q-Learning,D24,"(54, 30)",20,11.0
58,Q-Learning,D25,"(29, 75)",17,13.0
58,Q-Learning,D26,"(67, 82)",21,13.0
58,Q-Learning,D27,"(11, 39)",20,16.0
58,Q-Learning,D28,"(36, 78)",17,11.0
58,Q-Learning,D29,"(15, 8)",13,27.0
58,Q-Learning,D30,"(88, 61)",7,27.0
59,Greedy,D19,"(46, 29)",30,24.0
59,Greedy,D20,"(37, 79)",21,16.0
59,Greedy,D21,"(18, 19)",23,23.0
59,Greedy,D22,"(66, 24)",25,17.0
59,Greedy,D23,"(55, 40)",27,15.0
59,Greedy,D24,"(54, 30)",21,11.0
59,Greedy,D25,"(29, 75)",18,13.0
59,Greedy,D26,"(67, 82)",22,13.0
59,Greedy,D27,"(11, 39)",21,16.0
59,Greedy,D28,"(36, 78)",18,11.0
59,Greedy,D29,"(15, 8)",14,27.0
59,Greedy,D30,"(88, 61)",8,27.0
59,Auction,D14,"(25, 26)",30,11.0
59,Auction,D16,"(0, 44)",33,10.0
59,Auction,D17,"(4, 2)",34,28.0
59,Auction,D20,"(37, 79)",21,16.0
59,Auction,D21,"(18, 19)",23,23.0
59,Auction,D23,"(55, 40)",27,15.0
59,Auction,D24,"(54, 30)",21,11.0
59,Auction,D27,"(11, 39)",21,16.0
59,Auction,D28,"(36, 78)",18,11.0
59,Auction,D29,"(15, 8)",14,27.0
59,Auction,D30,"(88, 61)",8,27.0
59,Q-Learning,D14,"(25, 26)",30,11.0
59,Q-Learning,D17,"(4, 2)",34,28.0
59,Q-Learning,D18,"(63, 85)",31,23.0
59,Q-Learning,D20,"(37, 79)",21,16.0
59,Q-Learning,D21,"(18, 19)",23,23.0
59,Q-Learning,D23,"(55, 40)",27,15.0
59,Q-Learning,D24,"(54, 30)",21,11.0
59,Q-Learning,D25,"(29, 75)",18,13.0
59,Q-Learning,D27,"(11, 39)",21,16.0
59,Q-Learning,D28,"(36, 78)",18,11.0
59,Q-Learning,D29,"(15, 8)",14,27.0
59,Q-Learning,D30,"(88, 61)",8,27.0
60,Greedy,D19,"(46, 29)",31,24.0
60,Greedy,D20,"(37, 79)",22,16.0
60,Greedy,D21,"(18, 19)",24,23.0
60,Greedy,D22,"(66, 24)",26,17.0
60,Greedy,D23,"(55, 40)",28,15.0
60,Greedy,D24,"(54, 30)",22,11.0
60,Greedy,D25,"(29, 75)",19,13.0
60,Greedy,D26,"(67, 82)",23,13.0
60,Greedy,D27,"(11, 39)",22,16.0
60,Greedy,D28,"(36, 78)",19,11.0
60,Greedy,D29,"(15, 8)",15,27.0
60,Greedy,D30,"(88, 61)",9,27.0
60,Greedy,D31,"(93, 16)",6,21.0
60,Auction,D14,"(25, 26)",31,11.0
60,Auction,D16,"(0, 44)",34,10.0
60,Auction,D17,"(4, 2)",35,28.0
60,Auction,D20,"(37, 79)",22,16.0
60,Auction,D21,"(18, 19)",24,23.0
60,Auction,D23,"(55, 40)",28,15.0
60,Auction,D24,"(54, 30)",22,11.0
60,Auction,D27,"(11, 39)",22,16.0
60,Auction,D28,"(36, 78)",19,11.0
60,Auction,D29,"(15, 8)",15,27.0
60,Auction,D30,"(88, 61)",9,27.0
60,Auction,D31,"(93, 16)",6,21.0
60,Q-Learning,D14,"(25, 26)",31,11.0
60,Q-Learning,D17,"(4, 2)",35,28.0
60,Q-Learning,D18,"(63, 85)",32,23.0
60,Q-Learning,D20,"(37, 79)",22,16.0
60,Q-Learning,D21,"(18, 19)",24,23.0
60,Q-Learning,D23,"(55, 40)",28,15.0
60,Q-Learning,D24,"(54, 30)",22,11.0
60,Q-Learning,D25,"(29, 75)",19,13.0
60,Q-Learning,D27,"(11, 39)",22,16.0
60,Q-Learning,D28,"(36, 78)",19,11.0
60,Q-Learning,D29,"(15, 8)",15,27.0
60,Q-Learning,D30,"(88, 61)",9,27.0
60,Q-Learning,D31,"(93, 16)",6,21.0
61,Greedy,D20,"(37, 79)",23,16.0
61,Greedy,D21,"(18, 19)",25,23.0
61,Greedy,D22,"(66, 24)",27,17.0
61,Greedy,D23,"(55, 40)",29,15.0
61,Greedy,D24,"(54, 30)",23,11.0
61,Greedy,D25,"(29, 75)",20,13.0
61,Greedy,D26,"(67, 82)",24,13.0
61,Greedy,D27,"(11, 39)",23,16.0
61,Greedy,D28,"(36, 78)",20,11.0
61,Greedy,D29,"(15, 8)",16,27.0
61,Greedy,D30,"(88, 61)",10,27.0
61,Greedy,D31,"(93, 16)",7,21.0
61,Greedy,D32,"(82, 18)",5,30.0
61,Auction,D14,"(25, 26)",32,11.0
61,Auction,D16,"(0, 44)",35,10.0
61,Auction,D17,"(4, 2)",36,28.0
61,Auction,D20,"(37, 79)",23,16.0
61,Auction,D21,"(18, 19)",25,23.0
61,Auction,D23,"(55, 40)",29,15.0
61,Auction,D24,"(54, 30)",23,11.0
61,Auction,D27,"(11, 39)",23,16.0
61,Auction,D28,"(36, 78)",20,11.0
61,Auction,D29,"(15, 8)",16,27.0
61,Auction,D30,"(88, 61)",10,27.0
61,Auction,D31,"(93, 16)",7,21.0
61,Auction,D32,"(82, 18)",5,30.0
61,Q-Learning,D14,"(25, 26)",32,11.0
61,Q-Learning,D17,"(4, 2)",36,28.0
61,Q-Learning,D18,"(63, 85)",33,23.0
61,Q-Learning,D20,"(37, 79)",23,16.0
61,Q-Learning,D21,"(18, 19)",25,23.0
61,Q-Learning,D23,"(55, 40)",29,15.0
61,Q-Learning,D24,"(54, 30)",23,11.0
61,Q-Learning,D25,"(29, 75)",20,13.0
61,Q-Learning,D27,"(11, 39)",23,16.0
61,Q-Learning,D28,"(36, 78)",20,11.0
61,Q-Learning,D29,"(15, 8)",16,27.0
61,Q-Learning,D30,"(88, 61)",10,27.0
61,Q-Learning,D31,"(93, 16)",7,21.0
61,Q-Learning,D32,"(82, 18)",5,30.0
62,Greedy,D20,"(37, 79)",24,16.0
62,Greedy,D21,"(18, 19)",26,23.0
62,Greedy,D22,"(66, 24)",28,17.0
62,Greedy,D23,"(55, 40)",30,15.0
62,Greedy,D24,"(54, 30)",24,11.0
62,Greedy,D25,"(29, 75)",21,13.0
62,Greedy,D26,"(67, 82)",25,13.0
62,Greedy,D27,"(11, 39)",24,16.0
62,Greedy,D28,"(36, 78)",21,11.0
62,Greedy,D29,"(15, 8)",17,27.0
62,Greedy,D30,"(88, 61)",11,27.0
62,Greedy,D31,"(93, 16)",8,21.0
62,Greedy,D32,"(82, 18)",6,30.0
62,Auction,D14,"(25, 26)",33,11.0
62,Auction,D16,"(0, 44)",36,10.0
62,Auction,D17,"(4, 2)",37,28.0
62,Auction,D21,"(18, 19)",26,23.0
62,Auction,D23,"(55, 40)",30,15.0
62,Auction,D27,"(11, 39)",24,16.0
62,Auction,D28,"(36, 78)",21,11.0
62,Auction,D29,"(15, 8)",17,27.0
62,Auction,D30,"(88, 61)",11,27.0
62,Auction,D31,"(93, 16)",8,21.0
62,Auction,D32,"(82, 18)",6,30.0
62,Q-Learning,D14,"(25, 26)",33,11.0
62,Q-Learning,D17,"(4, 2)",37,28.0
62,Q-Learning,D18,"(63, 85)",34,23.0
62,Q-Learning,D20,"(37, 79)",24,16.0
62,Q-Learning,D21,"(18, 19)",26,23.0
62,Q-Learning,D23,"(55, 40)",30,15.0
62,Q-Learning,D24,"(54, 30)",24,11.0
62,Q-Learning,D25,"(29, 75)",21,13.0
62,Q-Learning,D27,"(11, 39)",24,16.0
62,Q-Learning,D28,"(36, 78)",21,11.0
62,Q-Learning,D29,"(15, 8)",17,27.0
62,Q-Learning,D30,"(88, 61)",11,27.0
62,Q-Learning,D31,"(93, 16)",8,21.0
62,Q-Learning,D32,"(82, 18)",6,30.0
63,Greedy,D20,"(37, 79)",25,16.0
63,Greedy,D21,"(18, 19)",27,23.0
63,Greedy,D22,"(66, 24)",29,17.0
63,Greedy,D24,"(54, 30)",25,11.0
63,Greedy,D25,"(29, 75)",22,13.0
63,Greedy,D26,"(67, 82)",26,13.0
63,Greedy,D27,"(11, 39)",25,16.0
63,Greedy,D28,"(36, 78)",22,11.0
63,Greedy,D29,"(15, 8)",18,27.0
63,Greedy,D30,"(88, 61)",12,27.0
63,Greedy,D31,"(93, 16)",9,21.0
63,Greedy,D32,"(82, 18)",7,30.0
63,Greedy,D33,"(65, 2)",9,15.0
63,Auction,D14,"(25, 26)",34,11.0
63,Auction,D16,"(0, 44)",37,10.0
63,Auction,D17,"(4, 2)",38,28.0
63,Auction,D21,"(18, 19)",27,23.0
63,Auction,D23,"(55, 40)",31,15.0
63,Auction,D27,"(11, 39)",25,16.0
63,Auction,D28,"(36, 78)",22,11.0
63,Auction,D29,"(15, 8)",18,27.0
63,Auction,D30,"(88, 61)",12,27.0
63,Auction,D31,"(93, 16)",9,21.0
63,Auction,D32,"(82, 18)",7,30.0
63,Auction,D33,"(65, 2)",9,15.0
63,Q-Learning,D14,"(25, 26)",34,11.0
63,Q-Learning,D17,"(4, 2)",38,28.0
63,Q-Learning,D18,"(63, 85)",35,23.0
63,Q-Learning,D20,"(37, 79)",25,16.0
63,Q-Learning,D21,"(18, 19)",27,23.0
63,Q-Learning,D23,"(55, 40)",31,15.0
63,Q-Learning,D25,"(29, 75)",22,13.0
63,Q-Learning,D27,"(11, 39)",25,16.0
63,Q-Learning,D28,"(36, 78)",22,11.0
63,Q-Learning,D29,"(15, 8)",18,27.0
63,Q-Learning,D30,"(88, 61)",12,27.0
63,Q-Learning,D31,"(93, 16)",9,21.0
63,Q-Learning,D32,"(82, 18)",7,30.0
63,Q-Learning,D33,"(65, 2)",9,15.0
64,Greedy,D20,"(37, 79)",26,16.0
64,Greedy,D21,"(18, 19)",28,23.0
64,Greedy,D22,"(66, 24)",30,17.0
64,Greedy,D24,"(54, 30)",26,11.0
64,Greedy,D25,"(29, 75)",23,13.0
64,Greedy,D26,"(67, 82)",27,13.0
64,Greedy,D27,"(11, 39)",26,16.0
64,Greedy,D28,"(36, 78)",23,11.0
64,Greedy,D29,"(15, 8)",19,27.0
64,Greedy,D30,"(88, 61)",13,27.0
64,Greedy,D31,"(93, 16)",10,21.0
64,Greedy,D32,"(82, 18)",8,30.0
64,Greedy,D33,"(65, 2)",10,15.0
64,Greedy,D34,"(76, 83)",8,21.0
64,Auction,D14,"(25, 26)",35,11.0
64,Auction,D16,"(0, 44)",38,10.0
64,Auction,D17,"(4, 2)",39,28.0
64,Auction,D21,"(18, 19)",28,23.0
64,Auction,D23,"(55, 40)",32,15.0
64,Auction,D27,"(11, 39)",26,16.0
64,Auction,D28,"(36, 78)",23,11.0
64,Auction,D29,"(15, 8)",19,27.0
64,Auction,D30,"(88, 61)",13,27.0
64,Auction,D31,"(93, 16)",10,21.0
64,Auction,D32,"(82, 18)",8,30.0
64,Auction,D33,"(65, 2)",10,15.0
64,Auction,D34,"(76, 83)",8,21.0
64,Q-Learning,D14,"(25, 26)",35,11.0
64,Q-Learning,D17,"(4, 2)",39,28.0
64,Q-Learning,D18,"(63, 85)",36,23.0
64,Q-Learning,D20,"(37, 79)",26,16.0
64,Q-Learning,D21,"(18, 19)",28,23.0
64,Q-Learning,D23,"(55, 40)",32,15.0
64,Q-Learning,D25,"(29, 75)",23,13.0
64,Q-Learning,D27,"(11, 39)",26,16.0
64,Q-Learning,D28,"(36, 78)",23,11.0
64,Q-Learning,D29,"(15, 8)",19,27.0
64,Q-Learning,D30,"(88, 61)",13,27.0
64,Q-Learning,D31,"(93, 16)",10,21.0
64,Q-Learning,D32,"(82, 18)",8,30.0
64,Q-Learning,D33,"(65, 2)",10,15.0
64,Q-Learning,D34,"(76, 83)",8,21.0
65,Greedy,D20,"(37, 79)",27,16.0
65,Greedy,D21,"(18, 19)",29,23.0
65,Greedy,D22,"(66, 24)",31,17.0
65,Greedy,D24,"(54, 30)",27,11.0
65,Greedy,D25,"(29, 75)",24,13.0
65,Greedy,D26,"(67, 82)",28,13.0
65,Greedy,D27,"(11, 39)",27,16.0
65,Greedy,D28,"(36, 78)",24,11.0
65,Greedy,D29,"(15, 8)",20,27.0
65,Greedy,D30,"(88, 61)",14,27.0
65,Greedy,D31,"(93, 16)",11,21.0
65,Greedy,D32,"(82, 18)",9,30.0
65,Greedy,D33,"(65, 2)",11,15.0
65,Greedy,D34,"(76, 83)",9,21.0
65,Auction,D14,"(25, 26)",36,11.0
65,Auction,D16,"(0, 44)",39,10.0
65,Auction,D17,"(4, 2)",40,28.0
65,Auction,D21,"(18, 19)",29,23.0
65,Auction,D23,"(55, 40)",33,15.0
65,Auction,D27,"(11, 39)",27,16.0
65,Auction,D28,"(36, 78)",24,11.0
65,Auction,D29,"(15, 8)",20,27.0
65,Auction,D30,"(88, 61)",14,27.0
65,Auction,D31,"(93, 16)",11,21.0
65,Auction,D32,"(82, 18)",9,30.0
65,Auction,D33,"(65, 2)",11,15.0
65,Auction,D34,"(76, 83)",9,21.0
65,Q-Learning,D17,"(4, 2)",40,28.0
65,Q-Learning,D18,"(63, 85)",37,23.0
65,Q-Learning,D20,"(37, 79)",27,16.0
65,Q-Learning,D21,"(18, 19)",29,23.0
65,Q-Learning,D23,"(55, 40)",33,15.0
65,Q-Learning,D25,"(29, 75)",24,13.0
65,Q-Learning,D28,"(36, 78)",24,11.0
65,Q-Learning,D29,"(15, 8)",20,27.0
65,Q-Learning,D30,"(88, 61)",14,27.0
65,Q-Learning,D31,"(93, 16)",11,21.0
65,Q-Learning,D32,"(82, 18)",9,30.0
65,Q-Learning,D33,"(65, 2)",11,15.0
65,Q-Learning,D34,"(76, 83)",9,21.0
66,Greedy,D20,"(37, 79)",28,16.0
66,Greedy,D21,"(18, 19)",30,23.0
66,Greedy,D22,"(66, 24)",32,17.0
66,Greedy,D24,"(54, 30)",28,11.0
66,Greedy,D25,"(29, 75)",25,13.0
66,Greedy,D26,"(67, 82)",29,13.0
66,Greedy,D27,"(11, 39)",28,16.0
66,Greedy,D28,"(36, 78)",25,11.0
66,Greedy,D29,"(15, 8)",21,27.0
66,Greedy,D30,"(88, 61)",15,27.0
66,Greedy,D31,"(93, 16)",12,21.0
66,Greedy,D32,"(82, 18)",10,30.0
66,Greedy,D33,"(65, 2)",12,15.0
66,Greedy,D34,"(76, 83)",10,21.0
66,Auction,D14,"(25, 26)",37,11.0
66,Auction,D16,"(0, 44)",40,10.0
66,Auction,D17,"(4, 2)",41,28.0
66,Auction,D21,"(18, 19)",30,23.0
66,Auction,D23,"(55, 40)",34,15.0
66,Auction,D27,"(11, 39)",28,16.0
66,Auction,D28,"(36, 78)",25,11.0
66,Auction,D29,"(15, 8)",21,27.0
66,Auction,D30,"(88, 61)",15,27.0
66,Auction,D31,"(93, 16)",12,21.0
66,Auction,D32,"(82, 18)",10,30.0
66,Auction,D33,"(65, 2)",12,15.0
66,Auction,D34,"(76, 83)",10,21.0
66,Q-Learning,D17,"(4, 2)",41,28.0
66,Q-Learning,D18,"(63, 85)",38,23.0
66,Q-Learning,D20,"(37, 79)",28,16.0
66,Q-Learning,D21,"(18, 19)",30,23.0
66,Q-Learning,D23,"(55, 40)",34,15.0
66,Q-Learning,D25,"(29, 75)",25,13.0
66,Q-Learning,D28,"(36, 78)",25,11.0
66,Q-Learning,D29,"(15, 8)",21,27.0
66,Q-Learning,D30,"(88, 61)",15,27.0
66,Q-Learning,D31,"(93, 16)",12,21.0
66,Q-Learning,D32,"(82, 18)",10,30.0
66,Q-Learning,D33,"(65, 2)",12,15.0
66,Q-Learning,D34,"(76, 83)",10,21.0
67,Greedy,D20,"(37, 79)",29,16.0
67,Greedy,D21,"(18, 19)",31,23.0
67,Greedy,D22,"(66, 24)",33,17.0
67,Greedy,D24,"(54, 30)",29,11.0
67,Greedy,D25,"(29, 75)",26,13.0
67,Greedy,D26,"(67, 82)",30,13.0
67,Greedy,D27,"(11, 39)",29,16.0
67,Greedy,D28,"(36, 78)",26,11.0
67,Greedy,D29,"(15, 8)",22,27.0
67,Greedy,D30,"(88, 61)",16,27.0
67,Greedy,D31,"(93, 16)",13,21.0
67,Greedy,D32,"(82, 18)",11,30.0
67,Greedy,D33,"(65, 2)",13,15.0
67,Greedy,D34,"(76, 83)",11,21.0
67,Greedy,D35,"(59, 62)",9,15.0
67,Auction,D14,"(25, 26)",38,11.0
67,Auction,D16,"(0, 44)",41,10.0
67,Auction,D17,"(4, 2)",42,28.0
67,Auction,D21,"(18, 19)",31,23.0
67,Auction,D23,"(55, 40)",35,15.0
67,Auction,D27,"(11, 39)",29,16.0
67,Auction,D28,"(36, 78)",26,11.0
67,Auction,D29,"(15, 8)",22,27.0
67,Auction,D30,"(88, 61)",16,27.0
67,Auction,D31,"(93, 16)",13,21.0
67,Auction,D32,"(82, 18)",11,30.0
67,Auction,D33,"(65, 2)",13,15.0
67,Auction,D34,"(76, 83)",11,21.0
67,Auction,D35,"(59, 62)",9,15.0
67,Q-Learning,D17,"(4, 2)",42,28.0
67,Q-Learning,D18,"(63, 85)",39,23.0
67,Q-Learning,D20,"(37, 79)",29,16.0
67,Q-Learning,D21,"(18, 19)",31,23.0
67,Q-Learning,D23,"(55, 40)",35,15.0
67,Q-Learning,D25,"(29, 75)",26,13.0
67,Q-Learning,D28,"(36, 78)",26,11.0
67,Q-Learning,D29,"(15, 8)",22,27.0
67,Q-Learning,D30,"(88, 61)",16,27.0
67,Q-Learning,D31,"(93, 16)",13,21.0
67,Q-Learning,D32,"(82, 18)",11,30.0
67,Q-Learning,D33,"(65, 2)",13,15.0
67,Q-Learning,D34,"(76, 83)",11,21.0
67,Q-Learning,D35,"(59, 62)",9,15.0
68,Greedy,D20,"(37, 79)",30,16.0
68,Greedy,D21,"(18, 19)",32,23.0
68,Greedy,D22,"(66, 24)",34,17.0
68,Greedy,D24,"(54, 30)",30,11.0
68,Greedy,D25,"(29, 75)",27,13.0
68,Greedy,D26,"(67, 82)",31,13.0
68,Greedy,D27,"(11, 39)",30,16.0
68,Greedy,D28,"(36, 78)",27,11.0
68,Greedy,D29,"(15, 8)",23,27.0
68,Greedy,D30,"(88, 61)",17,27.0
68,Greedy,D31,"(93, 16)",14,21.0
68,Greedy,D32,"(82, 18)",12,30.0
68,Greedy,D33,"(65, 2)",14,15.0
68,Greedy,D34,"(76, 83)",12,21.0
68,Greedy,D35,"(59, 62)",10,15.0
68,Auction,D14,"(25, 26)",39,11.0
68,Auction,D16,"(0, 44)",42,10.0
68,Auction,D17,"(4, 2)",43,28.0
68,Auction,D21,"(18, 19)",32,23.0
68,Auction,D23,"(55, 40)",36,15.0
68,Auction,D27,"(11, 39)",30,16.0
68,Auction,D28,"(36, 78)",27,11.0
68,Auction,D29,"(15, 8)",23,27.0
68,Auction,D30,"(88, 61)",17,27.0
68,Auction,D31,"(93, 16)",14,21.0
68,Auction,D32,"(82, 18)",12,30.0
68,Auction,D33,"(65, 2)",14,15.0
68,Auction,D34,"(76, 83)",12,21.0
68,Auction,D35,"(59, 62)",10,15.0
68,Q-Learning,D17,"(4, 2)",43,28.0
68,Q-Learning,D18,"(63, 85)",40,23.0
68,Q-Learning,D20,"(37, 79)",30,16.0
68,Q-Learning,D21,"(18, 19)",32,23.0
68,Q-Learning,D23,"(55, 40)",36,15.0
68,Q-Learning,D25,"(29, 75)",27,13.0
68,Q-Learning,D28,"(36, 78)",27,11.0
68,Q-Learning,D29,"(15, 8)",23,27.0
68,Q-Learning,D30,"(88, 61)",17,27.0
68,Q-Learning,D31,"(93, 16)",14,21.0
68,Q-Learning,D32,"(82, 18)",12,30.0
68,Q-Learning,D33,"(65, 2)",14,15.0
68,Q-Learning,D34,"(76, 83)",12,21.0
68,Q-Learning,D35,"(59, 62)",10,15.0
69,Greedy,D20,"(37, 79)",31,16.0
69,Greedy,D21,"(18, 19)",33,23.0
69,Greedy,D22,"(66, 24)",35,17.0
69,Greedy,D24,"(54, 30)",31,11.0
69,Greedy,D25,"(29, 75)",28,13.0
69,Greedy,D26,"(67, 82)",32,13.0
69,Greedy,D27,"(11, 39)",31,16.0
69,Greedy,D28,"(36, 78)",28,11.0
69,Greedy,D29,"(15, 8)",24,27.0
69,Greedy,D30,"(88, 61)",18,27.0
69,Greedy,D31,"(93, 16)",15,21.0
69,Greedy,D32,"(82, 18)",13,30.0
69,Greedy,D33,"(65, 2)",15,15.0
69,Greedy,D34,"(76, 83)",13,21.0
69,Greedy,D35,"(59, 62)",11,15.0
69,Auction,D14,"(25, 26)",40,11.0
69,Auction,D16,"(0, 44)",43,10.0
69,Auction,D17,"(4, 2)",44,28.0
69,Auction,D21,"(18, 19)",33,23.0
69,Auction,D27,"(11, 39)",31,16.0
69,Auction,D28,"(36, 78)",28,11.0
69,Auction,D29,"(15, 8)",24,27.0
69,Auction,D30,"(88, 61)",18,27.0
69,Auction,D31,"(93, 16)",15,21.0
69,Auction,D32,"(82, 18)",13,30.0
69,Auction,D33,"(65, 2)",15,15.0
69,Auction,D34,"(76, 83)",13,21.0
69,Auction,D35,"(59, 62)",11,15.0
69,Q-Learning,D17,"(4, 2)",44,28.0
69,Q-Learning,D18,"(63, 85)",41,23.0
69,Q-Learning,D20,"(37, 79)",31,16.0
69,Q-Learning,D21,"(18, 19)",33,23.0
69,Q-Learning,D23,"(55, 40)",37,15.0
69,Q-Learning,D25,"(29, 75)",28,13.0
69,Q-Learning,D28,"(36, 78)",28,11.0
69,Q-Learning,D29,"(15, 8)",24,27.0
69,Q-Learning,D30,"(88, 61)",18,27.0
69,Q-Learning,D31,"(93, 16)",15,21.0
69,Q-Learning,D32,"(82, 18)",13,30.0
69,Q-Learning,D33,"(65, 2)",15,15.0
69,Q-Learning,D34,"(76, 83)",13,21.0
69,Q-Learning,D35,"(59, 62)",11,15.0
70,Greedy,D20,"(37, 79)",32,16.0
70,Greedy,D21,"(18, 19)",34,23.0
70,Greedy,D22,"(66, 24)",36,17.0
70,Greedy,D24,"(54, 30)",32,11.0
70,Greedy,D25,"(29, 75)",29,13.0
70,Greedy,D26,"(67, 82)",33,13.0
70,Greedy,D27,"(11, 39)",32,16.0
70,Greedy,D28,"(36, 78)",29,11.0
70,Greedy,D29,"(15, 8)",25,27.0
70,Greedy,D30,"(88, 61)",19,27.0
70,Greedy,D31,"(93, 16)",16,21.0
70,Greedy,D32,"(82, 18)",14,30.0
70,Greedy,D33,"(65, 2)",16,15.0
70,Greedy,D34,"(76, 83)",14,21.0
70,Greedy,D35,"(59, 62)",12,15.0
70,Greedy,D36,"(69, 58)",9,15.0
70,Auction,D14,"(25, 26)",41,11.0
70,Auction,D16,"(0, 44)",44,10.0
70,Auction,D17,"(4, 2)",45,28.0
70,Auction,D21,"(18, 19)",34,23.0
70,Auction,D27,"(11, 39)",32,16.0
70,Auction,D28,"(36, 78)",29,11.0
70,Auction,D29,"(15, 8)",25,27.0
70,Auction,D30,"(88, 61)",19,27.0
70,Auction,D31,"(93, 16)",16,21.0
70,Auction,D32,"(82, 18)",14,30.0
70,Auction,D33,"(65, 2)",16,15.0
70,Auction,D34,"(76, 83)",14,21.0
70,Auction,D35,"(59, 62)",12,15.0
70,Auction,D36,"(69, 58)",9,15.0
70,Q-Learning,D17,"(4, 2)",45,28.0
70,Q-Learning,D18,"(63, 85)",42,23.0
70,Q-Learning,D20,"(37, 79)",32,16.0
70,Q-Learning,D21,"(18, 19)",34,23.0
70,Q-Learning,D23,"(55, 40)",38,15.0
70,Q-Learning,D25,"(29, 75)",29,13.0
70,Q-Learning,D28,"(36, 78)",29,11.0
70,Q-Learning,D29,"(15, 8)",25,27.0
70,Q-Learning,D30,"(88, 61)",19,27.0
70,Q-Learning,D31,"(93, 16)",16,21.0
70,Q-Learning,D32,"(82, 18)",14,30.0
70,Q-Learning,D33,"(65, 2)",16,15.0
70,Q-Learning,D34,"(76, 83)",14,21.0
70,Q-Learning,D35,"(59, 62)",12,15.0
70,Q-Learning,D36,"(69, 58)",9,15.0
71,Greedy,D20,"(37, 79)",33,16.0
71,Greedy,D21,"(18, 19)",35,23.0
71,Greedy,D22,"(66, 24)",37,17.0
71,Greedy,D24,"(54, 30)",33,11.0
71,Greedy,D25,"(29, 75)",30,13.0
71,Greedy,D26,"(67, 82)",34,13.0
71,Greedy,D27,"(11, 39)",33,16.0
71,Greedy,D28,"(36, 78)",30,11.0
71,Greedy,D29,"(15, 8)",26,27.0
71,Greedy,D30,"(88, 61)",20,27.0
71,Greedy,D31,"(93, 16)",17,21.0
71,Greedy,D32,"(82, 18)",15,30.0
71,Greedy,D33,"(65, 2)",17,15.0
71,Greedy,D34,"(76, 83)",15,21.0
71,Greedy,D35,"(59, 62)",13,15.0
71,Greedy,D36,"(69, 58)",10,15.0
71,Auction,D14,"(25, 26)",42,11.0
71,Auction,D16,"(0, 44)",45,10.0
71,Auction,D17,"(4, 2)",46,28.0
71,Auction,D21,"(18, 19)",35,23.0
71,Auction,D27,"(11, 39)",33,16.0
71,Auction,D28,"(36, 78)",30,11.0
71,Auction,D29,"(15, 8)",26,27.0
71,Auction,D30,"(88, 61)",20,27.0
71,Auction,D31,"(93, 16)",17,21.0
71,Auction,D32,"(82, 18)",15,30.0
71,Auction,D33,"(65, 2)",17,15.0
71,Auction,D34,"(76, 83)",15,21.0
71,Auction,D35,"(59, 62)",13,15.0
71,Auction,D36,"(69, 58)",10,15.0
71,Q-Learning,D17,"(4, 2)",46,28.0
71,Q-Learning,D18,"(63, 85)",43,23.0
71,Q-Learning,D20,"(37, 79)",33,16.0
71,Q-Learning,D21,"(18, 19)",35,23.0
71,Q-Learning,D23,"(55, 40)",39,15.0
71,Q-Learning,D25,"(29, 75)",30,13.0
71,Q-Learning,D28,"(36, 78)",30,11.0
71,Q-Learning,D29,"(15, 8)",26,27.0
71,Q-Learning,D30,"(88, 61)",20,27.0
71,Q-Learning,D31,"(93, 16)",17,21.0
71,Q-Learning,D32,"(82, 18)",15,30.0
71,Q-Learning,D33,"(65, 2)",17,15.0
71,Q-Learning,D34,"(76, 83)",15,21.0
71,Q-Learning,D35,"(59, 62)",13,15.0
71,Q-Learning,D36,"(69, 58)",10,15.0
72,Greedy,D20,"(37, 79)",34,16.0
72,Greedy,D21,"(18, 19)",36,23.0
72,Greedy,D22,"(66, 24)",38,17.0
72,Greedy,D24,"(54, 30)",34,11.0
72,Greedy,D25,"(29, 75)",31,13.0
72,Greedy,D26,"(67, 82)",35,13.0
72,Greedy,D27,"(11, 39)",34,16.0
72,Greedy,D28,"(36, 78)",31,11.0
72,Greedy,D29,"(15, 8)",27,27.0
72,Greedy,D30,"(88, 61)",21,27.0
72,Greedy,D31,"(93, 16)",18,21.0
72,Greedy,D32,"(82, 18)",16,30.0
72,Greedy,D33,"(65, 2)",18,15.0
72,Greedy,D34,"(76, 83)",16,21.0
72,Greedy,D35,"(59, 62)",14,15.0
72,Greedy,D36,"(69, 58)",11,15.0
72,Auction,D14,"(25, 26)",43,11.0
72,Auction,D16,"(0, 44)",46,10.0
72,Auction,D17,"(4, 2)",47,28.0
72,Auction,D21,"(18, 19)",36,23.0
72,Auction,D27,"(11, 39)",34,16.0
72,Auction,D29,"(15, 8)",27,27.0
72,Auction,D30,"(88, 61)",21,27.0
72,Auction,D31,"(93, 16)",18,21.0
72,Auction,D32,"(82, 18)",16,30.0
72,Auction,D33,"(65, 2)",18,15.0
72,Auction,D34,"(76, 83)",16,21.0
72,Auction,D35,"(59, 62)",14,15.0
72,Auction,D36,"(69, 58)",11,15.0
72,Q-Learning,D17,"(4, 2)",47,28.0
72,Q-Learning,D18,"(63, 85)",44,23.0
72,Q-Learning,D20,"(37, 79)",34,16.0
72,Q-Learning,D21,"(18, 19)",36,23.0
72,Q-Learning,D23,"(55, 40)",40,15.0
72,Q-Learning,D25,"(29, 75)",31,13.0
72,Q-Learning,D28,"(36, 78)",31,11.0
72,Q-Learning,D29,"(15, 8)",27,27.0
72,Q-Learning,D30,"(88, 61)",21,27.0
72,Q-Learning,D31,"(93, 16)",18,21.0
72,Q-Learning,D32,"(82, 18)",16,30.0
72,Q-Learning,D33,"(65, 2)",18,15.0
72,Q-Learning,D34,"(76, 83)",16,21.0
72,Q-Learning,D35,"(59, 62)",14,15.0
72,Q-Learning,D36,"(69, 58)",11,15.0
73,Greedy,D20,"(37, 79)",35,16.0
73,Greedy,D21,"(18, 19)",37,23.0
73,Greedy,D22,"(66, 24)",39,17.0
73,Greedy,D24,"(54, 30)",35,11.0
73,Greedy,D25,"(29, 75)",32,13.0
73,Greedy,D26,"(67, 82)",36,13.0
73,Greedy,D27,"(11, 39)",35,16.0
73,Greedy,D28,"(36, 78)",32,11.0
73,Greedy,D29,"(15, 8)",28,27.0
73,Greedy,D30,"(88, 61)",22,27.0
73,Greedy,D31,"(93, 16)",19,21.0
73,Greedy,D32,"(82, 18)",17,30.0
73,Greedy,D33,"(65, 2)",19,15.0
73,Greedy,D34,"(76, 83)",17,21.0
73,Greedy,D35,"(59, 62)",15,15.0
73,Greedy,D36,"(69, 58)",12,15.0
73,Auction,D14,"(25, 26)",44,11.0
73,Auction,D16,"(0, 44)",47,10.0
73,Auction,D17,"(4, 2)",48,28.0
73,Auction,D21,"(18, 19)",37,23.0
73,Auction,D27,"(11, 39)",35,16.0
73,Auction,D29,"(15, 8)",28,27.0
73,Auction,D30,"(88, 61)",22,27.0
73,Auction,D31,"(93, 16)",19,21.0
73,Auction,D32,"(82, 18)",17,30.0
73,Auction,D33,"(65, 2)",19,15.0
73,Auction,D34,"(76, 83)",17,21.0
73,Auction,D35,"(59, 62)",15,15.0
73,Auction,D36,"(69, 58)",12,15.0
73,Q-Learning,D17,"(4, 2)",48,28.0
73,Q-Learning,D18,"(63, 85)",45,23.0
73,Q-Learning,D20,"(37, 79)",35,16.0
73,Q-Learning,D21,"(18, 19)",37,23.0
73,Q-Learning,D25,"(29, 75)",32,13.0
73,Q-Learning,D28,"(36, 78)",32,11.0
73,Q-Learning,D29,"(15, 8)",28,27.0
73,Q-Learning,D30,"(88, 61)",22,27.0
73,Q-Learning,D31,"(93, 16)",19,21.0
73,Q-Learning,D32,"(82, 18)",17,30.0
73,Q-Learning,D33,"(65, 2)",19,15.0
73,Q-Learning,D34,"(76, 83)",17,21.0
73,Q-Learning,D35,"(59, 62)",15,15.0
73,Q-Learning,D36,"(69, 58)",12,15.0
74,Greedy,D20,"(37, 79)",36,16.0
74,Greedy,D21,"(18, 19)",38,23.0
74,Greedy,D22,"(66, 24)",40,17.0
74,Greedy,D24,"(54, 30)",36,11.0
74,Greedy,D25,"(29, 75)",33,13.0
74,Greedy,D26,"(67, 82)",37,13.0
74,Greedy,D27,"(11, 39)",36,16.0
74,Greedy,D28,"(36, 78)",33,11.0
74,Greedy,D29,"(15, 8)",29,27.0
74,Greedy,D30,"(88, 61)",23,27.0
74,Greedy,D31,"(93, 16)",20,21.0
74,Greedy,D32,"(82, 18)",18,30.0
74,Greedy,D33,"(65, 2)",20,15.0
74,Greedy,D34,"(76, 83)",18,21.0
74,Greedy,D35,"(59, 62)",16,15.0
74,Greedy,D36,"(69, 58)",13,15.0
74,Auction,D14,"(25, 26)",45,11.0
74,Auction,D16,"(0, 44)",48,10.0
74,Auction,D17,"(4, 2)",49,28.0
74,Auction,D21,"(18, 19)",38,23.0
74,Auction,D27,"(11, 39)",36,16.0
74,Auction,D29,"(15, 8)",29,27.0
74,Auction,D30,"(88, 61)",23,27.0
74,Auction,D31,"(93, 16)",20,21.0
74,Auction,D32,"(82, 18)",18,30.0
74,Auction,D33,"(65, 2)",20,15.0
74,Auction,D34,"(76, 83)",18,21.0
74,Auction,D35,"(59, 62)",16,15.0
74,Auction,D36,"(69, 58)",13,15.0
74,Q-Learning,D17,"(4, 2)",49,28.0
74,Q-Learning,D18,"(63, 85)",46,23.0
74,Q-Learning,D20,"(37, 79)",36,16.0
74,Q-Learning,D21,"(18, 19)",38,23.0
74,Q-Learning,D25,"(29, 75)",33,13.0
74,Q-Learning,D28,"(36, 78)",33,11.0
74,Q-Learning,D29,"(15, 8)",29,27.0
74,Q-Learning,D30,"(88, 61)",23,27.0
74,Q-Learning,D31,"(93, 16)",20,21.0
74,Q-Learning,D32,"(82, 18)",18,30.0
74,Q-Learning,D33,"(65, 2)",20,15.0
74,Q-Learning,D34,"(76, 83)",18,21.0
74,Q-Learning,D35,"(59, 62)",16,15.0
75,Greedy,D20,"(37, 79)",37,16.0
75,Greedy,D21,"(18, 19)",39,23.0
75,Greedy,D22,"(66, 24)",41,17.0
75,Greedy,D24,"(54, 30)",37,11.0
75,Greedy,D25,"(29, 75)",34,13.0
75,Greedy,D26,"(67, 82)",38,13.0
75,Greedy,D27,"(11, 39)",37,16.0
75,Greedy,D28,"(36, 78)",34,11.0
75,Greedy,D29,"(15, 8)",30,27.0
75,Greedy,D30,"(88, 61)",24,27.0
75,Greedy,D31,"(93, 16)",21,21.0
75,Greedy,D32,"(82, 18)",19,30.0
75,Greedy,D33,"(65, 2)",21,15.0
75,Greedy,D34,"(76, 83)",19,21.0
75,Greedy,D35,"(59, 62)",17,15.0
75,Greedy,D36,"(69, 58)",14,15.0
75,Auction,D16,"(0, 44)",49,10.0
75,Auction,D17,"(4, 2)",50,28.0
75,Auction,D21,"(18, 19)",39,23.0
75,Auction,D27,"(11, 39)",37,16.0
75,Auction,D29,"(15, 8)",30,27.0
75,Auction,D30,"(88, 61)",24,27.0
75,Auction,D31,"(93, 16)",21,21.0
75,Auction,D32,"(82, 18)",19,30.0
75,Auction,D33,"(65, 2)",21,15.0
75,Auction,D34,"(76, 83)",19,21.0
75,Auction,D35,"(59, 62)",17,15.0
75,Auction,D36,"(69, 58)",14,15.0
75,Q-Learning,D17,"(4, 2)",50,28.0
75,Q-Learning,D18,"(63, 85)",47,23.0
75,Q-Learning,D20,"(37, 79)",37,16.0
75,Q-Learning,D21,"(18, 19)",39,23.0
75,Q-Learning,D25,"(29, 75)",34,13.0
75,Q-Learning,D28,"(36, 78)",34,11.0
75,Q-Learning,D29,"(15, 8)",30,27.0
75,Q-Learning,D30,"(88, 61)",24,27.0
75,Q-Learning,D31,"(93, 16)",21,21.0
75,Q-Learning,D32,"(82, 18)",19,30.0
75,Q-Learning,D33,"(65, 2)",21,15.0
75,Q-Learning,D34,"(76, 83)",19,21.0
75,Q-Learning,D35,"(59, 62)",17,15.0
76,Greedy,D20,"(37, 79)",38,16.0
76,Greedy,D21,"(18, 19)",40,23.0
76,Greedy,D22,"(66, 24)",42,17.0
76,Greedy,D24,"(54, 30)",38,11.0
76,Greedy,D25,"(29, 75)",35,13.0
76,Greedy,D26,"(67, 82)",39,13.0
76,Greedy,D27,"(11, 39)",38,16.0
76,Greedy,D28,"(36, 78)",35,11.0
76,Greedy,D29,"(15, 8)",31,27.0
76,Greedy,D30,"(88, 61)",25,27.0
76,Greedy,D31,"(93, 16)",22,21.0
76,Greedy,D32,"(82, 18)",20,30.0
76,Greedy,D33,"(65, 2)",22,15.0
76,Greedy,D34,"(76, 83)",20,21.0
76,Greedy,D35,"(59, 62)",18,15.0
76,Greedy,D36,"(69, 58)",15,15.0
76,Auction,D17,"(4, 2)",51,28.0
76,Auction,D21,"(18, 19)",40,23.0
76,Auction,D27,"(11, 39)",38,16.0
76,Auction,D29,"(15, 8)",31,27.0
76,Auction,D30,"(88, 61)",25,27.0
76,Auction,D31,"(93, 16)",22,21.0
76,Auction,D32,"(82, 18)",20,30.0
76,Auction,D33,"(65, 2)",22,15.0
76,Auction,D34,"(76, 83)",20,21.0
76,Auction,D35,"(59, 62)",18,15.0
76,Auction,D36,"(69, 58)",15,15.0
76,Q-Learning,D17,"(4, 2)",51,28.0
76,Q-Learning,D18,"(63, 85)",48,23.0
76,Q-Learning,D20,"(37, 79)",38,16.0
76,Q-Learning,D21,"(18, 19)",40,23.0
76,Q-Learning,D25,"(29, 75)",35,13.0
76,Q-Learning,D29,"(15, 8)",31,27.0
76,Q-Learning,D30,"(88, 61)",25,27.0
76,Q-Learning,D31,"(93, 16)",22,21.0
76,Q-Learning,D32,"(82, 18)",20,30.0
76,Q-Learning,D33,"(65, 2)",22,15.0
76,Q-Learning,D34,"(76, 83)",20,21.0
76,Q-Learning,D35,"(59, 62)",18,15.0
77,Greedy,D20,"(37, 79)",39,16.0
77,Greedy,D21,"(18, 19)",41,23.0
77,Greedy,D22,"(66, 24)",43,17.0
77,Greedy,D24,"(54, 30)",39,11.0
77,Greedy,D25,"(29, 75)",36,13.0
77,Greedy,D26,"(67, 82)",40,13.0
77,Greedy,D27,"(11, 39)",39,16.0
77,Greedy,D28,"(36, 78)",36,11.0
77,Greedy,D29,"(15, 8)",32,27.0
77,Greedy,D30,"(88, 61)",26,27.0
77,Greedy,D31,"(93, 16)",23,21.0
77,Greedy,D32,"(82, 18)",21,30.0
77,Greedy,D33,"(65, 2)",23,15.0
77,Greedy,D34,"(76, 83)",21,21.0
77,Greedy,D35,"(59, 62)",19,15.0
77,Greedy,D36,"(69, 58)",16,15.0
77,Greedy,D37,"(8, 35)",5,14.0
77,Auction,D17,"(4, 2)",52,28.0
77,Auction,D21,"(18, 19)",41,23.0
77,Auction,D27,"(11, 39)",39,16.0
77,Auction,D29,"(15, 8)",32,27.0
77,Auction,D30,"(88, 61)",26,27.0
77,Auction,D31,"(93, 16)",23,21.0
77,Auction,D32,"(82, 18)",21,30.0
77,Auction,D34,"(76, 83)",21,21.0
77,Auction,D35,"(59, 62)",19,15.0
77,Auction,D36,"(69, 58)",16,15.0
77,Auction,D37,"(8, 35)",5,14.0
77,Q-Learning,D17,"(4, 2)",52,28.0
77,Q-Learning,D18,"(63, 85)",49,23.0
77,Q-Learning,D20,"(37, 79)",39,16.0
77,Q-Learning,D21,"(18, 19)",41,23.0
77,Q-Learning,D25,"(29, 75)",36,13.0
77,Q-Learning,D29,"(15, 8)",32,27.0
77,Q-Learning,D30,"(88, 61)",26,27.0
77,Q-Learning,D31,"(93, 16)",23,21.0
77,Q-Learning,D32,"(82, 18)",21,30.0
77,Q-Learning,D34,"(76, 83)",21,21.0
77,Q-Learning,D35,"(59, 62)",19,15.0
77,Q-Learning,D37,"(8, 35)",5,14.0
78,Greedy,D20,"(37, 79)",40,16.0
78,Greedy,D21,"(18, 19)",42,23.0
78,Greedy,D22,"(66, 24)",44,17.0
78,Greedy,D24,"(54, 30)",40,11.0
78,Greedy,D25,"(29, 75)",37,13.0
78,Greedy,D26,"(67, 82)",41,13.0
78,Greedy,D27,"(11, 39)",40,16.0
78,Greedy,D28,"(36, 78)",37,11.0
78,Greedy,D29,"(15, 8)",33,27.0
78,Greedy,D30,"(88, 61)",27,27.0
78,Greedy,D31,"(93, 16)",24,21.0
78,Greedy,D32,"(82, 18)",22,30.0
78,Greedy,D33,"(65, 2)",24,15.0
78,Greedy,D34,"(76, 83)",22,21.0
78,Greedy,D35,"(59, 62)",20,15.0
78,Greedy,D36,"(69, 58)",17,15.0
78,Greedy,D37,"(8, 35)",6,14.0
78,Greedy,D38,"(64, 73)",10,12.0
78,Auction,D17,"(4, 2)",53,28.0
78,Auction,D21,"(18, 19)",42,23.0
78,Auction,D27,"(11, 39)",40,16.0
78,Auction,D29,"(15, 8)",33,27.0
78,Auction,D30,"(88, 61)",27,27.0
78,Auction,D31,"(93, 16)",24,21.0
78,Auction,D32,"(82, 18)",22,30.0
78,Auction,D34,"(76, 83)",22,21.0
78,Auction,D35,"(59, 62)",20,15.0
78,Auction,D36,"(69, 58)",17,15.0
78,Auction,D37,"(8, 35)",6,14.0
78,Auction,D38,"(64, 73)",10,12.0
78,Q-Learning,D17,"(4, 2)",53,28.0
78,Q-Learning,D18,"(63, 85)",50,23.0
78,Q-Learning,D20,"(37, 79)",40,16.0
78,Q-Learning,D21,"(18, 19)",42,23.0
78,Q-Learning,D25,"(29, 75)",37,13.0
78,Q-Learning,D29,"(15, 8)",33,27.0
78,Q-Learning,D30,"(88, 61)",27,27.0
78,Q-Learning,D31,"(93, 16)",24,21.0
78,Q-Learning,D32,"(82, 18)",22,30.0
78,Q-Learning,D34,"(76, 83)",22,21.0
78,Q-Learning,D35,"(59, 62)",20,15.0
78,Q-Learning,D37,"(8, 35)",6,14.0
78,Q-Learning,D38,"(64, 73)",10,12.0
79,Greedy,D20,"(37, 79)",41,16.0
79,Greedy,D21,"(18, 19)",43,23.0
79,Greedy,D22,"(66, 24)",45,17.0
79,Greedy,D24,"(54, 30)",41,11.0
79,Greedy,D25,"(29, 75)",38,13.0
79,Greedy,D26,"(67, 82)",42,13.0
79,Greedy,D27,"(11, 39)",41,16.0
79,Greedy,D28,"(36, 78)",38,11.0
79,Greedy,D29,"(15, 8)",34,27.0
79,Greedy,D30,"(88, 61)",28,27.0
79,Greedy,D31,"(93, 16)",25,21.0
79,Greedy,D32,"(82, 18)",23,30.0
79,Greedy,D33,"(65, 2)",25,15.0
79,Greedy,D34,"(76, 83)",23,21.0
79,Greedy,D35,"(59, 62)",21,15.0
79,Greedy,D36,"(69, 58)",18,15.0
79,Greedy,D37,"(8, 35)",7,14.0
79,Greedy,D38,"(64, 73)",11,12.0
79,Greedy,D39,"(7, 24)",7,28.0
79,Auction,D17,"(4, 2)",54,28.0
79,Auction,D21,"(18, 19)",43,23.0
79,Auction,D27,"(11, 39)",41,16.0
79,Auction,D29,"(15, 8)",34,27.0
79,Auction,D30,"(88, 61)",28,27.0
79,Auction,D31,"(93, 16)",25,21.0
79,Auction,D32,"(82, 18)",23,30.0
79,Auction,D34,"(76, 83)",23,21.0
79,Auction,D35,"(59, 62)",21,15.0
79,Auction,D36,"(69, 58)",18,15.0
79,Auction,D37,"(8, 35)",7,14.0
79,Auction,D38,"(64, 73)",11,12.0
79,Auction,D39,"(7, 24)",7,28.0
79,Q-Learning,D17,"(4, 2)",54,28.0
79,Q-Learning,D18,"(63, 85)",51,23.0
79,Q-Learning,D20,"(37, 79)",41,16.0
79,Q-Learning,D21,"(18, 19)",43,23.0
79,Q-Learning,D25,"(29, 75)",38,13.0
79,Q-Learning,D29,"(15, 8)",34,27.0
79,Q-Learning,D30,"(88, 61)",28,27.0
79,Q-Learning,D31,"(93, 16)",25,21.0
79,Q-Learning,D32,"(82, 18)",23,30.0
79,Q-Learning,D34,"(76, 83)",23,21.0
79,Q-Learning,D35,"(59, 62)",21,15.0
79,Q-Learning,D37,"(8, 35)",7,14.0
79,Q-Learning,D38,"(64, 73)",11,12.0
79,Q-Learning,D39,"(7, 24)",7,28.0
80,Greedy,D20,"(37, 79)",42,16.0
80,Greedy,D21,"(18, 19)",44,23.0
80,Greedy,D22,"(66, 24)",46,17.0
80,Greedy,D24,"(54, 30)",42,11.0
80,Greedy,D25,"(29, 75)",39,13.0
80,Greedy,D26,"(67, 82)",43,13.0
80,Greedy,D27,"(11, 39)",42,16.0
80,Greedy,D28,"(36, 78)",39,11.0
80,Greedy,D29,"(15, 8)",35,27.0
80,Greedy,D30,"(88, 61)",29,27.0
80,Greedy,D31,"(93, 16)",26,21.0
80,Greedy,D32,"(82, 18)",24,30.0
80,Greedy,D33,"(65, 2)",26,15.0
80,Greedy,D34,"(76, 83)",24,21.0
80,Greedy,D35,"(59, 62)",22,15.0
80,Greedy,D36,"(69, 58)",19,15.0
80,Greedy,D37,"(8, 35)",8,14.0
80,Greedy,D38,"(64, 73)",12,12.0
80,Greedy,D39,"(7, 24)",8,28.0
80,Greedy,D40,"(17, 39)",7,23.0
80,Auction,D17,"(4, 2)",55,28.0
80,Auction,D21,"(18, 19)",44,23.0
80,Auction,D27,"(11, 39)",42,16.0
80,Auction,D29,"(15, 8)",35,27.0
80,Auction,D30,"(88, 61)",29,27.0
80,Auction,D31,"(93, 16)",26,21.0
80,Auction,D32,"(82, 18)",24,30.0
80,Auction,D34,"(76, 83)",24,21.0
80,Auction,D35,"(59, 62)",22,15.0
80,Auction,D36,"(69, 58)",19,15.0
80,Auction,D37,"(8, 35)",8,14.0
80,Auction,D38,"(64, 73)",12,12.0
80,Auction,D39,"(7, 24)",8,28.0
80,Auction,D40,"(17, 39)",7,23.0
80,Q-Learning,D17,"(4, 2)",55,28.0
80,Q-Learning,D18,"(63, 85)",52,23.0
80,Q-Learning,D20,"(37, 79)",42,16.0
80,Q-Learning,D21,"(18, 19)",44,23.0
80,Q-Learning,D25,"(29, 75)",39,13.0
80,Q-Learning,D29,"(15, 8)",35,27.0
80,Q-Learning,D30,"(88, 61)",29,27.0
80,Q-Learning,D31,"(93, 16)",26,21.0
80,Q-Learning,D32,"(82, 18)",24,30.0
80,Q-Learning,D34,"(76, 83)",24,21.0
80,Q-Learning,D35,"(59, 62)",22,15.0
80,Q-Learning,D37,"(8, 35)",8,14.0
80,Q-Learning,D38,"(64, 73)",12,12.0
80,Q-Learning,D39,"(7, 24)",8,28.0
80,Q-Learning,D40,"(17, 39)",7,23.0
81,Greedy,D20,"(37, 79)",43,16.0
81,Greedy,D21,"(18, 19)",45,23.0
81,Greedy,D22,"(66, 24)",47,17.0
81,Greedy,D24,"(54, 30)",43,11.0
81,Greedy,D25,"(29, 75)",40,13.0
81,Greedy,D26,"(67, 82)",44,13.0
81,Greedy,D27,"(11, 39)",43,16.0
81,Greedy,D28,"(36, 78)",40,11.0
81,Greedy,D29,"(15, 8)",36,27.0
81,Greedy,D30,"(88, 61)",30,27.0
81,Greedy,D31,"(93, 16)",27,21.0
81,Greedy,D32,"(82, 18)",25,30.0
81,Greedy,D33,"(65, 2)",27,15.0
81,Greedy,D34,"(76, 83)",25,21.0
81,Greedy,D35,"(59, 62)",23,15.0
81,Greedy,D36,"(69, 58)",20,15.0
81,Greedy,D37,"(8, 35)",9,14.0
81,Greedy,D38,"(64, 73)",13,12.0
81,Greedy,D39,"(7, 24)",9,28.0
81,Greedy,D40,"(17, 39)",8,23.0
81,Auction,D17,"(4, 2)",56,28.0
81,Auction,D21,"(18, 19)",45,23.0
81,Auction,D27,"(11, 39)",43,16.0
81,Auction,D29,"(15, 8)",36,27.0
81,Auction,D30,"(88, 61)",30,27.0
81,Auction,D31,"(93, 16)",27,21.0
81,Auction,D32,"(82, 18)",25,30.0
81,Auction,D34,"(76, 83)",25,21.0
81,Auction,D35,"(59, 62)",23,15.0
81,Auction,D36,"(69, 58)",20,15.0
81,Auction,D37,"(8, 35)",9,14.0
81,Auction,D38,"(64, 73)",13,12.0
81,Auction,D39,"(7, 24)",9,28.0
81,Auction,D40,"(17, 39)",8,23.0
81,Q-Learning,D17,"(4, 2)",56,28.0
81,Q-Learning,D18,"(63, 85)",53,23.0
81,Q-Learning,D20,"(37, 79)",43,16.0
81,Q-Learning,D21,"(18, 19)",45,23.0
81,Q-Learning,D25,"(29, 75)",40,13.0
81,Q-Learning,D29,"(15, 8)",36,27.0
81,Q-Learning,D30,"(88, 61)",30,27.0
81,Q-Learning,D31,"(93, 16)",27,21.0
81,Q-Learning,D32,"(82, 18)",25,30.0
81,Q-Learning,D34,"(76, 83)",25,21.0
81,Q-Learning,D35,"(59, 62)",23,15.0
81,Q-Learning,D37,"(8, 35)",9,14.0
81,Q-Learning,D38,"(64, 73)",13,12.0
81,Q-Learning,D39,"(7, 24)",9,28.0
81,Q-Learning,D40,"(17, 39)",8,23.0
82,Greedy,D20,"(37, 79)",44,16.0
82,Greedy,D21,"(18, 19)",46,23.0
82,Greedy,D22,"(66, 24)",48,17.0
82,Greedy,D24,"(54, 30)",44,11.0
82,Greedy,D25,"(29, 75)",41,13.0
82,Greedy,D26,"(67, 82)",45,13.0
82,Greedy,D27,"(11, 39)",44,16.0
82,Greedy,D28,"(36, 78)",41,11.0
82,Greedy,D29,"(15, 8)",37,27.0
82,Greedy,D30,"(88, 61)",31,27.0
82,Greedy,D31,"(93, 16)",28,21.0
82,Greedy,D32,"(82, 18)",26,30.0
82,Greedy,D33,"(65, 2)",28,15.0
82,Greedy,D34,"(76, 83)",26,21.0
82,Greedy,D35,"(59, 62)",24,15.0
82,Greedy,D36,"(69, 58)",21,15.0
82,Greedy,D37,"(8, 35)",10,14.0
82,Greedy,D38,"(64, 73)",14,12.0
82,Greedy,D39,"(7, 24)",10,28.0
82,Greedy,D40,"(17, 39)",9,23.0
82,Greedy,D41,"(50, 90)",3,29.0
82,Auction,D17,"(4, 2)",57,28.0
82,Auction,D21,"(18, 19)",46,23.0
82,Auction,D27,"(11, 39)",44,16.0
82,Auction,D29,"(15, 8)",37,27.0
82,Auction,D30,"(88, 61)",31,27.0
82,Auction,D31,"(93, 16)",28,21.0
82,Auction,D32,"(82, 18)",26,30.0
82,Auction,D34,"(76, 83)",26,21.0
82,Auction,D35,"(59, 62)",24,15.0
82,Auction,D36,"(69, 58)",21,15.0
82,Auction,D37,"(8, 35)",10,14.0
82,Auction,D38,"(64, 73)",14,12.0
82,Auction,D39,"(7, 24)",10,28.0
82,Auction,D40,"(17, 39)",9,23.0
82,Auction,D41,"(50, 90)",3,29.0
82,Q-Learning,D17,"(4, 2)",57,28.0
82,Q-Learning,D18,"(63, 85)",54,23.0
82,Q-Learning,D20,"(37, 79)",44,16.0
82,Q-Learning,D21,"(18, 19)",46,23.0
82,Q-Learning,D25,"(29, 75)",41,13.0
82,Q-Learning,D29,"(15, 8)",37,27.0
82,Q-Learning,D30,"(88, 61)",31,27.0
82,Q-Learning,D31,"(93, 16)",28,21.0
82,Q-Learning,D32,"(82, 18)",26,30.0
82,Q-Learning,D34,"(76, 83)",26,21.0
82,Q-Learning,D35,"(59, 62)",24,15.0
82,Q-Learning,D37,"(8, 35)",10,14.0
82,Q-Learning,D38,"(64, 73)",14,12.0
82,Q-Learning,D39,"(7, 24)",10,28.0
82,Q-Learning,D40,"(17, 39)",9,23.0
82,Q-Learning,D41,"(50, 90)",3,29.0
83,Greedy,D20,"(37, 79)",45,16.0
83,Greedy,D21,"(18, 19)",47,23.0
83,Greedy,D22,"(66, 24)",49,17.0
83,Greedy,D24,"(54, 30)",45,11.0
83,Greedy,D25,"(29, 75)",42,13.0
83,Greedy,D26,"(67, 82)",46,13.0
83,Greedy,D27,"(11, 39)",45,16.0
83,Greedy,D28,"(36, 78)",42,11.0
83,Greedy,D29,"(15, 8)",38,27.0
83,Greedy,D30,"(88, 61)",32,27.0
83,Greedy,D31,"(93, 16)",29,21.0
83,Greedy,D32,"(82, 18)",27,30.0
83,Greedy,D33,"(65, 2)",29,15.0
83,Greedy,D34,"(76, 83)",27,21.0
83,Greedy,D35,"(59, 62)",25,15.0
83,Greedy,D36,"(69, 58)",22,15.0
83,Greedy,D37,"(8, 35)",11,14.0
83,Greedy,D38,"(64, 73)",15,12.0
83,Greedy,D39,"(7, 24)",11,28.0
83,Greedy,D40,"(17, 39)",10,23.0
83,Greedy,D41,"(50, 90)",4,29.0
83,Greedy,D42,"(1, 46)",10,11.0
83,Auction,D17,"(4, 2)",58,28.0
83,Auction,D21,"(18, 19)",47,23.0
83,Auction,D27,"(11, 39)",45,16.0
83,Auction,D29,"(15, 8)",38,27.0
83,Auction,D30,"(88, 61)",32,27.0
83,Auction,D31,"(93, 16)",29,21.0
83,Auction,D32,"(82, 18)",27,30.0
83,Auction,D34,"(76, 83)",27,21.0
83,Auction,D35,"(59, 62)",25,15.0
83,Auction,D36,"(69, 58)",22,15.0
83,Auction,D37,"(8, 35)",11,14.0
83,Auction,D38,"(64, 73)",15,12.0
83,Auction,D39,"(7, 24)",11,28.0
83,Auction,D40,"(17, 39)",10,23.0
83,Auction,D41,"(50, 90)",4,29.0
83,Auction,D42,"(1, 46)",10,11.0
83,Q-Learning,D17,"(4, 2)",58,28.0
83,Q-Learning,D18,"(63, 85)",55,23.0
83,Q-Learning,D20,"(37, 79)",45,16.0
83,Q-Learning,D21,"(18, 19)",47,23.0
83,Q-Learning,D25,"(29, 75)",42,13.0
83,Q-Learning,D29,"(15, 8)",38,27.0
83,Q-Learning,D30,"(88, 61)",32,27.0
83,Q-Learning,D31,"(93, 16)",29,21.0
83,Q-Learning,D32,"(82, 18)",27,30.0
83,Q-Learning,D34,"(76, 83)",27,21.0
83,Q-Learning,D35,"(59, 62)",25,15.0
83,Q-Learning,D37,"(8, 35)",11,14.0
83,Q-Learning,D38,"(64, 73)",15,12.0
83,Q-Learning,D39,"(7, 24)",11,28.0
83,Q-Learning,D40,"(17, 39)",10,23.0
83,Q-Learning,D41,"(50, 90)",4,29.0
83,Q-Learning,D42,"(1, 46)",10,11.0
84,Greedy,D20,"(37, 79)",46,16.0
84,Greedy,D21,"(18, 19)",48,23.0
84,Greedy,D22,"(66, 24)",50,17.0
84,Greedy,D24,"(54, 30)",46,11.0
84,Greedy,D25,"(29, 75)",43,13.0
84,Greedy,D26,"(67, 82)",47,13.0
84,Greedy,D27,"(11, 39)",46,16.0
84,Greedy,D28,"(36, 78)",43,11.0
84,Greedy,D29,"(15, 8)",39,27.0
84,Greedy,D30,"(88, 61)",33,27.0
84,Greedy,D31,"(93, 16)",30,21.0
84,Greedy,D32,"(82, 18)",28,30.0
84,Greedy,D33,"(65, 2)",30,15.0
84,Greedy,D34,"(76, 83)",28,21.0
84,Greedy,D35,"(59, 62)",26,15.0
84,Greedy,D36,"(69, 58)",23,15.0
84,Greedy,D37,"(8, 35)",12,14.0
84,Greedy,D38,"(64, 73)",16,12.0
84,Greedy,D39,"(7, 24)",12,28.0
84,Greedy,D40,"(17, 39)",11,23.0
84,Greedy,D41,"(50, 90)",5,29.0
84,Greedy,D42,"(1, 46)",11,11.0
84,Auction,D17,"(4, 2)",59,28.0
84,Auction,D21,"(18, 19)",48,23.0
84,Auction,D27,"(11, 39)",46,16.0
84,Auction,D29,"(15, 8)",39,27.0
84,Auction,D30,"(88, 61)",33,27.0
84,Auction,D31,"(93, 16)",30,21.0
84,Auction,D32,"(82, 18)",28,30.0
84,Auction,D34,"(76, 83)",28,21.0
84,Auction,D35,"(59, 62)",26,15.0
84,Auction,D36,"(69, 58)",23,15.0
84,Auction,D37,"(8, 35)",12,14.0
84,Auction,D38,"(64, 73)",16,12.0
84,Auction,D39,"(7, 24)",12,28.0
84,Auction,D40,"(17, 39)",11,23.0
84,Auction,D41,"(50, 90)",5,29.0
84,Auction,D42,"(1, 46)",11,11.0
84,Q-Learning,D17,"(4, 2)",59,28.0
84,Q-Learning,D18,"(63, 85)",56,23.0
84,Q-Learning,D20,"(37, 79)",46,16.0
84,Q-Learning,D21,"(18, 19)",48,23.0
84,Q-Learning,D25,"(29, 75)",43,13.0
84,Q-Learning,D29,"(15, 8)",39,27.0
84,Q-Learning,D30,"(88, 61)",33,27.0
84,Q-Learning,D31,"(93, 16)",30,21.0
84,Q-Learning,D32,"(82, 18)",28,30.0
84,Q-Learning,D34,"(76, 83)",28,21.0
84,Q-Learning,D35,"(59, 62)",26,15.0
84,Q-Learning,D37,"(8, 35)",12,14.0
84,Q-Learning,D38,"(64, 73)",16,12.0
84,Q-Learning,D39,"(7, 24)",12,28.0
84,Q-Learning,D40,"(17, 39)",11,23.0
84,Q-Learning,D41,"(50, 90)",5,29.0
84,Q-Learning,D42,"(1, 46)",11,11.0
85,Greedy,D20,"(37, 79)",47,16.0
85,Greedy,D21,"(18, 19)",49,23.0
85,Greedy,D22,"(66, 24)",51,17.0
85,Greedy,D24,"(54, 30)",47,11.0
85,Greedy,D25,"(29, 75)",44,13.0
85,Greedy,D26,"(67, 82)",48,13.0
85,Greedy,D27,"(11, 39)",47,16.0
85,Greedy,D28,"(36, 78)",44,11.0
85,Greedy,D29,"(15, 8)",40,27.0
85,Greedy,D30,"(88, 61)",34,27.0
85,Greedy,D31,"(93, 16)",31,21.0
85,Greedy,D32,"(82, 18)",29,30.0
85,Greedy,D33,"(65, 2)",31,15.0
85,Greedy,D34,"(76, 83)",29,21.0
85,Greedy,D35,"(59, 62)",27,15.0
85,Greedy,D36,"(69, 58)",24,15.0
85,Greedy,D37,"(8, 35)",13,14.0
85,Greedy,D38,"(64, 73)",17,12.0
85,Greedy,D39,"(7, 24)",13,28.0
85,Greedy,D40,"(17, 39)",12,23.0
85,Greedy,D41,"(50, 90)",6,29.0
85,Greedy,D42,"(1, 46)",12,11.0
85,Greedy,D43,"(44, 30)",1,23.0
85,Auction,D17,"(4, 2)",60,28.0
85,Auction,D21,"(18, 19)",49,23.0
85,Auction,D27,"(11, 39)",47,16.0
85,Auction,D29,"(15, 8)",40,27.0
85,Auction,D30,"(88, 61)",34,27.0
85,Auction,D31,"(93, 16)",31,21.0
85,Auction,D32,"(82, 18)",29,30.0
85,Auction,D34,"(76, 83)",29,21.0
85,Auction,D35,"(59, 62)",27,15.0
85,Auction,D36,"(69, 58)",24,15.0
85,Auction,D37,"(8, 35)",13,14.0
85,Auction,D38,"(64, 73)",17,12.0
85,Auction,D39,"(7, 24)",13,28.0
85,Auction,D40,"(17, 39)",12,23.0
85,Auction,D41,"(50, 90)",6,29.0
85,Auction,D42,"(1, 46)",12,11.0
85,Auction,D43,"(44, 30)",1,23.0
85,Q-Learning,D17,"(4, 2)",60,28.0
85,Q-Learning,D18,"(63, 85)",57,23.0
85,Q-Learning,D20,"(37, 79)",47,16.0
85,Q-Learning,D21,"(18, 19)",49,23.0
85,Q-Learning,D25,"(29, 75)",44,13.0
85,Q-Learning,D29,"(15, 8)",40,27.0
85,Q-Learning,D30,"(88, 61)",34,27.0
85,Q-Learning,D31,"(93, 16)",31,21.0
85,Q-Learning,D32,"(82, 18)",29,30.0
85,Q-Learning,D34,"(76, 83)",29,21.0
85,Q-Learning,D35,"(59, 62)",27,15.0
85,Q-Learning,D37,"(8, 35)",13,14.0
85,Q-Learning,D38,"(64, 73)",17,12.0
85,Q-Learning,D39,"(7, 24)",13,28.0
85,Q-Learning,D40,"(17, 39)",12,23.0
85,Q-Learning,D41,"(50, 90)",6,29.0
85,Q-Learning,D42,"(1, 46)",12,11.0
85,Q-Learning,D43,"(44, 30)",1,23.0
86,Greedy,D20,"(37, 79)",48,16.0
86,Greedy,D21,"(18, 19)",50,23.0
86,Greedy,D22,"(66, 24)",52,17.0
86,Greedy,D24,"(54, 30)",48,11.0
86,Greedy,D25,"(29, 75)",45,13.0
86,Greedy,D26,"(67, 82)",49,13.0
86,Greedy,D27,"(11, 39)",48,16.0
86,Greedy,D28,"(36, 78)",45,11.0
86,Greedy,D29,"(15, 8)",41,27.0
86,Greedy,D30,"(88, 61)",35,27.0
86,Greedy,D31,"(93, 16)",32,21.0
86,Greedy,D32,"(82, 18)",30,30.0
86,Greedy,D33,"(65, 2)",32,15.0
86,Greedy,D34,"(76, 83)",30,21.0
86,Greedy,D35,"(59, 62)",28,15.0
86,Greedy,D36,"(69, 58)",25,15.0
86,Greedy,D37,"(8, 35)",14,14.0
86,Greedy,D38,"(64, 73)",18,12.0
86,Greedy,D39,"(7, 24)",14,28.0
86,Greedy,D40,"(17, 39)",13,23.0
86,Greedy,D41,"(50, 90)",7,29.0
86,Greedy,D42,"(1, 46)",13,11.0
86,Greedy,D43,"(44, 30)",2,23.0
86,Greedy,D44,"(38, 35)",8,29.0
86,Auction,D17,"(4, 2)",61,28.0
86,Auction,D21,"(18, 19)",50,23.0
86,Auction,D27,"(11, 39)",48,16.0
86,Auction,D29,"(15, 8)",41,27.0
86,Auction,D30,"(88, 61)",35,27.0
86,Auction,D31,"(93, 16)",32,21.0
86,Auction,D32,"(82, 18)",30,30.0
86,Auction,D34,"(76, 83)",30,21.0
86,Auction,D35,"(59, 62)",28,15.0
86,Auction,D36,"(69, 58)",25,15.0
86,Auction,D37,"(8, 35)",14,14.0
86,Auction,D38,"(64, 73)",18,12.0
86,Auction,D39,"(7, 24)",14,28.0
86,Auction,D40,"(17, 39)",13,23.0
86,Auction,D41,"(50, 90)",7,29.0
86,Auction,D42,"(1, 46)",13,11.0
86,Auction,D43,"(44, 30)",2,23.0
86,Auction,D44,"(38, 35)",8,29.0
86,Q-Learning,D17,"(4, 2)",61,28.0
86,Q-Learning,D18,"(63, 85)",58,23.0
86,Q-Learning,D20,"(37, 79)",48,16.0
86,Q-Learning,D21,"(18, 19)",50,23.0
86,Q-Learning,D25,"(29, 75)",45,13.0
86,Q-Learning,D29,"(15, 8)",41,27.0
86,Q-Learning,D30,"(88, 61)",35,27.0
86,Q-Learning,D31,"(93, 16)",32,21.0
86,Q-Learning,D32,"(82, 18)",30,30.0
86,Q-Learning,D34,"(76, 83)",30,21.0
86,Q-Learning,D35,"(59, 62)",28,15.0
86,Q-Learning,D37,"(8, 35)",14,14.0
86,Q-Learning,D38,"(64, 73)",18,12.0
86,Q-Learning,D39,"(7, 24)",14,28.0
86,Q-Learning,D40,"(17, 39)",13,23.0
86,Q-Learning,D41,"(50, 90)",7,29.0
86,Q-Learning,D42,"(1, 46)",13,11.0
86,Q-Learning,D43,"(44, 30)",2,23.0
86,Q-Learning,D44,"(38, 35)",8,29.0
87,Greedy,D20,"(37, 79)",49,16.0
87,Greedy,D21,"(18, 19)",51,23.0
87,Greedy,D22,"(66, 24)",53,17.0
87,Greedy,D24,"(54, 30)",49,11.0
87,Greedy,D25,"(29, 75)",46,13.0
87,Greedy,D26,"(67, 82)",50,13.0
87,Greedy,D27,"(11, 39)",49,16.0
87,Greedy,D28,"(36, 78)",46,11.0
87,Greedy,D29,"(15, 8)",42,27.0
87,Greedy,D30,"(88, 61)",36,27.0
87,Greedy,D31,"(93, 16)",33,21.0
87,Greedy,D32,"(82, 18)",31,30.0
87,Greedy,D33,"(65, 2)",33,15.0
87,Greedy,D34,"(76, 83)",31,21.0
87,Greedy,D35,"(59, 62)",29,15.0
87,Greedy,D36,"(69, 58)",26,15.0
87,Greedy,D37,"(8, 35)",15,14.0
87,Greedy,D38,"(64, 73)",19,12.0
87,Greedy,D39,"(7, 24)",15,28.0
87,Greedy,D40,"(17, 39)",14,23.0
87,Greedy,D41,"(50, 90)",8,29.0
87,Greedy,D42,"(1, 46)",14,11.0
87,Greedy,D43,"(44, 30)",3,23.0
87,Greedy,D44,"(38, 35)",9,29.0
87,Greedy,D45,"(92, 83)",1,23.0
87,Auction,D17,"(4, 2)",62,28.0
87,Auction,D21,"(18, 19)",51,23.0
87,Auction,D27,"(11, 39)",49,16.0
87,Auction,D29,"(15, 8)",42,27.0
87,Auction,D30,"(88, 61)",36,27.0
87,Auction,D31,"(93, 16)",33,21.0
87,Auction,D32,"(82, 18)",31,30.0
87,Auction,D34,"(76, 83)",31,21.0
87,Auction,D35,"(59, 62)",29,15.0
87,Auction,D36,"(69, 58)",26,15.0
87,Auction,D37,"(8, 35)",15,14.0
87,Auction,D38,"(64, 73)",19,12.0
87,Auction,D39,"(7, 24)",15,28.0
87,Auction,D40,"(17, 39)",14,23.0
87,Auction,D41,"(50, 90)",8,29.0
87,Auction,D42,"(1, 46)",14,11.0
87,Auction,D43,"(44, 30)",3,23.0
87,Auction,D44,"(38, 35)",9,29.0
87,Auction,D45,"(92, 83)",1,23.0
87,Q-Learning,D17,"(4, 2)",62,28.0
87,Q-Learning,D18,"(63, 85)",59,23.0
87,Q-Learning,D20,"(37, 79)",49,16.0
87,Q-Learning,D21,"(18, 19)",51,23.0
87,Q-Learning,D25,"(29, 75)",46,13.0
87,Q-Learning,D29,"(15, 8)",42,27.0
87,Q-Learning,D30,"(88, 61)",36,27.0
87,Q-Learning,D31,"(93, 16)",33,21.0
87,Q-Learning,D32,"(82, 18)",31,30.0
87,Q-Learning,D34,"(76, 83)",31,21.0
87,Q-Learning,D35,"(59, 62)",29,15.0
87,Q-Learning,D37,"(8, 35)",15,14.0
87,Q-Learning,D38,"(64, 73)",19,12.0
87,Q-Learning,D39,"(7, 24)",15,28.0
87,Q-Learning,D40,"(17, 39)",14,23.0
87,Q-Learning,D41,"(50, 90)",8,29.0
87,Q-Learning,D42,"(1, 46)",14,11.0
87,Q-Learning,D43,"(44, 30)",3,23.0
87,Q-Learning,D44,"(38, 35)",9,29.0
87,Q-Learning,D45,"(92, 83)",1,23.0
88,Greedy,D20,"(37, 79)",50,16.0
88,Greedy,D21,"(18, 19)",52,23.0
88,Greedy,D22,"(66, 24)",54,17.0
88,Greedy,D24,"(54, 30)",50,11.0
88,Greedy,D25,"(29, 75)",47,13.0
88,Greedy,D26,"(67, 82)",51,13.0
88,Greedy,D27,"(11, 39)",50,16.0
88,Greedy,D28,"(36, 78)",47,11.0
88,Greedy,D29,"(15, 8)",43,27.0
88,Greedy,D30,"(88, 61)",37,27.0
88,Greedy,D31,"(93, 16)",34,21.0
88,Greedy,D32,"(82, 18)",32,30.0
88,Greedy,D33,"(65, 2)",34,15.0
88,Greedy,D34,"(76, 83)",32,21.0
88,Greedy,D35,"(59, 62)",30,15.0
88,Greedy,D36,"(69, 58)",27,15.0
88,Greedy,D37,"(8, 35)",16,14.0
88,Greedy,D38,"(64, 73)",20,12.0
88,Greedy,D39,"(7, 24)",16,28.0
88,Greedy,D40,"(17, 39)",15,23.0
88,Greedy,D41,"(50, 90)",9,29.0
88,Greedy,D42,"(1, 46)",15,11.0
88,Greedy,D43,"(44, 30)",4,23.0
88,Greedy,D44,"(38, 35)",10,29.0
88,Greedy,D45,"(92, 83)",2,23.0
88,Greedy,D46,"(54, 4)",7,11.0
88,Auction,D17,"(4, 2)",63,28.0
88,Auction,D21,"(18, 19)",52,23.0
88,Auction,D27,"(11, 39)",50,16.0
88,Auction,D29,"(15, 8)",43,27.0
88,Auction,D30,"(88, 61)",37,27.0
88,Auction,D31,"(93, 16)",34,21.0
88,Auction,D32,"(82, 18)",32,30.0
88,Auction,D34,"(76, 83)",32,21.0
88,Auction,D35,"(59, 62)",30,15.0
88,Auction,D36,"(69, 58)",27,15.0
88,Auction,D37,"(8, 35)",16,14.0
88,Auction,D38,"(64, 73)",20,12.0
88,Auction,D39,"(7, 24)",16,28.0
88,Auction,D40,"(17, 39)",15,23.0
88,Auction,D41,"(50, 90)",9,29.0
88,Auction,D42,"(1, 46)",15,11.0
88,Auction,D43,"(44, 30)",4,23.0
88,Auction,D44,"(38, 35)",10,29.0
88,Auction,D45,"(92, 83)",2,23.0
88,Auction,D46,"(54, 4)",7,11.0
88,Q-Learning,D17,"(4, 2)",63,28.0
88,Q-Learning,D18,"(63, 85)",60,23.0
88,Q-Learning,D20,"(37, 79)",50,16.0
88,Q-Learning,D21,"(18, 19)",52,23.0
88,Q-Learning,D25,"(29, 75)",47,13.0
88,Q-Learning,D29,"(15, 8)",43,27.0
88,Q-Learning,D30,"(88, 61)",37,27.0
88,Q-Learning,D31,"(93, 16)",34,21.0
88,Q-Learning,D32,"(82, 18)",32,30.0
88,Q-Learning,D34,"(76, 83)",32,21.0
88,Q-Learning,D35,"(59, 62)",30,15.0
88,Q-Learning,D37,"(8, 35)",16,14.0
88,Q-Learning,D38,"(64, 73)",20,12.0
88,Q-Learning,D39,"(7, 24)",16,28.0
88,Q-Learning,D40,"(17, 39)",15,23.0
88,Q-Learning,D41,"(50, 90)",9,29.0
88,Q-Learning,D42,"(1, 46)",15,11.0
88,Q-Learning,D43,"(44, 30)",4,23.0
88,Q-Learning,D44,"(38, 35)",10,29.0
88,Q-Learning,D45,"(92, 83)",2,23.0
88,Q-Learning,D46,"(54, 4)",7,11.0
89,Greedy,D20,"(37, 79)",51,16.0
89,Greedy,D21,"(18, 19)",53,23.0
89,Greedy,D22,"(66, 24)",55,17.0
89,Greedy,D24,"(54, 30)",51,11.0
89,Greedy,D25,"(29, 75)",48,13.0
89,Greedy,D26,"(67, 82)",52,13.0
89,Greedy,D27,"(11, 39)",51,16.0
89,Greedy,D28,"(36, 78)",48,11.0
89,Greedy,D29,"(15, 8)",44,27.0
89,Greedy,D30,"(88, 61)",38,27.0
89,Greedy,D31,"(93, 16)",35,21.0
89,Greedy,D32,"(82, 18)",33,30.0
89,Greedy,D33,"(65, 2)",35,15.0
89,Greedy,D34,"(76, 83)",33,21.0
89,Greedy,D35,"(59, 62)",31,15.0
89,Greedy,D36,"(69, 58)",28,15.0
89,Greedy,D37,"(8, 35)",17,14.0
89,Greedy,D38,"(64, 73)",21,12.0
89,Greedy,D39,"(7, 24)",17,28.0
89,Greedy,D40,"(17, 39)",16,23.0
89,Greedy,D41,"(50, 90)",10,29.0
89,Greedy,D42,"(1, 46)",16,11.0
89,Greedy,D43,"(44, 30)",5,23.0
89,Greedy,D44,"(38, 35)",11,29.0
89,Greedy,D45,"(92, 83)",3,23.0
89,Greedy,D46,"(54, 4)",8,11.0
89,Auction,D17,"(4, 2)",64,28.0
89,Auction,D21,"(18, 19)",53,23.0
89,Auction,D27,"(11, 39)",51,16.0
89,Auction,D29,"(15, 8)",44,27.0
89,Auction,D30,"(88, 61)",38,27.0
89,Auction,D31,"(93, 16)",35,21.0
89,Auction,D32,"(82, 18)",33,30.0
89,Auction,D34,"(76, 83)",33,21.0
89,Auction,D35,"(59, 62)",31,15.0
89,Auction,D36,"(69, 58)",28,15.0
89,Auction,D37,"(8, 35)",17,14.0
89,Auction,D38,"(64, 73)",21,12.0
89,Auction,D39,"(7, 24)",17,28.0
89,Auction,D40,"(17, 39)",16,23.0
89,Auction,D41,"(50, 90)",10,29.0
89,Auction,D42,"(1, 46)",16,11.0
89,Auction,D43,"(44, 30)",5,23.0
89,Auction,D44,"(38, 35)",11,29.0
89,Auction,D45,"(92, 83)",3,23.0
89,Auction,D46,"(54, 4)",8,11.0
89,Q-Learning,D17,"(4, 2)",64,28.0
89,Q-Learning,D18,"(63, 85)",61,23.0
89,Q-Learning,D20,"(37, 79)",51,16.0
89,Q-Learning,D21,"(18, 19)",53,23.0
89,Q-Learning,D25,"(29, 75)",48,13.0
89,Q-Learning,D29,"(15, 8)",44,27.0
89,Q-Learning,D30,"(88, 61)",38,27.0
89,Q-Learning,D31,"(93, 16)",35,21.0
89,Q-Learning,D32,"(82, 18)",33,30.0
89,Q-Learning,D34,"(76, 83)",33,21.0
89,Q-Learning,D35,"(59, 62)",31,15.0
89,Q-Learning,D37,"(8, 35)",17,14.0
89,Q-Learning,D38,"(64, 73)",21,12.0
89,Q-Learning,D39,"(7, 24)",17,28.0
89,Q-Learning,D40,"(17, 39)",16,23.0
89,Q-Learning,D41,"(50, 90)",10,29.0
89,Q-Learning,D42,"(1, 46)",16,11.0
89,Q-Learning,D43,"(44, 30)",5,23.0
89,Q-Learning,D44,"(38, 35)",11,29.0
89,Q-Learning,D45,"(92, 83)",3,23.0
89,Q-Learning,D46,"(54, 4)",8,11.0
90,Greedy,D20,"(37, 79)",52,16.0
90,Greedy,D21,"(18, 19)",54,23.0
90,Greedy,D22,"(66, 24)",56,17.0
90,Greedy,D24,"(54, 30)",52,11.0
90,Greedy,D25,"(29, 75)",49,13.0
90,Greedy,D26,"(67, 82)",53,13.0
90,Greedy,D27,"(11, 39)",52,16.0
90,Greedy,D28,"(36, 78)",49,11.0
90,Greedy,D29,"(15, 8)",45,27.0
90,Greedy,D30,"(88, 61)",39,27.0
90,Greedy,D31,"(93, 16)",36,21.0
90,Greedy,D32,"(82, 18)",34,30.0
90,Greedy,D33,"(65, 2)",36,15.0
90,Greedy,D34,"(76, 83)",34,21.0
90,Greedy,D35,"(59, 62)",32,15.0
90,Greedy,D36,"(69, 58)",29,15.0
90,Greedy,D37,"(8, 35)",18,14.0
90,Greedy,D38,"(64, 73)",22,12.0
90,Greedy,D39,"(7, 24)",18,28.0
90,Greedy,D40,"(17, 39)",17,23.0
90,Greedy,D41,"(50, 90)",11,29.0
90,Greedy,D42,"(1, 46)",17,11.0
90,Greedy,D43,"(44, 30)",6,23.0
90,Greedy,D44,"(38, 35)",12,29.0
90,Greedy,D45,"(92, 83)",4,23.0
90,Greedy,D46,"(54, 4)",9,11.0
90,Auction,D17,"(4, 2)",65,28.0
90,Auction,D21,"(18, 19)",54,23.0
90,Auction,D27,"(11, 39)",52,16.0
90,Auction,D29,"(15, 8)",45,27.0
90,Auction,D30,"(88, 61)",39,27.0
90,Auction,D31,"(93, 16)",36,21.0
90,Auction,D32,"(82, 18)",34,30.0
90,Auction,D34,"(76, 83)",34,21.0
90,Auction,D35,"(59, 62)",32,15.0
90,Auction,D36,"(69, 58)",29,15.0
90,Auction,D37,"(8, 35)",18,14.0
90,Auction,D38,"(64, 73)",22,12.0
90,Auction,D39,"(7, 24)",18,28.0
90,Auction,D40,"(17, 39)",17,23.0
90,Auction,D41,"(50, 90)",11,29.0
90,Auction,D42,"(1, 46)",17,11.0
90,Auction,D43,"(44, 30)",6,23.0
90,Auction,D44,"(38, 35)",12,29.0
90,Auction,D45,"(92, 83)",4,23.0
90,Auction,D46,"(54, 4)",9,11.0
90,Q-Learning,D17,"(4, 2)",65,28.0
90,Q-Learning,D18,"(63, 85)",62,23.0
90,Q-Learning,D20,"(37, 79)",52,16.0
90,Q-Learning,D21,"(18, 19)",54,23.0
90,Q-Learning,D25,"(29, 75)",49,13.0
90,Q-Learning,D29,"(15, 8)",45,27.0
90,Q-Learning,D30,"(88, 61)",39,27.0
90,Q-Learning,D31,"(93, 16)",36,21.0
90,Q-Learning,D32,"(82, 18)",34,30.0
90,Q-Learning,D34,"(76, 83)",34,21.0
90,Q-Learning,D35,"(59, 62)",32,15.0
90,Q-Learning,D37,"(8, 35)",18,14.0
90,Q-Learning,D38,"(64, 73)",22,12.0
90,Q-Learning,D39,"(7, 24)",18,28.0
90,Q-Learning,D40,"(17, 39)",17,23.0
90,Q-Learning,D41,"(50, 90)",11,29.0
90,Q-Learning,D42,"(1, 46)",17,11.0
90,Q-Learning,D43,"(44, 30)",6,23.0
90,Q-Learning,D44,"(38, 35)",12,29.0
90,Q-Learning,D45,"(92, 83)",4,23.0
90,Q-Learning,D46,"(54, 4)",9,11.0
91,Greedy,D20,"(37, 79)",53,16.0
91,Greedy,D21,"(18, 19)",55,23.0
91,Greedy,D22,"(66, 24)",57,17.0
91,Greedy,D24,"(54, 30)",53,11.0
91,Greedy,D25,"(29, 75)",50,13.0
91,Greedy,D26,"(67, 82)",54,13.0
91,Greedy,D27,"(11, 39)",53,16.0
91,Greedy,D28,"(36, 78)",50,11.0
91,Greedy,D29,"(15, 8)",46,27.0
91,Greedy,D30,"(88, 61)",40,27.0
91,Greedy,D31,"(93, 16)",37,21.0
91,Greedy,D32,"(82, 18)",35,30.0
91,Greedy,D33,"(65, 2)",37,15.0
91,Greedy,D34,"(76, 83)",35,21.0
91,Greedy,D35,"(59, 62)",33,15.0
91,Greedy,D36,"(69, 58)",30,15.0
91,Greedy,D37,"(8, 35)",19,14.0
91,Greedy,D38,"(64, 73)",23,12.0
91,Greedy,D39,"(7, 24)",19,28.0
91,Greedy,D40,"(17, 39)",18,23.0
91,Greedy,D41,"(50, 90)",12,29.0
91,Greedy,D42,"(1, 46)",18,11.0
91,Greedy,D43,"(44, 30)",7,23.0
91,Greedy,D44,"(38, 35)",13,29.0
91,Greedy,D45,"(92, 83)",5,23.0
91,Greedy,D46,"(54, 4)",10,11.0
91,Auction,D17,"(4, 2)",66,28.0
91,Auction,D21,"(18, 19)",55,23.0
91,Auction,D27,"(11, 39)",53,16.0
91,Auction,D29,"(15, 8)",46,27.0
91,Auction,D30,"(88, 61)",40,27.0
91,Auction,D31,"(93, 16)",37,21.0
91,Auction,D32,"(82, 18)",35,30.0
91,Auction,D34,"(76, 83)",35,21.0
91,Auction,D35,"(59, 62)",33,15.0
91,Auction,D36,"(69, 58)",30,15.0
91,Auction,D37,"(8, 35)",19,14.0
91,Auction,D38,"(64, 73)",23,12.0
91,Auction,D39,"(7, 24)",19,28.0
91,Auction,D40,"(17, 39)",18,23.0
91,Auction,D41,"(50, 90)",12,29.0
91,Auction,D42,"(1, 46)",18,11.0
91,Auction,D43,"(44, 30)",7,23.0
91,Auction,D44,"(38, 35)",13,29.0
91,Auction,D45,"(92, 83)",5,23.0
91,Auction,D46,"(54, 4)",10,11.0
91,Q-Learning,D17,"(4, 2)",66,28.0
91,Q-Learning,D18,"(63, 85)",63,23.0
91,Q-Learning,D20,"(37, 79)",53,16.0
91,Q-Learning,D21,"(18, 19)",55,23.0
91,Q-Learning,D25,"(29, 75)",50,13.0
91,Q-Learning,D29,"(15, 8)",46,27.0
91,Q-Learning,D30,"(88, 61)",40,27.0
91,Q-Learning,D31,"(93, 16)",37,21.0
91,Q-Learning,D32,"(82, 18)",35,30.0
91,Q-Learning,D34,"(76, 83)",35,21.0
91,Q-Learning,D35,"(59, 62)",33,15.0
91,Q-Learning,D37,"(8, 35)",19,14.0
91,Q-Learning,D38,"(64, 73)",23,12.0
91,Q-Learning,D39,"(7, 24)",19,28.0
91,Q-Learning,D40,"(17, 39)",18,23.0
91,Q-Learning,D41,"(50, 90)",12,29.0
91,Q-Learning,D42,"(1, 46)",18,11.0
91,Q-Learning,D43,"(44, 30)",7,23.0
91,Q-Learning,D44,"(38, 35)",13,29.0
91,Q-Learning,D45,"(92, 83)",5,23.0
91,Q-Learning,D46,"(54, 4)",10,11.0
92,Greedy,D20,"(37, 79)",54,16.0
92,Greedy,D21,"(18, 19)",56,23.0
92,Greedy,D22,"(66, 24)",58,17.0
92,Greedy,D24,"(54, 30)",54,11.0
92,Greedy,D25,"(29, 75)",51,13.0
92,Greedy,D26,"(67, 82)",55,13.0
92,Greedy,D27,"(11, 39)",54,16.0
92,Greedy,D28,"(36, 78)",51,11.0
92,Greedy,D29,"(15, 8)",47,27.0
92,Greedy,D30,"(88, 61)",41,27.0
92,Greedy,D31,"(93, 16)",38,21.0
92,Greedy,D32,"(82, 18)",36,30.0
92,Greedy,D33,"(65, 2)",38,15.0
92,Greedy,D34,"(76, 83)",36,21.0
92,Greedy,D35,"(59, 62)",34,15.0
92,Greedy,D36,"(69, 58)",31,15.0
92,Greedy,D37,"(8, 35)",20,14.0
92,Greedy,D38,"(64, 73)",24,12.0
92,Greedy,D39,"(7, 24)",20,28.0
92,Greedy,D40,"(17, 39)",19,23.0
92,Greedy,D41,"(50, 90)",13,29.0
92,Greedy,D42,"(1, 46)",19,11.0
92,Greedy,D43,"(44, 30)",8,23.0
92,Greedy,D44,"(38, 35)",14,29.0
92,Greedy,D45,"(92, 83)",6,23.0
92,Greedy,D46,"(54, 4)",11,11.0
92,Auction,D17,"(4, 2)",67,28.0
92,Auction,D21,"(18, 19)",56,23.0
92,Auction,D27,"(11, 39)",54,16.0
92,Auction,D29,"(15, 8)",47,27.0
92,Auction,D30,"(88, 61)",41,27.0
92,Auction,D31,"(93, 16)",38,21.0
92,Auction,D32,"(82, 18)",36,30.0
92,Auction,D34,"(76, 83)",36,21.0
92,Auction,D35,"(59, 62)",34,15.0
92,Auction,D36,"(69, 58)",31,15.0
92,Auction,D37,"(8, 35)",20,14.0
92,Auction,D38,"(64, 73)",24,12.0
92,Auction,D39,"(7, 24)",20,28.0
92,Auction,D40,"(17, 39)",19,23.0
92,Auction,D41,"(50, 90)",13,29.0
92,Auction,D42,"(1, 46)",19,11.0
92,Auction,D43,"(44, 30)",8,23.0
92,Auction,D44,"(38, 35)",14,29.0
92,Auction,D45,"(92, 83)",6,23.0
92,Auction,D46,"(54, 4)",11,11.0
92,Q-Learning,D17,"(4, 2)",67,28.0
92,Q-Learning,D18,"(63, 85)",64,23.0
92,Q-Learning,D20,"(37, 79)",54,16.0
92,Q-Learning,D21,"(18, 19)",56,23.0
92,Q-Learning,D25,"(29, 75)",51,13.0
92,Q-Learning,D29,"(15, 8)",47,27.0
92,Q-Learning,D30,"(88, 61)",41,27.0
92,Q-Learning,D31,"(93, 16)",38,21.0
92,Q-Learning,D32,"(82, 18)",36,30.0
92,Q-Learning,D34,"(76, 83)",36,21.0
92,Q-Learning,D35,"(59, 62)",34,15.0
92,Q-Learning,D37,"(8, 35)",20,14.0
92,Q-Learning,D38,"(64, 73)",24,12.0
92,Q-Learning,D39,"(7, 24)",20,28.0
92,Q-Learning,D40,"(17, 39)",19,23.0
92,Q-Learning,D41,"(50, 90)",13,29.0
92,Q-Learning,D42,"(1, 46)",19,11.0
92,Q-Learning,D43,"(44, 30)",8,23.0
92,Q-Learning,D44,"(38, 35)",14,29.0
92,Q-Learning,D45,"(92, 83)",6,23.0
92,Q-Learning,D46,"(54, 4)",11,11.0
93,Greedy,D20,"(37, 79)",55,16.0
93,Greedy,D21,"(18, 19)",57,23.0
93,Greedy,D22,"(66, 24)",59,17.0
93,Greedy,D24,"(54, 30)",55,11.0
93,Greedy,D25,"(29, 75)",52,13.0
93,Greedy,D26,"(67, 82)",56,13.0
93,Greedy,D27,"(11, 39)",55,16.0
93,Greedy,D28,"(36, 78)",52,11.0
93,Greedy,D29,"(15, 8)",48,27.0
93,Greedy,D30,"(88, 61)",42,27.0
93,Greedy,D31,"(93, 16)",39,21.0
93,Greedy,D32,"(82, 18)",37,30.0
93,Greedy,D33,"(65, 2)",39,15.0
93,Greedy,D34,"(76, 83)",37,21.0
93,Greedy,D35,"(59, 62)",35,15.0
93,Greedy,D36,"(69, 58)",32,15.0
93,Greedy,D37,"(8, 35)",21,14.0
93,Greedy,D38,"(64, 73)",25,12.0
93,Greedy,D39,"(7, 24)",21,28.0
93,Greedy,D40,"(17, 39)",20,23.0
93,Greedy,D41,"(50, 90)",14,29.0
93,Greedy,D42,"(1, 46)",20,11.0
93,Greedy,D43,"(44, 30)",9,23.0
93,Greedy,D44,"(38, 35)",15,29.0
93,Greedy,D45,"(92, 83)",7,23.0
93,Greedy,D46,"(54, 4)",12,11.0
93,Greedy,D47,"(6, 1)",3,25.0
93,Auction,D17,"(4, 2)",68,28.0
93,Auction,D21,"(18, 19)",57,23.0
93,Auction,D27,"(11, 39)",55,16.0
93,Auction,D29,"(15, 8)",48,27.0
93,Auction,D30,"(88, 61)",42,27.0
93,Auction,D31,"(93, 16)",39,21.0
93,Auction,D32,"(82, 18)",37,30.0
93,Auction,D34,"(76, 83)",37,21.0
93,Auction,D35,"(59, 62)",35,15.0
93,Auction,D36,"(69, 58)",32,15.0
93,Auction,D37,"(8, 35)",21,14.0
93,Auction,D38,"(64, 73)",25,12.0
93,Auction,D39,"(7, 24)",21,28.0
93,Auction,D40,"(17, 39)",20,23.0
93,Auction,D41,"(50, 90)",14,29.0
93,Auction,D42,"(1, 46)",20,11.0
93,Auction,D43,"(44, 30)",9,23.0
93,Auction,D44,"(38, 35)",15,29.0
93,Auction,D45,"(92, 83)",7,23.0
93,Auction,D46,"(54, 4)",12,11.0
93,Auction,D47,"(6, 1)",3,25.0
93,Q-Learning,D17,"(4, 2)",68,28.0
93,Q-Learning,D18,"(63, 85)",65,23.0
93,Q-Learning,D20,"(37, 79)",55,16.0
93,Q-Learning,D21,"(18, 19)",57,23.0
93,Q-Learning,D25,"(29, 75)",52,13.0
93,Q-Learning,D29,"(15, 8)",48,27.0
93,Q-Learning,D30,"(88, 61)",42,27.0
93,Q-Learning,D31,"(93, 16)",39,21.0
93,Q-Learning,D32,"(82, 18)",37,30.0
93,Q-Learning,D34,"(76, 83)",37,21.0
93,Q-Learning,D35,"(59, 62)",35,15.0
93,Q-Learning,D37,"(8, 35)",21,14.0
93,Q-Learning,D38,"(64, 73)",25,12.0
93,Q-Learning,D39,"(7, 24)",21,28.0
93,Q-Learning,D40,"(17, 39)",20,23.0
93,Q-Learning,D41,"(50, 90)",14,29.0
93,Q-Learning,D42,"(1, 46)",20,11.0
93,Q-Learning,D43,"(44, 30)",9,23.0
93,Q-Learning,D44,"(38, 35)",15,29.0
93,Q-Learning,D45,"(92, 83)",7,23.0
93,Q-Learning,D46,"(54, 4)",12,11.0
93,Q-Learning,D47,"(6, 1)",3,25.0
94,Greedy,D20,"(37, 79)",56,16.0
94,Greedy,D21,"(18, 19)",58,23.0
94,Greedy,D22,"(66, 24)",60,17.0
94,Greedy,D24,"(54, 30)",56,11.0
94,Greedy,D25,"(29, 75)",53,13.0
94,Greedy,D26,"(67, 82)",57,13.0
94,Greedy,D27,"(11, 39)",56,16.0
94,Greedy,D28,"(36, 78)",53,11.0
94,Greedy,D29,"(15, 8)",49,27.0
94,Greedy,D30,"(88, 61)",43,27.0
94,Greedy,D31,"(93, 16)",40,21.0
94,Greedy,D32,"(82, 18)",38,30.0
94,Greedy,D33,"(65, 2)",40,15.0
94,Greedy,D34,"(76, 83)",38,21.0
94,Greedy,D35,"(59, 62)",36,15.0
94,Greedy,D36,"(69, 58)",33,15.0
94,Greedy,D37,"(8, 35)",22,14.0
94,Greedy,D38,"(64, 73)",26,12.0
94,Greedy,D39,"(7, 24)",22,28.0
94,Greedy,D40,"(17, 39)",21,23.0
94,Greedy,D41,"(50, 90)",15,29.0
94,Greedy,D42,"(1, 46)",21,11.0
94,Greedy,D43,"(44, 30)",10,23.0
94,Greedy,D44,"(38, 35)",16,29.0
94,Greedy,D45,"(92, 83)",8,23.0
94,Greedy,D46,"(54, 4)",13,11.0
94,Greedy,D47,"(6, 1)",4,25.0
94,Auction,D17,"(4, 2)",69,28.0
94,Auction,D21,"(18, 19)",58,23.0
94,Auction,D27,"(11, 39)",56,16.0
94,Auction,D29,"(15, 8)",49,27.0
94,Auction,D30,"(88, 61)",43,27.0
94,Auction,D31,"(93, 16)",40,21.0
94,Auction,D32,"(82, 18)",38,30.0
94,Auction,D34,"(76, 83)",38,21.0
94,Auction,D35,"(59, 62)",36,15.0
94,Auction,D36,"(69, 58)",33,15.0
94,Auction,D37,"(8, 35)",22,14.0
94,Auction,D38,"(64, 73)",26,12.0
94,Auction,D39,"(7, 24)",22,28.0
94,Auction,D40,"(17, 39)",21,23.0
94,Auction,D41,"(50, 90)",15,29.0
94,Auction,D42,"(1, 46)",21,11.0
94,Auction,D43,"(44, 30)",10,23.0
94,Auction,D44,"(38, 35)",16,29.0
94,Auction,D45,"(92, 83)",8,23.0
94,Auction,D46,"(54, 4)",13,11.0
94,Auction,D47,"(6, 1)",4,25.0
94,Q-Learning,D17,"(4, 2)",69,28.0
94,Q-Learning,D18,"(63, 85)",66,23.0
94,Q-Learning,D20,"(37, 79)",56,16.0
94,Q-Learning,D21,"(18, 19)",58,23.0
94,Q-Learning,D25,"(29, 75)",53,13.0
94,Q-Learning,D29,"(15, 8)",49,27.0
94,Q-Learning,D30,"(88, 61)",43,27.0
94,Q-Learning,D31,"(93, 16)",40,21.0
94,Q-Learning,D32,"(82, 18)",38,30.0
94,Q-Learning,D34,"(76, 83)",38,21.0
94,Q-Learning,D35,"(59, 62)",36,15.0
94,Q-Learning,D37,"(8, 35)",22,14.0
94,Q-Learning,D38,"(64, 73)",26,12.0
94,Q-Learning,D39,"(7, 24)",22,28.0
94,Q-Learning,D40,"(17, 39)",21,23.0
94,Q-Learning,D41,"(50, 90)",15,29.0
94,Q-Learning,D42,"(1, 46)",21,11.0
94,Q-Learning,D43,"(44, 30)",10,23.0
94,Q-Learning,D44,"(38, 35)",16,29.0
94,Q-Learning,D45,"(92, 83)",8,23.0
94,Q-Learning,D46,"(54, 4)",13,11.0
94,Q-Learning,D47,"(6, 1)",4,25.0
95,Greedy,D20,"(37, 79)",57,16.0
95,Greedy,D21,"(18, 19)",59,23.0
95,Greedy,D22,"(66, 24)",61,17.0
95,Greedy,D24,"(54, 30)",57,11.0
95,Greedy,D25,"(29, 75)",54,13.0
95,Greedy,D26,"(67, 82)",58,13.0
95,Greedy,D27,"(11, 39)",57,16.0
95,Greedy,D28,"(36, 78)",54,11.0
95,Greedy,D29,"(15, 8)",50,27.0
95,Greedy,D30,"(88, 61)",44,27.0
95,Greedy,D31,"(93, 16)",41,21.0
95,Greedy,D32,"(82, 18)",39,30.0
95,Greedy,D33,"(65, 2)",41,15.0
95,Greedy,D34,"(76, 83)",39,21.0
95,Greedy,D35,"(59, 62)",37,15.0
95,Greedy,D36,"(69, 58)",34,15.0
95,Greedy,D37,"(8, 35)",23,14.0
95,Greedy,D38,"(64, 73)",27,12.0
95,Greedy,D39,"(7, 24)",23,28.0
95,Greedy,D40,"(17, 39)",22,23.0
95,Greedy,D41,"(50, 90)",16,29.0
95,Greedy,D42,"(1, 46)",22,11.0
95,Greedy,D43,"(44, 30)",11,23.0
95,Greedy,D44,"(38, 35)",17,29.0
95,Greedy,D45,"(92, 83)",9,23.0
95,Greedy,D46,"(54, 4)",14,11.0
95,Greedy,D47,"(6, 1)",5,25.0
95,Greedy,D48,"(49, 58)",2,20.0
95,Auction,D17,"(4, 2)",70,28.0
95,Auction,D21,"(18, 19)",59,23.0
95,Auction,D27,"(11, 39)",57,16.0
95,Auction,D29,"(15, 8)",50,27.0
95,Auction,D30,"(88, 61)",44,27.0
95,Auction,D31,"(93, 16)",41,21.0
95,Auction,D32,"(82, 18)",39,30.0
95,Auction,D34,"(76, 83)",39,21.0
95,Auction,D35,"(59, 62)",37,15.0
95,Auction,D36,"(69, 58)",34,15.0
95,Auction,D37,"(8, 35)",23,14.0
95,Auction,D38,"(64, 73)",27,12.0
95,Auction,D39,"(7, 24)",23,28.0
95,Auction,D40,"(17, 39)",22,23.0
95,Auction,D41,"(50, 90)",16,29.0
95,Auction,D42,"(1, 46)",22,11.0
95,Auction,D43,"(44, 30)",11,23.0
95,Auction,D44,"(38, 35)",17,29.0
95,Auction,D45,"(92, 83)",9,23.0
95,Auction,D46,"(54, 4)",14,11.0
95,Auction,D47,"(6, 1)",5,25.0
95,Auction,D48,"(49, 58)",2,20.0
95,Q-Learning,D17,"(4, 2)",70,28.0
95,Q-Learning,D18,"(63, 85)",67,23.0
95,Q-Learning,D20,"(37, 79)",57,16.0
95,Q-Learning,D21,"(18, 19)",59,23.0
95,Q-Learning,D25,"(29, 75)",54,13.0
95,Q-Learning,D29,"(15, 8)",50,27.0
95,Q-Learning,D30,"(88, 61)",44,27.0
95,Q-Learning,D31,"(93, 16)",41,21.0
95,Q-Learning,D32,"(82, 18)",39,30.0
95,Q-Learning,D34,"(76, 83)",39,21.0
95,Q-Learning,D35,"(59, 62)",37,15.0
95,Q-Learning,D37,"(8, 35)",23,14.0
95,Q-Learning,D38,"(64, 73)",27,12.0
95,Q-Learning,D39,"(7, 24)",23,28.0
95,Q-Learning,D40,"(17, 39)",22,23.0
95,Q-Learning,D41,"(50, 90)",16,29.0
95,Q-Learning,D42,"(1, 46)",22,11.0
95,Q-Learning,D43,"(44, 30)",11,23.0
95,Q-Learning,D44,"(38, 35)",17,29.0
95,Q-Learning,D45,"(92, 83)",9,23.0
95,Q-Learning,D46,"(54, 4)",14,11.0
95,Q-Learning,D47,"(6, 1)",5,25.0
95,Q-Learning,D48,"(49, 58)",2,20.0
96,Greedy,D20,"(37, 79)",58,16.0
96,Greedy,D21,"(18, 19)",60,23.0
96,Greedy,D22,"(66, 24)",62,17.0
96,Greedy,D24,"(54, 30)",58,11.0
96,Greedy,D25,"(29, 75)",55,13.0
96,Greedy,D26,"(67, 82)",59,13.0
96,Greedy,D27,"(11, 39)",58,16.0
96,Greedy,D28,"(36, 78)",55,11.0
96,Greedy,D29,"(15, 8)",51,27.0
96,Greedy,D30,"(88, 61)",45,27.0
96,Greedy,D31,"(93, 16)",42,21.0
96,Greedy,D32,"(82, 18)",40,30.0
96,Greedy,D33,"(65, 2)",42,15.0
96,Greedy,D34,"(76, 83)",40,21.0
96,Greedy,D35,"(59, 62)",38,15.0
96,Greedy,D36,"(69, 58)",35,15.0
96,Greedy,D37,"(8, 35)",24,14.0
96,Greedy,D38,"(64, 73)",28,12.0
96,Greedy,D39,"(7, 24)",24,28.0
96,Greedy,D40,"(17, 39)",23,23.0
96,Greedy,D41,"(50, 90)",17,29.0
96,Greedy,D42,"(1, 46)",23,11.0
96,Greedy,D43,"(44, 30)",12,23.0
96,Greedy,D44,"(38, 35)",18,29.0
96,Greedy,D45,"(92, 83)",10,23.0
96,Greedy,D46,"(54, 4)",15,11.0
96,Greedy,D47,"(6, 1)",6,25.0
96,Greedy,D48,"(49, 58)",3,20.0
96,Greedy,D49,"(96, 92)",7,17.0
96,Auction,D17,"(4, 2)",71,28.0
96,Auction,D21,"(18, 19)",60,23.0
96,Auction,D27,"(11, 39)",58,16.0
96,Auction,D29,"(15, 8)",51,27.0
96,Auction,D30,"(88, 61)",45,27.0
96,Auction,D31,"(93, 16)",42,21.0
96,Auction,D32,"(82, 18)",40,30.0
96,Auction,D34,"(76, 83)",40,21.0
96,Auction,D35,"(59, 62)",38,15.0
96,Auction,D36,"(69, 58)",35,15.0
96,Auction,D37,"(8, 35)",24,14.0
96,Auction,D38,"(64, 73)",28,12.0
96,Auction,D39,"(7, 24)",24,28.0
96,Auction,D40,"(17, 39)",23,23.0
96,Auction,D41,"(50, 90)",17,29.0
96,Auction,D42,"(1, 46)",23,11.0
96,Auction,D43,"(44, 30)",12,23.0
96,Auction,D44,"(38, 35)",18,29.0
96,Auction,D45,"(92, 83)",10,23.0
96,Auction,D46,"(54, 4)",15,11.0
96,Auction,D47,"(6, 1)",6,25.0
96,Auction,D48,"(49, 58)",3,20.0
96,Auction,D49,"(96, 92)",7,17.0
96,Q-Learning,D17,"(4, 2)",71,28.0
96,Q-Learning,D18,"(63, 85)",68,23.0
96,Q-Learning,D20,"(37, 79)",58,16.0
96,Q-Learning,D21,"(18, 19)",60,23.0
96,Q-Learning,D25,"(29, 75)",55,13.0
96,Q-Learning,D29,"(15, 8)",51,27.0
96,Q-Learning,D30,"(88, 61)",45,27.0
96,Q-Learning,D31,"(93, 16)",42,21.0
96,Q-Learning,D32,"(82, 18)",40,30.0
96,Q-Learning,D34,"(76, 83)",40,21.0
96,Q-Learning,D35,"(59, 62)",38,15.0
96,Q-Learning,D37,"(8, 35)",24,14.0
96,Q-Learning,D38,"(64, 73)",28,12.0
96,Q-Learning,D39,"(7, 24)",24,28.0
96,Q-Learning,D40,"(17, 39)",23,23.0
96,Q-Learning,D41,"(50, 90)",17,29.0
96,Q-Learning,D42,"(1, 46)",23,11.0
96,Q-Learning,D43,"(44, 30)",12,23.0
96,Q-Learning,D44,"(38, 35)",18,29.0
96,Q-Learning,D45,"(92, 83)",10,23.0
96,Q-Learning,D46,"(54, 4)",15,11.0
96,Q-Learning,D47,"(6, 1)",6,25.0
96,Q-Learning,D48,"(49, 58)",3,20.0
96,Q-Learning,D49,"(96, 92)",7,17.0
97,Greedy,D20,"(37, 79)",59,16.0
97,Greedy,D21,"(18, 19)",61,23.0
97,Greedy,D22,"(66, 24)",63,17.0
97,Greedy,D24,"(54, 30)",59,11.0
97,Greedy,D25,"(29, 75)",56,13.0
97,Greedy,D26,"(67, 82)",60,13.0
97,Greedy,D27,"(11, 39)",59,16.0
97,Greedy,D28,"(36, 78)",56,11.0
97,Greedy,D29,"(15, 8)",52,27.0
97,Greedy,D30,"(88, 61)",46,27.0
97,Greedy,D31,"(93, 16)",43,21.0
97,Greedy,D32,"(82, 18)",41,30.0
97,Greedy,D33,"(65, 2)",43,15.0
97,Greedy,D34,"(76, 83)",41,21.0
97,Greedy,D35,"(59, 62)",39,15.0
97,Greedy,D36,"(69, 58)",36,15.0
97,Greedy,D37,"(8, 35)",25,14.0
97,Greedy,D38,"(64, 73)",29,12.0
97,Greedy,D39,"(7, 24)",25,28.0
97,Greedy,D40,"(17, 39)",24,23.0
97,Greedy,D41,"(50, 90)",18,29.0
97,Greedy,D42,"(1, 46)",24,11.0
97,Greedy,D43,"(44, 30)",13,23.0
97,Greedy,D44,"(38, 35)",19,29.0
97,Greedy,D45,"(92, 83)",11,23.0
97,Greedy,D46,"(54, 4)",16,11.0
97,Greedy,D47,"(6, 1)",7,25.0
97,Greedy,D48,"(49, 58)",4,20.0
97,Greedy,D49,"(96, 92)",8,17.0
97,Auction,D17,"(4, 2)",72,28.0
97,Auction,D21,"(18, 19)",61,23.0
97,Auction,D27,"(11, 39)",59,16.0
97,Auction,D29,"(15, 8)",52,27.0
97,Auction,D30,"(88, 61)",46,27.0
97,Auction,D31,"(93, 16)",43,21.0
97,Auction,D32,"(82, 18)",41,30.0
97,Auction,D34,"(76, 83)",41,21.0
97,Auction,D35,"(59, 62)",39,15.0
97,Auction,D36,"(69, 58)",36,15.0
97,Auction,D37,"(8, 35)",25,14.0
97,Auction,D38,"(64, 73)",29,12.0
97,Auction,D39,"(7, 24)",25,28.0
97,Auction,D40,"(17, 39)",24,23.0
97,Auction,D41,"(50, 90)",18,29.0
97,Auction,D42,"(1, 46)",24,11.0
97,Auction,D43,"(44, 30)",13,23.0
97,Auction,D44,"(38, 35)",19,29.0
97,Auction,D45,"(92, 83)",11,23.0
97,Auction,D46,"(54, 4)",16,11.0
97,Auction,D47,"(6, 1)",7,25.0
97,Auction,D48,"(49, 58)",4,20.0
97,Auction,D49,"(96, 92)",8,17.0
97,Q-Learning,D17,"(4, 2)",72,28.0
97,Q-Learning,D18,"(63, 85)",69,23.0
97,Q-Learning,D20,"(37, 79)",59,16.0
97,Q-Learning,D21,"(18, 19)",61,23.0
97,Q-Learning,D25,"(29, 75)",56,13.0
97,Q-Learning,D29,"(15, 8)",52,27.0
97,Q-Learning,D30,"(88, 61)",46,27.0
97,Q-Learning,D31,"(93, 16)",43,21.0
97,Q-Learning,D32,"(82, 18)",41,30.0
97,Q-Learning,D34,"(76, 83)",41,21.0
97,Q-Learning,D35,"(59, 62)",39,15.0
97,Q-Learning,D37,"(8, 35)",25,14.0
97,Q-Learning,D38,"(64, 73)",29,12.0
97,Q-Learning,D39,"(7, 24)",25,28.0
97,Q-Learning,D40,"(17, 39)",24,23.0
97,Q-Learning,D41,"(50, 90)",18,29.0
97,Q-Learning,D42,"(1, 46)",24,11.0
97,Q-Learning,D43,"(44, 30)",13,23.0
97,Q-Learning,D44,"(38, 35)",19,29.0
97,Q-Learning,D45,"(92, 83)",11,23.0
97,Q-Learning,D46,"(54, 4)",16,11.0
97,Q-Learning,D47,"(6, 1)",7,25.0
97,Q-Learning,D48,"(49, 58)",4,20.0
97,Q-Learning,D49,"(96, 92)",8,17.0
98,Greedy,D20,"(37, 79)",60,16.0
98,Greedy,D21,"(18, 19)",62,23.0
98,Greedy,D22,"(66, 24)",64,17.0
98,Greedy,D24,"(54, 30)",60,11.0
98,Greedy,D25,"(29, 75)",57,13.0
98,Greedy,D26,"(67, 82)",61,13.0
98,Greedy,D27,"(11, 39)",60,16.0
98,Greedy,D28,"(36, 78)",57,11.0
98,Greedy,D29,"(15, 8)",53,27.0
98,Greedy,D30,"(88, 61)",47,27.0
98,Greedy,D31,"(93, 16)",44,21.0
98,Greedy,D32,"(82, 18)",42,30.0
98,Greedy,D33,"(65, 2)",44,15.0
98,Greedy,D34,"(76, 83)",42,21.0
98,Greedy,D35,"(59, 62)",40,15.0
98,Greedy,D36,"(69, 58)",37,15.0
98,Greedy,D37,"(8, 35)",26,14.0
98,Greedy,D38,"(64, 73)",30,12.0
98,Greedy,D39,"(7, 24)",26,28.0
98,Greedy,D40,"(17, 39)",25,23.0
98,Greedy,D41,"(50, 90)",19,29.0
98,Greedy,D42,"(1, 46)",25,11.0
98,Greedy,D43,"(44, 30)",14,23.0
98,Greedy,D44,"(38, 35)",20,29.0
98,Greedy,D45,"(92, 83)",12,23.0
98,Greedy,D46,"(54, 4)",17,11.0
98,Greedy,D47,"(6, 1)",8,25.0
98,Greedy,D48,"(49, 58)",5,20.0
98,Greedy,D49,"(96, 92)",9,17.0
98,Auction,D17,"(4, 2)",73,28.0
98,Auction,D21,"(18, 19)",62,23.0
98,Auction,D27,"(11, 39)",60,16.0
98,Auction,D29,"(15, 8)",53,27.0
98,Auction,D30,"(88, 61)",47,27.0
98,Auction,D31,"(93, 16)",44,21.0
98,Auction,D32,"(82, 18)",42,30.0
98,Auction,D34,"(76, 83)",42,21.0
98,Auction,D35,"(59, 62)",40,15.0
98,Auction,D36,"(69, 58)",37,15.0
98,Auction,D37,"(8, 35)",26,14.0
98,Auction,D38,"(64, 73)",30,12.0
98,Auction,D39,"(7, 24)",26,28.0
98,Auction,D40,"(17, 39)",25,23.0
98,Auction,D41,"(50, 90)",19,29.0
98,Auction,D42,"(1, 46)",25,11.0
98,Auction,D43,"(44, 30)",14,23.0
98,Auction,D44,"(38, 35)",20,29.0
98,Auction,D45,"(92, 83)",12,23.0
98,Auction,D46,"(54, 4)",17,11.0
98,Auction,D47,"(6, 1)",8,25.0
98,Auction,D48,"(49, 58)",5,20.0
98,Auction,D49,"(96, 92)",9,17.0
98,Q-Learning,D17,"(4, 2)",73,28.0
98,Q-Learning,D18,"(63, 85)",70,23.0
98,Q-Learning,D20,"(37, 79)",60,16.0
98,Q-Learning,D21,"(18, 19)",62,23.0
98,Q-Learning,D25,"(29, 75)",57,13.0
98,Q-Learning,D29,"(15, 8)",53,27.0
98,Q-Learning,D30,"(88, 61)",47,27.0
98,Q-Learning,D31,"(93, 16)",44,21.0
98,Q-Learning,D32,"(82, 18)",42,30.0
98,Q-Learning,D34,"(76, 83)",42,21.0
98,Q-Learning,D35,"(59, 62)",40,15.0
98,Q-Learning,D37,"(8, 35)",26,14.0
98,Q-Learning,D38,"(64, 73)",30,12.0
98,Q-Learning,D39,"(7, 24)",26,28.0
98,Q-Learning,D40,"(17, 39)",25,23.0
98,Q-Learning,D41,"(50, 90)",19,29.0
98,Q-Learning,D42,"(1, 46)",25,11.0
98,Q-Learning,D43,"(44, 30)",14,23.0
98,Q-Learning,D44,"(38, 35)",20,29.0
98,Q-Learning,D45,"(92, 83)",12,23.0
98,Q-Learning,D46,"(54, 4)",17,11.0
98,Q-Learning,D47,"(6, 1)",8,25.0
98,Q-Learning,D48,"(49, 58)",5,20.0
98,Q-Learning,D49,"(96, 92)",9,17.0
99,Greedy,D20,"(37, 79)",61,16.0
99,Greedy,D21,"(18, 19)",63,23.0
99,Greedy,D22,"(66, 24)",65,17.0
99,Greedy,D24,"(54, 30)",61,11.0
99,Greedy,D25,"(29, 75)",58,13.0
99,Greedy,D26,"(67, 82)",62,13.0
99,Greedy,D27,"(11, 39)",61,16.0
99,Greedy,D28,"(36, 78)",58,11.0
99,Greedy,D29,"(15, 8)",54,27.0
99,Greedy,D30,"(88, 61)",48,27.0
99,Greedy,D31,"(93, 16)",45,21.0
99,Greedy,D32,"(82, 18)",43,30.0
99,Greedy,D33,"(65, 2)",45,15.0
99,Greedy,D34,"(76, 83)",43,21.0
99,Greedy,D35,"(59, 62)",41,15.0
99,Greedy,D36,"(69, 58)",38,15.0
99,Greedy,D37,"(8, 35)",27,14.0
99,Greedy,D38,"(64, 73)",31,12.0
99,Greedy,D39,"(7, 24)",27,28.0
99,Greedy,D40,"(17, 39)",26,23.0
99,Greedy,D41,"(50, 90)",20,29.0
99,Greedy,D42,"(1, 46)",26,11.0
99,Greedy,D43,"(44, 30)",15,23.0
99,Greedy,D44,"(38, 35)",21,29.0
99,Greedy,D45,"(92, 83)",13,23.0
99,Greedy,D46,"(54, 4)",18,11.0
99,Greedy,D47,"(6, 1)",9,25.0
99,Greedy,D48,"(49, 58)",6,20.0
99,Greedy,D49,"(96, 92)",10,17.0
99,Auction,D17,"(4, 2)",74,28.0
99,Auction,D21,"(18, 19)",63,23.0
99,Auction,D27,"(11, 39)",61,16.0
99,Auction,D29,"(15, 8)",54,27.0
99,Auction,D30,"(88, 61)",48,27.0
99,Auction,D31,"(93, 16)",45,21.0
99,Auction,D32,"(82, 18)",43,30.0
99,Auction,D34,"(76, 83)",43,21.0
99,Auction,D35,"(59, 62)",41,15.0
99,Auction,D36,"(69, 58)",38,15.0
99,Auction,D37,"(8, 35)",27,14.0
99,Auction,D38,"(64, 73)",31,12.0
99,Auction,D39,"(7, 24)",27,28.0
99,Auction,D40,"(17, 39)",26,23.0
99,Auction,D41,"(50, 90)",20,29.0
99,Auction,D42,"(1, 46)",26,11.0
99,Auction,D43,"(44, 30)",15,23.0
99,Auction,D44,"(38, 35)",21,29.0
99,Auction,D45,"(92, 83)",13,23.0
99,Auction,D46,"(54, 4)",18,11.0
99,Auction,D47,"(6, 1)",9,25.0
99,Auction,D48,"(49, 58)",6,20.0
99,Auction,D49,"(96, 92)",10,17.0
99,Q-Learning,D17,"(4, 2)",74,28.0
99,Q-Learning,D18,"(63, 85)",71,23.0
99,Q-Learning,D20,"(37, 79)",61,16.0
99,Q-Learning,D21,"(18, 19)",63,23.0
99,Q-Learning,D25,"(29, 75)",58,13.0
99,Q-Learning,D29,"(15, 8)",54,27.0
99,Q-Learning,D30,"(88, 61)",48,27.0
99,Q-Learning,D31,"(93, 16)",45,21.0
99,Q-Learning,D32,"(82, 18)",43,30.0
99,Q-Learning,D34,"(76, 83)",43,21.0
99,Q-Learning,D35,"(59, 62)",41,15.0
99,Q-Learning,D37,"(8, 35)",27,14.0
99,Q-Learning,D38,"(64, 73)",31,12.0
99,Q-Learning,D39,"(7, 24)",27,28.0
99,Q-Learning,D40,"(17, 39)",26,23.0
99,Q-Learning,D41,"(50, 90)",20,29.0
99,Q-Learning,D42,"(1, 46)",26,11.0
99,Q-Learning,D43,"(44, 30)",15,23.0
99,Q-Learning,D44,"(38, 35)",21,29.0
99,Q-Learning,D45,"(92, 83)",13,23.0
99,Q-Learning,D46,"(54, 4)",18,11.0
99,Q-Learning,D47,"(6, 1)",9,25.0
99,Q-Learning,D48,"(49, 58)",6,20.0
99,Q-Learning,D49,"(96, 92)",10,17.0
